# Blender 4.5.5 LTS
# www.blender.org
mtllib 20_lula_vampira_inimigo.mtl
o vampire_squid_mantle
v 0.000000 -0.443462 0.334303
v 0.000000 -0.480000 0.120000
v 0.000000 -0.443462 -0.094303
v 0.000000 -0.183688 -0.397373
v -0.105442 -0.169706 0.637373
v -0.194831 -0.313575 0.515980
v -0.254558 -0.409706 0.334303
v -0.275532 -0.443462 0.120000
v -0.254558 -0.409706 -0.094303
v -0.194831 -0.313575 -0.275980
v -0.105442 -0.169706 -0.397373
v -0.194831 -0.129887 0.637373
v -0.360000 -0.240000 0.515980
v -0.470363 -0.313575 0.334303
v -0.509117 -0.339411 0.120000
v -0.470363 -0.313575 -0.094303
v -0.360000 -0.240000 -0.275980
v -0.194831 -0.129887 -0.397373
v -0.254558 -0.070294 0.637373
v -0.470363 -0.129887 0.515980
v -0.614558 -0.169706 0.334303
v -0.665193 -0.183688 0.120000
v -0.614558 -0.169706 -0.094303
v -0.470363 -0.129887 -0.275980
v -0.254558 -0.070294 -0.397373
v -0.275532 0.000000 0.637373
v -0.509117 0.000000 0.515980
v -0.665193 0.000000 0.334303
v -0.720000 0.000000 0.120000
v -0.665193 0.000000 -0.094303
v -0.509117 0.000000 -0.275980
v -0.275532 0.000000 -0.397373
v -0.254558 0.070294 0.637373
v -0.470363 0.129887 0.515980
v -0.614558 0.169706 0.334303
v -0.665193 0.183688 0.120000
v -0.614558 0.169706 -0.094303
v -0.470363 0.129887 -0.275980
v -0.254558 0.070294 -0.397373
v -0.194831 0.129887 0.637373
v -0.360000 0.240000 0.515980
v -0.470363 0.313575 0.334303
v -0.509117 0.339411 0.120000
v -0.470363 0.313575 -0.094303
v -0.360000 0.240000 -0.275980
v -0.194831 0.129887 -0.397373
v -0.105442 0.169706 0.637373
v -0.194830 0.313575 0.515980
v -0.254558 0.409706 0.334303
v -0.275532 0.443462 0.120000
v -0.254558 0.409706 -0.094303
v -0.194830 0.313575 -0.275980
v -0.105442 0.169706 -0.397373
v 0.000000 0.183688 0.637373
v 0.000000 0.339411 0.515980
v 0.000000 0.443462 0.334303
v 0.000000 0.480000 0.120000
v 0.000000 0.443462 -0.094303
v 0.000000 0.339411 -0.275980
v 0.000000 0.183688 -0.397373
v 0.000000 0.000000 -0.440000
v 0.000000 0.000000 0.680000
v 0.105442 0.169706 0.637373
v 0.194831 0.313575 0.515980
v 0.254559 0.409706 0.334303
v 0.275532 0.443462 0.120000
v 0.254559 0.409706 -0.094303
v 0.194831 0.313575 -0.275980
v 0.105442 0.169706 -0.397373
v 0.194831 0.129887 0.637373
v 0.360000 0.240000 0.515980
v 0.470363 0.313575 0.334303
v 0.509117 0.339411 0.120000
v 0.470363 0.313575 -0.094303
v 0.360000 0.240000 -0.275980
v 0.194831 0.129887 -0.397373
v 0.254559 0.070294 0.637373
v 0.470363 0.129887 0.515980
v 0.614558 0.169705 0.334303
v 0.665193 0.183688 0.120000
v 0.614558 0.169705 -0.094303
v 0.470363 0.129887 -0.275980
v 0.254559 0.070294 -0.397373
v 0.275532 -0.000000 0.637373
v 0.509117 -0.000000 0.515980
v 0.665193 -0.000000 0.334303
v 0.720000 -0.000000 0.120000
v 0.665193 -0.000000 -0.094303
v 0.509117 -0.000000 -0.275980
v 0.275532 -0.000000 -0.397373
v 0.254558 -0.070294 0.637373
v 0.470362 -0.129887 0.515980
v 0.614558 -0.169706 0.334303
v 0.665193 -0.183688 0.120000
v 0.614558 -0.169706 -0.094303
v 0.470362 -0.129887 -0.275980
v 0.254558 -0.070294 -0.397373
v 0.194831 -0.129887 0.637373
v 0.360000 -0.240000 0.515980
v 0.470362 -0.313575 0.334303
v 0.509117 -0.339411 0.120000
v 0.470362 -0.313575 -0.094303
v 0.360000 -0.240000 -0.275980
v 0.194831 -0.129887 -0.397373
v 0.105441 -0.169706 0.637373
v 0.194830 -0.313575 0.515980
v 0.254558 -0.409706 0.334303
v 0.275532 -0.443462 0.120000
v 0.254558 -0.409706 -0.094303
v 0.194830 -0.313575 -0.275980
v 0.105441 -0.169706 -0.397373
v -0.000000 -0.183688 0.637373
v -0.000000 -0.339411 0.515980
v -0.000000 -0.339411 -0.275980
v 0.100000 -0.461940 -0.024329
v 0.100000 -0.500000 -0.120000
v 0.100000 -0.461940 -0.215671
v 0.100000 -0.191342 -0.350970
v -0.020086 -0.176777 0.110970
v -0.121890 -0.326641 0.056777
v -0.189914 -0.426777 -0.024329
v -0.213800 -0.461940 -0.120000
v -0.189914 -0.426777 -0.215671
v -0.121890 -0.326641 -0.296777
v -0.020086 -0.176777 -0.350970
v -0.121890 -0.135299 0.110970
v -0.310000 -0.250000 0.056777
v -0.435691 -0.326641 -0.024329
v -0.479828 -0.353553 -0.120000
v -0.435691 -0.326641 -0.215671
v -0.310000 -0.250000 -0.296777
v -0.121890 -0.135299 -0.350970
v -0.189914 -0.073223 0.110970
v -0.435691 -0.135299 0.056777
v -0.599914 -0.176777 -0.024329
v -0.657581 -0.191342 -0.120000
v -0.599914 -0.176777 -0.215671
v -0.435691 -0.135299 -0.296777
v -0.189914 -0.073223 -0.350970
v -0.213800 0.000000 0.110970
v -0.479827 0.000000 0.056777
v -0.657581 0.000000 -0.024329
v -0.720000 0.000000 -0.120000
v -0.657581 0.000000 -0.215671
v -0.479827 0.000000 -0.296777
v -0.213800 0.000000 -0.350970
v -0.189914 0.073223 0.110970
v -0.435691 0.135299 0.056777
v -0.599914 0.176777 -0.024329
v -0.657581 0.191342 -0.120000
v -0.599914 0.176777 -0.215671
v -0.435691 0.135299 -0.296777
v -0.189914 0.073223 -0.350970
v -0.121890 0.135299 0.110970
v -0.310000 0.250000 0.056777
v -0.435691 0.326641 -0.024329
v -0.479827 0.353554 -0.120000
v -0.435691 0.326641 -0.215671
v -0.310000 0.250000 -0.296777
v -0.121890 0.135299 -0.350970
v -0.020086 0.176777 0.110970
v -0.121890 0.326641 0.056777
v -0.189914 0.426777 -0.024329
v -0.213800 0.461940 -0.120000
v -0.189914 0.426777 -0.215671
v -0.121890 0.326641 -0.296777
v -0.020086 0.176777 -0.350970
v 0.100000 0.191342 0.110970
v 0.100000 0.353553 0.056777
v 0.100000 0.461940 -0.024329
v 0.100000 0.500000 -0.120000
v 0.100000 0.461940 -0.215671
v 0.100000 0.353553 -0.296777
v 0.100000 0.191342 -0.350970
v 0.100000 0.000000 -0.370000
v 0.100000 0.000000 0.130000
v 0.220086 0.176777 0.110970
v 0.321891 0.326641 0.056777
v 0.389914 0.426777 -0.024329
v 0.413801 0.461940 -0.120000
v 0.389914 0.426777 -0.215671
v 0.321891 0.326641 -0.296777
v 0.220086 0.176777 -0.350970
v 0.321891 0.135299 0.110970
v 0.510000 0.250000 0.056777
v 0.635691 0.326641 -0.024329
v 0.679828 0.353553 -0.120000
v 0.635691 0.326641 -0.215671
v 0.510000 0.250000 -0.296777
v 0.321891 0.135299 -0.350970
v 0.389914 0.073223 0.110970
v 0.635691 0.135299 0.056777
v 0.799914 0.176777 -0.024329
v 0.857581 0.191342 -0.120000
v 0.799914 0.176777 -0.215671
v 0.635691 0.135299 -0.296777
v 0.389914 0.073223 -0.350970
v 0.413800 -0.000000 0.110970
v 0.679827 -0.000000 0.056777
v 0.857581 -0.000000 -0.024329
v 0.920000 -0.000000 -0.120000
v 0.857581 -0.000000 -0.215671
v 0.679827 -0.000000 -0.296777
v 0.413800 -0.000000 -0.350970
v 0.389914 -0.073223 0.110970
v 0.635691 -0.135299 0.056777
v 0.799914 -0.176777 -0.024329
v 0.857581 -0.191342 -0.120000
v 0.799914 -0.176777 -0.215671
v 0.635691 -0.135299 -0.296777
v 0.389914 -0.073223 -0.350970
v 0.321890 -0.135299 0.110970
v 0.510000 -0.250000 0.056777
v 0.635691 -0.326641 -0.024329
v 0.679827 -0.353554 -0.120000
v 0.635691 -0.326641 -0.215671
v 0.510000 -0.250000 -0.296777
v 0.321890 -0.135299 -0.350970
v 0.220086 -0.176777 0.110970
v 0.321890 -0.326641 0.056777
v 0.389913 -0.426777 -0.024329
v 0.413800 -0.461940 -0.120000
v 0.389913 -0.426777 -0.215671
v 0.321890 -0.326641 -0.296777
v 0.220086 -0.176777 -0.350970
v 0.100000 -0.191342 0.110970
v 0.100000 -0.353553 0.056777
v 0.100000 -0.353553 -0.296777
v -0.510000 -0.074776 0.041844
v -0.510000 -0.090000 -0.050000
v -0.510000 -0.074776 -0.141844
v -0.510000 0.033463 -0.271731
v -0.542218 0.039289 0.171731
v -0.569532 -0.020656 0.119706
v -0.587782 -0.060711 0.041844
v -0.594190 -0.074776 -0.050000
v -0.587782 -0.060711 -0.141844
v -0.569532 -0.020656 -0.219706
v -0.542218 0.039289 -0.271731
v -0.569532 0.055880 0.171731
v -0.620000 0.010000 0.119706
v -0.653722 -0.020656 0.041844
v -0.665564 -0.031421 -0.050000
v -0.653722 -0.020656 -0.141844
v -0.620000 0.010000 -0.219706
v -0.569532 0.055880 -0.271731
v -0.587782 0.080711 0.171731
v -0.653722 0.055880 0.119706
v -0.697782 0.039289 0.041844
v -0.713253 0.033463 -0.050000
v -0.697782 0.039289 -0.141844
v -0.653722 0.055880 -0.219706
v -0.587782 0.080711 -0.271731
v -0.594190 0.110000 0.171731
v -0.665564 0.110000 0.119706
v -0.713253 0.110000 0.041844
v -0.730000 0.110000 -0.050000
v -0.713253 0.110000 -0.141844
v -0.665564 0.110000 -0.219706
v -0.594190 0.110000 -0.271731
v -0.587782 0.139289 0.171731
v -0.653722 0.164120 0.119706
v -0.697782 0.180711 0.041844
v -0.713253 0.186537 -0.050000
v -0.697782 0.180711 -0.141844
v -0.653722 0.164120 -0.219706
v -0.587782 0.139289 -0.271731
v -0.569532 0.164120 0.171731
v -0.620000 0.210000 0.119706
v -0.653722 0.240656 0.041844
v -0.665563 0.251421 -0.050000
v -0.653722 0.240656 -0.141844
v -0.620000 0.210000 -0.219706
v -0.569532 0.164120 -0.271731
v -0.542218 0.180711 0.171731
v -0.569532 0.240656 0.119706
v -0.587782 0.280711 0.041844
v -0.594190 0.294776 -0.050000
v -0.587782 0.280711 -0.141844
v -0.569532 0.240656 -0.219706
v -0.542218 0.180711 -0.271731
v -0.510000 0.186537 0.171731
v -0.510000 0.251421 0.119706
v -0.510000 0.294776 0.041844
v -0.510000 0.310000 -0.050000
v -0.510000 0.294776 -0.141844
v -0.510000 0.251421 -0.219706
v -0.510000 0.186537 -0.271731
v -0.510000 0.110000 -0.290000
v -0.510000 0.110000 0.190000
v -0.477782 0.180711 0.171731
v -0.450468 0.240656 0.119706
v -0.432218 0.280711 0.041844
v -0.425810 0.294776 -0.050000
v -0.432218 0.280711 -0.141844
v -0.450468 0.240656 -0.219706
v -0.477782 0.180711 -0.271731
v -0.450468 0.164120 0.171731
v -0.400000 0.210000 0.119706
v -0.366278 0.240656 0.041844
v -0.354436 0.251421 -0.050000
v -0.366278 0.240656 -0.141844
v -0.400000 0.210000 -0.219706
v -0.450468 0.164120 -0.271731
v -0.432218 0.139289 0.171731
v -0.366278 0.164120 0.119706
v -0.322218 0.180711 0.041844
v -0.306746 0.186537 -0.050000
v -0.322218 0.180711 -0.141844
v -0.366278 0.164120 -0.219706
v -0.432218 0.139289 -0.271731
v -0.425810 0.110000 0.171731
v -0.354437 0.110000 0.119706
v -0.306747 0.110000 0.041844
v -0.290000 0.110000 -0.050000
v -0.306747 0.110000 -0.141844
v -0.354437 0.110000 -0.219706
v -0.425810 0.110000 -0.271731
v -0.432218 0.080711 0.171731
v -0.366278 0.055880 0.119706
v -0.322218 0.039289 0.041844
v -0.306747 0.033463 -0.050000
v -0.322218 0.039289 -0.141844
v -0.366278 0.055880 -0.219706
v -0.432218 0.080711 -0.271731
v -0.450468 0.055880 0.171731
v -0.400000 0.010000 0.119706
v -0.366278 -0.020656 0.041844
v -0.354437 -0.031421 -0.050000
v -0.366278 -0.020656 -0.141844
v -0.400000 0.010000 -0.219706
v -0.450468 0.055880 -0.271731
v -0.477782 0.039289 0.171731
v -0.450469 -0.020656 0.119706
v -0.432218 -0.060711 0.041844
v -0.425810 -0.074776 -0.050000
v -0.432218 -0.060711 -0.141844
v -0.450469 -0.020656 -0.219706
v -0.477782 0.039289 -0.271731
v -0.510000 0.033463 0.171731
v -0.510000 -0.031421 0.119706
v -0.510000 -0.031421 -0.219706
v -0.360000 0.277612 0.312710
v -0.360000 0.270000 0.240000
v -0.360000 0.277612 0.167290
v -0.360000 0.331732 0.064463
v -0.389289 0.334645 0.415537
v -0.414120 0.304672 0.374350
v -0.430711 0.284645 0.312710
v -0.436537 0.277612 0.240000
v -0.430711 0.284645 0.167290
v -0.414120 0.304672 0.105650
v -0.389289 0.334645 0.064463
v -0.414120 0.342940 0.415537
v -0.460000 0.320000 0.374350
v -0.490656 0.304672 0.312710
v -0.501421 0.299289 0.240000
v -0.490656 0.304672 0.167290
v -0.460000 0.320000 0.105650
v -0.414120 0.342940 0.064463
v -0.430711 0.355355 0.415537
v -0.490656 0.342940 0.374350
v -0.530711 0.334645 0.312710
v -0.544776 0.331732 0.240000
v -0.530711 0.334645 0.167290
v -0.490656 0.342940 0.105650
v -0.430711 0.355355 0.064463
v -0.436537 0.370000 0.415537
v -0.501421 0.370000 0.374350
v -0.544776 0.370000 0.312710
v -0.560000 0.370000 0.240000
v -0.544776 0.370000 0.167290
v -0.501421 0.370000 0.105650
v -0.436537 0.370000 0.064463
v -0.430711 0.384645 0.415537
v -0.490656 0.397060 0.374350
v -0.530711 0.405355 0.312710
v -0.544776 0.408268 0.240000
v -0.530711 0.405355 0.167290
v -0.490656 0.397060 0.105650
v -0.430711 0.384645 0.064463
v -0.414120 0.397060 0.415537
v -0.460000 0.420000 0.374350
v -0.490656 0.435328 0.312710
v -0.501421 0.440711 0.240000
v -0.490656 0.435328 0.167290
v -0.460000 0.420000 0.105650
v -0.414120 0.397060 0.064463
v -0.389289 0.405355 0.415537
v -0.414120 0.435328 0.374350
v -0.430711 0.455355 0.312710
v -0.436537 0.462388 0.240000
v -0.430711 0.455355 0.167290
v -0.414120 0.435328 0.105650
v -0.389289 0.405355 0.064463
v -0.360000 0.408268 0.415537
v -0.360000 0.440711 0.374350
v -0.360000 0.462388 0.312710
v -0.360000 0.470000 0.240000
v -0.360000 0.462388 0.167290
v -0.360000 0.440711 0.105650
v -0.360000 0.408268 0.064463
v -0.360000 0.370000 0.050000
v -0.360000 0.370000 0.430000
v -0.330711 0.405355 0.415537
v -0.305880 0.435328 0.374350
v -0.289289 0.455355 0.312710
v -0.283463 0.462388 0.240000
v -0.289289 0.455355 0.167290
v -0.305880 0.435328 0.105650
v -0.330711 0.405355 0.064463
v -0.305880 0.397060 0.415537
v -0.260000 0.420000 0.374350
v -0.229344 0.435328 0.312710
v -0.218579 0.440711 0.240000
v -0.229344 0.435328 0.167290
v -0.260000 0.420000 0.105650
v -0.305880 0.397060 0.064463
v -0.289289 0.384645 0.415537
v -0.229344 0.397060 0.374350
v -0.189289 0.405355 0.312710
v -0.175224 0.408268 0.240000
v -0.189289 0.405355 0.167290
v -0.229344 0.397060 0.105650
v -0.289289 0.384645 0.064463
v -0.283463 0.370000 0.415537
v -0.218579 0.370000 0.374350
v -0.175224 0.370000 0.312710
v -0.160000 0.370000 0.240000
v -0.175224 0.370000 0.167290
v -0.218579 0.370000 0.105650
v -0.283463 0.370000 0.064463
v -0.289289 0.355355 0.415537
v -0.229344 0.342940 0.374350
v -0.189289 0.334645 0.312710
v -0.175224 0.331732 0.240000
v -0.189289 0.334645 0.167290
v -0.229344 0.342940 0.105650
v -0.289289 0.355355 0.064463
v -0.305880 0.342940 0.415537
v -0.260000 0.320000 0.374350
v -0.229344 0.304672 0.312710
v -0.218579 0.299289 0.240000
v -0.229344 0.304672 0.167290
v -0.260000 0.320000 0.105650
v -0.305880 0.342940 0.064463
v -0.330711 0.334645 0.415537
v -0.305880 0.304672 0.374350
v -0.289289 0.284645 0.312710
v -0.283463 0.277612 0.240000
v -0.289289 0.284645 0.167290
v -0.305880 0.304672 0.105650
v -0.330711 0.334645 0.064463
v -0.360000 0.331732 0.415537
v -0.360000 0.299289 0.374350
v -0.360000 0.299289 0.105650
v -0.420000 0.412664 0.288268
v -0.420000 0.410000 0.250000
v -0.420000 0.412664 0.211732
v -0.420000 0.431606 0.157612
v -0.433180 0.432626 0.342388
v -0.444354 0.422135 0.320711
v -0.451820 0.415126 0.288268
v -0.454441 0.412664 0.250000
v -0.451820 0.415126 0.211732
v -0.444354 0.422135 0.179289
v -0.433180 0.432626 0.157612
v -0.444354 0.435529 0.342388
v -0.465000 0.427500 0.320711
v -0.478795 0.422135 0.288268
v -0.483640 0.420251 0.250000
v -0.478795 0.422135 0.211732
v -0.465000 0.427500 0.179289
v -0.444354 0.435529 0.157612
v -0.451820 0.439874 0.342388
v -0.478795 0.435529 0.320711
v -0.496820 0.432626 0.288268
v -0.503149 0.431606 0.250000
v -0.496820 0.432626 0.211732
v -0.478795 0.435529 0.179289
v -0.451820 0.439874 0.157612
v -0.454441 0.445000 0.342388
v -0.483640 0.445000 0.320711
v -0.503149 0.445000 0.288268
v -0.510000 0.445000 0.250000
v -0.503149 0.445000 0.211732
v -0.483640 0.445000 0.179289
v -0.454441 0.445000 0.157612
v -0.451820 0.450126 0.342388
v -0.478795 0.454471 0.320711
v -0.496820 0.457374 0.288268
v -0.503149 0.458394 0.250000
v -0.496820 0.457374 0.211732
v -0.478795 0.454471 0.179289
v -0.451820 0.450126 0.157612
v -0.444354 0.454471 0.342388
v -0.465000 0.462500 0.320711
v -0.478795 0.467865 0.288268
v -0.483640 0.469749 0.250000
v -0.478795 0.467865 0.211732
v -0.465000 0.462500 0.179289
v -0.444354 0.454471 0.157612
v -0.433180 0.457374 0.342388
v -0.444354 0.467865 0.320711
v -0.451820 0.474874 0.288268
v -0.454441 0.477336 0.250000
v -0.451820 0.474874 0.211732
v -0.444354 0.467865 0.179289
v -0.433180 0.457374 0.157612
v -0.420000 0.458394 0.342388
v -0.420000 0.469749 0.320711
v -0.420000 0.477336 0.288268
v -0.420000 0.480000 0.250000
v -0.420000 0.477336 0.211732
v -0.420000 0.469749 0.179289
v -0.420000 0.458394 0.157612
v -0.420000 0.445000 0.150000
v -0.420000 0.445000 0.350000
v -0.406820 0.457374 0.342388
v -0.395646 0.467865 0.320711
v -0.388180 0.474874 0.288268
v -0.385558 0.477336 0.250000
v -0.388180 0.474874 0.211732
v -0.395646 0.467865 0.179289
v -0.406820 0.457374 0.157612
v -0.395646 0.454471 0.342388
v -0.375000 0.462500 0.320711
v -0.361205 0.467865 0.288268
v -0.356360 0.469749 0.250000
v -0.361205 0.467865 0.211732
v -0.375000 0.462500 0.179289
v -0.395646 0.454471 0.157612
v -0.388180 0.450126 0.342388
v -0.361205 0.454471 0.320711
v -0.343180 0.457374 0.288268
v -0.336851 0.458394 0.250000
v -0.343180 0.457374 0.211732
v -0.361205 0.454471 0.179289
v -0.388180 0.450126 0.157612
v -0.385559 0.445000 0.342388
v -0.356360 0.445000 0.320711
v -0.336851 0.445000 0.288268
v -0.330000 0.445000 0.250000
v -0.336851 0.445000 0.211732
v -0.356360 0.445000 0.179289
v -0.385559 0.445000 0.157612
v -0.388180 0.439874 0.342388
v -0.361205 0.435529 0.320711
v -0.343180 0.432626 0.288268
v -0.336851 0.431606 0.250000
v -0.343180 0.432626 0.211732
v -0.361205 0.435529 0.179289
v -0.388180 0.439874 0.157612
v -0.395646 0.435529 0.342388
v -0.375000 0.427500 0.320711
v -0.361205 0.422135 0.288268
v -0.356360 0.420251 0.250000
v -0.361205 0.422135 0.211732
v -0.375000 0.427500 0.179289
v -0.395646 0.435529 0.157612
v -0.406820 0.432626 0.342388
v -0.395646 0.422135 0.320711
v -0.388180 0.415126 0.288268
v -0.385559 0.412664 0.250000
v -0.388180 0.415126 0.211732
v -0.395646 0.422135 0.179289
v -0.406820 0.432626 0.157612
v -0.420000 0.431606 0.342388
v -0.420000 0.420251 0.320711
v -0.420000 0.420251 0.179289
v 0.246057 0.308523 0.051465
v 0.317586 0.246016 0.081067
v 0.349525 0.156554 0.051465
v 0.323163 0.092542 -0.020000
v 0.253943 0.091477 -0.091465
v 0.182414 0.153984 -0.121067
v 0.150475 0.243446 -0.091465
v 0.176837 0.307458 -0.020000
v 0.452803 0.468574 -0.247256
v 0.523839 0.405733 -0.217177
v 0.555914 0.316364 -0.246911
v 0.530241 0.252818 -0.319041
v 0.461858 0.252321 -0.391313
v 0.390823 0.315162 -0.421392
v 0.358747 0.404531 -0.391658
v 0.384420 0.468077 -0.319528
v 0.676729 0.606335 -0.392972
v 0.714965 0.525046 -0.350196
v 0.756151 0.440801 -0.383457
v 0.776160 0.402950 -0.473272
v 0.763271 0.433665 -0.567028
v 0.725035 0.514954 -0.609805
v 0.683849 0.599199 -0.576543
v 0.663840 0.637050 -0.486728
v 0.813013 0.654278 -0.302277
v 0.816799 0.559093 -0.273549
v 0.867554 0.478708 -0.302909
v 0.935546 0.460211 -0.373156
v 0.980946 0.514438 -0.443143
v 0.977160 0.609623 -0.471870
v 0.926405 0.690008 -0.442511
v 0.858413 0.708504 -0.372264
v 0.965378 0.689720 -0.110156
v 0.968610 0.594366 -0.081926
v 1.019519 0.514028 -0.111147
v 1.088283 0.495767 -0.180701
v 1.134622 0.550280 -0.249844
v 1.131390 0.645634 -0.278074
v 1.080481 0.725972 -0.248853
v 1.011716 0.744233 -0.179299
v 0.169749 0.242409 -0.102523
v 0.203513 0.232331 -0.095284
v 0.223504 0.203314 -0.102523
v 0.218011 0.172356 -0.120000
v 0.190251 0.157591 -0.137477
v 0.156487 0.167669 -0.144716
v 0.136496 0.196686 -0.137477
v 0.141989 0.227644 -0.120000
v 0.234877 0.357167 -0.327657
v 0.268636 0.347083 -0.320405
v 0.288624 0.318062 -0.327635
v 0.283130 0.287104 -0.345112
v 0.255375 0.272344 -0.362598
v 0.221615 0.282429 -0.369851
v 0.201628 0.311450 -0.362621
v 0.207121 0.342408 -0.345144
v 0.331189 0.463801 -0.545410
v 0.361756 0.450632 -0.531763
v 0.379579 0.419520 -0.534656
v 0.374216 0.388689 -0.552396
v 0.348811 0.376199 -0.574590
v 0.318244 0.389368 -0.588237
v 0.300421 0.420480 -0.585344
v 0.305784 0.451311 -0.567604
v 0.444337 0.519077 -0.673406
v 0.470269 0.503381 -0.654036
v 0.484949 0.470556 -0.653049
v 0.479777 0.439828 -0.671024
v 0.457783 0.429199 -0.697430
v 0.431850 0.444894 -0.716799
v 0.417171 0.477720 -0.717786
v 0.422343 0.508447 -0.699812
v 0.573282 0.564941 -0.787993
v 0.599203 0.549241 -0.768613
v 0.613876 0.516413 -0.767619
v 0.608704 0.485685 -0.785593
v 0.586718 0.475059 -0.812007
v 0.560797 0.490759 -0.831387
v 0.546124 0.523587 -0.832381
v 0.551296 0.554315 -0.814407
v 0.570000 0.459187 -0.763212
v 0.570000 0.455000 -0.790000
v 0.570000 0.459187 -0.816788
v 0.570000 0.488952 -0.854672
v 0.559749 0.490555 -0.725329
v 0.551058 0.474070 -0.740503
v 0.545251 0.463055 -0.763212
v 0.543212 0.459187 -0.790000
v 0.545251 0.463055 -0.816788
v 0.551058 0.474070 -0.839498
v 0.559749 0.490555 -0.854672
v 0.551058 0.495117 -0.725329
v 0.535000 0.482500 -0.740503
v 0.524270 0.474070 -0.763212
v 0.520503 0.471109 -0.790000
v 0.524270 0.474070 -0.816788
v 0.535000 0.482500 -0.839498
v 0.551058 0.495117 -0.854672
v 0.545251 0.501945 -0.725329
v 0.524270 0.495117 -0.740503
v 0.510251 0.490555 -0.763212
v 0.505328 0.488952 -0.790000
v 0.510251 0.490555 -0.816788
v 0.524270 0.495117 -0.839498
v 0.545251 0.501945 -0.854672
v 0.543212 0.510000 -0.725329
v 0.520503 0.510000 -0.740503
v 0.505328 0.510000 -0.763212
v 0.500000 0.510000 -0.790000
v 0.505328 0.510000 -0.816788
v 0.520503 0.510000 -0.839498
v 0.543212 0.510000 -0.854672
v 0.545251 0.518055 -0.725329
v 0.524270 0.524883 -0.740503
v 0.510251 0.529446 -0.763212
v 0.505328 0.531048 -0.790000
v 0.510251 0.529446 -0.816788
v 0.524270 0.524883 -0.839498
v 0.545251 0.518055 -0.854672
v 0.551058 0.524883 -0.725329
v 0.535000 0.537500 -0.740503
v 0.524270 0.545931 -0.763212
v 0.520503 0.548891 -0.790000
v 0.524270 0.545931 -0.816788
v 0.535000 0.537500 -0.839498
v 0.551058 0.524883 -0.854672
v 0.559749 0.529446 -0.725329
v 0.551058 0.545931 -0.740503
v 0.545251 0.556946 -0.763212
v 0.543212 0.560813 -0.790000
v 0.545251 0.556946 -0.816788
v 0.551058 0.545931 -0.839498
v 0.559749 0.529446 -0.854672
v 0.570000 0.531048 -0.725329
v 0.570000 0.548891 -0.740503
v 0.570000 0.560813 -0.763212
v 0.570000 0.565000 -0.790000
v 0.570000 0.560813 -0.816788
v 0.570000 0.548891 -0.839498
v 0.570000 0.531048 -0.854672
v 0.570000 0.510000 -0.860000
v 0.570000 0.510000 -0.720000
v 0.580251 0.529446 -0.725329
v 0.588942 0.545931 -0.740503
v 0.594749 0.556946 -0.763212
v 0.596788 0.560813 -0.790000
v 0.594749 0.556946 -0.816788
v 0.588942 0.545931 -0.839498
v 0.580251 0.529446 -0.854672
v 0.588942 0.524883 -0.725329
v 0.605000 0.537500 -0.740503
v 0.615730 0.545931 -0.763212
v 0.619497 0.548891 -0.790000
v 0.615730 0.545931 -0.816788
v 0.605000 0.537500 -0.839498
v 0.588942 0.524883 -0.854672
v 0.594749 0.518055 -0.725329
v 0.615730 0.524883 -0.740503
v 0.629749 0.529445 -0.763212
v 0.634672 0.531048 -0.790000
v 0.629749 0.529445 -0.816788
v 0.615730 0.524883 -0.839498
v 0.594749 0.518055 -0.854672
v 0.596788 0.510000 -0.725329
v 0.619497 0.510000 -0.740503
v 0.634672 0.510000 -0.763212
v 0.640000 0.510000 -0.790000
v 0.634672 0.510000 -0.816788
v 0.619497 0.510000 -0.839498
v 0.596788 0.510000 -0.854672
v 0.594749 0.501945 -0.725329
v 0.615730 0.495117 -0.740503
v 0.629749 0.490555 -0.763212
v 0.634672 0.488952 -0.790000
v 0.629749 0.490555 -0.816788
v 0.615730 0.495117 -0.839498
v 0.594749 0.501945 -0.854672
v 0.588942 0.495117 -0.725329
v 0.605000 0.482500 -0.740503
v 0.615730 0.474070 -0.763212
v 0.619497 0.471109 -0.790000
v 0.615730 0.474070 -0.816788
v 0.605000 0.482500 -0.839498
v 0.588942 0.495117 -0.854672
v 0.580251 0.490555 -0.725329
v 0.588942 0.474070 -0.740503
v 0.594749 0.463055 -0.763212
v 0.596788 0.459187 -0.790000
v 0.594749 0.463055 -0.816788
v 0.588942 0.474070 -0.839498
v 0.580251 0.490555 -0.854672
v 0.570000 0.488952 -0.725329
v 0.570000 0.471109 -0.740503
v 0.570000 0.471109 -0.839498
v 0.249749 0.242409 -0.102523
v 0.283513 0.232331 -0.095284
v 0.303504 0.203314 -0.102523
v 0.298011 0.172356 -0.120000
v 0.270251 0.157591 -0.137477
v 0.236487 0.167669 -0.144716
v 0.216496 0.196686 -0.137477
v 0.221989 0.227644 -0.120000
v 0.317111 0.350107 -0.329980
v 0.350873 0.340025 -0.322732
v 0.370862 0.311007 -0.329969
v 0.365371 0.280051 -0.347450
v 0.337615 0.265291 -0.364936
v 0.303854 0.275374 -0.372184
v 0.283864 0.304392 -0.364947
v 0.289355 0.335347 -0.347466
v 0.409234 0.461831 -0.541473
v 0.440603 0.449066 -0.529346
v 0.459903 0.419275 -0.535176
v 0.455829 0.389909 -0.555548
v 0.430766 0.378169 -0.578528
v 0.399397 0.390934 -0.590654
v 0.380097 0.420725 -0.584824
v 0.384171 0.450091 -0.564452
v 0.520158 0.550503 -0.667737
v 0.548176 0.534925 -0.651418
v 0.566511 0.504323 -0.656040
v 0.564421 0.476623 -0.678895
v 0.543132 0.468051 -0.706595
v 0.515114 0.483629 -0.722914
v 0.496779 0.514231 -0.718292
v 0.498869 0.541931 -0.695437
v 0.648512 0.641225 -0.780570
v 0.676524 0.625642 -0.764245
v 0.694856 0.595039 -0.768865
v 0.692771 0.567341 -0.791723
v 0.671488 0.558775 -0.819430
v 0.643476 0.574358 -0.835755
v 0.625144 0.604962 -0.831135
v 0.627229 0.632659 -0.808277
v 0.650000 0.539187 -0.763212
v 0.650000 0.535000 -0.790000
v 0.650000 0.539187 -0.816788
v 0.650000 0.568952 -0.854672
v 0.639749 0.570555 -0.725329
v 0.631058 0.554070 -0.740503
v 0.625251 0.543055 -0.763212
v 0.623212 0.539187 -0.790000
v 0.625251 0.543055 -0.816788
v 0.631058 0.554070 -0.839498
v 0.639749 0.570555 -0.854672
v 0.631058 0.575117 -0.725329
v 0.615000 0.562500 -0.740503
v 0.604270 0.554070 -0.763212
v 0.600502 0.551109 -0.790000
v 0.604270 0.554070 -0.816788
v 0.615000 0.562500 -0.839498
v 0.631058 0.575117 -0.854672
v 0.625251 0.581945 -0.725329
v 0.604270 0.575117 -0.740503
v 0.590251 0.570555 -0.763212
v 0.585328 0.568952 -0.790000
v 0.590251 0.570555 -0.816788
v 0.604270 0.575117 -0.839498
v 0.625251 0.581945 -0.854672
v 0.623212 0.590000 -0.725329
v 0.600502 0.590000 -0.740503
v 0.585328 0.590000 -0.763212
v 0.580000 0.590000 -0.790000
v 0.585328 0.590000 -0.816788
v 0.600502 0.590000 -0.839498
v 0.623212 0.590000 -0.854672
v 0.625251 0.598055 -0.725329
v 0.604270 0.604883 -0.740503
v 0.590251 0.609445 -0.763212
v 0.585328 0.611048 -0.790000
v 0.590251 0.609445 -0.816788
v 0.604270 0.604883 -0.839498
v 0.625251 0.598055 -0.854672
v 0.631058 0.604883 -0.725329
v 0.615000 0.617500 -0.740503
v 0.604270 0.625931 -0.763212
v 0.600503 0.628891 -0.790000
v 0.604270 0.625931 -0.816788
v 0.615000 0.617500 -0.839498
v 0.631058 0.604883 -0.854672
v 0.639749 0.609445 -0.725329
v 0.631058 0.625931 -0.740503
v 0.625251 0.636945 -0.763212
v 0.623212 0.640813 -0.790000
v 0.625251 0.636945 -0.816788
v 0.631058 0.625931 -0.839498
v 0.639749 0.609445 -0.854672
v 0.650000 0.611048 -0.725329
v 0.650000 0.628891 -0.740503
v 0.650000 0.640813 -0.763212
v 0.650000 0.645000 -0.790000
v 0.650000 0.640813 -0.816788
v 0.650000 0.628891 -0.839498
v 0.650000 0.611048 -0.854672
v 0.650000 0.590000 -0.860000
v 0.650000 0.590000 -0.720000
v 0.660251 0.609445 -0.725329
v 0.668942 0.625930 -0.740503
v 0.674749 0.636945 -0.763212
v 0.676788 0.640813 -0.790000
v 0.674749 0.636945 -0.816788
v 0.668942 0.625930 -0.839498
v 0.660251 0.609445 -0.854672
v 0.668942 0.604883 -0.725329
v 0.685000 0.617500 -0.740503
v 0.695730 0.625930 -0.763212
v 0.699497 0.628891 -0.790000
v 0.695730 0.625930 -0.816788
v 0.685000 0.617500 -0.839498
v 0.668942 0.604883 -0.854672
v 0.674749 0.598055 -0.725329
v 0.695730 0.604883 -0.740503
v 0.709749 0.609445 -0.763212
v 0.714672 0.611048 -0.790000
v 0.709749 0.609445 -0.816788
v 0.695730 0.604883 -0.839498
v 0.674749 0.598055 -0.854672
v 0.676788 0.590000 -0.725329
v 0.699497 0.590000 -0.740503
v 0.714672 0.590000 -0.763212
v 0.720000 0.590000 -0.790000
v 0.714672 0.590000 -0.816788
v 0.699497 0.590000 -0.839498
v 0.676788 0.590000 -0.854672
v 0.674749 0.581945 -0.725329
v 0.695730 0.575117 -0.740503
v 0.709749 0.570555 -0.763212
v 0.714672 0.568952 -0.790000
v 0.709749 0.570555 -0.816788
v 0.695730 0.575117 -0.839498
v 0.674749 0.581945 -0.854672
v 0.668942 0.575117 -0.725329
v 0.685000 0.562500 -0.740503
v 0.695730 0.554070 -0.763212
v 0.699497 0.551109 -0.790000
v 0.695730 0.554070 -0.816788
v 0.685000 0.562500 -0.839498
v 0.668942 0.575117 -0.854672
v 0.660251 0.570555 -0.725329
v 0.668942 0.554070 -0.740503
v 0.674749 0.543055 -0.763212
v 0.676788 0.539187 -0.790000
v 0.674749 0.543055 -0.816788
v 0.668942 0.554070 -0.839498
v 0.660251 0.570555 -0.854672
v 0.650000 0.568952 -0.725329
v 0.650000 0.551109 -0.740503
v 0.650000 0.551109 -0.839498
v 0.329749 0.242409 -0.102523
v 0.363513 0.232331 -0.095284
v 0.383504 0.203314 -0.102523
v 0.378011 0.172356 -0.120000
v 0.350251 0.157591 -0.137477
v 0.316487 0.167669 -0.144716
v 0.296496 0.196686 -0.137477
v 0.301989 0.227644 -0.120000
v 0.399431 0.344566 -0.332218
v 0.433193 0.334485 -0.324971
v 0.453184 0.305469 -0.332212
v 0.447695 0.274516 -0.349699
v 0.419940 0.259758 -0.367188
v 0.386178 0.269840 -0.374435
v 0.366187 0.298855 -0.367194
v 0.371676 0.329808 -0.349707
v 0.487752 0.459884 -0.538361
v 0.519805 0.447643 -0.527555
v 0.540256 0.419209 -0.535755
v 0.537126 0.391238 -0.558158
v 0.512248 0.380116 -0.581639
v 0.480195 0.392357 -0.592445
v 0.459744 0.420791 -0.584245
v 0.462874 0.448762 -0.561843
v 0.597842 0.581916 -0.665055
v 0.627617 0.567102 -0.651343
v 0.648682 0.539361 -0.660326
v 0.648698 0.514943 -0.686741
v 0.627656 0.508152 -0.715115
v 0.597880 0.522965 -0.728827
v 0.576815 0.550706 -0.719844
v 0.576799 0.575124 -0.693429
v 0.725087 0.716876 -0.774964
v 0.754857 0.702057 -0.761248
v 0.775924 0.674317 -0.770232
v 0.775947 0.649907 -0.796654
v 0.754913 0.643124 -0.825036
v 0.725142 0.657943 -0.838753
v 0.704076 0.685683 -0.829768
v 0.704053 0.710093 -0.803346
v 0.730000 0.619187 -0.763212
v 0.730000 0.615000 -0.790000
v 0.730000 0.619187 -0.816788
v 0.730000 0.648952 -0.854672
v 0.719749 0.650555 -0.725329
v 0.711058 0.634070 -0.740503
v 0.705251 0.623055 -0.763212
v 0.703212 0.619187 -0.790000
v 0.705251 0.623055 -0.816788
v 0.711058 0.634070 -0.839498
v 0.719749 0.650555 -0.854672
v 0.711058 0.655117 -0.725329
v 0.695000 0.642500 -0.740503
v 0.684270 0.634070 -0.763212
v 0.680502 0.631109 -0.790000
v 0.684270 0.634070 -0.816788
v 0.695000 0.642500 -0.839498
v 0.711058 0.655117 -0.854672
v 0.705251 0.661945 -0.725329
v 0.684270 0.655117 -0.740503
v 0.670251 0.650555 -0.763212
v 0.665328 0.648952 -0.790000
v 0.670251 0.650555 -0.816788
v 0.684270 0.655117 -0.839498
v 0.705251 0.661945 -0.854672
v 0.703212 0.670000 -0.725329
v 0.680502 0.670000 -0.740503
v 0.665328 0.670000 -0.763212
v 0.660000 0.670000 -0.790000
v 0.665328 0.670000 -0.816788
v 0.680502 0.670000 -0.839498
v 0.703212 0.670000 -0.854672
v 0.705251 0.678055 -0.725329
v 0.684270 0.684883 -0.740503
v 0.670251 0.689445 -0.763212
v 0.665328 0.691048 -0.790000
v 0.670251 0.689445 -0.816788
v 0.684270 0.684883 -0.839498
v 0.705251 0.678055 -0.854672
v 0.711058 0.684883 -0.725329
v 0.695000 0.697500 -0.740503
v 0.684270 0.705931 -0.763212
v 0.680503 0.708891 -0.790000
v 0.684270 0.705931 -0.816788
v 0.695000 0.697500 -0.839498
v 0.711058 0.684883 -0.854672
v 0.719749 0.689445 -0.725329
v 0.711058 0.705931 -0.740503
v 0.705251 0.716945 -0.763212
v 0.703212 0.720813 -0.790000
v 0.705251 0.716945 -0.816788
v 0.711058 0.705931 -0.839498
v 0.719749 0.689445 -0.854672
v 0.730000 0.691048 -0.725329
v 0.730000 0.708891 -0.740503
v 0.730000 0.720813 -0.763212
v 0.730000 0.725000 -0.790000
v 0.730000 0.720813 -0.816788
v 0.730000 0.708891 -0.839498
v 0.730000 0.691048 -0.854672
v 0.730000 0.670000 -0.860000
v 0.730000 0.670000 -0.720000
v 0.740251 0.689445 -0.725329
v 0.748942 0.705931 -0.740503
v 0.754749 0.716945 -0.763212
v 0.756788 0.720813 -0.790000
v 0.754749 0.716945 -0.816788
v 0.748942 0.705931 -0.839498
v 0.740251 0.689445 -0.854672
v 0.748942 0.684883 -0.725329
v 0.765000 0.697500 -0.740503
v 0.775730 0.705931 -0.763212
v 0.779498 0.708891 -0.790000
v 0.775730 0.705931 -0.816788
v 0.765000 0.697500 -0.839498
v 0.748942 0.684883 -0.854672
v 0.754749 0.678055 -0.725329
v 0.775730 0.684883 -0.740503
v 0.789749 0.689445 -0.763212
v 0.794672 0.691048 -0.790000
v 0.789749 0.689445 -0.816788
v 0.775730 0.684883 -0.839498
v 0.754749 0.678055 -0.854672
v 0.756788 0.670000 -0.725329
v 0.779497 0.670000 -0.740503
v 0.794672 0.670000 -0.763212
v 0.800000 0.670000 -0.790000
v 0.794672 0.670000 -0.816788
v 0.779497 0.670000 -0.839498
v 0.756788 0.670000 -0.854672
v 0.754749 0.661945 -0.725329
v 0.775730 0.655117 -0.740503
v 0.789749 0.650555 -0.763212
v 0.794672 0.648952 -0.790000
v 0.789749 0.650555 -0.816788
v 0.775730 0.655117 -0.839498
v 0.754749 0.661945 -0.854672
v 0.748942 0.655117 -0.725329
v 0.765000 0.642500 -0.740503
v 0.775730 0.634070 -0.763212
v 0.779497 0.631109 -0.790000
v 0.775730 0.634070 -0.816788
v 0.765000 0.642500 -0.839498
v 0.748942 0.655117 -0.854672
v 0.740251 0.650555 -0.725329
v 0.748942 0.634070 -0.740503
v 0.754749 0.623055 -0.763212
v 0.756788 0.619187 -0.790000
v 0.754749 0.623055 -0.816788
v 0.748942 0.634070 -0.839498
v 0.740251 0.650555 -0.854672
v 0.730000 0.648952 -0.725329
v 0.730000 0.631109 -0.740503
v 0.730000 0.631109 -0.839498
v -0.360000 -0.462388 0.312710
v -0.360000 -0.470000 0.240000
v -0.360000 -0.462388 0.167290
v -0.360000 -0.408268 0.064463
v -0.389289 -0.405355 0.415537
v -0.414120 -0.435328 0.374350
v -0.430711 -0.455355 0.312710
v -0.436537 -0.462388 0.240000
v -0.430711 -0.455355 0.167290
v -0.414120 -0.435328 0.105650
v -0.389289 -0.405355 0.064463
v -0.414120 -0.397060 0.415537
v -0.460000 -0.420000 0.374350
v -0.490656 -0.435328 0.312710
v -0.501421 -0.440711 0.240000
v -0.490656 -0.435328 0.167290
v -0.460000 -0.420000 0.105650
v -0.414120 -0.397060 0.064463
v -0.430711 -0.384645 0.415537
v -0.490656 -0.397060 0.374350
v -0.530711 -0.405355 0.312710
v -0.544776 -0.408268 0.240000
v -0.530711 -0.405355 0.167290
v -0.490656 -0.397060 0.105650
v -0.430711 -0.384645 0.064463
v -0.436537 -0.370000 0.415537
v -0.501421 -0.370000 0.374350
v -0.544776 -0.370000 0.312710
v -0.560000 -0.370000 0.240000
v -0.544776 -0.370000 0.167290
v -0.501421 -0.370000 0.105650
v -0.436537 -0.370000 0.064463
v -0.430711 -0.355355 0.415537
v -0.490656 -0.342940 0.374350
v -0.530711 -0.334645 0.312710
v -0.544776 -0.331732 0.240000
v -0.530711 -0.334645 0.167290
v -0.490656 -0.342940 0.105650
v -0.430711 -0.355355 0.064463
v -0.414120 -0.342940 0.415537
v -0.460000 -0.320000 0.374350
v -0.490656 -0.304672 0.312710
v -0.501421 -0.299289 0.240000
v -0.490656 -0.304672 0.167290
v -0.460000 -0.320000 0.105650
v -0.414120 -0.342940 0.064463
v -0.389289 -0.334645 0.415537
v -0.414120 -0.304672 0.374350
v -0.430711 -0.284645 0.312710
v -0.436537 -0.277612 0.240000
v -0.430711 -0.284645 0.167290
v -0.414120 -0.304672 0.105650
v -0.389289 -0.334645 0.064463
v -0.360000 -0.331732 0.415537
v -0.360000 -0.299289 0.374350
v -0.360000 -0.277612 0.312710
v -0.360000 -0.270000 0.240000
v -0.360000 -0.277612 0.167290
v -0.360000 -0.299289 0.105650
v -0.360000 -0.331732 0.064463
v -0.360000 -0.370000 0.050000
v -0.360000 -0.370000 0.430000
v -0.330711 -0.334645 0.415537
v -0.305880 -0.304672 0.374350
v -0.289289 -0.284645 0.312710
v -0.283463 -0.277612 0.240000
v -0.289289 -0.284645 0.167290
v -0.305880 -0.304672 0.105650
v -0.330711 -0.334645 0.064463
v -0.305880 -0.342940 0.415537
v -0.260000 -0.320000 0.374350
v -0.229344 -0.304672 0.312710
v -0.218579 -0.299289 0.240000
v -0.229344 -0.304672 0.167290
v -0.260000 -0.320000 0.105650
v -0.305880 -0.342940 0.064463
v -0.289289 -0.355355 0.415537
v -0.229344 -0.342940 0.374350
v -0.189289 -0.334645 0.312710
v -0.175224 -0.331732 0.240000
v -0.189289 -0.334645 0.167290
v -0.229344 -0.342940 0.105650
v -0.289289 -0.355355 0.064463
v -0.283463 -0.370000 0.415537
v -0.218579 -0.370000 0.374350
v -0.175224 -0.370000 0.312710
v -0.160000 -0.370000 0.240000
v -0.175224 -0.370000 0.167290
v -0.218579 -0.370000 0.105650
v -0.283463 -0.370000 0.064463
v -0.289289 -0.384645 0.415537
v -0.229344 -0.397060 0.374350
v -0.189289 -0.405355 0.312710
v -0.175224 -0.408268 0.240000
v -0.189289 -0.405355 0.167290
v -0.229344 -0.397060 0.105650
v -0.289289 -0.384645 0.064463
v -0.305880 -0.397060 0.415537
v -0.260000 -0.420000 0.374350
v -0.229344 -0.435328 0.312710
v -0.218579 -0.440711 0.240000
v -0.229344 -0.435328 0.167290
v -0.260000 -0.420000 0.105650
v -0.305880 -0.397060 0.064463
v -0.330711 -0.405355 0.415537
v -0.305880 -0.435328 0.374350
v -0.289289 -0.455355 0.312710
v -0.283463 -0.462388 0.240000
v -0.289289 -0.455355 0.167290
v -0.305880 -0.435328 0.105650
v -0.330711 -0.405355 0.064463
v -0.360000 -0.408268 0.415537
v -0.360000 -0.440711 0.374350
v -0.360000 -0.440711 0.105650
v -0.420000 -0.477336 0.288268
v -0.420000 -0.480000 0.250000
v -0.420000 -0.477336 0.211732
v -0.420000 -0.458394 0.157612
v -0.433180 -0.457374 0.342388
v -0.444354 -0.467865 0.320711
v -0.451820 -0.474874 0.288268
v -0.454441 -0.477336 0.250000
v -0.451820 -0.474874 0.211732
v -0.444354 -0.467865 0.179289
v -0.433180 -0.457374 0.157612
v -0.444354 -0.454471 0.342388
v -0.465000 -0.462500 0.320711
v -0.478795 -0.467865 0.288268
v -0.483640 -0.469749 0.250000
v -0.478795 -0.467865 0.211732
v -0.465000 -0.462500 0.179289
v -0.444354 -0.454471 0.157612
v -0.451820 -0.450126 0.342388
v -0.478795 -0.454471 0.320711
v -0.496820 -0.457374 0.288268
v -0.503149 -0.458394 0.250000
v -0.496820 -0.457374 0.211732
v -0.478795 -0.454471 0.179289
v -0.451820 -0.450126 0.157612
v -0.454441 -0.445000 0.342388
v -0.483640 -0.445000 0.320711
v -0.503149 -0.445000 0.288268
v -0.510000 -0.445000 0.250000
v -0.503149 -0.445000 0.211732
v -0.483640 -0.445000 0.179289
v -0.454441 -0.445000 0.157612
v -0.451820 -0.439874 0.342388
v -0.478795 -0.435529 0.320711
v -0.496820 -0.432626 0.288268
v -0.503149 -0.431606 0.250000
v -0.496820 -0.432626 0.211732
v -0.478795 -0.435529 0.179289
v -0.451820 -0.439874 0.157612
v -0.444354 -0.435529 0.342388
v -0.465000 -0.427500 0.320711
v -0.478795 -0.422135 0.288268
v -0.483640 -0.420251 0.250000
v -0.478795 -0.422135 0.211732
v -0.465000 -0.427500 0.179289
v -0.444354 -0.435529 0.157612
v -0.433180 -0.432626 0.342388
v -0.444354 -0.422135 0.320711
v -0.451820 -0.415126 0.288268
v -0.454441 -0.412664 0.250000
v -0.451820 -0.415126 0.211732
v -0.444354 -0.422135 0.179289
v -0.433180 -0.432626 0.157612
v -0.420000 -0.431606 0.342388
v -0.420000 -0.420251 0.320711
v -0.420000 -0.412664 0.288268
v -0.420000 -0.410000 0.250000
v -0.420000 -0.412664 0.211732
v -0.420000 -0.420251 0.179289
v -0.420000 -0.431606 0.157612
v -0.420000 -0.445000 0.150000
v -0.420000 -0.445000 0.350000
v -0.406820 -0.432626 0.342388
v -0.395646 -0.422135 0.320711
v -0.388180 -0.415126 0.288268
v -0.385558 -0.412664 0.250000
v -0.388180 -0.415126 0.211732
v -0.395646 -0.422135 0.179289
v -0.406820 -0.432626 0.157612
v -0.395646 -0.435529 0.342388
v -0.375000 -0.427500 0.320711
v -0.361205 -0.422135 0.288268
v -0.356360 -0.420251 0.250000
v -0.361205 -0.422135 0.211732
v -0.375000 -0.427500 0.179289
v -0.395646 -0.435529 0.157612
v -0.388180 -0.439874 0.342388
v -0.361205 -0.435529 0.320711
v -0.343180 -0.432626 0.288268
v -0.336851 -0.431606 0.250000
v -0.343180 -0.432626 0.211732
v -0.361205 -0.435529 0.179289
v -0.388180 -0.439874 0.157612
v -0.385559 -0.445000 0.342388
v -0.356360 -0.445000 0.320711
v -0.336851 -0.445000 0.288268
v -0.330000 -0.445000 0.250000
v -0.336851 -0.445000 0.211732
v -0.356360 -0.445000 0.179289
v -0.385559 -0.445000 0.157612
v -0.388180 -0.450126 0.342388
v -0.361205 -0.454471 0.320711
v -0.343180 -0.457374 0.288268
v -0.336851 -0.458394 0.250000
v -0.343180 -0.457374 0.211732
v -0.361205 -0.454471 0.179289
v -0.388180 -0.450126 0.157612
v -0.395646 -0.454471 0.342388
v -0.375000 -0.462500 0.320711
v -0.361205 -0.467865 0.288268
v -0.356360 -0.469749 0.250000
v -0.361205 -0.467865 0.211732
v -0.375000 -0.462500 0.179289
v -0.395646 -0.454471 0.157612
v -0.406820 -0.457374 0.342388
v -0.395646 -0.467865 0.320711
v -0.388180 -0.474874 0.288268
v -0.385559 -0.477336 0.250000
v -0.388180 -0.474874 0.211732
v -0.395646 -0.467865 0.179289
v -0.406820 -0.457374 0.157612
v -0.420000 -0.458394 0.342388
v -0.420000 -0.469749 0.320711
v -0.420000 -0.469749 0.179289
v 0.349525 -0.156554 0.051465
v 0.317587 -0.246016 0.081067
v 0.246057 -0.308523 0.051465
v 0.176837 -0.307458 -0.020000
v 0.150475 -0.243446 -0.091465
v 0.182413 -0.153984 -0.121067
v 0.253943 -0.091477 -0.091465
v 0.323163 -0.092542 -0.020000
v 0.555914 -0.316363 -0.246911
v 0.523839 -0.405732 -0.217177
v 0.452804 -0.468574 -0.247256
v 0.384420 -0.468077 -0.319528
v 0.358747 -0.404531 -0.391658
v 0.390823 -0.315162 -0.421392
v 0.461858 -0.252321 -0.391313
v 0.530241 -0.252818 -0.319041
v 0.756151 -0.440801 -0.383457
v 0.714965 -0.525046 -0.350196
v 0.676729 -0.606335 -0.392972
v 0.663840 -0.637050 -0.486728
v 0.683849 -0.599199 -0.576543
v 0.725035 -0.514954 -0.609805
v 0.763271 -0.433665 -0.567028
v 0.776160 -0.402950 -0.473272
v 0.867554 -0.478708 -0.302909
v 0.816799 -0.559093 -0.273549
v 0.813013 -0.654278 -0.302277
v 0.858413 -0.708504 -0.372263
v 0.926405 -0.690008 -0.442511
v 0.977160 -0.609623 -0.471870
v 0.980947 -0.514438 -0.443143
v 0.935546 -0.460211 -0.373156
v 1.019519 -0.514028 -0.111147
v 0.968610 -0.594366 -0.081926
v 0.965378 -0.689720 -0.110156
v 1.011716 -0.744233 -0.179299
v 1.080481 -0.725972 -0.248853
v 1.131390 -0.645634 -0.278074
v 1.134622 -0.550280 -0.249844
v 1.088284 -0.495767 -0.180701
v 0.223504 -0.203314 -0.102523
v 0.203513 -0.232331 -0.095284
v 0.169749 -0.242409 -0.102523
v 0.141989 -0.227644 -0.120000
v 0.136496 -0.196686 -0.137477
v 0.156487 -0.167669 -0.144716
v 0.190251 -0.157591 -0.137477
v 0.218011 -0.172356 -0.120000
v 0.288624 -0.318062 -0.327635
v 0.268636 -0.347083 -0.320405
v 0.234877 -0.357167 -0.327657
v 0.207121 -0.342408 -0.345144
v 0.201628 -0.311450 -0.362621
v 0.221615 -0.282429 -0.369851
v 0.255375 -0.272344 -0.362598
v 0.283130 -0.287104 -0.345112
v 0.379579 -0.419520 -0.534656
v 0.361756 -0.450632 -0.531763
v 0.331189 -0.463801 -0.545410
v 0.305784 -0.451311 -0.567604
v 0.300421 -0.420480 -0.585344
v 0.318244 -0.389368 -0.588237
v 0.348811 -0.376199 -0.574590
v 0.374216 -0.388689 -0.552396
v 0.484949 -0.470556 -0.653049
v 0.470269 -0.503381 -0.654036
v 0.444337 -0.519077 -0.673406
v 0.422343 -0.508447 -0.699812
v 0.417171 -0.477720 -0.717786
v 0.431850 -0.444894 -0.716799
v 0.457783 -0.429199 -0.697430
v 0.479777 -0.439828 -0.671024
v 0.613876 -0.516413 -0.767619
v 0.599203 -0.549241 -0.768613
v 0.573282 -0.564941 -0.787993
v 0.551296 -0.554315 -0.814407
v 0.546124 -0.523587 -0.832381
v 0.560796 -0.490759 -0.831387
v 0.586718 -0.475059 -0.812007
v 0.608704 -0.485685 -0.785593
v 0.570000 -0.560813 -0.763212
v 0.570000 -0.565000 -0.790000
v 0.570000 -0.560813 -0.816788
v 0.570000 -0.531048 -0.854672
v 0.559749 -0.529446 -0.725329
v 0.551058 -0.545931 -0.740503
v 0.545251 -0.556946 -0.763212
v 0.543212 -0.560813 -0.790000
v 0.545251 -0.556946 -0.816788
v 0.551058 -0.545931 -0.839498
v 0.559749 -0.529446 -0.854672
v 0.551058 -0.524883 -0.725329
v 0.535000 -0.537500 -0.740503
v 0.524270 -0.545931 -0.763212
v 0.520503 -0.548891 -0.790000
v 0.524270 -0.545931 -0.816788
v 0.535000 -0.537500 -0.839498
v 0.551058 -0.524883 -0.854672
v 0.545251 -0.518055 -0.725329
v 0.524270 -0.524883 -0.740503
v 0.510251 -0.529446 -0.763212
v 0.505328 -0.531048 -0.790000
v 0.510251 -0.529446 -0.816788
v 0.524270 -0.524883 -0.839498
v 0.545251 -0.518055 -0.854672
v 0.543212 -0.510000 -0.725329
v 0.520503 -0.510000 -0.740503
v 0.505328 -0.510000 -0.763212
v 0.500000 -0.510000 -0.790000
v 0.505328 -0.510000 -0.816788
v 0.520503 -0.510000 -0.839498
v 0.543212 -0.510000 -0.854672
v 0.545251 -0.501945 -0.725329
v 0.524270 -0.495117 -0.740503
v 0.510251 -0.490555 -0.763212
v 0.505328 -0.488952 -0.790000
v 0.510251 -0.490555 -0.816788
v 0.524270 -0.495117 -0.839498
v 0.545251 -0.501945 -0.854672
v 0.551058 -0.495117 -0.725329
v 0.535000 -0.482500 -0.740503
v 0.524270 -0.474070 -0.763212
v 0.520503 -0.471109 -0.790000
v 0.524270 -0.474070 -0.816788
v 0.535000 -0.482500 -0.839498
v 0.551058 -0.495117 -0.854672
v 0.559749 -0.490555 -0.725329
v 0.551058 -0.474070 -0.740503
v 0.545251 -0.463055 -0.763212
v 0.543212 -0.459187 -0.790000
v 0.545251 -0.463055 -0.816788
v 0.551058 -0.474070 -0.839498
v 0.559749 -0.490555 -0.854672
v 0.570000 -0.488952 -0.725329
v 0.570000 -0.471109 -0.740503
v 0.570000 -0.459187 -0.763212
v 0.570000 -0.455000 -0.790000
v 0.570000 -0.459187 -0.816788
v 0.570000 -0.471109 -0.839498
v 0.570000 -0.488952 -0.854672
v 0.570000 -0.510000 -0.860000
v 0.570000 -0.510000 -0.720000
v 0.580251 -0.490555 -0.725329
v 0.588942 -0.474070 -0.740503
v 0.594749 -0.463055 -0.763212
v 0.596788 -0.459187 -0.790000
v 0.594749 -0.463055 -0.816788
v 0.588942 -0.474070 -0.839498
v 0.580251 -0.490555 -0.854672
v 0.588942 -0.495117 -0.725329
v 0.605000 -0.482500 -0.740503
v 0.615730 -0.474070 -0.763212
v 0.619497 -0.471109 -0.790000
v 0.615730 -0.474070 -0.816788
v 0.605000 -0.482500 -0.839498
v 0.588942 -0.495117 -0.854672
v 0.594749 -0.501945 -0.725329
v 0.615730 -0.495117 -0.740503
v 0.629749 -0.490555 -0.763212
v 0.634672 -0.488952 -0.790000
v 0.629749 -0.490555 -0.816788
v 0.615730 -0.495117 -0.839498
v 0.594749 -0.501945 -0.854672
v 0.596788 -0.510000 -0.725329
v 0.619497 -0.510000 -0.740503
v 0.634672 -0.510000 -0.763212
v 0.640000 -0.510000 -0.790000
v 0.634672 -0.510000 -0.816788
v 0.619497 -0.510000 -0.839498
v 0.596788 -0.510000 -0.854672
v 0.594749 -0.518055 -0.725329
v 0.615730 -0.524883 -0.740503
v 0.629749 -0.529446 -0.763212
v 0.634672 -0.531048 -0.790000
v 0.629749 -0.529446 -0.816788
v 0.615730 -0.524883 -0.839498
v 0.594749 -0.518055 -0.854672
v 0.588942 -0.524883 -0.725329
v 0.605000 -0.537500 -0.740503
v 0.615730 -0.545931 -0.763212
v 0.619497 -0.548891 -0.790000
v 0.615730 -0.545931 -0.816788
v 0.605000 -0.537500 -0.839498
v 0.588942 -0.524883 -0.854672
v 0.580251 -0.529446 -0.725329
v 0.588942 -0.545931 -0.740503
v 0.594749 -0.556946 -0.763212
v 0.596788 -0.560813 -0.790000
v 0.594749 -0.556946 -0.816788
v 0.588942 -0.545931 -0.839498
v 0.580251 -0.529446 -0.854672
v 0.570000 -0.531048 -0.725329
v 0.570000 -0.548891 -0.740503
v 0.570000 -0.548891 -0.839498
v 0.303504 -0.203314 -0.102523
v 0.283513 -0.232331 -0.095284
v 0.249749 -0.242409 -0.102523
v 0.221989 -0.227644 -0.120000
v 0.216496 -0.196686 -0.137477
v 0.236487 -0.167669 -0.144716
v 0.270251 -0.157591 -0.137477
v 0.298011 -0.172356 -0.120000
v 0.370862 -0.311007 -0.329969
v 0.350873 -0.340025 -0.322732
v 0.317111 -0.350107 -0.329980
v 0.289355 -0.335347 -0.347466
v 0.283864 -0.304392 -0.364947
v 0.303854 -0.275374 -0.372184
v 0.337615 -0.265291 -0.364936
v 0.365371 -0.280051 -0.347450
v 0.459903 -0.419275 -0.535176
v 0.440603 -0.449066 -0.529346
v 0.409234 -0.461831 -0.541472
v 0.384171 -0.450091 -0.564452
v 0.380097 -0.420725 -0.584824
v 0.399397 -0.390934 -0.590654
v 0.430766 -0.378169 -0.578528
v 0.455829 -0.389909 -0.555548
v 0.566511 -0.504323 -0.656040
v 0.548176 -0.534925 -0.651418
v 0.520158 -0.550503 -0.667737
v 0.498869 -0.541931 -0.695437
v 0.496779 -0.514231 -0.718292
v 0.515114 -0.483629 -0.722914
v 0.543132 -0.468051 -0.706595
v 0.564421 -0.476623 -0.678895
v 0.694856 -0.595039 -0.768865
v 0.676524 -0.625642 -0.764245
v 0.648512 -0.641225 -0.780570
v 0.627229 -0.632659 -0.808277
v 0.625144 -0.604962 -0.831135
v 0.643476 -0.574358 -0.835755
v 0.671488 -0.558775 -0.819430
v 0.692771 -0.567341 -0.791723
v 0.650000 -0.640813 -0.763212
v 0.650000 -0.645000 -0.790000
v 0.650000 -0.640813 -0.816788
v 0.650000 -0.611048 -0.854672
v 0.639749 -0.609445 -0.725329
v 0.631058 -0.625931 -0.740503
v 0.625251 -0.636945 -0.763212
v 0.623212 -0.640813 -0.790000
v 0.625251 -0.636945 -0.816788
v 0.631058 -0.625931 -0.839498
v 0.639749 -0.609445 -0.854672
v 0.631058 -0.604883 -0.725329
v 0.615000 -0.617500 -0.740503
v 0.604270 -0.625931 -0.763212
v 0.600502 -0.628891 -0.790000
v 0.604270 -0.625931 -0.816788
v 0.615000 -0.617500 -0.839498
v 0.631058 -0.604883 -0.854672
v 0.625251 -0.598055 -0.725329
v 0.604270 -0.604883 -0.740503
v 0.590251 -0.609445 -0.763212
v 0.585328 -0.611048 -0.790000
v 0.590251 -0.609445 -0.816788
v 0.604270 -0.604883 -0.839498
v 0.625251 -0.598055 -0.854672
v 0.623212 -0.590000 -0.725329
v 0.600502 -0.590000 -0.740503
v 0.585328 -0.590000 -0.763212
v 0.580000 -0.590000 -0.790000
v 0.585328 -0.590000 -0.816788
v 0.600502 -0.590000 -0.839498
v 0.623212 -0.590000 -0.854672
v 0.625251 -0.581945 -0.725329
v 0.604270 -0.575117 -0.740503
v 0.590251 -0.570555 -0.763212
v 0.585328 -0.568952 -0.790000
v 0.590251 -0.570555 -0.816788
v 0.604270 -0.575117 -0.839498
v 0.625251 -0.581945 -0.854672
v 0.631058 -0.575117 -0.725329
v 0.615000 -0.562500 -0.740503
v 0.604270 -0.554070 -0.763212
v 0.600503 -0.551109 -0.790000
v 0.604270 -0.554070 -0.816788
v 0.615000 -0.562500 -0.839498
v 0.631058 -0.575117 -0.854672
v 0.639749 -0.570555 -0.725329
v 0.631058 -0.554070 -0.740503
v 0.625251 -0.543055 -0.763212
v 0.623212 -0.539187 -0.790000
v 0.625251 -0.543055 -0.816788
v 0.631058 -0.554070 -0.839498
v 0.639749 -0.570555 -0.854672
v 0.650000 -0.568952 -0.725329
v 0.650000 -0.551109 -0.740503
v 0.650000 -0.539187 -0.763212
v 0.650000 -0.535000 -0.790000
v 0.650000 -0.539187 -0.816788
v 0.650000 -0.551109 -0.839498
v 0.650000 -0.568952 -0.854672
v 0.650000 -0.590000 -0.860000
v 0.650000 -0.590000 -0.720000
v 0.660251 -0.570555 -0.725329
v 0.668942 -0.554070 -0.740503
v 0.674749 -0.543055 -0.763212
v 0.676788 -0.539187 -0.790000
v 0.674749 -0.543055 -0.816788
v 0.668942 -0.554070 -0.839498
v 0.660251 -0.570555 -0.854672
v 0.668942 -0.575117 -0.725329
v 0.685000 -0.562500 -0.740503
v 0.695730 -0.554070 -0.763212
v 0.699497 -0.551109 -0.790000
v 0.695730 -0.554070 -0.816788
v 0.685000 -0.562500 -0.839498
v 0.668942 -0.575117 -0.854672
v 0.674749 -0.581945 -0.725329
v 0.695730 -0.575117 -0.740503
v 0.709749 -0.570555 -0.763212
v 0.714672 -0.568952 -0.790000
v 0.709749 -0.570555 -0.816788
v 0.695730 -0.575117 -0.839498
v 0.674749 -0.581945 -0.854672
v 0.676788 -0.590000 -0.725329
v 0.699497 -0.590000 -0.740503
v 0.714672 -0.590000 -0.763212
v 0.720000 -0.590000 -0.790000
v 0.714672 -0.590000 -0.816788
v 0.699497 -0.590000 -0.839498
v 0.676788 -0.590000 -0.854672
v 0.674749 -0.598055 -0.725329
v 0.695730 -0.604883 -0.740503
v 0.709749 -0.609445 -0.763212
v 0.714672 -0.611048 -0.790000
v 0.709749 -0.609445 -0.816788
v 0.695730 -0.604883 -0.839498
v 0.674749 -0.598055 -0.854672
v 0.668942 -0.604883 -0.725329
v 0.685000 -0.617500 -0.740503
v 0.695730 -0.625931 -0.763212
v 0.699497 -0.628891 -0.790000
v 0.695730 -0.625931 -0.816788
v 0.685000 -0.617500 -0.839498
v 0.668942 -0.604883 -0.854672
v 0.660251 -0.609445 -0.725329
v 0.668942 -0.625931 -0.740503
v 0.674749 -0.636945 -0.763212
v 0.676788 -0.640813 -0.790000
v 0.674749 -0.636945 -0.816788
v 0.668942 -0.625931 -0.839498
v 0.660251 -0.609445 -0.854672
v 0.650000 -0.611048 -0.725329
v 0.650000 -0.628891 -0.740503
v 0.650000 -0.628891 -0.839498
v 0.383504 -0.203314 -0.102523
v 0.363513 -0.232331 -0.095284
v 0.329749 -0.242409 -0.102523
v 0.301989 -0.227644 -0.120000
v 0.296496 -0.196686 -0.137477
v 0.316487 -0.167669 -0.144716
v 0.350251 -0.157591 -0.137477
v 0.378011 -0.172356 -0.120000
v 0.453184 -0.305469 -0.332212
v 0.433193 -0.334485 -0.324971
v 0.399431 -0.344566 -0.332218
v 0.371676 -0.329808 -0.349707
v 0.366187 -0.298855 -0.367194
v 0.386178 -0.269840 -0.374435
v 0.419940 -0.259758 -0.367188
v 0.447695 -0.274516 -0.349699
v 0.540256 -0.419209 -0.535755
v 0.519805 -0.447643 -0.527555
v 0.487752 -0.459884 -0.538361
v 0.462874 -0.448762 -0.561843
v 0.459744 -0.420791 -0.584245
v 0.480195 -0.392357 -0.592445
v 0.512248 -0.380116 -0.581639
v 0.537126 -0.391238 -0.558158
v 0.648682 -0.539361 -0.660326
v 0.627617 -0.567102 -0.651343
v 0.597842 -0.581916 -0.665055
v 0.576799 -0.575124 -0.693429
v 0.576815 -0.550706 -0.719844
v 0.597880 -0.522965 -0.728827
v 0.627655 -0.508152 -0.715115
v 0.648698 -0.514943 -0.686741
v 0.775924 -0.674317 -0.770232
v 0.754857 -0.702057 -0.761248
v 0.725087 -0.716876 -0.774964
v 0.704053 -0.710093 -0.803346
v 0.704076 -0.685683 -0.829768
v 0.725142 -0.657943 -0.838753
v 0.754913 -0.643124 -0.825036
v 0.775947 -0.649907 -0.796654
v 0.730000 -0.720813 -0.763212
v 0.730000 -0.725000 -0.790000
v 0.730000 -0.720813 -0.816788
v 0.730000 -0.691048 -0.854672
v 0.719749 -0.689445 -0.725329
v 0.711058 -0.705931 -0.740503
v 0.705251 -0.716945 -0.763212
v 0.703212 -0.720813 -0.790000
v 0.705251 -0.716945 -0.816788
v 0.711058 -0.705931 -0.839498
v 0.719749 -0.689445 -0.854672
v 0.711058 -0.684883 -0.725329
v 0.695000 -0.697500 -0.740503
v 0.684270 -0.705931 -0.763212
v 0.680502 -0.708891 -0.790000
v 0.684270 -0.705931 -0.816788
v 0.695000 -0.697500 -0.839498
v 0.711058 -0.684883 -0.854672
v 0.705251 -0.678055 -0.725329
v 0.684270 -0.684883 -0.740503
v 0.670251 -0.689445 -0.763212
v 0.665328 -0.691048 -0.790000
v 0.670251 -0.689445 -0.816788
v 0.684270 -0.684883 -0.839498
v 0.705251 -0.678055 -0.854672
v 0.703212 -0.670000 -0.725329
v 0.680502 -0.670000 -0.740503
v 0.665328 -0.670000 -0.763212
v 0.660000 -0.670000 -0.790000
v 0.665328 -0.670000 -0.816788
v 0.680502 -0.670000 -0.839498
v 0.703212 -0.670000 -0.854672
v 0.705251 -0.661945 -0.725329
v 0.684270 -0.655117 -0.740503
v 0.670251 -0.650555 -0.763212
v 0.665328 -0.648952 -0.790000
v 0.670251 -0.650555 -0.816788
v 0.684270 -0.655117 -0.839498
v 0.705251 -0.661945 -0.854672
v 0.711058 -0.655117 -0.725329
v 0.695000 -0.642500 -0.740503
v 0.684270 -0.634070 -0.763212
v 0.680503 -0.631109 -0.790000
v 0.684270 -0.634070 -0.816788
v 0.695000 -0.642500 -0.839498
v 0.711058 -0.655117 -0.854672
v 0.719749 -0.650555 -0.725329
v 0.711058 -0.634070 -0.740503
v 0.705251 -0.623055 -0.763212
v 0.703212 -0.619187 -0.790000
v 0.705251 -0.623055 -0.816788
v 0.711058 -0.634070 -0.839498
v 0.719749 -0.650555 -0.854672
v 0.730000 -0.648952 -0.725329
v 0.730000 -0.631109 -0.740503
v 0.730000 -0.619187 -0.763212
v 0.730000 -0.615000 -0.790000
v 0.730000 -0.619187 -0.816788
v 0.730000 -0.631109 -0.839498
v 0.730000 -0.648952 -0.854672
v 0.730000 -0.670000 -0.860000
v 0.730000 -0.670000 -0.720000
v 0.740251 -0.650555 -0.725329
v 0.748942 -0.634070 -0.740503
v 0.754749 -0.623055 -0.763212
v 0.756788 -0.619187 -0.790000
v 0.754749 -0.623055 -0.816788
v 0.748942 -0.634070 -0.839498
v 0.740251 -0.650555 -0.854672
v 0.748942 -0.655117 -0.725329
v 0.765000 -0.642500 -0.740503
v 0.775730 -0.634070 -0.763212
v 0.779498 -0.631109 -0.790000
v 0.775730 -0.634070 -0.816788
v 0.765000 -0.642500 -0.839498
v 0.748942 -0.655117 -0.854672
v 0.754749 -0.661945 -0.725329
v 0.775730 -0.655117 -0.740503
v 0.789749 -0.650555 -0.763212
v 0.794672 -0.648952 -0.790000
v 0.789749 -0.650555 -0.816788
v 0.775730 -0.655117 -0.839498
v 0.754749 -0.661945 -0.854672
v 0.756788 -0.670000 -0.725329
v 0.779497 -0.670000 -0.740503
v 0.794672 -0.670000 -0.763212
v 0.800000 -0.670000 -0.790000
v 0.794672 -0.670000 -0.816788
v 0.779497 -0.670000 -0.839498
v 0.756788 -0.670000 -0.854672
v 0.754749 -0.678055 -0.725329
v 0.775730 -0.684883 -0.740503
v 0.789749 -0.689445 -0.763212
v 0.794672 -0.691048 -0.790000
v 0.789749 -0.689445 -0.816788
v 0.775730 -0.684883 -0.839498
v 0.754749 -0.678055 -0.854672
v 0.748942 -0.684883 -0.725329
v 0.765000 -0.697500 -0.740503
v 0.775730 -0.705931 -0.763212
v 0.779497 -0.708891 -0.790000
v 0.775730 -0.705931 -0.816788
v 0.765000 -0.697500 -0.839498
v 0.748942 -0.684883 -0.854672
v 0.740251 -0.689445 -0.725329
v 0.748942 -0.705931 -0.740503
v 0.754749 -0.716945 -0.763212
v 0.756788 -0.720813 -0.790000
v 0.754749 -0.716945 -0.816788
v 0.748942 -0.705931 -0.839498
v 0.740251 -0.689445 -0.854672
v 0.730000 -0.691048 -0.725329
v 0.730000 -0.708891 -0.740503
v 0.730000 -0.708891 -0.839498
vn -0.0000 -0.9450 0.3270
vn -0.0000 -1.0000 -0.0000
vn -0.0000 -0.9450 -0.3270
vn -0.0000 -0.4571 -0.8894
vn -0.1176 -0.4259 0.8971
vn -0.2013 -0.7291 0.6541
vn -0.2504 -0.9066 0.3396
vn -0.2662 -0.9639 -0.0000
vn -0.2504 -0.9066 -0.3396
vn -0.2013 -0.7291 -0.6541
vn -0.1176 -0.4259 -0.8971
vn -0.2220 -0.3330 0.9164
vn -0.3971 -0.5956 0.6982
vn -0.5137 -0.7706 0.3771
vn -0.5547 -0.8321 -0.0000
vn -0.5137 -0.7706 -0.3771
vn -0.3971 -0.5957 -0.6982
vn -0.2220 -0.3330 -0.9164
vn -0.2966 -0.1843 0.9371
vn -0.5593 -0.3475 0.7526
vn -0.7666 -0.4763 0.4307
vn -0.8494 -0.5277 -0.0000
vn -0.7666 -0.4763 -0.4307
vn -0.5593 -0.3475 -0.7526
vn -0.2966 -0.1843 -0.9371
vn -0.3241 -0.0000 0.9460
vn -0.6267 -0.0000 0.7792
vn -0.8876 -0.0000 0.4607
vn -1.0000 -0.0000 -0.0000
vn -0.8875 -0.0000 -0.4607
vn -0.6267 -0.0000 -0.7792
vn -0.3241 -0.0000 -0.9460
vn -0.2966 0.1843 0.9371
vn -0.5593 0.3475 0.7526
vn -0.7666 0.4763 0.4307
vn -0.8494 0.5278 -0.0000
vn -0.7666 0.4763 -0.4307
vn -0.5593 0.3475 -0.7526
vn -0.2966 0.1843 -0.9371
vn -0.2220 0.3330 0.9164
vn -0.3971 0.5956 0.6982
vn -0.5137 0.7706 0.3771
vn -0.5547 0.8321 -0.0000
vn -0.5137 0.7706 -0.3771
vn -0.3971 0.5957 -0.6982
vn -0.2220 0.3330 -0.9164
vn -0.1176 0.4259 0.8971
vn -0.2013 0.7291 0.6541
vn -0.2504 0.9066 0.3396
vn -0.2662 0.9639 -0.0000
vn -0.2504 0.9066 -0.3396
vn -0.2013 0.7291 -0.6541
vn -0.1176 0.4259 -0.8971
vn -0.0000 0.4571 0.8894
vn -0.0000 0.7699 0.6382
vn -0.0000 0.9450 0.3270
vn -0.0000 1.0000 -0.0000
vn -0.0000 0.9450 -0.3270
vn -0.0000 0.7699 -0.6382
vn -0.0000 0.4571 -0.8894
vn -0.0000 -0.0000 -1.0000
vn -0.0000 -0.0000 1.0000
vn 0.1176 0.4259 0.8971
vn 0.2013 0.7291 0.6541
vn 0.2504 0.9066 0.3396
vn 0.2662 0.9639 -0.0000
vn 0.2504 0.9066 -0.3396
vn 0.2013 0.7291 -0.6541
vn 0.1176 0.4259 -0.8971
vn 0.2220 0.3330 0.9164
vn 0.3971 0.5956 0.6982
vn 0.5137 0.7706 0.3771
vn 0.5547 0.8320 -0.0000
vn 0.5137 0.7706 -0.3771
vn 0.3971 0.5956 -0.6982
vn 0.2220 0.3330 -0.9164
vn 0.2966 0.1843 0.9371
vn 0.5593 0.3475 0.7526
vn 0.7666 0.4763 0.4307
vn 0.8494 0.5277 -0.0000
vn 0.7666 0.4763 -0.4307
vn 0.5593 0.3475 -0.7526
vn 0.2966 0.1843 -0.9371
vn 0.3241 -0.0000 0.9460
vn 0.6267 -0.0000 0.7792
vn 0.8876 -0.0000 0.4607
vn 1.0000 -0.0000 -0.0000
vn 0.8876 -0.0000 -0.4607
vn 0.6267 -0.0000 -0.7792
vn 0.3241 -0.0000 -0.9460
vn 0.2966 -0.1843 0.9371
vn 0.5593 -0.3475 0.7526
vn 0.7666 -0.4763 0.4307
vn 0.8494 -0.5278 -0.0000
vn 0.7666 -0.4763 -0.4307
vn 0.5593 -0.3475 -0.7526
vn 0.2966 -0.1843 -0.9371
vn 0.2220 -0.3330 0.9164
vn 0.3971 -0.5957 0.6982
vn 0.5137 -0.7706 0.3771
vn 0.5547 -0.8321 -0.0000
vn 0.5137 -0.7706 -0.3771
vn 0.3971 -0.5956 -0.6982
vn 0.2220 -0.3330 -0.9164
vn 0.1176 -0.4259 0.8971
vn 0.2013 -0.7291 0.6541
vn 0.2504 -0.9066 0.3396
vn 0.2662 -0.9639 -0.0000
vn 0.2504 -0.9066 -0.3396
vn 0.2013 -0.7291 -0.6541
vn 0.1176 -0.4259 -0.8971
vn -0.0000 -0.4571 0.8894
vn -0.0000 -0.7699 0.6382
vn -0.0000 -0.7699 -0.6382
vn -0.0000 -0.8123 0.5832
vn -0.0000 -0.8123 -0.5832
vn -0.0000 -0.2221 -0.9750
vn -0.0516 -0.2063 0.9771
vn -0.1132 -0.4499 0.8859
vn -0.1967 -0.7748 0.6008
vn -0.2483 -0.9687 -0.0000
vn -0.1967 -0.7748 -0.6008
vn -0.1132 -0.4499 -0.8859
vn -0.0516 -0.2063 -0.9771
vn -0.0966 -0.1600 0.9824
vn -0.2159 -0.3553 0.9095
vn -0.3965 -0.6469 0.6514
vn -0.5265 -0.8502 -0.0000
vn -0.3965 -0.6469 -0.6514
vn -0.2159 -0.3553 -0.9095
vn -0.0966 -0.1600 -0.9824
vn -0.1279 -0.0878 0.9879
vn -0.2918 -0.1989 0.9356
vn -0.5758 -0.3891 0.7191
vn -0.8313 -0.5558 -0.0000
vn -0.5758 -0.3891 -0.7191
vn -0.2918 -0.1989 -0.9356
vn -0.1279 -0.0878 -0.9879
vn -0.1393 -0.0000 0.9903
vn -0.3205 -0.0000 0.9472
vn -0.6561 -0.0000 0.7546
vn -0.6561 -0.0000 -0.7546
vn -0.3205 -0.0000 -0.9472
vn -0.1393 -0.0000 -0.9903
vn -0.1279 0.0878 0.9879
vn -0.2918 0.1989 0.9356
vn -0.5758 0.3891 0.7191
vn -0.8313 0.5558 -0.0000
vn -0.5758 0.3891 -0.7191
vn -0.2918 0.1989 -0.9356
vn -0.1279 0.0878 -0.9879
vn -0.0966 0.1600 0.9824
vn -0.2159 0.3553 0.9095
vn -0.3965 0.6469 0.6514
vn -0.5265 0.8502 -0.0000
vn -0.3965 0.6469 -0.6514
vn -0.2159 0.3553 -0.9095
vn -0.0966 0.1600 -0.9824
vn -0.0516 0.2063 0.9771
vn -0.1132 0.4499 0.8859
vn -0.1967 0.7748 0.6008
vn -0.2483 0.9687 -0.0000
vn -0.1967 0.7748 -0.6008
vn -0.1132 0.4499 -0.8859
vn -0.0516 0.2063 -0.9771
vn -0.0000 0.2221 0.9750
vn -0.0000 0.4810 0.8767
vn -0.0000 0.8123 0.5832
vn -0.0000 0.8123 -0.5832
vn -0.0000 0.4810 -0.8767
vn -0.0000 0.2221 -0.9750
vn 0.0516 0.2063 0.9771
vn 0.1132 0.4499 0.8859
vn 0.1967 0.7748 0.6008
vn 0.2483 0.9687 -0.0000
vn 0.1967 0.7748 -0.6008
vn 0.1132 0.4499 -0.8859
vn 0.0516 0.2063 -0.9771
vn 0.0966 0.1600 0.9824
vn 0.2159 0.3553 0.9095
vn 0.3965 0.6469 0.6514
vn 0.5265 0.8502 -0.0000
vn 0.3965 0.6469 -0.6514
vn 0.2159 0.3553 -0.9095
vn 0.0966 0.1600 -0.9824
vn 0.1279 0.0878 0.9879
vn 0.2918 0.1989 0.9356
vn 0.5758 0.3891 0.7191
vn 0.8313 0.5558 -0.0000
vn 0.5758 0.3891 -0.7191
vn 0.2918 0.1989 -0.9356
vn 0.1279 0.0878 -0.9879
vn 0.1393 -0.0000 0.9903
vn 0.3205 -0.0000 0.9472
vn 0.6561 -0.0000 0.7546
vn 0.6561 -0.0000 -0.7546
vn 0.3205 -0.0000 -0.9472
vn 0.1393 -0.0000 -0.9903
vn 0.1279 -0.0878 0.9879
vn 0.2918 -0.1989 0.9356
vn 0.5758 -0.3891 0.7191
vn 0.8313 -0.5558 -0.0000
vn 0.5758 -0.3891 -0.7191
vn 0.2918 -0.1989 -0.9356
vn 0.1279 -0.0878 -0.9879
vn 0.0966 -0.1600 0.9824
vn 0.2159 -0.3553 0.9095
vn 0.3965 -0.6469 0.6514
vn 0.5265 -0.8502 -0.0000
vn 0.3965 -0.6469 -0.6514
vn 0.2159 -0.3553 -0.9095
vn 0.0966 -0.1600 -0.9824
vn 0.0516 -0.2063 0.9771
vn 0.1132 -0.4499 0.8859
vn 0.1967 -0.7748 0.6008
vn 0.2483 -0.9687 -0.0000
vn 0.1967 -0.7748 -0.6008
vn 0.1132 -0.4499 -0.8859
vn 0.0516 -0.2063 -0.9771
vn -0.0000 -0.2221 0.9750
vn -0.0000 -0.4810 0.8767
vn -0.0000 -0.4810 -0.8767
vn -0.0000 -0.9483 0.3173
vn -0.0000 -0.9483 -0.3173
vn -0.0000 -0.4739 -0.8806
vn -0.1656 -0.4333 0.8859
vn -0.2682 -0.7262 0.6330
vn -0.3230 -0.8894 0.3235
vn -0.3397 -0.9405 -0.0000
vn -0.3230 -0.8894 -0.3235
vn -0.2682 -0.7262 -0.6330
vn -0.1656 -0.4333 -0.8859
vn -0.2998 -0.3252 0.8968
vn -0.5048 -0.5654 0.6523
vn -0.6224 -0.7062 0.3375
vn -0.6598 -0.7514 -0.0000
vn -0.6224 -0.7062 -0.3375
vn -0.5048 -0.5654 -0.6523
vn -0.2998 -0.3252 -0.8968
vn -0.3860 -0.1736 0.9060
vn -0.6734 -0.3123 0.6701
vn -0.8480 -0.3971 0.3511
vn -0.9052 -0.4249 -0.0000
vn -0.8480 -0.3971 -0.3511
vn -0.6734 -0.3123 -0.6701
vn -0.3860 -0.1736 -0.9060
vn -0.4157 -0.0000 0.9095
vn -0.7358 -0.0000 0.6772
vn -0.9342 -0.0000 0.3568
vn -0.9342 -0.0000 -0.3568
vn -0.7358 -0.0000 -0.6772
vn -0.4157 -0.0000 -0.9095
vn -0.3860 0.1736 0.9060
vn -0.6734 0.3123 0.6701
vn -0.8480 0.3971 0.3511
vn -0.9052 0.4249 -0.0000
vn -0.8480 0.3971 -0.3511
vn -0.6734 0.3123 -0.6701
vn -0.3860 0.1736 -0.9060
vn -0.2998 0.3253 0.8968
vn -0.5048 0.5654 0.6523
vn -0.6224 0.7062 0.3375
vn -0.6598 0.7514 -0.0000
vn -0.6224 0.7062 -0.3375
vn -0.5048 0.5654 -0.6523
vn -0.2998 0.3253 -0.8968
vn -0.1656 0.4333 0.8859
vn -0.2682 0.7262 0.6330
vn -0.3230 0.8894 0.3235
vn -0.3397 0.9405 -0.0000
vn -0.3230 0.8894 -0.3235
vn -0.2682 0.7262 -0.6330
vn -0.1656 0.4333 -0.8859
vn -0.0000 0.4739 0.8806
vn -0.0000 0.7812 0.6242
vn -0.0000 0.9483 0.3173
vn -0.0000 0.9483 -0.3173
vn -0.0000 0.7812 -0.6242
vn -0.0000 0.4739 -0.8806
vn 0.1656 0.4333 0.8859
vn 0.2682 0.7262 0.6330
vn 0.3230 0.8894 0.3235
vn 0.3397 0.9405 -0.0000
vn 0.3230 0.8894 -0.3235
vn 0.2682 0.7262 -0.6330
vn 0.1656 0.4333 -0.8859
vn 0.2998 0.3253 0.8968
vn 0.5048 0.5654 0.6523
vn 0.6224 0.7062 0.3375
vn 0.6598 0.7514 -0.0000
vn 0.6224 0.7062 -0.3375
vn 0.5048 0.5654 -0.6523
vn 0.2998 0.3252 -0.8968
vn 0.3860 0.1736 0.9060
vn 0.6734 0.3123 0.6701
vn 0.8480 0.3971 0.3511
vn 0.9052 0.4249 -0.0000
vn 0.8480 0.3971 -0.3511
vn 0.6734 0.3123 -0.6701
vn 0.3860 0.1736 -0.9060
vn 0.4157 -0.0000 0.9095
vn 0.7358 -0.0000 0.6772
vn 0.9342 -0.0000 0.3568
vn 0.9342 -0.0000 -0.3568
vn 0.7358 -0.0000 -0.6772
vn 0.4157 -0.0000 -0.9095
vn 0.3860 -0.1736 0.9060
vn 0.6734 -0.3123 0.6701
vn 0.8480 -0.3971 0.3511
vn 0.9052 -0.4249 -0.0000
vn 0.8480 -0.3971 -0.3511
vn 0.6734 -0.3123 -0.6701
vn 0.3860 -0.1736 -0.9060
vn 0.2998 -0.3253 0.8968
vn 0.5048 -0.5654 0.6523
vn 0.6224 -0.7062 0.3375
vn 0.6598 -0.7514 -0.0000
vn 0.6224 -0.7062 -0.3375
vn 0.5048 -0.5654 -0.6523
vn 0.2998 -0.3253 -0.8968
vn 0.1656 -0.4333 0.8859
vn 0.2682 -0.7262 0.6330
vn 0.3230 -0.8894 0.3235
vn 0.3397 -0.9405 -0.0000
vn 0.3230 -0.8894 -0.3235
vn 0.2682 -0.7262 -0.6330
vn 0.1656 -0.4333 -0.8859
vn -0.0000 -0.4739 0.8806
vn -0.0000 -0.7812 0.6242
vn -0.0000 -0.7812 -0.6242
vn -0.0000 -0.9764 0.2158
vn -0.0000 -0.9764 -0.2158
vn -0.0000 -0.6158 -0.7879
vn -0.1202 -0.5842 0.8027
vn -0.1798 -0.8516 0.4924
vn -0.2023 -0.9524 0.2282
vn -0.2080 -0.9781 -0.0000
vn -0.2023 -0.9524 -0.2282
vn -0.1798 -0.8516 -0.4924
vn -0.1202 -0.5842 -0.8027
vn -0.2386 -0.4810 0.8436
vn -0.3774 -0.7399 0.5569
vn -0.4407 -0.8564 0.2690
vn -0.4583 -0.8888 -0.0000
vn -0.4407 -0.8564 -0.2690
vn -0.3774 -0.7399 -0.5569
vn -0.2386 -0.4810 -0.8436
vn -0.3409 -0.2849 0.8959
vn -0.5864 -0.4754 0.6559
vn -0.7334 -0.5876 0.3418
vn -0.7814 -0.6241 -0.0000
vn -0.7334 -0.5876 -0.3418
vn -0.5864 -0.4754 -0.6559
vn -0.3409 -0.2849 -0.8959
vn -0.3857 -0.0000 0.9226
vn -0.6976 -0.0000 0.7165
vn -0.9188 -0.0000 0.3946
vn -0.9188 -0.0000 -0.3946
vn -0.6976 -0.0000 -0.7165
vn -0.3857 -0.0000 -0.9226
vn -0.3409 0.2849 0.8959
vn -0.5864 0.4754 0.6559
vn -0.7334 0.5876 0.3418
vn -0.7814 0.6241 -0.0000
vn -0.7334 0.5876 -0.3418
vn -0.5864 0.4754 -0.6559
vn -0.3409 0.2849 -0.8959
vn -0.2386 0.4810 0.8436
vn -0.3774 0.7399 0.5569
vn -0.4407 0.8564 0.2690
vn -0.4583 0.8888 -0.0000
vn -0.4407 0.8564 -0.2690
vn -0.3774 0.7399 -0.5569
vn -0.2386 0.4810 -0.8436
vn -0.1202 0.5842 0.8027
vn -0.1798 0.8516 0.4924
vn -0.2023 0.9524 0.2282
vn -0.2080 0.9781 -0.0000
vn -0.2023 0.9524 -0.2282
vn -0.1798 0.8516 -0.4924
vn -0.1202 0.5842 -0.8027
vn -0.0000 0.6158 0.7879
vn -0.0000 0.8819 0.4714
vn -0.0000 0.9764 0.2158
vn -0.0000 0.9764 -0.2158
vn -0.0000 0.8819 -0.4714
vn -0.0000 0.6158 -0.7879
vn 0.1202 0.5842 0.8027
vn 0.1798 0.8516 0.4924
vn 0.2023 0.9524 0.2282
vn 0.2080 0.9781 -0.0000
vn 0.2023 0.9524 -0.2282
vn 0.1798 0.8516 -0.4924
vn 0.1202 0.5842 -0.8027
vn 0.2386 0.4810 0.8436
vn 0.3774 0.7399 0.5569
vn 0.4407 0.8564 0.2690
vn 0.4583 0.8888 -0.0000
vn 0.4407 0.8564 -0.2690
vn 0.3774 0.7399 -0.5569
vn 0.2386 0.4810 -0.8436
vn 0.3409 0.2849 0.8959
vn 0.5864 0.4754 0.6559
vn 0.7334 0.5876 0.3418
vn 0.7814 0.6241 -0.0000
vn 0.7334 0.5876 -0.3418
vn 0.5864 0.4754 -0.6559
vn 0.3409 0.2849 -0.8959
vn 0.3857 -0.0000 0.9226
vn 0.6976 -0.0000 0.7165
vn 0.9188 -0.0000 0.3946
vn 0.9188 -0.0000 -0.3946
vn 0.6976 -0.0000 -0.7165
vn 0.3857 -0.0000 -0.9226
vn 0.3409 -0.2849 0.8959
vn 0.5864 -0.4754 0.6559
vn 0.7334 -0.5876 0.3418
vn 0.7814 -0.6241 -0.0000
vn 0.7334 -0.5876 -0.3418
vn 0.5864 -0.4754 -0.6559
vn 0.3409 -0.2849 -0.8959
vn 0.2386 -0.4810 0.8436
vn 0.3774 -0.7399 0.5569
vn 0.4407 -0.8564 0.2690
vn 0.4583 -0.8888 -0.0000
vn 0.4407 -0.8564 -0.2690
vn 0.3774 -0.7399 -0.5569
vn 0.2386 -0.4810 -0.8436
vn 0.1202 -0.5842 0.8027
vn 0.1798 -0.8516 0.4924
vn 0.2023 -0.9524 0.2282
vn 0.2080 -0.9781 -0.0000
vn 0.2023 -0.9524 -0.2282
vn 0.1798 -0.8516 -0.4924
vn 0.1202 -0.5842 -0.8027
vn -0.0000 -0.6158 0.7879
vn -0.0000 -0.8819 0.4714
vn -0.0000 -0.8819 -0.4714
vn -0.0000 -0.9890 0.1477
vn -0.0000 -0.9890 -0.1477
vn -0.0000 -0.7377 -0.6751
vn -0.1150 -0.7090 0.6958
vn -0.1536 -0.9183 0.3648
vn -0.1632 -0.9738 0.1582
vn -0.1653 -0.9862 -0.0000
vn -0.1632 -0.9738 -0.1582
vn -0.1536 -0.9183 -0.3648
vn -0.1150 -0.7090 -0.6958
vn -0.2378 -0.6099 0.7559
vn -0.3387 -0.8342 0.4351
vn -0.3711 -0.9078 0.1954
vn -0.3787 -0.9255 -0.0000
vn -0.3711 -0.9078 -0.1954
vn -0.3387 -0.8342 -0.4351
vn -0.2378 -0.6099 -0.7559
vn -0.3673 -0.3910 0.8439
vn -0.5814 -0.5869 0.5635
vn -0.6821 -0.6779 0.2741
vn -0.7105 -0.7037 -0.0000
vn -0.6821 -0.6779 -0.2741
vn -0.5814 -0.5869 -0.5635
vn -0.3673 -0.3911 -0.8439
vn -0.4393 -0.0000 0.8983
vn -0.7496 -0.0000 0.6619
vn -0.9381 -0.0000 0.3463
vn -0.9381 -0.0000 -0.3463
vn -0.7496 -0.0000 -0.6619
vn -0.4393 -0.0000 -0.8983
vn -0.3673 0.3910 0.8439
vn -0.5814 0.5869 0.5635
vn -0.6821 0.6779 0.2741
vn -0.7105 0.7037 -0.0000
vn -0.6821 0.6780 -0.2741
vn -0.5814 0.5869 -0.5635
vn -0.3673 0.3910 -0.8439
vn -0.2378 0.6099 0.7559
vn -0.3387 0.8342 0.4351
vn -0.3711 0.9078 0.1954
vn -0.3787 0.9255 -0.0000
vn -0.3711 0.9078 -0.1954
vn -0.3387 0.8342 -0.4351
vn -0.2378 0.6099 -0.7559
vn -0.1150 0.7090 0.6958
vn -0.1536 0.9183 0.3648
vn -0.1632 0.9738 0.1582
vn -0.1653 0.9862 -0.0000
vn -0.1632 0.9738 -0.1582
vn -0.1536 0.9183 -0.3648
vn -0.1150 0.7090 -0.6958
vn -0.0000 0.7377 0.6751
vn -0.0000 0.9391 0.3436
vn -0.0000 0.9890 0.1477
vn -0.0000 0.9890 -0.1477
vn -0.0000 0.9391 -0.3436
vn -0.0000 0.7377 -0.6751
vn 0.1150 0.7090 0.6958
vn 0.1536 0.9183 0.3648
vn 0.1632 0.9738 0.1582
vn 0.1653 0.9862 -0.0000
vn 0.1632 0.9738 -0.1582
vn 0.1536 0.9183 -0.3648
vn 0.1150 0.7090 -0.6958
vn 0.2378 0.6099 0.7559
vn 0.3387 0.8343 0.4351
vn 0.3711 0.9078 0.1954
vn 0.3787 0.9255 -0.0000
vn 0.3711 0.9078 -0.1954
vn 0.3387 0.8343 -0.4351
vn 0.2378 0.6099 -0.7559
vn 0.3673 0.3910 0.8439
vn 0.5814 0.5869 0.5635
vn 0.6821 0.6779 0.2741
vn 0.7105 0.7037 -0.0000
vn 0.6821 0.6779 -0.2741
vn 0.5814 0.5869 -0.5635
vn 0.3673 0.3910 -0.8439
vn 0.4393 -0.0000 0.8983
vn 0.7496 -0.0000 0.6619
vn 0.9381 -0.0000 0.3463
vn 0.9381 -0.0000 -0.3463
vn 0.7496 -0.0000 -0.6619
vn 0.4393 -0.0000 -0.8983
vn 0.3673 -0.3910 0.8439
vn 0.5814 -0.5869 0.5635
vn 0.6821 -0.6779 0.2741
vn 0.7105 -0.7037 -0.0000
vn 0.6821 -0.6779 -0.2741
vn 0.5814 -0.5869 -0.5635
vn 0.3673 -0.3910 -0.8439
vn 0.2378 -0.6099 0.7559
vn 0.3387 -0.8342 0.4351
vn 0.3711 -0.9078 0.1954
vn 0.3787 -0.9255 -0.0000
vn 0.3711 -0.9078 -0.1954
vn 0.3387 -0.8342 -0.4351
vn 0.2378 -0.6099 -0.7559
vn 0.1150 -0.7090 0.6958
vn 0.1536 -0.9183 0.3648
vn 0.1632 -0.9738 0.1582
vn 0.1653 -0.9862 -0.0000
vn 0.1632 -0.9738 -0.1582
vn 0.1536 -0.9183 -0.3648
vn 0.1150 -0.7090 -0.6958
vn -0.0000 -0.7377 0.6751
vn -0.0000 -0.9391 0.3436
vn -0.0000 -0.9391 -0.3436
vn 0.1011 0.8462 0.5231
vn 0.6415 0.3972 0.6564
vn 0.8532 -0.2798 0.4403
vn 0.6016 -0.7987 -0.0117
vn 0.0655 -0.8976 -0.4360
vn -0.5586 -0.5046 -0.6583
vn -0.8530 0.2676 -0.4481
vn -0.5215 0.8481 0.0933
vn -0.0649 0.8435 0.5333
vn 0.5074 0.3895 0.7686
vn 0.7749 -0.3556 0.5226
vn 0.5203 -0.8519 -0.0594
vn 0.0100 -0.8277 -0.5611
vn -0.4789 -0.3637 -0.7990
vn -0.7359 0.3312 -0.5905
vn -0.5614 0.8275 -0.0090
vn -0.3931 0.7426 0.5422
vn -0.0899 0.0704 0.9935
vn 0.2990 -0.6948 0.6542
vn 0.4319 -0.8974 -0.0902
vn 0.2612 -0.6258 -0.7349
vn 0.0173 -0.0234 -0.9996
vn -0.2180 0.5981 -0.7712
vn -0.3967 0.9017 -0.1718
vn -0.6381 0.5887 0.4962
vn -0.6465 -0.2172 0.7314
vn -0.2227 -0.8442 0.4875
vn 0.3040 -0.9526 -0.0095
vn 0.6355 -0.5221 -0.5689
vn 0.5732 0.2250 -0.7879
vn 0.2075 0.8169 -0.5382
vn -0.2445 0.9686 -0.0460
vn -0.7197 0.5039 0.4776
vn -0.7416 -0.2305 0.6300
vn -0.3679 -0.8180 0.4422
vn 0.1775 -0.9833 0.0405
vn 0.6891 -0.5749 -0.4412
vn 0.7287 0.2694 -0.6297
vn 0.2562 0.8933 -0.3694
vn -0.3112 0.9476 0.0717
vn -0.1653 0.8972 0.4095
vn 0.5148 0.6944 0.5029
vn 0.9478 0.0714 0.3106
vn 0.7994 -0.5963 -0.0727
vn 0.2403 -0.8912 -0.3848
vn -0.4160 -0.7559 -0.5056
vn -0.9282 -0.1452 -0.3425
vn -0.8055 0.5888 0.0671
vn -0.2057 0.9031 0.3770
vn 0.4491 0.7217 0.5268
vn 0.9215 0.0884 0.3782
vn 0.7858 -0.6180 -0.0260
vn 0.1865 -0.9045 -0.3836
vn -0.4676 -0.7121 -0.5237
vn -0.9226 -0.0790 -0.3777
vn -0.7873 0.6164 0.0173
vn -0.1970 0.9310 0.3072
vn 0.4030 0.6974 0.5926
vn 0.8373 0.0115 0.5467
vn 0.7054 -0.6969 0.1295
vn 0.1471 -0.9326 -0.3295
vn -0.4510 -0.6667 -0.5933
vn -0.8382 0.0137 -0.5452
vn -0.7059 0.6921 -0.1507
vn -0.1479 0.9557 0.2544
vn 0.3732 0.6598 0.6522
vn 0.7197 -0.0655 0.6912
vn 0.5945 -0.7549 0.2770
vn 0.1262 -0.9552 -0.2678
vn -0.3933 -0.6432 -0.6569
vn -0.7197 0.0770 -0.6900
vn -0.5941 0.7522 -0.2851
vn -0.1555 0.9650 0.2112
vn 0.3394 0.6772 0.6529
vn 0.6756 -0.0646 0.7344
vn 0.5522 -0.7732 0.3119
vn 0.0946 -0.9564 -0.2763
vn -0.3972 -0.6057 -0.6894
vn -0.6824 0.1150 -0.7219
vn -0.5606 0.7611 -0.3262
vn -0.0000 -0.9528 0.3035
vn -0.0000 -0.9528 -0.3035
vn -0.0000 -0.4899 -0.8718
vn -0.1486 -0.4530 0.8791
vn -0.2410 -0.7478 0.6186
vn -0.2892 -0.9049 0.3124
vn -0.3038 -0.9527 -0.0000
vn -0.2892 -0.9049 -0.3124
vn -0.2410 -0.7478 -0.6186
vn -0.1486 -0.4530 -0.8791
vn -0.2754 -0.3478 0.8962
vn -0.4661 -0.5989 0.6513
vn -0.5757 -0.7451 0.3368
vn -0.6107 -0.7919 -0.0000
vn -0.5757 -0.7451 -0.3368
vn -0.4661 -0.5989 -0.6513
vn -0.2754 -0.3478 -0.8962
vn -0.3614 -0.1891 0.9131
vn -0.6406 -0.3409 0.6880
vn -0.8200 -0.4391 0.3671
vn -0.8813 -0.4726 -0.0000
vn -0.8200 -0.4391 -0.3671
vn -0.6406 -0.3409 -0.6880
vn -0.3614 -0.1891 -0.9131
vn -0.3920 -0.0000 0.9200
vn -0.7094 -0.0000 0.7048
vn -0.9241 -0.0000 0.3821
vn -0.9241 -0.0000 -0.3821
vn -0.7094 -0.0000 -0.7048
vn -0.3920 -0.0000 -0.9200
vn -0.3614 0.1891 0.9130
vn -0.6406 0.3409 0.6880
vn -0.8200 0.4391 0.3671
vn -0.8813 0.4726 -0.0000
vn -0.8200 0.4391 -0.3671
vn -0.6406 0.3409 -0.6880
vn -0.3614 0.1891 -0.9131
vn -0.2754 0.3478 0.8962
vn -0.4661 0.5989 0.6513
vn -0.5757 0.7451 0.3368
vn -0.6107 0.7919 -0.0000
vn -0.5757 0.7451 -0.3368
vn -0.4661 0.5989 -0.6513
vn -0.2754 0.3478 -0.8962
vn -0.1486 0.4530 0.8791
vn -0.2410 0.7478 0.6186
vn -0.2892 0.9049 0.3124
vn -0.3038 0.9527 -0.0000
vn -0.2892 0.9049 -0.3124
vn -0.2410 0.7478 -0.6186
vn -0.1486 0.4530 -0.8791
vn -0.0000 0.4899 0.8718
vn -0.0000 0.7955 0.6060
vn -0.0000 0.9528 0.3035
vn -0.0000 0.9528 -0.3035
vn -0.0000 0.7955 -0.6060
vn -0.0000 0.4899 -0.8718
vn 0.1486 0.4530 0.8791
vn 0.2410 0.7478 0.6186
vn 0.2892 0.9049 0.3124
vn 0.3038 0.9527 -0.0000
vn 0.2892 0.9049 -0.3124
vn 0.2410 0.7478 -0.6186
vn 0.1486 0.4530 -0.8791
vn 0.2754 0.3478 0.8962
vn 0.4661 0.5989 0.6513
vn 0.5757 0.7451 0.3368
vn 0.6107 0.7919 -0.0000
vn 0.5757 0.7451 -0.3368
vn 0.4661 0.5989 -0.6513
vn 0.2754 0.3478 -0.8962
vn 0.3614 0.1891 0.9130
vn 0.6406 0.3409 0.6880
vn 0.8200 0.4391 0.3671
vn 0.8813 0.4726 -0.0000
vn 0.8200 0.4391 -0.3671
vn 0.6406 0.3409 -0.6880
vn 0.3614 0.1891 -0.9130
vn 0.3920 -0.0000 0.9200
vn 0.7094 -0.0000 0.7048
vn 0.9241 -0.0000 0.3821
vn 0.9241 -0.0000 -0.3821
vn 0.7094 -0.0000 -0.7048
vn 0.3920 -0.0000 -0.9200
vn 0.3614 -0.1891 0.9131
vn 0.6406 -0.3409 0.6880
vn 0.8200 -0.4391 0.3671
vn 0.8813 -0.4726 -0.0000
vn 0.8200 -0.4391 -0.3671
vn 0.6406 -0.3409 -0.6880
vn 0.3614 -0.1891 -0.9131
vn 0.2754 -0.3478 0.8962
vn 0.4661 -0.5989 0.6513
vn 0.5757 -0.7451 0.3368
vn 0.6107 -0.7919 -0.0000
vn 0.5757 -0.7451 -0.3368
vn 0.4661 -0.5989 -0.6513
vn 0.2754 -0.3478 -0.8962
vn 0.1486 -0.4530 0.8791
vn 0.2410 -0.7478 0.6186
vn 0.2892 -0.9049 0.3124
vn 0.3038 -0.9527 -0.0000
vn 0.2892 -0.9049 -0.3124
vn 0.2410 -0.7478 -0.6186
vn 0.1486 -0.4530 -0.8791
vn -0.0000 -0.4899 0.8718
vn -0.0000 -0.7955 0.6060
vn -0.0000 -0.7955 -0.6060
vn -0.1565 0.9098 0.3844
vn 0.5149 0.7057 0.4866
vn 0.9455 0.0770 0.3165
vn 0.7961 -0.6031 -0.0498
vn 0.2319 -0.9039 -0.3593
vn -0.4270 -0.7618 -0.4872
vn -0.9302 -0.1371 -0.3404
vn -0.7954 0.6040 0.0504
vn -0.2066 0.9023 0.3784
vn 0.4546 0.7191 0.5256
vn 0.9237 0.0815 0.3744
vn 0.7822 -0.6224 -0.0286
vn 0.1858 -0.9051 -0.3825
vn -0.4621 -0.7147 -0.5251
vn -0.9203 -0.0861 -0.3815
vn -0.7911 0.6116 0.0153
vn -0.2393 0.8867 0.3955
vn 0.3922 0.6526 0.6484
vn 0.8499 -0.0111 0.5269
vn 0.7347 -0.6765 0.0510
vn 0.1858 -0.8919 -0.4122
vn -0.4126 -0.6405 -0.6477
vn -0.8392 0.0001 -0.5438
vn -0.7523 0.6527 -0.0896
vn -0.2445 0.8750 0.4177
vn 0.3205 0.5740 0.7535
vn 0.7412 -0.0987 0.6640
vn 0.6825 -0.7169 0.1420
vn 0.2217 -0.8759 -0.4286
vn -0.3303 -0.5684 -0.7535
vn -0.7361 0.0941 -0.6703
vn -0.6877 0.7081 -0.1602
vn -0.2731 0.8773 0.3948
vn 0.2520 0.5938 0.7641
vn 0.6891 -0.0791 0.7203
vn 0.6681 -0.7221 0.1794
vn 0.2104 -0.8648 -0.4559
vn -0.3463 -0.4985 -0.7947
vn -0.7159 0.1707 -0.6771
vn -0.6617 0.7315 -0.1646
vn -0.3614 -0.1891 0.9130
vn -0.3614 -0.1891 -0.9130
vn -0.3614 0.1891 0.9131
vn 0.3614 0.1891 0.9131
vn 0.3614 0.1891 -0.9131
vn -0.1495 0.9195 0.3636
vn 0.5146 0.7145 0.4739
vn 0.9432 0.0812 0.3222
vn 0.7927 -0.6089 -0.0303
vn 0.2247 -0.9138 -0.3383
vn -0.4359 -0.7658 -0.4728
vn -0.9313 -0.1298 -0.3403
vn -0.7865 0.6165 0.0356
vn -0.2069 0.9019 0.3792
vn 0.4592 0.7169 0.5246
vn 0.9254 0.0758 0.3714
vn 0.7793 -0.6259 -0.0306
vn 0.1855 -0.9055 -0.3816
vn -0.4574 -0.7168 -0.5263
vn -0.9185 -0.0918 -0.3847
vn -0.7939 0.6079 0.0135
vn -0.2706 0.8432 0.4645
vn 0.3873 0.6139 0.6878
vn 0.8626 -0.0232 0.5054
vn 0.7586 -0.6515 -0.0119
vn 0.2144 -0.8531 -0.4757
vn -0.3855 -0.6137 -0.6890
vn -0.8406 -0.0105 -0.5416
vn -0.7878 0.6145 -0.0408
vn -0.3137 0.7804 0.5408
vn 0.2899 0.4905 0.8218
vn 0.7649 -0.1151 0.6338
vn 0.7511 -0.6593 0.0353
vn 0.2893 -0.7842 -0.5489
vn -0.2912 -0.4908 -0.8212
vn -0.7536 0.1037 -0.6491
vn -0.7597 0.6474 -0.0608
vn -0.3548 0.7683 0.5327
vn 0.1989 0.4992 0.8433
vn 0.7055 -0.0929 0.7026
vn 0.7548 -0.6519 0.0734
vn 0.2922 -0.7543 -0.5879
vn -0.3180 -0.4001 -0.8595
vn -0.7510 0.1942 -0.6311
vn -0.7425 0.6688 -0.0384
vn -0.6821 -0.6780 -0.2741
vn 0.3387 0.8342 0.4351
vn 0.8532 0.2798 0.4403
vn 0.6415 -0.3972 0.6564
vn 0.1011 -0.8462 0.5231
vn -0.5215 -0.8481 0.0933
vn -0.8530 -0.2676 -0.4481
vn -0.5586 0.5046 -0.6583
vn 0.0655 0.8976 -0.4360
vn 0.6016 0.7987 -0.0117
vn 0.7749 0.3556 0.5226
vn 0.5074 -0.3895 0.7686
vn -0.0649 -0.8435 0.5333
vn -0.5614 -0.8275 -0.0090
vn -0.7359 -0.3312 -0.5905
vn -0.4789 0.3637 -0.7990
vn 0.0100 0.8277 -0.5611
vn 0.5203 0.8519 -0.0594
vn 0.2990 0.6948 0.6542
vn -0.0899 -0.0704 0.9935
vn -0.3931 -0.7426 0.5422
vn -0.3967 -0.9017 -0.1718
vn -0.2180 -0.5981 -0.7712
vn 0.0173 0.0234 -0.9996
vn 0.2612 0.6258 -0.7349
vn 0.4319 0.8974 -0.0902
vn -0.2227 0.8442 0.4875
vn -0.6465 0.2173 0.7314
vn -0.6381 -0.5887 0.4962
vn -0.2445 -0.9686 -0.0460
vn 0.2075 -0.8169 -0.5382
vn 0.5732 -0.2250 -0.7879
vn 0.6355 0.5221 -0.5689
vn 0.3040 0.9526 -0.0095
vn -0.3679 0.8180 0.4422
vn -0.7416 0.2305 0.6300
vn -0.7197 -0.5039 0.4776
vn -0.3112 -0.9476 0.0717
vn 0.2562 -0.8933 -0.3694
vn 0.7287 -0.2694 -0.6297
vn 0.6891 0.5749 -0.4412
vn 0.1775 0.9833 0.0405
vn 0.9478 -0.0714 0.3106
vn 0.5148 -0.6944 0.5029
vn -0.1653 -0.8972 0.4095
vn -0.8055 -0.5888 0.0671
vn -0.9282 0.1452 -0.3425
vn -0.4160 0.7559 -0.5056
vn 0.2403 0.8912 -0.3848
vn 0.7994 0.5963 -0.0727
vn 0.9215 -0.0884 0.3782
vn 0.4491 -0.7217 0.5268
vn -0.2057 -0.9031 0.3770
vn -0.7873 -0.6164 0.0173
vn -0.9226 0.0790 -0.3777
vn -0.4676 0.7121 -0.5237
vn 0.1865 0.9045 -0.3836
vn 0.7858 0.6180 -0.0260
vn 0.8373 -0.0115 0.5467
vn 0.4030 -0.6974 0.5926
vn -0.1970 -0.9310 0.3072
vn -0.7059 -0.6921 -0.1507
vn -0.8382 -0.0137 -0.5452
vn -0.4510 0.6667 -0.5933
vn 0.1471 0.9326 -0.3295
vn 0.7054 0.6969 0.1295
vn 0.7197 0.0655 0.6912
vn 0.3732 -0.6598 0.6522
vn -0.1479 -0.9557 0.2544
vn -0.5941 -0.7522 -0.2851
vn -0.7197 -0.0770 -0.6900
vn -0.3933 0.6432 -0.6569
vn 0.1262 0.9552 -0.2678
vn 0.5945 0.7549 0.2770
vn 0.6756 0.0646 0.7344
vn 0.3394 -0.6772 0.6529
vn -0.1555 -0.9650 0.2112
vn -0.5606 -0.7611 -0.3262
vn -0.6824 -0.1150 -0.7219
vn -0.3972 0.6057 -0.6894
vn 0.0946 0.9564 -0.2763
vn 0.5522 0.7732 0.3119
vn 0.9455 -0.0770 0.3165
vn 0.5149 -0.7057 0.4866
vn -0.1565 -0.9098 0.3844
vn -0.7954 -0.6040 0.0504
vn -0.9302 0.1371 -0.3404
vn -0.4270 0.7618 -0.4872
vn 0.2319 0.9039 -0.3593
vn 0.7961 0.6031 -0.0498
vn 0.9237 -0.0815 0.3744
vn 0.4546 -0.7191 0.5256
vn -0.2066 -0.9023 0.3784
vn -0.7911 -0.6116 0.0153
vn -0.9203 0.0861 -0.3815
vn -0.4621 0.7147 -0.5251
vn 0.1858 0.9051 -0.3825
vn 0.7822 0.6224 -0.0286
vn 0.8499 0.0111 0.5269
vn 0.3922 -0.6525 0.6484
vn -0.2393 -0.8867 0.3955
vn -0.7523 -0.6527 -0.0896
vn -0.8392 -0.0001 -0.5438
vn -0.4126 0.6405 -0.6477
vn 0.1858 0.8919 -0.4122
vn 0.7347 0.6765 0.0510
vn 0.7412 0.0987 0.6640
vn 0.3205 -0.5740 0.7535
vn -0.2445 -0.8750 0.4177
vn -0.6877 -0.7081 -0.1602
vn -0.7361 -0.0941 -0.6703
vn -0.3303 0.5684 -0.7535
vn 0.2217 0.8759 -0.4286
vn 0.6825 0.7169 0.1420
vn 0.6891 0.0791 0.7203
vn 0.2520 -0.5938 0.7641
vn -0.2731 -0.8773 0.3948
vn -0.6617 -0.7315 -0.1646
vn -0.7159 -0.1707 -0.6771
vn -0.3463 0.4985 -0.7947
vn 0.2104 0.8648 -0.4559
vn 0.6681 0.7221 0.1794
vn 0.9432 -0.0812 0.3222
vn 0.5146 -0.7145 0.4739
vn -0.1495 -0.9195 0.3636
vn -0.7865 -0.6165 0.0356
vn -0.9313 0.1298 -0.3403
vn -0.4359 0.7658 -0.4728
vn 0.2247 0.9138 -0.3383
vn 0.7927 0.6089 -0.0303
vn 0.9254 -0.0758 0.3714
vn 0.4592 -0.7169 0.5246
vn -0.2069 -0.9019 0.3792
vn -0.7939 -0.6079 0.0135
vn -0.9185 0.0918 -0.3847
vn -0.4574 0.7168 -0.5263
vn 0.1855 0.9055 -0.3816
vn 0.7793 0.6259 -0.0306
vn 0.8626 0.0232 0.5054
vn 0.3873 -0.6139 0.6878
vn -0.2706 -0.8432 0.4645
vn -0.7878 -0.6145 -0.0408
vn -0.8406 0.0105 -0.5416
vn -0.3855 0.6137 -0.6890
vn 0.2144 0.8531 -0.4757
vn 0.7586 0.6515 -0.0119
vn 0.7649 0.1151 0.6338
vn 0.2899 -0.4905 0.8218
vn -0.3137 -0.7804 0.5408
vn -0.7597 -0.6474 -0.0608
vn -0.7536 -0.1037 -0.6491
vn -0.2912 0.4908 -0.8212
vn 0.2893 0.7842 -0.5489
vn 0.7511 0.6593 0.0353
vn 0.7055 0.0929 0.7026
vn 0.1989 -0.4992 0.8433
vn -0.3548 -0.7683 0.5327
vn -0.7425 -0.6688 -0.0384
vn -0.7510 -0.1942 -0.6311
vn -0.3180 0.4001 -0.8595
vn 0.2922 0.7543 -0.5879
vn 0.7548 0.6519 0.0734
vt 0.750000 0.250000
vt 0.687500 0.125000
vt 0.750000 0.125000
vt 0.750000 0.500000
vt 0.687500 0.375000
vt 0.750000 0.375000
vt 0.750000 0.750000
vt 0.687500 0.625000
vt 0.750000 0.625000
vt 0.750000 0.875000
vt 0.718750 1.000000
vt 0.687500 0.875000
vt 0.718750 0.000000
vt 0.687500 0.250000
vt 0.687500 0.500000
vt 0.687500 0.750000
vt 0.656250 0.000000
vt 0.625000 0.125000
vt 0.625000 0.250000
vt 0.625000 0.500000
vt 0.625000 0.750000
vt 0.625000 0.375000
vt 0.625000 0.625000
vt 0.656250 1.000000
vt 0.625000 0.875000
vt 0.562500 0.625000
vt 0.562500 0.500000
vt 0.562500 0.750000
vt 0.562500 0.125000
vt 0.562500 0.375000
vt 0.593750 1.000000
vt 0.562500 0.875000
vt 0.593750 0.000000
vt 0.562500 0.250000
vt 0.500000 0.125000
vt 0.500000 0.500000
vt 0.500000 0.375000
vt 0.500000 0.750000
vt 0.500000 0.625000
vt 0.531250 1.000000
vt 0.500000 0.875000
vt 0.531250 0.000000
vt 0.500000 0.250000
vt 0.437500 0.625000
vt 0.468750 1.000000
vt 0.437500 0.875000
vt 0.468750 0.000000
vt 0.437500 0.125000
vt 0.437500 0.250000
vt 0.437500 0.500000
vt 0.437500 0.750000
vt 0.437500 0.375000
vt 0.406250 0.000000
vt 0.375000 0.125000
vt 0.375000 0.250000
vt 0.375000 0.625000
vt 0.375000 0.500000
vt 0.375000 0.875000
vt 0.375000 0.750000
vt 0.375000 0.375000
vt 0.406250 1.000000
vt 0.312500 0.750000
vt 0.312500 0.125000
vt 0.312500 0.500000
vt 0.312500 0.375000
vt 0.312500 0.625000
vt 0.343750 1.000000
vt 0.312500 0.875000
vt 0.343750 0.000000
vt 0.312500 0.250000
vt 0.250000 0.250000
vt 0.250000 0.125000
vt 0.250000 0.375000
vt 0.250000 0.625000
vt 0.281250 1.000000
vt 0.250000 0.875000
vt 0.281250 0.000000
vt 0.250000 0.500000
vt 0.250000 0.750000
vt 0.218750 1.000000
vt 0.187500 0.875000
vt 0.218750 0.000000
vt 0.187500 0.125000
vt 0.187500 0.375000
vt 0.187500 0.250000
vt 0.187500 0.500000
vt 0.187500 0.750000
vt 0.187500 0.625000
vt 0.125000 0.375000
vt 0.125000 0.250000
vt 0.125000 0.625000
vt 0.125000 0.500000
vt 0.125000 0.750000
vt 0.125000 0.125000
vt 0.156250 1.000000
vt 0.125000 0.875000
vt 0.156250 0.000000
vt 0.062500 0.125000
vt 0.062500 0.375000
vt 0.062500 0.625000
vt 0.093750 1.000000
vt 0.062500 0.875000
vt 0.093750 0.000000
vt 0.062500 0.250000
vt 0.062500 0.500000
vt 0.062500 0.750000
vt 0.000000 0.375000
vt 0.000000 0.625000
vt 0.031250 1.000000
vt 0.000000 0.875000
vt 0.031250 0.000000
vt 0.000000 0.125000
vt 0.000000 0.250000
vt 0.000000 0.500000
vt 0.000000 0.750000
vt 0.968750 0.000000
vt 1.000000 0.125000
vt 0.937500 0.125000
vt 1.000000 0.375000
vt 0.937500 0.250000
vt 1.000000 0.250000
vt 1.000000 0.500000
vt 0.937500 0.625000
vt 0.937500 0.500000
vt 1.000000 0.875000
vt 0.937500 0.750000
vt 1.000000 0.750000
vt 0.937500 0.375000
vt 1.000000 0.625000
vt 0.968750 1.000000
vt 0.937500 0.875000
vt 0.875000 0.625000
vt 0.875000 0.500000
vt 0.875000 0.750000
vt 0.875000 0.125000
vt 0.875000 0.375000
vt 0.906250 1.000000
vt 0.875000 0.875000
vt 0.906250 0.000000
vt 0.875000 0.250000
vt 0.812500 0.125000
vt 0.812500 0.375000
vt 0.812500 0.625000
vt 0.843750 1.000000
vt 0.812500 0.875000
vt 0.843750 0.000000
vt 0.812500 0.250000
vt 0.812500 0.500000
vt 0.812500 0.750000
vt 0.781250 1.000000
vt 0.781250 0.000000
vt 0.250000 1.000000
vt 0.000000 1.000000
vt 0.250000 0.125000
vt 0.000000 0.000000
vt 0.000000 0.125000
vt 0.250000 0.250000
vt 0.250000 0.375000
vt 0.000000 0.625000
vt 0.250000 0.500000
vt 0.000000 0.750000
vt 0.250000 0.625000
vt 0.250000 0.875000
vt 0.500000 1.000000
vt 0.500000 0.125000
vt 0.250000 0.000000
vt 0.500000 0.250000
vt 0.500000 0.375000
vt 0.500000 0.500000
vt 0.250000 0.750000
vt 0.500000 0.625000
vt 0.500000 0.875000
vt 0.750000 0.875000
vt 0.750000 0.125000
vt 0.500000 0.000000
vt 0.750000 0.250000
vt 0.500000 0.750000
vt 0.750000 0.750000
vt 0.750000 1.000000
vt 1.000000 0.000000
vt 0.750000 0.000000
vt 1.000000 0.625000
vt 1.000000 0.750000
vt 1.000000 1.000000
vt 1.000000 0.125000
s 1
g vampire_squid_mantle_vampire_squid_dark_burgundy.001
usemtl vampire_squid_dark_burgundy.001
f 114/1/114 11/2/11 4/3/4
f 2/4/2 9/5/9 3/6/3
f 113/7/113 7/8/7 1/9/1
f 112/10/112 62/11/62 5/12/5
f 61/13/61 4/3/4 11/2/11
f 114/1/114 9/5/9 10/14/10
f 1/9/1 8/15/8 2/4/2
f 113/7/113 5/12/5 6/16/6
f 61/17/61 11/2/11 18/18/18
f 9/5/9 17/19/17 10/14/10
f 7/8/7 15/20/15 8/15/8
f 5/12/5 13/21/13 6/16/6
f 10/14/10 18/18/18 11/2/11
f 9/5/9 15/20/15 16/22/16
f 6/16/6 14/23/14 7/8/7
f 5/12/5 62/24/62 12/25/12
f 15/20/15 21/26/21 22/27/22
f 12/25/12 20/28/20 13/21/13
f 17/19/17 25/29/25 18/18/18
f 15/20/15 23/30/23 16/22/16
f 13/21/13 21/26/21 14/23/14
f 12/25/12 62/31/62 19/32/19
f 61/33/61 18/18/18 25/29/25
f 17/19/17 23/30/23 24/34/24
f 24/34/24 32/35/32 25/29/25
f 23/30/23 29/36/29 30/37/30
f 21/26/21 27/38/27 28/39/28
f 19/32/19 62/40/62 26/41/26
f 61/42/61 25/29/25 32/35/32
f 23/30/23 31/43/31 24/34/24
f 21/26/21 29/36/29 22/27/22
f 19/32/19 27/38/27 20/28/20
f 27/38/27 35/44/35 28/39/28
f 26/41/26 62/45/62 33/46/33
f 61/47/61 32/35/32 39/48/39
f 30/37/30 38/49/38 31/43/31
f 28/39/28 36/50/36 29/36/29
f 27/38/27 33/46/33 34/51/34
f 32/35/32 38/49/38 39/48/39
f 29/36/29 37/52/37 30/37/30
f 61/53/61 39/48/39 46/54/46
f 37/52/37 45/55/45 38/49/38
f 36/50/36 42/56/42 43/57/43
f 34/51/34 40/58/40 41/59/41
f 39/48/39 45/55/45 46/54/46
f 36/50/36 44/60/44 37/52/37
f 34/51/34 42/56/42 35/44/35
f 33/46/33 62/61/62 40/58/40
f 40/58/40 48/62/48 41/59/41
f 45/55/45 53/63/53 46/54/46
f 44/60/44 50/64/50 51/65/51
f 41/59/41 49/66/49 42/56/42
f 40/58/40 62/67/62 47/68/47
f 61/69/61 46/54/46 53/63/53
f 45/55/45 51/65/51 52/70/52
f 42/56/42 50/64/50 43/57/43
f 53/63/53 59/71/59 60/72/60
f 50/64/50 58/73/58 51/65/51
f 48/62/48 56/74/56 49/66/49
f 47/68/47 62/75/62 54/76/54
f 61/77/61 53/63/53 60/72/60
f 51/65/51 59/71/59 52/70/52
f 50/64/50 56/74/56 57/78/57
f 47/68/47 55/79/55 48/62/48
f 54/76/54 62/80/62 63/81/63
f 61/82/61 60/72/60 69/83/69
f 59/71/59 67/84/67 68/85/68
f 56/74/56 66/86/66 57/78/57
f 54/76/54 64/87/64 55/79/55
f 59/71/59 69/83/69 60/72/60
f 57/78/57 67/84/67 58/73/58
f 55/79/55 65/88/65 56/74/56
f 68/85/68 74/89/74 75/90/75
f 66/86/66 72/91/72 73/92/73
f 63/81/63 71/93/71 64/87/64
f 69/83/69 75/90/75 76/94/76
f 66/86/66 74/89/74 67/84/67
f 64/87/64 72/91/72 65/88/65
f 63/81/63 62/95/62 70/96/70
f 61/97/61 69/83/69 76/94/76
f 75/90/75 83/98/83 76/94/76
f 73/92/73 81/99/81 74/89/74
f 71/93/71 79/100/79 72/91/72
f 70/96/70 62/101/62 77/102/77
f 61/103/61 76/94/76 83/98/83
f 75/90/75 81/99/81 82/104/82
f 73/92/73 79/100/79 80/105/80
f 70/96/70 78/106/78 71/93/71
f 80/105/80 88/107/88 81/99/81
f 78/106/78 86/108/86 79/100/79
f 77/102/77 62/109/62 84/110/84
f 61/111/61 83/98/83 90/112/90
f 82/104/82 88/107/88 89/113/89
f 80/105/80 86/108/86 87/114/87
f 78/106/78 84/110/84 85/115/85
f 82/104/82 90/112/90 83/98/83
f 61/116/61 90/117/90 97/118/97
f 88/119/88 96/120/96 89/121/89
f 87/122/87 93/123/93 94/124/94
f 84/125/84 92/126/92 85/127/85
f 89/121/89 97/118/97 90/117/90
f 87/122/87 95/128/95 88/119/88
f 85/127/85 93/123/93 86/129/86
f 84/125/84 62/130/62 91/131/91
f 94/124/94 100/132/100 101/133/101
f 91/131/91 99/134/99 92/126/92
f 96/120/96 104/135/104 97/118/97
f 94/124/94 102/136/102 95/128/95
f 92/126/92 100/132/100 93/123/93
f 91/131/91 62/137/62 98/138/98
f 61/139/61 97/118/97 104/135/104
f 96/120/96 102/136/102 103/140/103
f 103/140/103 111/141/111 104/135/104
f 101/133/101 109/142/109 102/136/102
f 99/134/99 107/143/107 100/132/100
f 98/138/98 62/144/62 105/145/105
f 61/146/61 104/135/104 111/141/111
f 103/140/103 109/142/109 110/147/110
f 101/133/101 107/143/107 108/148/108
f 98/138/98 106/149/106 99/134/99
f 106/149/106 1/9/1 107/143/107
f 105/145/105 62/150/62 112/10/112
f 61/151/61 111/141/111 4/3/4
f 110/147/110 3/6/3 114/1/114
f 107/143/107 2/4/2 108/148/108
f 106/149/106 112/10/112 113/7/113
f 110/147/110 4/3/4 111/141/111
f 108/148/108 3/6/3 109/142/109
s 3
f 232/3/225 238/14/231 239/2/232
f 231/6/224 236/15/229 237/5/230
f 341/7/329 235/8/228 229/9/223
f 340/10/328 290/11/62 233/12/226
f 289/13/61 232/3/225 239/2/232
f 342/1/330 237/5/230 238/14/231
f 229/9/223 236/15/229 230/4/2
f 340/10/328 234/16/227 341/7/329
f 233/12/226 290/24/62 240/25/233
f 289/17/61 239/2/232 246/18/239
f 238/14/231 244/22/237 245/19/238
f 235/8/228 243/20/236 236/15/229
f 233/12/226 241/21/234 234/16/227
f 239/2/232 245/19/238 246/18/239
f 237/5/230 243/20/236 244/22/237
f 234/16/227 242/23/235 235/8/228
f 245/19/238 251/30/244 252/34/245
f 242/23/235 250/27/243 243/20/236
f 240/25/233 248/28/241 241/21/234
f 246/18/239 252/34/245 253/29/246
f 244/22/237 250/27/243 251/30/244
f 241/21/234 249/26/242 242/23/235
f 240/25/233 290/31/62 247/32/240
f 289/33/61 246/18/239 253/29/246
f 253/29/246 259/43/251 260/35/252
f 251/30/244 257/36/29 258/37/250
f 248/28/241 256/39/249 249/26/242
f 247/32/240 290/40/62 254/41/247
f 289/42/61 253/29/246 260/35/252
f 252/34/245 258/37/250 259/43/251
f 249/26/242 257/36/29 250/27/243
f 247/32/240 255/38/248 248/28/241
f 257/36/29 265/52/257 258/37/250
f 256/39/249 262/51/254 263/44/255
f 254/41/247 290/45/62 261/46/253
f 289/47/61 260/35/252 267/48/259
f 258/37/250 266/49/258 259/43/251
f 257/36/29 263/44/255 264/50/256
f 255/38/248 261/46/253 262/51/254
f 259/43/251 267/48/259 260/35/252
f 289/53/61 267/48/259 274/54/266
f 265/52/257 273/55/265 266/49/258
f 264/50/256 270/56/262 271/57/263
f 262/51/254 268/58/260 269/59/261
f 266/49/258 274/54/266 267/48/259
f 264/50/256 272/60/264 265/52/257
f 263/44/255 269/59/261 270/56/262
f 261/46/253 290/61/62 268/58/260
f 271/57/263 277/66/269 278/64/270
f 269/59/261 275/68/267 276/62/268
f 273/55/265 281/63/273 274/54/266
f 271/57/263 279/65/271 272/60/264
f 270/56/262 276/62/268 277/66/269
f 268/58/260 290/67/62 275/68/267
f 289/69/61 274/54/266 281/63/273
f 272/60/264 280/70/272 273/55/265
f 280/70/272 288/72/279 281/63/273
f 278/64/270 286/73/277 279/65/271
f 277/66/269 283/79/275 284/74/276
f 275/68/267 290/75/62 282/76/274
f 289/77/61 281/63/273 288/72/279
f 279/65/271 287/71/278 280/70/272
f 278/64/270 284/74/276 285/78/57
f 276/62/268 282/76/274 283/79/275
f 283/79/275 293/88/282 284/74/276
f 282/76/274 290/80/62 291/81/280
f 289/82/61 288/72/279 297/83/286
f 287/71/278 295/84/284 296/85/285
f 284/74/276 294/86/283 285/78/57
f 282/76/274 292/87/281 283/79/275
f 288/72/279 296/85/285 297/83/286
f 286/73/277 294/86/283 295/84/284
f 289/97/61 297/83/286 304/94/293
f 296/85/285 302/89/291 303/90/292
f 293/88/282 301/92/290 294/86/283
f 291/81/280 299/93/288 292/87/281
f 297/83/286 303/90/292 304/94/293
f 295/84/284 301/92/290 302/89/291
f 292/87/281 300/91/289 293/88/282
f 291/81/280 290/95/62 298/96/287
f 298/96/287 306/106/295 299/93/288
f 304/94/293 310/104/299 311/98/300
f 302/89/291 308/105/297 309/99/298
f 299/93/288 307/100/296 300/91/289
f 298/96/287 290/101/62 305/102/294
f 289/103/61 304/94/293 311/98/300
f 303/90/292 309/99/298 310/104/299
f 300/91/289 308/105/297 301/92/290
f 311/98/300 317/113/305 318/112/306
f 309/99/298 315/114/87 316/107/304
f 306/106/295 314/108/303 307/100/296
f 305/102/294 290/109/62 312/110/301
f 289/111/61 311/98/300 318/112/306
f 310/104/299 316/107/304 317/113/305
f 307/100/296 315/114/87 308/105/297
f 305/102/294 313/115/302 306/106/295
f 312/125/301 290/130/62 319/131/307
f 289/116/61 318/117/306 325/118/313
f 316/119/304 324/120/312 317/121/305
f 315/122/87 321/123/309 322/124/310
f 313/127/302 319/131/307 320/126/308
f 317/121/305 325/118/313 318/117/306
f 315/122/87 323/128/311 316/119/304
f 314/129/303 320/126/308 321/123/309
f 323/128/311 331/140/319 324/120/312
f 322/124/310 328/132/316 329/133/317
f 320/126/308 326/138/314 327/134/315
f 324/120/312 332/135/320 325/118/313
f 322/124/310 330/136/318 323/128/311
f 321/123/309 327/134/315 328/132/316
f 319/131/307 290/137/62 326/138/314
f 289/139/61 325/118/313 332/135/320
f 331/140/319 339/141/327 332/135/320
f 329/133/317 337/142/325 330/136/318
f 328/132/316 334/149/322 335/143/323
f 326/138/314 290/144/62 333/145/321
f 289/146/61 332/135/320 339/141/327
f 330/136/318 338/147/326 331/140/319
f 329/133/317 335/143/323 336/148/324
f 327/134/315 333/145/321 334/149/322
f 336/148/324 231/6/224 337/142/325
f 335/143/323 341/7/329 229/9/223
f 333/145/321 290/150/62 340/10/328
f 289/151/61 339/141/327 232/3/225
f 337/142/325 342/1/330 338/147/326
f 336/148/324 229/9/223 230/4/2
f 334/149/322 340/10/328 341/7/329
f 338/147/326 232/3/225 339/141/327
s 4
f 344/4/2 349/8/336 350/15/337
f 455/7/437 347/12/334 348/16/335
f 456/1/438 353/2/340 346/3/333
f 344/4/2 351/5/338 345/6/332
f 343/9/331 348/16/335 349/8/336
f 454/10/436 404/11/62 347/12/334
f 403/13/61 346/3/333 353/2/340
f 345/6/332 352/14/339 456/1/438
f 352/14/339 360/18/347 353/2/340
f 350/15/337 358/22/345 351/5/338
f 349/8/336 355/21/342 356/23/343
f 347/12/334 404/24/62 354/25/341
f 403/17/61 353/2/340 360/18/347
f 351/5/338 359/19/346 352/14/339
f 350/15/337 356/23/343 357/20/344
f 348/16/335 354/25/341 355/21/342
f 354/25/341 404/31/62 361/32/348
f 403/33/61 360/18/347 367/29/354
f 358/22/345 366/34/353 359/19/346
f 357/20/344 363/26/350 364/27/351
f 355/21/342 361/32/348 362/28/349
f 359/19/346 367/29/354 360/18/347
f 357/20/344 365/30/352 358/22/345
f 356/23/343 362/28/349 363/26/350
f 365/30/352 373/43/359 366/34/353
f 364/27/351 370/39/357 371/36/29
f 362/28/349 368/41/355 369/38/356
f 366/34/353 374/35/360 367/29/354
f 364/27/351 372/37/358 365/30/352
f 363/26/350 369/38/356 370/39/357
f 361/32/348 404/40/62 368/41/355
f 403/42/61 367/29/354 374/35/360
f 374/35/360 380/49/366 381/48/367
f 372/37/358 378/50/364 379/52/365
f 369/38/356 377/44/363 370/39/357
f 368/41/355 404/45/62 375/46/361
f 403/47/61 374/35/360 381/48/367
f 373/43/359 379/52/365 380/49/366
f 370/39/357 378/50/364 371/36/29
f 368/41/355 376/51/362 369/38/356
f 379/52/365 385/57/371 386/60/372
f 376/51/362 384/56/370 377/44/363
f 375/46/361 404/61/62 382/58/368
f 403/53/61 381/48/367 388/54/374
f 380/49/366 386/60/372 387/55/373
f 377/44/363 385/57/371 378/50/364
f 375/46/361 383/59/369 376/51/362
f 381/48/367 387/55/373 388/54/374
f 403/69/61 388/54/374 395/63/381
f 387/55/373 393/65/379 394/70/380
f 384/56/370 392/64/378 385/57/371
f 382/58/368 390/62/376 383/59/369
f 388/54/374 394/70/380 395/63/381
f 386/60/372 392/64/378 393/65/379
f 383/59/369 391/66/377 384/56/370
f 382/58/368 404/67/62 389/68/375
f 391/66/377 399/78/57 392/64/378
f 389/68/375 397/79/383 390/62/376
f 395/63/381 401/71/386 402/72/387
f 393/65/379 399/78/57 400/73/385
f 390/62/376 398/74/384 391/66/377
f 389/68/375 404/75/62 396/76/382
f 403/77/61 395/63/381 402/72/387
f 394/70/380 400/73/385 401/71/386
f 401/71/386 411/83/394 402/72/387
f 399/78/57 409/84/392 400/73/385
f 398/74/384 406/87/389 407/88/390
f 396/76/382 404/80/62 405/81/388
f 403/82/61 402/72/387 411/83/394
f 400/73/385 410/85/393 401/71/386
f 399/78/57 407/88/390 408/86/391
f 397/79/383 405/81/388 406/87/389
f 407/88/390 413/93/396 414/91/397
f 405/81/388 404/95/62 412/96/395
f 403/97/61 411/83/394 418/94/401
f 409/84/392 417/90/400 410/85/393
f 408/86/391 414/91/397 415/92/398
f 406/87/389 412/96/395 413/93/396
f 410/85/393 418/94/401 411/83/394
f 408/86/391 416/89/399 409/84/392
f 403/103/61 418/94/401 425/98/408
f 416/89/399 424/104/407 417/90/400
f 415/92/398 421/100/404 422/105/405
f 413/93/396 419/102/402 420/106/403
f 417/90/400 425/98/408 418/94/401
f 415/92/398 423/99/406 416/89/399
f 414/91/397 420/106/403 421/100/404
f 412/96/395 404/101/62 419/102/402
f 420/106/403 426/110/409 427/115/410
f 424/104/407 432/112/414 425/98/408
f 422/105/405 430/107/412 423/99/406
f 421/100/404 427/115/410 428/108/411
f 419/102/402 404/109/62 426/110/409
f 403/111/61 425/98/408 432/112/414
f 423/99/406 431/113/413 424/104/407
f 422/105/405 428/108/411 429/114/87
f 432/117/414 438/120/420 439/118/421
f 430/119/412 436/124/418 437/128/419
f 427/127/410 435/123/417 428/129/411
f 426/125/409 404/130/62 433/131/415
f 403/116/61 432/117/414 439/118/421
f 431/121/413 437/128/419 438/120/420
f 428/129/411 436/124/418 429/122/87
f 426/125/409 434/126/416 427/127/410
f 433/131/415 404/137/62 440/138/422
f 403/139/61 439/118/421 446/135/428
f 438/120/420 444/136/426 445/140/427
f 435/123/417 443/133/425 436/124/418
f 433/131/415 441/134/423 434/126/416
f 439/118/421 445/140/427 446/135/428
f 437/128/419 443/133/425 444/136/426
f 434/126/416 442/132/424 435/123/417
f 445/140/427 451/142/433 452/147/434
f 442/132/424 450/148/432 443/133/425
f 440/138/422 448/149/430 441/134/423
f 446/135/428 452/147/434 453/141/435
f 444/136/426 450/148/432 451/142/433
f 441/134/423 449/143/431 442/132/424
f 440/138/422 404/144/62 447/145/429
f 403/146/61 446/135/428 453/141/435
f 453/141/435 456/1/438 346/3/333
f 451/142/433 344/4/2 345/6/332
f 448/149/430 343/9/331 449/143/431
f 447/145/429 404/150/62 454/10/436
f 403/151/61 453/141/435 346/3/333
f 452/147/434 345/6/332 456/1/438
f 449/143/431 344/4/2 450/148/432
f 447/145/429 455/7/437 448/149/430
s 7
f 619/152/595 618/110/594 611/153/587
f 620/154/596 611/155/587 612/156/588
f 621/157/597 612/156/588 613/113/589
f 622/158/598 613/113/589 614/107/590
f 615/114/591 622/158/598 614/107/590
f 616/159/592 623/160/599 615/114/591
f 617/161/593 624/162/600 616/159/592
f 618/110/594 625/170/601 617/161/593
f 627/164/603 626/163/602 619/152/595
f 628/165/604 619/166/595 620/154/596
f 629/167/605 620/154/596 621/157/597
f 630/168/606 621/157/597 622/158/598
f 623/160/599 630/168/606 622/158/598
f 624/162/600 631/169/607 623/160/599
f 625/170/601 632/171/608 624/162/600
f 626/163/602 633/177/609 625/170/601
f 635/179/611 634/172/610 627/164/603
f 636/174/612 627/175/603 628/165/604
f 637/176/613 628/165/604 629/167/605
f 638/6/614 629/167/605 630/168/606
f 631/169/607 638/6/614 630/168/606
f 632/171/608 639/4/615 631/169/607
f 633/177/609 640/9/616 632/171/608
f 634/172/610 641/178/617 633/177/609
f 643/184/619 642/173/618 635/179/611
f 644/185/620 635/181/611 636/174/612
f 645/121/621 636/174/612 637/176/613
f 646/119/622 637/176/613 638/6/614
f 639/4/615 646/119/622 638/6/614
f 640/9/616 647/122/623 639/4/615
f 641/178/617 648/182/624 640/9/616
f 642/173/618 649/183/625 641/178/617
s 9
f 773/152/743 772/110/742 765/153/735
f 774/154/744 765/155/735 766/156/736
f 775/157/745 766/156/736 767/113/737
f 776/158/746 767/113/737 768/107/738
f 769/114/739 776/158/746 768/107/738
f 770/159/740 777/160/747 769/114/739
f 771/161/741 778/162/748 770/159/740
f 772/110/742 779/170/749 771/161/741
f 781/164/751 780/163/750 773/152/743
f 782/165/752 773/166/743 774/154/744
f 783/167/753 774/154/744 775/157/745
f 784/168/754 775/157/745 776/158/746
f 777/160/747 784/168/754 776/158/746
f 778/162/748 785/169/755 777/160/747
f 779/170/749 786/171/756 778/162/748
f 780/163/750 787/177/757 779/170/749
f 789/179/759 788/172/758 781/164/751
f 790/174/760 781/175/751 782/165/752
f 791/176/761 782/165/752 783/167/753
f 792/6/762 783/167/753 784/168/754
f 785/169/755 792/6/762 784/168/754
f 786/171/756 793/4/763 785/169/755
f 787/177/757 794/9/764 786/171/756
f 788/172/758 795/178/765 787/177/757
f 797/184/767 796/173/766 789/179/759
f 798/185/768 789/181/759 790/174/760
f 799/121/769 790/174/760 791/176/761
f 800/119/770 791/176/761 792/6/762
f 793/4/763 800/119/770 792/6/762
f 794/9/764 801/122/771 793/4/763
f 795/178/765 802/182/772 794/9/764
f 796/173/766 803/183/773 795/178/765
s 11
f 927/152/788 926/110/787 919/153/780
f 928/154/789 919/155/780 920/156/781
f 929/157/790 920/156/781 921/113/782
f 930/158/791 921/113/782 922/107/783
f 923/114/784 930/158/791 922/107/783
f 924/159/785 931/160/792 923/114/784
f 925/161/786 932/162/793 924/159/785
f 926/110/787 933/170/794 925/161/786
f 935/164/796 934/163/795 927/152/788
f 936/165/797 927/166/788 928/154/789
f 937/167/798 928/154/789 929/157/790
f 938/168/799 929/157/790 930/158/791
f 931/160/792 938/168/799 930/158/791
f 932/162/793 939/169/800 931/160/792
f 933/170/794 940/171/801 932/162/793
f 934/163/795 941/177/802 933/170/794
f 943/179/804 942/172/803 935/164/796
f 944/174/805 935/175/796 936/165/797
f 945/176/806 936/165/797 937/167/798
f 946/6/807 937/167/798 938/168/799
f 939/169/800 946/6/807 938/168/799
f 940/171/801 947/4/808 939/169/800
f 941/177/802 948/9/809 940/171/801
f 942/172/803 949/178/810 941/177/802
f 951/184/812 950/173/811 943/179/804
f 952/185/813 943/181/804 944/174/805
f 953/121/814 944/174/805 945/176/806
f 954/119/815 945/176/806 946/6/807
f 947/4/808 954/119/815 946/6/807
f 948/9/809 955/122/816 947/4/808
f 949/178/810 956/182/817 948/9/809
f 950/173/811 957/183/818 949/178/810
s 13
f 1075/6/332 1082/14/339 1186/1/438
f 1074/4/2 1079/8/336 1080/15/337
f 1185/7/437 1077/12/334 1078/16/335
f 1186/1/438 1083/2/340 1076/3/333
f 1074/4/2 1081/5/338 1075/6/332
f 1073/9/331 1078/16/335 1079/8/336
f 1184/10/436 1134/11/62 1077/12/334
f 1133/13/61 1076/3/333 1083/2/340
f 1082/14/339 1090/18/347 1083/2/340
f 1080/15/337 1088/22/345 1081/5/338
f 1079/8/336 1085/21/342 1086/23/343
f 1077/12/334 1134/24/62 1084/25/341
f 1133/17/61 1083/2/340 1090/18/347
f 1081/5/338 1089/19/346 1082/14/339
f 1080/15/337 1086/23/343 1087/20/344
f 1078/16/335 1084/25/341 1085/21/342
f 1086/23/343 1092/28/349 1093/26/350
f 1084/25/341 1134/31/62 1091/32/348
f 1133/33/61 1090/18/347 1097/29/354
f 1088/22/345 1096/34/353 1089/19/346
f 1087/20/344 1093/26/350 1094/27/351
f 1085/21/342 1091/32/348 1092/28/349
f 1089/19/346 1097/29/354 1090/18/347
f 1087/20/344 1095/30/352 1088/22/345
f 1133/42/61 1097/29/354 1104/35/360
f 1095/30/352 1103/43/359 1096/34/353
f 1094/27/351 1100/39/357 1101/36/29
f 1092/28/349 1098/41/355 1099/38/356
f 1096/34/353 1104/35/360 1097/29/354
f 1094/27/351 1102/37/358 1095/30/352
f 1093/26/350 1099/38/356 1100/39/357
f 1091/32/348 1134/40/62 1098/41/355
f 1098/41/355 1106/51/362 1099/38/356
f 1104/35/360 1110/49/366 1111/48/367
f 1102/37/358 1108/50/364 1109/52/365
f 1099/38/356 1107/44/363 1100/39/357
f 1098/41/355 1134/45/62 1105/46/361
f 1133/47/61 1104/35/360 1111/48/367
f 1103/43/359 1109/52/365 1110/49/366
f 1100/39/357 1108/50/364 1101/36/29
f 1111/48/367 1117/55/373 1118/54/374
f 1109/52/365 1115/57/371 1116/60/372
f 1106/51/362 1114/56/370 1107/44/363
f 1105/46/361 1134/61/62 1112/58/368
f 1133/53/61 1111/48/367 1118/54/374
f 1110/49/366 1116/60/372 1117/55/373
f 1107/44/363 1115/57/371 1108/50/364
f 1105/46/361 1113/59/369 1106/51/362
f 1112/58/368 1134/67/62 1119/68/375
f 1133/69/61 1118/54/374 1125/63/381
f 1117/55/373 1123/65/379 1124/70/380
f 1114/56/370 1122/64/378 1115/57/371
f 1112/58/368 1120/62/376 1113/59/369
f 1118/54/374 1124/70/380 1125/63/381
f 1116/60/372 1122/64/378 1123/65/379
f 1113/59/369 1121/66/377 1114/56/370
f 1124/70/380 1130/73/385 1131/71/386
f 1121/66/377 1129/78/57 1122/64/378
f 1119/68/375 1127/79/383 1120/62/376
f 1125/63/381 1131/71/386 1132/72/387
f 1123/65/379 1129/78/57 1130/73/385
f 1120/62/376 1128/74/384 1121/66/377
f 1119/68/375 1134/75/62 1126/76/382
f 1133/77/61 1125/63/381 1132/72/387
f 1131/71/386 1141/83/394 1132/72/387
f 1129/78/57 1139/84/392 1130/73/385
f 1128/74/384 1136/87/389 1137/88/390
f 1126/76/382 1134/80/62 1135/81/388
f 1133/82/61 1132/72/387 1141/83/394
f 1130/73/385 1140/85/393 1131/71/386
f 1129/78/57 1137/88/390 1138/86/391
f 1127/79/383 1135/81/388 1136/87/389
f 1138/86/391 1146/89/399 1139/84/392
f 1137/88/390 1143/93/396 1144/91/397
f 1135/81/388 1134/95/62 1142/96/395
f 1133/97/61 1141/83/394 1148/94/401
f 1139/84/392 1147/90/400 1140/85/393
f 1138/86/391 1144/91/397 1145/92/398
f 1136/87/389 1142/96/395 1143/93/396
f 1140/85/393 1148/94/401 1141/83/394
f 1133/103/61 1148/94/401 1155/98/408
f 1146/89/399 1154/104/407 1147/90/400
f 1145/92/398 1151/100/404 1152/105/405
f 1143/93/396 1149/102/402 1150/106/403
f 1147/90/400 1155/98/408 1148/94/401
f 1145/92/398 1153/99/406 1146/89/399
f 1144/91/397 1150/106/403 1151/100/404
f 1142/96/395 1134/101/62 1149/102/402
f 1152/105/405 1158/108/411 1159/114/87
f 1150/106/403 1156/110/409 1157/115/410
f 1154/104/407 1162/112/414 1155/98/408
f 1152/105/405 1160/107/412 1153/99/406
f 1151/100/404 1157/115/410 1158/108/411
f 1149/102/402 1134/109/62 1156/110/409
f 1133/111/61 1155/98/408 1162/112/414
f 1153/99/406 1161/113/413 1154/104/407
f 1162/117/414 1168/120/420 1169/118/421
f 1160/119/412 1166/124/418 1167/128/419
f 1157/127/410 1165/123/417 1158/129/411
f 1156/125/409 1134/130/62 1163/131/415
f 1133/116/61 1162/117/414 1169/118/421
f 1161/121/413 1167/128/419 1168/120/420
f 1158/129/411 1166/124/418 1159/122/87
f 1156/125/409 1164/126/416 1157/127/410
f 1164/126/416 1172/132/424 1165/123/417
f 1163/131/415 1134/137/62 1170/138/422
f 1133/139/61 1169/118/421 1176/135/428
f 1168/120/420 1174/136/426 1175/140/427
f 1165/123/417 1173/133/425 1166/124/418
f 1163/131/415 1171/134/423 1164/126/416
f 1169/118/421 1175/140/427 1176/135/428
f 1167/128/419 1173/133/425 1174/136/426
f 1133/146/61 1176/135/428 1183/141/435
f 1175/140/427 1181/142/433 1182/147/434
f 1172/132/424 1180/148/432 1173/133/425
f 1170/138/422 1178/149/430 1171/134/423
f 1176/135/428 1182/147/434 1183/141/435
f 1174/136/426 1180/148/432 1181/142/433
f 1171/134/423 1179/143/431 1172/132/424
f 1170/138/422 1134/144/62 1177/145/429
f 1177/145/429 1185/7/437 1178/149/430
f 1183/141/435 1186/1/438 1076/3/333
f 1181/142/433 1074/4/2 1075/6/332
f 1178/149/430 1073/9/331 1179/143/431
f 1177/145/429 1134/150/62 1184/10/436
f 1133/151/61 1183/141/435 1076/3/333
f 1182/147/434 1075/6/332 1186/1/438
f 1179/143/431 1074/4/2 1180/148/432
s 16
f 1341/153/862 1356/163/877 1348/110/869
f 1342/156/863 1349/166/870 1341/155/862
f 1343/113/864 1350/154/871 1342/156/863
f 1344/107/865 1351/157/872 1343/113/864
f 1353/160/874 1344/107/865 1345/114/866
f 1354/162/875 1345/114/866 1346/159/867
f 1355/170/876 1346/159/867 1347/161/868
f 1356/163/877 1347/161/868 1348/110/869
f 1349/152/870 1364/172/885 1356/163/877
f 1350/154/871 1357/175/878 1349/166/870
f 1351/157/872 1358/165/879 1350/154/871
f 1352/158/873 1359/167/880 1351/157/872
f 1361/169/882 1352/158/873 1353/160/874
f 1362/171/883 1353/160/874 1354/162/875
f 1363/177/884 1354/162/875 1355/170/876
f 1364/172/885 1355/170/876 1356/163/877
f 1357/164/878 1372/173/893 1364/172/885
f 1358/165/879 1365/181/886 1357/175/878
f 1359/167/880 1366/174/887 1358/165/879
f 1360/168/881 1367/176/888 1359/167/880
f 1369/4/890 1360/168/881 1361/169/882
f 1370/9/891 1361/169/882 1362/171/883
f 1371/178/892 1362/171/883 1363/177/884
f 1372/173/893 1363/177/884 1364/172/885
f 1365/179/886 1380/125/901 1372/173/893
f 1366/174/887 1373/180/894 1365/181/886
f 1367/176/888 1374/185/895 1366/174/887
f 1368/6/889 1375/121/896 1367/176/888
f 1377/122/898 1368/6/889 1369/4/890
f 1378/182/899 1369/4/890 1370/9/891
f 1379/183/900 1370/9/891 1371/178/892
f 1380/125/901 1371/178/892 1372/173/893
s 18
f 1495/153/902 1510/163/917 1502/110/909
f 1496/156/903 1503/166/910 1495/155/902
f 1497/113/904 1504/154/911 1496/156/903
f 1498/107/905 1505/157/912 1497/113/904
f 1507/160/914 1498/107/905 1499/114/906
f 1508/162/915 1499/114/906 1500/159/907
f 1509/170/916 1500/159/907 1501/161/908
f 1510/163/917 1501/161/908 1502/110/909
f 1503/152/910 1518/172/925 1510/163/917
f 1504/154/911 1511/175/918 1503/166/910
f 1505/157/912 1512/165/919 1504/154/911
f 1506/158/913 1513/167/920 1505/157/912
f 1515/169/922 1506/158/913 1507/160/914
f 1516/171/923 1507/160/914 1508/162/915
f 1517/177/924 1508/162/915 1509/170/916
f 1518/172/925 1509/170/916 1510/163/917
f 1511/164/918 1526/173/933 1518/172/925
f 1512/165/919 1519/181/926 1511/175/918
f 1513/167/920 1520/174/927 1512/165/919
f 1514/168/921 1521/176/928 1513/167/920
f 1523/4/930 1514/168/921 1515/169/922
f 1524/9/931 1515/169/922 1516/171/923
f 1525/178/932 1516/171/923 1517/177/924
f 1526/173/933 1517/177/924 1518/172/925
f 1519/179/926 1534/125/941 1526/173/933
f 1520/174/927 1527/180/934 1519/181/926
f 1521/176/928 1528/185/935 1520/174/927
f 1522/6/929 1529/121/936 1521/176/928
f 1531/122/938 1522/6/929 1523/4/930
f 1532/182/939 1523/4/930 1524/9/931
f 1533/183/940 1524/9/931 1525/178/932
f 1534/125/941 1525/178/932 1526/173/933
s 20
f 1649/153/942 1664/163/957 1656/110/949
f 1650/156/943 1657/166/950 1649/155/942
f 1651/113/944 1658/154/951 1650/156/943
f 1652/107/945 1659/157/952 1651/113/944
f 1661/160/954 1652/107/945 1653/114/946
f 1662/162/955 1653/114/946 1654/159/947
f 1663/170/956 1654/159/947 1655/161/948
f 1664/163/957 1655/161/948 1656/110/949
f 1657/152/950 1672/172/965 1664/163/957
f 1658/154/951 1665/175/958 1657/166/950
f 1659/157/952 1666/165/959 1658/154/951
f 1660/158/953 1667/167/960 1659/157/952
f 1669/169/962 1660/158/953 1661/160/954
f 1670/171/963 1661/160/954 1662/162/955
f 1671/177/964 1662/162/955 1663/170/956
f 1672/172/965 1663/170/956 1664/163/957
f 1665/164/958 1680/173/973 1672/172/965
f 1666/165/959 1673/181/966 1665/175/958
f 1667/167/960 1674/174/967 1666/165/959
f 1668/168/961 1675/176/968 1667/167/960
f 1677/4/970 1668/168/961 1669/169/962
f 1678/9/971 1669/169/962 1670/171/963
f 1679/178/972 1670/171/963 1671/177/964
f 1680/173/973 1671/177/964 1672/172/965
f 1673/179/966 1688/125/981 1680/173/973
f 1674/174/967 1681/180/974 1673/181/966
f 1675/176/968 1682/185/975 1674/174/967
f 1676/6/969 1683/121/976 1675/176/968
f 1685/122/978 1676/6/969 1677/4/970
f 1686/182/979 1677/4/970 1678/9/971
f 1687/183/980 1678/9/971 1679/178/972
f 1688/125/981 1679/178/972 1680/173/973
s 1
f 114/1/114 10/14/10 11/2/11
f 2/4/2 8/15/8 9/5/9
f 113/7/113 6/16/6 7/8/7
f 114/1/114 3/6/3 9/5/9
f 1/9/1 7/8/7 8/15/8
f 113/7/113 112/10/112 5/12/5
f 9/5/9 16/22/16 17/19/17
f 7/8/7 14/23/14 15/20/15
f 5/12/5 12/25/12 13/21/13
f 10/14/10 17/19/17 18/18/18
f 9/5/9 8/15/8 15/20/15
f 6/16/6 13/21/13 14/23/14
f 15/20/15 14/23/14 21/26/21
f 12/25/12 19/32/19 20/28/20
f 17/19/17 24/34/24 25/29/25
f 15/20/15 22/27/22 23/30/23
f 13/21/13 20/28/20 21/26/21
f 17/19/17 16/22/16 23/30/23
f 24/34/24 31/43/31 32/35/32
f 23/30/23 22/27/22 29/36/29
f 21/26/21 20/28/20 27/38/27
f 23/30/23 30/37/30 31/43/31
f 21/26/21 28/39/28 29/36/29
f 19/32/19 26/41/26 27/38/27
f 27/38/27 34/51/34 35/44/35
f 30/37/30 37/52/37 38/49/38
f 28/39/28 35/44/35 36/50/36
f 27/38/27 26/41/26 33/46/33
f 32/35/32 31/43/31 38/49/38
f 29/36/29 36/50/36 37/52/37
f 37/52/37 44/60/44 45/55/45
f 36/50/36 35/44/35 42/56/42
f 34/51/34 33/46/33 40/58/40
f 39/48/39 38/49/38 45/55/45
f 36/50/36 43/57/43 44/60/44
f 34/51/34 41/59/41 42/56/42
f 40/58/40 47/68/47 48/62/48
f 45/55/45 52/70/52 53/63/53
f 44/60/44 43/57/43 50/64/50
f 41/59/41 48/62/48 49/66/49
f 45/55/45 44/60/44 51/65/51
f 42/56/42 49/66/49 50/64/50
f 53/63/53 52/70/52 59/71/59
f 50/64/50 57/78/57 58/73/58
f 48/62/48 55/79/55 56/74/56
f 51/65/51 58/73/58 59/71/59
f 50/64/50 49/66/49 56/74/56
f 47/68/47 54/76/54 55/79/55
f 59/71/59 58/73/58 67/84/67
f 56/74/56 65/88/65 66/86/66
f 54/76/54 63/81/63 64/87/64
f 59/71/59 68/85/68 69/83/69
f 57/78/57 66/86/66 67/84/67
f 55/79/55 64/87/64 65/88/65
f 68/85/68 67/84/67 74/89/74
f 66/86/66 65/88/65 72/91/72
f 63/81/63 70/96/70 71/93/71
f 69/83/69 68/85/68 75/90/75
f 66/86/66 73/92/73 74/89/74
f 64/87/64 71/93/71 72/91/72
f 75/90/75 82/104/82 83/98/83
f 73/92/73 80/105/80 81/99/81
f 71/93/71 78/106/78 79/100/79
f 75/90/75 74/89/74 81/99/81
f 73/92/73 72/91/72 79/100/79
f 70/96/70 77/102/77 78/106/78
f 80/105/80 87/114/87 88/107/88
f 78/106/78 85/115/85 86/108/86
f 82/104/82 81/99/81 88/107/88
f 80/105/80 79/100/79 86/108/86
f 78/106/78 77/102/77 84/110/84
f 82/104/82 89/113/89 90/112/90
f 88/119/88 95/128/95 96/120/96
f 87/122/87 86/129/86 93/123/93
f 84/125/84 91/131/91 92/126/92
f 89/121/89 96/120/96 97/118/97
f 87/122/87 94/124/94 95/128/95
f 85/127/85 92/126/92 93/123/93
f 94/124/94 93/123/93 100/132/100
f 91/131/91 98/138/98 99/134/99
f 96/120/96 103/140/103 104/135/104
f 94/124/94 101/133/101 102/136/102
f 92/126/92 99/134/99 100/132/100
f 96/120/96 95/128/95 102/136/102
f 103/140/103 110/147/110 111/141/111
f 101/133/101 108/148/108 109/142/109
f 99/134/99 106/149/106 107/143/107
f 103/140/103 102/136/102 109/142/109
f 101/133/101 100/132/100 107/143/107
f 98/138/98 105/145/105 106/149/106
f 106/149/106 113/7/113 1/9/1
f 110/147/110 109/142/109 3/6/3
f 107/143/107 1/9/1 2/4/2
f 106/149/106 105/145/105 112/10/112
f 110/147/110 114/1/114 4/3/4
f 108/148/108 2/4/2 3/6/3
s 3
f 232/3/225 342/1/330 238/14/231
f 231/6/224 230/4/2 236/15/229
f 341/7/329 234/16/227 235/8/228
f 342/1/330 231/6/224 237/5/230
f 229/9/223 235/8/228 236/15/229
f 340/10/328 233/12/226 234/16/227
f 238/14/231 237/5/230 244/22/237
f 235/8/228 242/23/235 243/20/236
f 233/12/226 240/25/233 241/21/234
f 239/2/232 238/14/231 245/19/238
f 237/5/230 236/15/229 243/20/236
f 234/16/227 241/21/234 242/23/235
f 245/19/238 244/22/237 251/30/244
f 242/23/235 249/26/242 250/27/243
f 240/25/233 247/32/240 248/28/241
f 246/18/239 245/19/238 252/34/245
f 244/22/237 243/20/236 250/27/243
f 241/21/234 248/28/241 249/26/242
f 253/29/246 252/34/245 259/43/251
f 251/30/244 250/27/243 257/36/29
f 248/28/241 255/38/248 256/39/249
f 252/34/245 251/30/244 258/37/250
f 249/26/242 256/39/249 257/36/29
f 247/32/240 254/41/247 255/38/248
f 257/36/29 264/50/256 265/52/257
f 256/39/249 255/38/248 262/51/254
f 258/37/250 265/52/257 266/49/258
f 257/36/29 256/39/249 263/44/255
f 255/38/248 254/41/247 261/46/253
f 259/43/251 266/49/258 267/48/259
f 265/52/257 272/60/264 273/55/265
f 264/50/256 263/44/255 270/56/262
f 262/51/254 261/46/253 268/58/260
f 266/49/258 273/55/265 274/54/266
f 264/50/256 271/57/263 272/60/264
f 263/44/255 262/51/254 269/59/261
f 271/57/263 270/56/262 277/66/269
f 269/59/261 268/58/260 275/68/267
f 273/55/265 280/70/272 281/63/273
f 271/57/263 278/64/270 279/65/271
f 270/56/262 269/59/261 276/62/268
f 272/60/264 279/65/271 280/70/272
f 280/70/272 287/71/278 288/72/279
f 278/64/270 285/78/57 286/73/277
f 277/66/269 276/62/268 283/79/275
f 279/65/271 286/73/277 287/71/278
f 278/64/270 277/66/269 284/74/276
f 276/62/268 275/68/267 282/76/274
f 283/79/275 292/87/281 293/88/282
f 287/71/278 286/73/277 295/84/284
f 284/74/276 293/88/282 294/86/283
f 282/76/274 291/81/280 292/87/281
f 288/72/279 287/71/278 296/85/285
f 286/73/277 285/78/57 294/86/283
f 296/85/285 295/84/284 302/89/291
f 293/88/282 300/91/289 301/92/290
f 291/81/280 298/96/287 299/93/288
f 297/83/286 296/85/285 303/90/292
f 295/84/284 294/86/283 301/92/290
f 292/87/281 299/93/288 300/91/289
f 298/96/287 305/102/294 306/106/295
f 304/94/293 303/90/292 310/104/299
f 302/89/291 301/92/290 308/105/297
f 299/93/288 306/106/295 307/100/296
f 303/90/292 302/89/291 309/99/298
f 300/91/289 307/100/296 308/105/297
f 311/98/300 310/104/299 317/113/305
f 309/99/298 308/105/297 315/114/87
f 306/106/295 313/115/302 314/108/303
f 310/104/299 309/99/298 316/107/304
f 307/100/296 314/108/303 315/114/87
f 305/102/294 312/110/301 313/115/302
f 316/119/304 323/128/311 324/120/312
f 315/122/87 314/129/303 321/123/309
f 313/127/302 312/125/301 319/131/307
f 317/121/305 324/120/312 325/118/313
f 315/122/87 322/124/310 323/128/311
f 314/129/303 313/127/302 320/126/308
f 323/128/311 330/136/318 331/140/319
f 322/124/310 321/123/309 328/132/316
f 320/126/308 319/131/307 326/138/314
f 324/120/312 331/140/319 332/135/320
f 322/124/310 329/133/317 330/136/318
f 321/123/309 320/126/308 327/134/315
f 331/140/319 338/147/326 339/141/327
f 329/133/317 336/148/324 337/142/325
f 328/132/316 327/134/315 334/149/322
f 330/136/318 337/142/325 338/147/326
f 329/133/317 328/132/316 335/143/323
f 327/134/315 326/138/314 333/145/321
f 336/148/324 230/4/2 231/6/224
f 335/143/323 334/149/322 341/7/329
f 337/142/325 231/6/224 342/1/330
f 336/148/324 335/143/323 229/9/223
f 334/149/322 333/145/321 340/10/328
f 338/147/326 342/1/330 232/3/225
s 4
f 344/4/2 343/9/331 349/8/336
f 455/7/437 454/10/436 347/12/334
f 456/1/438 352/14/339 353/2/340
f 344/4/2 350/15/337 351/5/338
f 343/9/331 455/7/437 348/16/335
f 345/6/332 351/5/338 352/14/339
f 352/14/339 359/19/346 360/18/347
f 350/15/337 357/20/344 358/22/345
f 349/8/336 348/16/335 355/21/342
f 351/5/338 358/22/345 359/19/346
f 350/15/337 349/8/336 356/23/343
f 348/16/335 347/12/334 354/25/341
f 358/22/345 365/30/352 366/34/353
f 357/20/344 356/23/343 363/26/350
f 355/21/342 354/25/341 361/32/348
f 359/19/346 366/34/353 367/29/354
f 357/20/344 364/27/351 365/30/352
f 356/23/343 355/21/342 362/28/349
f 365/30/352 372/37/358 373/43/359
f 364/27/351 363/26/350 370/39/357
f 362/28/349 361/32/348 368/41/355
f 366/34/353 373/43/359 374/35/360
f 364/27/351 371/36/29 372/37/358
f 363/26/350 362/28/349 369/38/356
f 374/35/360 373/43/359 380/49/366
f 372/37/358 371/36/29 378/50/364
f 369/38/356 376/51/362 377/44/363
f 373/43/359 372/37/358 379/52/365
f 370/39/357 377/44/363 378/50/364
f 368/41/355 375/46/361 376/51/362
f 379/52/365 378/50/364 385/57/371
f 376/51/362 383/59/369 384/56/370
f 380/49/366 379/52/365 386/60/372
f 377/44/363 384/56/370 385/57/371
f 375/46/361 382/58/368 383/59/369
f 381/48/367 380/49/366 387/55/373
f 387/55/373 386/60/372 393/65/379
f 384/56/370 391/66/377 392/64/378
f 382/58/368 389/68/375 390/62/376
f 388/54/374 387/55/373 394/70/380
f 386/60/372 385/57/371 392/64/378
f 383/59/369 390/62/376 391/66/377
f 391/66/377 398/74/384 399/78/57
f 389/68/375 396/76/382 397/79/383
f 395/63/381 394/70/380 401/71/386
f 393/65/379 392/64/378 399/78/57
f 390/62/376 397/79/383 398/74/384
f 394/70/380 393/65/379 400/73/385
f 401/71/386 410/85/393 411/83/394
f 399/78/57 408/86/391 409/84/392
f 398/74/384 397/79/383 406/87/389
f 400/73/385 409/84/392 410/85/393
f 399/78/57 398/74/384 407/88/390
f 397/79/383 396/76/382 405/81/388
f 407/88/390 406/87/389 413/93/396
f 409/84/392 416/89/399 417/90/400
f 408/86/391 407/88/390 414/91/397
f 406/87/389 405/81/388 412/96/395
f 410/85/393 417/90/400 418/94/401
f 408/86/391 415/92/398 416/89/399
f 416/89/399 423/99/406 424/104/407
f 415/92/398 414/91/397 421/100/404
f 413/93/396 412/96/395 419/102/402
f 417/90/400 424/104/407 425/98/408
f 415/92/398 422/105/405 423/99/406
f 414/91/397 413/93/396 420/106/403
f 420/106/403 419/102/402 426/110/409
f 424/104/407 431/113/413 432/112/414
f 422/105/405 429/114/87 430/107/412
f 421/100/404 420/106/403 427/115/410
f 423/99/406 430/107/412 431/113/413
f 422/105/405 421/100/404 428/108/411
f 432/117/414 431/121/413 438/120/420
f 430/119/412 429/122/87 436/124/418
f 427/127/410 434/126/416 435/123/417
f 431/121/413 430/119/412 437/128/419
f 428/129/411 435/123/417 436/124/418
f 426/125/409 433/131/415 434/126/416
f 438/120/420 437/128/419 444/136/426
f 435/123/417 442/132/424 443/133/425
f 433/131/415 440/138/422 441/134/423
f 439/118/421 438/120/420 445/140/427
f 437/128/419 436/124/418 443/133/425
f 434/126/416 441/134/423 442/132/424
f 445/140/427 444/136/426 451/142/433
f 442/132/424 449/143/431 450/148/432
f 440/138/422 447/145/429 448/149/430
f 446/135/428 445/140/427 452/147/434
f 444/136/426 443/133/425 450/148/432
f 441/134/423 448/149/430 449/143/431
f 453/141/435 452/147/434 456/1/438
f 451/142/433 450/148/432 344/4/2
f 448/149/430 455/7/437 343/9/331
f 452/147/434 451/142/433 345/6/332
f 449/143/431 343/9/331 344/4/2
f 447/145/429 454/10/436 455/7/437
s 7
f 619/152/595 626/163/602 618/110/594
f 620/154/596 619/166/595 611/155/587
f 621/157/597 620/154/596 612/156/588
f 622/158/598 621/157/597 613/113/589
f 615/114/591 623/160/599 622/158/598
f 616/159/592 624/162/600 623/160/599
f 617/161/593 625/170/601 624/162/600
f 618/110/594 626/163/602 625/170/601
f 627/164/603 634/172/610 626/163/602
f 628/165/604 627/175/603 619/166/595
f 629/167/605 628/165/604 620/154/596
f 630/168/606 629/167/605 621/157/597
f 623/160/599 631/169/607 630/168/606
f 624/162/600 632/171/608 631/169/607
f 625/170/601 633/177/609 632/171/608
f 626/163/602 634/172/610 633/177/609
f 635/179/611 642/173/618 634/172/610
f 636/174/612 635/181/611 627/175/603
f 637/176/613 636/174/612 628/165/604
f 638/6/614 637/176/613 629/167/605
f 631/169/607 639/4/615 638/6/614
f 632/171/608 640/9/616 639/4/615
f 633/177/609 641/178/617 640/9/616
f 634/172/610 642/173/618 641/178/617
f 643/184/619 650/125/626 642/173/618
f 644/185/620 643/180/619 635/181/611
f 645/121/621 644/185/620 636/174/612
f 646/119/622 645/121/621 637/176/613
f 639/4/615 647/122/623 646/119/622
f 640/9/616 648/182/624 647/122/623
f 641/178/617 649/183/625 648/182/624
f 642/173/618 650/125/626 649/183/625
s 9
f 773/152/743 780/163/750 772/110/742
f 774/154/744 773/166/743 765/155/735
f 775/157/745 774/154/744 766/156/736
f 776/158/746 775/157/745 767/113/737
f 769/114/739 777/160/747 776/158/746
f 770/159/740 778/162/748 777/160/747
f 771/161/741 779/170/749 778/162/748
f 772/110/742 780/163/750 779/170/749
f 781/164/751 788/172/758 780/163/750
f 782/165/752 781/175/751 773/166/743
f 783/167/753 782/165/752 774/154/744
f 784/168/754 783/167/753 775/157/745
f 777/160/747 785/169/755 784/168/754
f 778/162/748 786/171/756 785/169/755
f 779/170/749 787/177/757 786/171/756
f 780/163/750 788/172/758 787/177/757
f 789/179/759 796/173/766 788/172/758
f 790/174/760 789/181/759 781/175/751
f 791/176/761 790/174/760 782/165/752
f 792/6/762 791/176/761 783/167/753
f 785/169/755 793/4/763 792/6/762
f 786/171/756 794/9/764 793/4/763
f 787/177/757 795/178/765 794/9/764
f 788/172/758 796/173/766 795/178/765
f 797/184/767 804/125/774 796/173/766
f 798/185/768 797/180/767 789/181/759
f 799/121/769 798/185/768 790/174/760
f 800/119/770 799/121/769 791/176/761
f 793/4/763 801/122/771 800/119/770
f 794/9/764 802/182/772 801/122/771
f 795/178/765 803/183/773 802/182/772
f 796/173/766 804/125/774 803/183/773
s 11
f 927/152/788 934/163/795 926/110/787
f 928/154/789 927/166/788 919/155/780
f 929/157/790 928/154/789 920/156/781
f 930/158/791 929/157/790 921/113/782
f 923/114/784 931/160/792 930/158/791
f 924/159/785 932/162/793 931/160/792
f 925/161/786 933/170/794 932/162/793
f 926/110/787 934/163/795 933/170/794
f 935/164/796 942/172/803 934/163/795
f 936/165/797 935/175/796 927/166/788
f 937/167/798 936/165/797 928/154/789
f 938/168/799 937/167/798 929/157/790
f 931/160/792 939/169/800 938/168/799
f 932/162/793 940/171/801 939/169/800
f 933/170/794 941/177/802 940/171/801
f 934/163/795 942/172/803 941/177/802
f 943/179/804 950/173/811 942/172/803
f 944/174/805 943/181/804 935/175/796
f 945/176/806 944/174/805 936/165/797
f 946/6/807 945/176/806 937/167/798
f 939/169/800 947/4/808 946/6/807
f 940/171/801 948/9/809 947/4/808
f 941/177/802 949/178/810 948/9/809
f 942/172/803 950/173/811 949/178/810
f 951/184/812 958/125/819 950/173/811
f 952/185/813 951/180/812 943/181/804
f 953/121/814 952/185/813 944/174/805
f 954/119/815 953/121/814 945/176/806
f 947/4/808 955/122/816 954/119/815
f 948/9/809 956/182/817 955/122/816
f 949/178/810 957/183/818 956/182/817
f 950/173/811 958/125/819 957/183/818
s 13
f 1075/6/332 1081/5/338 1082/14/339
f 1074/4/2 1073/9/331 1079/8/336
f 1185/7/437 1184/10/436 1077/12/334
f 1186/1/438 1082/14/339 1083/2/340
f 1074/4/2 1080/15/337 1081/5/338
f 1073/9/331 1185/7/437 1078/16/335
f 1082/14/339 1089/19/346 1090/18/347
f 1080/15/337 1087/20/344 1088/22/345
f 1079/8/336 1078/16/335 1085/21/342
f 1081/5/338 1088/22/345 1089/19/346
f 1080/15/337 1079/8/336 1086/23/343
f 1078/16/335 1077/12/334 1084/25/341
f 1086/23/343 1085/21/342 1092/28/349
f 1088/22/345 1095/30/352 1096/34/353
f 1087/20/344 1086/23/343 1093/26/350
f 1085/21/342 1084/25/341 1091/32/348
f 1089/19/346 1096/34/353 1097/29/354
f 1087/20/344 1094/27/351 1095/30/352
f 1095/30/352 1102/37/358 1103/43/359
f 1094/27/351 1093/26/350 1100/39/357
f 1092/28/349 1091/32/348 1098/41/355
f 1096/34/353 1103/43/359 1104/35/360
f 1094/27/351 1101/36/29 1102/37/358
f 1093/26/350 1092/28/349 1099/38/356
f 1098/41/355 1105/46/361 1106/51/362
f 1104/35/360 1103/43/359 1110/49/366
f 1102/37/358 1101/36/29 1108/50/364
f 1099/38/356 1106/51/362 1107/44/363
f 1103/43/359 1102/37/358 1109/52/365
f 1100/39/357 1107/44/363 1108/50/364
f 1111/48/367 1110/49/366 1117/55/373
f 1109/52/365 1108/50/364 1115/57/371
f 1106/51/362 1113/59/369 1114/56/370
f 1110/49/366 1109/52/365 1116/60/372
f 1107/44/363 1114/56/370 1115/57/371
f 1105/46/361 1112/58/368 1113/59/369
f 1117/55/373 1116/60/372 1123/65/379
f 1114/56/370 1121/66/377 1122/64/378
f 1112/58/368 1119/68/375 1120/62/376
f 1118/54/374 1117/55/373 1124/70/380
f 1116/60/372 1115/57/371 1122/64/378
f 1113/59/369 1120/62/376 1121/66/377
f 1124/70/380 1123/65/379 1130/73/385
f 1121/66/377 1128/74/384 1129/78/57
f 1119/68/375 1126/76/382 1127/79/383
f 1125/63/381 1124/70/380 1131/71/386
f 1123/65/379 1122/64/378 1129/78/57
f 1120/62/376 1127/79/383 1128/74/384
f 1131/71/386 1140/85/393 1141/83/394
f 1129/78/57 1138/86/391 1139/84/392
f 1128/74/384 1127/79/383 1136/87/389
f 1130/73/385 1139/84/392 1140/85/393
f 1129/78/57 1128/74/384 1137/88/390
f 1127/79/383 1126/76/382 1135/81/388
f 1138/86/391 1145/92/398 1146/89/399
f 1137/88/390 1136/87/389 1143/93/396
f 1139/84/392 1146/89/399 1147/90/400
f 1138/86/391 1137/88/390 1144/91/397
f 1136/87/389 1135/81/388 1142/96/395
f 1140/85/393 1147/90/400 1148/94/401
f 1146/89/399 1153/99/406 1154/104/407
f 1145/92/398 1144/91/397 1151/100/404
f 1143/93/396 1142/96/395 1149/102/402
f 1147/90/400 1154/104/407 1155/98/408
f 1145/92/398 1152/105/405 1153/99/406
f 1144/91/397 1143/93/396 1150/106/403
f 1152/105/405 1151/100/404 1158/108/411
f 1150/106/403 1149/102/402 1156/110/409
f 1154/104/407 1161/113/413 1162/112/414
f 1152/105/405 1159/114/87 1160/107/412
f 1151/100/404 1150/106/403 1157/115/410
f 1153/99/406 1160/107/412 1161/113/413
f 1162/117/414 1161/121/413 1168/120/420
f 1160/119/412 1159/122/87 1166/124/418
f 1157/127/410 1164/126/416 1165/123/417
f 1161/121/413 1160/119/412 1167/128/419
f 1158/129/411 1165/123/417 1166/124/418
f 1156/125/409 1163/131/415 1164/126/416
f 1164/126/416 1171/134/423 1172/132/424
f 1168/120/420 1167/128/419 1174/136/426
f 1165/123/417 1172/132/424 1173/133/425
f 1163/131/415 1170/138/422 1171/134/423
f 1169/118/421 1168/120/420 1175/140/427
f 1167/128/419 1166/124/418 1173/133/425
f 1175/140/427 1174/136/426 1181/142/433
f 1172/132/424 1179/143/431 1180/148/432
f 1170/138/422 1177/145/429 1178/149/430
f 1176/135/428 1175/140/427 1182/147/434
f 1174/136/426 1173/133/425 1180/148/432
f 1171/134/423 1178/149/430 1179/143/431
f 1177/145/429 1184/10/436 1185/7/437
f 1183/141/435 1182/147/434 1186/1/438
f 1181/142/433 1180/148/432 1074/4/2
f 1178/149/430 1185/7/437 1073/9/331
f 1182/147/434 1181/142/433 1075/6/332
f 1179/143/431 1073/9/331 1074/4/2
s 16
f 1341/153/862 1349/152/870 1356/163/877
f 1342/156/863 1350/154/871 1349/166/870
f 1343/113/864 1351/157/872 1350/154/871
f 1344/107/865 1352/158/873 1351/157/872
f 1353/160/874 1352/158/873 1344/107/865
f 1354/162/875 1353/160/874 1345/114/866
f 1355/170/876 1354/162/875 1346/159/867
f 1356/163/877 1355/170/876 1347/161/868
f 1349/152/870 1357/164/878 1364/172/885
f 1350/154/871 1358/165/879 1357/175/878
f 1351/157/872 1359/167/880 1358/165/879
f 1352/158/873 1360/168/881 1359/167/880
f 1361/169/882 1360/168/881 1352/158/873
f 1362/171/883 1361/169/882 1353/160/874
f 1363/177/884 1362/171/883 1354/162/875
f 1364/172/885 1363/177/884 1355/170/876
f 1357/164/878 1365/179/886 1372/173/893
f 1358/165/879 1366/174/887 1365/181/886
f 1359/167/880 1367/176/888 1366/174/887
f 1360/168/881 1368/6/889 1367/176/888
f 1369/4/890 1368/6/889 1360/168/881
f 1370/9/891 1369/4/890 1361/169/882
f 1371/178/892 1370/9/891 1362/171/883
f 1372/173/893 1371/178/892 1363/177/884
f 1365/179/886 1373/184/894 1380/125/901
f 1366/174/887 1374/185/895 1373/180/894
f 1367/176/888 1375/121/896 1374/185/895
f 1368/6/889 1376/119/897 1375/121/896
f 1377/122/898 1376/119/897 1368/6/889
f 1378/182/899 1377/122/898 1369/4/890
f 1379/183/900 1378/182/899 1370/9/891
f 1380/125/901 1379/183/900 1371/178/892
s 18
f 1495/153/902 1503/152/910 1510/163/917
f 1496/156/903 1504/154/911 1503/166/910
f 1497/113/904 1505/157/912 1504/154/911
f 1498/107/905 1506/158/913 1505/157/912
f 1507/160/914 1506/158/913 1498/107/905
f 1508/162/915 1507/160/914 1499/114/906
f 1509/170/916 1508/162/915 1500/159/907
f 1510/163/917 1509/170/916 1501/161/908
f 1503/152/910 1511/164/918 1518/172/925
f 1504/154/911 1512/165/919 1511/175/918
f 1505/157/912 1513/167/920 1512/165/919
f 1506/158/913 1514/168/921 1513/167/920
f 1515/169/922 1514/168/921 1506/158/913
f 1516/171/923 1515/169/922 1507/160/914
f 1517/177/924 1516/171/923 1508/162/915
f 1518/172/925 1517/177/924 1509/170/916
f 1511/164/918 1519/179/926 1526/173/933
f 1512/165/919 1520/174/927 1519/181/926
f 1513/167/920 1521/176/928 1520/174/927
f 1514/168/921 1522/6/929 1521/176/928
f 1523/4/930 1522/6/929 1514/168/921
f 1524/9/931 1523/4/930 1515/169/922
f 1525/178/932 1524/9/931 1516/171/923
f 1526/173/933 1525/178/932 1517/177/924
f 1519/179/926 1527/184/934 1534/125/941
f 1520/174/927 1528/185/935 1527/180/934
f 1521/176/928 1529/121/936 1528/185/935
f 1522/6/929 1530/119/937 1529/121/936
f 1531/122/938 1530/119/937 1522/6/929
f 1532/182/939 1531/122/938 1523/4/930
f 1533/183/940 1532/182/939 1524/9/931
f 1534/125/941 1533/183/940 1525/178/932
s 20
f 1649/153/942 1657/152/950 1664/163/957
f 1650/156/943 1658/154/951 1657/166/950
f 1651/113/944 1659/157/952 1658/154/951
f 1652/107/945 1660/158/953 1659/157/952
f 1661/160/954 1660/158/953 1652/107/945
f 1662/162/955 1661/160/954 1653/114/946
f 1663/170/956 1662/162/955 1654/159/947
f 1664/163/957 1663/170/956 1655/161/948
f 1657/152/950 1665/164/958 1672/172/965
f 1658/154/951 1666/165/959 1665/175/958
f 1659/157/952 1667/167/960 1666/165/959
f 1660/158/953 1668/168/961 1667/167/960
f 1669/169/962 1668/168/961 1660/158/953
f 1670/171/963 1669/169/962 1661/160/954
f 1671/177/964 1670/171/963 1662/162/955
f 1672/172/965 1671/177/964 1663/170/956
f 1665/164/958 1673/179/966 1680/173/973
f 1666/165/959 1674/174/967 1673/181/966
f 1667/167/960 1675/176/968 1674/174/967
f 1668/168/961 1676/6/969 1675/176/968
f 1677/4/970 1676/6/969 1668/168/961
f 1678/9/971 1677/4/970 1669/169/962
f 1679/178/972 1678/9/971 1670/171/963
f 1680/173/973 1679/178/972 1671/177/964
f 1673/179/966 1681/184/974 1688/125/981
f 1674/174/967 1682/185/975 1681/180/974
f 1675/176/968 1683/121/976 1682/185/975
f 1676/6/969 1684/119/977 1683/121/976
f 1685/122/978 1684/119/977 1676/6/969
f 1686/182/979 1685/122/978 1677/4/970
f 1687/183/980 1686/182/979 1678/9/971
f 1688/125/981 1687/183/980 1679/178/972
s 2
g vampire_squid_mantle_scarlet_webbing.001
usemtl scarlet_webbing.001
f 175/13/61 118/3/117 125/2/124
f 117/6/116 124/14/123 228/1/222
f 116/4/2 121/8/120 122/15/121
f 227/7/221 119/12/118 120/16/119
f 228/1/222 125/2/124 118/3/117
f 116/4/2 123/5/122 117/6/116
f 115/9/115 120/16/119 121/8/120
f 226/10/220 176/11/62 119/12/118
f 124/14/123 132/18/131 125/2/124
f 122/15/121 130/22/129 123/5/122
f 121/8/120 127/21/126 128/23/127
f 119/12/118 176/24/62 126/25/125
f 175/17/61 125/2/124 132/18/131
f 123/5/122 131/19/130 124/14/123
f 122/15/121 128/23/127 129/20/128
f 120/16/119 126/25/125 127/21/126
f 129/20/128 137/30/136 130/22/129
f 128/23/127 134/28/133 135/26/134
f 126/25/125 176/31/62 133/32/132
f 175/33/61 132/18/131 139/29/138
f 130/22/129 138/34/137 131/19/130
f 129/20/128 135/26/134 136/27/135
f 127/21/126 133/32/132 134/28/133
f 131/19/130 139/29/138 132/18/131
f 175/42/61 139/29/138 146/35/144
f 137/30/136 145/43/143 138/34/137
f 136/27/135 142/39/141 143/36/29
f 134/28/133 140/41/139 141/38/140
f 138/34/137 146/35/144 139/29/138
f 136/27/135 144/37/142 137/30/136
f 135/26/134 141/38/140 142/39/141
f 133/32/132 176/40/62 140/41/139
f 142/39/141 150/50/148 143/36/29
f 140/41/139 148/51/146 141/38/140
f 146/35/144 152/49/150 153/48/151
f 144/37/142 150/50/148 151/52/149
f 141/38/140 149/44/147 142/39/141
f 140/41/139 176/45/62 147/46/145
f 175/47/61 146/35/144 153/48/151
f 145/43/143 151/52/149 152/49/150
f 153/48/151 159/55/157 160/54/158
f 151/52/149 157/57/155 158/60/156
f 148/51/146 156/56/154 149/44/147
f 147/46/145 176/61/62 154/58/152
f 175/53/61 153/48/151 160/54/158
f 152/49/150 158/60/156 159/55/157
f 149/44/147 157/57/155 150/50/148
f 147/46/145 155/59/153 148/51/146
f 155/59/153 163/66/161 156/56/154
f 154/58/152 176/67/62 161/68/159
f 175/69/61 160/54/158 167/63/165
f 159/55/157 165/65/163 166/70/164
f 156/56/154 164/64/162 157/57/155
f 154/58/152 162/62/160 155/59/153
f 160/54/158 166/70/164 167/63/165
f 158/60/156 164/64/162 165/65/163
f 175/77/61 167/63/165 174/72/171
f 166/70/164 172/73/169 173/71/170
f 163/66/161 171/78/57 164/64/162
f 161/68/159 169/79/167 162/62/160
f 167/63/165 173/71/170 174/72/171
f 165/65/163 171/78/57 172/73/169
f 162/62/160 170/74/168 163/66/161
f 161/68/159 176/75/62 168/76/166
f 169/79/167 177/81/172 178/87/173
f 173/71/170 183/83/178 174/72/171
f 171/78/57 181/84/176 172/73/169
f 170/74/168 178/87/173 179/88/174
f 168/76/166 176/80/62 177/81/172
f 175/82/61 174/72/171 183/83/178
f 172/73/169 182/85/177 173/71/170
f 171/78/57 179/88/174 180/86/175
f 182/85/177 190/94/185 183/83/178
f 180/86/175 188/89/183 181/84/176
f 179/88/174 185/93/180 186/91/181
f 177/81/172 176/95/62 184/96/179
f 175/97/61 183/83/178 190/94/185
f 181/84/176 189/90/184 182/85/177
f 180/86/175 186/91/181 187/92/182
f 178/87/173 184/96/179 185/93/180
f 184/96/179 176/101/62 191/102/186
f 175/103/61 190/94/185 197/98/192
f 188/89/183 196/104/191 189/90/184
f 187/92/182 193/100/188 194/105/189
f 185/93/180 191/102/186 192/106/187
f 189/90/184 197/98/192 190/94/185
f 187/92/182 195/99/190 188/89/183
f 186/91/181 192/106/187 193/100/188
f 195/99/190 203/113/197 196/104/191
f 194/105/189 200/108/195 201/114/87
f 192/106/187 198/110/193 199/115/194
f 196/104/191 204/112/198 197/98/192
f 194/105/189 202/107/196 195/99/190
f 193/100/188 199/115/194 200/108/195
f 191/102/186 176/109/62 198/110/193
f 175/111/61 197/98/192 204/112/198
f 204/117/198 210/120/204 211/118/205
f 202/119/196 208/124/202 209/128/203
f 199/127/194 207/123/201 200/129/195
f 198/125/193 176/130/62 205/131/199
f 175/116/61 204/117/198 211/118/205
f 203/121/197 209/128/203 210/120/204
f 200/129/195 208/124/202 201/122/87
f 198/125/193 206/126/200 199/127/194
f 209/128/203 215/133/209 216/136/210
f 206/126/200 214/132/208 207/123/201
f 205/131/199 176/137/62 212/138/206
f 175/139/61 211/118/205 218/135/212
f 210/120/204 216/136/210 217/140/211
f 207/123/201 215/133/209 208/124/202
f 205/131/199 213/134/207 206/126/200
f 211/118/205 217/140/211 218/135/212
f 175/146/61 218/135/212 225/141/219
f 217/140/211 223/142/217 224/147/218
f 214/132/208 222/148/216 215/133/209
f 212/138/206 220/149/214 213/134/207
f 218/135/212 224/147/218 225/141/219
f 216/136/210 222/148/216 223/142/217
f 213/134/207 221/143/215 214/132/208
f 212/138/206 176/144/62 219/145/213
f 221/143/215 116/4/2 222/148/216
f 219/145/213 227/7/221 220/149/214
f 225/141/219 228/1/222 118/3/117
f 223/142/217 116/4/2 117/6/116
f 220/149/214 115/9/115 221/143/215
f 219/145/213 176/150/62 226/10/220
f 175/151/61 225/141/219 118/3/117
f 224/147/218 117/6/116 228/1/222
s 6
f 579/152/555 578/110/554 571/153/547
f 580/154/556 571/155/547 572/156/548
f 581/157/557 572/156/548 573/113/549
f 574/107/550 581/157/557 573/113/549
f 575/114/551 582/158/558 574/107/550
f 576/159/552 583/160/559 575/114/551
f 577/161/553 584/162/560 576/159/552
f 586/163/562 577/161/553 578/110/554
f 587/164/563 586/163/562 579/152/555
f 588/165/564 579/166/555 580/154/556
f 589/167/565 580/154/556 581/157/557
f 582/158/558 589/167/565 581/157/557
f 583/160/559 590/168/566 582/158/558
f 584/162/560 591/169/567 583/160/559
f 585/170/561 592/171/568 584/162/560
f 594/172/570 585/170/561 586/163/562
f 587/164/563 602/173/578 594/172/570
f 596/174/572 587/175/563 588/165/564
f 597/176/573 588/165/564 589/167/565
f 598/6/574 589/167/565 590/168/566
f 599/4/575 590/168/566 591/169/567
f 592/171/568 599/4/575 591/169/567
f 593/177/569 600/9/576 592/171/568
f 594/172/570 601/178/577 593/177/569
f 595/179/571 610/125/586 602/173/578
f 596/174/572 603/180/579 595/181/571
f 605/121/581 596/174/572 597/176/573
f 606/119/582 597/176/573 598/6/574
f 607/122/583 598/6/574 599/4/575
f 608/182/584 599/4/575 600/9/576
f 601/178/577 608/182/584 600/9/576
f 602/173/578 609/183/585 601/178/577
s 15
f 1309/152/830 1308/110/829 1301/153/822
f 1302/156/823 1309/166/830 1301/155/822
f 1303/113/824 1310/154/831 1302/156/823
f 1304/107/825 1311/157/832 1303/113/824
f 1305/114/826 1312/158/833 1304/107/825
f 1314/162/835 1305/114/826 1306/159/827
f 1315/170/836 1306/159/827 1307/161/828
f 1316/163/837 1307/161/828 1308/110/829
f 1317/164/838 1316/163/837 1309/152/830
f 1310/154/831 1317/175/838 1309/166/830
f 1311/157/832 1318/165/839 1310/154/831
f 1312/158/833 1319/167/840 1311/157/832
f 1313/160/834 1320/168/841 1312/158/833
f 1322/171/843 1313/160/834 1314/162/835
f 1323/177/844 1314/162/835 1315/170/836
f 1324/172/845 1315/170/836 1316/163/837
f 1317/164/838 1332/173/853 1324/172/845
f 1318/165/839 1325/181/846 1317/175/838
f 1319/167/840 1326/174/847 1318/165/839
f 1328/6/849 1319/167/840 1320/168/841
f 1329/4/850 1320/168/841 1321/169/842
f 1330/9/851 1321/169/842 1322/171/843
f 1331/178/852 1322/171/843 1323/177/844
f 1324/172/845 1331/178/852 1323/177/844
f 1325/179/846 1340/125/861 1332/173/853
f 1326/174/847 1333/180/854 1325/181/846
f 1335/121/856 1326/174/847 1327/176/848
f 1336/119/857 1327/176/848 1328/6/849
f 1337/122/858 1328/6/849 1329/4/850
f 1338/182/859 1329/4/850 1330/9/851
f 1331/178/852 1338/182/859 1330/9/851
f 1332/173/853 1339/183/860 1331/178/852
s 2
f 117/6/116 123/5/122 124/14/123
f 116/4/2 115/9/115 121/8/120
f 227/7/221 226/10/220 119/12/118
f 228/1/222 124/14/123 125/2/124
f 116/4/2 122/15/121 123/5/122
f 115/9/115 227/7/221 120/16/119
f 124/14/123 131/19/130 132/18/131
f 122/15/121 129/20/128 130/22/129
f 121/8/120 120/16/119 127/21/126
f 123/5/122 130/22/129 131/19/130
f 122/15/121 121/8/120 128/23/127
f 120/16/119 119/12/118 126/25/125
f 129/20/128 136/27/135 137/30/136
f 128/23/127 127/21/126 134/28/133
f 130/22/129 137/30/136 138/34/137
f 129/20/128 128/23/127 135/26/134
f 127/21/126 126/25/125 133/32/132
f 131/19/130 138/34/137 139/29/138
f 137/30/136 144/37/142 145/43/143
f 136/27/135 135/26/134 142/39/141
f 134/28/133 133/32/132 140/41/139
f 138/34/137 145/43/143 146/35/144
f 136/27/135 143/36/29 144/37/142
f 135/26/134 134/28/133 141/38/140
f 142/39/141 149/44/147 150/50/148
f 140/41/139 147/46/145 148/51/146
f 146/35/144 145/43/143 152/49/150
f 144/37/142 143/36/29 150/50/148
f 141/38/140 148/51/146 149/44/147
f 145/43/143 144/37/142 151/52/149
f 153/48/151 152/49/150 159/55/157
f 151/52/149 150/50/148 157/57/155
f 148/51/146 155/59/153 156/56/154
f 152/49/150 151/52/149 158/60/156
f 149/44/147 156/56/154 157/57/155
f 147/46/145 154/58/152 155/59/153
f 155/59/153 162/62/160 163/66/161
f 159/55/157 158/60/156 165/65/163
f 156/56/154 163/66/161 164/64/162
f 154/58/152 161/68/159 162/62/160
f 160/54/158 159/55/157 166/70/164
f 158/60/156 157/57/155 164/64/162
f 166/70/164 165/65/163 172/73/169
f 163/66/161 170/74/168 171/78/57
f 161/68/159 168/76/166 169/79/167
f 167/63/165 166/70/164 173/71/170
f 165/65/163 164/64/162 171/78/57
f 162/62/160 169/79/167 170/74/168
f 169/79/167 168/76/166 177/81/172
f 173/71/170 182/85/177 183/83/178
f 171/78/57 180/86/175 181/84/176
f 170/74/168 169/79/167 178/87/173
f 172/73/169 181/84/176 182/85/177
f 171/78/57 170/74/168 179/88/174
f 182/85/177 189/90/184 190/94/185
f 180/86/175 187/92/182 188/89/183
f 179/88/174 178/87/173 185/93/180
f 181/84/176 188/89/183 189/90/184
f 180/86/175 179/88/174 186/91/181
f 178/87/173 177/81/172 184/96/179
f 188/89/183 195/99/190 196/104/191
f 187/92/182 186/91/181 193/100/188
f 185/93/180 184/96/179 191/102/186
f 189/90/184 196/104/191 197/98/192
f 187/92/182 194/105/189 195/99/190
f 186/91/181 185/93/180 192/106/187
f 195/99/190 202/107/196 203/113/197
f 194/105/189 193/100/188 200/108/195
f 192/106/187 191/102/186 198/110/193
f 196/104/191 203/113/197 204/112/198
f 194/105/189 201/114/87 202/107/196
f 193/100/188 192/106/187 199/115/194
f 204/117/198 203/121/197 210/120/204
f 202/119/196 201/122/87 208/124/202
f 199/127/194 206/126/200 207/123/201
f 203/121/197 202/119/196 209/128/203
f 200/129/195 207/123/201 208/124/202
f 198/125/193 205/131/199 206/126/200
f 209/128/203 208/124/202 215/133/209
f 206/126/200 213/134/207 214/132/208
f 210/120/204 209/128/203 216/136/210
f 207/123/201 214/132/208 215/133/209
f 205/131/199 212/138/206 213/134/207
f 211/118/205 210/120/204 217/140/211
f 217/140/211 216/136/210 223/142/217
f 214/132/208 221/143/215 222/148/216
f 212/138/206 219/145/213 220/149/214
f 218/135/212 217/140/211 224/147/218
f 216/136/210 215/133/209 222/148/216
f 213/134/207 220/149/214 221/143/215
f 221/143/215 115/9/115 116/4/2
f 219/145/213 226/10/220 227/7/221
f 225/141/219 224/147/218 228/1/222
f 223/142/217 222/148/216 116/4/2
f 220/149/214 227/7/221 115/9/115
f 224/147/218 223/142/217 117/6/116
s 6
f 579/152/555 586/163/562 578/110/554
f 580/154/556 579/166/555 571/155/547
f 581/157/557 580/154/556 572/156/548
f 574/107/550 582/158/558 581/157/557
f 575/114/551 583/160/559 582/158/558
f 576/159/552 584/162/560 583/160/559
f 577/161/553 585/170/561 584/162/560
f 586/163/562 585/170/561 577/161/553
f 587/164/563 594/172/570 586/163/562
f 588/165/564 587/175/563 579/166/555
f 589/167/565 588/165/564 580/154/556
f 582/158/558 590/168/566 589/167/565
f 583/160/559 591/169/567 590/168/566
f 584/162/560 592/171/568 591/169/567
f 585/170/561 593/177/569 592/171/568
f 594/172/570 593/177/569 585/170/561
f 587/164/563 595/179/571 602/173/578
f 596/174/572 595/181/571 587/175/563
f 597/176/573 596/174/572 588/165/564
f 598/6/574 597/176/573 589/167/565
f 599/4/575 598/6/574 590/168/566
f 592/171/568 600/9/576 599/4/575
f 593/177/569 601/178/577 600/9/576
f 594/172/570 602/173/578 601/178/577
f 595/179/571 603/184/579 610/125/586
f 596/174/572 604/185/580 603/180/579
f 605/121/581 604/185/580 596/174/572
f 606/119/582 605/121/581 597/176/573
f 607/122/583 606/119/582 598/6/574
f 608/182/584 607/122/583 599/4/575
f 601/178/577 609/183/585 608/182/584
f 602/173/578 610/125/586 609/183/585
s 15
f 1309/152/830 1316/163/837 1308/110/829
f 1302/156/823 1310/154/831 1309/166/830
f 1303/113/824 1311/157/832 1310/154/831
f 1304/107/825 1312/158/833 1311/157/832
f 1305/114/826 1313/160/834 1312/158/833
f 1314/162/835 1313/160/834 1305/114/826
f 1315/170/836 1314/162/835 1306/159/827
f 1316/163/837 1315/170/836 1307/161/828
f 1317/164/838 1324/172/845 1316/163/837
f 1310/154/831 1318/165/839 1317/175/838
f 1311/157/832 1319/167/840 1318/165/839
f 1312/158/833 1320/168/841 1319/167/840
f 1313/160/834 1321/169/842 1320/168/841
f 1322/171/843 1321/169/842 1313/160/834
f 1323/177/844 1322/171/843 1314/162/835
f 1324/172/845 1323/177/844 1315/170/836
f 1317/164/838 1325/179/846 1332/173/853
f 1318/165/839 1326/174/847 1325/181/846
f 1319/167/840 1327/176/848 1326/174/847
f 1328/6/849 1327/176/848 1319/167/840
f 1329/4/850 1328/6/849 1320/168/841
f 1330/9/851 1329/4/850 1321/169/842
f 1331/178/852 1330/9/851 1322/171/843
f 1324/172/845 1332/173/853 1331/178/852
f 1325/179/846 1333/184/854 1340/125/861
f 1326/174/847 1334/185/855 1333/180/854
f 1335/121/856 1334/185/855 1326/174/847
f 1336/119/857 1335/121/856 1327/176/848
f 1337/122/858 1336/119/857 1328/6/849
f 1338/182/859 1337/122/858 1329/4/850
f 1331/178/852 1339/183/860 1338/182/859
f 1332/173/853 1340/125/861 1339/183/860
s 5
g vampire_squid_mantle_cold_cyan_eye.001
usemtl cold_cyan_eye.001
f 457/9/439 462/16/443 463/8/444
f 568/10/544 518/11/62 461/12/442
f 517/13/61 460/3/441 467/2/448
f 459/6/440 466/14/447 570/1/546
f 458/4/2 463/8/444 464/15/445
f 569/7/545 461/12/442 462/16/443
f 570/1/546 467/2/448 460/3/441
f 458/4/2 465/5/446 459/6/440
f 465/5/446 473/19/454 466/14/447
f 464/15/445 470/23/451 471/20/452
f 462/16/443 468/25/449 469/21/450
f 466/14/447 474/18/455 467/2/448
f 464/15/445 472/22/453 465/5/446
f 463/8/444 469/21/450 470/23/451
f 461/12/442 518/24/62 468/25/449
f 517/17/61 467/2/448 474/18/455
f 473/19/454 481/29/462 474/18/455
f 471/20/452 479/30/460 472/22/453
f 470/23/451 476/28/457 477/26/458
f 468/25/449 518/31/62 475/32/456
f 517/33/61 474/18/455 481/29/462
f 472/22/453 480/34/461 473/19/454
f 471/20/452 477/26/458 478/27/459
f 469/21/450 475/32/456 476/28/457
f 478/27/459 486/37/466 479/30/460
f 477/26/458 483/38/464 484/39/465
f 475/32/456 518/40/62 482/41/463
f 517/42/61 481/29/462 488/35/468
f 479/30/460 487/43/467 480/34/461
f 478/27/459 484/39/465 485/36/29
f 476/28/457 482/41/463 483/38/464
f 480/34/461 488/35/468 481/29/462
f 517/47/61 488/35/468 495/48/475
f 487/43/467 493/52/473 494/49/474
f 484/39/465 492/50/472 485/36/29
f 482/41/463 490/51/470 483/38/464
f 488/35/468 494/49/474 495/48/475
f 486/37/466 492/50/472 493/52/473
f 483/38/464 491/44/471 484/39/465
f 482/41/463 518/45/62 489/46/469
f 491/44/471 499/57/479 492/50/472
f 489/46/469 497/59/477 490/51/470
f 495/48/475 501/55/481 502/54/482
f 493/52/473 499/57/479 500/60/480
f 490/51/470 498/56/478 491/44/471
f 489/46/469 518/61/62 496/58/476
f 517/53/61 495/48/475 502/54/482
f 494/49/474 500/60/480 501/55/481
f 502/54/482 508/70/488 509/63/489
f 500/60/480 506/64/486 507/65/487
f 497/59/477 505/66/485 498/56/478
f 496/58/476 518/67/62 503/68/483
f 517/69/61 502/54/482 509/63/489
f 501/55/481 507/65/487 508/70/488
f 498/56/478 506/64/486 499/57/479
f 496/58/476 504/62/484 497/59/477
f 504/62/484 512/74/492 505/66/485
f 503/68/483 518/75/62 510/76/490
f 517/77/61 509/63/489 516/72/495
f 508/70/488 514/73/493 515/71/494
f 505/66/485 513/78/57 506/64/486
f 503/68/483 511/79/491 504/62/484
f 509/63/489 515/71/494 516/72/495
f 507/65/487 513/78/57 514/73/493
f 517/82/61 516/72/495 525/83/502
f 514/73/493 524/85/501 515/71/494
f 513/78/57 521/88/498 522/86/499
f 511/79/491 519/81/496 520/87/497
f 515/71/494 525/83/502 516/72/495
f 513/78/57 523/84/500 514/73/493
f 512/74/492 520/87/497 521/88/498
f 510/76/490 518/80/62 519/81/496
f 520/87/497 526/96/503 527/93/504
f 524/85/501 532/94/509 525/83/502
f 522/86/499 530/89/507 523/84/500
f 521/88/498 527/93/504 528/91/505
f 519/81/496 518/95/62 526/96/503
f 517/97/61 525/83/502 532/94/509
f 523/84/500 531/90/508 524/85/501
f 522/86/499 528/91/505 529/92/506
f 531/90/508 539/98/516 532/94/509
f 529/92/506 537/99/514 530/89/507
f 528/91/505 534/106/511 535/100/512
f 526/96/503 518/101/62 533/102/510
f 517/103/61 532/94/509 539/98/516
f 530/89/507 538/104/515 531/90/508
f 529/92/506 535/100/512 536/105/513
f 527/93/504 533/102/510 534/106/511
f 533/102/510 518/109/62 540/110/517
f 517/111/61 539/98/516 546/112/522
f 537/99/514 545/113/521 538/104/515
f 536/105/513 542/108/519 543/114/87
f 534/106/511 540/110/517 541/115/518
f 538/104/515 546/112/522 539/98/516
f 536/105/513 544/107/520 537/99/514
f 535/100/512 541/115/518 542/108/519
f 545/121/521 551/128/527 552/120/528
f 542/129/519 550/124/526 543/122/87
f 540/125/517 548/126/524 541/127/518
f 546/117/522 552/120/528 553/118/529
f 544/119/520 550/124/526 551/128/527
f 541/127/518 549/123/525 542/129/519
f 540/125/517 518/130/62 547/131/523
f 517/116/61 546/117/522 553/118/529
f 553/118/529 559/140/535 560/135/536
f 551/128/527 557/133/533 558/136/534
f 548/126/524 556/132/532 549/123/525
f 547/131/523 518/137/62 554/138/530
f 517/139/61 553/118/529 560/135/536
f 552/120/528 558/136/534 559/140/535
f 549/123/525 557/133/533 550/124/526
f 547/131/523 555/134/531 548/126/524
f 558/136/534 564/148/540 565/142/541
f 555/134/531 563/143/539 556/132/532
f 554/138/530 518/144/62 561/145/537
f 517/146/61 560/135/536 567/141/543
f 559/140/535 565/142/541 566/147/542
f 556/132/532 564/148/540 557/133/533
f 554/138/530 562/149/538 555/134/531
f 560/135/536 566/147/542 567/141/543
f 517/151/61 567/141/543 460/3/441
f 566/147/542 459/6/440 570/1/546
f 563/143/539 458/4/2 564/148/540
f 561/145/537 569/7/545 562/149/538
f 567/141/543 570/1/546 460/3/441
f 565/142/541 458/4/2 459/6/440
f 562/149/538 457/9/439 563/143/539
f 561/145/537 518/150/62 568/10/544
s 14
f 1247/13/61 1190/3/441 1197/2/448
f 1189/6/440 1196/14/447 1300/1/546
f 1188/4/2 1193/8/444 1194/15/445
f 1299/7/545 1191/12/442 1192/16/443
f 1300/1/546 1197/2/448 1190/3/441
f 1188/4/2 1195/5/446 1189/6/440
f 1187/9/439 1192/16/443 1193/8/444
f 1298/10/544 1248/11/62 1191/12/442
f 1196/14/447 1204/18/455 1197/2/448
f 1194/15/445 1202/22/453 1195/5/446
f 1193/8/444 1199/21/450 1200/23/451
f 1191/12/442 1248/24/62 1198/25/449
f 1247/17/61 1197/2/448 1204/18/455
f 1195/5/446 1203/19/454 1196/14/447
f 1194/15/445 1200/23/451 1201/20/452
f 1192/16/443 1198/25/449 1199/21/450
f 1201/20/452 1209/30/820 1202/22/453
f 1200/23/451 1206/28/457 1207/26/458
f 1198/25/449 1248/31/62 1205/32/456
f 1247/33/61 1204/18/455 1211/29/462
f 1202/22/453 1210/34/461 1203/19/454
f 1201/20/452 1207/26/458 1208/27/459
f 1199/21/450 1205/32/456 1206/28/457
f 1203/19/454 1211/29/462 1204/18/455
f 1247/42/61 1211/29/462 1218/35/468
f 1209/30/820 1217/43/467 1210/34/461
f 1208/27/459 1214/39/465 1215/36/29
f 1206/28/457 1212/41/463 1213/38/464
f 1210/34/461 1218/35/468 1211/29/462
f 1208/27/459 1216/37/466 1209/30/820
f 1207/26/458 1213/38/464 1214/39/465
f 1205/32/456 1248/40/62 1212/41/463
f 1214/39/465 1222/50/472 1215/36/29
f 1212/41/463 1220/51/470 1213/38/464
f 1218/35/468 1224/49/474 1225/48/475
f 1216/37/466 1222/50/472 1223/52/473
f 1213/38/464 1221/44/471 1214/39/465
f 1212/41/463 1248/45/62 1219/46/469
f 1247/47/61 1218/35/468 1225/48/475
f 1217/43/467 1223/52/473 1224/49/474
f 1225/48/475 1231/55/481 1232/54/482
f 1223/52/473 1229/57/479 1230/60/480
f 1220/51/470 1228/56/478 1221/44/471
f 1219/46/469 1248/61/62 1226/58/476
f 1247/53/61 1225/48/475 1232/54/482
f 1224/49/474 1230/60/480 1231/55/481
f 1221/44/471 1229/57/479 1222/50/472
f 1219/46/469 1227/59/477 1220/51/470
f 1227/59/477 1235/66/485 1228/56/478
f 1226/58/476 1248/67/62 1233/68/483
f 1247/69/61 1232/54/482 1239/63/489
f 1231/55/481 1237/65/487 1238/70/488
f 1228/56/478 1236/64/486 1229/57/479
f 1226/58/476 1234/62/484 1227/59/477
f 1232/54/482 1238/70/488 1239/63/489
f 1230/60/480 1236/64/486 1237/65/487
f 1247/77/61 1239/63/489 1246/72/495
f 1238/70/488 1244/73/493 1245/71/494
f 1235/66/485 1243/78/57 1236/64/486
f 1233/68/483 1241/79/491 1234/62/484
f 1239/63/489 1245/71/494 1246/72/495
f 1237/65/487 1243/78/57 1244/73/493
f 1234/62/484 1242/74/492 1235/66/485
f 1233/68/483 1248/75/62 1240/76/490
f 1241/79/491 1249/81/496 1250/87/497
f 1245/71/494 1255/83/502 1246/72/495
f 1243/78/57 1253/84/500 1244/73/493
f 1242/74/492 1250/87/497 1251/88/498
f 1240/76/490 1248/80/62 1249/81/496
f 1247/82/61 1246/72/495 1255/83/502
f 1244/73/493 1254/85/501 1245/71/494
f 1243/78/57 1251/88/498 1252/86/499
f 1254/85/501 1262/94/509 1255/83/502
f 1252/86/499 1260/89/507 1253/84/500
f 1251/88/498 1257/93/821 1258/91/505
f 1249/81/496 1248/95/62 1256/96/503
f 1247/97/61 1255/83/502 1262/94/509
f 1253/84/500 1261/90/508 1254/85/501
f 1252/86/499 1258/91/505 1259/92/506
f 1250/87/497 1256/96/503 1257/93/821
f 1256/96/503 1248/101/62 1263/102/510
f 1247/103/61 1262/94/509 1269/98/516
f 1260/89/507 1268/104/515 1261/90/508
f 1259/92/506 1265/100/512 1266/105/513
f 1257/93/821 1263/102/510 1264/106/511
f 1261/90/508 1269/98/516 1262/94/509
f 1259/92/506 1267/99/514 1260/89/507
f 1258/91/505 1264/106/511 1265/100/512
f 1267/99/514 1275/113/521 1268/104/515
f 1266/105/513 1272/108/519 1273/114/87
f 1264/106/511 1270/110/517 1271/115/518
f 1268/104/515 1276/112/522 1269/98/516
f 1266/105/513 1274/107/520 1267/99/514
f 1265/100/512 1271/115/518 1272/108/519
f 1263/102/510 1248/109/62 1270/110/517
f 1247/111/61 1269/98/516 1276/112/522
f 1276/117/522 1282/120/528 1283/118/529
f 1274/119/520 1280/124/526 1281/128/527
f 1271/127/518 1279/123/525 1272/129/519
f 1270/125/517 1248/130/62 1277/131/523
f 1247/116/61 1276/117/522 1283/118/529
f 1275/121/521 1281/128/527 1282/120/528
f 1272/129/519 1280/124/526 1273/122/87
f 1270/125/517 1278/126/524 1271/127/518
f 1281/128/527 1287/133/533 1288/136/534
f 1278/126/524 1286/132/532 1279/123/525
f 1277/131/523 1248/137/62 1284/138/530
f 1247/139/61 1283/118/529 1290/135/536
f 1282/120/528 1288/136/534 1289/140/535
f 1279/123/525 1287/133/533 1280/124/526
f 1277/131/523 1285/134/531 1278/126/524
f 1283/118/529 1289/140/535 1290/135/536
f 1247/146/61 1290/135/536 1297/141/543
f 1289/140/535 1295/142/541 1296/147/542
f 1286/132/532 1294/148/540 1287/133/533
f 1284/138/530 1292/149/538 1285/134/531
f 1290/135/536 1296/147/542 1297/141/543
f 1288/136/534 1294/148/540 1295/142/541
f 1285/134/531 1293/143/539 1286/132/532
f 1284/138/530 1248/144/62 1291/145/537
f 1293/143/539 1188/4/2 1294/148/540
f 1291/145/537 1299/7/545 1292/149/538
f 1297/141/543 1300/1/546 1190/3/441
f 1295/142/541 1188/4/2 1189/6/440
f 1292/149/538 1187/9/439 1293/143/539
f 1291/145/537 1248/150/62 1298/10/544
f 1247/151/61 1297/141/543 1190/3/441
f 1296/147/542 1189/6/440 1300/1/546
s 5
f 457/9/439 569/7/545 462/16/443
f 459/6/440 465/5/446 466/14/447
f 458/4/2 457/9/439 463/8/444
f 569/7/545 568/10/544 461/12/442
f 570/1/546 466/14/447 467/2/448
f 458/4/2 464/15/445 465/5/446
f 465/5/446 472/22/453 473/19/454
f 464/15/445 463/8/444 470/23/451
f 462/16/443 461/12/442 468/25/449
f 466/14/447 473/19/454 474/18/455
f 464/15/445 471/20/452 472/22/453
f 463/8/444 462/16/443 469/21/450
f 473/19/454 480/34/461 481/29/462
f 471/20/452 478/27/459 479/30/460
f 470/23/451 469/21/450 476/28/457
f 472/22/453 479/30/460 480/34/461
f 471/20/452 470/23/451 477/26/458
f 469/21/450 468/25/449 475/32/456
f 478/27/459 485/36/29 486/37/466
f 477/26/458 476/28/457 483/38/464
f 479/30/460 486/37/466 487/43/467
f 478/27/459 477/26/458 484/39/465
f 476/28/457 475/32/456 482/41/463
f 480/34/461 487/43/467 488/35/468
f 487/43/467 486/37/466 493/52/473
f 484/39/465 491/44/471 492/50/472
f 482/41/463 489/46/469 490/51/470
f 488/35/468 487/43/467 494/49/474
f 486/37/466 485/36/29 492/50/472
f 483/38/464 490/51/470 491/44/471
f 491/44/471 498/56/478 499/57/479
f 489/46/469 496/58/476 497/59/477
f 495/48/475 494/49/474 501/55/481
f 493/52/473 492/50/472 499/57/479
f 490/51/470 497/59/477 498/56/478
f 494/49/474 493/52/473 500/60/480
f 502/54/482 501/55/481 508/70/488
f 500/60/480 499/57/479 506/64/486
f 497/59/477 504/62/484 505/66/485
f 501/55/481 500/60/480 507/65/487
f 498/56/478 505/66/485 506/64/486
f 496/58/476 503/68/483 504/62/484
f 504/62/484 511/79/491 512/74/492
f 508/70/488 507/65/487 514/73/493
f 505/66/485 512/74/492 513/78/57
f 503/68/483 510/76/490 511/79/491
f 509/63/489 508/70/488 515/71/494
f 507/65/487 506/64/486 513/78/57
f 514/73/493 523/84/500 524/85/501
f 513/78/57 512/74/492 521/88/498
f 511/79/491 510/76/490 519/81/496
f 515/71/494 524/85/501 525/83/502
f 513/78/57 522/86/499 523/84/500
f 512/74/492 511/79/491 520/87/497
f 520/87/497 519/81/496 526/96/503
f 524/85/501 531/90/508 532/94/509
f 522/86/499 529/92/506 530/89/507
f 521/88/498 520/87/497 527/93/504
f 523/84/500 530/89/507 531/90/508
f 522/86/499 521/88/498 528/91/505
f 531/90/508 538/104/515 539/98/516
f 529/92/506 536/105/513 537/99/514
f 528/91/505 527/93/504 534/106/511
f 530/89/507 537/99/514 538/104/515
f 529/92/506 528/91/505 535/100/512
f 527/93/504 526/96/503 533/102/510
f 537/99/514 544/107/520 545/113/521
f 536/105/513 535/100/512 542/108/519
f 534/106/511 533/102/510 540/110/517
f 538/104/515 545/113/521 546/112/522
f 536/105/513 543/114/87 544/107/520
f 535/100/512 534/106/511 541/115/518
f 545/121/521 544/119/520 551/128/527
f 542/129/519 549/123/525 550/124/526
f 540/125/517 547/131/523 548/126/524
f 546/117/522 545/121/521 552/120/528
f 544/119/520 543/122/87 550/124/526
f 541/127/518 548/126/524 549/123/525
f 553/118/529 552/120/528 559/140/535
f 551/128/527 550/124/526 557/133/533
f 548/126/524 555/134/531 556/132/532
f 552/120/528 551/128/527 558/136/534
f 549/123/525 556/132/532 557/133/533
f 547/131/523 554/138/530 555/134/531
f 558/136/534 557/133/533 564/148/540
f 555/134/531 562/149/538 563/143/539
f 559/140/535 558/136/534 565/142/541
f 556/132/532 563/143/539 564/148/540
f 554/138/530 561/145/537 562/149/538
f 560/135/536 559/140/535 566/147/542
f 566/147/542 565/142/541 459/6/440
f 563/143/539 457/9/439 458/4/2
f 561/145/537 568/10/544 569/7/545
f 567/141/543 566/147/542 570/1/546
f 565/142/541 564/148/540 458/4/2
f 562/149/538 569/7/545 457/9/439
s 14
f 1189/6/440 1195/5/446 1196/14/447
f 1188/4/2 1187/9/439 1193/8/444
f 1299/7/545 1298/10/544 1191/12/442
f 1300/1/546 1196/14/447 1197/2/448
f 1188/4/2 1194/15/445 1195/5/446
f 1187/9/439 1299/7/545 1192/16/443
f 1196/14/447 1203/19/454 1204/18/455
f 1194/15/445 1201/20/452 1202/22/453
f 1193/8/444 1192/16/443 1199/21/450
f 1195/5/446 1202/22/453 1203/19/454
f 1194/15/445 1193/8/444 1200/23/451
f 1192/16/443 1191/12/442 1198/25/449
f 1201/20/452 1208/27/459 1209/30/820
f 1200/23/451 1199/21/450 1206/28/457
f 1202/22/453 1209/30/820 1210/34/461
f 1201/20/452 1200/23/451 1207/26/458
f 1199/21/450 1198/25/449 1205/32/456
f 1203/19/454 1210/34/461 1211/29/462
f 1209/30/820 1216/37/466 1217/43/467
f 1208/27/459 1207/26/458 1214/39/465
f 1206/28/457 1205/32/456 1212/41/463
f 1210/34/461 1217/43/467 1218/35/468
f 1208/27/459 1215/36/29 1216/37/466
f 1207/26/458 1206/28/457 1213/38/464
f 1214/39/465 1221/44/471 1222/50/472
f 1212/41/463 1219/46/469 1220/51/470
f 1218/35/468 1217/43/467 1224/49/474
f 1216/37/466 1215/36/29 1222/50/472
f 1213/38/464 1220/51/470 1221/44/471
f 1217/43/467 1216/37/466 1223/52/473
f 1225/48/475 1224/49/474 1231/55/481
f 1223/52/473 1222/50/472 1229/57/479
f 1220/51/470 1227/59/477 1228/56/478
f 1224/49/474 1223/52/473 1230/60/480
f 1221/44/471 1228/56/478 1229/57/479
f 1219/46/469 1226/58/476 1227/59/477
f 1227/59/477 1234/62/484 1235/66/485
f 1231/55/481 1230/60/480 1237/65/487
f 1228/56/478 1235/66/485 1236/64/486
f 1226/58/476 1233/68/483 1234/62/484
f 1232/54/482 1231/55/481 1238/70/488
f 1230/60/480 1229/57/479 1236/64/486
f 1238/70/488 1237/65/487 1244/73/493
f 1235/66/485 1242/74/492 1243/78/57
f 1233/68/483 1240/76/490 1241/79/491
f 1239/63/489 1238/70/488 1245/71/494
f 1237/65/487 1236/64/486 1243/78/57
f 1234/62/484 1241/79/491 1242/74/492
f 1241/79/491 1240/76/490 1249/81/496
f 1245/71/494 1254/85/501 1255/83/502
f 1243/78/57 1252/86/499 1253/84/500
f 1242/74/492 1241/79/491 1250/87/497
f 1244/73/493 1253/84/500 1254/85/501
f 1243/78/57 1242/74/492 1251/88/498
f 1254/85/501 1261/90/508 1262/94/509
f 1252/86/499 1259/92/506 1260/89/507
f 1251/88/498 1250/87/497 1257/93/821
f 1253/84/500 1260/89/507 1261/90/508
f 1252/86/499 1251/88/498 1258/91/505
f 1250/87/497 1249/81/496 1256/96/503
f 1260/89/507 1267/99/514 1268/104/515
f 1259/92/506 1258/91/505 1265/100/512
f 1257/93/821 1256/96/503 1263/102/510
f 1261/90/508 1268/104/515 1269/98/516
f 1259/92/506 1266/105/513 1267/99/514
f 1258/91/505 1257/93/821 1264/106/511
f 1267/99/514 1274/107/520 1275/113/521
f 1266/105/513 1265/100/512 1272/108/519
f 1264/106/511 1263/102/510 1270/110/517
f 1268/104/515 1275/113/521 1276/112/522
f 1266/105/513 1273/114/87 1274/107/520
f 1265/100/512 1264/106/511 1271/115/518
f 1276/117/522 1275/121/521 1282/120/528
f 1274/119/520 1273/122/87 1280/124/526
f 1271/127/518 1278/126/524 1279/123/525
f 1275/121/521 1274/119/520 1281/128/527
f 1272/129/519 1279/123/525 1280/124/526
f 1270/125/517 1277/131/523 1278/126/524
f 1281/128/527 1280/124/526 1287/133/533
f 1278/126/524 1285/134/531 1286/132/532
f 1282/120/528 1281/128/527 1288/136/534
f 1279/123/525 1286/132/532 1287/133/533
f 1277/131/523 1284/138/530 1285/134/531
f 1283/118/529 1282/120/528 1289/140/535
f 1289/140/535 1288/136/534 1295/142/541
f 1286/132/532 1293/143/539 1294/148/540
f 1284/138/530 1291/145/537 1292/149/538
f 1290/135/536 1289/140/535 1296/147/542
f 1288/136/534 1287/133/533 1294/148/540
f 1285/134/531 1292/149/538 1293/143/539
f 1293/143/539 1187/9/439 1188/4/2
f 1291/145/537 1298/10/544 1299/7/545
f 1297/141/543 1296/147/542 1300/1/546
f 1295/142/541 1294/148/540 1188/4/2
f 1292/149/538 1299/7/545 1187/9/439
f 1296/147/542 1295/142/541 1189/6/440
s 8
g vampire_squid_mantle_violet_photophores.001
usemtl violet_photophores.001
f 711/13/61 654/3/629 661/2/636
f 764/1/734 659/5/634 660/14/635
f 651/9/627 658/15/633 652/4/2
f 762/10/732 656/16/631 763/7/733
f 654/3/629 660/14/635 661/2/636
f 653/6/628 658/15/633 659/5/634
f 763/7/733 657/8/632 651/9/627
f 762/10/732 712/11/62 655/12/630
f 655/12/630 663/21/638 656/16/631
f 661/2/636 667/19/642 668/18/643
f 659/5/634 665/20/640 666/22/641
f 656/16/631 664/23/639 657/8/632
f 655/12/630 712/24/62 662/25/637
f 711/17/61 661/2/636 668/18/643
f 660/14/635 666/22/641 667/19/642
f 657/8/632 665/20/640 658/15/633
f 668/18/643 674/34/649 675/29/650
f 666/22/641 672/27/647 673/30/648
f 663/21/638 671/26/646 664/23/639
f 662/25/637 712/31/62 669/32/644
f 711/33/61 668/18/643 675/29/650
f 667/19/642 673/30/648 674/34/649
f 664/23/639 672/27/647 665/20/640
f 662/25/637 670/28/645 663/21/638
f 669/32/644 712/40/62 676/41/651
f 711/42/61 675/29/650 682/35/656
f 674/34/649 680/37/654 681/43/655
f 671/26/646 679/36/29 672/27/647
f 669/32/644 677/38/652 670/28/645
f 675/29/650 681/43/655 682/35/656
f 673/30/648 679/36/29 680/37/654
f 670/28/645 678/39/653 671/26/646
f 680/37/654 688/49/662 681/43/655
f 679/36/29 685/44/659 686/50/660
f 677/38/652 683/46/657 684/51/658
f 681/43/655 689/48/663 682/35/656
f 679/36/29 687/52/661 680/37/654
f 678/39/653 684/51/658 685/44/659
f 676/41/651 712/45/62 683/46/657
f 711/47/61 682/35/656 689/48/663
f 688/49/662 696/54/670 689/48/663
f 686/50/660 694/60/668 687/52/661
f 685/44/659 691/59/665 692/56/666
f 683/46/657 712/61/62 690/58/664
f 711/53/61 689/48/663 696/54/670
f 687/52/661 695/55/669 688/49/662
f 686/50/660 692/56/666 693/57/667
f 684/51/658 690/58/664 691/59/665
f 693/57/667 701/65/675 694/60/668
f 692/56/666 698/62/672 699/66/673
f 690/58/664 712/67/62 697/68/671
f 711/69/61 696/54/670 703/63/677
f 694/60/668 702/70/676 695/55/669
f 693/57/667 699/66/673 700/64/674
f 691/59/665 697/68/671 698/62/672
f 695/55/669 703/63/677 696/54/670
f 711/77/61 703/63/677 710/72/683
f 701/65/675 709/71/682 702/70/676
f 700/64/674 706/74/680 707/78/57
f 698/62/672 704/76/678 705/79/679
f 702/70/676 710/72/683 703/63/677
f 700/64/674 708/73/681 701/65/675
f 699/66/673 705/79/679 706/74/680
f 697/68/671 712/75/62 704/76/678
f 706/74/680 716/86/687 707/78/57
f 704/76/678 714/87/685 705/79/679
f 710/72/683 718/85/689 719/83/690
f 708/73/681 716/86/687 717/84/688
f 705/79/679 715/88/686 706/74/680
f 704/76/678 712/80/62 713/81/684
f 711/82/61 710/72/683 719/83/690
f 709/71/682 717/84/688 718/85/689
f 719/83/690 725/90/696 726/94/697
f 717/84/688 723/92/694 724/89/695
f 714/87/685 722/91/693 715/88/686
f 713/81/684 712/95/62 720/96/691
f 711/97/61 719/83/690 726/94/697
f 718/85/689 724/89/695 725/90/696
f 715/88/686 723/92/694 716/86/687
f 713/81/684 721/93/692 714/87/685
f 721/93/692 729/100/700 722/91/693
f 720/96/691 712/101/62 727/102/698
f 711/103/61 726/94/697 733/98/704
f 725/90/696 731/99/702 732/104/703
f 722/91/693 730/105/701 723/92/694
f 720/96/691 728/106/699 721/93/692
f 726/94/697 732/104/703 733/98/704
f 724/89/695 730/105/701 731/99/702
f 711/111/61 733/98/704 740/112/710
f 732/104/703 738/107/708 739/113/709
f 729/100/700 737/114/87 730/105/701
f 727/102/698 735/115/706 728/106/699
f 733/98/704 739/113/709 740/112/710
f 731/99/702 737/114/87 738/107/708
f 728/106/699 736/108/707 729/100/700
f 727/102/698 712/109/62 734/110/705
f 735/127/706 741/131/711 742/126/712
f 739/121/709 747/118/717 740/117/710
f 737/122/87 745/128/715 738/119/708
f 736/129/707 742/126/712 743/123/713
f 734/125/705 712/130/62 741/131/711
f 711/116/61 740/117/710 747/118/717
f 738/119/708 746/120/716 739/121/709
f 737/122/87 743/123/713 744/124/714
f 746/120/716 754/135/724 747/118/717
f 744/124/714 752/136/722 745/128/715
f 743/123/713 749/134/719 750/132/720
f 741/131/711 712/137/62 748/138/718
f 711/139/61 747/118/717 754/135/724
f 745/128/715 753/140/723 746/120/716
f 744/124/714 750/132/720 751/133/721
f 742/126/712 748/138/718 749/134/719
f 748/138/718 712/144/62 755/145/725
f 711/146/61 754/135/724 761/141/731
f 752/136/722 760/147/730 753/140/723
f 751/133/721 757/143/727 758/148/728
f 749/134/719 755/145/725 756/149/726
f 753/140/723 761/141/731 754/135/724
f 751/133/721 759/142/729 752/136/722
f 750/132/720 756/149/726 757/143/727
f 759/142/729 764/1/734 760/147/730
f 758/148/728 651/9/627 652/4/2
f 756/149/726 762/10/732 763/7/733
f 760/147/730 654/3/629 761/141/731
f 758/148/728 653/6/628 759/142/729
f 757/143/727 763/7/733 651/9/627
f 755/145/725 712/150/62 762/10/732
f 711/151/61 761/141/731 654/3/629
s 10
f 916/10/732 810/16/631 917/7/733
f 808/3/629 814/14/635 815/2/636
f 807/6/628 812/15/633 813/5/634
f 917/7/733 811/8/632 805/9/627
f 916/10/732 866/11/62 809/12/630
f 865/13/61 808/3/629 815/2/636
f 918/1/734 813/5/634 814/14/635
f 805/9/627 812/15/633 806/4/2
f 813/5/634 819/20/640 820/22/641
f 810/16/631 818/23/639 811/8/632
f 809/12/630 866/24/62 816/25/637
f 865/17/61 815/2/636 822/18/643
f 814/14/635 820/22/641 821/19/642
f 811/8/632 819/20/640 812/15/633
f 809/12/630 817/21/638 810/16/631
f 815/2/636 821/19/642 822/18/643
f 865/33/61 822/18/643 829/29/776
f 821/19/642 827/30/648 828/34/649
f 818/23/639 826/27/647 819/20/640
f 816/25/637 824/28/645 817/21/638
f 822/18/643 828/34/649 829/29/776
f 820/22/641 826/27/647 827/30/648
f 817/21/638 825/26/646 818/23/639
f 816/25/637 866/31/62 823/32/775
f 825/26/646 833/36/29 826/27/647
f 823/32/775 831/38/652 824/28/645
f 829/29/776 835/43/655 836/35/656
f 827/30/648 833/36/29 834/37/654
f 824/28/645 832/39/653 825/26/646
f 823/32/775 866/40/62 830/41/651
f 865/42/61 829/29/776 836/35/656
f 828/34/649 834/37/654 835/43/655
f 835/43/655 843/48/663 836/35/656
f 833/36/29 841/52/661 834/37/654
f 832/39/653 838/51/658 839/44/659
f 830/41/651 866/45/62 837/46/777
f 865/47/61 836/35/656 843/48/663
f 834/37/654 842/49/662 835/43/655
f 833/36/29 839/44/659 840/50/660
f 831/38/652 837/46/777 838/51/658
f 839/44/659 845/59/665 846/56/666
f 837/46/777 866/61/62 844/58/664
f 865/53/61 843/48/663 850/54/670
f 841/52/661 849/55/669 842/49/662
f 840/50/660 846/56/666 847/57/667
f 838/51/658 844/58/664 845/59/665
f 842/49/662 850/54/670 843/48/663
f 840/50/660 848/60/668 841/52/661
f 865/69/61 850/54/670 857/63/677
f 848/60/668 856/70/676 849/55/669
f 847/57/667 853/66/673 854/64/674
f 845/59/665 851/68/671 852/62/672
f 849/55/669 857/63/677 850/54/670
f 847/57/667 855/65/675 848/60/668
f 846/56/666 852/62/672 853/66/673
f 844/58/664 866/67/62 851/68/671
f 852/62/672 858/76/678 859/79/679
f 856/70/676 864/72/683 857/63/677
f 854/64/674 862/73/681 855/65/675
f 853/66/673 859/79/679 860/74/680
f 851/68/671 866/75/62 858/76/678
f 865/77/61 857/63/677 864/72/683
f 855/65/675 863/71/682 856/70/676
f 854/64/674 860/74/680 861/78/57
f 864/72/683 872/85/689 873/83/690
f 862/73/681 870/86/687 871/84/688
f 859/79/679 869/88/686 860/74/680
f 858/76/678 866/80/62 867/81/684
f 865/82/61 864/72/683 873/83/690
f 863/71/682 871/84/688 872/85/689
f 860/74/680 870/86/687 861/78/57
f 858/76/678 868/87/685 859/79/679
f 867/81/684 866/95/62 874/96/691
f 865/97/61 873/83/690 880/94/697
f 872/85/689 878/89/695 879/90/696
f 869/88/686 877/92/694 870/86/687
f 867/81/684 875/93/692 868/87/685
f 873/83/690 879/90/696 880/94/697
f 871/84/688 877/92/694 878/89/695
f 868/87/685 876/91/693 869/88/686
f 879/90/696 885/99/702 886/104/703
f 876/91/693 884/105/701 877/92/694
f 874/96/691 882/106/699 875/93/692
f 880/94/697 886/104/703 887/98/779
f 878/89/695 884/105/701 885/99/702
f 875/93/692 883/100/700 876/91/693
f 874/96/691 866/101/62 881/102/778
f 865/103/61 880/94/697 887/98/779
f 887/98/779 893/113/709 894/112/710
f 885/99/702 891/114/87 892/107/708
f 882/106/699 890/108/707 883/100/700
f 881/102/778 866/109/62 888/110/705
f 865/111/61 887/98/779 894/112/710
f 886/104/703 892/107/708 893/113/709
f 883/100/700 891/114/87 884/105/701
f 881/102/778 889/115/706 882/106/699
f 891/122/87 899/128/715 892/119/708
f 890/129/707 896/126/712 897/123/713
f 888/125/705 866/130/62 895/131/711
f 865/116/61 894/117/710 901/118/717
f 892/119/708 900/120/716 893/121/709
f 891/122/87 897/123/713 898/124/714
f 889/127/706 895/131/711 896/126/712
f 893/121/709 901/118/717 894/117/710
f 865/139/61 901/118/717 908/135/724
f 899/128/715 907/140/723 900/120/716
f 898/124/714 904/132/720 905/133/721
f 896/126/712 902/138/718 903/134/719
f 900/120/716 908/135/724 901/118/717
f 898/124/714 906/136/722 899/128/715
f 897/123/713 903/134/719 904/132/720
f 895/131/711 866/137/62 902/138/718
f 905/133/721 911/143/727 912/148/728
f 903/134/719 909/145/725 910/149/726
f 907/140/723 915/141/731 908/135/724
f 905/133/721 913/142/729 906/136/722
f 904/132/720 910/149/726 911/143/727
f 902/138/718 866/144/62 909/145/725
f 865/146/61 908/135/724 915/141/731
f 906/136/722 914/147/730 907/140/723
f 914/147/730 808/3/629 915/141/731
f 912/148/728 807/6/628 913/142/729
f 911/143/727 917/7/733 805/9/627
f 909/145/725 866/150/62 916/10/732
f 865/151/61 915/141/731 808/3/629
f 913/142/729 918/1/734 914/147/730
f 912/148/728 805/9/627 806/4/2
f 910/149/726 916/10/732 917/7/733
s 12
f 1070/10/732 964/16/631 1071/7/733
f 962/3/629 968/14/635 969/2/636
f 961/6/628 966/15/633 967/5/634
f 1071/7/733 965/8/632 959/9/627
f 1070/10/732 1020/11/62 963/12/630
f 1019/13/61 962/3/629 969/2/636
f 1072/1/734 967/5/634 968/14/635
f 959/9/627 966/15/633 960/4/2
f 967/5/634 973/20/640 974/22/641
f 964/16/631 972/23/639 965/8/632
f 963/12/630 1020/24/62 970/25/637
f 1019/17/61 969/2/636 976/18/643
f 968/14/635 974/22/641 975/19/642
f 965/8/632 973/20/640 966/15/633
f 963/12/630 971/21/638 964/16/631
f 969/2/636 975/19/642 976/18/643
f 1019/33/61 976/18/643 983/29/650
f 975/19/642 981/30/648 982/34/649
f 972/23/639 980/27/647 973/20/640
f 970/25/637 978/28/645 971/21/638
f 976/18/643 982/34/649 983/29/650
f 974/22/641 980/27/647 981/30/648
f 971/21/638 979/26/646 972/23/639
f 970/25/637 1020/31/62 977/32/644
f 979/26/646 987/36/29 980/27/647
f 977/32/644 985/38/652 978/28/645
f 983/29/650 989/43/655 990/35/656
f 981/30/648 987/36/29 988/37/654
f 978/28/645 986/39/653 979/26/646
f 977/32/644 1020/40/62 984/41/651
f 1019/42/61 983/29/650 990/35/656
f 982/34/649 988/37/654 989/43/655
f 989/43/655 997/48/663 990/35/656
f 987/36/29 995/52/661 988/37/654
f 986/39/653 992/51/658 993/44/659
f 984/41/651 1020/45/62 991/46/657
f 1019/47/61 990/35/656 997/48/663
f 988/37/654 996/49/662 989/43/655
f 987/36/29 993/44/659 994/50/660
f 985/38/652 991/46/657 992/51/658
f 993/44/659 999/59/665 1000/56/666
f 991/46/657 1020/61/62 998/58/664
f 1019/53/61 997/48/663 1004/54/670
f 995/52/661 1003/55/669 996/49/662
f 994/50/660 1000/56/666 1001/57/667
f 992/51/658 998/58/664 999/59/665
f 996/49/662 1004/54/670 997/48/663
f 994/50/660 1002/60/668 995/52/661
f 1019/69/61 1004/54/670 1011/63/677
f 1002/60/668 1010/70/676 1003/55/669
f 1001/57/667 1007/66/673 1008/64/674
f 999/59/665 1005/68/671 1006/62/672
f 1003/55/669 1011/63/677 1004/54/670
f 1001/57/667 1009/65/675 1002/60/668
f 1000/56/666 1006/62/672 1007/66/673
f 998/58/664 1020/67/62 1005/68/671
f 1006/62/672 1012/76/678 1013/79/679
f 1010/70/676 1018/72/683 1011/63/677
f 1008/64/674 1016/73/681 1009/65/675
f 1007/66/673 1013/79/679 1014/74/680
f 1005/68/671 1020/75/62 1012/76/678
f 1019/77/61 1011/63/677 1018/72/683
f 1009/65/675 1017/71/682 1010/70/676
f 1008/64/674 1014/74/680 1015/78/57
f 1018/72/683 1026/85/689 1027/83/690
f 1016/73/681 1024/86/687 1025/84/688
f 1013/79/679 1023/88/686 1014/74/680
f 1012/76/678 1020/80/62 1021/81/684
f 1019/82/61 1018/72/683 1027/83/690
f 1017/71/682 1025/84/688 1026/85/689
f 1014/74/680 1024/86/687 1015/78/57
f 1012/76/678 1022/87/685 1013/79/679
f 1021/81/684 1020/95/62 1028/96/691
f 1019/97/61 1027/83/690 1034/94/697
f 1026/85/689 1032/89/695 1033/90/696
f 1023/88/686 1031/92/694 1024/86/687
f 1021/81/684 1029/93/692 1022/87/685
f 1027/83/690 1033/90/696 1034/94/697
f 1025/84/688 1031/92/694 1032/89/695
f 1022/87/685 1030/91/693 1023/88/686
f 1033/90/696 1039/99/702 1040/104/703
f 1030/91/693 1038/105/701 1031/92/694
f 1028/96/691 1036/106/699 1029/93/692
f 1034/94/697 1040/104/703 1041/98/779
f 1032/89/695 1038/105/701 1039/99/702
f 1029/93/692 1037/100/700 1030/91/693
f 1028/96/691 1020/101/62 1035/102/778
f 1019/103/61 1034/94/697 1041/98/779
f 1041/98/779 1047/113/709 1048/112/710
f 1039/99/702 1045/114/87 1046/107/708
f 1036/106/699 1044/108/707 1037/100/700
f 1035/102/778 1020/109/62 1042/110/705
f 1019/111/61 1041/98/779 1048/112/710
f 1040/104/703 1046/107/708 1047/113/709
f 1037/100/700 1045/114/87 1038/105/701
f 1035/102/778 1043/115/706 1036/106/699
f 1045/122/87 1053/128/715 1046/119/708
f 1044/129/707 1050/126/712 1051/123/713
f 1042/125/705 1020/130/62 1049/131/711
f 1019/116/61 1048/117/710 1055/118/717
f 1046/119/708 1054/120/716 1047/121/709
f 1045/122/87 1051/123/713 1052/124/714
f 1043/127/706 1049/131/711 1050/126/712
f 1047/121/709 1055/118/717 1048/117/710
f 1019/139/61 1055/118/717 1062/135/724
f 1053/128/715 1061/140/723 1054/120/716
f 1052/124/714 1058/132/720 1059/133/721
f 1050/126/712 1056/138/718 1057/134/719
f 1054/120/716 1062/135/724 1055/118/717
f 1052/124/714 1060/136/722 1053/128/715
f 1051/123/713 1057/134/719 1058/132/720
f 1049/131/711 1020/137/62 1056/138/718
f 1059/133/721 1065/143/727 1066/148/728
f 1057/134/719 1063/145/725 1064/149/726
f 1061/140/723 1069/141/731 1062/135/724
f 1059/133/721 1067/142/729 1060/136/722
f 1058/132/720 1064/149/726 1065/143/727
f 1056/138/718 1020/144/62 1063/145/725
f 1019/146/61 1062/135/724 1069/141/731
f 1060/136/722 1068/147/730 1061/140/723
f 1068/147/730 962/3/629 1069/141/731
f 1066/148/728 961/6/628 1067/142/729
f 1065/143/727 1071/7/733 959/9/627
f 1063/145/725 1020/150/62 1070/10/732
f 1019/151/61 1069/141/731 962/3/629
f 1067/142/729 1072/1/734 1068/147/730
f 1066/148/728 959/9/627 960/4/2
f 1064/149/726 1070/10/732 1071/7/733
s 17
f 1381/9/627 1388/15/633 1382/4/2
f 1492/10/732 1386/16/631 1493/7/733
f 1384/3/629 1390/14/635 1391/2/636
f 1383/6/628 1388/15/633 1389/5/634
f 1493/7/733 1387/8/632 1381/9/627
f 1492/10/732 1442/11/62 1385/12/630
f 1441/13/61 1384/3/629 1391/2/636
f 1494/1/734 1389/5/634 1390/14/635
f 1391/2/636 1397/19/642 1398/18/643
f 1389/5/634 1395/20/640 1396/22/641
f 1386/16/631 1394/23/639 1387/8/632
f 1385/12/630 1442/24/62 1392/25/637
f 1441/17/61 1391/2/636 1398/18/643
f 1390/14/635 1396/22/641 1397/19/642
f 1387/8/632 1395/20/640 1388/15/633
f 1385/12/630 1393/21/638 1386/16/631
f 1392/25/637 1442/31/62 1399/32/644
f 1441/33/61 1398/18/643 1405/29/650
f 1397/19/642 1403/30/648 1404/34/649
f 1394/23/639 1402/27/647 1395/20/640
f 1392/25/637 1400/28/645 1393/21/638
f 1398/18/643 1404/34/649 1405/29/650
f 1396/22/641 1402/27/647 1403/30/648
f 1393/21/638 1401/26/646 1394/23/639
f 1404/34/649 1410/37/654 1411/43/655
f 1401/26/646 1409/36/29 1402/27/647
f 1399/32/644 1407/38/652 1400/28/645
f 1405/29/650 1411/43/655 1412/35/656
f 1403/30/648 1409/36/29 1410/37/654
f 1400/28/645 1408/39/653 1401/26/646
f 1399/32/644 1442/40/62 1406/41/651
f 1441/42/61 1405/29/650 1412/35/656
f 1411/43/655 1419/48/663 1412/35/656
f 1409/36/29 1417/52/661 1410/37/654
f 1408/39/653 1414/51/658 1415/44/659
f 1406/41/651 1442/45/62 1413/46/657
f 1441/47/61 1412/35/656 1419/48/663
f 1410/37/654 1418/49/662 1411/43/655
f 1409/36/29 1415/44/659 1416/50/660
f 1407/38/652 1413/46/657 1414/51/658
f 1416/50/660 1424/60/668 1417/52/661
f 1415/44/659 1421/59/665 1422/56/666
f 1413/46/657 1442/61/62 1420/58/664
f 1441/53/61 1419/48/663 1426/54/670
f 1417/52/661 1425/55/669 1418/49/662
f 1416/50/660 1422/56/666 1423/57/667
f 1414/51/658 1420/58/664 1421/59/665
f 1418/49/662 1426/54/670 1419/48/663
f 1441/69/61 1426/54/670 1433/63/677
f 1424/60/668 1432/70/676 1425/55/669
f 1423/57/667 1429/66/673 1430/64/674
f 1421/59/665 1427/68/671 1428/62/672
f 1425/55/669 1433/63/677 1426/54/670
f 1423/57/667 1431/65/675 1424/60/668
f 1422/56/666 1428/62/672 1429/66/673
f 1420/58/664 1442/67/62 1427/68/671
f 1430/64/674 1436/74/680 1437/78/57
f 1428/62/672 1434/76/678 1435/79/679
f 1432/70/676 1440/72/683 1433/63/677
f 1430/64/674 1438/73/681 1431/65/675
f 1429/66/673 1435/79/679 1436/74/680
f 1427/68/671 1442/75/62 1434/76/678
f 1441/77/61 1433/63/677 1440/72/683
f 1431/65/675 1439/71/682 1432/70/676
f 1440/72/683 1448/85/689 1449/83/690
f 1438/73/681 1446/86/687 1447/84/688
f 1435/79/679 1445/88/686 1436/74/680
f 1434/76/678 1442/80/62 1443/81/684
f 1441/82/61 1440/72/683 1449/83/690
f 1439/71/682 1447/84/688 1448/85/689
f 1436/74/680 1446/86/687 1437/78/57
f 1434/76/678 1444/87/685 1435/79/679
f 1444/87/685 1452/91/693 1445/88/686
f 1443/81/684 1442/95/62 1450/96/691
f 1441/97/61 1449/83/690 1456/94/697
f 1448/85/689 1454/89/695 1455/90/696
f 1445/88/686 1453/92/694 1446/86/687
f 1443/81/684 1451/93/692 1444/87/685
f 1449/83/690 1455/90/696 1456/94/697
f 1447/84/688 1453/92/694 1454/89/695
f 1441/103/61 1456/94/697 1463/98/704
f 1455/90/696 1461/99/702 1462/104/703
f 1452/91/693 1460/105/701 1453/92/694
f 1450/96/691 1458/106/699 1451/93/692
f 1456/94/697 1462/104/703 1463/98/704
f 1454/89/695 1460/105/701 1461/99/702
f 1451/93/692 1459/100/700 1452/91/693
f 1450/96/691 1442/101/62 1457/102/698
f 1457/102/698 1465/115/706 1458/106/699
f 1463/98/704 1469/113/709 1470/112/710
f 1461/99/702 1467/114/87 1468/107/708
f 1458/106/699 1466/108/707 1459/100/700
f 1457/102/698 1442/109/62 1464/110/705
f 1441/111/61 1463/98/704 1470/112/710
f 1462/104/703 1468/107/708 1469/113/709
f 1459/100/700 1467/114/87 1460/105/701
f 1469/121/709 1477/118/717 1470/117/710
f 1467/122/87 1475/128/715 1468/119/708
f 1466/129/707 1472/126/712 1473/123/713
f 1464/125/705 1442/130/62 1471/131/711
f 1441/116/61 1470/117/710 1477/118/717
f 1468/119/708 1476/120/716 1469/121/709
f 1467/122/87 1473/123/713 1474/124/714
f 1465/127/706 1471/131/711 1472/126/712
f 1471/131/711 1442/137/62 1478/138/718
f 1441/139/61 1477/118/717 1484/135/724
f 1475/128/715 1483/140/723 1476/120/716
f 1474/124/714 1480/132/720 1481/133/721
f 1472/126/712 1478/138/718 1479/134/719
f 1476/120/716 1484/135/724 1477/118/717
f 1474/124/714 1482/136/722 1475/128/715
f 1473/123/713 1479/134/719 1480/132/720
f 1482/136/722 1490/147/730 1483/140/723
f 1481/133/721 1487/143/727 1488/148/728
f 1479/134/719 1485/145/725 1486/149/726
f 1483/140/723 1491/141/731 1484/135/724
f 1481/133/721 1489/142/729 1482/136/722
f 1480/132/720 1486/149/726 1487/143/727
f 1478/138/718 1442/144/62 1485/145/725
f 1441/146/61 1484/135/724 1491/141/731
f 1490/147/730 1384/3/629 1491/141/731
f 1488/148/728 1383/6/628 1489/142/729
f 1487/143/727 1493/7/733 1381/9/627
f 1485/145/725 1442/150/62 1492/10/732
f 1441/151/61 1491/141/731 1384/3/629
f 1489/142/729 1494/1/734 1490/147/730
f 1488/148/728 1381/9/627 1382/4/2
f 1486/149/726 1492/10/732 1493/7/733
s 19
f 1646/10/732 1540/16/631 1647/7/733
f 1538/3/629 1544/14/635 1545/2/636
f 1537/6/628 1542/15/633 1543/5/634
f 1647/7/733 1541/8/632 1535/9/627
f 1646/10/732 1596/11/62 1539/12/630
f 1595/13/61 1538/3/629 1545/2/636
f 1648/1/734 1543/5/634 1544/14/635
f 1535/9/627 1542/15/633 1536/4/2
f 1543/5/634 1549/20/640 1550/22/641
f 1540/16/631 1548/23/639 1541/8/632
f 1539/12/630 1596/24/62 1546/25/637
f 1595/17/61 1545/2/636 1552/18/643
f 1544/14/635 1550/22/641 1551/19/642
f 1541/8/632 1549/20/640 1542/15/633
f 1539/12/630 1547/21/638 1540/16/631
f 1545/2/636 1551/19/642 1552/18/643
f 1595/33/61 1552/18/643 1559/29/650
f 1551/19/642 1557/30/648 1558/34/649
f 1548/23/639 1556/27/647 1549/20/640
f 1546/25/637 1554/28/645 1547/21/638
f 1552/18/643 1558/34/649 1559/29/650
f 1550/22/641 1556/27/647 1557/30/648
f 1547/21/638 1555/26/646 1548/23/639
f 1546/25/637 1596/31/62 1553/32/644
f 1555/26/646 1563/36/29 1556/27/647
f 1553/32/644 1561/38/652 1554/28/645
f 1559/29/650 1565/43/655 1566/35/656
f 1557/30/648 1563/36/29 1564/37/654
f 1554/28/645 1562/39/653 1555/26/646
f 1553/32/644 1596/40/62 1560/41/651
f 1595/42/61 1559/29/650 1566/35/656
f 1558/34/649 1564/37/654 1565/43/655
f 1565/43/655 1573/48/663 1566/35/656
f 1563/36/29 1571/52/661 1564/37/654
f 1562/39/653 1568/51/658 1569/44/659
f 1560/41/651 1596/45/62 1567/46/777
f 1595/47/61 1566/35/656 1573/48/663
f 1564/37/654 1572/49/662 1565/43/655
f 1563/36/29 1569/44/659 1570/50/660
f 1561/38/652 1567/46/777 1568/51/658
f 1569/44/659 1575/59/665 1576/56/666
f 1567/46/777 1596/61/62 1574/58/664
f 1595/53/61 1573/48/663 1580/54/670
f 1571/52/661 1579/55/669 1572/49/662
f 1570/50/660 1576/56/666 1577/57/667
f 1568/51/658 1574/58/664 1575/59/665
f 1572/49/662 1580/54/670 1573/48/663
f 1570/50/660 1578/60/668 1571/52/661
f 1595/69/61 1580/54/670 1587/63/677
f 1578/60/668 1586/70/676 1579/55/669
f 1577/57/667 1583/66/673 1584/64/674
f 1575/59/665 1581/68/671 1582/62/672
f 1579/55/669 1587/63/677 1580/54/670
f 1577/57/667 1585/65/675 1578/60/668
f 1576/56/666 1582/62/672 1583/66/673
f 1574/58/664 1596/67/62 1581/68/671
f 1582/62/672 1588/76/678 1589/79/679
f 1586/70/676 1594/72/683 1587/63/677
f 1584/64/674 1592/73/681 1585/65/675
f 1583/66/673 1589/79/679 1590/74/680
f 1581/68/671 1596/75/62 1588/76/678
f 1595/77/61 1587/63/677 1594/72/683
f 1585/65/675 1593/71/682 1586/70/676
f 1584/64/674 1590/74/680 1591/78/57
f 1594/72/683 1602/85/689 1603/83/690
f 1592/73/681 1600/86/687 1601/84/688
f 1589/79/679 1599/88/686 1590/74/680
f 1588/76/678 1596/80/62 1597/81/684
f 1595/82/61 1594/72/683 1603/83/690
f 1593/71/682 1601/84/688 1602/85/689
f 1590/74/680 1600/86/687 1591/78/57
f 1588/76/678 1598/87/685 1589/79/679
f 1597/81/684 1596/95/62 1604/96/691
f 1595/97/61 1603/83/690 1610/94/697
f 1602/85/689 1608/89/695 1609/90/696
f 1599/88/686 1607/92/694 1600/86/687
f 1597/81/684 1605/93/692 1598/87/685
f 1603/83/690 1609/90/696 1610/94/697
f 1601/84/688 1607/92/694 1608/89/695
f 1598/87/685 1606/91/693 1599/88/686
f 1609/90/696 1615/99/702 1616/104/703
f 1606/91/693 1614/105/701 1607/92/694
f 1604/96/691 1612/106/699 1605/93/692
f 1610/94/697 1616/104/703 1617/98/779
f 1608/89/695 1614/105/701 1615/99/702
f 1605/93/692 1613/100/700 1606/91/693
f 1604/96/691 1596/101/62 1611/102/778
f 1595/103/61 1610/94/697 1617/98/779
f 1617/98/779 1623/113/709 1624/112/710
f 1615/99/702 1621/114/87 1622/107/708
f 1612/106/699 1620/108/707 1613/100/700
f 1611/102/778 1596/109/62 1618/110/705
f 1595/111/61 1617/98/779 1624/112/710
f 1616/104/703 1622/107/708 1623/113/709
f 1613/100/700 1621/114/87 1614/105/701
f 1611/102/778 1619/115/706 1612/106/699
f 1621/122/87 1629/128/715 1622/119/708
f 1620/129/707 1626/126/712 1627/123/713
f 1618/125/705 1596/130/62 1625/131/711
f 1595/116/61 1624/117/710 1631/118/717
f 1622/119/708 1630/120/716 1623/121/709
f 1621/122/87 1627/123/713 1628/124/714
f 1619/127/706 1625/131/711 1626/126/712
f 1623/121/709 1631/118/717 1624/117/710
f 1595/139/61 1631/118/717 1638/135/724
f 1629/128/715 1637/140/723 1630/120/716
f 1628/124/714 1634/132/720 1635/133/721
f 1626/126/712 1632/138/718 1633/134/719
f 1630/120/716 1638/135/724 1631/118/717
f 1628/124/714 1636/136/722 1629/128/715
f 1627/123/713 1633/134/719 1634/132/720
f 1625/131/711 1596/137/62 1632/138/718
f 1635/133/721 1641/143/727 1642/148/728
f 1633/134/719 1639/145/725 1640/149/726
f 1637/140/723 1645/141/731 1638/135/724
f 1635/133/721 1643/142/729 1636/136/722
f 1634/132/720 1640/149/726 1641/143/727
f 1632/138/718 1596/144/62 1639/145/725
f 1595/146/61 1638/135/724 1645/141/731
f 1636/136/722 1644/147/730 1637/140/723
f 1644/147/730 1538/3/629 1645/141/731
f 1642/148/728 1537/6/628 1643/142/729
f 1641/143/727 1647/7/733 1535/9/627
f 1639/145/725 1596/150/62 1646/10/732
f 1595/151/61 1645/141/731 1538/3/629
f 1643/142/729 1648/1/734 1644/147/730
f 1642/148/728 1535/9/627 1536/4/2
f 1640/149/726 1646/10/732 1647/7/733
s 21
f 1802/1/734 1697/5/634 1698/14/635
f 1689/9/627 1696/15/633 1690/4/2
f 1800/10/732 1694/16/631 1801/7/733
f 1692/3/629 1698/14/635 1699/2/636
f 1691/6/628 1696/15/633 1697/5/634
f 1801/7/733 1695/8/632 1689/9/627
f 1800/10/732 1750/11/62 1693/12/630
f 1749/13/61 1692/3/629 1699/2/636
f 1699/2/636 1705/19/642 1706/18/643
f 1697/5/634 1703/20/640 1704/22/641
f 1694/16/631 1702/23/639 1695/8/632
f 1693/12/630 1750/24/62 1700/25/637
f 1749/17/61 1699/2/636 1706/18/643
f 1698/14/635 1704/22/641 1705/19/642
f 1695/8/632 1703/20/640 1696/15/633
f 1693/12/630 1701/21/638 1694/16/631
f 1701/21/638 1709/26/646 1702/23/639
f 1700/25/637 1750/31/62 1707/32/644
f 1749/33/61 1706/18/643 1713/29/650
f 1705/19/642 1711/30/648 1712/34/649
f 1702/23/639 1710/27/647 1703/20/640
f 1700/25/637 1708/28/645 1701/21/638
f 1706/18/643 1712/34/649 1713/29/650
f 1704/22/641 1710/27/647 1711/30/648
f 1749/42/61 1713/29/650 1720/35/656
f 1712/34/649 1718/37/654 1719/43/655
f 1709/26/646 1717/36/29 1710/27/647
f 1707/32/644 1715/38/652 1708/28/645
f 1713/29/650 1719/43/655 1720/35/656
f 1711/30/648 1717/36/29 1718/37/654
f 1708/28/645 1716/39/653 1709/26/646
f 1707/32/644 1750/40/62 1714/41/651
f 1715/38/652 1721/46/657 1722/51/658
f 1719/43/655 1727/48/663 1720/35/656
f 1717/36/29 1725/52/661 1718/37/654
f 1716/39/653 1722/51/658 1723/44/659
f 1714/41/651 1750/45/62 1721/46/657
f 1749/47/61 1720/35/656 1727/48/663
f 1718/37/654 1726/49/662 1719/43/655
f 1717/36/29 1723/44/659 1724/50/660
f 1726/49/662 1734/54/670 1727/48/663
f 1724/50/660 1732/60/668 1725/52/661
f 1723/44/659 1729/59/665 1730/56/666
f 1721/46/657 1750/61/62 1728/58/664
f 1749/53/61 1727/48/663 1734/54/670
f 1725/52/661 1733/55/669 1726/49/662
f 1724/50/660 1730/56/666 1731/57/667
f 1722/51/658 1728/58/664 1729/59/665
f 1728/58/664 1750/67/62 1735/68/671
f 1749/69/61 1734/54/670 1741/63/677
f 1732/60/668 1740/70/676 1733/55/669
f 1731/57/667 1737/66/673 1738/64/674
f 1729/59/665 1735/68/671 1736/62/672
f 1733/55/669 1741/63/677 1734/54/670
f 1731/57/667 1739/65/675 1732/60/668
f 1730/56/666 1736/62/672 1737/66/673
f 1739/65/675 1747/71/682 1740/70/676
f 1738/64/674 1744/74/680 1745/78/57
f 1736/62/672 1742/76/678 1743/79/679
f 1740/70/676 1748/72/683 1741/63/677
f 1738/64/674 1746/73/681 1739/65/675
f 1737/66/673 1743/79/679 1744/74/680
f 1735/68/671 1750/75/62 1742/76/678
f 1749/77/61 1741/63/677 1748/72/683
f 1748/72/683 1756/85/689 1757/83/690
f 1746/73/681 1754/86/687 1755/84/688
f 1743/79/679 1753/88/686 1744/74/680
f 1742/76/678 1750/80/62 1751/81/684
f 1749/82/61 1748/72/683 1757/83/690
f 1747/71/682 1755/84/688 1756/85/689
f 1744/74/680 1754/86/687 1745/78/57
f 1742/76/678 1752/87/685 1743/79/679
f 1755/84/688 1761/92/694 1762/89/695
f 1752/87/685 1760/91/693 1753/88/686
f 1751/81/684 1750/95/62 1758/96/691
f 1749/97/61 1757/83/690 1764/94/697
f 1756/85/689 1762/89/695 1763/90/696
f 1753/88/686 1761/92/694 1754/86/687
f 1751/81/684 1759/93/692 1752/87/685
f 1757/83/690 1763/90/696 1764/94/697
f 1749/103/61 1764/94/697 1771/98/779
f 1763/90/696 1769/99/702 1770/104/703
f 1760/91/693 1768/105/701 1761/92/694
f 1758/96/691 1766/106/699 1759/93/692
f 1764/94/697 1770/104/703 1771/98/779
f 1762/89/695 1768/105/701 1769/99/702
f 1759/93/692 1767/100/700 1760/91/693
f 1758/96/691 1750/101/62 1765/102/778
f 1767/100/700 1775/114/87 1768/105/701
f 1765/102/778 1773/115/706 1766/106/699
f 1771/98/779 1777/113/709 1778/112/710
f 1769/99/702 1775/114/87 1776/107/708
f 1766/106/699 1774/108/707 1767/100/700
f 1765/102/778 1750/109/62 1772/110/705
f 1749/111/61 1771/98/779 1778/112/710
f 1770/104/703 1776/107/708 1777/113/709
f 1777/121/709 1785/118/717 1778/117/710
f 1775/122/87 1783/128/715 1776/119/708
f 1774/129/707 1780/126/712 1781/123/713
f 1772/125/705 1750/130/62 1779/131/711
f 1749/116/61 1778/117/710 1785/118/717
f 1776/119/708 1784/120/716 1777/121/709
f 1775/122/87 1781/123/713 1782/124/714
f 1773/127/706 1779/131/711 1780/126/712
f 1781/123/713 1787/134/719 1788/132/720
f 1779/131/711 1750/137/62 1786/138/718
f 1749/139/61 1785/118/717 1792/135/724
f 1783/128/715 1791/140/723 1784/120/716
f 1782/124/714 1788/132/720 1789/133/721
f 1780/126/712 1786/138/718 1787/134/719
f 1784/120/716 1792/135/724 1785/118/717
f 1782/124/714 1790/136/722 1783/128/715
f 1749/146/61 1792/135/724 1799/141/731
f 1790/136/722 1798/147/730 1791/140/723
f 1789/133/721 1795/143/727 1796/148/728
f 1787/134/719 1793/145/725 1794/149/726
f 1791/140/723 1799/141/731 1792/135/724
f 1789/133/721 1797/142/729 1790/136/722
f 1788/132/720 1794/149/726 1795/143/727
f 1786/138/718 1750/144/62 1793/145/725
f 1794/149/726 1800/10/732 1801/7/733
f 1798/147/730 1692/3/629 1799/141/731
f 1796/148/728 1691/6/628 1797/142/729
f 1795/143/727 1801/7/733 1689/9/627
f 1793/145/725 1750/150/62 1800/10/732
f 1749/151/61 1799/141/731 1692/3/629
f 1797/142/729 1802/1/734 1798/147/730
f 1796/148/728 1689/9/627 1690/4/2
s 8
f 764/1/734 653/6/628 659/5/634
f 651/9/627 657/8/632 658/15/633
f 762/10/732 655/12/630 656/16/631
f 654/3/629 764/1/734 660/14/635
f 653/6/628 652/4/2 658/15/633
f 763/7/733 656/16/631 657/8/632
f 655/12/630 662/25/637 663/21/638
f 661/2/636 660/14/635 667/19/642
f 659/5/634 658/15/633 665/20/640
f 656/16/631 663/21/638 664/23/639
f 660/14/635 659/5/634 666/22/641
f 657/8/632 664/23/639 665/20/640
f 668/18/643 667/19/642 674/34/649
f 666/22/641 665/20/640 672/27/647
f 663/21/638 670/28/645 671/26/646
f 667/19/642 666/22/641 673/30/648
f 664/23/639 671/26/646 672/27/647
f 662/25/637 669/32/644 670/28/645
f 674/34/649 673/30/648 680/37/654
f 671/26/646 678/39/653 679/36/29
f 669/32/644 676/41/651 677/38/652
f 675/29/650 674/34/649 681/43/655
f 673/30/648 672/27/647 679/36/29
f 670/28/645 677/38/652 678/39/653
f 680/37/654 687/52/661 688/49/662
f 679/36/29 678/39/653 685/44/659
f 677/38/652 676/41/651 683/46/657
f 681/43/655 688/49/662 689/48/663
f 679/36/29 686/50/660 687/52/661
f 678/39/653 677/38/652 684/51/658
f 688/49/662 695/55/669 696/54/670
f 686/50/660 693/57/667 694/60/668
f 685/44/659 684/51/658 691/59/665
f 687/52/661 694/60/668 695/55/669
f 686/50/660 685/44/659 692/56/666
f 684/51/658 683/46/657 690/58/664
f 693/57/667 700/64/674 701/65/675
f 692/56/666 691/59/665 698/62/672
f 694/60/668 701/65/675 702/70/676
f 693/57/667 692/56/666 699/66/673
f 691/59/665 690/58/664 697/68/671
f 695/55/669 702/70/676 703/63/677
f 701/65/675 708/73/681 709/71/682
f 700/64/674 699/66/673 706/74/680
f 698/62/672 697/68/671 704/76/678
f 702/70/676 709/71/682 710/72/683
f 700/64/674 707/78/57 708/73/681
f 699/66/673 698/62/672 705/79/679
f 706/74/680 715/88/686 716/86/687
f 704/76/678 713/81/684 714/87/685
f 710/72/683 709/71/682 718/85/689
f 708/73/681 707/78/57 716/86/687
f 705/79/679 714/87/685 715/88/686
f 709/71/682 708/73/681 717/84/688
f 719/83/690 718/85/689 725/90/696
f 717/84/688 716/86/687 723/92/694
f 714/87/685 721/93/692 722/91/693
f 718/85/689 717/84/688 724/89/695
f 715/88/686 722/91/693 723/92/694
f 713/81/684 720/96/691 721/93/692
f 721/93/692 728/106/699 729/100/700
f 725/90/696 724/89/695 731/99/702
f 722/91/693 729/100/700 730/105/701
f 720/96/691 727/102/698 728/106/699
f 726/94/697 725/90/696 732/104/703
f 724/89/695 723/92/694 730/105/701
f 732/104/703 731/99/702 738/107/708
f 729/100/700 736/108/707 737/114/87
f 727/102/698 734/110/705 735/115/706
f 733/98/704 732/104/703 739/113/709
f 731/99/702 730/105/701 737/114/87
f 728/106/699 735/115/706 736/108/707
f 735/127/706 734/125/705 741/131/711
f 739/121/709 746/120/716 747/118/717
f 737/122/87 744/124/714 745/128/715
f 736/129/707 735/127/706 742/126/712
f 738/119/708 745/128/715 746/120/716
f 737/122/87 736/129/707 743/123/713
f 746/120/716 753/140/723 754/135/724
f 744/124/714 751/133/721 752/136/722
f 743/123/713 742/126/712 749/134/719
f 745/128/715 752/136/722 753/140/723
f 744/124/714 743/123/713 750/132/720
f 742/126/712 741/131/711 748/138/718
f 752/136/722 759/142/729 760/147/730
f 751/133/721 750/132/720 757/143/727
f 749/134/719 748/138/718 755/145/725
f 753/140/723 760/147/730 761/141/731
f 751/133/721 758/148/728 759/142/729
f 750/132/720 749/134/719 756/149/726
f 759/142/729 653/6/628 764/1/734
f 758/148/728 757/143/727 651/9/627
f 756/149/726 755/145/725 762/10/732
f 760/147/730 764/1/734 654/3/629
f 758/148/728 652/4/2 653/6/628
f 757/143/727 756/149/726 763/7/733
s 10
f 916/10/732 809/12/630 810/16/631
f 808/3/629 918/1/734 814/14/635
f 807/6/628 806/4/2 812/15/633
f 917/7/733 810/16/631 811/8/632
f 918/1/734 807/6/628 813/5/634
f 805/9/627 811/8/632 812/15/633
f 813/5/634 812/15/633 819/20/640
f 810/16/631 817/21/638 818/23/639
f 814/14/635 813/5/634 820/22/641
f 811/8/632 818/23/639 819/20/640
f 809/12/630 816/25/637 817/21/638
f 815/2/636 814/14/635 821/19/642
f 821/19/642 820/22/641 827/30/648
f 818/23/639 825/26/646 826/27/647
f 816/25/637 823/32/775 824/28/645
f 822/18/643 821/19/642 828/34/649
f 820/22/641 819/20/640 826/27/647
f 817/21/638 824/28/645 825/26/646
f 825/26/646 832/39/653 833/36/29
f 823/32/775 830/41/651 831/38/652
f 829/29/776 828/34/649 835/43/655
f 827/30/648 826/27/647 833/36/29
f 824/28/645 831/38/652 832/39/653
f 828/34/649 827/30/648 834/37/654
f 835/43/655 842/49/662 843/48/663
f 833/36/29 840/50/660 841/52/661
f 832/39/653 831/38/652 838/51/658
f 834/37/654 841/52/661 842/49/662
f 833/36/29 832/39/653 839/44/659
f 831/38/652 830/41/651 837/46/777
f 839/44/659 838/51/658 845/59/665
f 841/52/661 848/60/668 849/55/669
f 840/50/660 839/44/659 846/56/666
f 838/51/658 837/46/777 844/58/664
f 842/49/662 849/55/669 850/54/670
f 840/50/660 847/57/667 848/60/668
f 848/60/668 855/65/675 856/70/676
f 847/57/667 846/56/666 853/66/673
f 845/59/665 844/58/664 851/68/671
f 849/55/669 856/70/676 857/63/677
f 847/57/667 854/64/674 855/65/675
f 846/56/666 845/59/665 852/62/672
f 852/62/672 851/68/671 858/76/678
f 856/70/676 863/71/682 864/72/683
f 854/64/674 861/78/57 862/73/681
f 853/66/673 852/62/672 859/79/679
f 855/65/675 862/73/681 863/71/682
f 854/64/674 853/66/673 860/74/680
f 864/72/683 863/71/682 872/85/689
f 862/73/681 861/78/57 870/86/687
f 859/79/679 868/87/685 869/88/686
f 863/71/682 862/73/681 871/84/688
f 860/74/680 869/88/686 870/86/687
f 858/76/678 867/81/684 868/87/685
f 872/85/689 871/84/688 878/89/695
f 869/88/686 876/91/693 877/92/694
f 867/81/684 874/96/691 875/93/692
f 873/83/690 872/85/689 879/90/696
f 871/84/688 870/86/687 877/92/694
f 868/87/685 875/93/692 876/91/693
f 879/90/696 878/89/695 885/99/702
f 876/91/693 883/100/700 884/105/701
f 874/96/691 881/102/778 882/106/699
f 880/94/697 879/90/696 886/104/703
f 878/89/695 877/92/694 884/105/701
f 875/93/692 882/106/699 883/100/700
f 887/98/779 886/104/703 893/113/709
f 885/99/702 884/105/701 891/114/87
f 882/106/699 889/115/706 890/108/707
f 886/104/703 885/99/702 892/107/708
f 883/100/700 890/108/707 891/114/87
f 881/102/778 888/110/705 889/115/706
f 891/122/87 898/124/714 899/128/715
f 890/129/707 889/127/706 896/126/712
f 892/119/708 899/128/715 900/120/716
f 891/122/87 890/129/707 897/123/713
f 889/127/706 888/125/705 895/131/711
f 893/121/709 900/120/716 901/118/717
f 899/128/715 906/136/722 907/140/723
f 898/124/714 897/123/713 904/132/720
f 896/126/712 895/131/711 902/138/718
f 900/120/716 907/140/723 908/135/724
f 898/124/714 905/133/721 906/136/722
f 897/123/713 896/126/712 903/134/719
f 905/133/721 904/132/720 911/143/727
f 903/134/719 902/138/718 909/145/725
f 907/140/723 914/147/730 915/141/731
f 905/133/721 912/148/728 913/142/729
f 904/132/720 903/134/719 910/149/726
f 906/136/722 913/142/729 914/147/730
f 914/147/730 918/1/734 808/3/629
f 912/148/728 806/4/2 807/6/628
f 911/143/727 910/149/726 917/7/733
f 913/142/729 807/6/628 918/1/734
f 912/148/728 911/143/727 805/9/627
f 910/149/726 909/145/725 916/10/732
s 12
f 1070/10/732 963/12/630 964/16/631
f 962/3/629 1072/1/734 968/14/635
f 961/6/628 960/4/2 966/15/633
f 1071/7/733 964/16/631 965/8/632
f 1072/1/734 961/6/628 967/5/634
f 959/9/627 965/8/632 966/15/633
f 967/5/634 966/15/633 973/20/640
f 964/16/631 971/21/638 972/23/639
f 968/14/635 967/5/634 974/22/641
f 965/8/632 972/23/639 973/20/640
f 963/12/630 970/25/637 971/21/638
f 969/2/636 968/14/635 975/19/642
f 975/19/642 974/22/641 981/30/648
f 972/23/639 979/26/646 980/27/647
f 970/25/637 977/32/644 978/28/645
f 976/18/643 975/19/642 982/34/649
f 974/22/641 973/20/640 980/27/647
f 971/21/638 978/28/645 979/26/646
f 979/26/646 986/39/653 987/36/29
f 977/32/644 984/41/651 985/38/652
f 983/29/650 982/34/649 989/43/655
f 981/30/648 980/27/647 987/36/29
f 978/28/645 985/38/652 986/39/653
f 982/34/649 981/30/648 988/37/654
f 989/43/655 996/49/662 997/48/663
f 987/36/29 994/50/660 995/52/661
f 986/39/653 985/38/652 992/51/658
f 988/37/654 995/52/661 996/49/662
f 987/36/29 986/39/653 993/44/659
f 985/38/652 984/41/651 991/46/657
f 993/44/659 992/51/658 999/59/665
f 995/52/661 1002/60/668 1003/55/669
f 994/50/660 993/44/659 1000/56/666
f 992/51/658 991/46/657 998/58/664
f 996/49/662 1003/55/669 1004/54/670
f 994/50/660 1001/57/667 1002/60/668
f 1002/60/668 1009/65/675 1010/70/676
f 1001/57/667 1000/56/666 1007/66/673
f 999/59/665 998/58/664 1005/68/671
f 1003/55/669 1010/70/676 1011/63/677
f 1001/57/667 1008/64/674 1009/65/675
f 1000/56/666 999/59/665 1006/62/672
f 1006/62/672 1005/68/671 1012/76/678
f 1010/70/676 1017/71/682 1018/72/683
f 1008/64/674 1015/78/57 1016/73/681
f 1007/66/673 1006/62/672 1013/79/679
f 1009/65/675 1016/73/681 1017/71/682
f 1008/64/674 1007/66/673 1014/74/680
f 1018/72/683 1017/71/682 1026/85/689
f 1016/73/681 1015/78/57 1024/86/687
f 1013/79/679 1022/87/685 1023/88/686
f 1017/71/682 1016/73/681 1025/84/688
f 1014/74/680 1023/88/686 1024/86/687
f 1012/76/678 1021/81/684 1022/87/685
f 1026/85/689 1025/84/688 1032/89/695
f 1023/88/686 1030/91/693 1031/92/694
f 1021/81/684 1028/96/691 1029/93/692
f 1027/83/690 1026/85/689 1033/90/696
f 1025/84/688 1024/86/687 1031/92/694
f 1022/87/685 1029/93/692 1030/91/693
f 1033/90/696 1032/89/695 1039/99/702
f 1030/91/693 1037/100/700 1038/105/701
f 1028/96/691 1035/102/778 1036/106/699
f 1034/94/697 1033/90/696 1040/104/703
f 1032/89/695 1031/92/694 1038/105/701
f 1029/93/692 1036/106/699 1037/100/700
f 1041/98/779 1040/104/703 1047/113/709
f 1039/99/702 1038/105/701 1045/114/87
f 1036/106/699 1043/115/706 1044/108/707
f 1040/104/703 1039/99/702 1046/107/708
f 1037/100/700 1044/108/707 1045/114/87
f 1035/102/778 1042/110/705 1043/115/706
f 1045/122/87 1052/124/714 1053/128/715
f 1044/129/707 1043/127/706 1050/126/712
f 1046/119/708 1053/128/715 1054/120/716
f 1045/122/87 1044/129/707 1051/123/713
f 1043/127/706 1042/125/705 1049/131/711
f 1047/121/709 1054/120/716 1055/118/717
f 1053/128/715 1060/136/722 1061/140/723
f 1052/124/714 1051/123/713 1058/132/720
f 1050/126/712 1049/131/711 1056/138/718
f 1054/120/716 1061/140/723 1062/135/724
f 1052/124/714 1059/133/721 1060/136/722
f 1051/123/713 1050/126/712 1057/134/719
f 1059/133/721 1058/132/720 1065/143/727
f 1057/134/719 1056/138/718 1063/145/725
f 1061/140/723 1068/147/730 1069/141/731
f 1059/133/721 1066/148/728 1067/142/729
f 1058/132/720 1057/134/719 1064/149/726
f 1060/136/722 1067/142/729 1068/147/730
f 1068/147/730 1072/1/734 962/3/629
f 1066/148/728 960/4/2 961/6/628
f 1065/143/727 1064/149/726 1071/7/733
f 1067/142/729 961/6/628 1072/1/734
f 1066/148/728 1065/143/727 959/9/627
f 1064/149/726 1063/145/725 1070/10/732
s 17
f 1381/9/627 1387/8/632 1388/15/633
f 1492/10/732 1385/12/630 1386/16/631
f 1384/3/629 1494/1/734 1390/14/635
f 1383/6/628 1382/4/2 1388/15/633
f 1493/7/733 1386/16/631 1387/8/632
f 1494/1/734 1383/6/628 1389/5/634
f 1391/2/636 1390/14/635 1397/19/642
f 1389/5/634 1388/15/633 1395/20/640
f 1386/16/631 1393/21/638 1394/23/639
f 1390/14/635 1389/5/634 1396/22/641
f 1387/8/632 1394/23/639 1395/20/640
f 1385/12/630 1392/25/637 1393/21/638
f 1397/19/642 1396/22/641 1403/30/648
f 1394/23/639 1401/26/646 1402/27/647
f 1392/25/637 1399/32/644 1400/28/645
f 1398/18/643 1397/19/642 1404/34/649
f 1396/22/641 1395/20/640 1402/27/647
f 1393/21/638 1400/28/645 1401/26/646
f 1404/34/649 1403/30/648 1410/37/654
f 1401/26/646 1408/39/653 1409/36/29
f 1399/32/644 1406/41/651 1407/38/652
f 1405/29/650 1404/34/649 1411/43/655
f 1403/30/648 1402/27/647 1409/36/29
f 1400/28/645 1407/38/652 1408/39/653
f 1411/43/655 1418/49/662 1419/48/663
f 1409/36/29 1416/50/660 1417/52/661
f 1408/39/653 1407/38/652 1414/51/658
f 1410/37/654 1417/52/661 1418/49/662
f 1409/36/29 1408/39/653 1415/44/659
f 1407/38/652 1406/41/651 1413/46/657
f 1416/50/660 1423/57/667 1424/60/668
f 1415/44/659 1414/51/658 1421/59/665
f 1417/52/661 1424/60/668 1425/55/669
f 1416/50/660 1415/44/659 1422/56/666
f 1414/51/658 1413/46/657 1420/58/664
f 1418/49/662 1425/55/669 1426/54/670
f 1424/60/668 1431/65/675 1432/70/676
f 1423/57/667 1422/56/666 1429/66/673
f 1421/59/665 1420/58/664 1427/68/671
f 1425/55/669 1432/70/676 1433/63/677
f 1423/57/667 1430/64/674 1431/65/675
f 1422/56/666 1421/59/665 1428/62/672
f 1430/64/674 1429/66/673 1436/74/680
f 1428/62/672 1427/68/671 1434/76/678
f 1432/70/676 1439/71/682 1440/72/683
f 1430/64/674 1437/78/57 1438/73/681
f 1429/66/673 1428/62/672 1435/79/679
f 1431/65/675 1438/73/681 1439/71/682
f 1440/72/683 1439/71/682 1448/85/689
f 1438/73/681 1437/78/57 1446/86/687
f 1435/79/679 1444/87/685 1445/88/686
f 1439/71/682 1438/73/681 1447/84/688
f 1436/74/680 1445/88/686 1446/86/687
f 1434/76/678 1443/81/684 1444/87/685
f 1444/87/685 1451/93/692 1452/91/693
f 1448/85/689 1447/84/688 1454/89/695
f 1445/88/686 1452/91/693 1453/92/694
f 1443/81/684 1450/96/691 1451/93/692
f 1449/83/690 1448/85/689 1455/90/696
f 1447/84/688 1446/86/687 1453/92/694
f 1455/90/696 1454/89/695 1461/99/702
f 1452/91/693 1459/100/700 1460/105/701
f 1450/96/691 1457/102/698 1458/106/699
f 1456/94/697 1455/90/696 1462/104/703
f 1454/89/695 1453/92/694 1460/105/701
f 1451/93/692 1458/106/699 1459/100/700
f 1457/102/698 1464/110/705 1465/115/706
f 1463/98/704 1462/104/703 1469/113/709
f 1461/99/702 1460/105/701 1467/114/87
f 1458/106/699 1465/115/706 1466/108/707
f 1462/104/703 1461/99/702 1468/107/708
f 1459/100/700 1466/108/707 1467/114/87
f 1469/121/709 1476/120/716 1477/118/717
f 1467/122/87 1474/124/714 1475/128/715
f 1466/129/707 1465/127/706 1472/126/712
f 1468/119/708 1475/128/715 1476/120/716
f 1467/122/87 1466/129/707 1473/123/713
f 1465/127/706 1464/125/705 1471/131/711
f 1475/128/715 1482/136/722 1483/140/723
f 1474/124/714 1473/123/713 1480/132/720
f 1472/126/712 1471/131/711 1478/138/718
f 1476/120/716 1483/140/723 1484/135/724
f 1474/124/714 1481/133/721 1482/136/722
f 1473/123/713 1472/126/712 1479/134/719
f 1482/136/722 1489/142/729 1490/147/730
f 1481/133/721 1480/132/720 1487/143/727
f 1479/134/719 1478/138/718 1485/145/725
f 1483/140/723 1490/147/730 1491/141/731
f 1481/133/721 1488/148/728 1489/142/729
f 1480/132/720 1479/134/719 1486/149/726
f 1490/147/730 1494/1/734 1384/3/629
f 1488/148/728 1382/4/2 1383/6/628
f 1487/143/727 1486/149/726 1493/7/733
f 1489/142/729 1383/6/628 1494/1/734
f 1488/148/728 1487/143/727 1381/9/627
f 1486/149/726 1485/145/725 1492/10/732
s 19
f 1646/10/732 1539/12/630 1540/16/631
f 1538/3/629 1648/1/734 1544/14/635
f 1537/6/628 1536/4/2 1542/15/633
f 1647/7/733 1540/16/631 1541/8/632
f 1648/1/734 1537/6/628 1543/5/634
f 1535/9/627 1541/8/632 1542/15/633
f 1543/5/634 1542/15/633 1549/20/640
f 1540/16/631 1547/21/638 1548/23/639
f 1544/14/635 1543/5/634 1550/22/641
f 1541/8/632 1548/23/639 1549/20/640
f 1539/12/630 1546/25/637 1547/21/638
f 1545/2/636 1544/14/635 1551/19/642
f 1551/19/642 1550/22/641 1557/30/648
f 1548/23/639 1555/26/646 1556/27/647
f 1546/25/637 1553/32/644 1554/28/645
f 1552/18/643 1551/19/642 1558/34/649
f 1550/22/641 1549/20/640 1556/27/647
f 1547/21/638 1554/28/645 1555/26/646
f 1555/26/646 1562/39/653 1563/36/29
f 1553/32/644 1560/41/651 1561/38/652
f 1559/29/650 1558/34/649 1565/43/655
f 1557/30/648 1556/27/647 1563/36/29
f 1554/28/645 1561/38/652 1562/39/653
f 1558/34/649 1557/30/648 1564/37/654
f 1565/43/655 1572/49/662 1573/48/663
f 1563/36/29 1570/50/660 1571/52/661
f 1562/39/653 1561/38/652 1568/51/658
f 1564/37/654 1571/52/661 1572/49/662
f 1563/36/29 1562/39/653 1569/44/659
f 1561/38/652 1560/41/651 1567/46/777
f 1569/44/659 1568/51/658 1575/59/665
f 1571/52/661 1578/60/668 1579/55/669
f 1570/50/660 1569/44/659 1576/56/666
f 1568/51/658 1567/46/777 1574/58/664
f 1572/49/662 1579/55/669 1580/54/670
f 1570/50/660 1577/57/667 1578/60/668
f 1578/60/668 1585/65/675 1586/70/676
f 1577/57/667 1576/56/666 1583/66/673
f 1575/59/665 1574/58/664 1581/68/671
f 1579/55/669 1586/70/676 1587/63/677
f 1577/57/667 1584/64/674 1585/65/675
f 1576/56/666 1575/59/665 1582/62/672
f 1582/62/672 1581/68/671 1588/76/678
f 1586/70/676 1593/71/682 1594/72/683
f 1584/64/674 1591/78/57 1592/73/681
f 1583/66/673 1582/62/672 1589/79/679
f 1585/65/675 1592/73/681 1593/71/682
f 1584/64/674 1583/66/673 1590/74/680
f 1594/72/683 1593/71/682 1602/85/689
f 1592/73/681 1591/78/57 1600/86/687
f 1589/79/679 1598/87/685 1599/88/686
f 1593/71/682 1592/73/681 1601/84/688
f 1590/74/680 1599/88/686 1600/86/687
f 1588/76/678 1597/81/684 1598/87/685
f 1602/85/689 1601/84/688 1608/89/695
f 1599/88/686 1606/91/693 1607/92/694
f 1597/81/684 1604/96/691 1605/93/692
f 1603/83/690 1602/85/689 1609/90/696
f 1601/84/688 1600/86/687 1607/92/694
f 1598/87/685 1605/93/692 1606/91/693
f 1609/90/696 1608/89/695 1615/99/702
f 1606/91/693 1613/100/700 1614/105/701
f 1604/96/691 1611/102/778 1612/106/699
f 1610/94/697 1609/90/696 1616/104/703
f 1608/89/695 1607/92/694 1614/105/701
f 1605/93/692 1612/106/699 1613/100/700
f 1617/98/779 1616/104/703 1623/113/709
f 1615/99/702 1614/105/701 1621/114/87
f 1612/106/699 1619/115/706 1620/108/707
f 1616/104/703 1615/99/702 1622/107/708
f 1613/100/700 1620/108/707 1621/114/87
f 1611/102/778 1618/110/705 1619/115/706
f 1621/122/87 1628/124/714 1629/128/715
f 1620/129/707 1619/127/706 1626/126/712
f 1622/119/708 1629/128/715 1630/120/716
f 1621/122/87 1620/129/707 1627/123/713
f 1619/127/706 1618/125/705 1625/131/711
f 1623/121/709 1630/120/716 1631/118/717
f 1629/128/715 1636/136/722 1637/140/723
f 1628/124/714 1627/123/713 1634/132/720
f 1626/126/712 1625/131/711 1632/138/718
f 1630/120/716 1637/140/723 1638/135/724
f 1628/124/714 1635/133/721 1636/136/722
f 1627/123/713 1626/126/712 1633/134/719
f 1635/133/721 1634/132/720 1641/143/727
f 1633/134/719 1632/138/718 1639/145/725
f 1637/140/723 1644/147/730 1645/141/731
f 1635/133/721 1642/148/728 1643/142/729
f 1634/132/720 1633/134/719 1640/149/726
f 1636/136/722 1643/142/729 1644/147/730
f 1644/147/730 1648/1/734 1538/3/629
f 1642/148/728 1536/4/2 1537/6/628
f 1641/143/727 1640/149/726 1647/7/733
f 1643/142/729 1537/6/628 1648/1/734
f 1642/148/728 1641/143/727 1535/9/627
f 1640/149/726 1639/145/725 1646/10/732
s 21
f 1802/1/734 1691/6/628 1697/5/634
f 1689/9/627 1695/8/632 1696/15/633
f 1800/10/732 1693/12/630 1694/16/631
f 1692/3/629 1802/1/734 1698/14/635
f 1691/6/628 1690/4/2 1696/15/633
f 1801/7/733 1694/16/631 1695/8/632
f 1699/2/636 1698/14/635 1705/19/642
f 1697/5/634 1696/15/633 1703/20/640
f 1694/16/631 1701/21/638 1702/23/639
f 1698/14/635 1697/5/634 1704/22/641
f 1695/8/632 1702/23/639 1703/20/640
f 1693/12/630 1700/25/637 1701/21/638
f 1701/21/638 1708/28/645 1709/26/646
f 1705/19/642 1704/22/641 1711/30/648
f 1702/23/639 1709/26/646 1710/27/647
f 1700/25/637 1707/32/644 1708/28/645
f 1706/18/643 1705/19/642 1712/34/649
f 1704/22/641 1703/20/640 1710/27/647
f 1712/34/649 1711/30/648 1718/37/654
f 1709/26/646 1716/39/653 1717/36/29
f 1707/32/644 1714/41/651 1715/38/652
f 1713/29/650 1712/34/649 1719/43/655
f 1711/30/648 1710/27/647 1717/36/29
f 1708/28/645 1715/38/652 1716/39/653
f 1715/38/652 1714/41/651 1721/46/657
f 1719/43/655 1726/49/662 1727/48/663
f 1717/36/29 1724/50/660 1725/52/661
f 1716/39/653 1715/38/652 1722/51/658
f 1718/37/654 1725/52/661 1726/49/662
f 1717/36/29 1716/39/653 1723/44/659
f 1726/49/662 1733/55/669 1734/54/670
f 1724/50/660 1731/57/667 1732/60/668
f 1723/44/659 1722/51/658 1729/59/665
f 1725/52/661 1732/60/668 1733/55/669
f 1724/50/660 1723/44/659 1730/56/666
f 1722/51/658 1721/46/657 1728/58/664
f 1732/60/668 1739/65/675 1740/70/676
f 1731/57/667 1730/56/666 1737/66/673
f 1729/59/665 1728/58/664 1735/68/671
f 1733/55/669 1740/70/676 1741/63/677
f 1731/57/667 1738/64/674 1739/65/675
f 1730/56/666 1729/59/665 1736/62/672
f 1739/65/675 1746/73/681 1747/71/682
f 1738/64/674 1737/66/673 1744/74/680
f 1736/62/672 1735/68/671 1742/76/678
f 1740/70/676 1747/71/682 1748/72/683
f 1738/64/674 1745/78/57 1746/73/681
f 1737/66/673 1736/62/672 1743/79/679
f 1748/72/683 1747/71/682 1756/85/689
f 1746/73/681 1745/78/57 1754/86/687
f 1743/79/679 1752/87/685 1753/88/686
f 1747/71/682 1746/73/681 1755/84/688
f 1744/74/680 1753/88/686 1754/86/687
f 1742/76/678 1751/81/684 1752/87/685
f 1755/84/688 1754/86/687 1761/92/694
f 1752/87/685 1759/93/692 1760/91/693
f 1756/85/689 1755/84/688 1762/89/695
f 1753/88/686 1760/91/693 1761/92/694
f 1751/81/684 1758/96/691 1759/93/692
f 1757/83/690 1756/85/689 1763/90/696
f 1763/90/696 1762/89/695 1769/99/702
f 1760/91/693 1767/100/700 1768/105/701
f 1758/96/691 1765/102/778 1766/106/699
f 1764/94/697 1763/90/696 1770/104/703
f 1762/89/695 1761/92/694 1768/105/701
f 1759/93/692 1766/106/699 1767/100/700
f 1767/100/700 1774/108/707 1775/114/87
f 1765/102/778 1772/110/705 1773/115/706
f 1771/98/779 1770/104/703 1777/113/709
f 1769/99/702 1768/105/701 1775/114/87
f 1766/106/699 1773/115/706 1774/108/707
f 1770/104/703 1769/99/702 1776/107/708
f 1777/121/709 1784/120/716 1785/118/717
f 1775/122/87 1782/124/714 1783/128/715
f 1774/129/707 1773/127/706 1780/126/712
f 1776/119/708 1783/128/715 1784/120/716
f 1775/122/87 1774/129/707 1781/123/713
f 1773/127/706 1772/125/705 1779/131/711
f 1781/123/713 1780/126/712 1787/134/719
f 1783/128/715 1790/136/722 1791/140/723
f 1782/124/714 1781/123/713 1788/132/720
f 1780/126/712 1779/131/711 1786/138/718
f 1784/120/716 1791/140/723 1792/135/724
f 1782/124/714 1789/133/721 1790/136/722
f 1790/136/722 1797/142/729 1798/147/730
f 1789/133/721 1788/132/720 1795/143/727
f 1787/134/719 1786/138/718 1793/145/725
f 1791/140/723 1798/147/730 1799/141/731
f 1789/133/721 1796/148/728 1797/142/729
f 1788/132/720 1787/134/719 1794/149/726
f 1794/149/726 1793/145/725 1800/10/732
f 1798/147/730 1802/1/734 1692/3/629
f 1796/148/728 1690/4/2 1691/6/628
f 1795/143/727 1794/149/726 1801/7/733
f 1797/142/729 1691/6/628 1802/1/734
f 1796/148/728 1795/143/727 1689/9/627
