# Blender 4.5.5 LTS
# www.blender.org
mtllib 03_enki_npc.mtl
o Cone
v 0.000000 -0.819000 0.000000
v 0.000000 -0.312000 3.000000
v -0.271760 -0.791093 0.000000
v -0.103528 -0.301369 3.000000
v -0.525000 -0.709275 0.000000
v -0.200000 -0.270200 3.000000
v -0.742462 -0.579120 0.000000
v -0.282843 -0.220617 3.000000
v -0.909327 -0.409500 0.000000
v -0.346410 -0.156000 3.000000
v -1.014222 -0.211973 0.000000
v -0.386370 -0.080752 3.000000
v -1.050000 0.000000 0.000000
v -0.400000 0.000000 3.000000
v -1.014222 0.211973 0.000000
v -0.386370 0.080752 3.000000
v -0.909327 0.409500 0.000000
v -0.346410 0.156000 3.000000
v -0.742462 0.579120 0.000000
v -0.282843 0.220617 3.000000
v -0.525000 0.709275 0.000000
v -0.200000 0.270200 3.000000
v -0.271760 0.791093 0.000000
v -0.103528 0.301369 3.000000
v 0.000000 0.819000 0.000000
v 0.000000 0.312000 3.000000
v 0.271760 0.791093 0.000000
v 0.103528 0.301369 3.000000
v 0.525000 0.709275 0.000000
v 0.200000 0.270200 3.000000
v 0.742462 0.579120 0.000000
v 0.282843 0.220617 3.000000
v 0.909327 0.409500 0.000000
v 0.346410 0.156000 3.000000
v 1.014222 0.211973 0.000000
v 0.386370 0.080752 3.000000
v 1.050000 0.000000 0.000000
v 0.400000 0.000000 3.000000
v 1.014222 -0.211973 0.000000
v 0.386370 -0.080752 3.000000
v 0.909327 -0.409500 0.000000
v 0.346410 -0.156000 3.000000
v 0.742462 -0.579120 0.000000
v 0.282843 -0.220617 3.000000
v 0.525000 -0.709275 0.000000
v 0.200000 -0.270200 3.000000
v 0.271760 -0.791093 0.000000
v 0.103528 -0.301369 3.000000
vn -0.0000 -0.8643 -0.5029
vn -0.0000 -0.7456 0.6664
vn -0.1762 -0.8432 -0.5079
vn -0.1516 -0.7255 0.6714
vn -0.3501 -0.7775 -0.5224
vn -0.2990 -0.6640 0.6853
vn -0.5160 -0.6615 -0.5443
vn -0.4356 -0.5585 0.7060
vn -0.6608 -0.4892 -0.5692
vn -0.5506 -0.4075 0.7285
vn -0.7638 -0.2624 -0.5898
vn -0.6292 -0.2162 0.7466
vn -0.8016 -0.0000 -0.5979
vn -0.6575 -0.0000 0.7535
vn -0.7638 0.2624 -0.5898
vn -0.6292 0.2162 0.7466
vn -0.6608 0.4892 -0.5692
vn -0.5506 0.4075 0.7285
vn -0.5160 0.6615 -0.5443
vn -0.4356 0.5585 0.7060
vn -0.3501 0.7775 -0.5224
vn -0.2990 0.6640 0.6853
vn -0.1762 0.8432 -0.5079
vn -0.1516 0.7255 0.6714
vn -0.0000 0.8643 -0.5029
vn -0.0000 0.7456 0.6664
vn 0.1762 0.8432 -0.5079
vn 0.1516 0.7255 0.6714
vn 0.3501 0.7775 -0.5224
vn 0.2990 0.6640 0.6853
vn 0.5160 0.6615 -0.5442
vn 0.4356 0.5585 0.7060
vn 0.6608 0.4892 -0.5692
vn 0.5506 0.4075 0.7285
vn 0.7638 0.2624 -0.5898
vn 0.6292 0.2162 0.7466
vn 0.8016 -0.0000 -0.5979
vn 0.6575 -0.0000 0.7534
vn 0.7638 -0.2624 -0.5898
vn 0.6292 -0.2162 0.7466
vn 0.6608 -0.4892 -0.5692
vn 0.5506 -0.4075 0.7285
vn 0.5160 -0.6615 -0.5443
vn 0.4356 -0.5585 0.7060
vn 0.3501 -0.7775 -0.5224
vn 0.2990 -0.6640 0.6853
vn 0.1762 -0.8432 -0.5079
vn 0.1516 -0.7255 0.6714
vt 1.000000 1.000000
vt 0.958333 0.500000
vt 1.000000 0.500000
vt 0.916667 1.000000
vt 0.916667 0.500000
vt 0.875000 0.500000
vt 0.875000 1.000000
vt 0.833333 0.500000
vt 0.833333 1.000000
vt 0.791667 0.500000
vt 0.750000 1.000000
vt 0.750000 0.500000
vt 0.708333 0.500000
vt 0.666667 1.000000
vt 0.666667 0.500000
vt 0.625000 0.500000
vt 0.625000 1.000000
vt 0.583333 0.500000
vt 0.583333 1.000000
vt 0.541666 0.500000
vt 0.500000 1.000000
vt 0.500000 0.500000
vt 0.458333 0.500000
vt 0.416666 1.000000
vt 0.416666 0.500000
vt 0.375000 0.500000
vt 0.375000 1.000000
vt 0.333333 0.500000
vt 0.333333 1.000000
vt 0.291667 0.500000
vt 0.250000 1.000000
vt 0.250000 0.500000
vt 0.208333 0.500000
vt 0.166666 1.000000
vt 0.166666 0.500000
vt 0.125000 0.500000
vt 0.125000 1.000000
vt 0.083333 0.500000
vt 0.010000 0.250000
vt 0.370000 0.042154
vt 0.370000 0.457846
vt 0.083333 1.000000
vt 0.041666 0.500000
vt -0.000000 1.000000
vt -0.000000 0.500000
vt 0.981822 0.187883
vt 0.580294 0.080294
vt 0.687883 0.481822
vt 0.958333 1.000000
vt 0.791667 1.000000
vt 0.708333 1.000000
vt 0.541666 1.000000
vt 0.458333 1.000000
vt 0.291667 1.000000
vt 0.208333 1.000000
vt 0.312117 0.481822
vt 0.250000 0.490000
vt 0.187883 0.481822
vt 0.130000 0.457846
vt 0.080294 0.419706
vt 0.042154 0.370000
vt 0.018178 0.312117
vt 0.018178 0.187883
vt 0.042154 0.130000
vt 0.080294 0.080294
vt 0.130000 0.042154
vt 0.187883 0.018178
vt 0.250000 0.010000
vt 0.312117 0.018178
vt 0.419706 0.080294
vt 0.457846 0.130000
vt 0.481822 0.187883
vt 0.490000 0.250000
vt 0.481822 0.312117
vt 0.457846 0.370000
vt 0.419706 0.419706
vt 0.041666 1.000000
vt 0.750000 0.490000
vt 0.812117 0.481822
vt 0.870000 0.457846
vt 0.919706 0.419706
vt 0.957846 0.370000
vt 0.981822 0.312117
vt 0.990000 0.250000
vt 0.957846 0.130000
vt 0.919706 0.080294
vt 0.870000 0.042154
vt 0.812117 0.018178
vt 0.750000 0.010000
vt 0.687883 0.018178
vt 0.630000 0.042154
vt 0.542154 0.130000
vt 0.518178 0.187883
vt 0.510000 0.250000
vt 0.518178 0.312117
vt 0.542154 0.370000
vt 0.580294 0.419706
vt 0.630000 0.457846
s 1
g Cone_M_Manto.001
usemtl M_Manto.001
f 2/1/2 3/2/3 1/3/1
f 3/2/3 6/4/6 5/5/5
f 6/4/6 7/6/7 5/5/5
f 8/7/8 9/8/9 7/6/7
f 10/9/10 11/10/11 9/8/9
f 11/10/11 14/11/14 13/12/13
f 14/11/14 15/13/15 13/12/13
f 15/13/15 18/14/18 17/15/17
f 18/14/18 19/16/19 17/15/17
f 20/17/20 21/18/21 19/16/19
f 22/19/22 23/20/23 21/18/21
f 23/20/23 26/21/26 25/22/25
f 26/21/26 27/23/27 25/22/25
f 27/23/27 30/24/30 29/25/29
f 30/24/30 31/26/31 29/25/29
f 32/27/32 33/28/33 31/26/31
f 34/29/34 35/30/35 33/28/33
f 35/30/35 38/31/38 37/32/37
f 38/31/38 39/33/39 37/32/37
f 39/33/39 42/34/42 41/35/41
f 42/34/42 43/36/43 41/35/41
f 44/37/44 45/38/45 43/36/43
f 38/39/38 22/40/22 6/41/6
f 46/42/46 47/43/47 45/38/45
f 47/43/47 2/44/2 1/45/1
f 15/46/15 31/47/31 47/48/47
f 2/1/2 4/49/4 3/2/3
f 3/2/3 4/49/4 6/4/6
f 6/4/6 8/7/8 7/6/7
f 8/7/8 10/9/10 9/8/9
f 10/9/10 12/50/12 11/10/11
f 11/10/11 12/50/12 14/11/14
f 14/11/14 16/51/16 15/13/15
f 15/13/15 16/51/16 18/14/18
f 18/14/18 20/17/20 19/16/19
f 20/17/20 22/19/22 21/18/21
f 22/19/22 24/52/24 23/20/23
f 23/20/23 24/52/24 26/21/26
f 26/21/26 28/53/28 27/23/27
f 27/23/27 28/53/28 30/24/30
f 30/24/30 32/27/32 31/26/31
f 32/27/32 34/29/34 33/28/33
f 34/29/34 36/54/36 35/30/35
f 35/30/35 36/54/36 38/31/38
f 38/31/38 40/55/40 39/33/39
f 39/33/39 40/55/40 42/34/42
f 42/34/42 44/37/44 43/36/43
f 44/37/44 46/42/46 45/38/45
f 6/41/6 4/56/4 2/57/2
f 2/57/2 48/58/48 46/59/46
f 46/59/46 44/60/44 42/61/42
f 42/61/42 40/62/40 38/39/38
f 38/39/38 36/63/36 34/64/34
f 34/64/34 32/65/32 30/66/30
f 30/66/30 28/67/28 26/68/26
f 26/68/26 24/69/24 22/40/22
f 22/40/22 20/70/20 18/71/18
f 18/71/18 16/72/16 14/73/14
f 14/73/14 12/74/12 10/75/10
f 10/75/10 8/76/8 6/41/6
f 6/41/6 2/57/2 46/59/46
f 46/59/46 42/61/42 38/39/38
f 38/39/38 34/64/34 30/66/30
f 30/66/30 26/68/26 22/40/22
f 22/40/22 18/71/18 14/73/14
f 14/73/14 10/75/10 6/41/6
f 6/41/6 46/59/46 38/39/38
f 38/39/38 30/66/30 22/40/22
f 22/40/22 14/73/14 6/41/6
f 46/42/46 48/77/48 47/43/47
f 47/43/47 48/77/48 2/44/2
f 47/48/47 1/78/1 3/79/3
f 3/79/3 5/80/5 7/81/7
f 7/81/7 9/82/9 11/83/11
f 11/83/11 13/84/13 15/46/15
f 15/46/15 17/85/17 19/86/19
f 19/86/19 21/87/21 23/88/23
f 23/88/23 25/89/25 27/90/27
f 27/90/27 29/91/29 31/47/31
f 31/47/31 33/92/33 35/93/35
f 35/93/35 37/94/37 39/95/39
f 39/95/39 41/96/41 43/97/43
f 43/97/43 45/98/45 47/48/47
f 47/48/47 3/79/3 7/81/7
f 7/81/7 11/83/11 15/46/15
f 15/46/15 19/86/19 23/88/23
f 23/88/23 27/90/27 31/47/31
f 31/47/31 35/93/35 39/95/39
f 39/95/39 43/97/43 47/48/47
f 47/48/47 7/81/7 15/46/15
f 15/46/15 23/88/23 31/47/31
f 31/47/31 39/95/39 47/48/47
o Torus
v -0.836000 -0.050000 3.000000
v -0.815636 0.029221 3.011134
v -0.760000 0.087216 3.019284
v -0.684000 0.108443 3.022268
v -0.608000 0.087216 3.019284
v -0.552364 0.029221 3.011134
v -0.532000 -0.050000 3.000000
v -0.552364 -0.129221 2.988866
v -0.608000 -0.187216 2.980716
v -0.684000 -0.208443 2.977732
v -0.760000 -0.187216 2.980716
v -0.815636 -0.129221 2.988866
v -0.828848 -0.061510 3.081897
v -0.808658 0.017992 3.091035
v -0.753498 0.076752 3.093736
v -0.678148 0.099026 3.089274
v -0.602799 0.078845 3.078846
v -0.547639 0.021617 3.065245
v -0.527449 -0.057324 3.052116
v -0.547639 -0.136826 3.042977
v -0.602799 -0.195586 3.040277
v -0.678148 -0.217860 3.044739
v -0.753498 -0.197679 3.055167
v -0.808658 -0.140451 3.068768
v -0.807514 -0.072823 3.162392
v -0.787844 0.006955 3.169570
v -0.734104 0.066468 3.166913
v -0.660693 0.089770 3.155134
v -0.587283 0.070617 3.137388
v -0.533543 0.014142 3.118430
v -0.513873 -0.064524 3.103340
v -0.533543 -0.144301 3.096162
v -0.587283 -0.203814 3.098819
v -0.660693 -0.227116 3.110598
v -0.734104 -0.207963 3.128345
v -0.787844 -0.151488 3.147302
v -0.772363 -0.083745 3.240108
v -0.753549 -0.003702 3.245394
v -0.702148 0.056538 3.237565
v -0.631934 0.080833 3.218720
v -0.561719 0.062674 3.193909
v -0.510318 0.006925 3.169779
v -0.491504 -0.071474 3.152796
v -0.510318 -0.151518 3.147511
v -0.561719 -0.211757 3.155340
v -0.631934 -0.236052 3.174185
v -0.702148 -0.217893 3.198996
v -0.753549 -0.162144 3.223126
v -0.723997 -0.094090 3.313717
v -0.706361 -0.013795 3.317209
v -0.658179 0.047134 3.304482
v -0.592361 0.072369 3.278945
v -0.526543 0.055150 3.247442
v -0.478361 0.000090 3.218414
v -0.460726 -0.078057 3.199638
v -0.478361 -0.158353 3.196146
v -0.526543 -0.219281 3.208874
v -0.592361 -0.244517 3.234410
v -0.658179 -0.227297 3.265913
v -0.706361 -0.172238 3.294941
v -0.663243 -0.103681 3.381958
v -0.647088 -0.023152 3.383787
v -0.602949 0.038415 3.366518
v -0.542654 0.064522 3.334778
v -0.482359 0.048175 3.297072
v -0.438220 -0.006247 3.263502
v -0.422064 -0.084160 3.243064
v -0.438220 -0.164689 3.241234
v -0.482359 -0.226256 3.258503
v -0.542654 -0.252363 3.290243
v -0.602949 -0.236016 3.327950
v -0.647088 -0.181594 3.361520
v -0.591141 -0.112353 3.443663
v -0.576742 -0.031612 3.443990
v -0.537401 0.030531 3.422614
v -0.483661 0.057427 3.385265
v -0.429921 0.041868 3.341948
v -0.390580 -0.011976 3.304272
v -0.376181 -0.089679 3.282331
v -0.390580 -0.170419 3.282004
v -0.429921 -0.232563 3.303380
v -0.483661 -0.259459 3.340729
v -0.537401 -0.243900 3.384045
v -0.576742 -0.190055 3.421722
v -0.508925 -0.119958 3.497777
v -0.496528 -0.039032 3.496785
v -0.462659 0.023617 3.471809
v -0.416393 0.051205 3.429539
v -0.370127 0.036337 3.381304
v -0.336258 -0.017001 3.340026
v -0.323861 -0.094519 3.316767
v -0.336258 -0.175444 3.317759
v -0.370127 -0.238094 3.342735
v -0.416393 -0.265681 3.385004
v -0.462659 -0.250814 3.433240
v -0.496528 -0.197475 3.474517
v -0.418000 -0.126366 3.543374
v -0.407818 -0.045285 3.541271
v -0.380000 0.017792 3.513260
v -0.342000 0.045961 3.466846
v -0.304000 0.031677 3.414465
v -0.276182 -0.021235 3.370153
v -0.266000 -0.098597 3.345783
v -0.276182 -0.179678 3.347886
v -0.304000 -0.242755 3.375896
v -0.342000 -0.270924 3.422311
v -0.380000 -0.256639 3.474692
v -0.407818 -0.203727 3.519004
v -0.319924 -0.131468 3.579673
v -0.312131 -0.050262 3.576687
v -0.290840 0.013154 3.546260
v -0.261756 0.041787 3.496546
v -0.232672 0.027966 3.440865
v -0.211381 -0.024606 3.394137
v -0.203588 -0.101843 3.368883
v -0.211381 -0.183049 3.371869
v -0.232672 -0.246465 3.402296
v -0.261756 -0.275098 3.452010
v -0.290840 -0.261277 3.507691
v -0.312131 -0.208705 3.554419
v -0.216373 -0.135175 3.606055
v -0.211102 -0.053879 3.602426
v -0.196702 0.009783 3.570243
v -0.177032 0.038754 3.518131
v -0.157362 0.025270 3.460051
v -0.142962 -0.027056 3.411568
v -0.137692 -0.104203 3.385671
v -0.142962 -0.185499 3.389300
v -0.157362 -0.249161 3.421483
v -0.177032 -0.278132 3.473595
v -0.196702 -0.264648 3.531674
v -0.211102 -0.212322 3.580158
v -0.109120 -0.137426 3.622066
v -0.106462 -0.056075 3.618047
v -0.099200 0.007738 3.584799
v -0.089280 0.036913 3.531231
v -0.079360 0.023633 3.471696
v -0.072098 -0.028543 3.422147
v -0.069440 -0.105635 3.395860
v -0.072098 -0.186986 3.399879
v -0.079360 -0.250798 3.433127
v -0.089280 -0.279973 3.486696
v -0.099200 -0.266693 3.546230
v -0.106462 -0.214518 3.595779
v -0.000000 -0.138180 3.627434
v -0.000000 -0.056811 3.623284
v -0.000000 0.007052 3.589679
v -0.000000 0.036296 3.535623
v -0.000000 0.023085 3.475600
v -0.000000 -0.029041 3.425694
v -0.000000 -0.106115 3.399276
v -0.000000 -0.187484 3.403426
v -0.000000 -0.251347 3.437031
v -0.000000 -0.280590 3.491087
v -0.000000 -0.267379 3.551110
v -0.000000 -0.215254 3.601016
v 0.109120 -0.137426 3.622066
v 0.106462 -0.056075 3.618047
v 0.099200 0.007738 3.584799
v 0.089280 0.036913 3.531231
v 0.079360 0.023633 3.471696
v 0.072098 -0.028543 3.422147
v 0.069440 -0.105635 3.395860
v 0.072098 -0.186986 3.399879
v 0.079360 -0.250798 3.433127
v 0.089280 -0.279973 3.486696
v 0.099200 -0.266693 3.546230
v 0.106462 -0.214518 3.595779
v 0.216373 -0.135175 3.606055
v 0.211102 -0.053879 3.602426
v 0.196702 0.009783 3.570243
v 0.177032 0.038754 3.518131
v 0.157362 0.025270 3.460052
v 0.142962 -0.027056 3.411568
v 0.137692 -0.104203 3.385671
v 0.142962 -0.185499 3.389300
v 0.157362 -0.249161 3.421483
v 0.177032 -0.278132 3.473595
v 0.196702 -0.264648 3.531674
v 0.211102 -0.212322 3.580158
v 0.319923 -0.131468 3.579673
v 0.312130 -0.050262 3.576687
v 0.290839 0.013154 3.546260
v 0.261756 0.041787 3.496546
v 0.232672 0.027966 3.440865
v 0.211381 -0.024606 3.394137
v 0.203588 -0.101843 3.368883
v 0.211381 -0.183049 3.371870
v 0.232672 -0.246465 3.402296
v 0.261756 -0.275098 3.452010
v 0.290839 -0.261277 3.507691
v 0.312130 -0.208705 3.554419
v 0.418000 -0.126366 3.543374
v 0.407818 -0.045285 3.541271
v 0.380000 0.017792 3.513261
v 0.342000 0.045961 3.466846
v 0.304000 0.031677 3.414465
v 0.276182 -0.021235 3.370153
v 0.266000 -0.098597 3.345783
v 0.276182 -0.179678 3.347886
v 0.304000 -0.242755 3.375896
v 0.342000 -0.270924 3.422311
v 0.380000 -0.256639 3.474692
v 0.407818 -0.203727 3.519004
v 0.508925 -0.119958 3.497777
v 0.496528 -0.039032 3.496785
v 0.462659 0.023617 3.471809
v 0.416393 0.051205 3.429540
v 0.370127 0.036337 3.381304
v 0.336258 -0.017001 3.340026
v 0.323861 -0.094519 3.316767
v 0.336258 -0.175444 3.317759
v 0.370127 -0.238094 3.342735
v 0.416393 -0.265681 3.385004
v 0.462659 -0.250814 3.433240
v 0.496528 -0.197475 3.474518
v 0.591141 -0.112353 3.443663
v 0.576742 -0.031612 3.443989
v 0.537401 0.030531 3.422614
v 0.483661 0.057427 3.385264
v 0.429921 0.041868 3.341948
v 0.390581 -0.011976 3.304272
v 0.376181 -0.089679 3.282331
v 0.390581 -0.170419 3.282004
v 0.429921 -0.232563 3.303379
v 0.483661 -0.259459 3.340729
v 0.537401 -0.243900 3.384045
v 0.576742 -0.190055 3.421721
v 0.663243 -0.103681 3.381958
v 0.647087 -0.023152 3.383787
v 0.602948 0.038415 3.366518
v 0.542654 0.064522 3.334778
v 0.482359 0.048175 3.297072
v 0.438220 -0.006247 3.263502
v 0.422064 -0.084160 3.243064
v 0.438220 -0.164689 3.241234
v 0.482359 -0.226256 3.258503
v 0.542654 -0.252363 3.290243
v 0.602948 -0.236016 3.327950
v 0.647087 -0.181594 3.361520
v 0.723997 -0.094090 3.313717
v 0.706361 -0.013795 3.317209
v 0.658179 0.047134 3.304482
v 0.592361 0.072369 3.278945
v 0.526543 0.055150 3.247442
v 0.478361 0.000090 3.218414
v 0.460725 -0.078057 3.199638
v 0.478361 -0.158353 3.196146
v 0.526543 -0.219281 3.208874
v 0.592361 -0.244517 3.234410
v 0.658179 -0.227297 3.265913
v 0.706361 -0.172238 3.294941
v 0.772363 -0.083745 3.240108
v 0.753549 -0.003702 3.245394
v 0.702148 0.056538 3.237565
v 0.631934 0.080833 3.218720
v 0.561719 0.062674 3.193909
v 0.510318 0.006925 3.169779
v 0.491504 -0.071474 3.152796
v 0.510318 -0.151518 3.147511
v 0.561719 -0.211757 3.155340
v 0.631934 -0.236052 3.174185
v 0.702148 -0.217893 3.198996
v 0.753549 -0.162145 3.223126
v 0.807514 -0.072823 3.162392
v 0.787844 0.006955 3.169570
v 0.734104 0.066468 3.166913
v 0.660693 0.089770 3.155134
v 0.587283 0.070617 3.137388
v 0.533543 0.014142 3.118430
v 0.513873 -0.064524 3.103340
v 0.533543 -0.144301 3.096162
v 0.587283 -0.203814 3.098819
v 0.660693 -0.227116 3.110598
v 0.734104 -0.207963 3.128345
v 0.787844 -0.151488 3.147302
v 0.828848 -0.061510 3.081897
v 0.808658 0.017992 3.091036
v 0.753498 0.076752 3.093736
v 0.678148 0.099026 3.089274
v 0.602799 0.078845 3.078846
v 0.547639 0.021617 3.065245
v 0.527449 -0.057324 3.052116
v 0.547639 -0.136826 3.042977
v 0.602799 -0.195586 3.040277
v 0.678148 -0.217860 3.044739
v 0.753498 -0.197679 3.055167
v 0.808658 -0.140451 3.068768
v 0.836000 -0.050000 3.000000
v 0.815636 0.029221 3.011134
v 0.760000 0.087216 3.019284
v 0.684000 0.108443 3.022268
v 0.608000 0.087216 3.019284
v 0.552364 0.029221 3.011134
v 0.532000 -0.050000 3.000000
v 0.552364 -0.129221 2.988866
v 0.608000 -0.187216 2.980716
v 0.684000 -0.208443 2.977732
v 0.760000 -0.187216 2.980716
v 0.815636 -0.129221 2.988866
v 0.828848 -0.038490 2.918103
v 0.808658 0.040451 2.931232
v 0.753498 0.097679 2.944833
v 0.678148 0.117860 2.955261
v 0.602799 0.095586 2.959723
v 0.547639 0.036826 2.957023
v 0.527449 -0.042676 2.947884
v 0.547639 -0.121617 2.934755
v 0.602799 -0.178845 2.921154
v 0.678148 -0.199026 2.910726
v 0.753498 -0.176752 2.906264
v 0.808658 -0.117992 2.908964
v 0.807514 -0.027177 2.837608
v 0.787844 0.051488 2.852698
v 0.734104 0.107963 2.871655
v 0.660693 0.127116 2.889402
v 0.587283 0.103814 2.901181
v 0.533543 0.044301 2.903838
v 0.513873 -0.035476 2.896660
v 0.533543 -0.114142 2.881570
v 0.587283 -0.170617 2.862612
v 0.660693 -0.189770 2.844866
v 0.734104 -0.166468 2.833087
v 0.787844 -0.106955 2.830430
v 0.772363 -0.016255 2.759892
v 0.753549 0.062144 2.776874
v 0.702149 0.117893 2.801004
v 0.631934 0.136052 2.825815
v 0.561719 0.111757 2.844660
v 0.510318 0.051518 2.852489
v 0.491504 -0.028526 2.847204
v 0.510318 -0.106925 2.830221
v 0.561719 -0.162674 2.806091
v 0.631934 -0.180833 2.781280
v 0.702149 -0.156538 2.762435
v 0.753549 -0.096298 2.754607
v 0.723997 -0.005910 2.686283
v 0.706361 0.072237 2.705059
v 0.658179 0.127297 2.734087
v 0.592361 0.144517 2.765590
v 0.526544 0.119281 2.791127
v 0.478361 0.058353 2.803854
v 0.460726 -0.021943 2.800362
v 0.478361 -0.100090 2.781586
v 0.526544 -0.155150 2.752558
v 0.592361 -0.172369 2.721055
v 0.658179 -0.147134 2.695518
v 0.706361 -0.086205 2.682791
v 0.663243 0.003681 2.618042
v 0.647087 0.081594 2.638480
v 0.602948 0.136016 2.672050
v 0.542654 0.152363 2.709757
v 0.482359 0.126256 2.741497
v 0.438220 0.064689 2.758766
v 0.422064 -0.015840 2.756936
v 0.438220 -0.093753 2.736498
v 0.482359 -0.148175 2.702928
v 0.542654 -0.164522 2.665222
v 0.602948 -0.138415 2.633482
v 0.647087 -0.076848 2.616213
v 0.591141 0.012353 2.556337
v 0.576742 0.090055 2.578279
v 0.537401 0.143900 2.615955
v 0.483661 0.159459 2.659271
v 0.429921 0.132563 2.696621
v 0.390581 0.070419 2.717996
v 0.376181 -0.010321 2.717669
v 0.390581 -0.088024 2.695728
v 0.429921 -0.141868 2.658052
v 0.483661 -0.157427 2.614736
v 0.537401 -0.130531 2.577386
v 0.576742 -0.068388 2.556011
v 0.508925 0.019958 2.502223
v 0.496528 0.097475 2.525483
v 0.462659 0.150814 2.566760
v 0.416393 0.165681 2.614996
v 0.370127 0.138094 2.657265
v 0.336258 0.075444 2.682242
v 0.323861 -0.005481 2.683233
v 0.336258 -0.082999 2.659974
v 0.370127 -0.136337 2.618696
v 0.416393 -0.151205 2.570461
v 0.462659 -0.123617 2.528192
v 0.496528 -0.060968 2.503215
v 0.418000 0.026366 2.456626
v 0.407818 0.103727 2.480996
v 0.380000 0.156639 2.525308
v 0.342000 0.170924 2.577689
v 0.304000 0.142755 2.624104
v 0.276182 0.079678 2.652114
v 0.266000 -0.001403 2.654217
v 0.276182 -0.078765 2.629847
v 0.304000 -0.131677 2.585535
v 0.342000 -0.145961 2.533154
v 0.380000 -0.117792 2.486739
v 0.407818 -0.054715 2.458729
v 0.319923 0.031468 2.420327
v 0.312130 0.108705 2.445581
v 0.290839 0.161277 2.492309
v 0.261756 0.175098 2.547990
v 0.232672 0.146465 2.597704
v 0.211381 0.083049 2.628130
v 0.203588 0.001843 2.631117
v 0.211381 -0.075394 2.605863
v 0.232672 -0.127966 2.559135
v 0.261756 -0.141787 2.503454
v 0.290839 -0.113154 2.453740
v 0.312130 -0.049738 2.423313
v 0.216373 0.035175 2.393945
v 0.211102 0.112322 2.419842
v 0.196703 0.164648 2.468326
v 0.177032 0.178132 2.526405
v 0.157362 0.149161 2.578517
v 0.142963 0.085499 2.610700
v 0.137692 0.004203 2.614329
v 0.142963 -0.072944 2.588432
v 0.157362 -0.125270 2.539949
v 0.177032 -0.138754 2.481869
v 0.196703 -0.109783 2.429757
v 0.211102 -0.046121 2.397574
v 0.109120 0.037426 2.377934
v 0.106462 0.114518 2.404221
v 0.099200 0.166693 2.453770
v 0.089280 0.179973 2.513305
v 0.079360 0.150798 2.566873
v 0.072098 0.086986 2.600121
v 0.069440 0.005635 2.604140
v 0.072098 -0.071457 2.577853
v 0.079360 -0.123633 2.528304
v 0.089280 -0.136913 2.468769
v 0.099200 -0.107738 2.415201
v 0.106462 -0.043925 2.381953
v -0.000000 0.038180 2.372566
v -0.000000 0.115254 2.398984
v -0.000000 0.167379 2.448890
v -0.000000 0.180590 2.508913
v -0.000000 0.151347 2.562969
v -0.000000 0.087484 2.596574
v -0.000000 0.006115 2.600724
v -0.000000 -0.070959 2.574306
v -0.000000 -0.123085 2.524400
v -0.000000 -0.136296 2.464377
v -0.000000 -0.107052 2.410321
v -0.000000 -0.043189 2.376716
v -0.109120 0.037426 2.377934
v -0.106462 0.114518 2.404221
v -0.099200 0.166693 2.453770
v -0.089280 0.179973 2.513304
v -0.079360 0.150798 2.566873
v -0.072098 0.086986 2.600121
v -0.069440 0.005635 2.604140
v -0.072098 -0.071457 2.577853
v -0.079360 -0.123633 2.528304
v -0.089280 -0.136913 2.468769
v -0.099200 -0.107738 2.415201
v -0.106462 -0.043925 2.381953
v -0.216372 0.035175 2.393945
v -0.211102 0.112322 2.419842
v -0.196702 0.164648 2.468326
v -0.177032 0.178132 2.526405
v -0.157362 0.149161 2.578517
v -0.142962 0.085499 2.610700
v -0.137691 0.004203 2.614329
v -0.142962 -0.072944 2.588432
v -0.157362 -0.125270 2.539948
v -0.177032 -0.138754 2.481869
v -0.196702 -0.109783 2.429757
v -0.211102 -0.046121 2.397574
v -0.319924 0.031468 2.420327
v -0.312131 0.108705 2.445581
v -0.290840 0.161277 2.492309
v -0.261756 0.175098 2.547990
v -0.232672 0.146465 2.597704
v -0.211381 0.083049 2.628131
v -0.203588 0.001843 2.631117
v -0.211381 -0.075394 2.605863
v -0.232672 -0.127966 2.559135
v -0.261756 -0.141787 2.503454
v -0.290840 -0.113154 2.453740
v -0.312131 -0.049738 2.423313
v -0.418000 0.026366 2.456626
v -0.407818 0.103727 2.480996
v -0.380000 0.156639 2.525308
v -0.342000 0.170924 2.577689
v -0.304000 0.142755 2.624104
v -0.276182 0.079678 2.652114
v -0.266000 -0.001403 2.654217
v -0.276182 -0.078765 2.629847
v -0.304000 -0.131677 2.585535
v -0.342000 -0.145961 2.533154
v -0.380000 -0.117792 2.486740
v -0.407818 -0.054715 2.458729
v -0.508924 0.019958 2.502223
v -0.496527 0.097475 2.525482
v -0.462658 0.150814 2.566760
v -0.416393 0.165681 2.614996
v -0.370127 0.138094 2.657265
v -0.336258 0.075444 2.682241
v -0.323861 -0.005481 2.683233
v -0.336258 -0.082999 2.659974
v -0.370127 -0.136337 2.618696
v -0.416393 -0.151205 2.570460
v -0.462658 -0.123617 2.528191
v -0.496527 -0.060968 2.503215
v -0.591141 0.012353 2.556337
v -0.576741 0.090055 2.578278
v -0.537401 0.143900 2.615954
v -0.483661 0.159459 2.659271
v -0.429921 0.132563 2.696620
v -0.390580 0.070419 2.717996
v -0.376181 -0.010321 2.717669
v -0.390580 -0.088024 2.695728
v -0.429921 -0.141868 2.658051
v -0.483661 -0.157427 2.614735
v -0.537401 -0.130531 2.577386
v -0.576741 -0.068388 2.556010
v -0.663243 0.003681 2.618042
v -0.647088 0.081594 2.638480
v -0.602949 0.136016 2.672050
v -0.542654 0.152363 2.709757
v -0.482359 0.126256 2.741497
v -0.438220 0.064689 2.758766
v -0.422064 -0.015840 2.756936
v -0.438220 -0.093753 2.736498
v -0.482359 -0.148175 2.702928
v -0.542654 -0.164522 2.665222
v -0.602949 -0.138415 2.633482
v -0.647088 -0.076848 2.616213
v -0.723997 -0.005910 2.686283
v -0.706361 0.072238 2.705059
v -0.658179 0.127297 2.734087
v -0.592361 0.144517 2.765590
v -0.526543 0.119281 2.791126
v -0.478361 0.058353 2.803854
v -0.460726 -0.021943 2.800362
v -0.478361 -0.100090 2.781586
v -0.526543 -0.155150 2.752558
v -0.592361 -0.172369 2.721055
v -0.658179 -0.147134 2.695518
v -0.706361 -0.086205 2.682791
v -0.772363 -0.016255 2.759891
v -0.753549 0.062145 2.776874
v -0.702148 0.117893 2.801004
v -0.631934 0.136053 2.825815
v -0.561719 0.111757 2.844660
v -0.510318 0.051518 2.852489
v -0.491504 -0.028526 2.847203
v -0.510318 -0.106925 2.830221
v -0.561719 -0.162674 2.806091
v -0.631934 -0.180833 2.781280
v -0.702148 -0.156538 2.762435
v -0.753549 -0.096298 2.754606
v -0.807514 -0.027177 2.837608
v -0.787844 0.051488 2.852698
v -0.734104 0.107963 2.871656
v -0.660693 0.127116 2.889402
v -0.587283 0.103814 2.901181
v -0.533543 0.044301 2.903838
v -0.513873 -0.035476 2.896660
v -0.533543 -0.114142 2.881570
v -0.587283 -0.170617 2.862612
v -0.660693 -0.189770 2.844866
v -0.734104 -0.166468 2.833087
v -0.787844 -0.106955 2.830430
v -0.828848 -0.038490 2.918103
v -0.808658 0.040451 2.931232
v -0.753498 0.097679 2.944833
v -0.678148 0.117860 2.955261
v -0.602799 0.095586 2.959723
v -0.547639 0.036826 2.957023
v -0.527449 -0.042676 2.947884
v -0.547639 -0.121617 2.934755
v -0.602799 -0.178845 2.921154
v -0.678148 -0.199026 2.910726
v -0.753498 -0.176752 2.906264
v -0.808658 -0.117992 2.908965
vn -1.0000 -0.0000 -0.0000
vn -0.8793 0.4717 0.0663
vn -0.5274 0.8413 0.1182
vn -0.0113 0.9902 0.1392
vn 0.5111 0.8512 0.1196
vn 0.8742 0.4808 0.0676
vn 1.0000 -0.0000 -0.0000
vn 0.8742 -0.4808 -0.0676
vn 0.5111 -0.8512 -0.1196
vn -0.0113 -0.9902 -0.1392
vn -0.5274 -0.8413 -0.1182
vn -0.8793 -0.4717 -0.0663
vn -0.9852 -0.0238 0.1695
vn -0.8675 0.4485 0.2152
vn -0.5220 0.8272 0.2078
vn -0.0113 0.9899 0.1411
vn 0.5059 0.8620 0.0324
vn 0.8626 0.4994 -0.0811
vn 0.9852 0.0238 -0.1695
vn 0.8626 -0.4577 -0.2156
vn 0.5059 -0.8375 -0.2064
vn -0.0113 -0.9905 -0.1372
vn -0.5220 -0.8525 -0.0282
vn -0.8675 -0.4904 0.0833
vn -0.9428 -0.0464 0.3301
vn -0.8335 0.4219 0.3569
vn -0.5060 0.8107 0.2946
vn -0.0110 0.9897 0.1430
vn 0.4905 0.8698 -0.0529
vn 0.8288 0.5127 -0.2239
vn 0.9428 0.0464 -0.3301
vn 0.8288 -0.4312 -0.3565
vn 0.4905 -0.8216 -0.2906
vn -0.0110 -0.9907 -0.1353
vn -0.5060 -0.8605 0.0597
vn -0.8335 -0.5039 0.2267
vn -0.8775 -0.0667 0.4749
vn -0.7803 0.3938 0.4860
vn -0.4801 0.7924 0.3763
vn -0.0105 0.9894 0.1448
vn 0.4656 0.8748 -0.1340
vn 0.7761 0.5211 -0.3551
vn 0.8775 0.0667 -0.4749
vn 0.7761 -0.4030 -0.4850
vn 0.4656 -0.8039 -0.3700
vn -0.0105 -0.9910 -0.1335
vn -0.4801 -0.8654 0.1433
vn -0.7803 -0.5124 0.3586
vn -0.7955 -0.0843 0.6001
vn -0.7122 0.3657 0.5992
vn -0.4454 0.7732 0.4513
vn -0.0098 0.9892 0.1466
vn 0.4323 0.8771 -0.2093
vn 0.7086 0.5252 -0.4713
vn 0.7955 0.0843 -0.6001
vn 0.7086 -0.3749 -0.5978
vn 0.4323 -0.7855 -0.4429
vn -0.0098 -0.9912 -0.1318
vn -0.4454 -0.8677 0.2207
vn -0.7122 -0.5167 0.4752
vn -0.7027 -0.0990 0.7045
vn -0.6335 0.3392 0.6954
vn -0.4033 0.7541 0.5183
vn -0.0090 0.9889 0.1482
vn 0.3917 0.8774 -0.2771
vn 0.6305 0.5260 -0.5707
vn 0.7027 0.0990 -0.7045
vn 0.6305 -0.3483 -0.6936
vn 0.3917 -0.7670 -0.5082
vn -0.0090 -0.9915 -0.1301
vn -0.4033 -0.8678 0.2904
vn -0.6335 -0.5177 0.5750
vn -0.6040 -0.1109 0.7892
vn -0.5482 0.3152 0.7747
vn -0.3551 0.7359 0.5766
vn -0.0080 0.9887 0.1496
vn 0.3451 0.8761 -0.3367
vn 0.5457 0.5247 -0.6534
vn 0.6040 0.1109 -0.7892
vn 0.5457 -0.3243 -0.7727
vn 0.3451 -0.7494 -0.5651
vn -0.0080 -0.9917 -0.1287
vn -0.3551 -0.8663 0.3514
vn -0.5482 -0.5166 0.6578
vn -0.5027 -0.1203 0.8560
vn -0.4589 0.2946 0.8382
vn -0.3021 0.7193 0.6256
vn -0.0069 0.9885 0.1509
vn 0.2938 0.8739 -0.3873
vn 0.4569 0.5222 -0.7201
vn 0.5027 0.1203 -0.8560
vn 0.4569 -0.3035 -0.8361
vn 0.2938 -0.7333 -0.6131
vn -0.0069 -0.9918 -0.1274
vn -0.3021 -0.8638 0.4031
vn -0.4589 -0.5142 0.7246
vn -0.4009 -0.1275 0.9072
vn -0.3677 0.2776 0.8876
vn -0.2454 0.7049 0.6655
vn -0.0057 0.9884 0.1520
vn 0.2388 0.8713 -0.4286
vn 0.3662 0.5193 -0.7721
vn 0.4009 0.1275 -0.9072
vn 0.3662 -0.2864 -0.8854
vn 0.2388 -0.7194 -0.6522
vn -0.0057 -0.9920 -0.1263
vn -0.2454 -0.8610 0.4454
vn -0.3677 -0.5115 0.7767
vn -0.2995 -0.1328 0.9448
vn -0.2758 0.2643 0.9242
vn -0.1861 0.6933 0.6962
vn -0.0043 0.9882 0.1529
vn 0.1812 0.8689 -0.4607
vn 0.2747 0.5166 -0.8110
vn 0.2995 0.1328 -0.9448
vn 0.2747 -0.2730 -0.9220
vn 0.1812 -0.7082 -0.6824
vn -0.0043 -0.9921 -0.1255
vn -0.1861 -0.8584 0.4781
vn -0.2758 -0.5088 0.8155
vn -0.1990 -0.1364 0.9705
vn -0.1837 0.2549 0.9494
vn -0.1250 0.6848 0.7179
vn -0.0029 0.9881 0.1535
vn 0.1217 0.8668 -0.4836
vn 0.1830 0.5144 -0.8378
vn 0.1990 0.1364 -0.9705
vn 0.1830 -0.2635 -0.9471
vn 0.1217 -0.6999 -0.7038
vn -0.0029 -0.9922 -0.1248
vn -0.1250 -0.8562 0.5013
vn -0.1837 -0.5067 0.8423
vn -0.0993 -0.1385 0.9854
vn -0.0918 0.2493 0.9641
vn -0.0628 0.6796 0.7309
vn -0.0015 0.9881 0.1539
vn 0.0611 0.8655 -0.4972
vn 0.0915 0.5130 -0.8535
vn 0.0993 0.1385 -0.9854
vn 0.0915 -0.2578 -0.9619
vn 0.0611 -0.6949 -0.7165
vn -0.0015 -0.9922 -0.1245
vn -0.0628 -0.8548 0.5152
vn -0.0918 -0.5054 0.8580
vn -0.0000 -0.1392 0.9903
vn -0.0000 0.2474 0.9689
vn -0.0000 0.6779 0.7352
vn -0.0000 0.9881 0.1540
vn -0.0000 0.8650 -0.5017
vn -0.0000 0.5125 -0.8587
vn -0.0000 0.1392 -0.9903
vn -0.0000 -0.2559 -0.9667
vn -0.0000 -0.6932 -0.7207
vn -0.0000 -0.9922 -0.1243
vn -0.0000 -0.8543 0.5198
vn -0.0000 -0.5049 0.8632
vn 0.0993 -0.1385 0.9854
vn 0.0918 0.2493 0.9641
vn 0.0628 0.6796 0.7309
vn 0.0015 0.9881 0.1539
vn -0.0611 0.8655 -0.4972
vn -0.0915 0.5130 -0.8535
vn -0.0993 0.1385 -0.9854
vn -0.0915 -0.2578 -0.9619
vn -0.0611 -0.6949 -0.7165
vn 0.0015 -0.9922 -0.1245
vn 0.0628 -0.8548 0.5152
vn 0.0918 -0.5054 0.8580
vn 0.1990 -0.1364 0.9705
vn 0.1837 0.2549 0.9494
vn 0.1250 0.6848 0.7179
vn 0.0029 0.9881 0.1535
vn -0.1217 0.8668 -0.4835
vn -0.1830 0.5144 -0.8378
vn -0.1990 0.1364 -0.9705
vn -0.1830 -0.2635 -0.9471
vn -0.1217 -0.6999 -0.7037
vn 0.0029 -0.9922 -0.1248
vn 0.1250 -0.8562 0.5013
vn 0.1837 -0.5067 0.8423
vn 0.2995 -0.1328 0.9448
vn 0.2758 0.2643 0.9242
vn 0.1861 0.6933 0.6962
vn 0.0043 0.9882 0.1528
vn -0.1812 0.8688 -0.4607
vn -0.2747 0.5166 -0.8110
vn -0.2995 0.1328 -0.9448
vn -0.2747 -0.2730 -0.9220
vn -0.1812 -0.7082 -0.6824
vn 0.0043 -0.9921 -0.1255
vn 0.1861 -0.8584 0.4781
vn 0.2758 -0.5088 0.8155
vn 0.4009 -0.1275 0.9072
vn 0.3677 0.2776 0.8876
vn 0.2454 0.7049 0.6655
vn 0.0057 0.9884 0.1520
vn -0.2388 0.8714 -0.4286
vn -0.3662 0.5193 -0.7721
vn -0.4009 0.1275 -0.9072
vn -0.3662 -0.2864 -0.8854
vn -0.2388 -0.7195 -0.6522
vn 0.0057 -0.9920 -0.1263
vn 0.2454 -0.8610 0.4454
vn 0.3677 -0.5115 0.7767
vn 0.5027 -0.1203 0.8560
vn 0.4589 0.2946 0.8382
vn 0.3021 0.7193 0.6256
vn 0.0069 0.9885 0.1509
vn -0.2937 0.8739 -0.3873
vn -0.4569 0.5222 -0.7201
vn -0.5027 0.1203 -0.8560
vn -0.4569 -0.3035 -0.8361
vn -0.2938 -0.7333 -0.6131
vn 0.0069 -0.9918 -0.1274
vn 0.3021 -0.8638 0.4031
vn 0.4589 -0.5142 0.7246
vn 0.6040 -0.1109 0.7892
vn 0.5482 0.3152 0.7747
vn 0.3551 0.7359 0.5766
vn 0.0080 0.9887 0.1496
vn -0.3451 0.8761 -0.3367
vn -0.5457 0.5247 -0.6534
vn -0.6040 0.1109 -0.7892
vn -0.5457 -0.3243 -0.7727
vn -0.3451 -0.7494 -0.5651
vn 0.0080 -0.9917 -0.1287
vn 0.3551 -0.8663 0.3514
vn 0.5482 -0.5166 0.6578
vn 0.7027 -0.0990 0.7045
vn 0.6335 0.3392 0.6954
vn 0.4033 0.7541 0.5183
vn 0.0090 0.9889 0.1482
vn -0.3917 0.8774 -0.2771
vn -0.6305 0.5260 -0.5707
vn -0.7027 0.0990 -0.7045
vn -0.6305 -0.3483 -0.6936
vn -0.3917 -0.7670 -0.5082
vn 0.0090 -0.9915 -0.1301
vn 0.4033 -0.8678 0.2904
vn 0.6335 -0.5177 0.5750
vn 0.7955 -0.0843 0.6001
vn 0.7122 0.3657 0.5992
vn 0.4454 0.7732 0.4513
vn 0.0098 0.9892 0.1466
vn -0.4323 0.8771 -0.2093
vn -0.7086 0.5252 -0.4713
vn -0.7955 0.0843 -0.6001
vn -0.7086 -0.3749 -0.5978
vn -0.4323 -0.7855 -0.4429
vn 0.0098 -0.9912 -0.1318
vn 0.4454 -0.8677 0.2207
vn 0.7122 -0.5167 0.4752
vn 0.8775 -0.0667 0.4749
vn 0.7803 0.3938 0.4860
vn 0.4801 0.7924 0.3763
vn 0.0105 0.9894 0.1448
vn -0.4656 0.8748 -0.1340
vn -0.7761 0.5211 -0.3551
vn -0.8775 0.0667 -0.4749
vn -0.7761 -0.4030 -0.4850
vn -0.4656 -0.8039 -0.3700
vn 0.0105 -0.9910 -0.1335
vn 0.4801 -0.8654 0.1433
vn 0.7803 -0.5124 0.3586
vn 0.9428 -0.0464 0.3301
vn 0.8335 0.4219 0.3569
vn 0.5060 0.8107 0.2946
vn 0.0110 0.9897 0.1430
vn -0.4905 0.8698 -0.0529
vn -0.8288 0.5127 -0.2239
vn -0.9428 0.0464 -0.3301
vn -0.8288 -0.4312 -0.3565
vn -0.4905 -0.8216 -0.2906
vn 0.0110 -0.9907 -0.1353
vn 0.5060 -0.8605 0.0597
vn 0.8335 -0.5039 0.2267
vn 0.9852 -0.0238 0.1695
vn 0.8675 0.4485 0.2152
vn 0.5220 0.8272 0.2078
vn 0.0112 0.9899 0.1411
vn -0.5059 0.8620 0.0324
vn -0.8626 0.4994 -0.0811
vn -0.9852 0.0238 -0.1695
vn -0.8626 -0.4577 -0.2156
vn -0.5059 -0.8375 -0.2064
vn 0.0112 -0.9905 -0.1372
vn 0.5220 -0.8525 -0.0282
vn 0.8675 -0.4904 0.0833
vn 0.8793 0.4717 0.0663
vn 0.5274 0.8413 0.1182
vn 0.0113 0.9902 0.1392
vn -0.5111 0.8512 0.1196
vn -0.8742 0.4808 0.0676
vn -0.8742 -0.4808 -0.0676
vn -0.5111 -0.8512 -0.1196
vn 0.0113 -0.9902 -0.1392
vn 0.5274 -0.8413 -0.1182
vn 0.8793 -0.4717 -0.0663
vn 0.8675 0.4904 -0.0833
vn 0.5220 0.8525 0.0282
vn 0.0112 0.9905 0.1372
vn -0.5059 0.8375 0.2064
vn -0.8626 0.4577 0.2156
vn -0.8626 -0.4994 0.0811
vn -0.5059 -0.8620 -0.0324
vn 0.0112 -0.9899 -0.1411
vn 0.5220 -0.8272 -0.2078
vn 0.8675 -0.4485 -0.2152
vn 0.8335 0.5039 -0.2267
vn 0.5060 0.8605 -0.0597
vn 0.0110 0.9907 0.1353
vn -0.4905 0.8216 0.2906
vn -0.8288 0.4312 0.3565
vn -0.8288 -0.5127 0.2239
vn -0.4905 -0.8698 0.0529
vn 0.0110 -0.9897 -0.1430
vn 0.5060 -0.8107 -0.2946
vn 0.8335 -0.4219 -0.3569
vn 0.7803 0.5124 -0.3586
vn 0.4801 0.8654 -0.1433
vn 0.0105 0.9910 0.1335
vn -0.4656 0.8039 0.3700
vn -0.7761 0.4030 0.4850
vn -0.7761 -0.5211 0.3551
vn -0.4656 -0.8748 0.1340
vn 0.0105 -0.9894 -0.1448
vn 0.4801 -0.7924 -0.3763
vn 0.7803 -0.3938 -0.4860
vn 0.7122 0.5167 -0.4752
vn 0.4454 0.8677 -0.2207
vn 0.0098 0.9912 0.1317
vn -0.4323 0.7855 0.4429
vn -0.7086 0.3749 0.5978
vn -0.7086 -0.5252 0.4713
vn -0.4323 -0.8771 0.2093
vn 0.0098 -0.9892 -0.1466
vn 0.4454 -0.7732 -0.4513
vn 0.7122 -0.3657 -0.5992
vn 0.6335 0.5177 -0.5750
vn 0.4033 0.8678 -0.2904
vn 0.0090 0.9915 0.1301
vn -0.3917 0.7670 0.5082
vn -0.6305 0.3483 0.6936
vn -0.6305 -0.5260 0.5707
vn -0.3917 -0.8774 0.2771
vn 0.0090 -0.9889 -0.1482
vn 0.4033 -0.7541 -0.5183
vn 0.6335 -0.3392 -0.6954
vn 0.5482 0.5166 -0.6578
vn 0.3551 0.8663 -0.3514
vn 0.0080 0.9917 0.1287
vn -0.3451 0.7494 0.5651
vn -0.5457 0.3243 0.7727
vn -0.5457 -0.5247 0.6534
vn -0.3451 -0.8761 0.3367
vn 0.0080 -0.9887 -0.1496
vn 0.3551 -0.7359 -0.5766
vn 0.5482 -0.3152 -0.7747
vn 0.4589 0.5142 -0.7246
vn 0.3021 0.8638 -0.4031
vn 0.0069 0.9918 0.1274
vn -0.2937 0.7333 0.6131
vn -0.4569 0.3035 0.8361
vn -0.4569 -0.5222 0.7201
vn -0.2937 -0.8739 0.3873
vn 0.0069 -0.9885 -0.1509
vn 0.3021 -0.7193 -0.6256
vn 0.4589 -0.2946 -0.8382
vn 0.3677 0.5115 -0.7767
vn 0.2454 0.8610 -0.4454
vn 0.0057 0.9920 0.1263
vn -0.2388 0.7195 0.6522
vn -0.3662 0.2864 0.8854
vn -0.3662 -0.5193 0.7721
vn -0.2388 -0.8714 0.4286
vn 0.0057 -0.9884 -0.1520
vn 0.2454 -0.7049 -0.6655
vn 0.3677 -0.2776 -0.8876
vn 0.2758 0.5088 -0.8155
vn 0.1861 0.8584 -0.4781
vn 0.0043 0.9921 0.1255
vn -0.1812 0.7082 0.6824
vn -0.2747 0.2730 0.9220
vn -0.2747 -0.5166 0.8110
vn -0.1812 -0.8688 0.4607
vn 0.0043 -0.9882 -0.1529
vn 0.1861 -0.6933 -0.6962
vn 0.2758 -0.2643 -0.9242
vn 0.1837 0.5067 -0.8423
vn 0.1250 0.8562 -0.5013
vn 0.0029 0.9922 0.1248
vn -0.1217 0.6999 0.7037
vn -0.1830 0.2635 0.9471
vn -0.1830 -0.5144 0.8378
vn -0.1217 -0.8668 0.4836
vn 0.0029 -0.9881 -0.1535
vn 0.1250 -0.6848 -0.7179
vn 0.1837 -0.2549 -0.9494
vn 0.0918 0.5053 -0.8580
vn 0.0628 0.8548 -0.5152
vn 0.0015 0.9922 0.1245
vn -0.0611 0.6949 0.7165
vn -0.0915 0.2578 0.9619
vn -0.0915 -0.5130 0.8535
vn -0.0611 -0.8655 0.4972
vn 0.0015 -0.9881 -0.1539
vn 0.0628 -0.6796 -0.7309
vn 0.0918 -0.2493 -0.9641
vn -0.0000 0.5049 -0.8632
vn -0.0000 0.8543 -0.5198
vn -0.0000 0.9922 0.1243
vn -0.0000 0.6932 0.7207
vn -0.0000 0.2559 0.9667
vn -0.0000 -0.5125 0.8587
vn -0.0000 -0.8650 0.5017
vn -0.0000 -0.9881 -0.1540
vn -0.0000 -0.6779 -0.7352
vn -0.0000 -0.2474 -0.9689
vn -0.0918 0.5053 -0.8580
vn -0.0628 0.8548 -0.5152
vn -0.0015 0.9922 0.1245
vn 0.0611 0.6949 0.7165
vn 0.0915 0.2578 0.9619
vn 0.0915 -0.5130 0.8535
vn 0.0611 -0.8655 0.4972
vn -0.0015 -0.9881 -0.1539
vn -0.0628 -0.6796 -0.7309
vn -0.0918 -0.2493 -0.9641
vn -0.1837 0.5067 -0.8423
vn -0.1250 0.8562 -0.5013
vn -0.0029 0.9922 0.1248
vn 0.1217 0.6999 0.7038
vn 0.1830 0.2635 0.9471
vn 0.1830 -0.5144 0.8378
vn 0.1217 -0.8668 0.4836
vn -0.0029 -0.9881 -0.1535
vn -0.1250 -0.6848 -0.7179
vn -0.1837 -0.2549 -0.9494
vn -0.2758 0.5088 -0.8155
vn -0.1861 0.8584 -0.4781
vn -0.0043 0.9921 0.1255
vn 0.1812 0.7082 0.6824
vn 0.2747 0.2730 0.9220
vn 0.2747 -0.5166 0.8110
vn 0.1812 -0.8689 0.4607
vn -0.0043 -0.9882 -0.1528
vn -0.1861 -0.6933 -0.6962
vn -0.2758 -0.2643 -0.9242
vn -0.3677 0.5115 -0.7767
vn -0.2454 0.8610 -0.4454
vn -0.0057 0.9920 0.1263
vn 0.2388 0.7194 0.6522
vn 0.3662 0.2864 0.8854
vn 0.3662 -0.5193 0.7721
vn 0.2388 -0.8714 0.4286
vn -0.0057 -0.9884 -0.1520
vn -0.2454 -0.7049 -0.6655
vn -0.3677 -0.2776 -0.8876
vn -0.4589 0.5142 -0.7246
vn -0.3021 0.8638 -0.4031
vn -0.0069 0.9918 0.1274
vn 0.2938 0.7333 0.6131
vn 0.4569 0.3035 0.8361
vn 0.4569 -0.5222 0.7201
vn 0.2938 -0.8739 0.3873
vn -0.0069 -0.9885 -0.1509
vn -0.3021 -0.7193 -0.6256
vn -0.4589 -0.2946 -0.8382
vn -0.5482 0.5166 -0.6578
vn -0.3551 0.8663 -0.3514
vn -0.0080 0.9917 0.1287
vn 0.3451 0.7494 0.5651
vn 0.5457 0.3243 0.7727
vn 0.5457 -0.5247 0.6534
vn 0.3451 -0.8761 0.3367
vn -0.0080 -0.9887 -0.1496
vn -0.3551 -0.7359 -0.5766
vn -0.5482 -0.3152 -0.7747
vn -0.6335 0.5177 -0.5750
vn -0.4033 0.8678 -0.2904
vn -0.0090 0.9915 0.1301
vn 0.3917 0.7670 0.5082
vn 0.6305 0.3483 0.6936
vn 0.6305 -0.5260 0.5707
vn 0.3917 -0.8774 0.2771
vn -0.0090 -0.9889 -0.1482
vn -0.4033 -0.7541 -0.5183
vn -0.6335 -0.3392 -0.6954
vn -0.7122 0.5167 -0.4752
vn -0.4454 0.8677 -0.2207
vn -0.0098 0.9912 0.1318
vn 0.4323 0.7855 0.4429
vn 0.7086 0.3749 0.5978
vn 0.7086 -0.5252 0.4713
vn 0.4323 -0.8771 0.2093
vn -0.0098 -0.9892 -0.1466
vn -0.4454 -0.7732 -0.4513
vn -0.7122 -0.3657 -0.5992
vn -0.7803 0.5124 -0.3586
vn -0.4801 0.8654 -0.1433
vn -0.0105 0.9910 0.1335
vn 0.4656 0.8039 0.3700
vn 0.7761 0.4030 0.4850
vn 0.7761 -0.5211 0.3551
vn 0.4656 -0.8748 0.1340
vn -0.0105 -0.9894 -0.1448
vn -0.4801 -0.7924 -0.3763
vn -0.7803 -0.3937 -0.4860
vn -0.8335 0.5039 -0.2267
vn -0.5060 0.8605 -0.0597
vn -0.0110 0.9907 0.1353
vn 0.4905 0.8216 0.2906
vn 0.8288 0.4312 0.3565
vn 0.8288 -0.5127 0.2239
vn 0.4905 -0.8698 0.0529
vn -0.0110 -0.9897 -0.1430
vn -0.5060 -0.8107 -0.2946
vn -0.8335 -0.4219 -0.3569
vn -0.8675 0.4904 -0.0833
vn -0.5220 0.8525 0.0282
vn -0.0113 0.9905 0.1372
vn 0.5059 0.8375 0.2064
vn 0.8626 0.4577 0.2156
vn 0.8626 -0.4994 0.0811
vn 0.5059 -0.8620 -0.0324
vn -0.0112 -0.9899 -0.1411
vn -0.5220 -0.8272 -0.2078
vn -0.8675 -0.4485 -0.2152
vt 0.520833 0.500000
vt 0.500000 0.583333
vt 0.500000 0.500000
vt 0.520833 0.666667
vt 0.500000 0.666667
vt 0.520833 0.750000
vt 0.500000 0.750000
vt 0.520833 0.833333
vt 0.500000 0.833333
vt 0.500000 0.916667
vt 0.520833 1.000000
vt 0.500000 1.000000
vt 0.520833 0.000000
vt 0.500000 0.083333
vt 0.500000 0.000000
vt 0.520833 0.166667
vt 0.500000 0.166667
vt 0.500000 0.250000
vt 0.520833 0.250000
vt 0.500000 0.333333
vt 0.520833 0.333333
vt 0.500000 0.416667
vt 0.520833 0.416667
vt 0.541667 0.500000
vt 0.520833 0.583333
vt 0.541667 0.583333
vt 0.541667 0.666667
vt 0.541667 0.750000
vt 0.541667 0.833333
vt 0.520833 0.916667
vt 0.541667 0.916667
vt 0.541667 0.083333
vt 0.520833 0.083333
vt 0.541667 0.166667
vt 0.541667 0.250000
vt 0.541667 0.333333
vt 0.541667 0.416667
vt 0.562500 0.500000
vt 0.562500 0.583333
vt 0.562500 0.750000
vt 0.562500 0.916667
vt 0.541667 1.000000
vt 0.562500 0.000000
vt 0.541667 0.000000
vt 0.562500 0.083333
vt 0.562500 0.166667
vt 0.562500 0.250000
vt 0.562500 0.416667
vt 0.583333 0.500000
vt 0.583333 0.583333
vt 0.562500 0.666667
vt 0.583333 0.666667
vt 0.583333 0.833333
vt 0.562500 0.833333
vt 0.583333 0.916667
vt 0.562500 1.000000
vt 0.583333 0.083333
vt 0.583333 0.166667
vt 0.583333 0.333333
vt 0.562500 0.333333
vt 0.604167 0.583333
vt 0.604167 0.666667
vt 0.604167 0.750000
vt 0.583333 0.750000
vt 0.604167 0.833333
vt 0.604167 0.916667
vt 0.583333 1.000000
vt 0.604167 0.000000
vt 0.583333 0.000000
vt 0.604167 0.083333
vt 0.604167 0.250000
vt 0.583333 0.250000
vt 0.604167 0.333333
vt 0.583333 0.416667
vt 0.604167 0.416667
vt 0.625000 0.500000
vt 0.604167 0.500000
vt 0.625000 0.666667
vt 0.625000 0.750000
vt 0.625000 0.916667
vt 0.604167 1.000000
vt 0.625000 0.083333
vt 0.604167 0.166667
vt 0.625000 0.250000
vt 0.625000 0.333333
vt 0.645833 0.583333
vt 0.625000 0.583333
vt 0.645833 0.666667
vt 0.645833 0.750000
vt 0.625000 0.833333
vt 0.645833 0.916667
vt 0.625000 1.000000
vt 0.625000 0.000000
vt 0.645833 0.083333
vt 0.645833 0.166667
vt 0.625000 0.166667
vt 0.645833 0.250000
vt 0.645833 0.333333
vt 0.625000 0.416667
vt 0.645833 0.416667
vt 0.666667 0.500000
vt 0.645833 0.500000
vt 0.666667 0.666667
vt 0.666667 0.750000
vt 0.666667 0.833333
vt 0.645833 0.833333
vt 0.666667 0.916667
vt 0.645833 1.000000
vt 0.666667 0.000000
vt 0.645833 0.000000
vt 0.666667 0.083333
vt 0.666667 0.166667
vt 0.666667 0.250000
vt 0.666667 0.333333
vt 0.666667 0.416667
vt 0.687500 0.500000
vt 0.666667 0.583333
vt 0.687500 0.583333
vt 0.687500 0.666667
vt 0.687500 0.833333
vt 0.687500 0.916667
vt 0.666667 1.000000
vt 0.687500 0.083333
vt 0.687500 0.166667
vt 0.687500 0.333333
vt 0.687500 0.416667
vt 0.708333 0.500000
vt 0.708333 0.666667
vt 0.687500 0.750000
vt 0.708333 0.750000
vt 0.708333 0.833333
vt 0.708333 0.916667
vt 0.687500 1.000000
vt 0.687500 0.000000
vt 0.708333 0.083333
vt 0.708333 0.250000
vt 0.687500 0.250000
vt 0.708333 0.333333
vt 0.729167 0.500000
vt 0.708333 0.583333
vt 0.729167 0.583333
vt 0.729167 0.666667
vt 0.729167 0.750000
vt 0.729167 0.916667
vt 0.708333 1.000000
vt 0.729167 0.000000
vt 0.708333 0.000000
vt 0.729167 0.083333
vt 0.708333 0.166667
vt 0.729167 0.166667
vt 0.729167 0.333333
vt 0.729167 0.416667
vt 0.708333 0.416667
vt 0.750000 0.500000
vt 0.750000 0.666667
vt 0.750000 0.750000
vt 0.729167 0.833333
vt 0.750000 0.916667
vt 0.729167 1.000000
vt 0.750000 0.083333
vt 0.750000 0.166667
vt 0.729167 0.250000
vt 0.750000 0.333333
vt 0.750000 0.416667
vt 0.770833 0.500000
vt 0.750000 0.583333
vt 0.770833 0.583333
vt 0.770833 0.750000
vt 0.750000 0.833333
vt 0.770833 0.833333
vt 0.770833 0.916667
vt 0.750000 1.000000
vt 0.750000 0.000000
vt 0.770833 0.083333
vt 0.770833 0.166667
vt 0.750000 0.250000
vt 0.770833 0.250000
vt 0.770833 0.416667
vt 0.791667 0.500000
vt 0.791667 0.583333
vt 0.770833 0.666667
vt 0.791667 0.750000
vt 0.791667 0.833333
vt 0.791667 0.916667
vt 0.770833 1.000000
vt 0.770833 0.000000
vt 0.791667 0.083333
vt 0.791667 0.250000
vt 0.770833 0.333333
vt 0.791667 0.333333
vt 0.791667 0.416667
vt 0.812500 0.583333
vt 0.791667 0.666667
vt 0.812500 0.666667
vt 0.812500 0.750000
vt 0.812500 0.833333
vt 0.812500 1.000000
vt 0.791667 1.000000
vt 0.812500 0.000000
vt 0.791667 0.000000
vt 0.812500 0.083333
vt 0.791667 0.166667
vt 0.812500 0.250000
vt 0.812500 0.333333
vt 0.812500 0.416667
vt 0.812500 0.500000
vt 0.833333 0.583333
vt 0.833333 0.666667
vt 0.833333 0.833333
vt 0.833333 0.916667
vt 0.812500 0.916667
vt 0.833333 0.000000
vt 0.833333 0.083333
vt 0.812500 0.166667
vt 0.833333 0.166667
vt 0.833333 0.333333
vt 0.833333 0.416667
vt 0.854167 0.500000
vt 0.833333 0.500000
vt 0.854167 0.583333
vt 0.854167 0.750000
vt 0.833333 0.750000
vt 0.854167 0.833333
vt 0.854167 0.916667
vt 0.833333 1.000000
vt 0.854167 0.000000
vt 0.854167 0.166667
vt 0.854167 0.250000
vt 0.833333 0.250000
vt 0.854167 0.416667
vt 0.875000 0.583333
vt 0.854167 0.666667
vt 0.875000 0.750000
vt 0.875000 0.833333
vt 0.875000 1.000000
vt 0.854167 1.000000
vt 0.875000 0.000000
vt 0.854167 0.083333
vt 0.875000 0.083333
vt 0.875000 0.166667
vt 0.875000 0.250000
vt 0.854167 0.333333
vt 0.875000 0.333333
vt 0.875000 0.416667
vt 0.875000 0.500000
vt 0.895833 0.583333
vt 0.875000 0.666667
vt 0.895833 0.750000
vt 0.895833 0.916667
vt 0.875000 0.916667
vt 0.895833 0.000000
vt 0.895833 0.083333
vt 0.895833 0.166667
vt 0.895833 0.250000
vt 0.895833 0.416667
vt 0.916667 0.500000
vt 0.895833 0.500000
vt 0.916667 0.666667
vt 0.895833 0.666667
vt 0.916667 0.750000
vt 0.895833 0.833333
vt 0.916667 0.833333
vt 0.916667 0.916667
vt 0.895833 1.000000
vt 0.916667 0.000000
vt 0.916667 0.166667
vt 0.916667 0.250000
vt 0.895833 0.333333
vt 0.916667 0.333333
vt 0.916667 0.416667
vt 0.937500 0.500000
vt 0.916667 0.583333
vt 0.937500 0.583333
vt 0.937500 0.750000
vt 0.937500 0.833333
vt 0.937500 0.916667
vt 0.916667 1.000000
vt 0.937500 0.000000
vt 0.916667 0.083333
vt 0.937500 0.166667
vt 0.937500 0.250000
vt 0.937500 0.416667
vt 0.958333 0.500000
vt 0.958333 0.666667
vt 0.937500 0.666667
vt 0.958333 0.750000
vt 0.958333 0.916667
vt 0.937500 1.000000
vt 0.958333 0.083333
vt 0.937500 0.083333
vt 0.958333 0.166667
vt 0.958333 0.250000
vt 0.937500 0.333333
vt 0.958333 0.416667
vt 0.979167 0.583333
vt 0.958333 0.583333
vt 0.979167 0.666667
vt 0.979167 0.750000
vt 0.958333 0.833333
vt 0.979167 0.833333
vt 0.979167 0.916667
vt 0.958333 1.000000
vt 0.958333 0.000000
vt 0.979167 0.083333
vt 0.979167 0.166667
vt 0.979167 0.333333
vt 0.958333 0.333333
vt 0.979167 0.416667
vt 1.000000 0.500000
vt 0.979167 0.500000
vt 1.000000 0.666667
vt 1.000000 0.750000
vt 1.000000 0.833333
vt 1.000000 1.000000
vt 0.979167 1.000000
vt 1.000000 0.000000
vt 0.979167 0.000000
vt 1.000000 0.083333
vt 1.000000 0.250000
vt 0.979167 0.250000
vt 1.000000 0.333333
vt 1.000000 0.416667
vt 0.020833 0.500000
vt 0.000000 0.583333
vt 0.000000 0.500000
vt 0.020833 0.583333
vt 0.000000 0.666667
vt 0.020833 0.750000
vt 0.000000 0.750000
vt 0.000000 0.833333
vt 0.020833 0.833333
vt 0.000000 0.916667
vt 0.020833 0.916667
vt 0.000000 1.000000
vt 0.000000 0.000000
vt 0.020833 0.083333
vt 0.000000 0.083333
vt 0.020833 0.166667
vt 0.000000 0.166667
vt 0.020833 0.250000
vt 0.000000 0.250000
vt 0.000000 0.333333
vt 0.020833 0.416667
vt 0.000000 0.416667
vt 0.041667 0.500000
vt 0.041667 0.666667
vt 0.020833 0.666667
vt 0.041667 0.750000
vt 0.041667 0.916667
vt 0.020833 1.000000
vt 0.041667 0.000000
vt 0.020833 0.000000
vt 0.041667 0.083333
vt 0.041667 0.166667
vt 0.041667 0.250000
vt 0.020833 0.333333
vt 0.041667 0.333333
vt 0.041667 0.416667
vt 0.062500 0.500000
vt 0.041667 0.583333
vt 0.062500 0.583333
vt 0.062500 0.666667
vt 0.062500 0.750000
vt 0.041667 0.833333
vt 0.062500 0.916667
vt 0.062500 1.000000
vt 0.041667 1.000000
vt 0.062500 0.000000
vt 0.062500 0.083333
vt 0.062500 0.166667
vt 0.062500 0.333333
vt 0.062500 0.416667
vt 0.083333 0.500000
vt 0.083333 0.666667
vt 0.083333 0.750000
vt 0.083333 0.833333
vt 0.062500 0.833333
vt 0.083333 1.000000
vt 0.083333 0.000000
vt 0.083333 0.166667
vt 0.062500 0.250000
vt 0.083333 0.250000
vt 0.083333 0.333333
vt 0.083333 0.416667
vt 0.104167 0.500000
vt 0.083333 0.583333
vt 0.104167 0.583333
vt 0.104167 0.666667
vt 0.104167 0.750000
vt 0.104167 0.833333
vt 0.083333 0.916667
vt 0.104167 0.916667
vt 0.104167 0.000000
vt 0.083333 0.083333
vt 0.104167 0.166667
vt 0.104167 0.250000
vt 0.104167 0.333333
vt 0.125000 0.500000
vt 0.125000 0.666667
vt 0.125000 0.750000
vt 0.125000 0.833333
vt 0.125000 0.916667
vt 0.104167 1.000000
vt 0.125000 0.000000
vt 0.104167 0.083333
vt 0.125000 0.166667
vt 0.125000 0.250000
vt 0.125000 0.333333
vt 0.104167 0.416667
vt 0.145833 0.500000
vt 0.125000 0.583333
vt 0.145833 0.666667
vt 0.145833 0.750000
vt 0.145833 0.833333
vt 0.145833 0.916667
vt 0.125000 1.000000
vt 0.145833 0.000000
vt 0.125000 0.083333
vt 0.145833 0.083333
vt 0.145833 0.166667
vt 0.145833 0.250000
vt 0.145833 0.333333
vt 0.125000 0.416667
vt 0.166667 0.583333
vt 0.145833 0.583333
vt 0.166667 0.666667
vt 0.166667 0.833333
vt 0.166667 0.916667
vt 0.166667 1.000000
vt 0.145833 1.000000
vt 0.166667 0.083333
vt 0.166667 0.166667
vt 0.166667 0.250000
vt 0.166667 0.333333
vt 0.145833 0.416667
vt 0.166667 0.416667
vt 0.187500 0.500000
vt 0.166667 0.500000
vt 0.187500 0.583333
vt 0.187500 0.666667
vt 0.166667 0.750000
vt 0.187500 0.750000
vt 0.187500 0.833333
vt 0.187500 0.916667
vt 0.187500 0.000000
vt 0.166667 0.000000
vt 0.187500 0.166667
vt 0.187500 0.250000
vt 0.187500 0.416667
vt 0.208333 0.583333
vt 0.208333 0.666667
vt 0.208333 0.833333
vt 0.208333 1.000000
vt 0.187500 1.000000
vt 0.208333 0.000000
vt 0.187500 0.083333
vt 0.208333 0.083333
vt 0.208333 0.166667
vt 0.208333 0.333333
vt 0.187500 0.333333
vt 0.208333 0.416667
vt 0.229167 0.500000
vt 0.208333 0.500000
vt 0.229167 0.583333
vt 0.229167 0.750000
vt 0.208333 0.750000
vt 0.229167 0.833333
vt 0.208333 0.916667
vt 0.229167 1.000000
vt 0.229167 0.000000
vt 0.229167 0.083333
vt 0.229167 0.250000
vt 0.208333 0.250000
vt 0.229167 0.333333
vt 0.250000 0.500000
vt 0.250000 0.583333
vt 0.229167 0.666667
vt 0.250000 0.666667
vt 0.250000 0.833333
vt 0.229167 0.916667
vt 0.250000 0.916667
vt 0.250000 0.083333
vt 0.229167 0.166667
vt 0.250000 0.166667
vt 0.250000 0.250000
vt 0.250000 0.416667
vt 0.229167 0.416667
vt 0.270833 0.500000
vt 0.270833 0.583333
vt 0.270833 0.750000
vt 0.250000 0.750000
vt 0.270833 0.833333
vt 0.270833 0.916667
vt 0.250000 1.000000
vt 0.270833 0.000000
vt 0.250000 0.000000
vt 0.270833 0.166667
vt 0.270833 0.250000
vt 0.250000 0.333333
vt 0.270833 0.416667
vt 0.291667 0.500000
vt 0.291667 0.583333
vt 0.270833 0.666667
vt 0.291667 0.666667
vt 0.291667 0.750000
vt 0.291667 0.833333
vt 0.291667 0.916667
vt 0.270833 1.000000
vt 0.291667 0.083333
vt 0.270833 0.083333
vt 0.291667 0.250000
vt 0.270833 0.333333
vt 0.291667 0.416667
vt 0.312500 0.583333
vt 0.312500 0.666667
vt 0.312500 0.833333
vt 0.312500 0.916667
vt 0.291667 1.000000
vt 0.312500 0.000000
vt 0.291667 0.000000
vt 0.312500 0.083333
vt 0.291667 0.166667
vt 0.312500 0.166667
vt 0.312500 0.333333
vt 0.291667 0.333333
vt 0.312500 0.416667
vt 0.333333 0.500000
vt 0.312500 0.500000
vt 0.333333 0.666667
vt 0.333333 0.750000
vt 0.312500 0.750000
vt 0.333333 0.833333
vt 0.333333 0.916667
vt 0.312500 1.000000
vt 0.333333 0.000000
vt 0.333333 0.083333
vt 0.333333 0.166667
vt 0.312500 0.250000
vt 0.333333 0.250000
vt 0.333333 0.333333
vt 0.333333 0.416667
vt 0.354167 0.583333
vt 0.333333 0.583333
vt 0.354167 0.666667
vt 0.354167 0.750000
vt 0.354167 0.833333
vt 0.354167 0.916667
vt 0.333333 1.000000
vt 0.354167 0.083333
vt 0.354167 0.250000
vt 0.354167 0.333333
vt 0.354167 0.416667
vt 0.354167 0.500000
vt 0.375000 0.583333
vt 0.375000 0.750000
vt 0.375000 0.833333
vt 0.375000 1.000000
vt 0.354167 1.000000
vt 0.375000 0.000000
vt 0.354167 0.000000
vt 0.375000 0.083333
vt 0.354167 0.166667
vt 0.375000 0.166667
vt 0.375000 0.250000
vt 0.375000 0.333333
vt 0.375000 0.416667
vt 0.375000 0.500000
vt 0.395833 0.583333
vt 0.375000 0.666667
vt 0.395833 0.750000
vt 0.395833 0.833333
vt 0.375000 0.916667
vt 0.395833 0.916667
vt 0.395833 0.000000
vt 0.395833 0.166667
vt 0.395833 0.250000
vt 0.395833 0.416667
vt 0.416667 0.500000
vt 0.395833 0.500000
vt 0.416667 0.583333
vt 0.395833 0.666667
vt 0.416667 0.666667
vt 0.416667 0.833333
vt 0.416667 0.916667
vt 0.395833 1.000000
vt 0.416667 0.000000
vt 0.395833 0.083333
vt 0.416667 0.083333
vt 0.416667 0.166667
vt 0.416667 0.333333
vt 0.395833 0.333333
vt 0.416667 0.416667
vt 0.437500 0.500000
vt 0.437500 0.666667
vt 0.437500 0.750000
vt 0.416667 0.750000
vt 0.437500 0.833333
vt 0.437500 0.916667
vt 0.416667 1.000000
vt 0.437500 0.000000
vt 0.437500 0.083333
vt 0.437500 0.166667
vt 0.416667 0.250000
vt 0.437500 0.250000
vt 0.437500 0.333333
vt 0.437500 0.416667
vt 0.458333 0.500000
vt 0.437500 0.583333
vt 0.458333 0.583333
vt 0.458333 0.666667
vt 0.458333 0.750000
vt 0.458333 0.833333
vt 0.458333 0.916667
vt 0.437500 1.000000
vt 0.458333 0.000000
vt 0.458333 0.166667
vt 0.458333 0.250000
vt 0.458333 0.416667
vt 0.479167 0.583333
vt 0.479167 0.750000
vt 0.479167 0.833333
vt 0.479167 0.916667
vt 0.479167 1.000000
vt 0.458333 1.000000
vt 0.479167 0.000000
vt 0.458333 0.083333
vt 0.479167 0.083333
vt 0.479167 0.166667
vt 0.479167 0.250000
vt 0.458333 0.333333
vt 0.479167 0.333333
vt 0.479167 0.416667
vt 0.479167 0.500000
vt 0.479167 0.666667
vt 1.000000 0.583333
vt 1.000000 0.916667
vt 1.000000 0.166667
s 1
g Torus_M_Barba.001
usemtl M_Barba.001
f 61/99/61 50/100/50 49/101/49
f 50/100/50 63/102/63 51/103/51
f 51/103/51 64/104/64 52/105/52
f 52/105/52 65/106/65 53/107/53
f 65/106/65 54/108/54 53/107/53
f 54/108/54 67/109/67 55/110/55
f 67/111/67 56/112/56 55/113/55
f 56/112/56 69/114/69 57/115/57
f 69/114/69 58/116/58 57/115/57
f 70/117/70 59/118/59 58/116/58
f 71/119/71 60/120/60 59/118/59
f 72/121/72 49/101/49 60/120/60
f 73/122/73 62/123/62 61/99/61
f 74/124/74 63/102/63 62/123/62
f 75/125/75 64/104/64 63/102/63
f 76/126/76 65/106/65 64/104/64
f 77/127/77 66/128/66 65/106/65
f 78/129/78 67/109/67 66/128/66
f 67/111/67 80/130/80 68/131/68
f 68/131/68 81/132/81 69/114/69
f 69/114/69 82/133/82 70/117/70
f 70/117/70 83/134/83 71/119/71
f 71/119/71 84/135/84 72/121/72
f 72/121/72 73/122/73 61/99/61
f 85/136/85 74/124/74 73/122/73
f 86/137/86 75/125/75 74/124/74
f 75/125/75 88/138/88 76/126/76
f 88/138/88 77/127/77 76/126/76
f 77/127/77 90/139/90 78/129/78
f 90/139/90 79/140/79 78/129/78
f 91/141/91 80/130/80 79/142/79
f 92/143/92 81/132/81 80/130/80
f 93/144/93 82/133/82 81/132/81
f 94/145/94 83/134/83 82/133/82
f 83/134/83 96/146/96 84/135/84
f 84/135/84 85/136/85 73/122/73
f 97/147/97 86/137/86 85/136/85
f 98/148/98 87/149/87 86/137/86
f 99/150/99 88/138/88 87/149/87
f 88/138/88 101/151/101 89/152/89
f 101/151/101 90/139/90 89/152/89
f 102/153/102 91/154/91 90/139/90
f 91/141/91 104/155/104 92/143/92
f 92/143/92 105/156/105 93/144/93
f 105/156/105 94/145/94 93/144/93
f 94/145/94 107/157/107 95/158/95
f 107/157/107 96/146/96 95/158/95
f 96/146/96 97/147/97 85/136/85
f 97/147/97 110/159/110 98/148/98
f 98/148/98 111/160/111 99/150/99
f 99/150/99 112/161/112 100/162/100
f 112/161/112 101/151/101 100/162/100
f 113/163/113 102/153/102 101/151/101
f 114/164/114 103/165/103 102/153/102
f 115/166/115 104/155/104 103/167/103
f 116/168/116 105/156/105 104/155/104
f 105/156/105 118/169/118 106/170/106
f 118/169/118 107/157/107 106/170/106
f 119/171/119 108/172/108 107/157/107
f 120/173/120 97/147/97 108/172/108
f 121/174/121 110/159/110 109/175/109
f 110/159/110 123/176/123 111/160/111
f 123/176/123 112/161/112 111/160/111
f 124/177/124 113/163/113 112/161/112
f 113/163/113 126/178/126 114/164/114
f 126/178/126 115/179/115 114/164/114
f 115/166/115 128/180/128 116/168/116
f 128/180/128 117/181/117 116/168/116
f 117/181/117 130/182/130 118/169/118
f 118/169/118 131/183/131 119/171/119
f 131/183/131 120/173/120 119/171/119
f 120/173/120 121/174/121 109/175/109
f 121/174/121 134/184/134 122/185/122
f 134/184/134 123/176/123 122/185/122
f 135/186/135 124/177/124 123/176/123
f 136/187/136 125/188/125 124/177/124
f 125/188/125 138/189/138 126/178/126
f 138/189/138 127/190/127 126/178/126
f 127/191/127 140/192/140 128/180/128
f 128/180/128 141/193/141 129/194/129
f 129/194/129 142/195/142 130/182/130
f 130/182/130 143/196/143 131/183/131
f 143/196/143 132/197/132 131/183/131
f 144/198/144 121/174/121 132/197/132
f 145/199/145 134/184/134 133/200/133
f 134/184/134 147/201/147 135/186/135
f 135/186/135 148/202/148 136/187/136
f 136/187/136 149/203/149 137/204/137
f 149/203/149 138/189/138 137/204/137
f 150/205/150 139/206/139 138/189/138
f 151/207/151 140/192/140 139/208/139
f 152/209/152 141/193/141 140/192/140
f 153/210/153 142/195/142 141/193/141
f 154/211/154 143/196/143 142/195/142
f 155/212/155 144/198/144 143/196/143
f 156/213/156 133/200/133 144/198/144
f 157/214/157 146/215/146 145/199/145
f 158/216/158 147/201/147 146/215/146
f 159/217/159 148/202/148 147/201/147
f 148/202/148 161/218/161 149/203/149
f 161/218/161 150/205/150 149/203/149
f 162/219/162 151/220/151 150/205/150
f 151/207/151 164/221/164 152/209/152
f 152/209/152 165/222/165 153/210/153
f 165/222/165 154/211/154 153/210/153
f 154/211/154 167/223/167 155/212/155
f 155/212/155 168/224/168 156/213/156
f 168/224/168 145/199/145 156/213/156
f 169/225/169 158/216/158 157/214/157
f 158/216/158 171/226/171 159/217/159
f 171/226/171 160/227/160 159/217/159
f 172/228/172 161/218/161 160/227/160
f 173/229/173 162/219/162 161/218/161
f 174/230/174 163/231/163 162/219/162
f 163/232/163 176/233/176 164/221/164
f 176/233/176 165/222/165 164/221/164
f 165/222/165 178/234/178 166/235/166
f 178/234/178 167/223/167 166/235/166
f 179/236/179 168/224/168 167/223/167
f 168/224/168 169/225/169 157/214/157
f 181/237/181 170/238/170 169/225/169
f 182/239/182 171/226/171 170/238/170
f 183/240/183 172/228/172 171/226/171
f 184/241/184 173/229/173 172/228/172
f 173/229/173 186/242/186 174/230/174
f 186/242/186 175/243/175 174/230/174
f 187/244/187 176/233/176 175/245/175
f 188/246/188 177/247/177 176/233/176
f 189/248/189 178/234/178 177/247/177
f 178/234/178 191/249/191 179/236/179
f 179/236/179 192/250/192 180/251/180
f 180/251/180 181/237/181 169/225/169
f 193/252/193 182/239/182 181/237/181
f 182/239/182 195/253/195 183/240/183
f 195/253/195 184/241/184 183/240/183
f 196/254/196 185/255/185 184/241/184
f 185/255/185 198/256/198 186/242/186
f 198/256/198 187/257/187 186/242/186
f 187/244/187 200/258/200 188/246/188
f 200/258/200 189/248/189 188/246/188
f 201/259/201 190/260/190 189/248/189
f 190/260/190 203/261/203 191/249/191
f 203/261/203 192/250/192 191/249/191
f 204/262/204 181/237/181 192/250/192
f 205/263/205 194/264/194 193/252/193
f 206/265/206 195/253/195 194/264/194
f 195/253/195 208/266/208 196/254/196
f 208/266/208 197/267/197 196/254/196
f 209/268/209 198/256/198 197/267/197
f 210/269/210 199/270/199 198/256/198
f 199/271/199 212/272/212 200/258/200
f 200/258/200 213/273/213 201/259/201
f 213/273/213 202/274/202 201/259/201
f 214/275/214 203/261/203 202/274/202
f 203/261/203 216/276/216 204/262/204
f 204/262/204 205/263/205 193/252/193
f 217/277/217 206/265/206 205/263/205
f 218/278/218 207/279/207 206/265/206
f 207/279/207 220/280/220 208/266/208
f 208/266/208 221/281/221 209/268/209
f 209/268/209 222/282/222 210/269/210
f 222/282/222 211/283/211 210/269/210
f 211/284/211 224/285/224 212/272/212
f 224/285/224 213/273/213 212/272/212
f 213/273/213 226/286/226 214/275/214
f 226/286/226 215/287/215 214/275/214
f 227/288/227 216/276/216 215/287/215
f 228/289/228 205/263/205 216/276/216
f 217/277/217 230/290/230 218/278/218
f 230/290/230 219/291/219 218/278/218
f 231/292/231 220/280/220 219/291/219
f 232/293/232 221/281/221 220/280/220
f 233/294/233 222/282/222 221/281/221
f 222/282/222 235/295/235 223/296/223
f 235/297/235 224/285/224 223/298/223
f 236/299/236 225/300/225 224/285/224
f 225/300/225 238/301/238 226/286/226
f 226/286/226 239/302/239 227/288/227
f 239/302/239 228/289/228 227/288/227
f 240/303/240 217/277/217 228/289/228
f 229/304/229 242/305/242 230/290/230
f 230/290/230 243/306/243 231/292/231
f 243/306/243 232/293/232 231/292/231
f 232/293/232 245/307/245 233/294/233
f 233/294/233 246/308/246 234/309/234
f 246/308/246 235/295/235 234/309/234
f 247/310/247 236/299/236 235/297/235
f 248/311/248 237/312/237 236/299/236
f 249/313/249 238/301/238 237/312/237
f 238/301/238 251/314/251 239/302/239
f 251/314/251 240/303/240 239/302/239
f 252/315/252 229/304/229 240/303/240
f 253/316/253 242/305/242 241/317/241
f 254/318/254 243/306/243 242/305/242
f 243/306/243 256/319/256 244/320/244
f 256/319/256 245/307/245 244/320/244
f 257/321/257 246/308/246 245/307/245
f 258/322/258 247/323/247 246/308/246
f 259/324/259 248/311/248 247/310/247
f 248/311/248 261/325/261 249/313/249
f 249/313/249 262/326/262 250/327/250
f 262/326/262 251/314/251 250/327/250
f 251/314/251 264/328/264 252/315/252
f 252/315/252 253/316/253 241/317/241
f 253/316/253 266/329/266 254/318/254
f 266/329/266 255/330/255 254/318/254
f 255/330/255 268/331/268 256/319/256
f 268/331/268 257/321/257 256/319/256
f 269/332/269 258/322/258 257/321/257
f 258/322/258 271/333/271 259/334/259
f 271/335/271 260/336/260 259/324/259
f 272/337/272 261/325/261 260/336/260
f 273/338/273 262/326/262 261/325/261
f 274/339/274 263/340/263 262/326/262
f 275/341/275 264/328/264 263/340/263
f 276/342/276 253/316/253 264/328/264
f 265/343/265 278/344/278 266/329/266
f 278/344/278 267/345/267 266/329/266
f 267/345/267 280/346/280 268/331/268
f 280/346/280 269/332/269 268/331/268
f 269/332/269 282/347/282 270/348/270
f 282/347/282 271/333/271 270/348/270
f 283/349/283 272/337/272 271/335/271
f 284/350/284 273/338/273 272/337/272
f 285/351/285 274/339/274 273/338/273
f 286/352/286 275/341/275 274/339/274
f 275/341/275 288/353/288 276/342/276
f 288/353/288 265/343/265 276/342/276
f 289/354/289 278/344/278 277/355/277
f 278/344/278 291/356/291 279/357/279
f 279/357/279 292/358/292 280/346/280
f 292/358/292 281/359/281 280/346/280
f 293/360/293 282/347/282 281/359/281
f 294/361/294 283/362/283 282/347/282
f 295/363/295 284/350/284 283/349/283
f 284/350/284 297/364/297 285/351/285
f 285/351/285 298/365/298 286/352/286
f 298/365/298 287/366/287 286/352/286
f 299/367/299 288/353/288 287/366/287
f 300/368/300 277/355/277 288/353/288
f 301/369/301 290/370/290 289/354/289
f 302/371/302 291/356/291 290/370/290
f 291/356/291 304/372/304 292/358/292
f 304/372/304 293/360/293 292/358/292
f 305/373/305 294/361/294 293/360/293
f 306/374/306 295/375/295 294/361/294
f 307/376/307 296/377/296 295/363/295
f 296/377/296 309/378/309 297/364/297
f 297/364/297 310/379/310 298/365/298
f 310/379/310 299/367/299 298/365/298
f 299/367/299 312/380/312 300/368/300
f 300/368/300 301/369/301 289/354/289
f 313/381/313 302/371/302 301/369/301
f 302/371/302 315/382/315 303/383/303
f 303/383/303 316/384/316 304/372/304
f 316/384/316 305/373/305 304/372/304
f 305/373/305 318/385/318 306/374/306
f 318/385/318 307/386/307 306/374/306
f 307/376/307 320/387/320 308/388/308
f 320/387/320 309/378/309 308/388/308
f 321/389/321 310/379/310 309/378/309
f 322/390/322 311/391/311 310/379/310
f 311/391/311 324/392/324 312/380/312
f 312/380/312 313/381/313 301/369/301
f 313/381/313 326/393/326 314/394/314
f 326/393/326 315/382/315 314/394/314
f 327/395/327 316/384/316 315/382/315
f 328/396/328 317/397/317 316/384/316
f 329/398/329 318/385/318 317/397/317
f 330/399/330 319/400/319 318/385/318
f 319/401/319 332/402/332 320/387/320
f 320/387/320 333/403/333 321/389/321
f 333/403/333 322/390/322 321/389/321
f 322/390/322 335/404/335 323/405/323
f 323/405/323 336/406/336 324/392/324
f 336/406/336 313/381/313 324/392/324
f 337/407/55 326/393/326 325/408/325
f 326/393/326 339/409/338 327/395/327
f 339/409/338 328/396/328 327/395/327
f 340/410/339 329/398/329 328/396/328
f 341/411/340 330/399/330 329/398/329
f 330/399/330 343/412/49 331/413/331
f 343/414/49 332/402/332 331/415/331
f 344/416/342 333/403/333 332/402/332
f 333/403/333 346/417/344 334/418/334
f 334/418/334 347/419/345 335/404/335
f 347/419/345 336/406/336 335/404/335
f 348/420/346 325/408/325 336/406/336
f 349/421/67 338/422/337 337/423/55
f 350/424/347 339/425/338 338/422/337
f 339/425/338 352/426/349 340/427/339
f 352/426/349 341/428/340 340/427/339
f 353/429/350 342/430/341 341/428/340
f 354/431/351 343/432/49 342/430/341
f 343/433/49 356/434/352 344/435/342
f 344/435/342 357/436/353 345/437/343
f 345/437/343 358/438/354 346/439/344
f 358/438/354 347/440/345 346/439/344
f 347/440/345 360/441/356 348/442/346
f 360/441/356 337/423/55 348/442/346
f 361/443/79 350/424/347 349/421/67
f 350/424/347 363/444/358 351/445/348
f 351/445/348 364/446/359 352/426/349
f 364/446/359 353/429/350 352/426/349
f 353/429/350 366/447/361 354/431/351
f 366/447/361 355/448/61 354/431/351
f 367/449/73 356/434/352 355/450/61
f 368/451/362 357/436/353 356/434/352
f 369/452/363 358/438/354 357/436/353
f 370/453/364 359/454/355 358/438/354
f 371/455/365 360/441/356 359/454/355
f 372/456/366 349/421/67 360/441/356
f 373/457/91 362/458/357 361/443/79
f 374/459/367 363/444/358 362/458/357
f 375/460/368 364/446/359 363/444/358
f 376/461/369 365/462/360 364/446/359
f 365/462/360 378/463/371 366/447/361
f 366/447/361 379/464/85 367/465/73
f 379/466/85 368/451/362 367/449/73
f 380/467/372 369/452/363 368/451/362
f 381/468/373 370/453/364 369/452/363
f 370/453/364 383/469/375 371/455/365
f 371/455/365 384/470/376 372/456/366
f 372/456/366 373/457/91 361/443/79
f 385/471/103 374/459/367 373/457/91
f 374/459/367 387/472/378 375/460/368
f 375/460/368 388/473/379 376/461/369
f 376/461/369 389/474/380 377/475/370
f 389/474/380 378/463/371 377/475/370
f 378/463/371 391/476/97 379/464/85
f 391/477/97 380/467/372 379/466/85
f 380/467/372 393/478/383 381/468/373
f 393/478/383 382/479/374 381/468/373
f 394/480/384 383/469/375 382/479/374
f 395/481/385 384/470/376 383/469/375
f 396/482/386 373/457/91 384/470/376
f 397/483/115 386/484/377 385/471/103
f 398/485/387 387/472/378 386/484/377
f 399/486/388 388/473/379 387/472/378
f 400/487/389 389/474/380 388/473/379
f 401/488/390 390/489/381 389/474/380
f 402/490/391 391/476/97 390/489/381
f 403/491/109 392/492/382 391/477/97
f 392/492/382 405/493/393 393/478/383
f 393/478/383 406/494/394 394/480/384
f 406/494/394 395/481/385 394/480/384
f 407/495/395 396/482/386 395/481/385
f 396/482/386 397/483/115 385/471/103
f 409/496/127 398/485/387 397/483/115
f 398/485/387 411/497/398 399/486/388
f 411/497/398 400/487/389 399/486/388
f 412/498/399 401/488/390 400/487/389
f 413/499/400 402/490/391 401/488/390
f 414/500/401 403/501/109 402/490/391
f 415/502/121 404/503/392 403/491/109
f 404/503/392 417/504/403 405/493/393
f 417/504/403 406/494/394 405/493/393
f 418/505/404 407/495/395 406/494/394
f 419/506/405 408/507/396 407/495/395
f 408/507/396 409/496/127 397/483/115
f 421/508/139 410/509/397 409/496/127
f 410/509/397 423/510/408 411/497/398
f 411/497/398 424/511/409 412/498/399
f 412/498/399 425/512/410 413/499/400
f 413/499/400 426/513/411 414/500/401
f 426/513/411 415/514/121 414/500/401
f 427/515/133 416/516/402 415/502/121
f 428/517/412 417/504/403 416/516/402
f 429/518/413 418/505/404 417/504/403
f 430/519/414 419/506/405 418/505/404
f 431/520/415 420/521/406 419/506/405
f 420/521/406 421/508/139 409/496/127
f 421/508/139 434/522/417 422/523/407
f 422/523/407 435/524/418 423/510/408
f 435/524/418 424/511/409 423/510/408
f 424/511/409 437/525/420 425/512/410
f 425/512/410 438/526/421 426/513/411
f 426/513/411 439/527/145 427/528/133
f 427/515/133 440/529/422 428/517/412
f 440/529/422 429/518/413 428/517/412
f 441/530/423 430/519/414 429/518/413
f 442/531/424 431/520/415 430/519/414
f 443/532/425 432/533/416 431/520/415
f 444/534/426 421/508/139 432/533/416
f 445/535/163 434/522/417 433/536/151
f 446/537/427 435/524/418 434/522/417
f 447/538/428 436/539/419 435/524/418
f 448/540/429 437/525/420 436/539/419
f 449/541/430 438/526/421 437/525/420
f 450/542/431 439/527/145 438/526/421
f 451/543/157 440/529/422 439/544/145
f 440/529/422 453/545/433 441/530/423
f 441/530/423 454/546/434 442/531/424
f 454/546/434 443/532/425 442/531/424
f 443/532/425 456/547/436 444/534/426
f 444/534/426 445/535/163 433/536/151
f 445/535/163 458/548/437 446/537/427
f 446/537/427 459/549/438 447/538/428
f 459/549/438 448/540/429 447/538/428
f 448/540/429 461/550/440 449/541/430
f 461/550/440 450/542/431 449/541/430
f 450/542/431 463/551/169 451/552/157
f 463/553/169 452/554/432 451/543/157
f 464/555/442 453/545/433 452/554/432
f 465/556/443 454/546/434 453/545/433
f 454/546/434 467/557/445 455/558/435
f 467/557/445 456/547/436 455/558/435
f 468/559/446 445/535/163 456/547/436
f 469/560/187 458/548/437 457/561/175
f 470/562/447 459/549/438 458/548/437
f 459/549/438 472/563/449 460/564/439
f 472/563/449 461/550/440 460/564/439
f 473/565/450 462/566/441 461/550/440
f 462/566/441 475/567/181 463/551/169
f 475/568/181 464/555/442 463/553/169
f 476/569/452 465/556/443 464/555/442
f 465/556/443 478/570/454 466/571/444
f 478/570/454 467/557/445 466/571/444
f 479/572/455 468/559/446 467/557/445
f 468/559/446 469/560/187 457/561/175
f 481/573/199 470/562/447 469/560/187
f 482/574/457 471/575/448 470/562/447
f 483/576/458 472/563/449 471/575/448
f 472/563/449 485/577/460 473/565/450
f 485/577/460 474/578/451 473/565/450
f 486/579/461 475/567/181 474/578/451
f 475/568/181 488/580/462 476/569/452
f 488/580/462 477/581/453 476/569/452
f 489/582/463 478/570/454 477/581/453
f 490/583/464 479/572/455 478/570/454
f 479/572/455 492/584/466 480/585/456
f 492/584/466 469/560/187 480/585/456
f 493/586/211 482/574/457 481/573/199
f 494/587/467 483/576/458 482/574/457
f 483/576/458 496/588/469 484/589/459
f 496/588/469 485/577/460 484/589/459
f 497/590/470 486/579/461 485/577/460
f 498/591/471 487/592/193 486/579/461
f 499/593/205 488/580/462 487/594/193
f 488/580/462 501/595/473 489/582/463
f 501/595/473 490/583/464 489/582/463
f 502/596/474 491/597/465 490/583/464
f 491/597/465 504/598/476 492/584/466
f 504/598/476 481/573/199 492/584/466
f 505/599/223 494/587/467 493/586/211
f 506/600/477 495/601/468 494/587/467
f 507/602/478 496/588/469 495/601/468
f 508/603/479 497/590/470 496/588/469
f 509/604/480 498/591/471 497/590/470
f 510/605/481 499/606/205 498/591/471
f 499/593/205 512/607/482 500/608/472
f 512/607/482 501/595/473 500/608/472
f 501/595/473 514/609/484 502/596/474
f 514/609/484 503/610/475 502/596/474
f 503/610/475 516/611/486 504/598/476
f 504/598/476 505/599/223 493/586/211
f 505/599/223 518/612/487 506/600/477
f 518/612/487 507/602/478 506/600/477
f 519/613/488 508/603/479 507/602/478
f 508/603/479 521/614/490 509/604/480
f 521/614/490 510/605/481 509/604/480
f 522/615/491 511/616/217 510/605/481
f 523/617/229 512/607/482 511/618/217
f 524/619/492 513/620/483 512/607/482
f 525/621/493 514/609/484 513/620/483
f 514/609/484 527/622/495 515/623/485
f 515/623/485 528/624/496 516/611/486
f 528/624/496 505/599/223 516/611/486
f 529/625/247 518/612/487 517/626/235
f 518/612/487 531/627/498 519/613/488
f 519/613/488 532/628/499 520/629/489
f 520/629/489 533/630/500 521/614/490
f 533/630/500 522/615/491 521/614/490
f 534/631/501 523/632/229 522/615/491
f 535/633/241 524/619/492 523/617/229
f 536/634/502 525/621/493 524/619/492
f 537/635/503 526/636/494 525/621/493
f 538/637/504 527/622/495 526/636/494
f 539/638/505 528/624/496 527/622/495
f 540/639/506 517/626/235 528/624/496
f 529/625/247 542/640/507 530/641/497
f 542/640/507 531/627/498 530/641/497
f 543/642/508 532/628/499 531/627/498
f 544/643/509 533/630/500 532/628/499
f 545/644/510 534/631/501 533/630/500
f 546/645/511 535/646/241 534/631/501
f 535/633/241 548/647/512 536/634/502
f 548/647/512 537/635/503 536/634/502
f 537/635/503 550/648/514 538/637/504
f 538/637/504 551/649/515 539/638/505
f 551/649/515 540/639/506 539/638/505
f 552/650/516 529/625/247 540/639/506
f 541/651/259 554/652/517 542/640/507
f 554/652/517 543/642/508 542/640/507
f 543/642/508 556/653/519 544/643/509
f 544/643/509 557/654/520 545/644/510
f 557/654/520 546/645/511 545/644/510
f 546/645/511 559/655/265 547/656/253
f 559/657/265 548/647/512 547/658/253
f 560/659/522 549/660/513 548/647/512
f 561/661/523 550/648/514 549/660/513
f 562/662/524 551/649/515 550/648/514
f 563/663/525 552/650/516 551/649/515
f 564/664/526 541/651/259 552/650/516
f 553/665/271 566/666/527 554/652/517
f 566/666/527 555/667/518 554/652/517
f 555/667/518 568/668/529 556/653/519
f 556/653/519 569/669/530 557/654/520
f 569/669/530 558/670/521 557/654/520
f 570/671/531 559/655/265 558/670/521
f 571/672/277 560/659/522 559/657/265
f 560/659/522 573/673/533 561/661/523
f 573/673/533 562/662/524 561/661/523
f 574/674/534 563/663/525 562/662/524
f 563/663/525 576/675/536 564/664/526
f 576/675/536 553/665/271 564/664/526
f 577/676/295 566/666/527 565/677/283
f 578/678/537 567/679/528 566/666/527
f 579/680/538 568/668/529 567/679/528
f 568/668/529 581/681/540 569/669/530
f 581/681/540 570/671/531 569/669/530
f 582/682/541 571/683/277 570/671/531
f 583/684/289 572/685/532 571/672/277
f 584/686/542 573/673/533 572/685/532
f 585/687/543 574/674/534 573/673/533
f 574/674/534 587/688/545 575/689/535
f 575/689/535 588/690/546 576/675/536
f 576/675/536 577/676/295 565/677/283
f 589/691/307 578/678/537 577/676/295
f 578/678/537 591/692/548 579/680/538
f 579/680/538 592/693/549 580/694/539
f 580/694/539 593/695/550 581/681/540
f 593/695/550 582/682/541 581/681/540
f 594/696/551 583/697/289 582/682/541
f 595/698/301 584/686/542 583/684/289
f 596/699/552 585/687/543 584/686/542
f 597/700/553 586/701/544 585/687/543
f 598/702/554 587/688/545 586/701/544
f 599/703/555 588/690/546 587/688/545
f 600/704/556 577/676/295 588/690/546
f 601/705/319 590/706/547 589/691/307
f 602/707/557 591/692/548 590/706/547
f 603/708/558 592/693/549 591/692/548
f 604/709/559 593/695/550 592/693/549
f 605/710/560 594/696/551 593/695/550
f 606/711/561 595/712/301 594/696/551
f 607/713/313 596/699/552 595/698/301
f 596/699/552 609/714/563 597/700/553
f 597/700/553 610/715/564 598/702/554
f 610/715/564 599/703/555 598/702/554
f 599/703/555 612/716/566 600/704/556
f 600/704/556 601/705/319 589/691/307
f 601/705/319 614/717/567 602/707/557
f 614/717/567 603/708/558 602/707/557
f 603/708/558 616/718/569 604/709/559
f 604/709/559 617/719/570 605/710/560
f 605/710/560 618/720/571 606/711/561
f 606/711/561 619/721/325 607/722/313
f 619/723/325 608/724/562 607/713/313
f 620/725/572 609/714/563 608/724/562
f 621/726/573 610/715/564 609/714/563
f 622/727/574 611/728/565 610/715/564
f 623/729/575 612/716/566 611/728/565
f 624/730/576 601/705/319 612/716/566
f 49/101/49 614/717/567 613/731/331
f 50/100/50 615/732/568 614/717/567
f 51/103/51 616/718/569 615/732/568
f 52/105/52 617/719/570 616/718/569
f 617/719/570 54/108/54 618/720/571
f 54/108/54 619/721/325 618/720/571
f 619/723/325 56/112/56 620/725/572
f 56/112/56 621/726/573 620/725/572
f 621/726/573 58/116/58 622/727/574
f 58/116/58 623/729/575 622/727/574
f 623/729/575 60/120/60 624/730/576
f 60/120/60 613/731/331 624/730/576
f 61/99/61 62/123/62 50/100/50
f 50/100/50 62/123/62 63/102/63
f 51/103/51 63/102/63 64/104/64
f 52/105/52 64/104/64 65/106/65
f 65/106/65 66/128/66 54/108/54
f 54/108/54 66/128/66 67/109/67
f 67/111/67 68/131/68 56/112/56
f 56/112/56 68/131/68 69/114/69
f 69/114/69 70/117/70 58/116/58
f 70/117/70 71/119/71 59/118/59
f 71/119/71 72/121/72 60/120/60
f 72/121/72 61/99/61 49/101/49
f 73/122/73 74/124/74 62/123/62
f 74/124/74 75/125/75 63/102/63
f 75/125/75 76/126/76 64/104/64
f 76/126/76 77/127/77 65/106/65
f 77/127/77 78/129/78 66/128/66
f 78/129/78 79/140/79 67/109/67
f 67/111/67 79/142/79 80/130/80
f 68/131/68 80/130/80 81/132/81
f 69/114/69 81/132/81 82/133/82
f 70/117/70 82/133/82 83/134/83
f 71/119/71 83/134/83 84/135/84
f 72/121/72 84/135/84 73/122/73
f 85/136/85 86/137/86 74/124/74
f 86/137/86 87/149/87 75/125/75
f 75/125/75 87/149/87 88/138/88
f 88/138/88 89/152/89 77/127/77
f 77/127/77 89/152/89 90/139/90
f 90/139/90 91/154/91 79/140/79
f 91/141/91 92/143/92 80/130/80
f 92/143/92 93/144/93 81/132/81
f 93/144/93 94/145/94 82/133/82
f 94/145/94 95/158/95 83/134/83
f 83/134/83 95/158/95 96/146/96
f 84/135/84 96/146/96 85/136/85
f 97/147/97 98/148/98 86/137/86
f 98/148/98 99/150/99 87/149/87
f 99/150/99 100/162/100 88/138/88
f 88/138/88 100/162/100 101/151/101
f 101/151/101 102/153/102 90/139/90
f 102/153/102 103/165/103 91/154/91
f 91/141/91 103/167/103 104/155/104
f 92/143/92 104/155/104 105/156/105
f 105/156/105 106/170/106 94/145/94
f 94/145/94 106/170/106 107/157/107
f 107/157/107 108/172/108 96/146/96
f 96/146/96 108/172/108 97/147/97
f 97/147/97 109/175/109 110/159/110
f 98/148/98 110/159/110 111/160/111
f 99/150/99 111/160/111 112/161/112
f 112/161/112 113/163/113 101/151/101
f 113/163/113 114/164/114 102/153/102
f 114/164/114 115/179/115 103/165/103
f 115/166/115 116/168/116 104/155/104
f 116/168/116 117/181/117 105/156/105
f 105/156/105 117/181/117 118/169/118
f 118/169/118 119/171/119 107/157/107
f 119/171/119 120/173/120 108/172/108
f 120/173/120 109/175/109 97/147/97
f 121/174/121 122/185/122 110/159/110
f 110/159/110 122/185/122 123/176/123
f 123/176/123 124/177/124 112/161/112
f 124/177/124 125/188/125 113/163/113
f 113/163/113 125/188/125 126/178/126
f 126/178/126 127/190/127 115/179/115
f 115/166/115 127/191/127 128/180/128
f 128/180/128 129/194/129 117/181/117
f 117/181/117 129/194/129 130/182/130
f 118/169/118 130/182/130 131/183/131
f 131/183/131 132/197/132 120/173/120
f 120/173/120 132/197/132 121/174/121
f 121/174/121 133/200/133 134/184/134
f 134/184/134 135/186/135 123/176/123
f 135/186/135 136/187/136 124/177/124
f 136/187/136 137/204/137 125/188/125
f 125/188/125 137/204/137 138/189/138
f 138/189/138 139/206/139 127/190/127
f 127/191/127 139/208/139 140/192/140
f 128/180/128 140/192/140 141/193/141
f 129/194/129 141/193/141 142/195/142
f 130/182/130 142/195/142 143/196/143
f 143/196/143 144/198/144 132/197/132
f 144/198/144 133/200/133 121/174/121
f 145/199/145 146/215/146 134/184/134
f 134/184/134 146/215/146 147/201/147
f 135/186/135 147/201/147 148/202/148
f 136/187/136 148/202/148 149/203/149
f 149/203/149 150/205/150 138/189/138
f 150/205/150 151/220/151 139/206/139
f 151/207/151 152/209/152 140/192/140
f 152/209/152 153/210/153 141/193/141
f 153/210/153 154/211/154 142/195/142
f 154/211/154 155/212/155 143/196/143
f 155/212/155 156/213/156 144/198/144
f 156/213/156 145/199/145 133/200/133
f 157/214/157 158/216/158 146/215/146
f 158/216/158 159/217/159 147/201/147
f 159/217/159 160/227/160 148/202/148
f 148/202/148 160/227/160 161/218/161
f 161/218/161 162/219/162 150/205/150
f 162/219/162 163/231/163 151/220/151
f 151/207/151 163/232/163 164/221/164
f 152/209/152 164/221/164 165/222/165
f 165/222/165 166/235/166 154/211/154
f 154/211/154 166/235/166 167/223/167
f 155/212/155 167/223/167 168/224/168
f 168/224/168 157/214/157 145/199/145
f 169/225/169 170/238/170 158/216/158
f 158/216/158 170/238/170 171/226/171
f 171/226/171 172/228/172 160/227/160
f 172/228/172 173/229/173 161/218/161
f 173/229/173 174/230/174 162/219/162
f 174/230/174 175/243/175 163/231/163
f 163/232/163 175/245/175 176/233/176
f 176/233/176 177/247/177 165/222/165
f 165/222/165 177/247/177 178/234/178
f 178/234/178 179/236/179 167/223/167
f 179/236/179 180/251/180 168/224/168
f 168/224/168 180/251/180 169/225/169
f 181/237/181 182/239/182 170/238/170
f 182/239/182 183/240/183 171/226/171
f 183/240/183 184/241/184 172/228/172
f 184/241/184 185/255/185 173/229/173
f 173/229/173 185/255/185 186/242/186
f 186/242/186 187/257/187 175/243/175
f 187/244/187 188/246/188 176/233/176
f 188/246/188 189/248/189 177/247/177
f 189/248/189 190/260/190 178/234/178
f 178/234/178 190/260/190 191/249/191
f 179/236/179 191/249/191 192/250/192
f 180/251/180 192/250/192 181/237/181
f 193/252/193 194/264/194 182/239/182
f 182/239/182 194/264/194 195/253/195
f 195/253/195 196/254/196 184/241/184
f 196/254/196 197/267/197 185/255/185
f 185/255/185 197/267/197 198/256/198
f 198/256/198 199/270/199 187/257/187
f 187/244/187 199/271/199 200/258/200
f 200/258/200 201/259/201 189/248/189
f 201/259/201 202/274/202 190/260/190
f 190/260/190 202/274/202 203/261/203
f 203/261/203 204/262/204 192/250/192
f 204/262/204 193/252/193 181/237/181
f 205/263/205 206/265/206 194/264/194
f 206/265/206 207/279/207 195/253/195
f 195/253/195 207/279/207 208/266/208
f 208/266/208 209/268/209 197/267/197
f 209/268/209 210/269/210 198/256/198
f 210/269/210 211/283/211 199/270/199
f 199/271/199 211/284/211 212/272/212
f 200/258/200 212/272/212 213/273/213
f 213/273/213 214/275/214 202/274/202
f 214/275/214 215/287/215 203/261/203
f 203/261/203 215/287/215 216/276/216
f 204/262/204 216/276/216 205/263/205
f 217/277/217 218/278/218 206/265/206
f 218/278/218 219/291/219 207/279/207
f 207/279/207 219/291/219 220/280/220
f 208/266/208 220/280/220 221/281/221
f 209/268/209 221/281/221 222/282/222
f 222/282/222 223/296/223 211/283/211
f 211/284/211 223/298/223 224/285/224
f 224/285/224 225/300/225 213/273/213
f 213/273/213 225/300/225 226/286/226
f 226/286/226 227/288/227 215/287/215
f 227/288/227 228/289/228 216/276/216
f 228/289/228 217/277/217 205/263/205
f 217/277/217 229/304/229 230/290/230
f 230/290/230 231/292/231 219/291/219
f 231/292/231 232/293/232 220/280/220
f 232/293/232 233/294/233 221/281/221
f 233/294/233 234/309/234 222/282/222
f 222/282/222 234/309/234 235/295/235
f 235/297/235 236/299/236 224/285/224
f 236/299/236 237/312/237 225/300/225
f 225/300/225 237/312/237 238/301/238
f 226/286/226 238/301/238 239/302/239
f 239/302/239 240/303/240 228/289/228
f 240/303/240 229/304/229 217/277/217
f 229/304/229 241/317/241 242/305/242
f 230/290/230 242/305/242 243/306/243
f 243/306/243 244/320/244 232/293/232
f 232/293/232 244/320/244 245/307/245
f 233/294/233 245/307/245 246/308/246
f 246/308/246 247/323/247 235/295/235
f 247/310/247 248/311/248 236/299/236
f 248/311/248 249/313/249 237/312/237
f 249/313/249 250/327/250 238/301/238
f 238/301/238 250/327/250 251/314/251
f 251/314/251 252/315/252 240/303/240
f 252/315/252 241/317/241 229/304/229
f 253/316/253 254/318/254 242/305/242
f 254/318/254 255/330/255 243/306/243
f 243/306/243 255/330/255 256/319/256
f 256/319/256 257/321/257 245/307/245
f 257/321/257 258/322/258 246/308/246
f 258/322/258 259/334/259 247/323/247
f 259/324/259 260/336/260 248/311/248
f 248/311/248 260/336/260 261/325/261
f 249/313/249 261/325/261 262/326/262
f 262/326/262 263/340/263 251/314/251
f 251/314/251 263/340/263 264/328/264
f 252/315/252 264/328/264 253/316/253
f 253/316/253 265/343/265 266/329/266
f 266/329/266 267/345/267 255/330/255
f 255/330/255 267/345/267 268/331/268
f 268/331/268 269/332/269 257/321/257
f 269/332/269 270/348/270 258/322/258
f 258/322/258 270/348/270 271/333/271
f 271/335/271 272/337/272 260/336/260
f 272/337/272 273/338/273 261/325/261
f 273/338/273 274/339/274 262/326/262
f 274/339/274 275/341/275 263/340/263
f 275/341/275 276/342/276 264/328/264
f 276/342/276 265/343/265 253/316/253
f 265/343/265 277/355/277 278/344/278
f 278/344/278 279/357/279 267/345/267
f 267/345/267 279/357/279 280/346/280
f 280/346/280 281/359/281 269/332/269
f 269/332/269 281/359/281 282/347/282
f 282/347/282 283/362/283 271/333/271
f 283/349/283 284/350/284 272/337/272
f 284/350/284 285/351/285 273/338/273
f 285/351/285 286/352/286 274/339/274
f 286/352/286 287/366/287 275/341/275
f 275/341/275 287/366/287 288/353/288
f 288/353/288 277/355/277 265/343/265
f 289/354/289 290/370/290 278/344/278
f 278/344/278 290/370/290 291/356/291
f 279/357/279 291/356/291 292/358/292
f 292/358/292 293/360/293 281/359/281
f 293/360/293 294/361/294 282/347/282
f 294/361/294 295/375/295 283/362/283
f 295/363/295 296/377/296 284/350/284
f 284/350/284 296/377/296 297/364/297
f 285/351/285 297/364/297 298/365/298
f 298/365/298 299/367/299 287/366/287
f 299/367/299 300/368/300 288/353/288
f 300/368/300 289/354/289 277/355/277
f 301/369/301 302/371/302 290/370/290
f 302/371/302 303/383/303 291/356/291
f 291/356/291 303/383/303 304/372/304
f 304/372/304 305/373/305 293/360/293
f 305/373/305 306/374/306 294/361/294
f 306/374/306 307/386/307 295/375/295
f 307/376/307 308/388/308 296/377/296
f 296/377/296 308/388/308 309/378/309
f 297/364/297 309/378/309 310/379/310
f 310/379/310 311/391/311 299/367/299
f 299/367/299 311/391/311 312/380/312
f 300/368/300 312/380/312 301/369/301
f 313/381/313 314/394/314 302/371/302
f 302/371/302 314/394/314 315/382/315
f 303/383/303 315/382/315 316/384/316
f 316/384/316 317/397/317 305/373/305
f 305/373/305 317/397/317 318/385/318
f 318/385/318 319/400/319 307/386/307
f 307/376/307 319/401/319 320/387/320
f 320/387/320 321/389/321 309/378/309
f 321/389/321 322/390/322 310/379/310
f 322/390/322 323/405/323 311/391/311
f 311/391/311 323/405/323 324/392/324
f 312/380/312 324/392/324 313/381/313
f 313/381/313 325/408/325 326/393/326
f 326/393/326 327/395/327 315/382/315
f 327/395/327 328/396/328 316/384/316
f 328/396/328 329/398/329 317/397/317
f 329/398/329 330/399/330 318/385/318
f 330/399/330 331/413/331 319/400/319
f 319/401/319 331/415/331 332/402/332
f 320/387/320 332/402/332 333/403/333
f 333/403/333 334/418/334 322/390/322
f 322/390/322 334/418/334 335/404/335
f 323/405/323 335/404/335 336/406/336
f 336/406/336 325/408/325 313/381/313
f 337/407/55 338/733/337 326/393/326
f 326/393/326 338/733/337 339/409/338
f 339/409/338 340/410/339 328/396/328
f 340/410/339 341/411/340 329/398/329
f 341/411/340 342/734/341 330/399/330
f 330/399/330 342/734/341 343/412/49
f 343/414/49 344/416/342 332/402/332
f 344/416/342 345/735/343 333/403/333
f 333/403/333 345/735/343 346/417/344
f 334/418/334 346/417/344 347/419/345
f 347/419/345 348/420/346 336/406/336
f 348/420/346 337/407/55 325/408/325
f 349/421/67 350/424/347 338/422/337
f 350/424/347 351/445/348 339/425/338
f 339/425/338 351/445/348 352/426/349
f 352/426/349 353/429/350 341/428/340
f 353/429/350 354/431/351 342/430/341
f 354/431/351 355/448/61 343/432/49
f 343/433/49 355/450/61 356/434/352
f 344/435/342 356/434/352 357/436/353
f 345/437/343 357/436/353 358/438/354
f 358/438/354 359/454/355 347/440/345
f 347/440/345 359/454/355 360/441/356
f 360/441/356 349/421/67 337/423/55
f 361/443/79 362/458/357 350/424/347
f 350/424/347 362/458/357 363/444/358
f 351/445/348 363/444/358 364/446/359
f 364/446/359 365/462/360 353/429/350
f 353/429/350 365/462/360 366/447/361
f 366/447/361 367/465/73 355/448/61
f 367/449/73 368/451/362 356/434/352
f 368/451/362 369/452/363 357/436/353
f 369/452/363 370/453/364 358/438/354
f 370/453/364 371/455/365 359/454/355
f 371/455/365 372/456/366 360/441/356
f 372/456/366 361/443/79 349/421/67
f 373/457/91 374/459/367 362/458/357
f 374/459/367 375/460/368 363/444/358
f 375/460/368 376/461/369 364/446/359
f 376/461/369 377/475/370 365/462/360
f 365/462/360 377/475/370 378/463/371
f 366/447/361 378/463/371 379/464/85
f 379/466/85 380/467/372 368/451/362
f 380/467/372 381/468/373 369/452/363
f 381/468/373 382/479/374 370/453/364
f 370/453/364 382/479/374 383/469/375
f 371/455/365 383/469/375 384/470/376
f 372/456/366 384/470/376 373/457/91
f 385/471/103 386/484/377 374/459/367
f 374/459/367 386/484/377 387/472/378
f 375/460/368 387/472/378 388/473/379
f 376/461/369 388/473/379 389/474/380
f 389/474/380 390/489/381 378/463/371
f 378/463/371 390/489/381 391/476/97
f 391/477/97 392/492/382 380/467/372
f 380/467/372 392/492/382 393/478/383
f 393/478/383 394/480/384 382/479/374
f 394/480/384 395/481/385 383/469/375
f 395/481/385 396/482/386 384/470/376
f 396/482/386 385/471/103 373/457/91
f 397/483/115 398/485/387 386/484/377
f 398/485/387 399/486/388 387/472/378
f 399/486/388 400/487/389 388/473/379
f 400/487/389 401/488/390 389/474/380
f 401/488/390 402/490/391 390/489/381
f 402/490/391 403/501/109 391/476/97
f 403/491/109 404/503/392 392/492/382
f 392/492/382 404/503/392 405/493/393
f 393/478/383 405/493/393 406/494/394
f 406/494/394 407/495/395 395/481/385
f 407/495/395 408/507/396 396/482/386
f 396/482/386 408/507/396 397/483/115
f 409/496/127 410/509/397 398/485/387
f 398/485/387 410/509/397 411/497/398
f 411/497/398 412/498/399 400/487/389
f 412/498/399 413/499/400 401/488/390
f 413/499/400 414/500/401 402/490/391
f 414/500/401 415/514/121 403/501/109
f 415/502/121 416/516/402 404/503/392
f 404/503/392 416/516/402 417/504/403
f 417/504/403 418/505/404 406/494/394
f 418/505/404 419/506/405 407/495/395
f 419/506/405 420/521/406 408/507/396
f 408/507/396 420/521/406 409/496/127
f 421/508/139 422/523/407 410/509/397
f 410/509/397 422/523/407 423/510/408
f 411/497/398 423/510/408 424/511/409
f 412/498/399 424/511/409 425/512/410
f 413/499/400 425/512/410 426/513/411
f 426/513/411 427/528/133 415/514/121
f 427/515/133 428/517/412 416/516/402
f 428/517/412 429/518/413 417/504/403
f 429/518/413 430/519/414 418/505/404
f 430/519/414 431/520/415 419/506/405
f 431/520/415 432/533/416 420/521/406
f 420/521/406 432/533/416 421/508/139
f 421/508/139 433/536/151 434/522/417
f 422/523/407 434/522/417 435/524/418
f 435/524/418 436/539/419 424/511/409
f 424/511/409 436/539/419 437/525/420
f 425/512/410 437/525/420 438/526/421
f 426/513/411 438/526/421 439/527/145
f 427/515/133 439/544/145 440/529/422
f 440/529/422 441/530/423 429/518/413
f 441/530/423 442/531/424 430/519/414
f 442/531/424 443/532/425 431/520/415
f 443/532/425 444/534/426 432/533/416
f 444/534/426 433/536/151 421/508/139
f 445/535/163 446/537/427 434/522/417
f 446/537/427 447/538/428 435/524/418
f 447/538/428 448/540/429 436/539/419
f 448/540/429 449/541/430 437/525/420
f 449/541/430 450/542/431 438/526/421
f 450/542/431 451/552/157 439/527/145
f 451/543/157 452/554/432 440/529/422
f 440/529/422 452/554/432 453/545/433
f 441/530/423 453/545/433 454/546/434
f 454/546/434 455/558/435 443/532/425
f 443/532/425 455/558/435 456/547/436
f 444/534/426 456/547/436 445/535/163
f 445/535/163 457/561/175 458/548/437
f 446/537/427 458/548/437 459/549/438
f 459/549/438 460/564/439 448/540/429
f 448/540/429 460/564/439 461/550/440
f 461/550/440 462/566/441 450/542/431
f 450/542/431 462/566/441 463/551/169
f 463/553/169 464/555/442 452/554/432
f 464/555/442 465/556/443 453/545/433
f 465/556/443 466/571/444 454/546/434
f 454/546/434 466/571/444 467/557/445
f 467/557/445 468/559/446 456/547/436
f 468/559/446 457/561/175 445/535/163
f 469/560/187 470/562/447 458/548/437
f 470/562/447 471/575/448 459/549/438
f 459/549/438 471/575/448 472/563/449
f 472/563/449 473/565/450 461/550/440
f 473/565/450 474/578/451 462/566/441
f 462/566/441 474/578/451 475/567/181
f 475/568/181 476/569/452 464/555/442
f 476/569/452 477/581/453 465/556/443
f 465/556/443 477/581/453 478/570/454
f 478/570/454 479/572/455 467/557/445
f 479/572/455 480/585/456 468/559/446
f 468/559/446 480/585/456 469/560/187
f 481/573/199 482/574/457 470/562/447
f 482/574/457 483/576/458 471/575/448
f 483/576/458 484/589/459 472/563/449
f 472/563/449 484/589/459 485/577/460
f 485/577/460 486/579/461 474/578/451
f 486/579/461 487/592/193 475/567/181
f 475/568/181 487/594/193 488/580/462
f 488/580/462 489/582/463 477/581/453
f 489/582/463 490/583/464 478/570/454
f 490/583/464 491/597/465 479/572/455
f 479/572/455 491/597/465 492/584/466
f 492/584/466 481/573/199 469/560/187
f 493/586/211 494/587/467 482/574/457
f 494/587/467 495/601/468 483/576/458
f 483/576/458 495/601/468 496/588/469
f 496/588/469 497/590/470 485/577/460
f 497/590/470 498/591/471 486/579/461
f 498/591/471 499/606/205 487/592/193
f 499/593/205 500/608/472 488/580/462
f 488/580/462 500/608/472 501/595/473
f 501/595/473 502/596/474 490/583/464
f 502/596/474 503/610/475 491/597/465
f 491/597/465 503/610/475 504/598/476
f 504/598/476 493/586/211 481/573/199
f 505/599/223 506/600/477 494/587/467
f 506/600/477 507/602/478 495/601/468
f 507/602/478 508/603/479 496/588/469
f 508/603/479 509/604/480 497/590/470
f 509/604/480 510/605/481 498/591/471
f 510/605/481 511/616/217 499/606/205
f 499/593/205 511/618/217 512/607/482
f 512/607/482 513/620/483 501/595/473
f 501/595/473 513/620/483 514/609/484
f 514/609/484 515/623/485 503/610/475
f 503/610/475 515/623/485 516/611/486
f 504/598/476 516/611/486 505/599/223
f 505/599/223 517/626/235 518/612/487
f 518/612/487 519/613/488 507/602/478
f 519/613/488 520/629/489 508/603/479
f 508/603/479 520/629/489 521/614/490
f 521/614/490 522/615/491 510/605/481
f 522/615/491 523/632/229 511/616/217
f 523/617/229 524/619/492 512/607/482
f 524/619/492 525/621/493 513/620/483
f 525/621/493 526/636/494 514/609/484
f 514/609/484 526/636/494 527/622/495
f 515/623/485 527/622/495 528/624/496
f 528/624/496 517/626/235 505/599/223
f 529/625/247 530/641/497 518/612/487
f 518/612/487 530/641/497 531/627/498
f 519/613/488 531/627/498 532/628/499
f 520/629/489 532/628/499 533/630/500
f 533/630/500 534/631/501 522/615/491
f 534/631/501 535/646/241 523/632/229
f 535/633/241 536/634/502 524/619/492
f 536/634/502 537/635/503 525/621/493
f 537/635/503 538/637/504 526/636/494
f 538/637/504 539/638/505 527/622/495
f 539/638/505 540/639/506 528/624/496
f 540/639/506 529/625/247 517/626/235
f 529/625/247 541/651/259 542/640/507
f 542/640/507 543/642/508 531/627/498
f 543/642/508 544/643/509 532/628/499
f 544/643/509 545/644/510 533/630/500
f 545/644/510 546/645/511 534/631/501
f 546/645/511 547/656/253 535/646/241
f 535/633/241 547/658/253 548/647/512
f 548/647/512 549/660/513 537/635/503
f 537/635/503 549/660/513 550/648/514
f 538/637/504 550/648/514 551/649/515
f 551/649/515 552/650/516 540/639/506
f 552/650/516 541/651/259 529/625/247
f 541/651/259 553/665/271 554/652/517
f 554/652/517 555/667/518 543/642/508
f 543/642/508 555/667/518 556/653/519
f 544/643/509 556/653/519 557/654/520
f 557/654/520 558/670/521 546/645/511
f 546/645/511 558/670/521 559/655/265
f 559/657/265 560/659/522 548/647/512
f 560/659/522 561/661/523 549/660/513
f 561/661/523 562/662/524 550/648/514
f 562/662/524 563/663/525 551/649/515
f 563/663/525 564/664/526 552/650/516
f 564/664/526 553/665/271 541/651/259
f 553/665/271 565/677/283 566/666/527
f 566/666/527 567/679/528 555/667/518
f 555/667/518 567/679/528 568/668/529
f 556/653/519 568/668/529 569/669/530
f 569/669/530 570/671/531 558/670/521
f 570/671/531 571/683/277 559/655/265
f 571/672/277 572/685/532 560/659/522
f 560/659/522 572/685/532 573/673/533
f 573/673/533 574/674/534 562/662/524
f 574/674/534 575/689/535 563/663/525
f 563/663/525 575/689/535 576/675/536
f 576/675/536 565/677/283 553/665/271
f 577/676/295 578/678/537 566/666/527
f 578/678/537 579/680/538 567/679/528
f 579/680/538 580/694/539 568/668/529
f 568/668/529 580/694/539 581/681/540
f 581/681/540 582/682/541 570/671/531
f 582/682/541 583/697/289 571/683/277
f 583/684/289 584/686/542 572/685/532
f 584/686/542 585/687/543 573/673/533
f 585/687/543 586/701/544 574/674/534
f 574/674/534 586/701/544 587/688/545
f 575/689/535 587/688/545 588/690/546
f 576/675/536 588/690/546 577/676/295
f 589/691/307 590/706/547 578/678/537
f 578/678/537 590/706/547 591/692/548
f 579/680/538 591/692/548 592/693/549
f 580/694/539 592/693/549 593/695/550
f 593/695/550 594/696/551 582/682/541
f 594/696/551 595/712/301 583/697/289
f 595/698/301 596/699/552 584/686/542
f 596/699/552 597/700/553 585/687/543
f 597/700/553 598/702/554 586/701/544
f 598/702/554 599/703/555 587/688/545
f 599/703/555 600/704/556 588/690/546
f 600/704/556 589/691/307 577/676/295
f 601/705/319 602/707/557 590/706/547
f 602/707/557 603/708/558 591/692/548
f 603/708/558 604/709/559 592/693/549
f 604/709/559 605/710/560 593/695/550
f 605/710/560 606/711/561 594/696/551
f 606/711/561 607/722/313 595/712/301
f 607/713/313 608/724/562 596/699/552
f 596/699/552 608/724/562 609/714/563
f 597/700/553 609/714/563 610/715/564
f 610/715/564 611/728/565 599/703/555
f 599/703/555 611/728/565 612/716/566
f 600/704/556 612/716/566 601/705/319
f 601/705/319 613/731/331 614/717/567
f 614/717/567 615/732/568 603/708/558
f 603/708/558 615/732/568 616/718/569
f 604/709/559 616/718/569 617/719/570
f 605/710/560 617/719/570 618/720/571
f 606/711/561 618/720/571 619/721/325
f 619/723/325 620/725/572 608/724/562
f 620/725/572 621/726/573 609/714/563
f 621/726/573 622/727/574 610/715/564
f 622/727/574 623/729/575 611/728/565
f 623/729/575 624/730/576 612/716/566
f 624/730/576 613/731/331 601/705/319
f 49/101/49 50/100/50 614/717/567
f 50/100/50 51/103/51 615/732/568
f 51/103/51 52/105/52 616/718/569
f 52/105/52 53/107/53 617/719/570
f 617/719/570 53/107/53 54/108/54
f 54/108/54 55/110/55 619/721/325
f 619/723/325 55/113/55 56/112/56
f 56/112/56 57/115/57 621/726/573
f 621/726/573 57/115/57 58/116/58
f 58/116/58 59/118/59 623/729/575
f 623/729/575 59/118/59 60/120/60
f 60/120/60 49/101/49 613/731/331
o Icosphere
v -0.280000 0.500000 2.950000
v -0.374069 0.568344 3.021861
v -0.244070 0.610584 3.021861
v -0.163725 0.500000 3.021862
v -0.244070 0.389416 3.021861
v -0.374069 0.431656 3.021861
v -0.315930 0.610584 3.138139
v -0.185931 0.568344 3.138139
v -0.185931 0.431656 3.138139
v -0.315930 0.389416 3.138139
v -0.396275 0.500000 3.138138
v -0.280000 0.500000 3.210000
v -0.249733 0.593153 2.994522
v -0.258881 0.564999 2.969415
v -0.269911 0.531051 2.954166
v -0.306414 0.519190 2.954166
v -0.335292 0.540172 2.969415
v -0.359241 0.557571 2.994523
v -0.349152 0.588623 3.014701
v -0.314173 0.605172 3.011654
v -0.276147 0.612344 3.014701
v -0.385655 0.461619 3.014701
v -0.390584 0.500000 3.011654
v -0.385655 0.538381 3.014701
v -0.306414 0.480810 2.954166
v -0.335292 0.459829 2.969415
v -0.359241 0.442429 2.994523
v -0.182053 0.500000 2.994523
v -0.211655 0.500000 2.969415
v -0.247351 0.500000 2.954167
v -0.217084 0.593153 3.014701
v -0.190535 0.565000 3.011654
v -0.171963 0.531051 3.014701
v -0.249733 0.406847 2.994522
v -0.258881 0.435001 2.969415
v -0.269911 0.468949 2.954166
v -0.171963 0.468949 3.014701
v -0.190535 0.435000 3.011654
v -0.217084 0.406847 3.014701
v -0.276147 0.387656 3.014701
v -0.314173 0.394828 3.011654
v -0.349152 0.411377 3.014701
v -0.404361 0.519190 3.112649
v -0.403638 0.540172 3.080000
v -0.391891 0.557571 3.047350
v -0.391891 0.442429 3.047350
v -0.403638 0.459828 3.080000
v -0.404361 0.480810 3.112649
v -0.300178 0.624205 3.112650
v -0.280000 0.630000 3.080000
v -0.259822 0.624205 3.047350
v -0.369331 0.588623 3.047350
v -0.356412 0.605172 3.080000
v -0.336681 0.612344 3.112650
v -0.168109 0.557571 3.112649
v -0.156362 0.540172 3.080000
v -0.155639 0.519190 3.047350
v -0.223319 0.612344 3.047350
v -0.203588 0.605172 3.080000
v -0.190669 0.588623 3.112650
v -0.190669 0.411377 3.112650
v -0.203588 0.394828 3.080000
v -0.223319 0.387656 3.047350
v -0.155639 0.480810 3.047350
v -0.156362 0.459828 3.080000
v -0.168109 0.442429 3.112649
v -0.336681 0.387656 3.112650
v -0.356412 0.394828 3.080000
v -0.369331 0.411377 3.047350
v -0.259822 0.375795 3.047350
v -0.280000 0.370000 3.080000
v -0.300178 0.375795 3.112650
v -0.388037 0.531051 3.145299
v -0.369465 0.565000 3.148346
v -0.342916 0.593153 3.145299
v -0.283853 0.612344 3.145299
v -0.245827 0.605172 3.148346
v -0.210848 0.588623 3.145299
v -0.174345 0.538381 3.145299
v -0.169416 0.500000 3.148345
v -0.174345 0.461619 3.145299
v -0.210848 0.411377 3.145299
v -0.245827 0.394828 3.148346
v -0.283853 0.387656 3.145299
v -0.342916 0.406847 3.145299
v -0.369465 0.435000 3.148346
v -0.388037 0.468949 3.145299
v -0.290089 0.531051 3.205833
v -0.301119 0.564999 3.190585
v -0.310267 0.593153 3.165478
v -0.377947 0.500000 3.165477
v -0.348345 0.500000 3.190585
v -0.312649 0.500000 3.205833
v -0.253586 0.519190 3.205833
v -0.224708 0.540172 3.190585
v -0.200759 0.557571 3.165477
v -0.253586 0.480810 3.205833
v -0.224708 0.459829 3.190585
v -0.200759 0.442429 3.165477
v -0.290089 0.468949 3.205833
v -0.301119 0.435001 3.190585
v -0.310267 0.406847 3.165478
v -0.327034 0.465828 3.196276
v -0.362965 0.465828 3.174069
v -0.338137 0.431655 3.174069
v -0.262034 0.444708 3.196276
v -0.273137 0.410536 3.174070
v -0.232966 0.423589 3.174069
v -0.221863 0.500000 3.196276
v -0.192794 0.478881 3.174069
v -0.192794 0.521119 3.174069
v -0.262034 0.555292 3.196276
v -0.232966 0.576411 3.174069
v -0.273137 0.589464 3.174070
v -0.327034 0.534172 3.196276
v -0.338137 0.568345 3.174069
v -0.362965 0.534172 3.174069
v -0.392035 0.444708 3.115932
v -0.385172 0.423588 3.080000
v -0.367207 0.410535 3.115932
v -0.262034 0.376363 3.115932
v -0.239828 0.376363 3.080000
v -0.221862 0.389416 3.115932
v -0.156862 0.478881 3.115931
v -0.150000 0.500000 3.080000
v -0.156862 0.521120 3.115932
v -0.221862 0.610584 3.115932
v -0.239828 0.623637 3.080000
v -0.262034 0.623637 3.115932
v -0.367207 0.589465 3.115932
v -0.385172 0.576412 3.080000
v -0.392035 0.555292 3.115931
v -0.320172 0.376363 3.080000
v -0.338138 0.389416 3.044068
v -0.297966 0.376363 3.044068
v -0.174828 0.423588 3.080000
v -0.192794 0.410535 3.044068
v -0.167966 0.444708 3.044068
v -0.174828 0.576412 3.080000
v -0.167966 0.555292 3.044068
v -0.192794 0.589465 3.044068
v -0.320172 0.623637 3.080000
v -0.297966 0.623637 3.044068
v -0.338138 0.610584 3.044068
v -0.410000 0.500000 3.080000
v -0.403138 0.521119 3.044068
v -0.403138 0.478881 3.044068
v -0.327034 0.423589 2.985930
v -0.297966 0.444708 2.963724
v -0.286863 0.410536 2.985930
v -0.221863 0.431655 2.985930
v -0.232966 0.465828 2.963724
v -0.197035 0.465828 2.985931
v -0.197035 0.534172 2.985931
v -0.232966 0.534172 2.963724
v -0.221863 0.568345 2.985931
v -0.367206 0.478881 2.985930
v -0.367206 0.521119 2.985931
v -0.338137 0.500000 2.963724
v -0.286863 0.589464 2.985930
v -0.297966 0.555292 2.963724
v -0.327035 0.576411 2.985930
vn -0.0000 -0.0000 -1.0000
vn -0.7236 0.5257 -0.4472
vn 0.2764 0.8506 -0.4472
vn 0.8944 -0.0000 -0.4472
vn 0.2764 -0.8506 -0.4472
vn -0.7236 -0.5257 -0.4472
vn -0.2764 0.8506 0.4472
vn 0.7236 0.5257 0.4472
vn 0.7236 -0.5257 0.4472
vn -0.2764 -0.8506 0.4472
vn -0.8944 -0.0000 0.4472
vn -0.0000 -0.0000 1.0000
vn 0.2308 0.7103 -0.6650
vn 0.1625 0.5000 -0.8507
vn 0.0806 0.2480 -0.9654
vn -0.2110 0.1533 -0.9654
vn -0.4253 0.3090 -0.8507
vn -0.6042 0.4390 -0.6650
vn -0.5237 0.6870 -0.5038
vn -0.2629 0.8090 -0.5257
vn 0.0198 0.8636 -0.5038
vn -0.8152 -0.2857 -0.5038
vn -0.8506 -0.0000 -0.5257
vn -0.8152 0.2857 -0.5038
vn -0.2110 -0.1533 -0.9654
vn -0.4253 -0.3090 -0.8507
vn -0.6042 -0.4390 -0.6650
vn 0.7469 -0.0000 -0.6650
vn 0.5257 -0.0000 -0.8507
vn 0.2608 -0.0000 -0.9654
vn 0.4915 0.7103 -0.5038
vn 0.6882 0.5000 -0.5257
vn 0.8274 0.2480 -0.5038
vn 0.2308 -0.7103 -0.6650
vn 0.1625 -0.5000 -0.8507
vn 0.0806 -0.2480 -0.9654
vn 0.8274 -0.2480 -0.5038
vn 0.6882 -0.5000 -0.5257
vn 0.4915 -0.7103 -0.5038
vn 0.0198 -0.8636 -0.5038
vn -0.2629 -0.8090 -0.5257
vn -0.5237 -0.6870 -0.5038
vn -0.9578 0.1533 0.2431
vn -0.9511 0.3090 -0.0000
vn -0.8650 0.4390 -0.2431
vn -0.8650 -0.4390 -0.2431
vn -0.9511 -0.3090 -0.0000
vn -0.9578 -0.1533 0.2431
vn -0.1502 0.9583 0.2431
vn -0.0000 1.0000 -0.0000
vn 0.1502 0.9583 -0.2431
vn -0.6848 0.6870 -0.2431
vn -0.5878 0.8090 -0.0000
vn -0.4417 0.8636 0.2431
vn 0.8650 0.4390 0.2431
vn 0.9511 0.3090 -0.0000
vn 0.9578 0.1533 -0.2431
vn 0.4417 0.8636 -0.2431
vn 0.5878 0.8090 -0.0000
vn 0.6848 0.6870 0.2431
vn 0.6848 -0.6870 0.2431
vn 0.5878 -0.8090 -0.0000
vn 0.4417 -0.8636 -0.2431
vn 0.9578 -0.1533 -0.2431
vn 0.9511 -0.3090 -0.0000
vn 0.8650 -0.4390 0.2431
vn -0.4417 -0.8636 0.2431
vn -0.5878 -0.8090 -0.0000
vn -0.6848 -0.6870 -0.2431
vn 0.1502 -0.9583 -0.2431
vn -0.0000 -1.0000 -0.0000
vn -0.1502 -0.9583 0.2431
vn -0.8274 0.2480 0.5038
vn -0.6882 0.5000 0.5257
vn -0.4915 0.7103 0.5038
vn -0.0198 0.8636 0.5038
vn 0.2629 0.8090 0.5257
vn 0.5237 0.6870 0.5038
vn 0.8152 0.2857 0.5038
vn 0.8506 -0.0000 0.5257
vn 0.8152 -0.2857 0.5038
vn 0.5237 -0.6870 0.5038
vn 0.2629 -0.8090 0.5257
vn -0.0198 -0.8636 0.5038
vn -0.4915 -0.7103 0.5038
vn -0.6882 -0.5000 0.5257
vn -0.8274 -0.2480 0.5038
vn -0.0806 0.2480 0.9654
vn -0.1625 0.5000 0.8507
vn -0.2308 0.7103 0.6650
vn -0.7469 -0.0000 0.6650
vn -0.5257 -0.0000 0.8507
vn -0.2608 -0.0000 0.9654
vn 0.2110 0.1533 0.9654
vn 0.4253 0.3090 0.8507
vn 0.6042 0.4390 0.6650
vn 0.2110 -0.1533 0.9654
vn 0.4253 -0.3090 0.8507
vn 0.6042 -0.4390 0.6650
vn -0.0806 -0.2480 0.9654
vn -0.1625 -0.5000 0.8507
vn -0.2308 -0.7103 0.6650
vn -0.3682 -0.2675 0.8904
vn -0.6317 -0.2675 0.7275
vn -0.4496 -0.5182 0.7276
vn 0.1406 -0.4329 0.8904
vn 0.0592 -0.6835 0.7276
vn 0.3539 -0.5878 0.7276
vn 0.4551 -0.0000 0.8904
vn 0.6683 -0.1549 0.7276
vn 0.6683 0.1549 0.7276
vn 0.1406 0.4329 0.8904
vn 0.3539 0.5878 0.7276
vn 0.0592 0.6835 0.7276
vn -0.3682 0.2675 0.8904
vn -0.4496 0.5182 0.7276
vn -0.6317 0.2675 0.7275
vn -0.8593 -0.4329 0.2724
vn -0.8090 -0.5878 0.0089
vn -0.6772 -0.6835 0.2724
vn 0.1461 -0.9510 0.2724
vn 0.3090 -0.9510 0.0089
vn 0.4408 -0.8553 0.2724
vn 0.9496 -0.1549 0.2724
vn 1.0000 -0.0000 0.0089
vn 0.9496 0.1549 0.2724
vn 0.4408 0.8553 0.2724
vn 0.3090 0.9510 0.0089
vn 0.1461 0.9510 0.2724
vn -0.6772 0.6835 0.2724
vn -0.8090 0.5878 0.0089
vn -0.8593 0.4329 0.2724
vn -0.3090 -0.9510 -0.0089
vn -0.4408 -0.8553 -0.2724
vn -0.1461 -0.9510 -0.2724
vn 0.8090 -0.5878 -0.0089
vn 0.6772 -0.6835 -0.2724
vn 0.8593 -0.4329 -0.2724
vn 0.8090 0.5878 -0.0089
vn 0.8593 0.4329 -0.2724
vn 0.6772 0.6835 -0.2724
vn -0.3090 0.9510 -0.0089
vn -0.1461 0.9510 -0.2724
vn -0.4408 0.8553 -0.2724
vn -1.0000 -0.0000 -0.0089
vn -0.9496 0.1549 -0.2724
vn -0.9496 -0.1549 -0.2724
vn -0.3539 -0.5878 -0.7276
vn -0.1406 -0.4329 -0.8904
vn -0.0592 -0.6835 -0.7276
vn 0.4496 -0.5182 -0.7276
vn 0.3682 -0.2675 -0.8904
vn 0.6317 -0.2675 -0.7275
vn 0.6317 0.2675 -0.7275
vn 0.3682 0.2675 -0.8904
vn 0.4496 0.5182 -0.7275
vn -0.6683 -0.1549 -0.7275
vn -0.6683 0.1549 -0.7275
vn -0.4551 -0.0000 -0.8904
vn -0.0592 0.6835 -0.7276
vn -0.1406 0.4329 -0.8904
vn -0.3539 0.5878 -0.7276
vt 0.181819 0.000000
vt 0.204546 0.039365
vt 0.159092 0.039365
vt 0.272728 0.157461
vt 0.295455 0.118096
vt 0.318182 0.157461
vt 0.909091 0.000000
vt 0.931818 0.039365
vt 0.886364 0.039365
vt 0.727273 0.000000
vt 0.750000 0.039365
vt 0.704546 0.039365
vt 0.545455 0.000000
vt 0.568182 0.039365
vt 0.522728 0.039365
vt 0.295455 0.196826
vt 0.090910 0.157461
vt 0.136364 0.157461
vt 0.113637 0.196826
vt 0.818182 0.157461
vt 0.863636 0.157461
vt 0.840909 0.196826
vt 0.636364 0.157461
vt 0.681818 0.157461
vt 0.659091 0.196826
vt 0.454546 0.157461
vt 0.500000 0.157461
vt 0.477273 0.196826
vt 0.250001 0.196826
vt 0.068182 0.196826
vt 0.795455 0.196826
vt 0.613637 0.196826
vt 0.431819 0.196826
vt 0.181819 0.314921
vt 0.227273 0.314921
vt 0.204546 0.354286
vt 0.000000 0.314921
vt 0.045455 0.314921
vt 0.022727 0.354286
vt 0.727273 0.314921
vt 0.772727 0.314921
vt 0.750000 0.354286
vt 0.545455 0.314921
vt 0.590909 0.314921
vt 0.568182 0.354286
vt 0.363637 0.314921
vt 0.409091 0.314921
vt 0.386364 0.354286
vt 0.431819 0.433017
vt 0.477273 0.433017
vt 0.454546 0.472382
vt 0.409091 0.393651
vt 0.454546 0.393651
vt 0.431819 0.354286
vt 0.500000 0.393651
vt 0.477273 0.354286
vt 0.522728 0.354286
vt 0.454546 0.314921
vt 0.500000 0.314921
vt 0.613637 0.433017
vt 0.659091 0.433017
vt 0.636364 0.472382
vt 0.590909 0.393651
vt 0.636364 0.393651
vt 0.613637 0.354286
vt 0.681818 0.393651
vt 0.659091 0.354286
vt 0.704546 0.354286
vt 0.636364 0.314921
vt 0.681818 0.314921
vt 0.795455 0.433017
vt 0.840909 0.433017
vt 0.818182 0.472382
vt 0.772727 0.393651
vt 0.818182 0.393651
vt 0.795455 0.354286
vt 0.863636 0.393651
vt 0.840909 0.354286
vt 0.886364 0.354286
vt 0.818182 0.314921
vt 0.863636 0.314921
vt 0.909091 0.314921
vt 0.068182 0.433017
vt 0.113637 0.433017
vt 0.090910 0.472382
vt 0.045455 0.393651
vt 0.090910 0.393651
vt 0.068182 0.354286
vt 0.136365 0.393651
vt 0.113637 0.354286
vt 0.159092 0.354286
vt 0.090909 0.314921
vt 0.136364 0.314921
vt 0.250001 0.433017
vt 0.295455 0.433017
vt 0.272728 0.472382
vt 0.227273 0.393651
vt 0.272728 0.393651
vt 0.250001 0.354286
vt 0.318182 0.393651
vt 0.295455 0.354286
vt 0.340910 0.354286
vt 0.272728 0.314921
vt 0.318182 0.314921
vt 0.386364 0.275556
vt 0.409091 0.236191
vt 0.431819 0.275556
vt 0.454546 0.236191
vt 0.477273 0.275556
vt 0.500000 0.236191
vt 0.522728 0.275556
vt 0.568182 0.275556
vt 0.590909 0.236191
vt 0.613637 0.275556
vt 0.636364 0.236191
vt 0.659091 0.275556
vt 0.681818 0.236191
vt 0.704546 0.275556
vt 0.750000 0.275556
vt 0.772727 0.236191
vt 0.795455 0.275556
vt 0.818182 0.236191
vt 0.840909 0.275556
vt 0.863636 0.236191
vt 0.886364 0.275556
vt 0.022727 0.275556
vt 0.045455 0.236191
vt 0.068182 0.275556
vt 0.090910 0.236191
vt 0.113637 0.275556
vt 0.136364 0.236191
vt 0.159092 0.275556
vt 0.204546 0.275556
vt 0.227273 0.236191
vt 0.250001 0.275556
vt 0.272728 0.236191
vt 0.295455 0.275556
vt 0.318182 0.236191
vt 0.340910 0.275556
vt 0.545455 0.236191
vt 0.522728 0.196826
vt 0.568182 0.196826
vt 0.545455 0.157461
vt 0.590909 0.157461
vt 0.727273 0.236191
vt 0.704546 0.196826
vt 0.750000 0.196826
vt 0.727273 0.157461
vt 0.772727 0.157461
vt 0.931818 0.275556
vt 0.909091 0.236191
vt 0.886364 0.196826
vt 0.954545 0.236191
vt 0.931818 0.196826
vt 0.977273 0.196826
vt 0.909091 0.157461
vt 0.954545 0.157461
vt 1.000000 0.157461
vt 0.181819 0.236191
vt 0.159092 0.196826
vt 0.204546 0.196826
vt 0.181819 0.157461
vt 0.227274 0.157461
vt 0.363637 0.236191
vt 0.340910 0.196826
vt 0.386364 0.196826
vt 0.363637 0.157461
vt 0.409092 0.157461
vt 0.477273 0.118096
vt 0.500000 0.078731
vt 0.522728 0.118096
vt 0.545455 0.078731
vt 0.568182 0.118096
vt 0.590909 0.078731
vt 0.613637 0.118096
vt 0.659091 0.118096
vt 0.681818 0.078731
vt 0.704546 0.118096
vt 0.727273 0.078731
vt 0.750000 0.118096
vt 0.772727 0.078731
vt 0.795455 0.118096
vt 0.840909 0.118096
vt 0.863636 0.078731
vt 0.886364 0.118096
vt 0.909091 0.078731
vt 0.931818 0.118096
vt 0.954545 0.078731
vt 0.977273 0.118096
vt 0.431819 0.118096
vt 0.386364 0.118096
vt 0.340910 0.118096
vt 0.409091 0.078731
vt 0.363637 0.078730
vt 0.386364 0.039365
vt 0.318182 0.078731
vt 0.340910 0.039365
vt 0.363637 0.000000
vt 0.113637 0.118096
vt 0.136365 0.078731
vt 0.159092 0.118096
vt 0.181819 0.078731
vt 0.204546 0.118096
vt 0.227273 0.078731
vt 0.250001 0.118096
s 1
g Icosphere_M_Ouro.001
usemtl M_Ouro.001
f 625/736/577 640/737/592 639/738/591
f 626/739/578 642/740/594 648/741/600
f 625/742/577 639/743/591 654/744/606
f 625/745/577 654/746/606 660/747/612
f 625/748/577 660/749/612 649/750/601
f 626/739/578 648/741/600 669/751/621
f 627/752/579 645/753/597 675/754/627
f 628/755/580 657/756/609 681/757/633
f 629/758/581 663/759/615 687/760/639
f 630/761/582 666/762/618 693/763/645
f 626/739/578 669/751/621 676/764/628
f 627/752/579 675/754/627 682/765/634
f 628/755/580 681/757/633 688/766/640
f 629/758/581 687/760/639 694/767/646
f 630/761/582 693/763/645 670/768/622
f 631/769/583 699/770/651 714/771/666
f 632/772/584 702/773/654 720/774/672
f 633/775/585 705/776/657 723/777/675
f 634/778/586 708/779/660 726/780/678
f 635/781/587 711/782/663 715/783/667
f 717/784/669 724/785/676 636/786/588
f 716/787/668 727/788/679 717/784/669
f 715/783/667 728/789/680 716/787/668
f 717/784/669 727/788/679 724/785/676
f 727/788/679 725/790/677 724/785/676
f 716/787/668 728/789/680 727/788/679
f 728/789/680 729/791/681 727/788/679
f 727/788/679 729/791/681 725/790/677
f 729/791/681 726/792/678 725/790/677
f 715/783/667 711/782/663 728/789/680
f 711/782/663 710/793/662 728/789/680
f 728/789/680 710/793/662 729/791/681
f 710/793/662 709/794/661 729/791/681
f 729/791/681 709/794/661 726/792/678
f 709/794/661 634/778/586 726/792/678
f 724/795/676 721/796/673 636/797/588
f 725/798/677 730/799/682 724/795/676
f 726/780/678 731/800/683 725/798/677
f 724/795/676 730/799/682 721/796/673
f 730/799/682 722/801/674 721/796/673
f 725/798/677 731/800/683 730/799/682
f 731/800/683 732/802/684 730/799/682
f 730/799/682 732/802/684 722/801/674
f 732/802/684 723/803/675 722/801/674
f 726/780/678 708/779/660 731/800/683
f 708/779/660 707/804/659 731/800/683
f 731/800/683 707/804/659 732/802/684
f 707/804/659 706/805/658 732/802/684
f 732/802/684 706/805/658 723/803/675
f 706/805/658 633/775/585 723/803/675
f 721/806/673 718/807/670 636/808/588
f 722/809/674 733/810/685 721/806/673
f 723/777/675 734/811/686 722/809/674
f 721/806/673 733/810/685 718/807/670
f 733/810/685 719/812/671 718/807/670
f 722/809/674 734/811/686 733/810/685
f 734/811/686 735/813/687 733/810/685
f 733/810/685 735/813/687 719/812/671
f 735/813/687 720/814/672 719/812/671
f 723/777/675 705/776/657 734/811/686
f 705/776/657 704/815/656 734/811/686
f 734/811/686 704/815/656 735/813/687
f 704/815/656 703/816/655 735/813/687
f 735/813/687 703/816/655 720/814/672
f 703/816/655 632/817/584 720/814/672
f 718/818/670 712/819/664 636/820/588
f 719/821/671 736/822/688 718/818/670
f 720/774/672 737/823/689 719/821/671
f 718/818/670 736/822/688 712/819/664
f 736/822/688 713/824/665 712/819/664
f 719/821/671 737/823/689 736/822/688
f 737/823/689 738/825/690 736/822/688
f 736/822/688 738/825/690 713/824/665
f 738/825/690 714/826/666 713/824/665
f 720/774/672 702/773/654 737/823/689
f 702/773/654 701/827/653 737/823/689
f 737/823/689 701/827/653 738/825/690
f 701/827/653 700/828/652 738/825/690
f 738/825/690 700/828/652 714/826/666
f 700/828/652 631/769/583 714/826/666
f 712/829/664 717/830/669 636/831/588
f 713/832/665 739/833/691 712/829/664
f 714/771/666 740/834/692 713/832/665
f 712/829/664 739/833/691 717/830/669
f 739/833/691 716/835/668 717/830/669
f 713/832/665 740/834/692 739/833/691
f 740/834/692 741/836/693 739/833/691
f 739/833/691 741/836/693 716/835/668
f 741/836/693 715/837/667 716/835/668
f 714/771/666 699/770/651 740/834/692
f 699/770/651 698/838/650 740/834/692
f 740/834/692 698/838/650 741/836/693
f 698/838/650 697/839/649 741/836/693
f 741/836/693 697/839/649 715/837/667
f 697/839/649 635/781/587 715/837/667
f 672/840/624 711/782/663 635/781/587
f 671/841/623 742/842/694 672/840/624
f 670/768/622 743/843/695 671/841/623
f 672/840/624 742/842/694 711/782/663
f 742/842/694 710/793/662 711/782/663
f 671/841/623 743/843/695 742/842/694
f 743/843/695 744/844/696 742/842/694
f 742/842/694 744/844/696 710/793/662
f 744/844/696 709/794/661 710/793/662
f 670/768/622 693/763/645 743/843/695
f 693/763/645 692/845/644 743/843/695
f 743/843/695 692/845/644 744/844/696
f 692/845/644 691/846/643 744/844/696
f 744/844/696 691/846/643 709/794/661
f 691/846/643 634/778/586 709/794/661
f 696/847/648 708/779/660 634/778/586
f 695/848/647 745/849/697 696/847/648
f 694/767/646 746/850/698 695/848/647
f 696/847/648 745/849/697 708/779/660
f 745/849/697 707/804/659 708/779/660
f 695/848/647 746/850/698 745/849/697
f 746/850/698 747/851/699 745/849/697
f 745/849/697 747/851/699 707/804/659
f 747/851/699 706/805/658 707/804/659
f 694/767/646 687/760/639 746/850/698
f 687/760/639 686/852/638 746/850/698
f 746/850/698 686/852/638 747/851/699
f 686/852/638 685/853/637 747/851/699
f 747/851/699 685/853/637 706/805/658
f 685/853/637 633/775/585 706/805/658
f 690/854/642 705/776/657 633/775/585
f 689/855/641 748/856/700 690/854/642
f 688/766/640 749/857/701 689/855/641
f 690/854/642 748/856/700 705/776/657
f 748/856/700 704/815/656 705/776/657
f 689/855/641 749/857/701 748/856/700
f 749/857/701 750/858/702 748/856/700
f 748/856/700 750/858/702 704/815/656
f 750/858/702 703/816/655 704/815/656
f 688/766/640 681/757/633 749/857/701
f 681/757/633 680/859/632 749/857/701
f 749/857/701 680/859/632 750/858/702
f 680/859/632 679/860/631 750/858/702
f 750/858/702 679/860/631 703/816/655
f 679/860/631 632/817/584 703/816/655
f 684/861/636 702/773/654 632/772/584
f 683/862/635 751/863/703 684/861/636
f 682/765/634 752/864/704 683/862/635
f 684/861/636 751/863/703 702/773/654
f 751/863/703 701/827/653 702/773/654
f 683/862/635 752/864/704 751/863/703
f 752/864/704 753/865/705 751/863/703
f 751/863/703 753/865/705 701/827/653
f 753/865/705 700/828/652 701/827/653
f 682/765/634 675/754/627 752/864/704
f 675/754/627 674/866/626 752/864/704
f 752/864/704 674/866/626 753/865/705
f 674/866/626 673/867/625 753/865/705
f 753/865/705 673/867/625 700/828/652
f 673/867/625 631/769/583 700/828/652
f 678/868/630 699/770/651 631/769/583
f 677/869/629 754/870/706 678/868/630
f 676/764/628 755/871/707 677/869/629
f 678/868/630 754/870/706 699/770/651
f 754/870/706 698/838/650 699/770/651
f 677/869/629 755/871/707 754/870/706
f 755/871/707 756/872/708 754/870/706
f 754/870/706 756/872/708 698/838/650
f 756/872/708 697/839/649 698/838/650
f 676/764/628 669/751/621 755/871/707
f 669/751/621 668/873/620 755/871/707
f 755/871/707 668/873/620 756/872/708
f 668/873/620 667/874/619 756/872/708
f 756/872/708 667/874/619 697/839/649
f 667/874/619 635/781/587 697/839/649
f 691/846/643 696/847/648 634/778/586
f 692/845/644 757/875/709 691/846/643
f 693/763/645 758/876/710 692/845/644
f 691/846/643 757/875/709 696/847/648
f 757/875/709 695/848/647 696/847/648
f 692/845/644 758/876/710 757/875/709
f 758/876/710 759/877/711 757/875/709
f 757/875/709 759/877/711 695/848/647
f 759/877/711 694/767/646 695/848/647
f 693/763/645 666/762/618 758/876/710
f 666/762/618 665/878/617 758/876/710
f 758/876/710 665/878/617 759/877/711
f 665/878/617 664/879/616 759/877/711
f 759/877/711 664/879/616 694/767/646
f 664/879/616 629/758/581 694/767/646
f 685/853/637 690/854/642 633/775/585
f 686/852/638 760/880/712 685/853/637
f 687/760/639 761/881/713 686/852/638
f 685/853/637 760/880/712 690/854/642
f 760/880/712 689/855/641 690/854/642
f 686/852/638 761/881/713 760/880/712
f 761/881/713 762/882/714 760/880/712
f 760/880/712 762/882/714 689/855/641
f 762/882/714 688/766/640 689/855/641
f 687/760/639 663/759/615 761/881/713
f 663/759/615 662/883/614 761/881/713
f 761/881/713 662/883/614 762/882/714
f 662/883/614 661/884/613 762/882/714
f 762/882/714 661/884/613 688/766/640
f 661/884/613 628/755/580 688/766/640
f 679/860/631 684/885/636 632/817/584
f 680/859/632 763/886/715 679/860/631
f 681/757/633 764/887/716 680/859/632
f 679/860/631 763/886/715 684/885/636
f 763/886/715 683/888/635 684/885/636
f 680/859/632 764/887/716 763/886/715
f 764/887/716 765/889/717 763/886/715
f 763/886/715 765/889/717 683/888/635
f 765/889/717 682/890/634 683/888/635
f 681/757/633 657/756/609 764/887/716
f 657/756/609 656/891/608 764/887/716
f 764/887/716 656/891/608 765/889/717
f 656/891/608 655/892/607 765/889/717
f 765/889/717 655/892/607 682/890/634
f 655/892/607 627/893/579 682/890/634
f 673/867/625 678/868/630 631/769/583
f 674/866/626 766/894/718 673/867/625
f 675/754/627 767/895/719 674/866/626
f 673/867/625 766/894/718 678/868/630
f 766/894/718 677/869/629 678/868/630
f 674/866/626 767/895/719 766/894/718
f 767/895/719 768/896/720 766/894/718
f 766/894/718 768/896/720 677/869/629
f 768/896/720 676/764/628 677/869/629
f 675/754/627 645/753/597 767/895/719
f 645/753/597 644/897/596 767/895/719
f 767/895/719 644/897/596 768/896/720
f 644/897/596 643/898/595 768/896/720
f 768/896/720 643/898/595 676/764/628
f 643/898/595 626/739/578 676/764/628
f 667/874/619 672/840/624 635/781/587
f 668/873/620 769/899/721 667/874/619
f 669/751/621 770/900/722 668/873/620
f 667/874/619 769/899/721 672/840/624
f 769/899/721 671/841/623 672/840/624
f 668/873/620 770/900/722 769/899/721
f 770/900/722 771/901/723 769/899/721
f 769/899/721 771/901/723 671/841/623
f 771/901/723 670/768/622 671/841/623
f 669/751/621 648/741/600 770/900/722
f 648/741/600 647/902/599 770/900/722
f 770/900/722 647/902/599 771/901/723
f 647/902/599 646/903/598 771/901/723
f 771/901/723 646/903/598 670/768/622
f 646/903/598 630/761/582 670/768/622
f 651/904/603 666/762/618 630/761/582
f 650/905/602 772/906/724 651/904/603
f 649/750/601 773/907/725 650/905/602
f 651/904/603 772/906/724 666/762/618
f 772/906/724 665/878/617 666/762/618
f 650/905/602 773/907/725 772/906/724
f 773/907/725 774/908/726 772/906/724
f 772/906/724 774/908/726 665/878/617
f 774/908/726 664/879/616 665/878/617
f 649/750/601 660/749/612 773/907/725
f 660/749/612 659/909/611 773/907/725
f 773/907/725 659/909/611 774/908/726
f 659/909/611 658/910/610 774/908/726
f 774/908/726 658/910/610 664/879/616
f 658/910/610 629/758/581 664/879/616
f 658/911/610 663/759/615 629/758/581
f 659/912/611 775/913/727 658/911/610
f 660/747/612 776/914/728 659/912/611
f 658/911/610 775/913/727 663/759/615
f 775/913/727 662/883/614 663/759/615
f 659/912/611 776/914/728 775/913/727
f 776/914/728 777/915/729 775/913/727
f 775/913/727 777/915/729 662/883/614
f 777/915/729 661/884/613 662/883/614
f 660/747/612 654/746/606 776/914/728
f 654/746/606 653/916/605 776/914/728
f 776/914/728 653/916/605 777/915/729
f 653/916/605 652/917/604 777/915/729
f 777/915/729 652/917/604 661/884/613
f 652/917/604 628/755/580 661/884/613
f 652/918/604 657/756/609 628/755/580
f 653/919/605 778/920/730 652/918/604
f 654/744/606 779/921/731 653/919/605
f 652/918/604 778/920/730 657/756/609
f 778/920/730 656/891/608 657/756/609
f 653/919/605 779/921/731 778/920/730
f 779/921/731 780/922/732 778/920/730
f 778/920/730 780/922/732 656/891/608
f 780/922/732 655/892/607 656/891/608
f 654/744/606 639/743/591 779/921/731
f 639/743/591 638/923/590 779/921/731
f 779/921/731 638/923/590 780/922/732
f 638/923/590 637/924/589 780/922/732
f 780/922/732 637/924/589 655/892/607
f 637/924/589 627/893/579 655/892/607
f 646/903/598 651/925/603 630/761/582
f 647/902/599 781/926/733 646/903/598
f 648/741/600 782/927/734 647/902/599
f 646/903/598 781/926/733 651/925/603
f 781/926/733 650/928/602 651/925/603
f 647/902/599 782/927/734 781/926/733
f 782/927/734 783/929/735 781/926/733
f 781/926/733 783/929/735 650/928/602
f 783/929/735 649/930/601 650/928/602
f 648/741/600 642/740/594 782/927/734
f 642/740/594 641/931/593 782/927/734
f 782/927/734 641/931/593 783/929/735
f 641/931/593 640/932/592 783/929/735
f 783/929/735 640/932/592 649/930/601
f 640/932/592 625/933/577 649/930/601
f 637/934/589 645/753/597 627/752/579
f 638/935/590 784/936/736 637/934/589
f 639/738/591 785/937/737 638/935/590
f 637/934/589 784/936/736 645/753/597
f 784/936/736 644/897/596 645/753/597
f 638/935/590 785/937/737 784/936/736
f 785/937/737 786/938/738 784/936/736
f 784/936/736 786/938/738 644/897/596
f 786/938/738 643/898/595 644/897/596
f 639/738/591 640/737/592 785/937/737
f 640/737/592 641/939/593 785/937/737
f 785/937/737 641/939/593 786/938/738
f 641/939/593 642/940/594 786/938/738
f 786/938/738 642/940/594 643/898/595
f 642/940/594 626/739/578 643/898/595
o Sphere
v 0.000000 -0.007432 4.216236
v 0.000000 -0.063880 4.205008
v 0.000000 -0.356507 3.948381
v 0.000000 -0.386236 3.722569
v 0.000000 -0.356507 3.611619
v 0.000000 -0.007432 3.343764
v -0.012780 -0.005992 4.216236
v -0.025341 -0.061025 4.205008
v -0.037468 -0.114159 4.186507
v -0.048955 -0.164484 4.161051
v -0.059603 -0.211139 4.129076
v -0.069232 -0.253326 4.091127
v -0.077677 -0.290323 4.047855
v -0.084792 -0.321497 4.000000
v -0.090456 -0.346315 3.948381
v -0.094573 -0.364352 3.893880
v -0.097072 -0.375298 3.837431
v -0.097909 -0.378968 3.780000
v -0.097072 -0.375298 3.722569
v -0.094573 -0.364352 3.666120
v -0.090456 -0.346315 3.611619
v -0.084792 -0.321497 3.560000
v -0.077677 -0.290323 3.512145
v -0.069232 -0.253326 3.468873
v -0.059603 -0.211139 3.430924
v -0.048955 -0.164484 3.398949
v -0.037468 -0.114159 3.373493
v -0.025341 -0.061025 3.354993
v -0.012780 -0.005992 3.343764
v -0.024919 -0.001744 4.216236
v -0.049411 -0.052603 4.205008
v -0.073058 -0.101706 4.186507
v -0.095454 -0.148213 4.161051
v -0.116218 -0.191329 4.129076
v -0.134993 -0.230316 4.091127
v -0.151458 -0.264506 4.047855
v -0.165332 -0.293315 4.000000
v -0.176377 -0.316250 3.948381
v -0.184404 -0.332918 3.893880
v -0.189276 -0.343035 3.837431
v -0.190909 -0.346426 3.780000
v -0.189276 -0.343035 3.722569
v -0.184404 -0.332918 3.666120
v -0.176377 -0.316250 3.611619
v -0.165332 -0.293315 3.560000
v -0.151458 -0.264506 3.512145
v -0.134993 -0.230316 3.468873
v -0.116218 -0.191329 3.430924
v -0.095454 -0.148213 3.398949
v -0.073058 -0.101706 3.373493
v -0.049411 -0.052603 3.354993
v -0.024919 -0.001744 3.343764
v -0.035808 0.005098 4.216236
v -0.071003 -0.039035 4.205008
v -0.104984 -0.081645 4.186507
v -0.137168 -0.122003 4.161051
v -0.167005 -0.159417 4.129076
v -0.193984 -0.193249 4.091127
v -0.217645 -0.222918 4.047855
v -0.237582 -0.247918 4.000000
v -0.253453 -0.267820 3.948381
v -0.264988 -0.282284 3.893880
v -0.271989 -0.291063 3.837431
v -0.274336 -0.294006 3.780000
v -0.271989 -0.291063 3.722569
v -0.264988 -0.282284 3.666120
v -0.253453 -0.267820 3.611619
v -0.237582 -0.247918 3.560000
v -0.217645 -0.222918 3.512145
v -0.193984 -0.193249 3.468873
v -0.167005 -0.159417 3.430924
v -0.137168 -0.122003 3.398949
v -0.104984 -0.081645 3.373493
v -0.071003 -0.039035 3.354993
v -0.035808 0.005098 3.343764
v -0.044902 0.014192 4.216236
v -0.089035 -0.021003 4.205008
v -0.131645 -0.054984 4.186507
v -0.172003 -0.087168 4.161051
v -0.209417 -0.117005 4.129076
v -0.243249 -0.143985 4.091127
v -0.272918 -0.167645 4.047855
v -0.297918 -0.187582 4.000000
v -0.317820 -0.203453 3.948381
v -0.332284 -0.214988 3.893880
v -0.341063 -0.221989 3.837431
v -0.344006 -0.224336 3.780000
v -0.341063 -0.221989 3.722569
v -0.332284 -0.214988 3.666120
v -0.317820 -0.203453 3.611619
v -0.297918 -0.187582 3.560000
v -0.272918 -0.167645 3.512145
v -0.243249 -0.143985 3.468873
v -0.209417 -0.117005 3.430924
v -0.172003 -0.087168 3.398949
v -0.131645 -0.054984 3.373493
v -0.089035 -0.021003 3.354993
v -0.044902 0.014192 3.343764
v 0.000000 0.050000 4.220000
v -0.051744 0.025081 4.216236
v -0.102603 0.000589 4.205008
v -0.151706 -0.023058 4.186507
v -0.198213 -0.045454 4.161051
v -0.241329 -0.066218 4.129076
v -0.280316 -0.084993 4.091127
v -0.314506 -0.101458 4.047855
v -0.343315 -0.115332 4.000000
v -0.366250 -0.126377 3.948381
v -0.382918 -0.134404 3.893880
v -0.393035 -0.139276 3.837431
v -0.396426 -0.140909 3.780000
v -0.393035 -0.139276 3.722569
v -0.382918 -0.134404 3.666120
v -0.366250 -0.126377 3.611619
v -0.343315 -0.115332 3.560000
v -0.314506 -0.101458 3.512145
v -0.280316 -0.084993 3.468873
v -0.241329 -0.066218 3.430924
v -0.198213 -0.045454 3.398949
v -0.151706 -0.023058 3.373493
v -0.102603 0.000589 3.354993
v -0.051744 0.025081 3.343764
v -0.055992 0.037220 4.216236
v -0.111025 0.024659 4.205008
v -0.164159 0.012532 4.186507
v -0.214484 0.001045 4.161051
v -0.261139 -0.009603 4.129076
v -0.303326 -0.019232 4.091127
v -0.340323 -0.027677 4.047855
v -0.371497 -0.034792 4.000000
v -0.396315 -0.040456 3.948381
v -0.414351 -0.044573 3.893880
v -0.425298 -0.047072 3.837431
v -0.428968 -0.047909 3.780000
v -0.425298 -0.047072 3.722569
v -0.414351 -0.044573 3.666120
v -0.396315 -0.040456 3.611619
v -0.371497 -0.034792 3.560000
v -0.340323 -0.027677 3.512145
v -0.303326 -0.019232 3.468873
v -0.261139 -0.009603 3.430924
v -0.214484 0.001045 3.398949
v -0.164159 0.012532 3.373493
v -0.111025 0.024659 3.354993
v -0.055992 0.037220 3.343764
v -0.057432 0.050000 4.216236
v -0.113880 0.050000 4.205008
v -0.168381 0.050000 4.186507
v -0.220000 0.050000 4.161051
v -0.267855 0.050000 4.129076
v -0.311127 0.050000 4.091127
v -0.349075 0.050000 4.047855
v -0.381051 0.050000 4.000000
v -0.406507 0.050000 3.948381
v -0.425007 0.050000 3.893880
v -0.436236 0.050000 3.837431
v -0.440000 0.050000 3.780000
v -0.436236 0.050000 3.722569
v -0.425007 0.050000 3.666120
v -0.406507 0.050000 3.611619
v -0.381051 0.050000 3.560000
v -0.349075 0.050000 3.512145
v -0.311127 0.050000 3.468873
v -0.267855 0.050000 3.430924
v -0.220000 0.050000 3.398949
v -0.168381 0.050000 3.373493
v -0.113880 0.050000 3.354993
v -0.057432 0.050000 3.343764
v -0.055992 0.062780 4.216236
v -0.111025 0.075341 4.205008
v -0.164159 0.087468 4.186507
v -0.214484 0.098955 4.161051
v -0.261139 0.109603 4.129076
v -0.303326 0.119232 4.091127
v -0.340323 0.127677 4.047855
v -0.371497 0.134792 4.000000
v -0.396315 0.140456 3.948381
v -0.414351 0.144573 3.893880
v -0.425298 0.147072 3.837431
v -0.428968 0.147909 3.780000
v -0.425298 0.147072 3.722569
v -0.414351 0.144573 3.666120
v -0.396315 0.140456 3.611619
v -0.371497 0.134792 3.560000
v -0.340323 0.127677 3.512145
v -0.303326 0.119232 3.468873
v -0.261139 0.109603 3.430924
v -0.214484 0.098955 3.398949
v -0.164159 0.087468 3.373493
v -0.111025 0.075341 3.354993
v -0.055992 0.062780 3.343764
v -0.051744 0.074919 4.216236
v -0.102603 0.099411 4.205008
v -0.151706 0.123058 4.186507
v -0.198213 0.145454 4.161051
v -0.241329 0.166218 4.129076
v -0.280316 0.184993 4.091127
v -0.314506 0.201458 4.047855
v -0.343315 0.215332 4.000000
v -0.366250 0.226377 3.948381
v -0.382918 0.234404 3.893880
v -0.393035 0.239276 3.837431
v -0.396426 0.240909 3.780000
v -0.393035 0.239276 3.722569
v -0.382918 0.234404 3.666120
v -0.366250 0.226377 3.611619
v -0.343315 0.215332 3.560000
v -0.314506 0.201458 3.512145
v -0.280316 0.184993 3.468873
v -0.241329 0.166218 3.430924
v -0.198213 0.145454 3.398949
v -0.151706 0.123058 3.373493
v -0.102603 0.099411 3.354993
v -0.051744 0.074919 3.343764
v -0.044902 0.085808 4.216236
v -0.089035 0.121003 4.205008
v -0.131645 0.154984 4.186507
v -0.172003 0.187168 4.161051
v -0.209417 0.217005 4.129076
v -0.243249 0.243984 4.091127
v -0.272918 0.267645 4.047855
v -0.297918 0.287581 4.000000
v -0.317820 0.303453 3.948381
v -0.332284 0.314988 3.893880
v -0.341063 0.321989 3.837431
v -0.344006 0.324335 3.780000
v -0.341063 0.321989 3.722569
v -0.332284 0.314988 3.666120
v -0.317820 0.303453 3.611619
v -0.297918 0.287581 3.560000
v -0.272918 0.267645 3.512145
v -0.243249 0.243984 3.468873
v -0.209417 0.217005 3.430924
v -0.172003 0.187168 3.398949
v -0.131645 0.154984 3.373493
v -0.089035 0.121003 3.354993
v -0.044902 0.085808 3.343764
v -0.035808 0.094902 4.216236
v -0.071003 0.139035 4.205008
v -0.104984 0.181645 4.186507
v -0.137168 0.222003 4.161051
v -0.167005 0.259417 4.129076
v -0.193984 0.293249 4.091127
v -0.217645 0.322918 4.047855
v -0.237582 0.347918 4.000000
v -0.253453 0.367820 3.948381
v -0.264988 0.382284 3.893880
v -0.271989 0.391063 3.837431
v -0.274336 0.394006 3.780000
v -0.271989 0.391063 3.722569
v -0.264988 0.382284 3.666120
v -0.253453 0.367820 3.611619
v -0.237582 0.347918 3.560000
v -0.217645 0.322918 3.512145
v -0.193984 0.293249 3.468873
v -0.167005 0.259417 3.430924
v -0.137168 0.222003 3.398949
v -0.104984 0.181645 3.373493
v -0.071003 0.139035 3.354993
v -0.035808 0.094902 3.343764
v -0.024919 0.101744 4.216236
v -0.049411 0.152603 4.205008
v -0.073058 0.201706 4.186507
v -0.095454 0.248213 4.161051
v -0.116218 0.291329 4.129076
v -0.134993 0.330316 4.091127
v -0.151458 0.364506 4.047855
v -0.165332 0.393315 4.000000
v -0.176377 0.416250 3.948381
v -0.184404 0.432918 3.893880
v -0.189276 0.443035 3.837431
v -0.190909 0.446426 3.780000
v -0.189276 0.443035 3.722569
v -0.184404 0.432918 3.666120
v -0.176377 0.416250 3.611619
v -0.165332 0.393315 3.560000
v -0.151458 0.364506 3.512145
v -0.134993 0.330316 3.468873
v -0.116218 0.291329 3.430924
v -0.095454 0.248213 3.398949
v -0.073058 0.201706 3.373493
v -0.049411 0.152603 3.354993
v -0.024919 0.101744 3.343764
v -0.012780 0.105992 4.216236
v -0.025341 0.161025 4.205008
v -0.037468 0.214159 4.186507
v -0.048955 0.264484 4.161051
v -0.059603 0.311139 4.129076
v -0.069232 0.353326 4.091127
v -0.077677 0.390323 4.047855
v -0.084792 0.421497 4.000000
v -0.090456 0.446315 3.948381
v -0.094573 0.464351 3.893880
v -0.097072 0.475298 3.837431
v -0.097909 0.478968 3.780000
v -0.097072 0.475298 3.722569
v -0.094573 0.464351 3.666120
v -0.090456 0.446315 3.611619
v -0.084792 0.421497 3.560000
v -0.077677 0.390323 3.512145
v -0.069232 0.353326 3.468873
v -0.059603 0.311139 3.430924
v -0.048955 0.264484 3.398949
v -0.037468 0.214159 3.373493
v -0.025341 0.161025 3.354993
v -0.012780 0.105992 3.343764
v 0.000000 0.107432 4.216236
v 0.000000 0.163880 4.205008
v -0.000000 0.218381 4.186507
v -0.000000 0.270000 4.161051
v -0.000000 0.317855 4.129076
v -0.000000 0.361127 4.091127
v -0.000000 0.399075 4.047855
v -0.000000 0.431051 4.000000
v 0.000000 0.456507 3.948381
v 0.000000 0.475007 3.893880
v 0.000000 0.486236 3.837431
v -0.000000 0.490000 3.780000
v 0.000000 0.486236 3.722569
v 0.000000 0.475007 3.666120
v 0.000000 0.456507 3.611619
v -0.000000 0.431051 3.560000
v -0.000000 0.399075 3.512145
v -0.000000 0.361127 3.468873
v -0.000000 0.317855 3.430924
v -0.000000 0.270000 3.398949
v -0.000000 0.218381 3.373493
v 0.000000 0.163880 3.354993
v 0.000000 0.107432 3.343764
v 0.012780 0.105992 4.216236
v 0.025341 0.161025 4.205008
v 0.037468 0.214159 4.186507
v 0.048955 0.264484 4.161051
v 0.059603 0.311139 4.129076
v 0.069232 0.353326 4.091127
v 0.077677 0.390323 4.047855
v 0.084792 0.421497 4.000000
v 0.090456 0.446315 3.948381
v 0.094573 0.464351 3.893880
v 0.097072 0.475298 3.837431
v 0.097909 0.478968 3.780000
v 0.097072 0.475298 3.722569
v 0.094573 0.464351 3.666120
v 0.090456 0.446315 3.611619
v 0.084792 0.421497 3.560000
v 0.077677 0.390323 3.512145
v 0.069232 0.353326 3.468873
v 0.059603 0.311139 3.430924
v 0.048955 0.264484 3.398949
v 0.037468 0.214159 3.373493
v 0.025341 0.161025 3.354993
v 0.012780 0.105992 3.343764
v 0.024919 0.101744 4.216236
v 0.049411 0.152603 4.205008
v 0.073058 0.201706 4.186507
v 0.095454 0.248213 4.161051
v 0.116218 0.291329 4.129076
v 0.134993 0.330316 4.091127
v 0.151458 0.364506 4.047855
v 0.165332 0.393315 4.000000
v 0.176377 0.416250 3.948381
v 0.184404 0.432918 3.893880
v 0.189276 0.443035 3.837431
v 0.190909 0.446426 3.780000
v 0.189276 0.443035 3.722569
v 0.184404 0.432918 3.666120
v 0.176377 0.416250 3.611619
v 0.165332 0.393315 3.560000
v 0.151458 0.364506 3.512145
v 0.134993 0.330316 3.468873
v 0.116218 0.291329 3.430924
v 0.095454 0.248213 3.398949
v 0.073058 0.201706 3.373493
v 0.049411 0.152603 3.354993
v 0.024919 0.101744 3.343764
v 0.035808 0.094902 4.216236
v 0.071003 0.139035 4.205008
v 0.104984 0.181645 4.186507
v 0.137168 0.222003 4.161051
v 0.167005 0.259418 4.129076
v 0.193984 0.293249 4.091127
v 0.217645 0.322918 4.047855
v 0.237581 0.347918 4.000000
v 0.253453 0.367820 3.948381
v 0.264988 0.382284 3.893880
v 0.271989 0.391063 3.837431
v 0.274335 0.394006 3.780000
v 0.271989 0.391063 3.722569
v 0.264988 0.382284 3.666120
v 0.253453 0.367820 3.611619
v 0.237581 0.347918 3.560000
v 0.217645 0.322918 3.512145
v 0.193984 0.293249 3.468873
v 0.167005 0.259418 3.430924
v 0.137168 0.222003 3.398949
v 0.104984 0.181645 3.373493
v 0.071003 0.139035 3.354993
v 0.035808 0.094902 3.343764
v 0.044902 0.085808 4.216236
v 0.089035 0.121003 4.205008
v 0.131645 0.154984 4.186507
v 0.172003 0.187168 4.161051
v 0.209417 0.217005 4.129076
v 0.243249 0.243984 4.091127
v 0.272918 0.267645 4.047855
v 0.297918 0.287582 4.000000
v 0.317820 0.303453 3.948381
v 0.332284 0.314988 3.893880
v 0.341063 0.321989 3.837431
v 0.344006 0.324336 3.780000
v 0.341063 0.321989 3.722569
v 0.332284 0.314988 3.666120
v 0.317820 0.303453 3.611619
v 0.297918 0.287582 3.560000
v 0.272918 0.267645 3.512145
v 0.243249 0.243984 3.468873
v 0.209417 0.217005 3.430924
v 0.172003 0.187168 3.398949
v 0.131645 0.154984 3.373493
v 0.089035 0.121003 3.354993
v 0.044902 0.085808 3.343764
v 0.051744 0.074919 4.216236
v 0.102603 0.099411 4.205008
v 0.151706 0.123058 4.186507
v 0.198213 0.145454 4.161051
v 0.241329 0.166218 4.129076
v 0.280316 0.184993 4.091127
v 0.314506 0.201458 4.047855
v 0.343315 0.215332 4.000000
v 0.366250 0.226377 3.948381
v 0.382918 0.234404 3.893880
v 0.393035 0.239276 3.837431
v 0.396426 0.240909 3.780000
v 0.393035 0.239276 3.722569
v 0.382918 0.234404 3.666120
v 0.366250 0.226377 3.611619
v 0.343315 0.215332 3.560000
v 0.314506 0.201458 3.512145
v 0.280316 0.184993 3.468873
v 0.241329 0.166218 3.430924
v 0.198213 0.145454 3.398949
v 0.151706 0.123058 3.373493
v 0.102603 0.099411 3.354993
v 0.051744 0.074919 3.343764
v 0.055992 0.062780 4.216236
v 0.111025 0.075341 4.205008
v 0.164159 0.087468 4.186507
v 0.214484 0.098955 4.161051
v 0.261139 0.109603 4.129076
v 0.303326 0.119232 4.091127
v 0.340323 0.127677 4.047855
v 0.371497 0.134792 4.000000
v 0.396315 0.140456 3.948381
v 0.414351 0.144573 3.893880
v 0.425298 0.147072 3.837431
v 0.428968 0.147909 3.780000
v 0.425298 0.147072 3.722569
v 0.414351 0.144573 3.666120
v 0.396315 0.140456 3.611619
v 0.371497 0.134792 3.560000
v 0.340323 0.127677 3.512145
v 0.303326 0.119232 3.468873
v 0.261139 0.109603 3.430924
v 0.214484 0.098955 3.398949
v 0.164159 0.087468 3.373493
v 0.111025 0.075341 3.354993
v 0.055992 0.062780 3.343764
v 0.000000 0.050000 3.340000
v 0.057431 0.050000 4.216236
v 0.113880 0.050000 4.205008
v 0.168381 0.050000 4.186507
v 0.220000 0.050000 4.161051
v 0.267855 0.050000 4.129076
v 0.311127 0.050000 4.091127
v 0.349075 0.050000 4.047855
v 0.381051 0.050000 4.000000
v 0.406507 0.050000 3.948381
v 0.425007 0.050000 3.893880
v 0.436236 0.050000 3.837431
v 0.440000 0.050000 3.780000
v 0.436236 0.050000 3.722569
v 0.425007 0.050000 3.666120
v 0.406507 0.050000 3.611619
v 0.381051 0.050000 3.560000
v 0.349075 0.050000 3.512145
v 0.311127 0.050000 3.468873
v 0.267855 0.050000 3.430924
v 0.220000 0.050000 3.398949
v 0.168381 0.050000 3.373493
v 0.113880 0.050000 3.354993
v 0.057431 0.050000 3.343764
v 0.055992 0.037220 4.216236
v 0.111025 0.024659 4.205008
v 0.164159 0.012532 4.186507
v 0.214484 0.001045 4.161051
v 0.261139 -0.009603 4.129076
v 0.303326 -0.019232 4.091127
v 0.340323 -0.027677 4.047855
v 0.371497 -0.034792 4.000000
v 0.396315 -0.040456 3.948381
v 0.414351 -0.044573 3.893880
v 0.425298 -0.047072 3.837431
v 0.428968 -0.047909 3.780000
v 0.425298 -0.047072 3.722569
v 0.414351 -0.044573 3.666120
v 0.396315 -0.040456 3.611619
v 0.371497 -0.034792 3.560000
v 0.340323 -0.027677 3.512145
v 0.303326 -0.019232 3.468873
v 0.261139 -0.009603 3.430924
v 0.214484 0.001045 3.398949
v 0.164159 0.012532 3.373493
v 0.111025 0.024659 3.354993
v 0.055992 0.037220 3.343764
v 0.051744 0.025081 4.216236
v 0.102603 0.000589 4.205008
v 0.151706 -0.023058 4.186507
v 0.198213 -0.045454 4.161051
v 0.241329 -0.066218 4.129076
v 0.280316 -0.084993 4.091127
v 0.314506 -0.101458 4.047855
v 0.343315 -0.115332 4.000000
v 0.366250 -0.126377 3.948381
v 0.382918 -0.134404 3.893880
v 0.393035 -0.139276 3.837431
v 0.396426 -0.140909 3.780000
v 0.393035 -0.139276 3.722569
v 0.382918 -0.134404 3.666120
v 0.366250 -0.126377 3.611619
v 0.343315 -0.115332 3.560000
v 0.314506 -0.101458 3.512145
v 0.280316 -0.084993 3.468873
v 0.241329 -0.066218 3.430924
v 0.198213 -0.045454 3.398949
v 0.151706 -0.023058 3.373493
v 0.102603 0.000589 3.354993
v 0.051744 0.025081 3.343764
v 0.044902 0.014192 4.216236
v 0.089035 -0.021003 4.205008
v 0.131645 -0.054984 4.186507
v 0.172003 -0.087168 4.161051
v 0.209417 -0.117005 4.129076
v 0.243249 -0.143984 4.091127
v 0.272918 -0.167645 4.047855
v 0.297918 -0.187581 4.000000
v 0.317820 -0.203453 3.948381
v 0.332284 -0.214988 3.893880
v 0.341063 -0.221989 3.837431
v 0.344006 -0.224335 3.780000
v 0.341063 -0.221989 3.722569
v 0.332284 -0.214988 3.666120
v 0.317820 -0.203453 3.611619
v 0.297918 -0.187581 3.560000
v 0.272918 -0.167645 3.512145
v 0.243249 -0.143984 3.468873
v 0.209417 -0.117005 3.430924
v 0.172003 -0.087168 3.398949
v 0.131645 -0.054984 3.373493
v 0.089035 -0.021003 3.354993
v 0.044902 0.014192 3.343764
v 0.035808 0.005098 4.216236
v 0.071003 -0.039035 4.205008
v 0.104984 -0.081645 4.186507
v 0.137168 -0.122003 4.161051
v 0.167005 -0.159417 4.129076
v 0.193984 -0.193249 4.091127
v 0.217645 -0.222918 4.047855
v 0.237582 -0.247918 4.000000
v 0.253453 -0.267820 3.948381
v 0.264988 -0.282284 3.893880
v 0.271989 -0.291063 3.837431
v 0.274336 -0.294006 3.780000
v 0.271989 -0.291063 3.722569
v 0.264988 -0.282284 3.666120
v 0.253453 -0.267820 3.611619
v 0.237582 -0.247918 3.560000
v 0.217645 -0.222918 3.512145
v 0.193984 -0.193249 3.468873
v 0.167005 -0.159417 3.430924
v 0.137168 -0.122003 3.398949
v 0.104984 -0.081645 3.373493
v 0.071003 -0.039035 3.354993
v 0.035808 0.005098 3.343764
v 0.024919 -0.001744 4.216236
v 0.049411 -0.052603 4.205008
v 0.073058 -0.101706 4.186507
v 0.095454 -0.148213 4.161051
v 0.116218 -0.191329 4.129076
v 0.134993 -0.230316 4.091127
v 0.151458 -0.264506 4.047855
v 0.165332 -0.293315 4.000000
v 0.176377 -0.316250 3.948381
v 0.184404 -0.332918 3.893880
v 0.189276 -0.343035 3.837431
v 0.190909 -0.346426 3.780000
v 0.189276 -0.343035 3.722569
v 0.184404 -0.332918 3.666120
v 0.176377 -0.316250 3.611619
v 0.165332 -0.293315 3.560000
v 0.151458 -0.264506 3.512145
v 0.134993 -0.230316 3.468873
v 0.116218 -0.191329 3.430924
v 0.095454 -0.148213 3.398949
v 0.073058 -0.101706 3.373493
v 0.049411 -0.052603 3.354993
v 0.024919 -0.001744 3.343764
v 0.012780 -0.005992 4.216236
v 0.025341 -0.061025 4.205008
v 0.037468 -0.114159 4.186507
v 0.048955 -0.164484 4.161051
v 0.059603 -0.211139 4.129076
v 0.069232 -0.253326 4.091127
v 0.077677 -0.290323 4.047855
v 0.084792 -0.321497 4.000000
v 0.090456 -0.346315 3.948381
v 0.094573 -0.364351 3.893880
v 0.097072 -0.375298 3.837431
v 0.097909 -0.378968 3.780000
v 0.097072 -0.375298 3.722569
v 0.094573 -0.364351 3.666120
v 0.090456 -0.346315 3.611619
v 0.084792 -0.321497 3.560000
v 0.077677 -0.290323 3.512145
v 0.069232 -0.253326 3.468873
v 0.059603 -0.211139 3.430924
v 0.048955 -0.164484 3.398949
v 0.037468 -0.114159 3.373493
v 0.025341 -0.061025 3.354993
v 0.012780 -0.005992 3.343764
v 0.000000 -0.118381 4.186507
v 0.000000 -0.170000 4.161051
v 0.000000 -0.217855 4.129076
v -0.000000 -0.261127 4.091127
v 0.000000 -0.299075 4.047855
v 0.000000 -0.331051 4.000000
v 0.000000 -0.375007 3.893880
v -0.000000 -0.386236 3.837431
v 0.000000 -0.390000 3.780000
v 0.000000 -0.375007 3.666120
v 0.000000 -0.331051 3.560000
v 0.000000 -0.299075 3.512145
v -0.000000 -0.261127 3.468873
v 0.000000 -0.217855 3.430924
v 0.000000 -0.170000 3.398949
v 0.000000 -0.118381 3.373493
v -0.000000 -0.063880 3.354993
vn -0.0000 -0.1351 0.9908
vn -0.0000 -0.2632 0.9648
vn -0.0000 -0.9246 0.3810
vn -0.0000 -0.9915 -0.1299
vn -0.0000 -0.9246 -0.3810
vn -0.0000 -0.1351 -0.9908
vn -0.0301 -0.1317 0.9908
vn -0.0586 -0.2566 0.9648
vn -0.0860 -0.3770 0.9222
vn -0.1120 -0.4909 0.8640
vn -0.1361 -0.5963 0.7911
vn -0.1579 -0.6916 0.7048
vn -0.1769 -0.7751 0.6065
vn -0.1930 -0.8454 0.4980
vn -0.2057 -0.9014 0.3810
vn -0.2150 -0.9420 0.2577
vn -0.2206 -0.9667 0.1299
vn -0.2225 -0.9749 -0.0000
vn -0.2206 -0.9667 -0.1299
vn -0.2150 -0.9420 -0.2577
vn -0.2057 -0.9014 -0.3810
vn -0.1930 -0.8454 -0.4980
vn -0.1769 -0.7751 -0.6065
vn -0.1579 -0.6916 -0.7048
vn -0.1361 -0.5963 -0.7911
vn -0.1120 -0.4909 -0.8640
vn -0.0860 -0.3770 -0.9222
vn -0.0586 -0.2566 -0.9647
vn -0.0301 -0.1317 -0.9908
vn -0.0586 -0.1217 0.9908
vn -0.1142 -0.2371 0.9648
vn -0.1678 -0.3484 0.9222
vn -0.2185 -0.4536 0.8640
vn -0.2654 -0.5511 0.7911
vn -0.3078 -0.6392 0.7048
vn -0.3450 -0.7163 0.6065
vn -0.3763 -0.7813 0.4980
vn -0.4011 -0.8330 0.3810
vn -0.4192 -0.8705 0.2577
vn -0.4302 -0.8933 0.1299
vn -0.4339 -0.9010 -0.0000
vn -0.4302 -0.8933 -0.1299
vn -0.4192 -0.8705 -0.2577
vn -0.4011 -0.8330 -0.3810
vn -0.3763 -0.7813 -0.4980
vn -0.3450 -0.7163 -0.6065
vn -0.3078 -0.6392 -0.7048
vn -0.2654 -0.5511 -0.7911
vn -0.2185 -0.4536 -0.8640
vn -0.1678 -0.3484 -0.9222
vn -0.1142 -0.2371 -0.9648
vn -0.0586 -0.1217 -0.9908
vn -0.0842 -0.1056 0.9908
vn -0.1641 -0.2058 0.9648
vn -0.2411 -0.3023 0.9222
vn -0.3139 -0.3936 0.8640
vn -0.3814 -0.4782 0.7911
vn -0.4423 -0.5547 0.7048
vn -0.4957 -0.6216 0.6065
vn -0.5407 -0.6780 0.4980
vn -0.5765 -0.7228 0.3810
vn -0.6024 -0.7554 0.2577
vn -0.6182 -0.7752 0.1299
vn -0.6235 -0.7818 -0.0000
vn -0.6182 -0.7752 -0.1299
vn -0.6024 -0.7554 -0.2577
vn -0.5765 -0.7228 -0.3810
vn -0.5407 -0.6780 -0.4980
vn -0.4957 -0.6216 -0.6065
vn -0.4423 -0.5547 -0.7048
vn -0.3814 -0.4782 -0.7911
vn -0.3139 -0.3936 -0.8640
vn -0.2411 -0.3023 -0.9222
vn -0.1641 -0.2058 -0.9648
vn -0.0842 -0.1056 -0.9908
vn -0.1056 -0.0842 0.9908
vn -0.2058 -0.1641 0.9648
vn -0.3023 -0.2411 0.9222
vn -0.3936 -0.3139 0.8640
vn -0.4782 -0.3814 0.7911
vn -0.5547 -0.4423 0.7048
vn -0.6216 -0.4957 0.6065
vn -0.6780 -0.5407 0.4980
vn -0.7228 -0.5765 0.3810
vn -0.7554 -0.6024 0.2577
vn -0.7752 -0.6182 0.1299
vn -0.7818 -0.6235 -0.0000
vn -0.7752 -0.6182 -0.1299
vn -0.7554 -0.6024 -0.2577
vn -0.7228 -0.5765 -0.3810
vn -0.6780 -0.5407 -0.4980
vn -0.6216 -0.4957 -0.6065
vn -0.5546 -0.4423 -0.7048
vn -0.4782 -0.3814 -0.7911
vn -0.3936 -0.3139 -0.8640
vn -0.3023 -0.2411 -0.9222
vn -0.2058 -0.1641 -0.9648
vn -0.1056 -0.0842 -0.9908
vn -0.0000 -0.0000 1.0000
vn -0.1217 -0.0586 0.9908
vn -0.2371 -0.1142 0.9648
vn -0.3484 -0.1678 0.9222
vn -0.4536 -0.2185 0.8640
vn -0.5511 -0.2654 0.7911
vn -0.6392 -0.3078 0.7048
vn -0.7163 -0.3450 0.6065
vn -0.7813 -0.3763 0.4980
vn -0.8330 -0.4011 0.3810
vn -0.8705 -0.4192 0.2577
vn -0.8933 -0.4302 0.1299
vn -0.9010 -0.4339 -0.0000
vn -0.8933 -0.4302 -0.1299
vn -0.8705 -0.4192 -0.2577
vn -0.8330 -0.4012 -0.3810
vn -0.7813 -0.3763 -0.4980
vn -0.7163 -0.3450 -0.6065
vn -0.6392 -0.3078 -0.7048
vn -0.5511 -0.2654 -0.7911
vn -0.4536 -0.2185 -0.8640
vn -0.3484 -0.1678 -0.9222
vn -0.2371 -0.1142 -0.9648
vn -0.1217 -0.0586 -0.9908
vn -0.1317 -0.0301 0.9908
vn -0.2566 -0.0586 0.9648
vn -0.3770 -0.0860 0.9222
vn -0.4909 -0.1120 0.8640
vn -0.5963 -0.1361 0.7911
vn -0.6916 -0.1579 0.7048
vn -0.7751 -0.1769 0.6065
vn -0.8454 -0.1930 0.4980
vn -0.9014 -0.2057 0.3810
vn -0.9420 -0.2150 0.2577
vn -0.9667 -0.2206 0.1299
vn -0.9749 -0.2225 -0.0000
vn -0.9667 -0.2206 -0.1299
vn -0.9420 -0.2150 -0.2577
vn -0.9014 -0.2057 -0.3810
vn -0.8454 -0.1930 -0.4980
vn -0.7751 -0.1769 -0.6065
vn -0.6916 -0.1579 -0.7048
vn -0.5963 -0.1361 -0.7911
vn -0.4909 -0.1120 -0.8640
vn -0.3770 -0.0860 -0.9222
vn -0.2566 -0.0586 -0.9648
vn -0.1317 -0.0301 -0.9908
vn -0.1351 -0.0000 0.9908
vn -0.2632 -0.0000 0.9648
vn -0.3867 -0.0000 0.9222
vn -0.5035 -0.0000 0.8640
vn -0.6117 -0.0000 0.7911
vn -0.7094 -0.0000 0.7048
vn -0.7951 -0.0000 0.6065
vn -0.8672 -0.0000 0.4980
vn -0.9246 -0.0000 0.3810
vn -0.9662 -0.0000 0.2577
vn -0.9915 -0.0000 0.1299
vn -1.0000 -0.0000 -0.0000
vn -0.9915 -0.0000 -0.1299
vn -0.9662 -0.0000 -0.2577
vn -0.9246 -0.0000 -0.3810
vn -0.8672 -0.0000 -0.4980
vn -0.7951 -0.0000 -0.6065
vn -0.7094 -0.0000 -0.7048
vn -0.6117 -0.0000 -0.7911
vn -0.5035 -0.0000 -0.8640
vn -0.3867 -0.0000 -0.9222
vn -0.2632 -0.0000 -0.9648
vn -0.1351 -0.0000 -0.9908
vn -0.1317 0.0301 0.9908
vn -0.2566 0.0586 0.9648
vn -0.3770 0.0860 0.9222
vn -0.4909 0.1120 0.8640
vn -0.5963 0.1361 0.7911
vn -0.6916 0.1579 0.7048
vn -0.7751 0.1769 0.6065
vn -0.8454 0.1930 0.4980
vn -0.9014 0.2057 0.3810
vn -0.9420 0.2150 0.2577
vn -0.9667 0.2206 0.1299
vn -0.9749 0.2225 -0.0000
vn -0.9667 0.2206 -0.1299
vn -0.9420 0.2150 -0.2577
vn -0.9014 0.2057 -0.3810
vn -0.8454 0.1930 -0.4980
vn -0.7751 0.1769 -0.6065
vn -0.6916 0.1579 -0.7048
vn -0.5963 0.1361 -0.7911
vn -0.4909 0.1120 -0.8640
vn -0.3770 0.0860 -0.9222
vn -0.2566 0.0586 -0.9648
vn -0.1317 0.0301 -0.9908
vn -0.1217 0.0586 0.9908
vn -0.2371 0.1142 0.9648
vn -0.3484 0.1678 0.9222
vn -0.4536 0.2185 0.8640
vn -0.5511 0.2654 0.7911
vn -0.6392 0.3078 0.7048
vn -0.7163 0.3450 0.6065
vn -0.7813 0.3763 0.4980
vn -0.8330 0.4012 0.3810
vn -0.8705 0.4192 0.2577
vn -0.8933 0.4302 0.1299
vn -0.9010 0.4339 -0.0000
vn -0.8933 0.4302 -0.1299
vn -0.8705 0.4192 -0.2577
vn -0.8330 0.4011 -0.3810
vn -0.7813 0.3763 -0.4980
vn -0.7163 0.3450 -0.6065
vn -0.6392 0.3078 -0.7048
vn -0.5511 0.2654 -0.7911
vn -0.4536 0.2185 -0.8640
vn -0.3484 0.1678 -0.9222
vn -0.2371 0.1142 -0.9647
vn -0.1217 0.0586 -0.9908
vn -0.1056 0.0842 0.9908
vn -0.2058 0.1641 0.9647
vn -0.3023 0.2411 0.9222
vn -0.3936 0.3139 0.8640
vn -0.4782 0.3814 0.7911
vn -0.5547 0.4423 0.7048
vn -0.6216 0.4957 0.6065
vn -0.6780 0.5407 0.4980
vn -0.7228 0.5765 0.3810
vn -0.7554 0.6024 0.2577
vn -0.7752 0.6182 0.1299
vn -0.7818 0.6235 -0.0000
vn -0.7752 0.6182 -0.1299
vn -0.7554 0.6024 -0.2577
vn -0.7228 0.5765 -0.3810
vn -0.6780 0.5407 -0.4980
vn -0.6216 0.4957 -0.6065
vn -0.5547 0.4423 -0.7048
vn -0.4782 0.3814 -0.7911
vn -0.3936 0.3139 -0.8640
vn -0.3023 0.2411 -0.9222
vn -0.2058 0.1641 -0.9648
vn -0.1056 0.0842 -0.9908
vn -0.0842 0.1056 0.9908
vn -0.1641 0.2058 0.9648
vn -0.2411 0.3023 0.9222
vn -0.3139 0.3936 0.8640
vn -0.3814 0.4782 0.7911
vn -0.4423 0.5547 0.7048
vn -0.4957 0.6216 0.6065
vn -0.5407 0.6780 0.4980
vn -0.5765 0.7228 0.3810
vn -0.6024 0.7554 0.2577
vn -0.6182 0.7752 0.1299
vn -0.6235 0.7818 -0.0000
vn -0.6182 0.7752 -0.1299
vn -0.6024 0.7554 -0.2577
vn -0.5765 0.7228 -0.3810
vn -0.5407 0.6780 -0.4980
vn -0.4957 0.6216 -0.6065
vn -0.4423 0.5546 -0.7048
vn -0.3814 0.4782 -0.7911
vn -0.3139 0.3936 -0.8640
vn -0.2411 0.3023 -0.9222
vn -0.1641 0.2058 -0.9648
vn -0.0842 0.1056 -0.9908
vn -0.0586 0.1217 0.9908
vn -0.1142 0.2371 0.9648
vn -0.1678 0.3484 0.9222
vn -0.2185 0.4536 0.8640
vn -0.2654 0.5511 0.7911
vn -0.3078 0.6392 0.7048
vn -0.3450 0.7163 0.6065
vn -0.3763 0.7813 0.4980
vn -0.4011 0.8330 0.3810
vn -0.4192 0.8705 0.2577
vn -0.4302 0.8933 0.1299
vn -0.4339 0.9010 -0.0000
vn -0.4302 0.8933 -0.1299
vn -0.4192 0.8705 -0.2577
vn -0.4011 0.8330 -0.3810
vn -0.3763 0.7813 -0.4980
vn -0.3450 0.7163 -0.6065
vn -0.3078 0.6392 -0.7048
vn -0.2654 0.5511 -0.7911
vn -0.2185 0.4536 -0.8640
vn -0.1678 0.3484 -0.9222
vn -0.1142 0.2371 -0.9648
vn -0.0586 0.1217 -0.9908
vn -0.0301 0.1317 0.9908
vn -0.0586 0.2566 0.9648
vn -0.0860 0.3770 0.9222
vn -0.1120 0.4909 0.8640
vn -0.1361 0.5963 0.7911
vn -0.1579 0.6916 0.7048
vn -0.1769 0.7751 0.6065
vn -0.1930 0.8454 0.4980
vn -0.2057 0.9014 0.3810
vn -0.2150 0.9420 0.2577
vn -0.2206 0.9667 0.1299
vn -0.2225 0.9749 -0.0000
vn -0.2206 0.9667 -0.1299
vn -0.2150 0.9420 -0.2577
vn -0.2057 0.9014 -0.3810
vn -0.1930 0.8454 -0.4980
vn -0.1769 0.7751 -0.6065
vn -0.1579 0.6916 -0.7048
vn -0.1361 0.5963 -0.7911
vn -0.1120 0.4909 -0.8640
vn -0.0860 0.3770 -0.9222
vn -0.0586 0.2566 -0.9647
vn -0.0301 0.1317 -0.9908
vn -0.0000 0.1351 0.9908
vn -0.0000 0.2632 0.9648
vn -0.0000 0.3867 0.9222
vn -0.0000 0.5035 0.8640
vn -0.0000 0.6117 0.7911
vn -0.0000 0.7094 0.7048
vn -0.0000 0.7951 0.6065
vn -0.0000 0.8672 0.4980
vn -0.0000 0.9246 0.3810
vn -0.0000 0.9662 0.2577
vn -0.0000 0.9915 0.1299
vn -0.0000 1.0000 -0.0000
vn -0.0000 0.9915 -0.1299
vn -0.0000 0.9662 -0.2577
vn -0.0000 0.9246 -0.3810
vn -0.0000 0.8672 -0.4980
vn -0.0000 0.7951 -0.6065
vn -0.0000 0.7094 -0.7048
vn -0.0000 0.6117 -0.7911
vn -0.0000 0.5035 -0.8640
vn -0.0000 0.3867 -0.9222
vn -0.0000 0.2632 -0.9648
vn -0.0000 0.1351 -0.9908
vn 0.0301 0.1317 0.9908
vn 0.0586 0.2566 0.9648
vn 0.0860 0.3770 0.9222
vn 0.1120 0.4909 0.8640
vn 0.1361 0.5963 0.7911
vn 0.1579 0.6916 0.7048
vn 0.1769 0.7751 0.6065
vn 0.1930 0.8454 0.4980
vn 0.2057 0.9014 0.3810
vn 0.2150 0.9420 0.2577
vn 0.2206 0.9667 0.1299
vn 0.2225 0.9749 -0.0000
vn 0.2206 0.9667 -0.1299
vn 0.2150 0.9420 -0.2577
vn 0.2057 0.9014 -0.3810
vn 0.1930 0.8454 -0.4980
vn 0.1769 0.7751 -0.6065
vn 0.1579 0.6916 -0.7048
vn 0.1361 0.5963 -0.7911
vn 0.1120 0.4909 -0.8640
vn 0.0860 0.3770 -0.9222
vn 0.0586 0.2566 -0.9647
vn 0.0301 0.1317 -0.9908
vn 0.0586 0.1217 0.9908
vn 0.1142 0.2371 0.9648
vn 0.1678 0.3484 0.9222
vn 0.2185 0.4536 0.8640
vn 0.2654 0.5511 0.7911
vn 0.3078 0.6392 0.7048
vn 0.3450 0.7163 0.6065
vn 0.3763 0.7813 0.4980
vn 0.4012 0.8330 0.3810
vn 0.4192 0.8705 0.2577
vn 0.4302 0.8933 0.1299
vn 0.4339 0.9010 -0.0000
vn 0.4302 0.8933 -0.1299
vn 0.4192 0.8705 -0.2577
vn 0.4012 0.8330 -0.3810
vn 0.3763 0.7813 -0.4980
vn 0.3450 0.7163 -0.6065
vn 0.3078 0.6392 -0.7048
vn 0.2654 0.5511 -0.7911
vn 0.2185 0.4536 -0.8640
vn 0.1678 0.3484 -0.9222
vn 0.1142 0.2371 -0.9648
vn 0.0586 0.1217 -0.9908
vn 0.0842 0.1056 0.9908
vn 0.1641 0.2058 0.9648
vn 0.2411 0.3023 0.9222
vn 0.3139 0.3936 0.8640
vn 0.3814 0.4782 0.7911
vn 0.4423 0.5546 0.7048
vn 0.4957 0.6216 0.6065
vn 0.5407 0.6780 0.4980
vn 0.5765 0.7228 0.3810
vn 0.6024 0.7554 0.2577
vn 0.6182 0.7752 0.1299
vn 0.6235 0.7818 -0.0000
vn 0.6182 0.7752 -0.1299
vn 0.6024 0.7554 -0.2577
vn 0.5765 0.7228 -0.3810
vn 0.5407 0.6780 -0.4980
vn 0.4957 0.6216 -0.6065
vn 0.4423 0.5546 -0.7048
vn 0.3814 0.4782 -0.7911
vn 0.3139 0.3936 -0.8640
vn 0.2411 0.3023 -0.9222
vn 0.1641 0.2058 -0.9648
vn 0.0842 0.1056 -0.9908
vn 0.1056 0.0842 0.9908
vn 0.2058 0.1641 0.9648
vn 0.3023 0.2411 0.9222
vn 0.3936 0.3139 0.8640
vn 0.4782 0.3814 0.7911
vn 0.5547 0.4423 0.7048
vn 0.6216 0.4957 0.6065
vn 0.6780 0.5407 0.4980
vn 0.7228 0.5765 0.3810
vn 0.7554 0.6024 0.2577
vn 0.7752 0.6182 0.1299
vn 0.7818 0.6235 -0.0000
vn 0.7752 0.6182 -0.1299
vn 0.7554 0.6024 -0.2577
vn 0.7228 0.5765 -0.3810
vn 0.6780 0.5407 -0.4980
vn 0.6216 0.4957 -0.6065
vn 0.5547 0.4423 -0.7048
vn 0.4782 0.3814 -0.7911
vn 0.3936 0.3139 -0.8640
vn 0.3023 0.2411 -0.9222
vn 0.2058 0.1641 -0.9648
vn 0.1056 0.0842 -0.9908
vn 0.1217 0.0586 0.9908
vn 0.2371 0.1142 0.9648
vn 0.3484 0.1678 0.9222
vn 0.4536 0.2185 0.8640
vn 0.5511 0.2654 0.7911
vn 0.6392 0.3078 0.7048
vn 0.7163 0.3450 0.6065
vn 0.7813 0.3763 0.4980
vn 0.8330 0.4011 0.3810
vn 0.8705 0.4192 0.2577
vn 0.8933 0.4302 0.1299
vn 0.9010 0.4339 -0.0000
vn 0.8933 0.4302 -0.1299
vn 0.8705 0.4192 -0.2577
vn 0.8330 0.4011 -0.3810
vn 0.7813 0.3763 -0.4980
vn 0.7163 0.3450 -0.6065
vn 0.6392 0.3078 -0.7048
vn 0.5511 0.2654 -0.7911
vn 0.4536 0.2185 -0.8640
vn 0.3484 0.1678 -0.9222
vn 0.2371 0.1142 -0.9648
vn 0.1217 0.0586 -0.9908
vn 0.1317 0.0301 0.9908
vn 0.2566 0.0586 0.9648
vn 0.3770 0.0860 0.9222
vn 0.4909 0.1120 0.8640
vn 0.5963 0.1361 0.7911
vn 0.6916 0.1579 0.7048
vn 0.7751 0.1769 0.6065
vn 0.8454 0.1930 0.4980
vn 0.9014 0.2057 0.3810
vn 0.9420 0.2150 0.2577
vn 0.9667 0.2206 0.1299
vn 0.9749 0.2225 -0.0000
vn 0.9667 0.2206 -0.1299
vn 0.9420 0.2150 -0.2577
vn 0.9014 0.2057 -0.3810
vn 0.8454 0.1930 -0.4980
vn 0.7751 0.1769 -0.6065
vn 0.6916 0.1579 -0.7048
vn 0.5963 0.1361 -0.7911
vn 0.4909 0.1120 -0.8640
vn 0.3770 0.0860 -0.9222
vn 0.2566 0.0586 -0.9648
vn 0.1317 0.0301 -0.9908
vn -0.0000 -0.0000 -1.0000
vn 0.1351 -0.0000 0.9908
vn 0.2632 -0.0000 0.9648
vn 0.3867 -0.0000 0.9222
vn 0.5035 -0.0000 0.8640
vn 0.6117 -0.0000 0.7911
vn 0.7094 -0.0000 0.7048
vn 0.7951 -0.0000 0.6065
vn 0.8672 -0.0000 0.4980
vn 0.9246 -0.0000 0.3810
vn 0.9662 -0.0000 0.2577
vn 0.9915 -0.0000 0.1299
vn 1.0000 -0.0000 -0.0000
vn 0.9915 -0.0000 -0.1299
vn 0.9662 -0.0000 -0.2577
vn 0.9246 -0.0000 -0.3810
vn 0.8672 -0.0000 -0.4980
vn 0.7951 -0.0000 -0.6065
vn 0.7094 -0.0000 -0.7048
vn 0.6117 -0.0000 -0.7911
vn 0.5035 -0.0000 -0.8640
vn 0.3867 -0.0000 -0.9222
vn 0.2632 -0.0000 -0.9648
vn 0.1351 -0.0000 -0.9908
vn 0.1317 -0.0301 0.9908
vn 0.2566 -0.0586 0.9648
vn 0.3770 -0.0860 0.9222
vn 0.4909 -0.1120 0.8640
vn 0.5963 -0.1361 0.7911
vn 0.6916 -0.1579 0.7048
vn 0.7751 -0.1769 0.6065
vn 0.8454 -0.1930 0.4980
vn 0.9014 -0.2057 0.3810
vn 0.9420 -0.2150 0.2577
vn 0.9667 -0.2206 0.1299
vn 0.9749 -0.2225 -0.0000
vn 0.9667 -0.2206 -0.1299
vn 0.9420 -0.2150 -0.2577
vn 0.9014 -0.2057 -0.3810
vn 0.8454 -0.1930 -0.4980
vn 0.7751 -0.1769 -0.6065
vn 0.6916 -0.1579 -0.7048
vn 0.5963 -0.1361 -0.7911
vn 0.4909 -0.1120 -0.8640
vn 0.3770 -0.0860 -0.9222
vn 0.2566 -0.0586 -0.9648
vn 0.1317 -0.0301 -0.9908
vn 0.1217 -0.0586 0.9908
vn 0.2371 -0.1142 0.9648
vn 0.3484 -0.1678 0.9222
vn 0.4536 -0.2185 0.8640
vn 0.5511 -0.2654 0.7911
vn 0.6392 -0.3078 0.7048
vn 0.7163 -0.3450 0.6065
vn 0.7813 -0.3763 0.4980
vn 0.8330 -0.4012 0.3810
vn 0.8705 -0.4192 0.2577
vn 0.8933 -0.4302 0.1299
vn 0.9010 -0.4339 -0.0000
vn 0.8933 -0.4302 -0.1299
vn 0.8705 -0.4192 -0.2577
vn 0.8330 -0.4012 -0.3810
vn 0.7813 -0.3763 -0.4980
vn 0.7163 -0.3450 -0.6065
vn 0.6392 -0.3078 -0.7048
vn 0.5511 -0.2654 -0.7911
vn 0.4536 -0.2185 -0.8640
vn 0.3484 -0.1678 -0.9222
vn 0.2371 -0.1142 -0.9648
vn 0.1217 -0.0586 -0.9908
vn 0.1056 -0.0842 0.9908
vn 0.2058 -0.1641 0.9648
vn 0.3023 -0.2411 0.9222
vn 0.3936 -0.3139 0.8640
vn 0.4782 -0.3814 0.7911
vn 0.5546 -0.4423 0.7048
vn 0.6216 -0.4957 0.6065
vn 0.6780 -0.5407 0.4980
vn 0.7228 -0.5765 0.3810
vn 0.7554 -0.6024 0.2577
vn 0.7752 -0.6182 0.1299
vn 0.7818 -0.6235 -0.0000
vn 0.7752 -0.6182 -0.1299
vn 0.7554 -0.6024 -0.2577
vn 0.7228 -0.5765 -0.3810
vn 0.6780 -0.5407 -0.4980
vn 0.6216 -0.4957 -0.6065
vn 0.5546 -0.4423 -0.7048
vn 0.4782 -0.3814 -0.7911
vn 0.3936 -0.3139 -0.8640
vn 0.3023 -0.2411 -0.9222
vn 0.2058 -0.1641 -0.9648
vn 0.1056 -0.0842 -0.9908
vn 0.0842 -0.1056 0.9908
vn 0.1641 -0.2058 0.9648
vn 0.2411 -0.3023 0.9222
vn 0.3139 -0.3936 0.8640
vn 0.3814 -0.4782 0.7911
vn 0.4423 -0.5547 0.7048
vn 0.4957 -0.6216 0.6065
vn 0.5407 -0.6780 0.4980
vn 0.5765 -0.7228 0.3810
vn 0.6024 -0.7554 0.2577
vn 0.6182 -0.7752 0.1299
vn 0.6235 -0.7818 -0.0000
vn 0.6182 -0.7752 -0.1299
vn 0.6024 -0.7554 -0.2577
vn 0.5765 -0.7228 -0.3810
vn 0.5407 -0.6780 -0.4980
vn 0.4957 -0.6216 -0.6065
vn 0.4423 -0.5547 -0.7048
vn 0.3814 -0.4782 -0.7911
vn 0.3139 -0.3936 -0.8640
vn 0.2411 -0.3023 -0.9222
vn 0.1641 -0.2058 -0.9647
vn 0.0842 -0.1056 -0.9908
vn 0.0586 -0.1217 0.9908
vn 0.1142 -0.2371 0.9648
vn 0.1678 -0.3484 0.9222
vn 0.2185 -0.4536 0.8640
vn 0.2654 -0.5511 0.7911
vn 0.3078 -0.6392 0.7048
vn 0.3450 -0.7163 0.6065
vn 0.3763 -0.7813 0.4980
vn 0.4011 -0.8330 0.3810
vn 0.4192 -0.8705 0.2577
vn 0.4302 -0.8933 0.1299
vn 0.4339 -0.9010 -0.0000
vn 0.4302 -0.8933 -0.1299
vn 0.4192 -0.8705 -0.2577
vn 0.4011 -0.8330 -0.3810
vn 0.3763 -0.7813 -0.4980
vn 0.3450 -0.7163 -0.6065
vn 0.3078 -0.6392 -0.7048
vn 0.2654 -0.5511 -0.7911
vn 0.2185 -0.4536 -0.8640
vn 0.1678 -0.3484 -0.9222
vn 0.1142 -0.2371 -0.9648
vn 0.0586 -0.1217 -0.9908
vn 0.0301 -0.1317 0.9908
vn 0.0586 -0.2566 0.9647
vn 0.0860 -0.3770 0.9222
vn 0.1120 -0.4909 0.8640
vn 0.1361 -0.5963 0.7911
vn 0.1579 -0.6916 0.7048
vn 0.1769 -0.7751 0.6065
vn 0.1930 -0.8454 0.4980
vn 0.2057 -0.9014 0.3810
vn 0.2150 -0.9420 0.2577
vn 0.2206 -0.9667 0.1299
vn 0.2225 -0.9749 -0.0000
vn 0.2206 -0.9667 -0.1299
vn 0.2150 -0.9420 -0.2577
vn 0.2057 -0.9014 -0.3810
vn 0.1930 -0.8454 -0.4980
vn 0.1769 -0.7751 -0.6065
vn 0.1579 -0.6916 -0.7048
vn 0.1361 -0.5963 -0.7911
vn 0.1120 -0.4909 -0.8640
vn 0.0860 -0.3770 -0.9222
vn 0.0586 -0.2566 -0.9648
vn 0.0301 -0.1317 -0.9908
vn -0.0000 -0.3867 0.9222
vn -0.0000 -0.5035 0.8640
vn -0.0000 -0.6117 0.7911
vn -0.0000 -0.7094 0.7048
vn -0.0000 -0.7951 0.6065
vn -0.0000 -0.8672 0.4980
vn -0.0000 -0.9662 0.2577
vn -0.0000 -0.9915 0.1299
vn -0.0000 -1.0000 -0.0000
vn -0.0000 -0.9662 -0.2577
vn -0.0000 -0.8672 -0.4980
vn -0.0000 -0.7951 -0.6065
vn -0.0000 -0.7094 -0.7048
vn -0.0000 -0.6117 -0.7911
vn -0.0000 -0.5035 -0.8640
vn -0.0000 -0.3867 -0.9222
vn -0.0000 -0.2632 -0.9648
vt 0.750000 0.291667
vt 0.714286 0.250000
vt 0.750000 0.250000
vt 0.750000 0.541667
vt 0.714286 0.583333
vt 0.714286 0.541667
vt 0.750000 0.833333
vt 0.714286 0.875000
vt 0.714286 0.833333
vt 0.714286 0.208333
vt 0.750000 0.208333
vt 0.714286 0.500000
vt 0.750000 0.500000
vt 0.750000 0.791667
vt 0.714286 0.791667
vt 0.714286 0.166667
vt 0.750000 0.166667
vt 0.750000 0.458333
vt 0.714286 0.458333
vt 0.750000 0.750000
vt 0.714286 0.750000
vt 0.714286 0.125000
vt 0.750000 0.125000
vt 0.714286 0.416667
vt 0.750000 0.416667
vt 0.750000 0.708333
vt 0.714286 0.708333
vt 0.714286 0.083333
vt 0.750000 0.083333
vt 0.714286 0.375000
vt 0.750000 0.375000
vt 0.714286 0.666667
vt 0.750000 0.666667
vt 0.750000 0.041667
vt 0.714286 0.041667
vt 0.750000 0.958333
vt 0.732143 1.000000
vt 0.714286 0.958333
vt 0.714286 0.333333
vt 0.750000 0.333333
vt 0.750000 0.625000
vt 0.714286 0.625000
vt 0.732143 0.000000
vt 0.750000 0.916667
vt 0.714286 0.916667
vt 0.714286 0.291667
vt 0.750000 0.583333
vt 0.750000 0.875000
vt 0.678571 0.625000
vt 0.696429 0.000000
vt 0.678571 0.041667
vt 0.678571 0.916667
vt 0.678571 0.291667
vt 0.678571 0.583333
vt 0.678571 0.875000
vt 0.678571 0.250000
vt 0.678571 0.541667
vt 0.678571 0.833333
vt 0.678571 0.208333
vt 0.678571 0.500000
vt 0.678571 0.791667
vt 0.678571 0.166667
vt 0.678571 0.458333
vt 0.678571 0.750000
vt 0.678571 0.125000
vt 0.678571 0.416667
vt 0.678571 0.708333
vt 0.678571 0.083333
vt 0.678571 0.375000
vt 0.678571 0.666667
vt 0.696429 1.000000
vt 0.678571 0.958333
vt 0.678571 0.333333
vt 0.642857 0.250000
vt 0.642857 0.208333
vt 0.642857 0.541667
vt 0.642857 0.500000
vt 0.642857 0.791667
vt 0.642857 0.166667
vt 0.642857 0.458333
vt 0.642857 0.750000
vt 0.642857 0.125000
vt 0.642857 0.416667
vt 0.642857 0.708333
vt 0.642857 0.083333
vt 0.642857 0.375000
vt 0.642857 0.666667
vt 0.642857 0.041667
vt 0.660714 1.000000
vt 0.642857 0.958333
vt 0.642857 0.333333
vt 0.642857 0.625000
vt 0.660714 0.000000
vt 0.642857 0.916667
vt 0.642857 0.291667
vt 0.642857 0.583333
vt 0.642857 0.875000
vt 0.642857 0.833333
vt 0.607143 0.750000
vt 0.607143 0.708333
vt 0.607143 0.083333
vt 0.607143 0.375000
vt 0.607143 0.666667
vt 0.607143 0.041667
vt 0.625000 1.000000
vt 0.607143 0.958333
vt 0.607143 0.333333
vt 0.607143 0.625000
vt 0.625000 0.000000
vt 0.607143 0.916667
vt 0.607143 0.291667
vt 0.607143 0.583333
vt 0.607143 0.875000
vt 0.607143 0.250000
vt 0.607143 0.541667
vt 0.607143 0.833333
vt 0.607143 0.208333
vt 0.607143 0.500000
vt 0.607143 0.791667
vt 0.607143 0.166667
vt 0.607143 0.458333
vt 0.607143 0.125000
vt 0.607143 0.416667
vt 0.571429 0.583333
vt 0.571429 0.875000
vt 0.571429 0.250000
vt 0.571429 0.541667
vt 0.571429 0.833333
vt 0.571429 0.208333
vt 0.571429 0.500000
vt 0.571429 0.791667
vt 0.571429 0.166667
vt 0.571429 0.458333
vt 0.571429 0.750000
vt 0.571429 0.125000
vt 0.571429 0.416667
vt 0.571429 0.708333
vt 0.571429 0.083333
vt 0.571429 0.375000
vt 0.571429 0.666667
vt 0.571429 0.041667
vt 0.589286 1.000000
vt 0.571429 0.958333
vt 0.571429 0.333333
vt 0.571429 0.625000
vt 0.589286 0.000000
vt 0.571429 0.916667
vt 0.571429 0.291667
vt 0.535714 0.166667
vt 0.535714 0.500000
vt 0.535714 0.458333
vt 0.535714 0.750000
vt 0.535714 0.125000
vt 0.535714 0.416667
vt 0.535714 0.708333
vt 0.535714 0.083333
vt 0.535714 0.375000
vt 0.535714 0.666667
vt 0.535714 0.041667
vt 0.553571 1.000000
vt 0.535714 0.958333
vt 0.535714 0.333333
vt 0.535714 0.625000
vt 0.553571 0.000000
vt 0.535714 0.916667
vt 0.535714 0.291667
vt 0.535714 0.583333
vt 0.535714 0.875000
vt 0.535714 0.250000
vt 0.535714 0.541667
vt 0.535714 0.833333
vt 0.535714 0.208333
vt 0.535714 0.791667
vt 0.500000 0.666667
vt 0.500000 0.083333
vt 0.500000 0.041667
vt 0.517857 1.000000
vt 0.500000 0.958333
vt 0.500000 0.333333
vt 0.500000 0.625000
vt 0.517857 0.000000
vt 0.500000 0.916667
vt 0.500000 0.291667
vt 0.500000 0.583333
vt 0.500000 0.875000
vt 0.500000 0.250000
vt 0.500000 0.541667
vt 0.500000 0.833333
vt 0.500000 0.208333
vt 0.500000 0.500000
vt 0.500000 0.791667
vt 0.500000 0.166667
vt 0.500000 0.458333
vt 0.500000 0.750000
vt 0.500000 0.125000
vt 0.500000 0.416667
vt 0.500000 0.708333
vt 0.500000 0.375000
vt 0.464286 0.541667
vt 0.464286 0.833333
vt 0.464286 0.208333
vt 0.464286 0.500000
vt 0.464286 0.791667
vt 0.464286 0.166667
vt 0.464286 0.458333
vt 0.464286 0.750000
vt 0.464286 0.125000
vt 0.464286 0.416667
vt 0.464286 0.708333
vt 0.464286 0.083333
vt 0.464286 0.375000
vt 0.464286 0.666667
vt 0.464286 0.041667
vt 0.482143 1.000000
vt 0.464286 0.958333
vt 0.464286 0.333333
vt 0.464286 0.625000
vt 0.482143 0.000000
vt 0.464286 0.916667
vt 0.464286 0.291667
vt 0.464286 0.583333
vt 0.464286 0.875000
vt 0.464286 0.250000
vt 0.428571 0.125000
vt 0.428571 0.416667
vt 0.428571 0.750000
vt 0.428571 0.708333
vt 0.428571 0.083333
vt 0.428571 0.375000
vt 0.428571 0.666667
vt 0.428571 0.041667
vt 0.446429 1.000000
vt 0.428571 0.958333
vt 0.428571 0.333333
vt 0.428571 0.625000
vt 0.446429 0.000000
vt 0.428571 0.916667
vt 0.428571 0.291667
vt 0.428571 0.583333
vt 0.428571 0.875000
vt 0.428571 0.250000
vt 0.428571 0.541667
vt 0.428571 0.833333
vt 0.428571 0.208333
vt 0.428571 0.500000
vt 0.428571 0.791667
vt 0.428571 0.166667
vt 0.428571 0.458333
vt 0.392857 0.666667
vt 0.392857 0.625000
vt 0.410714 0.000000
vt 0.392857 0.041667
vt 0.392857 0.916667
vt 0.392857 0.333333
vt 0.392857 0.291667
vt 0.392857 0.583333
vt 0.392857 0.875000
vt 0.392857 0.250000
vt 0.392857 0.541667
vt 0.392857 0.833333
vt 0.392857 0.208333
vt 0.392857 0.500000
vt 0.392857 0.791667
vt 0.392857 0.166667
vt 0.392857 0.458333
vt 0.392857 0.750000
vt 0.392857 0.125000
vt 0.392857 0.416667
vt 0.392857 0.708333
vt 0.392857 0.083333
vt 0.392857 0.375000
vt 0.410714 1.000000
vt 0.392857 0.958333
vt 0.357143 0.500000
vt 0.357143 0.791667
vt 0.357143 0.166667
vt 0.357143 0.458333
vt 0.357143 0.750000
vt 0.357143 0.125000
vt 0.357143 0.416667
vt 0.357143 0.708333
vt 0.357143 0.083333
vt 0.357143 0.375000
vt 0.357143 0.666667
vt 0.357143 0.041667
vt 0.375000 1.000000
vt 0.357143 0.958333
vt 0.357143 0.333333
vt 0.357143 0.625000
vt 0.375000 0.000000
vt 0.357143 0.916667
vt 0.357143 0.291667
vt 0.357143 0.583333
vt 0.357143 0.875000
vt 0.357143 0.250000
vt 0.357143 0.541667
vt 0.357143 0.833333
vt 0.357143 0.208333
vt 0.321429 0.083333
vt 0.321429 0.416667
vt 0.321429 0.375000
vt 0.321429 0.666667
vt 0.321429 0.041667
vt 0.339286 1.000000
vt 0.321429 0.958333
vt 0.321429 0.333333
vt 0.321429 0.625000
vt 0.339286 0.000000
vt 0.321429 0.916667
vt 0.321429 0.291667
vt 0.321429 0.583333
vt 0.321429 0.875000
vt 0.321429 0.250000
vt 0.321429 0.541667
vt 0.321429 0.833333
vt 0.321429 0.208333
vt 0.321429 0.500000
vt 0.321429 0.791667
vt 0.321429 0.166667
vt 0.321429 0.458333
vt 0.321429 0.750000
vt 0.321429 0.125000
vt 0.321429 0.708333
vt 0.285714 0.583333
vt 0.285714 0.875000
vt 0.285714 0.250000
vt 0.285714 0.541667
vt 0.285714 0.833333
vt 0.285714 0.208333
vt 0.285714 0.500000
vt 0.285714 0.791667
vt 0.285714 0.166667
vt 0.285714 0.458333
vt 0.285714 0.750000
vt 0.285714 0.125000
vt 0.285714 0.416667
vt 0.285714 0.708333
vt 0.285714 0.083333
vt 0.285714 0.375000
vt 0.285714 0.666667
vt 0.285714 0.041667
vt 0.303571 1.000000
vt 0.285714 0.958333
vt 0.285714 0.333333
vt 0.285714 0.625000
vt 0.303571 0.000000
vt 0.285714 0.916667
vt 0.285714 0.291667
vt 0.250000 0.500000
vt 0.250000 0.458333
vt 0.250000 0.750000
vt 0.250000 0.125000
vt 0.250000 0.416667
vt 0.250000 0.708333
vt 0.250000 0.083333
vt 0.250000 0.375000
vt 0.250000 0.666667
vt 0.250000 0.041667
vt 0.267857 1.000000
vt 0.250000 0.958333
vt 0.250000 0.333333
vt 0.250000 0.625000
vt 0.267857 0.000000
vt 0.250000 0.916667
vt 0.250000 0.291667
vt 0.250000 0.583333
vt 0.250000 0.875000
vt 0.250000 0.250000
vt 0.250000 0.541667
vt 0.250000 0.833333
vt 0.250000 0.208333
vt 0.250000 0.791667
vt 0.250000 0.166667
vt 0.214286 0.083333
vt 0.214286 0.041667
vt 0.232143 1.000000
vt 0.214286 0.958333
vt 0.214286 0.333333
vt 0.214286 0.666667
vt 0.214286 0.625000
vt 0.232143 0.000000
vt 0.214286 0.916667
vt 0.214286 0.291667
vt 0.214286 0.583333
vt 0.214286 0.875000
vt 0.214286 0.250000
vt 0.214286 0.541667
vt 0.214286 0.833333
vt 0.214286 0.208333
vt 0.214286 0.500000
vt 0.214286 0.791667
vt 0.214286 0.166667
vt 0.214286 0.458333
vt 0.214286 0.750000
vt 0.214286 0.125000
vt 0.214286 0.416667
vt 0.214286 0.708333
vt 0.214286 0.375000
vt 0.178571 0.541667
vt 0.178571 0.875000
vt 0.178571 0.833333
vt 0.178571 0.208333
vt 0.178571 0.500000
vt 0.178571 0.791667
vt 0.178571 0.166667
vt 0.178571 0.458333
vt 0.178571 0.750000
vt 0.178571 0.125000
vt 0.178571 0.416667
vt 0.178571 0.708333
vt 0.178571 0.083333
vt 0.178571 0.375000
vt 0.178571 0.666667
vt 0.178571 0.041667
vt 0.196429 1.000000
vt 0.178571 0.958333
vt 0.178571 0.333333
vt 0.178571 0.625000
vt 0.196429 0.000000
vt 0.178571 0.916667
vt 0.178571 0.291667
vt 0.178571 0.583333
vt 0.178571 0.250000
vt 0.142857 0.416667
vt 0.142857 0.708333
vt 0.142857 0.125000
vt 0.142857 0.083333
vt 0.142857 0.375000
vt 0.142857 0.666667
vt 0.142857 0.041667
vt 0.160714 1.000000
vt 0.142857 0.958333
vt 0.142857 0.333333
vt 0.142857 0.625000
vt 0.160714 0.000000
vt 0.142857 0.916667
vt 0.142857 0.291667
vt 0.142857 0.583333
vt 0.142857 0.875000
vt 0.142857 0.250000
vt 0.142857 0.541667
vt 0.142857 0.833333
vt 0.142857 0.208333
vt 0.142857 0.500000
vt 0.142857 0.791667
vt 0.142857 0.166667
vt 0.142857 0.458333
vt 0.142857 0.750000
vt 0.125000 0.000000
vt 0.107143 0.041667
vt 0.107143 0.916667
vt 0.107143 0.333333
vt 0.107143 0.291667
vt 0.107143 0.583333
vt 0.107143 0.875000
vt 0.107143 0.250000
vt 0.107143 0.541667
vt 0.107143 0.833333
vt 0.107143 0.208333
vt 0.107143 0.500000
vt 0.107143 0.791667
vt 0.107143 0.166667
vt 0.107143 0.458333
vt 0.107143 0.750000
vt 0.107143 0.125000
vt 0.107143 0.416667
vt 0.107143 0.708333
vt 0.107143 0.083333
vt 0.107143 0.375000
vt 0.107143 0.666667
vt 0.125000 1.000000
vt 0.107143 0.958333
vt 0.107143 0.625000
vt 0.071429 0.500000
vt 0.071429 0.791667
vt 0.071429 0.208333
vt 0.071429 0.166667
vt 0.071429 0.458333
vt 0.071429 0.750000
vt 0.071429 0.125000
vt 0.071429 0.416667
vt 0.071429 0.708333
vt 0.071429 0.083333
vt 0.071429 0.375000
vt 0.071429 0.666667
vt 0.071429 0.041667
vt 0.089286 1.000000
vt 0.071429 0.958333
vt 0.071429 0.333333
vt 0.071429 0.625000
vt 0.089286 0.000000
vt 0.071429 0.916667
vt 0.071429 0.291667
vt 0.071429 0.583333
vt 0.071429 0.875000
vt 0.071429 0.250000
vt 0.071429 0.541667
vt 0.071429 0.833333
vt 0.035714 0.416667
vt 0.035714 0.375000
vt 0.035714 0.666667
vt 0.035714 0.041667
vt 0.053571 1.000000
vt 0.035714 0.958333
vt 0.035714 0.333333
vt 0.035714 0.625000
vt 0.053571 0.000000
vt 0.035714 0.916667
vt 0.035714 0.291667
vt 0.035714 0.583333
vt 0.035714 0.875000
vt 0.035714 0.250000
vt 0.035714 0.541667
vt 0.035714 0.833333
vt 0.035714 0.208333
vt 0.035714 0.500000
vt 0.035714 0.791667
vt 0.035714 0.166667
vt 0.035714 0.458333
vt 0.035714 0.750000
vt 0.035714 0.125000
vt 0.035714 0.708333
vt 0.035714 0.083333
vt 0.000000 0.916667
vt 0.000000 0.875000
vt 0.000000 0.291667
vt 0.000000 0.250000
vt 0.000000 0.541667
vt 0.000000 0.833333
vt 0.000000 0.208333
vt 0.000000 0.500000
vt 0.000000 0.791667
vt 0.000000 0.166667
vt 0.000000 0.458333
vt 0.000000 0.750000
vt 0.000000 0.125000
vt 0.000000 0.416667
vt 0.000000 0.708333
vt 0.000000 0.083333
vt 0.000000 0.375000
vt 0.000000 0.666667
vt 0.000000 0.041667
vt 0.017857 1.000000
vt 0.000000 0.958333
vt 0.000000 0.333333
vt 0.000000 0.625000
vt 0.017857 0.000000
vt 0.000000 0.583333
vt 1.000000 0.458333
vt 0.964286 0.500000
vt 0.964286 0.458333
vt 1.000000 0.750000
vt 0.964286 0.791667
vt 0.964286 0.750000
vt 1.000000 0.166667
vt 0.964286 0.125000
vt 1.000000 0.125000
vt 0.964286 0.416667
vt 1.000000 0.416667
vt 0.964286 0.708333
vt 1.000000 0.708333
vt 1.000000 0.083333
vt 0.964286 0.083333
vt 1.000000 0.375000
vt 0.964286 0.375000
vt 0.964286 0.666667
vt 1.000000 0.666667
vt 1.000000 0.041667
vt 0.964286 0.041667
vt 1.000000 0.958333
vt 0.982143 1.000000
vt 0.964286 0.958333
vt 0.964286 0.333333
vt 1.000000 0.333333
vt 1.000000 0.625000
vt 0.964286 0.625000
vt 0.982143 0.000000
vt 0.964286 0.916667
vt 1.000000 0.916667
vt 1.000000 0.291667
vt 0.964286 0.291667
vt 0.964286 0.583333
vt 1.000000 0.583333
vt 0.964286 0.875000
vt 1.000000 0.875000
vt 1.000000 0.250000
vt 0.964286 0.250000
vt 1.000000 0.541667
vt 0.964286 0.541667
vt 1.000000 0.833333
vt 0.964286 0.833333
vt 0.964286 0.208333
vt 1.000000 0.208333
vt 1.000000 0.500000
vt 1.000000 0.791667
vt 0.964286 0.166667
vt 0.946429 1.000000
vt 0.928571 0.958333
vt 0.928571 0.333333
vt 0.928571 0.666667
vt 0.928571 0.625000
vt 0.946429 0.000000
vt 0.928571 0.041667
vt 0.928571 0.916667
vt 0.928571 0.291667
vt 0.928571 0.583333
vt 0.928571 0.875000
vt 0.928571 0.250000
vt 0.928571 0.541667
vt 0.928571 0.833333
vt 0.928571 0.208333
vt 0.928571 0.500000
vt 0.928571 0.791667
vt 0.928571 0.166667
vt 0.928571 0.458333
vt 0.928571 0.750000
vt 0.928571 0.125000
vt 0.928571 0.416667
vt 0.928571 0.708333
vt 0.928571 0.083333
vt 0.928571 0.375000
vt 0.892857 0.875000
vt 0.892857 0.833333
vt 0.892857 0.208333
vt 0.892857 0.500000
vt 0.892857 0.791667
vt 0.892857 0.166667
vt 0.892857 0.458333
vt 0.892857 0.750000
vt 0.892857 0.125000
vt 0.892857 0.416667
vt 0.892857 0.708333
vt 0.892857 0.083333
vt 0.892857 0.375000
vt 0.892857 0.666667
vt 0.892857 0.041667
vt 0.910714 1.000000
vt 0.892857 0.958333
vt 0.892857 0.333333
vt 0.892857 0.625000
vt 0.910714 0.000000
vt 0.892857 0.916667
vt 0.892857 0.291667
vt 0.892857 0.583333
vt 0.892857 0.250000
vt 0.892857 0.541667
vt 0.857143 0.416667
vt 0.857143 0.708333
vt 0.857143 0.125000
vt 0.857143 0.083333
vt 0.857143 0.375000
vt 0.857143 0.666667
vt 0.857143 0.041667
vt 0.875000 1.000000
vt 0.857143 0.958333
vt 0.857143 0.333333
vt 0.857143 0.625000
vt 0.875000 0.000000
vt 0.857143 0.916667
vt 0.857143 0.291667
vt 0.857143 0.583333
vt 0.857143 0.875000
vt 0.857143 0.250000
vt 0.857143 0.541667
vt 0.857143 0.833333
vt 0.857143 0.208333
vt 0.857143 0.500000
vt 0.857143 0.791667
vt 0.857143 0.166667
vt 0.857143 0.458333
vt 0.857143 0.750000
vt 0.821429 0.916667
vt 0.821429 0.333333
vt 0.821429 0.291667
vt 0.821429 0.583333
vt 0.821429 0.875000
vt 0.821429 0.250000
vt 0.821429 0.541667
vt 0.821429 0.833333
vt 0.821429 0.208333
vt 0.821429 0.500000
vt 0.821429 0.791667
vt 0.821429 0.166667
vt 0.821429 0.458333
vt 0.821429 0.750000
vt 0.821429 0.125000
vt 0.821429 0.416667
vt 0.821429 0.708333
vt 0.821429 0.083333
vt 0.821429 0.375000
vt 0.821429 0.666667
vt 0.821429 0.041667
vt 0.839286 1.000000
vt 0.821429 0.958333
vt 0.821429 0.625000
vt 0.839286 0.000000
vt 0.785714 0.791667
vt 0.785714 0.166667
vt 0.785714 0.500000
vt 0.785714 0.458333
vt 0.785714 0.750000
vt 0.785714 0.125000
vt 0.785714 0.416667
vt 0.785714 0.708333
vt 0.785714 0.083333
vt 0.785714 0.375000
vt 0.785714 0.666667
vt 0.785714 0.041667
vt 0.803571 1.000000
vt 0.785714 0.958333
vt 0.785714 0.333333
vt 0.785714 0.625000
vt 0.803571 0.000000
vt 0.785714 0.916667
vt 0.785714 0.291667
vt 0.785714 0.583333
vt 0.785714 0.875000
vt 0.785714 0.250000
vt 0.785714 0.541667
vt 0.785714 0.833333
vt 0.785714 0.208333
vt 0.767857 1.000000
vt 0.767857 0.000000
s 1
g Sphere_M_Pele.001
usemtl M_Pele.001
f 1427/941/1379 810/942/762 1428/943/1380
f 1423/944/1375 802/945/754 803/946/755
f 1417/947/1369 795/948/747 796/949/748
f 1428/943/1380 811/950/763 1429/951/1381
f 1423/944/1375 804/952/756 1424/953/1376
f 1418/954/1370 796/949/748 797/955/749
f 1429/951/1381 812/956/764 1430/957/1382
f 790/958/742 804/952/756 805/959/757
f 1419/960/1371 797/955/749 798/961/750
f 1430/957/1382 813/962/765 1431/963/1383
f 790/958/742 806/964/758 1425/965/1377
f 1420/966/1372 798/961/750 799/967/751
f 1431/963/1383 814/968/766 1432/969/1384
f 1425/965/1377 807/970/759 791/971/743
f 1420/966/1372 800/972/752 1421/973/1373
f 792/974/744 814/968/766 815/975/767
f 787/976/739 885/977/837 793/978/745
f 791/971/743 808/979/760 1426/980/1378
f 789/981/741 800/972/752 801/982/753
f 1254/983/1206 792/974/744 815/975/767
f 788/984/740 793/978/745 794/985/746
f 1427/941/1379 808/979/760 809/986/761
f 1422/987/1374 801/982/753 802/945/754
f 1416/988/1368 794/985/746 795/948/747
f 800/972/752 824/989/776 801/982/753
f 1254/990/1206 815/975/767 838/991/790
f 793/978/745 817/992/769 794/985/746
f 808/979/760 832/993/784 809/986/761
f 802/945/754 824/989/776 825/994/777
f 794/985/746 818/995/770 795/948/747
f 809/986/761 833/996/785 810/942/762
f 802/945/754 826/997/778 803/946/755
f 796/949/748 818/995/770 819/998/771
f 811/950/763 833/996/785 834/999/786
f 803/946/755 827/1000/779 804/952/756
f 796/949/748 820/1001/772 797/955/749
f 812/956/764 834/999/786 835/1002/787
f 804/952/756 828/1003/780 805/959/757
f 797/955/749 821/1004/773 798/961/750
f 812/956/764 836/1005/788 813/962/765
f 806/964/758 828/1003/780 829/1006/781
f 798/961/750 822/1007/774 799/967/751
f 813/962/765 837/1008/789 814/968/766
f 806/964/758 830/1009/782 807/970/759
f 799/967/751 823/1010/775 800/972/752
f 814/968/766 838/991/790 815/975/767
f 793/978/745 885/1011/837 816/1012/768
f 807/970/759 831/1013/783 808/979/760
f 834/999/786 856/1014/808 857/1015/809
f 827/1000/779 849/1016/801 850/1017/802
f 819/998/771 843/1018/795 820/1001/772
f 835/1002/787 857/1015/809 858/1019/810
f 827/1000/779 851/1020/803 828/1003/780
f 820/1001/772 844/1021/796 821/1004/773
f 835/1002/787 859/1022/811 836/1005/788
f 829/1006/781 851/1020/803 852/1023/804
f 822/1007/774 844/1021/796 845/1024/797
f 837/1008/789 859/1022/811 860/1025/812
f 829/1006/781 853/1026/805 830/1009/782
f 823/1010/775 845/1024/797 846/1027/798
f 837/1008/789 861/1028/813 838/991/790
f 816/1012/768 885/1029/837 839/1030/791
f 830/1009/782 854/1031/806 831/1013/783
f 824/989/776 846/1027/798 847/1032/799
f 1254/1033/1206 838/991/790 861/1028/813
f 816/1012/768 840/1034/792 817/992/769
f 831/1013/783 855/1035/807 832/993/784
f 825/994/777 847/1032/799 848/1036/800
f 817/992/769 841/1037/793 818/995/770
f 832/993/784 856/1014/808 833/996/785
f 825/994/777 849/1016/801 826/997/778
f 818/995/770 842/1038/794 819/998/771
f 845/1024/797 867/1039/819 868/1040/820
f 859/1022/811 883/1041/835 860/1025/812
f 852/1023/804 876/1042/828 853/1026/805
f 845/1024/797 869/1043/821 846/1027/798
f 860/1025/812 884/1044/836 861/1028/813
f 839/1030/791 885/1045/837 862/1046/814
f 853/1026/805 877/1047/829 854/1031/806
f 847/1032/799 869/1043/821 870/1048/822
f 1254/1049/1206 861/1028/813 884/1044/836
f 839/1030/791 863/1050/815 840/1034/792
f 855/1035/807 877/1047/829 878/1051/830
f 847/1032/799 871/1052/823 848/1036/800
f 840/1034/792 864/1053/816 841/1037/793
f 855/1035/807 879/1054/831 856/1014/808
f 848/1036/800 872/1055/824 849/1016/801
f 841/1037/793 865/1056/817 842/1038/794
f 857/1015/809 879/1054/831 880/1057/832
f 849/1016/801 873/1058/825 850/1017/802
f 842/1038/794 866/1059/818 843/1018/795
f 858/1019/810 880/1057/832 881/1060/833
f 850/1017/802 874/1061/826 851/1020/803
f 843/1018/795 867/1039/819 844/1021/796
f 859/1022/811 881/1060/833 882/1062/834
f 852/1023/804 874/1061/826 875/1063/827
f 870/1048/822 895/1064/847 871/1052/823
f 863/1050/815 888/1065/840 864/1053/816
f 878/1051/830 903/1066/855 879/1054/831
f 871/1052/823 896/1067/848 872/1055/824
f 864/1053/816 889/1068/841 865/1056/817
f 879/1054/831 904/1069/856 880/1057/832
f 872/1055/824 897/1070/849 873/1058/825
f 865/1056/817 890/1071/842 866/1059/818
f 881/1060/833 904/1069/856 905/1072/857
f 874/1061/826 897/1070/849 898/1073/850
f 866/1059/818 891/1074/843 867/1039/819
f 881/1060/833 906/1075/858 882/1062/834
f 875/1063/827 898/1073/850 899/1076/851
f 867/1039/819 892/1077/844 868/1040/820
f 883/1041/835 906/1075/858 907/1078/859
f 876/1042/828 899/1076/851 900/1079/852
f 868/1040/820 893/1080/845 869/1043/821
f 884/1044/836 907/1078/859 908/1081/860
f 862/1046/814 885/1082/837 886/1083/838
f 876/1042/828 901/1084/853 877/1047/829
f 870/1048/822 893/1080/845 894/1085/846
f 1254/1086/1206 884/1044/836 908/1081/860
f 862/1046/814 887/1087/839 863/1050/815
f 878/1051/830 901/1084/853 902/1088/854
f 904/1069/856 928/1089/880 905/1072/857
f 898/1073/850 920/1090/872 921/1091/873
f 890/1071/842 914/1092/866 891/1074/843
f 905/1072/857 929/1093/881 906/1075/858
f 898/1073/850 922/1094/874 899/1076/851
f 891/1074/843 915/1095/867 892/1077/844
f 906/1075/858 930/1096/882 907/1078/859
f 899/1076/851 923/1097/875 900/1079/852
f 892/1077/844 916/1098/868 893/1080/845
f 908/1081/860 930/1096/882 931/1099/883
f 886/1083/838 885/1100/837 909/1101/861
f 900/1079/852 924/1102/876 901/1084/853
f 893/1080/845 917/1103/869 894/1085/846
f 1254/1104/1206 908/1081/860 931/1099/883
f 886/1083/838 910/1105/862 887/1087/839
f 901/1084/853 925/1106/877 902/1088/854
f 894/1085/846 918/1107/870 895/1064/847
f 887/1087/839 911/1108/863 888/1065/840
f 902/1088/854 926/1109/878 903/1066/855
f 895/1064/847 919/1110/871 896/1067/848
f 889/1068/841 911/1108/863 912/1111/864
f 904/1069/856 926/1109/878 927/1112/879
f 896/1067/848 920/1090/872 897/1070/849
f 889/1068/841 913/1113/865 890/1071/842
f 915/1095/867 939/1114/891 916/1098/868
f 931/1099/883 953/1115/905 954/1116/906
f 909/1101/861 885/1117/837 932/1118/884
f 923/1097/875 947/1119/899 924/1102/876
f 917/1103/869 939/1114/891 940/1120/892
f 1254/1121/1206 931/1099/883 954/1116/906
f 909/1101/861 933/1122/885 910/1105/862
f 925/1106/877 947/1119/899 948/1123/900
f 917/1103/869 941/1124/893 918/1107/870
f 910/1105/862 934/1125/886 911/1108/863
f 925/1106/877 949/1126/901 926/1109/878
f 919/1110/871 941/1124/893 942/1127/894
f 912/1111/864 934/1125/886 935/1128/887
f 926/1109/878 950/1129/902 927/1112/879
f 919/1110/871 943/1130/895 920/1090/872
f 912/1111/864 936/1131/888 913/1113/865
f 928/1089/880 950/1129/902 951/1132/903
f 921/1091/873 943/1130/895 944/1133/896
f 913/1113/865 937/1134/889 914/1092/866
f 928/1089/880 952/1135/904 929/1093/881
f 921/1091/873 945/1136/897 922/1094/874
f 914/1092/866 938/1137/890 915/1095/867
f 930/1096/882 952/1135/904 953/1115/905
f 922/1094/874 946/1138/898 923/1097/875
f 941/1124/893 965/1139/917 942/1127/894
f 934/1125/886 958/1140/910 935/1128/887
f 949/1126/901 973/1141/925 950/1129/902
f 942/1127/894 966/1142/918 943/1130/895
f 935/1128/887 959/1143/911 936/1131/888
f 950/1129/902 974/1144/926 951/1132/903
f 944/1133/896 966/1142/918 967/1145/919
f 936/1131/888 960/1146/912 937/1134/889
f 951/1132/903 975/1147/927 952/1135/904
f 944/1133/896 968/1148/920 945/1136/897
f 937/1134/889 961/1149/913 938/1137/890
f 952/1135/904 976/1150/928 953/1115/905
f 946/1138/898 968/1148/920 969/1151/921
f 938/1137/890 962/1152/914 939/1114/891
f 954/1116/906 976/1150/928 977/1153/929
f 932/1118/884 885/1154/837 955/1155/907
f 946/1138/898 970/1156/922 947/1119/899
f 940/1120/892 962/1152/914 963/1157/915
f 1254/1158/1206 954/1116/906 977/1153/929
f 932/1118/884 956/1159/908 933/1122/885
f 948/1123/900 970/1156/922 971/1160/923
f 940/1120/892 964/1161/916 941/1124/893
f 933/1122/885 957/1162/909 934/1125/886
f 948/1123/900 972/1163/924 949/1126/901
f 974/1144/926 998/1164/950 975/1147/927
f 967/1145/919 991/1165/943 968/1148/920
f 961/1149/913 983/1166/935 984/1167/936
f 975/1147/927 999/1168/951 976/1150/928
f 968/1148/920 992/1169/944 969/1151/921
f 961/1149/913 985/1170/937 962/1152/914
f 977/1153/929 999/1168/951 1000/1171/952
f 955/1155/907 885/1172/837 978/1173/930
f 969/1151/921 993/1174/945 970/1156/922
f 963/1157/915 985/1170/937 986/1175/938
f 1254/1176/1206 977/1153/929 1000/1171/952
f 955/1155/907 979/1177/931 956/1159/908
f 971/1160/923 993/1174/945 994/1178/946
f 963/1157/915 987/1179/939 964/1161/916
f 956/1159/908 980/1180/932 957/1162/909
f 971/1160/923 995/1181/947 972/1163/924
f 964/1161/916 988/1182/940 965/1139/917
f 957/1162/909 981/1183/933 958/1140/910
f 972/1163/924 996/1184/948 973/1141/925
f 965/1139/917 989/1185/941 966/1142/918
f 958/1140/910 982/1186/934 959/1143/911
f 973/1141/925 997/1187/949 974/1144/926
f 967/1145/919 989/1185/941 990/1188/942
f 959/1143/911 983/1166/935 960/1146/912
f 986/1175/938 1008/1189/960 1009/1190/961
f 1254/1191/1206 1000/1171/952 1023/1192/975
f 978/1173/930 1002/1193/954 979/1177/931
f 994/1178/946 1016/1194/968 1017/1195/969
f 986/1175/938 1010/1196/962 987/1179/939
f 979/1177/931 1003/1197/955 980/1180/932
f 994/1178/946 1018/1198/970 995/1181/947
f 987/1179/939 1011/1199/963 988/1182/940
f 981/1183/933 1003/1197/955 1004/1200/956
f 996/1184/948 1018/1198/970 1019/1201/971
f 988/1182/940 1012/1202/964 989/1185/941
f 981/1183/933 1005/1203/957 982/1186/934
f 997/1187/949 1019/1201/971 1020/1204/972
f 990/1188/942 1012/1202/964 1013/1205/965
f 982/1186/934 1006/1206/958 983/1166/935
f 997/1187/949 1021/1207/973 998/1164/950
f 990/1188/942 1014/1208/966 991/1165/943
f 983/1166/935 1007/1209/959 984/1167/936
f 999/1168/951 1021/1207/973 1022/1210/974
f 991/1165/943 1015/1211/967 992/1169/944
f 984/1167/936 1008/1189/960 985/1170/937
f 999/1168/951 1023/1192/975 1000/1171/952
f 978/1173/930 885/1212/837 1001/1213/953
f 992/1169/944 1016/1194/968 993/1174/945
f 1011/1199/963 1035/1214/987 1012/1202/964
f 1004/1200/956 1028/1215/980 1005/1203/957
f 1019/1201/971 1043/1216/995 1020/1204/972
f 1013/1205/965 1035/1214/987 1036/1217/988
f 1005/1203/957 1029/1218/981 1006/1206/958
f 1020/1204/972 1044/1219/996 1021/1207/973
f 1014/1208/966 1036/1217/988 1037/1220/989
f 1007/1209/959 1029/1218/981 1030/1221/982
f 1022/1210/974 1044/1219/996 1045/1222/997
f 1015/1211/967 1037/1220/989 1038/1223/990
f 1007/1209/959 1031/1224/983 1008/1189/960
f 1023/1192/975 1045/1222/997 1046/1225/998
f 1001/1213/953 885/1226/837 1024/1227/976
f 1015/1211/967 1039/1228/991 1016/1194/968
f 1009/1190/961 1031/1224/983 1032/1229/984
f 1254/1230/1206 1023/1192/975 1046/1225/998
f 1002/1193/954 1024/1227/976 1025/1231/977
f 1017/1195/969 1039/1228/991 1040/1232/992
f 1009/1190/961 1033/1233/985 1010/1196/962
f 1002/1193/954 1026/1234/978 1003/1197/955
f 1017/1195/969 1041/1235/993 1018/1198/970
f 1010/1196/962 1034/1236/986 1011/1199/963
f 1004/1200/956 1026/1234/978 1027/1237/979
f 1018/1198/970 1042/1238/994 1019/1201/971
f 1044/1219/996 1068/1239/1020 1045/1222/997
f 1038/1223/990 1060/1240/1012 1061/1241/1013
f 1030/1221/982 1054/1242/1006 1031/1224/983
f 1046/1225/998 1068/1239/1020 1069/1243/1021
f 1024/1227/976 885/1244/837 1047/1245/999
f 1038/1223/990 1062/1246/1014 1039/1228/991
f 1032/1229/984 1054/1242/1006 1055/1247/1007
f 1254/1248/1206 1046/1225/998 1069/1243/1021
f 1024/1227/976 1048/1249/1000 1025/1231/977
f 1040/1232/992 1062/1246/1014 1063/1250/1015
f 1032/1229/984 1056/1251/1008 1033/1233/985
f 1025/1231/977 1049/1252/1001 1026/1234/978
f 1040/1232/992 1064/1253/1016 1041/1235/993
f 1033/1233/985 1057/1254/1009 1034/1236/986
f 1027/1237/979 1049/1252/1001 1050/1255/1002
f 1041/1235/993 1065/1256/1017 1042/1238/994
f 1034/1236/986 1058/1257/1010 1035/1214/987
f 1027/1237/979 1051/1258/1003 1028/1215/980
f 1043/1216/995 1065/1256/1017 1066/1259/1018
f 1036/1217/988 1058/1257/1010 1059/1260/1011
f 1028/1215/980 1052/1261/1004 1029/1218/981
f 1043/1216/995 1067/1262/1019 1044/1219/996
f 1037/1220/989 1059/1260/1011 1060/1240/1012
f 1029/1218/981 1053/1263/1005 1030/1221/982
f 1055/1247/1007 1079/1264/1031 1056/1251/1008
f 1048/1249/1000 1072/1265/1024 1049/1252/1001
f 1063/1250/1015 1087/1266/1039 1064/1253/1016
f 1056/1251/1008 1080/1267/1032 1057/1254/1009
f 1050/1255/1002 1072/1265/1024 1073/1268/1025
f 1064/1253/1016 1088/1269/1040 1065/1256/1017
f 1057/1254/1009 1081/1270/1033 1058/1257/1010
f 1050/1255/1002 1074/1271/1026 1051/1258/1003
f 1065/1256/1017 1089/1272/1041 1066/1259/1018
f 1059/1260/1011 1081/1270/1033 1082/1273/1034
f 1051/1258/1003 1075/1274/1027 1052/1261/1004
f 1066/1259/1018 1090/1275/1042 1067/1262/1019
f 1059/1260/1011 1083/1276/1035 1060/1240/1012
f 1052/1261/1004 1076/1277/1028 1053/1263/1005
f 1068/1239/1020 1090/1275/1042 1091/1278/1043
f 1061/1241/1013 1083/1276/1035 1084/1279/1036
f 1053/1263/1005 1077/1280/1029 1054/1242/1006
f 1069/1243/1021 1091/1278/1043 1092/1281/1044
f 1047/1245/999 885/1282/837 1070/1283/1022
f 1061/1241/1013 1085/1284/1037 1062/1246/1014
f 1055/1247/1007 1077/1280/1029 1078/1285/1030
f 1254/1286/1206 1069/1243/1021 1092/1281/1044
f 1047/1245/999 1071/1287/1023 1048/1249/1000
f 1063/1250/1015 1085/1284/1037 1086/1288/1038
f 1082/1273/1034 1104/1289/1056 1105/1290/1057
f 1074/1271/1026 1098/1291/1050 1075/1274/1027
f 1089/1272/1041 1113/1292/1065 1090/1275/1042
f 1082/1273/1034 1106/1293/1058 1083/1276/1035
f 1075/1274/1027 1099/1294/1051 1076/1277/1028
f 1091/1278/1043 1113/1292/1065 1114/1295/1066
f 1084/1279/1036 1106/1293/1058 1107/1296/1059
f 1076/1277/1028 1100/1297/1052 1077/1280/1029
f 1091/1278/1043 1115/1298/1067 1092/1281/1044
f 1070/1283/1022 885/1299/837 1093/1300/1045
f 1084/1279/1036 1108/1301/1060 1085/1284/1037
f 1078/1285/1030 1100/1297/1052 1101/1302/1053
f 1254/1303/1206 1092/1281/1044 1115/1298/1067
f 1070/1283/1022 1094/1304/1046 1071/1287/1023
f 1086/1288/1038 1108/1301/1060 1109/1305/1061
f 1078/1285/1030 1102/1306/1054 1079/1264/1031
f 1071/1287/1023 1095/1307/1047 1072/1265/1024
f 1087/1266/1039 1109/1305/1061 1110/1308/1062
f 1079/1264/1031 1103/1309/1055 1080/1267/1032
f 1073/1268/1025 1095/1307/1047 1096/1310/1048
f 1087/1266/1039 1111/1311/1063 1088/1269/1040
f 1080/1267/1032 1104/1289/1056 1081/1270/1033
f 1073/1268/1025 1097/1312/1049 1074/1271/1026
f 1089/1272/1041 1111/1311/1063 1112/1313/1064
f 1115/1298/1067 1137/1314/1089 1138/1315/1090
f 1093/1300/1045 885/1316/837 1116/1317/1068
f 1107/1296/1059 1131/1318/1083 1108/1301/1060
f 1101/1302/1053 1123/1319/1075 1124/1320/1076
f 1254/1321/1206 1115/1298/1067 1138/1315/1090
f 1093/1300/1045 1117/1322/1069 1094/1304/1046
f 1109/1305/1061 1131/1318/1083 1132/1323/1084
f 1101/1302/1053 1125/1324/1077 1102/1306/1054
f 1094/1304/1046 1118/1325/1070 1095/1307/1047
f 1109/1305/1061 1133/1326/1085 1110/1308/1062
f 1102/1306/1054 1126/1327/1078 1103/1309/1055
f 1095/1307/1047 1119/1328/1071 1096/1310/1048
f 1110/1308/1062 1134/1329/1086 1111/1311/1063
f 1103/1309/1055 1127/1330/1079 1104/1289/1056
f 1096/1310/1048 1120/1331/1072 1097/1312/1049
f 1111/1311/1063 1135/1332/1087 1112/1313/1064
f 1105/1290/1057 1127/1330/1079 1128/1333/1080
f 1097/1312/1049 1121/1334/1073 1098/1291/1050
f 1112/1313/1064 1136/1335/1088 1113/1292/1065
f 1105/1290/1057 1129/1336/1081 1106/1293/1058
f 1098/1291/1050 1122/1337/1074 1099/1294/1051
f 1114/1295/1066 1136/1335/1088 1137/1314/1089
f 1107/1296/1059 1129/1336/1081 1130/1338/1082
f 1099/1294/1051 1123/1319/1075 1100/1297/1052
f 1125/1324/1077 1149/1339/1101 1126/1327/1078
f 1119/1328/1071 1141/1340/1093 1142/1341/1094
f 1133/1326/1085 1157/1342/1109 1134/1329/1086
f 1126/1327/1078 1150/1343/1102 1127/1330/1079
f 1119/1328/1071 1143/1344/1095 1120/1331/1072
f 1134/1329/1086 1158/1345/1110 1135/1332/1087
f 1128/1333/1080 1150/1343/1102 1151/1346/1103
f 1121/1334/1073 1143/1344/1095 1144/1347/1096
f 1135/1332/1087 1159/1348/1111 1136/1335/1088
f 1128/1333/1080 1152/1349/1104 1129/1336/1081
f 1121/1334/1073 1145/1350/1097 1122/1337/1074
f 1137/1314/1089 1159/1348/1111 1160/1351/1112
f 1130/1338/1082 1152/1349/1104 1153/1352/1105
f 1122/1337/1074 1146/1353/1098 1123/1319/1075
f 1137/1314/1089 1161/1354/1113 1138/1315/1090
f 1116/1317/1068 885/1355/837 1139/1356/1091
f 1130/1338/1082 1154/1357/1106 1131/1318/1083
f 1124/1320/1076 1146/1353/1098 1147/1358/1099
f 1254/1359/1206 1138/1315/1090 1161/1354/1113
f 1116/1317/1068 1140/1360/1092 1117/1322/1069
f 1132/1323/1084 1154/1357/1106 1155/1361/1107
f 1124/1320/1076 1148/1362/1100 1125/1324/1077
f 1117/1322/1069 1141/1340/1093 1118/1325/1070
f 1132/1323/1084 1156/1363/1108 1133/1326/1085
f 1151/1346/1103 1175/1364/1127 1152/1349/1104
f 1144/1347/1096 1168/1365/1120 1145/1350/1097
f 1160/1351/1112 1182/1366/1134 1183/1367/1135
f 1153/1352/1105 1175/1364/1127 1176/1368/1128
f 1145/1350/1097 1169/1369/1121 1146/1353/1098
f 1160/1351/1112 1184/1370/1136 1161/1354/1113
f 1139/1356/1091 885/1371/837 1162/1372/1114
f 1153/1352/1105 1177/1373/1129 1154/1357/1106
f 1147/1358/1099 1169/1369/1121 1170/1374/1122
f 1254/1375/1206 1161/1354/1113 1184/1370/1136
f 1139/1356/1091 1163/1376/1115 1140/1360/1092
f 1155/1361/1107 1177/1373/1129 1178/1377/1130
f 1147/1358/1099 1171/1378/1123 1148/1362/1100
f 1140/1360/1092 1164/1379/1116 1141/1340/1093
f 1156/1363/1108 1178/1377/1130 1179/1380/1131
f 1148/1362/1100 1172/1381/1124 1149/1339/1101
f 1142/1341/1094 1164/1379/1116 1165/1382/1117
f 1156/1363/1108 1180/1383/1132 1157/1342/1109
f 1149/1339/1101 1173/1384/1125 1150/1343/1102
f 1142/1341/1094 1166/1385/1118 1143/1344/1095
f 1158/1345/1110 1180/1383/1132 1181/1386/1133
f 1151/1346/1103 1173/1384/1125 1174/1387/1126
f 1143/1344/1095 1167/1388/1119 1144/1347/1096
f 1158/1345/1110 1182/1366/1134 1159/1348/1111
f 1254/1389/1206 1184/1370/1136 1207/1390/1159
f 1162/1372/1114 1186/1391/1138 1163/1376/1115
f 1178/1377/1130 1200/1392/1152 1201/1393/1153
f 1170/1374/1122 1194/1394/1146 1171/1378/1123
f 1163/1376/1115 1187/1395/1139 1164/1379/1116
f 1178/1377/1130 1202/1396/1154 1179/1380/1131
f 1171/1378/1123 1195/1397/1147 1172/1381/1124
f 1165/1382/1117 1187/1395/1139 1188/1398/1140
f 1179/1380/1131 1203/1399/1155 1180/1383/1132
f 1172/1381/1124 1196/1400/1148 1173/1384/1125
f 1165/1382/1117 1189/1401/1141 1166/1385/1118
f 1180/1383/1132 1204/1402/1156 1181/1386/1133
f 1174/1387/1126 1196/1400/1148 1197/1403/1149
f 1167/1388/1119 1189/1401/1141 1190/1404/1142
f 1181/1386/1133 1205/1405/1157 1182/1366/1134
f 1175/1364/1127 1197/1403/1149 1198/1406/1150
f 1167/1388/1119 1191/1407/1143 1168/1365/1120
f 1183/1367/1135 1205/1405/1157 1206/1408/1158
f 1176/1368/1128 1198/1406/1150 1199/1409/1151
f 1168/1365/1120 1192/1410/1144 1169/1369/1121
f 1184/1370/1136 1206/1408/1158 1207/1390/1159
f 1162/1372/1114 885/1411/837 1185/1412/1137
f 1176/1368/1128 1200/1392/1152 1177/1373/1129
f 1170/1374/1122 1192/1410/1144 1193/1413/1145
f 1195/1397/1147 1219/1414/1171 1196/1400/1148
f 1188/1398/1140 1212/1415/1164 1189/1401/1141
f 1204/1402/1156 1226/1416/1178 1227/1417/1179
f 1197/1403/1149 1219/1414/1171 1220/1418/1172
f 1190/1404/1142 1212/1415/1164 1213/1419/1165
f 1204/1402/1156 1228/1420/1180 1205/1405/1157
f 1197/1403/1149 1221/1421/1173 1198/1406/1150
f 1190/1404/1142 1214/1422/1166 1191/1407/1143
f 1206/1408/1158 1228/1420/1180 1229/1423/1181
f 1199/1409/1151 1221/1421/1173 1222/1424/1174
f 1191/1407/1143 1215/1425/1167 1192/1410/1144
f 1207/1390/1159 1229/1423/1181 1230/1426/1182
f 1185/1412/1137 885/1427/837 1208/1428/1160
f 1199/1409/1151 1223/1429/1175 1200/1392/1152
f 1193/1413/1145 1215/1425/1167 1216/1430/1168
f 1254/1431/1206 1207/1390/1159 1230/1426/1182
f 1185/1412/1137 1209/1432/1161 1186/1391/1138
f 1201/1393/1153 1223/1429/1175 1224/1433/1176
f 1193/1413/1145 1217/1434/1169 1194/1394/1146
f 1186/1391/1138 1210/1435/1162 1187/1395/1139
f 1202/1396/1154 1224/1433/1176 1225/1436/1177
f 1194/1394/1146 1218/1437/1170 1195/1397/1147
f 1188/1398/1140 1210/1435/1162 1211/1438/1163
f 1202/1396/1154 1226/1416/1178 1203/1399/1155
f 1222/1424/1174 1244/1439/1196 1245/1440/1197
f 1214/1422/1166 1238/1441/1190 1215/1425/1167
f 1229/1423/1181 1253/1442/1205 1230/1426/1182
f 1208/1428/1160 885/1443/837 1231/1444/1183
f 1222/1424/1174 1246/1445/1198 1223/1429/1175
f 1216/1430/1168 1238/1441/1190 1239/1446/1191
f 1254/1447/1206 1230/1426/1182 1253/1442/1205
f 1208/1428/1160 1232/1448/1184 1209/1432/1161
f 1224/1433/1176 1246/1445/1198 1247/1449/1199
f 1216/1430/1168 1240/1450/1192 1217/1434/1169
f 1209/1432/1161 1233/1451/1185 1210/1435/1162
f 1224/1433/1176 1248/1452/1200 1225/1436/1177
f 1217/1434/1169 1241/1453/1193 1218/1437/1170
f 1211/1438/1163 1233/1451/1185 1234/1454/1186
f 1225/1436/1177 1249/1455/1201 1226/1416/1178
f 1218/1437/1170 1242/1456/1194 1219/1414/1171
f 1211/1438/1163 1235/1457/1187 1212/1415/1164
f 1226/1416/1178 1250/1458/1202 1227/1417/1179
f 1220/1418/1172 1242/1456/1194 1243/1459/1195
f 1213/1419/1165 1235/1457/1187 1236/1460/1188
f 1227/1417/1179 1251/1461/1203 1228/1420/1180
f 1220/1418/1172 1244/1439/1196 1221/1421/1173
f 1213/1419/1165 1237/1462/1189 1214/1422/1166
f 1229/1423/1181 1251/1461/1203 1252/1463/1204
f 1233/1451/1185 1256/1464/1208 1257/1465/1209
f 1248/1452/1200 1271/1466/1223 1272/1467/1224
f 1240/1450/1192 1265/1468/1217 1241/1453/1193
f 1234/1454/1186 1257/1465/1209 1258/1469/1210
f 1248/1452/1200 1273/1470/1225 1249/1455/1201
f 1241/1453/1193 1266/1471/1218 1242/1456/1194
f 1234/1454/1186 1259/1472/1211 1235/1457/1187
f 1250/1458/1202 1273/1470/1225 1274/1473/1226
f 1243/1459/1195 1266/1471/1218 1267/1474/1219
f 1236/1460/1188 1259/1472/1211 1260/1475/1212
f 1250/1458/1202 1275/1476/1227 1251/1461/1203
f 1243/1459/1195 1268/1477/1220 1244/1439/1196
f 1236/1460/1188 1261/1478/1213 1237/1462/1189
f 1251/1461/1203 1276/1479/1228 1252/1463/1204
f 1245/1440/1197 1268/1477/1220 1269/1480/1221
f 1237/1462/1189 1262/1481/1214 1238/1441/1190
f 1253/1442/1205 1276/1479/1228 1277/1482/1229
f 1231/1444/1183 885/1483/837 1255/1484/1207
f 1245/1440/1197 1270/1485/1222 1246/1445/1198
f 1239/1446/1191 1262/1481/1214 1263/1486/1215
f 1254/1487/1206 1253/1442/1205 1277/1482/1229
f 1231/1444/1183 1256/1464/1208 1232/1448/1184
f 1247/1449/1199 1270/1485/1222 1271/1466/1223
f 1239/1446/1191 1264/1488/1216 1240/1450/1192
f 1267/1489/1219 1289/1490/1241 1290/1491/1242
f 1260/1492/1212 1282/1493/1234 1283/1494/1235
f 1274/1495/1226 1298/1496/1250 1275/1497/1227
f 1267/1489/1219 1291/1498/1243 1268/1499/1220
f 1260/1492/1212 1284/1500/1236 1261/1501/1213
f 1276/1502/1228 1298/1496/1250 1299/1503/1251
f 1269/1504/1221 1291/1498/1243 1292/1505/1244
f 1261/1501/1213 1285/1506/1237 1262/1507/1214
f 1277/1508/1229 1299/1503/1251 1300/1509/1252
f 1255/1510/1207 885/1511/837 1278/1512/1230
f 1269/1504/1221 1293/1513/1245 1270/1514/1222
f 1263/1515/1215 1285/1506/1237 1286/1516/1238
f 1254/1517/1206 1277/1508/1229 1300/1509/1252
f 1255/1510/1207 1279/1518/1231 1256/1519/1208
f 1271/1520/1223 1293/1513/1245 1294/1521/1246
f 1263/1515/1215 1287/1522/1239 1264/1523/1216
f 1256/1519/1208 1280/1524/1232 1257/1525/1209
f 1272/1526/1224 1294/1521/1246 1295/1527/1247
f 1265/1528/1217 1287/1522/1239 1288/1529/1240
f 1258/1530/1210 1280/1524/1232 1281/1531/1233
f 1272/1526/1224 1296/1532/1248 1273/1533/1225
f 1265/1528/1217 1289/1490/1241 1266/1534/1218
f 1258/1530/1210 1282/1493/1234 1259/1535/1211
f 1273/1533/1225 1297/1536/1249 1274/1495/1226
f 1278/1512/1230 885/1537/837 1301/1538/1253
f 1292/1505/1244 1316/1539/1268 1293/1513/1245
f 1286/1516/1238 1308/1540/1260 1309/1541/1261
f 1254/1542/1206 1300/1509/1252 1323/1543/1275
f 1278/1512/1230 1302/1544/1254 1279/1518/1231
f 1294/1521/1246 1316/1539/1268 1317/1545/1269
f 1286/1516/1238 1310/1546/1262 1287/1522/1239
f 1279/1518/1231 1303/1547/1255 1280/1524/1232
f 1295/1527/1247 1317/1545/1269 1318/1548/1270
f 1288/1529/1240 1310/1546/1262 1311/1549/1263
f 1281/1531/1233 1303/1547/1255 1304/1550/1256
f 1295/1527/1247 1319/1551/1271 1296/1532/1248
f 1288/1529/1240 1312/1552/1264 1289/1490/1241
f 1281/1531/1233 1305/1553/1257 1282/1493/1234
f 1296/1532/1248 1320/1554/1272 1297/1536/1249
f 1290/1491/1242 1312/1552/1264 1313/1555/1265
f 1283/1494/1235 1305/1553/1257 1306/1556/1258
f 1297/1536/1249 1321/1557/1273 1298/1496/1250
f 1290/1491/1242 1314/1558/1266 1291/1498/1243
f 1283/1494/1235 1307/1559/1259 1284/1500/1236
f 1299/1503/1251 1321/1557/1273 1322/1560/1274
f 1292/1505/1244 1314/1558/1266 1315/1561/1267
f 1284/1500/1236 1308/1540/1260 1285/1506/1237
f 1299/1503/1251 1323/1543/1275 1300/1509/1252
f 1304/1550/1256 1326/1562/1278 1327/1563/1279
f 1318/1548/1270 1342/1564/1294 1319/1551/1271
f 1311/1549/1263 1335/1565/1287 1312/1552/1264
f 1304/1550/1256 1328/1566/1280 1305/1553/1257
f 1320/1554/1272 1342/1564/1294 1343/1567/1295
f 1313/1555/1265 1335/1565/1287 1336/1568/1288
f 1306/1556/1258 1328/1566/1280 1329/1569/1281
f 1320/1554/1272 1344/1570/1296 1321/1557/1273
f 1313/1555/1265 1337/1571/1289 1314/1558/1266
f 1306/1556/1258 1330/1572/1282 1307/1559/1259
f 1321/1557/1273 1345/1573/1297 1322/1560/1274
f 1315/1561/1267 1337/1571/1289 1338/1574/1290
f 1307/1559/1259 1331/1575/1283 1308/1540/1260
f 1323/1543/1275 1345/1573/1297 1346/1576/1298
f 1301/1538/1253 885/1577/837 1324/1578/1276
f 1315/1561/1267 1339/1579/1291 1316/1539/1268
f 1309/1541/1261 1331/1575/1283 1332/1580/1284
f 1254/1581/1206 1323/1543/1275 1346/1576/1298
f 1301/1538/1253 1325/1582/1277 1302/1544/1254
f 1317/1545/1269 1339/1579/1291 1340/1583/1292
f 1309/1541/1261 1333/1584/1285 1310/1546/1262
f 1302/1544/1254 1326/1562/1278 1303/1547/1255
f 1318/1548/1270 1340/1583/1292 1341/1585/1293
f 1311/1549/1263 1333/1584/1285 1334/1586/1286
f 1336/1568/1288 1360/1587/1312 1337/1571/1289
f 1329/1569/1281 1353/1588/1305 1330/1572/1282
f 1345/1573/1297 1367/1589/1319 1368/1590/1320
f 1338/1574/1290 1360/1587/1312 1361/1591/1313
f 1330/1572/1282 1354/1592/1306 1331/1575/1283
f 1346/1576/1298 1368/1590/1320 1369/1593/1321
f 1324/1578/1276 885/1594/837 1347/1595/1299
f 1338/1574/1290 1362/1596/1314 1339/1579/1291
f 1332/1580/1284 1354/1592/1306 1355/1597/1307
f 1254/1598/1206 1346/1576/1298 1369/1593/1321
f 1324/1578/1276 1348/1599/1300 1325/1582/1277
f 1340/1583/1292 1362/1596/1314 1363/1600/1315
f 1332/1580/1284 1356/1601/1308 1333/1584/1285
f 1325/1582/1277 1349/1602/1301 1326/1562/1278
f 1341/1585/1293 1363/1600/1315 1364/1603/1316
f 1334/1586/1286 1356/1601/1308 1357/1604/1309
f 1326/1562/1278 1350/1605/1302 1327/1563/1279
f 1341/1585/1293 1365/1606/1317 1342/1564/1294
f 1334/1586/1286 1358/1607/1310 1335/1565/1287
f 1327/1563/1279 1351/1608/1303 1328/1566/1280
f 1342/1564/1294 1366/1609/1318 1343/1567/1295
f 1336/1568/1288 1358/1607/1310 1359/1610/1311
f 1329/1569/1281 1351/1608/1303 1352/1611/1304
f 1343/1567/1295 1367/1589/1319 1344/1570/1296
f 1347/1595/1299 1371/1612/1323 1348/1599/1300
f 1363/1600/1315 1385/1613/1337 1386/1614/1338
f 1355/1597/1307 1379/1615/1331 1356/1601/1308
f 1348/1599/1300 1372/1616/1324 1349/1602/1301
f 1364/1603/1316 1386/1614/1338 1387/1617/1339
f 1357/1604/1309 1379/1615/1331 1380/1618/1332
f 1350/1605/1302 1372/1616/1324 1373/1619/1325
f 1364/1603/1316 1388/1620/1340 1365/1606/1317
f 1357/1604/1309 1381/1621/1333 1358/1607/1310
f 1350/1605/1302 1374/1622/1326 1351/1608/1303
f 1366/1609/1318 1388/1620/1340 1389/1623/1341
f 1359/1610/1311 1381/1621/1333 1382/1624/1334
f 1352/1611/1304 1374/1622/1326 1375/1625/1327
f 1366/1609/1318 1390/1626/1342 1367/1589/1319
f 1359/1610/1311 1383/1627/1335 1360/1587/1312
f 1352/1611/1304 1376/1628/1328 1353/1588/1305
f 1368/1590/1320 1390/1626/1342 1391/1629/1343
f 1361/1591/1313 1383/1627/1335 1384/1630/1336
f 1353/1588/1305 1377/1631/1329 1354/1592/1306
f 1368/1590/1320 1392/1632/1344 1369/1593/1321
f 1347/1595/1299 885/1633/837 1370/1634/1322
f 1361/1591/1313 1385/1613/1337 1362/1596/1314
f 1355/1597/1307 1377/1631/1329 1378/1635/1330
f 1254/1636/1206 1369/1593/1321 1392/1632/1344
f 1373/1619/1325 1397/1637/1349 1374/1622/1326
f 1388/1620/1340 1412/1638/1364 1389/1623/1341
f 1382/1624/1334 1404/1639/1356 1405/1640/1357
f 1375/1625/1327 1397/1637/1349 1398/1641/1350
f 1389/1623/1341 1413/1642/1365 1390/1626/1342
f 1382/1624/1334 1406/1643/1358 1383/1627/1335
f 1375/1625/1327 1399/1644/1351 1376/1628/1328
f 1391/1629/1343 1413/1642/1365 1414/1645/1366
f 1384/1630/1336 1406/1643/1358 1407/1646/1359
f 1376/1628/1328 1400/1647/1352 1377/1631/1329
f 1391/1629/1343 1415/1648/1367 1392/1632/1344
f 1370/1634/1322 885/1649/837 1393/1650/1345
f 1384/1630/1336 1408/1651/1360 1385/1613/1337
f 1378/1635/1330 1400/1647/1352 1401/1652/1353
f 1254/1653/1206 1392/1632/1344 1415/1648/1367
f 1370/1634/1322 1394/1654/1346 1371/1612/1323
f 1386/1614/1338 1408/1651/1360 1409/1655/1361
f 1378/1635/1330 1402/1656/1354 1379/1615/1331
f 1371/1612/1323 1395/1657/1347 1372/1616/1324
f 1387/1617/1339 1409/1655/1361 1410/1658/1362
f 1380/1618/1332 1402/1656/1354 1403/1659/1355
f 1373/1619/1325 1395/1657/1347 1396/1660/1348
f 1387/1617/1339 1411/1661/1363 1388/1620/1340
f 1380/1618/1332 1404/1639/1356 1381/1621/1333
f 1406/1643/1358 791/971/743 1407/1646/1359
f 1399/1644/1351 1421/973/1373 1400/1647/1352
f 1414/1645/1366 792/974/744 1415/1648/1367
f 1393/1650/1345 885/1662/837 787/976/739
f 1407/1646/1359 1426/980/1378 1408/1651/1360
f 1401/1652/1353 1421/973/1373 789/981/741
f 1254/1663/1206 1415/1648/1367 792/974/744
f 1394/1654/1346 787/976/739 788/984/740
f 1409/1655/1361 1426/980/1378 1427/941/1379
f 1401/1652/1353 1422/987/1374 1402/1656/1354
f 1394/1654/1346 1416/988/1368 1395/1657/1347
f 1410/1658/1362 1427/941/1379 1428/943/1380
f 1403/1659/1355 1422/987/1374 1423/944/1375
f 1396/1660/1348 1416/988/1368 1417/947/1369
f 1410/1658/1362 1429/951/1381 1411/1661/1363
f 1403/1659/1355 1424/953/1376 1404/1639/1356
f 1396/1660/1348 1418/954/1370 1397/1637/1349
f 1412/1638/1364 1429/951/1381 1430/957/1382
f 1405/1640/1357 1424/953/1376 790/958/742
f 1398/1641/1350 1418/954/1370 1419/960/1371
f 1412/1638/1364 1431/963/1383 1413/1642/1365
f 1405/1640/1357 1425/965/1377 1406/1643/1358
f 1398/1641/1350 1420/966/1372 1399/1644/1351
f 1414/1645/1366 1431/963/1383 1432/969/1384
f 1427/941/1379 809/986/761 810/942/762
f 1423/944/1375 1422/987/1374 802/945/754
f 1417/947/1369 1416/988/1368 795/948/747
f 1428/943/1380 810/942/762 811/950/763
f 1423/944/1375 803/946/755 804/952/756
f 1418/954/1370 1417/947/1369 796/949/748
f 1429/951/1381 811/950/763 812/956/764
f 790/958/742 1424/953/1376 804/952/756
f 1419/960/1371 1418/954/1370 797/955/749
f 1430/957/1382 812/956/764 813/962/765
f 790/958/742 805/959/757 806/964/758
f 1420/966/1372 1419/960/1371 798/961/750
f 1431/963/1383 813/962/765 814/968/766
f 1425/965/1377 806/964/758 807/970/759
f 1420/966/1372 799/967/751 800/972/752
f 792/974/744 1432/969/1384 814/968/766
f 791/971/743 807/970/759 808/979/760
f 789/981/741 1421/973/1373 800/972/752
f 788/984/740 787/976/739 793/978/745
f 1427/941/1379 1426/980/1378 808/979/760
f 1422/987/1374 789/981/741 801/982/753
f 1416/988/1368 788/984/740 794/985/746
f 800/972/752 823/1010/775 824/989/776
f 793/978/745 816/1012/768 817/992/769
f 808/979/760 831/1013/783 832/993/784
f 802/945/754 801/982/753 824/989/776
f 794/985/746 817/992/769 818/995/770
f 809/986/761 832/993/784 833/996/785
f 802/945/754 825/994/777 826/997/778
f 796/949/748 795/948/747 818/995/770
f 811/950/763 810/942/762 833/996/785
f 803/946/755 826/997/778 827/1000/779
f 796/949/748 819/998/771 820/1001/772
f 812/956/764 811/950/763 834/999/786
f 804/952/756 827/1000/779 828/1003/780
f 797/955/749 820/1001/772 821/1004/773
f 812/956/764 835/1002/787 836/1005/788
f 806/964/758 805/959/757 828/1003/780
f 798/961/750 821/1004/773 822/1007/774
f 813/962/765 836/1005/788 837/1008/789
f 806/964/758 829/1006/781 830/1009/782
f 799/967/751 822/1007/774 823/1010/775
f 814/968/766 837/1008/789 838/991/790
f 807/970/759 830/1009/782 831/1013/783
f 834/999/786 833/996/785 856/1014/808
f 827/1000/779 826/997/778 849/1016/801
f 819/998/771 842/1038/794 843/1018/795
f 835/1002/787 834/999/786 857/1015/809
f 827/1000/779 850/1017/802 851/1020/803
f 820/1001/772 843/1018/795 844/1021/796
f 835/1002/787 858/1019/810 859/1022/811
f 829/1006/781 828/1003/780 851/1020/803
f 822/1007/774 821/1004/773 844/1021/796
f 837/1008/789 836/1005/788 859/1022/811
f 829/1006/781 852/1023/804 853/1026/805
f 823/1010/775 822/1007/774 845/1024/797
f 837/1008/789 860/1025/812 861/1028/813
f 830/1009/782 853/1026/805 854/1031/806
f 824/989/776 823/1010/775 846/1027/798
f 816/1012/768 839/1030/791 840/1034/792
f 831/1013/783 854/1031/806 855/1035/807
f 825/994/777 824/989/776 847/1032/799
f 817/992/769 840/1034/792 841/1037/793
f 832/993/784 855/1035/807 856/1014/808
f 825/994/777 848/1036/800 849/1016/801
f 818/995/770 841/1037/793 842/1038/794
f 845/1024/797 844/1021/796 867/1039/819
f 859/1022/811 882/1062/834 883/1041/835
f 852/1023/804 875/1063/827 876/1042/828
f 845/1024/797 868/1040/820 869/1043/821
f 860/1025/812 883/1041/835 884/1044/836
f 853/1026/805 876/1042/828 877/1047/829
f 847/1032/799 846/1027/798 869/1043/821
f 839/1030/791 862/1046/814 863/1050/815
f 855/1035/807 854/1031/806 877/1047/829
f 847/1032/799 870/1048/822 871/1052/823
f 840/1034/792 863/1050/815 864/1053/816
f 855/1035/807 878/1051/830 879/1054/831
f 848/1036/800 871/1052/823 872/1055/824
f 841/1037/793 864/1053/816 865/1056/817
f 857/1015/809 856/1014/808 879/1054/831
f 849/1016/801 872/1055/824 873/1058/825
f 842/1038/794 865/1056/817 866/1059/818
f 858/1019/810 857/1015/809 880/1057/832
f 850/1017/802 873/1058/825 874/1061/826
f 843/1018/795 866/1059/818 867/1039/819
f 859/1022/811 858/1019/810 881/1060/833
f 852/1023/804 851/1020/803 874/1061/826
f 870/1048/822 894/1085/846 895/1064/847
f 863/1050/815 887/1087/839 888/1065/840
f 878/1051/830 902/1088/854 903/1066/855
f 871/1052/823 895/1064/847 896/1067/848
f 864/1053/816 888/1065/840 889/1068/841
f 879/1054/831 903/1066/855 904/1069/856
f 872/1055/824 896/1067/848 897/1070/849
f 865/1056/817 889/1068/841 890/1071/842
f 881/1060/833 880/1057/832 904/1069/856
f 874/1061/826 873/1058/825 897/1070/849
f 866/1059/818 890/1071/842 891/1074/843
f 881/1060/833 905/1072/857 906/1075/858
f 875/1063/827 874/1061/826 898/1073/850
f 867/1039/819 891/1074/843 892/1077/844
f 883/1041/835 882/1062/834 906/1075/858
f 876/1042/828 875/1063/827 899/1076/851
f 868/1040/820 892/1077/844 893/1080/845
f 884/1044/836 883/1041/835 907/1078/859
f 876/1042/828 900/1079/852 901/1084/853
f 870/1048/822 869/1043/821 893/1080/845
f 862/1046/814 886/1083/838 887/1087/839
f 878/1051/830 877/1047/829 901/1084/853
f 904/1069/856 927/1112/879 928/1089/880
f 898/1073/850 897/1070/849 920/1090/872
f 890/1071/842 913/1113/865 914/1092/866
f 905/1072/857 928/1089/880 929/1093/881
f 898/1073/850 921/1091/873 922/1094/874
f 891/1074/843 914/1092/866 915/1095/867
f 906/1075/858 929/1093/881 930/1096/882
f 899/1076/851 922/1094/874 923/1097/875
f 892/1077/844 915/1095/867 916/1098/868
f 908/1081/860 907/1078/859 930/1096/882
f 900/1079/852 923/1097/875 924/1102/876
f 893/1080/845 916/1098/868 917/1103/869
f 886/1083/838 909/1101/861 910/1105/862
f 901/1084/853 924/1102/876 925/1106/877
f 894/1085/846 917/1103/869 918/1107/870
f 887/1087/839 910/1105/862 911/1108/863
f 902/1088/854 925/1106/877 926/1109/878
f 895/1064/847 918/1107/870 919/1110/871
f 889/1068/841 888/1065/840 911/1108/863
f 904/1069/856 903/1066/855 926/1109/878
f 896/1067/848 919/1110/871 920/1090/872
f 889/1068/841 912/1111/864 913/1113/865
f 915/1095/867 938/1137/890 939/1114/891
f 931/1099/883 930/1096/882 953/1115/905
f 923/1097/875 946/1138/898 947/1119/899
f 917/1103/869 916/1098/868 939/1114/891
f 909/1101/861 932/1118/884 933/1122/885
f 925/1106/877 924/1102/876 947/1119/899
f 917/1103/869 940/1120/892 941/1124/893
f 910/1105/862 933/1122/885 934/1125/886
f 925/1106/877 948/1123/900 949/1126/901
f 919/1110/871 918/1107/870 941/1124/893
f 912/1111/864 911/1108/863 934/1125/886
f 926/1109/878 949/1126/901 950/1129/902
f 919/1110/871 942/1127/894 943/1130/895
f 912/1111/864 935/1128/887 936/1131/888
f 928/1089/880 927/1112/879 950/1129/902
f 921/1091/873 920/1090/872 943/1130/895
f 913/1113/865 936/1131/888 937/1134/889
f 928/1089/880 951/1132/903 952/1135/904
f 921/1091/873 944/1133/896 945/1136/897
f 914/1092/866 937/1134/889 938/1137/890
f 930/1096/882 929/1093/881 952/1135/904
f 922/1094/874 945/1136/897 946/1138/898
f 941/1124/893 964/1161/916 965/1139/917
f 934/1125/886 957/1162/909 958/1140/910
f 949/1126/901 972/1163/924 973/1141/925
f 942/1127/894 965/1139/917 966/1142/918
f 935/1128/887 958/1140/910 959/1143/911
f 950/1129/902 973/1141/925 974/1144/926
f 944/1133/896 943/1130/895 966/1142/918
f 936/1131/888 959/1143/911 960/1146/912
f 951/1132/903 974/1144/926 975/1147/927
f 944/1133/896 967/1145/919 968/1148/920
f 937/1134/889 960/1146/912 961/1149/913
f 952/1135/904 975/1147/927 976/1150/928
f 946/1138/898 945/1136/897 968/1148/920
f 938/1137/890 961/1149/913 962/1152/914
f 954/1116/906 953/1115/905 976/1150/928
f 946/1138/898 969/1151/921 970/1156/922
f 940/1120/892 939/1114/891 962/1152/914
f 932/1118/884 955/1155/907 956/1159/908
f 948/1123/900 947/1119/899 970/1156/922
f 940/1120/892 963/1157/915 964/1161/916
f 933/1122/885 956/1159/908 957/1162/909
f 948/1123/900 971/1160/923 972/1163/924
f 974/1144/926 997/1187/949 998/1164/950
f 967/1145/919 990/1188/942 991/1165/943
f 961/1149/913 960/1146/912 983/1166/935
f 975/1147/927 998/1164/950 999/1168/951
f 968/1148/920 991/1165/943 992/1169/944
f 961/1149/913 984/1167/936 985/1170/937
f 977/1153/929 976/1150/928 999/1168/951
f 969/1151/921 992/1169/944 993/1174/945
f 963/1157/915 962/1152/914 985/1170/937
f 955/1155/907 978/1173/930 979/1177/931
f 971/1160/923 970/1156/922 993/1174/945
f 963/1157/915 986/1175/938 987/1179/939
f 956/1159/908 979/1177/931 980/1180/932
f 971/1160/923 994/1178/946 995/1181/947
f 964/1161/916 987/1179/939 988/1182/940
f 957/1162/909 980/1180/932 981/1183/933
f 972/1163/924 995/1181/947 996/1184/948
f 965/1139/917 988/1182/940 989/1185/941
f 958/1140/910 981/1183/933 982/1186/934
f 973/1141/925 996/1184/948 997/1187/949
f 967/1145/919 966/1142/918 989/1185/941
f 959/1143/911 982/1186/934 983/1166/935
f 986/1175/938 985/1170/937 1008/1189/960
f 978/1173/930 1001/1213/953 1002/1193/954
f 994/1178/946 993/1174/945 1016/1194/968
f 986/1175/938 1009/1190/961 1010/1196/962
f 979/1177/931 1002/1193/954 1003/1197/955
f 994/1178/946 1017/1195/969 1018/1198/970
f 987/1179/939 1010/1196/962 1011/1199/963
f 981/1183/933 980/1180/932 1003/1197/955
f 996/1184/948 995/1181/947 1018/1198/970
f 988/1182/940 1011/1199/963 1012/1202/964
f 981/1183/933 1004/1200/956 1005/1203/957
f 997/1187/949 996/1184/948 1019/1201/971
f 990/1188/942 989/1185/941 1012/1202/964
f 982/1186/934 1005/1203/957 1006/1206/958
f 997/1187/949 1020/1204/972 1021/1207/973
f 990/1188/942 1013/1205/965 1014/1208/966
f 983/1166/935 1006/1206/958 1007/1209/959
f 999/1168/951 998/1164/950 1021/1207/973
f 991/1165/943 1014/1208/966 1015/1211/967
f 984/1167/936 1007/1209/959 1008/1189/960
f 999/1168/951 1022/1210/974 1023/1192/975
f 992/1169/944 1015/1211/967 1016/1194/968
f 1011/1199/963 1034/1236/986 1035/1214/987
f 1004/1200/956 1027/1237/979 1028/1215/980
f 1019/1201/971 1042/1238/994 1043/1216/995
f 1013/1205/965 1012/1202/964 1035/1214/987
f 1005/1203/957 1028/1215/980 1029/1218/981
f 1020/1204/972 1043/1216/995 1044/1219/996
f 1014/1208/966 1013/1205/965 1036/1217/988
f 1007/1209/959 1006/1206/958 1029/1218/981
f 1022/1210/974 1021/1207/973 1044/1219/996
f 1015/1211/967 1014/1208/966 1037/1220/989
f 1007/1209/959 1030/1221/982 1031/1224/983
f 1023/1192/975 1022/1210/974 1045/1222/997
f 1015/1211/967 1038/1223/990 1039/1228/991
f 1009/1190/961 1008/1189/960 1031/1224/983
f 1002/1193/954 1001/1213/953 1024/1227/976
f 1017/1195/969 1016/1194/968 1039/1228/991
f 1009/1190/961 1032/1229/984 1033/1233/985
f 1002/1193/954 1025/1231/977 1026/1234/978
f 1017/1195/969 1040/1232/992 1041/1235/993
f 1010/1196/962 1033/1233/985 1034/1236/986
f 1004/1200/956 1003/1197/955 1026/1234/978
f 1018/1198/970 1041/1235/993 1042/1238/994
f 1044/1219/996 1067/1262/1019 1068/1239/1020
f 1038/1223/990 1037/1220/989 1060/1240/1012
f 1030/1221/982 1053/1263/1005 1054/1242/1006
f 1046/1225/998 1045/1222/997 1068/1239/1020
f 1038/1223/990 1061/1241/1013 1062/1246/1014
f 1032/1229/984 1031/1224/983 1054/1242/1006
f 1024/1227/976 1047/1245/999 1048/1249/1000
f 1040/1232/992 1039/1228/991 1062/1246/1014
f 1032/1229/984 1055/1247/1007 1056/1251/1008
f 1025/1231/977 1048/1249/1000 1049/1252/1001
f 1040/1232/992 1063/1250/1015 1064/1253/1016
f 1033/1233/985 1056/1251/1008 1057/1254/1009
f 1027/1237/979 1026/1234/978 1049/1252/1001
f 1041/1235/993 1064/1253/1016 1065/1256/1017
f 1034/1236/986 1057/1254/1009 1058/1257/1010
f 1027/1237/979 1050/1255/1002 1051/1258/1003
f 1043/1216/995 1042/1238/994 1065/1256/1017
f 1036/1217/988 1035/1214/987 1058/1257/1010
f 1028/1215/980 1051/1258/1003 1052/1261/1004
f 1043/1216/995 1066/1259/1018 1067/1262/1019
f 1037/1220/989 1036/1217/988 1059/1260/1011
f 1029/1218/981 1052/1261/1004 1053/1263/1005
f 1055/1247/1007 1078/1285/1030 1079/1264/1031
f 1048/1249/1000 1071/1287/1023 1072/1265/1024
f 1063/1250/1015 1086/1288/1038 1087/1266/1039
f 1056/1251/1008 1079/1264/1031 1080/1267/1032
f 1050/1255/1002 1049/1252/1001 1072/1265/1024
f 1064/1253/1016 1087/1266/1039 1088/1269/1040
f 1057/1254/1009 1080/1267/1032 1081/1270/1033
f 1050/1255/1002 1073/1268/1025 1074/1271/1026
f 1065/1256/1017 1088/1269/1040 1089/1272/1041
f 1059/1260/1011 1058/1257/1010 1081/1270/1033
f 1051/1258/1003 1074/1271/1026 1075/1274/1027
f 1066/1259/1018 1089/1272/1041 1090/1275/1042
f 1059/1260/1011 1082/1273/1034 1083/1276/1035
f 1052/1261/1004 1075/1274/1027 1076/1277/1028
f 1068/1239/1020 1067/1262/1019 1090/1275/1042
f 1061/1241/1013 1060/1240/1012 1083/1276/1035
f 1053/1263/1005 1076/1277/1028 1077/1280/1029
f 1069/1243/1021 1068/1239/1020 1091/1278/1043
f 1061/1241/1013 1084/1279/1036 1085/1284/1037
f 1055/1247/1007 1054/1242/1006 1077/1280/1029
f 1047/1245/999 1070/1283/1022 1071/1287/1023
f 1063/1250/1015 1062/1246/1014 1085/1284/1037
f 1082/1273/1034 1081/1270/1033 1104/1289/1056
f 1074/1271/1026 1097/1312/1049 1098/1291/1050
f 1089/1272/1041 1112/1313/1064 1113/1292/1065
f 1082/1273/1034 1105/1290/1057 1106/1293/1058
f 1075/1274/1027 1098/1291/1050 1099/1294/1051
f 1091/1278/1043 1090/1275/1042 1113/1292/1065
f 1084/1279/1036 1083/1276/1035 1106/1293/1058
f 1076/1277/1028 1099/1294/1051 1100/1297/1052
f 1091/1278/1043 1114/1295/1066 1115/1298/1067
f 1084/1279/1036 1107/1296/1059 1108/1301/1060
f 1078/1285/1030 1077/1280/1029 1100/1297/1052
f 1070/1283/1022 1093/1300/1045 1094/1304/1046
f 1086/1288/1038 1085/1284/1037 1108/1301/1060
f 1078/1285/1030 1101/1302/1053 1102/1306/1054
f 1071/1287/1023 1094/1304/1046 1095/1307/1047
f 1087/1266/1039 1086/1288/1038 1109/1305/1061
f 1079/1264/1031 1102/1306/1054 1103/1309/1055
f 1073/1268/1025 1072/1265/1024 1095/1307/1047
f 1087/1266/1039 1110/1308/1062 1111/1311/1063
f 1080/1267/1032 1103/1309/1055 1104/1289/1056
f 1073/1268/1025 1096/1310/1048 1097/1312/1049
f 1089/1272/1041 1088/1269/1040 1111/1311/1063
f 1115/1298/1067 1114/1295/1066 1137/1314/1089
f 1107/1296/1059 1130/1338/1082 1131/1318/1083
f 1101/1302/1053 1100/1297/1052 1123/1319/1075
f 1093/1300/1045 1116/1317/1068 1117/1322/1069
f 1109/1305/1061 1108/1301/1060 1131/1318/1083
f 1101/1302/1053 1124/1320/1076 1125/1324/1077
f 1094/1304/1046 1117/1322/1069 1118/1325/1070
f 1109/1305/1061 1132/1323/1084 1133/1326/1085
f 1102/1306/1054 1125/1324/1077 1126/1327/1078
f 1095/1307/1047 1118/1325/1070 1119/1328/1071
f 1110/1308/1062 1133/1326/1085 1134/1329/1086
f 1103/1309/1055 1126/1327/1078 1127/1330/1079
f 1096/1310/1048 1119/1328/1071 1120/1331/1072
f 1111/1311/1063 1134/1329/1086 1135/1332/1087
f 1105/1290/1057 1104/1289/1056 1127/1330/1079
f 1097/1312/1049 1120/1331/1072 1121/1334/1073
f 1112/1313/1064 1135/1332/1087 1136/1335/1088
f 1105/1290/1057 1128/1333/1080 1129/1336/1081
f 1098/1291/1050 1121/1334/1073 1122/1337/1074
f 1114/1295/1066 1113/1292/1065 1136/1335/1088
f 1107/1296/1059 1106/1293/1058 1129/1336/1081
f 1099/1294/1051 1122/1337/1074 1123/1319/1075
f 1125/1324/1077 1148/1362/1100 1149/1339/1101
f 1119/1328/1071 1118/1325/1070 1141/1340/1093
f 1133/1326/1085 1156/1363/1108 1157/1342/1109
f 1126/1327/1078 1149/1339/1101 1150/1343/1102
f 1119/1328/1071 1142/1341/1094 1143/1344/1095
f 1134/1329/1086 1157/1342/1109 1158/1345/1110
f 1128/1333/1080 1127/1330/1079 1150/1343/1102
f 1121/1334/1073 1120/1331/1072 1143/1344/1095
f 1135/1332/1087 1158/1345/1110 1159/1348/1111
f 1128/1333/1080 1151/1346/1103 1152/1349/1104
f 1121/1334/1073 1144/1347/1096 1145/1350/1097
f 1137/1314/1089 1136/1335/1088 1159/1348/1111
f 1130/1338/1082 1129/1336/1081 1152/1349/1104
f 1122/1337/1074 1145/1350/1097 1146/1353/1098
f 1137/1314/1089 1160/1351/1112 1161/1354/1113
f 1130/1338/1082 1153/1352/1105 1154/1357/1106
f 1124/1320/1076 1123/1319/1075 1146/1353/1098
f 1116/1317/1068 1139/1356/1091 1140/1360/1092
f 1132/1323/1084 1131/1318/1083 1154/1357/1106
f 1124/1320/1076 1147/1358/1099 1148/1362/1100
f 1117/1322/1069 1140/1360/1092 1141/1340/1093
f 1132/1323/1084 1155/1361/1107 1156/1363/1108
f 1151/1346/1103 1174/1387/1126 1175/1364/1127
f 1144/1347/1096 1167/1388/1119 1168/1365/1120
f 1160/1351/1112 1159/1348/1111 1182/1366/1134
f 1153/1352/1105 1152/1349/1104 1175/1364/1127
f 1145/1350/1097 1168/1365/1120 1169/1369/1121
f 1160/1351/1112 1183/1367/1135 1184/1370/1136
f 1153/1352/1105 1176/1368/1128 1177/1373/1129
f 1147/1358/1099 1146/1353/1098 1169/1369/1121
f 1139/1356/1091 1162/1372/1114 1163/1376/1115
f 1155/1361/1107 1154/1357/1106 1177/1373/1129
f 1147/1358/1099 1170/1374/1122 1171/1378/1123
f 1140/1360/1092 1163/1376/1115 1164/1379/1116
f 1156/1363/1108 1155/1361/1107 1178/1377/1130
f 1148/1362/1100 1171/1378/1123 1172/1381/1124
f 1142/1341/1094 1141/1340/1093 1164/1379/1116
f 1156/1363/1108 1179/1380/1131 1180/1383/1132
f 1149/1339/1101 1172/1381/1124 1173/1384/1125
f 1142/1341/1094 1165/1382/1117 1166/1385/1118
f 1158/1345/1110 1157/1342/1109 1180/1383/1132
f 1151/1346/1103 1150/1343/1102 1173/1384/1125
f 1143/1344/1095 1166/1385/1118 1167/1388/1119
f 1158/1345/1110 1181/1386/1133 1182/1366/1134
f 1162/1372/1114 1185/1412/1137 1186/1391/1138
f 1178/1377/1130 1177/1373/1129 1200/1392/1152
f 1170/1374/1122 1193/1413/1145 1194/1394/1146
f 1163/1376/1115 1186/1391/1138 1187/1395/1139
f 1178/1377/1130 1201/1393/1153 1202/1396/1154
f 1171/1378/1123 1194/1394/1146 1195/1397/1147
f 1165/1382/1117 1164/1379/1116 1187/1395/1139
f 1179/1380/1131 1202/1396/1154 1203/1399/1155
f 1172/1381/1124 1195/1397/1147 1196/1400/1148
f 1165/1382/1117 1188/1398/1140 1189/1401/1141
f 1180/1383/1132 1203/1399/1155 1204/1402/1156
f 1174/1387/1126 1173/1384/1125 1196/1400/1148
f 1167/1388/1119 1166/1385/1118 1189/1401/1141
f 1181/1386/1133 1204/1402/1156 1205/1405/1157
f 1175/1364/1127 1174/1387/1126 1197/1403/1149
f 1167/1388/1119 1190/1404/1142 1191/1407/1143
f 1183/1367/1135 1182/1366/1134 1205/1405/1157
f 1176/1368/1128 1175/1364/1127 1198/1406/1150
f 1168/1365/1120 1191/1407/1143 1192/1410/1144
f 1184/1370/1136 1183/1367/1135 1206/1408/1158
f 1176/1368/1128 1199/1409/1151 1200/1392/1152
f 1170/1374/1122 1169/1369/1121 1192/1410/1144
f 1195/1397/1147 1218/1437/1170 1219/1414/1171
f 1188/1398/1140 1211/1438/1163 1212/1415/1164
f 1204/1402/1156 1203/1399/1155 1226/1416/1178
f 1197/1403/1149 1196/1400/1148 1219/1414/1171
f 1190/1404/1142 1189/1401/1141 1212/1415/1164
f 1204/1402/1156 1227/1417/1179 1228/1420/1180
f 1197/1403/1149 1220/1418/1172 1221/1421/1173
f 1190/1404/1142 1213/1419/1165 1214/1422/1166
f 1206/1408/1158 1205/1405/1157 1228/1420/1180
f 1199/1409/1151 1198/1406/1150 1221/1421/1173
f 1191/1407/1143 1214/1422/1166 1215/1425/1167
f 1207/1390/1159 1206/1408/1158 1229/1423/1181
f 1199/1409/1151 1222/1424/1174 1223/1429/1175
f 1193/1413/1145 1192/1410/1144 1215/1425/1167
f 1185/1412/1137 1208/1428/1160 1209/1432/1161
f 1201/1393/1153 1200/1392/1152 1223/1429/1175
f 1193/1413/1145 1216/1430/1168 1217/1434/1169
f 1186/1391/1138 1209/1432/1161 1210/1435/1162
f 1202/1396/1154 1201/1393/1153 1224/1433/1176
f 1194/1394/1146 1217/1434/1169 1218/1437/1170
f 1188/1398/1140 1187/1395/1139 1210/1435/1162
f 1202/1396/1154 1225/1436/1177 1226/1416/1178
f 1222/1424/1174 1221/1421/1173 1244/1439/1196
f 1214/1422/1166 1237/1462/1189 1238/1441/1190
f 1229/1423/1181 1252/1463/1204 1253/1442/1205
f 1222/1424/1174 1245/1440/1197 1246/1445/1198
f 1216/1430/1168 1215/1425/1167 1238/1441/1190
f 1208/1428/1160 1231/1444/1183 1232/1448/1184
f 1224/1433/1176 1223/1429/1175 1246/1445/1198
f 1216/1430/1168 1239/1446/1191 1240/1450/1192
f 1209/1432/1161 1232/1448/1184 1233/1451/1185
f 1224/1433/1176 1247/1449/1199 1248/1452/1200
f 1217/1434/1169 1240/1450/1192 1241/1453/1193
f 1211/1438/1163 1210/1435/1162 1233/1451/1185
f 1225/1436/1177 1248/1452/1200 1249/1455/1201
f 1218/1437/1170 1241/1453/1193 1242/1456/1194
f 1211/1438/1163 1234/1454/1186 1235/1457/1187
f 1226/1416/1178 1249/1455/1201 1250/1458/1202
f 1220/1418/1172 1219/1414/1171 1242/1456/1194
f 1213/1419/1165 1212/1415/1164 1235/1457/1187
f 1227/1417/1179 1250/1458/1202 1251/1461/1203
f 1220/1418/1172 1243/1459/1195 1244/1439/1196
f 1213/1419/1165 1236/1460/1188 1237/1462/1189
f 1229/1423/1181 1228/1420/1180 1251/1461/1203
f 1233/1451/1185 1232/1448/1184 1256/1464/1208
f 1248/1452/1200 1247/1449/1199 1271/1466/1223
f 1240/1450/1192 1264/1488/1216 1265/1468/1217
f 1234/1454/1186 1233/1451/1185 1257/1465/1209
f 1248/1452/1200 1272/1467/1224 1273/1470/1225
f 1241/1453/1193 1265/1468/1217 1266/1471/1218
f 1234/1454/1186 1258/1469/1210 1259/1472/1211
f 1250/1458/1202 1249/1455/1201 1273/1470/1225
f 1243/1459/1195 1242/1456/1194 1266/1471/1218
f 1236/1460/1188 1235/1457/1187 1259/1472/1211
f 1250/1458/1202 1274/1473/1226 1275/1476/1227
f 1243/1459/1195 1267/1474/1219 1268/1477/1220
f 1236/1460/1188 1260/1475/1212 1261/1478/1213
f 1251/1461/1203 1275/1476/1227 1276/1479/1228
f 1245/1440/1197 1244/1439/1196 1268/1477/1220
f 1237/1462/1189 1261/1478/1213 1262/1481/1214
f 1253/1442/1205 1252/1463/1204 1276/1479/1228
f 1245/1440/1197 1269/1480/1221 1270/1485/1222
f 1239/1446/1191 1238/1441/1190 1262/1481/1214
f 1231/1444/1183 1255/1484/1207 1256/1464/1208
f 1247/1449/1199 1246/1445/1198 1270/1485/1222
f 1239/1446/1191 1263/1486/1215 1264/1488/1216
f 1267/1489/1219 1266/1534/1218 1289/1490/1241
f 1260/1492/1212 1259/1535/1211 1282/1493/1234
f 1274/1495/1226 1297/1536/1249 1298/1496/1250
f 1267/1489/1219 1290/1491/1242 1291/1498/1243
f 1260/1492/1212 1283/1494/1235 1284/1500/1236
f 1276/1502/1228 1275/1497/1227 1298/1496/1250
f 1269/1504/1221 1268/1499/1220 1291/1498/1243
f 1261/1501/1213 1284/1500/1236 1285/1506/1237
f 1277/1508/1229 1276/1502/1228 1299/1503/1251
f 1269/1504/1221 1292/1505/1244 1293/1513/1245
f 1263/1515/1215 1262/1507/1214 1285/1506/1237
f 1255/1510/1207 1278/1512/1230 1279/1518/1231
f 1271/1520/1223 1270/1514/1222 1293/1513/1245
f 1263/1515/1215 1286/1516/1238 1287/1522/1239
f 1256/1519/1208 1279/1518/1231 1280/1524/1232
f 1272/1526/1224 1271/1520/1223 1294/1521/1246
f 1265/1528/1217 1264/1523/1216 1287/1522/1239
f 1258/1530/1210 1257/1525/1209 1280/1524/1232
f 1272/1526/1224 1295/1527/1247 1296/1532/1248
f 1265/1528/1217 1288/1529/1240 1289/1490/1241
f 1258/1530/1210 1281/1531/1233 1282/1493/1234
f 1273/1533/1225 1296/1532/1248 1297/1536/1249
f 1292/1505/1244 1315/1561/1267 1316/1539/1268
f 1286/1516/1238 1285/1506/1237 1308/1540/1260
f 1278/1512/1230 1301/1538/1253 1302/1544/1254
f 1294/1521/1246 1293/1513/1245 1316/1539/1268
f 1286/1516/1238 1309/1541/1261 1310/1546/1262
f 1279/1518/1231 1302/1544/1254 1303/1547/1255
f 1295/1527/1247 1294/1521/1246 1317/1545/1269
f 1288/1529/1240 1287/1522/1239 1310/1546/1262
f 1281/1531/1233 1280/1524/1232 1303/1547/1255
f 1295/1527/1247 1318/1548/1270 1319/1551/1271
f 1288/1529/1240 1311/1549/1263 1312/1552/1264
f 1281/1531/1233 1304/1550/1256 1305/1553/1257
f 1296/1532/1248 1319/1551/1271 1320/1554/1272
f 1290/1491/1242 1289/1490/1241 1312/1552/1264
f 1283/1494/1235 1282/1493/1234 1305/1553/1257
f 1297/1536/1249 1320/1554/1272 1321/1557/1273
f 1290/1491/1242 1313/1555/1265 1314/1558/1266
f 1283/1494/1235 1306/1556/1258 1307/1559/1259
f 1299/1503/1251 1298/1496/1250 1321/1557/1273
f 1292/1505/1244 1291/1498/1243 1314/1558/1266
f 1284/1500/1236 1307/1559/1259 1308/1540/1260
f 1299/1503/1251 1322/1560/1274 1323/1543/1275
f 1304/1550/1256 1303/1547/1255 1326/1562/1278
f 1318/1548/1270 1341/1585/1293 1342/1564/1294
f 1311/1549/1263 1334/1586/1286 1335/1565/1287
f 1304/1550/1256 1327/1563/1279 1328/1566/1280
f 1320/1554/1272 1319/1551/1271 1342/1564/1294
f 1313/1555/1265 1312/1552/1264 1335/1565/1287
f 1306/1556/1258 1305/1553/1257 1328/1566/1280
f 1320/1554/1272 1343/1567/1295 1344/1570/1296
f 1313/1555/1265 1336/1568/1288 1337/1571/1289
f 1306/1556/1258 1329/1569/1281 1330/1572/1282
f 1321/1557/1273 1344/1570/1296 1345/1573/1297
f 1315/1561/1267 1314/1558/1266 1337/1571/1289
f 1307/1559/1259 1330/1572/1282 1331/1575/1283
f 1323/1543/1275 1322/1560/1274 1345/1573/1297
f 1315/1561/1267 1338/1574/1290 1339/1579/1291
f 1309/1541/1261 1308/1540/1260 1331/1575/1283
f 1301/1538/1253 1324/1578/1276 1325/1582/1277
f 1317/1545/1269 1316/1539/1268 1339/1579/1291
f 1309/1541/1261 1332/1580/1284 1333/1584/1285
f 1302/1544/1254 1325/1582/1277 1326/1562/1278
f 1318/1548/1270 1317/1545/1269 1340/1583/1292
f 1311/1549/1263 1310/1546/1262 1333/1584/1285
f 1336/1568/1288 1359/1610/1311 1360/1587/1312
f 1329/1569/1281 1352/1611/1304 1353/1588/1305
f 1345/1573/1297 1344/1570/1296 1367/1589/1319
f 1338/1574/1290 1337/1571/1289 1360/1587/1312
f 1330/1572/1282 1353/1588/1305 1354/1592/1306
f 1346/1576/1298 1345/1573/1297 1368/1590/1320
f 1338/1574/1290 1361/1591/1313 1362/1596/1314
f 1332/1580/1284 1331/1575/1283 1354/1592/1306
f 1324/1578/1276 1347/1595/1299 1348/1599/1300
f 1340/1583/1292 1339/1579/1291 1362/1596/1314
f 1332/1580/1284 1355/1597/1307 1356/1601/1308
f 1325/1582/1277 1348/1599/1300 1349/1602/1301
f 1341/1585/1293 1340/1583/1292 1363/1600/1315
f 1334/1586/1286 1333/1584/1285 1356/1601/1308
f 1326/1562/1278 1349/1602/1301 1350/1605/1302
f 1341/1585/1293 1364/1603/1316 1365/1606/1317
f 1334/1586/1286 1357/1604/1309 1358/1607/1310
f 1327/1563/1279 1350/1605/1302 1351/1608/1303
f 1342/1564/1294 1365/1606/1317 1366/1609/1318
f 1336/1568/1288 1335/1565/1287 1358/1607/1310
f 1329/1569/1281 1328/1566/1280 1351/1608/1303
f 1343/1567/1295 1366/1609/1318 1367/1589/1319
f 1347/1595/1299 1370/1634/1322 1371/1612/1323
f 1363/1600/1315 1362/1596/1314 1385/1613/1337
f 1355/1597/1307 1378/1635/1330 1379/1615/1331
f 1348/1599/1300 1371/1612/1323 1372/1616/1324
f 1364/1603/1316 1363/1600/1315 1386/1614/1338
f 1357/1604/1309 1356/1601/1308 1379/1615/1331
f 1350/1605/1302 1349/1602/1301 1372/1616/1324
f 1364/1603/1316 1387/1617/1339 1388/1620/1340
f 1357/1604/1309 1380/1618/1332 1381/1621/1333
f 1350/1605/1302 1373/1619/1325 1374/1622/1326
f 1366/1609/1318 1365/1606/1317 1388/1620/1340
f 1359/1610/1311 1358/1607/1310 1381/1621/1333
f 1352/1611/1304 1351/1608/1303 1374/1622/1326
f 1366/1609/1318 1389/1623/1341 1390/1626/1342
f 1359/1610/1311 1382/1624/1334 1383/1627/1335
f 1352/1611/1304 1375/1625/1327 1376/1628/1328
f 1368/1590/1320 1367/1589/1319 1390/1626/1342
f 1361/1591/1313 1360/1587/1312 1383/1627/1335
f 1353/1588/1305 1376/1628/1328 1377/1631/1329
f 1368/1590/1320 1391/1629/1343 1392/1632/1344
f 1361/1591/1313 1384/1630/1336 1385/1613/1337
f 1355/1597/1307 1354/1592/1306 1377/1631/1329
f 1373/1619/1325 1396/1660/1348 1397/1637/1349
f 1388/1620/1340 1411/1661/1363 1412/1638/1364
f 1382/1624/1334 1381/1621/1333 1404/1639/1356
f 1375/1625/1327 1374/1622/1326 1397/1637/1349
f 1389/1623/1341 1412/1638/1364 1413/1642/1365
f 1382/1624/1334 1405/1640/1357 1406/1643/1358
f 1375/1625/1327 1398/1641/1350 1399/1644/1351
f 1391/1629/1343 1390/1626/1342 1413/1642/1365
f 1384/1630/1336 1383/1627/1335 1406/1643/1358
f 1376/1628/1328 1399/1644/1351 1400/1647/1352
f 1391/1629/1343 1414/1645/1366 1415/1648/1367
f 1384/1630/1336 1407/1646/1359 1408/1651/1360
f 1378/1635/1330 1377/1631/1329 1400/1647/1352
f 1370/1634/1322 1393/1650/1345 1394/1654/1346
f 1386/1614/1338 1385/1613/1337 1408/1651/1360
f 1378/1635/1330 1401/1652/1353 1402/1656/1354
f 1371/1612/1323 1394/1654/1346 1395/1657/1347
f 1387/1617/1339 1386/1614/1338 1409/1655/1361
f 1380/1618/1332 1379/1615/1331 1402/1656/1354
f 1373/1619/1325 1372/1616/1324 1395/1657/1347
f 1387/1617/1339 1410/1658/1362 1411/1661/1363
f 1380/1618/1332 1403/1659/1355 1404/1639/1356
f 1406/1643/1358 1425/965/1377 791/971/743
f 1399/1644/1351 1420/966/1372 1421/973/1373
f 1414/1645/1366 1432/969/1384 792/974/744
f 1407/1646/1359 791/971/743 1426/980/1378
f 1401/1652/1353 1400/1647/1352 1421/973/1373
f 1394/1654/1346 1393/1650/1345 787/976/739
f 1409/1655/1361 1408/1651/1360 1426/980/1378
f 1401/1652/1353 789/981/741 1422/987/1374
f 1394/1654/1346 788/984/740 1416/988/1368
f 1410/1658/1362 1409/1655/1361 1427/941/1379
f 1403/1659/1355 1402/1656/1354 1422/987/1374
f 1396/1660/1348 1395/1657/1347 1416/988/1368
f 1410/1658/1362 1428/943/1380 1429/951/1381
f 1403/1659/1355 1423/944/1375 1424/953/1376
f 1396/1660/1348 1417/947/1369 1418/954/1370
f 1412/1638/1364 1411/1661/1363 1429/951/1381
f 1405/1640/1357 1404/1639/1356 1424/953/1376
f 1398/1641/1350 1397/1637/1349 1418/954/1370
f 1412/1638/1364 1430/957/1382 1431/963/1383
f 1405/1640/1357 790/958/742 1425/965/1377
f 1398/1641/1350 1419/960/1371 1420/966/1372
f 1414/1645/1366 1413/1642/1365 1431/963/1383
o Sphere.001
v 0.160000 0.427319 3.883751
v 0.160000 0.394038 3.865962
v 0.160000 0.379948 3.844874
v 0.160000 0.379948 3.795125
v 0.160000 0.385954 3.783888
v 0.160000 0.394038 3.774038
v 0.160000 0.403888 3.765954
v 0.157526 0.427563 3.883751
v 0.155147 0.415604 3.880052
v 0.152955 0.404582 3.874045
v 0.151033 0.394921 3.865962
v 0.149456 0.386993 3.856112
v 0.148284 0.381102 3.844874
v 0.147563 0.377474 3.832681
v 0.147319 0.376249 3.820000
v 0.147563 0.377474 3.807319
v 0.148284 0.381102 3.795125
v 0.149456 0.386993 3.783888
v 0.151033 0.394921 3.774038
v 0.152955 0.404582 3.765954
v 0.155147 0.415604 3.759948
v 0.157526 0.427563 3.756249
v 0.155147 0.428284 3.883751
v 0.150481 0.417019 3.880052
v 0.146181 0.406637 3.874045
v 0.142411 0.397537 3.865962
v 0.139318 0.390068 3.856112
v 0.137019 0.384519 3.844874
v 0.135604 0.381102 3.832681
v 0.135126 0.379948 3.820000
v 0.135604 0.381102 3.807319
v 0.137019 0.384519 3.795125
v 0.139318 0.390068 3.783888
v 0.142411 0.397537 3.774038
v 0.146181 0.406637 3.765954
v 0.150481 0.417019 3.759948
v 0.155147 0.428284 3.756249
v 0.152955 0.429456 3.883751
v 0.146181 0.419318 3.880052
v 0.139937 0.409974 3.874045
v 0.134465 0.401784 3.865962
v 0.129974 0.395063 3.856112
v 0.126637 0.390068 3.844874
v 0.124582 0.386993 3.832681
v 0.123888 0.385954 3.820000
v 0.124582 0.386993 3.807319
v 0.126637 0.390068 3.795125
v 0.129974 0.395063 3.783888
v 0.134465 0.401784 3.774038
v 0.139937 0.409974 3.765954
v 0.146181 0.419318 3.759948
v 0.152955 0.429456 3.756249
v 0.151033 0.431033 3.883751
v 0.142411 0.422411 3.880052
v 0.134465 0.414465 3.874045
v 0.127500 0.407500 3.865962
v 0.121784 0.401784 3.856112
v 0.117537 0.397537 3.844874
v 0.114921 0.394921 3.832681
v 0.114038 0.394038 3.820000
v 0.114921 0.394921 3.807319
v 0.117537 0.397537 3.795125
v 0.121784 0.401784 3.783888
v 0.127500 0.407500 3.774038
v 0.134465 0.414465 3.765954
v 0.142411 0.422411 3.759948
v 0.151033 0.431033 3.756249
v 0.149456 0.432955 3.883751
v 0.139318 0.426181 3.880052
v 0.129974 0.419937 3.874045
v 0.121784 0.414465 3.865962
v 0.115063 0.409974 3.856112
v 0.110068 0.406637 3.844874
v 0.106993 0.404582 3.832681
v 0.105954 0.403888 3.820000
v 0.106993 0.404582 3.807319
v 0.110068 0.406637 3.795125
v 0.115063 0.409974 3.783888
v 0.121784 0.414465 3.774038
v 0.129974 0.419937 3.765954
v 0.139318 0.426181 3.759948
v 0.149456 0.432955 3.756249
v 0.160000 0.440000 3.885000
v 0.148284 0.435147 3.883751
v 0.137019 0.430481 3.880052
v 0.126637 0.426181 3.874045
v 0.117537 0.422411 3.865962
v 0.110068 0.419318 3.856112
v 0.104519 0.417019 3.844874
v 0.101102 0.415604 3.832681
v 0.099948 0.415126 3.820000
v 0.101102 0.415604 3.807319
v 0.104519 0.417019 3.795125
v 0.110068 0.419318 3.783888
v 0.117537 0.422411 3.774038
v 0.126637 0.426181 3.765954
v 0.137019 0.430481 3.759948
v 0.148284 0.435147 3.756249
v 0.147563 0.437526 3.883751
v 0.135604 0.435147 3.880052
v 0.124582 0.432955 3.874045
v 0.114921 0.431033 3.865962
v 0.106993 0.429456 3.856112
v 0.101102 0.428284 3.844874
v 0.097474 0.427563 3.832681
v 0.096249 0.427319 3.820000
v 0.097474 0.427563 3.807319
v 0.101102 0.428284 3.795125
v 0.106993 0.429456 3.783888
v 0.114921 0.431033 3.774038
v 0.124582 0.432955 3.765954
v 0.135604 0.435147 3.759948
v 0.147563 0.437526 3.756249
v 0.147319 0.440000 3.883751
v 0.135126 0.440000 3.880052
v 0.123888 0.440000 3.874045
v 0.114038 0.440000 3.865962
v 0.105954 0.440000 3.856112
v 0.099948 0.440000 3.844874
v 0.096249 0.440000 3.832681
v 0.095000 0.440000 3.820000
v 0.096249 0.440000 3.807319
v 0.099948 0.440000 3.795125
v 0.105954 0.440000 3.783888
v 0.114038 0.440000 3.774038
v 0.123888 0.440000 3.765954
v 0.135126 0.440000 3.759948
v 0.147319 0.440000 3.756249
v 0.147563 0.442474 3.883751
v 0.135604 0.444853 3.880052
v 0.124582 0.447045 3.874045
v 0.114921 0.448967 3.865962
v 0.106993 0.450544 3.856112
v 0.101102 0.451716 3.844874
v 0.097474 0.452437 3.832681
v 0.096249 0.452681 3.820000
v 0.097474 0.452437 3.807319
v 0.101102 0.451716 3.795125
v 0.106993 0.450544 3.783888
v 0.114921 0.448967 3.774038
v 0.124582 0.447045 3.765954
v 0.135604 0.444853 3.759948
v 0.147563 0.442474 3.756249
v 0.148284 0.444853 3.883751
v 0.137019 0.449519 3.880052
v 0.126637 0.453819 3.874045
v 0.117537 0.457589 3.865962
v 0.110068 0.460682 3.856112
v 0.104519 0.462981 3.844874
v 0.101102 0.464396 3.832681
v 0.099948 0.464874 3.820000
v 0.101102 0.464396 3.807319
v 0.104519 0.462981 3.795125
v 0.110068 0.460682 3.783888
v 0.117537 0.457589 3.774038
v 0.126637 0.453819 3.765954
v 0.137019 0.449519 3.759948
v 0.148284 0.444853 3.756249
v 0.149456 0.447045 3.883751
v 0.139318 0.453819 3.880052
v 0.129974 0.460063 3.874045
v 0.121784 0.465535 3.865962
v 0.115063 0.470026 3.856112
v 0.110068 0.473363 3.844874
v 0.106993 0.475418 3.832681
v 0.105954 0.476112 3.820000
v 0.106993 0.475418 3.807319
v 0.110068 0.473363 3.795125
v 0.115063 0.470026 3.783888
v 0.121784 0.465535 3.774038
v 0.129974 0.460063 3.765954
v 0.139318 0.453819 3.759948
v 0.149456 0.447045 3.756249
v 0.151033 0.448967 3.883751
v 0.142411 0.457589 3.880052
v 0.134465 0.465535 3.874045
v 0.127500 0.472500 3.865962
v 0.121784 0.478216 3.856112
v 0.117537 0.482463 3.844874
v 0.114921 0.485079 3.832681
v 0.114038 0.485962 3.820000
v 0.114921 0.485079 3.807319
v 0.117537 0.482463 3.795125
v 0.121784 0.478216 3.783888
v 0.127500 0.472500 3.774038
v 0.134465 0.465535 3.765954
v 0.142411 0.457589 3.759948
v 0.151033 0.448967 3.756249
v 0.152955 0.450544 3.883751
v 0.146181 0.460682 3.880052
v 0.139937 0.470026 3.874045
v 0.134465 0.478216 3.865962
v 0.129974 0.484937 3.856112
v 0.126637 0.489932 3.844874
v 0.124582 0.493007 3.832681
v 0.123888 0.494045 3.820000
v 0.124582 0.493007 3.807319
v 0.126637 0.489932 3.795125
v 0.129974 0.484937 3.783888
v 0.134465 0.478216 3.774038
v 0.139937 0.470026 3.765954
v 0.146181 0.460682 3.759948
v 0.152955 0.450544 3.756249
v 0.155147 0.451716 3.883751
v 0.150481 0.462981 3.880052
v 0.146181 0.473363 3.874045
v 0.142411 0.482463 3.865962
v 0.139318 0.489932 3.856112
v 0.137019 0.495481 3.844874
v 0.135604 0.498898 3.832681
v 0.135126 0.500052 3.820000
v 0.135604 0.498898 3.807319
v 0.137019 0.495481 3.795125
v 0.139318 0.489932 3.783888
v 0.142411 0.482463 3.774038
v 0.146181 0.473363 3.765954
v 0.150481 0.462981 3.759948
v 0.155147 0.451716 3.756249
v 0.157526 0.452437 3.883751
v 0.155147 0.464396 3.880052
v 0.152955 0.475418 3.874045
v 0.151033 0.485079 3.865962
v 0.149456 0.493007 3.856112
v 0.148284 0.498898 3.844874
v 0.147563 0.502526 3.832681
v 0.147319 0.503751 3.820000
v 0.147563 0.502526 3.807319
v 0.148284 0.498898 3.795125
v 0.149456 0.493007 3.783888
v 0.151033 0.485079 3.774038
v 0.152955 0.475418 3.765954
v 0.155147 0.464396 3.759948
v 0.157526 0.452437 3.756249
v 0.160000 0.452681 3.883751
v 0.160000 0.464874 3.880052
v 0.160000 0.476112 3.874045
v 0.160000 0.485962 3.865962
v 0.160000 0.494045 3.856112
v 0.160000 0.500052 3.844874
v 0.160000 0.503751 3.832681
v 0.160000 0.505000 3.820000
v 0.160000 0.503751 3.807319
v 0.160000 0.500052 3.795125
v 0.160000 0.494045 3.783888
v 0.160000 0.485962 3.774038
v 0.160000 0.476112 3.765954
v 0.160000 0.464874 3.759948
v 0.160000 0.452681 3.756249
v 0.162474 0.452437 3.883751
v 0.164853 0.464396 3.880052
v 0.167045 0.475418 3.874045
v 0.168967 0.485079 3.865962
v 0.170544 0.493007 3.856112
v 0.171716 0.498898 3.844874
v 0.172437 0.502526 3.832681
v 0.172681 0.503751 3.820000
v 0.172437 0.502526 3.807319
v 0.171716 0.498898 3.795125
v 0.170544 0.493007 3.783888
v 0.168967 0.485079 3.774038
v 0.167045 0.475418 3.765954
v 0.164853 0.464396 3.759948
v 0.162474 0.452437 3.756249
v 0.164853 0.451716 3.883751
v 0.169519 0.462981 3.880052
v 0.173819 0.473363 3.874045
v 0.177589 0.482463 3.865962
v 0.180682 0.489932 3.856112
v 0.182981 0.495481 3.844874
v 0.184396 0.498898 3.832681
v 0.184874 0.500052 3.820000
v 0.184396 0.498898 3.807319
v 0.182981 0.495481 3.795125
v 0.180682 0.489932 3.783888
v 0.177589 0.482463 3.774038
v 0.173819 0.473363 3.765954
v 0.169519 0.462981 3.759948
v 0.164853 0.451716 3.756249
v 0.167045 0.450544 3.883751
v 0.173819 0.460682 3.880052
v 0.180063 0.470026 3.874045
v 0.185535 0.478216 3.865962
v 0.190026 0.484937 3.856112
v 0.193363 0.489932 3.844874
v 0.195418 0.493007 3.832681
v 0.196112 0.494045 3.820000
v 0.195418 0.493007 3.807319
v 0.193363 0.489932 3.795125
v 0.190026 0.484937 3.783888
v 0.185535 0.478216 3.774038
v 0.180063 0.470026 3.765954
v 0.173819 0.460682 3.759948
v 0.167045 0.450544 3.756249
v 0.168967 0.448967 3.883751
v 0.177589 0.457589 3.880052
v 0.185535 0.465535 3.874045
v 0.192500 0.472500 3.865962
v 0.198216 0.478216 3.856112
v 0.202463 0.482463 3.844874
v 0.205079 0.485079 3.832681
v 0.205962 0.485962 3.820000
v 0.205079 0.485079 3.807319
v 0.202463 0.482463 3.795125
v 0.198216 0.478216 3.783888
v 0.192500 0.472500 3.774038
v 0.185535 0.465535 3.765954
v 0.177589 0.457589 3.759948
v 0.168967 0.448967 3.756249
v 0.170544 0.447045 3.883751
v 0.180682 0.453819 3.880052
v 0.190026 0.460063 3.874045
v 0.198216 0.465535 3.865962
v 0.204937 0.470026 3.856112
v 0.209932 0.473363 3.844874
v 0.213007 0.475418 3.832681
v 0.214045 0.476112 3.820000
v 0.213007 0.475418 3.807319
v 0.209932 0.473363 3.795125
v 0.204937 0.470026 3.783888
v 0.198216 0.465535 3.774038
v 0.190026 0.460063 3.765954
v 0.180682 0.453819 3.759948
v 0.170544 0.447045 3.756249
v 0.171716 0.444853 3.883751
v 0.182981 0.449519 3.880052
v 0.193363 0.453819 3.874045
v 0.202463 0.457589 3.865962
v 0.209932 0.460682 3.856112
v 0.215481 0.462981 3.844874
v 0.218898 0.464396 3.832681
v 0.220052 0.464874 3.820000
v 0.218898 0.464396 3.807319
v 0.215481 0.462981 3.795125
v 0.209932 0.460682 3.783888
v 0.202463 0.457589 3.774038
v 0.193363 0.453819 3.765954
v 0.182981 0.449519 3.759948
v 0.171716 0.444853 3.756249
v 0.172437 0.442474 3.883751
v 0.184396 0.444853 3.880052
v 0.195418 0.447045 3.874045
v 0.205079 0.448967 3.865962
v 0.213007 0.450544 3.856112
v 0.218898 0.451716 3.844874
v 0.222526 0.452437 3.832681
v 0.223751 0.452681 3.820000
v 0.222526 0.452437 3.807319
v 0.218898 0.451716 3.795125
v 0.213007 0.450544 3.783888
v 0.205079 0.448967 3.774038
v 0.195418 0.447045 3.765954
v 0.184396 0.444853 3.759948
v 0.172437 0.442474 3.756249
v 0.172681 0.440000 3.883751
v 0.184874 0.440000 3.880052
v 0.196112 0.440000 3.874045
v 0.205962 0.440000 3.865962
v 0.214045 0.440000 3.856112
v 0.220052 0.440000 3.844874
v 0.223751 0.440000 3.832681
v 0.225000 0.440000 3.820000
v 0.223751 0.440000 3.807319
v 0.220052 0.440000 3.795125
v 0.214045 0.440000 3.783888
v 0.205962 0.440000 3.774038
v 0.196112 0.440000 3.765954
v 0.184874 0.440000 3.759948
v 0.172681 0.440000 3.756249
v 0.172437 0.437526 3.883751
v 0.184396 0.435147 3.880052
v 0.195418 0.432955 3.874045
v 0.205079 0.431033 3.865962
v 0.213007 0.429456 3.856112
v 0.218898 0.428284 3.844874
v 0.222526 0.427563 3.832681
v 0.223751 0.427319 3.820000
v 0.222526 0.427563 3.807319
v 0.218898 0.428284 3.795125
v 0.213007 0.429456 3.783888
v 0.205079 0.431033 3.774038
v 0.195418 0.432955 3.765954
v 0.184396 0.435147 3.759948
v 0.172437 0.437526 3.756249
v 0.171716 0.435147 3.883751
v 0.182981 0.430481 3.880052
v 0.193363 0.426181 3.874045
v 0.202463 0.422411 3.865962
v 0.209931 0.419318 3.856112
v 0.215481 0.417019 3.844874
v 0.218898 0.415604 3.832681
v 0.220052 0.415126 3.820000
v 0.218898 0.415604 3.807319
v 0.215481 0.417019 3.795125
v 0.209931 0.419318 3.783888
v 0.202463 0.422411 3.774038
v 0.193363 0.426181 3.765954
v 0.182981 0.430481 3.759948
v 0.171716 0.435147 3.756249
v 0.170544 0.432955 3.883751
v 0.180682 0.426181 3.880052
v 0.190026 0.419937 3.874045
v 0.198216 0.414465 3.865962
v 0.204937 0.409974 3.856112
v 0.209932 0.406637 3.844874
v 0.213007 0.404582 3.832681
v 0.214045 0.403888 3.820000
v 0.213007 0.404582 3.807319
v 0.209932 0.406637 3.795125
v 0.204937 0.409974 3.783888
v 0.198216 0.414465 3.774038
v 0.190026 0.419937 3.765954
v 0.180682 0.426181 3.759948
v 0.170544 0.432955 3.756249
v 0.168967 0.431033 3.883751
v 0.177589 0.422411 3.880052
v 0.185535 0.414465 3.874045
v 0.192500 0.407500 3.865962
v 0.198216 0.401784 3.856112
v 0.202463 0.397537 3.844874
v 0.205079 0.394921 3.832681
v 0.205962 0.394038 3.820000
v 0.205079 0.394921 3.807319
v 0.202463 0.397537 3.795125
v 0.198216 0.401784 3.783888
v 0.192500 0.407500 3.774038
v 0.185535 0.414465 3.765954
v 0.177589 0.422411 3.759948
v 0.168967 0.431033 3.756249
v 0.167045 0.429456 3.883751
v 0.173819 0.419318 3.880052
v 0.180063 0.409974 3.874045
v 0.185535 0.401784 3.865962
v 0.190026 0.395063 3.856112
v 0.193363 0.390068 3.844874
v 0.195418 0.386993 3.832681
v 0.196112 0.385954 3.820000
v 0.195418 0.386993 3.807319
v 0.193363 0.390068 3.795125
v 0.190026 0.395063 3.783888
v 0.185535 0.401784 3.774038
v 0.180063 0.409974 3.765954
v 0.173819 0.419318 3.759948
v 0.167045 0.429456 3.756249
v 0.164853 0.428284 3.883751
v 0.169519 0.417019 3.880052
v 0.173819 0.406637 3.874045
v 0.177589 0.397537 3.865962
v 0.180682 0.390069 3.856112
v 0.182981 0.384519 3.844874
v 0.184396 0.381102 3.832681
v 0.184874 0.379948 3.820000
v 0.184396 0.381102 3.807319
v 0.182981 0.384519 3.795125
v 0.180682 0.390069 3.783888
v 0.177589 0.397537 3.774038
v 0.173819 0.406637 3.765954
v 0.169519 0.417019 3.759948
v 0.164853 0.428284 3.756249
v 0.162474 0.427563 3.883751
v 0.164853 0.415604 3.880052
v 0.167045 0.404582 3.874045
v 0.168967 0.394921 3.865962
v 0.170544 0.386993 3.856112
v 0.171716 0.381102 3.844874
v 0.172437 0.377474 3.832681
v 0.172681 0.376249 3.820000
v 0.172437 0.377474 3.807319
v 0.171716 0.381102 3.795125
v 0.170544 0.386993 3.783888
v 0.168967 0.394921 3.774038
v 0.167045 0.404582 3.765954
v 0.164853 0.415604 3.759948
v 0.162474 0.427563 3.756249
v 0.160000 0.415126 3.880052
v 0.160000 0.403888 3.874045
v 0.160000 0.385955 3.856112
v 0.160000 0.376249 3.832681
v 0.160000 0.375000 3.820000
v 0.160000 0.376249 3.807319
v 0.160000 0.415126 3.759948
v 0.160000 0.427319 3.756249
v 0.160000 0.440000 3.755000
vn -0.0938 -0.9527 0.2890
vn -0.0286 -0.2902 -0.9565
vn -0.0975 -0.9904 0.0976
vn -0.0097 -0.0980 0.9951
vn -0.0097 -0.0980 -0.9951
vn -0.0975 -0.9904 -0.0975
vn -0.0286 -0.2902 0.9565
vn -0.0938 -0.9527 -0.2890
vn -0.0464 -0.4709 0.8810
vn -0.0865 -0.8786 -0.4696
vn -0.0624 -0.6332 0.7715
vn -0.0759 -0.7708 -0.6326
vn -0.0759 -0.7708 0.6326
vn -0.0624 -0.6332 -0.7715
vn -0.0865 -0.8786 0.4696
vn -0.0464 -0.4709 -0.8810
vn -0.1847 -0.6088 -0.7715
vn -0.2563 -0.8448 0.4696
vn -0.1374 -0.4528 -0.8810
vn -0.2779 -0.9161 0.2890
vn -0.0846 -0.2790 -0.9565
vn -0.2889 -0.9524 0.0975
vn -0.0286 -0.0942 0.9951
vn -0.0286 -0.0942 -0.9951
vn -0.2889 -0.9524 -0.0976
vn -0.0846 -0.2790 0.9565
vn -0.2779 -0.9161 -0.2890
vn -0.1374 -0.4528 0.8810
vn -0.2563 -0.8448 -0.4696
vn -0.1847 -0.6088 0.7715
vn -0.2248 -0.7412 -0.6326
vn -0.2248 -0.7412 0.6326
vn -0.4513 -0.8443 -0.2890
vn -0.2231 -0.4173 0.8810
vn -0.4162 -0.7786 -0.4696
vn -0.2999 -0.5611 0.7715
vn -0.3651 -0.6831 -0.6326
vn -0.3651 -0.6831 0.6326
vn -0.2999 -0.5611 -0.7715
vn -0.4162 -0.7786 0.4696
vn -0.2231 -0.4173 -0.8810
vn -0.4513 -0.8443 0.2890
vn -0.1374 -0.2571 -0.9565
vn -0.4691 -0.8777 0.0975
vn -0.0464 -0.0869 0.9951
vn -0.0464 -0.0869 -0.9951
vn -0.4691 -0.8777 -0.0975
vn -0.1374 -0.2571 0.9565
vn -0.3002 -0.3658 -0.8810
vn -0.6073 -0.7400 0.2890
vn -0.1850 -0.2254 -0.9565
vn -0.6314 -0.7693 0.0975
vn -0.0625 -0.0761 0.9951
vn -0.0625 -0.0761 -0.9951
vn -0.6314 -0.7693 -0.0975
vn -0.1850 -0.2254 0.9565
vn -0.6073 -0.7400 -0.2890
vn -0.3002 -0.3658 0.8810
vn -0.5601 -0.6825 -0.4696
vn -0.4036 -0.4918 0.7715
vn -0.4913 -0.5987 -0.6326
vn -0.4913 -0.5987 0.6326
vn -0.4036 -0.4918 -0.7715
vn -0.5601 -0.6825 0.4696
vn -0.3658 -0.3002 0.8810
vn -0.6825 -0.5601 -0.4696
vn -0.4918 -0.4036 0.7715
vn -0.5987 -0.4913 -0.6326
vn -0.5987 -0.4913 0.6326
vn -0.4918 -0.4036 -0.7715
vn -0.6825 -0.5601 0.4696
vn -0.3658 -0.3002 -0.8810
vn -0.7400 -0.6073 0.2890
vn -0.2254 -0.1850 -0.9565
vn -0.7693 -0.6314 0.0975
vn -0.0761 -0.0625 0.9951
vn -0.0761 -0.0625 -0.9951
vn -0.7693 -0.6314 -0.0975
vn -0.2254 -0.1850 0.9565
vn -0.7400 -0.6073 -0.2890
vn -0.8443 -0.4513 0.2890
vn -0.2571 -0.1374 -0.9565
vn -0.8777 -0.4691 0.0975
vn -0.0869 -0.0464 0.9951
vn -0.0869 -0.0464 -0.9951
vn -0.8777 -0.4691 -0.0975
vn -0.2571 -0.1374 0.9565
vn -0.8443 -0.4513 -0.2890
vn -0.4173 -0.2230 0.8810
vn -0.7786 -0.4162 -0.4696
vn -0.5611 -0.2999 0.7715
vn -0.6831 -0.3651 -0.6326
vn -0.6831 -0.3651 0.6326
vn -0.5611 -0.2999 -0.7715
vn -0.7786 -0.4162 0.4696
vn -0.4173 -0.2231 -0.8810
vn -0.8448 -0.2563 -0.4696
vn -0.6088 -0.1847 0.7715
vn -0.7412 -0.2248 -0.6326
vn -0.7412 -0.2248 0.6326
vn -0.6088 -0.1847 -0.7715
vn -0.8448 -0.2563 0.4696
vn -0.4528 -0.1374 -0.8810
vn -0.9161 -0.2779 0.2890
vn -0.2790 -0.0846 -0.9565
vn -0.9524 -0.2889 0.0975
vn -0.0942 -0.0286 0.9951
vn -0.0942 -0.0286 -0.9951
vn -0.9524 -0.2889 -0.0975
vn -0.2790 -0.0846 0.9565
vn -0.9161 -0.2779 -0.2890
vn -0.4528 -0.1374 0.8810
vn -0.2902 -0.0286 -0.9565
vn -0.9904 -0.0975 0.0975
vn -0.0980 -0.0097 0.9951
vn -0.0980 -0.0097 -0.9951
vn -0.9904 -0.0975 -0.0976
vn -0.2902 -0.0286 0.9565
vn -0.9527 -0.0938 -0.2890
vn -0.4709 -0.0464 0.8810
vn -0.8786 -0.0865 -0.4696
vn -0.6332 -0.0624 0.7715
vn -0.7708 -0.0759 -0.6326
vn -0.7708 -0.0759 0.6326
vn -0.6332 -0.0624 -0.7715
vn -0.8786 -0.0865 0.4696
vn -0.4709 -0.0464 -0.8810
vn -0.9527 -0.0938 0.2890
vn -0.6332 0.0624 0.7715
vn -0.7708 0.0759 -0.6326
vn -0.7708 0.0759 0.6326
vn -0.6332 0.0624 -0.7715
vn -0.8786 0.0865 0.4696
vn -0.4709 0.0464 -0.8810
vn -0.9527 0.0938 0.2890
vn -0.2902 0.0286 -0.9565
vn -0.9904 0.0975 0.0976
vn -0.0980 0.0097 0.9951
vn -0.0980 0.0097 -0.9951
vn -0.9904 0.0975 -0.0976
vn -0.2902 0.0286 0.9565
vn -0.9527 0.0938 -0.2890
vn -0.4709 0.0464 0.8810
vn -0.8786 0.0865 -0.4696
vn -0.9524 0.2889 0.0976
vn -0.0942 0.0286 0.9951
vn -0.0942 0.0286 -0.9951
vn -0.9524 0.2889 -0.0976
vn -0.2790 0.0846 0.9565
vn -0.9161 0.2779 -0.2890
vn -0.4528 0.1374 0.8810
vn -0.8448 0.2563 -0.4696
vn -0.6088 0.1847 0.7715
vn -0.7412 0.2248 -0.6326
vn -0.7412 0.2248 0.6326
vn -0.6088 0.1847 -0.7715
vn -0.8448 0.2563 0.4696
vn -0.4528 0.1374 -0.8810
vn -0.9161 0.2779 0.2890
vn -0.2790 0.0846 -0.9565
vn -0.6831 0.3651 -0.6326
vn -0.6831 0.3651 0.6326
vn -0.5611 0.2999 -0.7715
vn -0.7786 0.4162 0.4696
vn -0.4173 0.2230 -0.8810
vn -0.8443 0.4513 0.2890
vn -0.2571 0.1374 -0.9565
vn -0.8777 0.4691 0.0975
vn -0.0869 0.0464 0.9951
vn -0.0869 0.0464 -0.9951
vn -0.8777 0.4691 -0.0976
vn -0.2571 0.1374 0.9565
vn -0.8443 0.4513 -0.2890
vn -0.4173 0.2230 0.8810
vn -0.7786 0.4162 -0.4696
vn -0.5611 0.2999 0.7715
vn -0.0761 0.0625 -0.9951
vn -0.7693 0.6314 -0.0976
vn -0.2254 0.1850 0.9565
vn -0.7400 0.6073 -0.2890
vn -0.3658 0.3002 0.8810
vn -0.6825 0.5601 -0.4696
vn -0.4918 0.4036 0.7715
vn -0.5987 0.4913 -0.6326
vn -0.5987 0.4913 0.6326
vn -0.4918 0.4036 -0.7715
vn -0.6825 0.5601 0.4696
vn -0.3658 0.3002 -0.8810
vn -0.7400 0.6073 0.2890
vn -0.2254 0.1850 -0.9565
vn -0.7693 0.6314 0.0975
vn -0.0761 0.0625 0.9951
vn -0.4036 0.4918 -0.7715
vn -0.5601 0.6825 0.4696
vn -0.3002 0.3658 -0.8810
vn -0.6073 0.7400 0.2890
vn -0.1850 0.2254 -0.9565
vn -0.6314 0.7693 0.0976
vn -0.0625 0.0761 0.9951
vn -0.0625 0.0761 -0.9951
vn -0.6314 0.7693 -0.0975
vn -0.1850 0.2254 0.9565
vn -0.6073 0.7400 -0.2890
vn -0.3002 0.3658 0.8810
vn -0.5601 0.6825 -0.4696
vn -0.4036 0.4918 0.7715
vn -0.4913 0.5987 -0.6326
vn -0.4913 0.5987 0.6326
vn -0.1374 0.2571 0.9565
vn -0.4513 0.8443 -0.2890
vn -0.2230 0.4173 0.8810
vn -0.4162 0.7786 -0.4696
vn -0.2999 0.5611 0.7715
vn -0.3651 0.6831 -0.6326
vn -0.3651 0.6831 0.6326
vn -0.2999 0.5611 -0.7715
vn -0.4162 0.7786 0.4696
vn -0.2230 0.4173 -0.8810
vn -0.4513 0.8443 0.2890
vn -0.1374 0.2571 -0.9565
vn -0.4691 0.8777 0.0976
vn -0.0464 0.0869 0.9951
vn -0.0464 0.0869 -0.9951
vn -0.4691 0.8777 -0.0975
vn -0.2563 0.8448 0.4696
vn -0.1374 0.4528 -0.8810
vn -0.2779 0.9161 0.2890
vn -0.0846 0.2790 -0.9565
vn -0.2889 0.9524 0.0976
vn -0.0286 0.0942 0.9951
vn -0.0286 0.0942 -0.9951
vn -0.2889 0.9524 -0.0976
vn -0.0846 0.2790 0.9565
vn -0.2779 0.9161 -0.2890
vn -0.1374 0.4528 0.8810
vn -0.2563 0.8448 -0.4696
vn -0.1847 0.6088 0.7715
vn -0.2248 0.7412 -0.6326
vn -0.2248 0.7412 0.6326
vn -0.1847 0.6088 -0.7715
vn -0.0938 0.9527 -0.2890
vn -0.0464 0.4709 0.8810
vn -0.0865 0.8786 -0.4696
vn -0.0624 0.6332 0.7715
vn -0.0759 0.7708 -0.6326
vn -0.0759 0.7708 0.6326
vn -0.0624 0.6332 -0.7715
vn -0.0865 0.8786 0.4696
vn -0.0464 0.4709 -0.8810
vn -0.0938 0.9527 0.2890
vn -0.0286 0.2902 -0.9565
vn -0.0975 0.9904 0.0976
vn -0.0097 0.0980 0.9951
vn -0.0097 0.0980 -0.9951
vn -0.0975 0.9904 -0.0975
vn -0.0286 0.2902 0.9565
vn 0.0464 0.4709 -0.8810
vn 0.0938 0.9527 0.2890
vn 0.0286 0.2902 -0.9565
vn 0.0975 0.9904 0.0975
vn 0.0097 0.0980 0.9951
vn 0.0097 0.0980 -0.9951
vn 0.0975 0.9904 -0.0975
vn 0.0286 0.2902 0.9565
vn 0.0938 0.9527 -0.2890
vn 0.0464 0.4709 0.8810
vn 0.0865 0.8786 -0.4696
vn 0.0624 0.6332 0.7715
vn 0.0759 0.7708 -0.6326
vn 0.0759 0.7708 0.6326
vn 0.0624 0.6332 -0.7715
vn 0.0865 0.8786 0.4696
vn 0.1374 0.4528 0.8810
vn 0.2563 0.8448 -0.4696
vn 0.1847 0.6088 0.7715
vn 0.2248 0.7412 -0.6326
vn 0.2248 0.7412 0.6326
vn 0.1847 0.6088 -0.7715
vn 0.2563 0.8448 0.4696
vn 0.1374 0.4528 -0.8810
vn 0.2779 0.9161 0.2890
vn 0.0846 0.2790 -0.9565
vn 0.2889 0.9524 0.0975
vn 0.0286 0.0942 0.9951
vn 0.0286 0.0942 -0.9951
vn 0.2889 0.9524 -0.0976
vn 0.0846 0.2790 0.9565
vn 0.2779 0.9161 -0.2890
vn 0.4513 0.8443 0.2890
vn 0.1374 0.2571 -0.9565
vn 0.4691 0.8777 0.0976
vn 0.0464 0.0869 0.9951
vn 0.0464 0.0869 -0.9951
vn 0.4691 0.8777 -0.0975
vn 0.1374 0.2571 0.9565
vn 0.4513 0.8443 -0.2890
vn 0.2231 0.4173 0.8810
vn 0.4162 0.7786 -0.4696
vn 0.2999 0.5611 0.7715
vn 0.3651 0.6831 -0.6326
vn 0.3651 0.6831 0.6326
vn 0.2999 0.5611 -0.7715
vn 0.4162 0.7786 0.4696
vn 0.2230 0.4173 -0.8810
vn 0.5601 0.6825 -0.4696
vn 0.4036 0.4918 0.7715
vn 0.4913 0.5987 -0.6326
vn 0.4913 0.5987 0.6326
vn 0.4036 0.4918 -0.7715
vn 0.5601 0.6825 0.4696
vn 0.3002 0.3658 -0.8810
vn 0.6073 0.7400 0.2890
vn 0.1850 0.2254 -0.9565
vn 0.6314 0.7693 0.0975
vn 0.0625 0.0761 0.9951
vn 0.0625 0.0761 -0.9951
vn 0.6314 0.7693 -0.0976
vn 0.1850 0.2254 0.9565
vn 0.6073 0.7400 -0.2890
vn 0.3002 0.3658 0.8810
vn 0.2254 0.1850 -0.9565
vn 0.7693 0.6314 0.0976
vn 0.0761 0.0625 0.9951
vn 0.0761 0.0625 -0.9951
vn 0.7693 0.6314 -0.0975
vn 0.2254 0.1850 0.9565
vn 0.7400 0.6073 -0.2890
vn 0.3658 0.3002 0.8810
vn 0.6825 0.5601 -0.4696
vn 0.4918 0.4036 0.7715
vn 0.5987 0.4913 -0.6326
vn 0.5987 0.4913 0.6326
vn 0.4918 0.4036 -0.7715
vn 0.6825 0.5601 0.4696
vn 0.3658 0.3002 -0.8810
vn 0.7400 0.6073 0.2890
vn 0.6831 0.3651 -0.6326
vn 0.6831 0.3651 0.6326
vn 0.5611 0.2999 -0.7715
vn 0.7786 0.4162 0.4696
vn 0.4173 0.2230 -0.8810
vn 0.8443 0.4513 0.2890
vn 0.2571 0.1374 -0.9565
vn 0.8777 0.4691 0.0976
vn 0.0869 0.0464 0.9951
vn 0.0869 0.0464 -0.9951
vn 0.8777 0.4691 -0.0976
vn 0.2571 0.1374 0.9565
vn 0.8443 0.4513 -0.2890
vn 0.4173 0.2230 0.8810
vn 0.7786 0.4162 -0.4696
vn 0.5611 0.2999 0.7715
vn 0.0942 0.0286 0.9951
vn 0.0942 0.0286 -0.9951
vn 0.9524 0.2889 -0.0976
vn 0.2790 0.0846 0.9565
vn 0.9161 0.2779 -0.2890
vn 0.4528 0.1374 0.8810
vn 0.8448 0.2563 -0.4696
vn 0.6088 0.1847 0.7715
vn 0.7412 0.2248 -0.6326
vn 0.7412 0.2248 0.6326
vn 0.6088 0.1847 -0.7715
vn 0.8448 0.2563 0.4696
vn 0.4528 0.1374 -0.8810
vn 0.9161 0.2779 0.2890
vn 0.2790 0.0846 -0.9565
vn 0.9524 0.2889 0.0976
vn 0.7708 0.0759 0.6326
vn 0.6332 0.0624 -0.7715
vn 0.8786 0.0865 0.4696
vn 0.4709 0.0464 -0.8810
vn 0.9527 0.0938 0.2890
vn 0.2902 0.0286 -0.9565
vn 0.9904 0.0975 0.0976
vn 0.0980 0.0097 0.9951
vn 0.0980 0.0097 -0.9951
vn 0.9904 0.0975 -0.0976
vn 0.2902 0.0286 0.9565
vn 0.9527 0.0938 -0.2890
vn 0.4709 0.0464 0.8810
vn 0.8786 0.0865 -0.4696
vn 0.6332 0.0624 0.7715
vn 0.7708 0.0759 -0.6326
vn 0.9904 -0.0975 -0.0976
vn 0.2902 -0.0286 0.9565
vn 0.9527 -0.0938 -0.2890
vn 0.4709 -0.0464 0.8810
vn 0.8786 -0.0865 -0.4696
vn 0.6332 -0.0624 0.7715
vn 0.7708 -0.0759 -0.6326
vn 0.7708 -0.0759 0.6326
vn 0.6332 -0.0624 -0.7715
vn 0.8786 -0.0865 0.4696
vn 0.4709 -0.0464 -0.8810
vn 0.9527 -0.0938 0.2890
vn 0.2902 -0.0286 -0.9565
vn 0.9904 -0.0975 0.0976
vn 0.0980 -0.0097 0.9951
vn 0.0980 -0.0097 -0.9951
vn 0.6088 -0.1847 -0.7715
vn 0.8448 -0.2563 0.4696
vn 0.4528 -0.1374 -0.8810
vn 0.9161 -0.2779 0.2890
vn 0.2790 -0.0846 -0.9565
vn 0.9524 -0.2889 0.0975
vn 0.0942 -0.0286 0.9951
vn 0.0942 -0.0286 -0.9951
vn 0.9524 -0.2889 -0.0976
vn 0.2790 -0.0846 0.9565
vn 0.9161 -0.2779 -0.2890
vn 0.4528 -0.1374 0.8810
vn 0.8448 -0.2563 -0.4696
vn 0.6088 -0.1847 0.7715
vn 0.7412 -0.2248 -0.6326
vn 0.7412 -0.2248 0.6326
vn 0.2571 -0.1374 0.9565
vn 0.8443 -0.4513 -0.2890
vn 0.4173 -0.2231 0.8810
vn 0.7786 -0.4162 -0.4696
vn 0.5611 -0.2999 0.7715
vn 0.6831 -0.3651 -0.6326
vn 0.6831 -0.3651 0.6326
vn 0.5611 -0.2999 -0.7715
vn 0.7786 -0.4162 0.4696
vn 0.4173 -0.2231 -0.8810
vn 0.8443 -0.4513 0.2890
vn 0.2571 -0.1374 -0.9565
vn 0.8777 -0.4691 0.0975
vn 0.0869 -0.0464 0.9951
vn 0.0869 -0.0464 -0.9951
vn 0.8777 -0.4691 -0.0975
vn 0.6825 -0.5601 0.4696
vn 0.3658 -0.3002 -0.8810
vn 0.7400 -0.6073 0.2890
vn 0.2254 -0.1850 -0.9565
vn 0.7693 -0.6314 0.0975
vn 0.0761 -0.0625 0.9951
vn 0.0761 -0.0625 -0.9951
vn 0.7693 -0.6314 -0.0976
vn 0.2254 -0.1850 0.9565
vn 0.7400 -0.6073 -0.2890
vn 0.3658 -0.3002 0.8810
vn 0.6825 -0.5601 -0.4696
vn 0.4918 -0.4036 0.7715
vn 0.5987 -0.4913 -0.6326
vn 0.5987 -0.4913 0.6326
vn 0.4918 -0.4036 -0.7715
vn 0.6073 -0.7400 -0.2890
vn 0.3002 -0.3658 0.8810
vn 0.5601 -0.6825 -0.4696
vn 0.4036 -0.4918 0.7715
vn 0.4913 -0.5987 -0.6326
vn 0.4913 -0.5987 0.6326
vn 0.4036 -0.4918 -0.7715
vn 0.5601 -0.6825 0.4696
vn 0.3002 -0.3658 -0.8810
vn 0.6073 -0.7400 0.2890
vn 0.1850 -0.2254 -0.9565
vn 0.6314 -0.7693 0.0975
vn 0.0625 -0.0761 0.9951
vn 0.0625 -0.0761 -0.9951
vn 0.6314 -0.7693 -0.0976
vn 0.1850 -0.2254 0.9565
vn 0.2231 -0.4173 -0.8810
vn 0.4513 -0.8443 0.2890
vn 0.1374 -0.2571 -0.9565
vn 0.4691 -0.8777 0.0975
vn 0.0464 -0.0869 0.9951
vn 0.0464 -0.0869 -0.9951
vn 0.4691 -0.8777 -0.0976
vn 0.1374 -0.2571 0.9565
vn 0.4513 -0.8443 -0.2890
vn 0.2231 -0.4173 0.8810
vn 0.4162 -0.7786 -0.4696
vn 0.2999 -0.5611 0.7715
vn 0.3651 -0.6831 -0.6326
vn 0.3651 -0.6831 0.6326
vn 0.2999 -0.5611 -0.7715
vn 0.4162 -0.7786 0.4696
vn 0.2563 -0.8448 -0.4696
vn 0.1847 -0.6088 0.7715
vn 0.2248 -0.7412 -0.6326
vn 0.2248 -0.7412 0.6326
vn 0.1847 -0.6088 -0.7715
vn 0.2563 -0.8448 0.4696
vn 0.1374 -0.4528 -0.8810
vn 0.2779 -0.9161 0.2890
vn 0.0846 -0.2790 -0.9565
vn 0.2889 -0.9524 0.0975
vn 0.0286 -0.0942 0.9951
vn 0.0286 -0.0942 -0.9951
vn 0.2889 -0.9524 -0.0976
vn 0.0846 -0.2790 0.9565
vn 0.2779 -0.9161 -0.2890
vn 0.1374 -0.4528 0.8810
vn 0.0286 -0.2902 -0.9565
vn 0.0975 -0.9904 0.0976
vn 0.0097 -0.0980 0.9951
vn 0.0097 -0.0980 -0.9951
vn 0.0975 -0.9904 -0.0975
vn 0.0286 -0.2902 0.9565
vn 0.0938 -0.9527 -0.2890
vn 0.0464 -0.4709 0.8810
vn 0.0865 -0.8786 -0.4696
vn 0.0624 -0.6332 0.7715
vn 0.0759 -0.7708 -0.6326
vn 0.0759 -0.7708 0.6326
vn 0.0624 -0.6332 -0.7715
vn 0.0865 -0.8786 0.4696
vn 0.0464 -0.4709 -0.8810
vn 0.0938 -0.9527 0.2890
vn -0.0975 -0.9904 0.0975
vn -0.0975 -0.9904 -0.0976
vn -0.2889 -0.9524 0.0976
vn -0.2889 -0.9524 -0.0975
vn -0.2230 -0.4173 0.8810
vn -0.2230 -0.4173 -0.8810
vn -0.4173 -0.2230 -0.8810
vn -0.9904 -0.0975 0.0976
vn -0.9904 -0.0975 -0.0975
vn -0.8777 0.4691 0.0976
vn -0.8777 0.4691 -0.0975
vn -0.7693 0.6314 -0.0975
vn -0.7693 0.6314 0.0976
vn -0.6314 0.7693 0.0975
vn -0.6314 0.7693 -0.0976
vn -0.4691 0.8777 0.0975
vn -0.4691 0.8777 -0.0976
vn -0.0975 0.9904 0.0975
vn -0.0975 0.9904 -0.0976
vn 0.2889 0.9524 0.0976
vn 0.2889 0.9524 -0.0975
vn 0.4691 0.8777 0.0975
vn 0.4691 0.8777 -0.0976
vn 0.2230 0.4173 0.8810
vn 0.2231 0.4173 -0.8810
vn 0.6314 0.7693 0.0976
vn 0.6314 0.7693 -0.0975
vn 0.7693 0.6314 0.0975
vn 0.7693 0.6314 -0.0976
vn 0.9524 -0.2889 0.0976
vn 0.9524 -0.2889 -0.0975
vn 0.7693 -0.6314 0.0976
vn 0.7693 -0.6314 -0.0975
vn 0.6314 -0.7693 0.0976
vn 0.6314 -0.7693 -0.0975
vn 0.4691 -0.8777 0.0976
vn 0.4691 -0.8777 -0.0975
vn 0.2230 -0.4173 0.8810
vn 0.2889 -0.9524 0.0976
vn 0.2889 -0.9524 -0.0975
vn 0.0975 -0.9904 0.0975
vn 0.0975 -0.9904 -0.0976
vt 0.750000 0.562500
vt 0.718750 0.625000
vt 0.718750 0.562500
vt 0.750000 0.125000
vt 0.718750 0.062500
vt 0.750000 0.062500
vt 0.718750 0.500000
vt 0.750000 0.500000
vt 0.750000 0.937500
vt 0.734375 1.000000
vt 0.718750 0.937500
vt 0.734375 0.000000
vt 0.718750 0.437500
vt 0.750000 0.437500
vt 0.750000 0.875000
vt 0.718750 0.875000
vt 0.718750 0.375000
vt 0.750000 0.375000
vt 0.750000 0.812500
vt 0.718750 0.812500
vt 0.718750 0.312500
vt 0.750000 0.312500
vt 0.750000 0.750000
vt 0.718750 0.750000
vt 0.718750 0.250000
vt 0.750000 0.250000
vt 0.750000 0.687500
vt 0.718750 0.687500
vt 0.750000 0.187500
vt 0.718750 0.187500
vt 0.750000 0.625000
vt 0.718750 0.125000
vt 0.687500 0.250000
vt 0.687500 0.187500
vt 0.687500 0.625000
vt 0.687500 0.125000
vt 0.687500 0.562500
vt 0.687500 0.062500
vt 0.687500 0.500000
vt 0.703125 1.000000
vt 0.687500 0.937500
vt 0.703125 0.000000
vt 0.687500 0.437500
vt 0.687500 0.875000
vt 0.687500 0.375000
vt 0.687500 0.812500
vt 0.687500 0.312500
vt 0.687500 0.750000
vt 0.687500 0.687500
vt 0.656250 0.437500
vt 0.656250 0.375000
vt 0.656250 0.812500
vt 0.656250 0.312500
vt 0.656250 0.750000
vt 0.656250 0.250000
vt 0.656250 0.687500
vt 0.656250 0.187500
vt 0.656250 0.625000
vt 0.656250 0.125000
vt 0.656250 0.562500
vt 0.656250 0.062500
vt 0.656250 0.500000
vt 0.671875 1.000000
vt 0.656250 0.937500
vt 0.671875 0.000000
vt 0.656250 0.875000
vt 0.625000 0.187500
vt 0.625000 0.125000
vt 0.625000 0.625000
vt 0.625000 0.562500
vt 0.625000 0.062500
vt 0.625000 0.500000
vt 0.640625 1.000000
vt 0.625000 0.937500
vt 0.640625 0.000000
vt 0.625000 0.437500
vt 0.625000 0.875000
vt 0.625000 0.375000
vt 0.625000 0.812500
vt 0.625000 0.312500
vt 0.625000 0.750000
vt 0.625000 0.250000
vt 0.625000 0.687500
vt 0.593750 0.812500
vt 0.593750 0.375000
vt 0.593750 0.312500
vt 0.593750 0.750000
vt 0.593750 0.250000
vt 0.593750 0.687500
vt 0.593750 0.187500
vt 0.593750 0.625000
vt 0.593750 0.125000
vt 0.593750 0.562500
vt 0.593750 0.062500
vt 0.593750 0.500000
vt 0.609375 1.000000
vt 0.593750 0.937500
vt 0.609375 0.000000
vt 0.593750 0.437500
vt 0.593750 0.875000
vt 0.562500 0.562500
vt 0.562500 0.062500
vt 0.562500 0.500000
vt 0.578125 1.000000
vt 0.562500 0.937500
vt 0.578125 0.000000
vt 0.562500 0.437500
vt 0.562500 0.875000
vt 0.562500 0.375000
vt 0.562500 0.812500
vt 0.562500 0.312500
vt 0.562500 0.750000
vt 0.562500 0.250000
vt 0.562500 0.687500
vt 0.562500 0.187500
vt 0.562500 0.625000
vt 0.562500 0.125000
vt 0.531250 0.312500
vt 0.531250 0.812500
vt 0.531250 0.750000
vt 0.531250 0.250000
vt 0.531250 0.687500
vt 0.531250 0.187500
vt 0.531250 0.625000
vt 0.531250 0.125000
vt 0.531250 0.562500
vt 0.531250 0.062500
vt 0.531250 0.500000
vt 0.546875 1.000000
vt 0.531250 0.937500
vt 0.546875 0.000000
vt 0.531250 0.437500
vt 0.531250 0.875000
vt 0.531250 0.375000
vt 0.500000 0.125000
vt 0.500000 0.062500
vt 0.500000 0.500000
vt 0.515625 1.000000
vt 0.500000 0.937500
vt 0.515625 0.000000
vt 0.500000 0.437500
vt 0.500000 0.875000
vt 0.500000 0.375000
vt 0.500000 0.812500
vt 0.500000 0.312500
vt 0.500000 0.750000
vt 0.500000 0.250000
vt 0.500000 0.687500
vt 0.500000 0.187500
vt 0.500000 0.625000
vt 0.500000 0.562500
vt 0.468750 0.812500
vt 0.468750 0.750000
vt 0.468750 0.312500
vt 0.468750 0.250000
vt 0.468750 0.687500
vt 0.468750 0.187500
vt 0.468750 0.625000
vt 0.468750 0.125000
vt 0.468750 0.562500
vt 0.468750 0.062500
vt 0.468750 0.500000
vt 0.484375 1.000000
vt 0.468750 0.937500
vt 0.484375 0.000000
vt 0.468750 0.437500
vt 0.468750 0.875000
vt 0.468750 0.375000
vt 0.437500 0.500000
vt 0.453125 1.000000
vt 0.437500 0.937500
vt 0.453125 0.000000
vt 0.437500 0.062500
vt 0.437500 0.437500
vt 0.437500 0.875000
vt 0.437500 0.375000
vt 0.437500 0.812500
vt 0.437500 0.312500
vt 0.437500 0.750000
vt 0.437500 0.250000
vt 0.437500 0.687500
vt 0.437500 0.187500
vt 0.437500 0.625000
vt 0.437500 0.125000
vt 0.437500 0.562500
vt 0.406250 0.312500
vt 0.406250 0.250000
vt 0.406250 0.750000
vt 0.406250 0.687500
vt 0.406250 0.187500
vt 0.406250 0.625000
vt 0.406250 0.125000
vt 0.406250 0.562500
vt 0.406250 0.062500
vt 0.406250 0.500000
vt 0.421875 1.000000
vt 0.406250 0.937500
vt 0.421875 0.000000
vt 0.406250 0.437500
vt 0.406250 0.875000
vt 0.406250 0.375000
vt 0.406250 0.812500
vt 0.390625 0.000000
vt 0.375000 0.062500
vt 0.375000 0.500000
vt 0.375000 0.437500
vt 0.375000 0.937500
vt 0.375000 0.875000
vt 0.375000 0.375000
vt 0.375000 0.812500
vt 0.375000 0.312500
vt 0.375000 0.750000
vt 0.375000 0.250000
vt 0.375000 0.687500
vt 0.375000 0.187500
vt 0.375000 0.625000
vt 0.375000 0.125000
vt 0.375000 0.562500
vt 0.390625 1.000000
vt 0.343750 0.187500
vt 0.343750 0.625000
vt 0.343750 0.125000
vt 0.343750 0.562500
vt 0.343750 0.062500
vt 0.343750 0.500000
vt 0.359375 1.000000
vt 0.343750 0.937500
vt 0.359375 0.000000
vt 0.343750 0.437500
vt 0.343750 0.875000
vt 0.343750 0.375000
vt 0.343750 0.812500
vt 0.343750 0.312500
vt 0.343750 0.750000
vt 0.343750 0.250000
vt 0.343750 0.687500
vt 0.312500 0.875000
vt 0.312500 0.375000
vt 0.312500 0.812500
vt 0.312500 0.312500
vt 0.312500 0.750000
vt 0.312500 0.250000
vt 0.312500 0.687500
vt 0.312500 0.187500
vt 0.312500 0.625000
vt 0.312500 0.125000
vt 0.312500 0.562500
vt 0.312500 0.062500
vt 0.312500 0.500000
vt 0.328125 1.000000
vt 0.312500 0.937500
vt 0.328125 0.000000
vt 0.312500 0.437500
vt 0.281250 0.625000
vt 0.281250 0.125000
vt 0.281250 0.562500
vt 0.281250 0.062500
vt 0.281250 0.500000
vt 0.296875 1.000000
vt 0.281250 0.937500
vt 0.296875 0.000000
vt 0.281250 0.437500
vt 0.281250 0.875000
vt 0.281250 0.375000
vt 0.281250 0.812500
vt 0.281250 0.312500
vt 0.281250 0.750000
vt 0.281250 0.250000
vt 0.281250 0.687500
vt 0.281250 0.187500
vt 0.250000 0.375000
vt 0.250000 0.812500
vt 0.250000 0.312500
vt 0.250000 0.750000
vt 0.250000 0.250000
vt 0.250000 0.687500
vt 0.250000 0.187500
vt 0.250000 0.625000
vt 0.250000 0.125000
vt 0.250000 0.562500
vt 0.250000 0.062500
vt 0.250000 0.500000
vt 0.265625 1.000000
vt 0.250000 0.937500
vt 0.265625 0.000000
vt 0.250000 0.437500
vt 0.250000 0.875000
vt 0.218750 0.187500
vt 0.218750 0.125000
vt 0.218750 0.625000
vt 0.218750 0.562500
vt 0.218750 0.062500
vt 0.218750 0.500000
vt 0.234375 1.000000
vt 0.218750 0.937500
vt 0.234375 0.000000
vt 0.218750 0.437500
vt 0.218750 0.875000
vt 0.218750 0.375000
vt 0.218750 0.812500
vt 0.218750 0.312500
vt 0.218750 0.750000
vt 0.218750 0.250000
vt 0.218750 0.687500
vt 0.187500 0.812500
vt 0.187500 0.375000
vt 0.187500 0.312500
vt 0.187500 0.750000
vt 0.187500 0.250000
vt 0.187500 0.687500
vt 0.187500 0.187500
vt 0.187500 0.625000
vt 0.187500 0.125000
vt 0.187500 0.562500
vt 0.187500 0.062500
vt 0.187500 0.500000
vt 0.203125 1.000000
vt 0.187500 0.937500
vt 0.203125 0.000000
vt 0.187500 0.437500
vt 0.187500 0.875000
vt 0.156250 0.625000
vt 0.156250 0.562500
vt 0.156250 0.062500
vt 0.156250 0.500000
vt 0.171875 1.000000
vt 0.156250 0.937500
vt 0.171875 0.000000
vt 0.156250 0.437500
vt 0.156250 0.875000
vt 0.156250 0.375000
vt 0.156250 0.812500
vt 0.156250 0.312500
vt 0.156250 0.750000
vt 0.156250 0.250000
vt 0.156250 0.687500
vt 0.156250 0.187500
vt 0.156250 0.125000
vt 0.125000 0.375000
vt 0.125000 0.312500
vt 0.125000 0.750000
vt 0.125000 0.250000
vt 0.125000 0.687500
vt 0.125000 0.187500
vt 0.125000 0.625000
vt 0.125000 0.125000
vt 0.125000 0.562500
vt 0.125000 0.062500
vt 0.125000 0.500000
vt 0.140625 1.000000
vt 0.125000 0.937500
vt 0.140625 0.000000
vt 0.125000 0.437500
vt 0.125000 0.875000
vt 0.125000 0.812500
vt 0.093750 0.062500
vt 0.093750 0.500000
vt 0.109375 1.000000
vt 0.093750 0.937500
vt 0.109375 0.000000
vt 0.093750 0.437500
vt 0.093750 0.875000
vt 0.093750 0.375000
vt 0.093750 0.812500
vt 0.093750 0.312500
vt 0.093750 0.750000
vt 0.093750 0.250000
vt 0.093750 0.687500
vt 0.093750 0.187500
vt 0.093750 0.625000
vt 0.093750 0.125000
vt 0.093750 0.562500
vt 0.062500 0.312500
vt 0.062500 0.250000
vt 0.062500 0.687500
vt 0.062500 0.187500
vt 0.062500 0.625000
vt 0.062500 0.125000
vt 0.062500 0.562500
vt 0.062500 0.062500
vt 0.062500 0.500000
vt 0.078125 1.000000
vt 0.062500 0.937500
vt 0.078125 0.000000
vt 0.062500 0.437500
vt 0.062500 0.875000
vt 0.062500 0.375000
vt 0.062500 0.812500
vt 0.062500 0.750000
vt 0.046875 1.000000
vt 0.031250 0.937500
vt 0.046875 0.000000
vt 0.031250 0.062500
vt 0.031250 0.500000
vt 0.031250 0.437500
vt 0.031250 0.875000
vt 0.031250 0.375000
vt 0.031250 0.812500
vt 0.031250 0.312500
vt 0.031250 0.750000
vt 0.031250 0.250000
vt 0.031250 0.687500
vt 0.031250 0.187500
vt 0.031250 0.625000
vt 0.031250 0.125000
vt 0.031250 0.562500
vt 0.000000 0.687500
vt 0.000000 0.250000
vt 0.000000 0.187500
vt 0.000000 0.625000
vt 0.000000 0.125000
vt 0.000000 0.562500
vt 0.000000 0.062500
vt 0.000000 0.500000
vt 0.015625 1.000000
vt 0.000000 0.937500
vt 0.015625 0.000000
vt 0.000000 0.437500
vt 0.000000 0.875000
vt 0.000000 0.375000
vt 0.000000 0.812500
vt 0.000000 0.312500
vt 0.000000 0.750000
vt 1.000000 0.437500
vt 0.968750 0.500000
vt 0.968750 0.437500
vt 1.000000 0.875000
vt 0.968750 0.937500
vt 0.968750 0.875000
vt 1.000000 0.375000
vt 0.968750 0.375000
vt 1.000000 0.812500
vt 0.968750 0.812500
vt 1.000000 0.312500
vt 0.968750 0.312500
vt 0.968750 0.750000
vt 1.000000 0.750000
vt 0.968750 0.250000
vt 1.000000 0.250000
vt 0.968750 0.687500
vt 1.000000 0.687500
vt 0.968750 0.187500
vt 1.000000 0.187500
vt 0.968750 0.625000
vt 1.000000 0.625000
vt 0.968750 0.125000
vt 1.000000 0.125000
vt 0.968750 0.562500
vt 1.000000 0.562500
vt 0.968750 0.062500
vt 1.000000 0.062500
vt 1.000000 0.500000
vt 1.000000 0.937500
vt 0.984375 1.000000
vt 0.984375 0.000000
vt 0.937500 0.187500
vt 0.937500 0.625000
vt 0.937500 0.125000
vt 0.937500 0.562500
vt 0.937500 0.062500
vt 0.937500 0.500000
vt 0.953125 1.000000
vt 0.937500 0.937500
vt 0.953125 0.000000
vt 0.937500 0.437500
vt 0.937500 0.875000
vt 0.937500 0.375000
vt 0.937500 0.812500
vt 0.937500 0.312500
vt 0.937500 0.750000
vt 0.937500 0.250000
vt 0.937500 0.687500
vt 0.906250 0.875000
vt 0.906250 0.375000
vt 0.906250 0.812500
vt 0.906250 0.312500
vt 0.906250 0.750000
vt 0.906250 0.250000
vt 0.906250 0.687500
vt 0.906250 0.187500
vt 0.906250 0.625000
vt 0.906250 0.125000
vt 0.906250 0.562500
vt 0.906250 0.062500
vt 0.906250 0.500000
vt 0.921875 1.000000
vt 0.906250 0.937500
vt 0.921875 0.000000
vt 0.906250 0.437500
vt 0.875000 0.625000
vt 0.875000 0.125000
vt 0.875000 0.562500
vt 0.875000 0.062500
vt 0.875000 0.500000
vt 0.890625 1.000000
vt 0.875000 0.937500
vt 0.890625 0.000000
vt 0.875000 0.437500
vt 0.875000 0.875000
vt 0.875000 0.375000
vt 0.875000 0.812500
vt 0.875000 0.312500
vt 0.875000 0.750000
vt 0.875000 0.250000
vt 0.875000 0.687500
vt 0.875000 0.187500
vt 0.843750 0.437500
vt 0.843750 0.375000
vt 0.843750 0.812500
vt 0.843750 0.312500
vt 0.843750 0.750000
vt 0.843750 0.250000
vt 0.843750 0.687500
vt 0.843750 0.187500
vt 0.843750 0.625000
vt 0.843750 0.125000
vt 0.843750 0.562500
vt 0.843750 0.062500
vt 0.843750 0.500000
vt 0.859375 1.000000
vt 0.843750 0.937500
vt 0.859375 0.000000
vt 0.843750 0.875000
vt 0.812500 0.125000
vt 0.812500 0.562500
vt 0.812500 0.062500
vt 0.812500 0.500000
vt 0.828125 1.000000
vt 0.812500 0.937500
vt 0.828125 0.000000
vt 0.812500 0.437500
vt 0.812500 0.875000
vt 0.812500 0.375000
vt 0.812500 0.812500
vt 0.812500 0.312500
vt 0.812500 0.750000
vt 0.812500 0.250000
vt 0.812500 0.687500
vt 0.812500 0.187500
vt 0.812500 0.625000
vt 0.781250 0.375000
vt 0.781250 0.312500
vt 0.781250 0.750000
vt 0.781250 0.250000
vt 0.781250 0.687500
vt 0.781250 0.187500
vt 0.781250 0.625000
vt 0.781250 0.125000
vt 0.781250 0.562500
vt 0.781250 0.062500
vt 0.781250 0.500000
vt 0.796875 1.000000
vt 0.781250 0.937500
vt 0.796875 0.000000
vt 0.781250 0.437500
vt 0.781250 0.875000
vt 0.781250 0.812500
vt 0.765625 1.000000
vt 0.765625 0.000000
s 0
g Sphere.001_M_Runa.001
usemtl M_Runa.001
f 1909/1664/1385 1445/1665/1385 1446/1666/1385
f 1912/1667/1386 1454/1668/1386 1913/1669/1386
f 1909/1664/1387 1447/1670/1387 1910/1671/1387
f 1433/1672/1388 1515/1673/1388 1440/1674/1388
f 1914/1675/1389 1913/1669/1389 1454/1668/1389
f 1910/1671/1390 1448/1676/1390 1911/1677/1390
f 1906/1678/1391 1440/1674/1391 1441/1679/1391
f 1911/1677/1392 1449/1680/1392 1436/1681/1392
f 1907/1682/1393 1441/1679/1393 1442/1683/1393
f 1436/1681/1394 1450/1684/1394 1437/1685/1394
f 1434/1686/1395 1442/1683/1395 1443/1687/1395
f 1437/1685/1396 1451/1688/1396 1438/1689/1396
f 1908/1690/1397 1443/1687/1397 1444/1691/1397
f 1439/1692/1398 1451/1688/1398 1452/1693/1398
f 1435/1694/1399 1444/1691/1399 1445/1665/1399
f 1439/1692/1400 1453/1695/1400 1912/1667/1400
f 1452/1693/1401 1466/1696/1401 1467/1697/1401
f 1444/1691/1402 1460/1698/1402 1445/1665/1402
f 1452/1693/1403 1468/1699/1403 1453/1695/1403
f 1445/1665/1404 1461/1700/1404 1446/1666/1404
f 1453/1695/1405 1469/1701/1405 1454/1668/1405
f 1447/1670/1406 1461/1700/1406 1462/1702/1406
f 1440/1674/1407 1515/1703/1407 1455/1704/1407
f 1914/1705/1408 1454/1668/1408 1469/1701/1408
f 1447/1670/1409 1463/1706/1409 1448/1676/1409
f 1440/1674/1410 1456/1707/1410 1441/1679/1410
f 1449/1680/1411 1463/1706/1411 1464/1708/1411
f 1441/1679/1412 1457/1709/1412 1442/1683/1412
f 1449/1680/1413 1465/1710/1413 1450/1684/1413
f 1442/1683/1414 1458/1711/1414 1443/1687/1414
f 1451/1688/1415 1465/1710/1415 1466/1696/1415
f 1443/1687/1416 1459/1712/1416 1444/1691/1416
f 1464/1708/1417 1478/1713/1417 1479/1714/1417
f 1456/1707/1418 1472/1715/1418 1457/1709/1418
f 1464/1708/1419 1480/1716/1419 1465/1710/1419
f 1457/1709/1420 1473/1717/1420 1458/1711/1420
f 1466/1696/1421 1480/1716/1421 1481/1718/1421
f 1458/1711/1422 1474/1719/1422 1459/1712/1422
f 1467/1697/1423 1481/1718/1423 1482/1720/1423
f 1459/1712/1424 1475/1721/1424 1460/1698/1424
f 1467/1697/1425 1483/1722/1425 1468/1699/1425
f 1460/1698/1426 1476/1723/1426 1461/1700/1426
f 1468/1699/1427 1484/1724/1427 1469/1701/1427
f 1461/1700/1428 1477/1725/1428 1462/1702/1428
f 1455/1704/1429 1515/1726/1429 1470/1727/1429
f 1914/1728/1430 1469/1701/1430 1484/1724/1430
f 1463/1706/1431 1477/1725/1431 1478/1713/1431
f 1456/1707/1432 1470/1727/1432 1471/1729/1432
f 1483/1722/1433 1497/1730/1433 1498/1731/1433
f 1476/1723/1434 1490/1732/1434 1491/1733/1434
f 1483/1722/1435 1499/1734/1435 1484/1724/1435
f 1476/1723/1436 1492/1735/1436 1477/1725/1436
f 1470/1727/1437 1515/1736/1437 1485/1737/1437
f 1914/1738/1438 1484/1724/1438 1499/1734/1438
f 1477/1725/1439 1493/1739/1439 1478/1713/1439
f 1470/1727/1440 1486/1740/1440 1471/1729/1440
f 1478/1713/1441 1494/1741/1441 1479/1714/1441
f 1471/1729/1442 1487/1742/1442 1472/1715/1442
f 1480/1716/1443 1494/1741/1443 1495/1743/1443
f 1472/1715/1444 1488/1744/1444 1473/1717/1444
f 1481/1718/1445 1495/1743/1445 1496/1745/1445
f 1473/1717/1446 1489/1746/1446 1474/1719/1446
f 1482/1720/1447 1496/1745/1447 1497/1730/1447
f 1474/1719/1448 1490/1732/1448 1475/1721/1448
f 1486/1740/1449 1502/1747/1449 1487/1742/1449
f 1495/1743/1450 1509/1748/1450 1510/1749/1450
f 1487/1742/1451 1503/1750/1451 1488/1744/1451
f 1495/1743/1452 1511/1751/1452 1496/1745/1452
f 1489/1746/1453 1503/1750/1453 1504/1752/1453
f 1497/1730/1454 1511/1751/1454 1512/1753/1454
f 1489/1746/1455 1505/1754/1455 1490/1732/1455
f 1497/1730/1456 1513/1755/1456 1498/1731/1456
f 1491/1733/1457 1505/1754/1457 1506/1756/1457
f 1498/1731/1458 1514/1757/1458 1499/1734/1458
f 1491/1733/1459 1507/1758/1459 1492/1735/1459
f 1485/1737/1460 1515/1759/1460 1500/1760/1460
f 1914/1761/1461 1499/1734/1461 1514/1757/1461
f 1493/1739/1462 1507/1758/1462 1508/1762/1462
f 1485/1737/1463 1501/1763/1463 1486/1740/1463
f 1493/1739/1464 1509/1748/1464 1494/1741/1464
f 1505/1754/1465 1522/1764/1465 1506/1756/1465
f 1513/1755/1466 1530/1765/1466 1514/1757/1466
f 1506/1756/1467 1523/1766/1467 1507/1758/1467
f 1500/1760/1468 1515/1767/1468 1516/1768/1468
f 1914/1769/1469 1514/1757/1469 1530/1765/1469
f 1508/1762/1470 1523/1766/1470 1524/1770/1470
f 1501/1763/1471 1516/1768/1471 1517/1771/1471
f 1509/1748/1472 1524/1770/1472 1525/1772/1472
f 1501/1763/1473 1518/1773/1473 1502/1747/1473
f 1510/1749/1474 1525/1772/1474 1526/1774/1474
f 1502/1747/1475 1519/1775/1475 1503/1750/1475
f 1510/1749/1476 1527/1776/1476 1511/1751/1476
f 1503/1750/1477 1520/1777/1477 1504/1752/1477
f 1512/1753/1478 1527/1776/1478 1528/1778/1478
f 1504/1752/1479 1521/1779/1479 1505/1754/1479
f 1512/1753/1480 1529/1780/1480 1513/1755/1480
f 1525/1772/1481 1541/1781/1481 1526/1774/1481
f 1519/1775/1482 1533/1782/1482 1534/1783/1482
f 1527/1776/1483 1541/1781/1483 1542/1784/1483
f 1519/1775/1484 1535/1785/1484 1520/1777/1484
f 1527/1776/1485 1543/1786/1485 1528/1778/1485
f 1520/1777/1486 1536/1787/1486 1521/1779/1486
f 1529/1780/1487 1543/1786/1487 1544/1788/1487
f 1521/1779/1488 1537/1789/1488 1522/1764/1488
f 1529/1780/1489 1545/1790/1489 1530/1765/1489
f 1522/1764/1490 1538/1791/1490 1523/1766/1490
f 1516/1768/1491 1515/1792/1491 1531/1793/1491
f 1914/1794/1492 1530/1765/1492 1545/1790/1492
f 1523/1766/1493 1539/1795/1493 1524/1770/1493
f 1516/1768/1494 1532/1796/1494 1517/1771/1494
f 1524/1770/1495 1540/1797/1495 1525/1772/1495
f 1517/1771/1496 1533/1782/1496 1518/1773/1496
f 1545/1790/1497 1559/1798/1497 1560/1799/1497
f 1537/1789/1498 1553/1800/1498 1538/1791/1498
f 1531/1793/1499 1515/1801/1499 1546/1802/1499
f 1914/1803/1500 1545/1790/1500 1560/1799/1500
f 1539/1795/1501 1553/1800/1501 1554/1804/1501
f 1531/1793/1502 1547/1805/1502 1532/1796/1502
f 1540/1797/1503 1554/1804/1503 1555/1806/1503
f 1532/1796/1504 1548/1807/1504 1533/1782/1504
f 1541/1781/1505 1555/1806/1505 1556/1808/1505
f 1534/1783/1506 1548/1807/1506 1549/1809/1506
f 1542/1784/1507 1556/1808/1507 1557/1810/1507
f 1534/1783/1508 1550/1811/1508 1535/1785/1508
f 1542/1784/1509 1558/1812/1509 1543/1786/1509
f 1535/1785/1510 1551/1813/1510 1536/1787/1510
f 1543/1786/1511 1559/1798/1511 1544/1788/1511
f 1536/1787/1512 1552/1814/1512 1537/1789/1512
f 1549/1809/1513 1563/1815/1513 1564/1816/1513
f 1557/1810/1514 1571/1817/1514 1572/1818/1514
f 1549/1809/1515 1565/1819/1515 1550/1811/1515
f 1557/1810/1516 1573/1820/1516 1558/1812/1516
f 1550/1811/1517 1566/1821/1517 1551/1813/1517
f 1558/1812/1518 1574/1822/1518 1559/1798/1518
f 1552/1814/1519 1566/1821/1519 1567/1823/1519
f 1559/1798/1520 1575/1824/1520 1560/1799/1520
f 1552/1814/1521 1568/1825/1521 1553/1800/1521
f 1546/1802/1522 1515/1826/1522 1561/1827/1522
f 1914/1828/1523 1560/1799/1523 1575/1824/1523
f 1554/1804/1524 1568/1825/1524 1569/1829/1524
f 1546/1802/1525 1562/1830/1525 1547/1805/1525
f 1554/1804/1526 1570/1831/1526 1555/1806/1526
f 1548/1807/1527 1562/1830/1527 1563/1815/1527
f 1555/1806/1528 1571/1817/1528 1556/1808/1528
f 1567/1823/1529 1583/1832/1529 1568/1825/1529
f 1561/1827/1530 1515/1833/1530 1576/1834/1530
f 1914/1835/1531 1575/1824/1531 1590/1836/1531
f 1569/1829/1532 1583/1832/1532 1584/1837/1532
f 1561/1827/1533 1577/1838/1533 1562/1830/1533
f 1570/1831/1534 1584/1837/1534 1585/1839/1534
f 1562/1830/1535 1578/1840/1535 1563/1815/1535
f 1571/1817/1536 1585/1839/1536 1586/1841/1536
f 1564/1816/1537 1578/1840/1537 1579/1842/1537
f 1572/1818/1538 1586/1841/1538 1587/1843/1538
f 1564/1816/1539 1580/1844/1539 1565/1819/1539
f 1573/1820/1540 1587/1843/1540 1588/1845/1540
f 1565/1819/1541 1581/1846/1541 1566/1821/1541
f 1573/1820/1542 1589/1847/1542 1574/1822/1542
f 1566/1821/1543 1582/1848/1543 1567/1823/1543
f 1574/1822/1544 1590/1836/1544 1575/1824/1544
f 1587/1843/1545 1601/1849/1545 1602/1850/1545
f 1580/1844/1546 1594/1851/1546 1595/1852/1546
f 1588/1845/1547 1602/1850/1547 1603/1853/1547
f 1580/1844/1548 1596/1854/1548 1581/1846/1548
f 1589/1847/1549 1603/1853/1549 1604/1855/1549
f 1581/1846/1550 1597/1856/1550 1582/1848/1550
f 1589/1847/1551 1605/1857/1551 1590/1836/1551
f 1582/1848/1552 1598/1858/1552 1583/1832/1552
f 1576/1834/1553 1515/1859/1553 1591/1860/1553
f 1914/1861/1554 1590/1836/1554 1605/1857/1554
f 1584/1837/1555 1598/1858/1555 1599/1862/1555
f 1577/1838/1556 1591/1860/1556 1592/1863/1556
f 1585/1839/1557 1599/1862/1557 1600/1864/1557
f 1577/1838/1558 1593/1865/1558 1578/1840/1558
f 1585/1839/1559 1601/1849/1559 1586/1841/1559
f 1578/1840/1560 1594/1851/1560 1579/1842/1560
f 1914/1866/1561 1605/1857/1561 1620/1867/1561
f 1599/1862/1562 1613/1868/1562 1614/1869/1562
f 1592/1863/1563 1606/1870/1563 1607/1871/1563
f 1599/1862/1564 1615/1872/1564 1600/1864/1564
f 1592/1863/1565 1608/1873/1565 1593/1865/1565
f 1601/1849/1566 1615/1872/1566 1616/1874/1566
f 1593/1865/1567 1609/1875/1567 1594/1851/1567
f 1601/1849/1568 1617/1876/1568 1602/1850/1568
f 1595/1852/1569 1609/1875/1569 1610/1877/1569
f 1603/1853/1570 1617/1876/1570 1618/1878/1570
f 1595/1852/1571 1611/1879/1571 1596/1854/1571
f 1603/1853/1572 1619/1880/1572 1604/1855/1572
f 1597/1856/1573 1611/1879/1573 1612/1881/1573
f 1604/1855/1574 1620/1867/1574 1605/1857/1574
f 1597/1856/1575 1613/1868/1575 1598/1858/1575
f 1591/1860/1576 1515/1882/1576 1606/1870/1576
f 1617/1876/1577 1633/1883/1577 1618/1878/1577
f 1610/1877/1578 1626/1884/1578 1611/1879/1578
f 1619/1880/1579 1633/1883/1579 1634/1885/1579
f 1612/1881/1580 1626/1884/1580 1627/1886/1580
f 1619/1880/1581 1635/1887/1581 1620/1867/1581
f 1612/1881/1582 1628/1888/1582 1613/1868/1582
f 1606/1870/1583 1515/1889/1583 1621/1890/1583
f 1914/1891/1584 1620/1867/1584 1635/1887/1584
f 1614/1869/1585 1628/1888/1585 1629/1892/1585
f 1606/1870/1586 1622/1893/1586 1607/1871/1586
f 1614/1869/1587 1630/1894/1587 1615/1872/1587
f 1607/1871/1588 1623/1895/1588 1608/1873/1588
f 1616/1874/1589 1630/1894/1589 1631/1896/1589
f 1608/1873/1590 1624/1897/1590 1609/1875/1590
f 1616/1874/1591 1632/1898/1591 1617/1876/1591
f 1609/1875/1592 1625/1899/1592 1610/1877/1592
f 1621/1890/1593 1637/1900/1593 1622/1893/1593
f 1629/1892/1594 1645/1901/1594 1630/1894/1594
f 1622/1893/1595 1638/1902/1595 1623/1895/1595
f 1631/1896/1596 1645/1901/1596 1646/1903/1596
f 1623/1895/1597 1639/1904/1597 1624/1897/1597
f 1631/1896/1598 1647/1905/1598 1632/1898/1598
f 1625/1899/1599 1639/1904/1599 1640/1906/1599
f 1633/1883/1600 1647/1905/1600 1648/1907/1600
f 1625/1899/1601 1641/1908/1601 1626/1884/1601
f 1634/1885/1602 1648/1907/1602 1649/1909/1602
f 1627/1886/1603 1641/1908/1603 1642/1910/1603
f 1634/1885/1604 1650/1911/1604 1635/1887/1604
f 1627/1886/1605 1643/1912/1605 1628/1888/1605
f 1621/1890/1606 1515/1913/1606 1636/1914/1606
f 1914/1915/1607 1635/1887/1607 1650/1911/1607
f 1629/1892/1608 1643/1912/1608 1644/1916/1608
f 1640/1906/1609 1656/1917/1609 1641/1908/1609
f 1648/1907/1610 1664/1918/1610 1649/1909/1610
f 1642/1910/1611 1656/1917/1611 1657/1919/1611
f 1649/1909/1612 1665/1920/1612 1650/1911/1612
f 1642/1910/1613 1658/1921/1613 1643/1912/1613
f 1636/1914/1614 1515/1922/1614 1651/1923/1614
f 1914/1924/1615 1650/1911/1615 1665/1920/1615
f 1644/1916/1616 1658/1921/1616 1659/1925/1616
f 1636/1914/1617 1652/1926/1617 1637/1900/1617
f 1644/1916/1618 1660/1927/1618 1645/1901/1618
f 1637/1900/1619 1653/1928/1619 1638/1902/1619
f 1646/1903/1620 1660/1927/1620 1661/1929/1620
f 1638/1902/1621 1654/1930/1621 1639/1904/1621
f 1646/1903/1622 1662/1931/1622 1647/1905/1622
f 1640/1906/1623 1654/1930/1623 1655/1932/1623
f 1647/1905/1624 1663/1933/1624 1648/1907/1624
f 1659/1925/1625 1675/1934/1625 1660/1927/1625
f 1652/1926/1626 1668/1935/1626 1653/1928/1626
f 1660/1927/1627 1676/1936/1627 1661/1929/1627
f 1653/1928/1628 1669/1937/1628 1654/1930/1628
f 1662/1931/1629 1676/1936/1629 1677/1938/1629
f 1654/1930/1630 1670/1939/1630 1655/1932/1630
f 1663/1933/1631 1677/1938/1631 1678/1940/1631
f 1655/1932/1632 1671/1941/1632 1656/1917/1632
f 1663/1933/1633 1679/1942/1633 1664/1918/1633
f 1657/1919/1634 1671/1941/1634 1672/1943/1634
f 1664/1918/1635 1680/1944/1635 1665/1920/1635
f 1657/1919/1636 1673/1945/1636 1658/1921/1636
f 1651/1923/1637 1515/1946/1637 1666/1947/1637
f 1914/1948/1638 1665/1920/1638 1680/1944/1638
f 1659/1925/1639 1673/1945/1639 1674/1949/1639
f 1652/1926/1640 1666/1947/1640 1667/1950/1640
f 1679/1942/1641 1693/1951/1641 1694/1952/1641
f 1672/1943/1642 1686/1953/1642 1687/1954/1642
f 1679/1942/1643 1695/1955/1643 1680/1944/1643
f 1672/1943/1644 1688/1956/1644 1673/1945/1644
f 1666/1947/1645 1515/1957/1645 1681/1958/1645
f 1914/1959/1646 1680/1944/1646 1695/1955/1646
f 1674/1949/1647 1688/1956/1647 1689/1960/1647
f 1666/1947/1648 1682/1961/1648 1667/1950/1648
f 1674/1949/1649 1690/1962/1649 1675/1934/1649
f 1667/1950/1650 1683/1963/1650 1668/1935/1650
f 1676/1936/1651 1690/1962/1651 1691/1964/1651
f 1668/1935/1652 1684/1965/1652 1669/1937/1652
f 1676/1936/1653 1692/1966/1653 1677/1938/1653
f 1669/1937/1654 1685/1967/1654 1670/1939/1654
f 1677/1938/1655 1693/1951/1655 1678/1940/1655
f 1670/1939/1656 1686/1953/1656 1671/1941/1656
f 1682/1961/1657 1698/1968/1657 1683/1963/1657
f 1691/1964/1658 1705/1969/1658 1706/1970/1658
f 1683/1963/1659 1699/1971/1659 1684/1965/1659
f 1691/1964/1660 1707/1972/1660 1692/1966/1660
f 1684/1965/1661 1700/1973/1661 1685/1967/1661
f 1692/1966/1662 1708/1974/1662 1693/1951/1662
f 1685/1967/1663 1701/1975/1663 1686/1953/1663
f 1694/1952/1664 1708/1974/1664 1709/1976/1664
f 1686/1953/1665 1702/1977/1665 1687/1954/1665
f 1694/1952/1666 1710/1978/1666 1695/1955/1666
f 1687/1954/1667 1703/1979/1667 1688/1956/1667
f 1681/1958/1668 1515/1980/1668 1696/1981/1668
f 1914/1982/1669 1695/1955/1669 1710/1978/1669
f 1689/1960/1670 1703/1979/1670 1704/1983/1670
f 1681/1958/1671 1697/1984/1671 1682/1961/1671
f 1690/1962/1672 1704/1983/1672 1705/1969/1672
f 1702/1977/1673 1716/1985/1673 1717/1986/1673
f 1709/1976/1674 1725/1987/1674 1710/1978/1674
f 1702/1977/1675 1718/1988/1675 1703/1979/1675
f 1696/1981/1676 1515/1989/1676 1711/1990/1676
f 1914/1991/1677 1710/1978/1677 1725/1987/1677
f 1704/1983/1678 1718/1988/1678 1719/1992/1678
f 1696/1981/1679 1712/1993/1679 1697/1984/1679
f 1704/1983/1680 1720/1994/1680 1705/1969/1680
f 1697/1984/1681 1713/1995/1681 1698/1968/1681
f 1706/1970/1682 1720/1994/1682 1721/1996/1682
f 1698/1968/1683 1714/1997/1683 1699/1971/1683
f 1706/1970/1684 1722/1998/1684 1707/1972/1684
f 1699/1971/1685 1715/1999/1685 1700/1973/1685
f 1707/1972/1686 1723/2000/1686 1708/1974/1686
f 1700/1973/1687 1716/1985/1687 1701/1975/1687
f 1708/1974/1688 1724/2001/1688 1709/1976/1688
f 1721/1996/1689 1735/2002/1689 1736/2003/1689
f 1713/1995/1690 1729/2004/1690 1714/1997/1690
f 1722/1998/1691 1736/2003/1691 1737/2005/1691
f 1714/1997/1692 1730/2006/1692 1715/1999/1692
f 1723/2000/1693 1737/2005/1693 1738/2007/1693
f 1715/1999/1694 1731/2008/1694 1716/1985/1694
f 1723/2000/1695 1739/2009/1695 1724/2001/1695
f 1716/1985/1696 1732/2010/1696 1717/1986/1696
f 1724/2001/1697 1740/2011/1697 1725/1987/1697
f 1717/1986/1698 1733/2012/1698 1718/1988/1698
f 1711/1990/1699 1515/2013/1699 1726/2014/1699
f 1914/2015/1700 1725/1987/1700 1740/2011/1700
f 1719/1992/1701 1733/2012/1701 1734/2016/1701
f 1711/1990/1702 1727/2017/1702 1712/1993/1702
f 1719/1992/1703 1735/2002/1703 1720/1994/1703
f 1713/1995/1704 1727/2017/1704 1728/2018/1704
f 1739/2009/1705 1755/2019/1705 1740/2011/1705
f 1732/2010/1706 1748/2020/1706 1733/2012/1706
f 1726/2014/1707 1515/2021/1707 1741/2022/1707
f 1914/2023/1708 1740/2011/1708 1755/2019/1708
f 1734/2016/1709 1748/2020/1709 1749/2024/1709
f 1726/2014/1710 1742/2025/1710 1727/2017/1710
f 1734/2016/1711 1750/2026/1711 1735/2002/1711
f 1727/2017/1712 1743/2027/1712 1728/2018/1712
f 1736/2003/1713 1750/2026/1713 1751/2028/1713
f 1728/2018/1714 1744/2029/1714 1729/2004/1714
f 1737/2005/1715 1751/2028/1715 1752/2030/1715
f 1729/2004/1716 1745/2031/1716 1730/2006/1716
f 1737/2005/1717 1753/2032/1717 1738/2007/1717
f 1730/2006/1718 1746/2033/1718 1731/2008/1718
f 1738/2007/1719 1754/2034/1719 1739/2009/1719
f 1732/2010/1720 1746/2033/1720 1747/2035/1720
f 1752/2030/1721 1766/2036/1721 1767/2037/1721
f 1744/2029/1722 1760/2038/1722 1745/2031/1722
f 1753/2032/1723 1767/2037/1723 1768/2039/1723
f 1745/2031/1724 1761/2040/1724 1746/2033/1724
f 1753/2032/1725 1769/2041/1725 1754/2034/1725
f 1746/2033/1726 1762/2042/1726 1747/2035/1726
f 1754/2034/1727 1770/2043/1727 1755/2019/1727
f 1747/2035/1728 1763/2044/1728 1748/2020/1728
f 1741/2022/1729 1515/2045/1729 1756/2046/1729
f 1914/2047/1730 1755/2019/1730 1770/2043/1730
f 1749/2024/1731 1763/2044/1731 1764/2048/1731
f 1741/2022/1732 1757/2049/1732 1742/2025/1732
f 1749/2024/1733 1765/2050/1733 1750/2026/1733
f 1742/2025/1734 1758/2051/1734 1743/2027/1734
f 1750/2026/1735 1766/2036/1735 1751/2028/1735
f 1743/2027/1736 1759/2052/1736 1744/2029/1736
f 1756/2046/1737 1515/2053/1737 1771/2054/1737
f 1914/2055/1738 1770/2043/1738 1785/2056/1738
f 1764/2048/1739 1778/2057/1739 1779/2058/1739
f 1756/2046/1740 1772/2059/1740 1757/2049/1740
f 1764/2048/1741 1780/2060/1741 1765/2050/1741
f 1757/2049/1742 1773/2061/1742 1758/2051/1742
f 1765/2050/1743 1781/2062/1743 1766/2036/1743
f 1758/2051/1744 1774/2063/1744 1759/2052/1744
f 1767/2037/1745 1781/2062/1745 1782/2064/1745
f 1759/2052/1746 1775/2065/1746 1760/2038/1746
f 1767/2037/1747 1783/2066/1747 1768/2039/1747
f 1760/2038/1748 1776/2067/1748 1761/2040/1748
f 1769/2041/1749 1783/2066/1749 1784/2068/1749
f 1761/2040/1750 1777/2069/1750 1762/2042/1750
f 1769/2041/1751 1785/2056/1751 1770/2043/1751
f 1762/2042/1752 1778/2057/1752 1763/2044/1752
f 1774/2063/1753 1790/2070/1753 1775/2065/1753
f 1783/2066/1754 1797/2071/1754 1798/2072/1754
f 1775/2065/1755 1791/2073/1755 1776/2067/1755
f 1783/2066/1756 1799/2074/1756 1784/2068/1756
f 1776/2067/1757 1792/2075/1757 1777/2069/1757
f 1785/2056/1758 1799/2074/1758 1800/2076/1758
f 1777/2069/1759 1793/2077/1759 1778/2057/1759
f 1771/2054/1760 1515/2078/1760 1786/2079/1760
f 1914/2080/1761 1785/2056/1761 1800/2076/1761
f 1779/2058/1762 1793/2077/1762 1794/2081/1762
f 1771/2054/1763 1787/2082/1763 1772/2059/1763
f 1780/2060/1764 1794/2081/1764 1795/2083/1764
f 1773/2061/1765 1787/2082/1765 1788/2084/1765
f 1780/2060/1766 1796/2085/1766 1781/2062/1766
f 1773/2061/1767 1789/2086/1767 1774/2063/1767
f 1782/2064/1768 1796/2085/1768 1797/2071/1768
f 1794/2087/1769 1808/2088/1769 1809/2089/1769
f 1787/2090/1770 1801/2091/1770 1802/2092/1770
f 1795/2093/1771 1809/2089/1771 1810/2094/1771
f 1788/2095/1772 1802/2092/1772 1803/2096/1772
f 1796/2097/1773 1810/2094/1773 1811/2098/1773
f 1788/2095/1774 1804/2099/1774 1789/2100/1774
f 1796/2097/1775 1812/2101/1775 1797/2102/1775
f 1789/2100/1776 1805/2103/1776 1790/2104/1776
f 1797/2102/1777 1813/2105/1777 1798/2106/1777
f 1790/2104/1778 1806/2107/1778 1791/2108/1778
f 1798/2106/1779 1814/2109/1779 1799/2110/1779
f 1791/2108/1780 1807/2111/1780 1792/2112/1780
f 1799/2110/1781 1815/2113/1781 1800/2114/1781
f 1792/2112/1782 1808/2088/1782 1793/2115/1782
f 1786/2116/1783 1515/2117/1783 1801/2091/1783
f 1914/2118/1784 1800/2114/1784 1815/2113/1784
f 1812/2101/1785 1828/2119/1785 1813/2105/1785
f 1805/2103/1786 1821/2120/1786 1806/2107/1786
f 1813/2105/1787 1829/2121/1787 1814/2109/1787
f 1806/2107/1788 1822/2122/1788 1807/2111/1788
f 1814/2109/1789 1830/2123/1789 1815/2113/1789
f 1807/2111/1790 1823/2124/1790 1808/2088/1790
f 1801/2091/1791 1515/2125/1791 1816/2126/1791
f 1914/2127/1792 1815/2113/1792 1830/2123/1792
f 1809/2089/1793 1823/2124/1793 1824/2128/1793
f 1801/2091/1794 1817/2129/1794 1802/2092/1794
f 1810/2094/1795 1824/2128/1795 1825/2130/1795
f 1802/2092/1796 1818/2131/1796 1803/2096/1796
f 1811/2098/1797 1825/2130/1797 1826/2132/1797
f 1804/2099/1798 1818/2131/1798 1819/2133/1798
f 1812/2101/1799 1826/2132/1799 1827/2134/1799
f 1804/2099/1800 1820/2135/1800 1805/2103/1800
f 1816/2126/1801 1832/2136/1801 1817/2129/1801
f 1824/2128/1802 1840/2137/1802 1825/2130/1802
f 1817/2129/1803 1833/2138/1803 1818/2131/1803
f 1826/2132/1804 1840/2137/1804 1841/2139/1804
f 1818/2131/1805 1834/2140/1805 1819/2133/1805
f 1826/2132/1806 1842/2141/1806 1827/2134/1806
f 1819/2133/1807 1835/2142/1807 1820/2135/1807
f 1828/2119/1808 1842/2141/1808 1843/2143/1808
f 1820/2135/1809 1836/2144/1809 1821/2120/1809
f 1828/2119/1810 1844/2145/1810 1829/2121/1810
f 1821/2120/1811 1837/2146/1811 1822/2122/1811
f 1829/2121/1812 1845/2147/1812 1830/2123/1812
f 1822/2122/1813 1838/2148/1813 1823/2124/1813
f 1816/2126/1814 1515/2149/1814 1831/2150/1814
f 1914/2151/1815 1830/2123/1815 1845/2147/1815
f 1824/2128/1816 1838/2148/1816 1839/2152/1816
f 1835/2142/1817 1851/2153/1817 1836/2144/1817
f 1843/2143/1818 1859/2154/1818 1844/2145/1818
f 1836/2144/1819 1852/2155/1819 1837/2146/1819
f 1845/2147/1820 1859/2154/1820 1860/2156/1820
f 1837/2146/1821 1853/2157/1821 1838/2148/1821
f 1831/2150/1822 1515/2158/1822 1846/2159/1822
f 1914/2160/1823 1845/2147/1823 1860/2156/1823
f 1839/2152/1824 1853/2157/1824 1854/2161/1824
f 1831/2150/1825 1847/2162/1825 1832/2136/1825
f 1839/2152/1826 1855/2163/1826 1840/2137/1826
f 1833/2138/1827 1847/2162/1827 1848/2164/1827
f 1841/2139/1828 1855/2163/1828 1856/2165/1828
f 1833/2138/1829 1849/2166/1829 1834/2140/1829
f 1841/2139/1830 1857/2167/1830 1842/2141/1830
f 1834/2140/1831 1850/2168/1831 1835/2142/1831
f 1843/2143/1832 1857/2167/1832 1858/2169/1832
f 1855/2163/1833 1869/2170/1833 1870/2171/1833
f 1847/2162/1834 1863/2172/1834 1848/2164/1834
f 1856/2165/1835 1870/2171/1835 1871/2173/1835
f 1848/2164/1836 1864/2174/1836 1849/2166/1836
f 1857/2167/1837 1871/2173/1837 1872/2175/1837
f 1849/2166/1838 1865/2176/1838 1850/2168/1838
f 1857/2167/1839 1873/2177/1839 1858/2169/1839
f 1850/2168/1840 1866/2178/1840 1851/2153/1840
f 1858/2169/1841 1874/2179/1841 1859/2154/1841
f 1851/2153/1842 1867/2180/1842 1852/2155/1842
f 1859/2154/1843 1875/2181/1843 1860/2156/1843
f 1852/2155/1844 1868/2182/1844 1853/2157/1844
f 1846/2159/1845 1515/2183/1845 1861/2184/1845
f 1914/2185/1846 1860/2156/1846 1875/2181/1846
f 1854/2161/1847 1868/2182/1847 1869/2170/1847
f 1846/2159/1848 1862/2186/1848 1847/2162/1848
f 1873/2177/1849 1889/2187/1849 1874/2179/1849
f 1866/2178/1850 1882/2188/1850 1867/2180/1850
f 1874/2179/1851 1890/2189/1851 1875/2181/1851
f 1867/2180/1852 1883/2190/1852 1868/2182/1852
f 1861/2184/1853 1515/2191/1853 1876/2192/1853
f 1914/2193/1854 1875/2181/1854 1890/2189/1854
f 1869/2170/1855 1883/2190/1855 1884/2194/1855
f 1862/2186/1856 1876/2192/1856 1877/2195/1856
f 1870/2171/1857 1884/2194/1857 1885/2196/1857
f 1862/2186/1858 1878/2197/1858 1863/2172/1858
f 1871/2173/1859 1885/2196/1859 1886/2198/1859
f 1863/2172/1860 1879/2199/1860 1864/2174/1860
f 1872/2175/1861 1886/2198/1861 1887/2200/1861
f 1864/2174/1862 1880/2201/1862 1865/2176/1862
f 1872/2175/1863 1888/2202/1863 1873/2177/1863
f 1865/2176/1864 1881/2203/1864 1866/2178/1864
f 1886/2198/1865 1900/2204/1865 1901/2205/1865
f 1878/2197/1866 1894/2206/1866 1879/2199/1866
f 1887/2200/1867 1901/2205/1867 1902/2207/1867
f 1879/2199/1868 1895/2208/1868 1880/2201/1868
f 1887/2200/1869 1903/2209/1869 1888/2202/1869
f 1880/2201/1870 1896/2210/1870 1881/2203/1870
f 1888/2202/1871 1904/2211/1871 1889/2187/1871
f 1881/2203/1872 1897/2212/1872 1882/2188/1872
f 1889/2187/1873 1905/2213/1873 1890/2189/1873
f 1882/2188/1874 1898/2214/1874 1883/2190/1874
f 1876/2192/1875 1515/2215/1875 1891/2216/1875
f 1914/2217/1876 1890/2189/1876 1905/2213/1876
f 1884/2194/1877 1898/2214/1877 1899/2218/1877
f 1877/2195/1878 1891/2216/1878 1892/2219/1878
f 1885/2196/1879 1899/2218/1879 1900/2204/1879
f 1877/2195/1880 1893/2220/1880 1878/2197/1880
f 1904/2211/1881 1913/1669/1881 1905/2213/1881
f 1897/2212/1882 1910/1671/1882 1898/2214/1882
f 1891/2216/1883 1515/2221/1883 1433/1672/1883
f 1914/2222/1884 1905/2213/1884 1913/1669/1884
f 1899/2218/1885 1910/1671/1885 1911/1677/1885
f 1892/2219/1886 1433/1672/1886 1906/1678/1886
f 1899/2218/1887 1436/1681/1887 1900/2204/1887
f 1892/2219/1888 1907/1682/1888 1893/2220/1888
f 1900/2204/1889 1437/1685/1889 1901/2205/1889
f 1894/2206/1890 1907/1682/1890 1434/1686/1890
f 1901/2205/1891 1438/1689/1891 1902/2207/1891
f 1895/2208/1892 1434/1686/1892 1908/1690/1892
f 1902/2207/1893 1439/1692/1893 1903/2209/1893
f 1895/2208/1894 1435/1694/1894 1896/2210/1894
f 1903/2209/1895 1912/1667/1895 1904/2211/1895
f 1897/2212/1896 1435/1694/1896 1909/1664/1896
f 1909/1664/1385 1435/1694/1385 1445/1665/1385
f 1912/1667/1386 1453/1695/1386 1454/1668/1386
f 1909/1664/1897 1446/1666/1897 1447/1670/1897
f 1910/1671/1898 1447/1670/1898 1448/1676/1898
f 1906/1678/1391 1433/1672/1391 1440/1674/1391
f 1911/1677/1392 1448/1676/1392 1449/1680/1392
f 1907/1682/1393 1906/1678/1393 1441/1679/1393
f 1436/1681/1394 1449/1680/1394 1450/1684/1394
f 1434/1686/1395 1907/1682/1395 1442/1683/1395
f 1437/1685/1396 1450/1684/1396 1451/1688/1396
f 1908/1690/1397 1434/1686/1397 1443/1687/1397
f 1439/1692/1398 1438/1689/1398 1451/1688/1398
f 1435/1694/1399 1908/1690/1399 1444/1691/1399
f 1439/1692/1400 1452/1693/1400 1453/1695/1400
f 1452/1693/1401 1451/1688/1401 1466/1696/1401
f 1444/1691/1402 1459/1712/1402 1460/1698/1402
f 1452/1693/1403 1467/1697/1403 1468/1699/1403
f 1445/1665/1404 1460/1698/1404 1461/1700/1404
f 1453/1695/1405 1468/1699/1405 1469/1701/1405
f 1447/1670/1899 1446/1666/1899 1461/1700/1899
f 1447/1670/1900 1462/1702/1900 1463/1706/1900
f 1440/1674/1410 1455/1704/1410 1456/1707/1410
f 1449/1680/1411 1448/1676/1411 1463/1706/1411
f 1441/1679/1412 1456/1707/1412 1457/1709/1412
f 1449/1680/1413 1464/1708/1413 1465/1710/1413
f 1442/1683/1414 1457/1709/1414 1458/1711/1414
f 1451/1688/1415 1450/1684/1415 1465/1710/1415
f 1443/1687/1416 1458/1711/1416 1459/1712/1416
f 1464/1708/1417 1463/1706/1417 1478/1713/1417
f 1456/1707/1901 1471/1729/1901 1472/1715/1901
f 1464/1708/1419 1479/1714/1419 1480/1716/1419
f 1457/1709/1420 1472/1715/1420 1473/1717/1420
f 1466/1696/1421 1465/1710/1421 1480/1716/1421
f 1458/1711/1422 1473/1717/1422 1474/1719/1422
f 1467/1697/1423 1466/1696/1423 1481/1718/1423
f 1459/1712/1424 1474/1719/1424 1475/1721/1424
f 1467/1697/1902 1482/1720/1902 1483/1722/1902
f 1460/1698/1426 1475/1721/1426 1476/1723/1426
f 1468/1699/1427 1483/1722/1427 1484/1724/1427
f 1461/1700/1428 1476/1723/1428 1477/1725/1428
f 1463/1706/1431 1462/1702/1431 1477/1725/1431
f 1456/1707/1432 1455/1704/1432 1470/1727/1432
f 1483/1722/1433 1482/1720/1433 1497/1730/1433
f 1476/1723/1434 1475/1721/1434 1490/1732/1434
f 1483/1722/1435 1498/1731/1435 1499/1734/1435
f 1476/1723/1436 1491/1733/1436 1492/1735/1436
f 1477/1725/1439 1492/1735/1439 1493/1739/1439
f 1470/1727/1440 1485/1737/1440 1486/1740/1440
f 1478/1713/1441 1493/1739/1441 1494/1741/1441
f 1471/1729/1442 1486/1740/1442 1487/1742/1442
f 1480/1716/1443 1479/1714/1443 1494/1741/1443
f 1472/1715/1444 1487/1742/1444 1488/1744/1444
f 1481/1718/1445 1480/1716/1445 1495/1743/1445
f 1473/1717/1446 1488/1744/1446 1489/1746/1446
f 1482/1720/1447 1481/1718/1447 1496/1745/1447
f 1474/1719/1448 1489/1746/1448 1490/1732/1448
f 1486/1740/1449 1501/1763/1449 1502/1747/1449
f 1495/1743/1450 1494/1741/1450 1509/1748/1450
f 1487/1742/1451 1502/1747/1451 1503/1750/1451
f 1495/1743/1452 1510/1749/1452 1511/1751/1452
f 1489/1746/1453 1488/1744/1453 1503/1750/1453
f 1497/1730/1454 1496/1745/1454 1511/1751/1454
f 1489/1746/1455 1504/1752/1455 1505/1754/1455
f 1497/1730/1456 1512/1753/1456 1513/1755/1456
f 1491/1733/1457 1490/1732/1457 1505/1754/1457
f 1498/1731/1458 1513/1755/1458 1514/1757/1458
f 1491/1733/1459 1506/1756/1459 1507/1758/1459
f 1493/1739/1462 1492/1735/1462 1507/1758/1462
f 1485/1737/1463 1500/1760/1463 1501/1763/1463
f 1493/1739/1464 1508/1762/1464 1509/1748/1464
f 1505/1754/1465 1521/1779/1465 1522/1764/1465
f 1513/1755/1466 1529/1780/1466 1530/1765/1466
f 1506/1756/1467 1522/1764/1467 1523/1766/1467
f 1508/1762/1470 1507/1758/1470 1523/1766/1470
f 1501/1763/1471 1500/1760/1471 1516/1768/1471
f 1509/1748/1472 1508/1762/1472 1524/1770/1472
f 1501/1763/1473 1517/1771/1473 1518/1773/1473
f 1510/1749/1474 1509/1748/1474 1525/1772/1474
f 1502/1747/1475 1518/1773/1475 1519/1775/1475
f 1510/1749/1476 1526/1774/1476 1527/1776/1476
f 1503/1750/1477 1519/1775/1477 1520/1777/1477
f 1512/1753/1478 1511/1751/1478 1527/1776/1478
f 1504/1752/1479 1520/1777/1479 1521/1779/1479
f 1512/1753/1903 1528/1778/1903 1529/1780/1903
f 1525/1772/1481 1540/1797/1481 1541/1781/1481
f 1519/1775/1482 1518/1773/1482 1533/1782/1482
f 1527/1776/1483 1526/1774/1483 1541/1781/1483
f 1519/1775/1484 1534/1783/1484 1535/1785/1484
f 1527/1776/1485 1542/1784/1485 1543/1786/1485
f 1520/1777/1486 1535/1785/1486 1536/1787/1486
f 1529/1780/1487 1528/1778/1487 1543/1786/1487
f 1521/1779/1488 1536/1787/1488 1537/1789/1488
f 1529/1780/1489 1544/1788/1489 1545/1790/1489
f 1522/1764/1490 1537/1789/1490 1538/1791/1490
f 1523/1766/1493 1538/1791/1493 1539/1795/1493
f 1516/1768/1494 1531/1793/1494 1532/1796/1494
f 1524/1770/1495 1539/1795/1495 1540/1797/1495
f 1517/1771/1496 1532/1796/1496 1533/1782/1496
f 1545/1790/1497 1544/1788/1497 1559/1798/1497
f 1537/1789/1904 1552/1814/1904 1553/1800/1904
f 1539/1795/1905 1538/1791/1905 1553/1800/1905
f 1531/1793/1502 1546/1802/1502 1547/1805/1502
f 1540/1797/1503 1539/1795/1503 1554/1804/1503
f 1532/1796/1504 1547/1805/1504 1548/1807/1504
f 1541/1781/1505 1540/1797/1505 1555/1806/1505
f 1534/1783/1506 1533/1782/1506 1548/1807/1506
f 1542/1784/1507 1541/1781/1507 1556/1808/1507
f 1534/1783/1508 1549/1809/1508 1550/1811/1508
f 1542/1784/1509 1557/1810/1509 1558/1812/1509
f 1535/1785/1510 1550/1811/1510 1551/1813/1510
f 1543/1786/1511 1558/1812/1511 1559/1798/1511
f 1536/1787/1512 1551/1813/1512 1552/1814/1512
f 1549/1809/1513 1548/1807/1513 1563/1815/1513
f 1557/1810/1514 1556/1808/1514 1571/1817/1514
f 1549/1809/1515 1564/1816/1515 1565/1819/1515
f 1557/1810/1516 1572/1818/1516 1573/1820/1516
f 1550/1811/1517 1565/1819/1517 1566/1821/1517
f 1558/1812/1518 1573/1820/1518 1574/1822/1518
f 1552/1814/1519 1551/1813/1519 1566/1821/1519
f 1559/1798/1520 1574/1822/1520 1575/1824/1520
f 1552/1814/1521 1567/1823/1521 1568/1825/1521
f 1554/1804/1524 1553/1800/1524 1568/1825/1524
f 1546/1802/1525 1561/1827/1525 1562/1830/1525
f 1554/1804/1526 1569/1829/1526 1570/1831/1526
f 1548/1807/1527 1547/1805/1527 1562/1830/1527
f 1555/1806/1528 1570/1831/1528 1571/1817/1528
f 1567/1823/1529 1582/1848/1529 1583/1832/1529
f 1569/1829/1532 1568/1825/1532 1583/1832/1532
f 1561/1827/1533 1576/1834/1533 1577/1838/1533
f 1570/1831/1534 1569/1829/1534 1584/1837/1534
f 1562/1830/1535 1577/1838/1535 1578/1840/1535
f 1571/1817/1536 1570/1831/1536 1585/1839/1536
f 1564/1816/1537 1563/1815/1537 1578/1840/1537
f 1572/1818/1538 1571/1817/1538 1586/1841/1538
f 1564/1816/1539 1579/1842/1539 1580/1844/1539
f 1573/1820/1540 1572/1818/1540 1587/1843/1540
f 1565/1819/1541 1580/1844/1541 1581/1846/1541
f 1573/1820/1542 1588/1845/1542 1589/1847/1542
f 1566/1821/1543 1581/1846/1543 1582/1848/1543
f 1574/1822/1544 1589/1847/1544 1590/1836/1544
f 1587/1843/1545 1586/1841/1545 1601/1849/1545
f 1580/1844/1546 1579/1842/1546 1594/1851/1546
f 1588/1845/1547 1587/1843/1547 1602/1850/1547
f 1580/1844/1548 1595/1852/1548 1596/1854/1548
f 1589/1847/1549 1588/1845/1549 1603/1853/1549
f 1581/1846/1550 1596/1854/1550 1597/1856/1550
f 1589/1847/1551 1604/1855/1551 1605/1857/1551
f 1582/1848/1906 1597/1856/1906 1598/1858/1906
f 1584/1837/1907 1583/1832/1907 1598/1858/1907
f 1577/1838/1556 1576/1834/1556 1591/1860/1556
f 1585/1839/1557 1584/1837/1557 1599/1862/1557
f 1577/1838/1558 1592/1863/1558 1593/1865/1558
f 1585/1839/1559 1600/1864/1559 1601/1849/1559
f 1578/1840/1560 1593/1865/1560 1594/1851/1560
f 1599/1862/1908 1598/1858/1908 1613/1868/1908
f 1592/1863/1563 1591/1860/1563 1606/1870/1563
f 1599/1862/1564 1614/1869/1564 1615/1872/1564
f 1592/1863/1565 1607/1871/1565 1608/1873/1565
f 1601/1849/1566 1600/1864/1566 1615/1872/1566
f 1593/1865/1567 1608/1873/1567 1609/1875/1567
f 1601/1849/1568 1616/1874/1568 1617/1876/1568
f 1595/1852/1569 1594/1851/1569 1609/1875/1569
f 1603/1853/1570 1602/1850/1570 1617/1876/1570
f 1595/1852/1571 1610/1877/1571 1611/1879/1571
f 1603/1853/1572 1618/1878/1572 1619/1880/1572
f 1597/1856/1573 1596/1854/1573 1611/1879/1573
f 1604/1855/1574 1619/1880/1574 1620/1867/1574
f 1597/1856/1909 1612/1881/1909 1613/1868/1909
f 1617/1876/1577 1632/1898/1577 1633/1883/1577
f 1610/1877/1578 1625/1899/1578 1626/1884/1578
f 1619/1880/1579 1618/1878/1579 1633/1883/1579
f 1612/1881/1580 1611/1879/1580 1626/1884/1580
f 1619/1880/1581 1634/1885/1581 1635/1887/1581
f 1612/1881/1910 1627/1886/1910 1628/1888/1910
f 1614/1869/1911 1613/1868/1911 1628/1888/1911
f 1606/1870/1586 1621/1890/1586 1622/1893/1586
f 1614/1869/1587 1629/1892/1587 1630/1894/1587
f 1607/1871/1588 1622/1893/1588 1623/1895/1588
f 1616/1874/1589 1615/1872/1589 1630/1894/1589
f 1608/1873/1590 1623/1895/1590 1624/1897/1590
f 1616/1874/1591 1631/1896/1591 1632/1898/1591
f 1609/1875/1592 1624/1897/1592 1625/1899/1592
f 1621/1890/1593 1636/1914/1593 1637/1900/1593
f 1629/1892/1594 1644/1916/1594 1645/1901/1594
f 1622/1893/1595 1637/1900/1595 1638/1902/1595
f 1631/1896/1596 1630/1894/1596 1645/1901/1596
f 1623/1895/1597 1638/1902/1597 1639/1904/1597
f 1631/1896/1598 1646/1903/1598 1647/1905/1598
f 1625/1899/1599 1624/1897/1599 1639/1904/1599
f 1633/1883/1600 1632/1898/1600 1647/1905/1600
f 1625/1899/1601 1640/1906/1601 1641/1908/1601
f 1634/1885/1602 1633/1883/1602 1648/1907/1602
f 1627/1886/1603 1626/1884/1603 1641/1908/1603
f 1634/1885/1604 1649/1909/1604 1650/1911/1604
f 1627/1886/1912 1642/1910/1912 1643/1912/1912
f 1629/1892/1913 1628/1888/1913 1643/1912/1913
f 1640/1906/1609 1655/1932/1609 1656/1917/1609
f 1648/1907/1610 1663/1933/1610 1664/1918/1610
f 1642/1910/1611 1641/1908/1611 1656/1917/1611
f 1649/1909/1612 1664/1918/1612 1665/1920/1612
f 1642/1910/1613 1657/1919/1613 1658/1921/1613
f 1644/1916/1616 1643/1912/1616 1658/1921/1616
f 1636/1914/1617 1651/1923/1617 1652/1926/1617
f 1644/1916/1618 1659/1925/1618 1660/1927/1618
f 1637/1900/1619 1652/1926/1619 1653/1928/1619
f 1646/1903/1620 1645/1901/1620 1660/1927/1620
f 1638/1902/1621 1653/1928/1621 1654/1930/1621
f 1646/1903/1622 1661/1929/1622 1662/1931/1622
f 1640/1906/1623 1639/1904/1623 1654/1930/1623
f 1647/1905/1624 1662/1931/1624 1663/1933/1624
f 1659/1925/1625 1674/1949/1625 1675/1934/1625
f 1652/1926/1626 1667/1950/1626 1668/1935/1626
f 1660/1927/1627 1675/1934/1627 1676/1936/1627
f 1653/1928/1628 1668/1935/1628 1669/1937/1628
f 1662/1931/1629 1661/1929/1629 1676/1936/1629
f 1654/1930/1630 1669/1937/1630 1670/1939/1630
f 1663/1933/1631 1662/1931/1631 1677/1938/1631
f 1655/1932/1632 1670/1939/1632 1671/1941/1632
f 1663/1933/1633 1678/1940/1633 1679/1942/1633
f 1657/1919/1634 1656/1917/1634 1671/1941/1634
f 1664/1918/1635 1679/1942/1635 1680/1944/1635
f 1657/1919/1914 1672/1943/1914 1673/1945/1914
f 1659/1925/1915 1658/1921/1915 1673/1945/1915
f 1652/1926/1640 1651/1923/1640 1666/1947/1640
f 1679/1942/1641 1678/1940/1641 1693/1951/1641
f 1672/1943/1642 1671/1941/1642 1686/1953/1642
f 1679/1942/1643 1694/1952/1643 1695/1955/1643
f 1672/1943/1644 1687/1954/1644 1688/1956/1644
f 1674/1949/1647 1673/1945/1647 1688/1956/1647
f 1666/1947/1648 1681/1958/1648 1682/1961/1648
f 1674/1949/1649 1689/1960/1649 1690/1962/1649
f 1667/1950/1650 1682/1961/1650 1683/1963/1650
f 1676/1936/1651 1675/1934/1651 1690/1962/1651
f 1668/1935/1652 1683/1963/1652 1684/1965/1652
f 1676/1936/1653 1691/1964/1653 1692/1966/1653
f 1669/1937/1654 1684/1965/1654 1685/1967/1654
f 1677/1938/1655 1692/1966/1655 1693/1951/1655
f 1670/1939/1656 1685/1967/1656 1686/1953/1656
f 1682/1961/1657 1697/1984/1657 1698/1968/1657
f 1691/1964/1658 1690/1962/1658 1705/1969/1658
f 1683/1963/1659 1698/1968/1659 1699/1971/1659
f 1691/1964/1660 1706/1970/1660 1707/1972/1660
f 1684/1965/1661 1699/1971/1661 1700/1973/1661
f 1692/1966/1662 1707/1972/1662 1708/1974/1662
f 1685/1967/1663 1700/1973/1663 1701/1975/1663
f 1694/1952/1664 1693/1951/1664 1708/1974/1664
f 1686/1953/1665 1701/1975/1665 1702/1977/1665
f 1694/1952/1666 1709/1976/1666 1710/1978/1666
f 1687/1954/1916 1702/1977/1916 1703/1979/1916
f 1689/1960/1917 1688/1956/1917 1703/1979/1917
f 1681/1958/1671 1696/1981/1671 1697/1984/1671
f 1690/1962/1672 1689/1960/1672 1704/1983/1672
f 1702/1977/1673 1701/1975/1673 1716/1985/1673
f 1709/1976/1674 1724/2001/1674 1725/1987/1674
f 1702/1977/1918 1717/1986/1918 1718/1988/1918
f 1704/1983/1919 1703/1979/1919 1718/1988/1919
f 1696/1981/1679 1711/1990/1679 1712/1993/1679
f 1704/1983/1680 1719/1992/1680 1720/1994/1680
f 1697/1984/1920 1712/1993/1920 1713/1995/1920
f 1706/1970/1682 1705/1969/1682 1720/1994/1682
f 1698/1968/1683 1713/1995/1683 1714/1997/1683
f 1706/1970/1684 1721/1996/1684 1722/1998/1684
f 1699/1971/1685 1714/1997/1685 1715/1999/1685
f 1707/1972/1686 1722/1998/1686 1723/2000/1686
f 1700/1973/1687 1715/1999/1687 1716/1985/1687
f 1708/1974/1921 1723/2000/1921 1724/2001/1921
f 1721/1996/1689 1720/1994/1689 1735/2002/1689
f 1713/1995/1690 1728/2018/1690 1729/2004/1690
f 1722/1998/1691 1721/1996/1691 1736/2003/1691
f 1714/1997/1692 1729/2004/1692 1730/2006/1692
f 1723/2000/1693 1722/1998/1693 1737/2005/1693
f 1715/1999/1694 1730/2006/1694 1731/2008/1694
f 1723/2000/1695 1738/2007/1695 1739/2009/1695
f 1716/1985/1696 1731/2008/1696 1732/2010/1696
f 1724/2001/1697 1739/2009/1697 1740/2011/1697
f 1717/1986/1922 1732/2010/1922 1733/2012/1922
f 1719/1992/1923 1718/1988/1923 1733/2012/1923
f 1711/1990/1702 1726/2014/1702 1727/2017/1702
f 1719/1992/1703 1734/2016/1703 1735/2002/1703
f 1713/1995/1704 1712/1993/1704 1727/2017/1704
f 1739/2009/1705 1754/2034/1705 1755/2019/1705
f 1732/2010/1924 1747/2035/1924 1748/2020/1924
f 1734/2016/1925 1733/2012/1925 1748/2020/1925
f 1726/2014/1710 1741/2022/1710 1742/2025/1710
f 1734/2016/1711 1749/2024/1711 1750/2026/1711
f 1727/2017/1712 1742/2025/1712 1743/2027/1712
f 1736/2003/1713 1735/2002/1713 1750/2026/1713
f 1728/2018/1714 1743/2027/1714 1744/2029/1714
f 1737/2005/1715 1736/2003/1715 1751/2028/1715
f 1729/2004/1716 1744/2029/1716 1745/2031/1716
f 1737/2005/1717 1752/2030/1717 1753/2032/1717
f 1730/2006/1718 1745/2031/1718 1746/2033/1718
f 1738/2007/1719 1753/2032/1719 1754/2034/1719
f 1732/2010/1720 1731/2008/1720 1746/2033/1720
f 1752/2030/1721 1751/2028/1721 1766/2036/1721
f 1744/2029/1722 1759/2052/1722 1760/2038/1722
f 1753/2032/1723 1752/2030/1723 1767/2037/1723
f 1745/2031/1724 1760/2038/1724 1761/2040/1724
f 1753/2032/1725 1768/2039/1725 1769/2041/1725
f 1746/2033/1726 1761/2040/1726 1762/2042/1726
f 1754/2034/1727 1769/2041/1727 1770/2043/1727
f 1747/2035/1728 1762/2042/1728 1763/2044/1728
f 1749/2024/1731 1748/2020/1731 1763/2044/1731
f 1741/2022/1732 1756/2046/1732 1757/2049/1732
f 1749/2024/1733 1764/2048/1733 1765/2050/1733
f 1742/2025/1734 1757/2049/1734 1758/2051/1734
f 1750/2026/1735 1765/2050/1735 1766/2036/1735
f 1743/2027/1736 1758/2051/1736 1759/2052/1736
f 1764/2048/1739 1763/2044/1739 1778/2057/1739
f 1756/2046/1740 1771/2054/1740 1772/2059/1740
f 1764/2048/1741 1779/2058/1741 1780/2060/1741
f 1757/2049/1742 1772/2059/1742 1773/2061/1742
f 1765/2050/1743 1780/2060/1743 1781/2062/1743
f 1758/2051/1744 1773/2061/1744 1774/2063/1744
f 1767/2037/1745 1766/2036/1745 1781/2062/1745
f 1759/2052/1746 1774/2063/1746 1775/2065/1746
f 1767/2037/1747 1782/2064/1747 1783/2066/1747
f 1760/2038/1748 1775/2065/1748 1776/2067/1748
f 1769/2041/1749 1768/2039/1749 1783/2066/1749
f 1761/2040/1750 1776/2067/1750 1777/2069/1750
f 1769/2041/1751 1784/2068/1751 1785/2056/1751
f 1762/2042/1752 1777/2069/1752 1778/2057/1752
f 1774/2063/1753 1789/2086/1753 1790/2070/1753
f 1783/2066/1754 1782/2064/1754 1797/2071/1754
f 1775/2065/1755 1790/2070/1755 1791/2073/1755
f 1783/2066/1756 1798/2072/1756 1799/2074/1756
f 1776/2067/1757 1791/2073/1757 1792/2075/1757
f 1785/2056/1758 1784/2068/1758 1799/2074/1758
f 1777/2069/1759 1792/2075/1759 1793/2077/1759
f 1779/2058/1762 1778/2057/1762 1793/2077/1762
f 1771/2054/1763 1786/2079/1763 1787/2082/1763
f 1780/2060/1764 1779/2058/1764 1794/2081/1764
f 1773/2061/1765 1772/2059/1765 1787/2082/1765
f 1780/2060/1766 1795/2083/1766 1796/2085/1766
f 1773/2061/1767 1788/2084/1767 1789/2086/1767
f 1782/2064/1768 1781/2062/1768 1796/2085/1768
f 1794/2087/1769 1793/2115/1769 1808/2088/1769
f 1787/2090/1770 1786/2116/1770 1801/2091/1770
f 1795/2093/1771 1794/2087/1771 1809/2089/1771
f 1788/2095/1772 1787/2090/1772 1802/2092/1772
f 1796/2097/1773 1795/2093/1773 1810/2094/1773
f 1788/2095/1774 1803/2096/1774 1804/2099/1774
f 1796/2097/1775 1811/2098/1775 1812/2101/1775
f 1789/2100/1776 1804/2099/1776 1805/2103/1776
f 1797/2102/1777 1812/2101/1777 1813/2105/1777
f 1790/2104/1778 1805/2103/1778 1806/2107/1778
f 1798/2106/1779 1813/2105/1779 1814/2109/1779
f 1791/2108/1780 1806/2107/1780 1807/2111/1780
f 1799/2110/1781 1814/2109/1781 1815/2113/1781
f 1792/2112/1782 1807/2111/1782 1808/2088/1782
f 1812/2101/1785 1827/2134/1785 1828/2119/1785
f 1805/2103/1786 1820/2135/1786 1821/2120/1786
f 1813/2105/1787 1828/2119/1787 1829/2121/1787
f 1806/2107/1788 1821/2120/1788 1822/2122/1788
f 1814/2109/1789 1829/2121/1789 1830/2123/1789
f 1807/2111/1926 1822/2122/1926 1823/2124/1926
f 1809/2089/1927 1808/2088/1927 1823/2124/1927
f 1801/2091/1794 1816/2126/1794 1817/2129/1794
f 1810/2094/1795 1809/2089/1795 1824/2128/1795
f 1802/2092/1796 1817/2129/1796 1818/2131/1796
f 1811/2098/1797 1810/2094/1797 1825/2130/1797
f 1804/2099/1798 1803/2096/1798 1818/2131/1798
f 1812/2101/1799 1811/2098/1799 1826/2132/1799
f 1804/2099/1800 1819/2133/1800 1820/2135/1800
f 1816/2126/1801 1831/2150/1801 1832/2136/1801
f 1824/2128/1802 1839/2152/1802 1840/2137/1802
f 1817/2129/1803 1832/2136/1803 1833/2138/1803
f 1826/2132/1804 1825/2130/1804 1840/2137/1804
f 1818/2131/1805 1833/2138/1805 1834/2140/1805
f 1826/2132/1806 1841/2139/1806 1842/2141/1806
f 1819/2133/1807 1834/2140/1807 1835/2142/1807
f 1828/2119/1808 1827/2134/1808 1842/2141/1808
f 1820/2135/1809 1835/2142/1809 1836/2144/1809
f 1828/2119/1810 1843/2143/1810 1844/2145/1810
f 1821/2120/1811 1836/2144/1811 1837/2146/1811
f 1829/2121/1812 1844/2145/1812 1845/2147/1812
f 1822/2122/1813 1837/2146/1813 1838/2148/1813
f 1824/2128/1816 1823/2124/1816 1838/2148/1816
f 1835/2142/1817 1850/2168/1817 1851/2153/1817
f 1843/2143/1818 1858/2169/1818 1859/2154/1818
f 1836/2144/1819 1851/2153/1819 1852/2155/1819
f 1845/2147/1820 1844/2145/1820 1859/2154/1820
f 1837/2146/1928 1852/2155/1928 1853/2157/1928
f 1839/2152/1929 1838/2148/1929 1853/2157/1929
f 1831/2150/1825 1846/2159/1825 1847/2162/1825
f 1839/2152/1826 1854/2161/1826 1855/2163/1826
f 1833/2138/1827 1832/2136/1827 1847/2162/1827
f 1841/2139/1828 1840/2137/1828 1855/2163/1828
f 1833/2138/1829 1848/2164/1829 1849/2166/1829
f 1841/2139/1830 1856/2165/1830 1857/2167/1830
f 1834/2140/1831 1849/2166/1831 1850/2168/1831
f 1843/2143/1832 1842/2141/1832 1857/2167/1832
f 1855/2163/1833 1854/2161/1833 1869/2170/1833
f 1847/2162/1834 1862/2186/1834 1863/2172/1834
f 1856/2165/1835 1855/2163/1835 1870/2171/1835
f 1848/2164/1836 1863/2172/1836 1864/2174/1836
f 1857/2167/1837 1856/2165/1837 1871/2173/1837
f 1849/2166/1838 1864/2174/1838 1865/2176/1838
f 1857/2167/1839 1872/2175/1839 1873/2177/1839
f 1850/2168/1840 1865/2176/1840 1866/2178/1840
f 1858/2169/1841 1873/2177/1841 1874/2179/1841
f 1851/2153/1842 1866/2178/1842 1867/2180/1842
f 1859/2154/1843 1874/2179/1843 1875/2181/1843
f 1852/2155/1930 1867/2180/1930 1868/2182/1930
f 1854/2161/1931 1853/2157/1931 1868/2182/1931
f 1846/2159/1848 1861/2184/1848 1862/2186/1848
f 1873/2177/1849 1888/2202/1849 1889/2187/1849
f 1866/2178/1850 1881/2203/1850 1882/2188/1850
f 1874/2179/1851 1889/2187/1851 1890/2189/1851
f 1867/2180/1932 1882/2188/1932 1883/2190/1932
f 1869/2170/1933 1868/2182/1933 1883/2190/1933
f 1862/2186/1856 1861/2184/1856 1876/2192/1856
f 1870/2171/1857 1869/2170/1857 1884/2194/1857
f 1862/2186/1934 1877/2195/1934 1878/2197/1934
f 1871/2173/1859 1870/2171/1859 1885/2196/1859
f 1863/2172/1860 1878/2197/1860 1879/2199/1860
f 1872/2175/1861 1871/2173/1861 1886/2198/1861
f 1864/2174/1862 1879/2199/1862 1880/2201/1862
f 1872/2175/1863 1887/2200/1863 1888/2202/1863
f 1865/2176/1864 1880/2201/1864 1881/2203/1864
f 1886/2198/1865 1885/2196/1865 1900/2204/1865
f 1878/2197/1866 1893/2220/1866 1894/2206/1866
f 1887/2200/1867 1886/2198/1867 1901/2205/1867
f 1879/2199/1868 1894/2206/1868 1895/2208/1868
f 1887/2200/1869 1902/2207/1869 1903/2209/1869
f 1880/2201/1870 1895/2208/1870 1896/2210/1870
f 1888/2202/1871 1903/2209/1871 1904/2211/1871
f 1881/2203/1872 1896/2210/1872 1897/2212/1872
f 1889/2187/1873 1904/2211/1873 1905/2213/1873
f 1882/2188/1935 1897/2212/1935 1898/2214/1935
f 1884/2194/1936 1883/2190/1936 1898/2214/1936
f 1877/2195/1878 1876/2192/1878 1891/2216/1878
f 1885/2196/1879 1884/2194/1879 1899/2218/1879
f 1877/2195/1880 1892/2219/1880 1893/2220/1880
f 1904/2211/1881 1912/1667/1881 1913/1669/1881
f 1897/2212/1937 1909/1664/1937 1910/1671/1937
f 1899/2218/1938 1898/2214/1938 1910/1671/1938
f 1892/2219/1886 1891/2216/1886 1433/1672/1886
f 1899/2218/1887 1911/1677/1887 1436/1681/1887
f 1892/2219/1888 1906/1678/1888 1907/1682/1888
f 1900/2204/1889 1436/1681/1889 1437/1685/1889
f 1894/2206/1890 1893/2220/1890 1907/1682/1890
f 1901/2205/1891 1437/1685/1891 1438/1689/1891
f 1895/2208/1892 1894/2206/1892 1434/1686/1892
f 1902/2207/1893 1438/1689/1893 1439/1692/1893
f 1895/2208/1894 1908/1690/1894 1435/1694/1894
f 1903/2209/1895 1439/1692/1895 1912/1667/1895
f 1897/2212/1896 1896/2210/1896 1435/1694/1896
o Sphere.002
v -0.160000 0.427319 3.883751
v -0.160000 0.394038 3.865962
v -0.160000 0.379948 3.844874
v -0.160000 0.379948 3.795125
v -0.160000 0.385954 3.783888
v -0.160000 0.394038 3.774038
v -0.160000 0.403888 3.765954
v -0.162474 0.427563 3.883751
v -0.164853 0.415604 3.880052
v -0.167045 0.404582 3.874045
v -0.168967 0.394921 3.865962
v -0.170544 0.386993 3.856112
v -0.171716 0.381102 3.844874
v -0.172437 0.377474 3.832681
v -0.172681 0.376249 3.820000
v -0.172437 0.377474 3.807319
v -0.171716 0.381102 3.795125
v -0.170544 0.386993 3.783888
v -0.168967 0.394921 3.774038
v -0.167045 0.404582 3.765954
v -0.164853 0.415604 3.759948
v -0.162474 0.427563 3.756249
v -0.164853 0.428284 3.883751
v -0.169519 0.417019 3.880052
v -0.173819 0.406637 3.874045
v -0.177589 0.397537 3.865962
v -0.180682 0.390068 3.856112
v -0.182981 0.384519 3.844874
v -0.184396 0.381102 3.832681
v -0.184874 0.379948 3.820000
v -0.184396 0.381102 3.807319
v -0.182981 0.384519 3.795125
v -0.180682 0.390068 3.783888
v -0.177589 0.397537 3.774038
v -0.173819 0.406637 3.765954
v -0.169519 0.417019 3.759948
v -0.164853 0.428284 3.756249
v -0.167045 0.429456 3.883751
v -0.173819 0.419318 3.880052
v -0.180063 0.409974 3.874045
v -0.185535 0.401784 3.865962
v -0.190026 0.395063 3.856112
v -0.193363 0.390068 3.844874
v -0.195418 0.386993 3.832681
v -0.196112 0.385954 3.820000
v -0.195418 0.386993 3.807319
v -0.193363 0.390068 3.795125
v -0.190026 0.395063 3.783888
v -0.185535 0.401784 3.774038
v -0.180063 0.409974 3.765954
v -0.173819 0.419318 3.759948
v -0.167045 0.429456 3.756249
v -0.168967 0.431033 3.883751
v -0.177589 0.422411 3.880052
v -0.185535 0.414465 3.874045
v -0.192500 0.407500 3.865962
v -0.198216 0.401784 3.856112
v -0.202463 0.397537 3.844874
v -0.205079 0.394921 3.832681
v -0.205962 0.394038 3.820000
v -0.205079 0.394921 3.807319
v -0.202463 0.397537 3.795125
v -0.198216 0.401784 3.783888
v -0.192500 0.407500 3.774038
v -0.185535 0.414465 3.765954
v -0.177589 0.422411 3.759948
v -0.168967 0.431033 3.756249
v -0.170544 0.432955 3.883751
v -0.180682 0.426181 3.880052
v -0.190026 0.419937 3.874045
v -0.198216 0.414465 3.865962
v -0.204937 0.409974 3.856112
v -0.209932 0.406637 3.844874
v -0.213007 0.404582 3.832681
v -0.214046 0.403888 3.820000
v -0.213007 0.404582 3.807319
v -0.209932 0.406637 3.795125
v -0.204937 0.409974 3.783888
v -0.198216 0.414465 3.774038
v -0.190026 0.419937 3.765954
v -0.180682 0.426181 3.759948
v -0.170544 0.432955 3.756249
v -0.160000 0.440000 3.885000
v -0.171716 0.435147 3.883751
v -0.182981 0.430481 3.880052
v -0.193363 0.426181 3.874045
v -0.202463 0.422411 3.865962
v -0.209932 0.419318 3.856112
v -0.215481 0.417019 3.844874
v -0.218898 0.415604 3.832681
v -0.220052 0.415126 3.820000
v -0.218898 0.415604 3.807319
v -0.215481 0.417019 3.795125
v -0.209932 0.419318 3.783888
v -0.202463 0.422411 3.774038
v -0.193363 0.426181 3.765954
v -0.182981 0.430481 3.759948
v -0.171716 0.435147 3.756249
v -0.172437 0.437526 3.883751
v -0.184396 0.435147 3.880052
v -0.195418 0.432955 3.874045
v -0.205079 0.431033 3.865962
v -0.213007 0.429456 3.856112
v -0.218898 0.428284 3.844874
v -0.222526 0.427563 3.832681
v -0.223751 0.427319 3.820000
v -0.222526 0.427563 3.807319
v -0.218898 0.428284 3.795125
v -0.213007 0.429456 3.783888
v -0.205079 0.431033 3.774038
v -0.195418 0.432955 3.765954
v -0.184396 0.435147 3.759948
v -0.172437 0.437526 3.756249
v -0.172681 0.440000 3.883751
v -0.184874 0.440000 3.880052
v -0.196112 0.440000 3.874045
v -0.205962 0.440000 3.865962
v -0.214045 0.440000 3.856112
v -0.220052 0.440000 3.844874
v -0.223751 0.440000 3.832681
v -0.225000 0.440000 3.820000
v -0.223751 0.440000 3.807319
v -0.220052 0.440000 3.795125
v -0.214045 0.440000 3.783888
v -0.205962 0.440000 3.774038
v -0.196112 0.440000 3.765954
v -0.184874 0.440000 3.759948
v -0.172681 0.440000 3.756249
v -0.172437 0.442474 3.883751
v -0.184396 0.444853 3.880052
v -0.195418 0.447045 3.874045
v -0.205079 0.448967 3.865962
v -0.213007 0.450544 3.856112
v -0.218898 0.451716 3.844874
v -0.222526 0.452437 3.832681
v -0.223751 0.452681 3.820000
v -0.222526 0.452437 3.807319
v -0.218898 0.451716 3.795125
v -0.213007 0.450544 3.783888
v -0.205079 0.448967 3.774038
v -0.195418 0.447045 3.765954
v -0.184396 0.444853 3.759948
v -0.172437 0.442474 3.756249
v -0.171716 0.444853 3.883751
v -0.182981 0.449519 3.880052
v -0.193363 0.453819 3.874045
v -0.202463 0.457589 3.865962
v -0.209932 0.460682 3.856112
v -0.215481 0.462981 3.844874
v -0.218898 0.464396 3.832681
v -0.220052 0.464874 3.820000
v -0.218898 0.464396 3.807319
v -0.215481 0.462981 3.795125
v -0.209932 0.460682 3.783888
v -0.202463 0.457589 3.774038
v -0.193363 0.453819 3.765954
v -0.182981 0.449519 3.759948
v -0.171716 0.444853 3.756249
v -0.170544 0.447045 3.883751
v -0.180682 0.453819 3.880052
v -0.190026 0.460063 3.874045
v -0.198216 0.465535 3.865962
v -0.204937 0.470026 3.856112
v -0.209932 0.473363 3.844874
v -0.213007 0.475418 3.832681
v -0.214046 0.476112 3.820000
v -0.213007 0.475418 3.807319
v -0.209932 0.473363 3.795125
v -0.204937 0.470026 3.783888
v -0.198216 0.465535 3.774038
v -0.190026 0.460063 3.765954
v -0.180682 0.453819 3.759948
v -0.170544 0.447045 3.756249
v -0.168967 0.448967 3.883751
v -0.177589 0.457589 3.880052
v -0.185535 0.465535 3.874045
v -0.192500 0.472500 3.865962
v -0.198216 0.478216 3.856112
v -0.202463 0.482463 3.844874
v -0.205079 0.485079 3.832681
v -0.205962 0.485962 3.820000
v -0.205079 0.485079 3.807319
v -0.202463 0.482463 3.795125
v -0.198216 0.478216 3.783888
v -0.192500 0.472500 3.774038
v -0.185535 0.465535 3.765954
v -0.177589 0.457589 3.759948
v -0.168967 0.448967 3.756249
v -0.167045 0.450544 3.883751
v -0.173819 0.460682 3.880052
v -0.180063 0.470026 3.874045
v -0.185535 0.478216 3.865962
v -0.190026 0.484937 3.856112
v -0.193363 0.489932 3.844874
v -0.195418 0.493007 3.832681
v -0.196112 0.494045 3.820000
v -0.195418 0.493007 3.807319
v -0.193363 0.489932 3.795125
v -0.190026 0.484937 3.783888
v -0.185535 0.478216 3.774038
v -0.180063 0.470026 3.765954
v -0.173819 0.460682 3.759948
v -0.167045 0.450544 3.756249
v -0.164853 0.451716 3.883751
v -0.169519 0.462981 3.880052
v -0.173819 0.473363 3.874045
v -0.177589 0.482463 3.865962
v -0.180682 0.489932 3.856112
v -0.182981 0.495481 3.844874
v -0.184396 0.498898 3.832681
v -0.184874 0.500052 3.820000
v -0.184396 0.498898 3.807319
v -0.182981 0.495481 3.795125
v -0.180682 0.489932 3.783888
v -0.177589 0.482463 3.774038
v -0.173819 0.473363 3.765954
v -0.169519 0.462981 3.759948
v -0.164853 0.451716 3.756249
v -0.162474 0.452437 3.883751
v -0.164853 0.464396 3.880052
v -0.167045 0.475418 3.874045
v -0.168967 0.485079 3.865962
v -0.170544 0.493007 3.856112
v -0.171716 0.498898 3.844874
v -0.172437 0.502526 3.832681
v -0.172681 0.503751 3.820000
v -0.172437 0.502526 3.807319
v -0.171716 0.498898 3.795125
v -0.170544 0.493007 3.783888
v -0.168967 0.485079 3.774038
v -0.167045 0.475418 3.765954
v -0.164853 0.464396 3.759948
v -0.162474 0.452437 3.756249
v -0.160000 0.452681 3.883751
v -0.160000 0.464874 3.880052
v -0.160000 0.476112 3.874045
v -0.160000 0.485962 3.865962
v -0.160000 0.494045 3.856112
v -0.160000 0.500052 3.844874
v -0.160000 0.503751 3.832681
v -0.160000 0.505000 3.820000
v -0.160000 0.503751 3.807319
v -0.160000 0.500052 3.795125
v -0.160000 0.494045 3.783888
v -0.160000 0.485962 3.774038
v -0.160000 0.476112 3.765954
v -0.160000 0.464874 3.759948
v -0.160000 0.452681 3.756249
v -0.157526 0.452437 3.883751
v -0.155147 0.464396 3.880052
v -0.152955 0.475418 3.874045
v -0.151033 0.485079 3.865962
v -0.149456 0.493007 3.856112
v -0.148284 0.498898 3.844874
v -0.147563 0.502526 3.832681
v -0.147319 0.503751 3.820000
v -0.147563 0.502526 3.807319
v -0.148284 0.498898 3.795125
v -0.149456 0.493007 3.783888
v -0.151033 0.485079 3.774038
v -0.152955 0.475418 3.765954
v -0.155147 0.464396 3.759948
v -0.157526 0.452437 3.756249
v -0.155147 0.451716 3.883751
v -0.150481 0.462981 3.880052
v -0.146181 0.473363 3.874045
v -0.142411 0.482463 3.865962
v -0.139318 0.489932 3.856112
v -0.137019 0.495481 3.844874
v -0.135604 0.498898 3.832681
v -0.135126 0.500052 3.820000
v -0.135604 0.498898 3.807319
v -0.137019 0.495481 3.795125
v -0.139318 0.489932 3.783888
v -0.142411 0.482463 3.774038
v -0.146181 0.473363 3.765954
v -0.150481 0.462981 3.759948
v -0.155147 0.451716 3.756249
v -0.152955 0.450544 3.883751
v -0.146181 0.460682 3.880052
v -0.139937 0.470026 3.874045
v -0.134465 0.478216 3.865962
v -0.129974 0.484937 3.856112
v -0.126637 0.489932 3.844874
v -0.124582 0.493007 3.832681
v -0.123888 0.494045 3.820000
v -0.124582 0.493007 3.807319
v -0.126637 0.489932 3.795125
v -0.129974 0.484937 3.783888
v -0.134465 0.478216 3.774038
v -0.139937 0.470026 3.765954
v -0.146181 0.460682 3.759948
v -0.152955 0.450544 3.756249
v -0.151033 0.448967 3.883751
v -0.142411 0.457589 3.880052
v -0.134465 0.465535 3.874045
v -0.127500 0.472500 3.865962
v -0.121784 0.478216 3.856112
v -0.117537 0.482463 3.844874
v -0.114921 0.485079 3.832681
v -0.114038 0.485962 3.820000
v -0.114921 0.485079 3.807319
v -0.117537 0.482463 3.795125
v -0.121784 0.478216 3.783888
v -0.127500 0.472500 3.774038
v -0.134465 0.465535 3.765954
v -0.142411 0.457589 3.759948
v -0.151033 0.448967 3.756249
v -0.149456 0.447045 3.883751
v -0.139318 0.453819 3.880052
v -0.129974 0.460063 3.874045
v -0.121784 0.465535 3.865962
v -0.115063 0.470026 3.856112
v -0.110068 0.473363 3.844874
v -0.106993 0.475418 3.832681
v -0.105954 0.476112 3.820000
v -0.106993 0.475418 3.807319
v -0.110068 0.473363 3.795125
v -0.115063 0.470026 3.783888
v -0.121784 0.465535 3.774038
v -0.129974 0.460063 3.765954
v -0.139318 0.453819 3.759948
v -0.149456 0.447045 3.756249
v -0.148284 0.444853 3.883751
v -0.137019 0.449519 3.880052
v -0.126637 0.453819 3.874045
v -0.117537 0.457589 3.865962
v -0.110068 0.460682 3.856112
v -0.104519 0.462981 3.844874
v -0.101102 0.464396 3.832681
v -0.099948 0.464874 3.820000
v -0.101102 0.464396 3.807319
v -0.104519 0.462981 3.795125
v -0.110068 0.460682 3.783888
v -0.117537 0.457589 3.774038
v -0.126637 0.453819 3.765954
v -0.137019 0.449519 3.759948
v -0.148284 0.444853 3.756249
v -0.147563 0.442474 3.883751
v -0.135604 0.444853 3.880052
v -0.124582 0.447045 3.874045
v -0.114921 0.448967 3.865962
v -0.106993 0.450544 3.856112
v -0.101102 0.451716 3.844874
v -0.097474 0.452437 3.832681
v -0.096249 0.452681 3.820000
v -0.097474 0.452437 3.807319
v -0.101102 0.451716 3.795125
v -0.106993 0.450544 3.783888
v -0.114921 0.448967 3.774038
v -0.124582 0.447045 3.765954
v -0.135604 0.444853 3.759948
v -0.147563 0.442474 3.756249
v -0.147319 0.440000 3.883751
v -0.135126 0.440000 3.880052
v -0.123888 0.440000 3.874045
v -0.114038 0.440000 3.865962
v -0.105955 0.440000 3.856112
v -0.099948 0.440000 3.844874
v -0.096249 0.440000 3.832681
v -0.095000 0.440000 3.820000
v -0.096249 0.440000 3.807319
v -0.099948 0.440000 3.795125
v -0.105955 0.440000 3.783888
v -0.114038 0.440000 3.774038
v -0.123888 0.440000 3.765954
v -0.135126 0.440000 3.759948
v -0.147319 0.440000 3.756249
v -0.147563 0.437526 3.883751
v -0.135604 0.435147 3.880052
v -0.124582 0.432955 3.874045
v -0.114921 0.431033 3.865962
v -0.106993 0.429456 3.856112
v -0.101102 0.428284 3.844874
v -0.097474 0.427563 3.832681
v -0.096249 0.427319 3.820000
v -0.097474 0.427563 3.807319
v -0.101102 0.428284 3.795125
v -0.106993 0.429456 3.783888
v -0.114921 0.431033 3.774038
v -0.124582 0.432955 3.765954
v -0.135604 0.435147 3.759948
v -0.147563 0.437526 3.756249
v -0.148284 0.435147 3.883751
v -0.137019 0.430481 3.880052
v -0.126637 0.426181 3.874045
v -0.117537 0.422411 3.865962
v -0.110068 0.419318 3.856112
v -0.104519 0.417019 3.844874
v -0.101102 0.415604 3.832681
v -0.099948 0.415126 3.820000
v -0.101102 0.415604 3.807319
v -0.104519 0.417019 3.795125
v -0.110068 0.419318 3.783888
v -0.117537 0.422411 3.774038
v -0.126637 0.426181 3.765954
v -0.137019 0.430481 3.759948
v -0.148284 0.435147 3.756249
v -0.149456 0.432955 3.883751
v -0.139318 0.426181 3.880052
v -0.129974 0.419937 3.874045
v -0.121784 0.414465 3.865962
v -0.115063 0.409974 3.856112
v -0.110068 0.406637 3.844874
v -0.106993 0.404582 3.832681
v -0.105954 0.403888 3.820000
v -0.106993 0.404582 3.807319
v -0.110068 0.406637 3.795125
v -0.115063 0.409974 3.783888
v -0.121784 0.414465 3.774038
v -0.129974 0.419937 3.765954
v -0.139318 0.426181 3.759948
v -0.149456 0.432955 3.756249
v -0.151033 0.431033 3.883751
v -0.142411 0.422411 3.880052
v -0.134465 0.414465 3.874045
v -0.127500 0.407500 3.865962
v -0.121784 0.401784 3.856112
v -0.117537 0.397537 3.844874
v -0.114921 0.394921 3.832681
v -0.114038 0.394038 3.820000
v -0.114921 0.394921 3.807319
v -0.117537 0.397537 3.795125
v -0.121784 0.401784 3.783888
v -0.127500 0.407500 3.774038
v -0.134465 0.414465 3.765954
v -0.142411 0.422411 3.759948
v -0.151033 0.431033 3.756249
v -0.152955 0.429456 3.883751
v -0.146181 0.419318 3.880052
v -0.139937 0.409974 3.874045
v -0.134465 0.401784 3.865962
v -0.129974 0.395063 3.856112
v -0.126637 0.390068 3.844874
v -0.124582 0.386993 3.832681
v -0.123888 0.385954 3.820000
v -0.124582 0.386993 3.807319
v -0.126637 0.390068 3.795125
v -0.129974 0.395063 3.783888
v -0.134465 0.401784 3.774038
v -0.139937 0.409974 3.765954
v -0.146181 0.419318 3.759948
v -0.152955 0.429456 3.756249
v -0.155147 0.428284 3.883751
v -0.150481 0.417019 3.880052
v -0.146181 0.406637 3.874045
v -0.142411 0.397537 3.865962
v -0.139318 0.390069 3.856112
v -0.137019 0.384519 3.844874
v -0.135604 0.381102 3.832681
v -0.135126 0.379948 3.820000
v -0.135604 0.381102 3.807319
v -0.137019 0.384519 3.795125
v -0.139318 0.390069 3.783888
v -0.142411 0.397537 3.774038
v -0.146181 0.406637 3.765954
v -0.150481 0.417019 3.759948
v -0.155147 0.428284 3.756249
v -0.157526 0.427563 3.883751
v -0.155147 0.415604 3.880052
v -0.152955 0.404582 3.874045
v -0.151033 0.394921 3.865962
v -0.149456 0.386993 3.856112
v -0.148284 0.381102 3.844874
v -0.147563 0.377474 3.832681
v -0.147319 0.376249 3.820000
v -0.147563 0.377474 3.807319
v -0.148284 0.381102 3.795125
v -0.149456 0.386993 3.783888
v -0.151033 0.394921 3.774038
v -0.152955 0.404582 3.765954
v -0.155147 0.415604 3.759948
v -0.157526 0.427563 3.756249
v -0.160000 0.415126 3.880052
v -0.160000 0.403888 3.874045
v -0.160000 0.385955 3.856112
v -0.160000 0.376249 3.832681
v -0.160000 0.375000 3.820000
v -0.160000 0.376249 3.807319
v -0.160000 0.415126 3.759948
v -0.160000 0.427319 3.756249
v -0.160000 0.440000 3.755000
vn -0.0975 -0.9904 -0.0975
vn -0.0286 -0.2902 0.9565
vn -0.0938 -0.9527 -0.2890
vn -0.0464 -0.4709 0.8810
vn -0.0865 -0.8786 -0.4696
vn -0.0624 -0.6332 0.7715
vn -0.0759 -0.7708 -0.6326
vn -0.0759 -0.7708 0.6326
vn -0.0624 -0.6332 -0.7715
vn -0.0865 -0.8786 0.4696
vn -0.0464 -0.4709 -0.8810
vn -0.0938 -0.9527 0.2890
vn -0.0286 -0.2902 -0.9565
vn -0.0975 -0.9904 0.0976
vn -0.0097 -0.0980 0.9951
vn -0.0097 -0.0980 -0.9951
vn -0.0846 -0.2790 -0.9565
vn -0.2889 -0.9524 0.0975
vn -0.0286 -0.0942 0.9951
vn -0.0286 -0.0942 -0.9951
vn -0.2889 -0.9524 -0.0976
vn -0.0846 -0.2790 0.9565
vn -0.2779 -0.9161 -0.2890
vn -0.1374 -0.4528 0.8810
vn -0.2563 -0.8448 -0.4696
vn -0.1847 -0.6088 0.7715
vn -0.2248 -0.7412 -0.6326
vn -0.2248 -0.7412 0.6326
vn -0.1847 -0.6088 -0.7715
vn -0.2563 -0.8448 0.4696
vn -0.1374 -0.4528 -0.8810
vn -0.2779 -0.9161 0.2890
vn -0.3651 -0.6831 -0.6326
vn -0.3651 -0.6831 0.6326
vn -0.2999 -0.5611 -0.7715
vn -0.4162 -0.7786 0.4696
vn -0.2231 -0.4173 -0.8810
vn -0.4513 -0.8443 0.2890
vn -0.1374 -0.2571 -0.9565
vn -0.4691 -0.8777 0.0975
vn -0.0464 -0.0869 0.9951
vn -0.0464 -0.0869 -0.9951
vn -0.4691 -0.8777 -0.0975
vn -0.1374 -0.2571 0.9565
vn -0.4513 -0.8443 -0.2890
vn -0.2231 -0.4173 0.8810
vn -0.4162 -0.7786 -0.4696
vn -0.2999 -0.5611 0.7715
vn -0.0625 -0.0761 0.9951
vn -0.0625 -0.0761 -0.9951
vn -0.6314 -0.7693 -0.0975
vn -0.1850 -0.2254 0.9565
vn -0.6073 -0.7400 -0.2890
vn -0.3002 -0.3658 0.8810
vn -0.5601 -0.6825 -0.4696
vn -0.4036 -0.4918 0.7715
vn -0.4913 -0.5987 -0.6326
vn -0.4913 -0.5987 0.6326
vn -0.4036 -0.4918 -0.7715
vn -0.5601 -0.6825 0.4696
vn -0.3002 -0.3658 -0.8810
vn -0.6073 -0.7400 0.2890
vn -0.1850 -0.2254 -0.9565
vn -0.6314 -0.7693 0.0975
vn -0.5987 -0.4913 0.6326
vn -0.4918 -0.4036 -0.7715
vn -0.6825 -0.5601 0.4696
vn -0.3658 -0.3002 -0.8810
vn -0.7400 -0.6073 0.2890
vn -0.2254 -0.1850 -0.9565
vn -0.7693 -0.6314 0.0975
vn -0.0761 -0.0625 0.9951
vn -0.0761 -0.0625 -0.9951
vn -0.7693 -0.6314 -0.0975
vn -0.2254 -0.1850 0.9565
vn -0.7400 -0.6073 -0.2890
vn -0.3658 -0.3002 0.8810
vn -0.6825 -0.5601 -0.4696
vn -0.4918 -0.4036 0.7715
vn -0.5987 -0.4913 -0.6326
vn -0.8777 -0.4691 -0.0975
vn -0.2571 -0.1374 0.9565
vn -0.8443 -0.4513 -0.2890
vn -0.4173 -0.2230 0.8810
vn -0.7786 -0.4162 -0.4696
vn -0.5611 -0.2999 0.7715
vn -0.6831 -0.3651 -0.6326
vn -0.6831 -0.3651 0.6326
vn -0.5611 -0.2999 -0.7715
vn -0.7786 -0.4162 0.4696
vn -0.4173 -0.2231 -0.8810
vn -0.8443 -0.4513 0.2890
vn -0.2571 -0.1374 -0.9565
vn -0.8777 -0.4691 0.0975
vn -0.0869 -0.0464 0.9951
vn -0.0869 -0.0464 -0.9951
vn -0.6088 -0.1847 -0.7715
vn -0.8448 -0.2563 0.4696
vn -0.4528 -0.1374 -0.8810
vn -0.9161 -0.2779 0.2890
vn -0.2790 -0.0846 -0.9565
vn -0.9524 -0.2889 0.0975
vn -0.0942 -0.0286 0.9951
vn -0.0942 -0.0286 -0.9951
vn -0.9524 -0.2889 -0.0975
vn -0.2790 -0.0846 0.9565
vn -0.9161 -0.2779 -0.2890
vn -0.4528 -0.1374 0.8810
vn -0.8448 -0.2563 -0.4696
vn -0.6088 -0.1847 0.7715
vn -0.7412 -0.2248 -0.6326
vn -0.7412 -0.2248 0.6326
vn -0.2902 -0.0286 0.9565
vn -0.9527 -0.0938 -0.2890
vn -0.4709 -0.0464 0.8810
vn -0.8786 -0.0865 -0.4696
vn -0.6332 -0.0624 0.7715
vn -0.7708 -0.0759 -0.6326
vn -0.7708 -0.0759 0.6326
vn -0.6332 -0.0624 -0.7715
vn -0.8786 -0.0865 0.4696
vn -0.4709 -0.0464 -0.8810
vn -0.9527 -0.0938 0.2890
vn -0.2902 -0.0286 -0.9565
vn -0.9904 -0.0975 0.0975
vn -0.0980 -0.0097 0.9951
vn -0.0980 -0.0097 -0.9951
vn -0.9904 -0.0975 -0.0976
vn -0.8786 0.0865 0.4696
vn -0.4709 0.0464 -0.8810
vn -0.9527 0.0938 0.2890
vn -0.2902 0.0286 -0.9565
vn -0.9904 0.0975 0.0976
vn -0.0980 0.0097 0.9951
vn -0.0980 0.0097 -0.9951
vn -0.9904 0.0975 -0.0976
vn -0.2902 0.0286 0.9565
vn -0.9527 0.0938 -0.2890
vn -0.4709 0.0464 0.8810
vn -0.8786 0.0865 -0.4696
vn -0.6332 0.0624 0.7715
vn -0.7708 0.0759 -0.6326
vn -0.7708 0.0759 0.6326
vn -0.6332 0.0624 -0.7715
vn -0.9161 0.2779 -0.2890
vn -0.4528 0.1374 0.8810
vn -0.8448 0.2563 -0.4696
vn -0.6088 0.1847 0.7715
vn -0.7412 0.2248 -0.6326
vn -0.7412 0.2248 0.6326
vn -0.6088 0.1847 -0.7715
vn -0.8448 0.2563 0.4696
vn -0.4528 0.1374 -0.8810
vn -0.9161 0.2779 0.2890
vn -0.2790 0.0846 -0.9565
vn -0.9524 0.2889 0.0976
vn -0.0942 0.0286 0.9951
vn -0.0942 0.0286 -0.9951
vn -0.9524 0.2889 -0.0976
vn -0.2790 0.0846 0.9565
vn -0.4173 0.2230 -0.8810
vn -0.8443 0.4513 0.2890
vn -0.2571 0.1374 -0.9565
vn -0.8777 0.4691 0.0975
vn -0.0869 0.0464 0.9951
vn -0.0869 0.0464 -0.9951
vn -0.8777 0.4691 -0.0976
vn -0.2571 0.1374 0.9565
vn -0.8443 0.4513 -0.2890
vn -0.4173 0.2230 0.8810
vn -0.7786 0.4162 -0.4696
vn -0.5611 0.2999 0.7715
vn -0.6831 0.3651 -0.6326
vn -0.6831 0.3651 0.6326
vn -0.5611 0.2999 -0.7715
vn -0.7786 0.4162 0.4696
vn -0.6825 0.5601 -0.4696
vn -0.4918 0.4036 0.7715
vn -0.5987 0.4913 -0.6326
vn -0.5987 0.4913 0.6326
vn -0.4918 0.4036 -0.7715
vn -0.6825 0.5601 0.4696
vn -0.3658 0.3002 -0.8810
vn -0.7400 0.6073 0.2890
vn -0.2254 0.1850 -0.9565
vn -0.7693 0.6314 0.0975
vn -0.0761 0.0625 0.9951
vn -0.0761 0.0625 -0.9951
vn -0.7693 0.6314 -0.0976
vn -0.2254 0.1850 0.9565
vn -0.7400 0.6073 -0.2890
vn -0.3658 0.3002 0.8810
vn -0.1850 0.2254 -0.9565
vn -0.6314 0.7693 0.0976
vn -0.0625 0.0761 0.9951
vn -0.0625 0.0761 -0.9951
vn -0.6314 0.7693 -0.0975
vn -0.1850 0.2254 0.9565
vn -0.6073 0.7400 -0.2890
vn -0.3002 0.3658 0.8810
vn -0.5601 0.6825 -0.4696
vn -0.4036 0.4918 0.7715
vn -0.4913 0.5987 -0.6326
vn -0.4913 0.5987 0.6326
vn -0.4036 0.4918 -0.7715
vn -0.5601 0.6825 0.4696
vn -0.3002 0.3658 -0.8810
vn -0.6073 0.7400 0.2890
vn -0.2999 0.5611 0.7715
vn -0.3651 0.6831 -0.6326
vn -0.3651 0.6831 0.6326
vn -0.2999 0.5611 -0.7715
vn -0.4162 0.7786 0.4696
vn -0.2230 0.4173 -0.8810
vn -0.4513 0.8443 0.2890
vn -0.1374 0.2571 -0.9565
vn -0.4691 0.8777 0.0976
vn -0.0464 0.0869 0.9951
vn -0.0464 0.0869 -0.9951
vn -0.4691 0.8777 -0.0975
vn -0.1374 0.2571 0.9565
vn -0.4513 0.8443 -0.2890
vn -0.2230 0.4173 0.8810
vn -0.4162 0.7786 -0.4696
vn -0.2889 0.9524 0.0976
vn -0.0286 0.0942 0.9951
vn -0.0286 0.0942 -0.9951
vn -0.2889 0.9524 -0.0976
vn -0.0846 0.2790 0.9565
vn -0.2779 0.9161 -0.2890
vn -0.1374 0.4528 0.8810
vn -0.2563 0.8448 -0.4696
vn -0.1847 0.6088 0.7715
vn -0.2248 0.7412 -0.6326
vn -0.2248 0.7412 0.6326
vn -0.1847 0.6088 -0.7715
vn -0.2563 0.8448 0.4696
vn -0.1374 0.4528 -0.8810
vn -0.2779 0.9161 0.2890
vn -0.0846 0.2790 -0.9565
vn -0.0759 0.7708 -0.6326
vn -0.0759 0.7708 0.6326
vn -0.0624 0.6332 -0.7715
vn -0.0865 0.8786 0.4696
vn -0.0464 0.4709 -0.8810
vn -0.0938 0.9527 0.2890
vn -0.0286 0.2902 -0.9565
vn -0.0975 0.9904 0.0976
vn -0.0097 0.0980 0.9951
vn -0.0097 0.0980 -0.9951
vn -0.0975 0.9904 -0.0975
vn -0.0286 0.2902 0.9565
vn -0.0938 0.9527 -0.2890
vn -0.0464 0.4709 0.8810
vn -0.0865 0.8786 -0.4696
vn -0.0624 0.6332 0.7715
vn 0.0097 0.0980 0.9951
vn 0.0097 0.0980 -0.9951
vn 0.0975 0.9904 -0.0975
vn 0.0286 0.2902 0.9565
vn 0.0938 0.9527 -0.2890
vn 0.0464 0.4709 0.8810
vn 0.0865 0.8786 -0.4696
vn 0.0624 0.6332 0.7715
vn 0.0759 0.7708 -0.6326
vn 0.0759 0.7708 0.6326
vn 0.0624 0.6332 -0.7715
vn 0.0865 0.8786 0.4696
vn 0.0464 0.4709 -0.8810
vn 0.0938 0.9527 0.2890
vn 0.0286 0.2902 -0.9565
vn 0.0975 0.9904 0.0975
vn 0.2248 0.7412 0.6326
vn 0.1847 0.6088 -0.7715
vn 0.2563 0.8448 0.4696
vn 0.1374 0.4528 -0.8810
vn 0.2779 0.9161 0.2890
vn 0.0846 0.2790 -0.9565
vn 0.2889 0.9524 0.0975
vn 0.0286 0.0942 0.9951
vn 0.0286 0.0942 -0.9951
vn 0.2889 0.9524 -0.0976
vn 0.0846 0.2790 0.9565
vn 0.2779 0.9161 -0.2890
vn 0.1374 0.4528 0.8810
vn 0.2563 0.8448 -0.4696
vn 0.1847 0.6088 0.7715
vn 0.2248 0.7412 -0.6326
vn 0.4691 0.8777 -0.0975
vn 0.1374 0.2571 0.9565
vn 0.4513 0.8443 -0.2890
vn 0.2231 0.4173 0.8810
vn 0.4162 0.7786 -0.4696
vn 0.2999 0.5611 0.7715
vn 0.3651 0.6831 -0.6326
vn 0.3651 0.6831 0.6326
vn 0.2999 0.5611 -0.7715
vn 0.4162 0.7786 0.4696
vn 0.2230 0.4173 -0.8810
vn 0.4513 0.8443 0.2890
vn 0.1374 0.2571 -0.9565
vn 0.4691 0.8777 0.0976
vn 0.0464 0.0869 0.9951
vn 0.0464 0.0869 -0.9951
vn 0.4036 0.4918 -0.7715
vn 0.5601 0.6825 0.4696
vn 0.3002 0.3658 -0.8810
vn 0.6073 0.7400 0.2890
vn 0.1850 0.2254 -0.9565
vn 0.6314 0.7693 0.0975
vn 0.0625 0.0761 0.9951
vn 0.0625 0.0761 -0.9951
vn 0.6314 0.7693 -0.0976
vn 0.1850 0.2254 0.9565
vn 0.6073 0.7400 -0.2890
vn 0.3002 0.3658 0.8810
vn 0.5601 0.6825 -0.4696
vn 0.4036 0.4918 0.7715
vn 0.4913 0.5987 -0.6326
vn 0.4913 0.5987 0.6326
vn 0.7400 0.6073 -0.2890
vn 0.3658 0.3002 0.8810
vn 0.6825 0.5601 -0.4696
vn 0.4918 0.4036 0.7715
vn 0.5987 0.4913 -0.6326
vn 0.5987 0.4913 0.6326
vn 0.4918 0.4036 -0.7715
vn 0.6825 0.5601 0.4696
vn 0.3658 0.3002 -0.8810
vn 0.7400 0.6073 0.2890
vn 0.2254 0.1850 -0.9565
vn 0.7693 0.6314 0.0976
vn 0.0761 0.0625 0.9951
vn 0.0761 0.0625 -0.9951
vn 0.7693 0.6314 -0.0975
vn 0.2254 0.1850 0.9565
vn 0.4173 0.2230 -0.8810
vn 0.8443 0.4513 0.2890
vn 0.2571 0.1374 -0.9565
vn 0.8777 0.4691 0.0976
vn 0.0869 0.0464 0.9951
vn 0.0869 0.0464 -0.9951
vn 0.8777 0.4691 -0.0976
vn 0.2571 0.1374 0.9565
vn 0.8443 0.4513 -0.2890
vn 0.4173 0.2230 0.8810
vn 0.7786 0.4162 -0.4696
vn 0.5611 0.2999 0.7715
vn 0.6831 0.3651 -0.6326
vn 0.6831 0.3651 0.6326
vn 0.5611 0.2999 -0.7715
vn 0.7786 0.4162 0.4696
vn 0.4528 0.1374 0.8810
vn 0.8448 0.2563 -0.4696
vn 0.6088 0.1847 0.7715
vn 0.7412 0.2248 -0.6326
vn 0.7412 0.2248 0.6326
vn 0.6088 0.1847 -0.7715
vn 0.8448 0.2563 0.4696
vn 0.4528 0.1374 -0.8810
vn 0.9161 0.2779 0.2890
vn 0.2790 0.0846 -0.9565
vn 0.9524 0.2889 0.0976
vn 0.0942 0.0286 0.9951
vn 0.0942 0.0286 -0.9951
vn 0.9524 0.2889 -0.0976
vn 0.2790 0.0846 0.9565
vn 0.9161 0.2779 -0.2890
vn 0.9527 0.0938 0.2890
vn 0.2902 0.0286 -0.9565
vn 0.9904 0.0975 0.0976
vn 0.0980 0.0097 0.9951
vn 0.0980 0.0097 -0.9951
vn 0.9904 0.0975 -0.0976
vn 0.2902 0.0286 0.9565
vn 0.9527 0.0938 -0.2890
vn 0.4709 0.0464 0.8810
vn 0.8786 0.0865 -0.4696
vn 0.6332 0.0624 0.7715
vn 0.7708 0.0759 -0.6326
vn 0.7708 0.0759 0.6326
vn 0.6332 0.0624 -0.7715
vn 0.8786 0.0865 0.4696
vn 0.4709 0.0464 -0.8810
vn 0.8786 -0.0865 -0.4696
vn 0.6332 -0.0624 0.7715
vn 0.7708 -0.0759 -0.6326
vn 0.7708 -0.0759 0.6326
vn 0.6332 -0.0624 -0.7715
vn 0.8786 -0.0865 0.4696
vn 0.4709 -0.0464 -0.8810
vn 0.9527 -0.0938 0.2890
vn 0.2902 -0.0286 -0.9565
vn 0.9904 -0.0975 0.0976
vn 0.0980 -0.0097 0.9951
vn 0.0980 -0.0097 -0.9951
vn 0.9904 -0.0975 -0.0976
vn 0.2902 -0.0286 0.9565
vn 0.9527 -0.0938 -0.2890
vn 0.4709 -0.0464 0.8810
vn 0.2790 -0.0846 -0.9565
vn 0.9524 -0.2889 0.0975
vn 0.0942 -0.0286 0.9951
vn 0.0942 -0.0286 -0.9951
vn 0.9524 -0.2889 -0.0976
vn 0.2790 -0.0846 0.9565
vn 0.9161 -0.2779 -0.2890
vn 0.4528 -0.1374 0.8810
vn 0.8448 -0.2563 -0.4696
vn 0.6088 -0.1847 0.7715
vn 0.7412 -0.2248 -0.6326
vn 0.7412 -0.2248 0.6326
vn 0.6088 -0.1847 -0.7715
vn 0.8448 -0.2563 0.4696
vn 0.4528 -0.1374 -0.8810
vn 0.9161 -0.2779 0.2890
vn 0.5611 -0.2999 0.7715
vn 0.6831 -0.3651 -0.6326
vn 0.6831 -0.3651 0.6326
vn 0.5611 -0.2999 -0.7715
vn 0.7786 -0.4162 0.4696
vn 0.4173 -0.2231 -0.8810
vn 0.8443 -0.4513 0.2890
vn 0.2571 -0.1374 -0.9565
vn 0.8777 -0.4691 0.0975
vn 0.0869 -0.0464 0.9951
vn 0.0869 -0.0464 -0.9951
vn 0.8777 -0.4691 -0.0975
vn 0.2571 -0.1374 0.9565
vn 0.8443 -0.4513 -0.2890
vn 0.4173 -0.2231 0.8810
vn 0.7786 -0.4162 -0.4696
vn 0.7693 -0.6314 0.0975
vn 0.0761 -0.0625 0.9951
vn 0.0761 -0.0625 -0.9951
vn 0.7693 -0.6314 -0.0976
vn 0.2254 -0.1850 0.9565
vn 0.7400 -0.6073 -0.2890
vn 0.3658 -0.3002 0.8810
vn 0.6825 -0.5601 -0.4696
vn 0.4918 -0.4036 0.7715
vn 0.5987 -0.4913 -0.6326
vn 0.5987 -0.4913 0.6326
vn 0.4918 -0.4036 -0.7715
vn 0.6825 -0.5601 0.4696
vn 0.3658 -0.3002 -0.8810
vn 0.7400 -0.6073 0.2890
vn 0.2254 -0.1850 -0.9565
vn 0.4913 -0.5987 -0.6326
vn 0.4913 -0.5987 0.6326
vn 0.4036 -0.4918 -0.7715
vn 0.5601 -0.6825 0.4696
vn 0.3002 -0.3658 -0.8810
vn 0.6073 -0.7400 0.2890
vn 0.1850 -0.2254 -0.9565
vn 0.6314 -0.7693 0.0975
vn 0.0625 -0.0761 0.9951
vn 0.0625 -0.0761 -0.9951
vn 0.6314 -0.7693 -0.0976
vn 0.1850 -0.2254 0.9565
vn 0.6073 -0.7400 -0.2890
vn 0.3002 -0.3658 0.8810
vn 0.5601 -0.6825 -0.4696
vn 0.4036 -0.4918 0.7715
vn 0.0464 -0.0869 -0.9951
vn 0.4691 -0.8777 -0.0976
vn 0.1374 -0.2571 0.9565
vn 0.4513 -0.8443 -0.2890
vn 0.2231 -0.4173 0.8810
vn 0.4162 -0.7786 -0.4696
vn 0.2999 -0.5611 0.7715
vn 0.3651 -0.6831 -0.6326
vn 0.3651 -0.6831 0.6326
vn 0.2999 -0.5611 -0.7715
vn 0.4162 -0.7786 0.4696
vn 0.2231 -0.4173 -0.8810
vn 0.4513 -0.8443 0.2890
vn 0.1374 -0.2571 -0.9565
vn 0.4691 -0.8777 0.0975
vn 0.0464 -0.0869 0.9951
vn 0.1847 -0.6088 -0.7715
vn 0.2563 -0.8448 0.4696
vn 0.1374 -0.4528 -0.8810
vn 0.2779 -0.9161 0.2890
vn 0.0846 -0.2790 -0.9565
vn 0.2889 -0.9524 0.0975
vn 0.0286 -0.0942 0.9951
vn 0.0286 -0.0942 -0.9951
vn 0.2889 -0.9524 -0.0976
vn 0.0846 -0.2790 0.9565
vn 0.2779 -0.9161 -0.2890
vn 0.1374 -0.4528 0.8810
vn 0.2563 -0.8448 -0.4696
vn 0.1847 -0.6088 0.7715
vn 0.2248 -0.7412 -0.6326
vn 0.2248 -0.7412 0.6326
vn 0.0286 -0.2902 0.9565
vn 0.0938 -0.9527 -0.2890
vn 0.0464 -0.4709 0.8810
vn 0.0865 -0.8786 -0.4696
vn 0.0624 -0.6332 0.7715
vn 0.0759 -0.7708 -0.6326
vn 0.0759 -0.7708 0.6326
vn 0.0624 -0.6332 -0.7715
vn 0.0865 -0.8786 0.4696
vn 0.0464 -0.4709 -0.8810
vn 0.0938 -0.9527 0.2890
vn 0.0286 -0.2902 -0.9565
vn 0.0975 -0.9904 0.0976
vn 0.0097 -0.0980 0.9951
vn 0.0097 -0.0980 -0.9951
vn 0.0975 -0.9904 -0.0975
vn -0.0975 -0.9904 -0.0976
vn -0.0975 -0.9904 0.0975
vn -0.2889 -0.9524 0.0976
vn -0.2889 -0.9524 -0.0975
vn -0.2230 -0.4173 -0.8810
vn -0.2230 -0.4173 0.8810
vn -0.4173 -0.2230 -0.8810
vn -0.9904 -0.0975 0.0976
vn -0.9904 -0.0975 -0.0975
vn -0.8777 0.4691 0.0976
vn -0.8777 0.4691 -0.0975
vn -0.7693 0.6314 0.0976
vn -0.7693 0.6314 -0.0975
vn -0.6314 0.7693 0.0975
vn -0.6314 0.7693 -0.0976
vn -0.4691 0.8777 0.0975
vn -0.4691 0.8777 -0.0976
vn -0.0975 0.9904 0.0975
vn -0.0975 0.9904 -0.0976
vn 0.2889 0.9524 0.0976
vn 0.2889 0.9524 -0.0975
vn 0.4691 0.8777 -0.0976
vn 0.2230 0.4173 0.8810
vn 0.2231 0.4173 -0.8810
vn 0.4691 0.8777 0.0975
vn 0.6314 0.7693 0.0976
vn 0.6314 0.7693 -0.0975
vn 0.7693 0.6314 0.0975
vn 0.7693 0.6314 -0.0976
vn 0.9524 -0.2889 0.0976
vn 0.9524 -0.2889 -0.0975
vn 0.7693 -0.6314 0.0976
vn 0.7693 -0.6314 -0.0975
vn 0.6314 -0.7693 0.0976
vn 0.6314 -0.7693 -0.0975
vn 0.4691 -0.8777 -0.0975
vn 0.2230 -0.4173 0.8810
vn 0.4691 -0.8777 0.0976
vn 0.2889 -0.9524 0.0976
vn 0.2889 -0.9524 -0.0975
vn 0.0975 -0.9904 0.0975
vn 0.0975 -0.9904 -0.0976
vt 0.750000 0.500000
vt 0.718750 0.437500
vt 0.750000 0.437500
vt 0.750000 0.875000
vt 0.718750 0.937500
vt 0.718750 0.875000
vt 0.718750 0.375000
vt 0.750000 0.375000
vt 0.750000 0.812500
vt 0.718750 0.812500
vt 0.718750 0.312500
vt 0.750000 0.312500
vt 0.750000 0.750000
vt 0.718750 0.750000
vt 0.718750 0.250000
vt 0.750000 0.250000
vt 0.750000 0.687500
vt 0.718750 0.687500
vt 0.750000 0.187500
vt 0.718750 0.187500
vt 0.750000 0.625000
vt 0.718750 0.625000
vt 0.718750 0.125000
vt 0.750000 0.125000
vt 0.750000 0.562500
vt 0.718750 0.562500
vt 0.718750 0.062500
vt 0.750000 0.062500
vt 0.718750 0.500000
vt 0.750000 0.937500
vt 0.734375 1.000000
vt 0.734375 0.000000
vt 0.687500 0.062500
vt 0.687500 0.562500
vt 0.687500 0.500000
vt 0.703125 1.000000
vt 0.687500 0.937500
vt 0.703125 0.000000
vt 0.687500 0.437500
vt 0.687500 0.875000
vt 0.687500 0.375000
vt 0.687500 0.812500
vt 0.687500 0.312500
vt 0.687500 0.750000
vt 0.687500 0.250000
vt 0.687500 0.687500
vt 0.687500 0.187500
vt 0.687500 0.625000
vt 0.687500 0.125000
vt 0.656250 0.312500
vt 0.656250 0.250000
vt 0.656250 0.687500
vt 0.656250 0.187500
vt 0.656250 0.625000
vt 0.656250 0.125000
vt 0.656250 0.562500
vt 0.656250 0.062500
vt 0.656250 0.500000
vt 0.671875 1.000000
vt 0.656250 0.937500
vt 0.671875 0.000000
vt 0.656250 0.437500
vt 0.656250 0.875000
vt 0.656250 0.375000
vt 0.656250 0.812500
vt 0.656250 0.750000
vt 0.640625 1.000000
vt 0.625000 0.937500
vt 0.640625 0.000000
vt 0.625000 0.062500
vt 0.625000 0.437500
vt 0.625000 0.875000
vt 0.625000 0.375000
vt 0.625000 0.812500
vt 0.625000 0.312500
vt 0.625000 0.750000
vt 0.625000 0.250000
vt 0.625000 0.687500
vt 0.625000 0.187500
vt 0.625000 0.625000
vt 0.625000 0.125000
vt 0.625000 0.562500
vt 0.625000 0.500000
vt 0.593750 0.750000
vt 0.593750 0.687500
vt 0.593750 0.250000
vt 0.593750 0.187500
vt 0.593750 0.625000
vt 0.593750 0.125000
vt 0.593750 0.562500
vt 0.593750 0.062500
vt 0.593750 0.500000
vt 0.609375 1.000000
vt 0.593750 0.937500
vt 0.609375 0.000000
vt 0.593750 0.437500
vt 0.593750 0.875000
vt 0.593750 0.375000
vt 0.593750 0.812500
vt 0.593750 0.312500
vt 0.562500 0.500000
vt 0.562500 0.437500
vt 0.562500 0.937500
vt 0.562500 0.875000
vt 0.562500 0.375000
vt 0.562500 0.812500
vt 0.562500 0.312500
vt 0.562500 0.750000
vt 0.562500 0.250000
vt 0.562500 0.687500
vt 0.562500 0.187500
vt 0.562500 0.625000
vt 0.562500 0.125000
vt 0.562500 0.562500
vt 0.562500 0.062500
vt 0.578125 1.000000
vt 0.578125 0.000000
vt 0.531250 0.187500
vt 0.531250 0.625000
vt 0.531250 0.125000
vt 0.531250 0.562500
vt 0.531250 0.062500
vt 0.531250 0.500000
vt 0.546875 1.000000
vt 0.531250 0.937500
vt 0.546875 0.000000
vt 0.531250 0.437500
vt 0.531250 0.875000
vt 0.531250 0.375000
vt 0.531250 0.812500
vt 0.531250 0.312500
vt 0.531250 0.750000
vt 0.531250 0.250000
vt 0.531250 0.687500
vt 0.500000 0.875000
vt 0.500000 0.437500
vt 0.500000 0.375000
vt 0.500000 0.812500
vt 0.500000 0.312500
vt 0.500000 0.750000
vt 0.500000 0.250000
vt 0.500000 0.687500
vt 0.500000 0.187500
vt 0.500000 0.625000
vt 0.500000 0.125000
vt 0.500000 0.562500
vt 0.500000 0.062500
vt 0.500000 0.500000
vt 0.515625 1.000000
vt 0.500000 0.937500
vt 0.515625 0.000000
vt 0.468750 0.625000
vt 0.468750 0.125000
vt 0.468750 0.562500
vt 0.468750 0.062500
vt 0.468750 0.500000
vt 0.484375 1.000000
vt 0.468750 0.937500
vt 0.484375 0.000000
vt 0.468750 0.437500
vt 0.468750 0.875000
vt 0.468750 0.375000
vt 0.468750 0.812500
vt 0.468750 0.312500
vt 0.468750 0.750000
vt 0.468750 0.250000
vt 0.468750 0.687500
vt 0.468750 0.187500
vt 0.437500 0.437500
vt 0.437500 0.375000
vt 0.437500 0.812500
vt 0.437500 0.312500
vt 0.437500 0.750000
vt 0.437500 0.250000
vt 0.437500 0.687500
vt 0.437500 0.187500
vt 0.437500 0.625000
vt 0.437500 0.125000
vt 0.437500 0.562500
vt 0.437500 0.062500
vt 0.437500 0.500000
vt 0.453125 1.000000
vt 0.437500 0.937500
vt 0.453125 0.000000
vt 0.437500 0.875000
vt 0.406250 0.187500
vt 0.406250 0.125000
vt 0.406250 0.562500
vt 0.406250 0.062500
vt 0.406250 0.500000
vt 0.421875 1.000000
vt 0.406250 0.937500
vt 0.421875 0.000000
vt 0.406250 0.437500
vt 0.406250 0.875000
vt 0.406250 0.375000
vt 0.406250 0.812500
vt 0.406250 0.312500
vt 0.406250 0.750000
vt 0.406250 0.250000
vt 0.406250 0.687500
vt 0.406250 0.625000
vt 0.375000 0.375000
vt 0.375000 0.312500
vt 0.375000 0.750000
vt 0.375000 0.250000
vt 0.375000 0.687500
vt 0.375000 0.187500
vt 0.375000 0.625000
vt 0.375000 0.125000
vt 0.375000 0.562500
vt 0.375000 0.062500
vt 0.375000 0.500000
vt 0.390625 1.000000
vt 0.375000 0.937500
vt 0.390625 0.000000
vt 0.375000 0.437500
vt 0.375000 0.875000
vt 0.375000 0.812500
vt 0.343750 0.062500
vt 0.343750 0.500000
vt 0.359375 1.000000
vt 0.343750 0.937500
vt 0.359375 0.000000
vt 0.343750 0.437500
vt 0.343750 0.875000
vt 0.343750 0.375000
vt 0.343750 0.812500
vt 0.343750 0.312500
vt 0.343750 0.750000
vt 0.343750 0.250000
vt 0.343750 0.687500
vt 0.343750 0.187500
vt 0.343750 0.625000
vt 0.343750 0.125000
vt 0.343750 0.562500
vt 0.312500 0.750000
vt 0.312500 0.250000
vt 0.312500 0.687500
vt 0.312500 0.187500
vt 0.312500 0.625000
vt 0.312500 0.125000
vt 0.312500 0.562500
vt 0.312500 0.062500
vt 0.312500 0.500000
vt 0.328125 1.000000
vt 0.312500 0.937500
vt 0.328125 0.000000
vt 0.312500 0.437500
vt 0.312500 0.875000
vt 0.312500 0.375000
vt 0.312500 0.812500
vt 0.312500 0.312500
vt 0.281250 0.500000
vt 0.296875 1.000000
vt 0.281250 0.937500
vt 0.296875 0.000000
vt 0.281250 0.062500
vt 0.281250 0.437500
vt 0.281250 0.875000
vt 0.281250 0.375000
vt 0.281250 0.812500
vt 0.281250 0.312500
vt 0.281250 0.750000
vt 0.281250 0.250000
vt 0.281250 0.687500
vt 0.281250 0.187500
vt 0.281250 0.625000
vt 0.281250 0.125000
vt 0.281250 0.562500
vt 0.250000 0.312500
vt 0.250000 0.250000
vt 0.250000 0.687500
vt 0.250000 0.187500
vt 0.250000 0.625000
vt 0.250000 0.125000
vt 0.250000 0.562500
vt 0.250000 0.062500
vt 0.250000 0.500000
vt 0.265625 1.000000
vt 0.250000 0.937500
vt 0.265625 0.000000
vt 0.250000 0.437500
vt 0.250000 0.875000
vt 0.250000 0.375000
vt 0.250000 0.812500
vt 0.250000 0.750000
vt 0.234375 1.000000
vt 0.218750 0.937500
vt 0.234375 0.000000
vt 0.218750 0.062500
vt 0.218750 0.500000
vt 0.218750 0.437500
vt 0.218750 0.875000
vt 0.218750 0.375000
vt 0.218750 0.812500
vt 0.218750 0.312500
vt 0.218750 0.750000
vt 0.218750 0.250000
vt 0.218750 0.687500
vt 0.218750 0.187500
vt 0.218750 0.625000
vt 0.218750 0.125000
vt 0.218750 0.562500
vt 0.187500 0.687500
vt 0.187500 0.187500
vt 0.187500 0.625000
vt 0.187500 0.125000
vt 0.187500 0.562500
vt 0.187500 0.062500
vt 0.187500 0.500000
vt 0.203125 1.000000
vt 0.187500 0.937500
vt 0.203125 0.000000
vt 0.187500 0.437500
vt 0.187500 0.875000
vt 0.187500 0.375000
vt 0.187500 0.812500
vt 0.187500 0.312500
vt 0.187500 0.750000
vt 0.187500 0.250000
vt 0.156250 0.500000
vt 0.156250 0.437500
vt 0.156250 0.875000
vt 0.156250 0.375000
vt 0.156250 0.812500
vt 0.156250 0.312500
vt 0.156250 0.750000
vt 0.156250 0.250000
vt 0.156250 0.687500
vt 0.156250 0.187500
vt 0.156250 0.625000
vt 0.156250 0.125000
vt 0.156250 0.562500
vt 0.156250 0.062500
vt 0.171875 1.000000
vt 0.156250 0.937500
vt 0.171875 0.000000
vt 0.125000 0.250000
vt 0.125000 0.187500
vt 0.125000 0.625000
vt 0.125000 0.125000
vt 0.125000 0.562500
vt 0.125000 0.062500
vt 0.125000 0.500000
vt 0.140625 1.000000
vt 0.125000 0.937500
vt 0.140625 0.000000
vt 0.125000 0.437500
vt 0.125000 0.875000
vt 0.125000 0.375000
vt 0.125000 0.812500
vt 0.125000 0.312500
vt 0.125000 0.750000
vt 0.125000 0.687500
vt 0.093750 0.375000
vt 0.093750 0.812500
vt 0.093750 0.312500
vt 0.093750 0.750000
vt 0.093750 0.250000
vt 0.093750 0.687500
vt 0.093750 0.187500
vt 0.093750 0.625000
vt 0.093750 0.125000
vt 0.093750 0.562500
vt 0.093750 0.062500
vt 0.093750 0.500000
vt 0.109375 1.000000
vt 0.093750 0.937500
vt 0.109375 0.000000
vt 0.093750 0.437500
vt 0.093750 0.875000
vt 0.062500 0.125000
vt 0.062500 0.562500
vt 0.062500 0.062500
vt 0.062500 0.500000
vt 0.078125 1.000000
vt 0.062500 0.937500
vt 0.078125 0.000000
vt 0.062500 0.437500
vt 0.062500 0.875000
vt 0.062500 0.375000
vt 0.062500 0.812500
vt 0.062500 0.312500
vt 0.062500 0.750000
vt 0.062500 0.250000
vt 0.062500 0.687500
vt 0.062500 0.187500
vt 0.062500 0.625000
vt 0.031250 0.812500
vt 0.031250 0.312500
vt 0.031250 0.750000
vt 0.031250 0.250000
vt 0.031250 0.687500
vt 0.031250 0.187500
vt 0.031250 0.625000
vt 0.031250 0.125000
vt 0.031250 0.562500
vt 0.031250 0.062500
vt 0.031250 0.500000
vt 0.046875 1.000000
vt 0.031250 0.937500
vt 0.046875 0.000000
vt 0.031250 0.437500
vt 0.031250 0.875000
vt 0.031250 0.375000
vt 0.000000 0.562500
vt 0.000000 0.125000
vt 0.000000 0.062500
vt 0.000000 0.500000
vt 0.015625 1.000000
vt 0.000000 0.937500
vt 0.015625 0.000000
vt 0.000000 0.437500
vt 0.000000 0.875000
vt 0.000000 0.375000
vt 0.000000 0.812500
vt 0.000000 0.312500
vt 0.000000 0.750000
vt 0.000000 0.250000
vt 0.000000 0.687500
vt 0.000000 0.187500
vt 0.000000 0.625000
vt 1.000000 0.312500
vt 0.968750 0.375000
vt 0.968750 0.312500
vt 1.000000 0.812500
vt 0.968750 0.750000
vt 1.000000 0.750000
vt 0.968750 0.250000
vt 1.000000 0.250000
vt 0.968750 0.687500
vt 1.000000 0.687500
vt 0.968750 0.187500
vt 1.000000 0.187500
vt 0.968750 0.625000
vt 1.000000 0.625000
vt 0.968750 0.125000
vt 1.000000 0.125000
vt 0.968750 0.562500
vt 1.000000 0.562500
vt 0.968750 0.062500
vt 1.000000 0.062500
vt 0.968750 0.500000
vt 1.000000 0.500000
vt 1.000000 0.937500
vt 0.984375 1.000000
vt 0.968750 0.937500
vt 0.984375 0.000000
vt 1.000000 0.437500
vt 0.968750 0.437500
vt 1.000000 0.875000
vt 0.968750 0.875000
vt 1.000000 0.375000
vt 0.968750 0.812500
vt 0.937500 0.062500
vt 0.937500 0.500000
vt 0.953125 1.000000
vt 0.937500 0.937500
vt 0.953125 0.000000
vt 0.937500 0.437500
vt 0.937500 0.875000
vt 0.937500 0.375000
vt 0.937500 0.812500
vt 0.937500 0.312500
vt 0.937500 0.750000
vt 0.937500 0.250000
vt 0.937500 0.687500
vt 0.937500 0.187500
vt 0.937500 0.625000
vt 0.937500 0.125000
vt 0.937500 0.562500
vt 0.906250 0.750000
vt 0.906250 0.250000
vt 0.906250 0.687500
vt 0.906250 0.187500
vt 0.906250 0.625000
vt 0.906250 0.125000
vt 0.906250 0.562500
vt 0.906250 0.062500
vt 0.906250 0.500000
vt 0.921875 1.000000
vt 0.906250 0.937500
vt 0.921875 0.000000
vt 0.906250 0.437500
vt 0.906250 0.875000
vt 0.906250 0.375000
vt 0.906250 0.812500
vt 0.906250 0.312500
vt 0.875000 0.500000
vt 0.890625 1.000000
vt 0.875000 0.937500
vt 0.890625 0.000000
vt 0.875000 0.062500
vt 0.875000 0.437500
vt 0.875000 0.875000
vt 0.875000 0.375000
vt 0.875000 0.812500
vt 0.875000 0.312500
vt 0.875000 0.750000
vt 0.875000 0.250000
vt 0.875000 0.687500
vt 0.875000 0.187500
vt 0.875000 0.625000
vt 0.875000 0.125000
vt 0.875000 0.562500
vt 0.843750 0.312500
vt 0.843750 0.250000
vt 0.843750 0.687500
vt 0.843750 0.187500
vt 0.843750 0.625000
vt 0.843750 0.125000
vt 0.843750 0.562500
vt 0.843750 0.062500
vt 0.843750 0.500000
vt 0.859375 1.000000
vt 0.843750 0.937500
vt 0.859375 0.000000
vt 0.843750 0.437500
vt 0.843750 0.875000
vt 0.843750 0.375000
vt 0.843750 0.812500
vt 0.843750 0.750000
vt 0.828125 0.000000
vt 0.812500 0.062500
vt 0.812500 0.500000
vt 0.812500 0.437500
vt 0.812500 0.937500
vt 0.812500 0.875000
vt 0.812500 0.375000
vt 0.812500 0.812500
vt 0.812500 0.312500
vt 0.812500 0.750000
vt 0.812500 0.250000
vt 0.812500 0.687500
vt 0.812500 0.187500
vt 0.812500 0.625000
vt 0.812500 0.125000
vt 0.812500 0.562500
vt 0.828125 1.000000
vt 0.781250 0.187500
vt 0.781250 0.625000
vt 0.781250 0.125000
vt 0.781250 0.562500
vt 0.781250 0.062500
vt 0.781250 0.500000
vt 0.796875 1.000000
vt 0.781250 0.937500
vt 0.796875 0.000000
vt 0.781250 0.437500
vt 0.781250 0.875000
vt 0.781250 0.375000
vt 0.781250 0.812500
vt 0.781250 0.312500
vt 0.781250 0.750000
vt 0.781250 0.250000
vt 0.781250 0.687500
vt 0.765625 1.000000
vt 0.765625 0.000000
s 0
g Sphere.002_M_Runa.002
usemtl M_Runa.002
f 2392/2223/1939 1930/2224/1939 2393/2225/1939
f 2388/2226/1940 1922/2227/1940 1923/2228/1940
f 2393/2225/1941 1931/2229/1941 1918/2230/1941
f 2389/2231/1942 1923/2228/1942 1924/2232/1942
f 1918/2230/1943 1932/2233/1943 1919/2234/1943
f 1916/2235/1944 1924/2232/1944 1925/2236/1944
f 1919/2234/1945 1933/2237/1945 1920/2238/1945
f 2390/2239/1946 1925/2236/1946 1926/2240/1946
f 1921/2241/1947 1933/2237/1947 1934/2242/1947
f 1917/2243/1948 1926/2240/1948 1927/2244/1948
f 1921/2241/1949 1935/2245/1949 2394/2246/1949
f 2391/2247/1950 1927/2244/1950 1928/2248/1950
f 2394/2246/1951 1936/2249/1951 2395/2250/1951
f 2391/2247/1952 1929/2251/1952 2392/2223/1952
f 1915/2252/1953 1997/2253/1953 1922/2227/1953
f 2396/2254/1954 2395/2250/1954 1936/2249/1954
f 1935/2245/1955 1951/2255/1955 1936/2249/1955
f 1929/2251/1956 1943/2256/1956 1944/2257/1956
f 1922/2227/1957 1997/2258/1957 1937/2259/1957
f 2396/2260/1958 1936/2249/1958 1951/2255/1958
f 1929/2251/1959 1945/2261/1959 1930/2224/1959
f 1922/2227/1960 1938/2262/1960 1923/2228/1960
f 1931/2229/1961 1945/2261/1961 1946/2263/1961
f 1923/2228/1962 1939/2264/1962 1924/2232/1962
f 1931/2229/1963 1947/2265/1963 1932/2233/1963
f 1924/2232/1964 1940/2266/1964 1925/2236/1964
f 1933/2237/1965 1947/2265/1965 1948/2267/1965
f 1925/2236/1966 1941/2268/1966 1926/2240/1966
f 1934/2242/1967 1948/2267/1967 1949/2269/1967
f 1926/2240/1968 1942/2270/1968 1927/2244/1968
f 1934/2242/1969 1950/2271/1969 1935/2245/1969
f 1927/2244/1970 1943/2256/1970 1928/2248/1970
f 1948/2267/1971 1962/2272/1971 1963/2273/1971
f 1940/2266/1972 1956/2274/1972 1941/2268/1972
f 1949/2269/1973 1963/2273/1973 1964/2275/1973
f 1941/2268/1974 1957/2276/1974 1942/2270/1974
f 1949/2269/1975 1965/2277/1975 1950/2271/1975
f 1942/2270/1976 1958/2278/1976 1943/2256/1976
f 1950/2271/1977 1966/2279/1977 1951/2255/1977
f 1943/2256/1978 1959/2280/1978 1944/2257/1978
f 1937/2259/1979 1997/2281/1979 1952/2282/1979
f 2396/2283/1980 1951/2255/1980 1966/2279/1980
f 1945/2261/1981 1959/2280/1981 1960/2284/1981
f 1938/2262/1982 1952/2282/1982 1953/2285/1982
f 1946/2263/1983 1960/2284/1983 1961/2286/1983
f 1938/2262/1984 1954/2287/1984 1939/2264/1984
f 1946/2263/1985 1962/2272/1985 1947/2265/1985
f 1939/2264/1986 1955/2288/1986 1940/2266/1986
f 1952/2282/1987 1997/2289/1987 1967/2290/1987
f 2396/2291/1988 1966/2279/1988 1981/2292/1988
f 1959/2280/1989 1975/2293/1989 1960/2284/1989
f 1952/2282/1990 1968/2294/1990 1953/2285/1990
f 1960/2284/1991 1976/2295/1991 1961/2286/1991
f 1953/2285/1992 1969/2296/1992 1954/2287/1992
f 1962/2272/1993 1976/2295/1993 1977/2297/1993
f 1954/2287/1994 1970/2298/1994 1955/2288/1994
f 1963/2273/1995 1977/2297/1995 1978/2299/1995
f 1955/2288/1996 1971/2300/1996 1956/2274/1996
f 1964/2275/1997 1978/2299/1997 1979/2301/1997
f 1956/2274/1998 1972/2302/1998 1957/2276/1998
f 1965/2277/1999 1979/2301/1999 1980/2303/1999
f 1958/2278/2000 1972/2302/2000 1973/2304/2000
f 1965/2277/2001 1981/2292/2001 1966/2279/2001
f 1958/2278/2002 1974/2305/2002 1959/2280/2002
f 1971/2300/2003 1985/2306/2003 1986/2307/2003
f 1979/2301/2004 1993/2308/2004 1994/2309/2004
f 1971/2300/2005 1987/2310/2005 1972/2302/2005
f 1979/2301/2006 1995/2311/2006 1980/2303/2006
f 1973/2304/2007 1987/2310/2007 1988/2312/2007
f 1980/2303/2008 1996/2313/2008 1981/2292/2008
f 1973/2304/2009 1989/2314/2009 1974/2305/2009
f 1967/2290/2010 1997/2315/2010 1982/2316/2010
f 2396/2317/2011 1981/2292/2011 1996/2313/2011
f 1975/2293/2012 1989/2314/2012 1990/2318/2012
f 1967/2290/2013 1983/2319/2013 1968/2294/2013
f 1975/2293/2014 1991/2320/2014 1976/2295/2014
f 1968/2294/2015 1984/2321/2015 1969/2296/2015
f 1977/2297/2016 1991/2320/2016 1992/2322/2016
f 1969/2296/2017 1985/2306/2017 1970/2298/2017
f 1977/2297/2018 1993/2308/2018 1978/2299/2018
f 1990/2318/2019 2005/2323/2019 2006/2324/2019
f 1983/2319/2020 1998/2325/2020 1999/2326/2020
f 1991/2320/2021 2006/2324/2021 2007/2327/2021
f 1983/2319/2022 2000/2328/2022 1984/2321/2022
f 1992/2322/2023 2007/2327/2023 2008/2329/2023
f 1984/2321/2024 2001/2330/2024 1985/2306/2024
f 1992/2322/2025 2009/2331/2025 1993/2308/2025
f 1985/2306/2026 2002/2332/2026 1986/2307/2026
f 1994/2309/2027 2009/2331/2027 2010/2333/2027
f 1986/2307/2028 2003/2334/2028 1987/2310/2028
f 1994/2309/2029 2011/2335/2029 1995/2311/2029
f 1987/2310/2030 2004/2336/2030 1988/2312/2030
f 1995/2311/2031 2012/2337/2031 1996/2313/2031
f 1988/2312/2032 2005/2323/2032 1989/2314/2032
f 1982/2316/2033 1997/2338/2033 1998/2325/2033
f 2396/2339/2034 1996/2313/2034 2012/2337/2034
f 2009/2331/2035 2025/2340/2035 2010/2333/2035
f 2002/2332/2036 2018/2341/2036 2003/2334/2036
f 2011/2335/2037 2025/2340/2037 2026/2342/2037
f 2003/2334/2038 2019/2343/2038 2004/2336/2038
f 2011/2335/2039 2027/2344/2039 2012/2337/2039
f 2004/2336/2040 2020/2345/2040 2005/2323/2040
f 1998/2325/2041 1997/2346/2041 2013/2347/2041
f 2396/2348/2042 2012/2337/2042 2027/2344/2042
f 2005/2323/2043 2021/2349/2043 2006/2324/2043
f 1998/2325/2044 2014/2350/2044 1999/2326/2044
f 2006/2324/2045 2022/2351/2045 2007/2327/2045
f 1999/2326/2046 2015/2352/2046 2000/2328/2046
f 2007/2327/2047 2023/2353/2047 2008/2329/2047
f 2001/2330/2048 2015/2352/2048 2016/2354/2048
f 2009/2331/2049 2023/2353/2049 2024/2355/2049
f 2001/2330/2050 2017/2356/2050 2002/2332/2050
f 2013/2347/2051 2029/2357/2051 2014/2350/2051
f 2022/2351/2052 2036/2358/2052 2037/2359/2052
f 2014/2350/2053 2030/2360/2053 2015/2352/2053
f 2023/2353/2054 2037/2359/2054 2038/2361/2054
f 2016/2354/2055 2030/2360/2055 2031/2362/2055
f 2024/2355/2056 2038/2361/2056 2039/2363/2056
f 2016/2354/2057 2032/2364/2057 2017/2356/2057
f 2024/2355/2058 2040/2365/2058 2025/2340/2058
f 2017/2356/2059 2033/2366/2059 2018/2341/2059
f 2025/2340/2060 2041/2367/2060 2026/2342/2060
f 2018/2341/2061 2034/2368/2061 2019/2343/2061
f 2027/2344/2062 2041/2367/2062 2042/2369/2062
f 2019/2343/2063 2035/2370/2063 2020/2345/2063
f 2013/2347/2064 1997/2371/2064 2028/2372/2064
f 2396/2373/2065 2027/2344/2065 2042/2369/2065
f 2021/2349/2066 2035/2370/2066 2036/2358/2066
f 2032/2364/2067 2048/2374/2067 2033/2366/2067
f 2040/2365/2068 2056/2375/2068 2041/2367/2068
f 2034/2368/2069 2048/2374/2069 2049/2376/2069
f 2041/2367/2070 2057/2377/2070 2042/2369/2070
f 2034/2368/2071 2050/2378/2071 2035/2370/2071
f 2028/2372/2072 1997/2379/2072 2043/2380/2072
f 2396/2381/2073 2042/2369/2073 2057/2377/2073
f 2036/2358/2074 2050/2378/2074 2051/2382/2074
f 2028/2372/2075 2044/2383/2075 2029/2357/2075
f 2036/2358/2076 2052/2384/2076 2037/2359/2076
f 2030/2360/2077 2044/2383/2077 2045/2385/2077
f 2037/2359/2078 2053/2386/2078 2038/2361/2078
f 2031/2362/2079 2045/2385/2079 2046/2387/2079
f 2039/2363/2080 2053/2386/2080 2054/2388/2080
f 2031/2362/2081 2047/2389/2081 2032/2364/2081
f 2039/2363/2082 2055/2390/2082 2040/2365/2082
f 2052/2384/2083 2066/2391/2083 2067/2392/2083
f 2044/2383/2084 2060/2393/2084 2045/2385/2084
f 2053/2386/2085 2067/2392/2085 2068/2394/2085
f 2046/2387/2086 2060/2393/2086 2061/2395/2086
f 2054/2388/2087 2068/2394/2087 2069/2396/2087
f 2046/2387/2088 2062/2397/2088 2047/2389/2088
f 2055/2390/2089 2069/2396/2089 2070/2398/2089
f 2047/2389/2090 2063/2399/2090 2048/2374/2090
f 2055/2390/2091 2071/2400/2091 2056/2375/2091
f 2048/2374/2092 2064/2401/2092 2049/2376/2092
f 2056/2375/2093 2072/2402/2093 2057/2377/2093
f 2049/2376/2094 2065/2403/2094 2050/2378/2094
f 2043/2380/2095 1997/2404/2095 2058/2405/2095
f 2396/2406/2096 2057/2377/2096 2072/2402/2096
f 2051/2382/2097 2065/2403/2097 2066/2391/2097
f 2043/2380/2098 2059/2407/2098 2044/2383/2098
f 2071/2400/2099 2085/2408/2099 2086/2409/2099
f 2063/2399/2100 2079/2410/2100 2064/2401/2100
f 2071/2400/2101 2087/2411/2101 2072/2402/2101
f 2064/2401/2102 2080/2412/2102 2065/2403/2102
f 2058/2405/2103 1997/2413/2103 2073/2414/2103
f 2396/2415/2104 2072/2402/2104 2087/2411/2104
f 2066/2391/2105 2080/2412/2105 2081/2416/2105
f 2059/2407/2106 2073/2414/2106 2074/2417/2106
f 2067/2392/2107 2081/2416/2107 2082/2418/2107
f 2059/2407/2108 2075/2419/2108 2060/2393/2108
f 2067/2392/2109 2083/2420/2109 2068/2394/2109
f 2060/2393/2110 2076/2421/2110 2061/2395/2110
f 2069/2396/2111 2083/2420/2111 2084/2422/2111
f 2062/2397/2112 2076/2421/2112 2077/2423/2112
f 2070/2398/2113 2084/2422/2113 2085/2408/2113
f 2062/2397/2114 2078/2424/2114 2063/2399/2114
f 2083/2420/2115 2097/2425/2115 2098/2426/2115
f 2075/2419/2116 2091/2427/2116 2076/2421/2116
f 2083/2420/2117 2099/2428/2117 2084/2422/2117
f 2077/2423/2118 2091/2427/2118 2092/2429/2118
f 2085/2408/2119 2099/2428/2119 2100/2430/2119
f 2077/2423/2120 2093/2431/2120 2078/2424/2120
f 2085/2408/2121 2101/2432/2121 2086/2409/2121
f 2079/2410/2122 2093/2431/2122 2094/2433/2122
f 2086/2409/2123 2102/2434/2123 2087/2411/2123
f 2079/2410/2124 2095/2435/2124 2080/2412/2124
f 2073/2414/2125 1997/2436/2125 2088/2437/2125
f 2396/2438/2126 2087/2411/2126 2102/2434/2126
f 2081/2416/2127 2095/2435/2127 2096/2439/2127
f 2074/2417/2128 2088/2437/2128 2089/2440/2128
f 2081/2416/2129 2097/2425/2129 2082/2418/2129
f 2074/2417/2130 2090/2441/2130 2075/2419/2130
f 2101/2432/2131 2117/2442/2131 2102/2434/2131
f 2094/2433/2132 2110/2443/2132 2095/2435/2132
f 2088/2437/2133 1997/2444/2133 2103/2445/2133
f 2396/2446/2134 2102/2434/2134 2117/2442/2134
f 2096/2439/2135 2110/2443/2135 2111/2447/2135
f 2088/2437/2136 2104/2448/2136 2089/2440/2136
f 2096/2439/2137 2112/2449/2137 2097/2425/2137
f 2089/2440/2138 2105/2450/2138 2090/2441/2138
f 2098/2426/2139 2112/2449/2139 2113/2451/2139
f 2090/2441/2140 2106/2452/2140 2091/2427/2140
f 2098/2426/2141 2114/2453/2141 2099/2428/2141
f 2091/2427/2142 2107/2454/2142 2092/2429/2142
f 2099/2428/2143 2115/2455/2143 2100/2430/2143
f 2092/2429/2144 2108/2456/2144 2093/2431/2144
f 2101/2432/2145 2115/2455/2145 2116/2457/2145
f 2094/2433/2146 2108/2456/2146 2109/2458/2146
f 2105/2450/2147 2121/2459/2147 2106/2452/2147
f 2113/2451/2148 2129/2460/2148 2114/2453/2148
f 2107/2454/2149 2121/2459/2149 2122/2461/2149
f 2115/2455/2150 2129/2460/2150 2130/2462/2150
f 2107/2454/2151 2123/2463/2151 2108/2456/2151
f 2116/2457/2152 2130/2462/2152 2131/2464/2152
f 2109/2458/2153 2123/2463/2153 2124/2465/2153
f 2116/2457/2154 2132/2466/2154 2117/2442/2154
f 2109/2458/2155 2125/2467/2155 2110/2443/2155
f 2103/2445/2156 1997/2468/2156 2118/2469/2156
f 2396/2470/2157 2117/2442/2157 2132/2466/2157
f 2111/2447/2158 2125/2467/2158 2126/2471/2158
f 2103/2445/2159 2119/2472/2159 2104/2448/2159
f 2111/2447/2160 2127/2473/2160 2112/2449/2160
f 2104/2448/2161 2120/2474/2161 2105/2450/2161
f 2113/2451/2162 2127/2473/2162 2128/2475/2162
f 2124/2465/2163 2140/2476/2163 2125/2467/2163
f 2118/2469/2164 1997/2477/2164 2133/2478/2164
f 2396/2479/2165 2132/2466/2165 2147/2480/2165
f 2126/2471/2166 2140/2476/2166 2141/2481/2166
f 2118/2469/2167 2134/2482/2167 2119/2472/2167
f 2126/2471/2168 2142/2483/2168 2127/2473/2168
f 2119/2472/2169 2135/2484/2169 2120/2474/2169
f 2128/2475/2170 2142/2483/2170 2143/2485/2170
f 2120/2474/2171 2136/2486/2171 2121/2459/2171
f 2128/2475/2172 2144/2487/2172 2129/2460/2172
f 2122/2461/2173 2136/2486/2173 2137/2488/2173
f 2129/2460/2174 2145/2489/2174 2130/2462/2174
f 2122/2461/2175 2138/2490/2175 2123/2463/2175
f 2130/2462/2176 2146/2491/2176 2131/2464/2176
f 2124/2465/2177 2138/2490/2177 2139/2492/2177
f 2131/2464/2178 2147/2480/2178 2132/2466/2178
f 2144/2487/2179 2158/2493/2179 2159/2494/2179
f 2136/2486/2180 2152/2495/2180 2137/2488/2180
f 2145/2489/2181 2159/2494/2181 2160/2496/2181
f 2137/2488/2182 2153/2497/2182 2138/2490/2182
f 2145/2489/2183 2161/2498/2183 2146/2491/2183
f 2139/2492/2184 2153/2497/2184 2154/2499/2184
f 2146/2491/2185 2162/2500/2185 2147/2480/2185
f 2139/2492/2186 2155/2501/2186 2140/2476/2186
f 2133/2478/2187 1997/2502/2187 2148/2503/2187
f 2396/2504/2188 2147/2480/2188 2162/2500/2188
f 2141/2481/2189 2155/2501/2189 2156/2505/2189
f 2134/2482/2190 2148/2503/2190 2149/2506/2190
f 2141/2481/2191 2157/2507/2191 2142/2483/2191
f 2134/2482/2192 2150/2508/2192 2135/2484/2192
f 2142/2483/2193 2158/2493/2193 2143/2485/2193
f 2135/2484/2194 2151/2509/2194 2136/2486/2194
f 2148/2503/2195 1997/2510/2195 2163/2511/2195
f 2396/2512/2196 2162/2500/2196 2177/2513/2196
f 2156/2505/2197 2170/2514/2197 2171/2515/2197
f 2148/2503/2198 2164/2516/2198 2149/2506/2198
f 2156/2505/2199 2172/2517/2199 2157/2507/2199
f 2149/2506/2200 2165/2518/2200 2150/2508/2200
f 2158/2493/2201 2172/2517/2201 2173/2519/2201
f 2150/2508/2202 2166/2520/2202 2151/2509/2202
f 2158/2493/2203 2174/2521/2203 2159/2494/2203
f 2151/2509/2204 2167/2522/2204 2152/2495/2204
f 2159/2494/2205 2175/2523/2205 2160/2496/2205
f 2152/2495/2206 2168/2524/2206 2153/2497/2206
f 2161/2498/2207 2175/2523/2207 2176/2525/2207
f 2154/2499/2208 2168/2524/2208 2169/2526/2208
f 2161/2498/2209 2177/2513/2209 2162/2500/2209
f 2154/2499/2210 2170/2514/2210 2155/2501/2210
f 2166/2520/2211 2182/2527/2211 2167/2522/2211
f 2174/2521/2212 2190/2528/2212 2175/2523/2212
f 2167/2522/2213 2183/2529/2213 2168/2524/2213
f 2176/2525/2214 2190/2528/2214 2191/2530/2214
f 2168/2524/2215 2184/2531/2215 2169/2526/2215
f 2176/2525/2216 2192/2532/2216 2177/2513/2216
f 2169/2526/2217 2185/2533/2217 2170/2514/2217
f 2163/2511/2218 1997/2534/2218 2178/2535/2218
f 2396/2536/2219 2177/2513/2219 2192/2532/2219
f 2171/2515/2220 2185/2533/2220 2186/2537/2220
f 2163/2511/2221 2179/2538/2221 2164/2516/2221
f 2172/2517/2222 2186/2537/2222 2187/2539/2222
f 2164/2516/2223 2180/2540/2223 2165/2518/2223
f 2173/2519/2224 2187/2539/2224 2188/2541/2224
f 2165/2518/2225 2181/2542/2225 2166/2520/2225
f 2173/2519/2226 2189/2543/2226 2174/2521/2226
f 2186/2537/2227 2200/2544/2227 2201/2545/2227
f 2178/2535/2228 2194/2546/2228 2179/2538/2228
f 2186/2537/2229 2202/2547/2229 2187/2539/2229
f 2179/2538/2230 2195/2548/2230 2180/2540/2230
f 2188/2541/2231 2202/2547/2231 2203/2549/2231
f 2180/2540/2232 2196/2550/2232 2181/2542/2232
f 2188/2541/2233 2204/2551/2233 2189/2543/2233
f 2181/2542/2234 2197/2552/2234 2182/2527/2234
f 2189/2543/2235 2205/2553/2235 2190/2528/2235
f 2182/2527/2236 2198/2554/2236 2183/2529/2236
f 2190/2528/2237 2206/2555/2237 2191/2530/2237
f 2184/2531/2238 2198/2554/2238 2199/2556/2238
f 2191/2530/2239 2207/2557/2239 2192/2532/2239
f 2184/2531/2240 2200/2544/2240 2185/2533/2240
f 2178/2535/2241 1997/2558/2241 2193/2559/2241
f 2396/2560/2242 2192/2532/2242 2207/2557/2242
f 2205/2553/2243 2219/2561/2243 2220/2562/2243
f 2197/2552/2244 2213/2563/2244 2198/2554/2244
f 2205/2553/2245 2221/2564/2245 2206/2555/2245
f 2198/2554/2246 2214/2565/2246 2199/2556/2246
f 2206/2555/2247 2222/2566/2247 2207/2557/2247
f 2199/2556/2248 2215/2567/2248 2200/2544/2248
f 2193/2559/2249 1997/2568/2249 2208/2569/2249
f 2396/2570/2250 2207/2557/2250 2222/2566/2250
f 2201/2545/2251 2215/2567/2251 2216/2571/2251
f 2193/2559/2252 2209/2572/2252 2194/2546/2252
f 2201/2545/2253 2217/2573/2253 2202/2547/2253
f 2195/2548/2254 2209/2572/2254 2210/2574/2254
f 2203/2549/2255 2217/2573/2255 2218/2575/2255
f 2195/2548/2256 2211/2576/2256 2196/2550/2256
f 2204/2551/2257 2218/2575/2257 2219/2561/2257
f 2196/2550/2258 2212/2577/2258 2197/2552/2258
f 2216/2571/2259 2232/2578/2259 2217/2573/2259
f 2209/2572/2260 2225/2579/2260 2210/2574/2260
f 2218/2575/2261 2232/2578/2261 2233/2580/2261
f 2210/2574/2262 2226/2581/2262 2211/2576/2262
f 2219/2561/2263 2233/2580/2263 2234/2582/2263
f 2211/2576/2264 2227/2583/2264 2212/2577/2264
f 2219/2561/2265 2235/2584/2265 2220/2562/2265
f 2212/2577/2266 2228/2585/2266 2213/2563/2266
f 2220/2562/2267 2236/2586/2267 2221/2564/2267
f 2214/2565/2268 2228/2585/2268 2229/2587/2268
f 2221/2564/2269 2237/2588/2269 2222/2566/2269
f 2214/2565/2270 2230/2589/2270 2215/2567/2270
f 2208/2569/2271 1997/2590/2271 2223/2591/2271
f 2396/2592/2272 2222/2566/2272 2237/2588/2272
f 2216/2571/2273 2230/2589/2273 2231/2593/2273
f 2208/2569/2274 2224/2594/2274 2209/2572/2274
f 2235/2584/2275 2251/2595/2275 2236/2586/2275
f 2228/2585/2276 2244/2596/2276 2229/2587/2276
f 2236/2586/2277 2252/2597/2277 2237/2588/2277
f 2229/2587/2278 2245/2598/2278 2230/2589/2278
f 2223/2591/2279 1997/2599/2279 2238/2600/2279
f 2396/2601/2280 2237/2588/2280 2252/2597/2280
f 2231/2593/2281 2245/2598/2281 2246/2602/2281
f 2223/2591/2282 2239/2603/2282 2224/2594/2282
f 2231/2593/2283 2247/2604/2283 2232/2578/2283
f 2224/2594/2284 2240/2605/2284 2225/2579/2284
f 2232/2578/2285 2248/2606/2285 2233/2580/2285
f 2225/2579/2286 2241/2607/2286 2226/2581/2286
f 2234/2582/2287 2248/2606/2287 2249/2608/2287
f 2226/2581/2288 2242/2609/2288 2227/2583/2288
f 2235/2584/2289 2249/2608/2289 2250/2610/2289
f 2227/2583/2290 2243/2611/2290 2228/2585/2290
f 2239/2603/2291 2255/2612/2291 2240/2605/2291
f 2247/2604/2292 2263/2613/2292 2248/2606/2292
f 2240/2605/2293 2256/2614/2293 2241/2607/2293
f 2249/2608/2294 2263/2613/2294 2264/2615/2294
f 2241/2607/2295 2257/2616/2295 2242/2609/2295
f 2249/2608/2296 2265/2617/2296 2250/2610/2296
f 2242/2609/2297 2258/2618/2297 2243/2611/2297
f 2251/2595/2298 2265/2617/2298 2266/2619/2298
f 2243/2611/2299 2259/2620/2299 2244/2596/2299
f 2251/2595/2300 2267/2621/2300 2252/2597/2300
f 2244/2596/2301 2260/2622/2301 2245/2598/2301
f 2238/2600/2302 1997/2623/2302 2253/2624/2302
f 2396/2625/2303 2252/2597/2303 2267/2621/2303
f 2246/2602/2304 2260/2622/2304 2261/2626/2304
f 2238/2600/2305 2254/2627/2305 2239/2603/2305
f 2246/2602/2306 2262/2628/2306 2247/2604/2306
f 2258/2618/2307 2274/2629/2307 2259/2620/2307
f 2267/2621/2308 2281/2630/2308 2282/2631/2308
f 2259/2620/2309 2275/2632/2309 2260/2622/2309
f 2253/2624/2310 1997/2633/2310 2268/2634/2310
f 2396/2635/2311 2267/2621/2311 2282/2631/2311
f 2261/2626/2312 2275/2632/2312 2276/2636/2312
f 2253/2624/2313 2269/2637/2313 2254/2627/2313
f 2262/2628/2314 2276/2636/2314 2277/2638/2314
f 2255/2612/2315 2269/2637/2315 2270/2639/2315
f 2262/2628/2316 2278/2640/2316 2263/2613/2316
f 2255/2612/2317 2271/2641/2317 2256/2614/2317
f 2264/2615/2318 2278/2640/2318 2279/2642/2318
f 2256/2614/2319 2272/2643/2319 2257/2616/2319
f 2265/2617/2320 2279/2642/2320 2280/2644/2320
f 2257/2616/2321 2273/2645/2321 2258/2618/2321
f 2265/2617/2322 2281/2630/2322 2266/2619/2322
f 2278/2646/2323 2292/2647/2323 2293/2648/2323
f 2270/2649/2324 2286/2650/2324 2271/2651/2324
f 2278/2646/2325 2294/2652/2325 2279/2653/2325
f 2271/2651/2326 2287/2654/2326 2272/2655/2326
f 2279/2653/2327 2295/2656/2327 2280/2657/2327
f 2272/2655/2328 2288/2658/2328 2273/2659/2328
f 2280/2657/2329 2296/2660/2329 2281/2661/2329
f 2273/2659/2330 2289/2662/2330 2274/2663/2330
f 2281/2661/2331 2297/2664/2331 2282/2665/2331
f 2274/2663/2332 2290/2666/2332 2275/2667/2332
f 2268/2668/2333 1997/2669/2333 2283/2670/2333
f 2396/2671/2334 2282/2665/2334 2297/2664/2334
f 2276/2672/2335 2290/2666/2335 2291/2673/2335
f 2269/2674/2336 2283/2670/2336 2284/2675/2336
f 2277/2676/2337 2291/2673/2337 2292/2647/2337
f 2270/2649/2338 2284/2675/2338 2285/2677/2338
f 2296/2660/2339 2312/2678/2339 2297/2664/2339
f 2289/2662/2340 2305/2679/2340 2290/2666/2340
f 2283/2670/2341 1997/2680/2341 2298/2681/2341
f 2396/2682/2342 2297/2664/2342 2312/2678/2342
f 2291/2673/2343 2305/2679/2343 2306/2683/2343
f 2283/2670/2344 2299/2684/2344 2284/2675/2344
f 2292/2647/2345 2306/2683/2345 2307/2685/2345
f 2284/2675/2346 2300/2686/2346 2285/2677/2346
f 2293/2648/2347 2307/2685/2347 2308/2687/2347
f 2286/2650/2348 2300/2686/2348 2301/2688/2348
f 2294/2652/2349 2308/2687/2349 2309/2689/2349
f 2286/2650/2350 2302/2690/2350 2287/2654/2350
f 2294/2652/2351 2310/2691/2351 2295/2656/2351
f 2287/2654/2352 2303/2692/2352 2288/2658/2352
f 2295/2656/2353 2311/2693/2353 2296/2660/2353
f 2288/2658/2354 2304/2694/2354 2289/2662/2354
f 2300/2686/2355 2316/2695/2355 2301/2688/2355
f 2308/2687/2356 2324/2696/2356 2309/2689/2356
f 2301/2688/2357 2317/2697/2357 2302/2690/2357
f 2310/2691/2358 2324/2696/2358 2325/2698/2358
f 2302/2690/2359 2318/2699/2359 2303/2692/2359
f 2310/2691/2360 2326/2700/2360 2311/2693/2360
f 2303/2692/2361 2319/2701/2361 2304/2694/2361
f 2311/2693/2362 2327/2702/2362 2312/2678/2362
f 2304/2694/2363 2320/2703/2363 2305/2679/2363
f 2298/2681/2364 1997/2704/2364 2313/2705/2364
f 2396/2706/2365 2312/2678/2365 2327/2702/2365
f 2306/2683/2366 2320/2703/2366 2321/2707/2366
f 2298/2681/2367 2314/2708/2367 2299/2684/2367
f 2306/2683/2368 2322/2709/2368 2307/2685/2368
f 2299/2684/2369 2315/2710/2369 2300/2686/2369
f 2308/2687/2370 2322/2709/2370 2323/2711/2370
f 2319/2701/2371 2335/2712/2371 2320/2703/2371
f 2313/2705/2372 1997/2713/2372 2328/2714/2372
f 2396/2715/2373 2327/2702/2373 2342/2716/2373
f 2321/2707/2374 2335/2712/2374 2336/2717/2374
f 2313/2705/2375 2329/2718/2375 2314/2708/2375
f 2321/2707/2376 2337/2719/2376 2322/2709/2376
f 2315/2710/2377 2329/2718/2377 2330/2720/2377
f 2323/2711/2378 2337/2719/2378 2338/2721/2378
f 2315/2710/2379 2331/2722/2379 2316/2695/2379
f 2323/2711/2380 2339/2723/2380 2324/2696/2380
f 2316/2695/2381 2332/2724/2381 2317/2697/2381
f 2325/2698/2382 2339/2723/2382 2340/2725/2382
f 2317/2697/2383 2333/2726/2383 2318/2699/2383
f 2325/2698/2384 2341/2727/2384 2326/2700/2384
f 2318/2699/2385 2334/2728/2385 2319/2701/2385
f 2327/2702/2386 2341/2727/2386 2342/2716/2386
f 2339/2723/2387 2353/2729/2387 2354/2730/2387
f 2331/2722/2388 2347/2731/2388 2332/2724/2388
f 2339/2723/2389 2355/2732/2389 2340/2725/2389
f 2332/2724/2390 2348/2733/2390 2333/2726/2390
f 2340/2725/2391 2356/2734/2391 2341/2727/2391
f 2333/2726/2392 2349/2735/2392 2334/2728/2392
f 2341/2727/2393 2357/2736/2393 2342/2716/2393
f 2334/2728/2394 2350/2737/2394 2335/2712/2394
f 2328/2714/2395 1997/2738/2395 2343/2739/2395
f 2396/2740/2396 2342/2716/2396 2357/2736/2396
f 2336/2717/2397 2350/2737/2397 2351/2741/2397
f 2328/2714/2398 2344/2742/2398 2329/2718/2398
f 2337/2719/2399 2351/2741/2399 2352/2743/2399
f 2329/2718/2400 2345/2744/2400 2330/2720/2400
f 2338/2721/2401 2352/2743/2401 2353/2729/2401
f 2330/2720/2402 2346/2745/2402 2331/2722/2402
f 2396/2746/2403 2357/2736/2403 2372/2747/2403
f 2351/2741/2404 2365/2748/2404 2366/2749/2404
f 2344/2742/2405 2358/2750/2405 2359/2751/2405
f 2352/2743/2406 2366/2749/2406 2367/2752/2406
f 2344/2742/2407 2360/2753/2407 2345/2744/2407
f 2353/2729/2408 2367/2752/2408 2368/2754/2408
f 2345/2744/2409 2361/2755/2409 2346/2745/2409
f 2354/2730/2410 2368/2754/2410 2369/2756/2410
f 2346/2745/2411 2362/2757/2411 2347/2731/2411
f 2354/2730/2412 2370/2758/2412 2355/2732/2412
f 2347/2731/2413 2363/2759/2413 2348/2733/2413
f 2355/2732/2414 2371/2760/2414 2356/2734/2414
f 2348/2733/2415 2364/2761/2415 2349/2735/2415
f 2356/2734/2416 2372/2747/2416 2357/2736/2416
f 2349/2735/2417 2365/2748/2417 2350/2737/2417
f 2343/2739/2418 1997/2762/2418 2358/2750/2418
f 2369/2756/2419 2385/2763/2419 2370/2758/2419
f 2362/2757/2420 2378/2764/2420 2363/2759/2420
f 2370/2758/2421 2386/2765/2421 2371/2760/2421
f 2363/2759/2422 2379/2766/2422 2364/2761/2422
f 2371/2760/2423 2387/2767/2423 2372/2747/2423
f 2364/2761/2424 2380/2768/2424 2365/2748/2424
f 2358/2750/2425 1997/2769/2425 2373/2770/2425
f 2396/2771/2426 2372/2747/2426 2387/2767/2426
f 2366/2749/2427 2380/2768/2427 2381/2772/2427
f 2359/2751/2428 2373/2770/2428 2374/2773/2428
f 2367/2752/2429 2381/2772/2429 2382/2774/2429
f 2359/2751/2430 2375/2775/2430 2360/2753/2430
f 2368/2754/2431 2382/2774/2431 2383/2776/2431
f 2360/2753/2432 2376/2777/2432 2361/2755/2432
f 2369/2756/2433 2383/2776/2433 2384/2778/2433
f 2361/2755/2434 2377/2779/2434 2362/2757/2434
f 2374/2773/2435 1915/2252/2435 2388/2226/2435
f 2381/2772/2436 1918/2230/2436 2382/2774/2436
f 2374/2773/2437 2389/2231/2437 2375/2775/2437
f 2382/2774/2438 1919/2234/2438 2383/2776/2438
f 2376/2777/2439 2389/2231/2439 1916/2235/2439
f 2383/2776/2440 1920/2238/2440 2384/2778/2440
f 2377/2779/2441 1916/2235/2441 2390/2239/2441
f 2384/2778/2442 1921/2241/2442 2385/2763/2442
f 2377/2779/2443 1917/2243/2443 2378/2764/2443
f 2385/2763/2444 2394/2246/2444 2386/2765/2444
f 2379/2766/2445 1917/2243/2445 2391/2247/2445
f 2386/2765/2446 2395/2250/2446 2387/2767/2446
f 2379/2766/2447 2392/2223/2447 2380/2768/2447
f 2373/2770/2448 1997/2780/2448 1915/2252/2448
f 2396/2781/2449 2387/2767/2449 2395/2250/2449
f 2381/2772/2450 2392/2223/2450 2393/2225/2450
f 2392/2223/2451 1929/2251/2451 1930/2224/2451
f 2388/2226/1940 1915/2252/1940 1922/2227/1940
f 2393/2225/1941 1930/2224/1941 1931/2229/1941
f 2389/2231/1942 2388/2226/1942 1923/2228/1942
f 1918/2230/1943 1931/2229/1943 1932/2233/1943
f 1916/2235/1944 2389/2231/1944 1924/2232/1944
f 1919/2234/1945 1932/2233/1945 1933/2237/1945
f 2390/2239/1946 1916/2235/1946 1925/2236/1946
f 1921/2241/1947 1920/2238/1947 1933/2237/1947
f 1917/2243/1948 2390/2239/1948 1926/2240/1948
f 1921/2241/1949 1934/2242/1949 1935/2245/1949
f 2391/2247/1950 1917/2243/1950 1927/2244/1950
f 2394/2246/1951 1935/2245/1951 1936/2249/1951
f 2391/2247/2452 1928/2248/2452 1929/2251/2452
f 1935/2245/1955 1950/2271/1955 1951/2255/1955
f 1929/2251/2453 1928/2248/2453 1943/2256/2453
f 1929/2251/2454 1944/2257/2454 1945/2261/2454
f 1922/2227/1960 1937/2259/1960 1938/2262/1960
f 1931/2229/1961 1930/2224/1961 1945/2261/1961
f 1923/2228/1962 1938/2262/1962 1939/2264/1962
f 1931/2229/1963 1946/2263/1963 1947/2265/1963
f 1924/2232/1964 1939/2264/1964 1940/2266/1964
f 1933/2237/1965 1932/2233/1965 1947/2265/1965
f 1925/2236/1966 1940/2266/1966 1941/2268/1966
f 1934/2242/1967 1933/2237/1967 1948/2267/1967
f 1926/2240/1968 1941/2268/1968 1942/2270/1968
f 1934/2242/1969 1949/2269/1969 1950/2271/1969
f 1927/2244/1970 1942/2270/1970 1943/2256/1970
f 1948/2267/1971 1947/2265/1971 1962/2272/1971
f 1940/2266/1972 1955/2288/1972 1956/2274/1972
f 1949/2269/1973 1948/2267/1973 1963/2273/1973
f 1941/2268/1974 1956/2274/1974 1957/2276/1974
f 1949/2269/2455 1964/2275/2455 1965/2277/2455
f 1942/2270/1976 1957/2276/1976 1958/2278/1976
f 1950/2271/1977 1965/2277/1977 1966/2279/1977
f 1943/2256/1978 1958/2278/1978 1959/2280/1978
f 1945/2261/1981 1944/2257/1981 1959/2280/1981
f 1938/2262/1982 1937/2259/1982 1952/2282/1982
f 1946/2263/1983 1945/2261/1983 1960/2284/1983
f 1938/2262/2456 1953/2285/2456 1954/2287/2456
f 1946/2263/1985 1961/2286/1985 1962/2272/1985
f 1939/2264/1986 1954/2287/1986 1955/2288/1986
f 1959/2280/1989 1974/2305/1989 1975/2293/1989
f 1952/2282/1990 1967/2290/1990 1968/2294/1990
f 1960/2284/1991 1975/2293/1991 1976/2295/1991
f 1953/2285/1992 1968/2294/1992 1969/2296/1992
f 1962/2272/1993 1961/2286/1993 1976/2295/1993
f 1954/2287/1994 1969/2296/1994 1970/2298/1994
f 1963/2273/1995 1962/2272/1995 1977/2297/1995
f 1955/2288/1996 1970/2298/1996 1971/2300/1996
f 1964/2275/1997 1963/2273/1997 1978/2299/1997
f 1956/2274/1998 1971/2300/1998 1972/2302/1998
f 1965/2277/1999 1964/2275/1999 1979/2301/1999
f 1958/2278/2000 1957/2276/2000 1972/2302/2000
f 1965/2277/2001 1980/2303/2001 1981/2292/2001
f 1958/2278/2002 1973/2304/2002 1974/2305/2002
f 1971/2300/2003 1970/2298/2003 1985/2306/2003
f 1979/2301/2004 1978/2299/2004 1993/2308/2004
f 1971/2300/2005 1986/2307/2005 1987/2310/2005
f 1979/2301/2006 1994/2309/2006 1995/2311/2006
f 1973/2304/2007 1972/2302/2007 1987/2310/2007
f 1980/2303/2008 1995/2311/2008 1996/2313/2008
f 1973/2304/2009 1988/2312/2009 1989/2314/2009
f 1975/2293/2012 1974/2305/2012 1989/2314/2012
f 1967/2290/2013 1982/2316/2013 1983/2319/2013
f 1975/2293/2014 1990/2318/2014 1991/2320/2014
f 1968/2294/2015 1983/2319/2015 1984/2321/2015
f 1977/2297/2016 1976/2295/2016 1991/2320/2016
f 1969/2296/2017 1984/2321/2017 1985/2306/2017
f 1977/2297/2018 1992/2322/2018 1993/2308/2018
f 1990/2318/2019 1989/2314/2019 2005/2323/2019
f 1983/2319/2020 1982/2316/2020 1998/2325/2020
f 1991/2320/2021 1990/2318/2021 2006/2324/2021
f 1983/2319/2022 1999/2326/2022 2000/2328/2022
f 1992/2322/2023 1991/2320/2023 2007/2327/2023
f 1984/2321/2024 2000/2328/2024 2001/2330/2024
f 1992/2322/2025 2008/2329/2025 2009/2331/2025
f 1985/2306/2026 2001/2330/2026 2002/2332/2026
f 1994/2309/2027 1993/2308/2027 2009/2331/2027
f 1986/2307/2028 2002/2332/2028 2003/2334/2028
f 1994/2309/2457 2010/2333/2457 2011/2335/2457
f 1987/2310/2030 2003/2334/2030 2004/2336/2030
f 1995/2311/2031 2011/2335/2031 2012/2337/2031
f 1988/2312/2032 2004/2336/2032 2005/2323/2032
f 2009/2331/2035 2024/2355/2035 2025/2340/2035
f 2002/2332/2036 2017/2356/2036 2018/2341/2036
f 2011/2335/2037 2010/2333/2037 2025/2340/2037
f 2003/2334/2038 2018/2341/2038 2019/2343/2038
f 2011/2335/2039 2026/2342/2039 2027/2344/2039
f 2004/2336/2040 2019/2343/2040 2020/2345/2040
f 2005/2323/2043 2020/2345/2043 2021/2349/2043
f 1998/2325/2044 2013/2347/2044 2014/2350/2044
f 2006/2324/2045 2021/2349/2045 2022/2351/2045
f 1999/2326/2046 2014/2350/2046 2015/2352/2046
f 2007/2327/2047 2022/2351/2047 2023/2353/2047
f 2001/2330/2048 2000/2328/2048 2015/2352/2048
f 2009/2331/2049 2008/2329/2049 2023/2353/2049
f 2001/2330/2050 2016/2354/2050 2017/2356/2050
f 2013/2347/2051 2028/2372/2051 2029/2357/2051
f 2022/2351/2052 2021/2349/2052 2036/2358/2052
f 2014/2350/2053 2029/2357/2053 2030/2360/2053
f 2023/2353/2054 2022/2351/2054 2037/2359/2054
f 2016/2354/2055 2015/2352/2055 2030/2360/2055
f 2024/2355/2056 2023/2353/2056 2038/2361/2056
f 2016/2354/2057 2031/2362/2057 2032/2364/2057
f 2024/2355/2058 2039/2363/2058 2040/2365/2058
f 2017/2356/2059 2032/2364/2059 2033/2366/2059
f 2025/2340/2060 2040/2365/2060 2041/2367/2060
f 2018/2341/2061 2033/2366/2061 2034/2368/2061
f 2027/2344/2062 2026/2342/2062 2041/2367/2062
f 2019/2343/2458 2034/2368/2458 2035/2370/2458
f 2021/2349/2459 2020/2345/2459 2035/2370/2459
f 2032/2364/2067 2047/2389/2067 2048/2374/2067
f 2040/2365/2068 2055/2390/2068 2056/2375/2068
f 2034/2368/2069 2033/2366/2069 2048/2374/2069
f 2041/2367/2070 2056/2375/2070 2057/2377/2070
f 2034/2368/2071 2049/2376/2071 2050/2378/2071
f 2036/2358/2074 2035/2370/2074 2050/2378/2074
f 2028/2372/2075 2043/2380/2075 2044/2383/2075
f 2036/2358/2076 2051/2382/2076 2052/2384/2076
f 2030/2360/2077 2029/2357/2077 2044/2383/2077
f 2037/2359/2078 2052/2384/2078 2053/2386/2078
f 2031/2362/2079 2030/2360/2079 2045/2385/2079
f 2039/2363/2080 2038/2361/2080 2053/2386/2080
f 2031/2362/2081 2046/2387/2081 2047/2389/2081
f 2039/2363/2082 2054/2388/2082 2055/2390/2082
f 2052/2384/2083 2051/2382/2083 2066/2391/2083
f 2044/2383/2084 2059/2407/2084 2060/2393/2084
f 2053/2386/2085 2052/2384/2085 2067/2392/2085
f 2046/2387/2086 2045/2385/2086 2060/2393/2086
f 2054/2388/2087 2053/2386/2087 2068/2394/2087
f 2046/2387/2088 2061/2395/2088 2062/2397/2088
f 2055/2390/2089 2054/2388/2089 2069/2396/2089
f 2047/2389/2090 2062/2397/2090 2063/2399/2090
f 2055/2390/2091 2070/2398/2091 2071/2400/2091
f 2048/2374/2092 2063/2399/2092 2064/2401/2092
f 2056/2375/2093 2071/2400/2093 2072/2402/2093
f 2049/2376/2094 2064/2401/2094 2065/2403/2094
f 2051/2382/2097 2050/2378/2097 2065/2403/2097
f 2043/2380/2098 2058/2405/2098 2059/2407/2098
f 2071/2400/2099 2070/2398/2099 2085/2408/2099
f 2063/2399/2100 2078/2424/2100 2079/2410/2100
f 2071/2400/2101 2086/2409/2101 2087/2411/2101
f 2064/2401/2460 2079/2410/2460 2080/2412/2460
f 2066/2391/2461 2065/2403/2461 2080/2412/2461
f 2059/2407/2106 2058/2405/2106 2073/2414/2106
f 2067/2392/2107 2066/2391/2107 2081/2416/2107
f 2059/2407/2108 2074/2417/2108 2075/2419/2108
f 2067/2392/2109 2082/2418/2109 2083/2420/2109
f 2060/2393/2110 2075/2419/2110 2076/2421/2110
f 2069/2396/2111 2068/2394/2111 2083/2420/2111
f 2062/2397/2112 2061/2395/2112 2076/2421/2112
f 2070/2398/2113 2069/2396/2113 2084/2422/2113
f 2062/2397/2114 2077/2423/2114 2078/2424/2114
f 2083/2420/2115 2082/2418/2115 2097/2425/2115
f 2075/2419/2116 2090/2441/2116 2091/2427/2116
f 2083/2420/2117 2098/2426/2117 2099/2428/2117
f 2077/2423/2118 2076/2421/2118 2091/2427/2118
f 2085/2408/2119 2084/2422/2119 2099/2428/2119
f 2077/2423/2120 2092/2429/2120 2093/2431/2120
f 2085/2408/2121 2100/2430/2121 2101/2432/2121
f 2079/2410/2122 2078/2424/2122 2093/2431/2122
f 2086/2409/2123 2101/2432/2123 2102/2434/2123
f 2079/2410/2462 2094/2433/2462 2095/2435/2462
f 2081/2416/2463 2080/2412/2463 2095/2435/2463
f 2074/2417/2128 2073/2414/2128 2088/2437/2128
f 2081/2416/2129 2096/2439/2129 2097/2425/2129
f 2074/2417/2130 2089/2440/2130 2090/2441/2130
f 2101/2432/2131 2116/2457/2131 2117/2442/2131
f 2094/2433/2464 2109/2458/2464 2110/2443/2464
f 2096/2439/2465 2095/2435/2465 2110/2443/2465
f 2088/2437/2136 2103/2445/2136 2104/2448/2136
f 2096/2439/2137 2111/2447/2137 2112/2449/2137
f 2089/2440/2138 2104/2448/2138 2105/2450/2138
f 2098/2426/2139 2097/2425/2139 2112/2449/2139
f 2090/2441/2140 2105/2450/2140 2106/2452/2140
f 2098/2426/2141 2113/2451/2141 2114/2453/2141
f 2091/2427/2142 2106/2452/2142 2107/2454/2142
f 2099/2428/2143 2114/2453/2143 2115/2455/2143
f 2092/2429/2144 2107/2454/2144 2108/2456/2144
f 2101/2432/2145 2100/2430/2145 2115/2455/2145
f 2094/2433/2146 2093/2431/2146 2108/2456/2146
f 2105/2450/2147 2120/2474/2147 2121/2459/2147
f 2113/2451/2148 2128/2475/2148 2129/2460/2148
f 2107/2454/2149 2106/2452/2149 2121/2459/2149
f 2115/2455/2150 2114/2453/2150 2129/2460/2150
f 2107/2454/2151 2122/2461/2151 2123/2463/2151
f 2116/2457/2152 2115/2455/2152 2130/2462/2152
f 2109/2458/2153 2108/2456/2153 2123/2463/2153
f 2116/2457/2154 2131/2464/2154 2132/2466/2154
f 2109/2458/2466 2124/2465/2466 2125/2467/2466
f 2111/2447/2467 2110/2443/2467 2125/2467/2467
f 2103/2445/2159 2118/2469/2159 2119/2472/2159
f 2111/2447/2160 2126/2471/2160 2127/2473/2160
f 2104/2448/2161 2119/2472/2161 2120/2474/2161
f 2113/2451/2162 2112/2449/2162 2127/2473/2162
f 2124/2465/2163 2139/2492/2163 2140/2476/2163
f 2126/2471/2166 2125/2467/2166 2140/2476/2166
f 2118/2469/2167 2133/2478/2167 2134/2482/2167
f 2126/2471/2168 2141/2481/2168 2142/2483/2168
f 2119/2472/2169 2134/2482/2169 2135/2484/2169
f 2128/2475/2170 2127/2473/2170 2142/2483/2170
f 2120/2474/2171 2135/2484/2171 2136/2486/2171
f 2128/2475/2172 2143/2485/2172 2144/2487/2172
f 2122/2461/2173 2121/2459/2173 2136/2486/2173
f 2129/2460/2174 2144/2487/2174 2145/2489/2174
f 2122/2461/2175 2137/2488/2175 2138/2490/2175
f 2130/2462/2176 2145/2489/2176 2146/2491/2176
f 2124/2465/2177 2123/2463/2177 2138/2490/2177
f 2131/2464/2178 2146/2491/2178 2147/2480/2178
f 2144/2487/2179 2143/2485/2179 2158/2493/2179
f 2136/2486/2180 2151/2509/2180 2152/2495/2180
f 2145/2489/2181 2144/2487/2181 2159/2494/2181
f 2137/2488/2182 2152/2495/2182 2153/2497/2182
f 2145/2489/2183 2160/2496/2183 2161/2498/2183
f 2139/2492/2184 2138/2490/2184 2153/2497/2184
f 2146/2491/2185 2161/2498/2185 2162/2500/2185
f 2139/2492/2468 2154/2499/2468 2155/2501/2468
f 2141/2481/2469 2140/2476/2469 2155/2501/2469
f 2134/2482/2190 2133/2478/2190 2148/2503/2190
f 2141/2481/2191 2156/2505/2191 2157/2507/2191
f 2134/2482/2192 2149/2506/2192 2150/2508/2192
f 2142/2483/2193 2157/2507/2193 2158/2493/2193
f 2135/2484/2194 2150/2508/2194 2151/2509/2194
f 2156/2505/2197 2155/2501/2197 2170/2514/2197
f 2148/2503/2198 2163/2511/2198 2164/2516/2198
f 2156/2505/2199 2171/2515/2199 2172/2517/2199
f 2149/2506/2200 2164/2516/2200 2165/2518/2200
f 2158/2493/2201 2157/2507/2201 2172/2517/2201
f 2150/2508/2202 2165/2518/2202 2166/2520/2202
f 2158/2493/2203 2173/2519/2203 2174/2521/2203
f 2151/2509/2204 2166/2520/2204 2167/2522/2204
f 2159/2494/2205 2174/2521/2205 2175/2523/2205
f 2152/2495/2206 2167/2522/2206 2168/2524/2206
f 2161/2498/2207 2160/2496/2207 2175/2523/2207
f 2154/2499/2208 2153/2497/2208 2168/2524/2208
f 2161/2498/2209 2176/2525/2209 2177/2513/2209
f 2154/2499/2210 2169/2526/2210 2170/2514/2210
f 2166/2520/2211 2181/2542/2211 2182/2527/2211
f 2174/2521/2212 2189/2543/2212 2190/2528/2212
f 2167/2522/2213 2182/2527/2213 2183/2529/2213
f 2176/2525/2214 2175/2523/2214 2190/2528/2214
f 2168/2524/2215 2183/2529/2215 2184/2531/2215
f 2176/2525/2216 2191/2530/2216 2192/2532/2216
f 2169/2526/2470 2184/2531/2470 2185/2533/2470
f 2171/2515/2471 2170/2514/2471 2185/2533/2471
f 2163/2511/2221 2178/2535/2221 2179/2538/2221
f 2172/2517/2222 2171/2515/2222 2186/2537/2222
f 2164/2516/2223 2179/2538/2223 2180/2540/2223
f 2173/2519/2224 2172/2517/2224 2187/2539/2224
f 2165/2518/2225 2180/2540/2225 2181/2542/2225
f 2173/2519/2226 2188/2541/2226 2189/2543/2226
f 2186/2537/2472 2185/2533/2472 2200/2544/2472
f 2178/2535/2228 2193/2559/2228 2194/2546/2228
f 2186/2537/2229 2201/2545/2229 2202/2547/2229
f 2179/2538/2473 2194/2546/2473 2195/2548/2473
f 2188/2541/2231 2187/2539/2231 2202/2547/2231
f 2180/2540/2232 2195/2548/2232 2196/2550/2232
f 2188/2541/2233 2203/2549/2233 2204/2551/2233
f 2181/2542/2234 2196/2550/2234 2197/2552/2234
f 2189/2543/2235 2204/2551/2235 2205/2553/2235
f 2182/2527/2236 2197/2552/2236 2198/2554/2236
f 2190/2528/2474 2205/2553/2474 2206/2555/2474
f 2184/2531/2238 2183/2529/2238 2198/2554/2238
f 2191/2530/2239 2206/2555/2239 2207/2557/2239
f 2184/2531/2475 2199/2556/2475 2200/2544/2475
f 2205/2553/2243 2204/2551/2243 2219/2561/2243
f 2197/2552/2244 2212/2577/2244 2213/2563/2244
f 2205/2553/2245 2220/2562/2245 2221/2564/2245
f 2198/2554/2246 2213/2563/2246 2214/2565/2246
f 2206/2555/2247 2221/2564/2247 2222/2566/2247
f 2199/2556/2476 2214/2565/2476 2215/2567/2476
f 2201/2545/2477 2200/2544/2477 2215/2567/2477
f 2193/2559/2252 2208/2569/2252 2209/2572/2252
f 2201/2545/2253 2216/2571/2253 2217/2573/2253
f 2195/2548/2254 2194/2546/2254 2209/2572/2254
f 2203/2549/2255 2202/2547/2255 2217/2573/2255
f 2195/2548/2256 2210/2574/2256 2211/2576/2256
f 2204/2551/2257 2203/2549/2257 2218/2575/2257
f 2196/2550/2258 2211/2576/2258 2212/2577/2258
f 2216/2571/2259 2231/2593/2259 2232/2578/2259
f 2209/2572/2260 2224/2594/2260 2225/2579/2260
f 2218/2575/2261 2217/2573/2261 2232/2578/2261
f 2210/2574/2262 2225/2579/2262 2226/2581/2262
f 2219/2561/2263 2218/2575/2263 2233/2580/2263
f 2211/2576/2264 2226/2581/2264 2227/2583/2264
f 2219/2561/2265 2234/2582/2265 2235/2584/2265
f 2212/2577/2266 2227/2583/2266 2228/2585/2266
f 2220/2562/2267 2235/2584/2267 2236/2586/2267
f 2214/2565/2268 2213/2563/2268 2228/2585/2268
f 2221/2564/2269 2236/2586/2269 2237/2588/2269
f 2214/2565/2478 2229/2587/2478 2230/2589/2478
f 2216/2571/2479 2215/2567/2479 2230/2589/2479
f 2208/2569/2274 2223/2591/2274 2224/2594/2274
f 2235/2584/2275 2250/2610/2275 2251/2595/2275
f 2228/2585/2276 2243/2611/2276 2244/2596/2276
f 2236/2586/2277 2251/2595/2277 2252/2597/2277
f 2229/2587/2278 2244/2596/2278 2245/2598/2278
f 2231/2593/2281 2230/2589/2281 2245/2598/2281
f 2223/2591/2282 2238/2600/2282 2239/2603/2282
f 2231/2593/2283 2246/2602/2283 2247/2604/2283
f 2224/2594/2284 2239/2603/2284 2240/2605/2284
f 2232/2578/2285 2247/2604/2285 2248/2606/2285
f 2225/2579/2286 2240/2605/2286 2241/2607/2286
f 2234/2582/2287 2233/2580/2287 2248/2606/2287
f 2226/2581/2288 2241/2607/2288 2242/2609/2288
f 2235/2584/2289 2234/2582/2289 2249/2608/2289
f 2227/2583/2290 2242/2609/2290 2243/2611/2290
f 2239/2603/2291 2254/2627/2291 2255/2612/2291
f 2247/2604/2292 2262/2628/2292 2263/2613/2292
f 2240/2605/2293 2255/2612/2293 2256/2614/2293
f 2249/2608/2294 2248/2606/2294 2263/2613/2294
f 2241/2607/2295 2256/2614/2295 2257/2616/2295
f 2249/2608/2296 2264/2615/2296 2265/2617/2296
f 2242/2609/2297 2257/2616/2297 2258/2618/2297
f 2251/2595/2298 2250/2610/2298 2265/2617/2298
f 2243/2611/2299 2258/2618/2299 2259/2620/2299
f 2251/2595/2300 2266/2619/2300 2267/2621/2300
f 2244/2596/2301 2259/2620/2301 2260/2622/2301
f 2246/2602/2304 2245/2598/2304 2260/2622/2304
f 2238/2600/2305 2253/2624/2305 2254/2627/2305
f 2246/2602/2306 2261/2626/2306 2262/2628/2306
f 2258/2618/2307 2273/2645/2307 2274/2629/2307
f 2267/2621/2308 2266/2619/2308 2281/2630/2308
f 2259/2620/2309 2274/2629/2309 2275/2632/2309
f 2261/2626/2312 2260/2622/2312 2275/2632/2312
f 2253/2624/2313 2268/2634/2313 2269/2637/2313
f 2262/2628/2314 2261/2626/2314 2276/2636/2314
f 2255/2612/2315 2254/2627/2315 2269/2637/2315
f 2262/2628/2316 2277/2638/2316 2278/2640/2316
f 2255/2612/2317 2270/2639/2317 2271/2641/2317
f 2264/2615/2318 2263/2613/2318 2278/2640/2318
f 2256/2614/2319 2271/2641/2319 2272/2643/2319
f 2265/2617/2320 2264/2615/2320 2279/2642/2320
f 2257/2616/2321 2272/2643/2321 2273/2645/2321
f 2265/2617/2322 2280/2644/2322 2281/2630/2322
f 2278/2646/2323 2277/2676/2323 2292/2647/2323
f 2270/2649/2324 2285/2677/2324 2286/2650/2324
f 2278/2646/2325 2293/2648/2325 2294/2652/2325
f 2271/2651/2326 2286/2650/2326 2287/2654/2326
f 2279/2653/2327 2294/2652/2327 2295/2656/2327
f 2272/2655/2328 2287/2654/2328 2288/2658/2328
f 2280/2657/2329 2295/2656/2329 2296/2660/2329
f 2273/2659/2330 2288/2658/2330 2289/2662/2330
f 2281/2661/2331 2296/2660/2331 2297/2664/2331
f 2274/2663/2332 2289/2662/2332 2290/2666/2332
f 2276/2672/2335 2275/2667/2335 2290/2666/2335
f 2269/2674/2336 2268/2668/2336 2283/2670/2336
f 2277/2676/2337 2276/2672/2337 2291/2673/2337
f 2270/2649/2338 2269/2674/2338 2284/2675/2338
f 2296/2660/2339 2311/2693/2339 2312/2678/2339
f 2289/2662/2480 2304/2694/2480 2305/2679/2480
f 2291/2673/2481 2290/2666/2481 2305/2679/2481
f 2283/2670/2344 2298/2681/2344 2299/2684/2344
f 2292/2647/2345 2291/2673/2345 2306/2683/2345
f 2284/2675/2346 2299/2684/2346 2300/2686/2346
f 2293/2648/2347 2292/2647/2347 2307/2685/2347
f 2286/2650/2348 2285/2677/2348 2300/2686/2348
f 2294/2652/2349 2293/2648/2349 2308/2687/2349
f 2286/2650/2350 2301/2688/2350 2302/2690/2350
f 2294/2652/2351 2309/2689/2351 2310/2691/2351
f 2287/2654/2352 2302/2690/2352 2303/2692/2352
f 2295/2656/2353 2310/2691/2353 2311/2693/2353
f 2288/2658/2354 2303/2692/2354 2304/2694/2354
f 2300/2686/2355 2315/2710/2355 2316/2695/2355
f 2308/2687/2356 2323/2711/2356 2324/2696/2356
f 2301/2688/2357 2316/2695/2357 2317/2697/2357
f 2310/2691/2358 2309/2689/2358 2324/2696/2358
f 2302/2690/2359 2317/2697/2359 2318/2699/2359
f 2310/2691/2360 2325/2698/2360 2326/2700/2360
f 2303/2692/2361 2318/2699/2361 2319/2701/2361
f 2311/2693/2362 2326/2700/2362 2327/2702/2362
f 2304/2694/2363 2319/2701/2363 2320/2703/2363
f 2306/2683/2366 2305/2679/2366 2320/2703/2366
f 2298/2681/2367 2313/2705/2367 2314/2708/2367
f 2306/2683/2368 2321/2707/2368 2322/2709/2368
f 2299/2684/2369 2314/2708/2369 2315/2710/2369
f 2308/2687/2370 2307/2685/2370 2322/2709/2370
f 2319/2701/2482 2334/2728/2482 2335/2712/2482
f 2321/2707/2483 2320/2703/2483 2335/2712/2483
f 2313/2705/2375 2328/2714/2375 2329/2718/2375
f 2321/2707/2376 2336/2717/2376 2337/2719/2376
f 2315/2710/2377 2314/2708/2377 2329/2718/2377
f 2323/2711/2378 2322/2709/2378 2337/2719/2378
f 2315/2710/2379 2330/2720/2379 2331/2722/2379
f 2323/2711/2380 2338/2721/2380 2339/2723/2380
f 2316/2695/2381 2331/2722/2381 2332/2724/2381
f 2325/2698/2382 2324/2696/2382 2339/2723/2382
f 2317/2697/2383 2332/2724/2383 2333/2726/2383
f 2325/2698/2384 2340/2725/2384 2341/2727/2384
f 2318/2699/2385 2333/2726/2385 2334/2728/2385
f 2327/2702/2386 2326/2700/2386 2341/2727/2386
f 2339/2723/2387 2338/2721/2387 2353/2729/2387
f 2331/2722/2388 2346/2745/2388 2347/2731/2388
f 2339/2723/2389 2354/2730/2389 2355/2732/2389
f 2332/2724/2390 2347/2731/2390 2348/2733/2390
f 2340/2725/2391 2355/2732/2391 2356/2734/2391
f 2333/2726/2392 2348/2733/2392 2349/2735/2392
f 2341/2727/2393 2356/2734/2393 2357/2736/2393
f 2334/2728/2484 2349/2735/2484 2350/2737/2484
f 2336/2717/2485 2335/2712/2485 2350/2737/2485
f 2328/2714/2398 2343/2739/2398 2344/2742/2398
f 2337/2719/2399 2336/2717/2399 2351/2741/2399
f 2329/2718/2400 2344/2742/2400 2345/2744/2400
f 2338/2721/2401 2337/2719/2401 2352/2743/2401
f 2330/2720/2402 2345/2744/2402 2346/2745/2402
f 2351/2741/2486 2350/2737/2486 2365/2748/2486
f 2344/2742/2405 2343/2739/2405 2358/2750/2405
f 2352/2743/2406 2351/2741/2406 2366/2749/2406
f 2344/2742/2487 2359/2751/2487 2360/2753/2487
f 2353/2729/2408 2352/2743/2408 2367/2752/2408
f 2345/2744/2409 2360/2753/2409 2361/2755/2409
f 2354/2730/2410 2353/2729/2410 2368/2754/2410
f 2346/2745/2411 2361/2755/2411 2362/2757/2411
f 2354/2730/2412 2369/2756/2412 2370/2758/2412
f 2347/2731/2413 2362/2757/2413 2363/2759/2413
f 2355/2732/2414 2370/2758/2414 2371/2760/2414
f 2348/2733/2415 2363/2759/2415 2364/2761/2415
f 2356/2734/2416 2371/2760/2416 2372/2747/2416
f 2349/2735/2488 2364/2761/2488 2365/2748/2488
f 2369/2756/2419 2384/2778/2419 2385/2763/2419
f 2362/2757/2420 2377/2779/2420 2378/2764/2420
f 2370/2758/2421 2385/2763/2421 2386/2765/2421
f 2363/2759/2422 2378/2764/2422 2379/2766/2422
f 2371/2760/2423 2386/2765/2423 2387/2767/2423
f 2364/2761/2489 2379/2766/2489 2380/2768/2489
f 2366/2749/2490 2365/2748/2490 2380/2768/2490
f 2359/2751/2428 2358/2750/2428 2373/2770/2428
f 2367/2752/2429 2366/2749/2429 2381/2772/2429
f 2359/2751/2430 2374/2773/2430 2375/2775/2430
f 2368/2754/2431 2367/2752/2431 2382/2774/2431
f 2360/2753/2432 2375/2775/2432 2376/2777/2432
f 2369/2756/2433 2368/2754/2433 2383/2776/2433
f 2361/2755/2434 2376/2777/2434 2377/2779/2434
f 2374/2773/2435 2373/2770/2435 1915/2252/2435
f 2381/2772/2436 2393/2225/2436 1918/2230/2436
f 2374/2773/2437 2388/2226/2437 2389/2231/2437
f 2382/2774/2438 1918/2230/2438 1919/2234/2438
f 2376/2777/2439 2375/2775/2439 2389/2231/2439
f 2383/2776/2440 1919/2234/2440 1920/2238/2440
f 2377/2779/2441 2376/2777/2441 1916/2235/2441
f 2384/2778/2442 1920/2238/2442 1921/2241/2442
f 2377/2779/2443 2390/2239/2443 1917/2243/2443
f 2385/2763/2444 1921/2241/2444 2394/2246/2444
f 2379/2766/2445 2378/2764/2445 1917/2243/2445
f 2386/2765/2446 2394/2246/2446 2395/2250/2446
f 2379/2766/2491 2391/2247/2491 2392/2223/2491
f 2381/2772/2492 2380/2768/2492 2392/2223/2492
o Cylinder
v 0.000000 -0.420000 3.910000
v 0.000000 -0.420000 4.330000
v -0.091692 -0.410969 3.910000
v -0.091692 -0.410969 4.330000
v -0.179861 -0.384223 3.910000
v -0.179861 -0.384223 4.330000
v -0.261118 -0.340791 3.910000
v -0.261118 -0.340791 4.330000
v -0.332340 -0.282340 3.910000
v -0.332340 -0.282340 4.330000
v -0.390791 -0.211118 3.910000
v -0.390791 -0.211118 4.330000
v -0.434223 -0.129861 3.910000
v -0.434223 -0.129861 4.330000
v -0.460969 -0.041692 3.910000
v -0.460969 -0.041692 4.330000
v -0.470000 0.050000 3.910000
v -0.470000 0.050000 4.330000
v -0.460969 0.141692 3.910000
v -0.460969 0.141692 4.330000
v -0.434223 0.229861 3.910000
v -0.434223 0.229861 4.330000
v -0.390791 0.311118 3.910000
v -0.390791 0.311118 4.330000
v -0.332340 0.382340 3.910000
v -0.332340 0.382340 4.330000
v -0.261118 0.440791 3.910000
v -0.261118 0.440791 4.330000
v -0.179861 0.484223 3.910000
v -0.179861 0.484223 4.330000
v -0.091692 0.510969 3.910000
v -0.091692 0.510969 4.330000
v 0.000000 0.520000 3.910000
v 0.000000 0.520000 4.330000
v 0.091692 0.510969 3.910000
v 0.091692 0.510969 4.330000
v 0.179861 0.484223 3.910000
v 0.179861 0.484223 4.330000
v 0.261118 0.440791 3.910000
v 0.261118 0.440791 4.330000
v 0.332340 0.382340 3.910000
v 0.332340 0.382340 4.330000
v 0.390791 0.311118 3.910000
v 0.390791 0.311118 4.330000
v 0.434223 0.229861 3.910000
v 0.434223 0.229861 4.330000
v 0.460969 0.141692 3.910000
v 0.460969 0.141692 4.330000
v 0.470000 0.050000 3.910000
v 0.470000 0.050000 4.330000
v 0.460969 -0.041692 3.910000
v 0.460969 -0.041692 4.330000
v 0.434223 -0.129861 3.910000
v 0.434223 -0.129861 4.330000
v 0.390791 -0.211118 3.910000
v 0.390791 -0.211118 4.330000
v 0.332340 -0.282340 3.910000
v 0.332340 -0.282340 4.330000
v 0.261118 -0.340791 3.910000
v 0.261118 -0.340791 4.330000
v 0.179861 -0.384223 3.910000
v 0.179861 -0.384223 4.330000
v 0.091692 -0.410969 3.910000
v 0.091692 -0.410969 4.330000
vn -0.0000 -0.7279 -0.6857
vn -0.0000 -0.7279 0.6857
vn -0.1420 -0.7139 -0.6857
vn -0.1420 -0.7139 0.6857
vn -0.2785 -0.6725 -0.6857
vn -0.2786 -0.6725 0.6857
vn -0.4044 -0.6052 -0.6857
vn -0.4044 -0.6052 0.6857
vn -0.5147 -0.5147 -0.6857
vn -0.5147 -0.5147 0.6857
vn -0.6052 -0.4044 -0.6857
vn -0.6052 -0.4044 0.6857
vn -0.6725 -0.2785 -0.6857
vn -0.6725 -0.2786 0.6857
vn -0.7139 -0.1420 -0.6857
vn -0.7139 -0.1420 0.6857
vn -0.7279 -0.0000 -0.6857
vn -0.7279 -0.0000 0.6857
vn -0.7139 0.1420 -0.6857
vn -0.7139 0.1420 0.6857
vn -0.6725 0.2785 -0.6857
vn -0.6725 0.2786 0.6857
vn -0.6052 0.4044 -0.6857
vn -0.6052 0.4044 0.6857
vn -0.5147 0.5147 -0.6857
vn -0.5147 0.5147 0.6857
vn -0.4044 0.6052 -0.6857
vn -0.4044 0.6052 0.6857
vn -0.2785 0.6725 -0.6857
vn -0.2786 0.6725 0.6857
vn -0.1420 0.7139 -0.6857
vn -0.1420 0.7139 0.6857
vn -0.0000 0.7279 -0.6857
vn -0.0000 0.7279 0.6857
vn 0.1420 0.7139 -0.6857
vn 0.1420 0.7139 0.6857
vn 0.2785 0.6725 -0.6857
vn 0.2786 0.6725 0.6857
vn 0.4044 0.6052 -0.6857
vn 0.4044 0.6052 0.6857
vn 0.5147 0.5147 -0.6857
vn 0.5147 0.5147 0.6857
vn 0.6052 0.4044 -0.6857
vn 0.6052 0.4044 0.6857
vn 0.6725 0.2785 -0.6857
vn 0.6725 0.2786 0.6857
vn 0.7139 0.1420 -0.6857
vn 0.7139 0.1420 0.6857
vn 0.7279 -0.0000 -0.6857
vn 0.7279 -0.0000 0.6857
vn 0.7139 -0.1420 -0.6857
vn 0.7139 -0.1420 0.6857
vn 0.6725 -0.2785 -0.6857
vn 0.6725 -0.2786 0.6857
vn 0.6052 -0.4044 -0.6857
vn 0.6052 -0.4044 0.6857
vn 0.5147 -0.5147 -0.6857
vn 0.5147 -0.5147 0.6857
vn 0.4044 -0.6052 -0.6857
vn 0.4044 -0.6052 0.6857
vn 0.2785 -0.6725 -0.6857
vn 0.2786 -0.6725 0.6857
vn 0.1420 -0.7139 -0.6857
vn 0.1420 -0.7139 0.6857
vt 1.000000 1.000000
vt 0.968750 0.500000
vt 1.000000 0.500000
vt 0.968750 1.000000
vt 0.937500 0.500000
vt 0.937500 1.000000
vt 0.906250 0.500000
vt 0.906250 1.000000
vt 0.875000 0.500000
vt 0.875000 1.000000
vt 0.843750 0.500000
vt 0.843750 1.000000
vt 0.812500 0.500000
vt 0.812500 1.000000
vt 0.781250 0.500000
vt 0.781250 1.000000
vt 0.750000 0.500000
vt 0.750000 1.000000
vt 0.718750 0.500000
vt 0.718750 1.000000
vt 0.687500 0.500000
vt 0.687500 1.000000
vt 0.656250 0.500000
vt 0.656250 1.000000
vt 0.625000 0.500000
vt 0.625000 1.000000
vt 0.593750 0.500000
vt 0.593750 1.000000
vt 0.562500 0.500000
vt 0.562500 1.000000
vt 0.531250 0.500000
vt 0.531250 1.000000
vt 0.500000 0.500000
vt 0.500000 1.000000
vt 0.468750 0.500000
vt 0.468750 1.000000
vt 0.437500 0.500000
vt 0.437500 1.000000
vt 0.406250 0.500000
vt 0.406250 1.000000
vt 0.375000 0.500000
vt 0.375000 1.000000
vt 0.343750 0.500000
vt 0.343750 1.000000
vt 0.312500 0.500000
vt 0.312500 1.000000
vt 0.281250 0.500000
vt 0.281250 1.000000
vt 0.250000 0.500000
vt 0.250000 1.000000
vt 0.218750 0.500000
vt 0.218750 1.000000
vt 0.187500 0.500000
vt 0.187500 1.000000
vt 0.156250 0.500000
vt 0.156250 1.000000
vt 0.125000 0.500000
vt 0.125000 1.000000
vt 0.093750 0.500000
vt 0.093750 1.000000
vt 0.062500 0.500000
vt 0.158156 0.028269
vt 0.471731 0.158156
vt 0.341844 0.471731
vt 0.062500 1.000000
vt 0.031250 0.500000
vt 0.031250 1.000000
vt 0.000000 0.500000
vt 0.796822 0.014612
vt 0.514612 0.203178
vt 0.703178 0.485388
vt 0.296822 0.485388
vt 0.250000 0.490000
vt 0.203178 0.485388
vt 0.158156 0.471731
vt 0.116663 0.449553
vt 0.080294 0.419706
vt 0.050447 0.383337
vt 0.028269 0.341844
vt 0.014612 0.296822
vt 0.010000 0.250000
vt 0.014612 0.203178
vt 0.028269 0.158156
vt 0.050447 0.116663
vt 0.080294 0.080294
vt 0.116663 0.050447
vt 0.203178 0.014612
vt 0.250000 0.010000
vt 0.296822 0.014612
vt 0.341844 0.028269
vt 0.383337 0.050447
vt 0.419706 0.080294
vt 0.449553 0.116663
vt 0.485388 0.203178
vt 0.490000 0.250000
vt 0.485388 0.296822
vt 0.471731 0.341844
vt 0.449553 0.383337
vt 0.419706 0.419706
vt 0.383337 0.449553
vt 0.000000 1.000000
vt 0.750000 0.490000
vt 0.796822 0.485388
vt 0.841844 0.471731
vt 0.883337 0.449553
vt 0.919706 0.419706
vt 0.949553 0.383337
vt 0.971731 0.341844
vt 0.985388 0.296822
vt 0.990000 0.250000
vt 0.985388 0.203178
vt 0.971731 0.158156
vt 0.949553 0.116663
vt 0.919706 0.080294
vt 0.883337 0.050447
vt 0.841844 0.028269
vt 0.750000 0.010000
vt 0.703178 0.014612
vt 0.658156 0.028269
vt 0.616663 0.050447
vt 0.580294 0.080294
vt 0.550447 0.116663
vt 0.528269 0.158156
vt 0.510000 0.250000
vt 0.514612 0.296822
vt 0.528269 0.341844
vt 0.550447 0.383337
vt 0.580294 0.419706
vt 0.616663 0.449553
vt 0.658156 0.471731
s 1
g Cylinder_M_Ouro.002
usemtl M_Ouro.002
f 2398/2782/2494 2399/2783/2495 2397/2784/2493
f 2400/2785/2496 2401/2786/2497 2399/2783/2495
f 2402/2787/2498 2403/2788/2499 2401/2786/2497
f 2404/2789/2500 2405/2790/2501 2403/2788/2499
f 2406/2791/2502 2407/2792/2503 2405/2790/2501
f 2408/2793/2504 2409/2794/2505 2407/2792/2503
f 2410/2795/2506 2411/2796/2507 2409/2794/2505
f 2412/2797/2508 2413/2798/2509 2411/2796/2507
f 2414/2799/2510 2415/2800/2511 2413/2798/2509
f 2416/2801/2512 2417/2802/2513 2415/2800/2511
f 2418/2803/2514 2419/2804/2515 2417/2802/2513
f 2420/2805/2516 2421/2806/2517 2419/2804/2515
f 2422/2807/2518 2423/2808/2519 2421/2806/2517
f 2424/2809/2520 2425/2810/2521 2423/2808/2519
f 2426/2811/2522 2427/2812/2523 2425/2810/2521
f 2428/2813/2524 2429/2814/2525 2427/2812/2523
f 2430/2815/2526 2431/2816/2527 2429/2814/2525
f 2432/2817/2528 2433/2818/2529 2431/2816/2527
f 2434/2819/2530 2435/2820/2531 2433/2818/2529
f 2436/2821/2532 2437/2822/2533 2435/2820/2531
f 2438/2823/2534 2439/2824/2535 2437/2822/2533
f 2440/2825/2536 2441/2826/2537 2439/2824/2535
f 2442/2827/2538 2443/2828/2539 2441/2826/2537
f 2444/2829/2540 2445/2830/2541 2443/2828/2539
f 2446/2831/2542 2447/2832/2543 2445/2830/2541
f 2448/2833/2544 2449/2834/2545 2447/2832/2543
f 2450/2835/2546 2451/2836/2547 2449/2834/2545
f 2452/2837/2548 2453/2838/2549 2451/2836/2547
f 2454/2839/2550 2455/2840/2551 2453/2838/2549
f 2456/2841/2552 2457/2842/2553 2455/2840/2551
f 2434/2843/2530 2418/2844/2514 2402/2845/2498
f 2458/2846/2554 2459/2847/2555 2457/2842/2553
f 2460/2848/2556 2397/2849/2493 2459/2847/2555
f 2427/2850/2523 2443/2851/2539 2459/2852/2555
f 2398/2782/2494 2400/2785/2496 2399/2783/2495
f 2400/2785/2496 2402/2787/2498 2401/2786/2497
f 2402/2787/2498 2404/2789/2500 2403/2788/2499
f 2404/2789/2500 2406/2791/2502 2405/2790/2501
f 2406/2791/2502 2408/2793/2504 2407/2792/2503
f 2408/2793/2504 2410/2795/2506 2409/2794/2505
f 2410/2795/2506 2412/2797/2508 2411/2796/2507
f 2412/2797/2508 2414/2799/2510 2413/2798/2509
f 2414/2799/2510 2416/2801/2512 2415/2800/2511
f 2416/2801/2512 2418/2803/2514 2417/2802/2513
f 2418/2803/2514 2420/2805/2516 2419/2804/2515
f 2420/2805/2516 2422/2807/2518 2421/2806/2517
f 2422/2807/2518 2424/2809/2520 2423/2808/2519
f 2424/2809/2520 2426/2811/2522 2425/2810/2521
f 2426/2811/2522 2428/2813/2524 2427/2812/2523
f 2428/2813/2524 2430/2815/2526 2429/2814/2525
f 2430/2815/2526 2432/2817/2528 2431/2816/2527
f 2432/2817/2528 2434/2819/2530 2433/2818/2529
f 2434/2819/2530 2436/2821/2532 2435/2820/2531
f 2436/2821/2532 2438/2823/2534 2437/2822/2533
f 2438/2823/2534 2440/2825/2536 2439/2824/2535
f 2440/2825/2536 2442/2827/2538 2441/2826/2537
f 2442/2827/2538 2444/2829/2540 2443/2828/2539
f 2444/2829/2540 2446/2831/2542 2445/2830/2541
f 2446/2831/2542 2448/2833/2544 2447/2832/2543
f 2448/2833/2544 2450/2835/2546 2449/2834/2545
f 2450/2835/2546 2452/2837/2548 2451/2836/2547
f 2452/2837/2548 2454/2839/2550 2453/2838/2549
f 2454/2839/2550 2456/2841/2552 2455/2840/2551
f 2456/2841/2552 2458/2846/2554 2457/2842/2553
f 2402/2845/2498 2400/2853/2496 2398/2854/2494
f 2398/2854/2494 2460/2855/2556 2458/2856/2554
f 2458/2856/2554 2456/2857/2552 2454/2858/2550
f 2454/2858/2550 2452/2859/2548 2450/2860/2546
f 2450/2860/2546 2448/2861/2544 2446/2862/2542
f 2446/2862/2542 2444/2863/2540 2442/2864/2538
f 2442/2864/2538 2440/2865/2536 2438/2866/2534
f 2438/2866/2534 2436/2867/2532 2434/2843/2530
f 2434/2843/2530 2432/2868/2528 2430/2869/2526
f 2430/2869/2526 2428/2870/2524 2426/2871/2522
f 2426/2871/2522 2424/2872/2520 2422/2873/2518
f 2422/2873/2518 2420/2874/2516 2418/2844/2514
f 2418/2844/2514 2416/2875/2512 2414/2876/2510
f 2414/2876/2510 2412/2877/2508 2410/2878/2506
f 2410/2878/2506 2408/2879/2504 2406/2880/2502
f 2406/2880/2502 2404/2881/2500 2402/2845/2498
f 2402/2845/2498 2398/2854/2494 2458/2856/2554
f 2458/2856/2554 2454/2858/2550 2450/2860/2546
f 2450/2860/2546 2446/2862/2542 2442/2864/2538
f 2442/2864/2538 2438/2866/2534 2434/2843/2530
f 2434/2843/2530 2430/2869/2526 2426/2871/2522
f 2426/2871/2522 2422/2873/2518 2418/2844/2514
f 2418/2844/2514 2414/2876/2510 2410/2878/2506
f 2410/2878/2506 2406/2880/2502 2402/2845/2498
f 2402/2845/2498 2458/2856/2554 2450/2860/2546
f 2450/2860/2546 2442/2864/2538 2434/2843/2530
f 2434/2843/2530 2426/2871/2522 2418/2844/2514
f 2418/2844/2514 2410/2878/2506 2402/2845/2498
f 2402/2845/2498 2450/2860/2546 2434/2843/2530
f 2458/2846/2554 2460/2848/2556 2459/2847/2555
f 2460/2848/2556 2398/2882/2494 2397/2849/2493
f 2459/2852/2555 2397/2883/2493 2399/2884/2495
f 2399/2884/2495 2401/2885/2497 2403/2886/2499
f 2403/2886/2499 2405/2887/2501 2407/2888/2503
f 2407/2888/2503 2409/2889/2505 2411/2890/2507
f 2411/2890/2507 2413/2891/2509 2415/2892/2511
f 2415/2892/2511 2417/2893/2513 2419/2894/2515
f 2419/2894/2515 2421/2895/2517 2423/2896/2519
f 2423/2896/2519 2425/2897/2521 2427/2850/2523
f 2427/2850/2523 2429/2898/2525 2431/2899/2527
f 2431/2899/2527 2433/2900/2529 2435/2901/2531
f 2435/2901/2531 2437/2902/2533 2439/2903/2535
f 2439/2903/2535 2441/2904/2537 2443/2851/2539
f 2443/2851/2539 2445/2905/2541 2447/2906/2543
f 2447/2906/2543 2449/2907/2545 2451/2908/2547
f 2451/2908/2547 2453/2909/2549 2455/2910/2551
f 2455/2910/2551 2457/2911/2553 2459/2852/2555
f 2459/2852/2555 2399/2884/2495 2403/2886/2499
f 2403/2886/2499 2407/2888/2503 2411/2890/2507
f 2411/2890/2507 2415/2892/2511 2419/2894/2515
f 2419/2894/2515 2423/2896/2519 2427/2850/2523
f 2427/2850/2523 2431/2899/2527 2435/2901/2531
f 2435/2901/2531 2439/2903/2535 2443/2851/2539
f 2443/2851/2539 2447/2906/2543 2451/2908/2547
f 2451/2908/2547 2455/2910/2551 2459/2852/2555
f 2459/2852/2555 2403/2886/2499 2411/2890/2507
f 2411/2890/2507 2419/2894/2515 2427/2850/2523
f 2427/2850/2523 2435/2901/2531 2443/2851/2539
f 2443/2851/2539 2451/2908/2547 2459/2852/2555
f 2459/2852/2555 2411/2890/2507 2427/2850/2523
o Cone.001
v 0.360000 -0.053923 4.055000
v 0.304089 0.018942 4.055000
v 0.316077 0.110000 4.055000
v 0.388942 0.165911 4.055000
v 0.480000 0.153923 4.055000
v 0.535911 0.081058 4.055000
v 0.523923 -0.010000 4.055000
v 0.451058 -0.065911 4.055000
v 0.420000 0.050000 4.505000
vn -0.4239 -0.7342 -0.5303
vn -0.8189 -0.2194 -0.5303
vn -0.7342 0.4239 -0.5303
vn -0.2194 0.8189 -0.5303
vn 0.4239 0.7342 -0.5303
vn 0.8189 0.2194 -0.5303
vn 0.7342 -0.4239 -0.5303
vn 0.2194 -0.8189 -0.5303
vn -0.0000 -0.0000 1.0000
vt 0.250000 0.490000
vt 0.250000 0.250000
vt 0.419706 0.419706
vt 0.490000 0.250000
vt 0.419706 0.080294
vt 0.250000 0.010000
vt 0.080294 0.080294
vt 0.010000 0.250000
vt 0.919706 0.080294
vt 0.580294 0.080294
vt 0.580294 0.419706
vt 0.080294 0.419706
vt 0.750000 0.490000
vt 0.919706 0.419706
vt 0.990000 0.250000
vt 0.750000 0.010000
vt 0.510000 0.250000
s 1
g Cone.001_M_Ouro.003
usemtl M_Ouro.003
f 2461/2912/2557 2469/2913/2565 2462/2914/2558
f 2462/2914/2558 2469/2913/2565 2463/2915/2559
f 2463/2915/2559 2469/2913/2565 2464/2916/2560
f 2464/2916/2560 2469/2913/2565 2465/2917/2561
f 2465/2917/2561 2469/2913/2565 2466/2918/2562
f 2466/2918/2562 2469/2913/2565 2467/2919/2563
f 2464/2920/2560 2466/2921/2562 2468/2922/2564
f 2467/2919/2563 2469/2913/2565 2468/2923/2564
f 2468/2923/2564 2469/2913/2565 2461/2912/2557
f 2468/2922/2564 2461/2924/2557 2462/2925/2558
f 2462/2925/2558 2463/2926/2559 2464/2920/2560
f 2464/2920/2560 2465/2927/2561 2466/2921/2562
f 2466/2921/2562 2467/2928/2563 2468/2922/2564
f 2468/2922/2564 2462/2925/2558 2464/2920/2560
o Cone.002
v 0.330000 -0.036603 4.290000
v 0.283407 0.024118 4.290000
v 0.293397 0.100000 4.290000
v 0.354118 0.146593 4.290000
v 0.430000 0.136603 4.290000
v 0.476593 0.075882 4.290000
v 0.466603 0.000000 4.290000
v 0.405882 -0.046593 4.290000
v 0.380000 0.050000 4.670000
vn -0.4235 -0.7335 -0.5316
vn -0.8182 -0.2192 -0.5316
vn -0.7335 0.4235 -0.5316
vn -0.2192 0.8182 -0.5316
vn 0.4235 0.7335 -0.5316
vn 0.8182 0.2192 -0.5316
vn 0.7335 -0.4235 -0.5316
vn 0.2192 -0.8182 -0.5316
vn -0.0000 -0.0000 1.0000
vt 0.250000 0.490000
vt 0.250000 0.250000
vt 0.419706 0.419706
vt 0.490000 0.250000
vt 0.419706 0.080294
vt 0.250000 0.010000
vt 0.080294 0.080294
vt 0.010000 0.250000
vt 0.919706 0.080294
vt 0.580294 0.080294
vt 0.580294 0.419706
vt 0.080294 0.419706
vt 0.750000 0.490000
vt 0.919706 0.419706
vt 0.990000 0.250000
vt 0.750000 0.010000
vt 0.510000 0.250000
s 1
g Cone.002_M_Ouro.004
usemtl M_Ouro.004
f 2470/2929/2566 2478/2930/2574 2471/2931/2567
f 2471/2931/2567 2478/2930/2574 2472/2932/2568
f 2472/2932/2568 2478/2930/2574 2473/2933/2569
f 2473/2933/2569 2478/2930/2574 2474/2934/2570
f 2474/2934/2570 2478/2930/2574 2475/2935/2571
f 2475/2935/2571 2478/2930/2574 2476/2936/2572
f 2473/2937/2569 2475/2938/2571 2477/2939/2573
f 2476/2936/2572 2478/2930/2574 2477/2940/2573
f 2477/2940/2573 2478/2930/2574 2470/2929/2566
f 2477/2939/2573 2470/2941/2566 2471/2942/2567
f 2471/2942/2567 2472/2943/2568 2473/2937/2569
f 2473/2937/2569 2474/2944/2570 2475/2938/2571
f 2475/2938/2571 2476/2945/2572 2477/2939/2573
f 2477/2939/2573 2471/2942/2567 2473/2937/2569
o Cone.003
v 0.260000 -0.019282 4.500000
v 0.222726 0.029294 4.500000
v 0.230718 0.090000 4.500000
v 0.279294 0.127274 4.500000
v 0.340000 0.119282 4.500000
v 0.377274 0.070706 4.500000
v 0.369282 0.010000 4.500000
v 0.320706 -0.027274 4.500000
v 0.300000 0.050000 4.800000
vn -0.4239 -0.7342 -0.5303
vn -0.8189 -0.2194 -0.5303
vn -0.7342 0.4239 -0.5303
vn -0.2194 0.8189 -0.5303
vn 0.4239 0.7342 -0.5303
vn 0.8189 0.2194 -0.5303
vn 0.7342 -0.4239 -0.5303
vn 0.2194 -0.8189 -0.5303
vn -0.0000 -0.0000 1.0000
vt 0.250000 0.490000
vt 0.250000 0.250000
vt 0.419706 0.419706
vt 0.490000 0.250000
vt 0.419706 0.080294
vt 0.250000 0.010000
vt 0.080294 0.080294
vt 0.010000 0.250000
vt 0.919706 0.080294
vt 0.580294 0.080294
vt 0.580294 0.419706
vt 0.080294 0.419706
vt 0.750000 0.490000
vt 0.919706 0.419706
vt 0.990000 0.250000
vt 0.750000 0.010000
vt 0.510000 0.250000
s 1
g Cone.003_M_Ouro.005
usemtl M_Ouro.005
f 2479/2946/2575 2487/2947/2583 2480/2948/2576
f 2480/2948/2576 2487/2947/2583 2481/2949/2577
f 2481/2949/2577 2487/2947/2583 2482/2950/2578
f 2482/2950/2578 2487/2947/2583 2483/2951/2579
f 2483/2951/2579 2487/2947/2583 2484/2952/2580
f 2484/2952/2580 2487/2947/2583 2485/2953/2581
f 2482/2954/2578 2484/2955/2580 2486/2956/2582
f 2485/2953/2581 2487/2947/2583 2486/2957/2582
f 2486/2957/2582 2487/2947/2583 2479/2946/2575
f 2486/2956/2582 2479/2958/2575 2480/2959/2576
f 2480/2959/2576 2481/2960/2577 2482/2954/2578
f 2482/2954/2578 2483/2961/2579 2484/2955/2580
f 2484/2955/2580 2485/2962/2581 2486/2956/2582
f 2486/2956/2582 2480/2959/2576 2482/2954/2578
o Cone.004
v -0.360000 -0.053923 4.055000
v -0.451058 -0.065911 4.055000
v -0.523923 -0.010000 4.055000
v -0.535911 0.081058 4.055000
v -0.480000 0.153923 4.055000
v -0.388942 0.165911 4.055000
v -0.316077 0.110000 4.055000
v -0.304089 0.018942 4.055000
v -0.420000 0.050000 4.505000
vn 0.4239 -0.7342 -0.5303
vn -0.2194 -0.8189 -0.5303
vn -0.7342 -0.4239 -0.5303
vn -0.8189 0.2194 -0.5303
vn -0.4239 0.7342 -0.5303
vn 0.2194 0.8189 -0.5303
vn 0.7342 0.4239 -0.5303
vn 0.8189 -0.2194 -0.5303
vn -0.0000 -0.0000 1.0000
vt 0.250000 0.490000
vt 0.250000 0.250000
vt 0.419706 0.419706
vt 0.490000 0.250000
vt 0.419706 0.080294
vt 0.250000 0.010000
vt 0.080294 0.080294
vt 0.010000 0.250000
vt 0.919706 0.080294
vt 0.580294 0.080294
vt 0.580294 0.419706
vt 0.080294 0.419706
vt 0.750000 0.490000
vt 0.919706 0.419706
vt 0.990000 0.250000
vt 0.750000 0.010000
vt 0.510000 0.250000
s 1
g Cone.004_M_Ouro.006
usemtl M_Ouro.006
f 2488/2963/2584 2496/2964/2592 2489/2965/2585
f 2489/2965/2585 2496/2964/2592 2490/2966/2586
f 2490/2966/2586 2496/2964/2592 2491/2967/2587
f 2491/2967/2587 2496/2964/2592 2492/2968/2588
f 2492/2968/2588 2496/2964/2592 2493/2969/2589
f 2493/2969/2589 2496/2964/2592 2494/2970/2590
f 2491/2971/2587 2493/2972/2589 2495/2973/2591
f 2494/2970/2590 2496/2964/2592 2495/2974/2591
f 2495/2974/2591 2496/2964/2592 2488/2963/2584
f 2495/2973/2591 2488/2975/2584 2489/2976/2585
f 2489/2976/2585 2490/2977/2586 2491/2971/2587
f 2491/2971/2587 2492/2978/2588 2493/2972/2589
f 2493/2972/2589 2494/2979/2590 2495/2973/2591
f 2495/2973/2591 2489/2976/2585 2491/2971/2587
o Cone.005
v -0.330000 -0.036603 4.290000
v -0.405882 -0.046593 4.290000
v -0.466603 0.000000 4.290000
v -0.476593 0.075882 4.290000
v -0.430000 0.136603 4.290000
v -0.354118 0.146593 4.290000
v -0.293397 0.100000 4.290000
v -0.283407 0.024118 4.290000
v -0.380000 0.050000 4.670000
vn 0.4235 -0.7335 -0.5316
vn -0.2192 -0.8182 -0.5316
vn -0.7335 -0.4235 -0.5316
vn -0.8182 0.2192 -0.5316
vn -0.4235 0.7335 -0.5316
vn 0.2192 0.8182 -0.5316
vn 0.7335 0.4235 -0.5316
vn 0.8182 -0.2192 -0.5316
vn -0.0000 -0.0000 1.0000
vt 0.250000 0.490000
vt 0.250000 0.250000
vt 0.419706 0.419706
vt 0.490000 0.250000
vt 0.419706 0.080294
vt 0.250000 0.010000
vt 0.080294 0.080294
vt 0.010000 0.250000
vt 0.919706 0.080294
vt 0.580294 0.080294
vt 0.580294 0.419706
vt 0.080294 0.419706
vt 0.750000 0.490000
vt 0.919706 0.419706
vt 0.990000 0.250000
vt 0.750000 0.010000
vt 0.510000 0.250000
s 1
g Cone.005_M_Ouro.007
usemtl M_Ouro.007
f 2497/2980/2593 2505/2981/2601 2498/2982/2594
f 2498/2982/2594 2505/2981/2601 2499/2983/2595
f 2499/2983/2595 2505/2981/2601 2500/2984/2596
f 2500/2984/2596 2505/2981/2601 2501/2985/2597
f 2501/2985/2597 2505/2981/2601 2502/2986/2598
f 2502/2986/2598 2505/2981/2601 2503/2987/2599
f 2500/2988/2596 2502/2989/2598 2504/2990/2600
f 2503/2987/2599 2505/2981/2601 2504/2991/2600
f 2504/2991/2600 2505/2981/2601 2497/2980/2593
f 2504/2990/2600 2497/2992/2593 2498/2993/2594
f 2498/2993/2594 2499/2994/2595 2500/2988/2596
f 2500/2988/2596 2501/2995/2597 2502/2989/2598
f 2502/2989/2598 2503/2996/2599 2504/2990/2600
f 2504/2990/2600 2498/2993/2594 2500/2988/2596
o Cone.006
v -0.260000 -0.019282 4.500000
v -0.320706 -0.027274 4.500000
v -0.369282 0.010000 4.500000
v -0.377274 0.070706 4.500000
v -0.340000 0.119282 4.500000
v -0.279294 0.127274 4.500000
v -0.230718 0.090000 4.500000
v -0.222726 0.029294 4.500000
v -0.300000 0.050000 4.800000
vn 0.4239 -0.7342 -0.5303
vn -0.2194 -0.8189 -0.5303
vn -0.7342 -0.4239 -0.5303
vn -0.8189 0.2194 -0.5303
vn -0.4239 0.7342 -0.5303
vn 0.2194 0.8189 -0.5303
vn 0.7342 0.4239 -0.5303
vn 0.8189 -0.2194 -0.5303
vn -0.0000 -0.0000 1.0000
vt 0.250000 0.490000
vt 0.250000 0.250000
vt 0.419706 0.419706
vt 0.490000 0.250000
vt 0.419706 0.080294
vt 0.250000 0.010000
vt 0.080294 0.080294
vt 0.010000 0.250000
vt 0.919706 0.080294
vt 0.580294 0.080294
vt 0.580294 0.419706
vt 0.080294 0.419706
vt 0.750000 0.490000
vt 0.919706 0.419706
vt 0.990000 0.250000
vt 0.750000 0.010000
vt 0.510000 0.250000
s 1
g Cone.006_M_Ouro.008
usemtl M_Ouro.008
f 2506/2997/2602 2514/2998/2610 2507/2999/2603
f 2507/2999/2603 2514/2998/2610 2508/3000/2604
f 2508/3000/2604 2514/2998/2610 2509/3001/2605
f 2509/3001/2605 2514/2998/2610 2510/3002/2606
f 2510/3002/2606 2514/2998/2610 2511/3003/2607
f 2511/3003/2607 2514/2998/2610 2512/3004/2608
f 2509/3005/2605 2511/3006/2607 2513/3007/2609
f 2512/3004/2608 2514/2998/2610 2513/3008/2609
f 2513/3008/2609 2514/2998/2610 2506/2997/2602
f 2513/3007/2609 2506/3009/2602 2507/3010/2603
f 2507/3010/2603 2508/3011/2604 2509/3005/2605
f 2509/3005/2605 2510/3012/2606 2511/3006/2607
f 2511/3006/2607 2512/3013/2608 2513/3007/2609
f 2513/3007/2609 2507/3010/2603 2509/3005/2605
o Torus.001
v -1.220010 0.050000 4.178539
v -1.217943 0.053327 4.194633
v -1.207939 0.055762 4.207609
v -1.192678 0.056653 4.213988
v -1.176250 0.055762 4.212062
v -1.163057 0.053327 4.202347
v -1.156633 0.050000 4.187446
v -1.158700 0.046673 4.171351
v -1.168705 0.044238 4.158376
v -1.183965 0.043347 4.151996
v -1.200393 0.044238 4.153922
v -1.213587 0.046673 4.163637
v -1.214226 -0.107294 4.213114
v -1.212179 -0.103420 4.229088
v -1.202229 -0.099490 4.241735
v -1.187044 -0.096555 4.247665
v -1.170691 -0.095404 4.245291
v -1.157553 -0.096344 4.235247
v -1.151149 -0.099123 4.220225
v -1.153197 -0.102997 4.204251
v -1.163146 -0.106928 4.191604
v -1.178331 -0.109862 4.185673
v -1.194684 -0.111013 4.188048
v -1.207823 -0.110073 4.198092
v -1.187666 -0.261897 4.250031
v -1.185711 -0.257485 4.265878
v -1.176014 -0.252085 4.278173
v -1.161174 -0.247143 4.283624
v -1.145166 -0.243983 4.280770
v -1.132280 -0.243453 4.270375
v -1.125969 -0.245695 4.255225
v -1.127924 -0.250107 4.239379
v -1.137621 -0.255507 4.227083
v -1.152461 -0.260449 4.221632
v -1.168469 -0.263608 4.224486
v -1.181355 -0.264138 4.234881
v -1.140785 -0.411163 4.288660
v -1.138993 -0.406232 4.304371
v -1.129742 -0.399412 4.316300
v -1.115510 -0.392532 4.321249
v -1.100111 -0.387434 4.317893
v -1.087671 -0.385485 4.307131
v -1.081523 -0.387207 4.291846
v -1.083315 -0.392138 4.276134
v -1.092566 -0.398958 4.264206
v -1.106798 -0.405838 4.259257
v -1.122197 -0.410936 4.262613
v -1.134637 -0.412885 4.273375
v -1.074384 -0.552539 4.328337
v -1.072824 -0.547116 4.343911
v -1.064204 -0.538952 4.355462
v -1.050834 -0.530236 4.359896
v -1.036298 -0.523302 4.356025
v -1.024489 -0.520009 4.344885
v -1.018572 -0.521238 4.329463
v -1.020133 -0.526662 4.313889
v -1.028752 -0.534825 4.302338
v -1.042122 -0.543542 4.297904
v -1.056659 -0.550476 4.301775
v -1.068467 -0.553769 4.312915
v -0.989601 -0.683605 4.368385
v -0.988335 -0.677725 4.383820
v -0.980522 -0.668316 4.394990
v -0.968253 -0.657897 4.398904
v -0.954818 -0.649261 4.394513
v -0.943815 -0.644722 4.382992
v -0.938193 -0.645496 4.367430
v -0.939459 -0.651375 4.351996
v -0.947272 -0.660785 4.340826
v -0.959541 -0.671203 4.336912
v -0.972976 -0.679839 4.341303
v -0.983979 -0.684379 4.352823
v -0.887885 -0.802119 4.408119
v -0.886973 -0.795827 4.423415
v -0.880127 -0.785291 4.434208
v -0.869179 -0.773333 4.437606
v -0.857065 -0.763158 4.432698
v -0.847029 -0.757492 4.420800
v -0.841761 -0.757853 4.405100
v -0.842673 -0.764145 4.389804
v -0.849519 -0.774681 4.379012
v -0.860467 -0.786639 4.375614
v -0.872581 -0.796814 4.380521
v -0.882617 -0.802480 4.392419
v -0.770977 -0.906052 4.446858
v -0.770473 -0.899399 4.462019
v -0.764737 -0.887874 4.472444
v -0.755308 -0.874567 4.475339
v -0.744712 -0.863042 4.469928
v -0.735788 -0.856388 4.457662
v -0.730927 -0.856387 4.441827
v -0.731431 -0.863041 4.426666
v -0.737167 -0.874565 4.416241
v -0.746596 -0.887873 4.413346
v -0.757192 -0.899398 4.418757
v -0.766116 -0.906052 4.431023
v -0.640878 -0.993628 4.483941
v -0.640826 -0.986670 4.498972
v -0.636327 -0.974313 4.509044
v -0.628588 -0.959868 4.511457
v -0.619681 -0.947206 4.505566
v -0.611994 -0.939719 4.492947
v -0.607585 -0.939414 4.476983
v -0.607638 -0.946372 4.461950
v -0.612136 -0.958729 4.451879
v -0.619875 -0.973174 4.449465
v -0.628782 -0.985836 4.455358
v -0.636470 -0.993323 4.467976
v -0.499813 -1.063347 4.518731
v -0.500252 -1.056146 4.533641
v -0.497095 -1.043126 4.543383
v -0.491187 -1.027775 4.545344
v -0.484113 -1.014208 4.539000
v -0.477766 -1.006058 4.526051
v -0.473849 -1.005511 4.509965
v -0.473410 -1.012711 4.495054
v -0.476567 -1.025731 4.485313
v -0.482475 -1.041082 4.483352
v -0.489550 -1.054650 4.489696
v -0.495896 -1.062799 4.502645
v -0.350196 -1.114016 4.550634
v -0.351156 -1.106639 4.565434
v -0.349421 -1.093137 4.574872
v -0.345456 -1.077129 4.576419
v -0.340325 -1.062903 4.569660
v -0.335401 -1.054272 4.556407
v -0.332004 -1.053548 4.540211
v -0.331045 -1.060925 4.525412
v -0.332779 -1.074426 4.515974
v -0.336744 -1.090435 4.514426
v -0.341875 -1.104661 4.521185
v -0.346799 -1.113292 4.534438
v -0.194587 -1.144768 4.579104
v -0.196088 -1.137284 4.593805
v -0.195832 -1.123490 4.602972
v -0.193889 -1.107082 4.604149
v -0.190778 -1.092457 4.597022
v -0.187334 -1.083534 4.583498
v -0.184478 -1.082703 4.567203
v -0.182978 -1.090187 4.552502
v -0.183233 -1.103981 4.543334
v -0.185176 -1.120389 4.542157
v -0.188287 -1.135014 4.549285
v -0.191732 -1.143937 4.562809
v -0.035649 -1.155078 4.603654
v -0.037703 -1.147558 4.618270
v -0.038959 -1.133666 4.627203
v -0.039079 -1.117124 4.628062
v -0.038033 -1.102365 4.620615
v -0.036099 -1.093343 4.606858
v -0.033797 -1.092477 4.590477
v -0.031743 -1.099997 4.575862
v -0.030487 -1.113889 4.566928
v -0.030367 -1.130430 4.566070
v -0.031413 -1.145190 4.573517
v -0.033347 -1.154211 4.587274
v 0.123900 -1.144768 4.623865
v 0.121290 -1.137284 4.638410
v 0.118518 -1.123490 4.647151
v 0.116325 -1.107082 4.647747
v 0.115300 -1.092457 4.640038
v 0.115716 -1.083534 4.626089
v 0.117463 -1.082702 4.609638
v 0.120073 -1.090187 4.595093
v 0.122845 -1.103981 4.586351
v 0.125038 -1.120389 4.585755
v 0.126063 -1.135014 4.593464
v 0.125647 -1.143937 4.607413
v 0.281328 -1.114016 4.639389
v 0.278171 -1.106639 4.653880
v 0.273901 -1.093137 4.662474
v 0.269664 -1.077129 4.662868
v 0.266594 -1.062903 4.654957
v 0.265514 -1.054272 4.640861
v 0.266713 -1.053548 4.624355
v 0.269870 -1.060925 4.609865
v 0.274139 -1.074427 4.601270
v 0.278377 -1.090435 4.600876
v 0.281447 -1.104661 4.608787
v 0.282527 -1.113292 4.622884
v 0.433943 -1.063347 4.649961
v 0.430254 -1.056146 4.664416
v 0.424534 -1.043126 4.672909
v 0.418315 -1.027776 4.673166
v 0.413263 -1.014208 4.665118
v 0.410732 -1.006058 4.650921
v 0.411400 -1.005511 4.634379
v 0.415088 -1.012712 4.619925
v 0.420808 -1.025732 4.611431
v 0.427028 -1.041082 4.611174
v 0.432080 -1.054650 4.619223
v 0.434611 -1.062799 4.633420
v 0.579132 -0.993628 4.655402
v 0.574939 -0.986670 4.669837
v 0.567838 -0.974313 4.678279
v 0.559734 -0.959868 4.678465
v 0.552796 -0.947206 4.670346
v 0.548885 -0.939719 4.656097
v 0.549047 -0.939414 4.639537
v 0.553241 -0.946372 4.625102
v 0.560341 -0.958729 4.616660
v 0.568446 -0.973174 4.616473
v 0.575384 -0.985837 4.624592
v 0.579295 -0.993323 4.638841
v 0.714413 -0.906053 4.655616
v 0.709749 -0.899399 4.670051
v 0.701362 -0.887874 4.678491
v 0.691501 -0.874567 4.678675
v 0.682806 -0.863042 4.670553
v 0.677609 -0.856388 4.656302
v 0.677301 -0.856388 4.639740
v 0.681965 -0.863041 4.625306
v 0.690351 -0.874566 4.616866
v 0.700213 -0.887873 4.616682
v 0.708908 -0.899398 4.624804
v 0.714105 -0.906052 4.639055
v 0.837470 -0.802118 4.650602
v 0.832378 -0.795827 4.665054
v 0.822821 -0.785290 4.673542
v 0.811362 -0.773332 4.673790
v 0.801069 -0.763157 4.665734
v 0.794701 -0.757491 4.651530
v 0.793965 -0.757853 4.634986
v 0.799058 -0.764144 4.620534
v 0.808614 -0.774681 4.612047
v 0.820074 -0.786639 4.611798
v 0.830367 -0.796814 4.619855
v 0.836734 -0.802480 4.634058
v 0.946198 -0.683605 4.640444
v 0.940727 -0.677725 4.654932
v 0.930137 -0.668316 4.663516
v 0.917265 -0.657897 4.663897
v 0.905560 -0.649261 4.655972
v 0.898159 -0.644722 4.641865
v 0.897044 -0.645496 4.625356
v 0.902515 -0.651375 4.610869
v 0.913105 -0.660785 4.602285
v 0.925977 -0.671203 4.601904
v 0.937682 -0.679839 4.609829
v 0.945083 -0.684379 4.623936
v 1.038735 -0.552539 4.625317
v 1.032943 -0.547116 4.639857
v 1.021473 -0.538952 4.648585
v 1.007399 -0.530236 4.649162
v 0.994492 -0.523302 4.641434
v 0.986212 -0.520009 4.627471
v 0.984775 -0.521239 4.611015
v 0.990568 -0.526662 4.596475
v 1.002038 -0.534826 4.587747
v 1.016111 -0.543542 4.587170
v 1.029018 -0.550476 4.594898
v 1.037299 -0.553769 4.608861
v 1.113500 -0.411163 4.605479
v 1.107447 -0.406232 4.620088
v 1.095267 -0.399412 4.629004
v 1.080222 -0.392532 4.629839
v 1.066345 -0.387434 4.622368
v 1.057353 -0.385485 4.608594
v 1.055656 -0.387207 4.592207
v 1.061709 -0.392138 4.577598
v 1.073890 -0.398958 4.568682
v 1.088934 -0.405838 4.567847
v 1.102812 -0.410936 4.575317
v 1.111804 -0.412885 4.589092
v 1.169213 -0.261897 4.581269
v 1.162966 -0.257485 4.595963
v 1.150256 -0.252085 4.605109
v 1.134488 -0.247143 4.606258
v 1.119887 -0.243983 4.599102
v 1.110365 -0.243453 4.585558
v 1.108474 -0.245695 4.569255
v 1.114721 -0.250106 4.554562
v 1.127432 -0.255507 4.545415
v 1.143200 -0.260449 4.544266
v 1.157801 -0.263608 4.551423
v 1.167322 -0.264138 4.564967
v 1.204920 -0.107294 4.553103
v 1.198549 -0.103420 4.567894
v 1.185499 -0.099490 4.577309
v 1.169267 -0.096556 4.578824
v 1.154202 -0.095404 4.572033
v 1.144341 -0.096344 4.558757
v 1.142327 -0.099123 4.542552
v 1.148698 -0.102997 4.527761
v 1.161747 -0.106928 4.518346
v 1.177979 -0.109862 4.516831
v 1.193044 -0.111013 4.523622
v 1.202905 -0.110074 4.536898
v 1.220010 0.050000 4.521461
v 1.213587 0.053326 4.536363
v 1.200393 0.055762 4.546078
v 1.183965 0.056653 4.548004
v 1.168705 0.055762 4.541624
v 1.158700 0.053326 4.528649
v 1.156633 0.050000 4.512554
v 1.163057 0.046673 4.497653
v 1.176250 0.044238 4.487937
v 1.192678 0.043347 4.486012
v 1.207939 0.044238 4.492391
v 1.217943 0.046673 4.505366
v 1.214226 0.207294 4.486886
v 1.207823 0.210074 4.501907
v 1.194684 0.211013 4.511951
v 1.178331 0.209862 4.514327
v 1.163146 0.206928 4.508396
v 1.153197 0.202997 4.495749
v 1.151149 0.199123 4.479775
v 1.157553 0.196344 4.464753
v 1.170691 0.195404 4.454709
v 1.187044 0.196556 4.452334
v 1.202229 0.199490 4.458264
v 1.212179 0.203420 4.470912
v 1.187666 0.361897 4.449968
v 1.181355 0.364138 4.465118
v 1.168469 0.363608 4.475513
v 1.152461 0.360449 4.478368
v 1.137621 0.355507 4.472917
v 1.127924 0.350106 4.460621
v 1.125969 0.345695 4.444775
v 1.132280 0.343453 4.429625
v 1.145166 0.343983 4.419230
v 1.161174 0.347143 4.416376
v 1.176014 0.352085 4.421826
v 1.185711 0.357485 4.434122
v 1.140785 0.511163 4.411340
v 1.134637 0.512885 4.426625
v 1.122197 0.510936 4.437387
v 1.106798 0.505838 4.440743
v 1.092566 0.498957 4.435794
v 1.083315 0.492138 4.423865
v 1.081523 0.487206 4.408154
v 1.087671 0.485485 4.392869
v 1.100111 0.487434 4.382107
v 1.115510 0.492531 4.378751
v 1.129742 0.499412 4.383700
v 1.138993 0.506232 4.395629
v 1.074384 0.652539 4.371663
v 1.068468 0.653769 4.387085
v 1.056659 0.650475 4.398225
v 1.042122 0.643542 4.402096
v 1.028753 0.634825 4.397662
v 1.020133 0.626661 4.386111
v 1.018572 0.621238 4.370537
v 1.024489 0.620008 4.355114
v 1.036298 0.623301 4.343975
v 1.050835 0.630235 4.340104
v 1.064204 0.638952 4.344538
v 1.072824 0.647115 4.356089
v 0.989601 0.783605 4.331614
v 0.983979 0.784379 4.347176
v 0.972976 0.779839 4.358696
v 0.959541 0.771204 4.363088
v 0.947272 0.760785 4.359174
v 0.939459 0.751375 4.348003
v 0.938193 0.745496 4.332569
v 0.943815 0.744722 4.317008
v 0.954818 0.749261 4.305487
v 0.968253 0.757897 4.301095
v 0.980522 0.768316 4.305010
v 0.988335 0.777726 4.316180
v 0.887885 0.902119 4.291881
v 0.882617 0.902480 4.307581
v 0.872582 0.896814 4.319479
v 0.860467 0.886639 4.324386
v 0.849520 0.874681 4.320989
v 0.842673 0.864145 4.310195
v 0.841761 0.857853 4.294900
v 0.847029 0.857491 4.279200
v 0.857065 0.863157 4.267302
v 0.869180 0.873332 4.262394
v 0.880127 0.885290 4.265792
v 0.886974 0.895827 4.276585
v 0.770978 1.006052 4.253141
v 0.766117 1.006052 4.268977
v 0.757192 0.999398 4.281243
v 0.746596 0.987873 4.286654
v 0.737167 0.974565 4.283759
v 0.731432 0.963041 4.273334
v 0.730927 0.956387 4.258173
v 0.735788 0.956388 4.242338
v 0.744712 0.963042 4.230072
v 0.755309 0.974567 4.224661
v 0.764738 0.987874 4.227556
v 0.770473 0.999399 4.237980
v 0.640878 1.093628 4.216059
v 0.636469 1.093323 4.232024
v 0.628782 1.085837 4.244642
v 0.619875 1.073174 4.250535
v 0.612136 1.058729 4.248121
v 0.607637 1.046372 4.238049
v 0.607585 1.039414 4.223017
v 0.611994 1.039719 4.207053
v 0.619681 1.047206 4.194434
v 0.628588 1.059868 4.188542
v 0.636327 1.074313 4.190955
v 0.640826 1.086670 4.201027
v 0.499813 1.163347 4.181269
v 0.495896 1.162799 4.197354
v 0.489549 1.154650 4.210304
v 0.482475 1.141082 4.216648
v 0.476567 1.125731 4.214686
v 0.473410 1.112711 4.204945
v 0.473849 1.105511 4.190034
v 0.477766 1.106058 4.173949
v 0.484112 1.114208 4.161000
v 0.491187 1.127775 4.154655
v 0.497095 1.143126 4.156617
v 0.500252 1.156146 4.166358
v 0.350196 1.214016 4.149366
v 0.346800 1.213292 4.165562
v 0.341876 1.204661 4.178815
v 0.336744 1.190435 4.185574
v 0.332780 1.174426 4.184026
v 0.331045 1.160925 4.174589
v 0.332004 1.153547 4.159789
v 0.335401 1.154271 4.143592
v 0.340325 1.162903 4.130340
v 0.345457 1.177128 4.123581
v 0.349421 1.193137 4.125128
v 0.351156 1.206639 4.134566
v 0.194588 1.244768 4.120896
v 0.191733 1.243937 4.137191
v 0.188288 1.235014 4.150714
v 0.185177 1.220388 4.157843
v 0.183234 1.203981 4.156665
v 0.182978 1.190186 4.147498
v 0.184479 1.182702 4.132797
v 0.187335 1.183533 4.116502
v 0.190779 1.192457 4.102979
v 0.193890 1.207082 4.095850
v 0.195833 1.223490 4.097028
v 0.196089 1.237284 4.106195
v 0.035649 1.255078 4.096345
v 0.033347 1.254211 4.112726
v 0.031413 1.245189 4.126483
v 0.030367 1.230430 4.133930
v 0.030487 1.213889 4.133071
v 0.031743 1.199996 4.124138
v 0.033797 1.192477 4.109522
v 0.036099 1.193343 4.093142
v 0.038032 1.202365 4.079385
v 0.039079 1.217124 4.071938
v 0.038958 1.233666 4.072796
v 0.037703 1.247558 4.081730
v -0.123899 1.244768 4.076136
v -0.125646 1.243937 4.092587
v -0.126063 1.235014 4.106535
v -0.125037 1.220389 4.114245
v -0.122845 1.203981 4.113649
v -0.120072 1.190187 4.104907
v -0.117463 1.182702 4.090362
v -0.115716 1.183533 4.073911
v -0.115299 1.192457 4.059962
v -0.116325 1.207082 4.052253
v -0.118518 1.223490 4.052849
v -0.121290 1.237284 4.061590
v -0.281327 1.214016 4.060611
v -0.282526 1.213292 4.077116
v -0.281446 1.204661 4.091213
v -0.278376 1.190435 4.099124
v -0.274139 1.174427 4.098730
v -0.269870 1.160925 4.090136
v -0.266713 1.153548 4.075644
v -0.265514 1.154272 4.059139
v -0.266594 1.162903 4.045043
v -0.269664 1.177129 4.037132
v -0.273901 1.193137 4.037526
v -0.278170 1.206639 4.046120
v -0.433943 1.163347 4.050038
v -0.434611 1.162799 4.066580
v -0.432080 1.154650 4.080777
v -0.427028 1.141082 4.088826
v -0.420809 1.125731 4.088569
v -0.415089 1.112711 4.080075
v -0.411400 1.105511 4.065621
v -0.410732 1.106058 4.049079
v -0.413263 1.114208 4.034882
v -0.418315 1.127775 4.026834
v -0.424535 1.143126 4.027091
v -0.430255 1.156146 4.035584
v -0.579132 1.093628 4.044598
v -0.579295 1.093323 4.061159
v -0.575384 1.085836 4.075408
v -0.568446 1.073174 4.083527
v -0.560341 1.058729 4.083340
v -0.553241 1.046372 4.074898
v -0.549048 1.039414 4.060463
v -0.548885 1.039719 4.043902
v -0.552796 1.047206 4.029654
v -0.559734 1.059868 4.021534
v -0.567839 1.074313 4.021721
v -0.574939 1.086670 4.030163
v -0.714413 1.006053 4.044384
v -0.714105 1.006052 4.060945
v -0.708907 0.999398 4.075196
v -0.700213 0.987873 4.083318
v -0.690351 0.974566 4.083134
v -0.681965 0.963041 4.074694
v -0.677300 0.956388 4.060259
v -0.677608 0.956388 4.043698
v -0.682806 0.963042 4.029447
v -0.691500 0.974567 4.021325
v -0.701362 0.987875 4.021509
v -0.709749 0.999399 4.029949
v -0.837470 0.902119 4.049397
v -0.836733 0.902481 4.065942
v -0.830366 0.896815 4.080145
v -0.820073 0.886640 4.088202
v -0.808613 0.874682 4.087953
v -0.799057 0.864145 4.079465
v -0.793965 0.857853 4.065013
v -0.794701 0.857492 4.048470
v -0.801068 0.863158 4.034266
v -0.811361 0.873333 4.026209
v -0.822821 0.885291 4.026458
v -0.832377 0.895827 4.034945
v -0.946198 0.783605 4.059556
v -0.945083 0.784379 4.076064
v -0.937682 0.779839 4.090171
v -0.925977 0.771203 4.098095
v -0.913105 0.760785 4.097715
v -0.902515 0.751375 4.089131
v -0.897045 0.745496 4.074644
v -0.898159 0.744722 4.058135
v -0.905560 0.749261 4.044028
v -0.917265 0.757897 4.036103
v -0.930137 0.768316 4.036484
v -0.940727 0.777725 4.045068
v -1.038735 0.652539 4.074683
v -1.037299 0.653769 4.091139
v -1.029018 0.650476 4.105102
v -1.016112 0.643542 4.112830
v -1.002038 0.634825 4.112253
v -0.990568 0.626662 4.103525
v -0.984775 0.621238 4.088985
v -0.986212 0.620009 4.072529
v -0.994493 0.623302 4.058566
v -1.007399 0.630236 4.050838
v -1.021473 0.638952 4.051415
v -1.032943 0.647116 4.060143
v -1.113500 0.511164 4.094521
v -1.111803 0.512886 4.110908
v -1.102812 0.510936 4.124682
v -1.088934 0.505839 4.132153
v -1.073890 0.498958 4.131318
v -1.061709 0.492139 4.122402
v -1.055656 0.487207 4.107792
v -1.057353 0.485485 4.091405
v -1.066344 0.487435 4.077631
v -1.080222 0.492532 4.070161
v -1.095266 0.499413 4.070995
v -1.107447 0.506232 4.079912
v -1.169213 0.361897 4.118731
v -1.167322 0.364138 4.135033
v -1.157801 0.363608 4.148577
v -1.143200 0.360449 4.155734
v -1.127432 0.355507 4.154584
v -1.114721 0.350106 4.145438
v -1.108475 0.345694 4.130744
v -1.110365 0.343453 4.114442
v -1.119887 0.343983 4.100898
v -1.134488 0.347142 4.093741
v -1.150256 0.352084 4.094891
v -1.162966 0.357485 4.104037
v -1.204920 0.207294 4.146897
v -1.202905 0.210073 4.163102
v -1.193044 0.211013 4.176378
v -1.177979 0.209862 4.183168
v -1.161748 0.206928 4.181653
v -1.148698 0.202997 4.172239
v -1.142327 0.199123 4.157448
v -1.144341 0.196344 4.141243
v -1.154202 0.195404 4.127967
v -1.169267 0.196555 4.121176
v -1.185499 0.199490 4.122691
v -1.198549 0.203420 4.132106
vn -0.9903 -0.0000 -0.1392
vn -0.9277 0.1030 0.3590
vn -0.6203 0.1791 0.7636
vn -0.1468 0.2079 0.9671
vn 0.3685 0.1810 0.9118
vn 0.7862 0.1049 0.6090
vn 0.9903 -0.0000 0.1392
vn 0.9236 -0.1049 -0.3687
vn 0.6056 -0.1810 -0.7749
vn 0.1254 -0.2079 -0.9701
vn -0.3858 -0.1791 -0.9050
vn -0.7928 -0.1030 -0.6007
vn -0.9856 -0.1277 -0.1111
vn -0.9236 -0.0079 0.3833
vn -0.6179 0.1142 0.7779
vn -0.1467 0.2065 0.9674
vn 0.3662 0.2438 0.8980
vn 0.7821 0.2152 0.5848
vn 0.9856 0.1277 0.1111
vn 0.9195 0.0053 -0.3930
vn 0.6033 -0.1182 -0.7887
vn 0.1255 -0.2093 -0.9698
vn -0.3834 -0.2439 -0.8908
vn -0.7887 -0.2139 -0.5764
vn -0.9640 -0.2532 -0.0811
vn -0.9049 -0.1169 0.4094
vn -0.6070 0.0505 0.7931
vn -0.1465 0.2052 0.9677
vn 0.3556 0.3055 0.8833
vn 0.7635 0.3235 0.5589
vn 0.9640 0.2532 0.0811
vn 0.9009 0.1136 -0.4188
vn 0.5927 -0.0565 -0.8035
vn 0.1257 -0.2106 -0.9694
vn -0.3725 -0.3077 -0.8756
vn -0.7700 -0.3229 -0.5503
vn -0.9260 -0.3743 -0.0498
vn -0.8718 -0.2222 0.4366
vn -0.5876 -0.0111 0.8090
vn -0.1461 0.2039 0.9680
vn 0.3369 0.3651 0.8679
vn 0.7307 0.4281 0.5319
vn 0.9260 0.3743 0.0498
vn 0.8681 0.2182 -0.4459
vn 0.5739 0.0031 -0.8189
vn 0.1261 -0.2119 -0.9691
vn -0.3531 -0.3692 -0.8596
vn -0.7369 -0.4282 -0.5231
vn -0.8721 -0.4891 -0.0176
vn -0.8250 -0.3218 0.4646
vn -0.5603 -0.0694 0.8254
vn -0.1455 0.2026 0.9684
vn 0.3104 0.4216 0.8520
vn 0.6841 0.5271 0.5041
vn 0.8721 0.4891 0.0176
vn 0.8215 0.3173 -0.4737
vn 0.5474 0.0595 -0.8347
vn 0.1267 -0.2132 -0.9688
vn -0.3258 -0.4275 -0.8433
vn -0.6901 -0.5278 -0.4951
vn -0.8032 -0.5955 0.0149
vn -0.7652 -0.4143 0.4928
vn -0.5253 -0.1234 0.8419
vn -0.1448 0.2015 0.9687
vn 0.2765 0.4739 0.8360
vn 0.6247 0.6190 0.4760
vn 0.8032 0.5955 -0.0149
vn 0.7621 0.4091 -0.5018
vn 0.5136 0.1118 -0.8507
vn 0.1275 -0.2143 -0.9684
vn -0.2908 -0.4816 -0.8268
vn -0.6303 -0.6203 -0.4669
vn -0.7207 -0.6917 0.0472
vn -0.6935 -0.4978 0.5208
vn -0.4834 -0.1723 0.8583
vn -0.1439 0.2004 0.9691
vn 0.2359 0.5212 0.8202
vn 0.5534 0.7020 0.4482
vn 0.7207 0.6917 -0.0472
vn 0.6909 0.4922 -0.5296
vn 0.4730 0.1592 -0.8666
vn 0.1284 -0.2154 -0.9681
vn -0.2488 -0.5304 -0.8104
vn -0.5586 -0.7038 -0.4389
vn -0.6258 -0.7760 0.0786
vn -0.6110 -0.5711 0.5481
vn -0.4352 -0.2151 0.8743
vn -0.1429 0.1995 0.9694
vn 0.1893 0.5627 0.8047
vn 0.4715 0.7749 0.4210
vn 0.6258 0.7760 -0.0786
vn 0.6089 0.5650 -0.5568
vn 0.4263 0.2006 -0.8820
vn 0.1294 -0.2163 -0.9677
vn -0.2006 -0.5733 -0.7944
vn -0.4762 -0.7771 -0.4116
vn -0.5202 -0.8471 0.1087
vn -0.5193 -0.6329 0.5743
vn -0.3815 -0.2512 0.8896
vn -0.1417 0.1988 0.9697
vn 0.1373 0.5977 0.7899
vn 0.3804 0.8362 0.3950
vn 0.5202 0.8471 -0.1087
vn 0.5178 0.6263 -0.5827
vn 0.3744 0.2356 -0.8968
vn 0.1305 -0.2170 -0.9674
vn -0.1470 -0.6094 -0.7791
vn -0.3844 -0.8389 -0.3854
vn -0.4057 -0.9037 0.1370
vn -0.4199 -0.6820 0.5988
vn -0.3234 -0.2800 0.9039
vn -0.1405 0.1982 0.9700
vn 0.0810 0.6255 0.7760
vn 0.2815 0.8851 0.3707
vn 0.4057 0.9037 -0.1370
vn 0.4189 0.6752 -0.6071
vn 0.3181 0.2634 -0.9107
vn 0.1318 -0.2176 -0.9671
vn -0.0888 -0.6382 -0.7648
vn -0.2850 -0.8880 -0.3609
vn -0.2843 -0.9448 0.1629
vn -0.3144 -0.7177 0.6213
vn -0.2617 -0.3009 0.9171
vn -0.1392 0.1977 0.9703
vn 0.0213 0.6457 0.7633
vn 0.1767 0.9206 0.3483
vn 0.2842 0.9448 -0.1629
vn 0.3141 0.7107 -0.6295
vn 0.2583 0.2837 -0.9235
vn 0.1331 -0.2181 -0.9668
vn -0.0271 -0.6591 -0.7516
vn -0.1795 -0.9237 -0.3384
vn -0.1579 -0.9698 0.1860
vn -0.2046 -0.7394 0.6414
vn -0.1975 -0.3136 0.9288
vn -0.1378 0.1974 0.9706
vn -0.0408 0.6580 0.7519
vn 0.0676 0.9421 0.3283
vn 0.1579 0.9698 -0.1860
vn 0.2051 0.7323 -0.6494
vn 0.1962 0.2959 -0.9348
vn 0.1344 -0.2184 -0.9666
vn 0.0370 -0.6717 -0.7399
vn -0.0698 -0.9454 -0.3183
vn -0.0289 -0.9781 0.2059
vn -0.0926 -0.7467 0.6587
vn -0.1320 -0.3178 0.9389
vn -0.1364 0.1974 0.9708
vn -0.1043 0.6621 0.7421
vn -0.0437 0.9494 0.3111
vn 0.0289 0.9781 -0.2059
vn 0.0937 0.7395 -0.6666
vn 0.1328 0.3001 -0.9446
vn 0.1358 -0.2184 -0.9664
vn 0.1026 -0.6760 -0.7297
vn 0.0423 -0.9527 -0.3010
vn 0.1006 -0.9698 0.2223
vn 0.0199 -0.7394 0.6729
vn -0.0662 -0.3136 0.9473
vn -0.1350 0.1974 0.9710
vn -0.1680 0.6580 0.7340
vn -0.1555 0.9421 0.2970
vn -0.1006 0.9698 -0.2223
vn -0.0181 0.7323 -0.6808
vn 0.0691 0.2959 -0.9527
vn 0.1372 -0.2184 -0.9662
vn 0.1683 -0.6717 -0.7214
vn 0.1548 -0.9454 -0.2867
vn 0.2284 -0.9448 0.2349
vn 0.1309 -0.7177 0.6839
vn -0.0013 -0.3009 0.9537
vn -0.1337 0.1977 0.9711
vn -0.2308 0.6457 0.7278
vn -0.2658 0.9206 0.2861
vn -0.2284 0.9448 -0.2349
vn -0.1284 0.7107 -0.6917
vn 0.0062 0.2837 -0.9589
vn 0.1386 -0.2181 -0.9660
vn 0.2333 -0.6591 -0.7150
vn 0.2658 -0.9237 -0.2758
vn 0.3522 -0.9037 0.2435
vn 0.2385 -0.6820 0.6913
vn 0.0617 -0.2800 0.9580
vn -0.1323 0.1982 0.9712
vn -0.2918 0.6255 0.7236
vn -0.3728 0.8851 0.2787
vn -0.3522 0.9037 -0.2435
vn -0.2354 0.6752 -0.6991
vn -0.0547 0.2634 -0.9631
vn 0.1399 -0.2176 -0.9659
vn 0.2962 -0.6382 -0.7107
vn 0.3734 -0.8880 -0.2684
vn 0.4701 -0.8471 0.2479
vn 0.3409 -0.6329 0.6952
vn 0.1215 -0.2512 0.9603
vn -0.1311 0.1988 0.9712
vn -0.3497 0.5977 0.7215
vn -0.4745 0.8362 0.2749
vn -0.4701 0.8471 -0.2479
vn -0.3371 0.6264 -0.7029
vn -0.1127 0.2356 -0.9653
vn 0.1412 -0.2170 -0.9659
vn 0.3561 -0.6094 -0.7084
vn 0.4758 -0.8389 -0.2645
vn 0.5799 -0.7760 0.2481
vn 0.4363 -0.5711 0.6953
vn 0.1773 -0.2151 0.9604
vn -0.1299 0.1995 0.9712
vn -0.4037 0.5627 0.7214
vn -0.5693 0.7749 0.2747
vn -0.5799 0.7760 -0.2481
vn -0.4319 0.5650 -0.7030
vn -0.1667 0.2006 -0.9654
vn 0.1424 -0.2163 -0.9659
vn 0.4118 -0.5733 -0.7083
vn 0.5712 -0.7771 -0.2644
vn 0.6798 -0.6917 0.2440
vn 0.5231 -0.4978 0.6918
vn 0.2281 -0.1723 0.9583
vn -0.1288 0.2004 0.9712
vn -0.4529 0.5212 0.7234
vn -0.6555 0.7020 0.2783
vn -0.6798 0.6917 -0.2440
vn -0.5181 0.4922 -0.6995
vn -0.2158 0.1592 -0.9634
vn 0.1435 -0.2154 -0.9659
vn 0.4626 -0.5304 -0.7104
vn 0.6579 -0.7038 -0.2679
vn 0.7680 -0.5955 0.2358
vn 0.5997 -0.4143 0.6846
vn 0.2729 -0.1234 0.9541
vn -0.1278 0.2015 0.9711
vn -0.4963 0.4739 0.7274
vn -0.7317 0.6190 0.2854
vn -0.7680 0.5955 -0.2358
vn -0.5943 0.4091 -0.6924
vn -0.2592 0.1118 -0.9593
vn 0.1444 -0.2143 -0.9660
vn 0.5074 -0.4816 -0.7146
vn 0.7346 -0.6203 -0.2751
vn 0.8431 -0.4891 0.2235
vn 0.6650 -0.3218 0.6740
vn 0.3110 -0.0694 0.9479
vn -0.1270 0.2026 0.9710
vn -0.5332 0.4216 0.7335
vn -0.7966 0.5271 0.2960
vn -0.8431 0.4891 -0.2235
vn -0.6592 0.3173 -0.6818
vn -0.2962 0.0595 -0.9533
vn 0.1452 -0.2132 -0.9662
vn 0.5456 -0.4275 -0.7208
vn 0.7998 -0.5278 -0.2857
vn 0.9038 -0.3743 0.2074
vn 0.7177 -0.2222 0.6600
vn 0.3419 -0.0111 0.9397
vn -0.1264 0.2039 0.9708
vn -0.5631 0.3651 0.7414
vn -0.8490 0.4281 0.3099
vn -0.9038 0.3743 -0.2074
vn -0.7115 0.2182 -0.6679
vn -0.3260 0.0031 -0.9454
vn 0.1459 -0.2119 -0.9663
vn 0.5764 -0.3692 -0.7290
vn 0.8526 -0.4282 -0.2997
vn 0.9490 -0.2532 0.1877
vn 0.7570 -0.1169 0.6429
vn 0.3649 0.0505 0.9297
vn -0.1259 0.2052 0.9706
vn -0.5853 0.3055 0.7510
vn -0.8880 0.3235 0.3268
vn -0.9490 0.2532 -0.1877
vn -0.7506 0.1136 -0.6509
vn -0.3482 -0.0565 -0.9357
vn 0.1464 -0.2106 -0.9665
vn 0.5994 -0.3077 -0.7390
vn 0.8918 -0.3229 -0.3168
vn 0.9780 -0.1277 0.1649
vn 0.7821 -0.0079 0.6231
vn 0.3796 0.1142 0.9181
vn -0.1256 0.2065 0.9703
vn -0.5996 0.2438 0.7623
vn -0.9130 0.2152 0.3466
vn -0.9780 0.1277 -0.1649
vn -0.7756 0.0053 -0.6312
vn -0.3625 -0.1182 -0.9245
vn 0.1467 -0.2093 -0.9668
vn 0.6141 -0.2439 -0.7506
vn 0.9170 -0.2139 -0.3366
vn 0.7928 0.1030 0.6007
vn 0.3858 0.1791 0.9050
vn -0.1255 0.2079 0.9701
vn -0.6056 0.1810 0.7749
vn -0.9236 0.1049 0.3687
vn -0.7862 -0.1049 -0.6090
vn -0.3685 -0.1810 -0.9118
vn 0.1468 -0.2079 -0.9671
vn 0.6203 -0.1791 -0.7636
vn 0.9277 -0.1030 -0.3590
vn 0.7887 0.2139 0.5764
vn 0.3834 0.2439 0.8908
vn -0.1255 0.2093 0.9698
vn -0.6033 0.1182 0.7887
vn -0.9195 -0.0053 0.3930
vn -0.7821 -0.2152 -0.5848
vn -0.3662 -0.2438 -0.8980
vn 0.1467 -0.2065 -0.9674
vn 0.6179 -0.1142 -0.7779
vn 0.9236 0.0079 -0.3833
vn 0.7700 0.3229 0.5503
vn 0.3725 0.3077 0.8756
vn -0.1257 0.2106 0.9694
vn -0.5927 0.0565 0.8035
vn -0.9009 -0.1136 0.4188
vn -0.7635 -0.3235 -0.5589
vn -0.3556 -0.3055 -0.8833
vn 0.1465 -0.2052 -0.9677
vn 0.6070 -0.0505 -0.7931
vn 0.9049 0.1169 -0.4094
vn 0.7369 0.4282 0.5231
vn 0.3531 0.3692 0.8596
vn -0.1261 0.2119 0.9691
vn -0.5739 -0.0031 0.8189
vn -0.8681 -0.2182 0.4459
vn -0.7307 -0.4281 -0.5319
vn -0.3369 -0.3651 -0.8679
vn 0.1461 -0.2039 -0.9680
vn 0.5876 0.0111 -0.8090
vn 0.8718 0.2222 -0.4366
vn 0.6901 0.5278 0.4951
vn 0.3258 0.4275 0.8433
vn -0.1267 0.2132 0.9688
vn -0.5474 -0.0595 0.8347
vn -0.8215 -0.3173 0.4737
vn -0.6841 -0.5271 -0.5041
vn -0.3104 -0.4216 -0.8520
vn 0.1455 -0.2026 -0.9684
vn 0.5603 0.0694 -0.8254
vn 0.8250 0.3218 -0.4646
vn 0.6303 0.6203 0.4669
vn 0.2908 0.4816 0.8268
vn -0.1275 0.2143 0.9684
vn -0.5136 -0.1118 0.8507
vn -0.7621 -0.4091 0.5018
vn -0.6247 -0.6190 -0.4760
vn -0.2765 -0.4739 -0.8360
vn 0.1448 -0.2015 -0.9687
vn 0.5253 0.1234 -0.8419
vn 0.7652 0.4143 -0.4928
vn 0.5586 0.7038 0.4389
vn 0.2489 0.5304 0.8104
vn -0.1284 0.2154 0.9681
vn -0.4730 -0.1592 0.8666
vn -0.6909 -0.4922 0.5296
vn -0.5534 -0.7020 -0.4482
vn -0.2359 -0.5212 -0.8202
vn 0.1439 -0.2004 -0.9691
vn 0.4834 0.1723 -0.8583
vn 0.6935 0.4978 -0.5208
vn 0.4762 0.7771 0.4116
vn 0.2006 0.5733 0.7944
vn -0.1294 0.2163 0.9677
vn -0.4263 -0.2006 0.8820
vn -0.6089 -0.5650 0.5568
vn -0.4715 -0.7749 -0.4210
vn -0.1893 -0.5627 -0.8047
vn 0.1429 -0.1995 -0.9694
vn 0.4352 0.2151 -0.8743
vn 0.6110 0.5711 -0.5481
vn 0.3844 0.8388 0.3854
vn 0.1470 0.6094 0.7791
vn -0.1305 0.2170 0.9674
vn -0.3744 -0.2356 0.8968
vn -0.5178 -0.6264 0.5827
vn -0.3804 -0.8362 -0.3950
vn -0.1373 -0.5977 -0.7899
vn 0.1417 -0.1988 -0.9697
vn 0.3815 0.2512 -0.8896
vn 0.5193 0.6329 -0.5743
vn 0.2850 0.8880 0.3609
vn 0.0888 0.6382 0.7648
vn -0.1318 0.2176 0.9671
vn -0.3181 -0.2634 0.9107
vn -0.4189 -0.6752 0.6071
vn -0.2815 -0.8851 -0.3707
vn -0.0810 -0.6255 -0.7760
vn 0.1405 -0.1982 -0.9700
vn 0.3233 0.2800 -0.9039
vn 0.4199 0.6820 -0.5988
vn 0.2843 0.9448 -0.1629
vn 0.1795 0.9237 0.3384
vn 0.0271 0.6591 0.7516
vn -0.1331 0.2181 0.9668
vn -0.2583 -0.2837 0.9235
vn -0.3141 -0.7107 0.6295
vn -0.1767 -0.9206 -0.3483
vn -0.0213 -0.6457 -0.7633
vn 0.1392 -0.1977 -0.9703
vn 0.2617 0.3009 -0.9171
vn 0.3144 0.7177 -0.6213
vn 0.0698 0.9454 0.3183
vn -0.0370 0.6717 0.7399
vn -0.1344 0.2183 0.9666
vn -0.1962 -0.2959 0.9348
vn -0.2051 -0.7323 0.6494
vn -0.0676 -0.9421 -0.3283
vn 0.0408 -0.6580 -0.7519
vn 0.1378 -0.1974 -0.9706
vn 0.1975 0.3136 -0.9288
vn 0.2046 0.7394 -0.6414
vn -0.0423 0.9527 0.3010
vn -0.1026 0.6760 0.7297
vn -0.1358 0.2184 0.9664
vn -0.1328 -0.3001 0.9446
vn -0.0937 -0.7395 0.6666
vn 0.0437 -0.9494 -0.3111
vn 0.1043 -0.6621 -0.7421
vn 0.1364 -0.1974 -0.9708
vn 0.1320 0.3178 -0.9389
vn 0.0926 0.7467 -0.6587
vn -0.1548 0.9454 0.2868
vn -0.1683 0.6717 0.7214
vn -0.1372 0.2183 0.9662
vn -0.0691 -0.2959 0.9527
vn 0.0181 -0.7323 0.6808
vn 0.1555 -0.9421 -0.2970
vn 0.1680 -0.6580 -0.7340
vn 0.1350 -0.1974 -0.9710
vn 0.0662 0.3136 -0.9473
vn -0.0199 0.7394 -0.6729
vn -0.2283 0.9448 -0.2349
vn -0.2658 0.9237 0.2758
vn -0.2333 0.6591 0.7150
vn -0.1386 0.2181 0.9660
vn -0.0062 -0.2837 0.9589
vn 0.1284 -0.7107 0.6917
vn 0.2658 -0.9206 -0.2861
vn 0.2308 -0.6457 -0.7279
vn 0.1337 -0.1977 -0.9711
vn 0.0013 0.3009 -0.9537
vn -0.1309 0.7177 -0.6839
vn -0.3734 0.8880 0.2683
vn -0.2962 0.6382 0.7107
vn -0.1399 0.2176 0.9659
vn 0.0547 -0.2634 0.9631
vn 0.2354 -0.6752 0.6991
vn 0.3728 -0.8851 -0.2787
vn 0.2918 -0.6255 -0.7236
vn 0.1323 -0.1982 -0.9712
vn -0.0617 0.2800 -0.9580
vn -0.2385 0.6820 -0.6913
vn -0.4758 0.8388 0.2645
vn -0.3561 0.6094 0.7084
vn -0.1412 0.2170 0.9659
vn 0.1127 -0.2356 0.9653
vn 0.3371 -0.6263 0.7029
vn 0.4745 -0.8362 -0.2749
vn 0.3497 -0.5977 -0.7215
vn 0.1311 -0.1988 -0.9712
vn -0.1215 0.2512 -0.9603
vn -0.3409 0.6329 -0.6952
vn -0.5712 0.7771 0.2644
vn -0.4118 0.5733 0.7083
vn -0.1424 0.2163 0.9659
vn 0.1667 -0.2006 0.9654
vn 0.4319 -0.5650 0.7030
vn 0.5693 -0.7749 -0.2747
vn 0.4037 -0.5627 -0.7214
vn 0.1299 -0.1995 -0.9712
vn -0.1773 0.2151 -0.9604
vn -0.4363 0.5711 -0.6953
vn -0.6579 0.7038 0.2679
vn -0.4626 0.5304 0.7104
vn -0.1435 0.2154 0.9659
vn 0.2158 -0.1592 0.9634
vn 0.5181 -0.4922 0.6995
vn 0.6555 -0.7020 -0.2782
vn 0.4529 -0.5212 -0.7234
vn 0.1288 -0.2004 -0.9712
vn -0.2281 0.1723 -0.9583
vn -0.5231 0.4978 -0.6918
vn -0.7680 0.5955 -0.2357
vn -0.7346 0.6203 0.2751
vn -0.5074 0.4816 0.7146
vn -0.1444 0.2143 0.9660
vn 0.2592 -0.1118 0.9593
vn 0.5943 -0.4091 0.6924
vn 0.7680 -0.5955 0.2357
vn 0.7317 -0.6190 -0.2854
vn 0.4963 -0.4739 -0.7274
vn 0.1278 -0.2015 -0.9711
vn -0.2729 0.1234 -0.9541
vn -0.5997 0.4143 -0.6846
vn -0.7998 0.5278 0.2857
vn -0.5456 0.4275 0.7208
vn -0.1452 0.2132 0.9662
vn 0.2961 -0.0595 0.9533
vn 0.6591 -0.3173 0.6818
vn 0.7966 -0.5271 -0.2960
vn 0.5332 -0.4216 -0.7335
vn 0.1270 -0.2026 -0.9710
vn -0.3111 0.0694 -0.9479
vn -0.6650 0.3218 -0.6740
vn -0.8526 0.4282 0.2997
vn -0.5764 0.3692 0.7290
vn -0.1459 0.2119 0.9663
vn 0.3260 -0.0031 0.9454
vn 0.7115 -0.2182 0.6679
vn 0.8490 -0.4281 -0.3099
vn 0.5630 -0.3651 -0.7414
vn 0.1264 -0.2039 -0.9708
vn -0.3419 0.0111 -0.9397
vn -0.7177 0.2222 -0.6600
vn -0.8918 0.3229 0.3168
vn -0.5994 0.3077 0.7390
vn -0.1464 0.2106 0.9665
vn 0.3482 0.0565 0.9357
vn 0.7506 -0.1136 0.6509
vn 0.8880 -0.3235 -0.3268
vn 0.5853 -0.3055 -0.7511
vn 0.1259 -0.2052 -0.9706
vn -0.3649 -0.0505 -0.9297
vn -0.7570 0.1169 -0.6429
vn -0.9170 0.2139 0.3366
vn -0.6141 0.2439 0.7506
vn -0.1467 0.2093 0.9668
vn 0.3625 0.1182 0.9245
vn 0.7756 -0.0053 0.6312
vn 0.9130 -0.2152 -0.3466
vn 0.5996 -0.2438 -0.7623
vn 0.1256 -0.2065 -0.9703
vn -0.3796 -0.1142 -0.9181
vn -0.7821 0.0079 -0.6231
vt 0.500000 0.500000
vt 0.520833 0.583333
vt 0.500000 0.583333
vt 0.500000 0.666667
vt 0.520833 0.666667
vt 0.500000 0.750000
vt 0.520833 0.750000
vt 0.500000 0.833333
vt 0.520833 0.916667
vt 0.500000 0.916667
vt 0.520833 1.000000
vt 0.500000 1.000000
vt 0.520833 0.000000
vt 0.500000 0.083333
vt 0.500000 0.000000
vt 0.520833 0.083333
vt 0.500000 0.166667
vt 0.520833 0.166667
vt 0.500000 0.250000
vt 0.520833 0.333333
vt 0.500000 0.333333
vt 0.500000 0.416667
vt 0.520833 0.416667
vt 0.541667 0.500000
vt 0.520833 0.500000
vt 0.541667 0.583333
vt 0.541667 0.750000
vt 0.520833 0.833333
vt 0.541667 0.833333
vt 0.541667 1.000000
vt 0.541667 0.000000
vt 0.541667 0.166667
vt 0.541667 0.250000
vt 0.520833 0.250000
vt 0.541667 0.333333
vt 0.541667 0.416667
vt 0.562500 0.583333
vt 0.541667 0.666667
vt 0.562500 0.750000
vt 0.562500 0.833333
vt 0.541667 0.916667
vt 0.562500 1.000000
vt 0.562500 0.000000
vt 0.541667 0.083333
vt 0.562500 0.083333
vt 0.562500 0.250000
vt 0.562500 0.333333
vt 0.562500 0.416667
vt 0.562500 0.500000
vt 0.583333 0.583333
vt 0.562500 0.666667
vt 0.583333 0.666667
vt 0.583333 0.750000
vt 0.583333 0.833333
vt 0.562500 0.916667
vt 0.583333 0.916667
vt 0.583333 0.000000
vt 0.583333 0.166667
vt 0.562500 0.166667
vt 0.583333 0.250000
vt 0.583333 0.333333
vt 0.583333 0.416667
vt 0.583333 0.500000
vt 0.604167 0.583333
vt 0.604167 0.750000
vt 0.604167 0.833333
vt 0.604167 1.000000
vt 0.583333 1.000000
vt 0.604167 0.000000
vt 0.583333 0.083333
vt 0.604167 0.083333
vt 0.604167 0.166667
vt 0.604167 0.250000
vt 0.604167 0.416667
vt 0.625000 0.500000
vt 0.604167 0.500000
vt 0.625000 0.583333
vt 0.604167 0.666667
vt 0.625000 0.750000
vt 0.625000 0.833333
vt 0.604167 0.916667
vt 0.625000 0.916667
vt 0.625000 0.000000
vt 0.625000 0.083333
vt 0.625000 0.250000
vt 0.604167 0.333333
vt 0.625000 0.416667
vt 0.645833 0.500000
vt 0.645833 0.666667
vt 0.625000 0.666667
vt 0.645833 0.750000
vt 0.645833 0.916667
vt 0.625000 1.000000
vt 0.645833 0.083333
vt 0.645833 0.166667
vt 0.625000 0.166667
vt 0.645833 0.250000
vt 0.645833 0.333333
vt 0.625000 0.333333
vt 0.645833 0.416667
vt 0.666667 0.500000
vt 0.645833 0.583333
vt 0.666667 0.666667
vt 0.666667 0.750000
vt 0.645833 0.833333
vt 0.666667 0.916667
vt 0.645833 1.000000
vt 0.666667 0.000000
vt 0.645833 0.000000
vt 0.666667 0.083333
vt 0.666667 0.166667
vt 0.666667 0.250000
vt 0.666667 0.333333
vt 0.666667 0.416667
vt 0.687500 0.500000
vt 0.666667 0.583333
vt 0.687500 0.583333
vt 0.687500 0.750000
vt 0.666667 0.833333
vt 0.687500 0.916667
vt 0.666667 1.000000
vt 0.687500 0.083333
vt 0.687500 0.166667
vt 0.687500 0.250000
vt 0.687500 0.333333
vt 0.708333 0.500000
vt 0.708333 0.583333
vt 0.687500 0.666667
vt 0.708333 0.750000
vt 0.687500 0.833333
vt 0.708333 0.833333
vt 0.708333 0.916667
vt 0.687500 1.000000
vt 0.687500 0.000000
vt 0.708333 0.083333
vt 0.708333 0.166667
vt 0.708333 0.250000
vt 0.708333 0.416667
vt 0.687500 0.416667
vt 0.729167 0.500000
vt 0.729167 0.583333
vt 0.708333 0.666667
vt 0.729167 0.666667
vt 0.729167 0.750000
vt 0.729167 0.833333
vt 0.729167 0.916667
vt 0.708333 1.000000
vt 0.708333 0.000000
vt 0.729167 0.083333
vt 0.729167 0.166667
vt 0.729167 0.250000
vt 0.708333 0.333333
vt 0.729167 0.333333
vt 0.729167 0.416667
vt 0.750000 0.500000
vt 0.750000 0.583333
vt 0.750000 0.750000
vt 0.750000 0.916667
vt 0.729167 1.000000
vt 0.750000 0.000000
vt 0.729167 0.000000
vt 0.750000 0.083333
vt 0.750000 0.166667
vt 0.750000 0.250000
vt 0.750000 0.333333
vt 0.750000 0.416667
vt 0.770833 0.500000
vt 0.770833 0.666667
vt 0.750000 0.666667
vt 0.770833 0.750000
vt 0.750000 0.833333
vt 0.770833 0.833333
vt 0.770833 0.916667
vt 0.750000 1.000000
vt 0.770833 0.000000
vt 0.770833 0.083333
vt 0.770833 0.166667
vt 0.770833 0.250000
vt 0.770833 0.333333
vt 0.791667 0.500000
vt 0.770833 0.583333
vt 0.791667 0.583333
vt 0.791667 0.666667
vt 0.791667 0.750000
vt 0.791667 0.833333
vt 0.791667 0.916667
vt 0.770833 1.000000
vt 0.791667 0.083333
vt 0.791667 0.250000
vt 0.791667 0.333333
vt 0.770833 0.416667
vt 0.791667 0.416667
vt 0.812500 0.500000
vt 0.812500 0.666667
vt 0.812500 0.833333
vt 0.812500 0.916667
vt 0.791667 1.000000
vt 0.791667 0.000000
vt 0.812500 0.083333
vt 0.791667 0.166667
vt 0.812500 0.166667
vt 0.812500 0.250000
vt 0.812500 0.333333
vt 0.833333 0.500000
vt 0.812500 0.583333
vt 0.833333 0.666667
vt 0.812500 0.750000
vt 0.833333 0.750000
vt 0.833333 0.833333
vt 0.833333 0.916667
vt 0.812500 1.000000
vt 0.812500 0.000000
vt 0.833333 0.083333
vt 0.833333 0.166667
vt 0.833333 0.250000
vt 0.833333 0.333333
vt 0.812500 0.416667
vt 0.833333 0.416667
vt 0.854167 0.500000
vt 0.833333 0.583333
vt 0.854167 0.583333
vt 0.854167 0.750000
vt 0.854167 0.833333
vt 0.854167 1.000000
vt 0.833333 1.000000
vt 0.854167 0.000000
vt 0.833333 0.000000
vt 0.854167 0.083333
vt 0.854167 0.166667
vt 0.854167 0.250000
vt 0.854167 0.333333
vt 0.854167 0.416667
vt 0.875000 0.583333
vt 0.854167 0.666667
vt 0.875000 0.750000
vt 0.875000 0.833333
vt 0.854167 0.916667
vt 0.875000 0.916667
vt 0.875000 0.000000
vt 0.875000 0.083333
vt 0.875000 0.166667
vt 0.875000 0.250000
vt 0.875000 0.416667
vt 0.875000 0.500000
vt 0.895833 0.583333
vt 0.875000 0.666667
vt 0.895833 0.666667
vt 0.895833 0.750000
vt 0.895833 0.833333
vt 0.895833 0.916667
vt 0.875000 1.000000
vt 0.895833 0.000000
vt 0.895833 0.166667
vt 0.895833 0.250000
vt 0.875000 0.333333
vt 0.895833 0.416667
vt 0.916667 0.500000
vt 0.895833 0.500000
vt 0.916667 0.666667
vt 0.916667 0.750000
vt 0.916667 0.833333
vt 0.916667 1.000000
vt 0.895833 1.000000
vt 0.916667 0.000000
vt 0.895833 0.083333
vt 0.916667 0.083333
vt 0.916667 0.250000
vt 0.895833 0.333333
vt 0.916667 0.333333
vt 0.937500 0.500000
vt 0.916667 0.583333
vt 0.937500 0.666667
vt 0.937500 0.750000
vt 0.937500 0.916667
vt 0.916667 0.916667
vt 0.937500 1.000000
vt 0.937500 0.000000
vt 0.937500 0.166667
vt 0.916667 0.166667
vt 0.937500 0.333333
vt 0.916667 0.416667
vt 0.937500 0.416667
vt 0.958333 0.583333
vt 0.937500 0.583333
vt 0.958333 0.666667
vt 0.958333 0.750000
vt 0.937500 0.833333
vt 0.958333 0.916667
vt 0.958333 1.000000
vt 0.958333 0.000000
vt 0.937500 0.083333
vt 0.958333 0.083333
vt 0.958333 0.166667
vt 0.937500 0.250000
vt 0.958333 0.333333
vt 0.958333 0.416667
vt 0.979167 0.500000
vt 0.958333 0.500000
vt 0.979167 0.583333
vt 0.979167 0.666667
vt 0.979167 0.750000
vt 0.958333 0.833333
vt 0.979167 0.833333
vt 0.979167 1.000000
vt 0.979167 0.000000
vt 0.979167 0.083333
vt 0.979167 0.250000
vt 0.958333 0.250000
vt 0.979167 0.416667
vt 1.000000 0.500000
vt 1.000000 0.583333
vt 1.000000 0.666667
vt 1.000000 0.833333
vt 0.979167 0.916667
vt 1.000000 0.916667
vt 1.000000 0.000000
vt 1.000000 0.083333
vt 0.979167 0.166667
vt 1.000000 0.166667
vt 1.000000 0.333333
vt 0.979167 0.333333
vt 1.000000 0.416667
vt 0.020833 0.500000
vt 0.000000 0.583333
vt 0.000000 0.500000
vt 0.020833 0.666667
vt 0.000000 0.666667
vt 0.000000 0.750000
vt 0.020833 0.750000
vt 0.000000 0.833333
vt 0.020833 0.833333
vt 0.000000 0.916667
vt 0.020833 0.916667
vt 0.000000 1.000000
vt 0.020833 0.000000
vt 0.000000 0.083333
vt 0.000000 0.000000
vt 0.020833 0.083333
vt 0.000000 0.166667
vt 0.020833 0.166667
vt 0.000000 0.250000
vt 0.020833 0.250000
vt 0.000000 0.333333
vt 0.020833 0.333333
vt 0.000000 0.416667
vt 0.041667 0.500000
vt 0.020833 0.583333
vt 0.041667 0.666667
vt 0.041667 0.750000
vt 0.041667 0.916667
vt 0.020833 1.000000
vt 0.041667 0.083333
vt 0.041667 0.250000
vt 0.041667 0.333333
vt 0.020833 0.416667
vt 0.041667 0.416667
vt 0.062500 0.500000
vt 0.041667 0.583333
vt 0.062500 0.583333
vt 0.062500 0.750000
vt 0.041667 0.833333
vt 0.062500 0.916667
vt 0.041667 1.000000
vt 0.041667 0.000000
vt 0.062500 0.083333
vt 0.041667 0.166667
vt 0.062500 0.166667
vt 0.062500 0.250000
vt 0.062500 0.333333
vt 0.062500 0.416667
vt 0.083333 0.500000
vt 0.083333 0.583333
vt 0.062500 0.666667
vt 0.083333 0.666667
vt 0.083333 0.750000
vt 0.062500 0.833333
vt 0.083333 0.916667
vt 0.062500 1.000000
vt 0.062500 0.000000
vt 0.083333 0.083333
vt 0.083333 0.250000
vt 0.083333 0.333333
vt 0.083333 0.416667
vt 0.104167 0.583333
vt 0.104167 0.666667
vt 0.104167 0.750000
vt 0.083333 0.833333
vt 0.104167 0.916667
vt 0.083333 1.000000
vt 0.104167 0.000000
vt 0.083333 0.000000
vt 0.104167 0.083333
vt 0.083333 0.166667
vt 0.104167 0.250000
vt 0.104167 0.333333
vt 0.104167 0.416667
vt 0.104167 0.500000
vt 0.125000 0.583333
vt 0.125000 0.666667
vt 0.125000 0.750000
vt 0.104167 0.833333
vt 0.125000 0.916667
vt 0.104167 1.000000
vt 0.125000 0.000000
vt 0.125000 0.083333
vt 0.104167 0.166667
vt 0.125000 0.166667
vt 0.125000 0.333333
vt 0.125000 0.500000
vt 0.145833 0.583333
vt 0.145833 0.666667
vt 0.145833 0.833333
vt 0.125000 0.833333
vt 0.145833 1.000000
vt 0.125000 1.000000
vt 0.145833 0.000000
vt 0.145833 0.166667
vt 0.125000 0.250000
vt 0.145833 0.333333
vt 0.125000 0.416667
vt 0.145833 0.416667
vt 0.166667 0.500000
vt 0.145833 0.500000
vt 0.166667 0.583333
vt 0.166667 0.666667
vt 0.145833 0.750000
vt 0.166667 0.833333
vt 0.145833 0.916667
vt 0.166667 1.000000
vt 0.166667 0.000000
vt 0.145833 0.083333
vt 0.166667 0.166667
vt 0.145833 0.250000
vt 0.166667 0.333333
vt 0.166667 0.416667
vt 0.187500 0.583333
vt 0.187500 0.750000
vt 0.166667 0.750000
vt 0.187500 0.833333
vt 0.166667 0.916667
vt 0.187500 1.000000
vt 0.187500 0.000000
vt 0.166667 0.083333
vt 0.187500 0.083333
vt 0.187500 0.166667
vt 0.166667 0.250000
vt 0.187500 0.250000
vt 0.187500 0.416667
vt 0.187500 0.500000
vt 0.208333 0.583333
vt 0.187500 0.666667
vt 0.208333 0.666667
vt 0.208333 0.750000
vt 0.208333 0.833333
vt 0.187500 0.916667
vt 0.208333 1.000000
vt 0.208333 0.000000
vt 0.208333 0.083333
vt 0.208333 0.250000
vt 0.187500 0.333333
vt 0.208333 0.333333
vt 0.208333 0.416667
vt 0.229167 0.500000
vt 0.208333 0.500000
vt 0.229167 0.583333
vt 0.229167 0.666667
vt 0.229167 0.750000
vt 0.229167 0.833333
vt 0.208333 0.916667
vt 0.229167 0.916667
vt 0.229167 0.000000
vt 0.229167 0.166667
vt 0.208333 0.166667
vt 0.229167 0.250000
vt 0.229167 0.333333
vt 0.229167 0.416667
vt 0.250000 0.500000
vt 0.250000 0.583333
vt 0.250000 0.750000
vt 0.250000 0.916667
vt 0.229167 1.000000
vt 0.250000 0.083333
vt 0.229167 0.083333
vt 0.250000 0.166667
vt 0.250000 0.250000
vt 0.250000 0.333333
vt 0.250000 0.416667
vt 0.270833 0.500000
vt 0.270833 0.583333
vt 0.250000 0.666667
vt 0.270833 0.666667
vt 0.270833 0.833333
vt 0.250000 0.833333
vt 0.270833 0.916667
vt 0.250000 1.000000
vt 0.270833 0.000000
vt 0.250000 0.000000
vt 0.270833 0.166667
vt 0.270833 0.333333
vt 0.270833 0.416667
vt 0.291667 0.500000
vt 0.291667 0.583333
vt 0.291667 0.666667
vt 0.270833 0.750000
vt 0.291667 0.750000
vt 0.291667 0.833333
vt 0.291667 0.916667
vt 0.270833 1.000000
vt 0.291667 0.000000
vt 0.270833 0.083333
vt 0.291667 0.083333
vt 0.291667 0.166667
vt 0.270833 0.250000
vt 0.291667 0.333333
vt 0.291667 0.416667
vt 0.312500 0.500000
vt 0.312500 0.666667
vt 0.312500 0.833333
vt 0.312500 0.916667
vt 0.291667 1.000000
vt 0.312500 0.000000
vt 0.312500 0.166667
vt 0.291667 0.250000
vt 0.312500 0.333333
vt 0.333333 0.583333
vt 0.312500 0.583333
vt 0.333333 0.666667
vt 0.312500 0.750000
vt 0.333333 0.750000
vt 0.333333 0.833333
vt 0.333333 0.916667
vt 0.312500 1.000000
vt 0.333333 0.000000
vt 0.312500 0.083333
vt 0.333333 0.166667
vt 0.312500 0.250000
vt 0.333333 0.333333
vt 0.312500 0.416667
vt 0.333333 0.416667
vt 0.333333 0.500000
vt 0.354167 0.583333
vt 0.354167 0.666667
vt 0.354167 0.833333
vt 0.354167 1.000000
vt 0.333333 1.000000
vt 0.354167 0.000000
vt 0.333333 0.083333
vt 0.354167 0.166667
vt 0.333333 0.250000
vt 0.354167 0.250000
vt 0.354167 0.416667
vt 0.375000 0.500000
vt 0.354167 0.500000
vt 0.375000 0.666667
vt 0.375000 0.750000
vt 0.354167 0.750000
vt 0.375000 0.916667
vt 0.354167 0.916667
vt 0.375000 1.000000
vt 0.375000 0.000000
vt 0.354167 0.083333
vt 0.375000 0.083333
vt 0.375000 0.166667
vt 0.375000 0.250000
vt 0.354167 0.333333
vt 0.375000 0.333333
vt 0.395833 0.583333
vt 0.375000 0.583333
vt 0.395833 0.666667
vt 0.395833 0.833333
vt 0.375000 0.833333
vt 0.395833 0.916667
vt 0.395833 0.000000
vt 0.395833 0.166667
vt 0.395833 0.333333
vt 0.375000 0.416667
vt 0.395833 0.416667
vt 0.416667 0.500000
vt 0.395833 0.500000
vt 0.416667 0.666667
vt 0.416667 0.750000
vt 0.395833 0.750000
vt 0.416667 0.833333
vt 0.416667 0.916667
vt 0.395833 1.000000
vt 0.416667 0.083333
vt 0.395833 0.083333
vt 0.416667 0.166667
vt 0.395833 0.250000
vt 0.416667 0.250000
vt 0.416667 0.333333
vt 0.437500 0.500000
vt 0.416667 0.583333
vt 0.437500 0.666667
vt 0.437500 0.833333
vt 0.437500 1.000000
vt 0.416667 1.000000
vt 0.437500 0.000000
vt 0.416667 0.000000
vt 0.437500 0.083333
vt 0.437500 0.166667
vt 0.437500 0.333333
vt 0.416667 0.416667
vt 0.437500 0.416667
vt 0.458333 0.500000
vt 0.437500 0.583333
vt 0.458333 0.583333
vt 0.458333 0.666667
vt 0.437500 0.750000
vt 0.458333 0.750000
vt 0.458333 0.833333
vt 0.437500 0.916667
vt 0.458333 1.000000
vt 0.458333 0.000000
vt 0.458333 0.083333
vt 0.458333 0.250000
vt 0.437500 0.250000
vt 0.458333 0.333333
vt 0.479167 0.500000
vt 0.479167 0.666667
vt 0.479167 0.750000
vt 0.479167 0.833333
vt 0.458333 0.916667
vt 0.479167 0.916667
vt 0.479167 0.000000
vt 0.479167 0.083333
vt 0.458333 0.166667
vt 0.479167 0.250000
vt 0.479167 0.333333
vt 0.458333 0.416667
vt 0.479167 0.416667
vt 0.479167 0.583333
vt 0.479167 1.000000
vt 0.479167 0.166667
vt 1.000000 0.750000
vt 1.000000 1.000000
vt 1.000000 0.250000
s 1
g Torus.001_M_Runa.003
usemtl M_Runa.003
f 2515/3014/2611 2528/3015/2624 2516/3016/2612
f 2528/3015/2624 2517/3017/2613 2516/3016/2612
f 2529/3018/2625 2518/3019/2614 2517/3017/2613
f 2530/3020/2626 2519/3021/2615 2518/3019/2614
f 2519/3021/2615 2532/3022/2628 2520/3023/2616
f 2520/3023/2616 2533/3024/2629 2521/3025/2617
f 2533/3026/2629 2522/3027/2618 2521/3028/2617
f 2534/3029/2630 2523/3030/2619 2522/3027/2618
f 2535/3031/2631 2524/3032/2620 2523/3030/2619
f 2524/3032/2620 2537/3033/2633 2525/3034/2621
f 2537/3033/2633 2526/3035/2622 2525/3034/2621
f 2538/3036/2634 2515/3014/2611 2526/3035/2622
f 2539/3037/2635 2528/3015/2624 2527/3038/2623
f 2540/3039/2636 2529/3018/2625 2528/3015/2624
f 2529/3018/2625 2542/3040/2638 2530/3020/2626
f 2542/3040/2638 2531/3041/2627 2530/3020/2626
f 2543/3042/2639 2532/3022/2628 2531/3041/2627
f 2532/3022/2628 2545/3043/2641 2533/3024/2629
f 2545/3044/2641 2534/3029/2630 2533/3026/2629
f 2534/3029/2630 2547/3045/2643 2535/3031/2631
f 2535/3031/2631 2548/3046/2644 2536/3047/2632
f 2536/3047/2632 2549/3048/2645 2537/3033/2633
f 2537/3033/2633 2550/3049/2646 2538/3036/2634
f 2550/3049/2646 2527/3038/2623 2538/3036/2634
f 2539/3037/2635 2552/3050/2648 2540/3039/2636
f 2552/3050/2648 2541/3051/2637 2540/3039/2636
f 2541/3051/2637 2554/3052/2650 2542/3040/2638
f 2554/3052/2650 2543/3042/2639 2542/3040/2638
f 2555/3053/2651 2544/3054/2640 2543/3042/2639
f 2544/3054/2640 2557/3055/2653 2545/3043/2641
f 2557/3056/2653 2546/3057/2642 2545/3044/2641
f 2558/3058/2654 2547/3045/2643 2546/3057/2642
f 2547/3045/2643 2560/3059/2656 2548/3046/2644
f 2560/3059/2656 2549/3048/2645 2548/3046/2644
f 2561/3060/2657 2550/3049/2646 2549/3048/2645
f 2562/3061/2658 2539/3037/2635 2550/3049/2646
f 2551/3062/2647 2564/3063/2660 2552/3050/2648
f 2564/3063/2660 2553/3064/2649 2552/3050/2648
f 2565/3065/2661 2554/3052/2650 2553/3064/2649
f 2566/3066/2662 2555/3053/2651 2554/3052/2650
f 2567/3067/2663 2556/3068/2652 2555/3053/2651
f 2568/3069/2664 2557/3055/2653 2556/3068/2652
f 2569/3070/2665 2558/3058/2654 2557/3056/2653
f 2558/3058/2654 2571/3071/2667 2559/3072/2655
f 2559/3072/2655 2572/3073/2668 2560/3059/2656
f 2572/3073/2668 2561/3060/2657 2560/3059/2656
f 2573/3074/2669 2562/3061/2658 2561/3060/2657
f 2574/3075/2670 2551/3062/2647 2562/3061/2658
f 2563/3076/2659 2576/3077/2672 2564/3063/2660
f 2576/3077/2672 2565/3065/2661 2564/3063/2660
f 2565/3065/2661 2578/3078/2674 2566/3066/2662
f 2578/3078/2674 2567/3067/2663 2566/3066/2662
f 2579/3079/2675 2568/3069/2664 2567/3067/2663
f 2568/3069/2664 2581/3080/2677 2569/3081/2665
f 2581/3082/2677 2570/3083/2666 2569/3070/2665
f 2582/3084/2678 2571/3071/2667 2570/3083/2666
f 2583/3085/2679 2572/3073/2668 2571/3071/2667
f 2584/3086/2680 2573/3074/2669 2572/3073/2668
f 2573/3074/2669 2586/3087/2682 2574/3075/2670
f 2586/3087/2682 2563/3076/2659 2574/3075/2670
f 2587/3088/2683 2576/3077/2672 2575/3089/2671
f 2588/3090/2684 2577/3091/2673 2576/3077/2672
f 2577/3091/2673 2590/3092/2686 2578/3078/2674
f 2590/3092/2686 2579/3079/2675 2578/3078/2674
f 2591/3093/2687 2580/3094/2676 2579/3079/2675
f 2592/3095/2688 2581/3080/2677 2580/3094/2676
f 2593/3096/2689 2582/3084/2678 2581/3082/2677
f 2594/3097/2690 2583/3085/2679 2582/3084/2678
f 2583/3085/2679 2596/3098/2692 2584/3086/2680
f 2596/3098/2692 2585/3099/2681 2584/3086/2680
f 2585/3099/2681 2598/3100/2694 2586/3087/2682
f 2598/3100/2694 2575/3089/2671 2586/3087/2682
f 2599/3101/2695 2588/3090/2684 2587/3088/2683
f 2588/3090/2684 2601/3102/2697 2589/3103/2685
f 2601/3102/2697 2590/3092/2686 2589/3103/2685
f 2602/3104/2698 2591/3093/2687 2590/3092/2686
f 2591/3093/2687 2604/3105/2700 2592/3095/2688
f 2604/3105/2700 2593/3106/2689 2592/3095/2688
f 2593/3096/2689 2606/3107/2702 2594/3097/2690
f 2594/3097/2690 2607/3108/2703 2595/3109/2691
f 2595/3109/2691 2608/3110/2704 2596/3098/2692
f 2596/3098/2692 2609/3111/2705 2597/3112/2693
f 2609/3111/2705 2598/3100/2694 2597/3112/2693
f 2610/3113/2706 2587/3088/2683 2598/3100/2694
f 2611/3114/2707 2600/3115/2696 2599/3101/2695
f 2600/3115/2696 2613/3116/2709 2601/3102/2697
f 2613/3116/2709 2602/3104/2698 2601/3102/2697
f 2614/3117/2710 2603/3118/2699 2602/3104/2698
f 2603/3118/2699 2616/3119/2712 2604/3105/2700
f 2616/3119/2712 2605/3120/2701 2604/3105/2700
f 2617/3121/2713 2606/3107/2702 2605/3122/2701
f 2618/3123/2714 2607/3108/2703 2606/3107/2702
f 2619/3124/2715 2608/3110/2704 2607/3108/2703
f 2620/3125/2716 2609/3111/2705 2608/3110/2704
f 2621/3126/2717 2610/3113/2706 2609/3111/2705
f 2622/3127/2718 2599/3101/2695 2610/3113/2706
f 2623/3128/2719 2612/3129/2708 2611/3114/2707
f 2624/3130/2720 2613/3116/2709 2612/3129/2708
f 2613/3116/2709 2626/3131/2722 2614/3117/2710
f 2626/3131/2722 2615/3132/2711 2614/3117/2710
f 2615/3132/2711 2628/3133/2724 2616/3119/2712
f 2628/3133/2724 2617/3134/2713 2616/3119/2712
f 2617/3121/2713 2630/3135/2726 2618/3123/2714
f 2630/3135/2726 2619/3124/2715 2618/3123/2714
f 2631/3136/2727 2620/3125/2716 2619/3124/2715
f 2632/3137/2728 2621/3126/2717 2620/3125/2716
f 2633/3138/2729 2622/3127/2718 2621/3126/2717
f 2622/3127/2718 2623/3128/2719 2611/3114/2707
f 2635/3139/2731 2624/3130/2720 2623/3128/2719
f 2636/3140/2732 2625/3141/2721 2624/3130/2720
f 2625/3141/2721 2638/3142/2734 2626/3131/2722
f 2638/3142/2734 2627/3143/2723 2626/3131/2722
f 2639/3144/2735 2628/3133/2724 2627/3143/2723
f 2640/3145/2736 2629/3146/2725 2628/3133/2724
f 2629/3147/2725 2642/3148/2738 2630/3135/2726
f 2630/3135/2726 2643/3149/2739 2631/3136/2727
f 2631/3136/2727 2644/3150/2740 2632/3137/2728
f 2644/3150/2740 2633/3138/2729 2632/3137/2728
f 2633/3138/2729 2646/3151/2742 2634/3152/2730
f 2646/3151/2742 2623/3128/2719 2634/3152/2730
f 2647/3153/2743 2636/3140/2732 2635/3139/2731
f 2648/3154/2744 2637/3155/2733 2636/3140/2732
f 2649/3156/2745 2638/3142/2734 2637/3155/2733
f 2650/3157/2746 2639/3144/2735 2638/3142/2734
f 2651/3158/2747 2640/3145/2736 2639/3144/2735
f 2652/3159/2748 2641/3160/2737 2640/3145/2736
f 2641/3161/2737 2654/3162/2750 2642/3148/2738
f 2654/3162/2750 2643/3149/2739 2642/3148/2738
f 2655/3163/2751 2644/3150/2740 2643/3149/2739
f 2656/3164/2752 2645/3165/2741 2644/3150/2740
f 2657/3166/2753 2646/3151/2742 2645/3165/2741
f 2658/3167/2754 2635/3139/2731 2646/3151/2742
f 2659/3168/2755 2648/3154/2744 2647/3153/2743
f 2660/3169/2756 2649/3156/2745 2648/3154/2744
f 2649/3156/2745 2662/3170/2758 2650/3157/2746
f 2662/3170/2758 2651/3158/2747 2650/3157/2746
f 2651/3158/2747 2664/3171/2760 2652/3159/2748
f 2664/3171/2760 2653/3172/2749 2652/3159/2748
f 2665/3173/2761 2654/3162/2750 2653/3174/2749
f 2666/3175/2762 2655/3163/2751 2654/3162/2750
f 2667/3176/2763 2656/3164/2752 2655/3163/2751
f 2668/3177/2764 2657/3166/2753 2656/3164/2752
f 2669/3178/2765 2658/3167/2754 2657/3166/2753
f 2670/3179/2766 2647/3153/2743 2658/3167/2754
f 2671/3180/2767 2660/3169/2756 2659/3168/2755
f 2660/3169/2756 2673/3181/2769 2661/3182/2757
f 2673/3181/2769 2662/3170/2758 2661/3182/2757
f 2674/3183/2770 2663/3184/2759 2662/3170/2758
f 2675/3185/2771 2664/3171/2760 2663/3184/2759
f 2676/3186/2772 2665/3187/2761 2664/3171/2760
f 2677/3188/2773 2666/3175/2762 2665/3173/2761
f 2678/3189/2774 2667/3176/2763 2666/3175/2762
f 2679/3190/2775 2668/3177/2764 2667/3176/2763
f 2680/3191/2776 2669/3178/2765 2668/3177/2764
f 2681/3192/2777 2670/3179/2766 2669/3178/2765
f 2670/3179/2766 2671/3180/2767 2659/3168/2755
f 2683/3193/2779 2672/3194/2768 2671/3180/2767
f 2684/3195/2780 2673/3181/2769 2672/3194/2768
f 2685/3196/2781 2674/3183/2770 2673/3181/2769
f 2686/3197/2782 2675/3185/2771 2674/3183/2770
f 2687/3198/2783 2676/3186/2772 2675/3185/2771
f 2688/3199/2784 2677/3200/2773 2676/3186/2772
f 2677/3188/2773 2690/3201/2786 2678/3189/2774
f 2690/3201/2786 2679/3190/2775 2678/3189/2774
f 2679/3190/2775 2692/3202/2788 2680/3191/2776
f 2680/3191/2776 2693/3203/2789 2681/3192/2777
f 2693/3203/2789 2682/3204/2778 2681/3192/2777
f 2694/3205/2790 2671/3180/2767 2682/3204/2778
f 2695/3206/2791 2684/3195/2780 2683/3193/2779
f 2684/3195/2780 2697/3207/2793 2685/3196/2781
f 2697/3207/2793 2686/3197/2782 2685/3196/2781
f 2686/3197/2782 2699/3208/2795 2687/3198/2783
f 2699/3208/2795 2688/3199/2784 2687/3198/2783
f 2700/3209/2796 2689/3210/2785 2688/3199/2784
f 2689/3211/2785 2702/3212/2798 2690/3201/2786
f 2702/3212/2798 2691/3213/2787 2690/3201/2786
f 2703/3214/2799 2692/3202/2788 2691/3213/2787
f 2704/3215/2800 2693/3203/2789 2692/3202/2788
f 2705/3216/2801 2694/3205/2790 2693/3203/2789
f 2694/3205/2790 2695/3206/2791 2683/3193/2779
f 2707/3217/2803 2696/3218/2792 2695/3206/2791
f 2696/3218/2792 2709/3219/2805 2697/3207/2793
f 2709/3219/2805 2698/3220/2794 2697/3207/2793
f 2710/3221/2806 2699/3208/2795 2698/3220/2794
f 2711/3222/2807 2700/3209/2796 2699/3208/2795
f 2712/3223/2808 2701/3224/2797 2700/3209/2796
f 2701/3225/2797 2714/3226/2810 2702/3212/2798
f 2702/3212/2798 2715/3227/2811 2703/3214/2799
f 2703/3214/2799 2716/3228/2812 2704/3215/2800
f 2704/3215/2800 2717/3229/2813 2705/3216/2801
f 2717/3229/2813 2706/3230/2802 2705/3216/2801
f 2718/3231/2814 2695/3206/2791 2706/3230/2802
f 2719/3232/2815 2708/3233/2804 2707/3217/2803
f 2720/3234/2816 2709/3219/2805 2708/3233/2804
f 2709/3219/2805 2722/3235/2818 2710/3221/2806
f 2722/3235/2818 2711/3222/2807 2710/3221/2806
f 2723/3236/2819 2712/3223/2808 2711/3222/2807
f 2712/3223/2808 2725/3237/2821 2713/3238/2809
f 2725/3239/2821 2714/3226/2810 2713/3240/2809
f 2726/3241/2822 2715/3227/2811 2714/3226/2810
f 2727/3242/2823 2716/3228/2812 2715/3227/2811
f 2728/3243/2824 2717/3229/2813 2716/3228/2812
f 2729/3244/2825 2718/3231/2814 2717/3229/2813
f 2730/3245/2826 2707/3217/2803 2718/3231/2814
f 2719/3232/2815 2732/3246/2828 2720/3234/2816
f 2732/3246/2828 2721/3247/2817 2720/3234/2816
f 2721/3247/2817 2734/3248/2830 2722/3235/2818
f 2734/3248/2830 2723/3236/2819 2722/3235/2818
f 2735/3249/2831 2724/3250/2820 2723/3236/2819
f 2736/3251/2832 2725/3237/2821 2724/3250/2820
f 2737/3252/2833 2726/3241/2822 2725/3239/2821
f 2738/3253/2834 2727/3242/2823 2726/3241/2822
f 2739/3254/2835 2728/3243/2824 2727/3242/2823
f 2740/3255/2836 2729/3244/2825 2728/3243/2824
f 2729/3244/2825 2742/3256/2838 2730/3245/2826
f 2730/3245/2826 2731/3257/2827 2719/3232/2815
f 2731/3257/2827 2744/3258/2840 2732/3246/2828
f 2744/3258/2840 2733/3259/2829 2732/3246/2828
f 2745/3260/2841 2734/3248/2830 2733/3259/2829
f 2746/3261/2842 2735/3249/2831 2734/3248/2830
f 2747/3262/2843 2736/3251/2832 2735/3249/2831
f 2748/3263/2844 2737/3264/2833 2736/3251/2832
f 2749/3265/2845 2738/3253/2834 2737/3252/2833
f 2738/3253/2834 2751/3266/2847 2739/3254/2835
f 2751/3266/2847 2740/3255/2836 2739/3254/2835
f 2752/3267/2848 2741/3268/2837 2740/3255/2836
f 2741/3268/2837 2754/3269/2850 2742/3256/2838
f 2754/3269/2850 2731/3257/2827 2742/3256/2838
f 2755/3270/2851 2744/3258/2840 2743/3271/2839
f 2744/3258/2840 2757/3272/2853 2745/3260/2841
f 2757/3272/2853 2746/3261/2842 2745/3260/2841
f 2758/3273/2854 2747/3262/2843 2746/3261/2842
f 2759/3274/2855 2748/3263/2844 2747/3262/2843
f 2748/3263/2844 2761/3275/2857 2749/3276/2845
f 2761/3277/2857 2750/3278/2846 2749/3265/2845
f 2762/3279/2858 2751/3266/2847 2750/3278/2846
f 2751/3266/2847 2764/3280/2860 2752/3267/2848
f 2764/3280/2860 2753/3281/2849 2752/3267/2848
f 2765/3282/2861 2754/3269/2850 2753/3281/2849
f 2754/3269/2850 2755/3270/2851 2743/3271/2839
f 2767/3283/2863 2756/3284/2852 2755/3270/2851
f 2756/3284/2852 2769/3285/2865 2757/3272/2853
f 2769/3285/2865 2758/3273/2854 2757/3272/2853
f 2770/3286/2866 2759/3274/2855 2758/3273/2854
f 2759/3274/2855 2772/3287/2868 2760/3288/2856
f 2760/3288/2856 2773/3289/2869 2761/3275/2857
f 2773/3290/2869 2762/3279/2858 2761/3277/2857
f 2762/3279/2858 2775/3291/2871 2763/3292/2859
f 2775/3291/2871 2764/3280/2860 2763/3292/2859
f 2764/3280/2860 2777/3293/2873 2765/3282/2861
f 2777/3293/2873 2766/3294/2862 2765/3282/2861
f 2778/3295/2874 2755/3270/2851 2766/3294/2862
f 2767/3283/2863 2780/3296/2876 2768/3297/2864
f 2780/3296/2876 2769/3285/2865 2768/3297/2864
f 2781/3298/2877 2770/3286/2866 2769/3285/2865
f 2782/3299/2878 2771/3300/2867 2770/3286/2866
f 2771/3300/2867 2784/3301/2880 2772/3287/2868
f 2772/3287/2868 2785/3302/2881 2773/3289/2869
f 2785/3303/2881 2774/3304/2870 2773/3290/2869
f 2786/3305/2882 2775/3291/2871 2774/3304/2870
f 2787/3306/2883 2776/3307/2872 2775/3291/2871
f 2776/3307/2872 2789/3308/2885 2777/3293/2873
f 2789/3308/2885 2778/3295/2874 2777/3293/2873
f 2790/3309/2886 2767/3283/2863 2778/3295/2874
f 2791/3310/2887 2780/3296/2876 2779/3311/2875
f 2792/3312/2888 2781/3298/2877 2780/3296/2876
f 2793/3313/2889 2782/3299/2878 2781/3298/2877
f 2794/3314/2890 2783/3315/2879 2782/3299/2878
f 2795/3316/2891 2784/3301/2880 2783/3315/2879
f 2784/3301/2880 2797/3317/2893 2785/3302/2881
f 2797/3318/2893 2786/3305/2882 2785/3303/2881
f 2798/3319/2894 2787/3306/2883 2786/3305/2882
f 2787/3306/2883 2800/3320/2896 2788/3321/2884
f 2800/3320/2896 2789/3308/2885 2788/3321/2884
f 2789/3308/2885 2802/3322/2898 2790/3309/2886
f 2802/3322/2898 2779/3311/2875 2790/3309/2886
f 2803/3323/2617 2792/3312/2888 2791/3310/2887
f 2804/3324/2899 2793/3313/2889 2792/3312/2888
f 2805/3325/2900 2794/3314/2890 2793/3313/2889
f 2794/3314/2890 2807/3326/2902 2795/3316/2891
f 2807/3326/2902 2796/3327/2892 2795/3316/2891
f 2808/3328/2903 2797/3317/2893 2796/3327/2892
f 2809/3329/2611 2798/3319/2894 2797/3318/2893
f 2810/3330/2904 2799/3331/2895 2798/3319/2894
f 2811/3332/2905 2800/3320/2896 2799/3331/2895
f 2800/3320/2896 2813/3333/2907 2801/3334/2897
f 2801/3334/2897 2814/3335/2908 2802/3322/2898
f 2802/3322/2898 2803/3323/2617 2791/3310/2887
f 2815/3336/2629 2804/3337/2899 2803/3338/2617
f 2804/3337/2899 2817/3339/2910 2805/3340/2900
f 2817/3339/2910 2806/3341/2901 2805/3340/2900
f 2818/3342/2911 2807/3343/2902 2806/3341/2901
f 2819/3344/2912 2808/3345/2903 2807/3343/2902
f 2820/3346/2913 2809/3347/2611 2808/3345/2903
f 2821/3348/2623 2810/3349/2904 2809/3350/2611
f 2822/3351/2914 2811/3352/2905 2810/3349/2904
f 2823/3353/2915 2812/3354/2906 2811/3352/2905
f 2824/3355/2916 2813/3356/2907 2812/3354/2906
f 2825/3357/2917 2814/3358/2908 2813/3356/2907
f 2814/3358/2908 2815/3336/2629 2803/3338/2617
f 2827/3359/2641 2816/3360/2909 2815/3336/2629
f 2816/3360/2909 2829/3361/2920 2817/3339/2910
f 2817/3339/2910 2830/3362/2921 2818/3342/2911
f 2830/3362/2921 2819/3344/2912 2818/3342/2911
f 2819/3344/2912 2832/3363/2923 2820/3346/2913
f 2832/3363/2923 2821/3364/2623 2820/3346/2913
f 2821/3348/2623 2834/3365/2924 2822/3351/2914
f 2834/3365/2924 2823/3353/2915 2822/3351/2914
f 2823/3353/2915 2836/3366/2926 2824/3355/2916
f 2836/3366/2926 2825/3357/2917 2824/3355/2916
f 2837/3367/2927 2826/3368/2918 2825/3357/2917
f 2838/3369/2928 2815/3336/2629 2826/3368/2918
f 2839/3370/2653 2828/3371/2919 2827/3359/2641
f 2840/3372/2929 2829/3361/2920 2828/3371/2919
f 2829/3361/2920 2842/3373/2931 2830/3362/2921
f 2842/3373/2931 2831/3374/2922 2830/3362/2921
f 2831/3374/2922 2844/3375/2933 2832/3363/2923
f 2844/3375/2933 2833/3376/2635 2832/3363/2923
f 2833/3377/2635 2846/3378/2934 2834/3365/2924
f 2846/3378/2934 2835/3379/2925 2834/3365/2924
f 2847/3380/2935 2836/3366/2926 2835/3379/2925
f 2848/3381/2936 2837/3367/2927 2836/3366/2926
f 2849/3382/2937 2838/3369/2928 2837/3367/2927
f 2850/3383/2938 2827/3359/2641 2838/3369/2928
f 2851/3384/2665 2840/3372/2929 2839/3370/2653
f 2852/3385/2939 2841/3386/2930 2840/3372/2929
f 2853/3387/2940 2842/3373/2931 2841/3386/2930
f 2854/3388/2941 2843/3389/2932 2842/3373/2931
f 2843/3389/2932 2856/3390/2943 2844/3375/2933
f 2856/3390/2943 2845/3391/2647 2844/3375/2933
f 2845/3392/2647 2858/3393/2944 2846/3378/2934
f 2858/3393/2944 2847/3380/2935 2846/3378/2934
f 2847/3380/2935 2860/3394/2946 2848/3381/2936
f 2848/3381/2936 2861/3395/2947 2849/3382/2937
f 2861/3395/2947 2850/3383/2938 2849/3382/2937
f 2862/3396/2948 2839/3370/2653 2850/3383/2938
f 2851/3384/2665 2864/3397/2949 2852/3385/2939
f 2864/3397/2949 2853/3387/2940 2852/3385/2939
f 2865/3398/2950 2854/3388/2941 2853/3387/2940
f 2866/3399/2951 2855/3400/2942 2854/3388/2941
f 2855/3400/2942 2868/3401/2953 2856/3390/2943
f 2868/3401/2953 2857/3402/2659 2856/3390/2943
f 2869/3403/2671 2858/3393/2944 2857/3404/2659
f 2870/3405/2954 2859/3406/2945 2858/3393/2944
f 2859/3406/2945 2872/3407/2956 2860/3394/2946
f 2872/3407/2956 2861/3395/2947 2860/3394/2946
f 2873/3408/2957 2862/3396/2948 2861/3395/2947
f 2874/3409/2958 2851/3384/2665 2862/3396/2948
f 2863/3410/2677 2876/3411/2959 2864/3397/2949
f 2864/3397/2949 2877/3412/2960 2865/3398/2950
f 2877/3412/2960 2866/3399/2951 2865/3398/2950
f 2878/3413/2961 2867/3414/2952 2866/3399/2951
f 2867/3414/2952 2880/3415/2963 2868/3401/2953
f 2880/3415/2963 2869/3416/2671 2868/3401/2953
f 2881/3417/2683 2870/3405/2954 2869/3403/2671
f 2882/3418/2964 2871/3419/2955 2870/3405/2954
f 2883/3420/2965 2872/3407/2956 2871/3419/2955
f 2872/3407/2956 2885/3421/2967 2873/3408/2957
f 2885/3421/2967 2874/3409/2958 2873/3408/2957
f 2874/3409/2958 2875/3422/2689 2863/3410/2677
f 2875/3422/2689 2888/3423/2969 2876/3411/2959
f 2888/3423/2969 2877/3412/2960 2876/3411/2959
f 2889/3424/2970 2878/3413/2961 2877/3412/2960
f 2878/3413/2961 2891/3425/2972 2879/3426/2962
f 2891/3425/2972 2880/3415/2963 2879/3426/2962
f 2880/3415/2963 2893/3427/2695 2881/3428/2683
f 2893/3429/2695 2882/3418/2964 2881/3417/2683
f 2882/3418/2964 2895/3430/2975 2883/3420/2965
f 2895/3430/2975 2884/3431/2966 2883/3420/2965
f 2884/3431/2966 2897/3432/2977 2885/3421/2967
f 2897/3432/2977 2886/3433/2968 2885/3421/2967
f 2898/3434/2978 2875/3422/2689 2886/3433/2968
f 2899/3435/2713 2888/3423/2969 2887/3436/2701
f 2900/3437/2979 2889/3424/2970 2888/3423/2969
f 2901/3438/2980 2890/3439/2971 2889/3424/2970
f 2890/3439/2971 2903/3440/2982 2891/3425/2972
f 2903/3440/2982 2892/3441/2973 2891/3425/2972
f 2892/3441/2973 2905/3442/2707 2893/3427/2695
f 2905/3443/2707 2894/3444/2974 2893/3429/2695
f 2894/3444/2974 2907/3445/2985 2895/3430/2975
f 2907/3445/2985 2896/3446/2976 2895/3430/2975
f 2896/3446/2976 2909/3447/2987 2897/3432/2977
f 2909/3447/2987 2898/3434/2978 2897/3432/2977
f 2910/3448/2988 2887/3436/2701 2898/3434/2978
f 2899/3435/2713 2912/3449/2989 2900/3437/2979
f 2912/3449/2989 2901/3438/2980 2900/3437/2979
f 2901/3438/2980 2914/3450/2991 2902/3451/2981
f 2902/3451/2981 2915/3452/2992 2903/3440/2982
f 2915/3452/2992 2904/3453/2983 2903/3440/2982
f 2904/3453/2983 2917/3454/2719 2905/3442/2707
f 2917/3455/2719 2906/3456/2984 2905/3443/2707
f 2918/3457/2994 2907/3445/2985 2906/3456/2984
f 2919/3458/2995 2908/3459/2986 2907/3445/2985
f 2920/3460/2996 2909/3447/2987 2908/3459/2986
f 2909/3447/2987 2922/3461/2998 2910/3448/2988
f 2922/3461/2998 2899/3435/2713 2910/3448/2988
f 2911/3462/2725 2924/3463/3000 2912/3449/2989
f 2924/3463/3000 2913/3464/2990 2912/3449/2989
f 2925/3465/3001 2914/3450/2991 2913/3464/2990
f 2926/3466/3002 2915/3452/2992 2914/3450/2991
f 2927/3467/3003 2916/3468/2993 2915/3452/2992
f 2916/3468/2993 2929/3469/2731 2917/3454/2719
f 2929/3470/2731 2918/3457/2994 2917/3455/2719
f 2930/3471/3005 2919/3458/2995 2918/3457/2994
f 2919/3458/2995 2932/3472/3007 2920/3460/2996
f 2932/3472/3007 2921/3473/2997 2920/3460/2996
f 2933/3474/3008 2922/3461/2998 2921/3473/2997
f 2934/3475/3009 2911/3462/2725 2922/3461/2998
f 2935/3476/2749 2924/3463/3000 2923/3477/2999
f 2936/3478/3010 2925/3465/3001 2924/3463/3000
f 2937/3479/3011 2926/3466/3002 2925/3465/3001
f 2938/3480/3012 2927/3467/3003 2926/3466/3002
f 2939/3481/3013 2928/3482/3004 2927/3467/3003
f 2940/3483/3014 2929/3469/2731 2928/3482/3004
f 2941/3484/2743 2930/3471/3005 2929/3470/2731
f 2930/3471/3005 2943/3485/3016 2931/3486/3006
f 2931/3486/3006 2944/3487/3017 2932/3472/3007
f 2944/3487/3017 2933/3474/3008 2932/3472/3007
f 2945/3488/3018 2934/3475/3009 2933/3474/3008
f 2946/3489/3019 2923/3477/2999 2934/3475/3009
f 2947/3490/2761 2936/3478/3010 2935/3476/2749
f 2948/3491/3020 2937/3479/3011 2936/3478/3010
f 2937/3479/3011 2950/3492/3022 2938/3480/3012
f 2950/3492/3022 2939/3481/3013 2938/3480/3012
f 2939/3481/3013 2952/3493/3024 2940/3483/3014
f 2952/3493/3024 2941/3494/2743 2940/3483/3014
f 2941/3484/2743 2954/3495/3025 2942/3496/3015
f 2954/3495/3025 2943/3485/3016 2942/3496/3015
f 2955/3497/3026 2944/3487/3017 2943/3485/3016
f 2956/3498/3027 2945/3488/3018 2944/3487/3017
f 2957/3499/3028 2946/3489/3019 2945/3488/3018
f 2958/3500/3029 2935/3476/2749 2946/3489/3019
f 2959/3501/2773 2948/3491/3020 2947/3490/2761
f 2960/3502/3030 2949/3503/3021 2948/3491/3020
f 2961/3504/3031 2950/3492/3022 2949/3503/3021
f 2950/3492/3022 2963/3505/3033 2951/3506/3023
f 2963/3505/3033 2952/3493/3024 2951/3506/3023
f 2964/3507/3034 2953/3508/2755 2952/3493/3024
f 2965/3509/2767 2954/3495/3025 2953/3510/2755
f 2954/3495/3025 2967/3511/3036 2955/3497/3026
f 2967/3511/3036 2956/3498/3027 2955/3497/3026
f 2956/3498/3027 2969/3512/3038 2957/3499/3028
f 2969/3512/3038 2958/3500/3029 2957/3499/3028
f 2970/3513/3039 2947/3490/2761 2958/3500/3029
f 2971/3514/3040 2960/3502/3030 2959/3501/2773
f 2972/3515/3041 2961/3504/3031 2960/3502/3030
f 2973/3516/3042 2962/3517/3032 2961/3504/3031
f 2974/3518/3043 2963/3505/3033 2962/3517/3032
f 2975/3519/3044 2964/3507/3034 2963/3505/3033
f 2976/3520/3045 2965/3521/2767 2964/3507/3034
f 2977/3522/2779 2966/3523/3035 2965/3509/2767
f 2978/3524/3046 2967/3511/3036 2966/3523/3035
f 2979/3525/3047 2968/3526/3037 2967/3511/3036
f 2968/3526/3037 2981/3527/3049 2969/3512/3038
f 2981/3527/3049 2970/3513/3039 2969/3512/3038
f 2982/3528/3050 2959/3501/2773 2970/3513/3039
f 2983/3529/2797 2972/3515/3041 2971/3514/3040
f 2972/3515/3041 2985/3530/3052 2973/3516/3042
f 2985/3530/3052 2974/3518/3043 2973/3516/3042
f 2974/3518/3043 2987/3531/3054 2975/3519/3044
f 2987/3531/3054 2976/3520/3045 2975/3519/3044
f 2988/3532/3055 2977/3533/2779 2976/3520/3045
f 2989/3534/2791 2978/3524/3046 2977/3522/2779
f 2978/3524/3046 2991/3535/3057 2979/3525/3047
f 2991/3535/3057 2980/3536/3048 2979/3525/3047
f 2980/3536/3048 2993/3537/3059 2981/3527/3049
f 2993/3537/3059 2982/3528/3050 2981/3527/3049
f 2982/3528/3050 2983/3529/2797 2971/3514/3040
f 2983/3529/2797 2996/3538/3061 2984/3539/3051
f 2996/3538/3061 2985/3530/3052 2984/3539/3051
f 2997/3540/3062 2986/3541/3053 2985/3530/3052
f 2998/3542/3063 2987/3531/3054 2986/3541/3053
f 2999/3543/3064 2988/3532/3055 2987/3531/3054
f 3000/3544/3065 2989/3545/2791 2988/3532/3055
f 3001/3546/2803 2990/3547/3056 2989/3534/2791
f 2990/3547/3056 3003/3548/3067 2991/3535/3057
f 3003/3548/3067 2992/3549/3058 2991/3535/3057
f 2992/3549/3058 3005/3550/3069 2993/3537/3059
f 3005/3550/3069 2994/3551/3060 2993/3537/3059
f 3006/3552/3070 2983/3529/2797 2994/3551/3060
f 2995/3553/2809 3008/3554/3071 2996/3538/3061
f 3008/3554/3071 2997/3540/3062 2996/3538/3061
f 3009/3555/3072 2998/3542/3063 2997/3540/3062
f 2998/3542/3063 3011/3556/3074 2999/3543/3064
f 3011/3556/3074 3000/3544/3065 2999/3543/3064
f 3000/3544/3065 3013/3557/2815 3001/3558/2803
f 3013/3559/2815 3002/3560/3066 3001/3546/2803
f 3002/3560/3066 3015/3561/3077 3003/3548/3067
f 3015/3561/3077 3004/3562/3068 3003/3548/3067
f 3016/3563/3078 3005/3550/3069 3004/3562/3068
f 3005/3550/3069 3018/3564/3080 3006/3552/3070
f 3018/3564/3080 2995/3553/2809 3006/3552/3070
f 3019/3565/2833 3008/3554/3071 3007/3566/2821
f 3008/3554/3071 3021/3567/3082 3009/3555/3072
f 3009/3555/3072 3022/3568/3083 3010/3569/3073
f 3022/3568/3083 3011/3556/3074 3010/3569/3073
f 3011/3556/3074 3024/3570/3085 3012/3571/3075
f 3012/3571/3075 3025/3572/2827 3013/3557/2815
f 3025/3573/2827 3014/3574/3076 3013/3559/2815
f 3026/3575/3086 3015/3561/3077 3014/3574/3076
f 3027/3576/3087 3016/3563/3078 3015/3561/3077
f 3028/3577/3088 3017/3578/3079 3016/3563/3078
f 3029/3579/3089 3018/3564/3080 3017/3578/3079
f 3018/3564/3080 3019/3565/2833 3007/3566/2821
f 3019/3565/2833 3032/3580/3092 3020/3581/3081
f 3032/3580/3092 3021/3567/3082 3020/3581/3081
f 3033/3582/3093 3022/3568/3083 3021/3567/3082
f 3022/3568/3083 3035/3583/3095 3023/3584/3084
f 3035/3583/3095 3024/3570/3085 3023/3584/3084
f 3036/3585/3096 3025/3572/2827 3024/3570/3085
f 3037/3586/3097 3026/3575/3086 3025/3573/2827
f 3026/3575/3086 3039/3587/3099 3027/3576/3087
f 3039/3587/3099 3028/3577/3088 3027/3576/3087
f 3028/3577/3088 3041/3588/3101 3029/3579/3089
f 3041/3588/3101 3030/3589/3090 3029/3579/3089
f 3042/3590/3102 3019/3565/2833 3030/3589/3090
f 3043/3591/2857 3032/3580/3092 3031/3592/3091
f 3032/3580/3092 3045/3593/3104 3033/3582/3093
f 3033/3582/3093 3046/3594/3105 3034/3595/3094
f 3034/3595/3094 3047/3596/3106 3035/3583/3095
f 3047/3596/3106 3036/3585/3096 3035/3583/3095
f 3048/3597/3107 3037/3598/3097 3036/3585/3096
f 3037/3586/3097 3050/3599/3108 3038/3600/3098
f 3038/3600/3098 3051/3601/3109 3039/3587/3099
f 3051/3601/3109 3040/3602/3100 3039/3587/3099
f 3052/3603/3110 3041/3588/3101 3040/3602/3100
f 3053/3604/3111 3042/3590/3102 3041/3588/3101
f 3042/3590/3102 3043/3591/2857 3031/3592/3091
f 3055/3605/2869 3044/3606/3103 3043/3591/2857
f 3044/3606/3103 3057/3607/3114 3045/3593/3104
f 3057/3607/3114 3046/3594/3105 3045/3593/3104
f 3046/3594/3105 3059/3608/3116 3047/3596/3106
f 3059/3608/3116 3048/3597/3107 3047/3596/3106
f 3048/3597/3107 3061/3609/2863 3049/3610/2851
f 3061/3611/2863 3050/3599/3108 3049/3612/2851
f 3062/3613/3118 3051/3601/3109 3050/3599/3108
f 3063/3614/3119 3052/3603/3110 3051/3601/3109
f 3052/3603/3110 3065/3615/3121 3053/3604/3111
f 3065/3615/3121 3054/3616/3112 3053/3604/3111
f 3066/3617/3122 3043/3591/2857 3054/3616/3112
f 3067/3618/2881 3056/3619/3113 3055/3605/2869
f 3068/3620/3123 3057/3607/3114 3056/3619/3113
f 3069/3621/3124 3058/3622/3115 3057/3607/3114
f 3070/3623/3125 3059/3608/3116 3058/3622/3115
f 3071/3624/3126 3060/3625/3117 3059/3608/3116
f 3060/3625/3117 3073/3626/2875 3061/3609/2863
f 3073/3627/2875 3062/3613/3118 3061/3611/2863
f 3074/3628/3128 3063/3614/3119 3062/3613/3118
f 3063/3614/3119 3076/3629/3130 3064/3630/3120
f 3076/3629/3130 3065/3615/3121 3064/3630/3120
f 3077/3631/3131 3066/3617/3122 3065/3615/3121
f 3066/3617/3122 3067/3618/2881 3055/3605/2869
f 3079/3632/2893 3068/3620/3123 3067/3618/2881
f 3068/3620/3123 3081/3633/3134 3069/3621/3124
f 3081/3633/3134 3070/3623/3125 3069/3621/3124
f 3082/3634/3135 3071/3624/3126 3070/3623/3125
f 3083/3635/3136 3072/3636/3127 3071/3624/3126
f 3084/3637/3137 3073/3626/2875 3072/3636/3127
f 3085/3638/2887 3074/3628/3128 3073/3627/2875
f 3086/3639/3138 3075/3640/3129 3074/3628/3128
f 3075/3640/3129 3088/3641/3140 3076/3629/3130
f 3088/3641/3140 3077/3631/3131 3076/3629/3130
f 3089/3642/3141 3078/3643/3132 3077/3631/3131
f 3090/3644/3142 3067/3618/2881 3078/3643/3132
f 2515/3014/2611 3080/3645/3133 3079/3632/2893
f 2516/3016/2612 3081/3633/3134 3080/3645/3133
f 3081/3633/3134 2518/3019/2614 3082/3634/3135
f 2518/3019/2614 3083/3635/3136 3082/3634/3135
f 2519/3021/2615 3084/3637/3137 3083/3635/3136
f 2520/3023/2616 3085/3646/2887 3084/3637/3137
f 2521/3028/2617 3086/3639/3138 3085/3638/2887
f 3086/3639/3138 2523/3030/2619 3087/3647/3139
f 2523/3030/2619 3088/3641/3140 3087/3647/3139
f 2524/3032/2620 3089/3642/3141 3088/3641/3140
f 2525/3034/2621 3090/3644/3142 3089/3642/3141
f 2526/3035/2622 3079/3632/2893 3090/3644/3142
f 2515/3014/2611 2527/3038/2623 2528/3015/2624
f 2528/3015/2624 2529/3018/2625 2517/3017/2613
f 2529/3018/2625 2530/3020/2626 2518/3019/2614
f 2530/3020/2626 2531/3041/2627 2519/3021/2615
f 2519/3021/2615 2531/3041/2627 2532/3022/2628
f 2520/3023/2616 2532/3022/2628 2533/3024/2629
f 2533/3026/2629 2534/3029/2630 2522/3027/2618
f 2534/3029/2630 2535/3031/2631 2523/3030/2619
f 2535/3031/2631 2536/3047/2632 2524/3032/2620
f 2524/3032/2620 2536/3047/2632 2537/3033/2633
f 2537/3033/2633 2538/3036/2634 2526/3035/2622
f 2538/3036/2634 2527/3038/2623 2515/3014/2611
f 2539/3037/2635 2540/3039/2636 2528/3015/2624
f 2540/3039/2636 2541/3051/2637 2529/3018/2625
f 2529/3018/2625 2541/3051/2637 2542/3040/2638
f 2542/3040/2638 2543/3042/2639 2531/3041/2627
f 2543/3042/2639 2544/3054/2640 2532/3022/2628
f 2532/3022/2628 2544/3054/2640 2545/3043/2641
f 2545/3044/2641 2546/3057/2642 2534/3029/2630
f 2534/3029/2630 2546/3057/2642 2547/3045/2643
f 2535/3031/2631 2547/3045/2643 2548/3046/2644
f 2536/3047/2632 2548/3046/2644 2549/3048/2645
f 2537/3033/2633 2549/3048/2645 2550/3049/2646
f 2550/3049/2646 2539/3037/2635 2527/3038/2623
f 2539/3037/2635 2551/3062/2647 2552/3050/2648
f 2552/3050/2648 2553/3064/2649 2541/3051/2637
f 2541/3051/2637 2553/3064/2649 2554/3052/2650
f 2554/3052/2650 2555/3053/2651 2543/3042/2639
f 2555/3053/2651 2556/3068/2652 2544/3054/2640
f 2544/3054/2640 2556/3068/2652 2557/3055/2653
f 2557/3056/2653 2558/3058/2654 2546/3057/2642
f 2558/3058/2654 2559/3072/2655 2547/3045/2643
f 2547/3045/2643 2559/3072/2655 2560/3059/2656
f 2560/3059/2656 2561/3060/2657 2549/3048/2645
f 2561/3060/2657 2562/3061/2658 2550/3049/2646
f 2562/3061/2658 2551/3062/2647 2539/3037/2635
f 2551/3062/2647 2563/3076/2659 2564/3063/2660
f 2564/3063/2660 2565/3065/2661 2553/3064/2649
f 2565/3065/2661 2566/3066/2662 2554/3052/2650
f 2566/3066/2662 2567/3067/2663 2555/3053/2651
f 2567/3067/2663 2568/3069/2664 2556/3068/2652
f 2568/3069/2664 2569/3081/2665 2557/3055/2653
f 2569/3070/2665 2570/3083/2666 2558/3058/2654
f 2558/3058/2654 2570/3083/2666 2571/3071/2667
f 2559/3072/2655 2571/3071/2667 2572/3073/2668
f 2572/3073/2668 2573/3074/2669 2561/3060/2657
f 2573/3074/2669 2574/3075/2670 2562/3061/2658
f 2574/3075/2670 2563/3076/2659 2551/3062/2647
f 2563/3076/2659 2575/3089/2671 2576/3077/2672
f 2576/3077/2672 2577/3091/2673 2565/3065/2661
f 2565/3065/2661 2577/3091/2673 2578/3078/2674
f 2578/3078/2674 2579/3079/2675 2567/3067/2663
f 2579/3079/2675 2580/3094/2676 2568/3069/2664
f 2568/3069/2664 2580/3094/2676 2581/3080/2677
f 2581/3082/2677 2582/3084/2678 2570/3083/2666
f 2582/3084/2678 2583/3085/2679 2571/3071/2667
f 2583/3085/2679 2584/3086/2680 2572/3073/2668
f 2584/3086/2680 2585/3099/2681 2573/3074/2669
f 2573/3074/2669 2585/3099/2681 2586/3087/2682
f 2586/3087/2682 2575/3089/2671 2563/3076/2659
f 2587/3088/2683 2588/3090/2684 2576/3077/2672
f 2588/3090/2684 2589/3103/2685 2577/3091/2673
f 2577/3091/2673 2589/3103/2685 2590/3092/2686
f 2590/3092/2686 2591/3093/2687 2579/3079/2675
f 2591/3093/2687 2592/3095/2688 2580/3094/2676
f 2592/3095/2688 2593/3106/2689 2581/3080/2677
f 2593/3096/2689 2594/3097/2690 2582/3084/2678
f 2594/3097/2690 2595/3109/2691 2583/3085/2679
f 2583/3085/2679 2595/3109/2691 2596/3098/2692
f 2596/3098/2692 2597/3112/2693 2585/3099/2681
f 2585/3099/2681 2597/3112/2693 2598/3100/2694
f 2598/3100/2694 2587/3088/2683 2575/3089/2671
f 2599/3101/2695 2600/3115/2696 2588/3090/2684
f 2588/3090/2684 2600/3115/2696 2601/3102/2697
f 2601/3102/2697 2602/3104/2698 2590/3092/2686
f 2602/3104/2698 2603/3118/2699 2591/3093/2687
f 2591/3093/2687 2603/3118/2699 2604/3105/2700
f 2604/3105/2700 2605/3120/2701 2593/3106/2689
f 2593/3096/2689 2605/3122/2701 2606/3107/2702
f 2594/3097/2690 2606/3107/2702 2607/3108/2703
f 2595/3109/2691 2607/3108/2703 2608/3110/2704
f 2596/3098/2692 2608/3110/2704 2609/3111/2705
f 2609/3111/2705 2610/3113/2706 2598/3100/2694
f 2610/3113/2706 2599/3101/2695 2587/3088/2683
f 2611/3114/2707 2612/3129/2708 2600/3115/2696
f 2600/3115/2696 2612/3129/2708 2613/3116/2709
f 2613/3116/2709 2614/3117/2710 2602/3104/2698
f 2614/3117/2710 2615/3132/2711 2603/3118/2699
f 2603/3118/2699 2615/3132/2711 2616/3119/2712
f 2616/3119/2712 2617/3134/2713 2605/3120/2701
f 2617/3121/2713 2618/3123/2714 2606/3107/2702
f 2618/3123/2714 2619/3124/2715 2607/3108/2703
f 2619/3124/2715 2620/3125/2716 2608/3110/2704
f 2620/3125/2716 2621/3126/2717 2609/3111/2705
f 2621/3126/2717 2622/3127/2718 2610/3113/2706
f 2622/3127/2718 2611/3114/2707 2599/3101/2695
f 2623/3128/2719 2624/3130/2720 2612/3129/2708
f 2624/3130/2720 2625/3141/2721 2613/3116/2709
f 2613/3116/2709 2625/3141/2721 2626/3131/2722
f 2626/3131/2722 2627/3143/2723 2615/3132/2711
f 2615/3132/2711 2627/3143/2723 2628/3133/2724
f 2628/3133/2724 2629/3146/2725 2617/3134/2713
f 2617/3121/2713 2629/3147/2725 2630/3135/2726
f 2630/3135/2726 2631/3136/2727 2619/3124/2715
f 2631/3136/2727 2632/3137/2728 2620/3125/2716
f 2632/3137/2728 2633/3138/2729 2621/3126/2717
f 2633/3138/2729 2634/3152/2730 2622/3127/2718
f 2622/3127/2718 2634/3152/2730 2623/3128/2719
f 2635/3139/2731 2636/3140/2732 2624/3130/2720
f 2636/3140/2732 2637/3155/2733 2625/3141/2721
f 2625/3141/2721 2637/3155/2733 2638/3142/2734
f 2638/3142/2734 2639/3144/2735 2627/3143/2723
f 2639/3144/2735 2640/3145/2736 2628/3133/2724
f 2640/3145/2736 2641/3160/2737 2629/3146/2725
f 2629/3147/2725 2641/3161/2737 2642/3148/2738
f 2630/3135/2726 2642/3148/2738 2643/3149/2739
f 2631/3136/2727 2643/3149/2739 2644/3150/2740
f 2644/3150/2740 2645/3165/2741 2633/3138/2729
f 2633/3138/2729 2645/3165/2741 2646/3151/2742
f 2646/3151/2742 2635/3139/2731 2623/3128/2719
f 2647/3153/2743 2648/3154/2744 2636/3140/2732
f 2648/3154/2744 2649/3156/2745 2637/3155/2733
f 2649/3156/2745 2650/3157/2746 2638/3142/2734
f 2650/3157/2746 2651/3158/2747 2639/3144/2735
f 2651/3158/2747 2652/3159/2748 2640/3145/2736
f 2652/3159/2748 2653/3172/2749 2641/3160/2737
f 2641/3161/2737 2653/3174/2749 2654/3162/2750
f 2654/3162/2750 2655/3163/2751 2643/3149/2739
f 2655/3163/2751 2656/3164/2752 2644/3150/2740
f 2656/3164/2752 2657/3166/2753 2645/3165/2741
f 2657/3166/2753 2658/3167/2754 2646/3151/2742
f 2658/3167/2754 2647/3153/2743 2635/3139/2731
f 2659/3168/2755 2660/3169/2756 2648/3154/2744
f 2660/3169/2756 2661/3182/2757 2649/3156/2745
f 2649/3156/2745 2661/3182/2757 2662/3170/2758
f 2662/3170/2758 2663/3184/2759 2651/3158/2747
f 2651/3158/2747 2663/3184/2759 2664/3171/2760
f 2664/3171/2760 2665/3187/2761 2653/3172/2749
f 2665/3173/2761 2666/3175/2762 2654/3162/2750
f 2666/3175/2762 2667/3176/2763 2655/3163/2751
f 2667/3176/2763 2668/3177/2764 2656/3164/2752
f 2668/3177/2764 2669/3178/2765 2657/3166/2753
f 2669/3178/2765 2670/3179/2766 2658/3167/2754
f 2670/3179/2766 2659/3168/2755 2647/3153/2743
f 2671/3180/2767 2672/3194/2768 2660/3169/2756
f 2660/3169/2756 2672/3194/2768 2673/3181/2769
f 2673/3181/2769 2674/3183/2770 2662/3170/2758
f 2674/3183/2770 2675/3185/2771 2663/3184/2759
f 2675/3185/2771 2676/3186/2772 2664/3171/2760
f 2676/3186/2772 2677/3200/2773 2665/3187/2761
f 2677/3188/2773 2678/3189/2774 2666/3175/2762
f 2678/3189/2774 2679/3190/2775 2667/3176/2763
f 2679/3190/2775 2680/3191/2776 2668/3177/2764
f 2680/3191/2776 2681/3192/2777 2669/3178/2765
f 2681/3192/2777 2682/3204/2778 2670/3179/2766
f 2670/3179/2766 2682/3204/2778 2671/3180/2767
f 2683/3193/2779 2684/3195/2780 2672/3194/2768
f 2684/3195/2780 2685/3196/2781 2673/3181/2769
f 2685/3196/2781 2686/3197/2782 2674/3183/2770
f 2686/3197/2782 2687/3198/2783 2675/3185/2771
f 2687/3198/2783 2688/3199/2784 2676/3186/2772
f 2688/3199/2784 2689/3210/2785 2677/3200/2773
f 2677/3188/2773 2689/3211/2785 2690/3201/2786
f 2690/3201/2786 2691/3213/2787 2679/3190/2775
f 2679/3190/2775 2691/3213/2787 2692/3202/2788
f 2680/3191/2776 2692/3202/2788 2693/3203/2789
f 2693/3203/2789 2694/3205/2790 2682/3204/2778
f 2694/3205/2790 2683/3193/2779 2671/3180/2767
f 2695/3206/2791 2696/3218/2792 2684/3195/2780
f 2684/3195/2780 2696/3218/2792 2697/3207/2793
f 2697/3207/2793 2698/3220/2794 2686/3197/2782
f 2686/3197/2782 2698/3220/2794 2699/3208/2795
f 2699/3208/2795 2700/3209/2796 2688/3199/2784
f 2700/3209/2796 2701/3224/2797 2689/3210/2785
f 2689/3211/2785 2701/3225/2797 2702/3212/2798
f 2702/3212/2798 2703/3214/2799 2691/3213/2787
f 2703/3214/2799 2704/3215/2800 2692/3202/2788
f 2704/3215/2800 2705/3216/2801 2693/3203/2789
f 2705/3216/2801 2706/3230/2802 2694/3205/2790
f 2694/3205/2790 2706/3230/2802 2695/3206/2791
f 2707/3217/2803 2708/3233/2804 2696/3218/2792
f 2696/3218/2792 2708/3233/2804 2709/3219/2805
f 2709/3219/2805 2710/3221/2806 2698/3220/2794
f 2710/3221/2806 2711/3222/2807 2699/3208/2795
f 2711/3222/2807 2712/3223/2808 2700/3209/2796
f 2712/3223/2808 2713/3238/2809 2701/3224/2797
f 2701/3225/2797 2713/3240/2809 2714/3226/2810
f 2702/3212/2798 2714/3226/2810 2715/3227/2811
f 2703/3214/2799 2715/3227/2811 2716/3228/2812
f 2704/3215/2800 2716/3228/2812 2717/3229/2813
f 2717/3229/2813 2718/3231/2814 2706/3230/2802
f 2718/3231/2814 2707/3217/2803 2695/3206/2791
f 2719/3232/2815 2720/3234/2816 2708/3233/2804
f 2720/3234/2816 2721/3247/2817 2709/3219/2805
f 2709/3219/2805 2721/3247/2817 2722/3235/2818
f 2722/3235/2818 2723/3236/2819 2711/3222/2807
f 2723/3236/2819 2724/3250/2820 2712/3223/2808
f 2712/3223/2808 2724/3250/2820 2725/3237/2821
f 2725/3239/2821 2726/3241/2822 2714/3226/2810
f 2726/3241/2822 2727/3242/2823 2715/3227/2811
f 2727/3242/2823 2728/3243/2824 2716/3228/2812
f 2728/3243/2824 2729/3244/2825 2717/3229/2813
f 2729/3244/2825 2730/3245/2826 2718/3231/2814
f 2730/3245/2826 2719/3232/2815 2707/3217/2803
f 2719/3232/2815 2731/3257/2827 2732/3246/2828
f 2732/3246/2828 2733/3259/2829 2721/3247/2817
f 2721/3247/2817 2733/3259/2829 2734/3248/2830
f 2734/3248/2830 2735/3249/2831 2723/3236/2819
f 2735/3249/2831 2736/3251/2832 2724/3250/2820
f 2736/3251/2832 2737/3264/2833 2725/3237/2821
f 2737/3252/2833 2738/3253/2834 2726/3241/2822
f 2738/3253/2834 2739/3254/2835 2727/3242/2823
f 2739/3254/2835 2740/3255/2836 2728/3243/2824
f 2740/3255/2836 2741/3268/2837 2729/3244/2825
f 2729/3244/2825 2741/3268/2837 2742/3256/2838
f 2730/3245/2826 2742/3256/2838 2731/3257/2827
f 2731/3257/2827 2743/3271/2839 2744/3258/2840
f 2744/3258/2840 2745/3260/2841 2733/3259/2829
f 2745/3260/2841 2746/3261/2842 2734/3248/2830
f 2746/3261/2842 2747/3262/2843 2735/3249/2831
f 2747/3262/2843 2748/3263/2844 2736/3251/2832
f 2748/3263/2844 2749/3276/2845 2737/3264/2833
f 2749/3265/2845 2750/3278/2846 2738/3253/2834
f 2738/3253/2834 2750/3278/2846 2751/3266/2847
f 2751/3266/2847 2752/3267/2848 2740/3255/2836
f 2752/3267/2848 2753/3281/2849 2741/3268/2837
f 2741/3268/2837 2753/3281/2849 2754/3269/2850
f 2754/3269/2850 2743/3271/2839 2731/3257/2827
f 2755/3270/2851 2756/3284/2852 2744/3258/2840
f 2744/3258/2840 2756/3284/2852 2757/3272/2853
f 2757/3272/2853 2758/3273/2854 2746/3261/2842
f 2758/3273/2854 2759/3274/2855 2747/3262/2843
f 2759/3274/2855 2760/3288/2856 2748/3263/2844
f 2748/3263/2844 2760/3288/2856 2761/3275/2857
f 2761/3277/2857 2762/3279/2858 2750/3278/2846
f 2762/3279/2858 2763/3292/2859 2751/3266/2847
f 2751/3266/2847 2763/3292/2859 2764/3280/2860
f 2764/3280/2860 2765/3282/2861 2753/3281/2849
f 2765/3282/2861 2766/3294/2862 2754/3269/2850
f 2754/3269/2850 2766/3294/2862 2755/3270/2851
f 2767/3283/2863 2768/3297/2864 2756/3284/2852
f 2756/3284/2852 2768/3297/2864 2769/3285/2865
f 2769/3285/2865 2770/3286/2866 2758/3273/2854
f 2770/3286/2866 2771/3300/2867 2759/3274/2855
f 2759/3274/2855 2771/3300/2867 2772/3287/2868
f 2760/3288/2856 2772/3287/2868 2773/3289/2869
f 2773/3290/2869 2774/3304/2870 2762/3279/2858
f 2762/3279/2858 2774/3304/2870 2775/3291/2871
f 2775/3291/2871 2776/3307/2872 2764/3280/2860
f 2764/3280/2860 2776/3307/2872 2777/3293/2873
f 2777/3293/2873 2778/3295/2874 2766/3294/2862
f 2778/3295/2874 2767/3283/2863 2755/3270/2851
f 2767/3283/2863 2779/3311/2875 2780/3296/2876
f 2780/3296/2876 2781/3298/2877 2769/3285/2865
f 2781/3298/2877 2782/3299/2878 2770/3286/2866
f 2782/3299/2878 2783/3315/2879 2771/3300/2867
f 2771/3300/2867 2783/3315/2879 2784/3301/2880
f 2772/3287/2868 2784/3301/2880 2785/3302/2881
f 2785/3303/2881 2786/3305/2882 2774/3304/2870
f 2786/3305/2882 2787/3306/2883 2775/3291/2871
f 2787/3306/2883 2788/3321/2884 2776/3307/2872
f 2776/3307/2872 2788/3321/2884 2789/3308/2885
f 2789/3308/2885 2790/3309/2886 2778/3295/2874
f 2790/3309/2886 2779/3311/2875 2767/3283/2863
f 2791/3310/2887 2792/3312/2888 2780/3296/2876
f 2792/3312/2888 2793/3313/2889 2781/3298/2877
f 2793/3313/2889 2794/3314/2890 2782/3299/2878
f 2794/3314/2890 2795/3316/2891 2783/3315/2879
f 2795/3316/2891 2796/3327/2892 2784/3301/2880
f 2784/3301/2880 2796/3327/2892 2797/3317/2893
f 2797/3318/2893 2798/3319/2894 2786/3305/2882
f 2798/3319/2894 2799/3331/2895 2787/3306/2883
f 2787/3306/2883 2799/3331/2895 2800/3320/2896
f 2800/3320/2896 2801/3334/2897 2789/3308/2885
f 2789/3308/2885 2801/3334/2897 2802/3322/2898
f 2802/3322/2898 2791/3310/2887 2779/3311/2875
f 2803/3323/2617 2804/3324/2899 2792/3312/2888
f 2804/3324/2899 2805/3325/2900 2793/3313/2889
f 2805/3325/2900 2806/3648/2901 2794/3314/2890
f 2794/3314/2890 2806/3648/2901 2807/3326/2902
f 2807/3326/2902 2808/3328/2903 2796/3327/2892
f 2808/3328/2903 2809/3649/2611 2797/3317/2893
f 2809/3329/2611 2810/3330/2904 2798/3319/2894
f 2810/3330/2904 2811/3332/2905 2799/3331/2895
f 2811/3332/2905 2812/3650/2906 2800/3320/2896
f 2800/3320/2896 2812/3650/2906 2813/3333/2907
f 2801/3334/2897 2813/3333/2907 2814/3335/2908
f 2802/3322/2898 2814/3335/2908 2803/3323/2617
f 2815/3336/2629 2816/3360/2909 2804/3337/2899
f 2804/3337/2899 2816/3360/2909 2817/3339/2910
f 2817/3339/2910 2818/3342/2911 2806/3341/2901
f 2818/3342/2911 2819/3344/2912 2807/3343/2902
f 2819/3344/2912 2820/3346/2913 2808/3345/2903
f 2820/3346/2913 2821/3364/2623 2809/3347/2611
f 2821/3348/2623 2822/3351/2914 2810/3349/2904
f 2822/3351/2914 2823/3353/2915 2811/3352/2905
f 2823/3353/2915 2824/3355/2916 2812/3354/2906
f 2824/3355/2916 2825/3357/2917 2813/3356/2907
f 2825/3357/2917 2826/3368/2918 2814/3358/2908
f 2814/3358/2908 2826/3368/2918 2815/3336/2629
f 2827/3359/2641 2828/3371/2919 2816/3360/2909
f 2816/3360/2909 2828/3371/2919 2829/3361/2920
f 2817/3339/2910 2829/3361/2920 2830/3362/2921
f 2830/3362/2921 2831/3374/2922 2819/3344/2912
f 2819/3344/2912 2831/3374/2922 2832/3363/2923
f 2832/3363/2923 2833/3376/2635 2821/3364/2623
f 2821/3348/2623 2833/3377/2635 2834/3365/2924
f 2834/3365/2924 2835/3379/2925 2823/3353/2915
f 2823/3353/2915 2835/3379/2925 2836/3366/2926
f 2836/3366/2926 2837/3367/2927 2825/3357/2917
f 2837/3367/2927 2838/3369/2928 2826/3368/2918
f 2838/3369/2928 2827/3359/2641 2815/3336/2629
f 2839/3370/2653 2840/3372/2929 2828/3371/2919
f 2840/3372/2929 2841/3386/2930 2829/3361/2920
f 2829/3361/2920 2841/3386/2930 2842/3373/2931
f 2842/3373/2931 2843/3389/2932 2831/3374/2922
f 2831/3374/2922 2843/3389/2932 2844/3375/2933
f 2844/3375/2933 2845/3391/2647 2833/3376/2635
f 2833/3377/2635 2845/3392/2647 2846/3378/2934
f 2846/3378/2934 2847/3380/2935 2835/3379/2925
f 2847/3380/2935 2848/3381/2936 2836/3366/2926
f 2848/3381/2936 2849/3382/2937 2837/3367/2927
f 2849/3382/2937 2850/3383/2938 2838/3369/2928
f 2850/3383/2938 2839/3370/2653 2827/3359/2641
f 2851/3384/2665 2852/3385/2939 2840/3372/2929
f 2852/3385/2939 2853/3387/2940 2841/3386/2930
f 2853/3387/2940 2854/3388/2941 2842/3373/2931
f 2854/3388/2941 2855/3400/2942 2843/3389/2932
f 2843/3389/2932 2855/3400/2942 2856/3390/2943
f 2856/3390/2943 2857/3402/2659 2845/3391/2647
f 2845/3392/2647 2857/3404/2659 2858/3393/2944
f 2858/3393/2944 2859/3406/2945 2847/3380/2935
f 2847/3380/2935 2859/3406/2945 2860/3394/2946
f 2848/3381/2936 2860/3394/2946 2861/3395/2947
f 2861/3395/2947 2862/3396/2948 2850/3383/2938
f 2862/3396/2948 2851/3384/2665 2839/3370/2653
f 2851/3384/2665 2863/3410/2677 2864/3397/2949
f 2864/3397/2949 2865/3398/2950 2853/3387/2940
f 2865/3398/2950 2866/3399/2951 2854/3388/2941
f 2866/3399/2951 2867/3414/2952 2855/3400/2942
f 2855/3400/2942 2867/3414/2952 2868/3401/2953
f 2868/3401/2953 2869/3416/2671 2857/3402/2659
f 2869/3403/2671 2870/3405/2954 2858/3393/2944
f 2870/3405/2954 2871/3419/2955 2859/3406/2945
f 2859/3406/2945 2871/3419/2955 2872/3407/2956
f 2872/3407/2956 2873/3408/2957 2861/3395/2947
f 2873/3408/2957 2874/3409/2958 2862/3396/2948
f 2874/3409/2958 2863/3410/2677 2851/3384/2665
f 2863/3410/2677 2875/3422/2689 2876/3411/2959
f 2864/3397/2949 2876/3411/2959 2877/3412/2960
f 2877/3412/2960 2878/3413/2961 2866/3399/2951
f 2878/3413/2961 2879/3426/2962 2867/3414/2952
f 2867/3414/2952 2879/3426/2962 2880/3415/2963
f 2880/3415/2963 2881/3428/2683 2869/3416/2671
f 2881/3417/2683 2882/3418/2964 2870/3405/2954
f 2882/3418/2964 2883/3420/2965 2871/3419/2955
f 2883/3420/2965 2884/3431/2966 2872/3407/2956
f 2872/3407/2956 2884/3431/2966 2885/3421/2967
f 2885/3421/2967 2886/3433/2968 2874/3409/2958
f 2874/3409/2958 2886/3433/2968 2875/3422/2689
f 2875/3422/2689 2887/3436/2701 2888/3423/2969
f 2888/3423/2969 2889/3424/2970 2877/3412/2960
f 2889/3424/2970 2890/3439/2971 2878/3413/2961
f 2878/3413/2961 2890/3439/2971 2891/3425/2972
f 2891/3425/2972 2892/3441/2973 2880/3415/2963
f 2880/3415/2963 2892/3441/2973 2893/3427/2695
f 2893/3429/2695 2894/3444/2974 2882/3418/2964
f 2882/3418/2964 2894/3444/2974 2895/3430/2975
f 2895/3430/2975 2896/3446/2976 2884/3431/2966
f 2884/3431/2966 2896/3446/2976 2897/3432/2977
f 2897/3432/2977 2898/3434/2978 2886/3433/2968
f 2898/3434/2978 2887/3436/2701 2875/3422/2689
f 2899/3435/2713 2900/3437/2979 2888/3423/2969
f 2900/3437/2979 2901/3438/2980 2889/3424/2970
f 2901/3438/2980 2902/3451/2981 2890/3439/2971
f 2890/3439/2971 2902/3451/2981 2903/3440/2982
f 2903/3440/2982 2904/3453/2983 2892/3441/2973
f 2892/3441/2973 2904/3453/2983 2905/3442/2707
f 2905/3443/2707 2906/3456/2984 2894/3444/2974
f 2894/3444/2974 2906/3456/2984 2907/3445/2985
f 2907/3445/2985 2908/3459/2986 2896/3446/2976
f 2896/3446/2976 2908/3459/2986 2909/3447/2987
f 2909/3447/2987 2910/3448/2988 2898/3434/2978
f 2910/3448/2988 2899/3435/2713 2887/3436/2701
f 2899/3435/2713 2911/3462/2725 2912/3449/2989
f 2912/3449/2989 2913/3464/2990 2901/3438/2980
f 2901/3438/2980 2913/3464/2990 2914/3450/2991
f 2902/3451/2981 2914/3450/2991 2915/3452/2992
f 2915/3452/2992 2916/3468/2993 2904/3453/2983
f 2904/3453/2983 2916/3468/2993 2917/3454/2719
f 2917/3455/2719 2918/3457/2994 2906/3456/2984
f 2918/3457/2994 2919/3458/2995 2907/3445/2985
f 2919/3458/2995 2920/3460/2996 2908/3459/2986
f 2920/3460/2996 2921/3473/2997 2909/3447/2987
f 2909/3447/2987 2921/3473/2997 2922/3461/2998
f 2922/3461/2998 2911/3462/2725 2899/3435/2713
f 2911/3462/2725 2923/3477/2999 2924/3463/3000
f 2924/3463/3000 2925/3465/3001 2913/3464/2990
f 2925/3465/3001 2926/3466/3002 2914/3450/2991
f 2926/3466/3002 2927/3467/3003 2915/3452/2992
f 2927/3467/3003 2928/3482/3004 2916/3468/2993
f 2916/3468/2993 2928/3482/3004 2929/3469/2731
f 2929/3470/2731 2930/3471/3005 2918/3457/2994
f 2930/3471/3005 2931/3486/3006 2919/3458/2995
f 2919/3458/2995 2931/3486/3006 2932/3472/3007
f 2932/3472/3007 2933/3474/3008 2921/3473/2997
f 2933/3474/3008 2934/3475/3009 2922/3461/2998
f 2934/3475/3009 2923/3477/2999 2911/3462/2725
f 2935/3476/2749 2936/3478/3010 2924/3463/3000
f 2936/3478/3010 2937/3479/3011 2925/3465/3001
f 2937/3479/3011 2938/3480/3012 2926/3466/3002
f 2938/3480/3012 2939/3481/3013 2927/3467/3003
f 2939/3481/3013 2940/3483/3014 2928/3482/3004
f 2940/3483/3014 2941/3494/2743 2929/3469/2731
f 2941/3484/2743 2942/3496/3015 2930/3471/3005
f 2930/3471/3005 2942/3496/3015 2943/3485/3016
f 2931/3486/3006 2943/3485/3016 2944/3487/3017
f 2944/3487/3017 2945/3488/3018 2933/3474/3008
f 2945/3488/3018 2946/3489/3019 2934/3475/3009
f 2946/3489/3019 2935/3476/2749 2923/3477/2999
f 2947/3490/2761 2948/3491/3020 2936/3478/3010
f 2948/3491/3020 2949/3503/3021 2937/3479/3011
f 2937/3479/3011 2949/3503/3021 2950/3492/3022
f 2950/3492/3022 2951/3506/3023 2939/3481/3013
f 2939/3481/3013 2951/3506/3023 2952/3493/3024
f 2952/3493/3024 2953/3508/2755 2941/3494/2743
f 2941/3484/2743 2953/3510/2755 2954/3495/3025
f 2954/3495/3025 2955/3497/3026 2943/3485/3016
f 2955/3497/3026 2956/3498/3027 2944/3487/3017
f 2956/3498/3027 2957/3499/3028 2945/3488/3018
f 2957/3499/3028 2958/3500/3029 2946/3489/3019
f 2958/3500/3029 2947/3490/2761 2935/3476/2749
f 2959/3501/2773 2960/3502/3030 2948/3491/3020
f 2960/3502/3030 2961/3504/3031 2949/3503/3021
f 2961/3504/3031 2962/3517/3032 2950/3492/3022
f 2950/3492/3022 2962/3517/3032 2963/3505/3033
f 2963/3505/3033 2964/3507/3034 2952/3493/3024
f 2964/3507/3034 2965/3521/2767 2953/3508/2755
f 2965/3509/2767 2966/3523/3035 2954/3495/3025
f 2954/3495/3025 2966/3523/3035 2967/3511/3036
f 2967/3511/3036 2968/3526/3037 2956/3498/3027
f 2956/3498/3027 2968/3526/3037 2969/3512/3038
f 2969/3512/3038 2970/3513/3039 2958/3500/3029
f 2970/3513/3039 2959/3501/2773 2947/3490/2761
f 2971/3514/3040 2972/3515/3041 2960/3502/3030
f 2972/3515/3041 2973/3516/3042 2961/3504/3031
f 2973/3516/3042 2974/3518/3043 2962/3517/3032
f 2974/3518/3043 2975/3519/3044 2963/3505/3033
f 2975/3519/3044 2976/3520/3045 2964/3507/3034
f 2976/3520/3045 2977/3533/2779 2965/3521/2767
f 2977/3522/2779 2978/3524/3046 2966/3523/3035
f 2978/3524/3046 2979/3525/3047 2967/3511/3036
f 2979/3525/3047 2980/3536/3048 2968/3526/3037
f 2968/3526/3037 2980/3536/3048 2981/3527/3049
f 2981/3527/3049 2982/3528/3050 2970/3513/3039
f 2982/3528/3050 2971/3514/3040 2959/3501/2773
f 2983/3529/2797 2984/3539/3051 2972/3515/3041
f 2972/3515/3041 2984/3539/3051 2985/3530/3052
f 2985/3530/3052 2986/3541/3053 2974/3518/3043
f 2974/3518/3043 2986/3541/3053 2987/3531/3054
f 2987/3531/3054 2988/3532/3055 2976/3520/3045
f 2988/3532/3055 2989/3545/2791 2977/3533/2779
f 2989/3534/2791 2990/3547/3056 2978/3524/3046
f 2978/3524/3046 2990/3547/3056 2991/3535/3057
f 2991/3535/3057 2992/3549/3058 2980/3536/3048
f 2980/3536/3048 2992/3549/3058 2993/3537/3059
f 2993/3537/3059 2994/3551/3060 2982/3528/3050
f 2982/3528/3050 2994/3551/3060 2983/3529/2797
f 2983/3529/2797 2995/3553/2809 2996/3538/3061
f 2996/3538/3061 2997/3540/3062 2985/3530/3052
f 2997/3540/3062 2998/3542/3063 2986/3541/3053
f 2998/3542/3063 2999/3543/3064 2987/3531/3054
f 2999/3543/3064 3000/3544/3065 2988/3532/3055
f 3000/3544/3065 3001/3558/2803 2989/3545/2791
f 3001/3546/2803 3002/3560/3066 2990/3547/3056
f 2990/3547/3056 3002/3560/3066 3003/3548/3067
f 3003/3548/3067 3004/3562/3068 2992/3549/3058
f 2992/3549/3058 3004/3562/3068 3005/3550/3069
f 3005/3550/3069 3006/3552/3070 2994/3551/3060
f 3006/3552/3070 2995/3553/2809 2983/3529/2797
f 2995/3553/2809 3007/3566/2821 3008/3554/3071
f 3008/3554/3071 3009/3555/3072 2997/3540/3062
f 3009/3555/3072 3010/3569/3073 2998/3542/3063
f 2998/3542/3063 3010/3569/3073 3011/3556/3074
f 3011/3556/3074 3012/3571/3075 3000/3544/3065
f 3000/3544/3065 3012/3571/3075 3013/3557/2815
f 3013/3559/2815 3014/3574/3076 3002/3560/3066
f 3002/3560/3066 3014/3574/3076 3015/3561/3077
f 3015/3561/3077 3016/3563/3078 3004/3562/3068
f 3016/3563/3078 3017/3578/3079 3005/3550/3069
f 3005/3550/3069 3017/3578/3079 3018/3564/3080
f 3018/3564/3080 3007/3566/2821 2995/3553/2809
f 3019/3565/2833 3020/3581/3081 3008/3554/3071
f 3008/3554/3071 3020/3581/3081 3021/3567/3082
f 3009/3555/3072 3021/3567/3082 3022/3568/3083
f 3022/3568/3083 3023/3584/3084 3011/3556/3074
f 3011/3556/3074 3023/3584/3084 3024/3570/3085
f 3012/3571/3075 3024/3570/3085 3025/3572/2827
f 3025/3573/2827 3026/3575/3086 3014/3574/3076
f 3026/3575/3086 3027/3576/3087 3015/3561/3077
f 3027/3576/3087 3028/3577/3088 3016/3563/3078
f 3028/3577/3088 3029/3579/3089 3017/3578/3079
f 3029/3579/3089 3030/3589/3090 3018/3564/3080
f 3018/3564/3080 3030/3589/3090 3019/3565/2833
f 3019/3565/2833 3031/3592/3091 3032/3580/3092
f 3032/3580/3092 3033/3582/3093 3021/3567/3082
f 3033/3582/3093 3034/3595/3094 3022/3568/3083
f 3022/3568/3083 3034/3595/3094 3035/3583/3095
f 3035/3583/3095 3036/3585/3096 3024/3570/3085
f 3036/3585/3096 3037/3598/3097 3025/3572/2827
f 3037/3586/3097 3038/3600/3098 3026/3575/3086
f 3026/3575/3086 3038/3600/3098 3039/3587/3099
f 3039/3587/3099 3040/3602/3100 3028/3577/3088
f 3028/3577/3088 3040/3602/3100 3041/3588/3101
f 3041/3588/3101 3042/3590/3102 3030/3589/3090
f 3042/3590/3102 3031/3592/3091 3019/3565/2833
f 3043/3591/2857 3044/3606/3103 3032/3580/3092
f 3032/3580/3092 3044/3606/3103 3045/3593/3104
f 3033/3582/3093 3045/3593/3104 3046/3594/3105
f 3034/3595/3094 3046/3594/3105 3047/3596/3106
f 3047/3596/3106 3048/3597/3107 3036/3585/3096
f 3048/3597/3107 3049/3610/2851 3037/3598/3097
f 3037/3586/3097 3049/3612/2851 3050/3599/3108
f 3038/3600/3098 3050/3599/3108 3051/3601/3109
f 3051/3601/3109 3052/3603/3110 3040/3602/3100
f 3052/3603/3110 3053/3604/3111 3041/3588/3101
f 3053/3604/3111 3054/3616/3112 3042/3590/3102
f 3042/3590/3102 3054/3616/3112 3043/3591/2857
f 3055/3605/2869 3056/3619/3113 3044/3606/3103
f 3044/3606/3103 3056/3619/3113 3057/3607/3114
f 3057/3607/3114 3058/3622/3115 3046/3594/3105
f 3046/3594/3105 3058/3622/3115 3059/3608/3116
f 3059/3608/3116 3060/3625/3117 3048/3597/3107
f 3048/3597/3107 3060/3625/3117 3061/3609/2863
f 3061/3611/2863 3062/3613/3118 3050/3599/3108
f 3062/3613/3118 3063/3614/3119 3051/3601/3109
f 3063/3614/3119 3064/3630/3120 3052/3603/3110
f 3052/3603/3110 3064/3630/3120 3065/3615/3121
f 3065/3615/3121 3066/3617/3122 3054/3616/3112
f 3066/3617/3122 3055/3605/2869 3043/3591/2857
f 3067/3618/2881 3068/3620/3123 3056/3619/3113
f 3068/3620/3123 3069/3621/3124 3057/3607/3114
f 3069/3621/3124 3070/3623/3125 3058/3622/3115
f 3070/3623/3125 3071/3624/3126 3059/3608/3116
f 3071/3624/3126 3072/3636/3127 3060/3625/3117
f 3060/3625/3117 3072/3636/3127 3073/3626/2875
f 3073/3627/2875 3074/3628/3128 3062/3613/3118
f 3074/3628/3128 3075/3640/3129 3063/3614/3119
f 3063/3614/3119 3075/3640/3129 3076/3629/3130
f 3076/3629/3130 3077/3631/3131 3065/3615/3121
f 3077/3631/3131 3078/3643/3132 3066/3617/3122
f 3066/3617/3122 3078/3643/3132 3067/3618/2881
f 3079/3632/2893 3080/3645/3133 3068/3620/3123
f 3068/3620/3123 3080/3645/3133 3081/3633/3134
f 3081/3633/3134 3082/3634/3135 3070/3623/3125
f 3082/3634/3135 3083/3635/3136 3071/3624/3126
f 3083/3635/3136 3084/3637/3137 3072/3636/3127
f 3084/3637/3137 3085/3646/2887 3073/3626/2875
f 3085/3638/2887 3086/3639/3138 3074/3628/3128
f 3086/3639/3138 3087/3647/3139 3075/3640/3129
f 3075/3640/3129 3087/3647/3139 3088/3641/3140
f 3088/3641/3140 3089/3642/3141 3077/3631/3131
f 3089/3642/3141 3090/3644/3142 3078/3643/3132
f 3090/3644/3142 3079/3632/2893 3067/3618/2881
f 2515/3014/2611 2516/3016/2612 3080/3645/3133
f 2516/3016/2612 2517/3017/2613 3081/3633/3134
f 3081/3633/3134 2517/3017/2613 2518/3019/2614
f 2518/3019/2614 2519/3021/2615 3083/3635/3136
f 2519/3021/2615 2520/3023/2616 3084/3637/3137
f 2520/3023/2616 2521/3025/2617 3085/3646/2887
f 2521/3028/2617 2522/3027/2618 3086/3639/3138
f 3086/3639/3138 2522/3027/2618 2523/3030/2619
f 2523/3030/2619 2524/3032/2620 3088/3641/3140
f 2524/3032/2620 2525/3034/2621 3089/3642/3141
f 2525/3034/2621 2526/3035/2622 3090/3644/3142
f 2526/3035/2622 2515/3014/2611 3079/3632/2893
o Cone.007
v 0.000000 -0.118913 3.234765
v -0.156198 -0.084041 3.227353
v -0.281459 0.013668 3.206584
v -0.350974 0.154863 3.176572
v -0.350974 0.311577 3.143262
v -0.281459 0.452771 3.113250
v -0.156198 0.550481 3.092481
v 0.000000 0.585353 3.085069
v 0.156198 0.550481 3.092481
v 0.281459 0.452771 3.113250
v 0.350974 0.311577 3.143262
v 0.350974 0.154863 3.176572
v 0.281459 0.013668 3.206584
v 0.156198 -0.084041 3.227353
v 0.000000 0.326780 3.600083
vn -0.0000 -0.9818 -0.1901
vn -0.3995 -0.8926 -0.2090
vn -0.7199 -0.6427 -0.2622
vn -0.8977 -0.2815 -0.3389
vn -0.8977 0.1193 -0.4241
vn -0.7199 0.4805 -0.5008
vn -0.3995 0.7304 -0.5540
vn -0.0000 0.8196 -0.5729
vn 0.3995 0.7304 -0.5540
vn 0.7199 0.4805 -0.5008
vn 0.8977 0.1193 -0.4241
vn 0.8977 -0.2815 -0.3389
vn 0.7199 -0.6427 -0.2622
vn 0.3995 -0.8926 -0.2090
vn -0.0000 0.2079 0.9781
vt 0.250000 0.490000
vt 0.250000 0.250000
vt 0.354132 0.466233
vt 0.437640 0.399638
vt 0.483983 0.303405
vt 0.483983 0.196595
vt 0.437640 0.100362
vt 0.354132 0.033767
vt 0.250000 0.010000
vt 0.145868 0.033767
vt 0.062360 0.100362
vt 0.016017 0.196595
vt 0.016017 0.303405
vt 0.062360 0.399638
vt 0.983983 0.303405
vt 0.750000 0.010000
vt 0.516017 0.303405
vt 0.145868 0.466233
vt 0.645868 0.466233
vt 0.750000 0.490000
vt 0.854132 0.466233
vt 0.937640 0.399638
vt 0.983983 0.196595
vt 0.937640 0.100362
vt 0.854132 0.033767
vt 0.645868 0.033767
vt 0.562360 0.100362
vt 0.516017 0.196595
vt 0.562360 0.399638
s 1
g Cone.007_M_Barba.002
usemtl M_Barba.002
f 3091/3651/3143 3105/3652/3157 3092/3653/3144
f 3092/3653/3144 3105/3652/3157 3093/3654/3145
f 3093/3654/3145 3105/3652/3157 3094/3655/3146
f 3094/3655/3146 3105/3652/3157 3095/3656/3147
f 3095/3656/3147 3105/3652/3157 3096/3657/3148
f 3096/3657/3148 3105/3652/3157 3097/3658/3149
f 3097/3658/3149 3105/3652/3157 3098/3659/3150
f 3098/3659/3150 3105/3652/3157 3099/3660/3151
f 3099/3660/3151 3105/3652/3157 3100/3661/3152
f 3100/3661/3152 3105/3652/3157 3101/3662/3153
f 3101/3662/3153 3105/3652/3157 3102/3663/3154
f 3102/3663/3154 3105/3652/3157 3103/3664/3155
f 3094/3665/3146 3098/3666/3150 3102/3667/3154
f 3103/3664/3155 3105/3652/3157 3104/3668/3156
f 3104/3668/3156 3105/3652/3157 3091/3651/3143
f 3104/3669/3156 3091/3670/3143 3092/3671/3144
f 3092/3671/3144 3093/3672/3145 3094/3665/3146
f 3094/3665/3146 3095/3673/3147 3096/3674/3148
f 3096/3674/3148 3097/3675/3149 3098/3666/3150
f 3098/3666/3150 3099/3676/3151 3100/3677/3152
f 3100/3677/3152 3101/3678/3153 3102/3667/3154
f 3102/3667/3154 3103/3679/3155 3104/3669/3156
f 3104/3669/3156 3092/3671/3144 3094/3665/3146
f 3094/3665/3146 3096/3674/3148 3098/3666/3150
f 3098/3666/3150 3100/3677/3152 3102/3667/3154
f 3102/3667/3154 3104/3669/3156 3094/3665/3146
o Cone.008
v 0.000000 -0.101744 2.946864
v -0.139711 -0.070552 2.940234
v -0.251750 0.016843 2.921658
v -0.313927 0.143134 2.894814
v -0.313927 0.283306 2.865020
v -0.251750 0.409596 2.838176
v -0.139711 0.496992 2.819599
v 0.000000 0.528183 2.812969
v 0.139711 0.496992 2.819599
v 0.251750 0.409596 2.838176
v 0.313927 0.283306 2.865020
v 0.313927 0.143134 2.894814
v 0.251750 0.016843 2.921658
v 0.139711 -0.070552 2.940234
v 0.000000 0.306780 3.320083
vn -0.0000 -0.9768 -0.2142
vn -0.3952 -0.8886 -0.2329
vn -0.7122 -0.6413 -0.2855
vn -0.8881 -0.2841 -0.3614
vn -0.8881 0.1125 -0.4458
vn -0.7122 0.4697 -0.5217
vn -0.3952 0.7170 -0.5743
vn -0.0000 0.8052 -0.5930
vn 0.3952 0.7170 -0.5743
vn 0.7122 0.4697 -0.5217
vn 0.8881 0.1125 -0.4458
vn 0.8881 -0.2841 -0.3615
vn 0.7122 -0.6413 -0.2855
vn 0.3952 -0.8886 -0.2330
vn -0.0000 0.2079 0.9781
vt 0.250000 0.490000
vt 0.250000 0.250000
vt 0.354132 0.466233
vt 0.437640 0.399638
vt 0.483983 0.303405
vt 0.483983 0.196595
vt 0.437640 0.100362
vt 0.354132 0.033767
vt 0.250000 0.010000
vt 0.145868 0.033767
vt 0.062360 0.100362
vt 0.016017 0.196595
vt 0.016017 0.303405
vt 0.062360 0.399638
vt 0.983983 0.303405
vt 0.750000 0.010000
vt 0.516017 0.303405
vt 0.145868 0.466233
vt 0.645868 0.466233
vt 0.750000 0.490000
vt 0.854132 0.466233
vt 0.937640 0.399638
vt 0.983983 0.196595
vt 0.937640 0.100362
vt 0.854132 0.033767
vt 0.645868 0.033767
vt 0.562360 0.100362
vt 0.516017 0.196595
vt 0.562360 0.399638
s 1
g Cone.008_M_Barba.003
usemtl M_Barba.003
f 3106/3680/3158 3120/3681/3172 3107/3682/3159
f 3107/3682/3159 3120/3681/3172 3108/3683/3160
f 3108/3683/3160 3120/3681/3172 3109/3684/3161
f 3109/3684/3161 3120/3681/3172 3110/3685/3162
f 3110/3685/3162 3120/3681/3172 3111/3686/3163
f 3111/3686/3163 3120/3681/3172 3112/3687/3164
f 3112/3687/3164 3120/3681/3172 3113/3688/3165
f 3113/3688/3165 3120/3681/3172 3114/3689/3166
f 3114/3689/3166 3120/3681/3172 3115/3690/3167
f 3115/3690/3167 3120/3681/3172 3116/3691/3168
f 3116/3691/3168 3120/3681/3172 3117/3692/3169
f 3117/3692/3169 3120/3681/3172 3118/3693/3170
f 3109/3694/3161 3113/3695/3165 3117/3696/3169
f 3118/3693/3170 3120/3681/3172 3119/3697/3171
f 3119/3697/3171 3120/3681/3172 3106/3680/3158
f 3119/3698/3171 3106/3699/3158 3107/3700/3159
f 3107/3700/3159 3108/3701/3160 3109/3694/3161
f 3109/3694/3161 3110/3702/3162 3111/3703/3163
f 3111/3703/3163 3112/3704/3164 3113/3695/3165
f 3113/3695/3165 3114/3705/3166 3115/3706/3167
f 3115/3706/3167 3116/3707/3168 3117/3696/3169
f 3117/3696/3169 3118/3708/3170 3119/3698/3171
f 3119/3698/3171 3107/3700/3159 3109/3694/3161
f 3109/3694/3161 3111/3703/3163 3113/3695/3165
f 3113/3695/3165 3115/3706/3167 3117/3696/3169
f 3117/3696/3169 3119/3698/3171 3109/3694/3161
o Cone.009
v 0.000000 -0.084574 2.658964
v -0.123223 -0.057064 2.653116
v -0.222040 0.020018 2.636732
v -0.276880 0.131405 2.613056
v -0.276880 0.255035 2.586777
v -0.222040 0.366422 2.563102
v -0.123223 0.443504 2.546717
v 0.000000 0.471014 2.540870
v 0.123223 0.443504 2.546717
v 0.222040 0.366422 2.563102
v 0.276880 0.255035 2.586777
v 0.276880 0.131405 2.613056
v 0.222040 0.020018 2.636732
v 0.123223 -0.057064 2.653116
v 0.000000 0.286780 3.040083
vn -0.0000 -0.9707 -0.2404
vn -0.3903 -0.8836 -0.2589
vn -0.7032 -0.6394 -0.3108
vn -0.8769 -0.2866 -0.3858
vn -0.8769 0.1049 -0.4690
vn -0.7033 0.4577 -0.5440
vn -0.3903 0.7018 -0.5959
vn -0.0000 0.7890 -0.6144
vn 0.3903 0.7018 -0.5959
vn 0.7033 0.4577 -0.5440
vn 0.8769 0.1049 -0.4690
vn 0.8769 -0.2866 -0.3858
vn 0.7032 -0.6394 -0.3108
vn 0.3903 -0.8836 -0.2589
vn -0.0000 0.2079 0.9781
vt 0.250000 0.490000
vt 0.250000 0.250000
vt 0.354132 0.466233
vt 0.437640 0.399638
vt 0.483983 0.303405
vt 0.483983 0.196595
vt 0.437640 0.100362
vt 0.354132 0.033767
vt 0.250000 0.010000
vt 0.145868 0.033767
vt 0.062360 0.100362
vt 0.016017 0.196595
vt 0.016017 0.303405
vt 0.062360 0.399638
vt 0.983983 0.303405
vt 0.750000 0.010000
vt 0.516017 0.303405
vt 0.145868 0.466233
vt 0.645868 0.466233
vt 0.750000 0.490000
vt 0.854132 0.466233
vt 0.937640 0.399638
vt 0.983983 0.196595
vt 0.937640 0.100362
vt 0.854132 0.033767
vt 0.645868 0.033767
vt 0.562360 0.100362
vt 0.516017 0.196595
vt 0.562360 0.399638
s 1
g Cone.009_M_Barba.004
usemtl M_Barba.004
f 3121/3709/3173 3135/3710/3187 3122/3711/3174
f 3122/3711/3174 3135/3710/3187 3123/3712/3175
f 3123/3712/3175 3135/3710/3187 3124/3713/3176
f 3124/3713/3176 3135/3710/3187 3125/3714/3177
f 3125/3714/3177 3135/3710/3187 3126/3715/3178
f 3126/3715/3178 3135/3710/3187 3127/3716/3179
f 3127/3716/3179 3135/3710/3187 3128/3717/3180
f 3128/3717/3180 3135/3710/3187 3129/3718/3181
f 3129/3718/3181 3135/3710/3187 3130/3719/3182
f 3130/3719/3182 3135/3710/3187 3131/3720/3183
f 3131/3720/3183 3135/3710/3187 3132/3721/3184
f 3132/3721/3184 3135/3710/3187 3133/3722/3185
f 3124/3723/3176 3128/3724/3180 3132/3725/3184
f 3133/3722/3185 3135/3710/3187 3134/3726/3186
f 3134/3726/3186 3135/3710/3187 3121/3709/3173
f 3134/3727/3186 3121/3728/3173 3122/3729/3174
f 3122/3729/3174 3123/3730/3175 3124/3723/3176
f 3124/3723/3176 3125/3731/3177 3126/3732/3178
f 3126/3732/3178 3127/3733/3179 3128/3724/3180
f 3128/3724/3180 3129/3734/3181 3130/3735/3182
f 3130/3735/3182 3131/3736/3183 3132/3725/3184
f 3132/3725/3184 3133/3737/3185 3134/3727/3186
f 3134/3727/3186 3122/3729/3174 3124/3723/3176
f 3124/3723/3176 3126/3732/3178 3128/3724/3180
f 3128/3724/3180 3130/3735/3182 3132/3725/3184
f 3132/3725/3184 3134/3727/3186 3124/3723/3176
o Cone.010
v 0.000000 -0.067404 2.371063
v -0.106735 -0.043575 2.365998
v -0.192331 0.023193 2.351806
v -0.239832 0.119676 2.331298
v -0.239832 0.226764 2.308536
v -0.192331 0.323247 2.288028
v -0.106735 0.390015 2.273836
v 0.000000 0.413844 2.268770
v 0.106735 0.390015 2.273836
v 0.192331 0.323247 2.288028
v 0.239832 0.226764 2.308536
v 0.239832 0.119676 2.331298
v 0.192331 0.023193 2.351806
v 0.106735 -0.043575 2.365998
v 0.000000 0.266780 2.760083
vn -0.0000 -0.9633 -0.2686
vn -0.3846 -0.8774 -0.2868
vn -0.6930 -0.6368 -0.3380
vn -0.8642 -0.2892 -0.4118
vn -0.8641 0.0967 -0.4939
vn -0.6930 0.4443 -0.5677
vn -0.3846 0.6849 -0.6189
vn -0.0000 0.7708 -0.6371
vn 0.3846 0.6849 -0.6189
vn 0.6930 0.4443 -0.5677
vn 0.8641 0.0967 -0.4939
vn 0.8642 -0.2892 -0.4118
vn 0.6930 -0.6368 -0.3380
vn 0.3846 -0.8774 -0.2868
vn -0.0000 0.2079 0.9781
vt 0.250000 0.490000
vt 0.250000 0.250000
vt 0.354132 0.466233
vt 0.437640 0.399638
vt 0.483983 0.303405
vt 0.483983 0.196595
vt 0.437640 0.100362
vt 0.354132 0.033767
vt 0.250000 0.010000
vt 0.145868 0.033767
vt 0.062360 0.100362
vt 0.016017 0.196595
vt 0.016017 0.303405
vt 0.062360 0.399638
vt 0.983983 0.303405
vt 0.750000 0.010000
vt 0.516017 0.303405
vt 0.145868 0.466233
vt 0.645868 0.466233
vt 0.750000 0.490000
vt 0.854132 0.466233
vt 0.937640 0.399638
vt 0.983983 0.196595
vt 0.937640 0.100362
vt 0.854132 0.033767
vt 0.645868 0.033767
vt 0.562360 0.100362
vt 0.516017 0.196595
vt 0.562360 0.399638
s 1
g Cone.010_M_Barba.005
usemtl M_Barba.005
f 3136/3738/3188 3150/3739/3202 3137/3740/3189
f 3137/3740/3189 3150/3739/3202 3138/3741/3190
f 3138/3741/3190 3150/3739/3202 3139/3742/3191
f 3139/3742/3191 3150/3739/3202 3140/3743/3192
f 3140/3743/3192 3150/3739/3202 3141/3744/3193
f 3141/3744/3193 3150/3739/3202 3142/3745/3194
f 3142/3745/3194 3150/3739/3202 3143/3746/3195
f 3143/3746/3195 3150/3739/3202 3144/3747/3196
f 3144/3747/3196 3150/3739/3202 3145/3748/3197
f 3145/3748/3197 3150/3739/3202 3146/3749/3198
f 3146/3749/3198 3150/3739/3202 3147/3750/3199
f 3147/3750/3199 3150/3739/3202 3148/3751/3200
f 3139/3752/3191 3143/3753/3195 3147/3754/3199
f 3148/3751/3200 3150/3739/3202 3149/3755/3201
f 3149/3755/3201 3150/3739/3202 3136/3738/3188
f 3149/3756/3201 3136/3757/3188 3137/3758/3189
f 3137/3758/3189 3138/3759/3190 3139/3752/3191
f 3139/3752/3191 3140/3760/3192 3141/3761/3193
f 3141/3761/3193 3142/3762/3194 3143/3753/3195
f 3143/3753/3195 3144/3763/3196 3145/3764/3197
f 3145/3764/3197 3146/3765/3198 3147/3754/3199
f 3147/3754/3199 3148/3766/3200 3149/3756/3201
f 3149/3756/3201 3137/3758/3189 3139/3752/3191
f 3139/3752/3191 3141/3761/3193 3143/3753/3195
f 3143/3753/3195 3145/3764/3197 3147/3754/3199
f 3147/3754/3199 3149/3756/3201 3139/3752/3191
o Cone.011
v 0.000000 -0.050235 2.083162
v -0.090248 -0.030086 2.078880
v -0.162621 0.026368 2.066880
v -0.202785 0.107947 2.049540
v -0.202785 0.198493 2.030294
v -0.162621 0.280072 2.012954
v -0.090248 0.336526 2.000954
v 0.000000 0.356675 1.996671
v 0.090248 0.336526 2.000954
v 0.162621 0.280072 2.012954
v 0.202785 0.198493 2.030294
v 0.202785 0.107947 2.049540
v 0.162621 0.026368 2.066880
v 0.090248 -0.030086 2.078880
v 0.000000 0.246780 2.480083
vn -0.0000 -0.9543 -0.2988
vn -0.3781 -0.8699 -0.3167
vn -0.6812 -0.6334 -0.3670
vn -0.8495 -0.2917 -0.4396
vn -0.8495 0.0876 -0.5203
vn -0.6813 0.4294 -0.5929
vn -0.3781 0.6659 -0.6432
vn -0.0000 0.7503 -0.6611
vn 0.3781 0.6659 -0.6432
vn 0.6813 0.4294 -0.5929
vn 0.8495 0.0876 -0.5203
vn 0.8495 -0.2917 -0.4396
vn 0.6812 -0.6334 -0.3670
vn 0.3781 -0.8699 -0.3167
vn -0.0000 0.2079 0.9781
vt 0.250000 0.490000
vt 0.250000 0.250000
vt 0.354132 0.466233
vt 0.437640 0.399638
vt 0.483983 0.303405
vt 0.483983 0.196595
vt 0.437640 0.100362
vt 0.354132 0.033767
vt 0.250000 0.010000
vt 0.145868 0.033767
vt 0.062360 0.100362
vt 0.016017 0.196595
vt 0.016017 0.303405
vt 0.062360 0.399638
vt 0.983983 0.303405
vt 0.750000 0.010000
vt 0.516017 0.303405
vt 0.145868 0.466233
vt 0.645868 0.466233
vt 0.750000 0.490000
vt 0.854132 0.466233
vt 0.937640 0.399638
vt 0.983983 0.196595
vt 0.937640 0.100362
vt 0.854132 0.033767
vt 0.645868 0.033767
vt 0.562360 0.100362
vt 0.516017 0.196595
vt 0.562360 0.399638
s 1
g Cone.011_M_Barba.006
usemtl M_Barba.006
f 3151/3767/3203 3165/3768/3217 3152/3769/3204
f 3152/3769/3204 3165/3768/3217 3153/3770/3205
f 3153/3770/3205 3165/3768/3217 3154/3771/3206
f 3154/3771/3206 3165/3768/3217 3155/3772/3207
f 3155/3772/3207 3165/3768/3217 3156/3773/3208
f 3156/3773/3208 3165/3768/3217 3157/3774/3209
f 3157/3774/3209 3165/3768/3217 3158/3775/3210
f 3158/3775/3210 3165/3768/3217 3159/3776/3211
f 3159/3776/3211 3165/3768/3217 3160/3777/3212
f 3160/3777/3212 3165/3768/3217 3161/3778/3213
f 3161/3778/3213 3165/3768/3217 3162/3779/3214
f 3162/3779/3214 3165/3768/3217 3163/3780/3215
f 3154/3781/3206 3158/3782/3210 3162/3783/3214
f 3163/3780/3215 3165/3768/3217 3164/3784/3216
f 3164/3784/3216 3165/3768/3217 3151/3767/3203
f 3164/3785/3216 3151/3786/3203 3152/3787/3204
f 3152/3787/3204 3153/3788/3205 3154/3781/3206
f 3154/3781/3206 3155/3789/3207 3156/3790/3208
f 3156/3790/3208 3157/3791/3209 3158/3782/3210
f 3158/3782/3210 3159/3792/3211 3160/3793/3212
f 3160/3793/3212 3161/3794/3213 3162/3783/3214
f 3162/3783/3214 3163/3795/3215 3164/3785/3216
f 3164/3785/3216 3152/3787/3204 3154/3781/3206
f 3154/3781/3206 3156/3790/3208 3158/3782/3210
f 3158/3782/3210 3160/3793/3212 3162/3783/3214
f 3162/3783/3214 3164/3785/3216 3154/3781/3206
o Cone.012
v 0.000000 -0.033065 1.795262
v -0.073760 -0.016598 1.791762
v -0.132911 0.029543 1.781954
v -0.165738 0.096218 1.767782
v -0.165738 0.170222 1.752052
v -0.132911 0.236897 1.737880
v -0.073760 0.283038 1.728072
v 0.000000 0.299505 1.724572
v 0.073760 0.283038 1.728072
v 0.132911 0.236897 1.737880
v 0.165738 0.170222 1.752052
v 0.165738 0.096218 1.767782
v 0.132911 0.029543 1.781954
v 0.073760 -0.016598 1.791762
v 0.000000 0.226780 2.200083
vn -0.0000 -0.9437 -0.3309
vn -0.3707 -0.8609 -0.3484
vn -0.6679 -0.6291 -0.3978
vn -0.8329 -0.2940 -0.4689
vn -0.8328 0.0779 -0.5480
vn -0.6679 0.4129 -0.6192
vn -0.3706 0.6448 -0.6685
vn -0.0000 0.7275 -0.6861
vn 0.3706 0.6448 -0.6685
vn 0.6679 0.4129 -0.6192
vn 0.8328 0.0779 -0.5480
vn 0.8328 -0.2940 -0.4690
vn 0.6679 -0.6291 -0.3978
vn 0.3707 -0.8609 -0.3484
vn -0.0000 0.2079 0.9781
vt 0.250000 0.490000
vt 0.250000 0.250000
vt 0.354132 0.466233
vt 0.437640 0.399638
vt 0.483983 0.303405
vt 0.483983 0.196595
vt 0.437640 0.100362
vt 0.354132 0.033767
vt 0.250000 0.010000
vt 0.145868 0.033767
vt 0.062360 0.100362
vt 0.016017 0.196595
vt 0.016017 0.303405
vt 0.062360 0.399638
vt 0.983983 0.303405
vt 0.750000 0.010000
vt 0.516017 0.303405
vt 0.145868 0.466233
vt 0.645868 0.466233
vt 0.750000 0.490000
vt 0.854132 0.466233
vt 0.937640 0.399638
vt 0.983983 0.196595
vt 0.937640 0.100362
vt 0.854132 0.033767
vt 0.645868 0.033767
vt 0.562360 0.100362
vt 0.516017 0.196595
vt 0.562360 0.399638
s 1
g Cone.012_M_Barba.007
usemtl M_Barba.007
f 3166/3796/3218 3180/3797/3232 3167/3798/3219
f 3167/3798/3219 3180/3797/3232 3168/3799/3220
f 3168/3799/3220 3180/3797/3232 3169/3800/3221
f 3169/3800/3221 3180/3797/3232 3170/3801/3222
f 3170/3801/3222 3180/3797/3232 3171/3802/3223
f 3171/3802/3223 3180/3797/3232 3172/3803/3224
f 3172/3803/3224 3180/3797/3232 3173/3804/3225
f 3173/3804/3225 3180/3797/3232 3174/3805/3226
f 3174/3805/3226 3180/3797/3232 3175/3806/3227
f 3175/3806/3227 3180/3797/3232 3176/3807/3228
f 3176/3807/3228 3180/3797/3232 3177/3808/3229
f 3177/3808/3229 3180/3797/3232 3178/3809/3230
f 3169/3810/3221 3173/3811/3225 3177/3812/3229
f 3178/3809/3230 3180/3797/3232 3179/3813/3231
f 3179/3813/3231 3180/3797/3232 3166/3796/3218
f 3179/3814/3231 3166/3815/3218 3167/3816/3219
f 3167/3816/3219 3168/3817/3220 3169/3810/3221
f 3169/3810/3221 3170/3818/3222 3171/3819/3223
f 3171/3819/3223 3172/3820/3224 3173/3811/3225
f 3173/3811/3225 3174/3821/3226 3175/3822/3227
f 3175/3822/3227 3176/3823/3228 3177/3812/3229
f 3177/3812/3229 3178/3824/3230 3179/3814/3231
f 3179/3814/3231 3167/3816/3219 3169/3810/3221
f 3169/3810/3221 3171/3819/3223 3173/3811/3225
f 3173/3811/3225 3175/3822/3227 3177/3812/3229
f 3177/3812/3229 3179/3814/3231 3169/3810/3221
o Cone.013
v 0.000000 -0.015896 1.507361
v -0.057273 -0.003109 1.504643
v -0.103202 0.032718 1.497028
v -0.128690 0.084489 1.486024
v -0.128690 0.141951 1.473810
v -0.103202 0.193722 1.462806
v -0.057273 0.229549 1.455190
v 0.000000 0.242335 1.452472
v 0.057273 0.229549 1.455190
v 0.103202 0.193722 1.462806
v 0.128690 0.141951 1.473810
v 0.128690 0.084489 1.486024
v 0.103202 0.032718 1.497028
v 0.057273 -0.003109 1.504643
v 0.000000 0.206780 1.920083
vn -0.0000 -0.9311 -0.3647
vn -0.3623 -0.8503 -0.3818
vn -0.6528 -0.6236 -0.4300
vn -0.8140 -0.2961 -0.4996
vn -0.8140 0.0673 -0.5769
vn -0.6528 0.3948 -0.6465
vn -0.3623 0.6214 -0.6947
vn -0.0000 0.7023 -0.7119
vn 0.3623 0.6214 -0.6947
vn 0.6528 0.3948 -0.6465
vn 0.8140 0.0673 -0.5769
vn 0.8140 -0.2962 -0.4996
vn 0.6528 -0.6236 -0.4300
vn 0.3623 -0.8503 -0.3818
vn -0.0000 0.2079 0.9781
vt 0.250000 0.490000
vt 0.250000 0.250000
vt 0.354132 0.466233
vt 0.437640 0.399638
vt 0.483983 0.303405
vt 0.483983 0.196595
vt 0.437640 0.100362
vt 0.354132 0.033767
vt 0.250000 0.010000
vt 0.145868 0.033767
vt 0.062360 0.100362
vt 0.016017 0.196595
vt 0.016017 0.303405
vt 0.062360 0.399638
vt 0.983983 0.303405
vt 0.750000 0.010000
vt 0.516017 0.303405
vt 0.145868 0.466233
vt 0.645868 0.466233
vt 0.750000 0.490000
vt 0.854132 0.466233
vt 0.937640 0.399638
vt 0.983983 0.196595
vt 0.937640 0.100362
vt 0.854132 0.033767
vt 0.645868 0.033767
vt 0.562360 0.100362
vt 0.516017 0.196595
vt 0.562360 0.399638
s 1
g Cone.013_M_Barba.008
usemtl M_Barba.008
f 3181/3825/3233 3195/3826/3247 3182/3827/3234
f 3182/3827/3234 3195/3826/3247 3183/3828/3235
f 3183/3828/3235 3195/3826/3247 3184/3829/3236
f 3184/3829/3236 3195/3826/3247 3185/3830/3237
f 3185/3830/3237 3195/3826/3247 3186/3831/3238
f 3186/3831/3238 3195/3826/3247 3187/3832/3239
f 3187/3832/3239 3195/3826/3247 3188/3833/3240
f 3188/3833/3240 3195/3826/3247 3189/3834/3241
f 3189/3834/3241 3195/3826/3247 3190/3835/3242
f 3190/3835/3242 3195/3826/3247 3191/3836/3243
f 3191/3836/3243 3195/3826/3247 3192/3837/3244
f 3192/3837/3244 3195/3826/3247 3193/3838/3245
f 3184/3839/3236 3188/3840/3240 3192/3841/3244
f 3193/3838/3245 3195/3826/3247 3194/3842/3246
f 3194/3842/3246 3195/3826/3247 3181/3825/3233
f 3194/3843/3246 3181/3844/3233 3182/3845/3234
f 3182/3845/3234 3183/3846/3235 3184/3839/3236
f 3184/3839/3236 3185/3847/3237 3186/3848/3238
f 3186/3848/3238 3187/3849/3239 3188/3840/3240
f 3188/3840/3240 3189/3850/3241 3190/3851/3242
f 3190/3851/3242 3191/3852/3243 3192/3841/3244
f 3192/3841/3244 3193/3853/3245 3194/3843/3246
f 3194/3843/3246 3182/3845/3234 3184/3839/3236
f 3184/3839/3236 3186/3848/3238 3188/3840/3240
f 3188/3840/3240 3190/3851/3242 3192/3841/3244
f 3192/3841/3244 3194/3843/3246 3184/3839/3236
o Cube
v -0.638628 0.442834 2.424107
v -0.508625 0.863690 3.052015
v -0.604300 0.381574 2.458059
v -0.474297 0.802429 3.085967
v -1.085703 0.297571 2.614033
v -0.955700 0.718426 3.241940
v -1.051374 0.236310 2.647985
v -0.921372 0.657166 3.275893
vn -0.3164 0.7608 -0.5666
vn -0.2824 0.8706 -0.4029
vn 0.5493 -0.7839 0.2895
vn 0.5832 -0.6741 0.4533
vn -0.5832 0.6741 -0.4533
vn -0.5493 0.7839 -0.2895
vn 0.2825 -0.8706 0.4029
vn 0.3163 -0.7608 0.5666
vt 0.625000 0.000000
vt 0.375000 0.250000
vt 0.375000 0.000000
vt 0.625000 0.250000
vt 0.375000 0.500000
vt 0.625000 0.500000
vt 0.375000 0.750000
vt 0.625000 0.750000
vt 0.375000 1.000000
vt 0.125000 0.750000
vt 0.125000 0.500000
vt 0.875000 0.500000
vt 0.625000 1.000000
vt 0.875000 0.750000
s 1
g Cube_M_Pedra.001
usemtl M_Pedra.001
f 3197/3854/3249 3198/3855/3250 3196/3856/3248
f 3199/3857/3251 3202/3858/3254 3198/3855/3250
f 3203/3859/3255 3200/3860/3252 3202/3858/3254
f 3201/3861/3253 3196/3862/3248 3200/3860/3252
f 3202/3858/3254 3196/3863/3248 3198/3864/3250
f 3199/3865/3251 3201/3861/3253 3203/3859/3255
f 3197/3854/3249 3199/3857/3251 3198/3855/3250
f 3199/3857/3251 3203/3859/3255 3202/3858/3254
f 3203/3859/3255 3201/3861/3253 3200/3860/3252
f 3201/3861/3253 3197/3866/3249 3196/3862/3248
f 3202/3858/3254 3200/3860/3252 3196/3863/3248
f 3199/3865/3251 3197/3867/3249 3201/3861/3253
o Cube.001
v -0.693645 0.546626 2.546165
v -0.688238 0.564130 2.572281
v -0.683434 0.528405 2.556264
v -0.678028 0.545909 2.582379
v -0.744790 0.530008 2.567893
v -0.739383 0.547512 2.594008
v -0.734579 0.511787 2.577991
v -0.729172 0.529291 2.604106
vn 0.8818 0.2865 -0.3746
vn 0.4401 -0.7854 0.4353
vn -0.8818 -0.2865 0.3746
vn -0.4401 0.7854 -0.4353
vn -0.1695 -0.5487 -0.8187
vn 0.1695 0.5487 0.8187
vt 0.625000 0.000000
vt 0.375000 0.250000
vt 0.375000 0.000000
vt 0.625000 0.250000
vt 0.375000 0.500000
vt 0.625000 0.500000
vt 0.375000 0.750000
vt 0.625000 0.750000
vt 0.375000 1.000000
vt 0.125000 0.750000
vt 0.125000 0.500000
vt 0.875000 0.500000
vt 0.625000 1.000000
vt 0.875000 0.750000
s 0
g Cube.001_M_Runa.004
usemtl M_Runa.004
f 3205/3868/3256 3206/3869/3256 3204/3870/3256
f 3207/3871/3257 3210/3872/3257 3206/3869/3257
f 3211/3873/3258 3208/3874/3258 3210/3872/3258
f 3209/3875/3259 3204/3876/3259 3208/3874/3259
f 3210/3872/3260 3204/3877/3260 3206/3878/3260
f 3207/3879/3261 3209/3875/3261 3211/3873/3261
f 3205/3868/3256 3207/3871/3256 3206/3869/3256
f 3207/3871/3257 3211/3873/3257 3210/3872/3257
f 3211/3873/3258 3209/3875/3258 3208/3874/3258
f 3209/3875/3259 3205/3880/3259 3204/3876/3259
f 3210/3872/3260 3208/3874/3260 3204/3877/3260
f 3207/3879/3261 3205/3881/3261 3209/3875/3261
o Cube.002
v -0.834734 0.500784 2.606102
v -0.829327 0.518287 2.632218
v -0.824523 0.482563 2.616201
v -0.819116 0.500066 2.642316
v -0.885878 0.484166 2.627830
v -0.880471 0.501670 2.653945
v -0.875668 0.465945 2.637928
v -0.870261 0.483449 2.664043
vn 0.8818 0.2865 -0.3746
vn 0.4401 -0.7854 0.4353
vn -0.8818 -0.2865 0.3746
vn -0.4401 0.7854 -0.4353
vn -0.1695 -0.5487 -0.8187
vn 0.1695 0.5487 0.8187
vt 0.625000 0.000000
vt 0.375000 0.250000
vt 0.375000 0.000000
vt 0.625000 0.250000
vt 0.375000 0.500000
vt 0.625000 0.500000
vt 0.375000 0.750000
vt 0.625000 0.750000
vt 0.375000 1.000000
vt 0.125000 0.750000
vt 0.125000 0.500000
vt 0.875000 0.500000
vt 0.625000 1.000000
vt 0.875000 0.750000
s 0
g Cube.002_M_Runa.005
usemtl M_Runa.005
f 3213/3882/3262 3214/3883/3262 3212/3884/3262
f 3215/3885/3263 3218/3886/3263 3214/3883/3263
f 3219/3887/3264 3216/3888/3264 3218/3886/3264
f 3217/3889/3265 3212/3890/3265 3216/3888/3265
f 3218/3886/3266 3212/3891/3266 3214/3892/3266
f 3215/3893/3267 3217/3889/3267 3219/3887/3267
f 3213/3882/3262 3215/3885/3262 3214/3883/3262
f 3215/3885/3263 3219/3887/3263 3218/3886/3263
f 3219/3887/3264 3217/3889/3264 3216/3888/3264
f 3217/3889/3265 3213/3894/3265 3212/3890/3265
f 3218/3886/3266 3216/3888/3266 3212/3891/3266
f 3215/3893/3267 3213/3895/3267 3217/3889/3267
o Cube.003
v -0.975822 0.454941 2.666039
v -0.970415 0.472445 2.692155
v -0.965612 0.436720 2.676138
v -0.960205 0.454224 2.702253
v -1.026967 0.438323 2.687767
v -1.021560 0.455827 2.713882
v -1.016757 0.420102 2.697865
v -1.011350 0.437606 2.723980
vn 0.8818 0.2865 -0.3746
vn 0.4401 -0.7854 0.4353
vn -0.8818 -0.2865 0.3746
vn -0.4401 0.7854 -0.4353
vn -0.1695 -0.5487 -0.8187
vn 0.1695 0.5487 0.8187
vt 0.625000 0.000000
vt 0.375000 0.250000
vt 0.375000 0.000000
vt 0.625000 0.250000
vt 0.375000 0.500000
vt 0.625000 0.500000
vt 0.375000 0.750000
vt 0.625000 0.750000
vt 0.375000 1.000000
vt 0.125000 0.750000
vt 0.125000 0.500000
vt 0.875000 0.500000
vt 0.625000 1.000000
vt 0.875000 0.750000
s 0
g Cube.003_M_Runa.006
usemtl M_Runa.006
f 3221/3896/3268 3222/3897/3268 3220/3898/3268
f 3223/3899/3269 3226/3900/3269 3222/3897/3269
f 3227/3901/3270 3224/3902/3270 3226/3900/3270
f 3225/3903/3271 3220/3904/3271 3224/3902/3271
f 3226/3900/3272 3220/3905/3272 3222/3906/3272
f 3223/3907/3273 3225/3903/3273 3227/3901/3273
f 3221/3896/3268 3223/3899/3268 3222/3897/3268
f 3223/3899/3269 3227/3901/3269 3226/3900/3269
f 3227/3901/3270 3225/3903/3270 3224/3902/3270
f 3225/3903/3271 3221/3908/3271 3220/3904/3271
f 3226/3900/3272 3224/3902/3272 3220/3905/3272
f 3223/3907/3273 3221/3909/3273 3225/3903/3273
o Cube.004
v -0.656356 0.667341 2.726269
v -0.650949 0.684845 2.752385
v -0.646146 0.649120 2.736368
v -0.640739 0.666624 2.762483
v -0.707501 0.650723 2.747997
v -0.702094 0.668227 2.774112
v -0.697290 0.632502 2.758095
v -0.691883 0.650006 2.784210
vn 0.8818 0.2865 -0.3746
vn 0.4401 -0.7854 0.4353
vn -0.8818 -0.2865 0.3746
vn -0.4401 0.7854 -0.4353
vn -0.1695 -0.5487 -0.8187
vn 0.1695 0.5487 0.8187
vt 0.625000 0.000000
vt 0.375000 0.250000
vt 0.375000 0.000000
vt 0.625000 0.250000
vt 0.375000 0.500000
vt 0.625000 0.500000
vt 0.375000 0.750000
vt 0.625000 0.750000
vt 0.375000 1.000000
vt 0.125000 0.750000
vt 0.125000 0.500000
vt 0.875000 0.500000
vt 0.625000 1.000000
vt 0.875000 0.750000
s 0
g Cube.004_M_Runa.007
usemtl M_Runa.007
f 3229/3910/3274 3230/3911/3274 3228/3912/3274
f 3231/3913/3275 3234/3914/3275 3230/3911/3275
f 3235/3915/3276 3232/3916/3276 3234/3914/3276
f 3233/3917/3277 3228/3918/3277 3232/3916/3277
f 3234/3914/3278 3228/3919/3278 3230/3920/3278
f 3231/3921/3279 3233/3917/3279 3235/3915/3279
f 3229/3910/3274 3231/3913/3274 3230/3911/3274
f 3231/3913/3275 3235/3915/3275 3234/3914/3275
f 3235/3915/3276 3233/3917/3276 3232/3916/3276
f 3233/3917/3277 3229/3922/3277 3228/3918/3277
f 3234/3914/3278 3232/3916/3278 3228/3919/3278
f 3231/3921/3279 3229/3923/3279 3233/3917/3279
o Cube.005
v -0.797445 0.621499 2.786206
v -0.792038 0.639002 2.812322
v -0.787234 0.603278 2.796305
v -0.781827 0.620781 2.822420
v -0.848589 0.604881 2.807934
v -0.843183 0.622384 2.834049
v -0.838379 0.586660 2.818032
v -0.832972 0.604163 2.844147
vn 0.8818 0.2865 -0.3746
vn 0.4401 -0.7854 0.4353
vn -0.8818 -0.2865 0.3746
vn -0.4401 0.7854 -0.4353
vn -0.1695 -0.5487 -0.8187
vn 0.1695 0.5487 0.8187
vt 0.625000 0.000000
vt 0.375000 0.250000
vt 0.375000 0.000000
vt 0.625000 0.250000
vt 0.375000 0.500000
vt 0.625000 0.500000
vt 0.375000 0.750000
vt 0.625000 0.750000
vt 0.375000 1.000000
vt 0.125000 0.750000
vt 0.125000 0.500000
vt 0.875000 0.500000
vt 0.625000 1.000000
vt 0.875000 0.750000
s 0
g Cube.005_M_Runa.008
usemtl M_Runa.008
f 3237/3924/3280 3238/3925/3280 3236/3926/3280
f 3239/3927/3281 3242/3928/3281 3238/3925/3281
f 3243/3929/3282 3240/3930/3282 3242/3928/3282
f 3241/3931/3283 3236/3932/3283 3240/3930/3283
f 3242/3928/3284 3236/3933/3284 3238/3934/3284
f 3239/3935/3285 3241/3931/3285 3243/3929/3285
f 3237/3924/3280 3239/3927/3280 3238/3925/3280
f 3239/3927/3281 3243/3929/3281 3242/3928/3281
f 3243/3929/3282 3241/3931/3282 3240/3930/3282
f 3241/3931/3283 3237/3936/3283 3236/3932/3283
f 3242/3928/3284 3240/3930/3284 3236/3933/3284
f 3239/3935/3285 3237/3937/3285 3241/3931/3285
o Cube.006
v -0.938533 0.575656 2.846143
v -0.933127 0.593160 2.872259
v -0.928323 0.557435 2.856242
v -0.922916 0.574939 2.882357
v -0.989678 0.559038 2.867871
v -0.984271 0.576542 2.893986
v -0.979468 0.540817 2.877969
v -0.974061 0.558321 2.904084
vn 0.8818 0.2865 -0.3746
vn 0.4401 -0.7854 0.4353
vn -0.8818 -0.2865 0.3746
vn -0.4401 0.7854 -0.4353
vn -0.1695 -0.5487 -0.8187
vn 0.1695 0.5487 0.8187
vt 0.625000 0.000000
vt 0.375000 0.250000
vt 0.375000 0.000000
vt 0.625000 0.250000
vt 0.375000 0.500000
vt 0.625000 0.500000
vt 0.375000 0.750000
vt 0.625000 0.750000
vt 0.375000 1.000000
vt 0.125000 0.750000
vt 0.125000 0.500000
vt 0.875000 0.500000
vt 0.625000 1.000000
vt 0.875000 0.750000
s 0
g Cube.006_M_Runa.009
usemtl M_Runa.009
f 3245/3938/3286 3246/3939/3286 3244/3940/3286
f 3247/3941/3287 3250/3942/3287 3246/3939/3287
f 3251/3943/3288 3248/3944/3288 3250/3942/3288
f 3249/3945/3289 3244/3946/3289 3248/3944/3289
f 3250/3942/3290 3244/3947/3290 3246/3948/3290
f 3247/3949/3291 3249/3945/3291 3251/3943/3291
f 3245/3938/3286 3247/3941/3286 3246/3939/3286
f 3247/3941/3287 3251/3943/3287 3250/3942/3287
f 3251/3943/3288 3249/3945/3288 3248/3944/3288
f 3249/3945/3289 3245/3950/3289 3244/3946/3289
f 3250/3942/3290 3248/3944/3290 3244/3947/3290
f 3247/3949/3291 3245/3951/3291 3249/3945/3291
o Cube.007
v -0.619067 0.788056 2.906374
v -0.613660 0.805560 2.932489
v -0.608857 0.769835 2.916472
v -0.603450 0.787339 2.942587
v -0.670212 0.771438 2.928101
v -0.664805 0.788942 2.954216
v -0.660001 0.753217 2.938199
v -0.654595 0.770721 2.964314
vn 0.8818 0.2865 -0.3746
vn 0.4401 -0.7854 0.4353
vn -0.8818 -0.2865 0.3746
vn -0.4401 0.7854 -0.4353
vn -0.1695 -0.5487 -0.8187
vn 0.1695 0.5487 0.8187
vt 0.625000 0.000000
vt 0.375000 0.250000
vt 0.375000 0.000000
vt 0.625000 0.250000
vt 0.375000 0.500000
vt 0.625000 0.500000
vt 0.375000 0.750000
vt 0.625000 0.750000
vt 0.375000 1.000000
vt 0.125000 0.750000
vt 0.125000 0.500000
vt 0.875000 0.500000
vt 0.625000 1.000000
vt 0.875000 0.750000
s 0
g Cube.007_M_Runa.010
usemtl M_Runa.010
f 3253/3952/3292 3254/3953/3292 3252/3954/3292
f 3255/3955/3293 3258/3956/3293 3254/3953/3293
f 3259/3957/3294 3256/3958/3294 3258/3956/3294
f 3257/3959/3295 3252/3960/3295 3256/3958/3295
f 3258/3956/3296 3252/3961/3296 3254/3962/3296
f 3255/3963/3297 3257/3959/3297 3259/3957/3297
f 3253/3952/3292 3255/3955/3292 3254/3953/3292
f 3255/3955/3293 3259/3957/3293 3258/3956/3293
f 3259/3957/3294 3257/3959/3294 3256/3958/3294
f 3257/3959/3295 3253/3964/3295 3252/3960/3295
f 3258/3956/3296 3256/3958/3296 3252/3961/3296
f 3255/3963/3297 3253/3965/3297 3257/3959/3297
o Cube.008
v -0.760156 0.742213 2.966311
v -0.754749 0.759717 2.992426
v -0.749945 0.723992 2.976409
v -0.744539 0.741496 3.002524
v -0.811301 0.725596 2.988038
v -0.805894 0.743099 3.014153
v -0.801090 0.707375 2.998136
v -0.795683 0.724878 3.024251
vn 0.8818 0.2865 -0.3746
vn 0.4401 -0.7854 0.4353
vn -0.8818 -0.2865 0.3746
vn -0.4401 0.7854 -0.4353
vn -0.1695 -0.5487 -0.8187
vn 0.1695 0.5487 0.8187
vt 0.625000 0.000000
vt 0.375000 0.250000
vt 0.375000 0.000000
vt 0.625000 0.250000
vt 0.375000 0.500000
vt 0.625000 0.500000
vt 0.375000 0.750000
vt 0.625000 0.750000
vt 0.375000 1.000000
vt 0.125000 0.750000
vt 0.125000 0.500000
vt 0.875000 0.500000
vt 0.625000 1.000000
vt 0.875000 0.750000
s 0
g Cube.008_M_Runa.011
usemtl M_Runa.011
f 3261/3966/3298 3262/3967/3298 3260/3968/3298
f 3263/3969/3299 3266/3970/3299 3262/3967/3299
f 3267/3971/3300 3264/3972/3300 3266/3970/3300
f 3265/3973/3301 3260/3974/3301 3264/3972/3301
f 3266/3970/3302 3260/3975/3302 3262/3976/3302
f 3263/3977/3303 3265/3973/3303 3267/3971/3303
f 3261/3966/3298 3263/3969/3298 3262/3967/3298
f 3263/3969/3299 3267/3971/3299 3266/3970/3299
f 3267/3971/3300 3265/3973/3300 3264/3972/3300
f 3265/3973/3301 3261/3978/3301 3260/3974/3301
f 3266/3970/3302 3264/3972/3302 3260/3975/3302
f 3263/3977/3303 3261/3979/3303 3265/3973/3303
o Cube.009
v -0.901245 0.696371 3.026248
v -0.895838 0.713875 3.052363
v -0.891034 0.678150 3.036346
v -0.885627 0.695654 3.062461
v -0.952389 0.679753 3.047975
v -0.946982 0.697257 3.074090
v -0.942179 0.661532 3.058073
v -0.936772 0.679036 3.084188
vn 0.8818 0.2865 -0.3746
vn 0.4401 -0.7854 0.4353
vn -0.8818 -0.2865 0.3746
vn -0.4401 0.7854 -0.4353
vn -0.1695 -0.5487 -0.8187
vn 0.1695 0.5487 0.8187
vt 0.625000 0.000000
vt 0.375000 0.250000
vt 0.375000 0.000000
vt 0.625000 0.250000
vt 0.375000 0.500000
vt 0.625000 0.500000
vt 0.375000 0.750000
vt 0.625000 0.750000
vt 0.375000 1.000000
vt 0.125000 0.750000
vt 0.125000 0.500000
vt 0.875000 0.500000
vt 0.625000 1.000000
vt 0.875000 0.750000
s 0
g Cube.009_M_Runa.012
usemtl M_Runa.012
f 3269/3980/3304 3270/3981/3304 3268/3982/3304
f 3271/3983/3305 3274/3984/3305 3270/3981/3305
f 3275/3985/3306 3272/3986/3306 3274/3984/3306
f 3273/3987/3307 3268/3988/3307 3272/3986/3307
f 3274/3984/3308 3268/3989/3308 3270/3990/3308
f 3271/3991/3309 3273/3987/3309 3275/3985/3309
f 3269/3980/3304 3271/3983/3304 3270/3981/3304
f 3271/3983/3305 3275/3985/3305 3274/3984/3305
f 3275/3985/3306 3273/3987/3306 3272/3986/3306
f 3273/3987/3307 3269/3992/3307 3268/3988/3307
f 3274/3984/3308 3272/3986/3308 3268/3989/3308
f 3271/3991/3309 3269/3993/3309 3273/3987/3309
o Cylinder.001
v 0.828220 0.195030 -0.193208
v 0.861228 0.429893 3.198510
v 0.820980 0.196783 -0.193259
v 0.853988 0.431646 3.198459
v 0.814222 0.199911 -0.193410
v 0.847229 0.434775 3.198308
v 0.808203 0.204294 -0.193655
v 0.841211 0.439158 3.198063
v 0.803157 0.209764 -0.193985
v 0.836165 0.444628 3.197733
v 0.799277 0.216110 -0.194386
v 0.832285 0.450974 3.197332
v 0.796711 0.223089 -0.194845
v 0.829719 0.457953 3.196873
v 0.795560 0.230432 -0.195342
v 0.828568 0.465295 3.196376
v 0.795866 0.237857 -0.195859
v 0.828874 0.472721 3.195859
v 0.797618 0.245078 -0.196376
v 0.830626 0.479942 3.195342
v 0.800749 0.251819 -0.196873
v 0.833757 0.486683 3.194845
v 0.805139 0.257821 -0.197332
v 0.838147 0.492685 3.194386
v 0.810618 0.262851 -0.197733
v 0.843626 0.497715 3.193985
v 0.816976 0.266718 -0.198063
v 0.849984 0.501582 3.193655
v 0.823970 0.269273 -0.198308
v 0.856978 0.504137 3.193410
v 0.831329 0.270417 -0.198459
v 0.864337 0.505281 3.193259
v 0.838772 0.270107 -0.198510
v 0.871780 0.504970 3.193208
v 0.846012 0.268354 -0.198459
v 0.879020 0.503217 3.193259
v 0.852771 0.265225 -0.198308
v 0.885779 0.500089 3.193410
v 0.858789 0.260842 -0.198063
v 0.891797 0.495706 3.193655
v 0.863835 0.255372 -0.197733
v 0.896843 0.490236 3.193985
v 0.867715 0.249026 -0.197332
v 0.900723 0.483890 3.194386
v 0.870281 0.242047 -0.196873
v 0.903289 0.476911 3.194845
v 0.871432 0.234704 -0.196376
v 0.904440 0.469568 3.195342
v 0.871126 0.227279 -0.195859
v 0.904134 0.462143 3.195859
v 0.869374 0.220058 -0.195342
v 0.902382 0.454922 3.196376
v 0.866243 0.213317 -0.194845
v 0.899251 0.448181 3.196873
v 0.861853 0.207315 -0.194386
v 0.894861 0.442179 3.197332
v 0.856374 0.202285 -0.193985
v 0.889382 0.437149 3.197733
v 0.850016 0.198418 -0.193655
v 0.883024 0.433282 3.198063
v 0.843022 0.195863 -0.193410
v 0.876030 0.430727 3.198308
v 0.835663 0.194719 -0.193259
v 0.868671 0.429583 3.198459
vn -0.1077 -0.7664 -0.6333
vn -0.0944 -0.6717 0.7348
vn -0.2464 -0.7328 -0.6342
vn -0.2331 -0.6381 0.7338
vn -0.3759 -0.6729 -0.6371
vn -0.3626 -0.5782 0.7309
vn -0.4912 -0.5890 -0.6418
vn -0.4778 -0.4942 0.7262
vn -0.5879 -0.4841 -0.6481
vn -0.5745 -0.3894 0.7199
vn -0.6621 -0.3626 -0.6558
vn -0.6488 -0.2679 0.7122
vn -0.7113 -0.2289 -0.6645
vn -0.6980 -0.1342 0.7034
vn -0.7333 -0.0883 -0.6741
vn -0.7200 0.0064 0.6939
vn -0.7275 0.0539 -0.6840
vn -0.7141 0.1487 0.6840
vn -0.6939 0.1923 -0.6939
vn -0.6806 0.2870 0.6741
vn -0.6340 0.3214 -0.7034
vn -0.6206 0.4161 0.6646
vn -0.5499 0.4364 -0.7122
vn -0.5365 0.5311 0.6558
vn -0.4450 0.5327 -0.7199
vn -0.4316 0.6274 0.6481
vn -0.3231 0.6068 -0.7262
vn -0.3098 0.7015 0.6418
vn -0.1891 0.6557 -0.7309
vn -0.1758 0.7505 0.6371
vn -0.0482 0.6776 -0.7338
vn -0.0349 0.7724 0.6342
vn 0.0944 0.6717 -0.7348
vn 0.1077 0.7664 0.6332
vn 0.2331 0.6381 -0.7338
vn 0.2464 0.7328 0.6342
vn 0.3625 0.5782 -0.7309
vn 0.3759 0.6729 0.6371
vn 0.4778 0.4942 -0.7262
vn 0.4911 0.5889 0.6418
vn 0.5746 0.3894 -0.7199
vn 0.5878 0.4842 0.6481
vn 0.6488 0.2679 -0.7122
vn 0.6621 0.3626 0.6558
vn 0.6980 0.1342 -0.7034
vn 0.7113 0.2289 0.6646
vn 0.7200 -0.0064 -0.6939
vn 0.7333 0.0883 0.6741
vn 0.7141 -0.1487 -0.6840
vn 0.7275 -0.0539 0.6840
vn 0.6806 -0.2870 -0.6741
vn 0.6939 -0.1923 0.6939
vn 0.6207 -0.4161 -0.6645
vn 0.6339 -0.3214 0.7034
vn 0.5365 -0.5311 -0.6558
vn 0.5498 -0.4363 0.7122
vn 0.4317 -0.6274 -0.6481
vn 0.4449 -0.5327 0.7199
vn 0.3098 -0.7015 -0.6418
vn 0.3231 -0.6068 0.7262
vn 0.1758 -0.7504 -0.6371
vn 0.1891 -0.6557 0.7309
vn 0.0349 -0.7724 -0.6342
vn 0.0482 -0.6776 0.7338
vt 1.000000 1.000000
vt 0.968750 0.500000
vt 1.000000 0.500000
vt 0.968750 1.000000
vt 0.937500 0.500000
vt 0.937500 1.000000
vt 0.906250 0.500000
vt 0.906250 1.000000
vt 0.875000 0.500000
vt 0.875000 1.000000
vt 0.843750 0.500000
vt 0.843750 1.000000
vt 0.812500 0.500000
vt 0.812500 1.000000
vt 0.781250 0.500000
vt 0.781250 1.000000
vt 0.750000 0.500000
vt 0.750000 1.000000
vt 0.718750 0.500000
vt 0.718750 1.000000
vt 0.687500 0.500000
vt 0.687500 1.000000
vt 0.656250 0.500000
vt 0.656250 1.000000
vt 0.625000 0.500000
vt 0.625000 1.000000
vt 0.593750 0.500000
vt 0.593750 1.000000
vt 0.562500 0.500000
vt 0.562500 1.000000
vt 0.531250 0.500000
vt 0.531250 1.000000
vt 0.500000 0.500000
vt 0.500000 1.000000
vt 0.468750 0.500000
vt 0.468750 1.000000
vt 0.437500 0.500000
vt 0.437500 1.000000
vt 0.406250 0.500000
vt 0.406250 1.000000
vt 0.375000 0.500000
vt 0.375000 1.000000
vt 0.343750 0.500000
vt 0.343750 1.000000
vt 0.312500 0.500000
vt 0.312500 1.000000
vt 0.281250 0.500000
vt 0.281250 1.000000
vt 0.250000 0.500000
vt 0.250000 1.000000
vt 0.218750 0.500000
vt 0.218750 1.000000
vt 0.187500 0.500000
vt 0.187500 1.000000
vt 0.156250 0.500000
vt 0.156250 1.000000
vt 0.125000 0.500000
vt 0.125000 1.000000
vt 0.093750 0.500000
vt 0.093750 1.000000
vt 0.062500 0.500000
vt 0.158156 0.028269
vt 0.471731 0.158156
vt 0.341844 0.471731
vt 0.062500 1.000000
vt 0.031250 0.500000
vt 0.031250 1.000000
vt 0.000000 0.500000
vt 0.796822 0.014612
vt 0.514612 0.203178
vt 0.703178 0.485388
vt 0.296822 0.485388
vt 0.250000 0.490000
vt 0.203178 0.485388
vt 0.158156 0.471731
vt 0.116663 0.449553
vt 0.080294 0.419706
vt 0.050447 0.383337
vt 0.028269 0.341844
vt 0.014612 0.296822
vt 0.010000 0.250000
vt 0.014612 0.203178
vt 0.028269 0.158156
vt 0.050447 0.116663
vt 0.080294 0.080294
vt 0.116663 0.050447
vt 0.203178 0.014612
vt 0.250000 0.010000
vt 0.296822 0.014612
vt 0.341844 0.028269
vt 0.383337 0.050447
vt 0.419706 0.080294
vt 0.449553 0.116663
vt 0.485388 0.203178
vt 0.490000 0.250000
vt 0.485388 0.296822
vt 0.471731 0.341844
vt 0.449553 0.383337
vt 0.419706 0.419706
vt 0.383337 0.449553
vt 0.000000 1.000000
vt 0.750000 0.490000
vt 0.796822 0.485388
vt 0.841844 0.471731
vt 0.883337 0.449553
vt 0.919706 0.419706
vt 0.949553 0.383337
vt 0.971731 0.341844
vt 0.985388 0.296822
vt 0.990000 0.250000
vt 0.985388 0.203178
vt 0.971731 0.158156
vt 0.949553 0.116663
vt 0.919706 0.080294
vt 0.883337 0.050447
vt 0.841844 0.028269
vt 0.750000 0.010000
vt 0.703178 0.014612
vt 0.658156 0.028269
vt 0.616663 0.050447
vt 0.580294 0.080294
vt 0.550447 0.116663
vt 0.528269 0.158156
vt 0.510000 0.250000
vt 0.514612 0.296822
vt 0.528269 0.341844
vt 0.550447 0.383337
vt 0.580294 0.419706
vt 0.616663 0.449553
vt 0.658156 0.471731
s 1
g Cylinder.001_M_Ouro.009
usemtl M_Ouro.009
f 3277/3994/3311 3278/3995/3312 3276/3996/3310
f 3279/3997/3313 3280/3998/3314 3278/3995/3312
f 3281/3999/3315 3282/4000/3316 3280/3998/3314
f 3283/4001/3317 3284/4002/3318 3282/4000/3316
f 3285/4003/3319 3286/4004/3320 3284/4002/3318
f 3287/4005/3321 3288/4006/3322 3286/4004/3320
f 3289/4007/3323 3290/4008/3324 3288/4006/3322
f 3291/4009/3325 3292/4010/3326 3290/4008/3324
f 3293/4011/3327 3294/4012/3328 3292/4010/3326
f 3295/4013/3329 3296/4014/3330 3294/4012/3328
f 3297/4015/3331 3298/4016/3332 3296/4014/3330
f 3299/4017/3333 3300/4018/3334 3298/4016/3332
f 3301/4019/3335 3302/4020/3336 3300/4018/3334
f 3303/4021/3337 3304/4022/3338 3302/4020/3336
f 3305/4023/3339 3306/4024/3340 3304/4022/3338
f 3307/4025/3341 3308/4026/3342 3306/4024/3340
f 3309/4027/3343 3310/4028/3344 3308/4026/3342
f 3311/4029/3345 3312/4030/3346 3310/4028/3344
f 3313/4031/3347 3314/4032/3348 3312/4030/3346
f 3315/4033/3349 3316/4034/3350 3314/4032/3348
f 3317/4035/3351 3318/4036/3352 3316/4034/3350
f 3319/4037/3353 3320/4038/3354 3318/4036/3352
f 3321/4039/3355 3322/4040/3356 3320/4038/3354
f 3323/4041/3357 3324/4042/3358 3322/4040/3356
f 3325/4043/3359 3326/4044/3360 3324/4042/3358
f 3327/4045/3361 3328/4046/3362 3326/4044/3360
f 3329/4047/3363 3330/4048/3364 3328/4046/3362
f 3331/4049/3365 3332/4050/3366 3330/4048/3364
f 3333/4051/3367 3334/4052/3368 3332/4050/3366
f 3335/4053/3369 3336/4054/3370 3334/4052/3368
f 3313/4055/3347 3297/4056/3331 3281/4057/3315
f 3337/4058/3371 3338/4059/3372 3336/4054/3370
f 3339/4060/3373 3276/4061/3310 3338/4059/3372
f 3306/4062/3340 3322/4063/3356 3338/4064/3372
f 3277/3994/3311 3279/3997/3313 3278/3995/3312
f 3279/3997/3313 3281/3999/3315 3280/3998/3314
f 3281/3999/3315 3283/4001/3317 3282/4000/3316
f 3283/4001/3317 3285/4003/3319 3284/4002/3318
f 3285/4003/3319 3287/4005/3321 3286/4004/3320
f 3287/4005/3321 3289/4007/3323 3288/4006/3322
f 3289/4007/3323 3291/4009/3325 3290/4008/3324
f 3291/4009/3325 3293/4011/3327 3292/4010/3326
f 3293/4011/3327 3295/4013/3329 3294/4012/3328
f 3295/4013/3329 3297/4015/3331 3296/4014/3330
f 3297/4015/3331 3299/4017/3333 3298/4016/3332
f 3299/4017/3333 3301/4019/3335 3300/4018/3334
f 3301/4019/3335 3303/4021/3337 3302/4020/3336
f 3303/4021/3337 3305/4023/3339 3304/4022/3338
f 3305/4023/3339 3307/4025/3341 3306/4024/3340
f 3307/4025/3341 3309/4027/3343 3308/4026/3342
f 3309/4027/3343 3311/4029/3345 3310/4028/3344
f 3311/4029/3345 3313/4031/3347 3312/4030/3346
f 3313/4031/3347 3315/4033/3349 3314/4032/3348
f 3315/4033/3349 3317/4035/3351 3316/4034/3350
f 3317/4035/3351 3319/4037/3353 3318/4036/3352
f 3319/4037/3353 3321/4039/3355 3320/4038/3354
f 3321/4039/3355 3323/4041/3357 3322/4040/3356
f 3323/4041/3357 3325/4043/3359 3324/4042/3358
f 3325/4043/3359 3327/4045/3361 3326/4044/3360
f 3327/4045/3361 3329/4047/3363 3328/4046/3362
f 3329/4047/3363 3331/4049/3365 3330/4048/3364
f 3331/4049/3365 3333/4051/3367 3332/4050/3366
f 3333/4051/3367 3335/4053/3369 3334/4052/3368
f 3335/4053/3369 3337/4058/3371 3336/4054/3370
f 3281/4057/3315 3279/4065/3313 3277/4066/3311
f 3277/4066/3311 3339/4067/3373 3337/4068/3371
f 3337/4068/3371 3335/4069/3369 3333/4070/3367
f 3333/4070/3367 3331/4071/3365 3329/4072/3363
f 3329/4072/3363 3327/4073/3361 3325/4074/3359
f 3325/4074/3359 3323/4075/3357 3321/4076/3355
f 3321/4076/3355 3319/4077/3353 3317/4078/3351
f 3317/4078/3351 3315/4079/3349 3313/4055/3347
f 3313/4055/3347 3311/4080/3345 3309/4081/3343
f 3309/4081/3343 3307/4082/3341 3305/4083/3339
f 3305/4083/3339 3303/4084/3337 3301/4085/3335
f 3301/4085/3335 3299/4086/3333 3297/4056/3331
f 3297/4056/3331 3295/4087/3329 3293/4088/3327
f 3293/4088/3327 3291/4089/3325 3289/4090/3323
f 3289/4090/3323 3287/4091/3321 3285/4092/3319
f 3285/4092/3319 3283/4093/3317 3281/4057/3315
f 3281/4057/3315 3277/4066/3311 3337/4068/3371
f 3337/4068/3371 3333/4070/3367 3329/4072/3363
f 3329/4072/3363 3325/4074/3359 3321/4076/3355
f 3321/4076/3355 3317/4078/3351 3313/4055/3347
f 3313/4055/3347 3309/4081/3343 3305/4083/3339
f 3305/4083/3339 3301/4085/3335 3297/4056/3331
f 3297/4056/3331 3293/4088/3327 3289/4090/3323
f 3289/4090/3323 3285/4092/3319 3281/4057/3315
f 3281/4057/3315 3337/4068/3371 3329/4072/3363
f 3329/4072/3363 3321/4076/3355 3313/4055/3347
f 3313/4055/3347 3305/4083/3339 3297/4056/3331
f 3297/4056/3331 3289/4090/3323 3281/4057/3315
f 3281/4057/3315 3329/4072/3363 3313/4055/3347
f 3337/4058/3371 3339/4060/3373 3338/4059/3372
f 3339/4060/3373 3277/4094/3311 3276/4061/3310
f 3338/4064/3372 3276/4095/3310 3278/4096/3312
f 3278/4096/3312 3280/4097/3314 3282/4098/3316
f 3282/4098/3316 3284/4099/3318 3286/4100/3320
f 3286/4100/3320 3288/4101/3322 3290/4102/3324
f 3290/4102/3324 3292/4103/3326 3294/4104/3328
f 3294/4104/3328 3296/4105/3330 3298/4106/3332
f 3298/4106/3332 3300/4107/3334 3302/4108/3336
f 3302/4108/3336 3304/4109/3338 3306/4062/3340
f 3306/4062/3340 3308/4110/3342 3310/4111/3344
f 3310/4111/3344 3312/4112/3346 3314/4113/3348
f 3314/4113/3348 3316/4114/3350 3318/4115/3352
f 3318/4115/3352 3320/4116/3354 3322/4063/3356
f 3322/4063/3356 3324/4117/3358 3326/4118/3360
f 3326/4118/3360 3328/4119/3362 3330/4120/3364
f 3330/4120/3364 3332/4121/3366 3334/4122/3368
f 3334/4122/3368 3336/4123/3370 3338/4064/3372
f 3338/4064/3372 3278/4096/3312 3282/4098/3316
f 3282/4098/3316 3286/4100/3320 3290/4102/3324
f 3290/4102/3324 3294/4104/3328 3298/4106/3332
f 3298/4106/3332 3302/4108/3336 3306/4062/3340
f 3306/4062/3340 3310/4111/3344 3314/4113/3348
f 3314/4113/3348 3318/4115/3352 3322/4063/3356
f 3322/4063/3356 3326/4118/3360 3330/4120/3364
f 3330/4120/3364 3334/4122/3368 3338/4064/3372
f 3338/4064/3372 3282/4098/3316 3290/4102/3324
f 3290/4102/3324 3298/4106/3332 3306/4062/3340
f 3306/4062/3340 3314/4113/3348 3322/4063/3356
f 3322/4063/3356 3330/4120/3364 3338/4064/3372
f 3338/4064/3372 3290/4102/3324 3306/4062/3340
o Torus.002
v 0.862766 0.440837 2.811797
v 0.835606 0.445173 2.819147
v 0.815866 0.449366 2.839230
v 0.808836 0.452291 2.866663
v 0.816399 0.453165 2.894096
v 0.836530 0.451754 2.914178
v 0.863834 0.448436 2.921529
v 0.890995 0.444099 2.914178
v 0.910735 0.439907 2.894096
v 0.917765 0.436982 2.866663
v 0.910201 0.436108 2.839230
v 0.890070 0.437519 2.819147
v 0.855822 0.391422 2.818588
v 0.828794 0.396704 2.825809
v 0.809417 0.403481 2.845536
v 0.802883 0.409935 2.872484
v 0.810943 0.414339 2.899432
v 0.831437 0.415512 2.919159
v 0.858874 0.413139 2.926380
v 0.885902 0.407857 2.919159
v 0.905279 0.401081 2.899432
v 0.911812 0.394626 2.872484
v 0.903752 0.390223 2.845536
v 0.883258 0.389050 2.825809
v 0.849060 0.343308 2.831834
v 0.822161 0.349511 2.838801
v 0.803138 0.358803 2.857836
v 0.797087 0.368695 2.883838
v 0.805630 0.376535 2.909840
v 0.826477 0.380224 2.928874
v 0.854044 0.378772 2.935841
v 0.880942 0.372569 2.928874
v 0.899966 0.363277 2.909840
v 0.906016 0.353386 2.883838
v 0.897473 0.345545 2.857836
v 0.876626 0.341856 2.838801
v 0.842596 0.297318 2.851309
v 0.815821 0.304401 2.857904
v 0.797136 0.316098 2.875920
v 0.791547 0.329274 2.900531
v 0.800551 0.340400 2.925141
v 0.821737 0.346493 2.943158
v 0.849427 0.345922 2.949752
v 0.876202 0.338839 2.943158
v 0.894887 0.327142 2.925141
v 0.900476 0.313965 2.900531
v 0.891472 0.302840 2.875920
v 0.870286 0.296746 2.857904
v 0.836542 0.254238 2.876679
v 0.809883 0.262145 2.882788
v 0.791514 0.276095 2.899478
v 0.786357 0.292349 2.922276
v 0.795794 0.306551 2.945075
v 0.817296 0.314897 2.961765
v 0.845102 0.315150 2.967874
v 0.871761 0.307243 2.961765
v 0.890130 0.293293 2.945075
v 0.895287 0.277040 2.922276
v 0.885850 0.262837 2.899478
v 0.864347 0.254491 2.882788
v 0.831000 0.214806 2.907511
v 0.804447 0.223468 2.913030
v 0.786368 0.239480 2.928107
v 0.781607 0.258550 2.948704
v 0.791440 0.275569 2.969300
v 0.813232 0.285977 2.984377
v 0.841144 0.286985 2.989896
v 0.867697 0.278322 2.984377
v 0.885776 0.262311 2.969300
v 0.890537 0.243241 2.948704
v 0.880704 0.226222 2.928107
v 0.858912 0.215814 2.913030
v 0.826065 0.179696 2.943276
v 0.799607 0.189031 2.948111
v 0.781786 0.206878 2.961318
v 0.777378 0.228456 2.979359
v 0.787563 0.247983 2.997401
v 0.809613 0.260227 3.010608
v 0.837619 0.261907 3.015443
v 0.864078 0.252572 3.010608
v 0.881899 0.234725 2.997401
v 0.886307 0.213147 2.979359
v 0.876122 0.193620 2.961318
v 0.854072 0.181376 2.948111
v 0.821823 0.149510 2.983363
v 0.795446 0.159422 2.987430
v 0.777847 0.178848 2.998541
v 0.773741 0.202582 3.013720
v 0.784230 0.224265 3.028898
v 0.806502 0.238088 3.040009
v 0.834589 0.240345 3.044076
v 0.860966 0.230433 3.040009
v 0.878565 0.211007 3.028898
v 0.882671 0.187273 3.013720
v 0.872182 0.165590 2.998541
v 0.849911 0.151768 2.987430
v 0.818345 0.124764 3.027086
v 0.792035 0.135149 3.030316
v 0.774617 0.155869 3.039141
v 0.770760 0.181371 3.051197
v 0.781497 0.204822 3.063252
v 0.803951 0.219938 3.072077
v 0.832105 0.222669 3.075307
v 0.858415 0.212283 3.072077
v 0.875833 0.191564 3.063252
v 0.879690 0.166062 3.051197
v 0.868953 0.142611 3.039141
v 0.846499 0.127495 3.030316
v 0.815691 0.105880 3.073697
v 0.789431 0.116628 3.076035
v 0.772153 0.138335 3.082422
v 0.768485 0.165185 3.091148
v 0.779412 0.189985 3.099874
v 0.802004 0.206088 3.106262
v 0.830209 0.209181 3.108600
v 0.856469 0.198434 3.106262
v 0.873748 0.176727 3.099874
v 0.877415 0.149876 3.091148
v 0.866489 0.125077 3.082422
v 0.843896 0.108973 3.076035
v 0.813907 0.093183 3.122397
v 0.787681 0.104174 3.123803
v 0.770496 0.126544 3.127645
v 0.766956 0.154302 3.132892
v 0.778010 0.180009 3.138139
v 0.800696 0.196776 3.141980
v 0.828935 0.200112 3.143386
v 0.855160 0.189121 3.141980
v 0.872346 0.166750 3.138139
v 0.875885 0.138993 3.132892
v 0.864832 0.113286 3.127645
v 0.842146 0.096519 3.123803
v 0.813022 0.086890 3.172355
v 0.786814 0.098000 3.172805
v 0.769675 0.120700 3.174034
v 0.766198 0.148907 3.175713
v 0.777315 0.175064 3.177392
v 0.800047 0.192160 3.178621
v 0.828303 0.195616 3.179071
v 0.854512 0.184506 3.178621
v 0.871651 0.161806 3.177392
v 0.875127 0.133598 3.175713
v 0.864010 0.107442 3.174034
v 0.841278 0.090346 3.172805
v 0.813053 0.087107 3.222715
v 0.786844 0.098214 3.222201
v 0.769703 0.120902 3.220797
v 0.766224 0.149094 3.218879
v 0.777339 0.175235 3.216960
v 0.800069 0.192320 3.215556
v 0.828325 0.195772 3.215042
v 0.854534 0.184665 3.215556
v 0.871675 0.161977 3.216960
v 0.875153 0.133785 3.218879
v 0.864039 0.107644 3.220797
v 0.841308 0.090559 3.222201
v 0.813998 0.093832 3.272616
v 0.787771 0.104810 3.271147
v 0.770581 0.127147 3.267133
v 0.767034 0.154858 3.261650
v 0.778081 0.180519 3.256168
v 0.800762 0.197252 3.252154
v 0.829000 0.200575 3.250685
v 0.855227 0.189597 3.252154
v 0.872417 0.167260 3.256168
v 0.875964 0.139549 3.261650
v 0.864916 0.113889 3.267133
v 0.842235 0.097156 3.271147
v 0.815842 0.106950 3.321203
v 0.789579 0.117677 3.318804
v 0.772292 0.139328 3.312250
v 0.768614 0.166102 3.303296
v 0.779530 0.190825 3.294343
v 0.802115 0.206873 3.287789
v 0.830317 0.209945 3.285390
v 0.856579 0.199218 3.287789
v 0.873866 0.177567 3.294343
v 0.877544 0.150793 3.303296
v 0.866628 0.126070 3.312250
v 0.844044 0.110022 3.318804
v 0.818552 0.126235 3.367645
v 0.792237 0.136593 3.364357
v 0.774809 0.157236 3.355375
v 0.770938 0.182632 3.343104
v 0.781660 0.205978 3.330834
v 0.804102 0.221017 3.321851
v 0.832253 0.223720 3.318563
v 0.858567 0.213363 3.321851
v 0.875995 0.192720 3.330834
v 0.879867 0.167323 3.343104
v 0.869145 0.143977 3.355375
v 0.846702 0.128938 3.364357
v 0.822083 0.151359 3.411148
v 0.795701 0.161235 3.407028
v 0.778088 0.180564 3.395770
v 0.773964 0.204167 3.380393
v 0.784434 0.225718 3.365015
v 0.806692 0.239443 3.353757
v 0.834775 0.241665 3.349637
v 0.861157 0.231789 3.353757
v 0.878770 0.212460 3.365015
v 0.882893 0.188857 3.380393
v 0.872424 0.167306 3.395770
v 0.850165 0.153581 3.407028
v 0.826374 0.181890 3.450968
v 0.799909 0.191182 3.446085
v 0.782072 0.208915 3.432746
v 0.777642 0.230336 3.414524
v 0.787805 0.249707 3.396302
v 0.809839 0.261836 3.382962
v 0.837840 0.263474 3.378079
v 0.864304 0.254181 3.382962
v 0.882141 0.236449 3.396302
v 0.886571 0.215027 3.414524
v 0.876408 0.195657 3.432746
v 0.854374 0.183528 3.446085
v 0.831351 0.217307 3.486422
v 0.804792 0.225922 3.480861
v 0.786694 0.241802 3.465668
v 0.781908 0.260694 3.444913
v 0.791716 0.277535 3.424159
v 0.813490 0.287812 3.408965
v 0.841395 0.288772 3.403404
v 0.867954 0.280157 3.408965
v 0.886052 0.264277 3.424159
v 0.890838 0.245385 3.444913
v 0.881030 0.228544 3.465668
v 0.859256 0.218267 3.480861
v 0.836930 0.257004 3.516905
v 0.810264 0.264859 3.510760
v 0.791875 0.278664 3.493973
v 0.786690 0.294720 3.471041
v 0.796100 0.308725 3.448109
v 0.817582 0.316926 3.431322
v 0.845380 0.317126 3.425178
v 0.872046 0.309272 3.431322
v 0.890435 0.295467 3.448109
v 0.895620 0.279411 3.471041
v 0.886211 0.265406 3.493973
v 0.864729 0.257204 3.510760
v 0.843015 0.300301 3.541895
v 0.816233 0.307327 3.535272
v 0.797525 0.318868 3.517178
v 0.791906 0.331832 3.492461
v 0.800881 0.342744 3.467744
v 0.822044 0.348681 3.449650
v 0.849726 0.348053 3.443027
v 0.876509 0.341027 3.449650
v 0.895216 0.329486 3.467744
v 0.900836 0.316523 3.492461
v 0.891861 0.305610 3.517178
v 0.870697 0.299673 3.535272
v 0.849502 0.346458 3.560964
v 0.822595 0.352601 3.553976
v 0.803549 0.361728 3.534885
v 0.797466 0.371395 3.508806
v 0.805978 0.379010 3.482727
v 0.826802 0.382534 3.463636
v 0.854360 0.381022 3.456648
v 0.881267 0.374880 3.463636
v 0.900313 0.365752 3.482727
v 0.906396 0.356086 3.508806
v 0.897885 0.348470 3.534885
v 0.877060 0.344947 3.553976
v 0.856280 0.394685 3.573786
v 0.829243 0.399905 3.566552
v 0.809843 0.406511 3.546791
v 0.803276 0.412732 3.519796
v 0.811303 0.416903 3.492801
v 0.831773 0.417905 3.473040
v 0.859201 0.415470 3.465806
v 0.886238 0.410251 3.473040
v 0.905639 0.403645 3.492801
v 0.912205 0.397423 3.519796
v 0.904178 0.393253 3.546791
v 0.883708 0.392250 3.566552
v 0.863233 0.444157 3.580141
v 0.836063 0.448430 3.572786
v 0.816299 0.452448 3.552692
v 0.809235 0.455136 3.525244
v 0.816766 0.455773 3.497795
v 0.836873 0.454189 3.477701
v 0.864168 0.450807 3.470346
v 0.891337 0.446534 3.477701
v 0.911102 0.442515 3.497795
v 0.918165 0.439827 3.525244
v 0.910634 0.439190 3.552692
v 0.890528 0.440775 3.572786
v 0.870242 0.494027 3.579921
v 0.842938 0.497345 3.572571
v 0.822807 0.498756 3.552488
v 0.815243 0.497882 3.525055
v 0.822273 0.494957 3.497622
v 0.842013 0.490765 3.477540
v 0.869174 0.486428 3.470189
v 0.896478 0.483110 3.477540
v 0.916609 0.481699 3.497622
v 0.924172 0.482573 3.525055
v 0.917143 0.485498 3.552488
v 0.897403 0.489691 3.572571
v 0.877186 0.543442 3.573130
v 0.849750 0.545814 3.565909
v 0.829256 0.544641 3.546182
v 0.821196 0.540238 3.519234
v 0.827730 0.533783 3.492286
v 0.847106 0.527007 3.472559
v 0.874134 0.521725 3.465338
v 0.901571 0.519352 3.472559
v 0.922065 0.520525 3.492286
v 0.930125 0.524929 3.519234
v 0.923591 0.531383 3.546182
v 0.904214 0.538160 3.565909
v 0.883948 0.591556 3.559884
v 0.856382 0.593007 3.552917
v 0.835535 0.589319 3.533882
v 0.826992 0.581478 3.507880
v 0.833043 0.571587 3.481878
v 0.852066 0.562295 3.462844
v 0.878964 0.556092 3.455877
v 0.906531 0.554640 3.462844
v 0.927378 0.558329 3.481878
v 0.935921 0.566169 3.507880
v 0.929870 0.576061 3.533882
v 0.910847 0.585353 3.552917
v 0.890412 0.637546 3.540409
v 0.862722 0.638118 3.533814
v 0.841536 0.632024 3.515798
v 0.832532 0.620899 3.491187
v 0.838121 0.607722 3.466577
v 0.856806 0.596025 3.448560
v 0.883581 0.588942 3.441966
v 0.911271 0.588371 3.448560
v 0.932457 0.594464 3.466577
v 0.941461 0.605590 3.491187
v 0.935872 0.618766 3.515798
v 0.917187 0.630463 3.533814
v 0.896466 0.680626 3.515038
v 0.868661 0.680373 3.508930
v 0.847158 0.672027 3.492240
v 0.837721 0.657824 3.469441
v 0.842878 0.641571 3.446643
v 0.861247 0.627621 3.429953
v 0.887906 0.619713 3.423844
v 0.915712 0.619967 3.429953
v 0.937214 0.628313 3.446643
v 0.946651 0.642515 3.469441
v 0.941494 0.658769 3.492240
v 0.923125 0.672718 3.508930
v 0.902008 0.720058 3.484207
v 0.874096 0.719050 3.478688
v 0.852304 0.708642 3.463611
v 0.842471 0.691623 3.443014
v 0.847232 0.672553 3.422418
v 0.865311 0.656541 3.407341
v 0.891864 0.647879 3.401822
v 0.919776 0.648887 3.407341
v 0.941568 0.659295 3.422418
v 0.951401 0.676314 3.443014
v 0.946640 0.695384 3.463611
v 0.928561 0.711396 3.478688
v 0.906943 0.755167 3.448442
v 0.878936 0.753488 3.443608
v 0.856886 0.741244 3.430400
v 0.846701 0.721717 3.412359
v 0.851109 0.700139 3.394317
v 0.868930 0.682292 3.381109
v 0.895389 0.672957 3.376275
v 0.923395 0.674637 3.381109
v 0.945445 0.686881 3.394317
v 0.955630 0.706408 3.412359
v 0.951222 0.727986 3.430400
v 0.933401 0.745833 3.443608
v 0.911185 0.785354 3.408355
v 0.883097 0.783096 3.404288
v 0.860826 0.769274 3.393177
v 0.850337 0.747591 3.377998
v 0.854443 0.723856 3.362820
v 0.872042 0.704431 3.351709
v 0.898419 0.694519 3.347642
v 0.926507 0.696776 3.351709
v 0.948778 0.710598 3.362820
v 0.959267 0.732282 3.377998
v 0.955161 0.756016 3.393177
v 0.937562 0.775441 3.404288
v 0.914663 0.810100 3.364632
v 0.886509 0.807369 3.361402
v 0.864055 0.792253 3.352576
v 0.853318 0.768802 3.340521
v 0.857175 0.743300 3.328466
v 0.874593 0.722581 3.319641
v 0.900903 0.712195 3.316411
v 0.929057 0.714926 3.319641
v 0.951511 0.730042 3.328466
v 0.962248 0.753493 3.340521
v 0.958391 0.778995 3.352576
v 0.940974 0.799714 3.361402
v 0.917317 0.828983 3.318021
v 0.889112 0.825891 3.315683
v 0.866519 0.809787 3.309295
v 0.855593 0.784988 3.300570
v 0.859260 0.758137 3.291844
v 0.876539 0.736430 3.285456
v 0.902799 0.725683 3.283118
v 0.931004 0.728776 3.285456
v 0.953596 0.744879 3.291844
v 0.964523 0.769679 3.300570
v 0.960855 0.796529 3.309295
v 0.943577 0.818236 3.315683
v 0.919101 0.841680 3.269320
v 0.890862 0.838345 3.267915
v 0.868176 0.821577 3.264073
v 0.857123 0.795871 3.258826
v 0.860663 0.768113 3.253579
v 0.877848 0.745742 3.249738
v 0.904073 0.734752 3.248332
v 0.932312 0.738088 3.249738
v 0.954998 0.754855 3.253579
v 0.966052 0.780562 3.258826
v 0.962512 0.808319 3.264073
v 0.945327 0.830690 3.267915
v 0.919986 0.847974 3.219363
v 0.891730 0.844518 3.218913
v 0.868998 0.827421 3.217684
v 0.857881 0.801265 3.216005
v 0.861358 0.773058 3.214326
v 0.878496 0.750358 3.213097
v 0.904705 0.739248 3.212647
v 0.932961 0.742704 3.213097
v 0.955693 0.759800 3.214326
v 0.966810 0.785956 3.216005
v 0.963333 0.814163 3.217684
v 0.946194 0.836863 3.218913
v 0.919955 0.847756 3.169003
v 0.891700 0.844305 3.169517
v 0.868969 0.827219 3.170921
v 0.857855 0.801079 3.172839
v 0.861333 0.772887 3.174757
v 0.878474 0.750199 3.176162
v 0.904683 0.739092 3.176676
v 0.932939 0.742544 3.176162
v 0.955669 0.759629 3.174758
v 0.966784 0.785770 3.172839
v 0.963305 0.813961 3.170921
v 0.946164 0.836650 3.169517
v 0.919010 0.841031 3.119102
v 0.890773 0.837708 3.120571
v 0.868092 0.820975 3.124585
v 0.857044 0.795315 3.130068
v 0.860591 0.767603 3.135550
v 0.877781 0.745266 3.139564
v 0.904008 0.734289 3.141033
v 0.932246 0.737612 3.139564
v 0.954927 0.754345 3.135550
v 0.965974 0.780006 3.130068
v 0.962427 0.807717 3.124585
v 0.945237 0.830054 3.120571
v 0.917166 0.827914 3.070515
v 0.888964 0.824842 3.072914
v 0.866380 0.808794 3.079468
v 0.855464 0.784071 3.088422
v 0.859142 0.757297 3.097375
v 0.876429 0.735646 3.103929
v 0.902691 0.724919 3.106328
v 0.930893 0.727991 3.103929
v 0.953478 0.744039 3.097375
v 0.964394 0.768762 3.088422
v 0.960716 0.795536 3.079468
v 0.943429 0.817187 3.072914
v 0.914456 0.808628 3.024073
v 0.886306 0.805925 3.027360
v 0.863863 0.790886 3.036343
v 0.853141 0.767541 3.048614
v 0.857013 0.742144 3.060884
v 0.874441 0.721501 3.069867
v 0.900755 0.711144 3.073154
v 0.928906 0.713847 3.069867
v 0.951348 0.728886 3.060884
v 0.962071 0.752232 3.048614
v 0.958199 0.777628 3.036343
v 0.940771 0.798271 3.027360
v 0.910925 0.783505 2.980570
v 0.882843 0.781283 2.984690
v 0.860584 0.767558 2.995948
v 0.850115 0.746006 3.011325
v 0.854239 0.722404 3.026703
v 0.871851 0.703075 3.037961
v 0.898233 0.693199 3.042081
v 0.926316 0.695421 3.037961
v 0.948574 0.709146 3.026703
v 0.959044 0.730697 3.011325
v 0.954920 0.754300 2.995948
v 0.937307 0.773629 2.984690
v 0.906634 0.752974 2.940750
v 0.878634 0.751336 2.945633
v 0.856600 0.739207 2.958972
v 0.846437 0.719837 2.977194
v 0.850867 0.698415 2.995416
v 0.868704 0.680683 3.008756
v 0.895169 0.671390 3.013638
v 0.923169 0.673028 3.008756
v 0.945203 0.685157 2.995416
v 0.955366 0.704528 2.977194
v 0.950936 0.725949 2.958972
v 0.933099 0.743681 2.945633
v 0.901657 0.717557 2.905296
v 0.873752 0.716597 2.910857
v 0.851978 0.706320 2.926050
v 0.842170 0.689479 2.946805
v 0.846956 0.670588 2.967559
v 0.865054 0.654707 2.982753
v 0.891613 0.646092 2.988314
v 0.919518 0.647052 2.982753
v 0.941292 0.657330 2.967559
v 0.951100 0.674170 2.946805
v 0.946314 0.693062 2.926050
v 0.928216 0.708942 2.910857
v 0.896078 0.677860 2.874813
v 0.868279 0.677659 2.880957
v 0.846797 0.669458 2.897745
v 0.837388 0.655453 2.920677
v 0.842573 0.639397 2.943609
v 0.860962 0.625592 2.960396
v 0.887628 0.617737 2.966540
v 0.915426 0.617938 2.960396
v 0.936908 0.626139 2.943609
v 0.946318 0.640144 2.920677
v 0.941133 0.656200 2.897745
v 0.922744 0.670005 2.880957
v 0.889993 0.634562 2.849823
v 0.862311 0.635191 2.856446
v 0.841147 0.629254 2.874540
v 0.832172 0.618341 2.899257
v 0.837792 0.605378 2.923974
v 0.856499 0.593837 2.942068
v 0.883282 0.586811 2.948691
v 0.910964 0.586182 2.942068
v 0.932127 0.592120 2.923974
v 0.941102 0.603032 2.899257
v 0.935483 0.615996 2.874540
v 0.916775 0.627536 2.856446
v 0.883506 0.588405 2.830754
v 0.855948 0.589917 2.837742
v 0.835123 0.586394 2.856833
v 0.826612 0.578778 2.882912
v 0.832695 0.569112 2.908991
v 0.851741 0.559984 2.928082
v 0.878648 0.553842 2.935070
v 0.906206 0.552330 2.928082
v 0.927030 0.555854 2.908991
v 0.935542 0.563469 2.882912
v 0.929459 0.573135 2.856833
v 0.910413 0.582263 2.837742
v 0.876728 0.540178 2.817932
v 0.849300 0.542613 2.825166
v 0.828830 0.541611 2.844927
v 0.820803 0.537441 2.871922
v 0.827369 0.531219 2.898917
v 0.846770 0.524613 2.918678
v 0.873807 0.519394 2.925911
v 0.901235 0.516959 2.918678
v 0.921705 0.517961 2.898917
v 0.929732 0.522132 2.871922
v 0.923165 0.528353 2.844927
v 0.903765 0.534959 2.825166
v 0.869775 0.490707 2.811577
v 0.842480 0.494089 2.818932
v 0.822374 0.495673 2.839026
v 0.814843 0.495036 2.866474
v 0.821906 0.492348 2.893923
v 0.841671 0.488330 2.914017
v 0.868841 0.484057 2.921372
v 0.896136 0.480675 2.914017
v 0.916242 0.479090 2.893923
v 0.923773 0.479727 2.866474
v 0.916709 0.482415 2.839026
v 0.896945 0.486434 2.818932
vn -0.0097 -0.0691 -0.9976
vn -0.4990 0.0089 -0.8666
vn -0.8579 0.0848 -0.5068
vn -0.9903 0.1384 -0.0107
vn -0.8574 0.1552 0.4906
vn -0.4914 0.1299 0.8612
vn 0.0097 0.0691 0.9976
vn 0.5082 -0.0106 0.8612
vn 0.8670 -0.0872 0.4906
vn 0.9901 -0.1399 -0.0107
vn 0.8480 -0.1550 -0.5068
vn 0.4821 -0.1290 -0.8666
vn -0.0277 -0.1974 -0.9799
vn -0.5147 -0.1026 -0.8512
vn -0.8671 0.0196 -0.4978
vn -0.9905 0.1370 -0.0106
vn -0.8486 0.2183 0.4820
vn -0.4759 0.2407 0.8460
vn 0.0277 0.1974 0.9799
vn 0.5238 0.1002 0.8459
vn 0.8759 -0.0241 0.4820
vn 0.9899 -0.1413 -0.0106
vn 0.8389 -0.2202 -0.4978
vn 0.4665 -0.2404 -0.8512
vn -0.0453 -0.3224 -0.9455
vn -0.5299 -0.2111 -0.8213
vn -0.8760 -0.0439 -0.4803
vn -0.9907 0.1357 -0.0102
vn -0.8399 0.2797 0.4650
vn -0.4607 0.3486 0.8162
vn 0.0453 0.3224 0.9455
vn 0.5389 0.2081 0.8163
vn 0.8845 0.0374 0.4650
vn 0.9897 -0.1426 -0.0102
vn 0.8300 -0.2837 -0.4803
vn 0.4512 -0.3490 -0.8213
vn -0.0621 -0.4419 -0.8949
vn -0.5445 -0.3149 -0.7774
vn -0.8845 -0.1046 -0.4546
vn -0.9909 0.1344 -0.0096
vn -0.8317 0.3385 0.4402
vn -0.4462 0.4517 0.7726
vn 0.0621 0.4419 0.8949
vn 0.5534 0.3112 0.7726
vn 0.8928 0.0961 0.4402
vn 0.9895 -0.1439 -0.0096
vn 0.8214 -0.3443 -0.4546
vn 0.4366 -0.4528 -0.7774
vn -0.0778 -0.5538 -0.8290
vn -0.5582 -0.4121 -0.7202
vn -0.8925 -0.1614 -0.4211
vn -0.9910 0.1332 -0.0089
vn -0.8239 0.3935 0.4077
vn -0.4326 0.5483 0.7157
vn 0.0778 0.5538 0.8290
vn 0.5670 0.4078 0.7157
vn 0.9005 0.1512 0.4077
vn 0.9894 -0.1451 -0.0089
vn 0.8134 -0.4012 -0.4211
vn 0.4230 -0.5500 -0.7202
vn -0.0922 -0.6562 -0.7490
vn -0.5707 -0.5011 -0.6506
vn -0.8998 -0.2135 -0.3805
vn -0.9912 0.1321 -0.0081
vn -0.8169 0.4439 0.3684
vn -0.4202 0.6367 0.6466
vn 0.0922 0.6562 0.7490
vn 0.5794 0.4962 0.6466
vn 0.9076 0.2015 0.3684
vn 0.9892 -0.1462 -0.0081
vn 0.8061 -0.4532 -0.3805
vn 0.4105 -0.6389 -0.6506
vn -0.1050 -0.7474 -0.6561
vn -0.5818 -0.5803 -0.5699
vn -0.9063 -0.2598 -0.3333
vn -0.9913 0.1311 -0.0071
vn -0.8106 0.4888 0.3227
vn -0.4091 0.7154 0.5664
vn 0.1050 0.7474 0.6561
vn 0.5905 0.5749 0.5664
vn 0.9139 0.2464 0.3227
vn 0.9891 -0.1472 -0.0071
vn 0.7996 -0.4995 -0.3333
vn 0.3993 -0.7182 -0.5699
vn -0.1161 -0.8258 -0.5519
vn -0.5914 -0.6484 -0.4795
vn -0.9119 -0.2996 -0.2804
vn -0.9915 0.1303 -0.0059
vn -0.8051 0.5273 0.2715
vn -0.3996 0.7831 0.4765
vn 0.1161 0.8258 0.5519
vn 0.6000 0.6426 0.4765
vn 0.9193 0.2850 0.2715
vn 0.9890 -0.1481 -0.0059
vn 0.7940 -0.5394 -0.2804
vn 0.3898 -0.7863 -0.4795
vn -0.1251 -0.8900 -0.4384
vn -0.5992 -0.7042 -0.3808
vn -0.9165 -0.3323 -0.2227
vn -0.9916 0.1296 -0.0047
vn -0.8007 0.5589 0.2156
vn -0.3918 0.8386 0.3784
vn 0.1251 0.8900 0.4384
vn 0.6078 0.6981 0.3784
vn 0.9237 0.3166 0.2156
vn 0.9889 -0.1488 -0.0047
vn 0.7894 -0.5720 -0.2227
vn 0.3819 -0.8421 -0.3808
vn -0.1320 -0.9391 -0.3173
vn -0.6052 -0.7468 -0.2756
vn -0.9200 -0.3572 -0.1612
vn -0.9916 0.1290 -0.0034
vn -0.7973 0.5831 0.1561
vn -0.3859 0.8809 0.2739
vn 0.1320 0.9391 0.3173
vn 0.6137 0.7405 0.2739
vn 0.9271 0.3407 0.1561
vn 0.9888 -0.1493 -0.0034
vn 0.7859 -0.5969 -0.1612
vn 0.3759 -0.8847 -0.2756
vn -0.1366 -0.9721 -0.1908
vn -0.6092 -0.7755 -0.1658
vn -0.9224 -0.3739 -0.0969
vn -0.9917 0.1287 -0.0021
vn -0.7950 0.5993 0.0938
vn -0.3819 0.9094 0.1647
vn 0.1366 0.9721 0.1908
vn 0.6177 0.7689 0.1647
vn 0.9294 0.3569 0.0938
vn 0.9887 -0.1496 -0.0021
vn 0.7836 -0.6137 -0.0969
vn 0.3719 -0.9134 -0.1657
vn -0.1389 -0.9884 -0.0610
vn -0.6112 -0.7897 -0.0530
vn -0.9235 -0.3822 -0.0310
vn -0.9917 0.1285 -0.0007
vn -0.7939 0.6073 0.0300
vn -0.3799 0.9235 0.0527
vn 0.1389 0.9884 0.0610
vn 0.6197 0.7830 0.0527
vn 0.9305 0.3650 0.0300
vn 0.9887 -0.1498 -0.0007
vn 0.7824 -0.6220 -0.0310
vn 0.3699 -0.9276 -0.0530
vn -0.1388 -0.9879 0.0698
vn -0.6112 -0.7892 0.0606
vn -0.9235 -0.3819 0.0354
vn -0.9917 0.1285 0.0008
vn -0.7939 0.6070 -0.0343
vn -0.3800 0.9230 -0.0602
vn 0.1388 0.9879 -0.0698
vn 0.6197 0.7826 -0.0602
vn 0.9305 0.3647 -0.0343
vn 0.9887 -0.1498 0.0008
vn 0.7824 -0.6217 0.0354
vn 0.3700 -0.9271 0.0606
vn -0.1364 -0.9704 0.1994
vn -0.6090 -0.7740 0.1732
vn -0.9223 -0.3731 0.1013
vn -0.9917 0.1287 0.0021
vn -0.7951 0.5984 -0.0981
vn -0.3821 0.9080 -0.1721
vn 0.1364 0.9704 -0.1994
vn 0.6175 0.7675 -0.1721
vn 0.9293 0.3561 -0.0981
vn 0.9887 -0.1496 0.0021
vn 0.7837 -0.6128 0.1013
vn 0.3721 -0.9119 0.1732
vn -0.1316 -0.9363 0.3256
vn -0.6049 -0.7444 0.2828
vn -0.9198 -0.3558 0.1654
vn -0.9916 0.1291 0.0035
vn -0.7975 0.5817 -0.1601
vn -0.3862 0.8785 -0.2811
vn 0.1316 0.9363 -0.3256
vn 0.6134 0.7381 -0.2811
vn 0.9269 0.3393 -0.1601
vn 0.9888 -0.1493 0.0035
vn 0.7861 -0.5955 0.1654
vn 0.3763 -0.8823 0.2828
vn -0.1246 -0.8862 0.4462
vn -0.5988 -0.7009 0.3876
vn -0.9162 -0.3303 0.2267
vn -0.9916 0.1296 0.0048
vn -0.8010 0.5571 -0.2195
vn -0.3923 0.8353 -0.3852
vn 0.1246 0.8862 -0.4462
vn 0.6073 0.6948 -0.3852
vn 0.9235 0.3147 -0.2195
vn 0.9889 -0.1487 0.0048
vn 0.7897 -0.5701 0.2267
vn 0.3824 -0.8388 0.3876
vn -0.1154 -0.8210 0.5592
vn -0.5908 -0.6442 0.4858
vn -0.9116 -0.2972 0.2841
vn -0.9915 0.1303 0.0060
vn -0.8055 0.5250 -0.2750
vn -0.4002 0.7790 -0.4827
vn 0.1154 0.8210 -0.5592
vn 0.5994 0.6385 -0.4827
vn 0.9190 0.2826 -0.2750
vn 0.9890 -0.1480 0.0060
vn 0.7944 -0.5369 0.2841
vn 0.3903 -0.7821 0.4858
vn -0.1042 -0.7417 0.6626
vn -0.5811 -0.5753 0.5756
vn -0.9059 -0.2569 0.3366
vn -0.9913 0.1312 0.0071
vn -0.8110 0.4860 -0.3259
vn -0.4098 0.7105 -0.5720
vn 0.1042 0.7417 -0.6626
vn 0.5898 0.5700 -0.5720
vn 0.9135 0.2436 -0.3259
vn 0.9891 -0.1472 0.0071
vn 0.8000 -0.4966 0.3366
vn 0.4000 -0.7132 0.5756
vn -0.0913 -0.6497 0.7547
vn -0.5699 -0.4954 0.6556
vn -0.8994 -0.2102 0.3834
vn -0.9912 0.1322 0.0081
vn -0.8173 0.4407 -0.3712
vn -0.4210 0.6311 -0.6515
vn 0.0913 0.6497 -0.7547
vn 0.5786 0.4906 -0.6515
vn 0.9071 0.1984 -0.3712
vn 0.9892 -0.1462 0.0081
vn 0.8066 -0.4499 0.3834
vn 0.4113 -0.6333 0.6556
vn -0.0768 -0.5466 0.8339
vn -0.5573 -0.4058 0.7244
vn -0.8920 -0.1578 0.4236
vn -0.9910 0.1333 0.0090
vn -0.8244 0.3900 -0.4101
vn -0.4335 0.5421 -0.7199
vn 0.0768 0.5466 -0.8339
vn 0.5661 0.4016 -0.7199
vn 0.9000 0.1476 -0.4101
vn 0.9894 -0.1451 0.0090
vn 0.8140 -0.3975 0.4236
vn 0.4238 -0.5437 0.7244
vn -0.0610 -0.4341 0.8988
vn -0.5436 -0.3081 0.7808
vn -0.8840 -0.1006 0.4566
vn -0.9909 0.1345 0.0097
vn -0.8322 0.3347 -0.4421
vn -0.4471 0.4450 -0.7759
vn 0.0610 0.4341 -0.8988
vn 0.5525 0.3045 -0.7759
vn 0.8922 0.0923 -0.4421
vn 0.9896 -0.1438 0.0097
vn 0.8220 -0.3404 0.4566
vn 0.4376 -0.4460 0.7808
vn -0.0442 -0.3142 0.9483
vn -0.5289 -0.2040 0.8238
vn -0.8754 -0.0397 0.4817
vn -0.9907 0.1358 0.0102
vn -0.8405 0.2757 -0.4664
vn -0.4617 0.3415 -0.8187
vn 0.0442 0.3142 -0.9483
vn 0.5379 0.2010 -0.8187
vn 0.8839 0.0334 -0.4664
vn 0.9897 -0.1426 0.0102
vn 0.8305 -0.2795 0.4817
vn 0.4522 -0.3419 0.8238
vn -0.0266 -0.1890 0.9816
vn -0.5136 -0.0952 0.8527
vn -0.8665 0.0239 0.4987
vn -0.9905 0.1371 0.0106
vn -0.8492 0.2141 -0.4828
vn -0.4769 0.2334 -0.8474
vn 0.0266 0.1890 -0.9816
vn 0.5227 0.0929 -0.8474
vn 0.8753 -0.0282 -0.4828
vn 0.9899 -0.1412 0.0106
vn 0.8395 -0.2159 0.4987
vn 0.4675 -0.2331 0.8527
vn -0.0085 -0.0605 0.9981
vn -0.4980 0.0164 0.8670
vn -0.8573 0.0892 0.5070
vn -0.9903 0.1385 0.0108
vn -0.8580 0.1509 -0.4909
vn -0.4925 0.1224 -0.8617
vn 0.0085 0.0605 -0.9981
vn 0.5071 -0.0181 -0.8617
vn 0.8664 -0.0914 -0.4909
vn 0.9901 -0.1398 0.0108
vn 0.8487 -0.1506 0.5070
vn 0.4832 -0.1215 0.8670
vn -0.4821 0.1290 0.8666
vn -0.8480 0.1550 0.5068
vn -0.9901 0.1399 0.0107
vn -0.8670 0.0872 -0.4906
vn -0.5082 0.0106 -0.8612
vn 0.4914 -0.1299 -0.8612
vn 0.8574 -0.1552 -0.4906
vn 0.9903 -0.1384 0.0108
vn 0.8579 -0.0848 0.5068
vn 0.4990 -0.0089 0.8666
vn -0.4665 0.2404 0.8512
vn -0.8389 0.2202 0.4978
vn -0.9899 0.1413 0.0106
vn -0.8759 0.0241 -0.4820
vn -0.5238 -0.1002 -0.8460
vn 0.4759 -0.2407 -0.8460
vn 0.8486 -0.2183 -0.4820
vn 0.9905 -0.1370 0.0106
vn 0.8671 -0.0196 0.4978
vn 0.5147 0.1026 0.8512
vn -0.4512 0.3490 0.8213
vn -0.8300 0.2837 0.4803
vn -0.9897 0.1426 0.0102
vn -0.8845 -0.0374 -0.4650
vn -0.5389 -0.2081 -0.8163
vn 0.4607 -0.3486 -0.8162
vn 0.8399 -0.2797 -0.4650
vn 0.9907 -0.1357 0.0102
vn 0.8760 0.0439 0.4803
vn 0.5299 0.2111 0.8213
vn -0.4366 0.4528 0.7774
vn -0.8214 0.3443 0.4546
vn -0.9895 0.1439 0.0096
vn -0.8928 -0.0961 -0.4402
vn -0.5534 -0.3112 -0.7726
vn 0.4462 -0.4517 -0.7726
vn 0.8317 -0.3385 -0.4402
vn 0.9909 -0.1344 0.0096
vn 0.8845 0.1046 0.4546
vn 0.5445 0.3149 0.7774
vn -0.4230 0.5500 0.7202
vn -0.8134 0.4012 0.4211
vn -0.9894 0.1451 0.0089
vn -0.9005 -0.1512 -0.4077
vn -0.5670 -0.4078 -0.7157
vn 0.4326 -0.5483 -0.7157
vn 0.8239 -0.3935 -0.4077
vn 0.9910 -0.1332 0.0089
vn 0.8925 0.1614 0.4211
vn 0.5582 0.4121 0.7202
vn -0.4105 0.6389 0.6506
vn -0.8061 0.4532 0.3805
vn -0.9892 0.1462 0.0081
vn -0.9076 -0.2016 -0.3684
vn -0.5794 -0.4962 -0.6466
vn 0.4202 -0.6367 -0.6466
vn 0.8169 -0.4439 -0.3684
vn 0.9912 -0.1321 0.0081
vn 0.8998 0.2135 0.3805
vn 0.5707 0.5011 0.6506
vn -0.3993 0.7182 0.5699
vn -0.7996 0.4995 0.3333
vn -0.9891 0.1472 0.0071
vn -0.9139 -0.2464 -0.3227
vn -0.5905 -0.5749 -0.5664
vn 0.4091 -0.7154 -0.5664
vn 0.8106 -0.4888 -0.3227
vn 0.9913 -0.1311 0.0071
vn 0.9063 0.2598 0.3333
vn 0.5818 0.5803 0.5699
vn -0.3898 0.7863 0.4795
vn -0.7940 0.5394 0.2804
vn -0.9890 0.1481 0.0059
vn -0.9193 -0.2850 -0.2715
vn -0.6000 -0.6426 -0.4765
vn 0.3996 -0.7831 -0.4765
vn 0.8051 -0.5273 -0.2715
vn 0.9915 -0.1303 0.0059
vn 0.9119 0.2996 0.2804
vn 0.5914 0.6484 0.4795
vn -0.3819 0.8421 0.3808
vn -0.7894 0.5720 0.2227
vn -0.9889 0.1488 0.0047
vn -0.9237 -0.3166 -0.2156
vn -0.6078 -0.6981 -0.3784
vn 0.3918 -0.8386 -0.3784
vn 0.8007 -0.5589 -0.2156
vn 0.9916 -0.1296 0.0047
vn 0.9165 0.3323 0.2227
vn 0.5992 0.7042 0.3808
vn -0.3759 0.8847 0.2756
vn -0.7859 0.5969 0.1612
vn -0.9888 0.1493 0.0034
vn -0.9271 -0.3407 -0.1561
vn -0.6137 -0.7405 -0.2739
vn 0.3859 -0.8809 -0.2739
vn 0.7973 -0.5831 -0.1561
vn 0.9916 -0.1290 0.0034
vn 0.9200 0.3572 0.1612
vn 0.6052 0.7468 0.2756
vn -0.3719 0.9134 0.1658
vn -0.7836 0.6137 0.0969
vn -0.9887 0.1496 0.0021
vn -0.9294 -0.3569 -0.0938
vn -0.6177 -0.7689 -0.1647
vn 0.3819 -0.9094 -0.1647
vn 0.7950 -0.5993 -0.0938
vn 0.9917 -0.1287 0.0021
vn 0.9224 0.3739 0.0969
vn 0.6092 0.7755 0.1658
vn -0.3699 0.9276 0.0530
vn -0.7824 0.6220 0.0310
vn -0.9887 0.1498 0.0007
vn -0.9305 -0.3650 -0.0300
vn -0.6197 -0.7830 -0.0527
vn 0.3799 -0.9235 -0.0527
vn 0.7939 -0.6073 -0.0300
vn 0.9917 -0.1285 0.0007
vn 0.9235 0.3822 0.0310
vn 0.6112 0.7897 0.0530
vn -0.3700 0.9271 -0.0606
vn -0.7824 0.6217 -0.0354
vn -0.9887 0.1498 -0.0008
vn -0.9305 -0.3647 0.0343
vn -0.6197 -0.7826 0.0602
vn 0.3800 -0.9230 0.0602
vn 0.7939 -0.6070 0.0343
vn 0.9917 -0.1285 -0.0008
vn 0.9235 0.3819 -0.0354
vn 0.6112 0.7892 -0.0606
vn -0.3721 0.9119 -0.1732
vn -0.7837 0.6128 -0.1013
vn -0.9887 0.1496 -0.0021
vn -0.9293 -0.3561 0.0981
vn -0.6175 -0.7675 0.1721
vn 0.3821 -0.9080 0.1721
vn 0.7951 -0.5984 0.0981
vn 0.9917 -0.1287 -0.0021
vn 0.9223 0.3731 -0.1013
vn 0.6090 0.7740 -0.1732
vn -0.3763 0.8823 -0.2828
vn -0.7861 0.5955 -0.1654
vn -0.9888 0.1493 -0.0035
vn -0.9269 -0.3393 0.1601
vn -0.6134 -0.7381 0.2811
vn 0.3862 -0.8785 0.2811
vn 0.7975 -0.5817 0.1601
vn 0.9916 -0.1291 -0.0035
vn 0.9198 0.3558 -0.1654
vn 0.6049 0.7444 -0.2828
vn 0.1245 0.8862 -0.4462
vn -0.3824 0.8388 -0.3876
vn -0.7897 0.5701 -0.2267
vn -0.9889 0.1487 -0.0048
vn -0.9235 -0.3147 0.2195
vn -0.6073 -0.6948 0.3852
vn -0.1245 -0.8862 0.4462
vn 0.3923 -0.8353 0.3852
vn 0.8010 -0.5571 0.2195
vn 0.9916 -0.1296 -0.0048
vn 0.9162 0.3303 -0.2267
vn 0.5988 0.7009 -0.3876
vn -0.3903 0.7821 -0.4858
vn -0.7944 0.5369 -0.2841
vn -0.9890 0.1480 -0.0060
vn -0.9190 -0.2826 0.2750
vn -0.5994 -0.6385 0.4827
vn 0.4002 -0.7790 0.4827
vn 0.8055 -0.5250 0.2750
vn 0.9915 -0.1303 -0.0060
vn 0.9116 0.2972 -0.2841
vn 0.5908 0.6442 -0.4858
vn -0.4000 0.7132 -0.5756
vn -0.8000 0.4966 -0.3366
vn -0.9891 0.1472 -0.0071
vn -0.9135 -0.2436 0.3259
vn -0.5898 -0.5700 0.5720
vn 0.4098 -0.7105 0.5720
vn 0.8109 -0.4860 0.3259
vn 0.9913 -0.1312 -0.0071
vn 0.9059 0.2569 -0.3366
vn 0.5811 0.5753 -0.5756
vn -0.4113 0.6333 -0.6556
vn -0.8066 0.4499 -0.3834
vn -0.9892 0.1462 -0.0081
vn -0.9071 -0.1984 0.3712
vn -0.5786 -0.4906 0.6515
vn 0.4210 -0.6311 0.6515
vn 0.8173 -0.4407 0.3712
vn 0.9912 -0.1322 -0.0081
vn 0.8994 0.2102 -0.3834
vn 0.5699 0.4954 -0.6556
vn -0.4238 0.5437 -0.7244
vn -0.8140 0.3975 -0.4236
vn -0.9894 0.1451 -0.0090
vn -0.9000 -0.1476 0.4101
vn -0.5661 -0.4016 0.7199
vn 0.4335 -0.5421 0.7199
vn 0.8244 -0.3900 0.4101
vn 0.9910 -0.1333 -0.0090
vn 0.8920 0.1578 -0.4236
vn 0.5573 0.4058 -0.7244
vn -0.4376 0.4460 -0.7808
vn -0.8220 0.3404 -0.4566
vn -0.9896 0.1438 -0.0097
vn -0.8922 -0.0923 0.4421
vn -0.5525 -0.3045 0.7759
vn 0.4471 -0.4450 0.7759
vn 0.8322 -0.3347 0.4421
vn 0.9909 -0.1345 -0.0097
vn 0.8840 0.1006 -0.4566
vn 0.5436 0.3081 -0.7808
vn -0.4522 0.3419 -0.8238
vn -0.8305 0.2795 -0.4817
vn -0.9897 0.1426 -0.0102
vn -0.8839 -0.0334 0.4664
vn -0.5379 -0.2010 0.8187
vn 0.4617 -0.3415 0.8187
vn 0.8405 -0.2757 0.4664
vn 0.9907 -0.1358 -0.0102
vn 0.8754 0.0397 -0.4817
vn 0.5289 0.2040 -0.8238
vn -0.4675 0.2331 -0.8527
vn -0.8395 0.2159 -0.4987
vn -0.9899 0.1412 -0.0106
vn -0.8753 0.0282 0.4828
vn -0.5227 -0.0929 0.8474
vn 0.4769 -0.2334 0.8474
vn 0.8492 -0.2141 0.4828
vn 0.9905 -0.1371 -0.0106
vn 0.8665 -0.0239 -0.4987
vn 0.5136 0.0952 -0.8527
vn -0.4832 0.1215 -0.8670
vn -0.8487 0.1506 -0.5070
vn -0.9901 0.1398 -0.0108
vn -0.8664 0.0914 0.4909
vn -0.5071 0.0181 0.8617
vn 0.4925 -0.1224 0.8617
vn 0.8580 -0.1509 0.4909
vn 0.9903 -0.1385 -0.0108
vn 0.8573 -0.0892 -0.5070
vn 0.4980 -0.0164 -0.8670
vt 0.520833 0.500000
vt 0.500000 0.583333
vt 0.500000 0.500000
vt 0.520833 0.583333
vt 0.500000 0.666667
vt 0.520833 0.750000
vt 0.500000 0.750000
vt 0.520833 0.833333
vt 0.500000 0.833333
vt 0.520833 0.916667
vt 0.500000 0.916667
vt 0.500000 1.000000
vt 0.520833 0.000000
vt 0.500000 0.083333
vt 0.500000 0.000000
vt 0.520833 0.083333
vt 0.500000 0.166667
vt 0.520833 0.166667
vt 0.500000 0.250000
vt 0.520833 0.250000
vt 0.500000 0.333333
vt 0.520833 0.333333
vt 0.500000 0.416667
vt 0.520833 0.416667
vt 0.541667 0.583333
vt 0.520833 0.666667
vt 0.541667 0.666667
vt 0.541667 0.750000
vt 0.541667 0.833333
vt 0.541667 0.916667
vt 0.520833 1.000000
vt 0.541667 0.083333
vt 0.541667 0.166667
vt 0.541667 0.250000
vt 0.541667 0.333333
vt 0.541667 0.416667
vt 0.541667 0.500000
vt 0.562500 0.583333
vt 0.562500 0.666667
vt 0.562500 0.750000
vt 0.562500 0.833333
vt 0.562500 0.916667
vt 0.541667 1.000000
vt 0.562500 0.000000
vt 0.541667 0.000000
vt 0.562500 0.083333
vt 0.562500 0.166667
vt 0.562500 0.333333
vt 0.562500 0.416667
vt 0.562500 0.500000
vt 0.583333 0.583333
vt 0.583333 0.666667
vt 0.583333 0.833333
vt 0.583333 0.916667
vt 0.562500 1.000000
vt 0.583333 0.000000
vt 0.583333 0.166667
vt 0.562500 0.250000
vt 0.583333 0.333333
vt 0.583333 0.416667
vt 0.583333 0.500000
vt 0.604167 0.583333
vt 0.604167 0.666667
vt 0.583333 0.750000
vt 0.604167 0.833333
vt 0.604167 0.916667
vt 0.583333 1.000000
vt 0.604167 0.000000
vt 0.583333 0.083333
vt 0.604167 0.083333
vt 0.604167 0.166667
vt 0.583333 0.250000
vt 0.604167 0.250000
vt 0.604167 0.333333
vt 0.604167 0.416667
vt 0.625000 0.500000
vt 0.604167 0.500000
vt 0.625000 0.583333
vt 0.625000 0.666667
vt 0.604167 0.750000
vt 0.625000 0.833333
vt 0.625000 0.916667
vt 0.604167 1.000000
vt 0.625000 0.000000
vt 0.625000 0.083333
vt 0.625000 0.166667
vt 0.625000 0.333333
vt 0.625000 0.416667
vt 0.645833 0.500000
vt 0.645833 0.666667
vt 0.625000 0.750000
vt 0.645833 0.833333
vt 0.645833 0.916667
vt 0.625000 1.000000
vt 0.645833 0.000000
vt 0.645833 0.083333
vt 0.645833 0.166667
vt 0.625000 0.250000
vt 0.645833 0.333333
vt 0.666667 0.500000
vt 0.645833 0.583333
vt 0.666667 0.666667
vt 0.645833 0.750000
vt 0.666667 0.833333
vt 0.666667 0.916667
vt 0.666667 1.000000
vt 0.645833 1.000000
vt 0.666667 0.000000
vt 0.666667 0.083333
vt 0.666667 0.166667
vt 0.645833 0.250000
vt 0.666667 0.250000
vt 0.666667 0.333333
vt 0.645833 0.416667
vt 0.687500 0.500000
vt 0.666667 0.583333
vt 0.687500 0.583333
vt 0.687500 0.750000
vt 0.666667 0.750000
vt 0.687500 0.833333
vt 0.687500 1.000000
vt 0.687500 0.000000
vt 0.687500 0.166667
vt 0.687500 0.250000
vt 0.687500 0.333333
vt 0.666667 0.416667
vt 0.687500 0.416667
vt 0.708333 0.500000
vt 0.708333 0.583333
vt 0.687500 0.666667
vt 0.708333 0.666667
vt 0.708333 0.750000
vt 0.708333 0.833333
vt 0.687500 0.916667
vt 0.708333 1.000000
vt 0.708333 0.000000
vt 0.687500 0.083333
vt 0.708333 0.166667
vt 0.708333 0.333333
vt 0.708333 0.416667
vt 0.729167 0.500000
vt 0.729167 0.666667
vt 0.729167 0.750000
vt 0.729167 0.833333
vt 0.708333 0.916667
vt 0.729167 1.000000
vt 0.729167 0.000000
vt 0.708333 0.083333
vt 0.729167 0.083333
vt 0.729167 0.250000
vt 0.708333 0.250000
vt 0.729167 0.333333
vt 0.750000 0.500000
vt 0.729167 0.583333
vt 0.750000 0.583333
vt 0.750000 0.666667
vt 0.750000 0.750000
vt 0.750000 0.833333
vt 0.729167 0.916667
vt 0.750000 0.916667
vt 0.750000 0.000000
vt 0.750000 0.166667
vt 0.729167 0.166667
vt 0.750000 0.250000
vt 0.750000 0.333333
vt 0.729167 0.416667
vt 0.750000 0.416667
vt 0.770833 0.500000
vt 0.770833 0.666667
vt 0.770833 0.750000
vt 0.770833 0.833333
vt 0.770833 0.916667
vt 0.750000 1.000000
vt 0.770833 0.000000
vt 0.750000 0.083333
vt 0.770833 0.166667
vt 0.770833 0.250000
vt 0.770833 0.333333
vt 0.791667 0.500000
vt 0.770833 0.583333
vt 0.791667 0.583333
vt 0.791667 0.666667
vt 0.791667 0.750000
vt 0.791667 0.833333
vt 0.791667 0.916667
vt 0.770833 1.000000
vt 0.791667 0.083333
vt 0.770833 0.083333
vt 0.791667 0.166667
vt 0.791667 0.333333
vt 0.770833 0.416667
vt 0.812500 0.500000
vt 0.812500 0.666667
vt 0.812500 0.833333
vt 0.812500 0.916667
vt 0.791667 1.000000
vt 0.812500 0.000000
vt 0.791667 0.000000
vt 0.812500 0.083333
vt 0.812500 0.166667
vt 0.791667 0.250000
vt 0.812500 0.250000
vt 0.812500 0.333333
vt 0.791667 0.416667
vt 0.833333 0.500000
vt 0.812500 0.583333
vt 0.833333 0.583333
vt 0.833333 0.666667
vt 0.812500 0.750000
vt 0.833333 0.750000
vt 0.833333 0.916667
vt 0.812500 1.000000
vt 0.833333 0.083333
vt 0.833333 0.166667
vt 0.833333 0.333333
vt 0.812500 0.416667
vt 0.833333 0.416667
vt 0.854167 0.500000
vt 0.854167 0.666667
vt 0.854167 0.833333
vt 0.833333 0.833333
vt 0.854167 0.916667
vt 0.833333 1.000000
vt 0.833333 0.000000
vt 0.854167 0.083333
vt 0.854167 0.166667
vt 0.833333 0.250000
vt 0.854167 0.333333
vt 0.875000 0.500000
vt 0.854167 0.583333
vt 0.875000 0.666667
vt 0.875000 0.750000
vt 0.854167 0.750000
vt 0.875000 0.833333
vt 0.875000 0.916667
vt 0.854167 1.000000
vt 0.854167 0.000000
vt 0.875000 0.083333
vt 0.875000 0.250000
vt 0.854167 0.250000
vt 0.875000 0.333333
vt 0.854167 0.416667
vt 0.895833 0.500000
vt 0.875000 0.583333
vt 0.895833 0.666667
vt 0.895833 0.750000
vt 0.895833 0.916667
vt 0.875000 1.000000
vt 0.875000 0.000000
vt 0.895833 0.083333
vt 0.875000 0.166667
vt 0.895833 0.250000
vt 0.895833 0.333333
vt 0.875000 0.416667
vt 0.895833 0.416667
vt 0.916667 0.583333
vt 0.895833 0.583333
vt 0.916667 0.666667
vt 0.916667 0.833333
vt 0.895833 0.833333
vt 0.916667 0.916667
vt 0.895833 1.000000
vt 0.895833 0.000000
vt 0.916667 0.083333
vt 0.895833 0.166667
vt 0.916667 0.166667
vt 0.916667 0.333333
vt 0.916667 0.416667
vt 0.916667 0.500000
vt 0.937500 0.583333
vt 0.937500 0.750000
vt 0.916667 0.750000
vt 0.937500 0.833333
vt 0.937500 0.916667
vt 0.916667 1.000000
vt 0.916667 0.000000
vt 0.937500 0.083333
vt 0.937500 0.250000
vt 0.916667 0.250000
vt 0.937500 0.416667
vt 0.937500 0.500000
vt 0.958333 0.583333
vt 0.937500 0.666667
vt 0.958333 0.666667
vt 0.958333 0.750000
vt 0.958333 0.833333
vt 0.958333 0.916667
vt 0.937500 1.000000
vt 0.937500 0.000000
vt 0.958333 0.083333
vt 0.937500 0.166667
vt 0.958333 0.250000
vt 0.937500 0.333333
vt 0.958333 0.333333
vt 0.958333 0.416667
vt 0.958333 0.500000
vt 0.979167 0.583333
vt 0.979167 0.750000
vt 0.979167 0.833333
vt 0.979167 0.916667
vt 0.958333 1.000000
vt 0.979167 0.000000
vt 0.958333 0.000000
vt 0.979167 0.083333
vt 0.958333 0.166667
vt 0.979167 0.250000
vt 0.979167 0.333333
vt 0.979167 0.416667
vt 1.000000 0.500000
vt 0.979167 0.500000
vt 1.000000 0.583333
vt 0.979167 0.666667
vt 1.000000 0.666667
vt 1.000000 0.833333
vt 1.000000 0.916667
vt 0.979167 1.000000
vt 1.000000 0.000000
vt 1.000000 0.083333
vt 0.979167 0.166667
vt 1.000000 0.166667
vt 1.000000 0.250000
vt 1.000000 0.333333
vt 1.000000 0.416667
vt 0.020833 0.500000
vt 0.000000 0.583333
vt 0.000000 0.500000
vt 0.020833 0.666667
vt 0.000000 0.666667
vt 0.020833 0.750000
vt 0.000000 0.750000
vt 0.000000 0.833333
vt 0.020833 0.833333
vt 0.000000 0.916667
vt 0.020833 0.916667
vt 0.000000 1.000000
vt 0.020833 0.000000
vt 0.000000 0.083333
vt 0.000000 0.000000
vt 0.020833 0.166667
vt 0.000000 0.166667
vt 0.020833 0.250000
vt 0.000000 0.250000
vt 0.000000 0.333333
vt 0.020833 0.333333
vt 0.000000 0.416667
vt 0.041667 0.500000
vt 0.020833 0.583333
vt 0.041667 0.583333
vt 0.041667 0.666667
vt 0.041667 0.833333
vt 0.041667 0.916667
vt 0.020833 1.000000
vt 0.041667 0.000000
vt 0.020833 0.083333
vt 0.041667 0.083333
vt 0.041667 0.166667
vt 0.041667 0.250000
vt 0.041667 0.333333
vt 0.020833 0.416667
vt 0.062500 0.583333
vt 0.062500 0.750000
vt 0.041667 0.750000
vt 0.062500 0.833333
vt 0.062500 0.916667
vt 0.041667 1.000000
vt 0.062500 0.000000
vt 0.062500 0.083333
vt 0.062500 0.166667
vt 0.062500 0.250000
vt 0.062500 0.333333
vt 0.041667 0.416667
vt 0.062500 0.416667
vt 0.083333 0.500000
vt 0.062500 0.500000
vt 0.083333 0.583333
vt 0.062500 0.666667
vt 0.083333 0.666667
vt 0.083333 0.750000
vt 0.083333 0.833333
vt 0.083333 0.916667
vt 0.062500 1.000000
vt 0.083333 0.000000
vt 0.083333 0.083333
vt 0.083333 0.250000
vt 0.083333 0.333333
vt 0.083333 0.416667
vt 0.104167 0.500000
vt 0.104167 0.583333
vt 0.104167 0.666667
vt 0.104167 0.750000
vt 0.104167 0.916667
vt 0.083333 1.000000
vt 0.104167 0.083333
vt 0.083333 0.166667
vt 0.104167 0.166667
vt 0.104167 0.250000
vt 0.104167 0.416667
vt 0.125000 0.500000
vt 0.125000 0.583333
vt 0.125000 0.750000
vt 0.125000 0.833333
vt 0.104167 0.833333
vt 0.125000 0.916667
vt 0.125000 1.000000
vt 0.104167 1.000000
vt 0.125000 0.000000
vt 0.104167 0.000000
vt 0.125000 0.166667
vt 0.125000 0.250000
vt 0.104167 0.333333
vt 0.125000 0.416667
vt 0.145833 0.583333
vt 0.125000 0.666667
vt 0.145833 0.750000
vt 0.145833 0.916667
vt 0.145833 0.000000
vt 0.125000 0.083333
vt 0.145833 0.083333
vt 0.145833 0.166667
vt 0.145833 0.250000
vt 0.125000 0.333333
vt 0.145833 0.416667
vt 0.166667 0.500000
vt 0.145833 0.500000
vt 0.166667 0.583333
vt 0.145833 0.666667
vt 0.166667 0.666667
vt 0.166667 0.750000
vt 0.145833 0.833333
vt 0.166667 0.916667
vt 0.145833 1.000000
vt 0.166667 0.000000
vt 0.166667 0.083333
vt 0.166667 0.250000
vt 0.145833 0.333333
vt 0.166667 0.416667
vt 0.187500 0.500000
vt 0.187500 0.583333
vt 0.187500 0.666667
vt 0.187500 0.750000
vt 0.166667 0.833333
vt 0.187500 0.833333
vt 0.187500 1.000000
vt 0.166667 1.000000
vt 0.187500 0.000000
vt 0.187500 0.166667
vt 0.166667 0.166667
vt 0.187500 0.250000
vt 0.166667 0.333333
vt 0.187500 0.333333
vt 0.187500 0.416667
vt 0.208333 0.583333
vt 0.208333 0.666667
vt 0.208333 0.750000
vt 0.208333 0.833333
vt 0.187500 0.916667
vt 0.208333 1.000000
vt 0.208333 0.000000
vt 0.187500 0.083333
vt 0.208333 0.166667
vt 0.208333 0.250000
vt 0.208333 0.333333
vt 0.208333 0.416667
vt 0.229167 0.500000
vt 0.208333 0.500000
vt 0.229167 0.666667
vt 0.229167 0.750000
vt 0.229167 0.833333
vt 0.208333 0.916667
vt 0.229167 0.916667
vt 0.229167 0.000000
vt 0.208333 0.083333
vt 0.229167 0.166667
vt 0.229167 0.250000
vt 0.229167 0.333333
vt 0.229167 0.416667
vt 0.250000 0.583333
vt 0.229167 0.583333
vt 0.250000 0.666667
vt 0.250000 0.750000
vt 0.250000 0.833333
vt 0.250000 0.916667
vt 0.229167 1.000000
vt 0.250000 0.000000
vt 0.229167 0.083333
vt 0.250000 0.083333
vt 0.250000 0.166667
vt 0.250000 0.333333
vt 0.250000 0.416667
vt 0.270833 0.500000
vt 0.250000 0.500000
vt 0.270833 0.583333
vt 0.270833 0.750000
vt 0.270833 0.833333
vt 0.270833 0.916667
vt 0.250000 1.000000
vt 0.270833 0.000000
vt 0.270833 0.083333
vt 0.270833 0.166667
vt 0.250000 0.250000
vt 0.270833 0.250000
vt 0.270833 0.333333
vt 0.270833 0.416667
vt 0.291667 0.583333
vt 0.270833 0.666667
vt 0.291667 0.666667
vt 0.291667 0.750000
vt 0.291667 0.833333
vt 0.291667 0.916667
vt 0.270833 1.000000
vt 0.291667 0.000000
vt 0.291667 0.166667
vt 0.291667 0.250000
vt 0.291667 0.333333
vt 0.291667 0.416667
vt 0.312500 0.500000
vt 0.291667 0.500000
vt 0.312500 0.666667
vt 0.312500 0.750000
vt 0.312500 0.833333
vt 0.312500 0.916667
vt 0.291667 1.000000
vt 0.312500 0.000000
vt 0.291667 0.083333
vt 0.312500 0.166667
vt 0.312500 0.250000
vt 0.312500 0.333333
vt 0.333333 0.500000
vt 0.312500 0.583333
vt 0.333333 0.583333
vt 0.333333 0.666667
vt 0.333333 0.750000
vt 0.333333 0.833333
vt 0.333333 0.916667
vt 0.312500 1.000000
vt 0.333333 0.083333
vt 0.312500 0.083333
vt 0.333333 0.166667
vt 0.333333 0.333333
vt 0.333333 0.416667
vt 0.312500 0.416667
vt 0.354167 0.500000
vt 0.354167 0.583333
vt 0.354167 0.666667
vt 0.354167 0.750000
vt 0.354167 0.833333
vt 0.354167 0.916667
vt 0.333333 1.000000
vt 0.354167 0.000000
vt 0.333333 0.000000
vt 0.354167 0.083333
vt 0.354167 0.250000
vt 0.333333 0.250000
vt 0.354167 0.333333
vt 0.354167 0.416667
vt 0.375000 0.583333
vt 0.375000 0.666667
vt 0.375000 0.833333
vt 0.375000 0.916667
vt 0.354167 1.000000
vt 0.375000 0.083333
vt 0.354167 0.166667
vt 0.375000 0.166667
vt 0.375000 0.250000
vt 0.375000 0.333333
vt 0.375000 0.416667
vt 0.395833 0.500000
vt 0.375000 0.500000
vt 0.395833 0.583333
vt 0.395833 0.666667
vt 0.375000 0.750000
vt 0.395833 0.750000
vt 0.395833 0.916667
vt 0.375000 1.000000
vt 0.375000 0.000000
vt 0.395833 0.083333
vt 0.395833 0.166667
vt 0.395833 0.333333
vt 0.395833 0.416667
vt 0.416667 0.500000
vt 0.416667 0.583333
vt 0.416667 0.666667
vt 0.416667 0.750000
vt 0.395833 0.833333
vt 0.416667 0.833333
vt 0.416667 0.916667
vt 0.395833 1.000000
vt 0.416667 0.000000
vt 0.395833 0.000000
vt 0.416667 0.083333
vt 0.416667 0.250000
vt 0.395833 0.250000
vt 0.416667 0.416667
vt 0.437500 0.500000
vt 0.437500 0.583333
vt 0.437500 0.750000
vt 0.437500 0.833333
vt 0.437500 1.000000
vt 0.416667 1.000000
vt 0.437500 0.000000
vt 0.437500 0.166667
vt 0.416667 0.166667
vt 0.437500 0.333333
vt 0.416667 0.333333
vt 0.437500 0.416667
vt 0.458333 0.500000
vt 0.458333 0.583333
vt 0.437500 0.666667
vt 0.458333 0.666667
vt 0.458333 0.750000
vt 0.458333 0.833333
vt 0.437500 0.916667
vt 0.458333 0.916667
vt 0.458333 0.000000
vt 0.437500 0.083333
vt 0.458333 0.166667
vt 0.458333 0.250000
vt 0.437500 0.250000
vt 0.458333 0.333333
vt 0.458333 0.416667
vt 0.479167 0.500000
vt 0.479167 0.583333
vt 0.479167 0.750000
vt 0.479167 0.833333
vt 0.479167 0.916667
vt 0.458333 1.000000
vt 0.479167 0.000000
vt 0.458333 0.083333
vt 0.479167 0.083333
vt 0.479167 0.166667
vt 0.479167 0.250000
vt 0.479167 0.416667
vt 0.479167 0.666667
vt 0.479167 1.000000
vt 0.479167 0.333333
vt 1.000000 0.750000
vt 1.000000 1.000000
s 1
g Torus.002_M_Ouro.010
usemtl M_Ouro.010
f 3352/4124/3386 3341/4125/3375 3340/4126/3374
f 3353/4127/3387 3342/4128/3376 3341/4125/3375
f 3342/4128/3376 3355/4129/3389 3343/4130/3377
f 3343/4130/3377 3356/4131/3390 3344/4132/3378
f 3344/4132/3378 3357/4133/3391 3345/4134/3379
f 3357/4133/3391 3346/4135/3380 3345/4134/3379
f 3358/4136/3392 3347/4137/3381 3346/4138/3380
f 3359/4139/3393 3348/4140/3382 3347/4137/3381
f 3360/4141/3394 3349/4142/3383 3348/4140/3382
f 3361/4143/3395 3350/4144/3384 3349/4142/3383
f 3362/4145/3396 3351/4146/3385 3350/4144/3384
f 3363/4147/3397 3340/4126/3374 3351/4146/3385
f 3352/4124/3386 3365/4148/3399 3353/4127/3387
f 3365/4148/3399 3354/4149/3388 3353/4127/3387
f 3366/4150/3400 3355/4129/3389 3354/4149/3388
f 3367/4151/3401 3356/4131/3390 3355/4129/3389
f 3368/4152/3402 3357/4133/3391 3356/4131/3390
f 3369/4153/3403 3358/4154/3392 3357/4133/3391
f 3358/4136/3392 3371/4155/3405 3359/4139/3393
f 3359/4139/3393 3372/4156/3406 3360/4141/3394
f 3360/4141/3394 3373/4157/3407 3361/4143/3395
f 3361/4143/3395 3374/4158/3408 3362/4145/3396
f 3374/4158/3408 3363/4147/3397 3362/4145/3396
f 3375/4159/3409 3352/4124/3386 3363/4147/3397
f 3364/4160/3398 3377/4161/3411 3365/4148/3399
f 3377/4161/3411 3366/4150/3400 3365/4148/3399
f 3378/4162/3412 3367/4151/3401 3366/4150/3400
f 3379/4163/3413 3368/4152/3402 3367/4151/3401
f 3380/4164/3414 3369/4153/3403 3368/4152/3402
f 3381/4165/3415 3370/4166/3404 3369/4153/3403
f 3382/4167/3416 3371/4155/3405 3370/4168/3404
f 3383/4169/3417 3372/4156/3406 3371/4155/3405
f 3384/4170/3418 3373/4157/3407 3372/4156/3406
f 3373/4157/3407 3386/4171/3420 3374/4158/3408
f 3386/4171/3420 3375/4159/3409 3374/4158/3408
f 3387/4172/3421 3364/4160/3398 3375/4159/3409
f 3376/4173/3410 3389/4174/3423 3377/4161/3411
f 3377/4161/3411 3390/4175/3424 3378/4162/3412
f 3390/4175/3424 3379/4163/3413 3378/4162/3412
f 3379/4163/3413 3392/4176/3426 3380/4164/3414
f 3392/4176/3426 3381/4165/3415 3380/4164/3414
f 3393/4177/3427 3382/4178/3416 3381/4165/3415
f 3394/4179/3428 3383/4169/3417 3382/4167/3416
f 3383/4169/3417 3396/4180/3430 3384/4170/3418
f 3396/4180/3430 3385/4181/3419 3384/4170/3418
f 3385/4181/3419 3398/4182/3432 3386/4171/3420
f 3398/4182/3432 3387/4172/3421 3386/4171/3420
f 3399/4183/3433 3376/4173/3410 3387/4172/3421
f 3388/4184/3422 3401/4185/3435 3389/4174/3423
f 3389/4174/3423 3402/4186/3436 3390/4175/3424
f 3402/4186/3436 3391/4187/3425 3390/4175/3424
f 3391/4187/3425 3404/4188/3438 3392/4176/3426
f 3392/4176/3426 3405/4189/3439 3393/4177/3427
f 3405/4189/3439 3394/4190/3428 3393/4177/3427
f 3406/4191/3440 3395/4192/3429 3394/4179/3428
f 3407/4193/3441 3396/4180/3430 3395/4192/3429
f 3408/4194/3442 3397/4195/3431 3396/4180/3430
f 3409/4196/3443 3398/4182/3432 3397/4195/3431
f 3410/4197/3444 3399/4183/3433 3398/4182/3432
f 3411/4198/3445 3388/4184/3422 3399/4183/3433
f 3412/4199/3446 3401/4185/3435 3400/4200/3434
f 3413/4201/3447 3402/4186/3436 3401/4185/3435
f 3414/4202/3448 3403/4203/3437 3402/4186/3436
f 3403/4203/3437 3416/4204/3450 3404/4188/3438
f 3416/4204/3450 3405/4189/3439 3404/4188/3438
f 3417/4205/3451 3406/4206/3440 3405/4189/3439
f 3418/4207/3452 3407/4193/3441 3406/4191/3440
f 3419/4208/3453 3408/4194/3442 3407/4193/3441
f 3420/4209/3454 3409/4196/3443 3408/4194/3442
f 3409/4196/3443 3422/4210/3456 3410/4197/3444
f 3410/4197/3444 3423/4211/3457 3411/4198/3445
f 3423/4211/3457 3400/4200/3434 3411/4198/3445
f 3424/4212/3458 3413/4201/3447 3412/4199/3446
f 3413/4201/3447 3426/4213/3460 3414/4202/3448
f 3426/4213/3460 3415/4214/3449 3414/4202/3448
f 3415/4214/3449 3428/4215/3462 3416/4204/3450
f 3416/4204/3450 3429/4216/3463 3417/4205/3451
f 3429/4216/3463 3418/4217/3452 3417/4205/3451
f 3430/4218/3464 3419/4208/3453 3418/4207/3452
f 3431/4219/3465 3420/4209/3454 3419/4208/3453
f 3432/4220/3466 3421/4221/3455 3420/4209/3454
f 3421/4221/3455 3434/4222/3468 3422/4210/3456
f 3434/4222/3468 3423/4211/3457 3422/4210/3456
f 3423/4211/3457 3424/4212/3458 3412/4199/3446
f 3436/4223/3470 3425/4224/3459 3424/4212/3458
f 3425/4224/3459 3438/4225/3472 3426/4213/3460
f 3438/4225/3472 3427/4226/3461 3426/4213/3460
f 3427/4226/3461 3440/4227/3474 3428/4215/3462
f 3428/4215/3462 3441/4228/3475 3429/4216/3463
f 3429/4216/3463 3442/4229/3476 3430/4230/3464
f 3442/4231/3476 3431/4219/3465 3430/4218/3464
f 3443/4232/3477 3432/4220/3466 3431/4219/3465
f 3444/4233/3478 3433/4234/3467 3432/4220/3466
f 3445/4235/3479 3434/4222/3468 3433/4234/3467
f 3446/4236/3480 3435/4237/3469 3434/4222/3468
f 3435/4237/3469 3436/4223/3470 3424/4212/3458
f 3448/4238/3482 3437/4239/3471 3436/4223/3470
f 3449/4240/3483 3438/4225/3472 3437/4239/3471
f 3438/4225/3472 3451/4241/3485 3439/4242/3473
f 3439/4242/3473 3452/4243/3486 3440/4227/3474
f 3452/4243/3486 3441/4228/3475 3440/4227/3474
f 3441/4228/3475 3454/4244/3488 3442/4229/3476
f 3454/4245/3488 3443/4232/3477 3442/4231/3476
f 3443/4232/3477 3456/4246/3490 3444/4233/3478
f 3444/4233/3478 3457/4247/3491 3445/4235/3479
f 3457/4247/3491 3446/4236/3480 3445/4235/3479
f 3458/4248/3492 3447/4249/3481 3446/4236/3480
f 3459/4250/3493 3436/4223/3470 3447/4249/3481
f 3460/4251/3494 3449/4240/3483 3448/4238/3482
f 3461/4252/3495 3450/4253/3484 3449/4240/3483
f 3462/4254/3496 3451/4241/3485 3450/4253/3484
f 3463/4255/3497 3452/4243/3486 3451/4241/3485
f 3464/4256/3498 3453/4257/3487 3452/4243/3486
f 3453/4257/3487 3466/4258/3500 3454/4244/3488
f 3466/4259/3500 3455/4260/3489 3454/4245/3488
f 3455/4260/3489 3468/4261/3502 3456/4246/3490
f 3468/4261/3502 3457/4247/3491 3456/4246/3490
f 3457/4247/3491 3470/4262/3504 3458/4248/3492
f 3458/4248/3492 3471/4263/3505 3459/4250/3493
f 3471/4263/3505 3448/4238/3482 3459/4250/3493
f 3472/4264/3506 3461/4252/3495 3460/4251/3494
f 3461/4252/3495 3474/4265/3508 3462/4254/3496
f 3474/4265/3508 3463/4255/3497 3462/4254/3496
f 3475/4266/3509 3464/4256/3498 3463/4255/3497
f 3476/4267/3510 3465/4268/3499 3464/4256/3498
f 3465/4268/3499 3478/4269/3512 3466/4258/3500
f 3478/4270/3512 3467/4271/3501 3466/4259/3500
f 3479/4272/3513 3468/4261/3502 3467/4271/3501
f 3468/4261/3502 3481/4273/3515 3469/4274/3503
f 3481/4273/3515 3470/4262/3504 3469/4274/3503
f 3482/4275/3516 3471/4263/3505 3470/4262/3504
f 3471/4263/3505 3472/4264/3506 3460/4251/3494
f 3484/4276/3518 3473/4277/3507 3472/4264/3506
f 3485/4278/3519 3474/4265/3508 3473/4277/3507
f 3486/4279/3520 3475/4266/3509 3474/4265/3508
f 3487/4280/3521 3476/4267/3510 3475/4266/3509
f 3488/4281/3522 3477/4282/3511 3476/4267/3510
f 3489/4283/3523 3478/4269/3512 3477/4282/3511
f 3490/4284/3524 3479/4272/3513 3478/4270/3512
f 3479/4272/3513 3492/4285/3526 3480/4286/3514
f 3492/4285/3526 3481/4273/3515 3480/4286/3514
f 3493/4287/3527 3482/4275/3516 3481/4273/3515
f 3494/4288/3528 3483/4289/3517 3482/4275/3516
f 3495/4290/3529 3472/4264/3506 3483/4289/3517
f 3496/4291/3530 3485/4278/3519 3484/4276/3518
f 3485/4278/3519 3498/4292/3532 3486/4279/3520
f 3486/4279/3520 3499/4293/3533 3487/4280/3521
f 3499/4293/3533 3488/4281/3522 3487/4280/3521
f 3500/4294/3534 3489/4283/3523 3488/4281/3522
f 3501/4295/3535 3490/4296/3524 3489/4283/3523
f 3502/4297/3536 3491/4298/3525 3490/4284/3524
f 3491/4298/3525 3504/4299/3538 3492/4285/3526
f 3492/4285/3526 3505/4300/3539 3493/4287/3527
f 3505/4300/3539 3494/4288/3528 3493/4287/3527
f 3506/4301/3540 3495/4290/3529 3494/4288/3528
f 3495/4290/3529 3496/4291/3530 3484/4276/3518
f 3508/4302/3542 3497/4303/3531 3496/4291/3530
f 3509/4304/3543 3498/4292/3532 3497/4303/3531
f 3510/4305/3544 3499/4293/3533 3498/4292/3532
f 3511/4306/3545 3500/4294/3534 3499/4293/3533
f 3512/4307/3546 3501/4295/3535 3500/4294/3534
f 3513/4308/3547 3502/4309/3536 3501/4295/3535
f 3502/4297/3536 3515/4310/3549 3503/4311/3537
f 3503/4311/3537 3516/4312/3550 3504/4299/3538
f 3516/4312/3550 3505/4300/3539 3504/4299/3538
f 3505/4300/3539 3518/4313/3552 3506/4301/3540
f 3518/4313/3552 3507/4314/3541 3506/4301/3540
f 3507/4314/3541 3508/4302/3542 3496/4291/3530
f 3520/4315/3554 3509/4304/3543 3508/4302/3542
f 3509/4304/3543 3522/4316/3556 3510/4305/3544
f 3522/4316/3556 3511/4306/3545 3510/4305/3544
f 3511/4306/3545 3524/4317/3558 3512/4307/3546
f 3524/4317/3558 3513/4308/3547 3512/4307/3546
f 3525/4318/3559 3514/4319/3548 3513/4308/3547
f 3526/4320/3560 3515/4310/3549 3514/4321/3548
f 3527/4322/3561 3516/4312/3550 3515/4310/3549
f 3528/4323/3562 3517/4324/3551 3516/4312/3550
f 3529/4325/3563 3518/4313/3552 3517/4324/3551
f 3530/4326/3564 3519/4327/3553 3518/4313/3552
f 3519/4327/3553 3520/4315/3554 3508/4302/3542
f 3532/4328/3566 3521/4329/3555 3520/4315/3554
f 3533/4330/3567 3522/4316/3556 3521/4329/3555
f 3534/4331/3568 3523/4332/3557 3522/4316/3556
f 3535/4333/3569 3524/4317/3558 3523/4332/3557
f 3524/4317/3558 3537/4334/3571 3525/4318/3559
f 3537/4334/3571 3526/4335/3560 3525/4318/3559
f 3526/4320/3560 3539/4336/3573 3527/4322/3561
f 3527/4322/3561 3540/4337/3574 3528/4323/3562
f 3540/4337/3574 3529/4325/3563 3528/4323/3562
f 3529/4325/3563 3542/4338/3576 3530/4326/3564
f 3542/4338/3576 3531/4339/3565 3530/4326/3564
f 3543/4340/3577 3520/4315/3554 3531/4339/3565
f 3544/4341/3578 3533/4330/3567 3532/4328/3566
f 3533/4330/3567 3546/4342/3580 3534/4331/3568
f 3546/4342/3580 3535/4333/3569 3534/4331/3568
f 3535/4333/3569 3548/4343/3582 3536/4344/3570
f 3548/4343/3582 3537/4334/3571 3536/4344/3570
f 3549/4345/3583 3538/4346/3572 3537/4334/3571
f 3538/4347/3572 3551/4348/3585 3539/4336/3573
f 3551/4348/3585 3540/4337/3574 3539/4336/3573
f 3552/4349/3586 3541/4350/3575 3540/4337/3574
f 3541/4350/3575 3554/4351/3588 3542/4338/3576
f 3554/4351/3588 3543/4340/3577 3542/4338/3576
f 3543/4340/3577 3544/4341/3578 3532/4328/3566
f 3556/4352/3590 3545/4353/3579 3544/4341/3578
f 3545/4353/3579 3558/4354/3592 3546/4342/3580
f 3546/4342/3580 3559/4355/3593 3547/4356/3581
f 3559/4355/3593 3548/4343/3582 3547/4356/3581
f 3560/4357/3594 3549/4345/3583 3548/4343/3582
f 3561/4358/3595 3550/4359/3584 3549/4345/3583
f 3550/4360/3584 3563/4361/3597 3551/4348/3585
f 3563/4361/3597 3552/4349/3586 3551/4348/3585
f 3552/4349/3586 3565/4362/3599 3553/4363/3587
f 3565/4362/3599 3554/4351/3588 3553/4363/3587
f 3566/4364/3600 3555/4365/3589 3554/4351/3588
f 3555/4365/3589 3556/4352/3590 3544/4341/3578
f 3568/4366/3602 3557/4367/3591 3556/4352/3590
f 3557/4367/3591 3570/4368/3604 3558/4354/3592
f 3570/4368/3604 3559/4355/3593 3558/4354/3592
f 3571/4369/3605 3560/4357/3594 3559/4355/3593
f 3560/4357/3594 3573/4370/3607 3561/4358/3595
f 3573/4370/3607 3562/4371/3596 3561/4358/3595
f 3562/4372/3596 3575/4373/3609 3563/4361/3597
f 3575/4373/3609 3564/4374/3598 3563/4361/3597
f 3564/4374/3598 3577/4375/3611 3565/4362/3599
f 3565/4362/3599 3578/4376/3612 3566/4364/3600
f 3578/4376/3612 3567/4377/3601 3566/4364/3600
f 3579/4378/3613 3556/4352/3590 3567/4377/3601
f 3568/4366/3602 3581/4379/3615 3569/4380/3603
f 3581/4379/3615 3570/4368/3604 3569/4380/3603
f 3582/4381/3616 3571/4369/3605 3570/4368/3604
f 3571/4369/3605 3584/4382/3618 3572/4383/3606
f 3572/4383/3606 3585/4384/3619 3573/4370/3607
f 3585/4384/3619 3574/4385/3608 3573/4370/3607
f 3574/4386/3608 3587/4387/3621 3575/4373/3609
f 3587/4387/3621 3576/4388/3610 3575/4373/3609
f 3588/4389/3622 3577/4375/3611 3576/4388/3610
f 3577/4375/3611 3590/4390/3624 3578/4376/3612
f 3590/4390/3624 3579/4378/3613 3578/4376/3612
f 3591/4391/3625 3568/4366/3602 3579/4378/3613
f 3580/4392/3614 3593/4393/3627 3581/4379/3615
f 3593/4393/3627 3582/4381/3616 3581/4379/3615
f 3582/4381/3616 3595/4394/3629 3583/4395/3617
f 3595/4394/3629 3584/4382/3618 3583/4395/3617
f 3596/4396/3630 3585/4384/3619 3584/4382/3618
f 3597/4397/3631 3586/4398/3620 3585/4384/3619
f 3586/4399/3620 3599/4400/3633 3587/4387/3621
f 3599/4400/3633 3588/4389/3622 3587/4387/3621
f 3588/4389/3622 3601/4401/3635 3589/4402/3623
f 3601/4401/3635 3590/4390/3624 3589/4402/3623
f 3590/4390/3624 3603/4403/3637 3591/4391/3625
f 3603/4403/3637 3580/4392/3614 3591/4391/3625
f 3592/4404/3626 3605/4405/3639 3593/4393/3627
f 3605/4405/3639 3594/4406/3628 3593/4393/3627
f 3606/4407/3640 3595/4394/3629 3594/4406/3628
f 3607/4408/3641 3596/4396/3630 3595/4394/3629
f 3608/4409/3642 3597/4397/3631 3596/4396/3630
f 3609/4410/3643 3598/4411/3632 3597/4397/3631
f 3598/4412/3632 3611/4413/3645 3599/4400/3633
f 3611/4413/3645 3600/4414/3634 3599/4400/3633
f 3600/4414/3634 3613/4415/3647 3601/4401/3635
f 3613/4415/3647 3602/4416/3636 3601/4401/3635
f 3614/4417/3648 3603/4403/3637 3602/4416/3636
f 3615/4418/3649 3592/4404/3626 3603/4403/3637
f 3604/4419/3638 3617/4420/3651 3605/4405/3639
f 3617/4420/3651 3606/4407/3640 3605/4405/3639
f 3606/4407/3640 3619/4421/3653 3607/4408/3641
f 3619/4421/3653 3608/4409/3642 3607/4408/3641
f 3620/4422/3654 3609/4410/3643 3608/4409/3642
f 3621/4423/3655 3610/4424/3644 3609/4410/3643
f 3622/4425/3656 3611/4413/3645 3610/4426/3644
f 3623/4427/3657 3612/4428/3646 3611/4413/3645
f 3612/4428/3646 3625/4429/3659 3613/4415/3647
f 3625/4429/3659 3614/4417/3648 3613/4415/3647
f 3626/4430/3660 3615/4418/3649 3614/4417/3648
f 3627/4431/3661 3604/4419/3638 3615/4418/3649
f 3628/4432/3380 3617/4420/3651 3616/4433/3650
f 3629/4434/3662 3618/4435/3652 3617/4420/3651
f 3630/4436/3663 3619/4421/3653 3618/4435/3652
f 3619/4421/3653 3632/4437/3665 3620/4422/3654
f 3620/4422/3654 3633/4438/3666 3621/4423/3655
f 3633/4438/3666 3622/4439/3656 3621/4423/3655
f 3634/4440/3374 3623/4427/3657 3622/4425/3656
f 3635/4441/3667 3624/4442/3658 3623/4427/3657
f 3636/4443/3668 3625/4429/3659 3624/4442/3658
f 3637/4444/3669 3626/4430/3660 3625/4429/3659
f 3638/4445/3670 3627/4431/3661 3626/4430/3660
f 3639/4446/3671 3616/4433/3650 3627/4431/3661
f 3640/4447/3392 3629/4448/3662 3628/4449/3380
f 3629/4448/3662 3642/4450/3673 3630/4451/3663
f 3630/4451/3663 3643/4452/3674 3631/4453/3664
f 3643/4452/3674 3632/4454/3665 3631/4453/3664
f 3644/4455/3675 3633/4456/3666 3632/4454/3665
f 3645/4457/3676 3634/4458/3374 3633/4456/3666
f 3646/4459/3386 3635/4460/3667 3634/4461/3374
f 3635/4460/3667 3648/4462/3678 3636/4463/3668
f 3636/4463/3668 3649/4464/3679 3637/4465/3669
f 3649/4464/3679 3638/4466/3670 3637/4465/3669
f 3650/4467/3680 3639/4468/3671 3638/4466/3670
f 3639/4468/3671 3640/4447/3392 3628/4449/3380
f 3652/4469/3404 3641/4470/3672 3640/4447/3392
f 3653/4471/3682 3642/4450/3673 3641/4470/3672
f 3654/4472/3683 3643/4452/3674 3642/4450/3673
f 3643/4452/3674 3656/4473/3685 3644/4455/3675
f 3656/4473/3685 3645/4457/3676 3644/4455/3675
f 3657/4474/3686 3646/4475/3386 3645/4457/3676
f 3658/4476/3398 3647/4477/3677 3646/4459/3386
f 3659/4478/3687 3648/4462/3678 3647/4477/3677
f 3660/4479/3688 3649/4464/3679 3648/4462/3678
f 3661/4480/3689 3650/4467/3680 3649/4464/3679
f 3662/4481/3690 3651/4482/3681 3650/4467/3680
f 3651/4482/3681 3652/4469/3404 3640/4447/3392
f 3652/4469/3404 3665/4483/3692 3653/4471/3682
f 3665/4483/3692 3654/4472/3683 3653/4471/3682
f 3654/4472/3683 3667/4484/3694 3655/4485/3684
f 3655/4485/3684 3668/4486/3695 3656/4473/3685
f 3656/4473/3685 3669/4487/3696 3657/4474/3686
f 3669/4487/3696 3658/4488/3398 3657/4474/3686
f 3670/4489/3410 3659/4478/3687 3658/4476/3398
f 3671/4490/3697 3660/4479/3688 3659/4478/3687
f 3672/4491/3698 3661/4480/3689 3660/4479/3688
f 3673/4492/3699 3662/4481/3690 3661/4480/3689
f 3674/4493/3700 3663/4494/3691 3662/4481/3690
f 3675/4495/3701 3652/4469/3404 3663/4494/3691
f 3676/4496/3428 3665/4483/3692 3664/4497/3416
f 3677/4498/3702 3666/4499/3693 3665/4483/3692
f 3678/4500/3703 3667/4484/3694 3666/4499/3693
f 3679/4501/3704 3668/4486/3695 3667/4484/3694
f 3680/4502/3705 3669/4487/3696 3668/4486/3695
f 3681/4503/3706 3670/4504/3410 3669/4487/3696
f 3682/4505/3422 3671/4490/3697 3670/4489/3410
f 3683/4506/3707 3672/4491/3698 3671/4490/3697
f 3672/4491/3698 3685/4507/3709 3673/4492/3699
f 3673/4492/3699 3686/4508/3710 3674/4493/3700
f 3686/4508/3710 3675/4495/3701 3674/4493/3700
f 3687/4509/3711 3664/4497/3416 3675/4495/3701
f 3688/4510/3440 3677/4498/3702 3676/4496/3428
f 3689/4511/3712 3678/4500/3703 3677/4498/3702
f 3690/4512/3713 3679/4501/3704 3678/4500/3703
f 3691/4513/3714 3680/4502/3705 3679/4501/3704
f 3680/4502/3705 3693/4514/3716 3681/4503/3706
f 3693/4514/3716 3682/4515/3422 3681/4503/3706
f 3682/4505/3422 3695/4516/3717 3683/4506/3707
f 3695/4516/3717 3684/4517/3708 3683/4506/3707
f 3696/4518/3718 3685/4507/3709 3684/4517/3708
f 3697/4519/3719 3686/4508/3710 3685/4507/3709
f 3686/4508/3710 3699/4520/3721 3687/4509/3711
f 3687/4509/3711 3688/4510/3440 3676/4496/3428
f 3700/4521/3452 3689/4511/3712 3688/4510/3440
f 3701/4522/3722 3690/4512/3713 3689/4511/3712
f 3690/4512/3713 3703/4523/3724 3691/4513/3714
f 3691/4513/3714 3704/4524/3725 3692/4525/3715
f 3692/4525/3715 3705/4526/3726 3693/4514/3716
f 3693/4514/3716 3706/4527/3446 3694/4528/3434
f 3706/4529/3446 3695/4516/3717 3694/4530/3434
f 3695/4516/3717 3708/4531/3728 3696/4518/3718
f 3708/4531/3728 3697/4519/3719 3696/4518/3718
f 3709/4532/3729 3698/4533/3720 3697/4519/3719
f 3698/4533/3720 3711/4534/3731 3699/4520/3721
f 3711/4534/3731 3688/4510/3440 3699/4520/3721
f 3700/4521/3452 3713/4535/3732 3701/4522/3722
f 3713/4535/3732 3702/4536/3723 3701/4522/3722
f 3702/4536/3723 3715/4537/3734 3703/4523/3724
f 3715/4537/3734 3704/4524/3725 3703/4523/3724
f 3704/4524/3725 3717/4538/3736 3705/4526/3726
f 3717/4538/3736 3706/4527/3446 3705/4526/3726
f 3718/4539/3458 3707/4540/3727 3706/4529/3446
f 3719/4541/3737 3708/4531/3728 3707/4540/3727
f 3720/4542/3738 3709/4532/3729 3708/4531/3728
f 3721/4543/3739 3710/4544/3730 3709/4532/3729
f 3710/4544/3730 3723/4545/3741 3711/4534/3731
f 3723/4545/3741 3700/4521/3452 3711/4534/3731
f 3724/4546/3476 3713/4535/3732 3712/4547/3464
f 3725/4548/3742 3714/4549/3733 3713/4535/3732
f 3726/4550/3743 3715/4537/3734 3714/4549/3733
f 3727/4551/3744 3716/4552/3735 3715/4537/3734
f 3716/4552/3735 3729/4553/3746 3717/4538/3736
f 3729/4553/3746 3718/4554/3458 3717/4538/3736
f 3730/4555/3470 3719/4541/3737 3718/4539/3458
f 3731/4556/3747 3720/4542/3738 3719/4541/3737
f 3720/4542/3738 3733/4557/3749 3721/4543/3739
f 3733/4557/3749 3722/4558/3740 3721/4543/3739
f 3722/4558/3740 3735/4559/3751 3723/4545/3741
f 3735/4559/3751 3712/4547/3464 3723/4545/3741
f 3736/4560/3488 3725/4548/3742 3724/4546/3476
f 3737/4561/3752 3726/4550/3743 3725/4548/3742
f 3738/4562/3753 3727/4551/3744 3726/4550/3743
f 3739/4563/3754 3728/4564/3745 3727/4551/3744
f 3740/4565/3755 3729/4553/3746 3728/4564/3745
f 3729/4553/3746 3742/4566/3482 3730/4567/3470
f 3742/4568/3482 3731/4556/3747 3730/4555/3470
f 3731/4556/3747 3744/4569/3758 3732/4570/3748
f 3744/4569/3758 3733/4557/3749 3732/4570/3748
f 3745/4571/3759 3734/4572/3750 3733/4557/3749
f 3746/4573/3760 3735/4559/3751 3734/4572/3750
f 3747/4574/3761 3724/4546/3476 3735/4559/3751
f 3736/4560/3488 3749/4575/3762 3737/4561/3752
f 3737/4561/3752 3750/4576/3763 3738/4562/3753
f 3750/4576/3763 3739/4563/3754 3738/4562/3753
f 3751/4577/3764 3740/4565/3755 3739/4563/3754
f 3752/4578/3765 3741/4579/3756 3740/4565/3755
f 3741/4579/3756 3754/4580/3494 3742/4566/3482
f 3754/4581/3494 3743/4582/3757 3742/4568/3482
f 3743/4582/3757 3756/4583/3768 3744/4569/3758
f 3744/4569/3758 3757/4584/3769 3745/4571/3759
f 3757/4584/3769 3746/4573/3760 3745/4571/3759
f 3758/4585/3770 3747/4574/3761 3746/4573/3760
f 3759/4586/3771 3736/4560/3488 3747/4574/3761
f 3760/4587/3512 3749/4575/3762 3748/4588/3500
f 3749/4575/3762 3762/4589/3773 3750/4576/3763
f 3750/4576/3763 3763/4590/3774 3751/4577/3764
f 3763/4590/3774 3752/4578/3765 3751/4577/3764
f 3764/4591/3775 3753/4592/3766 3752/4578/3765
f 3765/4593/3776 3754/4580/3494 3753/4592/3766
f 3766/4594/3506 3755/4595/3767 3754/4581/3494
f 3755/4595/3767 3768/4596/3778 3756/4583/3768
f 3756/4583/3768 3769/4597/3779 3757/4584/3769
f 3769/4597/3779 3758/4585/3770 3757/4584/3769
f 3770/4598/3780 3759/4586/3771 3758/4585/3770
f 3771/4599/3781 3748/4588/3500 3759/4586/3771
f 3760/4587/3512 3773/4600/3782 3761/4601/3772
f 3773/4600/3782 3762/4589/3773 3761/4601/3772
f 3774/4602/3783 3763/4590/3774 3762/4589/3773
f 3775/4603/3784 3764/4591/3775 3763/4590/3774
f 3776/4604/3785 3765/4593/3776 3764/4591/3775
f 3777/4605/3786 3766/4606/3506 3765/4593/3776
f 3778/4607/3518 3767/4608/3777 3766/4594/3506
f 3779/4609/3787 3768/4596/3778 3767/4608/3777
f 3780/4610/3788 3769/4597/3779 3768/4596/3778
f 3769/4597/3779 3782/4611/3790 3770/4598/3780
f 3770/4598/3780 3783/4612/3791 3771/4599/3781
f 3783/4612/3791 3760/4587/3512 3771/4599/3781
f 3784/4613/3536 3773/4600/3782 3772/4614/3524
f 3785/4615/3792 3774/4602/3783 3773/4600/3782
f 3774/4602/3783 3787/4616/3794 3775/4603/3784
f 3775/4603/3784 3788/4617/3795 3776/4604/3785
f 3788/4617/3795 3777/4605/3786 3776/4604/3785
f 3789/4618/3796 3778/4619/3518 3777/4605/3786
f 3790/4620/3530 3779/4609/3787 3778/4607/3518
f 3791/4621/3797 3780/4610/3788 3779/4609/3787
f 3792/4622/3798 3781/4623/3789 3780/4610/3788
f 3793/4624/3799 3782/4611/3790 3781/4623/3789
f 3794/4625/3800 3783/4612/3791 3782/4611/3790
f 3795/4626/3801 3772/4614/3524 3783/4612/3791
f 3784/4613/3536 3797/4627/3802 3785/4615/3792
f 3797/4627/3802 3786/4628/3793 3785/4615/3792
f 3798/4629/3803 3787/4616/3794 3786/4628/3793
f 3799/4630/3804 3788/4617/3795 3787/4616/3794
f 3800/4631/3805 3789/4618/3796 3788/4617/3795
f 3801/4632/3806 3790/4633/3530 3789/4618/3796
f 3802/4634/3542 3791/4621/3797 3790/4620/3530
f 3791/4621/3797 3804/4635/3808 3792/4622/3798
f 3792/4622/3798 3805/4636/3809 3793/4624/3799
f 3793/4624/3799 3806/4637/3810 3794/4625/3800
f 3794/4625/3800 3807/4638/3811 3795/4626/3801
f 3807/4638/3811 3784/4613/3536 3795/4626/3801
f 3808/4639/3812 3797/4627/3802 3796/4640/3548
f 3797/4627/3802 3810/4641/3814 3798/4629/3803
f 3798/4629/3803 3811/4642/3815 3799/4630/3804
f 3811/4642/3815 3800/4631/3805 3799/4630/3804
f 3812/4643/3816 3801/4632/3806 3800/4631/3805
f 3813/4644/3817 3802/4645/3542 3801/4632/3806
f 3814/4646/3818 3803/4647/3807 3802/4634/3542
f 3803/4647/3807 3816/4648/3820 3804/4635/3808
f 3816/4648/3820 3805/4636/3809 3804/4635/3808
f 3817/4649/3821 3806/4637/3810 3805/4636/3809
f 3818/4650/3822 3807/4638/3811 3806/4637/3810
f 3807/4638/3811 3808/4639/3812 3796/4640/3548
f 3820/4651/3572 3809/4652/3813 3808/4639/3812
f 3821/4653/3824 3810/4641/3814 3809/4652/3813
f 3822/4654/3825 3811/4642/3815 3810/4641/3814
f 3823/4655/3826 3812/4643/3816 3811/4642/3815
f 3824/4656/3827 3813/4644/3817 3812/4643/3816
f 3825/4657/3828 3814/4658/3818 3813/4644/3817
f 3814/4646/3818 3827/4659/3829 3815/4660/3819
f 3827/4659/3829 3816/4648/3820 3815/4660/3819
f 3828/4661/3830 3817/4649/3821 3816/4648/3820
f 3817/4649/3821 3830/4662/3832 3818/4650/3822
f 3818/4650/3822 3831/4663/3833 3819/4664/3823
f 3831/4663/3833 3808/4639/3812 3819/4664/3823
f 3832/4665/3584 3821/4653/3824 3820/4651/3572
f 3833/4666/3834 3822/4654/3825 3821/4653/3824
f 3834/4667/3835 3823/4655/3826 3822/4654/3825
f 3835/4668/3836 3824/4656/3827 3823/4655/3826
f 3836/4669/3837 3825/4657/3828 3824/4656/3827
f 3837/4670/3838 3826/4671/3566 3825/4657/3828
f 3838/4672/3578 3827/4659/3829 3826/4673/3566
f 3839/4674/3839 3828/4661/3830 3827/4659/3829
f 3828/4661/3830 3841/4675/3841 3829/4676/3831
f 3829/4676/3831 3842/4677/3842 3830/4662/3832
f 3842/4677/3842 3831/4663/3833 3830/4662/3832
f 3843/4678/3843 3820/4651/3572 3831/4663/3833
f 3832/4665/3584 3845/4679/3844 3833/4666/3834
f 3833/4666/3834 3846/4680/3845 3834/4667/3835
f 3846/4680/3845 3835/4668/3836 3834/4667/3835
f 3835/4668/3836 3848/4681/3847 3836/4669/3837
f 3848/4681/3847 3837/4670/3838 3836/4669/3837
f 3849/4682/3848 3838/4683/3578 3837/4670/3838
f 3838/4672/3578 3851/4684/3849 3839/4674/3839
f 3851/4684/3849 3840/4685/3840 3839/4674/3839
f 3852/4686/3850 3841/4675/3841 3840/4685/3840
f 3853/4687/3851 3842/4677/3842 3841/4675/3841
f 3854/4688/3852 3843/4678/3843 3842/4677/3842
f 3855/4689/3853 3832/4665/3584 3843/4678/3843
f 3856/4690/3608 3845/4679/3844 3844/4691/3596
f 3857/4692/3854 3846/4680/3845 3845/4679/3844
f 3858/4693/3855 3847/4694/3846 3846/4680/3845
f 3859/4695/3856 3848/4681/3847 3847/4694/3846
f 3848/4681/3847 3861/4696/3858 3849/4682/3848
f 3861/4696/3858 3850/4697/3590 3849/4682/3848
f 3850/4698/3590 3863/4699/3859 3851/4684/3849
f 3863/4699/3859 3852/4686/3850 3851/4684/3849
f 3864/4700/3860 3853/4687/3851 3852/4686/3850
f 3853/4687/3851 3866/4701/3862 3854/4688/3852
f 3854/4688/3852 3867/4702/3863 3855/4689/3853
f 3855/4689/3853 3856/4690/3608 3844/4691/3596
f 3868/4703/3620 3857/4692/3854 3856/4690/3608
f 3869/4704/3864 3858/4693/3855 3857/4692/3854
f 3870/4705/3865 3859/4695/3856 3858/4693/3855
f 3871/4706/3866 3860/4707/3857 3859/4695/3856
f 3872/4708/3867 3861/4696/3858 3860/4707/3857
f 3873/4709/3868 3862/4710/3602 3861/4696/3858
f 3874/4711/3614 3863/4699/3859 3862/4712/3602
f 3875/4713/3869 3864/4700/3860 3863/4699/3859
f 3864/4700/3860 3877/4714/3871 3865/4715/3861
f 3877/4714/3871 3866/4701/3862 3865/4715/3861
f 3866/4701/3862 3879/4716/3873 3867/4702/3863
f 3867/4702/3863 3868/4703/3620 3856/4690/3608
f 3880/4717/3632 3869/4704/3864 3868/4703/3620
f 3881/4718/3874 3870/4705/3865 3869/4704/3864
f 3870/4705/3865 3883/4719/3876 3871/4706/3866
f 3883/4719/3876 3872/4708/3867 3871/4706/3866
f 3884/4720/3877 3873/4709/3868 3872/4708/3867
f 3873/4709/3868 3886/4721/3626 3874/4722/3614
f 3886/4723/3626 3875/4713/3869 3874/4711/3614
f 3875/4713/3869 3888/4724/3880 3876/4725/3870
f 3888/4724/3880 3877/4714/3871 3876/4725/3870
f 3877/4714/3871 3890/4726/3882 3878/4727/3872
f 3878/4727/3872 3891/4728/3883 3879/4716/3873
f 3891/4728/3883 3868/4703/3620 3879/4716/3873
f 3892/4729/3644 3881/4718/3874 3880/4717/3632
f 3893/4730/3884 3882/4731/3875 3881/4718/3874
f 3894/4732/3885 3883/4719/3876 3882/4731/3875
f 3895/4733/3886 3884/4720/3877 3883/4719/3876
f 3896/4734/3887 3885/4735/3878 3884/4720/3877
f 3897/4736/3888 3886/4721/3626 3885/4735/3878
f 3898/4737/3638 3887/4738/3879 3886/4723/3626
f 3887/4738/3879 3900/4739/3890 3888/4724/3880
f 3888/4724/3880 3901/4740/3891 3889/4741/3881
f 3889/4741/3881 3902/4742/3892 3890/4726/3882
f 3902/4742/3892 3891/4728/3883 3890/4726/3882
f 3903/4743/3893 3880/4717/3632 3891/4728/3883
f 3904/4744/3656 3893/4730/3884 3892/4729/3644
f 3905/4745/3894 3894/4732/3885 3893/4730/3884
f 3894/4732/3885 3907/4746/3896 3895/4733/3886
f 3895/4733/3886 3908/4747/3897 3896/4734/3887
f 3896/4734/3887 3909/4748/3898 3897/4736/3888
f 3909/4748/3898 3898/4749/3638 3897/4736/3888
f 3910/4750/3650 3899/4751/3889 3898/4737/3638
f 3911/4752/3899 3900/4739/3890 3899/4751/3889
f 3912/4753/3900 3901/4740/3891 3900/4739/3890
f 3913/4754/3901 3902/4742/3892 3901/4740/3891
f 3902/4742/3892 3915/4755/3903 3903/4743/3893
f 3915/4755/3903 3892/4729/3644 3903/4743/3893
f 3340/4126/3374 3905/4745/3894 3904/4744/3656
f 3341/4125/3375 3906/4756/3895 3905/4745/3894
f 3342/4128/3376 3907/4746/3896 3906/4756/3895
f 3343/4130/3377 3908/4747/3897 3907/4746/3896
f 3344/4132/3378 3909/4748/3898 3908/4747/3897
f 3345/4134/3379 3910/4757/3650 3909/4748/3898
f 3346/4138/3380 3911/4752/3899 3910/4750/3650
f 3911/4752/3899 3348/4140/3382 3912/4753/3900
f 3912/4753/3900 3349/4142/3383 3913/4754/3901
f 3913/4754/3901 3350/4144/3384 3914/4758/3902
f 3350/4144/3384 3915/4755/3903 3914/4758/3902
f 3351/4146/3385 3904/4744/3656 3915/4755/3903
f 3352/4124/3386 3353/4127/3387 3341/4125/3375
f 3353/4127/3387 3354/4149/3388 3342/4128/3376
f 3342/4128/3376 3354/4149/3388 3355/4129/3389
f 3343/4130/3377 3355/4129/3389 3356/4131/3390
f 3344/4132/3378 3356/4131/3390 3357/4133/3391
f 3357/4133/3391 3358/4154/3392 3346/4135/3380
f 3358/4136/3392 3359/4139/3393 3347/4137/3381
f 3359/4139/3393 3360/4141/3394 3348/4140/3382
f 3360/4141/3394 3361/4143/3395 3349/4142/3383
f 3361/4143/3395 3362/4145/3396 3350/4144/3384
f 3362/4145/3396 3363/4147/3397 3351/4146/3385
f 3363/4147/3397 3352/4124/3386 3340/4126/3374
f 3352/4124/3386 3364/4160/3398 3365/4148/3399
f 3365/4148/3399 3366/4150/3400 3354/4149/3388
f 3366/4150/3400 3367/4151/3401 3355/4129/3389
f 3367/4151/3401 3368/4152/3402 3356/4131/3390
f 3368/4152/3402 3369/4153/3403 3357/4133/3391
f 3369/4153/3403 3370/4166/3404 3358/4154/3392
f 3358/4136/3392 3370/4168/3404 3371/4155/3405
f 3359/4139/3393 3371/4155/3405 3372/4156/3406
f 3360/4141/3394 3372/4156/3406 3373/4157/3407
f 3361/4143/3395 3373/4157/3407 3374/4158/3408
f 3374/4158/3408 3375/4159/3409 3363/4147/3397
f 3375/4159/3409 3364/4160/3398 3352/4124/3386
f 3364/4160/3398 3376/4173/3410 3377/4161/3411
f 3377/4161/3411 3378/4162/3412 3366/4150/3400
f 3378/4162/3412 3379/4163/3413 3367/4151/3401
f 3379/4163/3413 3380/4164/3414 3368/4152/3402
f 3380/4164/3414 3381/4165/3415 3369/4153/3403
f 3381/4165/3415 3382/4178/3416 3370/4166/3404
f 3382/4167/3416 3383/4169/3417 3371/4155/3405
f 3383/4169/3417 3384/4170/3418 3372/4156/3406
f 3384/4170/3418 3385/4181/3419 3373/4157/3407
f 3373/4157/3407 3385/4181/3419 3386/4171/3420
f 3386/4171/3420 3387/4172/3421 3375/4159/3409
f 3387/4172/3421 3376/4173/3410 3364/4160/3398
f 3376/4173/3410 3388/4184/3422 3389/4174/3423
f 3377/4161/3411 3389/4174/3423 3390/4175/3424
f 3390/4175/3424 3391/4187/3425 3379/4163/3413
f 3379/4163/3413 3391/4187/3425 3392/4176/3426
f 3392/4176/3426 3393/4177/3427 3381/4165/3415
f 3393/4177/3427 3394/4190/3428 3382/4178/3416
f 3394/4179/3428 3395/4192/3429 3383/4169/3417
f 3383/4169/3417 3395/4192/3429 3396/4180/3430
f 3396/4180/3430 3397/4195/3431 3385/4181/3419
f 3385/4181/3419 3397/4195/3431 3398/4182/3432
f 3398/4182/3432 3399/4183/3433 3387/4172/3421
f 3399/4183/3433 3388/4184/3422 3376/4173/3410
f 3388/4184/3422 3400/4200/3434 3401/4185/3435
f 3389/4174/3423 3401/4185/3435 3402/4186/3436
f 3402/4186/3436 3403/4203/3437 3391/4187/3425
f 3391/4187/3425 3403/4203/3437 3404/4188/3438
f 3392/4176/3426 3404/4188/3438 3405/4189/3439
f 3405/4189/3439 3406/4206/3440 3394/4190/3428
f 3406/4191/3440 3407/4193/3441 3395/4192/3429
f 3407/4193/3441 3408/4194/3442 3396/4180/3430
f 3408/4194/3442 3409/4196/3443 3397/4195/3431
f 3409/4196/3443 3410/4197/3444 3398/4182/3432
f 3410/4197/3444 3411/4198/3445 3399/4183/3433
f 3411/4198/3445 3400/4200/3434 3388/4184/3422
f 3412/4199/3446 3413/4201/3447 3401/4185/3435
f 3413/4201/3447 3414/4202/3448 3402/4186/3436
f 3414/4202/3448 3415/4214/3449 3403/4203/3437
f 3403/4203/3437 3415/4214/3449 3416/4204/3450
f 3416/4204/3450 3417/4205/3451 3405/4189/3439
f 3417/4205/3451 3418/4217/3452 3406/4206/3440
f 3418/4207/3452 3419/4208/3453 3407/4193/3441
f 3419/4208/3453 3420/4209/3454 3408/4194/3442
f 3420/4209/3454 3421/4221/3455 3409/4196/3443
f 3409/4196/3443 3421/4221/3455 3422/4210/3456
f 3410/4197/3444 3422/4210/3456 3423/4211/3457
f 3423/4211/3457 3412/4199/3446 3400/4200/3434
f 3424/4212/3458 3425/4224/3459 3413/4201/3447
f 3413/4201/3447 3425/4224/3459 3426/4213/3460
f 3426/4213/3460 3427/4226/3461 3415/4214/3449
f 3415/4214/3449 3427/4226/3461 3428/4215/3462
f 3416/4204/3450 3428/4215/3462 3429/4216/3463
f 3429/4216/3463 3430/4230/3464 3418/4217/3452
f 3430/4218/3464 3431/4219/3465 3419/4208/3453
f 3431/4219/3465 3432/4220/3466 3420/4209/3454
f 3432/4220/3466 3433/4234/3467 3421/4221/3455
f 3421/4221/3455 3433/4234/3467 3434/4222/3468
f 3434/4222/3468 3435/4237/3469 3423/4211/3457
f 3423/4211/3457 3435/4237/3469 3424/4212/3458
f 3436/4223/3470 3437/4239/3471 3425/4224/3459
f 3425/4224/3459 3437/4239/3471 3438/4225/3472
f 3438/4225/3472 3439/4242/3473 3427/4226/3461
f 3427/4226/3461 3439/4242/3473 3440/4227/3474
f 3428/4215/3462 3440/4227/3474 3441/4228/3475
f 3429/4216/3463 3441/4228/3475 3442/4229/3476
f 3442/4231/3476 3443/4232/3477 3431/4219/3465
f 3443/4232/3477 3444/4233/3478 3432/4220/3466
f 3444/4233/3478 3445/4235/3479 3433/4234/3467
f 3445/4235/3479 3446/4236/3480 3434/4222/3468
f 3446/4236/3480 3447/4249/3481 3435/4237/3469
f 3435/4237/3469 3447/4249/3481 3436/4223/3470
f 3448/4238/3482 3449/4240/3483 3437/4239/3471
f 3449/4240/3483 3450/4253/3484 3438/4225/3472
f 3438/4225/3472 3450/4253/3484 3451/4241/3485
f 3439/4242/3473 3451/4241/3485 3452/4243/3486
f 3452/4243/3486 3453/4257/3487 3441/4228/3475
f 3441/4228/3475 3453/4257/3487 3454/4244/3488
f 3454/4245/3488 3455/4260/3489 3443/4232/3477
f 3443/4232/3477 3455/4260/3489 3456/4246/3490
f 3444/4233/3478 3456/4246/3490 3457/4247/3491
f 3457/4247/3491 3458/4248/3492 3446/4236/3480
f 3458/4248/3492 3459/4250/3493 3447/4249/3481
f 3459/4250/3493 3448/4238/3482 3436/4223/3470
f 3460/4251/3494 3461/4252/3495 3449/4240/3483
f 3461/4252/3495 3462/4254/3496 3450/4253/3484
f 3462/4254/3496 3463/4255/3497 3451/4241/3485
f 3463/4255/3497 3464/4256/3498 3452/4243/3486
f 3464/4256/3498 3465/4268/3499 3453/4257/3487
f 3453/4257/3487 3465/4268/3499 3466/4258/3500
f 3466/4259/3500 3467/4271/3501 3455/4260/3489
f 3455/4260/3489 3467/4271/3501 3468/4261/3502
f 3468/4261/3502 3469/4274/3503 3457/4247/3491
f 3457/4247/3491 3469/4274/3503 3470/4262/3504
f 3458/4248/3492 3470/4262/3504 3471/4263/3505
f 3471/4263/3505 3460/4251/3494 3448/4238/3482
f 3472/4264/3506 3473/4277/3507 3461/4252/3495
f 3461/4252/3495 3473/4277/3507 3474/4265/3508
f 3474/4265/3508 3475/4266/3509 3463/4255/3497
f 3475/4266/3509 3476/4267/3510 3464/4256/3498
f 3476/4267/3510 3477/4282/3511 3465/4268/3499
f 3465/4268/3499 3477/4282/3511 3478/4269/3512
f 3478/4270/3512 3479/4272/3513 3467/4271/3501
f 3479/4272/3513 3480/4286/3514 3468/4261/3502
f 3468/4261/3502 3480/4286/3514 3481/4273/3515
f 3481/4273/3515 3482/4275/3516 3470/4262/3504
f 3482/4275/3516 3483/4289/3517 3471/4263/3505
f 3471/4263/3505 3483/4289/3517 3472/4264/3506
f 3484/4276/3518 3485/4278/3519 3473/4277/3507
f 3485/4278/3519 3486/4279/3520 3474/4265/3508
f 3486/4279/3520 3487/4280/3521 3475/4266/3509
f 3487/4280/3521 3488/4281/3522 3476/4267/3510
f 3488/4281/3522 3489/4283/3523 3477/4282/3511
f 3489/4283/3523 3490/4296/3524 3478/4269/3512
f 3490/4284/3524 3491/4298/3525 3479/4272/3513
f 3479/4272/3513 3491/4298/3525 3492/4285/3526
f 3492/4285/3526 3493/4287/3527 3481/4273/3515
f 3493/4287/3527 3494/4288/3528 3482/4275/3516
f 3494/4288/3528 3495/4290/3529 3483/4289/3517
f 3495/4290/3529 3484/4276/3518 3472/4264/3506
f 3496/4291/3530 3497/4303/3531 3485/4278/3519
f 3485/4278/3519 3497/4303/3531 3498/4292/3532
f 3486/4279/3520 3498/4292/3532 3499/4293/3533
f 3499/4293/3533 3500/4294/3534 3488/4281/3522
f 3500/4294/3534 3501/4295/3535 3489/4283/3523
f 3501/4295/3535 3502/4309/3536 3490/4296/3524
f 3502/4297/3536 3503/4311/3537 3491/4298/3525
f 3491/4298/3525 3503/4311/3537 3504/4299/3538
f 3492/4285/3526 3504/4299/3538 3505/4300/3539
f 3505/4300/3539 3506/4301/3540 3494/4288/3528
f 3506/4301/3540 3507/4314/3541 3495/4290/3529
f 3495/4290/3529 3507/4314/3541 3496/4291/3530
f 3508/4302/3542 3509/4304/3543 3497/4303/3531
f 3509/4304/3543 3510/4305/3544 3498/4292/3532
f 3510/4305/3544 3511/4306/3545 3499/4293/3533
f 3511/4306/3545 3512/4307/3546 3500/4294/3534
f 3512/4307/3546 3513/4308/3547 3501/4295/3535
f 3513/4308/3547 3514/4319/3548 3502/4309/3536
f 3502/4297/3536 3514/4321/3548 3515/4310/3549
f 3503/4311/3537 3515/4310/3549 3516/4312/3550
f 3516/4312/3550 3517/4324/3551 3505/4300/3539
f 3505/4300/3539 3517/4324/3551 3518/4313/3552
f 3518/4313/3552 3519/4327/3553 3507/4314/3541
f 3507/4314/3541 3519/4327/3553 3508/4302/3542
f 3520/4315/3554 3521/4329/3555 3509/4304/3543
f 3509/4304/3543 3521/4329/3555 3522/4316/3556
f 3522/4316/3556 3523/4332/3557 3511/4306/3545
f 3511/4306/3545 3523/4332/3557 3524/4317/3558
f 3524/4317/3558 3525/4318/3559 3513/4308/3547
f 3525/4318/3559 3526/4335/3560 3514/4319/3548
f 3526/4320/3560 3527/4322/3561 3515/4310/3549
f 3527/4322/3561 3528/4323/3562 3516/4312/3550
f 3528/4323/3562 3529/4325/3563 3517/4324/3551
f 3529/4325/3563 3530/4326/3564 3518/4313/3552
f 3530/4326/3564 3531/4339/3565 3519/4327/3553
f 3519/4327/3553 3531/4339/3565 3520/4315/3554
f 3532/4328/3566 3533/4330/3567 3521/4329/3555
f 3533/4330/3567 3534/4331/3568 3522/4316/3556
f 3534/4331/3568 3535/4333/3569 3523/4332/3557
f 3535/4333/3569 3536/4344/3570 3524/4317/3558
f 3524/4317/3558 3536/4344/3570 3537/4334/3571
f 3537/4334/3571 3538/4346/3572 3526/4335/3560
f 3526/4320/3560 3538/4347/3572 3539/4336/3573
f 3527/4322/3561 3539/4336/3573 3540/4337/3574
f 3540/4337/3574 3541/4350/3575 3529/4325/3563
f 3529/4325/3563 3541/4350/3575 3542/4338/3576
f 3542/4338/3576 3543/4340/3577 3531/4339/3565
f 3543/4340/3577 3532/4328/3566 3520/4315/3554
f 3544/4341/3578 3545/4353/3579 3533/4330/3567
f 3533/4330/3567 3545/4353/3579 3546/4342/3580
f 3546/4342/3580 3547/4356/3581 3535/4333/3569
f 3535/4333/3569 3547/4356/3581 3548/4343/3582
f 3548/4343/3582 3549/4345/3583 3537/4334/3571
f 3549/4345/3583 3550/4359/3584 3538/4346/3572
f 3538/4347/3572 3550/4360/3584 3551/4348/3585
f 3551/4348/3585 3552/4349/3586 3540/4337/3574
f 3552/4349/3586 3553/4363/3587 3541/4350/3575
f 3541/4350/3575 3553/4363/3587 3554/4351/3588
f 3554/4351/3588 3555/4365/3589 3543/4340/3577
f 3543/4340/3577 3555/4365/3589 3544/4341/3578
f 3556/4352/3590 3557/4367/3591 3545/4353/3579
f 3545/4353/3579 3557/4367/3591 3558/4354/3592
f 3546/4342/3580 3558/4354/3592 3559/4355/3593
f 3559/4355/3593 3560/4357/3594 3548/4343/3582
f 3560/4357/3594 3561/4358/3595 3549/4345/3583
f 3561/4358/3595 3562/4371/3596 3550/4359/3584
f 3550/4360/3584 3562/4372/3596 3563/4361/3597
f 3563/4361/3597 3564/4374/3598 3552/4349/3586
f 3552/4349/3586 3564/4374/3598 3565/4362/3599
f 3565/4362/3599 3566/4364/3600 3554/4351/3588
f 3566/4364/3600 3567/4377/3601 3555/4365/3589
f 3555/4365/3589 3567/4377/3601 3556/4352/3590
f 3568/4366/3602 3569/4380/3603 3557/4367/3591
f 3557/4367/3591 3569/4380/3603 3570/4368/3604
f 3570/4368/3604 3571/4369/3605 3559/4355/3593
f 3571/4369/3605 3572/4383/3606 3560/4357/3594
f 3560/4357/3594 3572/4383/3606 3573/4370/3607
f 3573/4370/3607 3574/4385/3608 3562/4371/3596
f 3562/4372/3596 3574/4386/3608 3575/4373/3609
f 3575/4373/3609 3576/4388/3610 3564/4374/3598
f 3564/4374/3598 3576/4388/3610 3577/4375/3611
f 3565/4362/3599 3577/4375/3611 3578/4376/3612
f 3578/4376/3612 3579/4378/3613 3567/4377/3601
f 3579/4378/3613 3568/4366/3602 3556/4352/3590
f 3568/4366/3602 3580/4392/3614 3581/4379/3615
f 3581/4379/3615 3582/4381/3616 3570/4368/3604
f 3582/4381/3616 3583/4395/3617 3571/4369/3605
f 3571/4369/3605 3583/4395/3617 3584/4382/3618
f 3572/4383/3606 3584/4382/3618 3585/4384/3619
f 3585/4384/3619 3586/4398/3620 3574/4385/3608
f 3574/4386/3608 3586/4399/3620 3587/4387/3621
f 3587/4387/3621 3588/4389/3622 3576/4388/3610
f 3588/4389/3622 3589/4402/3623 3577/4375/3611
f 3577/4375/3611 3589/4402/3623 3590/4390/3624
f 3590/4390/3624 3591/4391/3625 3579/4378/3613
f 3591/4391/3625 3580/4392/3614 3568/4366/3602
f 3580/4392/3614 3592/4404/3626 3593/4393/3627
f 3593/4393/3627 3594/4406/3628 3582/4381/3616
f 3582/4381/3616 3594/4406/3628 3595/4394/3629
f 3595/4394/3629 3596/4396/3630 3584/4382/3618
f 3596/4396/3630 3597/4397/3631 3585/4384/3619
f 3597/4397/3631 3598/4411/3632 3586/4398/3620
f 3586/4399/3620 3598/4412/3632 3599/4400/3633
f 3599/4400/3633 3600/4414/3634 3588/4389/3622
f 3588/4389/3622 3600/4414/3634 3601/4401/3635
f 3601/4401/3635 3602/4416/3636 3590/4390/3624
f 3590/4390/3624 3602/4416/3636 3603/4403/3637
f 3603/4403/3637 3592/4404/3626 3580/4392/3614
f 3592/4404/3626 3604/4419/3638 3605/4405/3639
f 3605/4405/3639 3606/4407/3640 3594/4406/3628
f 3606/4407/3640 3607/4408/3641 3595/4394/3629
f 3607/4408/3641 3608/4409/3642 3596/4396/3630
f 3608/4409/3642 3609/4410/3643 3597/4397/3631
f 3609/4410/3643 3610/4424/3644 3598/4411/3632
f 3598/4412/3632 3610/4426/3644 3611/4413/3645
f 3611/4413/3645 3612/4428/3646 3600/4414/3634
f 3600/4414/3634 3612/4428/3646 3613/4415/3647
f 3613/4415/3647 3614/4417/3648 3602/4416/3636
f 3614/4417/3648 3615/4418/3649 3603/4403/3637
f 3615/4418/3649 3604/4419/3638 3592/4404/3626
f 3604/4419/3638 3616/4433/3650 3617/4420/3651
f 3617/4420/3651 3618/4435/3652 3606/4407/3640
f 3606/4407/3640 3618/4435/3652 3619/4421/3653
f 3619/4421/3653 3620/4422/3654 3608/4409/3642
f 3620/4422/3654 3621/4423/3655 3609/4410/3643
f 3621/4423/3655 3622/4439/3656 3610/4424/3644
f 3622/4425/3656 3623/4427/3657 3611/4413/3645
f 3623/4427/3657 3624/4442/3658 3612/4428/3646
f 3612/4428/3646 3624/4442/3658 3625/4429/3659
f 3625/4429/3659 3626/4430/3660 3614/4417/3648
f 3626/4430/3660 3627/4431/3661 3615/4418/3649
f 3627/4431/3661 3616/4433/3650 3604/4419/3638
f 3628/4432/3380 3629/4434/3662 3617/4420/3651
f 3629/4434/3662 3630/4436/3663 3618/4435/3652
f 3630/4436/3663 3631/4759/3664 3619/4421/3653
f 3619/4421/3653 3631/4759/3664 3632/4437/3665
f 3620/4422/3654 3632/4437/3665 3633/4438/3666
f 3633/4438/3666 3634/4760/3374 3622/4439/3656
f 3634/4440/3374 3635/4441/3667 3623/4427/3657
f 3635/4441/3667 3636/4443/3668 3624/4442/3658
f 3636/4443/3668 3637/4444/3669 3625/4429/3659
f 3637/4444/3669 3638/4445/3670 3626/4430/3660
f 3638/4445/3670 3639/4446/3671 3627/4431/3661
f 3639/4446/3671 3628/4432/3380 3616/4433/3650
f 3640/4447/3392 3641/4470/3672 3629/4448/3662
f 3629/4448/3662 3641/4470/3672 3642/4450/3673
f 3630/4451/3663 3642/4450/3673 3643/4452/3674
f 3643/4452/3674 3644/4455/3675 3632/4454/3665
f 3644/4455/3675 3645/4457/3676 3633/4456/3666
f 3645/4457/3676 3646/4475/3386 3634/4458/3374
f 3646/4459/3386 3647/4477/3677 3635/4460/3667
f 3635/4460/3667 3647/4477/3677 3648/4462/3678
f 3636/4463/3668 3648/4462/3678 3649/4464/3679
f 3649/4464/3679 3650/4467/3680 3638/4466/3670
f 3650/4467/3680 3651/4482/3681 3639/4468/3671
f 3639/4468/3671 3651/4482/3681 3640/4447/3392
f 3652/4469/3404 3653/4471/3682 3641/4470/3672
f 3653/4471/3682 3654/4472/3683 3642/4450/3673
f 3654/4472/3683 3655/4485/3684 3643/4452/3674
f 3643/4452/3674 3655/4485/3684 3656/4473/3685
f 3656/4473/3685 3657/4474/3686 3645/4457/3676
f 3657/4474/3686 3658/4488/3398 3646/4475/3386
f 3658/4476/3398 3659/4478/3687 3647/4477/3677
f 3659/4478/3687 3660/4479/3688 3648/4462/3678
f 3660/4479/3688 3661/4480/3689 3649/4464/3679
f 3661/4480/3689 3662/4481/3690 3650/4467/3680
f 3662/4481/3690 3663/4494/3691 3651/4482/3681
f 3651/4482/3681 3663/4494/3691 3652/4469/3404
f 3652/4469/3404 3664/4497/3416 3665/4483/3692
f 3665/4483/3692 3666/4499/3693 3654/4472/3683
f 3654/4472/3683 3666/4499/3693 3667/4484/3694
f 3655/4485/3684 3667/4484/3694 3668/4486/3695
f 3656/4473/3685 3668/4486/3695 3669/4487/3696
f 3669/4487/3696 3670/4504/3410 3658/4488/3398
f 3670/4489/3410 3671/4490/3697 3659/4478/3687
f 3671/4490/3697 3672/4491/3698 3660/4479/3688
f 3672/4491/3698 3673/4492/3699 3661/4480/3689
f 3673/4492/3699 3674/4493/3700 3662/4481/3690
f 3674/4493/3700 3675/4495/3701 3663/4494/3691
f 3675/4495/3701 3664/4497/3416 3652/4469/3404
f 3676/4496/3428 3677/4498/3702 3665/4483/3692
f 3677/4498/3702 3678/4500/3703 3666/4499/3693
f 3678/4500/3703 3679/4501/3704 3667/4484/3694
f 3679/4501/3704 3680/4502/3705 3668/4486/3695
f 3680/4502/3705 3681/4503/3706 3669/4487/3696
f 3681/4503/3706 3682/4515/3422 3670/4504/3410
f 3682/4505/3422 3683/4506/3707 3671/4490/3697
f 3683/4506/3707 3684/4517/3708 3672/4491/3698
f 3672/4491/3698 3684/4517/3708 3685/4507/3709
f 3673/4492/3699 3685/4507/3709 3686/4508/3710
f 3686/4508/3710 3687/4509/3711 3675/4495/3701
f 3687/4509/3711 3676/4496/3428 3664/4497/3416
f 3688/4510/3440 3689/4511/3712 3677/4498/3702
f 3689/4511/3712 3690/4512/3713 3678/4500/3703
f 3690/4512/3713 3691/4513/3714 3679/4501/3704
f 3691/4513/3714 3692/4525/3715 3680/4502/3705
f 3680/4502/3705 3692/4525/3715 3693/4514/3716
f 3693/4514/3716 3694/4528/3434 3682/4515/3422
f 3682/4505/3422 3694/4530/3434 3695/4516/3717
f 3695/4516/3717 3696/4518/3718 3684/4517/3708
f 3696/4518/3718 3697/4519/3719 3685/4507/3709
f 3697/4519/3719 3698/4533/3720 3686/4508/3710
f 3686/4508/3710 3698/4533/3720 3699/4520/3721
f 3687/4509/3711 3699/4520/3721 3688/4510/3440
f 3700/4521/3452 3701/4522/3722 3689/4511/3712
f 3701/4522/3722 3702/4536/3723 3690/4512/3713
f 3690/4512/3713 3702/4536/3723 3703/4523/3724
f 3691/4513/3714 3703/4523/3724 3704/4524/3725
f 3692/4525/3715 3704/4524/3725 3705/4526/3726
f 3693/4514/3716 3705/4526/3726 3706/4527/3446
f 3706/4529/3446 3707/4540/3727 3695/4516/3717
f 3695/4516/3717 3707/4540/3727 3708/4531/3728
f 3708/4531/3728 3709/4532/3729 3697/4519/3719
f 3709/4532/3729 3710/4544/3730 3698/4533/3720
f 3698/4533/3720 3710/4544/3730 3711/4534/3731
f 3711/4534/3731 3700/4521/3452 3688/4510/3440
f 3700/4521/3452 3712/4547/3464 3713/4535/3732
f 3713/4535/3732 3714/4549/3733 3702/4536/3723
f 3702/4536/3723 3714/4549/3733 3715/4537/3734
f 3715/4537/3734 3716/4552/3735 3704/4524/3725
f 3704/4524/3725 3716/4552/3735 3717/4538/3736
f 3717/4538/3736 3718/4554/3458 3706/4527/3446
f 3718/4539/3458 3719/4541/3737 3707/4540/3727
f 3719/4541/3737 3720/4542/3738 3708/4531/3728
f 3720/4542/3738 3721/4543/3739 3709/4532/3729
f 3721/4543/3739 3722/4558/3740 3710/4544/3730
f 3710/4544/3730 3722/4558/3740 3723/4545/3741
f 3723/4545/3741 3712/4547/3464 3700/4521/3452
f 3724/4546/3476 3725/4548/3742 3713/4535/3732
f 3725/4548/3742 3726/4550/3743 3714/4549/3733
f 3726/4550/3743 3727/4551/3744 3715/4537/3734
f 3727/4551/3744 3728/4564/3745 3716/4552/3735
f 3716/4552/3735 3728/4564/3745 3729/4553/3746
f 3729/4553/3746 3730/4567/3470 3718/4554/3458
f 3730/4555/3470 3731/4556/3747 3719/4541/3737
f 3731/4556/3747 3732/4570/3748 3720/4542/3738
f 3720/4542/3738 3732/4570/3748 3733/4557/3749
f 3733/4557/3749 3734/4572/3750 3722/4558/3740
f 3722/4558/3740 3734/4572/3750 3735/4559/3751
f 3735/4559/3751 3724/4546/3476 3712/4547/3464
f 3736/4560/3488 3737/4561/3752 3725/4548/3742
f 3737/4561/3752 3738/4562/3753 3726/4550/3743
f 3738/4562/3753 3739/4563/3754 3727/4551/3744
f 3739/4563/3754 3740/4565/3755 3728/4564/3745
f 3740/4565/3755 3741/4579/3756 3729/4553/3746
f 3729/4553/3746 3741/4579/3756 3742/4566/3482
f 3742/4568/3482 3743/4582/3757 3731/4556/3747
f 3731/4556/3747 3743/4582/3757 3744/4569/3758
f 3744/4569/3758 3745/4571/3759 3733/4557/3749
f 3745/4571/3759 3746/4573/3760 3734/4572/3750
f 3746/4573/3760 3747/4574/3761 3735/4559/3751
f 3747/4574/3761 3736/4560/3488 3724/4546/3476
f 3736/4560/3488 3748/4588/3500 3749/4575/3762
f 3737/4561/3752 3749/4575/3762 3750/4576/3763
f 3750/4576/3763 3751/4577/3764 3739/4563/3754
f 3751/4577/3764 3752/4578/3765 3740/4565/3755
f 3752/4578/3765 3753/4592/3766 3741/4579/3756
f 3741/4579/3756 3753/4592/3766 3754/4580/3494
f 3754/4581/3494 3755/4595/3767 3743/4582/3757
f 3743/4582/3757 3755/4595/3767 3756/4583/3768
f 3744/4569/3758 3756/4583/3768 3757/4584/3769
f 3757/4584/3769 3758/4585/3770 3746/4573/3760
f 3758/4585/3770 3759/4586/3771 3747/4574/3761
f 3759/4586/3771 3748/4588/3500 3736/4560/3488
f 3760/4587/3512 3761/4601/3772 3749/4575/3762
f 3749/4575/3762 3761/4601/3772 3762/4589/3773
f 3750/4576/3763 3762/4589/3773 3763/4590/3774
f 3763/4590/3774 3764/4591/3775 3752/4578/3765
f 3764/4591/3775 3765/4593/3776 3753/4592/3766
f 3765/4593/3776 3766/4606/3506 3754/4580/3494
f 3766/4594/3506 3767/4608/3777 3755/4595/3767
f 3755/4595/3767 3767/4608/3777 3768/4596/3778
f 3756/4583/3768 3768/4596/3778 3769/4597/3779
f 3769/4597/3779 3770/4598/3780 3758/4585/3770
f 3770/4598/3780 3771/4599/3781 3759/4586/3771
f 3771/4599/3781 3760/4587/3512 3748/4588/3500
f 3760/4587/3512 3772/4614/3524 3773/4600/3782
f 3773/4600/3782 3774/4602/3783 3762/4589/3773
f 3774/4602/3783 3775/4603/3784 3763/4590/3774
f 3775/4603/3784 3776/4604/3785 3764/4591/3775
f 3776/4604/3785 3777/4605/3786 3765/4593/3776
f 3777/4605/3786 3778/4619/3518 3766/4606/3506
f 3778/4607/3518 3779/4609/3787 3767/4608/3777
f 3779/4609/3787 3780/4610/3788 3768/4596/3778
f 3780/4610/3788 3781/4623/3789 3769/4597/3779
f 3769/4597/3779 3781/4623/3789 3782/4611/3790
f 3770/4598/3780 3782/4611/3790 3783/4612/3791
f 3783/4612/3791 3772/4614/3524 3760/4587/3512
f 3784/4613/3536 3785/4615/3792 3773/4600/3782
f 3785/4615/3792 3786/4628/3793 3774/4602/3783
f 3774/4602/3783 3786/4628/3793 3787/4616/3794
f 3775/4603/3784 3787/4616/3794 3788/4617/3795
f 3788/4617/3795 3789/4618/3796 3777/4605/3786
f 3789/4618/3796 3790/4633/3530 3778/4619/3518
f 3790/4620/3530 3791/4621/3797 3779/4609/3787
f 3791/4621/3797 3792/4622/3798 3780/4610/3788
f 3792/4622/3798 3793/4624/3799 3781/4623/3789
f 3793/4624/3799 3794/4625/3800 3782/4611/3790
f 3794/4625/3800 3795/4626/3801 3783/4612/3791
f 3795/4626/3801 3784/4613/3536 3772/4614/3524
f 3784/4613/3536 3796/4640/3548 3797/4627/3802
f 3797/4627/3802 3798/4629/3803 3786/4628/3793
f 3798/4629/3803 3799/4630/3804 3787/4616/3794
f 3799/4630/3804 3800/4631/3805 3788/4617/3795
f 3800/4631/3805 3801/4632/3806 3789/4618/3796
f 3801/4632/3806 3802/4645/3542 3790/4633/3530
f 3802/4634/3542 3803/4647/3807 3791/4621/3797
f 3791/4621/3797 3803/4647/3807 3804/4635/3808
f 3792/4622/3798 3804/4635/3808 3805/4636/3809
f 3793/4624/3799 3805/4636/3809 3806/4637/3810
f 3794/4625/3800 3806/4637/3810 3807/4638/3811
f 3807/4638/3811 3796/4640/3548 3784/4613/3536
f 3808/4639/3812 3809/4652/3813 3797/4627/3802
f 3797/4627/3802 3809/4652/3813 3810/4641/3814
f 3798/4629/3803 3810/4641/3814 3811/4642/3815
f 3811/4642/3815 3812/4643/3816 3800/4631/3805
f 3812/4643/3816 3813/4644/3817 3801/4632/3806
f 3813/4644/3817 3814/4658/3818 3802/4645/3542
f 3814/4646/3818 3815/4660/3819 3803/4647/3807
f 3803/4647/3807 3815/4660/3819 3816/4648/3820
f 3816/4648/3820 3817/4649/3821 3805/4636/3809
f 3817/4649/3821 3818/4650/3822 3806/4637/3810
f 3818/4650/3822 3819/4664/3823 3807/4638/3811
f 3807/4638/3811 3819/4664/3823 3808/4639/3812
f 3820/4651/3572 3821/4653/3824 3809/4652/3813
f 3821/4653/3824 3822/4654/3825 3810/4641/3814
f 3822/4654/3825 3823/4655/3826 3811/4642/3815
f 3823/4655/3826 3824/4656/3827 3812/4643/3816
f 3824/4656/3827 3825/4657/3828 3813/4644/3817
f 3825/4657/3828 3826/4671/3566 3814/4658/3818
f 3814/4646/3818 3826/4673/3566 3827/4659/3829
f 3827/4659/3829 3828/4661/3830 3816/4648/3820
f 3828/4661/3830 3829/4676/3831 3817/4649/3821
f 3817/4649/3821 3829/4676/3831 3830/4662/3832
f 3818/4650/3822 3830/4662/3832 3831/4663/3833
f 3831/4663/3833 3820/4651/3572 3808/4639/3812
f 3832/4665/3584 3833/4666/3834 3821/4653/3824
f 3833/4666/3834 3834/4667/3835 3822/4654/3825
f 3834/4667/3835 3835/4668/3836 3823/4655/3826
f 3835/4668/3836 3836/4669/3837 3824/4656/3827
f 3836/4669/3837 3837/4670/3838 3825/4657/3828
f 3837/4670/3838 3838/4683/3578 3826/4671/3566
f 3838/4672/3578 3839/4674/3839 3827/4659/3829
f 3839/4674/3839 3840/4685/3840 3828/4661/3830
f 3828/4661/3830 3840/4685/3840 3841/4675/3841
f 3829/4676/3831 3841/4675/3841 3842/4677/3842
f 3842/4677/3842 3843/4678/3843 3831/4663/3833
f 3843/4678/3843 3832/4665/3584 3820/4651/3572
f 3832/4665/3584 3844/4691/3596 3845/4679/3844
f 3833/4666/3834 3845/4679/3844 3846/4680/3845
f 3846/4680/3845 3847/4694/3846 3835/4668/3836
f 3835/4668/3836 3847/4694/3846 3848/4681/3847
f 3848/4681/3847 3849/4682/3848 3837/4670/3838
f 3849/4682/3848 3850/4697/3590 3838/4683/3578
f 3838/4672/3578 3850/4698/3590 3851/4684/3849
f 3851/4684/3849 3852/4686/3850 3840/4685/3840
f 3852/4686/3850 3853/4687/3851 3841/4675/3841
f 3853/4687/3851 3854/4688/3852 3842/4677/3842
f 3854/4688/3852 3855/4689/3853 3843/4678/3843
f 3855/4689/3853 3844/4691/3596 3832/4665/3584
f 3856/4690/3608 3857/4692/3854 3845/4679/3844
f 3857/4692/3854 3858/4693/3855 3846/4680/3845
f 3858/4693/3855 3859/4695/3856 3847/4694/3846
f 3859/4695/3856 3860/4707/3857 3848/4681/3847
f 3848/4681/3847 3860/4707/3857 3861/4696/3858
f 3861/4696/3858 3862/4710/3602 3850/4697/3590
f 3850/4698/3590 3862/4712/3602 3863/4699/3859
f 3863/4699/3859 3864/4700/3860 3852/4686/3850
f 3864/4700/3860 3865/4715/3861 3853/4687/3851
f 3853/4687/3851 3865/4715/3861 3866/4701/3862
f 3854/4688/3852 3866/4701/3862 3867/4702/3863
f 3855/4689/3853 3867/4702/3863 3856/4690/3608
f 3868/4703/3620 3869/4704/3864 3857/4692/3854
f 3869/4704/3864 3870/4705/3865 3858/4693/3855
f 3870/4705/3865 3871/4706/3866 3859/4695/3856
f 3871/4706/3866 3872/4708/3867 3860/4707/3857
f 3872/4708/3867 3873/4709/3868 3861/4696/3858
f 3873/4709/3868 3874/4722/3614 3862/4710/3602
f 3874/4711/3614 3875/4713/3869 3863/4699/3859
f 3875/4713/3869 3876/4725/3870 3864/4700/3860
f 3864/4700/3860 3876/4725/3870 3877/4714/3871
f 3877/4714/3871 3878/4727/3872 3866/4701/3862
f 3866/4701/3862 3878/4727/3872 3879/4716/3873
f 3867/4702/3863 3879/4716/3873 3868/4703/3620
f 3880/4717/3632 3881/4718/3874 3869/4704/3864
f 3881/4718/3874 3882/4731/3875 3870/4705/3865
f 3870/4705/3865 3882/4731/3875 3883/4719/3876
f 3883/4719/3876 3884/4720/3877 3872/4708/3867
f 3884/4720/3877 3885/4735/3878 3873/4709/3868
f 3873/4709/3868 3885/4735/3878 3886/4721/3626
f 3886/4723/3626 3887/4738/3879 3875/4713/3869
f 3875/4713/3869 3887/4738/3879 3888/4724/3880
f 3888/4724/3880 3889/4741/3881 3877/4714/3871
f 3877/4714/3871 3889/4741/3881 3890/4726/3882
f 3878/4727/3872 3890/4726/3882 3891/4728/3883
f 3891/4728/3883 3880/4717/3632 3868/4703/3620
f 3892/4729/3644 3893/4730/3884 3881/4718/3874
f 3893/4730/3884 3894/4732/3885 3882/4731/3875
f 3894/4732/3885 3895/4733/3886 3883/4719/3876
f 3895/4733/3886 3896/4734/3887 3884/4720/3877
f 3896/4734/3887 3897/4736/3888 3885/4735/3878
f 3897/4736/3888 3898/4749/3638 3886/4721/3626
f 3898/4737/3638 3899/4751/3889 3887/4738/3879
f 3887/4738/3879 3899/4751/3889 3900/4739/3890
f 3888/4724/3880 3900/4739/3890 3901/4740/3891
f 3889/4741/3881 3901/4740/3891 3902/4742/3892
f 3902/4742/3892 3903/4743/3893 3891/4728/3883
f 3903/4743/3893 3892/4729/3644 3880/4717/3632
f 3904/4744/3656 3905/4745/3894 3893/4730/3884
f 3905/4745/3894 3906/4756/3895 3894/4732/3885
f 3894/4732/3885 3906/4756/3895 3907/4746/3896
f 3895/4733/3886 3907/4746/3896 3908/4747/3897
f 3896/4734/3887 3908/4747/3897 3909/4748/3898
f 3909/4748/3898 3910/4757/3650 3898/4749/3638
f 3910/4750/3650 3911/4752/3899 3899/4751/3889
f 3911/4752/3899 3912/4753/3900 3900/4739/3890
f 3912/4753/3900 3913/4754/3901 3901/4740/3891
f 3913/4754/3901 3914/4758/3902 3902/4742/3892
f 3902/4742/3892 3914/4758/3902 3915/4755/3903
f 3915/4755/3903 3904/4744/3656 3892/4729/3644
f 3340/4126/3374 3341/4125/3375 3905/4745/3894
f 3341/4125/3375 3342/4128/3376 3906/4756/3895
f 3342/4128/3376 3343/4130/3377 3907/4746/3896
f 3343/4130/3377 3344/4132/3378 3908/4747/3897
f 3344/4132/3378 3345/4134/3379 3909/4748/3898
f 3345/4134/3379 3346/4135/3380 3910/4757/3650
f 3346/4138/3380 3347/4137/3381 3911/4752/3899
f 3911/4752/3899 3347/4137/3381 3348/4140/3382
f 3912/4753/3900 3348/4140/3382 3349/4142/3383
f 3913/4754/3901 3349/4142/3383 3350/4144/3384
f 3350/4144/3384 3351/4146/3385 3915/4755/3903
f 3351/4146/3385 3340/4126/3374 3904/4744/3656
o Icosphere.001
v 0.864465 0.452926 2.986371
v 0.730441 0.591154 3.094470
v 0.947870 0.629334 3.089710
v 1.051594 0.434804 3.102172
v 0.898268 0.276400 3.114633
v 0.699786 0.373031 3.109873
v 0.834740 0.658464 3.277085
v 1.033222 0.561833 3.281845
v 1.002567 0.343709 3.297248
v 0.785138 0.305530 3.302007
v 0.681414 0.500060 3.289546
v 0.868543 0.481938 3.405347
v 0.934472 0.599740 3.047619
v 0.913131 0.554068 3.010332
v 0.887633 0.500672 2.989586
v 0.826582 0.489952 2.990922
v 0.785331 0.531627 3.013130
v 0.751316 0.567579 3.051629
v 0.774735 0.617113 3.080646
v 0.834354 0.635317 3.073872
v 0.896839 0.638554 3.077973
v 0.687860 0.422652 3.094958
v 0.688535 0.484667 3.085723
v 0.705076 0.545146 3.086308
v 0.817974 0.428706 2.995247
v 0.767312 0.403418 3.022183
v 0.725493 0.383838 3.064604
v 1.021846 0.435873 3.058117
v 0.974099 0.439727 3.017657
v 0.916758 0.446050 2.993085
v 0.987016 0.594652 3.080136
v 1.023123 0.543416 3.078399
v 1.045266 0.485407 3.087134
v 0.892689 0.302438 3.068613
v 0.883976 0.346620 3.024981
v 0.873706 0.401572 2.996584
v 1.031338 0.386307 3.094132
v 0.993968 0.335968 3.093048
v 0.945233 0.297350 3.101130
v 0.846448 0.280004 3.103292
v 0.787180 0.299659 3.097574
v 0.734984 0.334271 3.100619
v 0.672384 0.529657 3.246310
v 0.677735 0.559332 3.191332
v 0.699916 0.580814 3.136758
v 0.674093 0.397073 3.149733
v 0.659716 0.431123 3.200386
v 0.663776 0.468410 3.250634
v 0.862594 0.673814 3.234477
v 0.895659 0.674882 3.181210
v 0.926125 0.657454 3.129250
v 0.742969 0.625293 3.133259
v 0.767857 0.652441 3.184008
v 0.801541 0.663094 3.235813
v 1.058915 0.537791 3.241985
v 1.073292 0.503741 3.191332
v 1.069232 0.466453 3.141084
v 0.981858 0.630321 3.130586
v 1.012325 0.618083 3.184008
v 1.029791 0.592414 3.238486
v 0.990039 0.309570 3.258459
v 0.965151 0.282423 3.207710
v 0.931467 0.271770 3.155905
v 1.060624 0.405207 3.145408
v 1.055273 0.375531 3.200386
v 1.033092 0.354049 3.254960
v 0.751150 0.304543 3.261132
v 0.720683 0.316780 3.207710
v 0.703218 0.342450 3.153232
v 0.870414 0.261050 3.157241
v 0.837349 0.259982 3.210508
v 0.806883 0.277410 3.262468
v 0.701670 0.548557 3.297586
v 0.739040 0.598896 3.298670
v 0.787775 0.637514 3.290588
v 0.886560 0.654860 3.288426
v 0.945828 0.635205 3.294144
v 0.998024 0.600593 3.291099
v 1.045148 0.512212 3.296760
v 1.044473 0.450197 3.305995
v 1.027933 0.389718 3.305410
v 0.958273 0.317751 3.311072
v 0.898654 0.299546 3.317846
v 0.836169 0.296310 3.313745
v 0.745992 0.340212 3.311582
v 0.709885 0.391447 3.313319
v 0.687742 0.449457 3.304584
v 0.859302 0.533291 3.395134
v 0.849032 0.588244 3.366737
v 0.840319 0.632425 3.323105
v 0.711162 0.498990 3.333601
v 0.758909 0.495137 3.374061
v 0.816250 0.488813 3.398633
v 0.915034 0.506158 3.396471
v 0.965696 0.531446 3.369534
v 1.007515 0.551026 3.327114
v 0.906426 0.444912 3.400796
v 0.947677 0.403237 3.378588
v 0.981692 0.367285 3.340089
v 0.845375 0.434192 3.402132
v 0.819877 0.380796 3.381386
v 0.798536 0.335124 3.344099
v 0.785425 0.436450 3.387082
v 0.727599 0.442050 3.351298
v 0.759652 0.381937 3.355149
v 0.884666 0.388135 3.389462
v 0.858893 0.333622 3.357528
v 0.926082 0.345420 3.356058
v 0.961328 0.467336 3.383231
v 1.002743 0.424622 3.349827
v 1.012216 0.492025 3.345067
v 0.909467 0.564600 3.377001
v 0.960355 0.589289 3.338837
v 0.899021 0.619150 3.337366
v 0.800753 0.545512 3.379381
v 0.790307 0.600061 3.339746
v 0.742927 0.551112 3.343596
v 0.675450 0.408396 3.259991
v 0.681126 0.369141 3.204469
v 0.707502 0.348282 3.263842
v 0.868079 0.270106 3.267693
v 0.903038 0.261104 3.209791
v 0.935268 0.281904 3.266222
v 1.059310 0.410056 3.256140
v 1.074460 0.438206 3.195859
v 1.068783 0.477460 3.251381
v 0.984870 0.634838 3.241300
v 0.958494 0.655697 3.181927
v 0.923535 0.664698 3.239829
v 0.747630 0.633812 3.243680
v 0.715400 0.613012 3.187248
v 0.700250 0.584862 3.247530
v 0.774514 0.279167 3.209791
v 0.748138 0.300026 3.150418
v 0.809473 0.270165 3.151889
v 1.017608 0.321852 3.204469
v 0.985377 0.301052 3.148038
v 1.032758 0.350002 3.144188
v 1.051881 0.565723 3.187249
v 1.057558 0.526468 3.131727
v 1.025506 0.586582 3.127876
v 0.829970 0.673760 3.181927
v 0.864929 0.664758 3.124025
v 0.797740 0.652960 3.125496
v 0.658548 0.496658 3.195859
v 0.673698 0.524808 3.135577
v 0.664225 0.457404 3.140337
v 0.772653 0.345575 3.052881
v 0.823541 0.370263 3.014717
v 0.833987 0.315714 3.054352
v 0.942701 0.334803 3.051972
v 0.932256 0.389352 3.012337
v 0.990082 0.383752 3.048122
v 1.005409 0.492814 3.040421
v 0.947583 0.498414 3.004636
v 0.973357 0.552927 3.036570
v 0.720792 0.442839 3.046651
v 0.730265 0.510242 3.041891
v 0.771680 0.467528 3.008487
v 0.874115 0.601242 3.034189
v 0.848342 0.546729 3.002256
v 0.806926 0.589444 3.035661
vn -0.0097 -0.0691 -0.9976
vn -0.6479 0.5892 -0.4828
vn 0.3875 0.7710 -0.5055
vn 0.8814 -0.1554 -0.4461
vn 0.1513 -0.9097 -0.3868
vn -0.7939 -0.4495 -0.4095
vn -0.1513 0.9097 0.3868
vn 0.7939 0.4495 0.4095
vn 0.6479 -0.5892 0.4828
vn -0.3875 -0.7710 0.5055
vn -0.8814 0.1554 0.4461
vn 0.0097 0.0691 0.9976
vn 0.3207 0.6236 -0.7129
vn 0.2220 0.4126 -0.8835
vn 0.1048 0.1671 -0.9804
vn -0.1970 0.1141 -0.9737
vn -0.3865 0.3057 -0.8701
vn -0.5439 0.4718 -0.6940
vn -0.4281 0.7167 -0.5505
vn -0.1531 0.7995 -0.5809
vn 0.1347 0.8155 -0.5628
vn -0.8518 -0.2036 -0.4827
vn -0.8475 0.0821 -0.5245
vn -0.7725 0.3609 -0.5225
vn -0.2395 -0.1887 -0.9524
vn -0.4723 -0.3048 -0.8270
vn -0.6658 -0.3955 -0.6327
vn 0.7331 -0.1499 -0.6633
vn 0.5124 -0.1319 -0.8486
vn 0.2488 -0.1030 -0.9631
vn 0.5805 0.5985 -0.5521
vn 0.7458 0.3618 -0.5593
vn 0.8489 0.0950 -0.5199
vn 0.1235 -0.7797 -0.6138
vn 0.0832 -0.5753 -0.8137
vn 0.0360 -0.3229 -0.9458
vn 0.7801 -0.3949 -0.4853
vn 0.6070 -0.6260 -0.4896
vn 0.3833 -0.8049 -0.4530
vn -0.1051 -0.8907 -0.4424
vn -0.3777 -0.7989 -0.4680
vn -0.6188 -0.6406 -0.4547
vn -0.9249 0.3015 0.2318
vn -0.8989 0.4376 -0.0216
vn -0.7980 0.5373 -0.2731
vn -0.9199 -0.3301 -0.2118
vn -0.9847 -0.1729 0.0216
vn -0.9674 -0.0013 0.2532
vn -0.0134 0.9844 0.1756
vn 0.1388 0.9879 -0.0698
vn 0.2794 0.9090 -0.3093
vn -0.5851 0.7572 -0.2904
vn -0.4697 0.8810 -0.0564
vn -0.3152 0.9314 0.1822
vn 0.9199 0.3301 0.2118
vn 0.9847 0.1729 -0.0216
vn 0.9674 0.0013 -0.2532
vn 0.5550 0.7748 -0.3027
vn 0.6944 0.7174 -0.0564
vn 0.7759 0.6001 0.1946
vn 0.5851 -0.7572 0.2904
vn 0.4697 -0.8810 0.0564
vn 0.3152 -0.9314 -0.1822
vn 0.9249 -0.3015 -0.2318
vn 0.8989 -0.4376 0.0216
vn 0.7980 -0.5373 0.2731
vn -0.5550 -0.7748 0.3027
vn -0.6944 -0.7174 0.0564
vn -0.7759 -0.6001 -0.1946
vn 0.0134 -0.9844 -0.1756
vn -0.1388 -0.9879 0.0698
vn -0.2794 -0.9090 0.3093
vn -0.7801 0.3949 0.4853
vn -0.6070 0.6260 0.4896
vn -0.3833 0.8049 0.4530
vn 0.1051 0.8907 0.4424
vn 0.3777 0.7989 0.4680
vn 0.6188 0.6406 0.4547
vn 0.8518 0.2036 0.4827
vn 0.8475 -0.0821 0.5245
vn 0.7725 -0.3609 0.5225
vn 0.4281 -0.7167 0.5505
vn 0.1531 -0.7995 0.5809
vn -0.1347 -0.8155 0.5628
vn -0.5805 -0.5985 0.5521
vn -0.7458 -0.3618 0.5593
vn -0.8489 -0.0950 0.5199
vn -0.0360 0.3229 0.9458
vn -0.0832 0.5753 0.8137
vn -0.1235 0.7797 0.6138
vn -0.7331 0.1499 0.6633
vn -0.5124 0.1319 0.8486
vn -0.2488 0.1030 0.9631
vn 0.2395 0.1887 0.9524
vn 0.4723 0.3048 0.8270
vn 0.6658 0.3955 0.6327
vn 0.1970 -0.1141 0.9737
vn 0.3865 -0.3057 0.8701
vn 0.5439 -0.4718 0.6940
vn -0.1048 -0.1671 0.9804
vn -0.2220 -0.4126 0.8835
vn -0.3207 -0.6236 0.7129
vn -0.3931 -0.1515 0.9069
vn -0.6557 -0.1261 0.7444
vn -0.5101 -0.3990 0.7619
vn 0.0878 -0.3857 0.9185
vn -0.0292 -0.6332 0.7735
vn 0.2759 -0.5796 0.7668
vn 0.4593 -0.0018 0.8883
vn 0.6474 -0.1958 0.7366
vn 0.6904 0.1103 0.7150
vn 0.2080 0.4695 0.8581
vn 0.4391 0.5816 0.6848
vn 0.1606 0.7172 0.6781
vn -0.3188 0.3770 0.8696
vn -0.3663 0.6247 0.6896
vn -0.5814 0.4024 0.7071
vn -0.9084 -0.2892 0.3019
vn -0.8826 -0.4674 0.0499
vn -0.7629 -0.5621 0.3194
vn 0.0153 -0.9410 0.3381
vn 0.1740 -0.9819 0.0752
vn 0.3204 -0.8874 0.3314
vn 0.9215 -0.2664 0.2826
vn 0.9903 -0.1386 0.0089
vn 0.9645 0.0397 0.2609
vn 0.5579 0.8024 0.2121
vn 0.4381 0.8971 -0.0575
vn 0.2794 0.9379 0.2054
vn -0.5731 0.7883 0.2241
vn -0.7194 0.6938 -0.0322
vn -0.7882 0.5660 0.2416
vn -0.4381 -0.8971 0.0575
vn -0.5579 -0.8024 -0.2121
vn -0.2794 -0.9379 -0.2054
vn 0.7194 -0.6938 0.0321
vn 0.5731 -0.7883 -0.2241
vn 0.7882 -0.5660 -0.2416
vn 0.8826 0.4674 -0.0499
vn 0.9084 0.2892 -0.3019
vn 0.7629 0.5621 -0.3194
vn -0.1741 0.9819 -0.0752
vn -0.0153 0.9410 -0.3381
vn -0.3204 0.8874 -0.3314
vn -0.9903 0.1386 -0.0089
vn -0.9215 0.2664 -0.2826
vn -0.9645 -0.0397 -0.2609
vn -0.4391 -0.5816 -0.6848
vn -0.2080 -0.4695 -0.8581
vn -0.1606 -0.7172 -0.6781
vn 0.3663 -0.6247 -0.6896
vn 0.3188 -0.3770 -0.8696
vn 0.5814 -0.4024 -0.7071
vn 0.6557 0.1261 -0.7444
vn 0.3931 0.1515 -0.9069
vn 0.5101 0.3990 -0.7619
vn -0.6904 -0.1103 -0.7150
vn -0.6474 0.1958 -0.7366
vn -0.4593 0.0018 -0.8883
vn 0.0292 0.6332 -0.7735
vn -0.0878 0.3857 -0.9185
vn -0.2759 0.5796 -0.7668
vt 0.181819 0.000000
vt 0.204546 0.039365
vt 0.159092 0.039365
vt 0.272728 0.157461
vt 0.295455 0.118096
vt 0.318182 0.157461
vt 0.909091 0.000000
vt 0.931818 0.039365
vt 0.886364 0.039365
vt 0.727273 0.000000
vt 0.750000 0.039365
vt 0.704546 0.039365
vt 0.545455 0.000000
vt 0.568182 0.039365
vt 0.522728 0.039365
vt 0.295455 0.196826
vt 0.090910 0.157461
vt 0.136364 0.157461
vt 0.113637 0.196826
vt 0.818182 0.157461
vt 0.863636 0.157461
vt 0.840909 0.196826
vt 0.636364 0.157461
vt 0.681818 0.157461
vt 0.659091 0.196826
vt 0.454546 0.157461
vt 0.500000 0.157461
vt 0.477273 0.196826
vt 0.250001 0.196826
vt 0.068182 0.196826
vt 0.795455 0.196826
vt 0.613637 0.196826
vt 0.431819 0.196826
vt 0.181819 0.314921
vt 0.227273 0.314921
vt 0.204546 0.354286
vt 0.000000 0.314921
vt 0.045455 0.314921
vt 0.022727 0.354286
vt 0.727273 0.314921
vt 0.772727 0.314921
vt 0.750000 0.354286
vt 0.545455 0.314921
vt 0.590909 0.314921
vt 0.568182 0.354286
vt 0.363637 0.314921
vt 0.409091 0.314921
vt 0.386364 0.354286
vt 0.431819 0.433017
vt 0.477273 0.433017
vt 0.454546 0.472382
vt 0.409091 0.393651
vt 0.454546 0.393651
vt 0.431819 0.354286
vt 0.500000 0.393651
vt 0.477273 0.354286
vt 0.522728 0.354286
vt 0.454546 0.314921
vt 0.500000 0.314921
vt 0.613637 0.433017
vt 0.659091 0.433017
vt 0.636364 0.472382
vt 0.590909 0.393651
vt 0.636364 0.393651
vt 0.613637 0.354286
vt 0.681818 0.393651
vt 0.659091 0.354286
vt 0.704546 0.354286
vt 0.636364 0.314921
vt 0.681818 0.314921
vt 0.795455 0.433017
vt 0.840909 0.433017
vt 0.818182 0.472382
vt 0.772727 0.393651
vt 0.818182 0.393651
vt 0.795455 0.354286
vt 0.863636 0.393651
vt 0.840909 0.354286
vt 0.886364 0.354286
vt 0.818182 0.314921
vt 0.863636 0.314921
vt 0.909091 0.314921
vt 0.068182 0.433017
vt 0.113637 0.433017
vt 0.090910 0.472382
vt 0.045455 0.393651
vt 0.090910 0.393651
vt 0.068182 0.354286
vt 0.136365 0.393651
vt 0.113637 0.354286
vt 0.159092 0.354286
vt 0.090909 0.314921
vt 0.136364 0.314921
vt 0.250001 0.433017
vt 0.295455 0.433017
vt 0.272728 0.472382
vt 0.227273 0.393651
vt 0.272728 0.393651
vt 0.250001 0.354286
vt 0.318182 0.393651
vt 0.295455 0.354286
vt 0.340910 0.354286
vt 0.272728 0.314921
vt 0.318182 0.314921
vt 0.386364 0.275556
vt 0.409091 0.236191
vt 0.431819 0.275556
vt 0.454546 0.236191
vt 0.477273 0.275556
vt 0.500000 0.236191
vt 0.522728 0.275556
vt 0.568182 0.275556
vt 0.590909 0.236191
vt 0.613637 0.275556
vt 0.636364 0.236191
vt 0.659091 0.275556
vt 0.681818 0.236191
vt 0.704546 0.275556
vt 0.750000 0.275556
vt 0.772727 0.236191
vt 0.795455 0.275556
vt 0.818182 0.236191
vt 0.840909 0.275556
vt 0.863636 0.236191
vt 0.886364 0.275556
vt 0.022727 0.275556
vt 0.045455 0.236191
vt 0.068182 0.275556
vt 0.090910 0.236191
vt 0.113637 0.275556
vt 0.136364 0.236191
vt 0.159092 0.275556
vt 0.204546 0.275556
vt 0.227273 0.236191
vt 0.250001 0.275556
vt 0.272728 0.236191
vt 0.295455 0.275556
vt 0.318182 0.236191
vt 0.340910 0.275556
vt 0.545455 0.236191
vt 0.522728 0.196826
vt 0.568182 0.196826
vt 0.545455 0.157461
vt 0.590909 0.157461
vt 0.727273 0.236191
vt 0.704546 0.196826
vt 0.750000 0.196826
vt 0.727273 0.157461
vt 0.772727 0.157461
vt 0.931818 0.275556
vt 0.909091 0.236191
vt 0.886364 0.196826
vt 0.954545 0.236191
vt 0.931818 0.196826
vt 0.977273 0.196826
vt 0.909091 0.157461
vt 0.954545 0.157461
vt 1.000000 0.157461
vt 0.181819 0.236191
vt 0.159092 0.196826
vt 0.204546 0.196826
vt 0.181819 0.157461
vt 0.227274 0.157461
vt 0.363637 0.236191
vt 0.340910 0.196826
vt 0.386364 0.196826
vt 0.363637 0.157461
vt 0.409092 0.157461
vt 0.477273 0.118096
vt 0.500000 0.078731
vt 0.522728 0.118096
vt 0.545455 0.078731
vt 0.568182 0.118096
vt 0.590909 0.078731
vt 0.613637 0.118096
vt 0.659091 0.118096
vt 0.681818 0.078731
vt 0.704546 0.118096
vt 0.727273 0.078731
vt 0.750000 0.118096
vt 0.772727 0.078731
vt 0.795455 0.118096
vt 0.840909 0.118096
vt 0.863636 0.078731
vt 0.886364 0.118096
vt 0.909091 0.078731
vt 0.931818 0.118096
vt 0.954545 0.078731
vt 0.977273 0.118096
vt 0.431819 0.118096
vt 0.386364 0.118096
vt 0.340910 0.118096
vt 0.409091 0.078731
vt 0.363637 0.078730
vt 0.386364 0.039365
vt 0.318182 0.078731
vt 0.340910 0.039365
vt 0.363637 0.000000
vt 0.113637 0.118096
vt 0.136365 0.078731
vt 0.159092 0.118096
vt 0.181819 0.078731
vt 0.204546 0.118096
vt 0.227273 0.078731
vt 0.250001 0.118096
s 1
g Icosphere.001_M_Orbe.001
usemtl M_Orbe.001
f 3916/4761/3904 3931/4762/3919 3930/4763/3918
f 3917/4764/3905 3933/4765/3921 3939/4766/3927
f 3916/4767/3904 3930/4768/3918 3945/4769/3933
f 3916/4770/3904 3945/4771/3933 3951/4772/3939
f 3916/4773/3904 3951/4774/3939 3940/4775/3928
f 3917/4764/3905 3939/4766/3927 3960/4776/3948
f 3918/4777/3906 3936/4778/3924 3966/4779/3954
f 3919/4780/3907 3948/4781/3936 3972/4782/3960
f 3920/4783/3908 3954/4784/3942 3978/4785/3966
f 3921/4786/3909 3957/4787/3945 3984/4788/3972
f 3917/4764/3905 3960/4776/3948 3967/4789/3955
f 3918/4777/3906 3966/4779/3954 3973/4790/3961
f 3919/4780/3907 3972/4782/3960 3979/4791/3967
f 3920/4783/3908 3978/4785/3966 3985/4792/3973
f 3921/4786/3909 3984/4788/3972 3961/4793/3949
f 3922/4794/3910 3990/4795/3978 4005/4796/3993
f 3923/4797/3911 3993/4798/3981 4011/4799/3999
f 3924/4800/3912 3996/4801/3984 4014/4802/4002
f 3925/4803/3913 3999/4804/3987 4017/4805/4005
f 3926/4806/3914 4002/4807/3990 4006/4808/3994
f 4008/4809/3996 4015/4810/4003 3927/4811/3915
f 4007/4812/3995 4018/4813/4006 4008/4809/3996
f 4006/4808/3994 4019/4814/4007 4007/4812/3995
f 4008/4809/3996 4018/4813/4006 4015/4810/4003
f 4018/4813/4006 4016/4815/4004 4015/4810/4003
f 4007/4812/3995 4019/4814/4007 4018/4813/4006
f 4019/4814/4007 4020/4816/4008 4018/4813/4006
f 4018/4813/4006 4020/4816/4008 4016/4815/4004
f 4020/4816/4008 4017/4817/4005 4016/4815/4004
f 4006/4808/3994 4002/4807/3990 4019/4814/4007
f 4002/4807/3990 4001/4818/3989 4019/4814/4007
f 4019/4814/4007 4001/4818/3989 4020/4816/4008
f 4001/4818/3989 4000/4819/3988 4020/4816/4008
f 4020/4816/4008 4000/4819/3988 4017/4817/4005
f 4000/4819/3988 3925/4803/3913 4017/4817/4005
f 4015/4820/4003 4012/4821/4000 3927/4822/3915
f 4016/4823/4004 4021/4824/4009 4015/4820/4003
f 4017/4805/4005 4022/4825/4010 4016/4823/4004
f 4015/4820/4003 4021/4824/4009 4012/4821/4000
f 4021/4824/4009 4013/4826/4001 4012/4821/4000
f 4016/4823/4004 4022/4825/4010 4021/4824/4009
f 4022/4825/4010 4023/4827/4011 4021/4824/4009
f 4021/4824/4009 4023/4827/4011 4013/4826/4001
f 4023/4827/4011 4014/4828/4002 4013/4826/4001
f 4017/4805/4005 3999/4804/3987 4022/4825/4010
f 3999/4804/3987 3998/4829/3986 4022/4825/4010
f 4022/4825/4010 3998/4829/3986 4023/4827/4011
f 3998/4829/3986 3997/4830/3985 4023/4827/4011
f 4023/4827/4011 3997/4830/3985 4014/4828/4002
f 3997/4830/3985 3924/4800/3912 4014/4828/4002
f 4012/4831/4000 4009/4832/3997 3927/4833/3915
f 4013/4834/4001 4024/4835/4012 4012/4831/4000
f 4014/4802/4002 4025/4836/4013 4013/4834/4001
f 4012/4831/4000 4024/4835/4012 4009/4832/3997
f 4024/4835/4012 4010/4837/3998 4009/4832/3997
f 4013/4834/4001 4025/4836/4013 4024/4835/4012
f 4025/4836/4013 4026/4838/4014 4024/4835/4012
f 4024/4835/4012 4026/4838/4014 4010/4837/3998
f 4026/4838/4014 4011/4839/3999 4010/4837/3998
f 4014/4802/4002 3996/4801/3984 4025/4836/4013
f 3996/4801/3984 3995/4840/3983 4025/4836/4013
f 4025/4836/4013 3995/4840/3983 4026/4838/4014
f 3995/4840/3983 3994/4841/3982 4026/4838/4014
f 4026/4838/4014 3994/4841/3982 4011/4839/3999
f 3994/4841/3982 3923/4842/3911 4011/4839/3999
f 4009/4843/3997 4003/4844/3991 3927/4845/3915
f 4010/4846/3998 4027/4847/4015 4009/4843/3997
f 4011/4799/3999 4028/4848/4016 4010/4846/3998
f 4009/4843/3997 4027/4847/4015 4003/4844/3991
f 4027/4847/4015 4004/4849/3992 4003/4844/3991
f 4010/4846/3998 4028/4848/4016 4027/4847/4015
f 4028/4848/4016 4029/4850/4017 4027/4847/4015
f 4027/4847/4015 4029/4850/4017 4004/4849/3992
f 4029/4850/4017 4005/4851/3993 4004/4849/3992
f 4011/4799/3999 3993/4798/3981 4028/4848/4016
f 3993/4798/3981 3992/4852/3980 4028/4848/4016
f 4028/4848/4016 3992/4852/3980 4029/4850/4017
f 3992/4852/3980 3991/4853/3979 4029/4850/4017
f 4029/4850/4017 3991/4853/3979 4005/4851/3993
f 3991/4853/3979 3922/4794/3910 4005/4851/3993
f 4003/4854/3991 4008/4855/3996 3927/4856/3915
f 4004/4857/3992 4030/4858/4018 4003/4854/3991
f 4005/4796/3993 4031/4859/4019 4004/4857/3992
f 4003/4854/3991 4030/4858/4018 4008/4855/3996
f 4030/4858/4018 4007/4860/3995 4008/4855/3996
f 4004/4857/3992 4031/4859/4019 4030/4858/4018
f 4031/4859/4019 4032/4861/4020 4030/4858/4018
f 4030/4858/4018 4032/4861/4020 4007/4860/3995
f 4032/4861/4020 4006/4862/3994 4007/4860/3995
f 4005/4796/3993 3990/4795/3978 4031/4859/4019
f 3990/4795/3978 3989/4863/3977 4031/4859/4019
f 4031/4859/4019 3989/4863/3977 4032/4861/4020
f 3989/4863/3977 3988/4864/3976 4032/4861/4020
f 4032/4861/4020 3988/4864/3976 4006/4862/3994
f 3988/4864/3976 3926/4806/3914 4006/4862/3994
f 3963/4865/3951 4002/4807/3990 3926/4806/3914
f 3962/4866/3950 4033/4867/4021 3963/4865/3951
f 3961/4793/3949 4034/4868/4022 3962/4866/3950
f 3963/4865/3951 4033/4867/4021 4002/4807/3990
f 4033/4867/4021 4001/4818/3989 4002/4807/3990
f 3962/4866/3950 4034/4868/4022 4033/4867/4021
f 4034/4868/4022 4035/4869/4023 4033/4867/4021
f 4033/4867/4021 4035/4869/4023 4001/4818/3989
f 4035/4869/4023 4000/4819/3988 4001/4818/3989
f 3961/4793/3949 3984/4788/3972 4034/4868/4022
f 3984/4788/3972 3983/4870/3971 4034/4868/4022
f 4034/4868/4022 3983/4870/3971 4035/4869/4023
f 3983/4870/3971 3982/4871/3970 4035/4869/4023
f 4035/4869/4023 3982/4871/3970 4000/4819/3988
f 3982/4871/3970 3925/4803/3913 4000/4819/3988
f 3987/4872/3975 3999/4804/3987 3925/4803/3913
f 3986/4873/3974 4036/4874/4024 3987/4872/3975
f 3985/4792/3973 4037/4875/4025 3986/4873/3974
f 3987/4872/3975 4036/4874/4024 3999/4804/3987
f 4036/4874/4024 3998/4829/3986 3999/4804/3987
f 3986/4873/3974 4037/4875/4025 4036/4874/4024
f 4037/4875/4025 4038/4876/4026 4036/4874/4024
f 4036/4874/4024 4038/4876/4026 3998/4829/3986
f 4038/4876/4026 3997/4830/3985 3998/4829/3986
f 3985/4792/3973 3978/4785/3966 4037/4875/4025
f 3978/4785/3966 3977/4877/3965 4037/4875/4025
f 4037/4875/4025 3977/4877/3965 4038/4876/4026
f 3977/4877/3965 3976/4878/3964 4038/4876/4026
f 4038/4876/4026 3976/4878/3964 3997/4830/3985
f 3976/4878/3964 3924/4800/3912 3997/4830/3985
f 3981/4879/3969 3996/4801/3984 3924/4800/3912
f 3980/4880/3968 4039/4881/4027 3981/4879/3969
f 3979/4791/3967 4040/4882/4028 3980/4880/3968
f 3981/4879/3969 4039/4881/4027 3996/4801/3984
f 4039/4881/4027 3995/4840/3983 3996/4801/3984
f 3980/4880/3968 4040/4882/4028 4039/4881/4027
f 4040/4882/4028 4041/4883/4029 4039/4881/4027
f 4039/4881/4027 4041/4883/4029 3995/4840/3983
f 4041/4883/4029 3994/4841/3982 3995/4840/3983
f 3979/4791/3967 3972/4782/3960 4040/4882/4028
f 3972/4782/3960 3971/4884/3959 4040/4882/4028
f 4040/4882/4028 3971/4884/3959 4041/4883/4029
f 3971/4884/3959 3970/4885/3958 4041/4883/4029
f 4041/4883/4029 3970/4885/3958 3994/4841/3982
f 3970/4885/3958 3923/4842/3911 3994/4841/3982
f 3975/4886/3963 3993/4798/3981 3923/4797/3911
f 3974/4887/3962 4042/4888/4030 3975/4886/3963
f 3973/4790/3961 4043/4889/4031 3974/4887/3962
f 3975/4886/3963 4042/4888/4030 3993/4798/3981
f 4042/4888/4030 3992/4852/3980 3993/4798/3981
f 3974/4887/3962 4043/4889/4031 4042/4888/4030
f 4043/4889/4031 4044/4890/4032 4042/4888/4030
f 4042/4888/4030 4044/4890/4032 3992/4852/3980
f 4044/4890/4032 3991/4853/3979 3992/4852/3980
f 3973/4790/3961 3966/4779/3954 4043/4889/4031
f 3966/4779/3954 3965/4891/3953 4043/4889/4031
f 4043/4889/4031 3965/4891/3953 4044/4890/4032
f 3965/4891/3953 3964/4892/3952 4044/4890/4032
f 4044/4890/4032 3964/4892/3952 3991/4853/3979
f 3964/4892/3952 3922/4794/3910 3991/4853/3979
f 3969/4893/3957 3990/4795/3978 3922/4794/3910
f 3968/4894/3956 4045/4895/4033 3969/4893/3957
f 3967/4789/3955 4046/4896/4034 3968/4894/3956
f 3969/4893/3957 4045/4895/4033 3990/4795/3978
f 4045/4895/4033 3989/4863/3977 3990/4795/3978
f 3968/4894/3956 4046/4896/4034 4045/4895/4033
f 4046/4896/4034 4047/4897/4035 4045/4895/4033
f 4045/4895/4033 4047/4897/4035 3989/4863/3977
f 4047/4897/4035 3988/4864/3976 3989/4863/3977
f 3967/4789/3955 3960/4776/3948 4046/4896/4034
f 3960/4776/3948 3959/4898/3947 4046/4896/4034
f 4046/4896/4034 3959/4898/3947 4047/4897/4035
f 3959/4898/3947 3958/4899/3946 4047/4897/4035
f 4047/4897/4035 3958/4899/3946 3988/4864/3976
f 3958/4899/3946 3926/4806/3914 3988/4864/3976
f 3982/4871/3970 3987/4872/3975 3925/4803/3913
f 3983/4870/3971 4048/4900/4036 3982/4871/3970
f 3984/4788/3972 4049/4901/4037 3983/4870/3971
f 3982/4871/3970 4048/4900/4036 3987/4872/3975
f 4048/4900/4036 3986/4873/3974 3987/4872/3975
f 3983/4870/3971 4049/4901/4037 4048/4900/4036
f 4049/4901/4037 4050/4902/4038 4048/4900/4036
f 4048/4900/4036 4050/4902/4038 3986/4873/3974
f 4050/4902/4038 3985/4792/3973 3986/4873/3974
f 3984/4788/3972 3957/4787/3945 4049/4901/4037
f 3957/4787/3945 3956/4903/3944 4049/4901/4037
f 4049/4901/4037 3956/4903/3944 4050/4902/4038
f 3956/4903/3944 3955/4904/3943 4050/4902/4038
f 4050/4902/4038 3955/4904/3943 3985/4792/3973
f 3955/4904/3943 3920/4783/3908 3985/4792/3973
f 3976/4878/3964 3981/4879/3969 3924/4800/3912
f 3977/4877/3965 4051/4905/4039 3976/4878/3964
f 3978/4785/3966 4052/4906/4040 3977/4877/3965
f 3976/4878/3964 4051/4905/4039 3981/4879/3969
f 4051/4905/4039 3980/4880/3968 3981/4879/3969
f 3977/4877/3965 4052/4906/4040 4051/4905/4039
f 4052/4906/4040 4053/4907/4041 4051/4905/4039
f 4051/4905/4039 4053/4907/4041 3980/4880/3968
f 4053/4907/4041 3979/4791/3967 3980/4880/3968
f 3978/4785/3966 3954/4784/3942 4052/4906/4040
f 3954/4784/3942 3953/4908/3941 4052/4906/4040
f 4052/4906/4040 3953/4908/3941 4053/4907/4041
f 3953/4908/3941 3952/4909/3940 4053/4907/4041
f 4053/4907/4041 3952/4909/3940 3979/4791/3967
f 3952/4909/3940 3919/4780/3907 3979/4791/3967
f 3970/4885/3958 3975/4910/3963 3923/4842/3911
f 3971/4884/3959 4054/4911/4042 3970/4885/3958
f 3972/4782/3960 4055/4912/4043 3971/4884/3959
f 3970/4885/3958 4054/4911/4042 3975/4910/3963
f 4054/4911/4042 3974/4913/3962 3975/4910/3963
f 3971/4884/3959 4055/4912/4043 4054/4911/4042
f 4055/4912/4043 4056/4914/4044 4054/4911/4042
f 4054/4911/4042 4056/4914/4044 3974/4913/3962
f 4056/4914/4044 3973/4915/3961 3974/4913/3962
f 3972/4782/3960 3948/4781/3936 4055/4912/4043
f 3948/4781/3936 3947/4916/3935 4055/4912/4043
f 4055/4912/4043 3947/4916/3935 4056/4914/4044
f 3947/4916/3935 3946/4917/3934 4056/4914/4044
f 4056/4914/4044 3946/4917/3934 3973/4915/3961
f 3946/4917/3934 3918/4918/3906 3973/4915/3961
f 3964/4892/3952 3969/4893/3957 3922/4794/3910
f 3965/4891/3953 4057/4919/4045 3964/4892/3952
f 3966/4779/3954 4058/4920/4046 3965/4891/3953
f 3964/4892/3952 4057/4919/4045 3969/4893/3957
f 4057/4919/4045 3968/4894/3956 3969/4893/3957
f 3965/4891/3953 4058/4920/4046 4057/4919/4045
f 4058/4920/4046 4059/4921/4047 4057/4919/4045
f 4057/4919/4045 4059/4921/4047 3968/4894/3956
f 4059/4921/4047 3967/4789/3955 3968/4894/3956
f 3966/4779/3954 3936/4778/3924 4058/4920/4046
f 3936/4778/3924 3935/4922/3923 4058/4920/4046
f 4058/4920/4046 3935/4922/3923 4059/4921/4047
f 3935/4922/3923 3934/4923/3922 4059/4921/4047
f 4059/4921/4047 3934/4923/3922 3967/4789/3955
f 3934/4923/3922 3917/4764/3905 3967/4789/3955
f 3958/4899/3946 3963/4865/3951 3926/4806/3914
f 3959/4898/3947 4060/4924/4048 3958/4899/3946
f 3960/4776/3948 4061/4925/4049 3959/4898/3947
f 3958/4899/3946 4060/4924/4048 3963/4865/3951
f 4060/4924/4048 3962/4866/3950 3963/4865/3951
f 3959/4898/3947 4061/4925/4049 4060/4924/4048
f 4061/4925/4049 4062/4926/4050 4060/4924/4048
f 4060/4924/4048 4062/4926/4050 3962/4866/3950
f 4062/4926/4050 3961/4793/3949 3962/4866/3950
f 3960/4776/3948 3939/4766/3927 4061/4925/4049
f 3939/4766/3927 3938/4927/3926 4061/4925/4049
f 4061/4925/4049 3938/4927/3926 4062/4926/4050
f 3938/4927/3926 3937/4928/3925 4062/4926/4050
f 4062/4926/4050 3937/4928/3925 3961/4793/3949
f 3937/4928/3925 3921/4786/3909 3961/4793/3949
f 3942/4929/3930 3957/4787/3945 3921/4786/3909
f 3941/4930/3929 4063/4931/4051 3942/4929/3930
f 3940/4775/3928 4064/4932/4052 3941/4930/3929
f 3942/4929/3930 4063/4931/4051 3957/4787/3945
f 4063/4931/4051 3956/4903/3944 3957/4787/3945
f 3941/4930/3929 4064/4932/4052 4063/4931/4051
f 4064/4932/4052 4065/4933/4053 4063/4931/4051
f 4063/4931/4051 4065/4933/4053 3956/4903/3944
f 4065/4933/4053 3955/4904/3943 3956/4903/3944
f 3940/4775/3928 3951/4774/3939 4064/4932/4052
f 3951/4774/3939 3950/4934/3938 4064/4932/4052
f 4064/4932/4052 3950/4934/3938 4065/4933/4053
f 3950/4934/3938 3949/4935/3937 4065/4933/4053
f 4065/4933/4053 3949/4935/3937 3955/4904/3943
f 3949/4935/3937 3920/4783/3908 3955/4904/3943
f 3949/4936/3937 3954/4784/3942 3920/4783/3908
f 3950/4937/3938 4066/4938/4054 3949/4936/3937
f 3951/4772/3939 4067/4939/4055 3950/4937/3938
f 3949/4936/3937 4066/4938/4054 3954/4784/3942
f 4066/4938/4054 3953/4908/3941 3954/4784/3942
f 3950/4937/3938 4067/4939/4055 4066/4938/4054
f 4067/4939/4055 4068/4940/4056 4066/4938/4054
f 4066/4938/4054 4068/4940/4056 3953/4908/3941
f 4068/4940/4056 3952/4909/3940 3953/4908/3941
f 3951/4772/3939 3945/4771/3933 4067/4939/4055
f 3945/4771/3933 3944/4941/3932 4067/4939/4055
f 4067/4939/4055 3944/4941/3932 4068/4940/4056
f 3944/4941/3932 3943/4942/3931 4068/4940/4056
f 4068/4940/4056 3943/4942/3931 3952/4909/3940
f 3943/4942/3931 3919/4780/3907 3952/4909/3940
f 3943/4943/3931 3948/4781/3936 3919/4780/3907
f 3944/4944/3932 4069/4945/4057 3943/4943/3931
f 3945/4769/3933 4070/4946/4058 3944/4944/3932
f 3943/4943/3931 4069/4945/4057 3948/4781/3936
f 4069/4945/4057 3947/4916/3935 3948/4781/3936
f 3944/4944/3932 4070/4946/4058 4069/4945/4057
f 4070/4946/4058 4071/4947/4059 4069/4945/4057
f 4069/4945/4057 4071/4947/4059 3947/4916/3935
f 4071/4947/4059 3946/4917/3934 3947/4916/3935
f 3945/4769/3933 3930/4768/3918 4070/4946/4058
f 3930/4768/3918 3929/4948/3917 4070/4946/4058
f 4070/4946/4058 3929/4948/3917 4071/4947/4059
f 3929/4948/3917 3928/4949/3916 4071/4947/4059
f 4071/4947/4059 3928/4949/3916 3946/4917/3934
f 3928/4949/3916 3918/4918/3906 3946/4917/3934
f 3937/4928/3925 3942/4950/3930 3921/4786/3909
f 3938/4927/3926 4072/4951/4060 3937/4928/3925
f 3939/4766/3927 4073/4952/4061 3938/4927/3926
f 3937/4928/3925 4072/4951/4060 3942/4950/3930
f 4072/4951/4060 3941/4953/3929 3942/4950/3930
f 3938/4927/3926 4073/4952/4061 4072/4951/4060
f 4073/4952/4061 4074/4954/4062 4072/4951/4060
f 4072/4951/4060 4074/4954/4062 3941/4953/3929
f 4074/4954/4062 3940/4955/3928 3941/4953/3929
f 3939/4766/3927 3933/4765/3921 4073/4952/4061
f 3933/4765/3921 3932/4956/3920 4073/4952/4061
f 4073/4952/4061 3932/4956/3920 4074/4954/4062
f 3932/4956/3920 3931/4957/3919 4074/4954/4062
f 4074/4954/4062 3931/4957/3919 3940/4955/3928
f 3931/4957/3919 3916/4958/3904 3940/4955/3928
f 3928/4959/3916 3936/4778/3924 3918/4777/3906
f 3929/4960/3917 4075/4961/4063 3928/4959/3916
f 3930/4763/3918 4076/4962/4064 3929/4960/3917
f 3928/4959/3916 4075/4961/4063 3936/4778/3924
f 4075/4961/4063 3935/4922/3923 3936/4778/3924
f 3929/4960/3917 4076/4962/4064 4075/4961/4063
f 4076/4962/4064 4077/4963/4065 4075/4961/4063
f 4075/4961/4063 4077/4963/4065 3935/4922/3923
f 4077/4963/4065 3934/4923/3922 3935/4922/3923
f 3930/4763/3918 3931/4762/3919 4076/4962/4064
f 3931/4762/3919 3932/4964/3920 4076/4962/4064
f 4076/4962/4064 3932/4964/3920 4077/4963/4065
f 3932/4964/3920 3933/4965/3921 4077/4963/4065
f 4077/4963/4065 3933/4965/3921 3934/4923/3922
f 3933/4965/3921 3917/4764/3905 3934/4923/3922
o Sphere.003
v 0.518505 0.506145 3.275219
v 0.514385 0.476831 3.265315
v 0.512606 0.464169 3.256236
v 0.509946 0.445244 3.231555
v 0.508803 0.437114 3.201439
v 0.508865 0.437554 3.185763
v 0.510244 0.447363 3.156162
v 0.515532 0.506865 3.275198
v 0.510545 0.492417 3.271684
v 0.505917 0.478882 3.265255
v 0.501828 0.466778 3.256160
v 0.498434 0.456572 3.244747
v 0.495864 0.448654 3.231456
v 0.494219 0.443330 3.216796
v 0.493562 0.440805 3.201332
v 0.493916 0.441174 3.185658
v 0.495270 0.444425 3.170376
v 0.497571 0.450431 3.156072
v 0.500730 0.458963 3.143298
v 0.504626 0.469692 3.132544
v 0.509109 0.482206 3.124223
v 0.514008 0.496025 3.118655
v 0.512756 0.508150 3.275136
v 0.505099 0.494938 3.271562
v 0.498012 0.482541 3.265079
v 0.491766 0.471435 3.255935
v 0.486602 0.462047 3.244483
v 0.482718 0.454739 3.231162
v 0.480263 0.449790 3.216485
v 0.479332 0.447390 3.201015
v 0.479960 0.447633 3.185346
v 0.482124 0.450509 3.170082
v 0.485739 0.455907 3.155808
v 0.490668 0.463620 3.143074
v 0.496721 0.473351 3.132368
v 0.503664 0.484727 3.124102
v 0.511232 0.497310 3.118593
v 0.510284 0.509950 3.275036
v 0.500251 0.498469 3.271365
v 0.490973 0.487668 3.264792
v 0.482807 0.477960 3.255571
v 0.476068 0.469720 3.244054
v 0.471013 0.463264 3.230686
v 0.467837 0.458840 3.215979
v 0.466662 0.456618 3.200499
v 0.467534 0.456684 3.184841
v 0.470418 0.459035 3.169606
v 0.475205 0.463580 3.155380
v 0.481709 0.470145 3.142709
v 0.489681 0.478478 3.132081
v 0.498816 0.488258 3.123904
v 0.508760 0.499110 3.118493
v 0.508211 0.512196 3.274900
v 0.496185 0.502876 3.271099
v 0.485071 0.494065 3.264407
v 0.475295 0.486103 3.255080
v 0.467234 0.479295 3.243477
v 0.461198 0.473903 3.230045
v 0.457417 0.470134 3.215298
v 0.456039 0.468134 3.199805
v 0.457114 0.467978 3.184160
v 0.460603 0.469673 3.168964
v 0.466371 0.473154 3.154803
v 0.474197 0.478288 3.142218
v 0.483779 0.484875 3.131696
v 0.494750 0.492665 3.123639
v 0.506688 0.501356 3.118357
v 0.506617 0.514803 3.274735
v 0.493059 0.507989 3.270776
v 0.480532 0.501488 3.263937
v 0.469519 0.495550 3.254482
v 0.460442 0.490404 3.242774
v 0.453650 0.486246 3.229263
v 0.449405 0.483238 3.214469
v 0.447869 0.481494 3.198959
v 0.449102 0.481082 3.183331
v 0.453056 0.482017 3.168183
v 0.459579 0.484263 3.154099
v 0.468421 0.487735 3.141620
v 0.479241 0.492298 3.131226
v 0.491624 0.497778 3.123315
v 0.505094 0.503963 3.118192
v 0.520687 0.521669 3.275664
v 0.505564 0.517669 3.274547
v 0.490992 0.513611 3.270406
v 0.477532 0.509650 3.263401
v 0.465700 0.505939 3.253800
v 0.455952 0.502619 3.241972
v 0.448661 0.499820 3.228372
v 0.444108 0.497648 3.213523
v 0.442469 0.496186 3.197994
v 0.443805 0.495491 3.182384
v 0.448066 0.495590 3.167292
v 0.455089 0.496479 3.153297
v 0.464602 0.498123 3.140938
v 0.476240 0.500460 3.130690
v 0.489557 0.503400 3.122946
v 0.504040 0.506829 3.118004
v 0.505091 0.520685 3.274343
v 0.490064 0.519527 3.270006
v 0.476185 0.518239 3.262819
v 0.463986 0.516870 3.253060
v 0.453936 0.515473 3.241102
v 0.446421 0.514102 3.227405
v 0.441730 0.512809 3.212496
v 0.440044 0.511645 3.196948
v 0.441427 0.510653 3.181358
v 0.445826 0.509872 3.166325
v 0.453073 0.509333 3.152427
v 0.462887 0.509054 3.140198
v 0.474893 0.509049 3.130108
v 0.488629 0.509316 3.122545
v 0.503567 0.509845 3.117800
v 0.519134 0.510616 3.116054
v 0.505217 0.523735 3.274131
v 0.490311 0.525509 3.269589
v 0.476543 0.526923 3.262214
v 0.464441 0.527923 3.252290
v 0.454471 0.528470 3.240196
v 0.447016 0.528544 3.226399
v 0.442363 0.528140 3.211428
v 0.440689 0.527276 3.195859
v 0.442059 0.525984 3.180290
v 0.446422 0.524314 3.165319
v 0.453609 0.522330 3.151522
v 0.463343 0.520108 3.139428
v 0.475251 0.517733 3.129503
v 0.488876 0.515298 3.122129
v 0.503693 0.512895 3.117587
v 0.505936 0.526701 3.273918
v 0.491723 0.531327 3.269173
v 0.478592 0.535370 3.261610
v 0.467050 0.538674 3.251520
v 0.457539 0.541112 3.239291
v 0.450425 0.542590 3.225393
v 0.445981 0.543052 3.210360
v 0.444378 0.542480 3.194770
v 0.445678 0.540896 3.179222
v 0.449830 0.538360 3.164313
v 0.456676 0.534971 3.150616
v 0.465952 0.530858 3.138658
v 0.477301 0.526180 3.128899
v 0.490288 0.521116 3.121712
v 0.504413 0.515861 3.117375
v 0.507222 0.529469 3.273714
v 0.494245 0.536758 3.268772
v 0.482255 0.543254 3.261028
v 0.471711 0.548709 3.250780
v 0.463020 0.552912 3.238421
v 0.456515 0.555701 3.224426
v 0.452446 0.556971 3.209334
v 0.450970 0.556672 3.193723
v 0.452143 0.554815 3.178195
v 0.455920 0.551472 3.163346
v 0.462157 0.546771 3.149746
v 0.470613 0.540893 3.137918
v 0.480963 0.534064 3.128317
v 0.492810 0.526547 3.121311
v 0.505699 0.518629 3.117171
v 0.509025 0.531934 3.273526
v 0.497782 0.541593 3.268403
v 0.487389 0.550273 3.260492
v 0.478245 0.557642 3.250098
v 0.470703 0.563416 3.237618
v 0.465052 0.567374 3.223535
v 0.461509 0.569362 3.208387
v 0.460211 0.569306 3.192759
v 0.461206 0.567206 3.177249
v 0.464458 0.563144 3.162455
v 0.469840 0.557276 3.148944
v 0.477147 0.549827 3.137236
v 0.486097 0.541084 3.127781
v 0.496347 0.531382 3.120942
v 0.507502 0.521094 3.116982
v 0.511276 0.534000 3.273361
v 0.502196 0.545646 3.268079
v 0.493797 0.556157 3.260022
v 0.486402 0.565131 3.249500
v 0.480295 0.572222 3.236915
v 0.475709 0.577159 3.222754
v 0.472823 0.579750 3.207558
v 0.471746 0.579897 3.191913
v 0.472520 0.577594 3.176419
v 0.475115 0.572929 3.161673
v 0.479432 0.566082 3.148241
v 0.485304 0.557316 3.136638
v 0.492506 0.546968 3.127311
v 0.500761 0.535435 3.120619
v 0.509752 0.523160 3.116817
v 0.513887 0.535589 3.273225
v 0.507319 0.548761 3.267814
v 0.501234 0.560680 3.259637
v 0.495868 0.570888 3.249009
v 0.491425 0.578992 3.236338
v 0.488077 0.584680 3.222112
v 0.485952 0.587735 3.206877
v 0.485132 0.588038 3.191219
v 0.485649 0.585578 3.175739
v 0.487482 0.580450 3.161032
v 0.490562 0.572851 3.147664
v 0.494769 0.563073 3.136147
v 0.499943 0.551491 3.126925
v 0.505884 0.538550 3.120353
v 0.512364 0.524749 3.116682
v 0.516759 0.536638 3.273125
v 0.512953 0.550819 3.267616
v 0.509414 0.563668 3.259350
v 0.506278 0.574691 3.248644
v 0.503666 0.583463 3.235909
v 0.501679 0.589649 3.221636
v 0.500392 0.593009 3.206372
v 0.499855 0.593416 3.190703
v 0.500089 0.590853 3.175233
v 0.501084 0.585419 3.160556
v 0.502803 0.577323 3.147235
v 0.505180 0.566875 3.135782
v 0.508122 0.554478 3.126639
v 0.511518 0.540608 3.120156
v 0.515236 0.525798 3.116581
v 0.519782 0.537108 3.273063
v 0.518882 0.551741 3.267495
v 0.518021 0.565006 3.259174
v 0.517234 0.576394 3.248420
v 0.516549 0.585466 3.235646
v 0.515993 0.591874 3.221342
v 0.515587 0.595372 3.206060
v 0.515348 0.595825 3.190386
v 0.515284 0.593215 3.174922
v 0.515398 0.587644 3.160262
v 0.515686 0.579325 3.146971
v 0.516135 0.568579 3.135558
v 0.516730 0.555817 3.126463
v 0.517447 0.541530 3.120034
v 0.518258 0.526268 3.116519
v 0.522839 0.536980 3.273042
v 0.524878 0.551491 3.267454
v 0.526727 0.564643 3.259114
v 0.528313 0.575932 3.248344
v 0.529577 0.584922 3.235556
v 0.530469 0.591270 3.221243
v 0.530955 0.594731 3.205955
v 0.531017 0.595171 3.190279
v 0.530652 0.592574 3.174816
v 0.529874 0.587040 3.160163
v 0.528714 0.578782 3.146882
v 0.527215 0.568116 3.135482
v 0.525435 0.555453 3.126403
v 0.523443 0.541280 3.119993
v 0.521315 0.526140 3.116498
v 0.525812 0.536260 3.273063
v 0.530711 0.550079 3.267495
v 0.535195 0.562593 3.259174
v 0.539091 0.573322 3.248420
v 0.542250 0.581854 3.235646
v 0.544550 0.587860 3.221342
v 0.545904 0.591111 3.206060
v 0.546259 0.591480 3.190386
v 0.545601 0.588955 3.174922
v 0.543956 0.583631 3.160262
v 0.541387 0.575713 3.146971
v 0.537992 0.565507 3.135558
v 0.533903 0.553403 3.126463
v 0.529276 0.539867 3.120034
v 0.524289 0.525420 3.116519
v 0.528588 0.534975 3.273125
v 0.536156 0.547558 3.267616
v 0.543100 0.558934 3.259350
v 0.549152 0.568665 3.248644
v 0.554081 0.576378 3.235909
v 0.557697 0.581776 3.221636
v 0.559860 0.584652 3.206372
v 0.560488 0.584894 3.190703
v 0.559557 0.582495 3.175233
v 0.557102 0.577546 3.160556
v 0.553218 0.570237 3.147235
v 0.548054 0.560850 3.135782
v 0.541808 0.549744 3.126639
v 0.534721 0.537347 3.120156
v 0.527065 0.524135 3.116581
v 0.531060 0.533175 3.273225
v 0.541005 0.544027 3.267814
v 0.550139 0.553807 3.259637
v 0.558111 0.562140 3.249009
v 0.564616 0.568705 3.236338
v 0.569402 0.573250 3.222112
v 0.572287 0.575601 3.206877
v 0.573158 0.575667 3.191219
v 0.571984 0.573445 3.175739
v 0.568808 0.569021 3.161032
v 0.563753 0.562565 3.147664
v 0.557013 0.554325 3.136147
v 0.548847 0.544617 3.126925
v 0.539570 0.533816 3.120353
v 0.529537 0.522335 3.116682
v 0.533133 0.530929 3.273361
v 0.545070 0.539620 3.268079
v 0.556041 0.547410 3.260022
v 0.565623 0.553997 3.249500
v 0.573449 0.559130 3.236915
v 0.579217 0.562612 3.222754
v 0.582706 0.564307 3.207558
v 0.583782 0.564151 3.191913
v 0.582403 0.562151 3.176419
v 0.578623 0.558382 3.161673
v 0.572586 0.552990 3.148241
v 0.564525 0.546182 3.136638
v 0.554750 0.538220 3.127311
v 0.543635 0.529409 3.120619
v 0.531609 0.520088 3.116817
v 0.534726 0.528322 3.273526
v 0.548197 0.534507 3.268403
v 0.560580 0.539987 3.260492
v 0.571400 0.544550 3.250098
v 0.580241 0.548022 3.237618
v 0.586764 0.550268 3.223535
v 0.590718 0.551203 3.208387
v 0.591951 0.550791 3.192759
v 0.590415 0.549047 3.177249
v 0.586170 0.546039 3.162455
v 0.579378 0.541881 3.148944
v 0.570302 0.536735 3.137236
v 0.559288 0.530797 3.127781
v 0.546761 0.524296 3.120942
v 0.533203 0.517482 3.116982
v 0.535780 0.525456 3.273714
v 0.550263 0.528885 3.268772
v 0.563580 0.531825 3.261028
v 0.575219 0.534162 3.250780
v 0.584732 0.535806 3.238421
v 0.591754 0.536695 3.224426
v 0.596015 0.536794 3.209334
v 0.597352 0.536099 3.193723
v 0.595712 0.534637 3.178195
v 0.591160 0.532465 3.163346
v 0.583869 0.529666 3.149746
v 0.574120 0.526346 3.137918
v 0.562289 0.522635 3.128317
v 0.548828 0.518674 3.121311
v 0.534257 0.514616 3.117171
v 0.536253 0.522440 3.273918
v 0.551191 0.522969 3.269173
v 0.564927 0.523236 3.261610
v 0.576933 0.523230 3.251520
v 0.586748 0.522952 3.239291
v 0.593994 0.522413 3.225393
v 0.598393 0.521632 3.210360
v 0.599776 0.520640 3.194770
v 0.598090 0.519476 3.179222
v 0.593400 0.518183 3.164313
v 0.585885 0.516812 3.150616
v 0.575835 0.515415 3.138658
v 0.563636 0.514046 3.128899
v 0.549756 0.512758 3.121712
v 0.534730 0.511600 3.117375
v 0.536127 0.519390 3.274131
v 0.550944 0.516987 3.269589
v 0.564569 0.514552 3.262214
v 0.576477 0.512177 3.252290
v 0.586212 0.509955 3.240196
v 0.593398 0.507971 3.226399
v 0.597761 0.506301 3.211428
v 0.599132 0.505009 3.195859
v 0.597458 0.504144 3.180290
v 0.592804 0.503741 3.165319
v 0.585349 0.503815 3.151522
v 0.575379 0.504362 3.139428
v 0.563277 0.505362 3.129503
v 0.549509 0.506776 3.122129
v 0.534604 0.508550 3.117587
v 0.535408 0.516424 3.274343
v 0.549533 0.511169 3.270006
v 0.562519 0.506105 3.262819
v 0.573869 0.501427 3.253060
v 0.583145 0.497314 3.241102
v 0.589990 0.493924 3.227405
v 0.594143 0.491389 3.212496
v 0.595443 0.489805 3.196948
v 0.593840 0.489233 3.181358
v 0.589396 0.489695 3.166325
v 0.582282 0.491173 3.152427
v 0.572770 0.493611 3.140198
v 0.561228 0.496915 3.130108
v 0.548098 0.500958 3.122545
v 0.533884 0.505584 3.117800
v 0.534122 0.513656 3.274547
v 0.547010 0.505738 3.270406
v 0.558857 0.498221 3.263401
v 0.569208 0.491392 3.253800
v 0.577664 0.485514 3.241972
v 0.583900 0.480813 3.228372
v 0.587678 0.477470 3.213523
v 0.588851 0.475613 3.197994
v 0.587375 0.475314 3.182384
v 0.583306 0.476584 3.167292
v 0.576801 0.479373 3.153297
v 0.568109 0.483576 3.140938
v 0.557566 0.489031 3.130690
v 0.545575 0.495527 3.122946
v 0.532598 0.502816 3.118004
v 0.532319 0.511191 3.274735
v 0.543474 0.500903 3.270776
v 0.553723 0.491201 3.263937
v 0.562673 0.482458 3.254482
v 0.569980 0.475009 3.242774
v 0.575363 0.469141 3.229263
v 0.578614 0.465079 3.214469
v 0.579610 0.462979 3.198959
v 0.578311 0.462923 3.183331
v 0.574768 0.464911 3.168183
v 0.569117 0.468869 3.154099
v 0.561575 0.474643 3.141620
v 0.552432 0.482012 3.131226
v 0.542039 0.490692 3.123315
v 0.530795 0.500351 3.118192
v 0.530068 0.509125 3.274900
v 0.539059 0.496850 3.271099
v 0.547315 0.485317 3.264407
v 0.554517 0.474969 3.255080
v 0.560389 0.466203 3.243477
v 0.564705 0.459356 3.230045
v 0.567301 0.454691 3.215298
v 0.568075 0.452388 3.199805
v 0.566998 0.452535 3.184160
v 0.564111 0.455126 3.168964
v 0.559526 0.460063 3.154803
v 0.553418 0.467154 3.142218
v 0.546023 0.476128 3.131696
v 0.537624 0.486639 3.123639
v 0.528545 0.498285 3.118357
v 0.527457 0.507536 3.275036
v 0.533937 0.493735 3.271365
v 0.539878 0.480794 3.264792
v 0.545051 0.469212 3.255571
v 0.549259 0.459434 3.244054
v 0.552338 0.451835 3.230686
v 0.554172 0.446707 3.215979
v 0.554688 0.444247 3.200499
v 0.553869 0.444550 3.184841
v 0.551744 0.447605 3.169606
v 0.548396 0.453294 3.155380
v 0.543953 0.461397 3.142709
v 0.538586 0.471605 3.132081
v 0.532502 0.483524 3.123904
v 0.525933 0.496696 3.118493
v 0.524585 0.506487 3.275136
v 0.528303 0.491677 3.271562
v 0.531698 0.477807 3.265079
v 0.534641 0.465410 3.255935
v 0.537017 0.454962 3.244483
v 0.538736 0.446866 3.231162
v 0.539732 0.441432 3.216485
v 0.539966 0.438869 3.201015
v 0.539429 0.439276 3.185346
v 0.538142 0.442636 3.170082
v 0.536154 0.448822 3.155808
v 0.533542 0.457594 3.143074
v 0.530407 0.468617 3.132368
v 0.526868 0.481466 3.124102
v 0.523061 0.495647 3.118593
v 0.521562 0.506017 3.275198
v 0.522374 0.490755 3.271684
v 0.523090 0.476468 3.265255
v 0.523685 0.463706 3.256160
v 0.524135 0.452960 3.244747
v 0.524422 0.444641 3.231456
v 0.524536 0.439070 3.216796
v 0.524472 0.436460 3.201332
v 0.524233 0.436913 3.185658
v 0.523828 0.440411 3.170376
v 0.523272 0.446819 3.156072
v 0.522587 0.455891 3.143298
v 0.521799 0.467279 3.132544
v 0.520938 0.480544 3.124223
v 0.520038 0.495177 3.118655
v 0.516377 0.491005 3.271725
v 0.511107 0.453503 3.244836
v 0.509168 0.439711 3.216902
v 0.509352 0.441015 3.170475
v 0.511507 0.456353 3.143374
v 0.513094 0.467642 3.132604
v 0.514942 0.480794 3.124264
v 0.516982 0.495305 3.118676
vn -0.0184 -0.1309 0.9912
vn -0.0697 -0.4957 0.8657
vn -0.0918 -0.6529 0.7519
vn -0.1247 -0.8872 0.4441
vn -0.1388 -0.9879 0.0698
vn -0.1381 -0.9825 -0.1250
vn -0.1211 -0.8614 -0.4933
vn -0.0567 -0.1216 0.9910
vn -0.1188 -0.3016 0.9460
vn -0.1763 -0.4699 0.8649
vn -0.2271 -0.6201 0.7509
vn -0.2691 -0.7466 0.6084
vn -0.3009 -0.8446 0.4429
vn -0.3212 -0.9104 0.2606
vn -0.3294 -0.9417 0.0684
vn -0.3250 -0.9372 -0.1263
vn -0.3083 -0.8972 -0.3163
vn -0.2798 -0.8230 -0.4944
vn -0.2407 -0.7174 -0.6538
vn -0.1924 -0.5844 -0.7883
vn -0.1367 -0.4290 -0.8929
vn -0.0757 -0.2569 -0.9635
vn -0.0924 -0.1050 0.9902
vn -0.1878 -0.2697 0.9445
vn -0.2759 -0.4238 0.8627
vn -0.3534 -0.5617 0.7481
vn -0.4173 -0.6780 0.6051
vn -0.4654 -0.7685 0.4392
vn -0.4957 -0.8297 0.2567
vn -0.5072 -0.8594 0.0644
vn -0.4995 -0.8565 -0.1302
vn -0.4728 -0.8210 -0.3200
vn -0.4281 -0.7544 -0.4977
vn -0.3670 -0.6589 -0.6566
vn -0.2920 -0.5383 -0.7905
vn -0.2057 -0.3970 -0.8945
vn -0.1114 -0.2404 -0.9643
vn -0.1243 -0.0819 0.9889
vn -0.2492 -0.2249 0.9420
vn -0.3645 -0.3593 0.8591
vn -0.4658 -0.4797 0.7435
vn -0.5493 -0.5819 0.5997
vn -0.6118 -0.6618 0.4332
vn -0.6511 -0.7165 0.2504
vn -0.6656 -0.7441 0.0580
vn -0.6548 -0.7433 -0.1366
vn -0.6192 -0.7144 -0.3260
vn -0.5600 -0.6582 -0.5031
vn -0.4795 -0.5770 -0.6612
vn -0.3806 -0.4737 -0.7942
vn -0.2671 -0.3523 -0.8970
vn -0.1433 -0.2172 -0.9656
vn -0.1509 -0.0529 0.9871
vn -0.3007 -0.1691 0.9386
vn -0.4389 -0.2787 0.8542
vn -0.5601 -0.3775 0.7374
vn -0.6600 -0.4619 0.5925
vn -0.7346 -0.5287 0.4252
vn -0.7814 -0.5753 0.2418
vn -0.7984 -0.6001 0.0493
vn -0.7851 -0.6021 -0.1451
vn -0.7420 -0.5812 -0.3340
vn -0.6707 -0.5383 -0.5103
vn -0.5738 -0.4748 -0.6673
vn -0.4550 -0.3932 -0.7990
vn -0.3186 -0.2964 -0.9003
vn -0.1700 -0.1883 -0.9673
vn -0.1715 -0.0194 0.9850
vn -0.3403 -0.1043 0.9345
vn -0.4960 -0.1852 0.8483
vn -0.6327 -0.2589 0.7299
vn -0.7451 -0.3227 0.5837
vn -0.8291 -0.3742 0.4155
vn -0.8815 -0.4115 0.2315
vn -0.9005 -0.4331 0.0388
vn -0.8853 -0.4383 -0.1554
vn -0.8365 -0.4268 -0.3438
vn -0.7558 -0.3991 -0.5191
vn -0.6463 -0.3562 -0.6748
vn -0.5121 -0.2997 -0.8049
vn -0.3582 -0.2317 -0.9044
vn -0.1905 -0.1547 -0.9694
vn 0.0097 0.0691 0.9976
vn -0.1850 0.0175 0.9826
vn -0.3665 -0.0331 0.9298
vn -0.5338 -0.0824 0.8416
vn -0.6806 -0.1285 0.7213
vn -0.8013 -0.1697 0.5737
vn -0.8915 -0.2044 0.4043
vn -0.9478 -0.2313 0.2196
vn -0.9680 -0.2495 0.0267
vn -0.9515 -0.2581 -0.1673
vn -0.8989 -0.2570 -0.3549
vn -0.8121 -0.2461 -0.5292
vn -0.6943 -0.2258 -0.6834
vn -0.5499 -0.1969 -0.8117
vn -0.3844 -0.1604 -0.9091
vn -0.2040 -0.1178 -0.9718
vn -0.1911 0.0564 0.9799
vn -0.3783 0.0419 0.9247
vn -0.5508 0.0258 0.8342
vn -0.7021 0.0087 0.7120
vn -0.8266 -0.0087 0.5628
vn -0.9195 -0.0257 0.3922
vn -0.9775 -0.0418 0.2068
vn -0.9983 -0.0562 0.0136
vn -0.9813 -0.0686 -0.1801
vn -0.9269 -0.0783 -0.3670
vn -0.8373 -0.0850 -0.5401
vn -0.7158 -0.0886 -0.6927
vn -0.5669 -0.0887 -0.8190
vn -0.3962 -0.0855 -0.9142
vn -0.2101 -0.0790 -0.9745
vn -0.0097 -0.0691 -0.9976
vn -0.1895 0.0956 0.9772
vn -0.3752 0.1177 0.9195
vn -0.5463 0.1351 0.8266
vn -0.6964 0.1475 0.7023
vn -0.8199 0.1542 0.5514
vn -0.9121 0.1550 0.3796
vn -0.9696 0.1499 0.1935
vn -0.9903 0.1392 -0.0000
vn -0.9734 0.1231 -0.1935
vn -0.9195 0.1024 -0.3796
vn -0.8306 0.0778 -0.5514
vn -0.7101 0.0502 -0.7023
vn -0.5624 0.0207 -0.8266
vn -0.3931 -0.0097 -0.9195
vn -0.2085 -0.0397 -0.9772
vn -0.1802 0.1338 0.9745
vn -0.3573 0.1914 0.9142
vn -0.5205 0.2415 0.8190
vn -0.6636 0.2824 0.6927
vn -0.7814 0.3125 0.5401
vn -0.8694 0.3307 0.3670
vn -0.9243 0.3364 0.1801
vn -0.9442 0.3292 -0.0136
vn -0.9281 0.3096 -0.2068
vn -0.8768 0.2782 -0.3922
vn -0.7922 0.2362 -0.5628
vn -0.6773 0.1852 -0.7120
vn -0.5366 0.1270 -0.8342
vn -0.3752 0.0640 -0.9247
vn -0.1993 -0.0015 -0.9799
vn -0.1637 0.1695 0.9718
vn -0.3253 0.2602 0.9091
vn -0.4743 0.3408 0.8117
vn -0.6051 0.4084 0.6834
vn -0.7128 0.4604 0.5292
vn -0.7932 0.4948 0.3549
vn -0.8435 0.5104 0.1673
vn -0.8618 0.5066 -0.0267
vn -0.8473 0.4836 -0.2196
vn -0.8006 0.4422 -0.4043
vn -0.7235 0.3840 -0.5737
vn -0.6188 0.3111 -0.7213
vn -0.4904 0.2264 -0.8416
vn -0.3432 0.1328 -0.9298
vn -0.1827 0.0341 -0.9826
vn -0.1405 0.2012 0.9694
vn -0.2805 0.3214 0.9044
vn -0.4097 0.4292 0.8049
vn -0.5231 0.5206 0.6748
vn -0.6165 0.5920 0.5191
vn -0.6864 0.6408 0.3438
vn -0.7302 0.6653 0.1554
vn -0.7462 0.6645 -0.0388
vn -0.7340 0.6385 -0.2315
vn -0.6938 0.5883 -0.4155
vn -0.6272 0.5156 -0.5837
vn -0.5368 0.4233 -0.7299
vn -0.4258 0.3148 -0.8483
vn -0.2984 0.1941 -0.9345
vn -0.1595 0.0659 -0.9850
vn -0.1115 0.2278 0.9673
vn -0.2246 0.3728 0.9003
vn -0.3290 0.5033 0.7990
vn -0.4207 0.6146 0.6673
vn -0.4963 0.7023 0.5103
vn -0.5531 0.7633 0.3340
vn -0.5887 0.7952 0.1451
vn -0.6021 0.7969 -0.0493
vn -0.5925 0.7684 -0.2418
vn -0.5605 0.7107 -0.4252
vn -0.5071 0.6259 -0.5925
vn -0.4344 0.5173 -0.7374
vn -0.3451 0.3889 -0.8542
vn -0.2425 0.2454 -0.9386
vn -0.1305 0.0925 -0.9871
vn -0.0779 0.2483 0.9656
vn -0.1597 0.4123 0.8970
vn -0.2353 0.5603 0.7942
vn -0.3019 0.6868 0.6612
vn -0.3569 0.7871 0.5031
vn -0.3983 0.8574 0.3260
vn -0.4246 0.8950 0.1366
vn -0.4347 0.8987 -0.0580
vn -0.4284 0.8682 -0.2504
vn -0.4057 0.8048 -0.4332
vn -0.3676 0.7107 -0.5997
vn -0.3156 0.5896 -0.7435
vn -0.2514 0.4458 -0.8591
vn -0.1776 0.2849 -0.9420
vn -0.0969 0.1129 -0.9889
vn -0.0409 0.2618 0.9643
vn -0.0883 0.4383 0.8945
vn -0.1323 0.5979 0.7905
vn -0.1712 0.7346 0.6566
vn -0.2035 0.8431 0.4977
vn -0.2281 0.9195 0.3200
vn -0.2441 0.9610 0.1302
vn -0.2507 0.9659 -0.0644
vn -0.2478 0.9342 -0.2567
vn -0.2355 0.8670 -0.4392
vn -0.2143 0.7668 -0.6051
vn -0.1849 0.6373 -0.7481
vn -0.1484 0.4835 -0.8627
vn -0.1062 0.3110 -0.9445
vn -0.0599 0.1264 -0.9902
vn -0.0020 0.2678 0.9635
vn -0.0132 0.4500 0.8929
vn -0.0239 0.6148 0.7883
vn -0.0337 0.7560 0.6538
vn -0.0422 0.8682 0.4944
vn -0.0490 0.9474 0.3163
vn -0.0541 0.9905 0.1263
vn -0.0570 0.9960 -0.0684
vn -0.0578 0.9637 -0.2606
vn -0.0564 0.8948 -0.4429
vn -0.0529 0.7918 -0.6084
vn -0.0473 0.6587 -0.7509
vn -0.0400 0.5003 -0.8649
vn -0.0311 0.3227 -0.9460
vn -0.0210 0.1325 -0.9910
vn 0.0374 0.2662 0.9632
vn 0.0628 0.4468 0.8924
vn 0.0858 0.6102 0.7876
vn 0.1054 0.7502 0.6528
vn 0.1211 0.8614 0.4933
vn 0.1321 0.9398 0.3151
vn 0.1381 0.9825 0.1250
vn 0.1388 0.9879 -0.0698
vn 0.1343 0.9557 -0.2619
vn 0.1247 0.8872 -0.4441
vn 0.1103 0.7850 -0.6095
vn 0.0918 0.6529 -0.7519
vn 0.0697 0.4957 -0.8657
vn 0.0449 0.3195 -0.9465
vn 0.0184 0.1309 -0.9912
vn 0.0757 0.2569 0.9635
vn 0.1367 0.4290 0.8929
vn 0.1924 0.5844 0.7883
vn 0.2407 0.7174 0.6538
vn 0.2798 0.8230 0.4944
vn 0.3083 0.8972 0.3163
vn 0.3250 0.9372 0.1263
vn 0.3294 0.9417 -0.0684
vn 0.3212 0.9104 -0.2606
vn 0.3009 0.8446 -0.4429
vn 0.2691 0.7466 -0.6084
vn 0.2271 0.6201 -0.7509
vn 0.1763 0.4699 -0.8649
vn 0.1188 0.3016 -0.9460
vn 0.0567 0.1216 -0.9910
vn 0.1114 0.2404 0.9643
vn 0.2057 0.3970 0.8945
vn 0.2920 0.5383 0.7905
vn 0.3670 0.6589 0.6566
vn 0.4281 0.7544 0.4977
vn 0.4728 0.8210 0.3200
vn 0.4995 0.8565 0.1302
vn 0.5072 0.8594 -0.0644
vn 0.4957 0.8297 -0.2567
vn 0.4654 0.7685 -0.4392
vn 0.4173 0.6780 -0.6051
vn 0.3534 0.5617 -0.7481
vn 0.2759 0.4238 -0.8627
vn 0.1878 0.2697 -0.9445
vn 0.0924 0.1050 -0.9902
vn 0.1433 0.2172 0.9656
vn 0.2671 0.3523 0.8970
vn 0.3806 0.4737 0.7942
vn 0.4795 0.5770 0.6612
vn 0.5600 0.6582 0.5031
vn 0.6192 0.7144 0.3260
vn 0.6548 0.7433 0.1366
vn 0.6656 0.7440 -0.0580
vn 0.6511 0.7165 -0.2504
vn 0.6118 0.6618 -0.4332
vn 0.5493 0.5819 -0.5997
vn 0.4658 0.4797 -0.7435
vn 0.3645 0.3593 -0.8591
vn 0.2492 0.2249 -0.9420
vn 0.1243 0.0819 -0.9889
vn 0.1700 0.1883 0.9673
vn 0.3186 0.2964 0.9003
vn 0.4550 0.3932 0.7990
vn 0.5738 0.4748 0.6673
vn 0.6707 0.5383 0.5103
vn 0.7420 0.5812 0.3340
vn 0.7851 0.6021 0.1451
vn 0.7984 0.6001 -0.0493
vn 0.7814 0.5753 -0.2418
vn 0.7346 0.5287 -0.4252
vn 0.6600 0.4619 -0.5925
vn 0.5601 0.3775 -0.7374
vn 0.4389 0.2787 -0.8542
vn 0.3007 0.1691 -0.9386
vn 0.1509 0.0529 -0.9871
vn 0.1905 0.1547 0.9694
vn 0.3582 0.2317 0.9044
vn 0.5121 0.2997 0.8049
vn 0.6463 0.3562 0.6748
vn 0.7558 0.3991 0.5191
vn 0.8365 0.4268 0.3438
vn 0.8853 0.4383 0.1554
vn 0.9005 0.4331 -0.0388
vn 0.8815 0.4115 -0.2315
vn 0.8291 0.3742 -0.4155
vn 0.7451 0.3227 -0.5837
vn 0.6327 0.2589 -0.7299
vn 0.4960 0.1852 -0.8483
vn 0.3403 0.1043 -0.9345
vn 0.1715 0.0194 -0.9850
vn 0.2040 0.1178 0.9718
vn 0.3844 0.1604 0.9091
vn 0.5499 0.1969 0.8117
vn 0.6943 0.2258 0.6834
vn 0.8121 0.2461 0.5292
vn 0.8989 0.2570 0.3549
vn 0.9515 0.2581 0.1673
vn 0.9680 0.2495 -0.0267
vn 0.9478 0.2313 -0.2196
vn 0.8915 0.2044 -0.4043
vn 0.8013 0.1697 -0.5737
vn 0.6806 0.1285 -0.7213
vn 0.5338 0.0824 -0.8416
vn 0.3665 0.0331 -0.9298
vn 0.1850 -0.0175 -0.9826
vn 0.2101 0.0790 0.9745
vn 0.3962 0.0855 0.9142
vn 0.5669 0.0887 0.8190
vn 0.7158 0.0886 0.6927
vn 0.8373 0.0850 0.5401
vn 0.9269 0.0783 0.3670
vn 0.9813 0.0686 0.1801
vn 0.9983 0.0562 -0.0136
vn 0.9775 0.0418 -0.2068
vn 0.9195 0.0257 -0.3922
vn 0.8266 0.0087 -0.5628
vn 0.7021 -0.0087 -0.7120
vn 0.5508 -0.0258 -0.8342
vn 0.3783 -0.0419 -0.9247
vn 0.1911 -0.0564 -0.9799
vn 0.2085 0.0397 0.9772
vn 0.3931 0.0097 0.9195
vn 0.5624 -0.0207 0.8266
vn 0.7101 -0.0502 0.7023
vn 0.8306 -0.0778 0.5514
vn 0.9195 -0.1024 0.3796
vn 0.9734 -0.1231 0.1935
vn 0.9903 -0.1392 -0.0000
vn 0.9696 -0.1499 -0.1935
vn 0.9121 -0.1550 -0.3796
vn 0.8199 -0.1542 -0.5514
vn 0.6964 -0.1475 -0.7023
vn 0.5463 -0.1351 -0.8266
vn 0.3752 -0.1177 -0.9195
vn 0.1895 -0.0956 -0.9772
vn 0.1993 0.0015 0.9799
vn 0.3752 -0.0640 0.9247
vn 0.5366 -0.1270 0.8342
vn 0.6773 -0.1852 0.7120
vn 0.7922 -0.2362 0.5628
vn 0.8768 -0.2782 0.3922
vn 0.9281 -0.3096 0.2068
vn 0.9442 -0.3292 0.0136
vn 0.9243 -0.3364 -0.1801
vn 0.8694 -0.3307 -0.3670
vn 0.7814 -0.3125 -0.5401
vn 0.6636 -0.2824 -0.6927
vn 0.5205 -0.2415 -0.8190
vn 0.3573 -0.1914 -0.9142
vn 0.1802 -0.1338 -0.9745
vn 0.1827 -0.0341 0.9826
vn 0.3432 -0.1328 0.9298
vn 0.4904 -0.2264 0.8416
vn 0.6188 -0.3111 0.7213
vn 0.7235 -0.3840 0.5737
vn 0.8006 -0.4422 0.4043
vn 0.8473 -0.4836 0.2196
vn 0.8618 -0.5066 0.0267
vn 0.8435 -0.5104 -0.1673
vn 0.7932 -0.4948 -0.3549
vn 0.7128 -0.4604 -0.5292
vn 0.6051 -0.4084 -0.6834
vn 0.4743 -0.3408 -0.8117
vn 0.3253 -0.2602 -0.9091
vn 0.1637 -0.1695 -0.9718
vn 0.1595 -0.0659 0.9850
vn 0.2984 -0.1941 0.9345
vn 0.4258 -0.3148 0.8483
vn 0.5368 -0.4233 0.7299
vn 0.6272 -0.5156 0.5837
vn 0.6938 -0.5883 0.4155
vn 0.7340 -0.6385 0.2315
vn 0.7462 -0.6645 0.0388
vn 0.7302 -0.6653 -0.1554
vn 0.6864 -0.6408 -0.3438
vn 0.6165 -0.5920 -0.5191
vn 0.5231 -0.5206 -0.6748
vn 0.4097 -0.4292 -0.8049
vn 0.2805 -0.3214 -0.9044
vn 0.1405 -0.2012 -0.9694
vn 0.1305 -0.0925 0.9871
vn 0.2425 -0.2454 0.9386
vn 0.3451 -0.3889 0.8542
vn 0.4344 -0.5173 0.7374
vn 0.5071 -0.6259 0.5925
vn 0.5605 -0.7107 0.4252
vn 0.5925 -0.7684 0.2418
vn 0.6021 -0.7969 0.0493
vn 0.5887 -0.7952 -0.1451
vn 0.5531 -0.7633 -0.3340
vn 0.4963 -0.7023 -0.5103
vn 0.4207 -0.6146 -0.6673
vn 0.3290 -0.5033 -0.7990
vn 0.2246 -0.3728 -0.9003
vn 0.1115 -0.2278 -0.9673
vn 0.0969 -0.1129 0.9889
vn 0.1776 -0.2849 0.9420
vn 0.2514 -0.4458 0.8591
vn 0.3156 -0.5896 0.7435
vn 0.3676 -0.7107 0.5998
vn 0.4057 -0.8048 0.4332
vn 0.4284 -0.8682 0.2504
vn 0.4347 -0.8987 0.0580
vn 0.4246 -0.8950 -0.1366
vn 0.3983 -0.8574 -0.3260
vn 0.3569 -0.7871 -0.5031
vn 0.3019 -0.6868 -0.6612
vn 0.2353 -0.5603 -0.7942
vn 0.1597 -0.4123 -0.8970
vn 0.0779 -0.2483 -0.9656
vn 0.0599 -0.1264 0.9902
vn 0.1062 -0.3110 0.9445
vn 0.1484 -0.4835 0.8627
vn 0.1849 -0.6373 0.7481
vn 0.2143 -0.7668 0.6051
vn 0.2355 -0.8670 0.4392
vn 0.2478 -0.9342 0.2567
vn 0.2507 -0.9659 0.0644
vn 0.2441 -0.9610 -0.1302
vn 0.2281 -0.9195 -0.3200
vn 0.2035 -0.8431 -0.4977
vn 0.1712 -0.7346 -0.6566
vn 0.1323 -0.5979 -0.7906
vn 0.0883 -0.4383 -0.8945
vn 0.0409 -0.2618 -0.9643
vn 0.0210 -0.1325 0.9910
vn 0.0311 -0.3227 0.9460
vn 0.0400 -0.5003 0.8649
vn 0.0473 -0.6587 0.7509
vn 0.0529 -0.7918 0.6084
vn 0.0564 -0.8948 0.4429
vn 0.0578 -0.9637 0.2606
vn 0.0570 -0.9960 0.0684
vn 0.0541 -0.9905 -0.1263
vn 0.0490 -0.9474 -0.3163
vn 0.0422 -0.8682 -0.4944
vn 0.0337 -0.7560 -0.6538
vn 0.0239 -0.6148 -0.7883
vn 0.0132 -0.4500 -0.8929
vn 0.0020 -0.2678 -0.9635
vn -0.0449 -0.3195 0.9465
vn -0.1103 -0.7850 0.6095
vn -0.1343 -0.9557 0.2619
vn -0.1321 -0.9398 -0.3151
vn -0.1054 -0.7502 -0.6528
vn -0.0858 -0.6102 -0.7876
vn -0.0628 -0.4468 -0.8924
vn -0.0374 -0.2662 -0.9632
vt 0.750000 0.562500
vt 0.718750 0.625000
vt 0.718750 0.562500
vt 0.750000 0.125000
vt 0.718750 0.062500
vt 0.750000 0.062500
vt 0.718750 0.500000
vt 0.750000 0.500000
vt 0.750000 0.937500
vt 0.734375 1.000000
vt 0.718750 0.937500
vt 0.734375 0.000000
vt 0.750000 0.437500
vt 0.718750 0.437500
vt 0.750000 0.875000
vt 0.718750 0.875000
vt 0.750000 0.375000
vt 0.718750 0.375000
vt 0.750000 0.812500
vt 0.718750 0.812500
vt 0.718750 0.312500
vt 0.750000 0.312500
vt 0.718750 0.750000
vt 0.750000 0.750000
vt 0.718750 0.250000
vt 0.750000 0.250000
vt 0.750000 0.687500
vt 0.718750 0.687500
vt 0.718750 0.187500
vt 0.750000 0.187500
vt 0.750000 0.625000
vt 0.718750 0.125000
vt 0.687500 0.187500
vt 0.687500 0.625000
vt 0.687500 0.125000
vt 0.687500 0.562500
vt 0.687500 0.062500
vt 0.687500 0.500000
vt 0.703125 1.000000
vt 0.687500 0.937500
vt 0.703125 0.000000
vt 0.687500 0.437500
vt 0.687500 0.875000
vt 0.687500 0.375000
vt 0.687500 0.812500
vt 0.687500 0.312500
vt 0.687500 0.750000
vt 0.687500 0.250000
vt 0.687500 0.687500
vt 0.656250 0.375000
vt 0.656250 0.812500
vt 0.656250 0.312500
vt 0.656250 0.750000
vt 0.656250 0.250000
vt 0.656250 0.687500
vt 0.656250 0.187500
vt 0.656250 0.625000
vt 0.656250 0.125000
vt 0.656250 0.562500
vt 0.656250 0.062500
vt 0.656250 0.500000
vt 0.671875 1.000000
vt 0.656250 0.937500
vt 0.671875 0.000000
vt 0.656250 0.437500
vt 0.656250 0.875000
vt 0.625000 0.187500
vt 0.625000 0.125000
vt 0.625000 0.625000
vt 0.625000 0.562500
vt 0.625000 0.062500
vt 0.625000 0.500000
vt 0.640625 1.000000
vt 0.625000 0.937500
vt 0.640625 0.000000
vt 0.625000 0.437500
vt 0.625000 0.875000
vt 0.625000 0.375000
vt 0.625000 0.812500
vt 0.625000 0.312500
vt 0.625000 0.750000
vt 0.625000 0.250000
vt 0.625000 0.687500
vt 0.593750 0.812500
vt 0.593750 0.375000
vt 0.593750 0.312500
vt 0.593750 0.750000
vt 0.593750 0.250000
vt 0.593750 0.687500
vt 0.593750 0.187500
vt 0.593750 0.625000
vt 0.593750 0.125000
vt 0.593750 0.562500
vt 0.593750 0.062500
vt 0.593750 0.500000
vt 0.609375 1.000000
vt 0.593750 0.937500
vt 0.609375 0.000000
vt 0.593750 0.437500
vt 0.593750 0.875000
vt 0.562500 0.562500
vt 0.562500 0.062500
vt 0.562500 0.500000
vt 0.578125 1.000000
vt 0.562500 0.937500
vt 0.578125 0.000000
vt 0.562500 0.437500
vt 0.562500 0.875000
vt 0.562500 0.375000
vt 0.562500 0.812500
vt 0.562500 0.312500
vt 0.562500 0.750000
vt 0.562500 0.250000
vt 0.562500 0.687500
vt 0.562500 0.187500
vt 0.562500 0.625000
vt 0.562500 0.125000
vt 0.531250 0.375000
vt 0.531250 0.312500
vt 0.531250 0.750000
vt 0.531250 0.250000
vt 0.531250 0.687500
vt 0.531250 0.187500
vt 0.531250 0.625000
vt 0.531250 0.125000
vt 0.531250 0.562500
vt 0.531250 0.062500
vt 0.531250 0.500000
vt 0.546875 1.000000
vt 0.531250 0.937500
vt 0.546875 0.000000
vt 0.531250 0.437500
vt 0.531250 0.875000
vt 0.531250 0.812500
vt 0.500000 0.062500
vt 0.500000 0.562500
vt 0.500000 0.500000
vt 0.515625 1.000000
vt 0.500000 0.937500
vt 0.515625 0.000000
vt 0.500000 0.437500
vt 0.500000 0.875000
vt 0.500000 0.375000
vt 0.500000 0.812500
vt 0.500000 0.312500
vt 0.500000 0.750000
vt 0.500000 0.250000
vt 0.500000 0.687500
vt 0.500000 0.187500
vt 0.500000 0.625000
vt 0.500000 0.125000
vt 0.468750 0.750000
vt 0.468750 0.250000
vt 0.468750 0.687500
vt 0.468750 0.187500
vt 0.468750 0.625000
vt 0.468750 0.125000
vt 0.468750 0.562500
vt 0.468750 0.062500
vt 0.468750 0.500000
vt 0.484375 1.000000
vt 0.468750 0.937500
vt 0.484375 0.000000
vt 0.468750 0.437500
vt 0.468750 0.875000
vt 0.468750 0.375000
vt 0.468750 0.812500
vt 0.468750 0.312500
vt 0.437500 0.562500
vt 0.437500 0.500000
vt 0.453125 1.000000
vt 0.437500 0.937500
vt 0.453125 0.000000
vt 0.437500 0.062500
vt 0.437500 0.437500
vt 0.437500 0.875000
vt 0.437500 0.375000
vt 0.437500 0.812500
vt 0.437500 0.312500
vt 0.437500 0.750000
vt 0.437500 0.250000
vt 0.437500 0.687500
vt 0.437500 0.187500
vt 0.437500 0.625000
vt 0.437500 0.125000
vt 0.406250 0.250000
vt 0.406250 0.687500
vt 0.406250 0.187500
vt 0.406250 0.625000
vt 0.406250 0.125000
vt 0.406250 0.562500
vt 0.406250 0.062500
vt 0.406250 0.500000
vt 0.421875 1.000000
vt 0.406250 0.937500
vt 0.421875 0.000000
vt 0.406250 0.437500
vt 0.406250 0.875000
vt 0.406250 0.375000
vt 0.406250 0.812500
vt 0.406250 0.312500
vt 0.406250 0.750000
vt 0.390625 0.000000
vt 0.375000 0.062500
vt 0.375000 0.437500
vt 0.375000 0.875000
vt 0.375000 0.375000
vt 0.375000 0.812500
vt 0.375000 0.312500
vt 0.375000 0.750000
vt 0.375000 0.250000
vt 0.375000 0.687500
vt 0.375000 0.187500
vt 0.375000 0.625000
vt 0.375000 0.125000
vt 0.375000 0.562500
vt 0.375000 0.500000
vt 0.390625 1.000000
vt 0.375000 0.937500
vt 0.343750 0.187500
vt 0.343750 0.625000
vt 0.343750 0.125000
vt 0.343750 0.562500
vt 0.343750 0.062500
vt 0.343750 0.500000
vt 0.359375 1.000000
vt 0.343750 0.937500
vt 0.359375 0.000000
vt 0.343750 0.437500
vt 0.343750 0.875000
vt 0.343750 0.375000
vt 0.343750 0.812500
vt 0.343750 0.312500
vt 0.343750 0.750000
vt 0.343750 0.250000
vt 0.343750 0.687500
vt 0.312500 0.937500
vt 0.312500 0.875000
vt 0.312500 0.375000
vt 0.312500 0.812500
vt 0.312500 0.312500
vt 0.312500 0.750000
vt 0.312500 0.250000
vt 0.312500 0.687500
vt 0.312500 0.187500
vt 0.312500 0.625000
vt 0.312500 0.125000
vt 0.312500 0.562500
vt 0.312500 0.062500
vt 0.312500 0.500000
vt 0.328125 1.000000
vt 0.328125 0.000000
vt 0.312500 0.437500
vt 0.281250 0.625000
vt 0.281250 0.187500
vt 0.281250 0.125000
vt 0.281250 0.562500
vt 0.281250 0.062500
vt 0.281250 0.500000
vt 0.296875 1.000000
vt 0.281250 0.937500
vt 0.296875 0.000000
vt 0.281250 0.437500
vt 0.281250 0.875000
vt 0.281250 0.375000
vt 0.281250 0.812500
vt 0.281250 0.312500
vt 0.281250 0.750000
vt 0.281250 0.250000
vt 0.281250 0.687500
vt 0.250000 0.375000
vt 0.250000 0.812500
vt 0.250000 0.312500
vt 0.250000 0.750000
vt 0.250000 0.250000
vt 0.250000 0.687500
vt 0.250000 0.187500
vt 0.250000 0.625000
vt 0.250000 0.125000
vt 0.250000 0.562500
vt 0.250000 0.062500
vt 0.250000 0.500000
vt 0.265625 1.000000
vt 0.250000 0.937500
vt 0.265625 0.000000
vt 0.250000 0.437500
vt 0.250000 0.875000
vt 0.218750 0.187500
vt 0.218750 0.125000
vt 0.218750 0.562500
vt 0.218750 0.062500
vt 0.218750 0.500000
vt 0.234375 1.000000
vt 0.218750 0.937500
vt 0.234375 0.000000
vt 0.218750 0.437500
vt 0.218750 0.875000
vt 0.218750 0.375000
vt 0.218750 0.812500
vt 0.218750 0.312500
vt 0.218750 0.750000
vt 0.218750 0.250000
vt 0.218750 0.687500
vt 0.218750 0.625000
vt 0.187500 0.812500
vt 0.187500 0.312500
vt 0.187500 0.750000
vt 0.187500 0.250000
vt 0.187500 0.687500
vt 0.187500 0.187500
vt 0.187500 0.625000
vt 0.187500 0.125000
vt 0.187500 0.562500
vt 0.187500 0.062500
vt 0.187500 0.500000
vt 0.203125 1.000000
vt 0.187500 0.937500
vt 0.203125 0.000000
vt 0.187500 0.437500
vt 0.187500 0.875000
vt 0.187500 0.375000
vt 0.156250 0.562500
vt 0.156250 0.062500
vt 0.156250 0.500000
vt 0.171875 1.000000
vt 0.156250 0.937500
vt 0.171875 0.000000
vt 0.156250 0.437500
vt 0.156250 0.875000
vt 0.156250 0.375000
vt 0.156250 0.812500
vt 0.156250 0.312500
vt 0.156250 0.750000
vt 0.156250 0.250000
vt 0.156250 0.687500
vt 0.156250 0.187500
vt 0.156250 0.625000
vt 0.156250 0.125000
vt 0.125000 0.375000
vt 0.125000 0.312500
vt 0.125000 0.750000
vt 0.125000 0.250000
vt 0.125000 0.687500
vt 0.125000 0.187500
vt 0.125000 0.625000
vt 0.125000 0.125000
vt 0.125000 0.562500
vt 0.125000 0.062500
vt 0.125000 0.500000
vt 0.140625 1.000000
vt 0.125000 0.937500
vt 0.140625 0.000000
vt 0.125000 0.437500
vt 0.125000 0.875000
vt 0.125000 0.812500
vt 0.093750 0.062500
vt 0.093750 0.562500
vt 0.093750 0.500000
vt 0.109375 1.000000
vt 0.093750 0.937500
vt 0.109375 0.000000
vt 0.093750 0.437500
vt 0.093750 0.875000
vt 0.093750 0.375000
vt 0.093750 0.812500
vt 0.093750 0.312500
vt 0.093750 0.750000
vt 0.093750 0.250000
vt 0.093750 0.687500
vt 0.093750 0.187500
vt 0.093750 0.625000
vt 0.093750 0.125000
vt 0.062500 0.250000
vt 0.062500 0.750000
vt 0.062500 0.687500
vt 0.062500 0.187500
vt 0.062500 0.625000
vt 0.062500 0.125000
vt 0.062500 0.562500
vt 0.062500 0.062500
vt 0.062500 0.500000
vt 0.078125 1.000000
vt 0.062500 0.937500
vt 0.078125 0.000000
vt 0.062500 0.437500
vt 0.062500 0.875000
vt 0.062500 0.375000
vt 0.062500 0.812500
vt 0.062500 0.312500
vt 0.046875 1.000000
vt 0.031250 0.937500
vt 0.046875 0.000000
vt 0.031250 0.062500
vt 0.031250 0.437500
vt 0.031250 0.875000
vt 0.031250 0.375000
vt 0.031250 0.812500
vt 0.031250 0.312500
vt 0.031250 0.750000
vt 0.031250 0.250000
vt 0.031250 0.687500
vt 0.031250 0.187500
vt 0.031250 0.625000
vt 0.031250 0.125000
vt 0.031250 0.562500
vt 0.031250 0.500000
vt 0.000000 0.750000
vt 0.000000 0.687500
vt 0.000000 0.250000
vt 0.000000 0.187500
vt 0.000000 0.625000
vt 0.000000 0.125000
vt 0.000000 0.562500
vt 0.000000 0.062500
vt 0.000000 0.500000
vt 0.015625 1.000000
vt 0.000000 0.937500
vt 0.015625 0.000000
vt 0.000000 0.437500
vt 0.000000 0.875000
vt 0.000000 0.375000
vt 0.000000 0.812500
vt 0.000000 0.312500
vt 1.000000 0.500000
vt 0.968750 0.437500
vt 1.000000 0.437500
vt 1.000000 0.937500
vt 0.968750 0.875000
vt 1.000000 0.875000
vt 1.000000 0.375000
vt 0.968750 0.375000
vt 0.968750 0.812500
vt 1.000000 0.812500
vt 0.968750 0.312500
vt 1.000000 0.312500
vt 0.968750 0.750000
vt 1.000000 0.750000
vt 0.968750 0.250000
vt 1.000000 0.250000
vt 1.000000 0.687500
vt 0.968750 0.687500
vt 0.968750 0.187500
vt 1.000000 0.187500
vt 0.968750 0.625000
vt 1.000000 0.625000
vt 1.000000 0.125000
vt 0.968750 0.125000
vt 0.968750 0.562500
vt 1.000000 0.562500
vt 0.968750 0.062500
vt 1.000000 0.062500
vt 0.968750 0.500000
vt 0.984375 1.000000
vt 0.968750 0.937500
vt 0.984375 0.000000
vt 0.937500 0.250000
vt 0.937500 0.187500
vt 0.937500 0.625000
vt 0.937500 0.125000
vt 0.937500 0.562500
vt 0.937500 0.062500
vt 0.937500 0.500000
vt 0.953125 1.000000
vt 0.937500 0.937500
vt 0.953125 0.000000
vt 0.937500 0.437500
vt 0.937500 0.875000
vt 0.937500 0.375000
vt 0.937500 0.812500
vt 0.937500 0.312500
vt 0.937500 0.750000
vt 0.937500 0.687500
vt 0.906250 0.937500
vt 0.906250 0.875000
vt 0.906250 0.437500
vt 0.906250 0.375000
vt 0.906250 0.812500
vt 0.906250 0.312500
vt 0.906250 0.750000
vt 0.906250 0.250000
vt 0.906250 0.687500
vt 0.906250 0.187500
vt 0.906250 0.625000
vt 0.906250 0.125000
vt 0.906250 0.562500
vt 0.906250 0.062500
vt 0.906250 0.500000
vt 0.921875 1.000000
vt 0.921875 0.000000
vt 0.875000 0.625000
vt 0.875000 0.125000
vt 0.875000 0.562500
vt 0.875000 0.062500
vt 0.875000 0.500000
vt 0.890625 1.000000
vt 0.875000 0.937500
vt 0.890625 0.000000
vt 0.875000 0.437500
vt 0.875000 0.875000
vt 0.875000 0.375000
vt 0.875000 0.812500
vt 0.875000 0.312500
vt 0.875000 0.750000
vt 0.875000 0.250000
vt 0.875000 0.687500
vt 0.875000 0.187500
vt 0.843750 0.437500
vt 0.843750 0.375000
vt 0.843750 0.812500
vt 0.843750 0.312500
vt 0.843750 0.750000
vt 0.843750 0.250000
vt 0.843750 0.687500
vt 0.843750 0.187500
vt 0.843750 0.625000
vt 0.843750 0.125000
vt 0.843750 0.562500
vt 0.843750 0.062500
vt 0.843750 0.500000
vt 0.859375 1.000000
vt 0.843750 0.937500
vt 0.859375 0.000000
vt 0.843750 0.875000
vt 0.812500 0.125000
vt 0.812500 0.562500
vt 0.812500 0.062500
vt 0.812500 0.500000
vt 0.828125 1.000000
vt 0.812500 0.937500
vt 0.828125 0.000000
vt 0.812500 0.437500
vt 0.812500 0.875000
vt 0.812500 0.375000
vt 0.812500 0.812500
vt 0.812500 0.312500
vt 0.812500 0.750000
vt 0.812500 0.250000
vt 0.812500 0.687500
vt 0.812500 0.187500
vt 0.812500 0.625000
vt 0.781250 0.312500
vt 0.781250 0.750000
vt 0.781250 0.250000
vt 0.781250 0.687500
vt 0.781250 0.187500
vt 0.781250 0.625000
vt 0.781250 0.125000
vt 0.781250 0.562500
vt 0.781250 0.062500
vt 0.781250 0.500000
vt 0.796875 1.000000
vt 0.781250 0.937500
vt 0.796875 0.000000
vt 0.781250 0.437500
vt 0.781250 0.875000
vt 0.781250 0.375000
vt 0.781250 0.812500
vt 0.765625 1.000000
vt 0.765625 0.000000
s 1
g Sphere.003_M_Orbe.002
usemtl M_Orbe.002
f 4554/4966/4542 4090/4967/4078 4091/4968/4079
f 4558/4969/4546 4099/4970/4087 4559/4971/4547
f 4554/4966/4542 4092/4972/4080 4082/4973/4070
f 4078/4974/4066 4160/4975/4148 4085/4976/4073
f 4191/4977/4179 4559/4971/4547 4099/4970/4087
f 4083/4978/4071 4092/4972/4080 4093/4979/4081
f 4552/4980/4540 4085/4976/4073 4086/4981/4074
f 4555/4982/4543 4093/4979/4081 4094/4983/4082
f 4079/4984/4067 4086/4981/4074 4087/4985/4075
f 4555/4982/4543 4095/4986/4083 4084/4987/4072
f 4079/4984/4067 4088/4988/4076 4080/4989/4068
f 4084/4987/4072 4096/4990/4084 4556/4991/4544
f 4553/4992/4541 4088/4988/4076 4089/4993/4077
f 4556/4991/4544 4097/4994/4085 4557/4995/4545
f 4081/4996/4069 4089/4993/4077 4090/4967/4078
f 4557/4995/4545 4098/4997/4086 4558/4969/4546
f 4096/4990/4084 4112/4998/4100 4097/4994/4085
f 4089/4993/4077 4105/4999/4093 4090/4967/4078
f 4097/4994/4085 4113/5000/4101 4098/4997/4086
f 4090/4967/4078 4106/5001/4094 4091/4968/4079
f 4098/4997/4086 4114/5002/4102 4099/4970/4087
f 4091/4968/4079 4107/5003/4095 4092/4972/4080
f 4085/4976/4073 4160/5004/4148 4100/5005/4088
f 4191/5006/4179 4099/4970/4087 4114/5002/4102
f 4092/4972/4080 4108/5007/4096 4093/4979/4081
f 4085/4976/4073 4101/5008/4089 4086/4981/4074
f 4094/4983/4082 4108/5007/4096 4109/5009/4097
f 4086/4981/4074 4102/5010/4090 4087/4985/4075
f 4095/4986/4083 4109/5009/4097 4110/5011/4098
f 4087/4985/4075 4103/5012/4091 4088/4988/4076
f 4095/4986/4083 4111/5013/4099 4096/4990/4084
f 4088/4988/4076 4104/5014/4092 4089/4993/4077
f 4108/5007/4096 4124/5015/4112 4109/5009/4097
f 4101/5008/4089 4117/5016/4105 4102/5010/4090
f 4110/5011/4098 4124/5015/4112 4125/5017/4113
f 4102/5010/4090 4118/5018/4106 4103/5012/4091
f 4110/5011/4098 4126/5019/4114 4111/5013/4099
f 4103/5012/4091 4119/5020/4107 4104/5014/4092
f 4112/4998/4100 4126/5019/4114 4127/5021/4115
f 4104/5014/4092 4120/5022/4108 4105/4999/4093
f 4112/4998/4100 4128/5023/4116 4113/5000/4101
f 4105/4999/4093 4121/5024/4109 4106/5001/4094
f 4114/5002/4102 4128/5023/4116 4129/5025/4117
f 4106/5001/4094 4122/5026/4110 4107/5003/4095
f 4100/5005/4088 4160/5027/4148 4115/5028/4103
f 4191/5029/4179 4114/5002/4102 4129/5025/4117
f 4107/5003/4095 4123/5030/4111 4108/5007/4096
f 4100/5005/4088 4116/5031/4104 4101/5008/4089
f 4128/5023/4116 4142/5032/4130 4143/5033/4131
f 4121/5024/4109 4135/5034/4123 4136/5035/4124
f 4128/5023/4116 4144/5036/4132 4129/5025/4117
f 4122/5026/4110 4136/5035/4124 4137/5037/4125
f 4115/5028/4103 4160/5038/4148 4130/5039/4118
f 4191/5040/4179 4129/5025/4117 4144/5036/4132
f 4122/5026/4110 4138/5041/4126 4123/5030/4111
f 4115/5028/4103 4131/5042/4119 4116/5031/4104
f 4123/5030/4111 4139/5043/4127 4124/5015/4112
f 4116/5031/4104 4132/5044/4120 4117/5016/4105
f 4125/5017/4113 4139/5043/4127 4140/5045/4128
f 4117/5016/4105 4133/5046/4121 4118/5018/4106
f 4125/5017/4113 4141/5047/4129 4126/5019/4114
f 4119/5020/4107 4133/5046/4121 4134/5048/4122
f 4126/5019/4114 4142/5032/4130 4127/5021/4115
f 4119/5020/4107 4135/5034/4123 4120/5022/4108
f 4131/5042/4119 4147/5049/4135 4132/5044/4120
f 4140/5045/4128 4154/5050/4142 4155/5051/4143
f 4132/5044/4120 4148/5052/4136 4133/5046/4121
f 4140/5045/4128 4156/5053/4144 4141/5047/4129
f 4133/5046/4121 4149/5054/4137 4134/5048/4122
f 4141/5047/4129 4157/5055/4145 4142/5032/4130
f 4134/5048/4122 4150/5056/4138 4135/5034/4123
f 4142/5032/4130 4158/5057/4146 4143/5033/4131
f 4135/5034/4123 4151/5058/4139 4136/5035/4124
f 4144/5036/4132 4158/5057/4146 4159/5059/4147
f 4137/5037/4125 4151/5058/4139 4152/5060/4140
f 4130/5039/4118 4160/5061/4148 4145/5062/4133
f 4191/5063/4179 4144/5036/4132 4159/5059/4147
f 4137/5037/4125 4153/5064/4141 4138/5041/4126
f 4130/5039/4118 4146/5065/4134 4131/5042/4119
f 4138/5041/4126 4154/5050/4142 4139/5043/4127
f 4150/5056/4138 4167/5066/4155 4151/5058/4139
f 4158/5057/4146 4175/5067/4163 4159/5059/4147
f 4152/5060/4140 4167/5066/4155 4168/5068/4156
f 4145/5062/4133 4160/5069/4148 4161/5070/4149
f 4191/5071/4179 4159/5059/4147 4175/5067/4163
f 4152/5060/4140 4169/5072/4157 4153/5064/4141
f 4145/5062/4133 4162/5073/4150 4146/5065/4134
f 4153/5064/4141 4170/5074/4158 4154/5050/4142
f 4147/5049/4135 4162/5073/4150 4163/5075/4151
f 4155/5051/4143 4170/5074/4158 4171/5076/4159
f 4147/5049/4135 4164/5077/4152 4148/5052/4136
f 4155/5051/4143 4172/5078/4160 4156/5053/4144
f 4149/5054/4137 4164/5077/4152 4165/5079/4153
f 4156/5053/4144 4173/5080/4161 4157/5055/4145
f 4149/5054/4137 4166/5081/4154 4150/5056/4138
f 4158/5057/4146 4173/5080/4161 4174/5082/4162
f 4171/5076/4159 4185/5083/4173 4186/5084/4174
f 4163/5075/4151 4179/5085/4167 4164/5077/4152
f 4171/5076/4159 4187/5086/4175 4172/5078/4160
f 4165/5079/4153 4179/5085/4167 4180/5087/4168
f 4172/5078/4160 4188/5088/4176 4173/5080/4161
f 4165/5079/4153 4181/5089/4169 4166/5081/4154
f 4174/5082/4162 4188/5088/4176 4189/5090/4177
f 4167/5066/4155 4181/5089/4169 4182/5091/4170
f 4175/5067/4163 4189/5090/4177 4190/5092/4178
f 4168/5068/4156 4182/5091/4170 4183/5093/4171
f 4161/5070/4149 4160/5094/4148 4176/5095/4164
f 4191/5096/4179 4175/5067/4163 4190/5092/4178
f 4168/5068/4156 4184/5097/4172 4169/5072/4157
f 4161/5070/4149 4177/5098/4165 4162/5073/4150
f 4169/5072/4157 4185/5083/4173 4170/5074/4158
f 4162/5073/4150 4178/5099/4166 4163/5075/4151
f 4189/5090/4177 4206/5100/4194 4190/5092/4178
f 4183/5093/4171 4198/5101/4186 4199/5102/4187
f 4176/5095/4164 4160/5103/4148 4192/5104/4180
f 4191/5105/4179 4190/5092/4178 4206/5100/4194
f 4183/5093/4171 4200/5106/4188 4184/5097/4172
f 4176/5095/4164 4193/5107/4181 4177/5098/4165
f 4185/5083/4173 4200/5106/4188 4201/5108/4189
f 4177/5098/4165 4194/5109/4182 4178/5099/4166
f 4186/5084/4174 4201/5108/4189 4202/5110/4190
f 4178/5099/4166 4195/5111/4183 4179/5085/4167
f 4186/5084/4174 4203/5112/4191 4187/5086/4175
f 4179/5085/4167 4196/5113/4184 4180/5087/4168
f 4188/5088/4176 4203/5112/4191 4204/5114/4192
f 4180/5087/4168 4197/5115/4185 4181/5089/4169
f 4189/5090/4177 4204/5114/4192 4205/5116/4193
f 4181/5089/4169 4198/5101/4186 4182/5091/4170
f 4194/5109/4182 4210/5117/4198 4195/5111/4183
f 4202/5110/4190 4218/5118/4206 4203/5112/4191
f 4195/5111/4183 4211/5119/4199 4196/5113/4184
f 4203/5112/4191 4219/5120/4207 4204/5114/4192
f 4196/5113/4184 4212/5121/4200 4197/5115/4185
f 4204/5114/4192 4220/5122/4208 4205/5116/4193
f 4197/5115/4185 4213/5123/4201 4198/5101/4186
f 4205/5116/4193 4221/5124/4209 4206/5100/4194
f 4199/5102/4187 4213/5123/4201 4214/5125/4202
f 4192/5104/4180 4160/5126/4148 4207/5127/4195
f 4191/5128/4179 4206/5100/4194 4221/5124/4209
f 4199/5102/4187 4215/5129/4203 4200/5106/4188
f 4193/5107/4181 4207/5127/4195 4208/5130/4196
f 4201/5108/4189 4215/5129/4203 4216/5131/4204
f 4193/5107/4181 4209/5132/4197 4194/5109/4182
f 4202/5110/4190 4216/5131/4204 4217/5133/4205
f 4214/5125/4202 4228/5134/4216 4229/5135/4217
f 4207/5127/4195 4160/5136/4148 4222/5137/4210
f 4191/5138/4179 4221/5124/4209 4236/5139/4224
f 4214/5125/4202 4230/5140/4218 4215/5129/4203
f 4207/5127/4195 4223/5141/4211 4208/5130/4196
f 4215/5129/4203 4231/5142/4219 4216/5131/4204
f 4208/5130/4196 4224/5143/4212 4209/5132/4197
f 4217/5133/4205 4231/5142/4219 4232/5144/4220
f 4209/5132/4197 4225/5145/4213 4210/5117/4198
f 4217/5133/4205 4233/5146/4221 4218/5118/4206
f 4211/5119/4199 4225/5145/4213 4226/5147/4214
f 4219/5120/4207 4233/5146/4221 4234/5148/4222
f 4211/5119/4199 4227/5149/4215 4212/5121/4200
f 4220/5122/4208 4234/5148/4222 4235/5150/4223
f 4212/5121/4200 4228/5134/4216 4213/5123/4201
f 4220/5122/4208 4236/5139/4224 4221/5124/4209
f 4232/5144/4220 4248/5151/4236 4233/5146/4221
f 4225/5145/4213 4241/5152/4229 4226/5147/4214
f 4234/5148/4222 4248/5151/4236 4249/5153/4237
f 4226/5147/4214 4242/5154/4230 4227/5149/4215
f 4234/5148/4222 4250/5155/4238 4235/5150/4223
f 4227/5149/4215 4243/5156/4231 4228/5134/4216
f 4235/5150/4223 4251/5157/4239 4236/5139/4224
f 4229/5135/4217 4243/5156/4231 4244/5158/4232
f 4222/5137/4210 4160/5159/4148 4237/5160/4225
f 4191/5161/4179 4236/5139/4224 4251/5157/4239
f 4229/5135/4217 4245/5162/4233 4230/5140/4218
f 4223/5141/4211 4237/5160/4225 4238/5163/4226
f 4230/5140/4218 4246/5164/4234 4231/5142/4219
f 4223/5141/4211 4239/5165/4227 4224/5143/4212
f 4232/5144/4220 4246/5164/4234 4247/5166/4235
f 4224/5143/4212 4240/5167/4228 4225/5145/4213
f 4191/5168/4179 4251/5157/4239 4266/5169/4254
f 4244/5158/4232 4260/5170/4248 4245/5162/4233
f 4237/5160/4225 4253/5171/4241 4238/5163/4226
f 4245/5162/4233 4261/5172/4249 4246/5164/4234
f 4238/5163/4226 4254/5173/4242 4239/5165/4227
f 4247/5166/4235 4261/5172/4249 4262/5174/4250
f 4239/5165/4227 4255/5175/4243 4240/5167/4228
f 4247/5166/4235 4263/5176/4251 4248/5151/4236
f 4241/5152/4229 4255/5175/4243 4256/5177/4244
f 4249/5153/4237 4263/5176/4251 4264/5178/4252
f 4241/5152/4229 4257/5179/4245 4242/5154/4230
f 4250/5155/4238 4264/5178/4252 4265/5180/4253
f 4242/5154/4230 4258/5181/4246 4243/5156/4231
f 4250/5155/4238 4266/5169/4254 4251/5157/4239
f 4244/5158/4232 4258/5181/4246 4259/5182/4247
f 4237/5160/4225 4160/5183/4148 4252/5184/4240
f 4263/5176/4251 4279/5185/4267 4264/5178/4252
f 4256/5177/4244 4272/5186/4260 4257/5179/4245
f 4265/5180/4253 4279/5185/4267 4280/5187/4268
f 4257/5179/4245 4273/5188/4261 4258/5181/4246
f 4266/5169/4254 4280/5187/4268 4281/5189/4269
f 4259/5182/4247 4273/5188/4261 4274/5190/4262
f 4252/5184/4240 4160/5191/4148 4267/5192/4255
f 4191/5193/4179 4266/5169/4254 4281/5189/4269
f 4259/5182/4247 4275/5194/4263 4260/5170/4248
f 4252/5184/4240 4268/5195/4256 4253/5171/4241
f 4260/5170/4248 4276/5196/4264 4261/5172/4249
f 4253/5171/4241 4269/5197/4257 4254/5173/4242
f 4262/5174/4250 4276/5196/4264 4277/5198/4265
f 4254/5173/4242 4270/5199/4258 4255/5175/4243
f 4262/5174/4250 4278/5200/4266 4263/5176/4251
f 4255/5175/4243 4271/5201/4259 4256/5177/4244
f 4268/5195/4256 4282/5202/4270 4283/5203/4271
f 4275/5194/4263 4291/5204/4279 4276/5196/4264
f 4268/5195/4256 4284/5205/4272 4269/5197/4257
f 4277/5198/4265 4291/5204/4279 4292/5206/4280
f 4269/5197/4257 4285/5207/4273 4270/5199/4258
f 4277/5198/4265 4293/5208/4281 4278/5200/4266
f 4271/5201/4259 4285/5207/4273 4286/5209/4274
f 4278/5200/4266 4294/5210/4282 4279/5185/4267
f 4271/5201/4259 4287/5211/4275 4272/5186/4260
f 4280/5187/4268 4294/5210/4282 4295/5212/4283
f 4272/5186/4260 4288/5213/4276 4273/5188/4261
f 4280/5187/4268 4296/5214/4284 4281/5189/4269
f 4274/5190/4262 4288/5213/4276 4289/5215/4277
f 4267/5192/4255 4160/5216/4148 4282/5202/4270
f 4191/5217/4179 4281/5189/4269 4296/5214/4284
f 4274/5190/4262 4290/5218/4278 4275/5194/4263
f 4286/5209/4274 4302/5219/4290 4287/5211/4275
f 4295/5212/4283 4309/5220/4297 4310/5221/4298
f 4288/5213/4276 4302/5219/4290 4303/5222/4291
f 4296/5214/4284 4310/5221/4298 4311/5223/4299
f 4289/5215/4277 4303/5222/4291 4304/5224/4292
f 4282/5202/4270 4160/5225/4148 4297/5226/4285
f 4191/5227/4179 4296/5214/4284 4311/5223/4299
f 4289/5215/4277 4305/5228/4293 4290/5218/4278
f 4282/5202/4270 4298/5229/4286 4283/5203/4271
f 4290/5218/4278 4306/5230/4294 4291/5204/4279
f 4284/5205/4272 4298/5229/4286 4299/5231/4287
f 4292/5206/4280 4306/5230/4294 4307/5232/4295
f 4284/5205/4272 4300/5233/4288 4285/5207/4273
f 4292/5206/4280 4308/5234/4296 4293/5208/4281
f 4285/5207/4273 4301/5235/4289 4286/5209/4274
f 4293/5208/4281 4309/5220/4297 4294/5210/4282
f 4305/5228/4293 4321/5236/4309 4306/5230/4294
f 4298/5229/4286 4314/5237/4302 4299/5231/4287
f 4307/5232/4295 4321/5236/4309 4322/5238/4310
f 4299/5231/4287 4315/5239/4303 4300/5233/4288
f 4307/5232/4295 4323/5240/4311 4308/5234/4296
f 4301/5235/4289 4315/5239/4303 4316/5241/4304
f 4308/5234/4296 4324/5242/4312 4309/5220/4297
f 4301/5235/4289 4317/5243/4305 4302/5219/4290
f 4310/5221/4298 4324/5242/4312 4325/5244/4313
f 4302/5219/4290 4318/5245/4306 4303/5222/4291
f 4311/5223/4299 4325/5244/4313 4326/5246/4314
f 4304/5224/4292 4318/5245/4306 4319/5247/4307
f 4297/5226/4285 4160/5248/4148 4312/5249/4300
f 4191/5250/4179 4311/5223/4299 4326/5246/4314
f 4304/5224/4292 4320/5251/4308 4305/5228/4293
f 4297/5226/4285 4313/5252/4301 4298/5229/4286
f 4325/5244/4313 4339/5253/4327 4340/5254/4328
f 4317/5243/4305 4333/5255/4321 4318/5245/4306
f 4326/5246/4314 4340/5254/4328 4341/5256/4329
f 4319/5247/4307 4333/5255/4321 4334/5257/4322
f 4312/5249/4300 4160/5258/4148 4327/5259/4315
f 4191/5260/4179 4326/5246/4314 4341/5256/4329
f 4319/5247/4307 4335/5261/4323 4320/5251/4308
f 4312/5249/4300 4328/5262/4316 4313/5252/4301
f 4320/5251/4308 4336/5263/4324 4321/5236/4309
f 4313/5252/4301 4329/5264/4317 4314/5237/4302
f 4321/5236/4309 4337/5265/4325 4322/5238/4310
f 4314/5237/4302 4330/5266/4318 4315/5239/4303
f 4322/5238/4310 4338/5267/4326 4323/5240/4311
f 4316/5241/4304 4330/5266/4318 4331/5268/4319
f 4323/5240/4311 4339/5253/4327 4324/5242/4312
f 4316/5241/4304 4332/5269/4320 4317/5243/4305
f 4328/5262/4316 4344/5270/4332 4329/5264/4317
f 4336/5263/4324 4352/5271/4340 4337/5265/4325
f 4330/5266/4318 4344/5270/4332 4345/5272/4333
f 4337/5265/4325 4353/5273/4341 4338/5267/4326
f 4330/5266/4318 4346/5274/4334 4331/5268/4319
f 4338/5267/4326 4354/5275/4342 4339/5253/4327
f 4331/5268/4319 4347/5276/4335 4332/5269/4320
f 4339/5253/4327 4355/5277/4343 4340/5254/4328
f 4333/5255/4321 4347/5276/4335 4348/5278/4336
f 4341/5256/4329 4355/5277/4343 4356/5279/4344
f 4334/5257/4322 4348/5278/4336 4349/5280/4337
f 4327/5259/4315 4160/5281/4148 4342/5282/4330
f 4191/5283/4179 4341/5256/4329 4356/5279/4344
f 4334/5257/4322 4350/5284/4338 4335/5261/4323
f 4327/5259/4315 4343/5285/4331 4328/5262/4316
f 4335/5261/4323 4351/5286/4339 4336/5263/4324
f 4347/5276/4335 4363/5287/4351 4348/5278/4336
f 4355/5277/4343 4371/5288/4359 4356/5279/4344
f 4349/5280/4337 4363/5287/4351 4364/5289/4352
f 4342/5282/4330 4160/5290/4148 4357/5291/4345
f 4191/5292/4179 4356/5279/4344 4371/5288/4359
f 4349/5280/4337 4365/5293/4353 4350/5284/4338
f 4342/5282/4330 4358/5294/4346 4343/5285/4331
f 4350/5284/4338 4366/5295/4354 4351/5286/4339
f 4343/5285/4331 4359/5296/4347 4344/5270/4332
f 4352/5271/4340 4366/5295/4354 4367/5297/4355
f 4344/5270/4332 4360/5298/4348 4345/5272/4333
f 4353/5273/4341 4367/5297/4355 4368/5299/4356
f 4346/5274/4334 4360/5298/4348 4361/5300/4349
f 4354/5275/4342 4368/5299/4356 4369/5301/4357
f 4346/5274/4334 4362/5302/4350 4347/5276/4335
f 4355/5277/4343 4369/5301/4357 4370/5303/4358
f 4367/5297/4355 4381/5304/4369 4382/5305/4370
f 4359/5296/4347 4375/5306/4363 4360/5298/4348
f 4367/5297/4355 4383/5307/4371 4368/5299/4356
f 4361/5300/4349 4375/5306/4363 4376/5308/4364
f 4369/5301/4357 4383/5307/4371 4384/5309/4372
f 4361/5300/4349 4377/5310/4365 4362/5302/4350
f 4370/5303/4358 4384/5309/4372 4385/5311/4373
f 4362/5302/4350 4378/5312/4366 4363/5287/4351
f 4370/5303/4358 4386/5313/4374 4371/5288/4359
f 4364/5289/4352 4378/5312/4366 4379/5314/4367
f 4357/5291/4345 4160/5315/4148 4372/5316/4360
f 4191/5317/4179 4371/5288/4359 4386/5313/4374
f 4364/5289/4352 4380/5318/4368 4365/5293/4353
f 4358/5294/4346 4372/5316/4360 4373/5319/4361
f 4366/5295/4354 4380/5318/4368 4381/5304/4369
f 4358/5294/4346 4374/5320/4362 4359/5296/4347
f 4385/5311/4373 4401/5321/4389 4386/5313/4374
f 4379/5314/4367 4393/5322/4381 4394/5323/4382
f 4372/5316/4360 4160/5324/4148 4387/5325/4375
f 4191/5326/4179 4386/5313/4374 4401/5321/4389
f 4379/5314/4367 4395/5327/4383 4380/5318/4368
f 4372/5316/4360 4388/5328/4376 4373/5319/4361
f 4381/5304/4369 4395/5327/4383 4396/5329/4384
f 4373/5319/4361 4389/5330/4377 4374/5320/4362
f 4382/5305/4370 4396/5329/4384 4397/5331/4385
f 4374/5320/4362 4390/5332/4378 4375/5306/4363
f 4382/5305/4370 4398/5333/4386 4383/5307/4371
f 4376/5308/4364 4390/5332/4378 4391/5334/4379
f 4384/5309/4372 4398/5333/4386 4399/5335/4387
f 4376/5308/4364 4392/5336/4380 4377/5310/4365
f 4384/5309/4372 4400/5337/4388 4385/5311/4373
f 4377/5310/4365 4393/5322/4381 4378/5312/4366
f 4397/5331/4385 4413/5338/4401 4398/5333/4386
f 4391/5334/4379 4405/5339/4393 4406/5340/4394
f 4399/5335/4387 4413/5338/4401 4414/5341/4402
f 4391/5334/4379 4407/5342/4395 4392/5336/4380
f 4400/5337/4388 4414/5341/4402 4415/5343/4403
f 4392/5336/4380 4408/5344/4396 4393/5322/4381
f 4400/5337/4388 4416/5345/4404 4401/5321/4389
f 4394/5323/4382 4408/5344/4396 4409/5346/4397
f 4387/5325/4375 4160/5347/4148 4402/5348/4390
f 4191/5349/4179 4401/5321/4389 4416/5345/4404
f 4394/5323/4382 4410/5350/4398 4395/5327/4383
f 4388/5328/4376 4402/5348/4390 4403/5351/4391
f 4396/5329/4384 4410/5350/4398 4411/5352/4399
f 4388/5328/4376 4404/5353/4392 4389/5330/4377
f 4397/5331/4385 4411/5352/4399 4412/5354/4400
f 4389/5330/4377 4405/5339/4393 4390/5332/4378
f 4402/5348/4390 4160/5355/4148 4417/5356/4405
f 4191/5357/4179 4416/5345/4404 4431/5358/4419
f 4409/5346/4397 4425/5359/4413 4410/5350/4398
f 4402/5348/4390 4418/5360/4406 4403/5351/4391
f 4410/5350/4398 4426/5361/4414 4411/5352/4399
f 4403/5351/4391 4419/5362/4407 4404/5353/4392
f 4412/5354/4400 4426/5361/4414 4427/5363/4415
f 4404/5353/4392 4420/5364/4408 4405/5339/4393
f 4412/5354/4400 4428/5365/4416 4413/5338/4401
f 4406/5340/4394 4420/5364/4408 4421/5366/4409
f 4414/5341/4402 4428/5365/4416 4429/5367/4417
f 4406/5340/4394 4422/5368/4410 4407/5342/4395
f 4415/5343/4403 4429/5367/4417 4430/5369/4418
f 4407/5342/4395 4423/5370/4411 4408/5344/4396
f 4415/5343/4403 4431/5358/4419 4416/5345/4404
f 4409/5346/4397 4423/5370/4411 4424/5371/4412
f 4421/5366/4409 4435/5372/4423 4436/5373/4424
f 4429/5367/4417 4443/5374/4431 4444/5375/4432
f 4421/5366/4409 4437/5376/4425 4422/5368/4410
f 4430/5369/4418 4444/5375/4432 4445/5377/4433
f 4422/5368/4410 4438/5378/4426 4423/5370/4411
f 4430/5369/4418 4446/5379/4434 4431/5358/4419
f 4424/5371/4412 4438/5378/4426 4439/5380/4427
f 4417/5356/4405 4160/5381/4148 4432/5382/4420
f 4191/5383/4179 4431/5358/4419 4446/5379/4434
f 4424/5371/4412 4440/5384/4428 4425/5359/4413
f 4418/5360/4406 4432/5382/4420 4433/5385/4421
f 4425/5359/4413 4441/5386/4429 4426/5361/4414
f 4418/5360/4406 4434/5387/4422 4419/5362/4407
f 4427/5363/4415 4441/5386/4429 4442/5388/4430
f 4419/5362/4407 4435/5372/4423 4420/5364/4408
f 4427/5363/4415 4443/5374/4431 4428/5365/4416
f 4439/5389/4427 4455/5390/4443 4440/5391/4428
f 4432/5392/4420 4448/5393/4436 4433/5394/4421
f 4441/5395/4429 4455/5390/4443 4456/5396/4444
f 4433/5394/4421 4449/5397/4437 4434/5398/4422
f 4441/5395/4429 4457/5399/4445 4442/5400/4430
f 4434/5398/4422 4450/5401/4438 4435/5402/4423
f 4442/5400/4430 4458/5403/4446 4443/5404/4431
f 4436/5405/4424 4450/5401/4438 4451/5406/4439
f 4443/5404/4431 4459/5407/4447 4444/5408/4432
f 4436/5405/4424 4452/5409/4440 4437/5410/4425
f 4445/5411/4433 4459/5407/4447 4460/5412/4448
f 4437/5410/4425 4453/5413/4441 4438/5414/4426
f 4445/5411/4433 4461/5415/4449 4446/5416/4434
f 4439/5389/4427 4453/5413/4441 4454/5417/4442
f 4432/5392/4420 4160/5418/4148 4447/5419/4435
f 4191/5420/4179 4446/5416/4434 4461/5415/4449
f 4459/5407/4447 4473/5421/4461 4474/5422/4462
f 4451/5406/4439 4467/5423/4455 4452/5409/4440
f 4459/5407/4447 4475/5424/4463 4460/5412/4448
f 4452/5409/4440 4468/5425/4456 4453/5413/4441
f 4461/5415/4449 4475/5424/4463 4476/5426/4464
f 4454/5417/4442 4468/5425/4456 4469/5427/4457
f 4447/5419/4435 4160/5428/4148 4462/5429/4450
f 4191/5430/4179 4461/5415/4449 4476/5426/4464
f 4454/5417/4442 4470/5431/4458 4455/5390/4443
f 4447/5419/4435 4463/5432/4451 4448/5393/4436
f 4456/5396/4444 4470/5431/4458 4471/5433/4459
f 4448/5393/4436 4464/5434/4452 4449/5397/4437
f 4457/5399/4445 4471/5433/4459 4472/5435/4460
f 4449/5397/4437 4465/5436/4453 4450/5401/4438
f 4457/5399/4445 4473/5421/4461 4458/5403/4446
f 4451/5406/4439 4465/5436/4453 4466/5437/4454
f 4463/5432/4451 4477/5438/4465 4478/5439/4466
f 4471/5433/4459 4485/5440/4473 4486/5441/4474
f 4464/5434/4452 4478/5439/4466 4479/5442/4467
f 4472/5435/4460 4486/5441/4474 4487/5443/4475
f 4464/5434/4452 4480/5444/4468 4465/5436/4453
f 4472/5435/4460 4488/5445/4476 4473/5421/4461
f 4466/5437/4454 4480/5444/4468 4481/5446/4469
f 4473/5421/4461 4489/5447/4477 4474/5422/4462
f 4466/5437/4454 4482/5448/4470 4467/5423/4455
f 4475/5424/4463 4489/5447/4477 4490/5449/4478
f 4467/5423/4455 4483/5450/4471 4468/5425/4456
f 4475/5424/4463 4491/5451/4479 4476/5426/4464
f 4469/5427/4457 4483/5450/4471 4484/5452/4472
f 4462/5429/4450 4160/5453/4148 4477/5438/4465
f 4191/5454/4179 4476/5426/4464 4491/5451/4479
f 4469/5427/4457 4485/5440/4473 4470/5431/4458
f 4481/5446/4469 4497/5455/4485 4482/5448/4470
f 4489/5447/4477 4505/5456/4493 4490/5449/4478
f 4482/5448/4470 4498/5457/4486 4483/5450/4471
f 4490/5449/4478 4506/5458/4494 4491/5451/4479
f 4484/5452/4472 4498/5457/4486 4499/5459/4487
f 4477/5438/4465 4160/5460/4148 4492/5461/4480
f 4191/5462/4179 4491/5451/4479 4506/5458/4494
f 4484/5452/4472 4500/5463/4488 4485/5440/4473
f 4477/5438/4465 4493/5464/4481 4478/5439/4466
f 4486/5441/4474 4500/5463/4488 4501/5465/4489
f 4479/5442/4467 4493/5464/4481 4494/5466/4482
f 4487/5443/4475 4501/5465/4489 4502/5467/4490
f 4479/5442/4467 4495/5468/4483 4480/5444/4468
f 4487/5443/4475 4503/5469/4491 4488/5445/4476
f 4481/5446/4469 4495/5468/4483 4496/5470/4484
f 4489/5447/4477 4503/5469/4491 4504/5471/4492
f 4501/5465/4489 4515/5472/4503 4516/5473/4504
f 4493/5464/4481 4509/5474/4497 4494/5466/4482
f 4501/5465/4489 4517/5475/4505 4502/5467/4490
f 4494/5466/4482 4510/5476/4498 4495/5468/4483
f 4502/5467/4490 4518/5477/4506 4503/5469/4491
f 4496/5470/4484 4510/5476/4498 4511/5478/4499
f 4504/5471/4492 4518/5477/4506 4519/5479/4507
f 4496/5470/4484 4512/5480/4500 4497/5455/4485
f 4504/5471/4492 4520/5481/4508 4505/5456/4493
f 4497/5455/4485 4513/5482/4501 4498/5457/4486
f 4506/5458/4494 4520/5481/4508 4521/5483/4509
f 4499/5459/4487 4513/5482/4501 4514/5484/4502
f 4492/5461/4480 4160/5485/4148 4507/5486/4495
f 4191/5487/4179 4506/5458/4494 4521/5483/4509
f 4499/5459/4487 4515/5472/4503 4500/5463/4488
f 4492/5461/4480 4508/5488/4496 4493/5464/4481
f 4519/5479/4507 4535/5489/4523 4520/5481/4508
f 4512/5480/4500 4528/5490/4516 4513/5482/4501
f 4520/5481/4508 4536/5491/4524 4521/5483/4509
f 4514/5484/4502 4528/5490/4516 4529/5492/4517
f 4507/5486/4495 4160/5493/4148 4522/5494/4510
f 4191/5495/4179 4521/5483/4509 4536/5491/4524
f 4514/5484/4502 4530/5496/4518 4515/5472/4503
f 4507/5486/4495 4523/5497/4511 4508/5488/4496
f 4516/5473/4504 4530/5496/4518 4531/5498/4519
f 4508/5488/4496 4524/5499/4512 4509/5474/4497
f 4517/5475/4505 4531/5498/4519 4532/5500/4520
f 4509/5474/4497 4525/5501/4513 4510/5476/4498
f 4517/5475/4505 4533/5502/4521 4518/5477/4506
f 4511/5478/4499 4525/5501/4513 4526/5503/4514
f 4519/5479/4507 4533/5502/4521 4534/5504/4522
f 4511/5478/4499 4527/5505/4515 4512/5480/4500
f 4531/5498/4519 4547/5506/4535 4532/5500/4520
f 4524/5499/4512 4540/5507/4528 4525/5501/4513
f 4532/5500/4520 4548/5508/4536 4533/5502/4521
f 4526/5503/4514 4540/5507/4528 4541/5509/4529
f 4534/5504/4522 4548/5508/4536 4549/5510/4537
f 4527/5505/4515 4541/5509/4529 4542/5511/4530
f 4535/5489/4523 4549/5510/4537 4550/5512/4538
f 4527/5505/4515 4543/5513/4531 4528/5490/4516
f 4536/5491/4524 4550/5512/4538 4551/5514/4539
f 4529/5492/4517 4543/5513/4531 4544/5515/4532
f 4522/5494/4510 4160/5516/4148 4537/5517/4525
f 4191/5518/4179 4536/5491/4524 4551/5514/4539
f 4529/5492/4517 4545/5519/4533 4530/5496/4518
f 4522/5494/4510 4538/5520/4526 4523/5497/4511
f 4531/5498/4519 4545/5519/4533 4546/5521/4534
f 4523/5497/4511 4539/5522/4527 4524/5499/4512
f 4550/5512/4538 4559/4971/4547 4551/5514/4539
f 4544/5515/4532 4554/4966/4542 4082/4973/4070
f 4537/5517/4525 4160/5523/4148 4078/4974/4066
f 4191/5524/4179 4551/5514/4539 4559/4971/4547
f 4544/5515/4532 4083/4978/4071 4545/5519/4533
f 4538/5520/4526 4078/4974/4066 4552/4980/4540
f 4546/5521/4534 4083/4978/4071 4555/4982/4543
f 4539/5522/4527 4552/4980/4540 4079/4984/4067
f 4546/5521/4534 4084/4987/4072 4547/5506/4535
f 4540/5507/4528 4079/4984/4067 4080/4989/4068
f 4547/5506/4535 4556/4991/4544 4548/5508/4536
f 4541/5509/4529 4080/4989/4068 4553/4992/4541
f 4549/5510/4537 4556/4991/4544 4557/4995/4545
f 4542/5511/4530 4553/4992/4541 4081/4996/4069
f 4549/5510/4537 4558/4969/4546 4550/5512/4538
f 4543/5513/4531 4081/4996/4069 4554/4966/4542
f 4554/4966/4542 4081/4996/4069 4090/4967/4078
f 4558/4969/4546 4098/4997/4086 4099/4970/4087
f 4554/4966/4542 4091/4968/4079 4092/4972/4080
f 4083/4978/4071 4082/4973/4070 4092/4972/4080
f 4552/4980/4540 4078/4974/4066 4085/4976/4073
f 4555/4982/4543 4083/4978/4071 4093/4979/4081
f 4079/4984/4067 4552/4980/4540 4086/4981/4074
f 4555/4982/4543 4094/4983/4082 4095/4986/4083
f 4079/4984/4067 4087/4985/4075 4088/4988/4076
f 4084/4987/4072 4095/4986/4083 4096/4990/4084
f 4553/4992/4541 4080/4989/4068 4088/4988/4076
f 4556/4991/4544 4096/4990/4084 4097/4994/4085
f 4081/4996/4069 4553/4992/4541 4089/4993/4077
f 4557/4995/4545 4097/4994/4085 4098/4997/4086
f 4096/4990/4084 4111/5013/4099 4112/4998/4100
f 4089/4993/4077 4104/5014/4092 4105/4999/4093
f 4097/4994/4085 4112/4998/4100 4113/5000/4101
f 4090/4967/4078 4105/4999/4093 4106/5001/4094
f 4098/4997/4086 4113/5000/4101 4114/5002/4102
f 4091/4968/4079 4106/5001/4094 4107/5003/4095
f 4092/4972/4080 4107/5003/4095 4108/5007/4096
f 4085/4976/4073 4100/5005/4088 4101/5008/4089
f 4094/4983/4082 4093/4979/4081 4108/5007/4096
f 4086/4981/4074 4101/5008/4089 4102/5010/4090
f 4095/4986/4083 4094/4983/4082 4109/5009/4097
f 4087/4985/4075 4102/5010/4090 4103/5012/4091
f 4095/4986/4083 4110/5011/4098 4111/5013/4099
f 4088/4988/4076 4103/5012/4091 4104/5014/4092
f 4108/5007/4096 4123/5030/4111 4124/5015/4112
f 4101/5008/4089 4116/5031/4104 4117/5016/4105
f 4110/5011/4098 4109/5009/4097 4124/5015/4112
f 4102/5010/4090 4117/5016/4105 4118/5018/4106
f 4110/5011/4098 4125/5017/4113 4126/5019/4114
f 4103/5012/4091 4118/5018/4106 4119/5020/4107
f 4112/4998/4100 4111/5013/4099 4126/5019/4114
f 4104/5014/4092 4119/5020/4107 4120/5022/4108
f 4112/4998/4100 4127/5021/4115 4128/5023/4116
f 4105/4999/4093 4120/5022/4108 4121/5024/4109
f 4114/5002/4102 4113/5000/4101 4128/5023/4116
f 4106/5001/4094 4121/5024/4109 4122/5026/4110
f 4107/5003/4095 4122/5026/4110 4123/5030/4111
f 4100/5005/4088 4115/5028/4103 4116/5031/4104
f 4128/5023/4116 4127/5021/4115 4142/5032/4130
f 4121/5024/4109 4120/5022/4108 4135/5034/4123
f 4128/5023/4116 4143/5033/4131 4144/5036/4132
f 4122/5026/4110 4121/5024/4109 4136/5035/4124
f 4122/5026/4110 4137/5037/4125 4138/5041/4126
f 4115/5028/4103 4130/5039/4118 4131/5042/4119
f 4123/5030/4111 4138/5041/4126 4139/5043/4127
f 4116/5031/4104 4131/5042/4119 4132/5044/4120
f 4125/5017/4113 4124/5015/4112 4139/5043/4127
f 4117/5016/4105 4132/5044/4120 4133/5046/4121
f 4125/5017/4113 4140/5045/4128 4141/5047/4129
f 4119/5020/4107 4118/5018/4106 4133/5046/4121
f 4126/5019/4114 4141/5047/4129 4142/5032/4130
f 4119/5020/4107 4134/5048/4122 4135/5034/4123
f 4131/5042/4119 4146/5065/4134 4147/5049/4135
f 4140/5045/4128 4139/5043/4127 4154/5050/4142
f 4132/5044/4120 4147/5049/4135 4148/5052/4136
f 4140/5045/4128 4155/5051/4143 4156/5053/4144
f 4133/5046/4121 4148/5052/4136 4149/5054/4137
f 4141/5047/4129 4156/5053/4144 4157/5055/4145
f 4134/5048/4122 4149/5054/4137 4150/5056/4138
f 4142/5032/4130 4157/5055/4145 4158/5057/4146
f 4135/5034/4123 4150/5056/4138 4151/5058/4139
f 4144/5036/4132 4143/5033/4131 4158/5057/4146
f 4137/5037/4125 4136/5035/4124 4151/5058/4139
f 4137/5037/4125 4152/5060/4140 4153/5064/4141
f 4130/5039/4118 4145/5062/4133 4146/5065/4134
f 4138/5041/4126 4153/5064/4141 4154/5050/4142
f 4150/5056/4138 4166/5081/4154 4167/5066/4155
f 4158/5057/4146 4174/5082/4162 4175/5067/4163
f 4152/5060/4140 4151/5058/4139 4167/5066/4155
f 4152/5060/4140 4168/5068/4156 4169/5072/4157
f 4145/5062/4133 4161/5070/4149 4162/5073/4150
f 4153/5064/4141 4169/5072/4157 4170/5074/4158
f 4147/5049/4135 4146/5065/4134 4162/5073/4150
f 4155/5051/4143 4154/5050/4142 4170/5074/4158
f 4147/5049/4135 4163/5075/4151 4164/5077/4152
f 4155/5051/4143 4171/5076/4159 4172/5078/4160
f 4149/5054/4137 4148/5052/4136 4164/5077/4152
f 4156/5053/4144 4172/5078/4160 4173/5080/4161
f 4149/5054/4137 4165/5079/4153 4166/5081/4154
f 4158/5057/4146 4157/5055/4145 4173/5080/4161
f 4171/5076/4159 4170/5074/4158 4185/5083/4173
f 4163/5075/4151 4178/5099/4166 4179/5085/4167
f 4171/5076/4159 4186/5084/4174 4187/5086/4175
f 4165/5079/4153 4164/5077/4152 4179/5085/4167
f 4172/5078/4160 4187/5086/4175 4188/5088/4176
f 4165/5079/4153 4180/5087/4168 4181/5089/4169
f 4174/5082/4162 4173/5080/4161 4188/5088/4176
f 4167/5066/4155 4166/5081/4154 4181/5089/4169
f 4175/5067/4163 4174/5082/4162 4189/5090/4177
f 4168/5068/4156 4167/5066/4155 4182/5091/4170
f 4168/5068/4156 4183/5093/4171 4184/5097/4172
f 4161/5070/4149 4176/5095/4164 4177/5098/4165
f 4169/5072/4157 4184/5097/4172 4185/5083/4173
f 4162/5073/4150 4177/5098/4165 4178/5099/4166
f 4189/5090/4177 4205/5116/4193 4206/5100/4194
f 4183/5093/4171 4182/5091/4170 4198/5101/4186
f 4183/5093/4171 4199/5102/4187 4200/5106/4188
f 4176/5095/4164 4192/5104/4180 4193/5107/4181
f 4185/5083/4173 4184/5097/4172 4200/5106/4188
f 4177/5098/4165 4193/5107/4181 4194/5109/4182
f 4186/5084/4174 4185/5083/4173 4201/5108/4189
f 4178/5099/4166 4194/5109/4182 4195/5111/4183
f 4186/5084/4174 4202/5110/4190 4203/5112/4191
f 4179/5085/4167 4195/5111/4183 4196/5113/4184
f 4188/5088/4176 4187/5086/4175 4203/5112/4191
f 4180/5087/4168 4196/5113/4184 4197/5115/4185
f 4189/5090/4177 4188/5088/4176 4204/5114/4192
f 4181/5089/4169 4197/5115/4185 4198/5101/4186
f 4194/5109/4182 4209/5132/4197 4210/5117/4198
f 4202/5110/4190 4217/5133/4205 4218/5118/4206
f 4195/5111/4183 4210/5117/4198 4211/5119/4199
f 4203/5112/4191 4218/5118/4206 4219/5120/4207
f 4196/5113/4184 4211/5119/4199 4212/5121/4200
f 4204/5114/4192 4219/5120/4207 4220/5122/4208
f 4197/5115/4185 4212/5121/4200 4213/5123/4201
f 4205/5116/4193 4220/5122/4208 4221/5124/4209
f 4199/5102/4187 4198/5101/4186 4213/5123/4201
f 4199/5102/4187 4214/5125/4202 4215/5129/4203
f 4193/5107/4181 4192/5104/4180 4207/5127/4195
f 4201/5108/4189 4200/5106/4188 4215/5129/4203
f 4193/5107/4181 4208/5130/4196 4209/5132/4197
f 4202/5110/4190 4201/5108/4189 4216/5131/4204
f 4214/5125/4202 4213/5123/4201 4228/5134/4216
f 4214/5125/4202 4229/5135/4217 4230/5140/4218
f 4207/5127/4195 4222/5137/4210 4223/5141/4211
f 4215/5129/4203 4230/5140/4218 4231/5142/4219
f 4208/5130/4196 4223/5141/4211 4224/5143/4212
f 4217/5133/4205 4216/5131/4204 4231/5142/4219
f 4209/5132/4197 4224/5143/4212 4225/5145/4213
f 4217/5133/4205 4232/5144/4220 4233/5146/4221
f 4211/5119/4199 4210/5117/4198 4225/5145/4213
f 4219/5120/4207 4218/5118/4206 4233/5146/4221
f 4211/5119/4199 4226/5147/4214 4227/5149/4215
f 4220/5122/4208 4219/5120/4207 4234/5148/4222
f 4212/5121/4200 4227/5149/4215 4228/5134/4216
f 4220/5122/4208 4235/5150/4223 4236/5139/4224
f 4232/5144/4220 4247/5166/4235 4248/5151/4236
f 4225/5145/4213 4240/5167/4228 4241/5152/4229
f 4234/5148/4222 4233/5146/4221 4248/5151/4236
f 4226/5147/4214 4241/5152/4229 4242/5154/4230
f 4234/5148/4222 4249/5153/4237 4250/5155/4238
f 4227/5149/4215 4242/5154/4230 4243/5156/4231
f 4235/5150/4223 4250/5155/4238 4251/5157/4239
f 4229/5135/4217 4228/5134/4216 4243/5156/4231
f 4229/5135/4217 4244/5158/4232 4245/5162/4233
f 4223/5141/4211 4222/5137/4210 4237/5160/4225
f 4230/5140/4218 4245/5162/4233 4246/5164/4234
f 4223/5141/4211 4238/5163/4226 4239/5165/4227
f 4232/5144/4220 4231/5142/4219 4246/5164/4234
f 4224/5143/4212 4239/5165/4227 4240/5167/4228
f 4244/5158/4232 4259/5182/4247 4260/5170/4248
f 4237/5160/4225 4252/5184/4240 4253/5171/4241
f 4245/5162/4233 4260/5170/4248 4261/5172/4249
f 4238/5163/4226 4253/5171/4241 4254/5173/4242
f 4247/5166/4235 4246/5164/4234 4261/5172/4249
f 4239/5165/4227 4254/5173/4242 4255/5175/4243
f 4247/5166/4235 4262/5174/4250 4263/5176/4251
f 4241/5152/4229 4240/5167/4228 4255/5175/4243
f 4249/5153/4237 4248/5151/4236 4263/5176/4251
f 4241/5152/4229 4256/5177/4244 4257/5179/4245
f 4250/5155/4238 4249/5153/4237 4264/5178/4252
f 4242/5154/4230 4257/5179/4245 4258/5181/4246
f 4250/5155/4238 4265/5180/4253 4266/5169/4254
f 4244/5158/4232 4243/5156/4231 4258/5181/4246
f 4263/5176/4251 4278/5200/4266 4279/5185/4267
f 4256/5177/4244 4271/5201/4259 4272/5186/4260
f 4265/5180/4253 4264/5178/4252 4279/5185/4267
f 4257/5179/4245 4272/5186/4260 4273/5188/4261
f 4266/5169/4254 4265/5180/4253 4280/5187/4268
f 4259/5182/4247 4258/5181/4246 4273/5188/4261
f 4259/5182/4247 4274/5190/4262 4275/5194/4263
f 4252/5184/4240 4267/5192/4255 4268/5195/4256
f 4260/5170/4248 4275/5194/4263 4276/5196/4264
f 4253/5171/4241 4268/5195/4256 4269/5197/4257
f 4262/5174/4250 4261/5172/4249 4276/5196/4264
f 4254/5173/4242 4269/5197/4257 4270/5199/4258
f 4262/5174/4250 4277/5198/4265 4278/5200/4266
f 4255/5175/4243 4270/5199/4258 4271/5201/4259
f 4268/5195/4256 4267/5192/4255 4282/5202/4270
f 4275/5194/4263 4290/5218/4278 4291/5204/4279
f 4268/5195/4256 4283/5203/4271 4284/5205/4272
f 4277/5198/4265 4276/5196/4264 4291/5204/4279
f 4269/5197/4257 4284/5205/4272 4285/5207/4273
f 4277/5198/4265 4292/5206/4280 4293/5208/4281
f 4271/5201/4259 4270/5199/4258 4285/5207/4273
f 4278/5200/4266 4293/5208/4281 4294/5210/4282
f 4271/5201/4259 4286/5209/4274 4287/5211/4275
f 4280/5187/4268 4279/5185/4267 4294/5210/4282
f 4272/5186/4260 4287/5211/4275 4288/5213/4276
f 4280/5187/4268 4295/5212/4283 4296/5214/4284
f 4274/5190/4262 4273/5188/4261 4288/5213/4276
f 4274/5190/4262 4289/5215/4277 4290/5218/4278
f 4286/5209/4274 4301/5235/4289 4302/5219/4290
f 4295/5212/4283 4294/5210/4282 4309/5220/4297
f 4288/5213/4276 4287/5211/4275 4302/5219/4290
f 4296/5214/4284 4295/5212/4283 4310/5221/4298
f 4289/5215/4277 4288/5213/4276 4303/5222/4291
f 4289/5215/4277 4304/5224/4292 4305/5228/4293
f 4282/5202/4270 4297/5226/4285 4298/5229/4286
f 4290/5218/4278 4305/5228/4293 4306/5230/4294
f 4284/5205/4272 4283/5203/4271 4298/5229/4286
f 4292/5206/4280 4291/5204/4279 4306/5230/4294
f 4284/5205/4272 4299/5231/4287 4300/5233/4288
f 4292/5206/4280 4307/5232/4295 4308/5234/4296
f 4285/5207/4273 4300/5233/4288 4301/5235/4289
f 4293/5208/4281 4308/5234/4296 4309/5220/4297
f 4305/5228/4293 4320/5251/4308 4321/5236/4309
f 4298/5229/4286 4313/5252/4301 4314/5237/4302
f 4307/5232/4295 4306/5230/4294 4321/5236/4309
f 4299/5231/4287 4314/5237/4302 4315/5239/4303
f 4307/5232/4295 4322/5238/4310 4323/5240/4311
f 4301/5235/4289 4300/5233/4288 4315/5239/4303
f 4308/5234/4296 4323/5240/4311 4324/5242/4312
f 4301/5235/4289 4316/5241/4304 4317/5243/4305
f 4310/5221/4298 4309/5220/4297 4324/5242/4312
f 4302/5219/4290 4317/5243/4305 4318/5245/4306
f 4311/5223/4299 4310/5221/4298 4325/5244/4313
f 4304/5224/4292 4303/5222/4291 4318/5245/4306
f 4304/5224/4292 4319/5247/4307 4320/5251/4308
f 4297/5226/4285 4312/5249/4300 4313/5252/4301
f 4325/5244/4313 4324/5242/4312 4339/5253/4327
f 4317/5243/4305 4332/5269/4320 4333/5255/4321
f 4326/5246/4314 4325/5244/4313 4340/5254/4328
f 4319/5247/4307 4318/5245/4306 4333/5255/4321
f 4319/5247/4307 4334/5257/4322 4335/5261/4323
f 4312/5249/4300 4327/5259/4315 4328/5262/4316
f 4320/5251/4308 4335/5261/4323 4336/5263/4324
f 4313/5252/4301 4328/5262/4316 4329/5264/4317
f 4321/5236/4309 4336/5263/4324 4337/5265/4325
f 4314/5237/4302 4329/5264/4317 4330/5266/4318
f 4322/5238/4310 4337/5265/4325 4338/5267/4326
f 4316/5241/4304 4315/5239/4303 4330/5266/4318
f 4323/5240/4311 4338/5267/4326 4339/5253/4327
f 4316/5241/4304 4331/5268/4319 4332/5269/4320
f 4328/5262/4316 4343/5285/4331 4344/5270/4332
f 4336/5263/4324 4351/5286/4339 4352/5271/4340
f 4330/5266/4318 4329/5264/4317 4344/5270/4332
f 4337/5265/4325 4352/5271/4340 4353/5273/4341
f 4330/5266/4318 4345/5272/4333 4346/5274/4334
f 4338/5267/4326 4353/5273/4341 4354/5275/4342
f 4331/5268/4319 4346/5274/4334 4347/5276/4335
f 4339/5253/4327 4354/5275/4342 4355/5277/4343
f 4333/5255/4321 4332/5269/4320 4347/5276/4335
f 4341/5256/4329 4340/5254/4328 4355/5277/4343
f 4334/5257/4322 4333/5255/4321 4348/5278/4336
f 4334/5257/4322 4349/5280/4337 4350/5284/4338
f 4327/5259/4315 4342/5282/4330 4343/5285/4331
f 4335/5261/4323 4350/5284/4338 4351/5286/4339
f 4347/5276/4335 4362/5302/4350 4363/5287/4351
f 4355/5277/4343 4370/5303/4358 4371/5288/4359
f 4349/5280/4337 4348/5278/4336 4363/5287/4351
f 4349/5280/4337 4364/5289/4352 4365/5293/4353
f 4342/5282/4330 4357/5291/4345 4358/5294/4346
f 4350/5284/4338 4365/5293/4353 4366/5295/4354
f 4343/5285/4331 4358/5294/4346 4359/5296/4347
f 4352/5271/4340 4351/5286/4339 4366/5295/4354
f 4344/5270/4332 4359/5296/4347 4360/5298/4348
f 4353/5273/4341 4352/5271/4340 4367/5297/4355
f 4346/5274/4334 4345/5272/4333 4360/5298/4348
f 4354/5275/4342 4353/5273/4341 4368/5299/4356
f 4346/5274/4334 4361/5300/4349 4362/5302/4350
f 4355/5277/4343 4354/5275/4342 4369/5301/4357
f 4367/5297/4355 4366/5295/4354 4381/5304/4369
f 4359/5296/4347 4374/5320/4362 4375/5306/4363
f 4367/5297/4355 4382/5305/4370 4383/5307/4371
f 4361/5300/4349 4360/5298/4348 4375/5306/4363
f 4369/5301/4357 4368/5299/4356 4383/5307/4371
f 4361/5300/4349 4376/5308/4364 4377/5310/4365
f 4370/5303/4358 4369/5301/4357 4384/5309/4372
f 4362/5302/4350 4377/5310/4365 4378/5312/4366
f 4370/5303/4358 4385/5311/4373 4386/5313/4374
f 4364/5289/4352 4363/5287/4351 4378/5312/4366
f 4364/5289/4352 4379/5314/4367 4380/5318/4368
f 4358/5294/4346 4357/5291/4345 4372/5316/4360
f 4366/5295/4354 4365/5293/4353 4380/5318/4368
f 4358/5294/4346 4373/5319/4361 4374/5320/4362
f 4385/5311/4373 4400/5337/4388 4401/5321/4389
f 4379/5314/4367 4378/5312/4366 4393/5322/4381
f 4379/5314/4367 4394/5323/4382 4395/5327/4383
f 4372/5316/4360 4387/5325/4375 4388/5328/4376
f 4381/5304/4369 4380/5318/4368 4395/5327/4383
f 4373/5319/4361 4388/5328/4376 4389/5330/4377
f 4382/5305/4370 4381/5304/4369 4396/5329/4384
f 4374/5320/4362 4389/5330/4377 4390/5332/4378
f 4382/5305/4370 4397/5331/4385 4398/5333/4386
f 4376/5308/4364 4375/5306/4363 4390/5332/4378
f 4384/5309/4372 4383/5307/4371 4398/5333/4386
f 4376/5308/4364 4391/5334/4379 4392/5336/4380
f 4384/5309/4372 4399/5335/4387 4400/5337/4388
f 4377/5310/4365 4392/5336/4380 4393/5322/4381
f 4397/5331/4385 4412/5354/4400 4413/5338/4401
f 4391/5334/4379 4390/5332/4378 4405/5339/4393
f 4399/5335/4387 4398/5333/4386 4413/5338/4401
f 4391/5334/4379 4406/5340/4394 4407/5342/4395
f 4400/5337/4388 4399/5335/4387 4414/5341/4402
f 4392/5336/4380 4407/5342/4395 4408/5344/4396
f 4400/5337/4388 4415/5343/4403 4416/5345/4404
f 4394/5323/4382 4393/5322/4381 4408/5344/4396
f 4394/5323/4382 4409/5346/4397 4410/5350/4398
f 4388/5328/4376 4387/5325/4375 4402/5348/4390
f 4396/5329/4384 4395/5327/4383 4410/5350/4398
f 4388/5328/4376 4403/5351/4391 4404/5353/4392
f 4397/5331/4385 4396/5329/4384 4411/5352/4399
f 4389/5330/4377 4404/5353/4392 4405/5339/4393
f 4409/5346/4397 4424/5371/4412 4425/5359/4413
f 4402/5348/4390 4417/5356/4405 4418/5360/4406
f 4410/5350/4398 4425/5359/4413 4426/5361/4414
f 4403/5351/4391 4418/5360/4406 4419/5362/4407
f 4412/5354/4400 4411/5352/4399 4426/5361/4414
f 4404/5353/4392 4419/5362/4407 4420/5364/4408
f 4412/5354/4400 4427/5363/4415 4428/5365/4416
f 4406/5340/4394 4405/5339/4393 4420/5364/4408
f 4414/5341/4402 4413/5338/4401 4428/5365/4416
f 4406/5340/4394 4421/5366/4409 4422/5368/4410
f 4415/5343/4403 4414/5341/4402 4429/5367/4417
f 4407/5342/4395 4422/5368/4410 4423/5370/4411
f 4415/5343/4403 4430/5369/4418 4431/5358/4419
f 4409/5346/4397 4408/5344/4396 4423/5370/4411
f 4421/5366/4409 4420/5364/4408 4435/5372/4423
f 4429/5367/4417 4428/5365/4416 4443/5374/4431
f 4421/5366/4409 4436/5373/4424 4437/5376/4425
f 4430/5369/4418 4429/5367/4417 4444/5375/4432
f 4422/5368/4410 4437/5376/4425 4438/5378/4426
f 4430/5369/4418 4445/5377/4433 4446/5379/4434
f 4424/5371/4412 4423/5370/4411 4438/5378/4426
f 4424/5371/4412 4439/5380/4427 4440/5384/4428
f 4418/5360/4406 4417/5356/4405 4432/5382/4420
f 4425/5359/4413 4440/5384/4428 4441/5386/4429
f 4418/5360/4406 4433/5385/4421 4434/5387/4422
f 4427/5363/4415 4426/5361/4414 4441/5386/4429
f 4419/5362/4407 4434/5387/4422 4435/5372/4423
f 4427/5363/4415 4442/5388/4430 4443/5374/4431
f 4439/5389/4427 4454/5417/4442 4455/5390/4443
f 4432/5392/4420 4447/5419/4435 4448/5393/4436
f 4441/5395/4429 4440/5391/4428 4455/5390/4443
f 4433/5394/4421 4448/5393/4436 4449/5397/4437
f 4441/5395/4429 4456/5396/4444 4457/5399/4445
f 4434/5398/4422 4449/5397/4437 4450/5401/4438
f 4442/5400/4430 4457/5399/4445 4458/5403/4446
f 4436/5405/4424 4435/5402/4423 4450/5401/4438
f 4443/5404/4431 4458/5403/4446 4459/5407/4447
f 4436/5405/4424 4451/5406/4439 4452/5409/4440
f 4445/5411/4433 4444/5408/4432 4459/5407/4447
f 4437/5410/4425 4452/5409/4440 4453/5413/4441
f 4445/5411/4433 4460/5412/4448 4461/5415/4449
f 4439/5389/4427 4438/5414/4426 4453/5413/4441
f 4459/5407/4447 4458/5403/4446 4473/5421/4461
f 4451/5406/4439 4466/5437/4454 4467/5423/4455
f 4459/5407/4447 4474/5422/4462 4475/5424/4463
f 4452/5409/4440 4467/5423/4455 4468/5425/4456
f 4461/5415/4449 4460/5412/4448 4475/5424/4463
f 4454/5417/4442 4453/5413/4441 4468/5425/4456
f 4454/5417/4442 4469/5427/4457 4470/5431/4458
f 4447/5419/4435 4462/5429/4450 4463/5432/4451
f 4456/5396/4444 4455/5390/4443 4470/5431/4458
f 4448/5393/4436 4463/5432/4451 4464/5434/4452
f 4457/5399/4445 4456/5396/4444 4471/5433/4459
f 4449/5397/4437 4464/5434/4452 4465/5436/4453
f 4457/5399/4445 4472/5435/4460 4473/5421/4461
f 4451/5406/4439 4450/5401/4438 4465/5436/4453
f 4463/5432/4451 4462/5429/4450 4477/5438/4465
f 4471/5433/4459 4470/5431/4458 4485/5440/4473
f 4464/5434/4452 4463/5432/4451 4478/5439/4466
f 4472/5435/4460 4471/5433/4459 4486/5441/4474
f 4464/5434/4452 4479/5442/4467 4480/5444/4468
f 4472/5435/4460 4487/5443/4475 4488/5445/4476
f 4466/5437/4454 4465/5436/4453 4480/5444/4468
f 4473/5421/4461 4488/5445/4476 4489/5447/4477
f 4466/5437/4454 4481/5446/4469 4482/5448/4470
f 4475/5424/4463 4474/5422/4462 4489/5447/4477
f 4467/5423/4455 4482/5448/4470 4483/5450/4471
f 4475/5424/4463 4490/5449/4478 4491/5451/4479
f 4469/5427/4457 4468/5425/4456 4483/5450/4471
f 4469/5427/4457 4484/5452/4472 4485/5440/4473
f 4481/5446/4469 4496/5470/4484 4497/5455/4485
f 4489/5447/4477 4504/5471/4492 4505/5456/4493
f 4482/5448/4470 4497/5455/4485 4498/5457/4486
f 4490/5449/4478 4505/5456/4493 4506/5458/4494
f 4484/5452/4472 4483/5450/4471 4498/5457/4486
f 4484/5452/4472 4499/5459/4487 4500/5463/4488
f 4477/5438/4465 4492/5461/4480 4493/5464/4481
f 4486/5441/4474 4485/5440/4473 4500/5463/4488
f 4479/5442/4467 4478/5439/4466 4493/5464/4481
f 4487/5443/4475 4486/5441/4474 4501/5465/4489
f 4479/5442/4467 4494/5466/4482 4495/5468/4483
f 4487/5443/4475 4502/5467/4490 4503/5469/4491
f 4481/5446/4469 4480/5444/4468 4495/5468/4483
f 4489/5447/4477 4488/5445/4476 4503/5469/4491
f 4501/5465/4489 4500/5463/4488 4515/5472/4503
f 4493/5464/4481 4508/5488/4496 4509/5474/4497
f 4501/5465/4489 4516/5473/4504 4517/5475/4505
f 4494/5466/4482 4509/5474/4497 4510/5476/4498
f 4502/5467/4490 4517/5475/4505 4518/5477/4506
f 4496/5470/4484 4495/5468/4483 4510/5476/4498
f 4504/5471/4492 4503/5469/4491 4518/5477/4506
f 4496/5470/4484 4511/5478/4499 4512/5480/4500
f 4504/5471/4492 4519/5479/4507 4520/5481/4508
f 4497/5455/4485 4512/5480/4500 4513/5482/4501
f 4506/5458/4494 4505/5456/4493 4520/5481/4508
f 4499/5459/4487 4498/5457/4486 4513/5482/4501
f 4499/5459/4487 4514/5484/4502 4515/5472/4503
f 4492/5461/4480 4507/5486/4495 4508/5488/4496
f 4519/5479/4507 4534/5504/4522 4535/5489/4523
f 4512/5480/4500 4527/5505/4515 4528/5490/4516
f 4520/5481/4508 4535/5489/4523 4536/5491/4524
f 4514/5484/4502 4513/5482/4501 4528/5490/4516
f 4514/5484/4502 4529/5492/4517 4530/5496/4518
f 4507/5486/4495 4522/5494/4510 4523/5497/4511
f 4516/5473/4504 4515/5472/4503 4530/5496/4518
f 4508/5488/4496 4523/5497/4511 4524/5499/4512
f 4517/5475/4505 4516/5473/4504 4531/5498/4519
f 4509/5474/4497 4524/5499/4512 4525/5501/4513
f 4517/5475/4505 4532/5500/4520 4533/5502/4521
f 4511/5478/4499 4510/5476/4498 4525/5501/4513
f 4519/5479/4507 4518/5477/4506 4533/5502/4521
f 4511/5478/4499 4526/5503/4514 4527/5505/4515
f 4531/5498/4519 4546/5521/4534 4547/5506/4535
f 4524/5499/4512 4539/5522/4527 4540/5507/4528
f 4532/5500/4520 4547/5506/4535 4548/5508/4536
f 4526/5503/4514 4525/5501/4513 4540/5507/4528
f 4534/5504/4522 4533/5502/4521 4548/5508/4536
f 4527/5505/4515 4526/5503/4514 4541/5509/4529
f 4535/5489/4523 4534/5504/4522 4549/5510/4537
f 4527/5505/4515 4542/5511/4530 4543/5513/4531
f 4536/5491/4524 4535/5489/4523 4550/5512/4538
f 4529/5492/4517 4528/5490/4516 4543/5513/4531
f 4529/5492/4517 4544/5515/4532 4545/5519/4533
f 4522/5494/4510 4537/5517/4525 4538/5520/4526
f 4531/5498/4519 4530/5496/4518 4545/5519/4533
f 4523/5497/4511 4538/5520/4526 4539/5522/4527
f 4550/5512/4538 4558/4969/4546 4559/4971/4547
f 4544/5515/4532 4543/5513/4531 4554/4966/4542
f 4544/5515/4532 4082/4973/4070 4083/4978/4071
f 4538/5520/4526 4537/5517/4525 4078/4974/4066
f 4546/5521/4534 4545/5519/4533 4083/4978/4071
f 4539/5522/4527 4538/5520/4526 4552/4980/4540
f 4546/5521/4534 4555/4982/4543 4084/4987/4072
f 4540/5507/4528 4539/5522/4527 4079/4984/4067
f 4547/5506/4535 4084/4987/4072 4556/4991/4544
f 4541/5509/4529 4540/5507/4528 4080/4989/4068
f 4549/5510/4537 4548/5508/4536 4556/4991/4544
f 4542/5511/4530 4541/5509/4529 4553/4992/4541
f 4549/5510/4537 4557/4995/4545 4558/4969/4546
f 4543/5513/4531 4542/5511/4530 4081/4996/4069
o Sphere.004
v 0.613651 0.680170 3.292701
v 0.610561 0.658185 3.285273
v 0.607231 0.634495 3.259953
v 0.606374 0.628397 3.237366
v 0.606421 0.628727 3.225609
v 0.606786 0.631323 3.214143
v 0.607455 0.636083 3.203408
v 0.609592 0.651293 3.185740
v 0.611421 0.680710 3.292686
v 0.607680 0.669875 3.290050
v 0.604210 0.659723 3.285228
v 0.601143 0.650645 3.278407
v 0.598597 0.642990 3.269847
v 0.596670 0.637052 3.259879
v 0.595436 0.633059 3.248884
v 0.594943 0.631165 3.237286
v 0.595209 0.631442 3.225530
v 0.596224 0.633880 3.214068
v 0.597950 0.638385 3.203341
v 0.600319 0.644784 3.193761
v 0.603241 0.652831 3.185695
v 0.606604 0.662216 3.179454
v 0.610278 0.672580 3.175278
v 0.609339 0.681674 3.292639
v 0.603596 0.671765 3.289958
v 0.598281 0.662467 3.285096
v 0.593597 0.654138 3.278238
v 0.589724 0.647097 3.269649
v 0.586811 0.641615 3.259659
v 0.584969 0.637904 3.248650
v 0.584271 0.636104 3.237048
v 0.584742 0.636286 3.225296
v 0.586365 0.638443 3.213848
v 0.589076 0.642492 3.203143
v 0.592773 0.648276 3.193592
v 0.597312 0.655575 3.185563
v 0.602520 0.664106 3.179363
v 0.608196 0.673544 3.175232
v 0.607485 0.683024 3.292564
v 0.599960 0.674413 3.289810
v 0.593002 0.666312 3.284881
v 0.586877 0.659032 3.277965
v 0.581823 0.652852 3.269328
v 0.578031 0.648010 3.259301
v 0.575649 0.644692 3.248271
v 0.574768 0.643025 3.236661
v 0.575422 0.643074 3.224917
v 0.577586 0.644837 3.213491
v 0.581175 0.648246 3.202821
v 0.586054 0.653170 3.193319
v 0.592033 0.659420 3.185348
v 0.598884 0.666755 3.179215
v 0.606342 0.674894 3.175156
v 0.605930 0.684709 3.292462
v 0.596911 0.677718 3.289611
v 0.588575 0.671110 3.284592
v 0.581243 0.665139 3.277597
v 0.575198 0.660033 3.268895
v 0.570670 0.655989 3.258820
v 0.567835 0.653162 3.247761
v 0.566801 0.651662 3.236140
v 0.567608 0.651545 3.224407
v 0.570224 0.652817 3.213010
v 0.574550 0.655427 3.202389
v 0.580420 0.659277 3.192951
v 0.587606 0.664218 3.185059
v 0.595834 0.670060 3.179016
v 0.604788 0.676579 3.175055
v 0.604735 0.686664 3.292338
v 0.594566 0.681553 3.289369
v 0.585171 0.676677 3.284240
v 0.576911 0.672224 3.277148
v 0.570103 0.668364 3.268367
v 0.565010 0.665246 3.258234
v 0.561826 0.662990 3.247139
v 0.560674 0.661682 3.235506
v 0.561598 0.661373 3.223785
v 0.564564 0.662074 3.212424
v 0.569456 0.663759 3.201861
v 0.576087 0.666363 3.192502
v 0.584202 0.669785 3.184706
v 0.593490 0.673895 3.178773
v 0.603592 0.678534 3.174931
v 0.615287 0.691813 3.293035
v 0.603945 0.688813 3.292197
v 0.593016 0.685770 3.289092
v 0.582921 0.682799 3.283838
v 0.574047 0.680016 3.276637
v 0.566735 0.677526 3.267766
v 0.561267 0.675426 3.257566
v 0.557853 0.673797 3.246429
v 0.556623 0.672701 3.234783
v 0.557626 0.672180 3.223075
v 0.560822 0.672254 3.211756
v 0.566088 0.672921 3.201260
v 0.573223 0.674154 3.191991
v 0.581952 0.675907 3.184304
v 0.591940 0.678111 3.178496
v 0.602802 0.680683 3.174790
v 0.603590 0.691075 3.292044
v 0.592320 0.690207 3.288791
v 0.581910 0.689240 3.283401
v 0.572761 0.688214 3.276081
v 0.565223 0.687166 3.267113
v 0.559587 0.686138 3.256840
v 0.556070 0.685168 3.245659
v 0.554805 0.684295 3.233998
v 0.555842 0.683551 3.222305
v 0.559142 0.682966 3.211030
v 0.564576 0.682561 3.200607
v 0.571937 0.682352 3.191435
v 0.580942 0.682348 3.183868
v 0.591244 0.682548 3.178196
v 0.602447 0.682945 3.174637
v 0.603684 0.693362 3.291885
v 0.592505 0.694693 3.288479
v 0.582179 0.695754 3.282948
v 0.573103 0.696504 3.275504
v 0.565625 0.696914 3.266434
v 0.560034 0.696969 3.256086
v 0.556544 0.696667 3.244858
v 0.555288 0.696019 3.233181
v 0.556316 0.695050 3.221504
v 0.559588 0.693797 3.210276
v 0.564978 0.692309 3.199928
v 0.572279 0.690642 3.190858
v 0.581210 0.688861 3.183414
v 0.591429 0.687035 3.177883
v 0.602542 0.685232 3.174477
v 0.604224 0.695587 3.291725
v 0.593564 0.699057 3.288166
v 0.583716 0.702089 3.282494
v 0.575059 0.704567 3.274927
v 0.567926 0.706395 3.265755
v 0.562590 0.707504 3.255332
v 0.559257 0.707851 3.244057
v 0.558055 0.707422 3.232364
v 0.559030 0.706233 3.220703
v 0.562144 0.704332 3.209522
v 0.567279 0.701790 3.199249
v 0.574235 0.698705 3.190281
v 0.582748 0.695196 3.182961
v 0.592488 0.691398 3.177571
v 0.603081 0.687457 3.174318
v 0.605189 0.697663 3.291572
v 0.595456 0.703130 3.287866
v 0.586463 0.708002 3.282058
v 0.578555 0.712093 3.274371
v 0.572037 0.715245 3.265102
v 0.567158 0.717337 3.254606
v 0.564106 0.718290 3.243287
v 0.562999 0.718065 3.231579
v 0.563879 0.716673 3.219933
v 0.566712 0.714165 3.208796
v 0.571389 0.710640 3.198596
v 0.577731 0.706231 3.189725
v 0.585494 0.701110 3.182524
v 0.594379 0.695472 3.177270
v 0.604046 0.689533 3.174165
v 0.606541 0.699512 3.291431
v 0.598108 0.706756 3.287589
v 0.590313 0.713266 3.281656
v 0.583456 0.718793 3.273860
v 0.577799 0.723124 3.264501
v 0.573561 0.726092 3.253938
v 0.570904 0.727583 3.242577
v 0.569930 0.727541 3.230856
v 0.570676 0.725966 3.219223
v 0.573115 0.722920 3.208128
v 0.577152 0.718518 3.197995
v 0.582632 0.712932 3.189214
v 0.589345 0.706374 3.182122
v 0.597032 0.699098 3.176993
v 0.605398 0.691382 3.174024
v 0.608229 0.701062 3.291307
v 0.601419 0.709796 3.287346
v 0.595120 0.717680 3.281303
v 0.589573 0.724410 3.273411
v 0.584993 0.729728 3.263973
v 0.581554 0.733430 3.253352
v 0.579389 0.735374 3.241955
v 0.578581 0.735484 3.230222
v 0.579162 0.733757 3.218601
v 0.581108 0.730258 3.207542
v 0.584345 0.725123 3.197467
v 0.588750 0.718548 3.188765
v 0.594151 0.710787 3.181770
v 0.600343 0.702137 3.176751
v 0.607086 0.692932 3.173900
v 0.610187 0.702253 3.291206
v 0.605261 0.712132 3.287147
v 0.600698 0.721072 3.281014
v 0.596672 0.728727 3.273043
v 0.593340 0.734805 3.263541
v 0.590829 0.739071 3.252871
v 0.589236 0.741362 3.241445
v 0.588621 0.741590 3.229701
v 0.589008 0.739745 3.218091
v 0.590383 0.735899 3.207061
v 0.592693 0.730200 3.197034
v 0.595849 0.722866 3.188397
v 0.599729 0.714179 3.181481
v 0.604185 0.704474 3.176552
v 0.609045 0.694123 3.173798
v 0.612341 0.703040 3.291130
v 0.609486 0.713676 3.286999
v 0.606832 0.723313 3.280799
v 0.604480 0.731579 3.272770
v 0.602521 0.738159 3.263219
v 0.601031 0.742798 3.252514
v 0.600066 0.745318 3.241066
v 0.599663 0.745623 3.229314
v 0.599838 0.743701 3.217712
v 0.600585 0.739626 3.206703
v 0.601874 0.733554 3.196713
v 0.603657 0.725718 3.188124
v 0.605864 0.716420 3.181266
v 0.608410 0.706018 3.176404
v 0.611199 0.694910 3.173723
v 0.614608 0.703392 3.291084
v 0.613933 0.714367 3.286908
v 0.613288 0.724316 3.280667
v 0.612697 0.732857 3.272601
v 0.612183 0.739661 3.263021
v 0.611766 0.744467 3.252294
v 0.611462 0.747090 3.240832
v 0.611283 0.747430 3.229076
v 0.611235 0.745473 3.217478
v 0.611320 0.741295 3.206483
v 0.611536 0.735056 3.196515
v 0.611873 0.726995 3.187955
v 0.612319 0.717424 3.181134
v 0.612857 0.706709 3.176312
v 0.613466 0.695262 3.173676
v 0.616901 0.703297 3.291068
v 0.618430 0.714180 3.286877
v 0.619817 0.724044 3.280622
v 0.621007 0.732510 3.272545
v 0.621954 0.739253 3.262954
v 0.622623 0.744014 3.252219
v 0.622988 0.746609 3.240753
v 0.623035 0.746940 3.228996
v 0.622761 0.744992 3.217399
v 0.622178 0.740842 3.206409
v 0.621307 0.734648 3.196448
v 0.620183 0.726649 3.187898
v 0.618848 0.717152 3.181089
v 0.617354 0.706521 3.176282
v 0.615758 0.695167 3.173661
v 0.614122 0.683524 3.173327
v 0.619131 0.702757 3.291084
v 0.622805 0.713120 3.286908
v 0.626168 0.722506 3.280667
v 0.629090 0.730553 3.272601
v 0.631459 0.736952 3.263021
v 0.633185 0.741457 3.252294
v 0.634200 0.743895 3.240832
v 0.634466 0.744172 3.229076
v 0.633973 0.742277 3.217478
v 0.632739 0.738285 3.206483
v 0.630812 0.732347 3.196515
v 0.628266 0.724692 3.187955
v 0.625199 0.715614 3.181134
v 0.621729 0.705462 3.176312
v 0.617988 0.694627 3.173676
v 0.621213 0.701793 3.291130
v 0.626889 0.711230 3.286999
v 0.632097 0.719762 3.280799
v 0.636636 0.727060 3.272770
v 0.640333 0.732845 3.263219
v 0.643044 0.736893 3.252514
v 0.644667 0.739050 3.241066
v 0.645138 0.739232 3.229314
v 0.644440 0.737433 3.217712
v 0.642598 0.733721 3.206703
v 0.639685 0.728240 3.196713
v 0.635812 0.721199 3.188124
v 0.631128 0.712870 3.181266
v 0.625813 0.703572 3.176404
v 0.620070 0.693663 3.173723
v 0.623067 0.700443 3.291206
v 0.630525 0.708582 3.287147
v 0.637376 0.715917 3.281014
v 0.643355 0.722166 3.273043
v 0.648234 0.727090 3.263541
v 0.651823 0.730499 3.252871
v 0.653987 0.732262 3.241445
v 0.654640 0.732311 3.229701
v 0.653759 0.730645 3.218091
v 0.651378 0.727327 3.207061
v 0.647586 0.722485 3.197034
v 0.642532 0.716305 3.188397
v 0.636407 0.709025 3.181481
v 0.629449 0.700923 3.176552
v 0.621924 0.692313 3.173798
v 0.624621 0.698758 3.291307
v 0.633575 0.705277 3.287346
v 0.641803 0.711119 3.281303
v 0.648989 0.716060 3.273411
v 0.654859 0.719909 3.263973
v 0.659185 0.722520 3.253352
v 0.661801 0.723792 3.241955
v 0.662608 0.723675 3.230222
v 0.661574 0.722174 3.218601
v 0.658739 0.719348 3.207542
v 0.654211 0.715304 3.197467
v 0.648166 0.710198 3.188765
v 0.640834 0.704226 3.181770
v 0.632498 0.697618 3.176751
v 0.623479 0.690628 3.173900
v 0.625817 0.696803 3.291431
v 0.635919 0.701442 3.287589
v 0.645207 0.705552 3.281656
v 0.653322 0.708974 3.273860
v 0.659953 0.711578 3.264501
v 0.664845 0.713263 3.253938
v 0.667810 0.713964 3.242577
v 0.668735 0.713655 3.230856
v 0.667583 0.712347 3.219223
v 0.664399 0.710090 3.208128
v 0.659306 0.706972 3.197995
v 0.652498 0.703113 3.189214
v 0.644238 0.698659 3.182122
v 0.634843 0.693784 3.176993
v 0.624674 0.688673 3.174024
v 0.626607 0.694653 3.291572
v 0.637469 0.697225 3.287866
v 0.647457 0.699430 3.282058
v 0.656186 0.701183 3.274371
v 0.663321 0.702416 3.265102
v 0.668587 0.703083 3.254606
v 0.671783 0.703157 3.243287
v 0.672786 0.702636 3.231579
v 0.671556 0.701540 3.219933
v 0.668141 0.699910 3.208796
v 0.662673 0.697811 3.198596
v 0.655362 0.695321 3.189725
v 0.646488 0.692538 3.182524
v 0.636393 0.689567 3.177270
v 0.625464 0.686523 3.174165
v 0.626962 0.692391 3.291725
v 0.638165 0.692788 3.288166
v 0.648467 0.692989 3.282494
v 0.657472 0.692984 3.274927
v 0.664833 0.692776 3.265755
v 0.670267 0.692371 3.255332
v 0.673567 0.691785 3.244057
v 0.674604 0.691042 3.232364
v 0.673339 0.690168 3.220703
v 0.669822 0.689199 3.209522
v 0.664185 0.688170 3.199249
v 0.656648 0.687123 3.190281
v 0.647499 0.686096 3.182961
v 0.637089 0.685130 3.177571
v 0.625819 0.684261 3.174318
v 0.626867 0.690104 3.291885
v 0.637980 0.688302 3.288479
v 0.648199 0.686475 3.282948
v 0.657130 0.684694 3.275504
v 0.664431 0.683028 3.266434
v 0.669821 0.681540 3.256086
v 0.673092 0.680287 3.244858
v 0.674121 0.679318 3.233181
v 0.672865 0.678670 3.221504
v 0.669375 0.678367 3.210276
v 0.663783 0.678423 3.199928
v 0.656306 0.678833 3.190858
v 0.647230 0.679583 3.183414
v 0.636904 0.680644 3.177883
v 0.625725 0.681974 3.174477
v 0.626328 0.687880 3.292044
v 0.636921 0.683938 3.288791
v 0.646661 0.680140 3.283401
v 0.655173 0.676631 3.276081
v 0.662130 0.673547 3.267113
v 0.667264 0.671005 3.256840
v 0.670379 0.669103 3.245659
v 0.671354 0.667915 3.233998
v 0.670152 0.667486 3.222305
v 0.666819 0.667833 3.211030
v 0.661483 0.668941 3.200607
v 0.654350 0.670770 3.191435
v 0.645693 0.673248 3.183868
v 0.635845 0.676280 3.178196
v 0.625185 0.679750 3.174637
v 0.625363 0.685803 3.292197
v 0.635029 0.679865 3.289092
v 0.643915 0.674227 3.283838
v 0.651678 0.669105 3.276637
v 0.658020 0.664697 3.267766
v 0.662697 0.661171 3.257566
v 0.665530 0.658664 3.246429
v 0.666410 0.657271 3.234783
v 0.665303 0.657047 3.223075
v 0.662251 0.657999 3.211756
v 0.657372 0.660092 3.201260
v 0.650854 0.663244 3.191991
v 0.642946 0.667335 3.184304
v 0.633953 0.672207 3.178496
v 0.624220 0.677673 3.174790
v 0.624011 0.683955 3.292338
v 0.632377 0.676239 3.289369
v 0.640064 0.668963 3.284240
v 0.646777 0.662405 3.277148
v 0.652257 0.656818 3.268367
v 0.656294 0.652417 3.258234
v 0.658732 0.649371 3.247139
v 0.659479 0.647796 3.235506
v 0.658505 0.647753 3.223785
v 0.655848 0.649245 3.212424
v 0.651610 0.652213 3.201861
v 0.645953 0.656543 3.192502
v 0.639096 0.662070 3.184706
v 0.631301 0.668581 3.178773
v 0.622868 0.675825 3.174931
v 0.622323 0.682405 3.292462
v 0.629066 0.673199 3.289611
v 0.635258 0.664549 3.284592
v 0.640659 0.656788 3.277597
v 0.645063 0.650214 3.268895
v 0.648301 0.645078 3.258820
v 0.650247 0.641580 3.247761
v 0.650828 0.639853 3.236140
v 0.650020 0.639963 3.224407
v 0.647855 0.641906 3.213010
v 0.644416 0.645608 3.202389
v 0.639836 0.650927 3.192951
v 0.634289 0.657657 3.185059
v 0.627990 0.665541 3.179016
v 0.621180 0.674275 3.175055
v 0.620364 0.681214 3.292564
v 0.625224 0.670863 3.289810
v 0.629680 0.661157 3.284881
v 0.633560 0.652471 3.277965
v 0.636716 0.645137 3.269328
v 0.639026 0.639437 3.259301
v 0.640401 0.635591 3.248271
v 0.640788 0.633747 3.236661
v 0.640173 0.633974 3.224917
v 0.638580 0.636265 3.213491
v 0.636069 0.640532 3.202821
v 0.632737 0.646609 3.193319
v 0.628711 0.654265 3.185348
v 0.624148 0.663204 3.179215
v 0.619222 0.673084 3.175156
v 0.618210 0.680427 3.292639
v 0.620999 0.669319 3.289958
v 0.623545 0.658916 3.285096
v 0.625752 0.649619 3.278238
v 0.627535 0.641783 3.269649
v 0.628824 0.635711 3.259659
v 0.629571 0.631635 3.248650
v 0.629746 0.629713 3.237048
v 0.629343 0.630018 3.225296
v 0.628378 0.632539 3.213848
v 0.626888 0.637178 3.203143
v 0.624929 0.643757 3.193592
v 0.622577 0.652024 3.185563
v 0.619923 0.661661 3.179363
v 0.617068 0.672297 3.175232
v 0.615943 0.680074 3.292686
v 0.616552 0.668628 3.290050
v 0.617090 0.657913 3.285228
v 0.617536 0.648341 3.278407
v 0.617873 0.640281 3.269847
v 0.618088 0.634042 3.259879
v 0.618174 0.629864 3.248884
v 0.618126 0.627907 3.237286
v 0.617947 0.628247 3.225530
v 0.617643 0.630870 3.214068
v 0.617226 0.635676 3.203341
v 0.616712 0.642480 3.193761
v 0.616121 0.651020 3.185695
v 0.615476 0.660969 3.179454
v 0.614801 0.671944 3.175278
v 0.612055 0.668815 3.290080
v 0.609226 0.648688 3.278464
v 0.608102 0.640689 3.269914
v 0.606648 0.630345 3.248963
v 0.608402 0.642826 3.193817
v 0.610979 0.661157 3.179485
v 0.612508 0.672040 3.175294
vn -0.0184 -0.1309 0.9912
vn -0.0697 -0.4957 0.8657
vn -0.1247 -0.8872 0.4441
vn -0.1388 -0.9879 0.0698
vn -0.1381 -0.9825 -0.1250
vn -0.1321 -0.9398 -0.3151
vn -0.1211 -0.8614 -0.4933
vn -0.0858 -0.6102 -0.7876
vn -0.0567 -0.1216 0.9910
vn -0.1188 -0.3016 0.9460
vn -0.1763 -0.4699 0.8649
vn -0.2271 -0.6201 0.7509
vn -0.2691 -0.7466 0.6084
vn -0.3009 -0.8446 0.4429
vn -0.3212 -0.9104 0.2606
vn -0.3294 -0.9417 0.0684
vn -0.3250 -0.9372 -0.1263
vn -0.3083 -0.8972 -0.3163
vn -0.2798 -0.8230 -0.4944
vn -0.2407 -0.7174 -0.6538
vn -0.1924 -0.5844 -0.7883
vn -0.1367 -0.4289 -0.8929
vn -0.0757 -0.2569 -0.9635
vn -0.0924 -0.1050 0.9902
vn -0.1878 -0.2697 0.9445
vn -0.2759 -0.4238 0.8627
vn -0.3534 -0.5617 0.7481
vn -0.4173 -0.6780 0.6051
vn -0.4654 -0.7685 0.4392
vn -0.4957 -0.8297 0.2567
vn -0.5072 -0.8594 0.0644
vn -0.4995 -0.8565 -0.1302
vn -0.4728 -0.8210 -0.3200
vn -0.4281 -0.7544 -0.4977
vn -0.3670 -0.6589 -0.6566
vn -0.2920 -0.5383 -0.7905
vn -0.2057 -0.3970 -0.8945
vn -0.1114 -0.2404 -0.9643
vn -0.1243 -0.0819 0.9889
vn -0.2492 -0.2249 0.9420
vn -0.3645 -0.3593 0.8591
vn -0.4658 -0.4797 0.7435
vn -0.5493 -0.5819 0.5998
vn -0.6118 -0.6618 0.4332
vn -0.6511 -0.7165 0.2504
vn -0.6656 -0.7441 0.0580
vn -0.6548 -0.7433 -0.1366
vn -0.6192 -0.7144 -0.3260
vn -0.5600 -0.6582 -0.5031
vn -0.4795 -0.5770 -0.6612
vn -0.3806 -0.4737 -0.7942
vn -0.2671 -0.3523 -0.8970
vn -0.1433 -0.2172 -0.9656
vn -0.1509 -0.0529 0.9871
vn -0.3007 -0.1691 0.9386
vn -0.4389 -0.2787 0.8542
vn -0.5601 -0.3775 0.7374
vn -0.6600 -0.4619 0.5925
vn -0.7346 -0.5287 0.4252
vn -0.7814 -0.5753 0.2418
vn -0.7984 -0.6001 0.0493
vn -0.7851 -0.6021 -0.1451
vn -0.7420 -0.5812 -0.3340
vn -0.6707 -0.5383 -0.5103
vn -0.5738 -0.4748 -0.6673
vn -0.4550 -0.3932 -0.7990
vn -0.3186 -0.2964 -0.9003
vn -0.1700 -0.1883 -0.9673
vn -0.1715 -0.0194 0.9850
vn -0.3403 -0.1043 0.9345
vn -0.4960 -0.1852 0.8483
vn -0.6327 -0.2589 0.7299
vn -0.7451 -0.3227 0.5837
vn -0.8291 -0.3742 0.4154
vn -0.8815 -0.4115 0.2315
vn -0.9005 -0.4331 0.0388
vn -0.8853 -0.4383 -0.1554
vn -0.8365 -0.4268 -0.3438
vn -0.7558 -0.3991 -0.5191
vn -0.6463 -0.3562 -0.6748
vn -0.5121 -0.2997 -0.8049
vn -0.3582 -0.2317 -0.9044
vn -0.1905 -0.1547 -0.9694
vn 0.0097 0.0691 0.9976
vn -0.1850 0.0175 0.9826
vn -0.3665 -0.0331 0.9298
vn -0.5338 -0.0824 0.8416
vn -0.6806 -0.1285 0.7213
vn -0.8013 -0.1697 0.5737
vn -0.8915 -0.2044 0.4043
vn -0.9478 -0.2313 0.2196
vn -0.9680 -0.2495 0.0267
vn -0.9515 -0.2581 -0.1673
vn -0.8989 -0.2570 -0.3549
vn -0.8121 -0.2461 -0.5292
vn -0.6943 -0.2258 -0.6834
vn -0.5499 -0.1969 -0.8117
vn -0.3844 -0.1604 -0.9091
vn -0.2040 -0.1178 -0.9718
vn -0.1911 0.0564 0.9799
vn -0.3783 0.0419 0.9247
vn -0.5508 0.0258 0.8342
vn -0.7021 0.0087 0.7120
vn -0.8266 -0.0087 0.5628
vn -0.9195 -0.0257 0.3922
vn -0.9775 -0.0418 0.2068
vn -0.9983 -0.0562 0.0136
vn -0.9813 -0.0686 -0.1801
vn -0.9269 -0.0783 -0.3670
vn -0.8373 -0.0850 -0.5401
vn -0.7158 -0.0886 -0.6927
vn -0.5669 -0.0887 -0.8190
vn -0.3962 -0.0855 -0.9142
vn -0.2101 -0.0790 -0.9745
vn -0.1895 0.0956 0.9772
vn -0.3752 0.1177 0.9195
vn -0.5463 0.1351 0.8266
vn -0.6964 0.1475 0.7023
vn -0.8199 0.1542 0.5514
vn -0.9121 0.1550 0.3796
vn -0.9696 0.1499 0.1935
vn -0.9903 0.1392 -0.0000
vn -0.9734 0.1231 -0.1935
vn -0.9195 0.1024 -0.3796
vn -0.8306 0.0778 -0.5514
vn -0.7101 0.0502 -0.7023
vn -0.5624 0.0207 -0.8266
vn -0.3931 -0.0097 -0.9195
vn -0.2085 -0.0397 -0.9772
vn -0.1802 0.1338 0.9745
vn -0.3573 0.1914 0.9142
vn -0.5205 0.2415 0.8190
vn -0.6636 0.2824 0.6927
vn -0.7814 0.3125 0.5401
vn -0.8694 0.3307 0.3670
vn -0.9243 0.3364 0.1801
vn -0.9442 0.3292 -0.0136
vn -0.9281 0.3096 -0.2068
vn -0.8768 0.2782 -0.3922
vn -0.7922 0.2362 -0.5628
vn -0.6773 0.1852 -0.7120
vn -0.5366 0.1270 -0.8342
vn -0.3752 0.0640 -0.9247
vn -0.1993 -0.0015 -0.9799
vn -0.1637 0.1695 0.9718
vn -0.3253 0.2602 0.9091
vn -0.4743 0.3408 0.8117
vn -0.6051 0.4084 0.6834
vn -0.7128 0.4604 0.5292
vn -0.7932 0.4948 0.3549
vn -0.8435 0.5104 0.1673
vn -0.8618 0.5066 -0.0267
vn -0.8473 0.4836 -0.2196
vn -0.8006 0.4422 -0.4043
vn -0.7235 0.3840 -0.5737
vn -0.6188 0.3111 -0.7213
vn -0.4904 0.2264 -0.8416
vn -0.3432 0.1328 -0.9298
vn -0.1827 0.0341 -0.9826
vn -0.1405 0.2012 0.9694
vn -0.2805 0.3214 0.9044
vn -0.4097 0.4292 0.8049
vn -0.5231 0.5206 0.6748
vn -0.6165 0.5920 0.5191
vn -0.6864 0.6408 0.3438
vn -0.7302 0.6653 0.1554
vn -0.7462 0.6645 -0.0388
vn -0.7340 0.6385 -0.2315
vn -0.6938 0.5883 -0.4155
vn -0.6272 0.5156 -0.5837
vn -0.5368 0.4233 -0.7299
vn -0.4258 0.3148 -0.8483
vn -0.2984 0.1941 -0.9345
vn -0.1595 0.0659 -0.9850
vn -0.1115 0.2278 0.9673
vn -0.2246 0.3728 0.9003
vn -0.3290 0.5033 0.7990
vn -0.4207 0.6146 0.6673
vn -0.4964 0.7023 0.5103
vn -0.5531 0.7633 0.3340
vn -0.5887 0.7952 0.1451
vn -0.6021 0.7969 -0.0493
vn -0.5925 0.7684 -0.2418
vn -0.5605 0.7107 -0.4252
vn -0.5071 0.6259 -0.5925
vn -0.4344 0.5173 -0.7374
vn -0.3451 0.3889 -0.8542
vn -0.2425 0.2455 -0.9386
vn -0.1305 0.0925 -0.9871
vn -0.0779 0.2483 0.9656
vn -0.1597 0.4123 0.8970
vn -0.2353 0.5603 0.7942
vn -0.3019 0.6868 0.6612
vn -0.3569 0.7871 0.5031
vn -0.3983 0.8574 0.3260
vn -0.4246 0.8950 0.1366
vn -0.4347 0.8987 -0.0580
vn -0.4284 0.8682 -0.2504
vn -0.4057 0.8048 -0.4332
vn -0.3676 0.7107 -0.5997
vn -0.3156 0.5896 -0.7435
vn -0.2514 0.4458 -0.8591
vn -0.1776 0.2849 -0.9420
vn -0.0969 0.1129 -0.9889
vn -0.0409 0.2618 0.9643
vn -0.0883 0.4383 0.8945
vn -0.1323 0.5979 0.7906
vn -0.1712 0.7346 0.6566
vn -0.2035 0.8431 0.4977
vn -0.2281 0.9195 0.3200
vn -0.2441 0.9610 0.1302
vn -0.2507 0.9659 -0.0644
vn -0.2478 0.9342 -0.2567
vn -0.2355 0.8670 -0.4392
vn -0.2143 0.7668 -0.6051
vn -0.1849 0.6373 -0.7481
vn -0.1484 0.4835 -0.8627
vn -0.1062 0.3110 -0.9445
vn -0.0599 0.1264 -0.9902
vn -0.0020 0.2678 0.9635
vn -0.0132 0.4500 0.8929
vn -0.0239 0.6148 0.7883
vn -0.0337 0.7560 0.6538
vn -0.0422 0.8682 0.4944
vn -0.0490 0.9474 0.3163
vn -0.0541 0.9905 0.1263
vn -0.0570 0.9960 -0.0684
vn -0.0578 0.9637 -0.2606
vn -0.0564 0.8948 -0.4429
vn -0.0529 0.7918 -0.6084
vn -0.0473 0.6587 -0.7509
vn -0.0400 0.5003 -0.8649
vn -0.0311 0.3227 -0.9460
vn -0.0210 0.1325 -0.9910
vn 0.0374 0.2662 0.9632
vn 0.0628 0.4468 0.8924
vn 0.0858 0.6102 0.7876
vn 0.1054 0.7502 0.6528
vn 0.1211 0.8614 0.4933
vn 0.1321 0.9398 0.3151
vn 0.1381 0.9825 0.1250
vn 0.1388 0.9879 -0.0698
vn 0.1343 0.9557 -0.2619
vn 0.1247 0.8872 -0.4441
vn 0.1103 0.7850 -0.6095
vn 0.0918 0.6529 -0.7519
vn 0.0697 0.4957 -0.8657
vn 0.0449 0.3195 -0.9465
vn 0.0184 0.1309 -0.9912
vn -0.0097 -0.0691 -0.9976
vn 0.0757 0.2569 0.9635
vn 0.1367 0.4290 0.8929
vn 0.1924 0.5844 0.7883
vn 0.2407 0.7174 0.6538
vn 0.2798 0.8230 0.4944
vn 0.3083 0.8972 0.3163
vn 0.3250 0.9372 0.1263
vn 0.3294 0.9417 -0.0684
vn 0.3212 0.9104 -0.2606
vn 0.3009 0.8446 -0.4429
vn 0.2691 0.7466 -0.6084
vn 0.2271 0.6201 -0.7509
vn 0.1763 0.4699 -0.8649
vn 0.1188 0.3016 -0.9460
vn 0.0567 0.1216 -0.9910
vn 0.1114 0.2404 0.9643
vn 0.2057 0.3970 0.8945
vn 0.2920 0.5383 0.7906
vn 0.3670 0.6589 0.6566
vn 0.4281 0.7544 0.4977
vn 0.4728 0.8210 0.3200
vn 0.4995 0.8565 0.1302
vn 0.5072 0.8594 -0.0644
vn 0.4957 0.8297 -0.2567
vn 0.4654 0.7685 -0.4392
vn 0.4173 0.6780 -0.6051
vn 0.3534 0.5617 -0.7481
vn 0.2759 0.4238 -0.8627
vn 0.1878 0.2697 -0.9445
vn 0.0924 0.1050 -0.9902
vn 0.1433 0.2172 0.9656
vn 0.2671 0.3523 0.8970
vn 0.3806 0.4737 0.7942
vn 0.4795 0.5770 0.6612
vn 0.5600 0.6582 0.5031
vn 0.6192 0.7144 0.3260
vn 0.6548 0.7433 0.1366
vn 0.6656 0.7440 -0.0580
vn 0.6511 0.7165 -0.2504
vn 0.6118 0.6618 -0.4332
vn 0.5493 0.5819 -0.5997
vn 0.4658 0.4797 -0.7435
vn 0.3645 0.3593 -0.8591
vn 0.2492 0.2249 -0.9420
vn 0.1243 0.0819 -0.9889
vn 0.1700 0.1883 0.9673
vn 0.3186 0.2964 0.9003
vn 0.4550 0.3932 0.7990
vn 0.5738 0.4748 0.6673
vn 0.6707 0.5383 0.5103
vn 0.7420 0.5812 0.3340
vn 0.7851 0.6021 0.1451
vn 0.7984 0.6001 -0.0493
vn 0.7814 0.5753 -0.2418
vn 0.7346 0.5287 -0.4252
vn 0.6600 0.4619 -0.5925
vn 0.5601 0.3775 -0.7374
vn 0.4389 0.2787 -0.8542
vn 0.3007 0.1691 -0.9386
vn 0.1509 0.0529 -0.9871
vn 0.1905 0.1547 0.9694
vn 0.3582 0.2317 0.9044
vn 0.5121 0.2997 0.8049
vn 0.6463 0.3562 0.6748
vn 0.7558 0.3991 0.5191
vn 0.8365 0.4268 0.3438
vn 0.8853 0.4383 0.1554
vn 0.9005 0.4331 -0.0388
vn 0.8815 0.4115 -0.2315
vn 0.8291 0.3742 -0.4154
vn 0.7451 0.3227 -0.5837
vn 0.6327 0.2589 -0.7299
vn 0.4960 0.1852 -0.8483
vn 0.3403 0.1043 -0.9345
vn 0.1715 0.0194 -0.9850
vn 0.2040 0.1178 0.9718
vn 0.3844 0.1604 0.9091
vn 0.5499 0.1969 0.8117
vn 0.6943 0.2258 0.6834
vn 0.8121 0.2461 0.5292
vn 0.8989 0.2570 0.3549
vn 0.9515 0.2581 0.1673
vn 0.9680 0.2495 -0.0267
vn 0.9478 0.2313 -0.2196
vn 0.8915 0.2044 -0.4043
vn 0.8013 0.1697 -0.5737
vn 0.6806 0.1285 -0.7213
vn 0.5338 0.0824 -0.8416
vn 0.3665 0.0331 -0.9298
vn 0.1850 -0.0175 -0.9826
vn 0.2101 0.0790 0.9745
vn 0.3962 0.0855 0.9142
vn 0.5669 0.0887 0.8190
vn 0.7158 0.0886 0.6927
vn 0.8373 0.0850 0.5401
vn 0.9269 0.0783 0.3670
vn 0.9813 0.0686 0.1801
vn 0.9983 0.0562 -0.0136
vn 0.9775 0.0418 -0.2068
vn 0.9195 0.0257 -0.3922
vn 0.8266 0.0087 -0.5628
vn 0.7021 -0.0087 -0.7120
vn 0.5508 -0.0258 -0.8342
vn 0.3783 -0.0419 -0.9247
vn 0.1911 -0.0564 -0.9799
vn 0.2085 0.0397 0.9772
vn 0.3931 0.0097 0.9195
vn 0.5624 -0.0207 0.8266
vn 0.7101 -0.0502 0.7023
vn 0.8306 -0.0778 0.5514
vn 0.9195 -0.1024 0.3796
vn 0.9734 -0.1231 0.1935
vn 0.9903 -0.1392 -0.0000
vn 0.9696 -0.1499 -0.1935
vn 0.9121 -0.1550 -0.3796
vn 0.8199 -0.1542 -0.5514
vn 0.6964 -0.1475 -0.7023
vn 0.5463 -0.1351 -0.8266
vn 0.3752 -0.1177 -0.9195
vn 0.1895 -0.0956 -0.9772
vn 0.1993 0.0015 0.9799
vn 0.3752 -0.0640 0.9247
vn 0.5366 -0.1270 0.8342
vn 0.6773 -0.1852 0.7120
vn 0.7922 -0.2362 0.5628
vn 0.8768 -0.2782 0.3922
vn 0.9281 -0.3096 0.2068
vn 0.9442 -0.3292 0.0136
vn 0.9243 -0.3364 -0.1801
vn 0.8694 -0.3307 -0.3670
vn 0.7814 -0.3125 -0.5401
vn 0.6636 -0.2824 -0.6927
vn 0.5205 -0.2415 -0.8190
vn 0.3573 -0.1914 -0.9142
vn 0.1802 -0.1338 -0.9745
vn 0.1827 -0.0341 0.9826
vn 0.3432 -0.1328 0.9298
vn 0.4904 -0.2264 0.8416
vn 0.6188 -0.3111 0.7213
vn 0.7235 -0.3840 0.5737
vn 0.8006 -0.4422 0.4043
vn 0.8473 -0.4836 0.2196
vn 0.8618 -0.5066 0.0267
vn 0.8435 -0.5104 -0.1673
vn 0.7932 -0.4948 -0.3549
vn 0.7128 -0.4604 -0.5292
vn 0.6051 -0.4084 -0.6834
vn 0.4743 -0.3408 -0.8117
vn 0.3253 -0.2602 -0.9091
vn 0.1637 -0.1695 -0.9718
vn 0.1595 -0.0659 0.9850
vn 0.2984 -0.1941 0.9345
vn 0.4258 -0.3148 0.8483
vn 0.5368 -0.4233 0.7299
vn 0.6272 -0.5156 0.5837
vn 0.6938 -0.5883 0.4155
vn 0.7340 -0.6385 0.2315
vn 0.7462 -0.6645 0.0388
vn 0.7302 -0.6653 -0.1554
vn 0.6864 -0.6408 -0.3438
vn 0.6165 -0.5920 -0.5191
vn 0.5231 -0.5206 -0.6748
vn 0.4097 -0.4292 -0.8049
vn 0.2805 -0.3214 -0.9044
vn 0.1405 -0.2012 -0.9694
vn 0.1305 -0.0925 0.9871
vn 0.2425 -0.2454 0.9386
vn 0.3451 -0.3889 0.8542
vn 0.4344 -0.5173 0.7374
vn 0.5071 -0.6259 0.5925
vn 0.5605 -0.7107 0.4252
vn 0.5925 -0.7684 0.2418
vn 0.6021 -0.7969 0.0493
vn 0.5887 -0.7952 -0.1451
vn 0.5531 -0.7633 -0.3340
vn 0.4964 -0.7023 -0.5103
vn 0.4207 -0.6146 -0.6673
vn 0.3290 -0.5033 -0.7990
vn 0.2246 -0.3728 -0.9003
vn 0.1115 -0.2278 -0.9673
vn 0.0969 -0.1129 0.9889
vn 0.1776 -0.2849 0.9420
vn 0.2514 -0.4458 0.8591
vn 0.3156 -0.5896 0.7435
vn 0.3676 -0.7107 0.5997
vn 0.4057 -0.8048 0.4332
vn 0.4284 -0.8682 0.2504
vn 0.4347 -0.8987 0.0580
vn 0.4246 -0.8950 -0.1366
vn 0.3983 -0.8574 -0.3260
vn 0.3569 -0.7871 -0.5031
vn 0.3019 -0.6868 -0.6612
vn 0.2353 -0.5603 -0.7942
vn 0.1597 -0.4123 -0.8970
vn 0.0779 -0.2483 -0.9656
vn 0.0599 -0.1264 0.9902
vn 0.1062 -0.3110 0.9445
vn 0.1484 -0.4835 0.8627
vn 0.1849 -0.6373 0.7481
vn 0.2143 -0.7668 0.6051
vn 0.2355 -0.8670 0.4392
vn 0.2478 -0.9342 0.2567
vn 0.2507 -0.9659 0.0644
vn 0.2441 -0.9610 -0.1302
vn 0.2281 -0.9195 -0.3200
vn 0.2035 -0.8431 -0.4977
vn 0.1712 -0.7346 -0.6566
vn 0.1323 -0.5979 -0.7906
vn 0.0883 -0.4383 -0.8945
vn 0.0409 -0.2618 -0.9643
vn 0.0210 -0.1325 0.9910
vn 0.0311 -0.3227 0.9460
vn 0.0400 -0.5003 0.8649
vn 0.0473 -0.6587 0.7509
vn 0.0529 -0.7918 0.6084
vn 0.0564 -0.8948 0.4429
vn 0.0578 -0.9637 0.2606
vn 0.0570 -0.9960 0.0684
vn 0.0541 -0.9905 -0.1263
vn 0.0490 -0.9474 -0.3163
vn 0.0422 -0.8682 -0.4944
vn 0.0337 -0.7560 -0.6538
vn 0.0239 -0.6148 -0.7883
vn 0.0132 -0.4500 -0.8929
vn 0.0020 -0.2678 -0.9635
vn -0.0449 -0.3195 0.9465
vn -0.0918 -0.6529 0.7519
vn -0.1103 -0.7850 0.6095
vn -0.1343 -0.9557 0.2619
vn -0.1054 -0.7502 -0.6528
vn -0.0628 -0.4468 -0.8924
vn -0.0374 -0.2662 -0.9632
vt 0.750000 0.562500
vt 0.718750 0.625000
vt 0.718750 0.562500
vt 0.750000 0.125000
vt 0.718750 0.062500
vt 0.750000 0.062500
vt 0.718750 0.500000
vt 0.750000 0.500000
vt 0.750000 0.937500
vt 0.734375 1.000000
vt 0.718750 0.937500
vt 0.734375 0.000000
vt 0.750000 0.437500
vt 0.718750 0.437500
vt 0.750000 0.875000
vt 0.718750 0.875000
vt 0.750000 0.375000
vt 0.718750 0.375000
vt 0.750000 0.812500
vt 0.718750 0.812500
vt 0.718750 0.312500
vt 0.750000 0.312500
vt 0.718750 0.750000
vt 0.750000 0.750000
vt 0.750000 0.250000
vt 0.718750 0.250000
vt 0.750000 0.687500
vt 0.718750 0.687500
vt 0.750000 0.187500
vt 0.718750 0.187500
vt 0.750000 0.625000
vt 0.718750 0.125000
vt 0.687500 0.625000
vt 0.687500 0.187500
vt 0.687500 0.125000
vt 0.687500 0.562500
vt 0.687500 0.062500
vt 0.687500 0.500000
vt 0.703125 1.000000
vt 0.687500 0.937500
vt 0.703125 0.000000
vt 0.687500 0.437500
vt 0.687500 0.875000
vt 0.687500 0.375000
vt 0.687500 0.812500
vt 0.687500 0.312500
vt 0.687500 0.750000
vt 0.687500 0.250000
vt 0.687500 0.687500
vt 0.656250 0.437500
vt 0.656250 0.375000
vt 0.656250 0.812500
vt 0.656250 0.312500
vt 0.656250 0.750000
vt 0.656250 0.250000
vt 0.656250 0.687500
vt 0.656250 0.187500
vt 0.656250 0.625000
vt 0.656250 0.125000
vt 0.656250 0.562500
vt 0.656250 0.062500
vt 0.656250 0.500000
vt 0.671875 1.000000
vt 0.656250 0.937500
vt 0.671875 0.000000
vt 0.656250 0.875000
vt 0.625000 0.125000
vt 0.625000 0.562500
vt 0.625000 0.062500
vt 0.625000 0.500000
vt 0.640625 1.000000
vt 0.625000 0.937500
vt 0.640625 0.000000
vt 0.625000 0.437500
vt 0.625000 0.875000
vt 0.625000 0.375000
vt 0.625000 0.812500
vt 0.625000 0.312500
vt 0.625000 0.750000
vt 0.625000 0.250000
vt 0.625000 0.687500
vt 0.625000 0.187500
vt 0.625000 0.625000
vt 0.593750 0.812500
vt 0.593750 0.312500
vt 0.593750 0.750000
vt 0.593750 0.250000
vt 0.593750 0.687500
vt 0.593750 0.187500
vt 0.593750 0.625000
vt 0.593750 0.125000
vt 0.593750 0.562500
vt 0.593750 0.062500
vt 0.593750 0.500000
vt 0.609375 1.000000
vt 0.593750 0.937500
vt 0.609375 0.000000
vt 0.593750 0.437500
vt 0.593750 0.875000
vt 0.593750 0.375000
vt 0.562500 0.562500
vt 0.562500 0.062500
vt 0.562500 0.500000
vt 0.578125 1.000000
vt 0.562500 0.937500
vt 0.578125 0.000000
vt 0.562500 0.437500
vt 0.562500 0.875000
vt 0.562500 0.375000
vt 0.562500 0.812500
vt 0.562500 0.312500
vt 0.562500 0.750000
vt 0.562500 0.250000
vt 0.562500 0.687500
vt 0.562500 0.187500
vt 0.562500 0.625000
vt 0.562500 0.125000
vt 0.531250 0.312500
vt 0.531250 0.750000
vt 0.531250 0.250000
vt 0.531250 0.687500
vt 0.531250 0.187500
vt 0.531250 0.625000
vt 0.531250 0.125000
vt 0.531250 0.562500
vt 0.531250 0.062500
vt 0.531250 0.500000
vt 0.546875 1.000000
vt 0.531250 0.937500
vt 0.546875 0.000000
vt 0.531250 0.437500
vt 0.531250 0.875000
vt 0.531250 0.375000
vt 0.531250 0.812500
vt 0.500000 0.062500
vt 0.500000 0.562500
vt 0.500000 0.500000
vt 0.515625 1.000000
vt 0.500000 0.937500
vt 0.515625 0.000000
vt 0.500000 0.437500
vt 0.500000 0.875000
vt 0.500000 0.375000
vt 0.500000 0.812500
vt 0.500000 0.312500
vt 0.500000 0.750000
vt 0.500000 0.250000
vt 0.500000 0.687500
vt 0.500000 0.187500
vt 0.500000 0.625000
vt 0.500000 0.125000
vt 0.468750 0.250000
vt 0.468750 0.687500
vt 0.468750 0.187500
vt 0.468750 0.625000
vt 0.468750 0.125000
vt 0.468750 0.562500
vt 0.468750 0.062500
vt 0.468750 0.500000
vt 0.484375 1.000000
vt 0.468750 0.937500
vt 0.484375 0.000000
vt 0.468750 0.437500
vt 0.468750 0.875000
vt 0.468750 0.375000
vt 0.468750 0.812500
vt 0.468750 0.312500
vt 0.468750 0.750000
vt 0.453125 1.000000
vt 0.437500 0.937500
vt 0.453125 0.000000
vt 0.437500 0.062500
vt 0.437500 0.437500
vt 0.437500 0.875000
vt 0.437500 0.375000
vt 0.437500 0.812500
vt 0.437500 0.312500
vt 0.437500 0.750000
vt 0.437500 0.250000
vt 0.437500 0.687500
vt 0.437500 0.187500
vt 0.437500 0.625000
vt 0.437500 0.125000
vt 0.437500 0.562500
vt 0.437500 0.500000
vt 0.406250 0.750000
vt 0.406250 0.687500
vt 0.406250 0.250000
vt 0.406250 0.187500
vt 0.406250 0.625000
vt 0.406250 0.125000
vt 0.406250 0.562500
vt 0.406250 0.062500
vt 0.406250 0.500000
vt 0.421875 1.000000
vt 0.406250 0.937500
vt 0.421875 0.000000
vt 0.406250 0.437500
vt 0.406250 0.875000
vt 0.406250 0.375000
vt 0.406250 0.812500
vt 0.406250 0.312500
vt 0.375000 0.437500
vt 0.375000 0.875000
vt 0.375000 0.375000
vt 0.375000 0.812500
vt 0.375000 0.312500
vt 0.375000 0.750000
vt 0.375000 0.250000
vt 0.375000 0.687500
vt 0.375000 0.187500
vt 0.375000 0.625000
vt 0.375000 0.125000
vt 0.375000 0.562500
vt 0.375000 0.062500
vt 0.375000 0.500000
vt 0.390625 1.000000
vt 0.375000 0.937500
vt 0.390625 0.000000
vt 0.343750 0.250000
vt 0.343750 0.187500
vt 0.343750 0.687500
vt 0.343750 0.625000
vt 0.343750 0.125000
vt 0.343750 0.562500
vt 0.343750 0.062500
vt 0.343750 0.500000
vt 0.359375 1.000000
vt 0.343750 0.937500
vt 0.359375 0.000000
vt 0.343750 0.437500
vt 0.343750 0.875000
vt 0.343750 0.375000
vt 0.343750 0.812500
vt 0.343750 0.312500
vt 0.343750 0.750000
vt 0.312500 0.875000
vt 0.312500 0.437500
vt 0.312500 0.375000
vt 0.312500 0.812500
vt 0.312500 0.312500
vt 0.312500 0.750000
vt 0.312500 0.250000
vt 0.312500 0.687500
vt 0.312500 0.187500
vt 0.312500 0.625000
vt 0.312500 0.125000
vt 0.312500 0.562500
vt 0.312500 0.062500
vt 0.312500 0.500000
vt 0.328125 1.000000
vt 0.312500 0.937500
vt 0.328125 0.000000
vt 0.281250 0.687500
vt 0.281250 0.625000
vt 0.281250 0.125000
vt 0.281250 0.562500
vt 0.281250 0.062500
vt 0.281250 0.500000
vt 0.296875 1.000000
vt 0.281250 0.937500
vt 0.296875 0.000000
vt 0.281250 0.437500
vt 0.281250 0.875000
vt 0.281250 0.375000
vt 0.281250 0.812500
vt 0.281250 0.312500
vt 0.281250 0.750000
vt 0.281250 0.250000
vt 0.281250 0.187500
vt 0.250000 0.437500
vt 0.250000 0.375000
vt 0.250000 0.812500
vt 0.250000 0.312500
vt 0.250000 0.750000
vt 0.250000 0.250000
vt 0.250000 0.687500
vt 0.250000 0.187500
vt 0.250000 0.625000
vt 0.250000 0.125000
vt 0.250000 0.562500
vt 0.250000 0.062500
vt 0.250000 0.500000
vt 0.265625 1.000000
vt 0.250000 0.937500
vt 0.265625 0.000000
vt 0.250000 0.875000
vt 0.218750 0.125000
vt 0.218750 0.562500
vt 0.218750 0.062500
vt 0.218750 0.500000
vt 0.234375 1.000000
vt 0.218750 0.937500
vt 0.234375 0.000000
vt 0.218750 0.437500
vt 0.218750 0.875000
vt 0.218750 0.375000
vt 0.218750 0.812500
vt 0.218750 0.312500
vt 0.218750 0.750000
vt 0.218750 0.250000
vt 0.218750 0.687500
vt 0.218750 0.187500
vt 0.218750 0.625000
vt 0.187500 0.312500
vt 0.187500 0.750000
vt 0.187500 0.250000
vt 0.187500 0.687500
vt 0.187500 0.187500
vt 0.187500 0.625000
vt 0.187500 0.125000
vt 0.187500 0.562500
vt 0.187500 0.062500
vt 0.187500 0.500000
vt 0.203125 1.000000
vt 0.187500 0.937500
vt 0.203125 0.000000
vt 0.187500 0.437500
vt 0.187500 0.875000
vt 0.187500 0.375000
vt 0.187500 0.812500
vt 0.156250 0.125000
vt 0.156250 0.062500
vt 0.156250 0.562500
vt 0.156250 0.500000
vt 0.171875 1.000000
vt 0.156250 0.937500
vt 0.171875 0.000000
vt 0.156250 0.437500
vt 0.156250 0.875000
vt 0.156250 0.375000
vt 0.156250 0.812500
vt 0.156250 0.312500
vt 0.156250 0.750000
vt 0.156250 0.250000
vt 0.156250 0.687500
vt 0.156250 0.187500
vt 0.156250 0.625000
vt 0.125000 0.750000
vt 0.125000 0.250000
vt 0.125000 0.687500
vt 0.125000 0.187500
vt 0.125000 0.625000
vt 0.125000 0.125000
vt 0.125000 0.562500
vt 0.125000 0.062500
vt 0.125000 0.500000
vt 0.140625 1.000000
vt 0.125000 0.937500
vt 0.140625 0.000000
vt 0.125000 0.437500
vt 0.125000 0.875000
vt 0.125000 0.375000
vt 0.125000 0.812500
vt 0.125000 0.312500
vt 0.093750 0.562500
vt 0.093750 0.500000
vt 0.109375 1.000000
vt 0.093750 0.937500
vt 0.109375 0.000000
vt 0.093750 0.062500
vt 0.093750 0.437500
vt 0.093750 0.875000
vt 0.093750 0.375000
vt 0.093750 0.812500
vt 0.093750 0.312500
vt 0.093750 0.750000
vt 0.093750 0.250000
vt 0.093750 0.687500
vt 0.093750 0.187500
vt 0.093750 0.625000
vt 0.093750 0.125000
vt 0.062500 0.250000
vt 0.062500 0.750000
vt 0.062500 0.687500
vt 0.062500 0.187500
vt 0.062500 0.625000
vt 0.062500 0.125000
vt 0.062500 0.562500
vt 0.062500 0.062500
vt 0.062500 0.500000
vt 0.078125 1.000000
vt 0.062500 0.937500
vt 0.078125 0.000000
vt 0.062500 0.437500
vt 0.062500 0.875000
vt 0.062500 0.375000
vt 0.062500 0.812500
vt 0.062500 0.312500
vt 0.046875 1.000000
vt 0.031250 0.937500
vt 0.046875 0.000000
vt 0.031250 0.062500
vt 0.031250 0.437500
vt 0.031250 0.875000
vt 0.031250 0.375000
vt 0.031250 0.812500
vt 0.031250 0.312500
vt 0.031250 0.750000
vt 0.031250 0.250000
vt 0.031250 0.687500
vt 0.031250 0.187500
vt 0.031250 0.625000
vt 0.031250 0.125000
vt 0.031250 0.562500
vt 0.031250 0.500000
vt 0.000000 0.750000
vt 0.000000 0.687500
vt 0.000000 0.250000
vt 0.000000 0.187500
vt 0.000000 0.625000
vt 0.000000 0.125000
vt 0.000000 0.562500
vt 0.000000 0.062500
vt 0.000000 0.500000
vt 0.015625 1.000000
vt 0.000000 0.937500
vt 0.015625 0.000000
vt 0.000000 0.437500
vt 0.000000 0.875000
vt 0.000000 0.375000
vt 0.000000 0.812500
vt 0.000000 0.312500
vt 1.000000 0.500000
vt 0.968750 0.437500
vt 1.000000 0.437500
vt 1.000000 0.937500
vt 0.968750 0.875000
vt 1.000000 0.875000
vt 1.000000 0.375000
vt 0.968750 0.375000
vt 0.968750 0.812500
vt 1.000000 0.812500
vt 0.968750 0.312500
vt 1.000000 0.312500
vt 0.968750 0.750000
vt 1.000000 0.750000
vt 0.968750 0.250000
vt 1.000000 0.250000
vt 1.000000 0.687500
vt 0.968750 0.687500
vt 1.000000 0.187500
vt 0.968750 0.187500
vt 1.000000 0.625000
vt 0.968750 0.625000
vt 0.968750 0.125000
vt 1.000000 0.125000
vt 0.968750 0.562500
vt 1.000000 0.562500
vt 0.968750 0.062500
vt 1.000000 0.062500
vt 0.968750 0.500000
vt 0.984375 1.000000
vt 0.968750 0.937500
vt 0.984375 0.000000
vt 0.937500 0.250000
vt 0.937500 0.187500
vt 0.937500 0.687500
vt 0.937500 0.625000
vt 0.937500 0.125000
vt 0.937500 0.562500
vt 0.937500 0.062500
vt 0.937500 0.500000
vt 0.953125 1.000000
vt 0.937500 0.937500
vt 0.953125 0.000000
vt 0.937500 0.437500
vt 0.937500 0.875000
vt 0.937500 0.375000
vt 0.937500 0.812500
vt 0.937500 0.312500
vt 0.937500 0.750000
vt 0.906250 0.437500
vt 0.906250 0.375000
vt 0.906250 0.812500
vt 0.906250 0.312500
vt 0.906250 0.750000
vt 0.906250 0.250000
vt 0.906250 0.687500
vt 0.906250 0.187500
vt 0.906250 0.625000
vt 0.906250 0.125000
vt 0.906250 0.562500
vt 0.906250 0.062500
vt 0.906250 0.500000
vt 0.921875 1.000000
vt 0.906250 0.937500
vt 0.921875 0.000000
vt 0.906250 0.875000
vt 0.875000 0.187500
vt 0.875000 0.125000
vt 0.875000 0.562500
vt 0.875000 0.062500
vt 0.875000 0.500000
vt 0.890625 1.000000
vt 0.875000 0.937500
vt 0.890625 0.000000
vt 0.875000 0.437500
vt 0.875000 0.875000
vt 0.875000 0.375000
vt 0.875000 0.812500
vt 0.875000 0.312500
vt 0.875000 0.750000
vt 0.875000 0.250000
vt 0.875000 0.687500
vt 0.875000 0.625000
vt 0.843750 0.812500
vt 0.843750 0.312500
vt 0.843750 0.750000
vt 0.843750 0.250000
vt 0.843750 0.687500
vt 0.843750 0.187500
vt 0.843750 0.625000
vt 0.843750 0.125000
vt 0.843750 0.562500
vt 0.843750 0.062500
vt 0.843750 0.500000
vt 0.859375 1.000000
vt 0.843750 0.937500
vt 0.859375 0.000000
vt 0.843750 0.437500
vt 0.843750 0.875000
vt 0.843750 0.375000
vt 0.812500 0.562500
vt 0.812500 0.062500
vt 0.812500 0.500000
vt 0.828125 1.000000
vt 0.812500 0.937500
vt 0.828125 0.000000
vt 0.812500 0.437500
vt 0.812500 0.875000
vt 0.812500 0.375000
vt 0.812500 0.812500
vt 0.812500 0.312500
vt 0.812500 0.750000
vt 0.812500 0.250000
vt 0.812500 0.687500
vt 0.812500 0.187500
vt 0.812500 0.625000
vt 0.812500 0.125000
vt 0.781250 0.312500
vt 0.781250 0.750000
vt 0.781250 0.250000
vt 0.781250 0.687500
vt 0.781250 0.187500
vt 0.781250 0.625000
vt 0.781250 0.125000
vt 0.781250 0.562500
vt 0.781250 0.062500
vt 0.781250 0.500000
vt 0.796875 1.000000
vt 0.781250 0.937500
vt 0.796875 0.000000
vt 0.781250 0.437500
vt 0.781250 0.875000
vt 0.781250 0.375000
vt 0.781250 0.812500
vt 0.765625 1.000000
vt 0.765625 0.000000
s 1
g Sphere.004_M_Orbe.003
usemtl M_Orbe.003
f 5038/5525/5026 4573/5526/4561 4574/5527/4562
f 5040/5528/5028 4582/5529/4570 5041/5530/5029
f 5038/5525/5026 4575/5531/4563 4563/5532/4551
f 4560/5533/4548 4643/5534/4631 4568/5535/4556
f 4809/5536/4797 5041/5530/5029 4582/5529/4570
f 4564/5537/4552 4575/5531/4563 4576/5538/4564
f 5035/5539/5023 4568/5535/4556 4569/5540/4557
f 4565/5541/4553 4576/5538/4564 4577/5542/4565
f 4561/5543/4549 4569/5540/4557 4570/5544/4558
f 4565/5541/4553 4578/5545/4566 4566/5546/4554
f 4561/5543/4549 4571/5547/4559 5036/5548/5024
f 5039/5549/5027 4578/5545/4566 4579/5550/4567
f 5037/5551/5025 4571/5547/4559 4572/5552/4560
f 4567/5553/4555 4579/5550/4567 4580/5554/4568
f 4562/5555/4550 4572/5552/4560 4573/5526/4561
f 4567/5553/4555 4581/5556/4569 5040/5528/5028
f 4572/5552/4560 4588/5557/4576 4573/5526/4561
f 4581/5556/4569 4595/5558/4583 4596/5559/4584
f 4573/5526/4561 4589/5560/4577 4574/5527/4562
f 4582/5529/4570 4596/5559/4584 4597/5561/4585
f 4574/5527/4562 4590/5562/4578 4575/5531/4563
f 4568/5535/4556 4643/5563/4631 4583/5564/4571
f 4809/5565/4797 4582/5529/4570 4597/5561/4585
f 4575/5531/4563 4591/5566/4579 4576/5538/4564
f 4568/5535/4556 4584/5567/4572 4569/5540/4557
f 4576/5538/4564 4592/5568/4580 4577/5542/4565
f 4570/5544/4558 4584/5567/4572 4585/5569/4573
f 4578/5545/4566 4592/5568/4580 4593/5570/4581
f 4571/5547/4559 4585/5569/4573 4586/5571/4574
f 4578/5545/4566 4594/5572/4582 4579/5550/4567
f 4572/5552/4560 4586/5571/4574 4587/5573/4575
f 4579/5550/4567 4595/5558/4583 4580/5554/4568
f 4592/5568/4580 4606/5574/4594 4607/5575/4595
f 4584/5567/4572 4600/5576/4588 4585/5569/4573
f 4593/5570/4581 4607/5575/4595 4608/5577/4596
f 4585/5569/4573 4601/5578/4589 4586/5571/4574
f 4593/5570/4581 4609/5579/4597 4594/5572/4582
f 4587/5573/4575 4601/5578/4589 4602/5580/4590
f 4595/5558/4583 4609/5579/4597 4610/5581/4598
f 4587/5573/4575 4603/5582/4591 4588/5557/4576
f 4595/5558/4583 4611/5583/4599 4596/5559/4584
f 4588/5557/4576 4604/5584/4592 4589/5560/4577
f 4597/5561/4585 4611/5583/4599 4612/5585/4600
f 4589/5560/4577 4605/5586/4593 4590/5562/4578
f 4583/5564/4571 4643/5587/4631 4598/5588/4586
f 4809/5589/4797 4597/5561/4585 4612/5585/4600
f 4590/5562/4578 4606/5574/4594 4591/5566/4579
f 4583/5564/4571 4599/5590/4587 4584/5567/4572
f 4610/5581/4598 4626/5591/4614 4611/5583/4599
f 4603/5582/4591 4619/5592/4607 4604/5584/4592
f 4611/5583/4599 4627/5593/4615 4612/5585/4600
f 4604/5584/4592 4620/5594/4608 4605/5586/4593
f 4598/5588/4586 4643/5595/4631 4613/5596/4601
f 4809/5597/4797 4612/5585/4600 4627/5593/4615
f 4605/5586/4593 4621/5598/4609 4606/5574/4594
f 4598/5588/4586 4614/5599/4602 4599/5590/4587
f 4607/5575/4595 4621/5598/4609 4622/5600/4610
f 4600/5576/4588 4614/5599/4602 4615/5601/4603
f 4607/5575/4595 4623/5602/4611 4608/5577/4596
f 4600/5576/4588 4616/5603/4604 4601/5578/4589
f 4608/5577/4596 4624/5604/4612 4609/5579/4597
f 4601/5578/4589 4617/5605/4605 4602/5580/4590
f 4610/5581/4598 4624/5604/4612 4625/5606/4613
f 4603/5582/4591 4617/5605/4605 4618/5607/4606
f 4614/5599/4602 4630/5608/4618 4615/5601/4603
f 4622/5600/4610 4638/5609/4626 4623/5602/4611
f 4615/5601/4603 4631/5610/4619 4616/5603/4604
f 4623/5602/4611 4639/5611/4627 4624/5604/4612
f 4617/5605/4605 4631/5610/4619 4632/5612/4620
f 4624/5604/4612 4640/5613/4628 4625/5606/4613
f 4618/5607/4606 4632/5612/4620 4633/5614/4621
f 4625/5606/4613 4641/5615/4629 4626/5591/4614
f 4618/5607/4606 4634/5616/4622 4619/5592/4607
f 4627/5593/4615 4641/5615/4629 4642/5617/4630
f 4620/5594/4608 4634/5616/4622 4635/5618/4623
f 4613/5596/4601 4643/5619/4631 4628/5620/4616
f 4809/5621/4797 4627/5593/4615 4642/5617/4630
f 4620/5594/4608 4636/5622/4624 4621/5598/4609
f 4613/5596/4601 4629/5623/4617 4614/5599/4602
f 4622/5600/4610 4636/5622/4624 4637/5624/4625
f 4633/5614/4621 4650/5625/4638 4634/5616/4622
f 4641/5615/4629 4658/5626/4646 4642/5617/4630
f 4635/5618/4623 4650/5625/4638 4651/5627/4639
f 4628/5620/4616 4643/5628/4631 4644/5629/4632
f 4809/5630/4797 4642/5617/4630 4658/5626/4646
f 4635/5618/4623 4652/5631/4640 4636/5622/4624
f 4628/5620/4616 4645/5632/4633 4629/5623/4617
f 4637/5624/4625 4652/5631/4640 4653/5633/4641
f 4629/5623/4617 4646/5634/4634 4630/5608/4618
f 4637/5624/4625 4654/5635/4642 4638/5609/4626
f 4630/5608/4618 4647/5636/4635 4631/5610/4619
f 4638/5609/4626 4655/5637/4643 4639/5611/4627
f 4632/5612/4620 4647/5636/4635 4648/5638/4636
f 4640/5613/4628 4655/5637/4643 4656/5639/4644
f 4633/5614/4621 4648/5638/4636 4649/5640/4637
f 4641/5615/4629 4656/5639/4644 4657/5641/4645
f 4653/5633/4641 4669/5642/4657 4654/5635/4642
f 4646/5634/4634 4662/5643/4650 4647/5636/4635
f 4654/5635/4642 4670/5644/4658 4655/5637/4643
f 4648/5638/4636 4662/5643/4650 4663/5645/4651
f 4656/5639/4644 4670/5644/4658 4671/5646/4659
f 4648/5638/4636 4664/5647/4652 4649/5640/4637
f 4656/5639/4644 4672/5648/4660 4657/5641/4645
f 4649/5640/4637 4665/5649/4653 4650/5625/4638
f 4657/5641/4645 4673/5650/4661 4658/5626/4646
f 4651/5627/4639 4665/5649/4653 4666/5651/4654
f 4644/5629/4632 4643/5652/4631 4659/5653/4647
f 4809/5654/4797 4658/5626/4646 4673/5650/4661
f 4651/5627/4639 4667/5655/4655 4652/5631/4640
f 4644/5629/4632 4660/5656/4648 4645/5632/4633
f 4653/5633/4641 4667/5655/4655 4668/5657/4656
f 4645/5632/4633 4661/5658/4649 4646/5634/4634
f 4672/5648/4660 4688/5659/4676 4673/5650/4661
f 4666/5651/4654 4680/5660/4668 4681/5661/4669
f 4659/5653/4647 4643/5662/4631 4674/5663/4662
f 4809/5664/4797 4673/5650/4661 4688/5659/4676
f 4666/5651/4654 4682/5665/4670 4667/5655/4655
f 4659/5653/4647 4675/5666/4663 4660/5656/4648
f 4668/5657/4656 4682/5665/4670 4683/5667/4671
f 4660/5656/4648 4676/5668/4664 4661/5658/4649
f 4668/5657/4656 4684/5669/4672 4669/5642/4657
f 4661/5658/4649 4677/5670/4665 4662/5643/4650
f 4669/5642/4657 4685/5671/4673 4670/5644/4658
f 4663/5645/4651 4677/5670/4665 4678/5672/4666
f 4671/5646/4659 4685/5671/4673 4686/5673/4674
f 4664/5647/4652 4678/5672/4666 4679/5674/4667
f 4671/5646/4659 4687/5675/4675 4672/5648/4660
f 4664/5647/4652 4680/5660/4668 4665/5649/4653
f 4684/5669/4672 4700/5676/4688 4685/5671/4673
f 4677/5670/4665 4693/5677/4681 4678/5672/4666
f 4686/5673/4674 4700/5676/4688 4701/5678/4689
f 4679/5674/4667 4693/5677/4681 4694/5679/4682
f 4686/5673/4674 4702/5680/4690 4687/5675/4675
f 4679/5674/4667 4695/5681/4683 4680/5660/4668
f 4687/5675/4675 4703/5682/4691 4688/5659/4676
f 4681/5661/4669 4695/5681/4683 4696/5683/4684
f 4674/5663/4662 4643/5684/4631 4689/5685/4677
f 4809/5686/4797 4688/5659/4676 4703/5682/4691
f 4681/5661/4669 4697/5687/4685 4682/5665/4670
f 4674/5663/4662 4690/5688/4678 4675/5666/4663
f 4683/5667/4671 4697/5687/4685 4698/5689/4686
f 4675/5666/4663 4691/5690/4679 4676/5668/4664
f 4683/5667/4671 4699/5691/4687 4684/5669/4672
f 4676/5668/4664 4692/5692/4680 4677/5670/4665
f 4689/5685/4677 4643/5693/4631 4704/5694/4692
f 4809/5695/4797 4703/5682/4691 4718/5696/4706
f 4696/5683/4684 4712/5697/4700 4697/5687/4685
f 4689/5685/4677 4705/5698/4693 4690/5688/4678
f 4698/5689/4686 4712/5697/4700 4713/5699/4701
f 4691/5690/4679 4705/5698/4693 4706/5700/4694
f 4698/5689/4686 4714/5701/4702 4699/5691/4687
f 4691/5690/4679 4707/5702/4695 4692/5692/4680
f 4699/5691/4687 4715/5703/4703 4700/5676/4688
f 4693/5677/4681 4707/5702/4695 4708/5704/4696
f 4701/5678/4689 4715/5703/4703 4716/5705/4704
f 4694/5679/4682 4708/5704/4696 4709/5706/4697
f 4702/5680/4690 4716/5705/4704 4717/5707/4705
f 4694/5679/4682 4710/5708/4698 4695/5681/4683
f 4702/5680/4690 4718/5696/4706 4703/5682/4691
f 4696/5683/4684 4710/5708/4698 4711/5709/4699
f 4708/5704/4696 4722/5710/4710 4723/5711/4711
f 4716/5705/4704 4730/5712/4718 4731/5713/4719
f 4709/5706/4697 4723/5711/4711 4724/5714/4712
f 4716/5705/4704 4732/5715/4720 4717/5707/4705
f 4709/5706/4697 4725/5716/4713 4710/5708/4698
f 4718/5696/4706 4732/5715/4720 4733/5717/4721
f 4711/5709/4699 4725/5716/4713 4726/5718/4714
f 4704/5694/4692 4643/5719/4631 4719/5720/4707
f 4809/5721/4797 4718/5696/4706 4733/5717/4721
f 4711/5709/4699 4727/5722/4715 4712/5697/4700
f 4704/5694/4692 4720/5723/4708 4705/5698/4693
f 4713/5699/4701 4727/5722/4715 4728/5724/4716
f 4705/5698/4693 4721/5725/4709 4706/5700/4694
f 4713/5699/4701 4729/5726/4717 4714/5701/4702
f 4706/5700/4694 4722/5710/4710 4707/5702/4695
f 4714/5701/4702 4730/5712/4718 4715/5703/4703
f 4726/5718/4714 4742/5727/4730 4727/5722/4715
f 4719/5720/4707 4735/5728/4723 4720/5723/4708
f 4728/5724/4716 4742/5727/4730 4743/5729/4731
f 4720/5723/4708 4736/5730/4724 4721/5725/4709
f 4728/5724/4716 4744/5731/4732 4729/5726/4717
f 4721/5725/4709 4737/5732/4725 4722/5710/4710
f 4729/5726/4717 4745/5733/4733 4730/5712/4718
f 4722/5710/4710 4738/5734/4726 4723/5711/4711
f 4731/5713/4719 4745/5733/4733 4746/5735/4734
f 4724/5714/4712 4738/5734/4726 4739/5736/4727
f 4732/5715/4720 4746/5735/4734 4747/5737/4735
f 4724/5714/4712 4740/5738/4728 4725/5716/4713
f 4733/5717/4721 4747/5737/4735 4748/5739/4736
f 4726/5718/4714 4740/5738/4728 4741/5740/4729
f 4719/5720/4707 4643/5741/4631 4734/5742/4722
f 4809/5743/4797 4733/5717/4721 4748/5739/4736
f 4746/5735/4734 4760/5744/4748 4761/5745/4749
f 4739/5736/4727 4753/5746/4741 4754/5747/4742
f 4747/5737/4735 4761/5745/4749 4762/5748/4750
f 4739/5736/4727 4755/5749/4743 4740/5738/4728
f 4747/5737/4735 4763/5750/4751 4748/5739/4736
f 4740/5738/4728 4756/5751/4744 4741/5740/4729
f 4734/5742/4722 4643/5752/4631 4749/5753/4737
f 4809/5754/4797 4748/5739/4736 4763/5750/4751
f 4741/5740/4729 4757/5755/4745 4742/5727/4730
f 4734/5742/4722 4750/5756/4738 4735/5728/4723
f 4743/5729/4731 4757/5755/4745 4758/5757/4746
f 4735/5728/4723 4751/5758/4739 4736/5730/4724
f 4743/5729/4731 4759/5759/4747 4744/5731/4732
f 4736/5730/4724 4752/5760/4740 4737/5732/4725
f 4744/5731/4732 4760/5744/4748 4745/5733/4733
f 4738/5734/4726 4752/5760/4740 4753/5746/4741
f 4749/5753/4737 4765/5761/4753 4750/5756/4738
f 4758/5757/4746 4772/5762/4760 4773/5763/4761
f 4750/5756/4738 4766/5764/4754 4751/5758/4739
f 4758/5757/4746 4774/5765/4762 4759/5759/4747
f 4751/5758/4739 4767/5766/4755 4752/5760/4740
f 4759/5759/4747 4775/5767/4763 4760/5744/4748
f 4752/5760/4740 4768/5768/4756 4753/5746/4741
f 4761/5745/4749 4775/5767/4763 4776/5769/4764
f 4754/5747/4742 4768/5768/4756 4769/5770/4757
f 4762/5748/4750 4776/5769/4764 4777/5771/4765
f 4754/5747/4742 4770/5772/4758 4755/5749/4743
f 4763/5750/4751 4777/5771/4765 4778/5773/4766
f 4756/5751/4744 4770/5772/4758 4771/5774/4759
f 4749/5753/4737 4643/5775/4631 4764/5776/4752
f 4809/5777/4797 4763/5750/4751 4778/5773/4766
f 4756/5751/4744 4772/5762/4760 4757/5755/4745
f 4769/5770/4757 4783/5778/4771 4784/5779/4772
f 4776/5769/4764 4792/5780/4780 4777/5771/4765
f 4769/5770/4757 4785/5781/4773 4770/5772/4758
f 4777/5771/4765 4793/5782/4781 4778/5773/4766
f 4770/5772/4758 4786/5783/4774 4771/5774/4759
f 4764/5776/4752 4643/5784/4631 4779/5785/4767
f 4809/5786/4797 4778/5773/4766 4793/5782/4781
f 4771/5774/4759 4787/5787/4775 4772/5762/4760
f 4764/5776/4752 4780/5788/4768 4765/5761/4753
f 4773/5763/4761 4787/5787/4775 4788/5789/4776
f 4765/5761/4753 4781/5790/4769 4766/5764/4754
f 4773/5763/4761 4789/5791/4777 4774/5765/4762
f 4766/5764/4754 4782/5792/4770 4767/5766/4755
f 4774/5765/4762 4790/5793/4778 4775/5767/4763
f 4768/5768/4756 4782/5792/4770 4783/5778/4771
f 4776/5769/4764 4790/5793/4778 4791/5794/4779
f 4788/5789/4776 4802/5795/4790 4803/5796/4791
f 4780/5788/4768 4796/5797/4784 4781/5790/4769
f 4788/5789/4776 4804/5798/4792 4789/5791/4777
f 4781/5790/4769 4797/5799/4785 4782/5792/4770
f 4789/5791/4777 4805/5800/4793 4790/5793/4778
f 4782/5792/4770 4798/5801/4786 4783/5778/4771
f 4790/5793/4778 4806/5802/4794 4791/5794/4779
f 4784/5779/4772 4798/5801/4786 4799/5803/4787
f 4792/5780/4780 4806/5802/4794 4807/5804/4795
f 4784/5779/4772 4800/5805/4788 4785/5781/4773
f 4793/5782/4781 4807/5804/4795 4808/5806/4796
f 4786/5783/4774 4800/5805/4788 4801/5807/4789
f 4779/5785/4767 4643/5808/4631 4794/5809/4782
f 4809/5810/4797 4793/5782/4781 4808/5806/4796
f 4786/5783/4774 4802/5795/4790 4787/5787/4775
f 4780/5788/4768 4794/5809/4782 4795/5811/4783
f 4806/5802/4794 4823/5812/4811 4807/5804/4795
f 4799/5803/4787 4816/5813/4804 4800/5805/4788
f 4807/5804/4795 4824/5814/4812 4808/5806/4796
f 4801/5807/4789 4816/5813/4804 4817/5815/4805
f 4794/5809/4782 4643/5816/4631 4810/5817/4798
f 4809/5818/4797 4808/5806/4796 4824/5814/4812
f 4801/5807/4789 4818/5819/4806 4802/5795/4790
f 4794/5809/4782 4811/5820/4799 4795/5811/4783
f 4803/5796/4791 4818/5819/4806 4819/5821/4807
f 4795/5811/4783 4812/5822/4800 4796/5797/4784
f 4803/5796/4791 4820/5823/4808 4804/5798/4792
f 4796/5797/4784 4813/5824/4801 4797/5799/4785
f 4804/5798/4792 4821/5825/4809 4805/5800/4793
f 4798/5801/4786 4813/5824/4801 4814/5826/4802
f 4806/5802/4794 4821/5825/4809 4822/5827/4810
f 4799/5803/4787 4814/5826/4802 4815/5828/4803
f 4819/5821/4807 4835/5829/4823 4820/5823/4808
f 4812/5822/4800 4828/5830/4816 4813/5824/4801
f 4820/5823/4808 4836/5831/4824 4821/5825/4809
f 4814/5826/4802 4828/5830/4816 4829/5832/4817
f 4822/5827/4810 4836/5831/4824 4837/5833/4825
f 4815/5828/4803 4829/5832/4817 4830/5834/4818
f 4823/5812/4811 4837/5833/4825 4838/5835/4826
f 4815/5828/4803 4831/5836/4819 4816/5813/4804
f 4823/5812/4811 4839/5837/4827 4824/5814/4812
f 4817/5815/4805 4831/5836/4819 4832/5838/4820
f 4810/5817/4798 4643/5839/4631 4825/5840/4813
f 4809/5841/4797 4824/5814/4812 4839/5837/4827
f 4817/5815/4805 4833/5842/4821 4818/5819/4806
f 4810/5817/4798 4826/5843/4814 4811/5820/4799
f 4819/5821/4807 4833/5842/4821 4834/5844/4822
f 4812/5822/4800 4826/5843/4814 4827/5845/4815
f 4839/5837/4827 4853/5846/4841 4854/5847/4842
f 4832/5838/4820 4846/5848/4834 4847/5849/4835
f 4825/5840/4813 4643/5850/4631 4840/5851/4828
f 4809/5852/4797 4839/5837/4827 4854/5847/4842
f 4832/5838/4820 4848/5853/4836 4833/5842/4821
f 4825/5840/4813 4841/5854/4829 4826/5843/4814
f 4834/5844/4822 4848/5853/4836 4849/5855/4837
f 4826/5843/4814 4842/5856/4830 4827/5845/4815
f 4834/5844/4822 4850/5857/4838 4835/5829/4823
f 4827/5845/4815 4843/5858/4831 4828/5830/4816
f 4835/5829/4823 4851/5859/4839 4836/5831/4824
f 4829/5832/4817 4843/5858/4831 4844/5860/4832
f 4837/5833/4825 4851/5859/4839 4852/5861/4840
f 4830/5834/4818 4844/5860/4832 4845/5862/4833
f 4837/5833/4825 4853/5846/4841 4838/5835/4826
f 4830/5834/4818 4846/5848/4834 4831/5836/4819
f 4842/5856/4830 4858/5863/4846 4843/5858/4831
f 4850/5857/4838 4866/5864/4854 4851/5859/4839
f 4844/5860/4832 4858/5863/4846 4859/5865/4847
f 4852/5861/4840 4866/5864/4854 4867/5866/4855
f 4845/5862/4833 4859/5865/4847 4860/5867/4848
f 4853/5846/4841 4867/5866/4855 4868/5868/4856
f 4845/5862/4833 4861/5869/4849 4846/5848/4834
f 4853/5846/4841 4869/5870/4857 4854/5847/4842
f 4847/5849/4835 4861/5869/4849 4862/5871/4850
f 4840/5851/4828 4643/5872/4631 4855/5873/4843
f 4809/5874/4797 4854/5847/4842 4869/5870/4857
f 4847/5849/4835 4863/5875/4851 4848/5853/4836
f 4840/5851/4828 4856/5876/4844 4841/5854/4829
f 4849/5855/4837 4863/5875/4851 4864/5877/4852
f 4841/5854/4829 4857/5878/4845 4842/5856/4830
f 4849/5855/4837 4865/5879/4853 4850/5857/4838
f 4862/5871/4850 4876/5880/4864 4877/5881/4865
f 4855/5873/4843 4643/5882/4631 4870/5883/4858
f 4809/5884/4797 4869/5870/4857 4884/5885/4872
f 4862/5871/4850 4878/5886/4866 4863/5875/4851
f 4855/5873/4843 4871/5887/4859 4856/5876/4844
f 4864/5877/4852 4878/5886/4866 4879/5888/4867
f 4856/5876/4844 4872/5889/4860 4857/5878/4845
f 4864/5877/4852 4880/5890/4868 4865/5879/4853
f 4857/5878/4845 4873/5891/4861 4858/5863/4846
f 4865/5879/4853 4881/5892/4869 4866/5864/4854
f 4859/5865/4847 4873/5891/4861 4874/5893/4862
f 4867/5866/4855 4881/5892/4869 4882/5894/4870
f 4860/5867/4848 4874/5893/4862 4875/5895/4863
f 4868/5868/4856 4882/5894/4870 4883/5896/4871
f 4860/5867/4848 4876/5880/4864 4861/5869/4849
f 4869/5870/4857 4883/5896/4871 4884/5885/4872
f 4880/5890/4868 4896/5897/4884 4881/5892/4869
f 4874/5893/4862 4888/5898/4876 4889/5899/4877
f 4882/5894/4870 4896/5897/4884 4897/5900/4885
f 4875/5895/4863 4889/5899/4877 4890/5901/4878
f 4883/5896/4871 4897/5900/4885 4898/5902/4886
f 4875/5895/4863 4891/5903/4879 4876/5880/4864
f 4883/5896/4871 4899/5904/4887 4884/5885/4872
f 4877/5881/4865 4891/5903/4879 4892/5905/4880
f 4870/5883/4858 4643/5906/4631 4885/5907/4873
f 4809/5908/4797 4884/5885/4872 4899/5904/4887
f 4877/5881/4865 4893/5909/4881 4878/5886/4866
f 4870/5883/4858 4886/5910/4874 4871/5887/4859
f 4879/5888/4867 4893/5909/4881 4894/5911/4882
f 4871/5887/4859 4887/5912/4875 4872/5889/4860
f 4879/5888/4867 4895/5913/4883 4880/5890/4868
f 4872/5889/4860 4888/5898/4876 4873/5891/4861
f 4885/5907/4873 4643/5914/4631 4900/5915/4888
f 4809/5916/4797 4899/5904/4887 4914/5917/4902
f 4892/5905/4880 4908/5918/4896 4893/5909/4881
f 4886/5910/4874 4900/5915/4888 4901/5919/4889
f 4894/5911/4882 4908/5918/4896 4909/5920/4897
f 4886/5910/4874 4902/5921/4890 4887/5912/4875
f 4894/5911/4882 4910/5922/4898 4895/5913/4883
f 4887/5912/4875 4903/5923/4891 4888/5898/4876
f 4895/5913/4883 4911/5924/4899 4896/5897/4884
f 4889/5899/4877 4903/5923/4891 4904/5925/4892
f 4897/5900/4885 4911/5924/4899 4912/5926/4900
f 4890/5901/4878 4904/5925/4892 4905/5927/4893
f 4898/5902/4886 4912/5926/4900 4913/5928/4901
f 4890/5901/4878 4906/5929/4894 4891/5903/4879
f 4898/5902/4886 4914/5917/4902 4899/5904/4887
f 4892/5905/4880 4906/5929/4894 4907/5930/4895
f 4904/5925/4892 4918/5931/4906 4919/5932/4907
f 4912/5926/4900 4926/5933/4914 4927/5934/4915
f 4905/5927/4893 4919/5932/4907 4920/5935/4908
f 4912/5926/4900 4928/5936/4916 4913/5928/4901
f 4905/5927/4893 4921/5937/4909 4906/5929/4894
f 4913/5928/4901 4929/5938/4917 4914/5917/4902
f 4907/5930/4895 4921/5937/4909 4922/5939/4910
f 4900/5915/4888 4643/5940/4631 4915/5941/4903
f 4809/5942/4797 4914/5917/4902 4929/5938/4917
f 4907/5930/4895 4923/5943/4911 4908/5918/4896
f 4900/5915/4888 4916/5944/4904 4901/5919/4889
f 4909/5920/4897 4923/5943/4911 4924/5945/4912
f 4901/5919/4889 4917/5946/4905 4902/5921/4890
f 4909/5920/4897 4925/5947/4913 4910/5922/4898
f 4902/5921/4890 4918/5931/4906 4903/5923/4891
f 4910/5922/4898 4926/5933/4914 4911/5924/4899
f 4922/5948/4910 4938/5949/4926 4923/5950/4911
f 4915/5951/4903 4931/5952/4919 4916/5953/4904
f 4924/5954/4912 4938/5949/4926 4939/5955/4927
f 4916/5953/4904 4932/5956/4920 4917/5957/4905
f 4924/5954/4912 4940/5958/4928 4925/5959/4913
f 4917/5957/4905 4933/5960/4921 4918/5961/4906
f 4925/5959/4913 4941/5962/4929 4926/5963/4914
f 4919/5964/4907 4933/5960/4921 4934/5965/4922
f 4927/5966/4915 4941/5962/4929 4942/5967/4930
f 4920/5968/4908 4934/5965/4922 4935/5969/4923
f 4927/5966/4915 4943/5970/4931 4928/5971/4916
f 4920/5968/4908 4936/5972/4924 4921/5973/4909
f 4928/5971/4916 4944/5974/4932 4929/5975/4917
f 4922/5948/4910 4936/5972/4924 4937/5976/4925
f 4915/5951/4903 4643/5977/4631 4930/5978/4918
f 4809/5979/4797 4929/5975/4917 4944/5974/4932
f 4942/5967/4930 4956/5980/4944 4957/5981/4945
f 4935/5969/4923 4949/5982/4937 4950/5983/4938
f 4942/5967/4930 4958/5984/4946 4943/5970/4931
f 4935/5969/4923 4951/5985/4939 4936/5972/4924
f 4943/5970/4931 4959/5986/4947 4944/5974/4932
f 4937/5976/4925 4951/5985/4939 4952/5987/4940
f 4930/5978/4918 4643/5988/4631 4945/5989/4933
f 4809/5990/4797 4944/5974/4932 4959/5986/4947
f 4937/5976/4925 4953/5991/4941 4938/5949/4926
f 4930/5978/4918 4946/5992/4934 4931/5952/4919
f 4939/5955/4927 4953/5991/4941 4954/5993/4942
f 4931/5952/4919 4947/5994/4935 4932/5956/4920
f 4939/5955/4927 4955/5995/4943 4940/5958/4928
f 4932/5956/4920 4948/5996/4936 4933/5960/4921
f 4940/5958/4928 4956/5980/4944 4941/5962/4929
f 4934/5965/4922 4948/5996/4936 4949/5982/4937
f 4954/5993/4942 4968/5997/4956 4969/5998/4957
f 4946/5992/4934 4962/5999/4950 4947/5994/4935
f 4954/5993/4942 4970/6000/4958 4955/5995/4943
f 4947/5994/4935 4963/6001/4951 4948/5996/4936
f 4955/5995/4943 4971/6002/4959 4956/5980/4944
f 4949/5982/4937 4963/6001/4951 4964/6003/4952
f 4957/5981/4945 4971/6002/4959 4972/6004/4960
f 4950/5983/4938 4964/6003/4952 4965/6005/4953
f 4958/5984/4946 4972/6004/4960 4973/6006/4961
f 4950/5983/4938 4966/6007/4954 4951/5985/4939
f 4958/5984/4946 4974/6008/4962 4959/5986/4947
f 4952/5987/4940 4966/6007/4954 4967/6009/4955
f 4945/5989/4933 4643/6010/4631 4960/6011/4948
f 4809/6012/4797 4959/5986/4947 4974/6008/4962
f 4952/5987/4940 4968/5997/4956 4953/5991/4941
f 4946/5992/4934 4960/6011/4948 4961/6013/4949
f 4973/6006/4961 4987/6014/4975 4988/6015/4976
f 4965/6005/4953 4981/6016/4969 4966/6007/4954
f 4973/6006/4961 4989/6017/4977 4974/6008/4962
f 4967/6009/4955 4981/6016/4969 4982/6018/4970
f 4960/6011/4948 4643/6019/4631 4975/6020/4963
f 4809/6021/4797 4974/6008/4962 4989/6017/4977
f 4967/6009/4955 4983/6022/4971 4968/5997/4956
f 4960/6011/4948 4976/6023/4964 4961/6013/4949
f 4969/5998/4957 4983/6022/4971 4984/6024/4972
f 4961/6013/4949 4977/6025/4965 4962/5999/4950
f 4969/5998/4957 4985/6026/4973 4970/6000/4958
f 4962/5999/4950 4978/6027/4966 4963/6001/4951
f 4970/6000/4958 4986/6028/4974 4971/6002/4959
f 4964/6003/4952 4978/6027/4966 4979/6029/4967
f 4972/6004/4960 4986/6028/4974 4987/6014/4975
f 4965/6005/4953 4979/6029/4967 4980/6030/4968
f 4976/6023/4964 4992/6031/4980 4977/6025/4965
f 4984/6024/4972 5000/6032/4988 4985/6026/4973
f 4977/6025/4965 4993/6033/4981 4978/6027/4966
f 4985/6026/4973 5001/6034/4989 4986/6028/4974
f 4979/6029/4967 4993/6033/4981 4994/6035/4982
f 4987/6014/4975 5001/6034/4989 5002/6036/4990
f 4980/6030/4968 4994/6035/4982 4995/6037/4983
f 4987/6014/4975 5003/6038/4991 4988/6015/4976
f 4980/6030/4968 4996/6039/4984 4981/6016/4969
f 4988/6015/4976 5004/6040/4992 4989/6017/4977
f 4982/6018/4970 4996/6039/4984 4997/6041/4985
f 4975/6020/4963 4643/6042/4631 4990/6043/4978
f 4809/6044/4797 4989/6017/4977 5004/6040/4992
f 4982/6018/4970 4998/6045/4986 4983/6022/4971
f 4975/6020/4963 4991/6046/4979 4976/6023/4964
f 4984/6024/4972 4998/6045/4986 4999/6047/4987
f 4995/6037/4983 5011/6048/4999 4996/6039/4984
f 5003/6038/4991 5019/6049/5007 5004/6040/4992
f 4997/6041/4985 5011/6048/4999 5012/6050/5000
f 4990/6043/4978 4643/6051/4631 5005/6052/4993
f 4809/6053/4797 5004/6040/4992 5019/6049/5007
f 4997/6041/4985 5013/6054/5001 4998/6045/4986
f 4991/6046/4979 5005/6052/4993 5006/6055/4994
f 4999/6047/4987 5013/6054/5001 5014/6056/5002
f 4991/6046/4979 5007/6057/4995 4992/6031/4980
f 4999/6047/4987 5015/6058/5003 5000/6032/4988
f 4992/6031/4980 5008/6059/4996 4993/6033/4981
f 5000/6032/4988 5016/6060/5004 5001/6034/4989
f 4994/6035/4982 5008/6059/4996 5009/6061/4997
f 5002/6036/4990 5016/6060/5004 5017/6062/5005
f 4995/6037/4983 5009/6061/4997 5010/6063/4998
f 5002/6036/4990 5018/6064/5006 5003/6038/4991
f 5014/6056/5002 5030/6065/5018 5015/6058/5003
f 5007/6057/4995 5023/6066/5011 5008/6059/4996
f 5015/6058/5003 5031/6067/5019 5016/6060/5004
f 5009/6061/4997 5023/6066/5011 5024/6068/5012
f 5017/6062/5005 5031/6067/5019 5032/6069/5020
f 5010/6063/4998 5024/6068/5012 5025/6070/5013
f 5018/6064/5006 5032/6069/5020 5033/6071/5021
f 5010/6063/4998 5026/6072/5014 5011/6048/4999
f 5018/6064/5006 5034/6073/5022 5019/6049/5007
f 5012/6050/5000 5026/6072/5014 5027/6074/5015
f 5005/6052/4993 4643/6075/4631 5020/6076/5008
f 4809/6077/4797 5019/6049/5007 5034/6073/5022
f 5012/6050/5000 5028/6078/5016 5013/6054/5001
f 5005/6052/4993 5021/6079/5009 5006/6055/4994
f 5014/6056/5002 5028/6078/5016 5029/6080/5017
f 5006/6055/4994 5022/6081/5010 5007/6057/4995
f 5033/6071/5021 5041/5530/5029 5034/6073/5022
f 5027/6074/5015 5038/5525/5026 4563/5532/4551
f 5020/6076/5008 4643/6082/4631 4560/5533/4548
f 4809/6083/4797 5034/6073/5022 5041/5530/5029
f 5027/6074/5015 4564/5537/4552 5028/6078/5016
f 5021/6079/5009 4560/5533/4548 5035/5539/5023
f 5028/6078/5016 4565/5541/4553 5029/6080/5017
f 5022/6081/5010 5035/5539/5023 4561/5543/4549
f 5029/6080/5017 4566/5546/4554 5030/6065/5018
f 5023/6066/5011 4561/5543/4549 5036/5548/5024
f 5030/6065/5018 5039/5549/5027 5031/6067/5019
f 5024/6068/5012 5036/5548/5024 5037/5551/5025
f 5031/6067/5019 4567/5553/4555 5032/6069/5020
f 5025/6070/5013 5037/5551/5025 4562/5555/4550
f 5032/6069/5020 5040/5528/5028 5033/6071/5021
f 5026/6072/5014 4562/5555/4550 5038/5525/5026
f 5038/5525/5026 4562/5555/4550 4573/5526/4561
f 5040/5528/5028 4581/5556/4569 4582/5529/4570
f 5038/5525/5026 4574/5527/4562 4575/5531/4563
f 4564/5537/4552 4563/5532/4551 4575/5531/4563
f 5035/5539/5023 4560/5533/4548 4568/5535/4556
f 4565/5541/4553 4564/5537/4552 4576/5538/4564
f 4561/5543/4549 5035/5539/5023 4569/5540/4557
f 4565/5541/4553 4577/5542/4565 4578/5545/4566
f 4561/5543/4549 4570/5544/4558 4571/5547/4559
f 5039/5549/5027 4566/5546/4554 4578/5545/4566
f 5037/5551/5025 5036/5548/5024 4571/5547/4559
f 4567/5553/4555 5039/5549/5027 4579/5550/4567
f 4562/5555/4550 5037/5551/5025 4572/5552/4560
f 4567/5553/4555 4580/5554/4568 4581/5556/4569
f 4572/5552/4560 4587/5573/4575 4588/5557/4576
f 4581/5556/4569 4580/5554/4568 4595/5558/4583
f 4573/5526/4561 4588/5557/4576 4589/5560/4577
f 4582/5529/4570 4581/5556/4569 4596/5559/4584
f 4574/5527/4562 4589/5560/4577 4590/5562/4578
f 4575/5531/4563 4590/5562/4578 4591/5566/4579
f 4568/5535/4556 4583/5564/4571 4584/5567/4572
f 4576/5538/4564 4591/5566/4579 4592/5568/4580
f 4570/5544/4558 4569/5540/4557 4584/5567/4572
f 4578/5545/4566 4577/5542/4565 4592/5568/4580
f 4571/5547/4559 4570/5544/4558 4585/5569/4573
f 4578/5545/4566 4593/5570/4581 4594/5572/4582
f 4572/5552/4560 4571/5547/4559 4586/5571/4574
f 4579/5550/4567 4594/5572/4582 4595/5558/4583
f 4592/5568/4580 4591/5566/4579 4606/5574/4594
f 4584/5567/4572 4599/5590/4587 4600/5576/4588
f 4593/5570/4581 4592/5568/4580 4607/5575/4595
f 4585/5569/4573 4600/5576/4588 4601/5578/4589
f 4593/5570/4581 4608/5577/4596 4609/5579/4597
f 4587/5573/4575 4586/5571/4574 4601/5578/4589
f 4595/5558/4583 4594/5572/4582 4609/5579/4597
f 4587/5573/4575 4602/5580/4590 4603/5582/4591
f 4595/5558/4583 4610/5581/4598 4611/5583/4599
f 4588/5557/4576 4603/5582/4591 4604/5584/4592
f 4597/5561/4585 4596/5559/4584 4611/5583/4599
f 4589/5560/4577 4604/5584/4592 4605/5586/4593
f 4590/5562/4578 4605/5586/4593 4606/5574/4594
f 4583/5564/4571 4598/5588/4586 4599/5590/4587
f 4610/5581/4598 4625/5606/4613 4626/5591/4614
f 4603/5582/4591 4618/5607/4606 4619/5592/4607
f 4611/5583/4599 4626/5591/4614 4627/5593/4615
f 4604/5584/4592 4619/5592/4607 4620/5594/4608
f 4605/5586/4593 4620/5594/4608 4621/5598/4609
f 4598/5588/4586 4613/5596/4601 4614/5599/4602
f 4607/5575/4595 4606/5574/4594 4621/5598/4609
f 4600/5576/4588 4599/5590/4587 4614/5599/4602
f 4607/5575/4595 4622/5600/4610 4623/5602/4611
f 4600/5576/4588 4615/5601/4603 4616/5603/4604
f 4608/5577/4596 4623/5602/4611 4624/5604/4612
f 4601/5578/4589 4616/5603/4604 4617/5605/4605
f 4610/5581/4598 4609/5579/4597 4624/5604/4612
f 4603/5582/4591 4602/5580/4590 4617/5605/4605
f 4614/5599/4602 4629/5623/4617 4630/5608/4618
f 4622/5600/4610 4637/5624/4625 4638/5609/4626
f 4615/5601/4603 4630/5608/4618 4631/5610/4619
f 4623/5602/4611 4638/5609/4626 4639/5611/4627
f 4617/5605/4605 4616/5603/4604 4631/5610/4619
f 4624/5604/4612 4639/5611/4627 4640/5613/4628
f 4618/5607/4606 4617/5605/4605 4632/5612/4620
f 4625/5606/4613 4640/5613/4628 4641/5615/4629
f 4618/5607/4606 4633/5614/4621 4634/5616/4622
f 4627/5593/4615 4626/5591/4614 4641/5615/4629
f 4620/5594/4608 4619/5592/4607 4634/5616/4622
f 4620/5594/4608 4635/5618/4623 4636/5622/4624
f 4613/5596/4601 4628/5620/4616 4629/5623/4617
f 4622/5600/4610 4621/5598/4609 4636/5622/4624
f 4633/5614/4621 4649/5640/4637 4650/5625/4638
f 4641/5615/4629 4657/5641/4645 4658/5626/4646
f 4635/5618/4623 4634/5616/4622 4650/5625/4638
f 4635/5618/4623 4651/5627/4639 4652/5631/4640
f 4628/5620/4616 4644/5629/4632 4645/5632/4633
f 4637/5624/4625 4636/5622/4624 4652/5631/4640
f 4629/5623/4617 4645/5632/4633 4646/5634/4634
f 4637/5624/4625 4653/5633/4641 4654/5635/4642
f 4630/5608/4618 4646/5634/4634 4647/5636/4635
f 4638/5609/4626 4654/5635/4642 4655/5637/4643
f 4632/5612/4620 4631/5610/4619 4647/5636/4635
f 4640/5613/4628 4639/5611/4627 4655/5637/4643
f 4633/5614/4621 4632/5612/4620 4648/5638/4636
f 4641/5615/4629 4640/5613/4628 4656/5639/4644
f 4653/5633/4641 4668/5657/4656 4669/5642/4657
f 4646/5634/4634 4661/5658/4649 4662/5643/4650
f 4654/5635/4642 4669/5642/4657 4670/5644/4658
f 4648/5638/4636 4647/5636/4635 4662/5643/4650
f 4656/5639/4644 4655/5637/4643 4670/5644/4658
f 4648/5638/4636 4663/5645/4651 4664/5647/4652
f 4656/5639/4644 4671/5646/4659 4672/5648/4660
f 4649/5640/4637 4664/5647/4652 4665/5649/4653
f 4657/5641/4645 4672/5648/4660 4673/5650/4661
f 4651/5627/4639 4650/5625/4638 4665/5649/4653
f 4651/5627/4639 4666/5651/4654 4667/5655/4655
f 4644/5629/4632 4659/5653/4647 4660/5656/4648
f 4653/5633/4641 4652/5631/4640 4667/5655/4655
f 4645/5632/4633 4660/5656/4648 4661/5658/4649
f 4672/5648/4660 4687/5675/4675 4688/5659/4676
f 4666/5651/4654 4665/5649/4653 4680/5660/4668
f 4666/5651/4654 4681/5661/4669 4682/5665/4670
f 4659/5653/4647 4674/5663/4662 4675/5666/4663
f 4668/5657/4656 4667/5655/4655 4682/5665/4670
f 4660/5656/4648 4675/5666/4663 4676/5668/4664
f 4668/5657/4656 4683/5667/4671 4684/5669/4672
f 4661/5658/4649 4676/5668/4664 4677/5670/4665
f 4669/5642/4657 4684/5669/4672 4685/5671/4673
f 4663/5645/4651 4662/5643/4650 4677/5670/4665
f 4671/5646/4659 4670/5644/4658 4685/5671/4673
f 4664/5647/4652 4663/5645/4651 4678/5672/4666
f 4671/5646/4659 4686/5673/4674 4687/5675/4675
f 4664/5647/4652 4679/5674/4667 4680/5660/4668
f 4684/5669/4672 4699/5691/4687 4700/5676/4688
f 4677/5670/4665 4692/5692/4680 4693/5677/4681
f 4686/5673/4674 4685/5671/4673 4700/5676/4688
f 4679/5674/4667 4678/5672/4666 4693/5677/4681
f 4686/5673/4674 4701/5678/4689 4702/5680/4690
f 4679/5674/4667 4694/5679/4682 4695/5681/4683
f 4687/5675/4675 4702/5680/4690 4703/5682/4691
f 4681/5661/4669 4680/5660/4668 4695/5681/4683
f 4681/5661/4669 4696/5683/4684 4697/5687/4685
f 4674/5663/4662 4689/5685/4677 4690/5688/4678
f 4683/5667/4671 4682/5665/4670 4697/5687/4685
f 4675/5666/4663 4690/5688/4678 4691/5690/4679
f 4683/5667/4671 4698/5689/4686 4699/5691/4687
f 4676/5668/4664 4691/5690/4679 4692/5692/4680
f 4696/5683/4684 4711/5709/4699 4712/5697/4700
f 4689/5685/4677 4704/5694/4692 4705/5698/4693
f 4698/5689/4686 4697/5687/4685 4712/5697/4700
f 4691/5690/4679 4690/5688/4678 4705/5698/4693
f 4698/5689/4686 4713/5699/4701 4714/5701/4702
f 4691/5690/4679 4706/5700/4694 4707/5702/4695
f 4699/5691/4687 4714/5701/4702 4715/5703/4703
f 4693/5677/4681 4692/5692/4680 4707/5702/4695
f 4701/5678/4689 4700/5676/4688 4715/5703/4703
f 4694/5679/4682 4693/5677/4681 4708/5704/4696
f 4702/5680/4690 4701/5678/4689 4716/5705/4704
f 4694/5679/4682 4709/5706/4697 4710/5708/4698
f 4702/5680/4690 4717/5707/4705 4718/5696/4706
f 4696/5683/4684 4695/5681/4683 4710/5708/4698
f 4708/5704/4696 4707/5702/4695 4722/5710/4710
f 4716/5705/4704 4715/5703/4703 4730/5712/4718
f 4709/5706/4697 4708/5704/4696 4723/5711/4711
f 4716/5705/4704 4731/5713/4719 4732/5715/4720
f 4709/5706/4697 4724/5714/4712 4725/5716/4713
f 4718/5696/4706 4717/5707/4705 4732/5715/4720
f 4711/5709/4699 4710/5708/4698 4725/5716/4713
f 4711/5709/4699 4726/5718/4714 4727/5722/4715
f 4704/5694/4692 4719/5720/4707 4720/5723/4708
f 4713/5699/4701 4712/5697/4700 4727/5722/4715
f 4705/5698/4693 4720/5723/4708 4721/5725/4709
f 4713/5699/4701 4728/5724/4716 4729/5726/4717
f 4706/5700/4694 4721/5725/4709 4722/5710/4710
f 4714/5701/4702 4729/5726/4717 4730/5712/4718
f 4726/5718/4714 4741/5740/4729 4742/5727/4730
f 4719/5720/4707 4734/5742/4722 4735/5728/4723
f 4728/5724/4716 4727/5722/4715 4742/5727/4730
f 4720/5723/4708 4735/5728/4723 4736/5730/4724
f 4728/5724/4716 4743/5729/4731 4744/5731/4732
f 4721/5725/4709 4736/5730/4724 4737/5732/4725
f 4729/5726/4717 4744/5731/4732 4745/5733/4733
f 4722/5710/4710 4737/5732/4725 4738/5734/4726
f 4731/5713/4719 4730/5712/4718 4745/5733/4733
f 4724/5714/4712 4723/5711/4711 4738/5734/4726
f 4732/5715/4720 4731/5713/4719 4746/5735/4734
f 4724/5714/4712 4739/5736/4727 4740/5738/4728
f 4733/5717/4721 4732/5715/4720 4747/5737/4735
f 4726/5718/4714 4725/5716/4713 4740/5738/4728
f 4746/5735/4734 4745/5733/4733 4760/5744/4748
f 4739/5736/4727 4738/5734/4726 4753/5746/4741
f 4747/5737/4735 4746/5735/4734 4761/5745/4749
f 4739/5736/4727 4754/5747/4742 4755/5749/4743
f 4747/5737/4735 4762/5748/4750 4763/5750/4751
f 4740/5738/4728 4755/5749/4743 4756/5751/4744
f 4741/5740/4729 4756/5751/4744 4757/5755/4745
f 4734/5742/4722 4749/5753/4737 4750/5756/4738
f 4743/5729/4731 4742/5727/4730 4757/5755/4745
f 4735/5728/4723 4750/5756/4738 4751/5758/4739
f 4743/5729/4731 4758/5757/4746 4759/5759/4747
f 4736/5730/4724 4751/5758/4739 4752/5760/4740
f 4744/5731/4732 4759/5759/4747 4760/5744/4748
f 4738/5734/4726 4737/5732/4725 4752/5760/4740
f 4749/5753/4737 4764/5776/4752 4765/5761/4753
f 4758/5757/4746 4757/5755/4745 4772/5762/4760
f 4750/5756/4738 4765/5761/4753 4766/5764/4754
f 4758/5757/4746 4773/5763/4761 4774/5765/4762
f 4751/5758/4739 4766/5764/4754 4767/5766/4755
f 4759/5759/4747 4774/5765/4762 4775/5767/4763
f 4752/5760/4740 4767/5766/4755 4768/5768/4756
f 4761/5745/4749 4760/5744/4748 4775/5767/4763
f 4754/5747/4742 4753/5746/4741 4768/5768/4756
f 4762/5748/4750 4761/5745/4749 4776/5769/4764
f 4754/5747/4742 4769/5770/4757 4770/5772/4758
f 4763/5750/4751 4762/5748/4750 4777/5771/4765
f 4756/5751/4744 4755/5749/4743 4770/5772/4758
f 4756/5751/4744 4771/5774/4759 4772/5762/4760
f 4769/5770/4757 4768/5768/4756 4783/5778/4771
f 4776/5769/4764 4791/5794/4779 4792/5780/4780
f 4769/5770/4757 4784/5779/4772 4785/5781/4773
f 4777/5771/4765 4792/5780/4780 4793/5782/4781
f 4770/5772/4758 4785/5781/4773 4786/5783/4774
f 4771/5774/4759 4786/5783/4774 4787/5787/4775
f 4764/5776/4752 4779/5785/4767 4780/5788/4768
f 4773/5763/4761 4772/5762/4760 4787/5787/4775
f 4765/5761/4753 4780/5788/4768 4781/5790/4769
f 4773/5763/4761 4788/5789/4776 4789/5791/4777
f 4766/5764/4754 4781/5790/4769 4782/5792/4770
f 4774/5765/4762 4789/5791/4777 4790/5793/4778
f 4768/5768/4756 4767/5766/4755 4782/5792/4770
f 4776/5769/4764 4775/5767/4763 4790/5793/4778
f 4788/5789/4776 4787/5787/4775 4802/5795/4790
f 4780/5788/4768 4795/5811/4783 4796/5797/4784
f 4788/5789/4776 4803/5796/4791 4804/5798/4792
f 4781/5790/4769 4796/5797/4784 4797/5799/4785
f 4789/5791/4777 4804/5798/4792 4805/5800/4793
f 4782/5792/4770 4797/5799/4785 4798/5801/4786
f 4790/5793/4778 4805/5800/4793 4806/5802/4794
f 4784/5779/4772 4783/5778/4771 4798/5801/4786
f 4792/5780/4780 4791/5794/4779 4806/5802/4794
f 4784/5779/4772 4799/5803/4787 4800/5805/4788
f 4793/5782/4781 4792/5780/4780 4807/5804/4795
f 4786/5783/4774 4785/5781/4773 4800/5805/4788
f 4786/5783/4774 4801/5807/4789 4802/5795/4790
f 4780/5788/4768 4779/5785/4767 4794/5809/4782
f 4806/5802/4794 4822/5827/4810 4823/5812/4811
f 4799/5803/4787 4815/5828/4803 4816/5813/4804
f 4807/5804/4795 4823/5812/4811 4824/5814/4812
f 4801/5807/4789 4800/5805/4788 4816/5813/4804
f 4801/5807/4789 4817/5815/4805 4818/5819/4806
f 4794/5809/4782 4810/5817/4798 4811/5820/4799
f 4803/5796/4791 4802/5795/4790 4818/5819/4806
f 4795/5811/4783 4811/5820/4799 4812/5822/4800
f 4803/5796/4791 4819/5821/4807 4820/5823/4808
f 4796/5797/4784 4812/5822/4800 4813/5824/4801
f 4804/5798/4792 4820/5823/4808 4821/5825/4809
f 4798/5801/4786 4797/5799/4785 4813/5824/4801
f 4806/5802/4794 4805/5800/4793 4821/5825/4809
f 4799/5803/4787 4798/5801/4786 4814/5826/4802
f 4819/5821/4807 4834/5844/4822 4835/5829/4823
f 4812/5822/4800 4827/5845/4815 4828/5830/4816
f 4820/5823/4808 4835/5829/4823 4836/5831/4824
f 4814/5826/4802 4813/5824/4801 4828/5830/4816
f 4822/5827/4810 4821/5825/4809 4836/5831/4824
f 4815/5828/4803 4814/5826/4802 4829/5832/4817
f 4823/5812/4811 4822/5827/4810 4837/5833/4825
f 4815/5828/4803 4830/5834/4818 4831/5836/4819
f 4823/5812/4811 4838/5835/4826 4839/5837/4827
f 4817/5815/4805 4816/5813/4804 4831/5836/4819
f 4817/5815/4805 4832/5838/4820 4833/5842/4821
f 4810/5817/4798 4825/5840/4813 4826/5843/4814
f 4819/5821/4807 4818/5819/4806 4833/5842/4821
f 4812/5822/4800 4811/5820/4799 4826/5843/4814
f 4839/5837/4827 4838/5835/4826 4853/5846/4841
f 4832/5838/4820 4831/5836/4819 4846/5848/4834
f 4832/5838/4820 4847/5849/4835 4848/5853/4836
f 4825/5840/4813 4840/5851/4828 4841/5854/4829
f 4834/5844/4822 4833/5842/4821 4848/5853/4836
f 4826/5843/4814 4841/5854/4829 4842/5856/4830
f 4834/5844/4822 4849/5855/4837 4850/5857/4838
f 4827/5845/4815 4842/5856/4830 4843/5858/4831
f 4835/5829/4823 4850/5857/4838 4851/5859/4839
f 4829/5832/4817 4828/5830/4816 4843/5858/4831
f 4837/5833/4825 4836/5831/4824 4851/5859/4839
f 4830/5834/4818 4829/5832/4817 4844/5860/4832
f 4837/5833/4825 4852/5861/4840 4853/5846/4841
f 4830/5834/4818 4845/5862/4833 4846/5848/4834
f 4842/5856/4830 4857/5878/4845 4858/5863/4846
f 4850/5857/4838 4865/5879/4853 4866/5864/4854
f 4844/5860/4832 4843/5858/4831 4858/5863/4846
f 4852/5861/4840 4851/5859/4839 4866/5864/4854
f 4845/5862/4833 4844/5860/4832 4859/5865/4847
f 4853/5846/4841 4852/5861/4840 4867/5866/4855
f 4845/5862/4833 4860/5867/4848 4861/5869/4849
f 4853/5846/4841 4868/5868/4856 4869/5870/4857
f 4847/5849/4835 4846/5848/4834 4861/5869/4849
f 4847/5849/4835 4862/5871/4850 4863/5875/4851
f 4840/5851/4828 4855/5873/4843 4856/5876/4844
f 4849/5855/4837 4848/5853/4836 4863/5875/4851
f 4841/5854/4829 4856/5876/4844 4857/5878/4845
f 4849/5855/4837 4864/5877/4852 4865/5879/4853
f 4862/5871/4850 4861/5869/4849 4876/5880/4864
f 4862/5871/4850 4877/5881/4865 4878/5886/4866
f 4855/5873/4843 4870/5883/4858 4871/5887/4859
f 4864/5877/4852 4863/5875/4851 4878/5886/4866
f 4856/5876/4844 4871/5887/4859 4872/5889/4860
f 4864/5877/4852 4879/5888/4867 4880/5890/4868
f 4857/5878/4845 4872/5889/4860 4873/5891/4861
f 4865/5879/4853 4880/5890/4868 4881/5892/4869
f 4859/5865/4847 4858/5863/4846 4873/5891/4861
f 4867/5866/4855 4866/5864/4854 4881/5892/4869
f 4860/5867/4848 4859/5865/4847 4874/5893/4862
f 4868/5868/4856 4867/5866/4855 4882/5894/4870
f 4860/5867/4848 4875/5895/4863 4876/5880/4864
f 4869/5870/4857 4868/5868/4856 4883/5896/4871
f 4880/5890/4868 4895/5913/4883 4896/5897/4884
f 4874/5893/4862 4873/5891/4861 4888/5898/4876
f 4882/5894/4870 4881/5892/4869 4896/5897/4884
f 4875/5895/4863 4874/5893/4862 4889/5899/4877
f 4883/5896/4871 4882/5894/4870 4897/5900/4885
f 4875/5895/4863 4890/5901/4878 4891/5903/4879
f 4883/5896/4871 4898/5902/4886 4899/5904/4887
f 4877/5881/4865 4876/5880/4864 4891/5903/4879
f 4877/5881/4865 4892/5905/4880 4893/5909/4881
f 4870/5883/4858 4885/5907/4873 4886/5910/4874
f 4879/5888/4867 4878/5886/4866 4893/5909/4881
f 4871/5887/4859 4886/5910/4874 4887/5912/4875
f 4879/5888/4867 4894/5911/4882 4895/5913/4883
f 4872/5889/4860 4887/5912/4875 4888/5898/4876
f 4892/5905/4880 4907/5930/4895 4908/5918/4896
f 4886/5910/4874 4885/5907/4873 4900/5915/4888
f 4894/5911/4882 4893/5909/4881 4908/5918/4896
f 4886/5910/4874 4901/5919/4889 4902/5921/4890
f 4894/5911/4882 4909/5920/4897 4910/5922/4898
f 4887/5912/4875 4902/5921/4890 4903/5923/4891
f 4895/5913/4883 4910/5922/4898 4911/5924/4899
f 4889/5899/4877 4888/5898/4876 4903/5923/4891
f 4897/5900/4885 4896/5897/4884 4911/5924/4899
f 4890/5901/4878 4889/5899/4877 4904/5925/4892
f 4898/5902/4886 4897/5900/4885 4912/5926/4900
f 4890/5901/4878 4905/5927/4893 4906/5929/4894
f 4898/5902/4886 4913/5928/4901 4914/5917/4902
f 4892/5905/4880 4891/5903/4879 4906/5929/4894
f 4904/5925/4892 4903/5923/4891 4918/5931/4906
f 4912/5926/4900 4911/5924/4899 4926/5933/4914
f 4905/5927/4893 4904/5925/4892 4919/5932/4907
f 4912/5926/4900 4927/5934/4915 4928/5936/4916
f 4905/5927/4893 4920/5935/4908 4921/5937/4909
f 4913/5928/4901 4928/5936/4916 4929/5938/4917
f 4907/5930/4895 4906/5929/4894 4921/5937/4909
f 4907/5930/4895 4922/5939/4910 4923/5943/4911
f 4900/5915/4888 4915/5941/4903 4916/5944/4904
f 4909/5920/4897 4908/5918/4896 4923/5943/4911
f 4901/5919/4889 4916/5944/4904 4917/5946/4905
f 4909/5920/4897 4924/5945/4912 4925/5947/4913
f 4902/5921/4890 4917/5946/4905 4918/5931/4906
f 4910/5922/4898 4925/5947/4913 4926/5933/4914
f 4922/5948/4910 4937/5976/4925 4938/5949/4926
f 4915/5951/4903 4930/5978/4918 4931/5952/4919
f 4924/5954/4912 4923/5950/4911 4938/5949/4926
f 4916/5953/4904 4931/5952/4919 4932/5956/4920
f 4924/5954/4912 4939/5955/4927 4940/5958/4928
f 4917/5957/4905 4932/5956/4920 4933/5960/4921
f 4925/5959/4913 4940/5958/4928 4941/5962/4929
f 4919/5964/4907 4918/5961/4906 4933/5960/4921
f 4927/5966/4915 4926/5963/4914 4941/5962/4929
f 4920/5968/4908 4919/5964/4907 4934/5965/4922
f 4927/5966/4915 4942/5967/4930 4943/5970/4931
f 4920/5968/4908 4935/5969/4923 4936/5972/4924
f 4928/5971/4916 4943/5970/4931 4944/5974/4932
f 4922/5948/4910 4921/5973/4909 4936/5972/4924
f 4942/5967/4930 4941/5962/4929 4956/5980/4944
f 4935/5969/4923 4934/5965/4922 4949/5982/4937
f 4942/5967/4930 4957/5981/4945 4958/5984/4946
f 4935/5969/4923 4950/5983/4938 4951/5985/4939
f 4943/5970/4931 4958/5984/4946 4959/5986/4947
f 4937/5976/4925 4936/5972/4924 4951/5985/4939
f 4937/5976/4925 4952/5987/4940 4953/5991/4941
f 4930/5978/4918 4945/5989/4933 4946/5992/4934
f 4939/5955/4927 4938/5949/4926 4953/5991/4941
f 4931/5952/4919 4946/5992/4934 4947/5994/4935
f 4939/5955/4927 4954/5993/4942 4955/5995/4943
f 4932/5956/4920 4947/5994/4935 4948/5996/4936
f 4940/5958/4928 4955/5995/4943 4956/5980/4944
f 4934/5965/4922 4933/5960/4921 4948/5996/4936
f 4954/5993/4942 4953/5991/4941 4968/5997/4956
f 4946/5992/4934 4961/6013/4949 4962/5999/4950
f 4954/5993/4942 4969/5998/4957 4970/6000/4958
f 4947/5994/4935 4962/5999/4950 4963/6001/4951
f 4955/5995/4943 4970/6000/4958 4971/6002/4959
f 4949/5982/4937 4948/5996/4936 4963/6001/4951
f 4957/5981/4945 4956/5980/4944 4971/6002/4959
f 4950/5983/4938 4949/5982/4937 4964/6003/4952
f 4958/5984/4946 4957/5981/4945 4972/6004/4960
f 4950/5983/4938 4965/6005/4953 4966/6007/4954
f 4958/5984/4946 4973/6006/4961 4974/6008/4962
f 4952/5987/4940 4951/5985/4939 4966/6007/4954
f 4952/5987/4940 4967/6009/4955 4968/5997/4956
f 4946/5992/4934 4945/5989/4933 4960/6011/4948
f 4973/6006/4961 4972/6004/4960 4987/6014/4975
f 4965/6005/4953 4980/6030/4968 4981/6016/4969
f 4973/6006/4961 4988/6015/4976 4989/6017/4977
f 4967/6009/4955 4966/6007/4954 4981/6016/4969
f 4967/6009/4955 4982/6018/4970 4983/6022/4971
f 4960/6011/4948 4975/6020/4963 4976/6023/4964
f 4969/5998/4957 4968/5997/4956 4983/6022/4971
f 4961/6013/4949 4976/6023/4964 4977/6025/4965
f 4969/5998/4957 4984/6024/4972 4985/6026/4973
f 4962/5999/4950 4977/6025/4965 4978/6027/4966
f 4970/6000/4958 4985/6026/4973 4986/6028/4974
f 4964/6003/4952 4963/6001/4951 4978/6027/4966
f 4972/6004/4960 4971/6002/4959 4986/6028/4974
f 4965/6005/4953 4964/6003/4952 4979/6029/4967
f 4976/6023/4964 4991/6046/4979 4992/6031/4980
f 4984/6024/4972 4999/6047/4987 5000/6032/4988
f 4977/6025/4965 4992/6031/4980 4993/6033/4981
f 4985/6026/4973 5000/6032/4988 5001/6034/4989
f 4979/6029/4967 4978/6027/4966 4993/6033/4981
f 4987/6014/4975 4986/6028/4974 5001/6034/4989
f 4980/6030/4968 4979/6029/4967 4994/6035/4982
f 4987/6014/4975 5002/6036/4990 5003/6038/4991
f 4980/6030/4968 4995/6037/4983 4996/6039/4984
f 4988/6015/4976 5003/6038/4991 5004/6040/4992
f 4982/6018/4970 4981/6016/4969 4996/6039/4984
f 4982/6018/4970 4997/6041/4985 4998/6045/4986
f 4975/6020/4963 4990/6043/4978 4991/6046/4979
f 4984/6024/4972 4983/6022/4971 4998/6045/4986
f 4995/6037/4983 5010/6063/4998 5011/6048/4999
f 5003/6038/4991 5018/6064/5006 5019/6049/5007
f 4997/6041/4985 4996/6039/4984 5011/6048/4999
f 4997/6041/4985 5012/6050/5000 5013/6054/5001
f 4991/6046/4979 4990/6043/4978 5005/6052/4993
f 4999/6047/4987 4998/6045/4986 5013/6054/5001
f 4991/6046/4979 5006/6055/4994 5007/6057/4995
f 4999/6047/4987 5014/6056/5002 5015/6058/5003
f 4992/6031/4980 5007/6057/4995 5008/6059/4996
f 5000/6032/4988 5015/6058/5003 5016/6060/5004
f 4994/6035/4982 4993/6033/4981 5008/6059/4996
f 5002/6036/4990 5001/6034/4989 5016/6060/5004
f 4995/6037/4983 4994/6035/4982 5009/6061/4997
f 5002/6036/4990 5017/6062/5005 5018/6064/5006
f 5014/6056/5002 5029/6080/5017 5030/6065/5018
f 5007/6057/4995 5022/6081/5010 5023/6066/5011
f 5015/6058/5003 5030/6065/5018 5031/6067/5019
f 5009/6061/4997 5008/6059/4996 5023/6066/5011
f 5017/6062/5005 5016/6060/5004 5031/6067/5019
f 5010/6063/4998 5009/6061/4997 5024/6068/5012
f 5018/6064/5006 5017/6062/5005 5032/6069/5020
f 5010/6063/4998 5025/6070/5013 5026/6072/5014
f 5018/6064/5006 5033/6071/5021 5034/6073/5022
f 5012/6050/5000 5011/6048/4999 5026/6072/5014
f 5012/6050/5000 5027/6074/5015 5028/6078/5016
f 5005/6052/4993 5020/6076/5008 5021/6079/5009
f 5014/6056/5002 5013/6054/5001 5028/6078/5016
f 5006/6055/4994 5021/6079/5009 5022/6081/5010
f 5033/6071/5021 5040/5528/5028 5041/5530/5029
f 5027/6074/5015 5026/6072/5014 5038/5525/5026
f 5027/6074/5015 4563/5532/4551 4564/5537/4552
f 5021/6079/5009 5020/6076/5008 4560/5533/4548
f 5028/6078/5016 4564/5537/4552 4565/5541/4553
f 5022/6081/5010 5021/6079/5009 5035/5539/5023
f 5029/6080/5017 4565/5541/4553 4566/5546/4554
f 5023/6066/5011 5022/6081/5010 4561/5543/4549
f 5030/6065/5018 4566/5546/4554 5039/5549/5027
f 5024/6068/5012 5023/6066/5011 5036/5548/5024
f 5031/6067/5019 5039/5549/5027 4567/5553/4555
f 5025/6070/5013 5024/6068/5012 5037/5551/5025
f 5032/6069/5020 4567/5553/4555 5040/5528/5028
f 5026/6072/5014 5025/6070/5013 4562/5555/4550
o Sphere.005
v 1.059869 0.262528 3.386804
v 1.058311 0.251448 3.378860
v 1.055984 0.234889 3.357264
v 1.055304 0.230047 3.344442
v 1.054984 0.227775 3.330913
v 1.055039 0.228160 3.317196
v 1.055464 0.231188 3.303819
v 1.056245 0.236742 3.291295
v 1.058739 0.254487 3.270682
v 1.060872 0.288807 3.395452
v 1.056508 0.276165 3.392377
v 1.052459 0.264322 3.386752
v 1.048881 0.253731 3.378793
v 1.045911 0.244800 3.368807
v 1.043663 0.237872 3.357177
v 1.042223 0.233214 3.344350
v 1.041648 0.231004 3.330819
v 1.041958 0.231327 3.317104
v 1.043143 0.234172 3.303732
v 1.045156 0.239427 3.291217
v 1.047920 0.246893 3.280040
v 1.051329 0.256281 3.270630
v 1.055252 0.267231 3.263349
v 1.059538 0.279322 3.258476
v 1.058443 0.289931 3.395398
v 1.051743 0.278371 3.392270
v 1.045542 0.267523 3.386597
v 1.040077 0.257806 3.378597
v 1.035558 0.249592 3.368576
v 1.032160 0.243196 3.356920
v 1.030012 0.238866 3.344078
v 1.029197 0.236767 3.330541
v 1.029747 0.236979 3.316832
v 1.031640 0.239496 3.303475
v 1.034803 0.244219 3.290986
v 1.039116 0.250967 3.279843
v 1.044412 0.259482 3.270475
v 1.050488 0.269436 3.263242
v 1.057109 0.280446 3.258422
v 1.056280 0.291506 3.395310
v 1.047501 0.281461 3.392098
v 1.039383 0.272009 3.386347
v 1.032238 0.263515 3.378278
v 1.026341 0.256305 3.368201
v 1.021918 0.250656 3.356503
v 1.019139 0.246785 3.343635
v 1.018111 0.244841 3.330090
v 1.018874 0.244899 3.316389
v 1.021397 0.246955 3.303058
v 1.025586 0.250932 3.290611
v 1.031277 0.256677 3.279524
v 1.038253 0.263968 3.270225
v 1.046245 0.272526 3.263070
v 1.054947 0.282021 3.258334
v 1.064023 0.292089 3.256201
v 1.054466 0.293472 3.395191
v 1.043943 0.285316 3.391865
v 1.034218 0.277607 3.386009
v 1.025665 0.270640 3.377848
v 1.018612 0.264683 3.367696
v 1.013329 0.259965 3.355942
v 1.010022 0.256668 3.343040
v 1.008815 0.254917 3.329483
v 1.009756 0.254781 3.315793
v 1.012809 0.256264 3.302497
v 1.017856 0.259310 3.290106
v 1.024704 0.263802 3.279095
v 1.033088 0.269566 3.269887
v 1.042688 0.276382 3.262837
v 1.053133 0.283987 3.258216
v 1.053072 0.295753 3.395047
v 1.041208 0.289790 3.391582
v 1.030247 0.284102 3.385598
v 1.020610 0.278906 3.377325
v 1.012668 0.274403 3.367081
v 1.006726 0.270766 3.355259
v 1.003011 0.268133 3.342314
v 1.001667 0.266607 3.328743
v 1.002746 0.266247 3.315068
v 1.006205 0.267065 3.301814
v 1.011913 0.269030 3.289490
v 1.019649 0.272068 3.278571
v 1.029117 0.276061 3.269476
v 1.039952 0.280855 3.262554
v 1.051739 0.286268 3.258071
v 1.052150 0.298261 3.394882
v 1.039400 0.294710 3.391259
v 1.027622 0.291244 3.385129
v 1.017269 0.287996 3.376728
v 1.008739 0.285092 3.366379
v 1.002360 0.282642 3.354479
v 0.998376 0.280742 3.341486
v 0.996942 0.279463 3.327899
v 0.998111 0.278855 3.314240
v 1.001840 0.278942 3.301034
v 1.007984 0.279719 3.288789
v 1.016308 0.281158 3.277974
v 1.026492 0.283203 3.269007
v 1.038144 0.285775 3.262231
v 1.050817 0.288776 3.257907
v 1.051736 0.300900 3.394704
v 1.038588 0.299886 3.390909
v 1.026443 0.298759 3.384620
v 1.015769 0.297561 3.376081
v 1.006975 0.296339 3.365617
v 1.000400 0.295139 3.353633
v 0.996295 0.294008 3.340587
v 0.994820 0.292989 3.326983
v 0.996030 0.292121 3.313341
v 0.999880 0.291438 3.300188
v 1.006220 0.290966 3.288027
v 1.014808 0.290723 3.277327
v 1.025313 0.290718 3.268498
v 1.037332 0.290951 3.261881
v 1.050403 0.291414 3.257728
v 1.051846 0.303568 3.394518
v 1.038804 0.305120 3.390544
v 1.026757 0.306358 3.384091
v 1.016168 0.307233 3.375407
v 1.007444 0.307711 3.364825
v 1.000921 0.307776 3.352753
v 0.996849 0.307423 3.339653
v 0.995384 0.306667 3.326030
v 0.996583 0.305536 3.312407
v 1.000401 0.304075 3.299307
v 1.006689 0.302339 3.287235
v 1.015207 0.300394 3.276653
v 1.025626 0.298317 3.267969
v 1.037548 0.296186 3.261516
v 1.050513 0.294083 3.257542
v 1.052476 0.306163 3.394332
v 1.040039 0.310211 3.390179
v 1.028550 0.313749 3.383562
v 1.018450 0.316639 3.374733
v 1.010128 0.318773 3.364033
v 1.003903 0.320066 3.351872
v 1.000015 0.320471 3.338719
v 0.998612 0.319970 3.325077
v 0.999749 0.318584 3.311473
v 1.003383 0.316366 3.298427
v 1.009373 0.313400 3.286443
v 1.017489 0.309801 3.275980
v 1.027420 0.305708 3.267440
v 1.038783 0.301277 3.261151
v 1.051143 0.296678 3.257356
v 1.053601 0.308586 3.394153
v 1.042246 0.314963 3.389829
v 1.031754 0.320648 3.383053
v 1.022529 0.325420 3.374086
v 1.014924 0.329098 3.363271
v 1.009232 0.331539 3.351026
v 1.005671 0.332650 3.337820
v 1.004380 0.332388 3.324161
v 1.005406 0.330763 3.310574
v 1.008712 0.327838 3.297581
v 1.014169 0.323725 3.285681
v 1.021567 0.318582 3.275332
v 1.030624 0.312606 3.266931
v 1.040990 0.306029 3.260801
v 1.052268 0.299101 3.257178
v 1.055178 0.310742 3.393989
v 1.045340 0.319194 3.389506
v 1.036247 0.326789 3.382584
v 1.028246 0.333237 3.373489
v 1.021647 0.338289 3.362570
v 1.016702 0.341752 3.350246
v 1.013602 0.343492 3.336992
v 1.012466 0.343443 3.323317
v 1.013337 0.341605 3.309746
v 1.016182 0.338051 3.296801
v 1.020892 0.332917 3.284979
v 1.027285 0.326399 3.274735
v 1.035116 0.318748 3.266462
v 1.044085 0.310259 3.260478
v 1.053845 0.301257 3.257013
v 1.057148 0.312550 3.393844
v 1.049203 0.322740 3.389223
v 1.041854 0.331938 3.382173
v 1.035383 0.339790 3.372965
v 1.030039 0.345995 3.361954
v 1.026027 0.350314 3.349563
v 1.023501 0.352581 3.336267
v 1.022559 0.352710 3.322577
v 1.023236 0.350695 3.309021
v 1.025507 0.346613 3.296118
v 1.029284 0.340622 3.284364
v 1.034422 0.332952 3.274212
v 1.040724 0.323897 3.266051
v 1.047947 0.313805 3.260195
v 1.055815 0.303065 3.256869
v 1.059433 0.313940 3.393726
v 1.053685 0.325466 3.388990
v 1.048361 0.335895 3.381835
v 1.043666 0.344827 3.372536
v 1.039778 0.351918 3.361449
v 1.036848 0.356895 3.349002
v 1.034989 0.359568 3.335671
v 1.034272 0.359833 3.321970
v 1.034724 0.357681 3.308425
v 1.036328 0.353194 3.295557
v 1.039023 0.346545 3.283859
v 1.042704 0.337989 3.273782
v 1.047231 0.327854 3.265713
v 1.052430 0.316531 3.259962
v 1.058100 0.304455 3.256750
v 1.061946 0.314858 3.393638
v 1.058615 0.327267 3.388818
v 1.055519 0.338510 3.381585
v 1.052775 0.348154 3.372217
v 1.050489 0.355830 3.361074
v 1.048750 0.361243 3.348585
v 1.047624 0.364183 3.335228
v 1.047154 0.364539 3.321519
v 1.047359 0.362297 3.307982
v 1.048230 0.357542 3.295140
v 1.049734 0.350458 3.283484
v 1.051814 0.341316 3.273463
v 1.054388 0.330469 3.265463
v 1.057359 0.318332 3.259790
v 1.060613 0.305373 3.256662
v 1.064591 0.315269 3.393584
v 1.063803 0.328074 3.388711
v 1.063050 0.339681 3.381430
v 1.062361 0.349645 3.372020
v 1.061761 0.357583 3.360843
v 1.061275 0.363190 3.348328
v 1.060920 0.366250 3.334956
v 1.060711 0.366647 3.321241
v 1.060655 0.364364 3.307710
v 1.060755 0.359489 3.294883
v 1.061006 0.352210 3.283253
v 1.061400 0.342806 3.273267
v 1.061920 0.331640 3.265308
v 1.062547 0.319139 3.259683
v 1.063258 0.305784 3.256608
v 1.067265 0.315158 3.393565
v 1.069050 0.327855 3.388675
v 1.070667 0.339363 3.381378
v 1.072055 0.349240 3.371954
v 1.073161 0.357107 3.360765
v 1.073942 0.362661 3.348241
v 1.074367 0.365689 3.334864
v 1.074421 0.366075 3.321147
v 1.074102 0.363803 3.307618
v 1.073421 0.358961 3.294796
v 1.072406 0.351734 3.283175
v 1.071094 0.342402 3.273200
v 1.069537 0.331322 3.265256
v 1.067794 0.318920 3.259647
v 1.065932 0.305673 3.256590
v 1.065382 0.301760 3.395859
v 1.069867 0.314528 3.393584
v 1.074154 0.326619 3.388711
v 1.078077 0.337569 3.381430
v 1.081486 0.346957 3.372020
v 1.084250 0.354422 3.360843
v 1.086263 0.359678 3.348328
v 1.087448 0.362522 3.334956
v 1.087758 0.362845 3.321241
v 1.087182 0.360635 3.307710
v 1.085743 0.355977 3.294883
v 1.083495 0.349049 3.283253
v 1.080525 0.340118 3.273267
v 1.076946 0.329528 3.265308
v 1.072898 0.317684 3.259683
v 1.068534 0.305043 3.256608
v 1.072296 0.313404 3.393638
v 1.078918 0.324414 3.388818
v 1.084994 0.334367 3.381585
v 1.090290 0.342882 3.372217
v 1.094602 0.349631 3.361074
v 1.097766 0.354354 3.348585
v 1.099659 0.356870 3.335228
v 1.100209 0.357083 3.321519
v 1.099394 0.354984 3.307982
v 1.097246 0.350653 3.295140
v 1.093847 0.344258 3.283484
v 1.089329 0.336044 3.273463
v 1.083864 0.326326 3.265463
v 1.077662 0.315479 3.259790
v 1.070963 0.303918 3.256662
v 1.074459 0.311828 3.393726
v 1.083161 0.321324 3.388990
v 1.091153 0.329881 3.381835
v 1.098129 0.337173 3.372536
v 1.103820 0.342917 3.361449
v 1.108008 0.346894 3.349002
v 1.110532 0.348951 3.335671
v 1.111295 0.349008 3.321970
v 1.110267 0.347064 3.308425
v 1.107488 0.343193 3.295557
v 1.103065 0.337544 3.283859
v 1.097168 0.330334 3.273782
v 1.090023 0.321840 3.265713
v 1.081905 0.312389 3.259962
v 1.073126 0.302343 3.256750
v 1.076272 0.309863 3.393844
v 1.086718 0.317468 3.389223
v 1.096317 0.324283 3.382173
v 1.104702 0.330048 3.372965
v 1.111549 0.334539 3.361954
v 1.116596 0.337585 3.349563
v 1.119649 0.339069 3.336267
v 1.120591 0.338932 3.322577
v 1.119384 0.337182 3.309021
v 1.116076 0.333884 3.296118
v 1.110794 0.329166 3.284364
v 1.103741 0.323209 3.274212
v 1.095187 0.316242 3.266051
v 1.085462 0.308533 3.260195
v 1.074939 0.300378 3.256869
v 1.077667 0.307582 3.393989
v 1.089453 0.312994 3.389506
v 1.100289 0.317789 3.382584
v 1.109756 0.321782 3.373489
v 1.117493 0.324819 3.362570
v 1.123200 0.326785 3.350246
v 1.126660 0.327603 3.336992
v 1.127739 0.327242 3.323317
v 1.126395 0.325716 3.309746
v 1.122680 0.323084 3.296801
v 1.116738 0.319446 3.284979
v 1.108795 0.314943 3.274735
v 1.099159 0.309748 3.266462
v 1.088198 0.304059 3.260478
v 1.076334 0.298097 3.257013
v 1.078589 0.305074 3.394153
v 1.091262 0.308075 3.389829
v 1.102914 0.310647 3.383053
v 1.113098 0.312691 3.374086
v 1.121422 0.314130 3.363271
v 1.127566 0.314908 3.351026
v 1.131295 0.314995 3.337820
v 1.132464 0.314387 3.324161
v 1.131029 0.313108 3.310574
v 1.127046 0.311207 3.297581
v 1.120667 0.308757 3.285681
v 1.112137 0.305853 3.275332
v 1.101784 0.302606 3.266931
v 1.090006 0.299140 3.260801
v 1.077256 0.295589 3.257178
v 1.079003 0.302435 3.394332
v 1.092074 0.302898 3.390179
v 1.104093 0.303132 3.383562
v 1.114598 0.303127 3.374733
v 1.123186 0.302883 3.364033
v 1.129526 0.302411 3.351872
v 1.133375 0.301728 3.338719
v 1.134586 0.300860 3.325077
v 1.133110 0.299841 3.311473
v 1.129006 0.298710 3.298427
v 1.122431 0.297511 3.286443
v 1.113637 0.296288 3.275980
v 1.102963 0.295091 3.267440
v 1.090818 0.293963 3.261151
v 1.077670 0.292950 3.257356
v 1.078893 0.299767 3.394518
v 1.091858 0.297664 3.390544
v 1.103779 0.295533 3.384091
v 1.114199 0.293455 3.375407
v 1.122717 0.291511 3.364825
v 1.129005 0.289775 3.352753
v 1.132822 0.288313 3.339653
v 1.134022 0.287183 3.326030
v 1.132557 0.286426 3.312407
v 1.128485 0.286074 3.299307
v 1.121962 0.286138 3.287235
v 1.113238 0.286617 3.276653
v 1.102649 0.287492 3.267969
v 1.090602 0.288729 3.261516
v 1.077560 0.290282 3.257542
v 1.078263 0.297171 3.394704
v 1.090623 0.292573 3.390909
v 1.101986 0.288142 3.384620
v 1.111917 0.284048 3.376081
v 1.120033 0.280450 3.365617
v 1.126023 0.277484 3.353633
v 1.129656 0.275266 3.340587
v 1.130794 0.273879 3.326983
v 1.129391 0.273379 3.313341
v 1.125503 0.273783 3.300188
v 1.119278 0.275077 3.288027
v 1.110956 0.277210 3.277327
v 1.100856 0.280101 3.268498
v 1.089367 0.283638 3.261881
v 1.076930 0.287686 3.257728
v 1.077138 0.294749 3.394882
v 1.088415 0.287821 3.391259
v 1.098782 0.281243 3.385129
v 1.107838 0.275268 3.376728
v 1.115237 0.270125 3.366379
v 1.120694 0.266012 3.354479
v 1.123999 0.263086 3.341486
v 1.125026 0.261462 3.327899
v 1.123734 0.261200 3.314240
v 1.120174 0.262311 3.301034
v 1.114482 0.264752 3.288789
v 1.106877 0.268429 3.277974
v 1.097651 0.273202 3.269007
v 1.087160 0.278886 3.262231
v 1.075805 0.285264 3.257907
v 1.075560 0.292592 3.395047
v 1.085321 0.283590 3.391582
v 1.094289 0.275101 3.385598
v 1.102121 0.267451 3.377325
v 1.108514 0.260933 3.367081
v 1.113224 0.255798 3.355259
v 1.116069 0.252244 3.342314
v 1.116940 0.250407 3.328743
v 1.115804 0.250357 3.315068
v 1.112704 0.252097 3.301814
v 1.107759 0.255560 3.289490
v 1.101160 0.260612 3.278571
v 1.093159 0.267060 3.269476
v 1.084065 0.274656 3.262554
v 1.074227 0.283107 3.258071
v 1.073591 0.290784 3.395191
v 1.081458 0.280044 3.391865
v 1.088682 0.269953 3.386009
v 1.094984 0.260898 3.377848
v 1.100122 0.253228 3.367696
v 1.103899 0.247237 3.355942
v 1.106169 0.243155 3.343040
v 1.106847 0.241140 3.329483
v 1.105904 0.241268 3.315793
v 1.103379 0.243536 3.302497
v 1.099367 0.247855 3.290106
v 1.094023 0.254060 3.279095
v 1.087552 0.261912 3.269887
v 1.080203 0.271109 3.262837
v 1.072258 0.281299 3.258216
v 1.071306 0.289394 3.395310
v 1.076976 0.277318 3.392098
v 1.082174 0.265995 3.386347
v 1.086701 0.255861 3.378278
v 1.090383 0.247305 3.368201
v 1.093077 0.240655 3.356503
v 1.094682 0.236168 3.343635
v 1.095134 0.234016 3.330090
v 1.094416 0.234282 3.316389
v 1.092557 0.236954 3.303058
v 1.089628 0.241932 3.290611
v 1.085740 0.249023 3.279524
v 1.081044 0.257954 3.270225
v 1.075720 0.268383 3.263070
v 1.069973 0.279909 3.258334
v 1.068793 0.288476 3.395398
v 1.072046 0.275517 3.392270
v 1.075017 0.263381 3.386597
v 1.077592 0.252533 3.378597
v 1.079672 0.243392 3.368576
v 1.081176 0.236308 3.356920
v 1.082047 0.231553 3.344078
v 1.082251 0.229310 3.330541
v 1.081782 0.229666 3.316832
v 1.080655 0.232607 3.303475
v 1.078916 0.238019 3.290986
v 1.076631 0.245695 3.279843
v 1.073887 0.255340 3.270475
v 1.070791 0.266583 3.263242
v 1.067460 0.278991 3.258422
v 1.066148 0.288065 3.395452
v 1.066858 0.274711 3.392377
v 1.067486 0.262210 3.386752
v 1.068006 0.251043 3.378793
v 1.068399 0.241640 3.368807
v 1.068651 0.234361 3.357177
v 1.068751 0.229486 3.344350
v 1.068695 0.227203 3.330819
v 1.068485 0.227599 3.317104
v 1.068131 0.230660 3.303732
v 1.067644 0.236267 3.291217
v 1.067045 0.244205 3.280040
v 1.066355 0.254169 3.270630
v 1.065603 0.265776 3.263349
v 1.064815 0.278580 3.258476
v 1.063473 0.288177 3.395470
v 1.061612 0.274930 3.392413
v 1.057000 0.242115 3.368885
v 1.057350 0.244609 3.280106
v 1.060356 0.265995 3.263385
v 1.062140 0.278692 3.258495
vn -0.0697 -0.4957 0.8657
vn -0.0918 -0.6529 0.7519
vn -0.1247 -0.8872 0.4441
vn -0.1343 -0.9557 0.2619
vn -0.1388 -0.9879 0.0698
vn -0.1381 -0.9825 -0.1250
vn -0.1321 -0.9398 -0.3151
vn -0.1211 -0.8614 -0.4933
vn -0.0858 -0.6102 -0.7876
vn -0.0567 -0.1216 0.9910
vn -0.1188 -0.3016 0.9460
vn -0.1763 -0.4699 0.8649
vn -0.2271 -0.6201 0.7509
vn -0.2691 -0.7466 0.6084
vn -0.3009 -0.8446 0.4429
vn -0.3212 -0.9104 0.2606
vn -0.3294 -0.9417 0.0684
vn -0.3250 -0.9372 -0.1263
vn -0.3083 -0.8972 -0.3163
vn -0.2798 -0.8230 -0.4944
vn -0.2407 -0.7174 -0.6538
vn -0.1924 -0.5844 -0.7883
vn -0.1367 -0.4289 -0.8929
vn -0.0757 -0.2569 -0.9635
vn -0.0924 -0.1050 0.9902
vn -0.1878 -0.2697 0.9445
vn -0.2759 -0.4238 0.8627
vn -0.3534 -0.5617 0.7481
vn -0.4173 -0.6780 0.6051
vn -0.4654 -0.7685 0.4392
vn -0.4957 -0.8297 0.2567
vn -0.5072 -0.8594 0.0644
vn -0.4995 -0.8565 -0.1302
vn -0.4728 -0.8210 -0.3200
vn -0.4281 -0.7544 -0.4977
vn -0.3670 -0.6589 -0.6566
vn -0.2920 -0.5383 -0.7906
vn -0.2057 -0.3970 -0.8945
vn -0.1114 -0.2404 -0.9643
vn -0.1243 -0.0819 0.9889
vn -0.2492 -0.2249 0.9420
vn -0.3645 -0.3593 0.8591
vn -0.4658 -0.4797 0.7435
vn -0.5493 -0.5819 0.5997
vn -0.6118 -0.6618 0.4332
vn -0.6511 -0.7165 0.2504
vn -0.6656 -0.7441 0.0580
vn -0.6548 -0.7433 -0.1366
vn -0.6192 -0.7144 -0.3260
vn -0.5600 -0.6582 -0.5031
vn -0.4795 -0.5770 -0.6612
vn -0.3806 -0.4737 -0.7942
vn -0.2671 -0.3523 -0.8970
vn -0.1433 -0.2172 -0.9656
vn -0.0097 -0.0691 -0.9976
vn -0.1509 -0.0529 0.9871
vn -0.3007 -0.1691 0.9386
vn -0.4389 -0.2787 0.8542
vn -0.5601 -0.3775 0.7374
vn -0.6600 -0.4619 0.5925
vn -0.7346 -0.5287 0.4252
vn -0.7814 -0.5753 0.2418
vn -0.7984 -0.6001 0.0493
vn -0.7851 -0.6021 -0.1451
vn -0.7420 -0.5812 -0.3340
vn -0.6707 -0.5383 -0.5103
vn -0.5738 -0.4748 -0.6673
vn -0.4550 -0.3932 -0.7990
vn -0.3186 -0.2964 -0.9003
vn -0.1700 -0.1883 -0.9673
vn -0.1715 -0.0194 0.9850
vn -0.3403 -0.1043 0.9345
vn -0.4960 -0.1852 0.8483
vn -0.6327 -0.2589 0.7299
vn -0.7451 -0.3227 0.5837
vn -0.8291 -0.3742 0.4155
vn -0.8815 -0.4115 0.2315
vn -0.9005 -0.4331 0.0388
vn -0.8853 -0.4383 -0.1554
vn -0.8365 -0.4268 -0.3438
vn -0.7558 -0.3991 -0.5191
vn -0.6463 -0.3562 -0.6748
vn -0.5121 -0.2997 -0.8049
vn -0.3582 -0.2317 -0.9044
vn -0.1905 -0.1547 -0.9694
vn -0.1850 0.0175 0.9826
vn -0.3665 -0.0331 0.9298
vn -0.5338 -0.0824 0.8416
vn -0.6806 -0.1285 0.7213
vn -0.8013 -0.1697 0.5737
vn -0.8915 -0.2044 0.4043
vn -0.9478 -0.2313 0.2196
vn -0.9680 -0.2495 0.0267
vn -0.9515 -0.2581 -0.1673
vn -0.8989 -0.2570 -0.3549
vn -0.8121 -0.2461 -0.5292
vn -0.6943 -0.2258 -0.6834
vn -0.5499 -0.1969 -0.8117
vn -0.3844 -0.1604 -0.9091
vn -0.2040 -0.1178 -0.9718
vn -0.1911 0.0564 0.9799
vn -0.3783 0.0419 0.9247
vn -0.5508 0.0258 0.8342
vn -0.7021 0.0087 0.7120
vn -0.8266 -0.0087 0.5628
vn -0.9195 -0.0257 0.3922
vn -0.9775 -0.0418 0.2068
vn -0.9983 -0.0562 0.0136
vn -0.9813 -0.0686 -0.1801
vn -0.9269 -0.0783 -0.3670
vn -0.8373 -0.0850 -0.5401
vn -0.7158 -0.0886 -0.6927
vn -0.5669 -0.0887 -0.8190
vn -0.3962 -0.0855 -0.9142
vn -0.2101 -0.0790 -0.9745
vn -0.1895 0.0956 0.9772
vn -0.3752 0.1177 0.9195
vn -0.5463 0.1351 0.8266
vn -0.6964 0.1475 0.7023
vn -0.8199 0.1542 0.5514
vn -0.9121 0.1550 0.3796
vn -0.9696 0.1499 0.1935
vn -0.9903 0.1392 -0.0000
vn -0.9734 0.1231 -0.1935
vn -0.9195 0.1024 -0.3796
vn -0.8306 0.0778 -0.5514
vn -0.7101 0.0502 -0.7023
vn -0.5624 0.0207 -0.8266
vn -0.3931 -0.0097 -0.9195
vn -0.2085 -0.0397 -0.9772
vn -0.1802 0.1338 0.9745
vn -0.3573 0.1914 0.9142
vn -0.5205 0.2415 0.8190
vn -0.6637 0.2824 0.6927
vn -0.7814 0.3125 0.5401
vn -0.8694 0.3307 0.3670
vn -0.9243 0.3364 0.1801
vn -0.9442 0.3292 -0.0136
vn -0.9281 0.3096 -0.2068
vn -0.8768 0.2782 -0.3922
vn -0.7922 0.2362 -0.5628
vn -0.6773 0.1852 -0.7120
vn -0.5366 0.1270 -0.8342
vn -0.3752 0.0640 -0.9247
vn -0.1993 -0.0015 -0.9799
vn -0.1637 0.1695 0.9718
vn -0.3253 0.2602 0.9091
vn -0.4743 0.3408 0.8117
vn -0.6051 0.4084 0.6834
vn -0.7128 0.4604 0.5292
vn -0.7932 0.4948 0.3549
vn -0.8435 0.5104 0.1673
vn -0.8618 0.5066 -0.0267
vn -0.8473 0.4836 -0.2196
vn -0.8006 0.4422 -0.4043
vn -0.7235 0.3840 -0.5737
vn -0.6188 0.3111 -0.7213
vn -0.4904 0.2263 -0.8416
vn -0.3432 0.1328 -0.9298
vn -0.1827 0.0341 -0.9826
vn -0.1405 0.2012 0.9694
vn -0.2805 0.3214 0.9044
vn -0.4097 0.4292 0.8049
vn -0.5231 0.5206 0.6748
vn -0.6165 0.5920 0.5191
vn -0.6864 0.6408 0.3438
vn -0.7302 0.6653 0.1554
vn -0.7462 0.6645 -0.0388
vn -0.7340 0.6385 -0.2315
vn -0.6938 0.5883 -0.4155
vn -0.6272 0.5156 -0.5837
vn -0.5368 0.4233 -0.7299
vn -0.4258 0.3148 -0.8483
vn -0.2984 0.1941 -0.9345
vn -0.1595 0.0659 -0.9850
vn -0.1115 0.2278 0.9673
vn -0.2246 0.3728 0.9003
vn -0.3290 0.5033 0.7990
vn -0.4207 0.6146 0.6673
vn -0.4963 0.7023 0.5103
vn -0.5531 0.7633 0.3340
vn -0.5887 0.7952 0.1451
vn -0.6021 0.7969 -0.0493
vn -0.5925 0.7684 -0.2418
vn -0.5605 0.7107 -0.4252
vn -0.5071 0.6259 -0.5925
vn -0.4344 0.5173 -0.7374
vn -0.3451 0.3889 -0.8542
vn -0.2425 0.2454 -0.9386
vn -0.1305 0.0925 -0.9871
vn -0.0779 0.2483 0.9656
vn -0.1597 0.4123 0.8970
vn -0.2353 0.5603 0.7942
vn -0.3019 0.6868 0.6612
vn -0.3569 0.7871 0.5031
vn -0.3983 0.8574 0.3260
vn -0.4246 0.8950 0.1366
vn -0.4347 0.8987 -0.0580
vn -0.4284 0.8682 -0.2504
vn -0.4057 0.8048 -0.4333
vn -0.3676 0.7107 -0.5997
vn -0.3156 0.5896 -0.7435
vn -0.2514 0.4458 -0.8591
vn -0.1776 0.2849 -0.9420
vn -0.0969 0.1129 -0.9889
vn -0.0409 0.2618 0.9643
vn -0.0883 0.4383 0.8945
vn -0.1323 0.5979 0.7906
vn -0.1712 0.7346 0.6566
vn -0.2035 0.8431 0.4977
vn -0.2281 0.9195 0.3200
vn -0.2441 0.9610 0.1302
vn -0.2507 0.9659 -0.0644
vn -0.2478 0.9342 -0.2567
vn -0.2355 0.8670 -0.4392
vn -0.2143 0.7668 -0.6051
vn -0.1849 0.6373 -0.7481
vn -0.1484 0.4835 -0.8627
vn -0.1062 0.3110 -0.9445
vn -0.0599 0.1264 -0.9902
vn -0.0020 0.2678 0.9635
vn -0.0132 0.4500 0.8929
vn -0.0239 0.6148 0.7883
vn -0.0337 0.7560 0.6538
vn -0.0422 0.8682 0.4944
vn -0.0490 0.9474 0.3163
vn -0.0541 0.9905 0.1263
vn -0.0570 0.9960 -0.0684
vn -0.0578 0.9637 -0.2606
vn -0.0564 0.8948 -0.4429
vn -0.0529 0.7918 -0.6084
vn -0.0473 0.6587 -0.7509
vn -0.0400 0.5003 -0.8649
vn -0.0311 0.3227 -0.9460
vn -0.0210 0.1325 -0.9910
vn 0.0374 0.2662 0.9632
vn 0.0628 0.4468 0.8924
vn 0.0858 0.6102 0.7876
vn 0.1054 0.7502 0.6528
vn 0.1211 0.8614 0.4933
vn 0.1321 0.9398 0.3151
vn 0.1381 0.9825 0.1250
vn 0.1388 0.9879 -0.0698
vn 0.1343 0.9557 -0.2619
vn 0.1247 0.8872 -0.4441
vn 0.1103 0.7850 -0.6095
vn 0.0918 0.6529 -0.7519
vn 0.0697 0.4957 -0.8657
vn 0.0449 0.3195 -0.9465
vn 0.0184 0.1309 -0.9912
vn 0.0097 0.0691 0.9976
vn 0.0757 0.2569 0.9635
vn 0.1367 0.4289 0.8929
vn 0.1924 0.5844 0.7883
vn 0.2407 0.7174 0.6538
vn 0.2798 0.8230 0.4944
vn 0.3083 0.8972 0.3163
vn 0.3250 0.9372 0.1263
vn 0.3294 0.9417 -0.0684
vn 0.3212 0.9104 -0.2606
vn 0.3009 0.8446 -0.4429
vn 0.2691 0.7466 -0.6084
vn 0.2271 0.6201 -0.7509
vn 0.1763 0.4699 -0.8649
vn 0.1188 0.3016 -0.9460
vn 0.0567 0.1216 -0.9910
vn 0.1114 0.2404 0.9643
vn 0.2057 0.3970 0.8945
vn 0.2920 0.5383 0.7906
vn 0.3670 0.6589 0.6566
vn 0.4281 0.7544 0.4977
vn 0.4728 0.8210 0.3200
vn 0.4995 0.8565 0.1302
vn 0.5072 0.8594 -0.0644
vn 0.4957 0.8297 -0.2567
vn 0.4654 0.7685 -0.4392
vn 0.4173 0.6780 -0.6051
vn 0.3534 0.5617 -0.7481
vn 0.2759 0.4238 -0.8627
vn 0.1878 0.2697 -0.9445
vn 0.0924 0.1050 -0.9902
vn 0.1433 0.2172 0.9656
vn 0.2671 0.3523 0.8970
vn 0.3806 0.4737 0.7942
vn 0.4795 0.5770 0.6612
vn 0.5600 0.6582 0.5031
vn 0.6192 0.7144 0.3260
vn 0.6548 0.7433 0.1366
vn 0.6656 0.7441 -0.0580
vn 0.6511 0.7165 -0.2504
vn 0.6118 0.6618 -0.4332
vn 0.5493 0.5819 -0.5998
vn 0.4658 0.4797 -0.7435
vn 0.3645 0.3593 -0.8591
vn 0.2492 0.2249 -0.9420
vn 0.1243 0.0819 -0.9889
vn 0.1700 0.1883 0.9673
vn 0.3186 0.2964 0.9003
vn 0.4550 0.3932 0.7990
vn 0.5738 0.4748 0.6673
vn 0.6707 0.5383 0.5103
vn 0.7420 0.5812 0.3340
vn 0.7851 0.6021 0.1451
vn 0.7984 0.6001 -0.0493
vn 0.7814 0.5753 -0.2418
vn 0.7346 0.5287 -0.4252
vn 0.6600 0.4619 -0.5925
vn 0.5601 0.3775 -0.7374
vn 0.4389 0.2787 -0.8542
vn 0.3007 0.1691 -0.9386
vn 0.1509 0.0529 -0.9871
vn 0.1905 0.1547 0.9694
vn 0.3582 0.2317 0.9044
vn 0.5121 0.2997 0.8049
vn 0.6463 0.3562 0.6748
vn 0.7558 0.3991 0.5191
vn 0.8365 0.4268 0.3438
vn 0.8853 0.4383 0.1554
vn 0.9005 0.4331 -0.0388
vn 0.8815 0.4115 -0.2315
vn 0.8291 0.3742 -0.4155
vn 0.7451 0.3227 -0.5837
vn 0.6327 0.2589 -0.7299
vn 0.4960 0.1852 -0.8483
vn 0.3403 0.1043 -0.9345
vn 0.1715 0.0194 -0.9850
vn 0.2040 0.1178 0.9718
vn 0.3844 0.1604 0.9091
vn 0.5499 0.1969 0.8117
vn 0.6943 0.2258 0.6834
vn 0.8121 0.2461 0.5292
vn 0.8989 0.2570 0.3549
vn 0.9515 0.2581 0.1673
vn 0.9680 0.2495 -0.0267
vn 0.9478 0.2313 -0.2196
vn 0.8915 0.2044 -0.4043
vn 0.8013 0.1697 -0.5737
vn 0.6806 0.1285 -0.7213
vn 0.5338 0.0824 -0.8416
vn 0.3665 0.0331 -0.9298
vn 0.1850 -0.0175 -0.9826
vn 0.2101 0.0790 0.9745
vn 0.3962 0.0855 0.9142
vn 0.5669 0.0887 0.8190
vn 0.7158 0.0886 0.6927
vn 0.8373 0.0850 0.5401
vn 0.9269 0.0783 0.3670
vn 0.9813 0.0686 0.1801
vn 0.9983 0.0562 -0.0136
vn 0.9775 0.0418 -0.2068
vn 0.9195 0.0257 -0.3922
vn 0.8266 0.0087 -0.5628
vn 0.7021 -0.0087 -0.7120
vn 0.5508 -0.0258 -0.8342
vn 0.3783 -0.0419 -0.9247
vn 0.1911 -0.0564 -0.9799
vn 0.2085 0.0397 0.9772
vn 0.3931 0.0097 0.9195
vn 0.5624 -0.0207 0.8266
vn 0.7101 -0.0502 0.7023
vn 0.8306 -0.0778 0.5514
vn 0.9195 -0.1024 0.3796
vn 0.9734 -0.1231 0.1935
vn 0.9903 -0.1392 -0.0000
vn 0.9696 -0.1499 -0.1935
vn 0.9121 -0.1550 -0.3796
vn 0.8199 -0.1542 -0.5514
vn 0.6964 -0.1475 -0.7023
vn 0.5463 -0.1351 -0.8266
vn 0.3752 -0.1177 -0.9195
vn 0.1895 -0.0956 -0.9772
vn 0.1993 0.0015 0.9799
vn 0.3752 -0.0640 0.9247
vn 0.5366 -0.1271 0.8342
vn 0.6773 -0.1852 0.7120
vn 0.7922 -0.2362 0.5628
vn 0.8768 -0.2782 0.3922
vn 0.9281 -0.3096 0.2068
vn 0.9442 -0.3292 0.0136
vn 0.9243 -0.3364 -0.1801
vn 0.8694 -0.3307 -0.3670
vn 0.7814 -0.3125 -0.5401
vn 0.6636 -0.2824 -0.6927
vn 0.5205 -0.2415 -0.8190
vn 0.3573 -0.1914 -0.9142
vn 0.1802 -0.1338 -0.9745
vn 0.1827 -0.0341 0.9826
vn 0.3432 -0.1328 0.9298
vn 0.4904 -0.2264 0.8416
vn 0.6188 -0.3111 0.7213
vn 0.7235 -0.3840 0.5737
vn 0.8006 -0.4422 0.4043
vn 0.8473 -0.4836 0.2196
vn 0.8618 -0.5066 0.0267
vn 0.8435 -0.5104 -0.1673
vn 0.7932 -0.4948 -0.3549
vn 0.7128 -0.4604 -0.5292
vn 0.6051 -0.4084 -0.6834
vn 0.4743 -0.3408 -0.8117
vn 0.3253 -0.2602 -0.9091
vn 0.1637 -0.1695 -0.9718
vn 0.1595 -0.0659 0.9850
vn 0.2984 -0.1941 0.9345
vn 0.4258 -0.3148 0.8483
vn 0.5368 -0.4233 0.7299
vn 0.6272 -0.5156 0.5837
vn 0.6938 -0.5883 0.4155
vn 0.7340 -0.6385 0.2315
vn 0.7462 -0.6645 0.0388
vn 0.7302 -0.6653 -0.1554
vn 0.6864 -0.6408 -0.3438
vn 0.6165 -0.5920 -0.5191
vn 0.5231 -0.5206 -0.6748
vn 0.4097 -0.4292 -0.8049
vn 0.2805 -0.3214 -0.9044
vn 0.1405 -0.2012 -0.9694
vn 0.1305 -0.0925 0.9871
vn 0.2425 -0.2454 0.9386
vn 0.3451 -0.3889 0.8542
vn 0.4344 -0.5173 0.7374
vn 0.5071 -0.6259 0.5925
vn 0.5605 -0.7107 0.4252
vn 0.5925 -0.7684 0.2418
vn 0.6021 -0.7969 0.0493
vn 0.5887 -0.7952 -0.1451
vn 0.5531 -0.7633 -0.3340
vn 0.4963 -0.7023 -0.5103
vn 0.4207 -0.6146 -0.6673
vn 0.3290 -0.5033 -0.7990
vn 0.2246 -0.3728 -0.9003
vn 0.1115 -0.2278 -0.9673
vn 0.0969 -0.1129 0.9889
vn 0.1776 -0.2849 0.9420
vn 0.2514 -0.4458 0.8591
vn 0.3156 -0.5896 0.7435
vn 0.3676 -0.7107 0.5997
vn 0.4057 -0.8048 0.4332
vn 0.4284 -0.8682 0.2504
vn 0.4347 -0.8987 0.0580
vn 0.4246 -0.8950 -0.1366
vn 0.3983 -0.8574 -0.3260
vn 0.3569 -0.7871 -0.5031
vn 0.3019 -0.6868 -0.6612
vn 0.2353 -0.5603 -0.7942
vn 0.1597 -0.4123 -0.8970
vn 0.0779 -0.2483 -0.9656
vn 0.0599 -0.1264 0.9902
vn 0.1062 -0.3110 0.9445
vn 0.1484 -0.4835 0.8627
vn 0.1849 -0.6373 0.7481
vn 0.2143 -0.7668 0.6051
vn 0.2355 -0.8670 0.4392
vn 0.2478 -0.9342 0.2567
vn 0.2507 -0.9659 0.0644
vn 0.2441 -0.9610 -0.1302
vn 0.2281 -0.9195 -0.3200
vn 0.2035 -0.8431 -0.4977
vn 0.1712 -0.7346 -0.6566
vn 0.1323 -0.5979 -0.7905
vn 0.0883 -0.4383 -0.8945
vn 0.0409 -0.2618 -0.9643
vn 0.0210 -0.1325 0.9910
vn 0.0311 -0.3227 0.9460
vn 0.0400 -0.5003 0.8649
vn 0.0473 -0.6587 0.7509
vn 0.0529 -0.7918 0.6084
vn 0.0564 -0.8948 0.4429
vn 0.0578 -0.9637 0.2606
vn 0.0570 -0.9960 0.0684
vn 0.0541 -0.9905 -0.1263
vn 0.0490 -0.9474 -0.3163
vn 0.0422 -0.8682 -0.4944
vn 0.0337 -0.7560 -0.6538
vn 0.0239 -0.6148 -0.7883
vn 0.0132 -0.4500 -0.8929
vn 0.0019 -0.2678 -0.9635
vn -0.0184 -0.1309 0.9912
vn -0.0449 -0.3195 0.9465
vn -0.1103 -0.7850 0.6095
vn -0.1054 -0.7502 -0.6528
vn -0.0628 -0.4468 -0.8924
vn -0.0374 -0.2662 -0.9632
vt 0.750000 0.687500
vt 0.718750 0.750000
vt 0.718750 0.687500
vt 0.750000 0.250000
vt 0.718750 0.187500
vt 0.750000 0.187500
vt 0.718750 0.625000
vt 0.750000 0.625000
vt 0.718750 0.125000
vt 0.750000 0.125000
vt 0.718750 0.562500
vt 0.750000 0.562500
vt 0.718750 0.062500
vt 0.750000 0.062500
vt 0.718750 0.500000
vt 0.750000 0.500000
vt 0.750000 0.937500
vt 0.734375 1.000000
vt 0.718750 0.937500
vt 0.734375 0.000000
vt 0.718750 0.437500
vt 0.750000 0.437500
vt 0.750000 0.875000
vt 0.718750 0.875000
vt 0.718750 0.375000
vt 0.750000 0.375000
vt 0.750000 0.812500
vt 0.718750 0.812500
vt 0.718750 0.312500
vt 0.750000 0.312500
vt 0.750000 0.750000
vt 0.718750 0.250000
vt 0.687500 0.750000
vt 0.687500 0.250000
vt 0.687500 0.687500
vt 0.687500 0.187500
vt 0.687500 0.625000
vt 0.687500 0.125000
vt 0.687500 0.562500
vt 0.687500 0.062500
vt 0.687500 0.500000
vt 0.703125 1.000000
vt 0.687500 0.937500
vt 0.703125 0.000000
vt 0.687500 0.437500
vt 0.687500 0.875000
vt 0.687500 0.375000
vt 0.687500 0.812500
vt 0.687500 0.312500
vt 0.656250 0.500000
vt 0.671875 1.000000
vt 0.656250 0.937500
vt 0.671875 0.000000
vt 0.656250 0.062500
vt 0.656250 0.437500
vt 0.656250 0.875000
vt 0.656250 0.375000
vt 0.656250 0.812500
vt 0.656250 0.312500
vt 0.656250 0.750000
vt 0.656250 0.250000
vt 0.656250 0.687500
vt 0.656250 0.187500
vt 0.656250 0.625000
vt 0.656250 0.125000
vt 0.656250 0.562500
vt 0.625000 0.250000
vt 0.625000 0.750000
vt 0.625000 0.687500
vt 0.625000 0.187500
vt 0.625000 0.625000
vt 0.625000 0.125000
vt 0.625000 0.562500
vt 0.625000 0.062500
vt 0.625000 0.500000
vt 0.640625 1.000000
vt 0.625000 0.937500
vt 0.640625 0.000000
vt 0.625000 0.437500
vt 0.625000 0.875000
vt 0.625000 0.375000
vt 0.625000 0.812500
vt 0.625000 0.312500
vt 0.609375 1.000000
vt 0.593750 0.937500
vt 0.609375 0.000000
vt 0.593750 0.062500
vt 0.593750 0.437500
vt 0.593750 0.875000
vt 0.593750 0.375000
vt 0.593750 0.812500
vt 0.593750 0.312500
vt 0.593750 0.750000
vt 0.593750 0.250000
vt 0.593750 0.687500
vt 0.593750 0.187500
vt 0.593750 0.625000
vt 0.593750 0.125000
vt 0.593750 0.562500
vt 0.593750 0.500000
vt 0.562500 0.750000
vt 0.562500 0.687500
vt 0.562500 0.187500
vt 0.562500 0.625000
vt 0.562500 0.125000
vt 0.562500 0.562500
vt 0.562500 0.062500
vt 0.562500 0.500000
vt 0.578125 1.000000
vt 0.562500 0.937500
vt 0.578125 0.000000
vt 0.562500 0.437500
vt 0.562500 0.875000
vt 0.562500 0.375000
vt 0.562500 0.812500
vt 0.562500 0.312500
vt 0.562500 0.250000
vt 0.531250 0.500000
vt 0.531250 0.437500
vt 0.531250 0.875000
vt 0.531250 0.375000
vt 0.531250 0.812500
vt 0.531250 0.312500
vt 0.531250 0.750000
vt 0.531250 0.250000
vt 0.531250 0.687500
vt 0.531250 0.187500
vt 0.531250 0.625000
vt 0.531250 0.125000
vt 0.531250 0.562500
vt 0.531250 0.062500
vt 0.546875 1.000000
vt 0.531250 0.937500
vt 0.546875 0.000000
vt 0.500000 0.250000
vt 0.500000 0.187500
vt 0.500000 0.625000
vt 0.500000 0.125000
vt 0.500000 0.562500
vt 0.500000 0.062500
vt 0.500000 0.500000
vt 0.515625 1.000000
vt 0.500000 0.937500
vt 0.515625 0.000000
vt 0.500000 0.437500
vt 0.500000 0.875000
vt 0.500000 0.375000
vt 0.500000 0.812500
vt 0.500000 0.312500
vt 0.500000 0.750000
vt 0.500000 0.687500
vt 0.468750 0.437500
vt 0.468750 0.375000
vt 0.468750 0.812500
vt 0.468750 0.312500
vt 0.468750 0.750000
vt 0.468750 0.250000
vt 0.468750 0.687500
vt 0.468750 0.187500
vt 0.468750 0.625000
vt 0.468750 0.125000
vt 0.468750 0.562500
vt 0.468750 0.062500
vt 0.468750 0.500000
vt 0.484375 1.000000
vt 0.468750 0.937500
vt 0.484375 0.000000
vt 0.468750 0.875000
vt 0.437500 0.125000
vt 0.437500 0.562500
vt 0.437500 0.062500
vt 0.437500 0.500000
vt 0.453125 1.000000
vt 0.437500 0.937500
vt 0.453125 0.000000
vt 0.437500 0.437500
vt 0.437500 0.875000
vt 0.437500 0.375000
vt 0.437500 0.812500
vt 0.437500 0.312500
vt 0.437500 0.750000
vt 0.437500 0.250000
vt 0.437500 0.687500
vt 0.437500 0.187500
vt 0.437500 0.625000
vt 0.406250 0.812500
vt 0.406250 0.375000
vt 0.406250 0.312500
vt 0.406250 0.750000
vt 0.406250 0.250000
vt 0.406250 0.687500
vt 0.406250 0.187500
vt 0.406250 0.625000
vt 0.406250 0.125000
vt 0.406250 0.562500
vt 0.406250 0.062500
vt 0.406250 0.500000
vt 0.421875 1.000000
vt 0.406250 0.937500
vt 0.421875 0.000000
vt 0.406250 0.437500
vt 0.406250 0.875000
vt 0.375000 0.562500
vt 0.375000 0.125000
vt 0.375000 0.062500
vt 0.375000 0.500000
vt 0.390625 1.000000
vt 0.375000 0.937500
vt 0.390625 0.000000
vt 0.375000 0.437500
vt 0.375000 0.875000
vt 0.375000 0.375000
vt 0.375000 0.812500
vt 0.375000 0.312500
vt 0.375000 0.750000
vt 0.375000 0.250000
vt 0.375000 0.687500
vt 0.375000 0.187500
vt 0.375000 0.625000
vt 0.343750 0.375000
vt 0.343750 0.312500
vt 0.343750 0.750000
vt 0.343750 0.250000
vt 0.343750 0.687500
vt 0.343750 0.187500
vt 0.343750 0.625000
vt 0.343750 0.125000
vt 0.343750 0.562500
vt 0.343750 0.062500
vt 0.343750 0.500000
vt 0.359375 1.000000
vt 0.343750 0.937500
vt 0.359375 0.000000
vt 0.343750 0.437500
vt 0.343750 0.875000
vt 0.343750 0.812500
vt 0.312500 0.062500
vt 0.312500 0.500000
vt 0.328125 1.000000
vt 0.312500 0.937500
vt 0.328125 0.000000
vt 0.312500 0.437500
vt 0.312500 0.875000
vt 0.312500 0.375000
vt 0.312500 0.812500
vt 0.312500 0.312500
vt 0.312500 0.750000
vt 0.312500 0.250000
vt 0.312500 0.687500
vt 0.312500 0.187500
vt 0.312500 0.625000
vt 0.312500 0.125000
vt 0.312500 0.562500
vt 0.281250 0.750000
vt 0.281250 0.250000
vt 0.281250 0.687500
vt 0.281250 0.187500
vt 0.281250 0.625000
vt 0.281250 0.125000
vt 0.281250 0.562500
vt 0.281250 0.062500
vt 0.281250 0.500000
vt 0.296875 1.000000
vt 0.281250 0.937500
vt 0.296875 0.000000
vt 0.281250 0.437500
vt 0.281250 0.875000
vt 0.281250 0.375000
vt 0.281250 0.812500
vt 0.281250 0.312500
vt 0.250000 0.500000
vt 0.265625 1.000000
vt 0.250000 0.937500
vt 0.265625 0.000000
vt 0.250000 0.062500
vt 0.250000 0.437500
vt 0.250000 0.875000
vt 0.250000 0.375000
vt 0.250000 0.812500
vt 0.250000 0.312500
vt 0.250000 0.750000
vt 0.250000 0.250000
vt 0.250000 0.687500
vt 0.250000 0.187500
vt 0.250000 0.625000
vt 0.250000 0.125000
vt 0.250000 0.562500
vt 0.218750 0.250000
vt 0.218750 0.750000
vt 0.218750 0.687500
vt 0.218750 0.187500
vt 0.218750 0.625000
vt 0.218750 0.125000
vt 0.218750 0.562500
vt 0.218750 0.062500
vt 0.218750 0.500000
vt 0.234375 1.000000
vt 0.218750 0.937500
vt 0.234375 0.000000
vt 0.218750 0.437500
vt 0.218750 0.875000
vt 0.218750 0.375000
vt 0.218750 0.812500
vt 0.218750 0.312500
vt 0.203125 0.000000
vt 0.187500 0.062500
vt 0.187500 0.437500
vt 0.187500 0.875000
vt 0.187500 0.375000
vt 0.187500 0.812500
vt 0.187500 0.312500
vt 0.187500 0.750000
vt 0.187500 0.250000
vt 0.187500 0.687500
vt 0.187500 0.187500
vt 0.187500 0.625000
vt 0.187500 0.125000
vt 0.187500 0.562500
vt 0.187500 0.500000
vt 0.203125 1.000000
vt 0.187500 0.937500
vt 0.156250 0.250000
vt 0.156250 0.187500
vt 0.156250 0.625000
vt 0.156250 0.125000
vt 0.156250 0.562500
vt 0.156250 0.062500
vt 0.156250 0.500000
vt 0.171875 1.000000
vt 0.156250 0.937500
vt 0.171875 0.000000
vt 0.156250 0.437500
vt 0.156250 0.875000
vt 0.156250 0.375000
vt 0.156250 0.812500
vt 0.156250 0.312500
vt 0.156250 0.750000
vt 0.156250 0.687500
vt 0.125000 0.875000
vt 0.125000 0.437500
vt 0.125000 0.375000
vt 0.125000 0.812500
vt 0.125000 0.312500
vt 0.125000 0.750000
vt 0.125000 0.250000
vt 0.125000 0.687500
vt 0.125000 0.187500
vt 0.125000 0.625000
vt 0.125000 0.125000
vt 0.125000 0.562500
vt 0.125000 0.062500
vt 0.125000 0.500000
vt 0.140625 1.000000
vt 0.125000 0.937500
vt 0.140625 0.000000
vt 0.093750 0.625000
vt 0.093750 0.187500
vt 0.093750 0.125000
vt 0.093750 0.562500
vt 0.093750 0.062500
vt 0.093750 0.500000
vt 0.109375 1.000000
vt 0.093750 0.937500
vt 0.109375 0.000000
vt 0.093750 0.437500
vt 0.093750 0.875000
vt 0.093750 0.375000
vt 0.093750 0.812500
vt 0.093750 0.312500
vt 0.093750 0.750000
vt 0.093750 0.250000
vt 0.093750 0.687500
vt 0.062500 0.437500
vt 0.062500 0.375000
vt 0.062500 0.812500
vt 0.062500 0.312500
vt 0.062500 0.750000
vt 0.062500 0.250000
vt 0.062500 0.687500
vt 0.062500 0.187500
vt 0.062500 0.625000
vt 0.062500 0.125000
vt 0.062500 0.562500
vt 0.062500 0.062500
vt 0.062500 0.500000
vt 0.078125 1.000000
vt 0.062500 0.937500
vt 0.078125 0.000000
vt 0.062500 0.875000
vt 0.031250 0.125000
vt 0.031250 0.562500
vt 0.031250 0.062500
vt 0.031250 0.500000
vt 0.046875 1.000000
vt 0.031250 0.937500
vt 0.046875 0.000000
vt 0.031250 0.437500
vt 0.031250 0.875000
vt 0.031250 0.375000
vt 0.031250 0.812500
vt 0.031250 0.312500
vt 0.031250 0.750000
vt 0.031250 0.250000
vt 0.031250 0.687500
vt 0.031250 0.187500
vt 0.031250 0.625000
vt 0.000000 0.812500
vt 0.000000 0.375000
vt 0.000000 0.312500
vt 0.000000 0.750000
vt 0.000000 0.250000
vt 0.000000 0.687500
vt 0.000000 0.187500
vt 0.000000 0.625000
vt 0.000000 0.125000
vt 0.000000 0.562500
vt 0.000000 0.062500
vt 0.000000 0.500000
vt 0.015625 1.000000
vt 0.000000 0.937500
vt 0.015625 0.000000
vt 0.000000 0.437500
vt 0.000000 0.875000
vt 1.000000 0.625000
vt 0.968750 0.562500
vt 1.000000 0.562500
vt 1.000000 0.062500
vt 0.968750 0.125000
vt 0.968750 0.062500
vt 1.000000 0.500000
vt 0.968750 0.500000
vt 1.000000 0.937500
vt 0.984375 1.000000
vt 0.968750 0.937500
vt 0.984375 0.000000
vt 0.968750 0.437500
vt 1.000000 0.437500
vt 1.000000 0.875000
vt 0.968750 0.875000
vt 1.000000 0.375000
vt 0.968750 0.375000
vt 0.968750 0.812500
vt 1.000000 0.812500
vt 1.000000 0.312500
vt 0.968750 0.312500
vt 0.968750 0.750000
vt 1.000000 0.750000
vt 0.968750 0.250000
vt 1.000000 0.250000
vt 1.000000 0.687500
vt 0.968750 0.687500
vt 0.968750 0.187500
vt 1.000000 0.187500
vt 0.968750 0.625000
vt 1.000000 0.125000
vt 0.937500 0.312500
vt 0.937500 0.750000
vt 0.937500 0.250000
vt 0.937500 0.687500
vt 0.937500 0.187500
vt 0.937500 0.625000
vt 0.937500 0.125000
vt 0.937500 0.562500
vt 0.937500 0.062500
vt 0.937500 0.500000
vt 0.953125 1.000000
vt 0.937500 0.937500
vt 0.953125 0.000000
vt 0.937500 0.437500
vt 0.937500 0.875000
vt 0.937500 0.375000
vt 0.937500 0.812500
vt 0.906250 0.125000
vt 0.906250 0.062500
vt 0.906250 0.562500
vt 0.906250 0.500000
vt 0.921875 1.000000
vt 0.906250 0.937500
vt 0.921875 0.000000
vt 0.906250 0.437500
vt 0.906250 0.875000
vt 0.906250 0.375000
vt 0.906250 0.812500
vt 0.906250 0.312500
vt 0.906250 0.750000
vt 0.906250 0.250000
vt 0.906250 0.687500
vt 0.906250 0.187500
vt 0.906250 0.625000
vt 0.875000 0.250000
vt 0.875000 0.750000
vt 0.875000 0.687500
vt 0.875000 0.187500
vt 0.875000 0.625000
vt 0.875000 0.125000
vt 0.875000 0.562500
vt 0.875000 0.062500
vt 0.875000 0.500000
vt 0.890625 1.000000
vt 0.875000 0.937500
vt 0.890625 0.000000
vt 0.875000 0.437500
vt 0.875000 0.875000
vt 0.875000 0.375000
vt 0.875000 0.812500
vt 0.875000 0.312500
vt 0.859375 1.000000
vt 0.843750 0.937500
vt 0.859375 0.000000
vt 0.843750 0.062500
vt 0.843750 0.437500
vt 0.843750 0.875000
vt 0.843750 0.375000
vt 0.843750 0.812500
vt 0.843750 0.312500
vt 0.843750 0.750000
vt 0.843750 0.250000
vt 0.843750 0.687500
vt 0.843750 0.187500
vt 0.843750 0.625000
vt 0.843750 0.125000
vt 0.843750 0.562500
vt 0.843750 0.500000
vt 0.812500 0.750000
vt 0.812500 0.687500
vt 0.812500 0.250000
vt 0.812500 0.187500
vt 0.812500 0.625000
vt 0.812500 0.125000
vt 0.812500 0.562500
vt 0.812500 0.062500
vt 0.812500 0.500000
vt 0.828125 1.000000
vt 0.812500 0.937500
vt 0.828125 0.000000
vt 0.812500 0.437500
vt 0.812500 0.875000
vt 0.812500 0.375000
vt 0.812500 0.812500
vt 0.812500 0.312500
vt 0.781250 0.437500
vt 0.781250 0.875000
vt 0.781250 0.375000
vt 0.781250 0.812500
vt 0.781250 0.312500
vt 0.781250 0.750000
vt 0.781250 0.250000
vt 0.781250 0.687500
vt 0.781250 0.187500
vt 0.781250 0.625000
vt 0.781250 0.125000
vt 0.781250 0.562500
vt 0.781250 0.062500
vt 0.781250 0.500000
vt 0.796875 1.000000
vt 0.781250 0.937500
vt 0.796875 0.000000
vt 0.765625 1.000000
vt 0.765625 0.000000
s 1
g Sphere.005_M_Orbe.004
usemtl M_Orbe.004
f 5520/6084/5508 5054/6085/5042 5055/6086/5043
f 5521/6087/5509 5063/6088/5051 5050/6089/5038
f 5520/6084/5508 5056/6090/5044 5044/6091/5032
f 5050/6089/5038 5064/6092/5052 5522/6093/5510
f 5044/6091/5032 5057/6094/5045 5045/6095/5033
f 5522/6093/5510 5065/6096/5053 5523/6097/5511
f 5045/6095/5033 5058/6098/5046 5046/6099/5034
f 5518/6100/5506 5292/6101/5280 5051/6102/5039
f 5096/6103/5084 5523/6097/5511 5065/6096/5053
f 5046/6099/5034 5059/6104/5047 5047/6105/5035
f 5519/6106/5507 5051/6102/5039 5052/6107/5040
f 5047/6105/5035 5060/6108/5048 5048/6109/5036
f 5042/6110/5030 5052/6107/5040 5053/6111/5041
f 5048/6109/5036 5061/6112/5049 5049/6113/5037
f 5042/6110/5030 5054/6085/5042 5043/6114/5031
f 5049/6113/5037 5062/6115/5050 5521/6087/5509
f 5053/6111/5041 5069/6116/5057 5054/6085/5042
f 5061/6112/5049 5077/6117/5065 5062/6115/5050
f 5054/6085/5042 5070/6118/5058 5055/6086/5043
f 5062/6115/5050 5078/6119/5066 5063/6088/5051
f 5055/6086/5043 5071/6120/5059 5056/6090/5044
f 5063/6088/5051 5079/6121/5067 5064/6092/5052
f 5056/6090/5044 5072/6122/5060 5057/6094/5045
f 5065/6096/5053 5079/6121/5067 5080/6123/5068
f 5057/6094/5045 5073/6124/5061 5058/6098/5046
f 5051/6102/5039 5292/6125/5280 5066/6126/5054
f 5096/6127/5084 5065/6096/5053 5080/6123/5068
f 5058/6098/5046 5074/6128/5062 5059/6104/5047
f 5051/6102/5039 5067/6129/5055 5052/6107/5040
f 5059/6104/5047 5075/6130/5063 5060/6108/5048
f 5052/6107/5040 5068/6131/5056 5053/6111/5041
f 5060/6108/5048 5076/6132/5064 5061/6112/5049
f 5072/6122/5060 5088/6133/5076 5073/6124/5061
f 5066/6126/5054 5292/6134/5280 5081/6135/5069
f 5096/6136/5084 5080/6123/5068 5095/6137/5083
f 5074/6128/5062 5088/6133/5076 5089/6138/5077
f 5066/6126/5054 5082/6139/5070 5067/6129/5055
f 5074/6128/5062 5090/6140/5078 5075/6130/5063
f 5067/6129/5055 5083/6141/5071 5068/6131/5056
f 5076/6132/5064 5090/6140/5078 5091/6142/5079
f 5069/6116/5057 5083/6141/5071 5084/6143/5072
f 5077/6117/5065 5091/6142/5079 5092/6144/5080
f 5069/6116/5057 5085/6145/5073 5070/6118/5058
f 5077/6117/5065 5093/6146/5081 5078/6119/5066
f 5070/6118/5058 5086/6147/5074 5071/6120/5059
f 5078/6119/5066 5094/6148/5082 5079/6121/5067
f 5071/6120/5059 5087/6149/5075 5072/6122/5060
f 5079/6121/5067 5095/6137/5083 5080/6123/5068
f 5091/6142/5079 5108/6150/5096 5092/6144/5080
f 5085/6145/5073 5100/6151/5088 5101/6152/5089
f 5092/6144/5080 5109/6153/5097 5093/6146/5081
f 5085/6145/5073 5102/6154/5090 5086/6147/5074
f 5094/6148/5082 5109/6153/5097 5110/6155/5098
f 5086/6147/5074 5103/6156/5091 5087/6149/5075
f 5094/6148/5082 5111/6157/5099 5095/6137/5083
f 5087/6149/5075 5104/6158/5092 5088/6133/5076
f 5081/6135/5069 5292/6159/5280 5097/6160/5085
f 5096/6161/5084 5095/6137/5083 5111/6157/5099
f 5089/6138/5077 5104/6158/5092 5105/6162/5093
f 5081/6135/5069 5098/6163/5086 5082/6139/5070
f 5089/6138/5077 5106/6164/5094 5090/6140/5078
f 5082/6139/5070 5099/6165/5087 5083/6141/5071
f 5091/6142/5079 5106/6164/5094 5107/6166/5095
f 5083/6141/5071 5100/6151/5088 5084/6143/5072
f 5097/6160/5085 5292/6167/5280 5112/6168/5100
f 5096/6169/5084 5111/6157/5099 5126/6170/5114
f 5104/6158/5092 5120/6171/5108 5105/6162/5093
f 5097/6160/5085 5113/6172/5101 5098/6163/5086
f 5105/6162/5093 5121/6173/5109 5106/6164/5094
f 5098/6163/5086 5114/6174/5102 5099/6165/5087
f 5107/6166/5095 5121/6173/5109 5122/6175/5110
f 5099/6165/5087 5115/6176/5103 5100/6151/5088
f 5107/6166/5095 5123/6177/5111 5108/6150/5096
f 5101/6152/5089 5115/6176/5103 5116/6178/5104
f 5108/6150/5096 5124/6179/5112 5109/6153/5097
f 5101/6152/5089 5117/6180/5105 5102/6154/5090
f 5110/6155/5098 5124/6179/5112 5125/6181/5113
f 5102/6154/5090 5118/6182/5106 5103/6156/5091
f 5111/6157/5099 5125/6181/5113 5126/6170/5114
f 5103/6156/5091 5119/6183/5107 5104/6158/5092
f 5116/6178/5104 5130/6184/5118 5131/6185/5119
f 5123/6177/5111 5139/6186/5127 5124/6179/5112
f 5116/6178/5104 5132/6187/5120 5117/6180/5105
f 5125/6181/5113 5139/6186/5127 5140/6188/5128
f 5117/6180/5105 5133/6189/5121 5118/6182/5106
f 5125/6181/5113 5141/6190/5129 5126/6170/5114
f 5118/6182/5106 5134/6191/5122 5119/6183/5107
f 5112/6168/5100 5292/6192/5280 5127/6193/5115
f 5096/6194/5084 5126/6170/5114 5141/6190/5129
f 5119/6183/5107 5135/6195/5123 5120/6171/5108
f 5112/6168/5100 5128/6196/5116 5113/6172/5101
f 5120/6171/5108 5136/6197/5124 5121/6173/5109
f 5113/6172/5101 5129/6198/5117 5114/6174/5102
f 5122/6175/5110 5136/6197/5124 5137/6199/5125
f 5114/6174/5102 5130/6184/5118 5115/6176/5103
f 5122/6175/5110 5138/6200/5126 5123/6177/5111
f 5135/6195/5123 5149/6201/5137 5150/6202/5138
f 5127/6193/5115 5143/6203/5131 5128/6196/5116
f 5136/6197/5124 5150/6202/5138 5151/6204/5139
f 5128/6196/5116 5144/6205/5132 5129/6198/5117
f 5137/6199/5125 5151/6204/5139 5152/6206/5140
f 5129/6198/5117 5145/6207/5133 5130/6184/5118
f 5137/6199/5125 5153/6208/5141 5138/6200/5126
f 5131/6185/5119 5145/6207/5133 5146/6209/5134
f 5139/6186/5127 5153/6208/5141 5154/6210/5142
f 5131/6185/5119 5147/6211/5135 5132/6187/5120
f 5140/6188/5128 5154/6210/5142 5155/6212/5143
f 5132/6187/5120 5148/6213/5136 5133/6189/5121
f 5140/6188/5128 5156/6214/5144 5141/6190/5129
f 5133/6189/5121 5149/6201/5137 5134/6191/5122
f 5127/6193/5115 5292/6215/5280 5142/6216/5130
f 5096/6217/5084 5141/6190/5129 5156/6214/5144
f 5154/6210/5142 5168/6218/5156 5169/6219/5157
f 5146/6209/5134 5162/6220/5150 5147/6211/5135
f 5155/6212/5143 5169/6219/5157 5170/6221/5158
f 5147/6211/5135 5163/6222/5151 5148/6213/5136
f 5155/6212/5143 5171/6223/5159 5156/6214/5144
f 5148/6213/5136 5164/6224/5152 5149/6201/5137
f 5142/6216/5130 5292/6225/5280 5157/6226/5145
f 5096/6227/5084 5156/6214/5144 5171/6223/5159
f 5149/6201/5137 5165/6228/5153 5150/6202/5138
f 5142/6216/5130 5158/6229/5146 5143/6203/5131
f 5150/6202/5138 5166/6230/5154 5151/6204/5139
f 5143/6203/5131 5159/6231/5147 5144/6205/5132
f 5151/6204/5139 5167/6232/5155 5152/6206/5140
f 5144/6205/5132 5160/6233/5148 5145/6207/5133
f 5152/6206/5140 5168/6218/5156 5153/6208/5141
f 5146/6209/5134 5160/6233/5148 5161/6234/5149
f 5166/6230/5154 5180/6235/5168 5181/6236/5169
f 5158/6229/5146 5174/6237/5162 5159/6231/5147
f 5166/6230/5154 5182/6238/5170 5167/6232/5155
f 5159/6231/5147 5175/6239/5163 5160/6233/5148
f 5167/6232/5155 5183/6240/5171 5168/6218/5156
f 5161/6234/5149 5175/6239/5163 5176/6241/5164
f 5168/6218/5156 5184/6242/5172 5169/6219/5157
f 5161/6234/5149 5177/6243/5165 5162/6220/5150
f 5170/6221/5158 5184/6242/5172 5185/6244/5173
f 5162/6220/5150 5178/6245/5166 5163/6222/5151
f 5170/6221/5158 5186/6246/5174 5171/6223/5159
f 5163/6222/5151 5179/6247/5167 5164/6224/5152
f 5157/6226/5145 5292/6248/5280 5172/6249/5160
f 5096/6250/5084 5171/6223/5159 5186/6246/5174
f 5165/6228/5153 5179/6247/5167 5180/6235/5168
f 5157/6226/5145 5173/6251/5161 5158/6229/5146
f 5184/6242/5172 5200/6252/5188 5185/6244/5173
f 5177/6243/5165 5193/6253/5181 5178/6245/5166
f 5185/6244/5173 5201/6254/5189 5186/6246/5174
f 5178/6245/5166 5194/6255/5182 5179/6247/5167
f 5172/6249/5160 5292/6256/5280 5187/6257/5175
f 5096/6258/5084 5186/6246/5174 5201/6254/5189
f 5180/6235/5168 5194/6255/5182 5195/6259/5183
f 5173/6251/5161 5187/6257/5175 5188/6260/5176
f 5181/6236/5169 5195/6259/5183 5196/6261/5184
f 5173/6251/5161 5189/6262/5177 5174/6237/5162
f 5181/6236/5169 5197/6263/5185 5182/6238/5170
f 5175/6239/5163 5189/6262/5177 5190/6264/5178
f 5183/6240/5171 5197/6263/5185 5198/6265/5186
f 5175/6239/5163 5191/6266/5179 5176/6241/5164
f 5183/6240/5171 5199/6267/5187 5184/6242/5172
f 5176/6241/5164 5192/6268/5180 5177/6243/5165
f 5188/6260/5176 5204/6269/5192 5189/6262/5177
f 5197/6263/5185 5211/6270/5199 5212/6271/5200
f 5190/6264/5178 5204/6269/5192 5205/6272/5193
f 5197/6263/5185 5213/6273/5201 5198/6265/5186
f 5191/6266/5179 5205/6272/5193 5206/6274/5194
f 5198/6265/5186 5214/6275/5202 5199/6267/5187
f 5191/6266/5179 5207/6276/5195 5192/6268/5180
f 5199/6267/5187 5215/6277/5203 5200/6252/5188
f 5192/6268/5180 5208/6278/5196 5193/6253/5181
f 5200/6252/5188 5216/6279/5204 5201/6254/5189
f 5193/6253/5181 5209/6280/5197 5194/6255/5182
f 5187/6257/5175 5292/6281/5280 5202/6282/5190
f 5096/6283/5084 5201/6254/5189 5216/6279/5204
f 5195/6259/5183 5209/6280/5197 5210/6284/5198
f 5187/6257/5175 5203/6285/5191 5188/6260/5176
f 5196/6261/5184 5210/6284/5198 5211/6270/5199
f 5207/6276/5195 5223/6286/5211 5208/6278/5196
f 5216/6279/5204 5230/6287/5218 5231/6288/5219
f 5208/6278/5196 5224/6289/5212 5209/6280/5197
f 5202/6282/5190 5292/6290/5280 5217/6291/5205
f 5096/6292/5084 5216/6279/5204 5231/6288/5219
f 5210/6284/5198 5224/6289/5212 5225/6293/5213
f 5202/6282/5190 5218/6294/5206 5203/6285/5191
f 5211/6270/5199 5225/6293/5213 5226/6295/5214
f 5203/6285/5191 5219/6296/5207 5204/6269/5192
f 5212/6271/5200 5226/6295/5214 5227/6297/5215
f 5204/6269/5192 5220/6298/5208 5205/6272/5193
f 5212/6271/5200 5228/6299/5216 5213/6273/5201
f 5206/6274/5194 5220/6298/5208 5221/6300/5209
f 5214/6275/5202 5228/6299/5216 5229/6301/5217
f 5206/6274/5194 5222/6302/5210 5207/6276/5195
f 5214/6275/5202 5230/6287/5218 5215/6277/5203
f 5227/6297/5215 5241/6303/5229 5242/6304/5230
f 5219/6296/5207 5235/6305/5223 5220/6298/5208
f 5227/6297/5215 5243/6306/5231 5228/6299/5216
f 5221/6300/5209 5235/6305/5223 5236/6307/5224
f 5229/6301/5217 5243/6306/5231 5244/6308/5232
f 5221/6300/5209 5237/6309/5225 5222/6302/5210
f 5230/6287/5218 5244/6308/5232 5245/6310/5233
f 5222/6302/5210 5238/6311/5226 5223/6286/5211
f 5231/6288/5219 5245/6310/5233 5246/6312/5234
f 5223/6286/5211 5239/6313/5227 5224/6289/5212
f 5217/6291/5205 5292/6314/5280 5232/6315/5220
f 5096/6316/5084 5231/6288/5219 5246/6312/5234
f 5224/6289/5212 5240/6317/5228 5225/6293/5213
f 5217/6291/5205 5233/6318/5221 5218/6294/5206
f 5226/6295/5214 5240/6317/5228 5241/6303/5229
f 5218/6294/5206 5234/6319/5222 5219/6296/5207
f 5245/6310/5233 5261/6320/5249 5246/6312/5234
f 5238/6311/5226 5254/6321/5242 5239/6313/5227
f 5232/6315/5220 5292/6322/5280 5247/6323/5235
f 5096/6324/5084 5246/6312/5234 5261/6320/5249
f 5239/6313/5227 5255/6325/5243 5240/6317/5228
f 5232/6315/5220 5248/6326/5236 5233/6318/5221
f 5240/6317/5228 5256/6327/5244 5241/6303/5229
f 5233/6318/5221 5249/6328/5237 5234/6319/5222
f 5242/6304/5230 5256/6327/5244 5257/6329/5245
f 5234/6319/5222 5250/6330/5238 5235/6305/5223
f 5242/6304/5230 5258/6331/5246 5243/6306/5231
f 5236/6307/5224 5250/6330/5238 5251/6332/5239
f 5244/6308/5232 5258/6331/5246 5259/6333/5247
f 5236/6307/5224 5252/6334/5240 5237/6309/5225
f 5244/6308/5232 5260/6335/5248 5245/6310/5233
f 5237/6309/5225 5253/6336/5241 5238/6311/5226
f 5249/6328/5237 5265/6337/5253 5250/6330/5238
f 5257/6329/5245 5273/6338/5261 5258/6331/5246
f 5251/6332/5239 5265/6337/5253 5266/6339/5254
f 5258/6331/5246 5274/6340/5262 5259/6333/5247
f 5251/6332/5239 5267/6341/5255 5252/6334/5240
f 5259/6333/5247 5275/6342/5263 5260/6335/5248
f 5252/6334/5240 5268/6343/5256 5253/6336/5241
f 5261/6320/5249 5275/6342/5263 5276/6344/5264
f 5254/6321/5242 5268/6343/5256 5269/6345/5257
f 5247/6323/5235 5292/6346/5280 5262/6347/5250
f 5096/6348/5084 5261/6320/5249 5276/6344/5264
f 5254/6321/5242 5270/6349/5258 5255/6325/5243
f 5247/6323/5235 5263/6350/5251 5248/6326/5236
f 5255/6325/5243 5271/6351/5259 5256/6327/5244
f 5248/6326/5236 5264/6352/5252 5249/6328/5237
f 5257/6329/5245 5271/6351/5259 5272/6353/5260
f 5268/6343/5256 5284/6354/5272 5269/6345/5257
f 5262/6347/5250 5292/6355/5280 5277/6356/5265
f 5096/6357/5084 5276/6344/5264 5291/6358/5279
f 5269/6345/5257 5285/6359/5273 5270/6349/5258
f 5262/6347/5250 5278/6360/5266 5263/6350/5251
f 5270/6349/5258 5286/6361/5274 5271/6351/5259
f 5263/6350/5251 5279/6362/5267 5264/6352/5252
f 5272/6353/5260 5286/6361/5274 5287/6363/5275
f 5264/6352/5252 5280/6364/5268 5265/6337/5253
f 5272/6353/5260 5288/6365/5276 5273/6338/5261
f 5266/6339/5254 5280/6364/5268 5281/6366/5269
f 5274/6340/5262 5288/6365/5276 5289/6367/5277
f 5266/6339/5254 5282/6368/5270 5267/6341/5255
f 5275/6342/5263 5289/6367/5277 5290/6369/5278
f 5267/6341/5255 5283/6370/5271 5268/6343/5256
f 5275/6342/5263 5291/6358/5279 5276/6344/5264
f 5287/6363/5275 5304/6371/5292 5288/6365/5276
f 5281/6366/5269 5296/6372/5284 5297/6373/5285
f 5289/6367/5277 5304/6371/5292 5305/6374/5293
f 5281/6366/5269 5298/6375/5286 5282/6368/5270
f 5290/6369/5278 5305/6374/5293 5306/6376/5294
f 5282/6368/5270 5299/6377/5287 5283/6370/5271
f 5291/6358/5279 5306/6376/5294 5307/6378/5295
f 5283/6370/5271 5300/6379/5288 5284/6354/5272
f 5277/6356/5265 5292/6380/5280 5293/6381/5281
f 5096/6382/5084 5291/6358/5279 5307/6378/5295
f 5284/6354/5272 5301/6383/5289 5285/6359/5273
f 5278/6360/5266 5293/6381/5281 5294/6384/5282
f 5286/6361/5274 5301/6383/5289 5302/6385/5290
f 5278/6360/5266 5295/6386/5283 5279/6362/5267
f 5287/6363/5275 5302/6385/5290 5303/6387/5291
f 5279/6362/5267 5296/6372/5284 5280/6364/5268
f 5096/6388/5084 5307/6378/5295 5322/6389/5310
f 5300/6379/5288 5316/6390/5304 5301/6383/5289
f 5293/6381/5281 5309/6391/5297 5294/6384/5282
f 5302/6385/5290 5316/6390/5304 5317/6392/5305
f 5295/6386/5283 5309/6391/5297 5310/6393/5298
f 5303/6387/5291 5317/6392/5305 5318/6394/5306
f 5295/6386/5283 5311/6395/5299 5296/6372/5284
f 5303/6387/5291 5319/6396/5307 5304/6371/5292
f 5297/6373/5285 5311/6395/5299 5312/6397/5300
f 5305/6374/5293 5319/6396/5307 5320/6398/5308
f 5297/6373/5285 5313/6399/5301 5298/6375/5286
f 5305/6374/5293 5321/6400/5309 5306/6376/5294
f 5298/6375/5286 5314/6401/5302 5299/6377/5287
f 5307/6378/5295 5321/6400/5309 5322/6389/5310
f 5299/6377/5287 5315/6402/5303 5300/6379/5288
f 5293/6381/5281 5292/6403/5280 5308/6404/5296
f 5320/6398/5308 5334/6405/5322 5335/6406/5323
f 5312/6397/5300 5328/6407/5316 5313/6399/5301
f 5321/6400/5309 5335/6406/5323 5336/6408/5324
f 5313/6399/5301 5329/6409/5317 5314/6401/5302
f 5322/6389/5310 5336/6408/5324 5337/6410/5325
f 5314/6401/5302 5330/6411/5318 5315/6402/5303
f 5308/6404/5296 5292/6412/5280 5323/6413/5311
f 5096/6414/5084 5322/6389/5310 5337/6410/5325
f 5315/6402/5303 5331/6415/5319 5316/6390/5304
f 5308/6404/5296 5324/6416/5312 5309/6391/5297
f 5317/6392/5305 5331/6415/5319 5332/6417/5320
f 5309/6391/5297 5325/6418/5313 5310/6393/5298
f 5318/6394/5306 5332/6417/5320 5333/6419/5321
f 5310/6393/5298 5326/6420/5314 5311/6395/5299
f 5318/6394/5306 5334/6405/5322 5319/6396/5307
f 5312/6397/5300 5326/6420/5314 5327/6421/5315
f 5323/6413/5311 5339/6422/5327 5324/6416/5312
f 5332/6417/5320 5346/6423/5334 5347/6424/5335
f 5324/6416/5312 5340/6425/5328 5325/6418/5313
f 5332/6417/5320 5348/6426/5336 5333/6419/5321
f 5325/6418/5313 5341/6427/5329 5326/6420/5314
f 5333/6419/5321 5349/6428/5337 5334/6405/5322
f 5327/6421/5315 5341/6427/5329 5342/6429/5330
f 5335/6406/5323 5349/6428/5337 5350/6430/5338
f 5328/6407/5316 5342/6429/5330 5343/6431/5331
f 5336/6408/5324 5350/6430/5338 5351/6432/5339
f 5328/6407/5316 5344/6433/5332 5329/6409/5317
f 5336/6408/5324 5352/6434/5340 5337/6410/5325
f 5330/6411/5318 5344/6433/5332 5345/6435/5333
f 5323/6413/5311 5292/6436/5280 5338/6437/5326
f 5096/6438/5084 5337/6410/5325 5352/6434/5340
f 5330/6411/5318 5346/6423/5334 5331/6415/5319
f 5342/6429/5330 5358/6439/5346 5343/6431/5331
f 5351/6432/5339 5365/6440/5353 5366/6441/5354
f 5343/6431/5331 5359/6442/5347 5344/6433/5332
f 5351/6432/5339 5367/6443/5355 5352/6434/5340
f 5345/6435/5333 5359/6442/5347 5360/6444/5348
f 5338/6437/5326 5292/6445/5280 5353/6446/5341
f 5096/6447/5084 5352/6434/5340 5367/6443/5355
f 5345/6435/5333 5361/6448/5349 5346/6423/5334
f 5338/6437/5326 5354/6449/5342 5339/6422/5327
f 5347/6424/5335 5361/6448/5349 5362/6450/5350
f 5339/6422/5327 5355/6451/5343 5340/6425/5328
f 5348/6426/5336 5362/6450/5350 5363/6452/5351
f 5340/6425/5328 5356/6453/5344 5341/6427/5329
f 5348/6426/5336 5364/6454/5352 5349/6428/5337
f 5342/6429/5330 5356/6453/5344 5357/6455/5345
f 5350/6430/5338 5364/6454/5352 5365/6440/5353
f 5362/6450/5350 5376/6456/5364 5377/6457/5365
f 5354/6449/5342 5370/6458/5358 5355/6451/5343
f 5363/6452/5351 5377/6457/5365 5378/6459/5366
f 5356/6453/5344 5370/6458/5358 5371/6460/5359
f 5363/6452/5351 5379/6461/5367 5364/6454/5352
f 5357/6455/5345 5371/6460/5359 5372/6462/5360
f 5364/6454/5352 5380/6463/5368 5365/6440/5353
f 5357/6455/5345 5373/6464/5361 5358/6439/5346
f 5366/6441/5354 5380/6463/5368 5381/6465/5369
f 5358/6439/5346 5374/6466/5362 5359/6442/5347
f 5367/6443/5355 5381/6465/5369 5382/6467/5370
f 5359/6442/5347 5375/6468/5363 5360/6444/5348
f 5353/6446/5341 5292/6469/5280 5368/6470/5356
f 5096/6471/5084 5367/6443/5355 5382/6467/5370
f 5360/6444/5348 5376/6456/5364 5361/6448/5349
f 5353/6446/5341 5369/6472/5357 5354/6449/5342
f 5380/6463/5368 5396/6473/5384 5381/6465/5369
f 5373/6464/5361 5389/6474/5377 5374/6466/5362
f 5381/6465/5369 5397/6475/5385 5382/6467/5370
f 5375/6468/5363 5389/6474/5377 5390/6476/5378
f 5368/6470/5356 5292/6477/5280 5383/6478/5371
f 5096/6479/5084 5382/6467/5370 5397/6475/5385
f 5375/6468/5363 5391/6480/5379 5376/6456/5364
f 5368/6470/5356 5384/6481/5372 5369/6472/5357
f 5377/6457/5365 5391/6480/5379 5392/6482/5380
f 5369/6472/5357 5385/6483/5373 5370/6458/5358
f 5377/6457/5365 5393/6484/5381 5378/6459/5366
f 5370/6458/5358 5386/6485/5374 5371/6460/5359
f 5378/6459/5366 5394/6486/5382 5379/6461/5367
f 5371/6460/5359 5387/6487/5375 5372/6462/5360
f 5379/6461/5367 5395/6488/5383 5380/6463/5368
f 5372/6462/5360 5388/6489/5376 5373/6464/5361
f 5384/6481/5372 5400/6490/5388 5385/6483/5373
f 5393/6484/5381 5407/6491/5395 5408/6492/5396
f 5385/6483/5373 5401/6493/5389 5386/6485/5374
f 5393/6484/5381 5409/6494/5397 5394/6486/5382
f 5387/6487/5375 5401/6493/5389 5402/6495/5390
f 5395/6488/5383 5409/6494/5397 5410/6496/5398
f 5387/6487/5375 5403/6497/5391 5388/6489/5376
f 5396/6473/5384 5410/6496/5398 5411/6498/5399
f 5388/6489/5376 5404/6499/5392 5389/6474/5377
f 5396/6473/5384 5412/6500/5400 5397/6475/5385
f 5389/6474/5377 5405/6501/5393 5390/6476/5378
f 5383/6478/5371 5292/6502/5280 5398/6503/5386
f 5096/6504/5084 5397/6475/5385 5412/6500/5400
f 5390/6476/5378 5406/6505/5394 5391/6480/5379
f 5384/6481/5372 5398/6503/5386 5399/6506/5387
f 5392/6482/5380 5406/6505/5394 5407/6491/5395
f 5403/6507/5391 5419/6508/5407 5404/6509/5392
f 5412/6510/5400 5426/6511/5414 5427/6512/5415
f 5405/6513/5393 5419/6508/5407 5420/6514/5408
f 5398/6515/5386 5292/6516/5280 5413/6517/5401
f 5096/6518/5084 5412/6510/5400 5427/6512/5415
f 5405/6513/5393 5421/6519/5409 5406/6520/5394
f 5399/6521/5387 5413/6517/5401 5414/6522/5402
f 5407/6523/5395 5421/6519/5409 5422/6524/5410
f 5399/6521/5387 5415/6525/5403 5400/6526/5388
f 5408/6527/5396 5422/6524/5410 5423/6528/5411
f 5400/6526/5388 5416/6529/5404 5401/6530/5389
f 5408/6527/5396 5424/6531/5412 5409/6532/5397
f 5402/6533/5390 5416/6529/5404 5417/6534/5405
f 5409/6532/5397 5425/6535/5413 5410/6536/5398
f 5402/6533/5390 5418/6537/5406 5403/6507/5391
f 5411/6538/5399 5425/6535/5413 5426/6511/5414
f 5422/6524/5410 5438/6539/5426 5423/6528/5411
f 5415/6525/5403 5431/6540/5419 5416/6529/5404
f 5423/6528/5411 5439/6541/5427 5424/6531/5412
f 5417/6534/5405 5431/6540/5419 5432/6542/5420
f 5424/6531/5412 5440/6543/5428 5425/6535/5413
f 5417/6534/5405 5433/6544/5421 5418/6537/5406
f 5426/6511/5414 5440/6543/5428 5441/6545/5429
f 5418/6537/5406 5434/6546/5422 5419/6508/5407
f 5426/6511/5414 5442/6547/5430 5427/6512/5415
f 5420/6514/5408 5434/6546/5422 5435/6548/5423
f 5413/6517/5401 5292/6549/5280 5428/6550/5416
f 5096/6551/5084 5427/6512/5415 5442/6547/5430
f 5420/6514/5408 5436/6552/5424 5421/6519/5409
f 5413/6517/5401 5429/6553/5417 5414/6522/5402
f 5422/6524/5410 5436/6552/5424 5437/6554/5425
f 5414/6522/5402 5430/6555/5418 5415/6525/5403
f 5442/6547/5430 5456/6556/5444 5457/6557/5445
f 5435/6548/5423 5449/6558/5437 5450/6559/5438
f 5428/6550/5416 5292/6560/5280 5443/6561/5431
f 5096/6562/5084 5442/6547/5430 5457/6557/5445
f 5435/6548/5423 5451/6563/5439 5436/6552/5424
f 5428/6550/5416 5444/6564/5432 5429/6553/5417
f 5437/6554/5425 5451/6563/5439 5452/6565/5440
f 5429/6553/5417 5445/6566/5433 5430/6555/5418
f 5438/6539/5426 5452/6565/5440 5453/6567/5441
f 5430/6555/5418 5446/6568/5434 5431/6540/5419
f 5439/6541/5427 5453/6567/5441 5454/6569/5442
f 5432/6542/5420 5446/6568/5434 5447/6570/5435
f 5439/6541/5427 5455/6571/5443 5440/6543/5428
f 5432/6542/5420 5448/6572/5436 5433/6544/5421
f 5440/6543/5428 5456/6556/5444 5441/6545/5429
f 5433/6544/5421 5449/6558/5437 5434/6546/5422
f 5453/6567/5441 5469/6573/5457 5454/6569/5442
f 5447/6570/5435 5461/6574/5449 5462/6575/5450
f 5455/6571/5443 5469/6573/5457 5470/6576/5458
f 5447/6570/5435 5463/6577/5451 5448/6572/5436
f 5456/6556/5444 5470/6576/5458 5471/6578/5459
f 5448/6572/5436 5464/6579/5452 5449/6558/5437
f 5457/6557/5445 5471/6578/5459 5472/6580/5460
f 5450/6559/5438 5464/6579/5452 5465/6581/5453
f 5443/6561/5431 5292/6582/5280 5458/6583/5446
f 5096/6584/5084 5457/6557/5445 5472/6580/5460
f 5450/6559/5438 5466/6585/5454 5451/6563/5439
f 5443/6561/5431 5459/6586/5447 5444/6564/5432
f 5452/6565/5440 5466/6585/5454 5467/6587/5455
f 5444/6564/5432 5460/6588/5448 5445/6566/5433
f 5453/6567/5441 5467/6587/5455 5468/6589/5456
f 5446/6568/5434 5460/6588/5448 5461/6574/5449
f 5458/6583/5446 5292/6590/5280 5473/6591/5461
f 5096/6592/5084 5472/6580/5460 5487/6593/5475
f 5465/6581/5453 5481/6594/5469 5466/6585/5454
f 5458/6583/5446 5474/6595/5462 5459/6586/5447
f 5467/6587/5455 5481/6594/5469 5482/6596/5470
f 5459/6586/5447 5475/6597/5463 5460/6588/5448
f 5467/6587/5455 5483/6598/5471 5468/6589/5456
f 5460/6588/5448 5476/6599/5464 5461/6574/5449
f 5468/6589/5456 5484/6600/5472 5469/6573/5457
f 5462/6575/5450 5476/6599/5464 5477/6601/5465
f 5469/6573/5457 5485/6602/5473 5470/6576/5458
f 5462/6575/5450 5478/6603/5466 5463/6577/5451
f 5470/6576/5458 5486/6604/5474 5471/6578/5459
f 5463/6577/5451 5479/6605/5467 5464/6579/5452
f 5472/6580/5460 5486/6604/5474 5487/6593/5475
f 5465/6581/5453 5479/6605/5467 5480/6606/5468
f 5477/6601/5465 5491/6607/5479 5492/6608/5480
f 5485/6602/5473 5499/6609/5487 5500/6610/5488
f 5477/6601/5465 5493/6611/5481 5478/6603/5466
f 5486/6604/5474 5500/6610/5488 5501/6612/5489
f 5478/6603/5466 5494/6613/5482 5479/6605/5467
f 5487/6593/5475 5501/6612/5489 5502/6614/5490
f 5480/6606/5468 5494/6613/5482 5495/6615/5483
f 5473/6591/5461 5292/6616/5280 5488/6617/5476
f 5096/6618/5084 5487/6593/5475 5502/6614/5490
f 5480/6606/5468 5496/6619/5484 5481/6594/5469
f 5473/6591/5461 5489/6620/5477 5474/6595/5462
f 5482/6596/5470 5496/6619/5484 5497/6621/5485
f 5474/6595/5462 5490/6622/5478 5475/6597/5463
f 5483/6598/5471 5497/6621/5485 5498/6623/5486
f 5475/6597/5463 5491/6607/5479 5476/6599/5464
f 5483/6598/5471 5499/6609/5487 5484/6600/5472
f 5495/6615/5483 5511/6624/5499 5496/6619/5484
f 5488/6617/5476 5504/6625/5492 5489/6620/5477
f 5497/6621/5485 5511/6624/5499 5512/6626/5500
f 5489/6620/5477 5505/6627/5493 5490/6622/5478
f 5497/6621/5485 5513/6628/5501 5498/6623/5486
f 5490/6622/5478 5506/6629/5494 5491/6607/5479
f 5498/6623/5486 5514/6630/5502 5499/6609/5487
f 5492/6608/5480 5506/6629/5494 5507/6631/5495
f 5499/6609/5487 5515/6632/5503 5500/6610/5488
f 5493/6611/5481 5507/6631/5495 5508/6633/5496
f 5500/6610/5488 5516/6634/5504 5501/6612/5489
f 5493/6611/5481 5509/6635/5497 5494/6613/5482
f 5501/6612/5489 5517/6636/5505 5502/6614/5490
f 5494/6613/5482 5510/6637/5498 5495/6615/5483
f 5488/6617/5476 5292/6638/5280 5503/6639/5491
f 5096/6640/5084 5502/6614/5490 5517/6636/5505
f 5514/6630/5502 5050/6089/5038 5515/6632/5503
f 5508/6633/5496 5520/6084/5508 5044/6091/5032
f 5515/6632/5503 5522/6093/5510 5516/6634/5504
f 5508/6633/5496 5045/6095/5033 5509/6635/5497
f 5516/6634/5504 5523/6097/5511 5517/6636/5505
f 5510/6637/5498 5045/6095/5033 5046/6099/5034
f 5503/6639/5491 5292/6641/5280 5518/6100/5506
f 5096/6642/5084 5517/6636/5505 5523/6097/5511
f 5510/6637/5498 5047/6105/5035 5511/6624/5499
f 5503/6639/5491 5519/6106/5507 5504/6625/5492
f 5512/6626/5500 5047/6105/5035 5048/6109/5036
f 5505/6627/5493 5519/6106/5507 5042/6110/5030
f 5512/6626/5500 5049/6113/5037 5513/6628/5501
f 5506/6629/5494 5042/6110/5030 5043/6114/5031
f 5513/6628/5501 5521/6087/5509 5514/6630/5502
f 5507/6631/5495 5043/6114/5031 5520/6084/5508
f 5520/6084/5508 5043/6114/5031 5054/6085/5042
f 5521/6087/5509 5062/6115/5050 5063/6088/5051
f 5520/6084/5508 5055/6086/5043 5056/6090/5044
f 5050/6089/5038 5063/6088/5051 5064/6092/5052
f 5044/6091/5032 5056/6090/5044 5057/6094/5045
f 5522/6093/5510 5064/6092/5052 5065/6096/5053
f 5045/6095/5033 5057/6094/5045 5058/6098/5046
f 5046/6099/5034 5058/6098/5046 5059/6104/5047
f 5519/6106/5507 5518/6100/5506 5051/6102/5039
f 5047/6105/5035 5059/6104/5047 5060/6108/5048
f 5042/6110/5030 5519/6106/5507 5052/6107/5040
f 5048/6109/5036 5060/6108/5048 5061/6112/5049
f 5042/6110/5030 5053/6111/5041 5054/6085/5042
f 5049/6113/5037 5061/6112/5049 5062/6115/5050
f 5053/6111/5041 5068/6131/5056 5069/6116/5057
f 5061/6112/5049 5076/6132/5064 5077/6117/5065
f 5054/6085/5042 5069/6116/5057 5070/6118/5058
f 5062/6115/5050 5077/6117/5065 5078/6119/5066
f 5055/6086/5043 5070/6118/5058 5071/6120/5059
f 5063/6088/5051 5078/6119/5066 5079/6121/5067
f 5056/6090/5044 5071/6120/5059 5072/6122/5060
f 5065/6096/5053 5064/6092/5052 5079/6121/5067
f 5057/6094/5045 5072/6122/5060 5073/6124/5061
f 5058/6098/5046 5073/6124/5061 5074/6128/5062
f 5051/6102/5039 5066/6126/5054 5067/6129/5055
f 5059/6104/5047 5074/6128/5062 5075/6130/5063
f 5052/6107/5040 5067/6129/5055 5068/6131/5056
f 5060/6108/5048 5075/6130/5063 5076/6132/5064
f 5072/6122/5060 5087/6149/5075 5088/6133/5076
f 5074/6128/5062 5073/6124/5061 5088/6133/5076
f 5066/6126/5054 5081/6135/5069 5082/6139/5070
f 5074/6128/5062 5089/6138/5077 5090/6140/5078
f 5067/6129/5055 5082/6139/5070 5083/6141/5071
f 5076/6132/5064 5075/6130/5063 5090/6140/5078
f 5069/6116/5057 5068/6131/5056 5083/6141/5071
f 5077/6117/5065 5076/6132/5064 5091/6142/5079
f 5069/6116/5057 5084/6143/5072 5085/6145/5073
f 5077/6117/5065 5092/6144/5080 5093/6146/5081
f 5070/6118/5058 5085/6145/5073 5086/6147/5074
f 5078/6119/5066 5093/6146/5081 5094/6148/5082
f 5071/6120/5059 5086/6147/5074 5087/6149/5075
f 5079/6121/5067 5094/6148/5082 5095/6137/5083
f 5091/6142/5079 5107/6166/5095 5108/6150/5096
f 5085/6145/5073 5084/6143/5072 5100/6151/5088
f 5092/6144/5080 5108/6150/5096 5109/6153/5097
f 5085/6145/5073 5101/6152/5089 5102/6154/5090
f 5094/6148/5082 5093/6146/5081 5109/6153/5097
f 5086/6147/5074 5102/6154/5090 5103/6156/5091
f 5094/6148/5082 5110/6155/5098 5111/6157/5099
f 5087/6149/5075 5103/6156/5091 5104/6158/5092
f 5089/6138/5077 5088/6133/5076 5104/6158/5092
f 5081/6135/5069 5097/6160/5085 5098/6163/5086
f 5089/6138/5077 5105/6162/5093 5106/6164/5094
f 5082/6139/5070 5098/6163/5086 5099/6165/5087
f 5091/6142/5079 5090/6140/5078 5106/6164/5094
f 5083/6141/5071 5099/6165/5087 5100/6151/5088
f 5104/6158/5092 5119/6183/5107 5120/6171/5108
f 5097/6160/5085 5112/6168/5100 5113/6172/5101
f 5105/6162/5093 5120/6171/5108 5121/6173/5109
f 5098/6163/5086 5113/6172/5101 5114/6174/5102
f 5107/6166/5095 5106/6164/5094 5121/6173/5109
f 5099/6165/5087 5114/6174/5102 5115/6176/5103
f 5107/6166/5095 5122/6175/5110 5123/6177/5111
f 5101/6152/5089 5100/6151/5088 5115/6176/5103
f 5108/6150/5096 5123/6177/5111 5124/6179/5112
f 5101/6152/5089 5116/6178/5104 5117/6180/5105
f 5110/6155/5098 5109/6153/5097 5124/6179/5112
f 5102/6154/5090 5117/6180/5105 5118/6182/5106
f 5111/6157/5099 5110/6155/5098 5125/6181/5113
f 5103/6156/5091 5118/6182/5106 5119/6183/5107
f 5116/6178/5104 5115/6176/5103 5130/6184/5118
f 5123/6177/5111 5138/6200/5126 5139/6186/5127
f 5116/6178/5104 5131/6185/5119 5132/6187/5120
f 5125/6181/5113 5124/6179/5112 5139/6186/5127
f 5117/6180/5105 5132/6187/5120 5133/6189/5121
f 5125/6181/5113 5140/6188/5128 5141/6190/5129
f 5118/6182/5106 5133/6189/5121 5134/6191/5122
f 5119/6183/5107 5134/6191/5122 5135/6195/5123
f 5112/6168/5100 5127/6193/5115 5128/6196/5116
f 5120/6171/5108 5135/6195/5123 5136/6197/5124
f 5113/6172/5101 5128/6196/5116 5129/6198/5117
f 5122/6175/5110 5121/6173/5109 5136/6197/5124
f 5114/6174/5102 5129/6198/5117 5130/6184/5118
f 5122/6175/5110 5137/6199/5125 5138/6200/5126
f 5135/6195/5123 5134/6191/5122 5149/6201/5137
f 5127/6193/5115 5142/6216/5130 5143/6203/5131
f 5136/6197/5124 5135/6195/5123 5150/6202/5138
f 5128/6196/5116 5143/6203/5131 5144/6205/5132
f 5137/6199/5125 5136/6197/5124 5151/6204/5139
f 5129/6198/5117 5144/6205/5132 5145/6207/5133
f 5137/6199/5125 5152/6206/5140 5153/6208/5141
f 5131/6185/5119 5130/6184/5118 5145/6207/5133
f 5139/6186/5127 5138/6200/5126 5153/6208/5141
f 5131/6185/5119 5146/6209/5134 5147/6211/5135
f 5140/6188/5128 5139/6186/5127 5154/6210/5142
f 5132/6187/5120 5147/6211/5135 5148/6213/5136
f 5140/6188/5128 5155/6212/5143 5156/6214/5144
f 5133/6189/5121 5148/6213/5136 5149/6201/5137
f 5154/6210/5142 5153/6208/5141 5168/6218/5156
f 5146/6209/5134 5161/6234/5149 5162/6220/5150
f 5155/6212/5143 5154/6210/5142 5169/6219/5157
f 5147/6211/5135 5162/6220/5150 5163/6222/5151
f 5155/6212/5143 5170/6221/5158 5171/6223/5159
f 5148/6213/5136 5163/6222/5151 5164/6224/5152
f 5149/6201/5137 5164/6224/5152 5165/6228/5153
f 5142/6216/5130 5157/6226/5145 5158/6229/5146
f 5150/6202/5138 5165/6228/5153 5166/6230/5154
f 5143/6203/5131 5158/6229/5146 5159/6231/5147
f 5151/6204/5139 5166/6230/5154 5167/6232/5155
f 5144/6205/5132 5159/6231/5147 5160/6233/5148
f 5152/6206/5140 5167/6232/5155 5168/6218/5156
f 5146/6209/5134 5145/6207/5133 5160/6233/5148
f 5166/6230/5154 5165/6228/5153 5180/6235/5168
f 5158/6229/5146 5173/6251/5161 5174/6237/5162
f 5166/6230/5154 5181/6236/5169 5182/6238/5170
f 5159/6231/5147 5174/6237/5162 5175/6239/5163
f 5167/6232/5155 5182/6238/5170 5183/6240/5171
f 5161/6234/5149 5160/6233/5148 5175/6239/5163
f 5168/6218/5156 5183/6240/5171 5184/6242/5172
f 5161/6234/5149 5176/6241/5164 5177/6243/5165
f 5170/6221/5158 5169/6219/5157 5184/6242/5172
f 5162/6220/5150 5177/6243/5165 5178/6245/5166
f 5170/6221/5158 5185/6244/5173 5186/6246/5174
f 5163/6222/5151 5178/6245/5166 5179/6247/5167
f 5165/6228/5153 5164/6224/5152 5179/6247/5167
f 5157/6226/5145 5172/6249/5160 5173/6251/5161
f 5184/6242/5172 5199/6267/5187 5200/6252/5188
f 5177/6243/5165 5192/6268/5180 5193/6253/5181
f 5185/6244/5173 5200/6252/5188 5201/6254/5189
f 5178/6245/5166 5193/6253/5181 5194/6255/5182
f 5180/6235/5168 5179/6247/5167 5194/6255/5182
f 5173/6251/5161 5172/6249/5160 5187/6257/5175
f 5181/6236/5169 5180/6235/5168 5195/6259/5183
f 5173/6251/5161 5188/6260/5176 5189/6262/5177
f 5181/6236/5169 5196/6261/5184 5197/6263/5185
f 5175/6239/5163 5174/6237/5162 5189/6262/5177
f 5183/6240/5171 5182/6238/5170 5197/6263/5185
f 5175/6239/5163 5190/6264/5178 5191/6266/5179
f 5183/6240/5171 5198/6265/5186 5199/6267/5187
f 5176/6241/5164 5191/6266/5179 5192/6268/5180
f 5188/6260/5176 5203/6285/5191 5204/6269/5192
f 5197/6263/5185 5196/6261/5184 5211/6270/5199
f 5190/6264/5178 5189/6262/5177 5204/6269/5192
f 5197/6263/5185 5212/6271/5200 5213/6273/5201
f 5191/6266/5179 5190/6264/5178 5205/6272/5193
f 5198/6265/5186 5213/6273/5201 5214/6275/5202
f 5191/6266/5179 5206/6274/5194 5207/6276/5195
f 5199/6267/5187 5214/6275/5202 5215/6277/5203
f 5192/6268/5180 5207/6276/5195 5208/6278/5196
f 5200/6252/5188 5215/6277/5203 5216/6279/5204
f 5193/6253/5181 5208/6278/5196 5209/6280/5197
f 5195/6259/5183 5194/6255/5182 5209/6280/5197
f 5187/6257/5175 5202/6282/5190 5203/6285/5191
f 5196/6261/5184 5195/6259/5183 5210/6284/5198
f 5207/6276/5195 5222/6302/5210 5223/6286/5211
f 5216/6279/5204 5215/6277/5203 5230/6287/5218
f 5208/6278/5196 5223/6286/5211 5224/6289/5212
f 5210/6284/5198 5209/6280/5197 5224/6289/5212
f 5202/6282/5190 5217/6291/5205 5218/6294/5206
f 5211/6270/5199 5210/6284/5198 5225/6293/5213
f 5203/6285/5191 5218/6294/5206 5219/6296/5207
f 5212/6271/5200 5211/6270/5199 5226/6295/5214
f 5204/6269/5192 5219/6296/5207 5220/6298/5208
f 5212/6271/5200 5227/6297/5215 5228/6299/5216
f 5206/6274/5194 5205/6272/5193 5220/6298/5208
f 5214/6275/5202 5213/6273/5201 5228/6299/5216
f 5206/6274/5194 5221/6300/5209 5222/6302/5210
f 5214/6275/5202 5229/6301/5217 5230/6287/5218
f 5227/6297/5215 5226/6295/5214 5241/6303/5229
f 5219/6296/5207 5234/6319/5222 5235/6305/5223
f 5227/6297/5215 5242/6304/5230 5243/6306/5231
f 5221/6300/5209 5220/6298/5208 5235/6305/5223
f 5229/6301/5217 5228/6299/5216 5243/6306/5231
f 5221/6300/5209 5236/6307/5224 5237/6309/5225
f 5230/6287/5218 5229/6301/5217 5244/6308/5232
f 5222/6302/5210 5237/6309/5225 5238/6311/5226
f 5231/6288/5219 5230/6287/5218 5245/6310/5233
f 5223/6286/5211 5238/6311/5226 5239/6313/5227
f 5224/6289/5212 5239/6313/5227 5240/6317/5228
f 5217/6291/5205 5232/6315/5220 5233/6318/5221
f 5226/6295/5214 5225/6293/5213 5240/6317/5228
f 5218/6294/5206 5233/6318/5221 5234/6319/5222
f 5245/6310/5233 5260/6335/5248 5261/6320/5249
f 5238/6311/5226 5253/6336/5241 5254/6321/5242
f 5239/6313/5227 5254/6321/5242 5255/6325/5243
f 5232/6315/5220 5247/6323/5235 5248/6326/5236
f 5240/6317/5228 5255/6325/5243 5256/6327/5244
f 5233/6318/5221 5248/6326/5236 5249/6328/5237
f 5242/6304/5230 5241/6303/5229 5256/6327/5244
f 5234/6319/5222 5249/6328/5237 5250/6330/5238
f 5242/6304/5230 5257/6329/5245 5258/6331/5246
f 5236/6307/5224 5235/6305/5223 5250/6330/5238
f 5244/6308/5232 5243/6306/5231 5258/6331/5246
f 5236/6307/5224 5251/6332/5239 5252/6334/5240
f 5244/6308/5232 5259/6333/5247 5260/6335/5248
f 5237/6309/5225 5252/6334/5240 5253/6336/5241
f 5249/6328/5237 5264/6352/5252 5265/6337/5253
f 5257/6329/5245 5272/6353/5260 5273/6338/5261
f 5251/6332/5239 5250/6330/5238 5265/6337/5253
f 5258/6331/5246 5273/6338/5261 5274/6340/5262
f 5251/6332/5239 5266/6339/5254 5267/6341/5255
f 5259/6333/5247 5274/6340/5262 5275/6342/5263
f 5252/6334/5240 5267/6341/5255 5268/6343/5256
f 5261/6320/5249 5260/6335/5248 5275/6342/5263
f 5254/6321/5242 5253/6336/5241 5268/6343/5256
f 5254/6321/5242 5269/6345/5257 5270/6349/5258
f 5247/6323/5235 5262/6347/5250 5263/6350/5251
f 5255/6325/5243 5270/6349/5258 5271/6351/5259
f 5248/6326/5236 5263/6350/5251 5264/6352/5252
f 5257/6329/5245 5256/6327/5244 5271/6351/5259
f 5268/6343/5256 5283/6370/5271 5284/6354/5272
f 5269/6345/5257 5284/6354/5272 5285/6359/5273
f 5262/6347/5250 5277/6356/5265 5278/6360/5266
f 5270/6349/5258 5285/6359/5273 5286/6361/5274
f 5263/6350/5251 5278/6360/5266 5279/6362/5267
f 5272/6353/5260 5271/6351/5259 5286/6361/5274
f 5264/6352/5252 5279/6362/5267 5280/6364/5268
f 5272/6353/5260 5287/6363/5275 5288/6365/5276
f 5266/6339/5254 5265/6337/5253 5280/6364/5268
f 5274/6340/5262 5273/6338/5261 5288/6365/5276
f 5266/6339/5254 5281/6366/5269 5282/6368/5270
f 5275/6342/5263 5274/6340/5262 5289/6367/5277
f 5267/6341/5255 5282/6368/5270 5283/6370/5271
f 5275/6342/5263 5290/6369/5278 5291/6358/5279
f 5287/6363/5275 5303/6387/5291 5304/6371/5292
f 5281/6366/5269 5280/6364/5268 5296/6372/5284
f 5289/6367/5277 5288/6365/5276 5304/6371/5292
f 5281/6366/5269 5297/6373/5285 5298/6375/5286
f 5290/6369/5278 5289/6367/5277 5305/6374/5293
f 5282/6368/5270 5298/6375/5286 5299/6377/5287
f 5291/6358/5279 5290/6369/5278 5306/6376/5294
f 5283/6370/5271 5299/6377/5287 5300/6379/5288
f 5284/6354/5272 5300/6379/5288 5301/6383/5289
f 5278/6360/5266 5277/6356/5265 5293/6381/5281
f 5286/6361/5274 5285/6359/5273 5301/6383/5289
f 5278/6360/5266 5294/6384/5282 5295/6386/5283
f 5287/6363/5275 5286/6361/5274 5302/6385/5290
f 5279/6362/5267 5295/6386/5283 5296/6372/5284
f 5300/6379/5288 5315/6402/5303 5316/6390/5304
f 5293/6381/5281 5308/6404/5296 5309/6391/5297
f 5302/6385/5290 5301/6383/5289 5316/6390/5304
f 5295/6386/5283 5294/6384/5282 5309/6391/5297
f 5303/6387/5291 5302/6385/5290 5317/6392/5305
f 5295/6386/5283 5310/6393/5298 5311/6395/5299
f 5303/6387/5291 5318/6394/5306 5319/6396/5307
f 5297/6373/5285 5296/6372/5284 5311/6395/5299
f 5305/6374/5293 5304/6371/5292 5319/6396/5307
f 5297/6373/5285 5312/6397/5300 5313/6399/5301
f 5305/6374/5293 5320/6398/5308 5321/6400/5309
f 5298/6375/5286 5313/6399/5301 5314/6401/5302
f 5307/6378/5295 5306/6376/5294 5321/6400/5309
f 5299/6377/5287 5314/6401/5302 5315/6402/5303
f 5320/6398/5308 5319/6396/5307 5334/6405/5322
f 5312/6397/5300 5327/6421/5315 5328/6407/5316
f 5321/6400/5309 5320/6398/5308 5335/6406/5323
f 5313/6399/5301 5328/6407/5316 5329/6409/5317
f 5322/6389/5310 5321/6400/5309 5336/6408/5324
f 5314/6401/5302 5329/6409/5317 5330/6411/5318
f 5315/6402/5303 5330/6411/5318 5331/6415/5319
f 5308/6404/5296 5323/6413/5311 5324/6416/5312
f 5317/6392/5305 5316/6390/5304 5331/6415/5319
f 5309/6391/5297 5324/6416/5312 5325/6418/5313
f 5318/6394/5306 5317/6392/5305 5332/6417/5320
f 5310/6393/5298 5325/6418/5313 5326/6420/5314
f 5318/6394/5306 5333/6419/5321 5334/6405/5322
f 5312/6397/5300 5311/6395/5299 5326/6420/5314
f 5323/6413/5311 5338/6437/5326 5339/6422/5327
f 5332/6417/5320 5331/6415/5319 5346/6423/5334
f 5324/6416/5312 5339/6422/5327 5340/6425/5328
f 5332/6417/5320 5347/6424/5335 5348/6426/5336
f 5325/6418/5313 5340/6425/5328 5341/6427/5329
f 5333/6419/5321 5348/6426/5336 5349/6428/5337
f 5327/6421/5315 5326/6420/5314 5341/6427/5329
f 5335/6406/5323 5334/6405/5322 5349/6428/5337
f 5328/6407/5316 5327/6421/5315 5342/6429/5330
f 5336/6408/5324 5335/6406/5323 5350/6430/5338
f 5328/6407/5316 5343/6431/5331 5344/6433/5332
f 5336/6408/5324 5351/6432/5339 5352/6434/5340
f 5330/6411/5318 5329/6409/5317 5344/6433/5332
f 5330/6411/5318 5345/6435/5333 5346/6423/5334
f 5342/6429/5330 5357/6455/5345 5358/6439/5346
f 5351/6432/5339 5350/6430/5338 5365/6440/5353
f 5343/6431/5331 5358/6439/5346 5359/6442/5347
f 5351/6432/5339 5366/6441/5354 5367/6443/5355
f 5345/6435/5333 5344/6433/5332 5359/6442/5347
f 5345/6435/5333 5360/6444/5348 5361/6448/5349
f 5338/6437/5326 5353/6446/5341 5354/6449/5342
f 5347/6424/5335 5346/6423/5334 5361/6448/5349
f 5339/6422/5327 5354/6449/5342 5355/6451/5343
f 5348/6426/5336 5347/6424/5335 5362/6450/5350
f 5340/6425/5328 5355/6451/5343 5356/6453/5344
f 5348/6426/5336 5363/6452/5351 5364/6454/5352
f 5342/6429/5330 5341/6427/5329 5356/6453/5344
f 5350/6430/5338 5349/6428/5337 5364/6454/5352
f 5362/6450/5350 5361/6448/5349 5376/6456/5364
f 5354/6449/5342 5369/6472/5357 5370/6458/5358
f 5363/6452/5351 5362/6450/5350 5377/6457/5365
f 5356/6453/5344 5355/6451/5343 5370/6458/5358
f 5363/6452/5351 5378/6459/5366 5379/6461/5367
f 5357/6455/5345 5356/6453/5344 5371/6460/5359
f 5364/6454/5352 5379/6461/5367 5380/6463/5368
f 5357/6455/5345 5372/6462/5360 5373/6464/5361
f 5366/6441/5354 5365/6440/5353 5380/6463/5368
f 5358/6439/5346 5373/6464/5361 5374/6466/5362
f 5367/6443/5355 5366/6441/5354 5381/6465/5369
f 5359/6442/5347 5374/6466/5362 5375/6468/5363
f 5360/6444/5348 5375/6468/5363 5376/6456/5364
f 5353/6446/5341 5368/6470/5356 5369/6472/5357
f 5380/6463/5368 5395/6488/5383 5396/6473/5384
f 5373/6464/5361 5388/6489/5376 5389/6474/5377
f 5381/6465/5369 5396/6473/5384 5397/6475/5385
f 5375/6468/5363 5374/6466/5362 5389/6474/5377
f 5375/6468/5363 5390/6476/5378 5391/6480/5379
f 5368/6470/5356 5383/6478/5371 5384/6481/5372
f 5377/6457/5365 5376/6456/5364 5391/6480/5379
f 5369/6472/5357 5384/6481/5372 5385/6483/5373
f 5377/6457/5365 5392/6482/5380 5393/6484/5381
f 5370/6458/5358 5385/6483/5373 5386/6485/5374
f 5378/6459/5366 5393/6484/5381 5394/6486/5382
f 5371/6460/5359 5386/6485/5374 5387/6487/5375
f 5379/6461/5367 5394/6486/5382 5395/6488/5383
f 5372/6462/5360 5387/6487/5375 5388/6489/5376
f 5384/6481/5372 5399/6506/5387 5400/6490/5388
f 5393/6484/5381 5392/6482/5380 5407/6491/5395
f 5385/6483/5373 5400/6490/5388 5401/6493/5389
f 5393/6484/5381 5408/6492/5396 5409/6494/5397
f 5387/6487/5375 5386/6485/5374 5401/6493/5389
f 5395/6488/5383 5394/6486/5382 5409/6494/5397
f 5387/6487/5375 5402/6495/5390 5403/6497/5391
f 5396/6473/5384 5395/6488/5383 5410/6496/5398
f 5388/6489/5376 5403/6497/5391 5404/6499/5392
f 5396/6473/5384 5411/6498/5399 5412/6500/5400
f 5389/6474/5377 5404/6499/5392 5405/6501/5393
f 5390/6476/5378 5405/6501/5393 5406/6505/5394
f 5384/6481/5372 5383/6478/5371 5398/6503/5386
f 5392/6482/5380 5391/6480/5379 5406/6505/5394
f 5403/6507/5391 5418/6537/5406 5419/6508/5407
f 5412/6510/5400 5411/6538/5399 5426/6511/5414
f 5405/6513/5393 5404/6509/5392 5419/6508/5407
f 5405/6513/5393 5420/6514/5408 5421/6519/5409
f 5399/6521/5387 5398/6515/5386 5413/6517/5401
f 5407/6523/5395 5406/6520/5394 5421/6519/5409
f 5399/6521/5387 5414/6522/5402 5415/6525/5403
f 5408/6527/5396 5407/6523/5395 5422/6524/5410
f 5400/6526/5388 5415/6525/5403 5416/6529/5404
f 5408/6527/5396 5423/6528/5411 5424/6531/5412
f 5402/6533/5390 5401/6530/5389 5416/6529/5404
f 5409/6532/5397 5424/6531/5412 5425/6535/5413
f 5402/6533/5390 5417/6534/5405 5418/6537/5406
f 5411/6538/5399 5410/6536/5398 5425/6535/5413
f 5422/6524/5410 5437/6554/5425 5438/6539/5426
f 5415/6525/5403 5430/6555/5418 5431/6540/5419
f 5423/6528/5411 5438/6539/5426 5439/6541/5427
f 5417/6534/5405 5416/6529/5404 5431/6540/5419
f 5424/6531/5412 5439/6541/5427 5440/6543/5428
f 5417/6534/5405 5432/6542/5420 5433/6544/5421
f 5426/6511/5414 5425/6535/5413 5440/6543/5428
f 5418/6537/5406 5433/6544/5421 5434/6546/5422
f 5426/6511/5414 5441/6545/5429 5442/6547/5430
f 5420/6514/5408 5419/6508/5407 5434/6546/5422
f 5420/6514/5408 5435/6548/5423 5436/6552/5424
f 5413/6517/5401 5428/6550/5416 5429/6553/5417
f 5422/6524/5410 5421/6519/5409 5436/6552/5424
f 5414/6522/5402 5429/6553/5417 5430/6555/5418
f 5442/6547/5430 5441/6545/5429 5456/6556/5444
f 5435/6548/5423 5434/6546/5422 5449/6558/5437
f 5435/6548/5423 5450/6559/5438 5451/6563/5439
f 5428/6550/5416 5443/6561/5431 5444/6564/5432
f 5437/6554/5425 5436/6552/5424 5451/6563/5439
f 5429/6553/5417 5444/6564/5432 5445/6566/5433
f 5438/6539/5426 5437/6554/5425 5452/6565/5440
f 5430/6555/5418 5445/6566/5433 5446/6568/5434
f 5439/6541/5427 5438/6539/5426 5453/6567/5441
f 5432/6542/5420 5431/6540/5419 5446/6568/5434
f 5439/6541/5427 5454/6569/5442 5455/6571/5443
f 5432/6542/5420 5447/6570/5435 5448/6572/5436
f 5440/6543/5428 5455/6571/5443 5456/6556/5444
f 5433/6544/5421 5448/6572/5436 5449/6558/5437
f 5453/6567/5441 5468/6589/5456 5469/6573/5457
f 5447/6570/5435 5446/6568/5434 5461/6574/5449
f 5455/6571/5443 5454/6569/5442 5469/6573/5457
f 5447/6570/5435 5462/6575/5450 5463/6577/5451
f 5456/6556/5444 5455/6571/5443 5470/6576/5458
f 5448/6572/5436 5463/6577/5451 5464/6579/5452
f 5457/6557/5445 5456/6556/5444 5471/6578/5459
f 5450/6559/5438 5449/6558/5437 5464/6579/5452
f 5450/6559/5438 5465/6581/5453 5466/6585/5454
f 5443/6561/5431 5458/6583/5446 5459/6586/5447
f 5452/6565/5440 5451/6563/5439 5466/6585/5454
f 5444/6564/5432 5459/6586/5447 5460/6588/5448
f 5453/6567/5441 5452/6565/5440 5467/6587/5455
f 5446/6568/5434 5445/6566/5433 5460/6588/5448
f 5465/6581/5453 5480/6606/5468 5481/6594/5469
f 5458/6583/5446 5473/6591/5461 5474/6595/5462
f 5467/6587/5455 5466/6585/5454 5481/6594/5469
f 5459/6586/5447 5474/6595/5462 5475/6597/5463
f 5467/6587/5455 5482/6596/5470 5483/6598/5471
f 5460/6588/5448 5475/6597/5463 5476/6599/5464
f 5468/6589/5456 5483/6598/5471 5484/6600/5472
f 5462/6575/5450 5461/6574/5449 5476/6599/5464
f 5469/6573/5457 5484/6600/5472 5485/6602/5473
f 5462/6575/5450 5477/6601/5465 5478/6603/5466
f 5470/6576/5458 5485/6602/5473 5486/6604/5474
f 5463/6577/5451 5478/6603/5466 5479/6605/5467
f 5472/6580/5460 5471/6578/5459 5486/6604/5474
f 5465/6581/5453 5464/6579/5452 5479/6605/5467
f 5477/6601/5465 5476/6599/5464 5491/6607/5479
f 5485/6602/5473 5484/6600/5472 5499/6609/5487
f 5477/6601/5465 5492/6608/5480 5493/6611/5481
f 5486/6604/5474 5485/6602/5473 5500/6610/5488
f 5478/6603/5466 5493/6611/5481 5494/6613/5482
f 5487/6593/5475 5486/6604/5474 5501/6612/5489
f 5480/6606/5468 5479/6605/5467 5494/6613/5482
f 5480/6606/5468 5495/6615/5483 5496/6619/5484
f 5473/6591/5461 5488/6617/5476 5489/6620/5477
f 5482/6596/5470 5481/6594/5469 5496/6619/5484
f 5474/6595/5462 5489/6620/5477 5490/6622/5478
f 5483/6598/5471 5482/6596/5470 5497/6621/5485
f 5475/6597/5463 5490/6622/5478 5491/6607/5479
f 5483/6598/5471 5498/6623/5486 5499/6609/5487
f 5495/6615/5483 5510/6637/5498 5511/6624/5499
f 5488/6617/5476 5503/6639/5491 5504/6625/5492
f 5497/6621/5485 5496/6619/5484 5511/6624/5499
f 5489/6620/5477 5504/6625/5492 5505/6627/5493
f 5497/6621/5485 5512/6626/5500 5513/6628/5501
f 5490/6622/5478 5505/6627/5493 5506/6629/5494
f 5498/6623/5486 5513/6628/5501 5514/6630/5502
f 5492/6608/5480 5491/6607/5479 5506/6629/5494
f 5499/6609/5487 5514/6630/5502 5515/6632/5503
f 5493/6611/5481 5492/6608/5480 5507/6631/5495
f 5500/6610/5488 5515/6632/5503 5516/6634/5504
f 5493/6611/5481 5508/6633/5496 5509/6635/5497
f 5501/6612/5489 5516/6634/5504 5517/6636/5505
f 5494/6613/5482 5509/6635/5497 5510/6637/5498
f 5514/6630/5502 5521/6087/5509 5050/6089/5038
f 5508/6633/5496 5507/6631/5495 5520/6084/5508
f 5515/6632/5503 5050/6089/5038 5522/6093/5510
f 5508/6633/5496 5044/6091/5032 5045/6095/5033
f 5516/6634/5504 5522/6093/5510 5523/6097/5511
f 5510/6637/5498 5509/6635/5497 5045/6095/5033
f 5510/6637/5498 5046/6099/5034 5047/6105/5035
f 5503/6639/5491 5518/6100/5506 5519/6106/5507
f 5512/6626/5500 5511/6624/5499 5047/6105/5035
f 5505/6627/5493 5504/6625/5492 5519/6106/5507
f 5512/6626/5500 5048/6109/5036 5049/6113/5037
f 5506/6629/5494 5505/6627/5493 5042/6110/5030
f 5513/6628/5501 5049/6113/5037 5521/6087/5509
f 5507/6631/5495 5506/6629/5494 5043/6114/5031
