# Blender 4.5.5 LTS
# www.blender.org
mtllib 07_navio_naufragado_elemento-cenario.mtl
o Cone
v 1.349851 -2.214751 0.524674
v -1.613753 0.471139 1.332791
v 1.284227 -2.043191 0.032119
v -1.630159 0.514029 1.209652
v 1.397156 -1.526810 -0.400366
v -1.601926 0.643124 1.101531
v 1.658378 -0.803970 -0.656897
v -1.536621 0.823834 1.037398
v 1.997900 -0.068357 -0.668737
v -1.451740 1.007737 1.034438
v 2.324746 0.482923 -0.432712
v -1.370029 1.145557 1.093444
v 2.551339 0.702155 -0.012066
v -1.313380 1.200365 1.198606
v 2.616964 0.530595 0.480489
v -1.296974 1.157475 1.321744
v 2.504035 0.014214 0.912974
v -1.325207 1.028380 1.429866
v 2.242813 -0.708625 1.169505
v -1.390512 0.847670 1.493999
v 1.903291 -1.444239 1.181345
v -1.475393 0.663767 1.496958
v 1.576444 -1.995519 0.945320
v -1.557104 0.525947 1.437952
vn 0.4314 -0.8975 -0.0912
vn -0.9457 -0.1038 0.3080
vn 0.2769 -0.7778 -0.5643
vn -0.9936 -0.0600 -0.0955
vn 0.2172 -0.5236 -0.8238
vn -0.9276 0.0768 -0.3656
vn 0.2637 -0.2786 -0.9235
vn -0.8412 0.2591 -0.4746
vn 0.4106 -0.0540 -0.9102
vn -0.7647 0.4723 -0.4383
vn 0.6601 0.1527 -0.7355
vn -0.6844 0.6907 -0.2336
vn 0.9127 0.2708 -0.3062
vn -0.5692 0.8102 0.1398
vn 0.9591 0.2014 0.1989
vn -0.4432 0.7300 0.5203
vn 0.8633 0.0198 0.5044
vn -0.3834 0.5345 0.7532
vn 0.7581 -0.1979 0.6214
vn -0.4183 0.3281 0.8470
vn 0.6698 -0.4498 0.5908
vn -0.5463 0.1390 0.8259
vn 0.5758 -0.7290 0.3701
vn -0.7524 -0.0207 0.6584
vt 1.000000 1.000000
vt 0.916667 0.500000
vt 1.000000 0.500000
vt 0.916667 1.000000
vt 0.833333 0.500000
vt 0.833333 1.000000
vt 0.750000 0.500000
vt 0.750000 1.000000
vt 0.666667 0.500000
vt 0.666667 1.000000
vt 0.583333 0.500000
vt 0.583333 1.000000
vt 0.500000 0.500000
vt 0.500000 1.000000
vt 0.416667 0.500000
vt 0.416667 1.000000
vt 0.333333 0.500000
vt 0.333333 1.000000
vt 0.250000 0.500000
vt 0.250000 1.000000
vt 0.166667 0.500000
vt 0.042154 0.370000
vt 0.250000 0.010000
vt 0.457846 0.370000
vt 0.166667 1.000000
vt 0.083333 0.500000
vt 0.083333 1.000000
vt 0.000000 0.500000
vt 0.990000 0.250000
vt 0.630000 0.042154
vt 0.630000 0.457846
vt 0.370000 0.457846
vt 0.250000 0.490000
vt 0.130000 0.457846
vt 0.010000 0.250000
vt 0.042154 0.130000
vt 0.130000 0.042154
vt 0.370000 0.042154
vt 0.457846 0.130000
vt 0.490000 0.250000
vt 0.000000 1.000000
vt 0.750000 0.490000
vt 0.870000 0.457846
vt 0.957846 0.370000
vt 0.957846 0.130000
vt 0.870000 0.042154
vt 0.750000 0.010000
vt 0.542154 0.130000
vt 0.510000 0.250000
vt 0.542154 0.370000
s 1
g Cone_Mat_Navio_Casco_60.001
usemtl Mat_Navio_Casco_60.001
f 2/1/2 3/2/3 1/3/1
f 4/4/4 5/5/5 3/2/3
f 6/6/6 7/7/7 5/5/5
f 8/8/8 9/9/9 7/7/7
f 10/10/10 11/11/11 9/9/9
f 12/12/12 13/13/13 11/11/11
f 14/14/14 15/15/15 13/13/13
f 16/16/16 17/17/17 15/15/15
f 18/18/18 19/19/19 17/17/17
f 20/20/20 21/21/21 19/19/19
f 22/22/22 14/23/14 6/24/6
f 22/25/22 23/26/23 21/21/21
f 24/27/24 1/28/1 23/26/23
f 7/29/7 15/30/15 23/31/23
f 2/1/2 4/4/4 3/2/3
f 4/4/4 6/6/6 5/5/5
f 6/6/6 8/8/8 7/7/7
f 8/8/8 10/10/10 9/9/9
f 10/10/10 12/12/12 11/11/11
f 12/12/12 14/14/14 13/13/13
f 14/14/14 16/16/16 15/15/15
f 16/16/16 18/18/18 17/17/17
f 18/18/18 20/20/20 19/19/19
f 20/20/20 22/25/22 21/21/21
f 6/24/6 4/32/4 2/33/2
f 2/33/2 24/34/24 22/22/22
f 22/22/22 20/35/20 18/36/18
f 18/36/18 16/37/16 14/23/14
f 14/23/14 12/38/12 10/39/10
f 10/39/10 8/40/8 6/24/6
f 6/24/6 2/33/2 22/22/22
f 22/22/22 18/36/18 14/23/14
f 14/23/14 10/39/10 6/24/6
f 22/25/22 24/27/24 23/26/23
f 24/27/24 2/41/2 1/28/1
f 23/31/23 1/42/1 3/43/3
f 3/43/3 5/44/5 7/29/7
f 7/29/7 9/45/9 11/46/11
f 11/46/11 13/47/13 15/30/15
f 15/30/15 17/48/17 19/49/19
f 19/49/19 21/50/21 23/31/23
f 23/31/23 3/43/3 7/29/7
f 7/29/7 11/46/11 15/30/15
f 15/30/15 19/49/19 23/31/23
o Cube
v 2.426118 -0.244199 0.708155
v 2.456557 -0.239233 0.803280
v 2.203819 -1.415984 0.840461
v 2.234258 -1.411018 0.935586
v -0.563833 0.427094 1.629872
v -0.533394 0.432059 1.724997
v -0.786132 -0.744691 1.762177
v -0.755692 -0.739725 1.857303
vn -0.2587 0.0251 -0.9656
vn 0.3477 0.1240 0.9294
vn -0.2895 -0.1370 -0.9473
vn 0.3169 -0.0381 0.9477
vn -0.3169 0.0381 -0.9477
vn 0.2895 0.1370 0.9473
vn -0.3477 -0.1240 -0.9294
vn 0.2587 -0.0251 0.9656
vt 0.625000 0.000000
vt 0.375000 0.250000
vt 0.375000 0.000000
vt 0.625000 0.250000
vt 0.375000 0.500000
vt 0.625000 0.500000
vt 0.375000 0.750000
vt 0.625000 0.750000
vt 0.375000 1.000000
vt 0.125000 0.750000
vt 0.125000 0.500000
vt 0.875000 0.500000
vt 0.625000 1.000000
vt 0.875000 0.750000
s 1
g Cube_Mat_Navio_Casco_60.002
usemtl Mat_Navio_Casco_60.002
f 26/51/26 27/52/27 25/53/25
f 28/54/28 31/55/31 27/52/27
f 32/56/32 29/57/29 31/55/31
f 30/58/30 25/59/25 29/57/29
f 31/55/31 25/60/25 27/61/27
f 28/62/28 30/58/30 32/56/32
f 26/51/26 28/54/28 27/52/27
f 28/54/28 32/56/32 31/55/31
f 32/56/32 30/58/30 29/57/29
f 30/58/30 26/63/26 25/59/25
f 31/55/31 29/57/29 25/60/25
f 28/62/28 26/64/26 30/58/30
o Cube.001
v 3.202309 -0.819962 0.625605
v 3.350062 -0.700171 1.607348
v 2.789298 -1.822648 0.810110
v 2.937050 -1.702857 1.791853
v 1.921332 -0.269211 0.751191
v 2.069085 -0.149421 1.732934
v 1.508321 -1.271898 0.935695
v 1.656073 -1.152107 1.917438
vn 0.5542 0.2799 -0.7839
vn 0.7475 0.4366 0.5006
vn 0.1076 -0.8043 -0.5844
vn 0.3009 -0.6476 0.7001
vn -0.3009 0.6476 -0.7001
vn -0.1076 0.8043 0.5844
vn -0.7475 -0.4367 -0.5006
vn -0.5542 -0.2799 0.7839
vt 0.625000 0.000000
vt 0.375000 0.250000
vt 0.375000 0.000000
vt 0.625000 0.250000
vt 0.375000 0.500000
vt 0.625000 0.500000
vt 0.375000 0.750000
vt 0.625000 0.750000
vt 0.375000 1.000000
vt 0.125000 0.750000
vt 0.125000 0.500000
vt 0.875000 0.500000
vt 0.625000 1.000000
vt 0.875000 0.750000
s 1
g Cube.001_Mat_Navio_Casco_60.003
usemtl Mat_Navio_Casco_60.003
f 34/65/34 35/66/35 33/67/33
f 36/68/36 39/69/39 35/66/35
f 40/70/40 37/71/37 39/69/39
f 38/72/38 33/73/33 37/71/37
f 39/69/39 33/74/33 35/75/35
f 36/76/36 38/72/38 40/70/40
f 34/65/34 36/68/36 35/66/35
f 36/68/36 40/70/40 39/69/39
f 40/70/40 38/72/38 37/71/37
f 38/72/38 34/77/34 33/73/33
f 39/69/39 37/71/37 33/74/33
f 36/76/36 34/78/34 38/72/38
o Cylinder
v -0.262135 -1.471443 1.720996
v 0.927964 1.390633 3.919220
v -0.283273 -1.461277 1.719204
v 0.906826 1.400799 3.917428
v -0.302595 -1.449030 1.713720
v 0.887504 1.413045 3.911943
v -0.319357 -1.435173 1.704753
v 0.870742 1.426902 3.902977
v -0.332916 -1.420239 1.692649
v 0.857183 1.441837 3.890873
v -0.342751 -1.404801 1.677873
v 0.847349 1.457275 3.876097
v -0.348483 -1.389452 1.660993
v 0.841617 1.472623 3.859216
v -0.349892 -1.374783 1.642656
v 0.840208 1.487292 3.840880
v -0.346924 -1.361357 1.623569
v 0.843175 1.500718 3.821793
v -0.339694 -1.349690 1.604465
v 0.850406 1.512385 3.802688
v -0.328479 -1.340231 1.586076
v 0.861621 1.521845 3.784300
v -0.313709 -1.333342 1.569112
v 0.876390 1.528733 3.767336
v -0.295954 -1.329290 1.554222
v 0.894146 1.532786 3.752446
v -0.275894 -1.328228 1.541980
v 0.914206 1.533847 3.740204
v -0.254301 -1.330199 1.532856
v 0.935798 1.531877 3.731080
v -0.232005 -1.335126 1.527201
v 0.958094 1.526949 3.725425
v -0.209862 -1.342821 1.525231
v 0.980237 1.519255 3.723455
v -0.188724 -1.352987 1.527023
v 1.001376 1.509089 3.725247
v -0.169402 -1.365233 1.532507
v 1.020697 1.496842 3.730731
v -0.152640 -1.379090 1.541474
v 1.037459 1.482985 3.739698
v -0.139081 -1.394025 1.553578
v 1.051018 1.468051 3.751801
v -0.129247 -1.409463 1.568354
v 1.060853 1.452613 3.766578
v -0.123515 -1.424811 1.585234
v 1.066585 1.437264 3.783458
v -0.122106 -1.439480 1.603571
v 1.067994 1.422595 3.801795
v -0.125073 -1.452906 1.622658
v 1.065026 1.409169 3.820882
v -0.132304 -1.464573 1.641762
v 1.057796 1.397502 3.839986
v -0.143519 -1.474033 1.660151
v 1.046581 1.388043 3.858374
v -0.158288 -1.480921 1.677115
v 1.031811 1.381154 3.875339
v -0.176044 -1.484974 1.692005
v 1.014056 1.377102 3.890229
v -0.196103 -1.486035 1.704247
v 0.993996 1.376040 3.902471
v -0.217696 -1.484065 1.713371
v 0.972403 1.378011 3.911595
v -0.239992 -1.479137 1.719026
v 0.950107 1.382938 3.917250
vn -0.3733 -0.9065 0.1971
vn 0.0562 0.1264 0.9904
vn -0.5015 -0.8449 0.1862
vn -0.0720 0.1880 0.9795
vn -0.6187 -0.7706 0.1529
vn -0.1892 0.2623 0.9463
vn -0.7204 -0.6865 0.0986
vn -0.2909 0.3464 0.8919
vn -0.8026 -0.5960 0.0251
vn -0.3731 0.4369 0.8185
vn -0.8623 -0.5023 -0.0645
vn -0.4328 0.5306 0.7288
vn -0.8970 -0.4092 -0.1669
vn -0.4676 0.6237 0.6264
vn -0.9056 -0.3202 -0.2781
vn -0.4761 0.7127 0.5152
vn -0.8876 -0.2388 -0.3939
vn -0.4581 0.7941 0.3994
vn -0.8437 -0.1680 -0.5098
vn -0.4142 0.8649 0.2835
vn -0.7757 -0.1107 -0.6213
vn -0.3462 0.9222 0.1720
vn -0.6861 -0.0688 -0.7242
vn -0.2566 0.9640 0.0691
vn -0.5784 -0.0443 -0.8145
vn -0.1489 0.9886 -0.0212
vn -0.4567 -0.0378 -0.8888
vn -0.0273 0.9951 -0.0955
vn -0.3258 -0.0498 -0.9441
vn 0.1037 0.9831 -0.1508
vn -0.1905 -0.0797 -0.9784
vn 0.2390 0.9532 -0.1851
vn -0.0562 -0.1264 -0.9904
vn 0.3733 0.9065 -0.1971
vn 0.0720 -0.1880 -0.9795
vn 0.5015 0.8449 -0.1862
vn 0.1892 -0.2623 -0.9463
vn 0.6187 0.7706 -0.1529
vn 0.2909 -0.3463 -0.8919
vn 0.7204 0.6865 -0.0985
vn 0.3731 -0.4370 -0.8184
vn 0.8026 0.5960 -0.0251
vn 0.4328 -0.5306 -0.7288
vn 0.8623 0.5023 0.0645
vn 0.4675 -0.6237 -0.6264
vn 0.8971 0.4092 0.1669
vn 0.4761 -0.7127 -0.5152
vn 0.9056 0.3202 0.2781
vn 0.4581 -0.7941 -0.3994
vn 0.8876 0.2388 0.3939
vn 0.4142 -0.8649 -0.2835
vn 0.8437 0.1680 0.5098
vn 0.3462 -0.9223 -0.1720
vn 0.7757 0.1106 0.6213
vn 0.2566 -0.9640 -0.0691
vn 0.6861 0.0689 0.7242
vn 0.1489 -0.9886 0.0212
vn 0.5784 0.0443 0.8145
vn 0.0272 -0.9951 0.0955
vn 0.4568 0.0378 0.8888
vn -0.1037 -0.9831 0.1508
vn 0.3258 0.0498 0.9441
vn -0.2390 -0.9532 0.1851
vn 0.1905 0.0797 0.9784
vt 1.000000 1.000000
vt 0.968750 0.500000
vt 1.000000 0.500000
vt 0.968750 1.000000
vt 0.937500 0.500000
vt 0.937500 1.000000
vt 0.906250 0.500000
vt 0.906250 1.000000
vt 0.875000 0.500000
vt 0.875000 1.000000
vt 0.843750 0.500000
vt 0.843750 1.000000
vt 0.812500 0.500000
vt 0.812500 1.000000
vt 0.781250 0.500000
vt 0.781250 1.000000
vt 0.750000 0.500000
vt 0.750000 1.000000
vt 0.718750 0.500000
vt 0.718750 1.000000
vt 0.687500 0.500000
vt 0.687500 1.000000
vt 0.656250 0.500000
vt 0.656250 1.000000
vt 0.625000 0.500000
vt 0.625000 1.000000
vt 0.593750 0.500000
vt 0.593750 1.000000
vt 0.562500 0.500000
vt 0.562500 1.000000
vt 0.531250 0.500000
vt 0.531250 1.000000
vt 0.500000 0.500000
vt 0.500000 1.000000
vt 0.468750 0.500000
vt 0.468750 1.000000
vt 0.437500 0.500000
vt 0.437500 1.000000
vt 0.406250 0.500000
vt 0.406250 1.000000
vt 0.375000 0.500000
vt 0.375000 1.000000
vt 0.343750 0.500000
vt 0.343750 1.000000
vt 0.312500 0.500000
vt 0.312500 1.000000
vt 0.281250 0.500000
vt 0.281250 1.000000
vt 0.250000 0.500000
vt 0.250000 1.000000
vt 0.218750 0.500000
vt 0.218750 1.000000
vt 0.187500 0.500000
vt 0.187500 1.000000
vt 0.156250 0.500000
vt 0.156250 1.000000
vt 0.125000 0.500000
vt 0.125000 1.000000
vt 0.093750 0.500000
vt 0.093750 1.000000
vt 0.062500 0.500000
vt 0.158156 0.028269
vt 0.471731 0.158156
vt 0.341844 0.471731
vt 0.062500 1.000000
vt 0.031250 0.500000
vt 0.031250 1.000000
vt 0.000000 0.500000
vt 0.796822 0.014612
vt 0.514612 0.203178
vt 0.703178 0.485388
vt 0.296822 0.485388
vt 0.250000 0.490000
vt 0.203178 0.485388
vt 0.158156 0.471731
vt 0.116663 0.449553
vt 0.080294 0.419706
vt 0.050447 0.383337
vt 0.028269 0.341844
vt 0.014612 0.296822
vt 0.010000 0.250000
vt 0.014612 0.203178
vt 0.028269 0.158156
vt 0.050447 0.116663
vt 0.080294 0.080294
vt 0.116663 0.050447
vt 0.203178 0.014612
vt 0.250000 0.010000
vt 0.296822 0.014612
vt 0.341844 0.028269
vt 0.383337 0.050447
vt 0.419706 0.080294
vt 0.449553 0.116663
vt 0.485388 0.203178
vt 0.490000 0.250000
vt 0.485388 0.296822
vt 0.471731 0.341844
vt 0.449553 0.383337
vt 0.419706 0.419706
vt 0.383337 0.449553
vt 0.000000 1.000000
vt 0.750000 0.490000
vt 0.796822 0.485388
vt 0.841844 0.471731
vt 0.883337 0.449553
vt 0.919706 0.419706
vt 0.949553 0.383337
vt 0.971731 0.341844
vt 0.985388 0.296822
vt 0.990000 0.250000
vt 0.985388 0.203178
vt 0.971731 0.158156
vt 0.949553 0.116663
vt 0.919706 0.080294
vt 0.883337 0.050447
vt 0.841844 0.028269
vt 0.750000 0.010000
vt 0.703178 0.014612
vt 0.658156 0.028269
vt 0.616663 0.050447
vt 0.580294 0.080294
vt 0.550447 0.116663
vt 0.528269 0.158156
vt 0.510000 0.250000
vt 0.514612 0.296822
vt 0.528269 0.341844
vt 0.550447 0.383337
vt 0.580294 0.419706
vt 0.616663 0.449553
vt 0.658156 0.471731
s 1
g Cylinder_Mat_Navio_Casco_60.004
usemtl Mat_Navio_Casco_60.004
f 42/79/42 43/80/43 41/81/41
f 44/82/44 45/83/45 43/80/43
f 46/84/46 47/85/47 45/83/45
f 48/86/48 49/87/49 47/85/47
f 50/88/50 51/89/51 49/87/49
f 52/90/52 53/91/53 51/89/51
f 54/92/54 55/93/55 53/91/53
f 56/94/56 57/95/57 55/93/55
f 58/96/58 59/97/59 57/95/57
f 60/98/60 61/99/61 59/97/59
f 62/100/62 63/101/63 61/99/61
f 64/102/64 65/103/65 63/101/63
f 66/104/66 67/105/67 65/103/65
f 68/106/68 69/107/69 67/105/67
f 70/108/70 71/109/71 69/107/69
f 72/110/72 73/111/73 71/109/71
f 74/112/74 75/113/75 73/111/73
f 76/114/76 77/115/77 75/113/75
f 78/116/78 79/117/79 77/115/77
f 80/118/80 81/119/81 79/117/79
f 82/120/82 83/121/83 81/119/81
f 84/122/84 85/123/85 83/121/83
f 86/124/86 87/125/87 85/123/85
f 88/126/88 89/127/89 87/125/87
f 90/128/90 91/129/91 89/127/89
f 92/130/92 93/131/93 91/129/91
f 94/132/94 95/133/95 93/131/93
f 96/134/96 97/135/97 95/133/95
f 98/136/98 99/137/99 97/135/97
f 100/138/100 101/139/101 99/137/99
f 78/140/78 62/141/62 46/142/46
f 102/143/102 103/144/103 101/139/101
f 104/145/104 41/146/41 103/144/103
f 71/147/71 87/148/87 103/149/103
f 42/79/42 44/82/44 43/80/43
f 44/82/44 46/84/46 45/83/45
f 46/84/46 48/86/48 47/85/47
f 48/86/48 50/88/50 49/87/49
f 50/88/50 52/90/52 51/89/51
f 52/90/52 54/92/54 53/91/53
f 54/92/54 56/94/56 55/93/55
f 56/94/56 58/96/58 57/95/57
f 58/96/58 60/98/60 59/97/59
f 60/98/60 62/100/62 61/99/61
f 62/100/62 64/102/64 63/101/63
f 64/102/64 66/104/66 65/103/65
f 66/104/66 68/106/68 67/105/67
f 68/106/68 70/108/70 69/107/69
f 70/108/70 72/110/72 71/109/71
f 72/110/72 74/112/74 73/111/73
f 74/112/74 76/114/76 75/113/75
f 76/114/76 78/116/78 77/115/77
f 78/116/78 80/118/80 79/117/79
f 80/118/80 82/120/82 81/119/81
f 82/120/82 84/122/84 83/121/83
f 84/122/84 86/124/86 85/123/85
f 86/124/86 88/126/88 87/125/87
f 88/126/88 90/128/90 89/127/89
f 90/128/90 92/130/92 91/129/91
f 92/130/92 94/132/94 93/131/93
f 94/132/94 96/134/96 95/133/95
f 96/134/96 98/136/98 97/135/97
f 98/136/98 100/138/100 99/137/99
f 100/138/100 102/143/102 101/139/101
f 46/142/46 44/150/44 42/151/42
f 42/151/42 104/152/104 102/153/102
f 102/153/102 100/154/100 98/155/98
f 98/155/98 96/156/96 94/157/94
f 94/157/94 92/158/92 90/159/90
f 90/159/90 88/160/88 86/161/86
f 86/161/86 84/162/84 82/163/82
f 82/163/82 80/164/80 78/140/78
f 78/140/78 76/165/76 74/166/74
f 74/166/74 72/167/72 70/168/70
f 70/168/70 68/169/68 66/170/66
f 66/170/66 64/171/64 62/141/62
f 62/141/62 60/172/60 58/173/58
f 58/173/58 56/174/56 54/175/54
f 54/175/54 52/176/52 50/177/50
f 50/177/50 48/178/48 46/142/46
f 46/142/46 42/151/42 102/153/102
f 102/153/102 98/155/98 94/157/94
f 94/157/94 90/159/90 86/161/86
f 86/161/86 82/163/82 78/140/78
f 78/140/78 74/166/74 70/168/70
f 70/168/70 66/170/66 62/141/62
f 62/141/62 58/173/58 54/175/54
f 54/175/54 50/177/50 46/142/46
f 46/142/46 102/153/102 94/157/94
f 94/157/94 86/161/86 78/140/78
f 78/140/78 70/168/70 62/141/62
f 62/141/62 54/175/54 46/142/46
f 46/142/46 94/157/94 78/140/78
f 102/143/102 104/145/104 103/144/103
f 104/145/104 42/179/42 41/146/41
f 103/149/103 41/180/41 43/181/43
f 43/181/43 45/182/45 47/183/47
f 47/183/47 49/184/49 51/185/51
f 51/185/51 53/186/53 55/187/55
f 55/187/55 57/188/57 59/189/59
f 59/189/59 61/190/61 63/191/63
f 63/191/63 65/192/65 67/193/67
f 67/193/67 69/194/69 71/147/71
f 71/147/71 73/195/73 75/196/75
f 75/196/75 77/197/77 79/198/79
f 79/198/79 81/199/81 83/200/83
f 83/200/83 85/201/85 87/148/87
f 87/148/87 89/202/89 91/203/91
f 91/203/91 93/204/93 95/205/95
f 95/205/95 97/206/97 99/207/99
f 99/207/99 101/208/101 103/149/103
f 103/149/103 43/181/43 47/183/47
f 47/183/47 51/185/51 55/187/55
f 55/187/55 59/189/59 63/191/63
f 63/191/63 67/193/67 71/147/71
f 71/147/71 75/196/75 79/198/79
f 79/198/79 83/200/83 87/148/87
f 87/148/87 91/203/91 95/205/95
f 95/205/95 99/207/99 103/149/103
f 103/149/103 47/183/47 55/187/55
f 55/187/55 63/191/63 71/147/71
f 71/147/71 79/198/79 87/148/87
f 87/148/87 95/205/95 103/149/103
f 103/149/103 55/187/55 71/147/71
o Cylinder.001
v 1.526979 -0.851189 2.811822
v -0.435803 -0.241644 4.051154
v 1.519869 -0.850289 2.800120
v -0.442912 -0.240745 4.039452
v 1.513566 -0.846824 2.788433
v -0.449215 -0.237280 4.027766
v 1.508313 -0.840926 2.777212
v -0.454469 -0.231381 4.016544
v 1.504310 -0.832821 2.766887
v -0.458471 -0.223277 4.006220
v 1.501713 -0.822822 2.757855
v -0.461069 -0.213278 3.997188
v 1.500620 -0.811312 2.750464
v -0.462161 -0.201768 3.989796
v 1.501074 -0.798734 2.744997
v -0.461707 -0.189190 3.984329
v 1.503057 -0.785571 2.741664
v -0.459724 -0.176027 3.980996
v 1.506494 -0.772329 2.740594
v -0.456287 -0.162785 3.979926
v 1.511251 -0.759517 2.741827
v -0.451530 -0.149973 3.981159
v 1.517147 -0.747627 2.745316
v -0.445634 -0.138083 3.984649
v 1.523955 -0.737117 2.750928
v -0.438827 -0.127572 3.990260
v 1.531412 -0.728389 2.758446
v -0.431370 -0.118844 3.997778
v 1.539233 -0.721780 2.767581
v -0.423549 -0.112235 4.006914
v 1.547116 -0.717543 2.777983
v -0.415665 -0.107998 4.017316
v 1.554760 -0.715842 2.789252
v -0.408021 -0.106297 4.028584
v 1.561870 -0.716741 2.800954
v -0.400912 -0.107196 4.040287
v 1.568173 -0.720206 2.812641
v -0.394609 -0.110661 4.051973
v 1.573426 -0.726104 2.823862
v -0.389355 -0.116560 4.063194
v 1.577429 -0.734209 2.834187
v -0.385353 -0.124664 4.073519
v 1.580026 -0.744208 2.843219
v -0.382755 -0.134663 4.082551
v 1.581119 -0.755718 2.850610
v -0.381663 -0.146173 4.089942
v 1.580665 -0.768296 2.856077
v -0.382117 -0.158751 4.095409
v 1.578681 -0.781459 2.859410
v -0.384100 -0.171914 4.098742
v 1.575245 -0.794701 2.860480
v -0.387537 -0.185156 4.099813
v 1.570487 -0.807513 2.859247
v -0.392294 -0.197968 4.098579
v 1.564592 -0.819403 2.855758
v -0.398190 -0.209858 4.095090
v 1.557784 -0.829914 2.850146
v -0.404997 -0.220369 4.089478
v 1.550327 -0.838641 2.842628
v -0.412454 -0.229097 4.081961
v 1.542506 -0.845250 2.833493
v -0.420275 -0.235706 4.072825
v 1.534623 -0.849487 2.823091
v -0.428159 -0.239943 4.062423
vn 0.4163 -0.8778 -0.2367
vn -0.7052 -0.5295 0.4714
vn 0.3424 -0.8685 -0.3584
vn -0.7792 -0.5202 0.3497
vn 0.2769 -0.8325 -0.4800
vn -0.8447 -0.4842 0.2282
vn 0.2222 -0.7711 -0.5966
vn -0.8993 -0.4228 0.1116
vn 0.1806 -0.6869 -0.7040
vn -0.9409 -0.3386 0.0042
vn 0.1536 -0.5829 -0.7979
vn -0.9679 -0.2346 -0.0897
vn 0.1423 -0.4632 -0.8748
vn -0.9793 -0.1149 -0.1666
vn 0.1469 -0.3324 -0.9316
vn -0.9746 0.0159 -0.2234
vn 0.1676 -0.1955 -0.9663
vn -0.9540 0.1528 -0.2581
vn 0.2033 -0.0578 -0.9774
vn -0.9182 0.2905 -0.2692
vn 0.2528 0.0754 -0.9646
vn -0.8687 0.4237 -0.2564
vn 0.3141 0.1990 -0.9283
vn -0.8075 0.5473 -0.2201
vn 0.3849 0.3083 -0.8699
vn -0.7367 0.6566 -0.1618
vn 0.4624 0.3991 -0.7918
vn -0.6591 0.7474 -0.0836
vn 0.5438 0.4678 -0.6968
vn -0.5778 0.8161 0.0114
vn 0.6257 0.5119 -0.5886
vn -0.4958 0.8602 0.1196
vn 0.7052 0.5295 -0.4714
vn -0.4163 0.8778 0.2367
vn 0.7792 0.5202 -0.3497
vn -0.3424 0.8685 0.3584
vn 0.8447 0.4842 -0.2282
vn -0.2769 0.8325 0.4799
vn 0.8993 0.4229 -0.1115
vn -0.2223 0.7711 0.5966
vn 0.9409 0.3386 -0.0042
vn -0.1806 0.6869 0.7040
vn 0.9679 0.2346 0.0897
vn -0.1536 0.5829 0.7979
vn 0.9793 0.1149 0.1666
vn -0.1422 0.4632 0.8748
vn 0.9746 -0.0159 0.2235
vn -0.1470 0.3324 0.9316
vn 0.9540 -0.1528 0.2581
vn -0.1676 0.1955 0.9663
vn 0.9182 -0.2905 0.2692
vn -0.2033 0.0578 0.9774
vn 0.8688 -0.4237 0.2564
vn -0.2528 -0.0754 0.9646
vn 0.8074 -0.5473 0.2201
vn -0.3141 -0.1990 0.9283
vn 0.7367 -0.6566 0.1618
vn -0.3849 -0.3083 0.8699
vn 0.6591 -0.7474 0.0836
vn -0.4624 -0.3991 0.7918
vn 0.5778 -0.8161 -0.0114
vn -0.5437 -0.4678 0.6968
vn 0.4958 -0.8602 -0.1196
vn -0.6257 -0.5118 0.5886
vt 1.000000 1.000000
vt 0.968750 0.500000
vt 1.000000 0.500000
vt 0.968750 1.000000
vt 0.937500 0.500000
vt 0.937500 1.000000
vt 0.906250 0.500000
vt 0.906250 1.000000
vt 0.875000 0.500000
vt 0.875000 1.000000
vt 0.843750 0.500000
vt 0.843750 1.000000
vt 0.812500 0.500000
vt 0.812500 1.000000
vt 0.781250 0.500000
vt 0.781250 1.000000
vt 0.750000 0.500000
vt 0.750000 1.000000
vt 0.718750 0.500000
vt 0.718750 1.000000
vt 0.687500 0.500000
vt 0.687500 1.000000
vt 0.656250 0.500000
vt 0.656250 1.000000
vt 0.625000 0.500000
vt 0.625000 1.000000
vt 0.593750 0.500000
vt 0.593750 1.000000
vt 0.562500 0.500000
vt 0.562500 1.000000
vt 0.531250 0.500000
vt 0.531250 1.000000
vt 0.500000 0.500000
vt 0.500000 1.000000
vt 0.468750 0.500000
vt 0.468750 1.000000
vt 0.437500 0.500000
vt 0.437500 1.000000
vt 0.406250 0.500000
vt 0.406250 1.000000
vt 0.375000 0.500000
vt 0.375000 1.000000
vt 0.343750 0.500000
vt 0.343750 1.000000
vt 0.312500 0.500000
vt 0.312500 1.000000
vt 0.281250 0.500000
vt 0.281250 1.000000
vt 0.250000 0.500000
vt 0.250000 1.000000
vt 0.218750 0.500000
vt 0.218750 1.000000
vt 0.187500 0.500000
vt 0.187500 1.000000
vt 0.156250 0.500000
vt 0.156250 1.000000
vt 0.125000 0.500000
vt 0.125000 1.000000
vt 0.093750 0.500000
vt 0.093750 1.000000
vt 0.062500 0.500000
vt 0.158156 0.028269
vt 0.471731 0.158156
vt 0.341844 0.471731
vt 0.062500 1.000000
vt 0.031250 0.500000
vt 0.031250 1.000000
vt 0.000000 0.500000
vt 0.796822 0.014612
vt 0.514612 0.203178
vt 0.703178 0.485388
vt 0.296822 0.485388
vt 0.250000 0.490000
vt 0.203178 0.485388
vt 0.158156 0.471731
vt 0.116663 0.449553
vt 0.080294 0.419706
vt 0.050447 0.383337
vt 0.028269 0.341844
vt 0.014612 0.296822
vt 0.010000 0.250000
vt 0.014612 0.203178
vt 0.028269 0.158156
vt 0.050447 0.116663
vt 0.080294 0.080294
vt 0.116663 0.050447
vt 0.203178 0.014612
vt 0.250000 0.010000
vt 0.296822 0.014612
vt 0.341844 0.028269
vt 0.383337 0.050447
vt 0.419706 0.080294
vt 0.449553 0.116663
vt 0.485388 0.203178
vt 0.490000 0.250000
vt 0.485388 0.296822
vt 0.471731 0.341844
vt 0.449553 0.383337
vt 0.419706 0.419706
vt 0.383337 0.449553
vt 0.000000 1.000000
vt 0.750000 0.490000
vt 0.796822 0.485388
vt 0.841844 0.471731
vt 0.883337 0.449553
vt 0.919706 0.419706
vt 0.949553 0.383337
vt 0.971731 0.341844
vt 0.985388 0.296822
vt 0.990000 0.250000
vt 0.985388 0.203178
vt 0.971731 0.158156
vt 0.949553 0.116663
vt 0.919706 0.080294
vt 0.883337 0.050447
vt 0.841844 0.028269
vt 0.750000 0.010000
vt 0.703178 0.014612
vt 0.658156 0.028269
vt 0.616663 0.050447
vt 0.580294 0.080294
vt 0.550447 0.116663
vt 0.528269 0.158156
vt 0.510000 0.250000
vt 0.514612 0.296822
vt 0.528269 0.341844
vt 0.550447 0.383337
vt 0.580294 0.419706
vt 0.616663 0.449553
vt 0.658156 0.471731
s 1
g Cylinder.001_Mat_Navio_Casco_60.005
usemtl Mat_Navio_Casco_60.005
f 106/209/106 107/210/107 105/211/105
f 108/212/108 109/213/109 107/210/107
f 110/214/110 111/215/111 109/213/109
f 112/216/112 113/217/113 111/215/111
f 114/218/114 115/219/115 113/217/113
f 116/220/116 117/221/117 115/219/115
f 118/222/118 119/223/119 117/221/117
f 120/224/120 121/225/121 119/223/119
f 122/226/122 123/227/123 121/225/121
f 124/228/124 125/229/125 123/227/123
f 126/230/126 127/231/127 125/229/125
f 128/232/128 129/233/129 127/231/127
f 130/234/130 131/235/131 129/233/129
f 132/236/132 133/237/133 131/235/131
f 134/238/134 135/239/135 133/237/133
f 136/240/136 137/241/137 135/239/135
f 138/242/138 139/243/139 137/241/137
f 140/244/140 141/245/141 139/243/139
f 142/246/142 143/247/143 141/245/141
f 144/248/144 145/249/145 143/247/143
f 146/250/146 147/251/147 145/249/145
f 148/252/148 149/253/149 147/251/147
f 150/254/150 151/255/151 149/253/149
f 152/256/152 153/257/153 151/255/151
f 154/258/154 155/259/155 153/257/153
f 156/260/156 157/261/157 155/259/155
f 158/262/158 159/263/159 157/261/157
f 160/264/160 161/265/161 159/263/159
f 162/266/162 163/267/163 161/265/161
f 164/268/164 165/269/165 163/267/163
f 142/270/142 126/271/126 110/272/110
f 166/273/166 167/274/167 165/269/165
f 168/275/168 105/276/105 167/274/167
f 135/277/135 151/278/151 167/279/167
f 106/209/106 108/212/108 107/210/107
f 108/212/108 110/214/110 109/213/109
f 110/214/110 112/216/112 111/215/111
f 112/216/112 114/218/114 113/217/113
f 114/218/114 116/220/116 115/219/115
f 116/220/116 118/222/118 117/221/117
f 118/222/118 120/224/120 119/223/119
f 120/224/120 122/226/122 121/225/121
f 122/226/122 124/228/124 123/227/123
f 124/228/124 126/230/126 125/229/125
f 126/230/126 128/232/128 127/231/127
f 128/232/128 130/234/130 129/233/129
f 130/234/130 132/236/132 131/235/131
f 132/236/132 134/238/134 133/237/133
f 134/238/134 136/240/136 135/239/135
f 136/240/136 138/242/138 137/241/137
f 138/242/138 140/244/140 139/243/139
f 140/244/140 142/246/142 141/245/141
f 142/246/142 144/248/144 143/247/143
f 144/248/144 146/250/146 145/249/145
f 146/250/146 148/252/148 147/251/147
f 148/252/148 150/254/150 149/253/149
f 150/254/150 152/256/152 151/255/151
f 152/256/152 154/258/154 153/257/153
f 154/258/154 156/260/156 155/259/155
f 156/260/156 158/262/158 157/261/157
f 158/262/158 160/264/160 159/263/159
f 160/264/160 162/266/162 161/265/161
f 162/266/162 164/268/164 163/267/163
f 164/268/164 166/273/166 165/269/165
f 110/272/110 108/280/108 106/281/106
f 106/281/106 168/282/168 166/283/166
f 166/283/166 164/284/164 162/285/162
f 162/285/162 160/286/160 158/287/158
f 158/287/158 156/288/156 154/289/154
f 154/289/154 152/290/152 150/291/150
f 150/291/150 148/292/148 146/293/146
f 146/293/146 144/294/144 142/270/142
f 142/270/142 140/295/140 138/296/138
f 138/296/138 136/297/136 134/298/134
f 134/298/134 132/299/132 130/300/130
f 130/300/130 128/301/128 126/271/126
f 126/271/126 124/302/124 122/303/122
f 122/303/122 120/304/120 118/305/118
f 118/305/118 116/306/116 114/307/114
f 114/307/114 112/308/112 110/272/110
f 110/272/110 106/281/106 166/283/166
f 166/283/166 162/285/162 158/287/158
f 158/287/158 154/289/154 150/291/150
f 150/291/150 146/293/146 142/270/142
f 142/270/142 138/296/138 134/298/134
f 134/298/134 130/300/130 126/271/126
f 126/271/126 122/303/122 118/305/118
f 118/305/118 114/307/114 110/272/110
f 110/272/110 166/283/166 158/287/158
f 158/287/158 150/291/150 142/270/142
f 142/270/142 134/298/134 126/271/126
f 126/271/126 118/305/118 110/272/110
f 110/272/110 158/287/158 142/270/142
f 166/273/166 168/275/168 167/274/167
f 168/275/168 106/309/106 105/276/105
f 167/279/167 105/310/105 107/311/107
f 107/311/107 109/312/109 111/313/111
f 111/313/111 113/314/113 115/315/115
f 115/315/115 117/316/117 119/317/119
f 119/317/119 121/318/121 123/319/123
f 123/319/123 125/320/125 127/321/127
f 127/321/127 129/322/129 131/323/131
f 131/323/131 133/324/133 135/277/135
f 135/277/135 137/325/137 139/326/139
f 139/326/139 141/327/141 143/328/143
f 143/328/143 145/329/145 147/330/147
f 147/330/147 149/331/149 151/278/151
f 151/278/151 153/332/153 155/333/155
f 155/333/155 157/334/157 159/335/159
f 159/335/159 161/336/161 163/337/163
f 163/337/163 165/338/165 167/279/167
f 167/279/167 107/311/107 111/313/111
f 111/313/111 115/315/115 119/317/119
f 119/317/119 123/319/123 127/321/127
f 127/321/127 131/323/131 135/277/135
f 135/277/135 139/326/139 143/328/143
f 143/328/143 147/330/147 151/278/151
f 151/278/151 155/333/155 159/335/159
f 159/335/159 163/337/163 167/279/167
f 167/279/167 111/313/111 119/317/119
f 119/317/119 127/321/127 135/277/135
f 135/277/135 143/328/143 151/278/151
f 151/278/151 159/335/159 167/279/167
f 167/279/167 119/317/119 135/277/135
o Torus
v 1.891964 -1.337757 -0.797316
v 1.908278 -1.222124 -0.794693
v 1.904109 -1.233544 -0.761297
v 1.935506 -1.253177 -0.712725
v 1.943725 -1.309035 -0.726300
v 1.954206 -1.271727 -0.782586
v 1.815273 -1.466226 -0.730542
v 1.847026 -1.433298 -0.671354
v 1.902582 -1.389491 -0.685700
v 1.868214 -1.475154 -0.736036
v 1.822455 -1.533702 -0.725951
v 1.765533 -1.625637 -0.612080
v 1.843286 -1.508042 -0.630055
v 1.868888 -1.512288 -0.654537
v 1.781786 -1.664573 -0.654406
v 1.747035 -1.685176 -0.606322
v 1.765860 -1.677252 -0.546785
v 1.808318 -1.622855 -0.565749
v 1.809741 -1.694271 -0.539214
v 1.796777 -1.769232 -0.512913
v 1.802930 -1.710495 -0.601457
v 1.737062 -1.779321 -0.563993
v 1.778935 -1.728579 -0.489843
v 1.745888 -1.852208 -0.509258
v 1.714331 -1.884666 -0.464822
v 1.701894 -1.915739 -0.369815
v 1.735791 -1.862232 -0.371277
v 1.775814 -1.836559 -0.402748
v 1.757829 -1.947097 -0.380991
v 1.717323 -1.992528 -0.355185
v 1.750281 -1.912894 -0.302114
v 1.768840 -1.976410 -0.269056
v 1.699173 -2.070340 -0.226590
v 1.692706 -1.996031 -0.302012
v 1.727672 -1.999750 -0.182740
v 1.763316 -2.038979 -0.125874
v 1.735002 -2.079218 -0.218954
v 1.707140 -2.142174 -0.092896
v 1.708355 -2.160711 0.011265
v 1.718966 -2.142005 0.045331
v 1.734925 -2.086914 -0.016877
v 1.780601 -2.116782 -0.008352
v 1.777282 -2.170519 0.035952
v 1.746142 -2.155771 -0.064733
v 1.738571 -2.205005 0.051872
v 1.777556 -2.130101 0.132304
v 1.749107 -2.233417 0.195480
v 1.755372 -2.217111 0.268687
v 1.784575 -2.194588 0.350255
v 1.811802 -2.167296 0.179734
v 1.787529 -2.236660 0.203708
v 1.815656 -2.263126 0.404103
v 1.795208 -2.248802 0.406412
v 1.814637 -2.172444 0.387076
v 1.836868 -2.167911 0.325783
v 1.867675 -2.192931 0.407656
v 1.853650 -2.220507 0.597481
v 1.881270 -2.158945 0.528599
v 1.872598 -2.236425 0.462870
v 1.886255 -2.244835 0.611468
v 1.918733 -2.160393 0.749760
v 1.924284 -2.139441 0.719720
v 1.926958 -2.173809 0.581672
v 1.945748 -2.215159 0.703328
v 1.931275 -2.201407 0.761155
v 1.978896 -2.096497 0.786997
v 1.972934 -2.121431 0.715240
v 2.013288 -2.128996 0.786472
v 2.039809 -2.126575 0.943611
v 2.011270 -2.105367 0.942260
v 2.030232 -2.076009 0.831510
v 2.028899 -2.142005 0.842541
v 2.137640 -1.927207 1.123307
v 2.051759 -2.018925 0.960016
v 2.103978 -1.973948 0.990104
v 2.095001 -2.037164 0.932373
v 2.127303 -2.041500 1.019277
v 2.139799 -2.009652 1.100800
v 2.118285 -1.982135 1.106441
v 2.181859 -1.932705 1.062767
v 2.210668 -1.912329 1.193557
v 2.205867 -1.855613 1.215497
v 2.167481 -1.876331 1.109841
v 2.250311 -1.804980 1.152295
v 2.270323 -1.796464 1.273294
v 2.287363 -1.698104 1.230550
v 2.335691 -1.735786 1.237515
v 2.276886 -1.838164 1.229739
v 2.356011 -1.689852 1.324362
v 2.341109 -1.643262 1.332705
v 2.415933 -1.476936 1.354461
v 2.367158 -1.559041 1.286097
v 2.349657 -1.645357 1.235835
v 2.400914 -1.607416 1.275337
v 2.408572 -1.622176 1.322714
v 2.409560 -1.557907 1.370674
v 2.446111 -1.470833 1.287803
v 2.529679 -1.391546 1.353517
v 2.469611 -1.497177 1.372909
v 2.482613 -1.421817 1.393881
v 2.486002 -1.354354 1.380696
v 2.445712 -1.409380 1.314041
v 2.525682 -1.355966 1.311250
v 2.543769 -1.284431 1.396599
v 2.549577 -1.184286 1.310780
v 2.521988 -1.272663 1.301051
v 2.586792 -1.263763 1.374233
v 2.617055 -1.159268 1.377843
v 2.603339 -1.098224 1.362885
v 2.618283 -1.018662 1.314937
v 2.592133 -1.156603 1.281960
v 2.640311 -1.102469 1.287852
v 2.697128 -0.992114 1.289632
v 2.658553 -1.010148 1.346233
v 2.615573 -1.017180 1.271927
v 2.638249 -1.035485 1.250055
v 2.702834 -0.955449 1.313098
v 2.702793 -0.878153 1.293683
v 2.697429 -0.815762 1.247178
v 2.674896 -0.841406 1.210408
v 2.665980 -0.906649 1.207517
v 2.699206 -0.916419 1.209856
v 2.742887 -0.752407 1.224966
v 2.729853 -0.657578 1.123255
v 2.710344 -0.718123 1.122266
v 2.715867 -0.798768 1.139440
v 2.756195 -0.721600 1.094439
v 2.779832 -0.724993 1.148002
v 2.782205 -0.691770 1.165689
v 2.773372 -0.632670 1.139226
v 2.729190 -0.680818 1.065131
v 2.810222 -0.529830 1.034408
v 2.769333 -0.550102 1.060250
v 2.750681 -0.508945 0.941569
v 2.749196 -0.578550 0.969549
v 2.783881 -0.587193 0.975808
v 2.828197 -0.470070 0.939112
v 2.808078 -0.427111 0.928364
v 2.788071 -0.367150 0.835518
v 2.768441 -0.371467 0.802512
v 2.757003 -0.433017 0.826893
v 2.774778 -0.499153 0.866139
v 2.797945 -0.438450 0.790326
v 2.824228 -0.344787 0.796476
v 2.762647 -0.413221 0.756230
v 2.828475 -0.386380 0.778132
v 2.801780 -0.268850 0.667481
v 2.745615 -0.308698 0.596441
v 2.771431 -0.357508 0.631408
v 2.793709 -0.316740 0.568864
v 2.819861 -0.260499 0.585964
v 2.787680 -0.215319 0.529361
v 2.759462 -0.256222 0.589204
v 2.741530 -0.300661 0.511221
v 2.783243 -0.227438 0.374501
v 2.777616 -0.185520 0.385097
v 2.731682 -0.176455 0.342923
v 2.709766 -0.247210 0.374257
v 2.733717 -0.274353 0.376725
v 2.766227 -0.284475 0.445592
v 2.709018 -0.153854 0.166457
v 2.651106 -0.181799 0.106230
v 2.665387 -0.214138 0.188506
v 2.670178 -0.244316 0.177144
v 2.703337 -0.245257 0.167150
v 2.726517 -0.204419 0.146566
v 2.728944 -0.168689 0.160508
v 2.653175 -0.179151 -0.045854
v 2.589957 -0.194015 -0.116833
v 2.574301 -0.253370 -0.072831
v 2.619283 -0.269017 -0.022189
v 2.619886 -0.266747 -0.099361
v 2.661063 -0.210570 -0.048772
v 2.600127 -0.211815 -0.177741
v 2.471615 -0.296672 -0.320013
v 2.554226 -0.294808 -0.141450
v 2.547678 -0.319350 -0.213975
v 2.524482 -0.328416 -0.341695
v 2.520351 -0.257280 -0.305318
v 2.455256 -0.340726 -0.322193
v 2.494442 -0.340972 -0.260951
v 2.504498 -0.363688 -0.336752
v 2.556199 -0.274228 -0.290539
v 2.467418 -0.331924 -0.430680
v 2.413265 -0.356256 -0.448773
v 2.403466 -0.425305 -0.412803
v 2.454839 -0.406384 -0.365026
v 2.383419 -0.409169 -0.532262
v 2.326049 -0.492677 -0.518939
v 2.392766 -0.478413 -0.458625
v 2.380786 -0.509172 -0.525733
v 2.433856 -0.405638 -0.498757
v 2.330355 -0.509504 -0.624099
v 2.283610 -0.526148 -0.623725
v 2.228391 -0.611435 -0.645661
v 2.274581 -0.611794 -0.581584
v 2.297520 -0.625615 -0.605634
v 2.285294 -0.637969 -0.662485
v 2.204683 -0.665821 -0.728616
v 2.282022 -0.612933 -0.682411
v 2.080900 -0.884993 -0.730175
v 2.182448 -0.724290 -0.659077
v 2.189077 -0.781778 -0.672519
v 2.165894 -0.844243 -0.724097
v 2.175733 -0.812175 -0.756391
v 2.147854 -0.815547 -0.784707
v 2.101128 -0.848266 -0.794582
v 2.026292 -0.965869 -0.798532
v 2.127914 -0.771948 -0.733743
v 2.109547 -0.888091 -0.703230
v 2.097278 -0.957932 -0.730211
v 2.044324 -0.994562 -0.823167
v 2.046592 -1.012608 -0.723808
v 2.038974 -1.092208 -0.762291
v 2.017892 -1.094457 -0.818218
v 1.962860 -1.129914 -0.822006
v 1.949564 -1.171941 -0.734865
v 2.005105 -1.137381 -0.730559
vn -0.0201 -0.2393 -0.9707
vn -0.8821 0.3138 -0.3513
vn -0.8899 0.4038 0.2123
vn 0.1718 0.1156 0.9783
vn 0.9216 -0.2891 0.2590
vn 0.7990 -0.4114 -0.4386
vn -0.9255 0.1945 -0.3251
vn -0.4539 0.4689 0.7577
vn 0.4798 0.0929 0.8724
vn 0.6632 -0.4612 -0.5895
vn -0.0621 -0.4391 -0.8963
vn -0.9035 0.3838 0.1906
vn 0.2705 0.3556 0.8947
vn 0.9219 -0.1628 0.3516
vn -0.1042 -0.4784 -0.8720
vn -0.9693 0.1114 -0.2191
vn -0.6463 0.5534 0.5254
vn 0.0942 0.4938 0.8645
vn 0.8267 0.1364 0.5458
vn 0.9728 -0.2302 -0.0250
vn 0.7451 -0.5016 -0.4396
vn -0.7471 -0.3224 -0.5813
vn 0.0895 0.6523 0.7527
vn 0.2517 -0.6860 -0.6827
vn -0.8552 -0.2862 -0.4320
vn -0.9471 0.2916 0.1337
vn -0.5157 0.6697 0.5344
vn 0.6422 0.4986 0.5823
vn 0.7508 -0.5407 -0.3795
vn -0.1344 -0.7772 -0.6147
vn 0.3618 0.7216 0.5902
vn 0.9990 0.0398 0.0202
vn -0.7731 -0.5597 -0.2984
vn -0.9969 -0.0428 -0.0657
vn -0.4107 0.7707 0.4871
vn 0.5198 0.7631 0.3840
vn 0.4697 -0.7609 -0.4476
vn -0.7067 -0.6556 -0.2659
vn -0.9879 -0.1357 0.0750
vn -0.9034 0.3556 0.2398
vn -0.5341 0.7655 0.3588
vn 0.9971 0.0365 -0.0670
vn 0.8401 -0.4697 -0.2711
vn 0.4954 -0.7748 -0.3928
vn -0.1477 -0.9512 -0.2709
vn 0.3337 0.9232 0.1907
vn -0.6867 -0.7269 -0.0036
vn -0.9742 -0.0086 0.2257
vn -0.8657 0.4286 0.2586
vn 0.9623 0.1982 -0.1863
vn 0.5053 -0.8272 -0.2460
vn 0.0661 -0.9976 -0.0182
vn -0.8809 -0.3934 0.2630
vn -0.5192 0.8439 0.1351
vn 0.5587 0.8284 -0.0411
vn 0.9641 0.0548 -0.2600
vn -0.9250 -0.1497 0.3493
vn 0.3030 0.9290 -0.2126
vn 0.7863 -0.5786 -0.2167
vn 0.0123 -0.9894 0.1449
vn -0.9153 0.2159 0.3401
vn -0.7600 0.6336 0.1449
vn 0.9019 0.1535 -0.4037
vn 0.5852 -0.8108 -0.0113
vn -0.5388 -0.6866 0.4881
vn -0.2806 0.9227 -0.2643
vn 0.6282 0.6469 -0.4323
vn 0.9105 -0.1009 -0.4010
vn 0.2012 -0.8904 0.4083
vn -0.8312 -0.1167 0.5437
vn 0.5640 0.5435 -0.6217
vn 0.8152 -0.5585 -0.1535
vn -0.8780 0.3446 0.3321
vn -0.6803 0.7310 -0.0534
vn -0.0738 0.7942 -0.6031
vn 0.8627 0.0291 -0.5050
vn 0.8170 -0.5687 -0.0960
vn 0.2525 -0.7948 0.5519
vn -0.7531 -0.1277 0.6453
vn 0.7780 -0.0282 -0.6276
vn 0.2112 -0.7281 0.6521
vn -0.7712 0.0596 0.6338
vn -0.7291 0.6713 -0.1330
vn 0.2756 0.4457 -0.8517
vn -0.2519 -0.3556 0.9001
vn -0.5522 0.6250 -0.5517
vn 0.8627 -0.3427 -0.3719
vn 0.7468 -0.6289 0.2163
vn 0.4004 -0.5478 0.7346
vn -0.6972 0.1215 0.7065
vn -0.8181 0.3417 0.4625
vn -0.7992 0.5317 -0.2804
vn 0.2494 0.2208 -0.9429
vn 0.6413 -0.1187 -0.7580
vn 0.8495 -0.5138 0.1197
vn -0.2382 -0.1025 0.9658
vn -0.0319 0.1724 -0.9845
vn 0.9002 -0.4295 -0.0716
vn 0.7184 -0.4595 0.5222
vn -0.0529 -0.0577 0.9969
vn -0.7177 0.3243 0.6162
vn -0.8587 0.4182 -0.2961
vn 0.6773 -0.2983 -0.6725
vn -0.1090 0.0923 0.9898
vn -0.8358 0.3304 -0.4384
vn -0.3673 0.1128 -0.9232
vn 0.8684 -0.3601 0.3409
vn 0.5905 -0.0769 0.8033
vn -0.5729 0.3777 0.7274
vn -0.8490 0.4238 0.3157
vn -0.0519 -0.1362 -0.9893
vn 0.6980 -0.4118 -0.5858
vn 0.9247 -0.3707 -0.0866
vn -0.0407 0.3285 0.9436
vn -0.9324 0.2386 -0.2715
vn -0.1404 -0.2934 -0.9456
vn 0.8456 -0.0718 0.5289
vn -0.0309 0.4344 0.9002
vn -0.6607 0.5055 0.5549
vn -0.9649 0.1867 -0.1845
vn -0.6359 -0.1297 -0.7608
vn 0.5267 -0.4999 -0.6875
vn 0.0897 0.5084 0.8565
vn -0.8295 0.4448 0.3378
vn -0.9797 0.1245 -0.1572
vn -0.2970 -0.4128 -0.8611
vn 0.5431 -0.5723 -0.6144
vn 0.9373 -0.3283 -0.1168
vn 0.8996 0.0955 0.4261
vn 0.0301 0.6182 0.7855
vn -0.6070 -0.4364 -0.6641
vn 0.7755 0.3708 0.5109
vn -0.4893 0.6585 0.5717
vn -0.9971 0.0468 -0.0602
vn -0.6731 -0.4769 -0.5652
vn 0.3958 -0.6989 -0.5956
vn 0.9953 0.0138 0.0956
vn 0.1786 0.7695 0.6132
vn -0.4643 0.7441 0.4804
vn -0.8584 0.4329 0.2754
vn -0.9992 -0.0233 -0.0316
vn -0.3424 -0.7101 -0.6152
vn 0.5033 -0.7153 -0.4848
vn 0.7409 0.5836 0.3323
vn -0.6341 -0.6891 -0.3509
vn 0.9517 -0.2571 -0.1676
vn 0.0542 0.9075 0.4165
vn -0.9941 -0.0344 0.1028
vn -0.2360 -0.8733 -0.4263
vn 0.6272 -0.7025 -0.3363
vn 0.9828 0.1803 -0.0403
vn 0.0838 0.9543 0.2868
vn -0.7576 0.5757 0.3076
vn -0.6404 -0.7526 -0.1536
vn 0.9438 -0.2294 -0.2377
vn 0.7112 0.7029 -0.0110
vn -0.5078 0.8272 0.2407
vn -0.9583 -0.2309 0.1686
vn -0.3726 -0.9245 -0.0809
vn 0.4944 -0.8167 -0.2977
vn -0.0705 0.9971 0.0277
vn -0.7790 0.5908 0.2103
vn -0.9588 0.0714 0.2750
vn -0.6524 -0.7329 0.1928
vn 0.5388 -0.8263 -0.1641
vn 0.9234 -0.2633 -0.2794
vn 0.8740 0.4173 -0.2490
vn 0.5578 0.7671 -0.3168
vn -0.5319 0.8468 0.0045
vn -0.8858 -0.1834 0.4263
vn -0.0708 -0.9865 0.1479
vn 0.3528 -0.9306 0.0978
vn 0.9378 -0.0481 -0.3439
vn 0.5969 0.6522 -0.4674
vn -0.8090 0.5703 0.1426
vn -0.5026 -0.7341 0.4567
vn 0.2282 -0.9367 0.2656
vn 0.8919 -0.2998 -0.3386
vn -0.1454 0.9205 -0.3627
vn -0.8899 0.1392 0.4344
vn -0.5716 -0.5715 0.5889
vn 0.7641 -0.6419 -0.0638
vn 0.8551 0.1512 -0.4959
vn 0.4000 0.6390 -0.6571
vn -0.6738 0.7309 -0.1087
vn -0.5679 -0.4248 0.7050
vn 0.1988 -0.8713 0.4486
vn -0.1671 0.7775 -0.6063
vn -0.7131 -0.1480 0.6853
vn 0.2781 -0.7945 0.5399
vn 0.5993 -0.7410 0.3029
vn 0.8103 0.0134 -0.5858
vn 0.3918 0.4061 -0.8256
vn -0.6962 0.6751 -0.2440
vn -0.8772 0.4472 0.1747
vn -0.1098 -0.5108 0.8526
vn 0.7163 -0.6515 0.2497
vn 0.8786 -0.3796 -0.2898
vn -0.3691 0.5861 -0.7213
vn 0.7000 -0.0058 -0.7141
vn -0.7239 0.2669 0.6362
vn -0.6726 0.0620 0.7374
vn 0.3270 -0.5178 0.7906
vn 0.8722 -0.4883 0.0294
vn 0.8337 -0.3230 -0.4479
vn 0.4529 0.0145 -0.8914
vn -0.4918 0.4522 -0.7441
vn -0.8476 0.4489 -0.2830
vn -0.8718 0.4898 0.0093
vn -0.3292 -0.0975 0.9392
vn 0.5980 -0.4156 0.6853
vn 0.1579 0.0379 -0.9867
vn -0.0551 -0.0112 0.9984
vn 0.8768 -0.4295 0.2164
vn 0.6164 -0.2956 -0.7298
vn -0.4762 0.1657 -0.8636
vn -0.5937 0.3284 0.7346
vn 0.5050 -0.1907 0.8418
vt 0.497397 0.750000
vt 0.529514 0.846150
vt 0.486813 0.855493
vt 0.500000 0.953324
vt 0.520833 0.050019
vt 0.506142 0.131128
vt 0.500000 0.000000
vt 0.541667 0.454748
vt 0.531924 0.613634
vt 0.511140 0.458216
vt 0.561392 0.750000
vt 0.541667 0.963119
vt 0.520833 1.000000
vt 0.541667 0.120478
vt 0.570561 0.318255
vt 0.531250 0.333333
vt 0.498654 0.290232
vt 0.569358 0.638201
vt 0.572625 0.833333
vt 0.585327 0.166667
vt 0.583333 0.533358
vt 0.562500 0.458129
vt 0.583333 0.949982
vt 0.562500 0.961701
vt 0.616954 0.688766
vt 0.610431 0.855710
vt 0.604167 0.041692
vt 0.573976 0.083333
vt 0.583333 0.000000
vt 0.617904 0.303608
vt 0.631379 0.608848
vt 0.604167 0.546675
vt 0.625000 0.958134
vt 0.604167 1.000000
vt 0.632860 0.148025
vt 0.595603 0.416667
vt 0.625000 0.458129
vt 0.645833 0.541871
vt 0.645833 0.874961
vt 0.625000 0.000000
vt 0.656624 0.039778
vt 0.645833 0.371125
vt 0.677593 0.150619
vt 0.697331 0.960483
vt 0.656624 1.000000
vt 0.673519 0.851185
vt 0.687500 0.458135
vt 0.666667 0.533358
vt 0.671638 0.369162
vt 0.708333 0.536880
vt 0.680912 0.629706
vt 0.684897 0.750000
vt 0.730709 0.772159
vt 0.708333 0.128875
vt 0.686024 0.250000
vt 0.711678 0.384123
vt 0.739077 0.583333
vt 0.718750 0.666667
vt 0.736827 0.857050
vt 0.729167 0.041871
vt 0.697331 0.000000
vt 0.749325 0.282609
vt 0.738860 0.458215
vt 0.766855 0.614293
vt 0.759831 0.960483
vt 0.729167 1.000000
vt 0.789300 0.833333
vt 0.770833 0.125645
vt 0.742662 0.153457
vt 0.791667 0.536882
vt 0.770833 0.454748
vt 0.803143 0.916667
vt 0.791667 0.038299
vt 0.759831 0.000000
vt 0.811260 0.263324
vt 0.785447 0.368261
vt 0.822917 0.621407
vt 0.791687 0.722764
vt 0.812500 0.046675
vt 0.803505 0.166667
vt 0.822518 0.455821
vt 0.862918 0.750000
vt 0.833333 0.833333
vt 0.842568 0.960909
vt 0.812500 1.000000
vt 0.833333 0.128875
vt 0.843131 0.330220
vt 0.881933 0.631566
vt 0.854167 0.620478
vt 0.885087 0.043658
vt 0.859959 0.129673
vt 0.842568 0.000000
vt 0.875000 0.466642
vt 0.895833 0.541871
vt 0.905116 0.902336
vt 0.868762 0.866763
vt 0.904584 0.236672
vt 0.889296 0.363559
vt 0.921008 0.618066
vt 0.916667 1.000000
vt 0.885087 1.000000
vt 0.916667 0.453325
vt 0.937500 0.545252
vt 0.926792 0.166667
vt 0.964375 0.309832
vt 0.927375 0.333333
vt 0.947917 0.416667
vt 0.966897 0.666667
vt 0.946580 0.750000
vt 0.947828 0.041820
vt 0.969401 0.161456
vt 0.958333 0.533358
vt 0.979167 0.550019
vt 0.958333 0.874365
vt 0.979167 0.954748
vt 0.947828 1.000000
vt 1.000000 0.638092
vt 1.000000 0.750000
vt 0.993839 0.867379
vt 1.000000 0.046676
vt 0.979167 0.000000
vt 0.984612 0.394886
vt 1.000000 0.463119
vt 0.020833 0.541871
vt 0.006741 0.638092
vt 0.000000 0.463119
vt 0.019358 0.750000
vt 0.020833 0.869797
vt 0.000000 0.867379
vt 0.020833 0.041686
vt 0.010417 0.166667
vt 0.000000 0.046676
vt 0.051792 0.666667
vt 0.050230 0.833333
vt 0.041667 0.958307
vt 0.020833 1.000000
vt 0.041667 0.125039
vt 0.027315 0.304878
vt 0.080730 0.750000
vt 0.073366 0.873202
vt 0.062500 0.041871
vt 0.041667 0.000000
vt 0.098575 0.622237
vt 0.083333 0.958308
vt 0.062500 1.000000
vt 0.074770 0.416667
vt 0.083333 0.541871
vt 0.062500 0.541871
vt 0.104167 0.458129
vt 0.125000 0.536881
vt 0.143172 0.750000
vt 0.114875 0.833333
vt 0.135315 0.875408
vt 0.104167 0.961701
vt 0.104167 0.000000
vt 0.125000 0.041871
vt 0.104167 0.130204
vt 0.144487 0.290232
vt 0.119417 0.378261
vt 0.072856 0.321427
vt 0.145833 0.958307
vt 0.125000 1.000000
vt 0.145833 0.466642
vt 0.166667 0.550019
vt 0.139464 0.635070
vt 0.174327 0.857050
vt 0.166667 0.041871
vt 0.139842 0.140593
vt 0.145833 0.000000
vt 0.177083 0.166667
vt 0.177211 0.380227
vt 0.178361 0.672278
vt 0.187500 0.953325
vt 0.166667 1.000000
vt 0.196380 0.118853
vt 0.207290 0.326245
vt 0.187500 0.541872
vt 0.214871 0.636440
vt 0.208333 0.874354
vt 0.208333 0.036882
vt 0.187500 0.000000
vt 0.208333 0.463119
vt 0.239491 0.541735
vt 0.249028 0.697795
vt 0.239712 0.955756
vt 0.208333 1.000000
vt 0.239583 0.124756
vt 0.282380 0.624730
vt 0.279281 0.850094
vt 0.238162 0.833333
vt 0.270833 0.041692
vt 0.239712 0.000000
vt 0.281250 0.166667
vt 0.241976 0.310055
vt 0.239583 0.416667
vt 0.270833 0.463119
vt 0.291667 0.458135
vt 0.318309 0.682529
vt 0.291667 0.966642
vt 0.270833 1.000000
vt 0.302653 0.083333
vt 0.319925 0.250000
vt 0.312500 0.546675
vt 0.340470 0.631803
vt 0.322917 0.833333
vt 0.342691 0.916667
vt 0.312500 0.953325
vt 0.333333 0.045252
vt 0.312500 0.000000
vt 0.322917 0.166667
vt 0.308773 0.385989
vt 0.333333 0.466642
vt 0.354167 0.541871
vt 0.364425 0.833333
vt 0.362730 0.166667
vt 0.379342 0.618066
vt 0.393230 0.750000
vt 0.385505 0.958180
vt 0.354167 1.000000
vt 0.393231 0.250000
vt 0.375000 0.453325
vt 0.347629 0.363559
vt 0.406034 0.543586
vt 0.409987 0.889949
vt 0.387123 0.107602
vt 0.423286 0.685430
vt 0.416667 0.046676
vt 0.385505 0.000000
vt 0.425947 0.331611
vt 0.391865 0.384919
vt 0.440103 0.833333
vt 0.437500 0.958129
vt 0.416667 1.000000
vt 0.448487 0.083333
vt 0.428936 0.166667
vt 0.428936 0.416667
vt 0.437500 0.541866
vt 0.458333 0.000000
vt 0.437500 0.000000
vt 0.458333 0.458129
vt 0.479167 0.536881
vt 0.454972 0.610994
vt 0.458333 0.963118
vt 0.479167 0.041871
vt 0.470603 0.166667
vt 0.472143 0.368347
vt 0.479167 1.000000
vt 0.494843 0.625221
vt 0.541667 0.000000
vt 0.562500 0.000000
vt 0.791667 1.000000
vt 0.854167 0.458129
vt 0.931065 0.863703
vt 0.916667 0.041686
vt 1.000000 0.166667
vt 1.000000 0.250000
vt 1.000000 1.000000
vt 0.000000 1.000000
vt 0.031250 0.416667
vt 0.077069 0.144291
vt 0.041667 0.550019
vt 0.083333 0.000000
vt 0.270833 0.333333
vt 0.291667 0.000000
vt 0.354167 0.041866
vt 0.333333 1.000000
vt 0.000000 0.333333
s 1
g Torus_Mat_Navio_Ferrugem_30.001
usemtl Mat_Navio_Ferrugem_30.001
f 171/339/171 176/340/176 385/341/385
f 176/340/176 172/342/172 385/341/385
f 177/343/177 173/344/173 172/345/172
f 179/346/179 175/347/175 169/348/169
f 175/347/175 180/349/180 171/339/171
f 180/349/180 176/340/176 171/339/171
f 176/340/176 181/350/181 177/351/177
f 177/343/177 182/352/182 173/344/173
f 189/353/189 178/354/178 174/355/174
f 178/354/178 179/346/179 169/348/169
f 184/356/184 180/349/180 175/347/175
f 180/349/180 185/357/185 176/340/176
f 188/358/188 189/353/189 182/352/182
f 190/359/190 184/356/184 183/360/183
f 185/357/185 191/361/191 186/362/186
f 184/356/184 194/363/194 180/349/180
f 195/364/195 191/361/191 185/357/185
f 196/365/196 187/366/187 191/367/191
f 188/358/188 197/368/197 189/353/189
f 202/369/202 194/363/194 193/370/193
f 195/364/195 199/371/199 196/372/196
f 200/373/200 188/358/188 196/365/196
f 200/373/200 197/368/197 188/358/188
f 192/374/192 198/375/198 193/370/193
f 201/376/201 202/369/202 198/375/198
f 194/363/194 203/377/203 195/364/195
f 203/377/203 199/371/199 195/364/195
f 199/378/199 204/379/204 200/373/200
f 205/380/205 198/375/198 197/368/197
f 204/379/204 210/381/210 200/373/200
f 214/382/214 204/383/204 209/384/209
f 213/385/213 206/386/206 212/387/212
f 213/385/213 215/388/215 207/389/207
f 208/390/208 217/391/217 209/384/209
f 217/391/217 214/382/214 209/384/209
f 218/392/218 211/393/211 210/381/210
f 211/393/211 219/394/219 212/387/212
f 219/394/219 213/385/213 212/387/212
f 221/395/221 216/396/216 215/388/215
f 216/396/216 217/391/217 208/390/208
f 217/391/217 222/397/222 214/382/214
f 223/398/223 218/392/218 214/399/214
f 227/400/227 219/394/219 211/393/211
f 220/401/220 215/388/215 219/394/219
f 225/402/225 217/391/217 216/396/216
f 226/403/226 223/404/223 222/397/222
f 227/400/227 220/401/220 219/394/219
f 230/405/230 226/403/226 222/397/222
f 231/406/231 227/400/227 224/407/224
f 233/408/233 225/402/225 228/409/228
f 230/405/230 234/410/234 226/403/226
f 235/411/235 231/406/231 226/412/226
f 240/413/240 232/414/232 227/400/227
f 238/415/238 229/416/229 233/408/233
f 239/417/239 236/418/236 235/411/235
f 237/419/237 233/408/233 232/414/232
f 238/415/238 241/420/241 229/416/229
f 229/416/229 242/421/242 230/405/230
f 234/410/234 243/422/243 239/423/239
f 244/424/244 236/418/236 239/417/239
f 244/424/244 240/413/240 236/418/236
f 245/425/245 237/419/237 240/413/240
f 174/355/174 182/352/182 189/353/189
f 250/426/250 241/420/241 247/427/247
f 252/428/252 248/429/248 243/430/243
f 249/431/249 253/432/253 250/426/250
f 241/420/241 254/433/254 251/434/251
f 252/428/252 255/435/255 248/429/248
f 255/435/255 245/425/245 248/429/248
f 255/435/255 256/436/256 245/425/245
f 258/437/258 250/426/250 253/432/253
f 254/433/254 261/438/261 252/439/252
f 257/440/257 253/432/253 256/436/256
f 264/441/264 258/437/258 257/440/257
f 262/442/262 266/443/266 255/435/255
f 263/444/263 267/445/267 257/440/257
f 269/446/269 259/447/259 258/437/258
f 265/448/265 271/449/271 262/442/262
f 271/449/271 266/443/266 262/442/262
f 266/443/266 267/445/267 263/444/263
f 267/445/267 268/450/268 264/441/264
f 272/451/272 269/446/269 268/450/268
f 270/452/270 274/453/274 265/454/265
f 272/451/272 277/455/277 269/446/269
f 278/456/278 273/457/273 259/447/259
f 279/458/279 271/449/271 274/459/274
f 275/460/275 276/461/276 272/451/272
f 282/462/282 277/463/277 276/464/276
f 278/465/278 283/466/283 273/467/273
f 284/468/284 280/469/280 279/470/279
f 287/471/287 278/465/278 277/463/277
f 278/465/278 288/472/288 283/466/283
f 289/473/289 284/474/284 283/466/283
f 284/468/284 290/475/290 280/469/280
f 290/475/290 281/476/281 280/469/280
f 287/471/287 292/477/292 278/465/278
f 292/477/292 288/472/288 278/465/278
f 288/472/288 293/478/293 289/473/289
f 294/479/294 290/475/290 289/480/289
f 301/481/301 292/477/292 287/471/287
f 292/477/292 293/478/293 288/472/288
f 299/482/299 294/483/294 293/478/293
f 297/484/297 298/485/298 291/486/291
f 297/484/297 300/487/300 298/485/298
f 306/488/306 301/481/301 300/487/300
f 308/489/308 302/490/302 292/477/292
f 302/490/302 309/491/309 303/492/303
f 303/493/303 310/494/310 304/495/304
f 314/496/314 305/497/305 296/498/296
f 313/499/313 310/500/310 309/491/309
f 305/497/305 312/501/312 306/488/306
f 312/501/312 315/502/315 307/503/307
f 309/491/309 316/504/316 313/499/313
f 317/505/317 311/506/311 313/507/313
f 318/508/318 314/496/314 311/506/311
f 314/496/314 319/509/319 312/501/312
f 321/510/321 316/504/316 308/489/308
f 322/511/322 317/512/317 316/504/316
f 328/513/328 318/508/318 317/505/317
f 318/508/318 323/514/323 314/496/314
f 323/514/323 319/509/319 314/496/314
f 319/509/319 320/515/320 315/502/315
f 320/515/320 325/516/325 321/510/321
f 326/517/326 322/511/322 316/504/316
f 327/518/327 328/513/328 322/519/322
f 319/509/319 324/520/324 320/515/320
f 329/521/329 325/516/325 324/520/324
f 325/516/325 330/522/330 321/510/321
f 332/523/332 327/524/327 326/517/326
f 333/525/333 328/513/328 327/518/327
f 337/526/337 330/522/330 329/521/329
f 338/527/338 332/523/332 331/528/331
f 339/529/339 333/525/333 332/530/332
f 340/531/340 334/532/334 333/525/333
f 335/533/335 336/534/336 329/521/329
f 342/535/342 337/526/337 336/534/336
f 337/526/337 343/536/343 330/522/330
f 343/536/343 338/527/338 330/522/330
f 338/527/338 344/537/344 339/538/339
f 345/539/345 340/531/340 339/529/339
f 340/531/340 346/540/346 334/532/334
f 347/541/347 337/526/337 342/535/342
f 353/542/353 343/536/343 347/541/347
f 348/543/348 354/544/354 349/545/349
f 355/546/355 345/539/345 349/547/349
f 355/546/355 350/548/350 345/539/345
f 351/549/351 352/550/352 347/541/347
f 352/550/352 356/551/356 353/542/353
f 343/536/343 357/552/357 348/543/348
f 357/552/357 354/544/354 348/543/348
f 359/553/359 346/540/346 350/548/350
f 362/554/362 353/542/353 356/551/356
f 363/555/363 357/552/357 343/536/343
f 364/556/364 358/557/358 354/544/354
f 359/553/359 366/558/366 346/540/346
f 361/559/361 356/551/356 360/560/360
f 367/561/367 362/554/362 361/559/361
f 363/555/363 370/562/370 357/552/357
f 365/563/365 366/558/366 359/553/359
f 367/561/367 377/564/377 362/554/362
f 377/564/377 363/555/363 362/554/362
f 371/565/371 365/563/365 364/566/364
f 366/558/366 373/567/373 368/568/368
f 377/564/377 369/569/369 363/555/363
f 370/562/370 378/570/378 371/571/371
f 379/572/379 372/573/372 371/565/371
f 372/573/372 373/567/373 366/558/366
f 374/574/374 375/575/375 367/561/367
f 381/576/381 379/572/379 378/577/378
f 374/574/374 380/578/380 375/575/375
f 384/579/384 376/580/376 380/578/380
f 369/569/369 385/341/385 381/581/381
f 386/582/386 379/572/379 381/576/381
f 386/582/386 382/583/382 379/572/379
f 382/583/382 174/355/174 373/567/373
f 174/355/174 383/584/383 373/567/373
f 172/342/172 386/585/386 385/341/385
f 173/344/173 382/583/382 386/582/386
f 169/348/169 384/579/384 383/584/383
f 169/348/169 175/347/175 170/586/170
f 170/586/170 175/347/175 171/339/171
f 176/340/176 177/351/177 172/342/172
f 174/355/174 178/354/178 169/348/169
f 181/587/181 182/352/182 177/343/177
f 179/346/179 184/356/184 175/347/175
f 181/350/181 185/357/185 186/362/186
f 182/352/182 186/588/186 187/366/187
f 179/346/179 189/353/189 183/360/183
f 187/366/187 188/358/188 182/352/182
f 190/359/190 194/363/194 184/356/184
f 186/588/186 191/367/191 187/366/187
f 189/353/189 192/374/192 183/360/183
f 183/360/183 192/374/192 190/359/190
f 185/357/185 194/363/194 195/364/195
f 207/389/207 201/376/201 206/386/206
f 195/364/195 196/372/196 191/361/191
f 187/366/187 196/365/196 188/358/188
f 189/353/189 197/368/197 192/374/192
f 192/374/192 193/370/193 190/359/190
f 198/375/198 202/369/202 193/370/193
f 196/365/196 199/378/199 200/373/200
f 197/368/197 198/375/198 192/374/192
f 203/377/203 204/383/204 199/371/199
f 198/375/198 205/380/205 201/376/201
f 208/390/208 202/369/202 207/389/207
f 203/377/203 208/390/208 209/384/209
f 200/373/200 211/393/211 197/368/197
f 203/377/203 209/384/209 204/383/204
f 205/380/205 211/393/211 212/387/212
f 206/386/206 205/380/205 212/387/212
f 227/400/227 218/392/218 224/407/224
f 206/386/206 213/385/213 207/389/207
f 214/399/214 210/381/210 204/379/204
f 207/389/207 215/388/215 216/396/216
f 207/389/207 216/396/216 208/390/208
f 214/399/214 218/392/218 210/381/210
f 219/394/219 215/388/215 213/385/213
f 215/388/215 220/401/220 221/395/221
f 222/397/222 223/404/223 214/382/214
f 223/398/223 224/407/224 218/392/218
f 220/401/220 225/402/225 221/395/221
f 221/395/221 225/402/225 216/396/216
f 226/412/226 224/407/224 223/398/223
f 222/397/222 229/416/229 230/405/230
f 225/402/225 229/416/229 217/391/217
f 228/409/228 227/400/227 232/414/232
f 226/412/226 231/406/231 224/407/224
f 231/406/231 240/413/240 227/400/227
f 225/402/225 233/408/233 229/416/229
f 226/403/226 234/410/234 235/589/235
f 235/411/235 236/418/236 231/406/231
f 234/410/234 242/421/242 243/422/243
f 232/414/232 233/408/233 228/409/228
f 233/408/233 237/419/237 238/415/238
f 234/410/234 239/423/239 235/589/235
f 240/413/240 237/419/237 232/414/232
f 229/416/229 241/420/241 242/421/242
f 238/415/238 246/590/246 247/427/247
f 243/430/243 244/424/244 239/417/239
f 245/425/245 244/424/244 248/429/248
f 238/415/238 247/427/247 241/420/241
f 241/420/241 251/434/251 242/421/242
f 242/421/242 251/434/251 243/422/243
f 243/430/243 248/429/248 244/424/244
f 247/427/247 249/431/249 250/426/250
f 245/425/245 246/590/246 237/419/237
f 245/425/245 249/431/249 246/590/246
f 251/434/251 252/439/252 243/422/243
f 241/420/241 258/437/258 259/447/259
f 251/434/251 254/433/254 252/439/252
f 256/436/256 253/432/253 249/431/249
f 253/432/253 257/440/257 258/437/258
f 254/433/254 259/447/259 260/591/260
f 255/435/255 261/592/261 262/442/262
f 261/438/261 260/591/260 265/454/265
f 255/435/255 263/444/263 256/436/256
f 256/436/256 263/444/263 257/440/257
f 269/446/269 264/441/264 268/450/268
f 261/592/261 265/448/265 262/442/262
f 255/435/255 266/443/266 263/444/263
f 257/440/257 267/445/267 264/441/264
f 268/450/268 275/460/275 272/451/272
f 259/447/259 270/452/270 260/591/260
f 260/591/260 270/452/270 265/454/265
f 259/447/259 273/457/273 270/452/270
f 270/452/270 273/457/273 274/453/274
f 274/459/274 271/449/271 265/448/265
f 266/443/266 275/460/275 267/445/267
f 269/446/269 278/456/278 259/447/259
f 276/461/276 277/455/277 272/451/272
f 266/443/266 280/593/280 281/594/281
f 273/457/273 279/595/279 274/453/274
f 279/458/279 280/593/280 271/449/271
f 279/596/279 283/466/283 284/474/284
f 281/594/281 275/460/275 266/443/266
f 276/464/276 281/476/281 285/597/285
f 282/462/282 287/471/287 277/463/277
f 285/597/285 282/462/282 276/464/276
f 296/498/296 290/475/290 295/598/295
f 288/472/288 289/473/289 283/466/283
f 284/468/284 289/480/289 290/475/290
f 285/597/285 286/599/286 282/462/282
f 286/599/286 291/486/291 287/471/287
f 293/478/293 294/483/294 289/473/289
f 294/479/294 295/598/295 290/475/290
f 285/597/285 296/498/296 297/484/297
f 291/486/291 285/597/285 297/484/297
f 287/471/287 298/485/298 301/481/301
f 299/482/299 302/490/302 303/492/303
f 294/479/294 299/600/299 295/598/295
f 300/487/300 301/481/301 298/485/298
f 292/477/292 302/490/302 293/478/293
f 299/600/299 304/495/304 295/598/295
f 296/498/296 300/487/300 297/484/297
f 295/598/295 304/495/304 296/498/296
f 308/489/308 301/481/301 307/503/307
f 301/481/301 306/488/306 307/503/307
f 314/496/314 304/495/304 311/506/311
f 309/491/309 310/500/310 303/492/303
f 310/494/310 311/506/311 304/495/304
f 326/517/326 330/522/330 331/528/331
f 300/487/300 305/497/305 306/488/306
f 312/501/312 307/503/307 306/488/306
f 308/489/308 309/491/309 302/490/302
f 310/494/310 313/507/313 311/506/311
f 314/496/314 312/501/312 305/497/305
f 315/502/315 321/510/321 307/503/307
f 307/503/307 321/510/321 308/489/308
f 308/489/308 316/504/316 309/491/309
f 316/504/316 317/512/317 313/499/313
f 317/505/317 318/508/318 311/506/311
f 319/509/319 315/502/315 312/501/312
f 315/502/315 320/515/320 321/510/321
f 317/505/317 322/519/322 328/513/328
f 324/520/324 325/516/325 320/515/320
f 321/510/321 326/517/326 316/504/316
f 326/517/326 327/524/327 322/511/322
f 318/508/318 328/513/328 323/514/323
f 323/514/323 324/520/324 319/509/319
f 323/514/323 333/525/333 334/532/334
f 331/528/331 332/523/332 326/517/326
f 327/518/327 332/530/332 333/525/333
f 335/533/335 323/514/323 334/532/334
f 334/532/334 336/534/336 335/533/335
f 335/533/335 329/521/329 324/520/324
f 329/521/329 330/522/330 325/516/325
f 336/534/336 337/526/337 329/521/329
f 330/522/330 338/527/338 331/528/331
f 338/527/338 339/538/339 332/523/332
f 333/525/333 339/529/339 340/531/340
f 341/601/341 346/540/346 351/549/351
f 344/602/344 345/539/345 339/529/339
f 342/535/342 341/601/341 351/549/351
f 344/537/344 348/543/348 349/545/349
f 347/541/347 343/536/343 337/526/337
f 343/536/343 348/543/348 338/527/338
f 350/548/350 358/603/358 359/553/359
f 344/602/344 349/547/349 345/539/345
f 345/539/345 350/548/350 340/531/340
f 340/531/340 350/548/350 346/540/346
f 351/549/351 347/541/347 342/535/342
f 352/550/352 353/542/353 347/541/347
f 354/544/354 355/604/355 349/545/349
f 346/540/346 360/560/360 351/549/351
f 360/560/360 352/550/352 351/549/351
f 354/544/354 358/557/358 355/604/355
f 363/555/363 353/542/353 362/554/362
f 360/560/360 356/551/356 352/550/352
f 356/551/356 361/559/361 362/554/362
f 360/560/360 366/558/366 368/568/368
f 357/552/357 364/556/364 354/544/354
f 358/603/358 364/566/364 365/563/365
f 358/603/358 365/563/365 359/553/359
f 377/564/377 375/575/375 376/580/376
f 360/560/360 368/568/368 361/559/361
f 357/552/357 370/562/370 364/556/364
f 368/568/368 367/561/367 361/559/361
f 363/555/363 369/569/369 370/562/370
f 370/562/370 371/571/371 364/556/364
f 371/565/371 372/573/372 365/563/365
f 365/563/365 372/573/372 366/558/366
f 373/567/373 374/574/374 368/568/368
f 368/568/368 374/574/374 367/561/367
f 373/567/373 380/578/380 374/574/374
f 369/569/369 378/570/378 370/562/370
f 378/577/378 379/572/379 371/565/371
f 380/578/380 376/580/376 375/575/375
f 369/569/369 381/581/381 378/570/378
f 379/572/379 382/583/382 372/573/372
f 372/573/372 382/583/382 373/567/373
f 171/339/171 376/580/376 170/586/170
f 376/580/376 384/579/384 170/586/170
f 369/569/369 171/339/171 385/341/385
f 385/341/385 386/585/386 381/581/381
f 383/584/383 384/579/384 380/578/380
f 384/579/384 169/348/169 170/586/170
f 386/582/386 172/345/172 173/344/173
f 382/583/382 173/344/173 174/355/174
f 174/355/174 169/348/169 383/584/383
f 174/355/174 173/344/173 182/352/182
f 179/346/179 183/360/183 184/356/184
f 181/350/181 176/340/176 185/357/185
f 182/352/182 181/587/181 186/588/186
f 179/346/179 178/354/178 189/353/189
f 190/359/190 193/370/193 194/363/194
f 185/357/185 180/349/180 194/363/194
f 207/389/207 202/369/202 201/376/201
f 208/390/208 194/363/194 202/369/202
f 203/377/203 194/363/194 208/390/208
f 200/373/200 210/381/210 211/393/211
f 205/380/205 197/368/197 211/393/211
f 206/386/206 201/376/201 205/380/205
f 227/400/227 211/393/211 218/392/218
f 220/401/220 228/409/228 225/402/225
f 222/397/222 217/391/217 229/416/229
f 228/409/228 220/401/220 227/400/227
f 231/406/231 236/418/236 240/413/240
f 234/410/234 230/405/230 242/421/242
f 238/415/238 237/419/237 246/590/246
f 245/425/245 240/413/240 244/424/244
f 247/427/247 246/590/246 249/431/249
f 245/425/245 256/436/256 249/431/249
f 241/420/241 250/426/250 258/437/258
f 254/433/254 241/420/241 259/447/259
f 255/435/255 252/428/252 261/592/261
f 261/438/261 254/433/254 260/591/260
f 269/446/269 258/437/258 264/441/264
f 268/450/268 267/445/267 275/460/275
f 269/446/269 277/455/277 278/456/278
f 266/443/266 271/449/271 280/593/280
f 279/596/279 273/467/273 283/466/283
f 276/464/276 275/605/275 281/476/281
f 282/462/282 286/599/286 287/471/287
f 296/498/296 281/476/281 290/475/290
f 285/597/285 281/476/281 296/498/296
f 291/486/291 286/599/286 285/597/285
f 287/471/287 291/486/291 298/485/298
f 299/482/299 293/478/293 302/490/302
f 299/600/299 303/493/303 304/495/304
f 296/498/296 305/497/305 300/487/300
f 308/489/308 292/477/292 301/481/301
f 314/496/314 296/498/296 304/495/304
f 326/517/326 321/510/321 330/522/330
f 323/514/323 328/513/328 333/525/333
f 335/533/335 324/520/324 323/514/323
f 334/532/334 341/601/341 336/534/336
f 341/601/341 334/532/334 346/540/346
f 342/535/342 336/534/336 341/601/341
f 344/537/344 338/527/338 348/543/348
f 350/548/350 355/546/355 358/603/358
f 363/555/363 343/536/343 353/542/353
f 360/560/360 346/540/346 366/558/366
f 377/564/377 367/561/367 375/575/375
f 373/567/373 383/584/383 380/578/380
f 171/339/171 377/564/377 376/580/376
f 369/569/369 377/564/377 171/339/171
o Torus.001
v 1.412510 -1.025142 -0.597102
v 1.374513 -1.038868 -0.570691
v 1.414953 -0.946253 -0.550468
v 1.413864 -0.994362 -0.510164
v 1.440398 -1.020607 -0.502543
v 1.496841 -0.919151 -0.550537
v 1.473217 -0.960352 -0.581532
v 1.350473 -1.134560 -0.563813
v 1.297261 -1.253876 -0.464061
v 1.334939 -1.202287 -0.449645
v 1.380416 -1.126094 -0.469825
v 1.386479 -1.194049 -0.474255
v 1.367042 -1.196847 -0.541446
v 1.318967 -1.271529 -0.517506
v 1.281857 -1.297107 -0.475089
v 1.356909 -1.248367 -0.429140
v 1.339081 -1.331423 -0.450983
v 1.267712 -1.387299 -0.447594
v 1.265164 -1.408563 -0.344504
v 1.310405 -1.347639 -0.365741
v 1.315916 -1.424640 -0.348076
v 1.295982 -1.426186 -0.421909
v 1.251196 -1.518042 -0.361899
v 1.222219 -1.545665 -0.316962
v 1.220220 -1.536628 -0.278736
v 1.282339 -1.454325 -0.290457
v 1.273535 -1.588744 -0.267487
v 1.224788 -1.663778 -0.221506
v 1.245585 -1.548374 -0.209351
v 1.279159 -1.559191 -0.205828
v 1.277498 -1.623271 -0.180707
v 1.198496 -1.685647 -0.149811
v 1.230718 -1.675443 -0.058077
v 1.268947 -1.639827 -0.110044
v 1.245687 -1.742574 -0.101039
v 1.202949 -1.781803 -0.041883
v 1.202279 -1.789289 0.059039
v 1.265237 -1.710077 -0.007551
v 1.268250 -1.716896 -0.083641
v 1.228554 -1.823449 0.013783
v 1.208322 -1.845971 0.083501
v 1.233427 -1.805209 0.173166
v 1.256629 -1.765687 0.114265
v 1.279368 -1.805632 0.160555
v 1.291037 -1.858734 0.234281
v 1.268708 -1.861558 0.147305
v 1.239540 -1.905061 0.209034
v 1.219157 -1.884323 0.229191
v 1.269167 -1.810804 0.230524
v 1.261700 -1.939183 0.341841
v 1.249419 -1.921391 0.399834
v 1.299551 -1.909535 0.578269
v 1.283785 -1.865166 0.426337
v 1.305599 -1.850350 0.350212
v 1.348365 -1.940659 0.541538
v 1.280903 -1.952002 0.490233
v 1.323712 -1.862164 0.489301
v 1.361214 -1.891528 0.540625
v 1.303011 -1.948998 0.432930
v 1.333050 -1.960261 0.616417
v 1.322559 -1.930679 0.661838
v 1.360598 -1.862271 0.618205
v 1.364494 -1.938395 0.754197
v 1.368032 -1.861673 0.701427
v 1.415055 -1.856177 0.726188
v 1.466139 -1.865046 0.836500
v 1.490376 -1.869957 0.910758
v 1.418567 -1.929610 0.787559
v 1.432391 -1.913628 0.878875
v 1.427583 -1.871551 0.925204
v 1.464635 -1.806013 0.974129
v 1.448941 -1.818748 0.848428
v 1.496115 -1.813446 0.906002
v 1.481518 -1.855374 1.012350
v 1.501963 -1.774531 0.958029
v 1.536116 -1.835161 1.043637
v 1.541676 -1.792418 1.120565
v 1.582859 -1.713727 1.196983
v 1.590173 -1.668363 1.164808
v 1.561440 -1.714985 1.061255
v 1.610236 -1.695785 1.106393
v 1.624730 -1.719688 1.216168
v 1.626025 -1.627417 1.237312
v 1.617996 -1.645813 1.147687
v 1.656289 -1.686563 1.183666
v 1.684710 -1.657846 1.259517
v 1.676157 -1.625111 1.305001
v 1.712571 -1.532304 1.353209
v 1.676998 -1.566323 1.225025
v 1.679860 -1.624676 1.197262
v 1.755353 -1.532368 1.369925
v 1.759962 -1.422520 1.339253
v 1.754068 -1.481106 1.284725
v 1.807529 -1.434877 1.327802
v 1.814461 -1.464809 1.368155
v 1.812889 -1.408541 1.432451
v 1.825980 -1.321191 1.430366
v 1.803033 -1.373420 1.339684
v 1.861470 -1.370005 1.439374
v 1.909752 -1.231595 1.484288
v 1.857580 -1.251933 1.394741
v 1.880183 -1.268449 1.371852
v 1.937065 -1.200475 1.397268
v 1.978848 -1.045767 1.485209
v 1.941414 -1.083302 1.429236
v 1.925529 -1.142399 1.397026
v 2.060663 -0.987408 1.447691
v 1.960590 -1.196106 1.467201
v 2.019524 -1.044525 1.489977
v 1.981565 -1.023547 1.398442
v 2.038553 -0.982485 1.399835
v 2.075068 -0.912282 1.475819
v 2.044136 -0.900599 1.470066
v 1.993629 -0.966832 1.439952
v 2.033764 -0.906511 1.383685
v 2.112249 -0.775310 1.446252
v 2.128119 -0.670348 1.398780
v 2.114759 -0.662183 1.367825
v 2.090063 -0.726703 1.352401
v 2.089442 -0.804779 1.352366
v 2.136119 -0.755129 1.352857
v 2.143796 -0.773437 1.417240
v 2.172574 -0.654901 1.389771
v 2.133790 -0.686375 1.305580
v 2.228582 -0.498040 1.243824
v 2.190227 -0.537945 1.335561
v 2.183433 -0.465307 1.272667
v 2.157892 -0.503852 1.230254
v 2.165762 -0.571531 1.242622
v 2.208559 -0.519399 1.226079
v 2.231649 -0.489756 1.272501
v 2.221417 -0.419561 1.251857
v 2.209235 -0.292231 1.103745
v 2.193364 -0.465692 1.165078
v 2.257773 -0.317568 1.145893
v 2.240304 -0.263509 1.101520
v 2.203744 -0.256310 1.013034
v 2.196452 -0.368299 1.085073
v 2.236461 -0.331327 1.042355
v 2.269116 -0.301137 1.087104
v 2.268489 -0.227407 1.043288
v 2.205215 -0.287292 0.991187
v 2.271145 -0.184665 0.892455
v 2.256839 -0.136756 0.924126
v 2.217754 -0.156706 0.919376
v 2.208400 -0.213494 0.884760
v 2.242755 -0.217503 0.881830
v 2.278245 -0.154066 0.897012
v 2.265008 -0.080453 0.799734
v 2.223695 -0.045356 0.730183
v 2.190537 -0.110075 0.719451
v 2.205021 -0.130182 0.708897
v 2.231892 -0.129359 0.707224
v 2.249447 -0.029850 0.671319
v 2.171016 -0.007206 0.524298
v 2.245980 -0.052157 0.599549
v 2.196284 0.026025 0.469889
v 2.146665 -0.033803 0.467415
v 2.165642 -0.073968 0.526665
v 2.198980 -0.077662 0.519124
v 2.219411 0.002181 0.457178
v 2.127058 0.028375 0.289975
v 2.106427 0.003593 0.289989
v 2.118051 -0.045449 0.343138
v 2.153069 -0.065857 0.398091
v 2.162160 -0.047734 0.326574
v 2.153117 0.024945 0.251687
v 2.076221 -0.029589 0.222890
v 2.118900 -0.064386 0.277510
v 2.082825 -0.049272 0.041976
v 2.132265 -0.002393 0.163252
v 2.091276 0.017493 0.124875
v 2.024056 -0.068381 0.086772
v 2.074076 -0.077922 0.150530
v 2.075881 -0.075103 0.075965
v 2.052714 -0.020534 -0.006284
v 1.992784 -0.041565 -0.055148
v 2.039281 -0.015140 0.091416
v 2.022025 -0.110619 0.025510
v 1.995113 -0.070723 -0.128502
v 1.891043 -0.157531 -0.184873
v 1.956961 -0.145482 -0.072382
v 1.973596 -0.161168 -0.117627
v 1.976516 -0.127948 -0.177142
v 1.934397 -0.135219 -0.238145
v 1.883765 -0.150013 -0.249432
v 1.858376 -0.223133 -0.227754
v 1.915284 -0.210741 -0.177674
v 1.863236 -0.272782 -0.347663
v 1.819651 -0.244960 -0.376620
v 1.802512 -0.309339 -0.309946
v 1.852819 -0.283578 -0.270041
v 1.850295 -0.303914 -0.325582
v 1.837785 -0.263112 -0.384035
v 1.711775 -0.383004 -0.464711
v 1.703436 -0.398347 -0.439132
v 1.721615 -0.406290 -0.396751
v 1.794488 -0.363949 -0.344818
v 1.731367 -0.404181 -0.494654
v 1.733505 -0.452266 -0.407548
v 1.684120 -0.553275 -0.494115
v 1.681644 -0.553516 -0.519675
v 1.700558 -0.492574 -0.525310
v 1.646034 -0.511472 -0.546804
v 1.602991 -0.587792 -0.496390
v 1.655841 -0.552151 -0.456023
v 1.646337 -0.607954 -0.487261
v 1.593271 -0.636142 -0.589340
v 1.535722 -0.688755 -0.582242
v 1.591781 -0.579506 -0.531814
v 1.593980 -0.658669 -0.490709
v 1.582158 -0.713185 -0.586553
v 1.529511 -0.763676 -0.610401
v 1.531875 -0.776906 -0.510929
v 1.521044 -0.843403 -0.522488
v 1.467489 -0.896644 -0.613151
v 1.449168 -0.867981 -0.592349
v 1.479166 -0.846663 -0.524032
vn 0.0761 -0.1995 -0.9769
vn -0.8998 0.3057 -0.3114
vn -0.8815 0.4113 0.2317
vn -0.5481 0.3727 0.7488
vn 0.4653 0.0172 0.8850
vn 0.9058 -0.4181 0.0685
vn 0.7928 -0.3950 -0.4641
vn -0.6094 -0.0395 -0.7919
vn -0.8924 0.4018 0.2055
vn -0.5474 0.4556 0.7020
vn 0.1947 0.1978 0.9607
vn 0.9291 -0.1919 0.3161
vn 0.5608 -0.4446 -0.6985
vn -0.1263 -0.3933 -0.9107
vn -0.9510 0.1654 -0.2613
vn 0.5128 0.2741 0.8136
vn 0.8559 -0.4215 -0.2995
vn -0.7026 -0.2489 -0.6666
vn -0.6486 0.5412 0.5352
vn 0.1214 0.4534 0.8830
vn 0.9676 -0.0754 0.2409
vn 0.5183 -0.5650 -0.6420
vn -0.0260 -0.6364 -0.7709
vn -0.9166 -0.1404 -0.3743
vn -0.9370 0.3163 0.1486
vn 0.1514 0.6428 0.7509
vn 0.7614 -0.5152 -0.3934
vn -0.1158 -0.7406 -0.6619
vn -0.4737 0.6646 0.5778
vn 0.6923 0.4353 0.5756
vn 0.9919 -0.1266 -0.0111
vn -0.9930 -0.0560 -0.1036
vn -0.4388 0.7445 0.5031
vn 0.7847 0.4477 0.4289
vn 0.5665 -0.6861 -0.4564
vn -0.7922 -0.5198 -0.3197
vn -0.9579 0.2333 0.1676
vn 0.7804 0.5655 0.2666
vn 0.9455 -0.2786 -0.1685
vn 0.2107 -0.8625 -0.4601
vn -0.8260 -0.5381 -0.1680
vn -0.6360 0.6974 0.3302
vn 0.1364 0.8830 0.4491
vn 0.8836 0.4560 0.1060
vn 0.9773 -0.1000 -0.1868
vn 0.7399 -0.5997 -0.3049
vn -0.0410 -0.9592 -0.2797
vn -0.9799 -0.1708 0.1033
vn 0.0707 0.9648 0.2535
vn -0.1273 -0.9709 -0.2026
vn -0.9770 -0.1107 0.1824
vn -0.9166 0.2980 0.2664
vn -0.4304 0.8738 0.2265
vn 0.6151 0.7879 0.0314
vn 0.7784 -0.5869 -0.2229
vn -0.6692 -0.7306 0.1359
vn 0.2438 0.9698 -0.0015
vn 0.9535 0.1220 -0.2756
vn 0.4738 -0.8540 -0.2152
vn -0.0448 -0.9967 0.0673
vn -0.9342 -0.1382 0.3290
vn 0.2493 0.9583 -0.1395
vn -0.6083 -0.7038 0.3669
vn -0.4685 0.8828 0.0343
vn 0.5083 0.7951 -0.3308
vn 0.9247 -0.0957 -0.3684
vn 0.8193 -0.5419 -0.1872
vn 0.5674 -0.8214 -0.0578
vn -0.0165 -0.9458 0.3242
vn -0.8954 -0.0875 0.4366
vn -0.8397 0.5006 0.2106
vn -0.0813 0.9716 -0.2223
vn 0.6643 0.4921 -0.5626
vn -0.5026 -0.6349 0.5867
vn -0.2841 0.9036 -0.3205
vn 0.5988 -0.7913 0.1233
vn -0.4978 -0.5575 0.6644
vn -0.8004 -0.0479 0.5976
vn -0.6931 0.7130 -0.1058
vn -0.2351 0.8734 -0.4266
vn 0.7173 0.2693 -0.6427
vn 0.2172 -0.8029 0.5551
vn -0.8792 0.3594 0.3129
vn -0.2476 0.8011 -0.5449
vn 0.8690 -0.4066 -0.2821
vn 0.7156 -0.6733 0.1858
vn -0.2873 -0.4818 0.8279
vn -0.7420 0.0697 0.6667
vn -0.1227 0.6378 -0.7604
vn 0.7572 0.0243 -0.6528
vn 0.3208 -0.6295 0.7077
vn -0.7721 0.5900 -0.2362
vn 0.1252 0.4994 -0.8573
vn 0.7547 -0.1353 -0.6420
vn 0.8620 -0.5036 -0.0585
vn -0.3117 -0.2025 0.9283
vn -0.8291 0.3253 0.4548
vn -0.2776 0.4512 -0.8481
vn 0.6601 -0.5342 0.5281
vn -0.2135 -0.0536 0.9755
vn -0.8207 0.4912 -0.2920
vn -0.0554 0.2941 -0.9542
vn 0.5667 -0.1464 -0.8108
vn -0.6065 0.2951 0.7383
vn -0.8501 0.4161 -0.3229
vn -0.4470 0.3081 -0.8398
vn 0.9158 -0.3997 -0.0404
vn 0.8386 -0.4560 0.2980
vn 0.5351 -0.2012 0.8205
vn -0.5906 0.2624 -0.7631
vn 0.5999 -0.3495 -0.7197
vn 0.5569 -0.0885 0.8259
vn -0.5689 0.3641 0.7374
vn -0.9017 0.4110 0.1344
vn -0.6305 0.0468 -0.7748
vn 0.0473 0.2865 0.9569
vn -0.5028 0.4842 0.7160
vn -0.8645 0.4142 0.2846
vn -0.9213 0.2206 -0.3201
vn -0.0481 -0.2293 -0.9722
vn 0.1349 -0.4134 -0.9005
vn 0.9353 -0.2557 0.2448
vn 0.7143 0.1059 0.6918
vn -0.0845 -0.4404 -0.8938
vn 0.9118 -0.3640 -0.1899
vn 0.1077 0.4993 0.8597
vn -0.6393 0.5522 0.5351
vn -0.9496 0.0161 -0.3130
vn -0.1423 -0.4634 -0.8746
vn 0.6761 -0.5325 -0.5092
vn 0.9575 -0.0488 0.2843
vn 0.1413 0.6213 0.7707
vn -0.7728 0.5092 0.3788
vn -0.1622 -0.6508 -0.7418
vn 0.7884 0.3568 0.5011
vn -0.1862 0.7536 0.6304
vn -0.9834 0.1674 0.0702
vn -0.6238 -0.4663 -0.6272
vn 0.3092 -0.7306 -0.6088
vn 0.9902 -0.1396 -0.0088
vn 0.7834 0.4778 0.3974
vn -0.8096 -0.4482 -0.3790
vn 0.8941 -0.3781 -0.2401
vn 0.1400 0.8497 0.5084
vn -0.7498 0.5616 0.3499
vn -0.6207 -0.6939 -0.3651
vn 0.4638 -0.7584 -0.4580
vn 0.9940 0.1035 0.0339
vn 0.7868 0.5885 0.1859
vn -0.4372 0.8227 0.3632
vn -0.9886 -0.1377 0.0610
vn -0.4622 -0.8447 -0.2700
vn 0.4898 -0.7888 -0.3714
vn 0.7459 0.6582 0.1021
vn -0.7665 0.5809 0.2740
vn 0.9500 -0.2258 -0.2156
vn 0.0154 0.9910 0.1328
vn -0.9635 0.0985 0.2487
vn -0.6871 -0.7261 -0.0278
vn 0.4603 -0.8538 -0.2432
vn 0.9606 0.1797 -0.2121
vn -0.4629 0.8776 0.1248
vn -0.8482 0.4692 0.2459
vn -0.7947 -0.5651 0.2218
vn -0.0735 -0.9924 -0.0982
vn 0.0225 -0.9997 -0.0133
vn 0.6677 0.7073 -0.2320
vn -0.9356 0.1719 0.3085
vn 0.0221 -0.9967 0.0779
vn 0.9169 -0.2027 -0.3439
vn 0.9274 0.1263 -0.3521
vn -0.0160 0.9841 -0.1771
vn -0.8962 -0.1362 0.4222
vn -0.0125 -0.9908 0.1349
vn 0.7238 -0.6769 -0.1336
vn 0.5563 0.6792 -0.4788
vn -0.5798 0.8124 -0.0614
vn -0.8005 0.5678 0.1917
vn 0.0441 -0.9351 0.3516
vn 0.5083 0.6420 -0.5740
vn -0.8822 0.3440 0.3216
vn -0.4771 -0.6979 0.5342
vn 0.5665 -0.8107 0.1480
vn 0.8884 -0.0829 -0.4514
vn 0.4981 0.5396 -0.6788
vn -0.6422 0.7530 -0.1432
vn -0.7275 -0.1866 0.6602
vn 0.0024 -0.8405 0.5419
vn 0.8803 -0.2637 -0.3943
vn -0.3712 0.7716 -0.5166
vn -0.1106 -0.6313 0.7676
vn 0.1491 -0.7851 0.6012
vn 0.7997 -0.6004 0.0107
vn 0.6258 0.2101 -0.7512
vn -0.7055 0.6503 -0.2818
vn -0.8710 0.4362 0.2261
vn -0.7410 0.0476 0.6699
vn 0.2225 -0.6987 0.6799
vn 0.3366 0.3441 -0.8765
vn 0.1839 -0.5802 0.7934
vn 0.8538 -0.5183 0.0485
vn 0.8705 -0.3877 -0.3034
vn 0.7035 -0.1003 -0.7036
vn -0.3962 0.5321 -0.7482
vn -0.7937 0.2668 0.5467
vn -0.2726 -0.2743 0.9222
vn 0.6130 -0.4928 0.6176
vn 0.1233 0.1849 -0.9750
vn -0.8149 0.4634 -0.3483
vn -0.8763 0.4794 0.0476
vn -0.2308 -0.0660 0.9708
vn 0.7375 -0.2790 -0.6150
vn 0.0988 0.0071 -0.9951
vn -0.1195 -0.0774 0.9898
vn 0.4147 -0.2907 0.8623
vn 0.1203 -0.0985 -0.9878
vn -0.8561 0.3873 -0.3421
vn -0.5361 0.2434 0.8083
vt 0.520833 0.541865
vt 0.505368 0.621119
vt 0.500000 0.453325
vt 0.500000 0.871125
vt 0.520833 0.949982
vt 0.500000 1.000000
vt 0.529634 0.143878
vt 0.481771 0.166667
vt 0.500000 0.036881
vt 0.527866 0.361245
vt 0.488528 0.275969
vt 0.548409 0.630795
vt 0.542775 0.750000
vt 0.541667 0.041693
vt 0.520833 0.000000
vt 0.552083 0.250000
vt 0.541667 0.463119
vt 0.562500 0.538299
vt 0.535173 0.863227
vt 0.562500 0.961701
vt 0.541667 1.000000
vt 0.573890 0.122824
vt 0.567939 0.374337
vt 0.595957 0.686148
vt 0.583333 0.458134
vt 0.573075 0.833333
vt 0.604167 0.878202
vt 0.583333 0.958308
vt 0.604167 0.046676
vt 0.583333 0.000000
vt 0.614583 0.166667
vt 0.600911 0.304256
vt 0.613818 0.458215
vt 0.625000 0.625039
vt 0.592691 0.583333
vt 0.625000 0.041686
vt 0.635575 0.333333
vt 0.645833 0.541871
vt 0.659993 0.695169
vt 0.635810 0.879284
vt 0.656250 0.416667
vt 0.666667 0.550019
vt 0.666667 0.958129
vt 0.645833 1.000000
vt 0.676817 0.289503
vt 0.635967 0.238150
vt 0.687500 0.620478
vt 0.677083 0.833333
vt 0.687500 0.954748
vt 0.687500 0.458129
vt 0.718177 0.836702
vt 0.687500 0.000000
vt 0.708333 0.036882
vt 0.676024 0.083333
vt 0.729167 0.541870
vt 0.715076 0.630795
vt 0.708333 0.463119
vt 0.729167 0.963119
vt 0.708333 1.000000
vt 0.740016 0.132592
vt 0.689868 0.166667
vt 0.738921 0.317068
vt 0.755509 0.628678
vt 0.742567 0.750000
vt 0.764560 0.867849
vt 0.750000 0.000000
vt 0.729167 0.000000
vt 0.750000 0.463119
vt 0.721854 0.387417
vt 0.770833 0.545252
vt 0.770833 0.041692
vt 0.777700 0.368891
vt 0.798475 0.637797
vt 0.810173 0.773553
vt 0.791667 0.958129
vt 0.770833 1.000000
vt 0.803143 0.083333
vt 0.789300 0.166667
vt 0.791667 0.463119
vt 0.812500 0.536881
vt 0.812500 0.000000
vt 0.791667 0.000000
vt 0.822385 0.384117
vt 0.856846 0.230949
vt 0.800418 0.250000
vt 0.865353 0.750000
vt 0.851799 0.833333
vt 0.854167 0.958314
vt 0.833333 0.963119
vt 0.854167 0.000000
vt 0.844544 0.083333
vt 0.833333 0.000000
vt 0.866207 0.143822
vt 0.854167 0.453324
vt 0.833333 0.541871
vt 0.875000 0.533358
vt 0.850239 0.614756
vt 0.890678 0.624575
vt 0.905687 0.837836
vt 0.875000 0.953324
vt 0.895833 0.036881
vt 0.875000 0.000000
vt 0.907551 0.322426
vt 0.868426 0.370392
vt 0.895833 0.463119
vt 0.916667 0.541871
vt 0.916667 0.963118
vt 0.895833 1.000000
vt 0.925230 0.416667
vt 0.947495 0.544176
vt 0.927918 0.712451
vt 0.937500 0.874354
vt 0.916667 0.000000
vt 0.937500 0.041871
vt 0.908150 0.151468
vt 0.958333 0.953324
vt 0.937500 1.000000
vt 0.952023 0.144737
vt 0.985569 0.271637
vt 0.954655 0.386394
vt 0.975889 0.610313
vt 0.989186 0.752773
vt 0.968750 0.833333
vt 0.979167 0.954748
vt 0.979167 0.458129
vt 1.000000 0.000000
vt 0.990071 0.128274
vt 0.979167 0.000000
vt 0.000000 0.466642
vt 0.020833 0.541871
vt 0.000000 0.625051
vt 0.000000 0.752773
vt 0.031401 0.873582
vt 0.000000 0.963118
vt 0.020833 0.036881
vt 0.000000 0.128274
vt 0.000000 0.000000
vt 0.029397 0.166667
vt 0.007712 0.271637
vt 0.024537 0.387041
vt 0.041667 0.050019
vt 0.041667 0.453324
vt 0.062500 0.541865
vt 0.037578 0.621811
vt 0.072917 0.166667
vt 0.074589 0.250000
vt 0.072722 0.379486
vt 0.083333 0.538299
vt 0.074613 0.666667
vt 0.110841 0.695169
vt 0.040191 0.750000
vt 0.073015 0.872010
vt 0.083333 1.000000
vt 0.062500 1.000000
vt 0.083333 0.041866
vt 0.062500 0.036882
vt 0.104167 0.963119
vt 0.114583 0.128137
vt 0.104167 0.453324
vt 0.125000 0.458129
vt 0.114583 0.583333
vt 0.125202 0.833333
vt 0.125000 0.958314
vt 0.125000 0.000000
vt 0.104167 0.000000
vt 0.147006 0.250000
vt 0.112887 0.333333
vt 0.145833 0.536881
vt 0.145833 0.125039
vt 0.149096 0.384917
vt 0.178088 0.625906
vt 0.146378 0.670610
vt 0.177477 0.879284
vt 0.145833 0.958308
vt 0.166667 0.458129
vt 0.187500 0.463119
vt 0.209562 0.657766
vt 0.196088 0.301252
vt 0.218328 0.544176
vt 0.208333 0.949981
vt 0.177083 1.000000
vt 0.218750 0.378413
vt 0.247397 0.750000
vt 0.219041 0.833333
vt 0.229167 0.041871
vt 0.208333 0.116710
vt 0.208333 0.000000
vt 0.239583 0.166667
vt 0.258995 0.833333
vt 0.239014 0.916667
vt 0.250000 0.045252
vt 0.250000 0.453325
vt 0.270833 0.541871
vt 0.246116 0.620447
vt 0.279478 0.691172
vt 0.302562 0.623407
vt 0.283927 0.890080
vt 0.291667 1.000000
vt 0.270833 1.000000
vt 0.291667 0.041866
vt 0.281408 0.166667
vt 0.270833 0.041692
vt 0.291667 0.466642
vt 0.264091 0.369204
vt 0.312500 0.958129
vt 0.318375 0.130337
vt 0.333333 0.041871
vt 0.312500 0.000000
vt 0.323208 0.333333
vt 0.333333 0.449981
vt 0.312500 0.458129
vt 0.364161 0.544176
vt 0.339195 0.623146
vt 0.362730 0.166667
vt 0.360467 0.300366
vt 0.365377 0.916667
vt 0.375000 1.000000
vt 0.354167 1.000000
vt 0.375000 0.041686
vt 0.354167 0.036881
vt 0.365090 0.416667
vt 0.395833 0.458129
vt 0.416667 0.541871
vt 0.392326 0.616853
vt 0.428549 0.698352
vt 0.393230 0.750000
vt 0.416667 0.966642
vt 0.395833 1.000000
vt 0.389752 0.866619
vt 0.426290 0.083333
vt 0.416701 0.166667
vt 0.395833 0.036881
vt 0.448215 0.619873
vt 0.427241 0.833333
vt 0.437500 0.958129
vt 0.437500 0.466642
vt 0.409603 0.367521
vt 0.448075 0.333333
vt 0.458333 0.458129
vt 0.490669 0.750000
vt 0.479167 0.625635
vt 0.473140 0.859072
vt 0.562500 0.000000
vt 0.604167 1.000000
vt 0.625000 1.000000
vt 0.645833 0.036881
vt 0.666667 0.000000
vt 0.750000 0.958134
vt 0.812500 0.958129
vt 0.958333 0.000000
vt 1.000000 0.625051
vt 1.000000 0.963118
vt 1.000000 0.466642
vt 0.020833 1.000000
vt 0.041667 1.000000
vt 0.145833 0.000000
vt 0.177083 0.000000
vt 0.177477 0.120716
vt 0.229167 1.000000
vt 0.250000 1.000000
vt 0.285263 0.307237
vt 0.331991 0.790463
vt 0.344435 0.872261
vt 0.333333 1.000000
vt 0.418143 0.250000
vt 0.458333 0.953324
vt 0.416667 0.000000
vt 0.437500 0.000000
vt 0.458333 0.000000
vt 0.469451 0.065554
vt 0.479167 0.454748
vt 0.479167 1.000000
s 1
g Torus.001_Mat_Navio_Ferrugem_30.002
usemtl Mat_Navio_Ferrugem_30.002
f 394/606/394 388/607/388 387/608/387
f 390/609/390 397/610/397 391/611/391
f 398/612/398 392/613/392 391/614/391
f 399/615/399 387/608/387 393/616/393
f 401/617/401 388/607/388 394/606/394
f 401/617/401 395/618/395 388/607/388
f 402/619/402 398/612/398 397/620/397
f 398/612/398 403/621/403 393/616/393
f 403/621/403 399/615/399 393/616/393
f 399/615/399 400/622/400 394/606/394
f 404/623/404 401/617/401 400/622/400
f 396/624/396 406/625/406 402/626/402
f 407/627/407 398/612/398 402/619/402
f 407/627/407 403/621/403 398/612/398
f 399/615/399 408/628/408 400/622/400
f 411/629/411 395/618/395 401/617/401
f 409/630/409 404/623/404 408/628/408
f 405/631/405 415/632/415 412/633/412
f 416/634/416 407/627/407 412/635/412
f 417/636/417 413/637/413 407/627/407
f 414/638/414 418/639/418 410/640/410
f 410/640/410 418/639/418 411/629/411
f 420/641/420 417/636/417 416/634/416
f 421/642/421 414/638/414 413/637/413
f 422/643/422 418/639/418 414/638/414
f 418/639/418 423/644/423 411/629/411
f 423/644/423 419/645/419 411/629/411
f 421/642/421 426/646/426 414/638/414
f 427/647/427 423/644/423 422/643/422
f 429/648/429 424/649/424 419/645/419
f 432/650/432 421/642/421 425/651/425
f 427/647/427 434/652/434 423/644/423
f 428/653/428 435/654/435 429/648/429
f 426/646/426 433/655/433 427/647/427
f 439/656/439 435/654/435 428/653/428
f 435/657/435 440/658/440 430/659/430
f 442/660/442 437/661/437 436/662/436
f 443/663/443 440/664/440 439/656/439
f 444/665/444 431/666/431 440/658/440
f 444/665/444 441/667/441 431/666/431
f 447/668/447 437/661/437 442/660/442
f 447/668/447 438/669/438 437/661/437
f 438/669/438 450/670/450 439/656/439
f 448/671/448 444/665/444 443/672/443
f 446/673/446 442/660/442 445/674/445
f 449/675/449 447/668/447 446/673/446
f 451/676/451 444/665/444 448/671/448
f 441/667/441 454/677/454 446/673/446
f 449/675/449 456/678/456 447/668/447
f 438/669/438 457/679/457 450/670/450
f 450/670/450 458/680/458 451/681/451
f 459/682/459 452/683/452 451/676/451
f 454/677/454 455/684/455 449/675/449
f 460/685/460 456/678/456 455/684/455
f 461/686/461 459/682/459 458/687/458
f 454/677/454 462/688/462 455/684/455
f 471/689/471 453/690/453 452/683/452
f 469/691/469 465/692/465 457/679/457
f 465/692/465 470/693/470 466/694/466
f 470/695/470 467/696/467 466/697/466
f 467/696/467 476/698/476 471/689/471
f 468/699/468 463/700/463 462/688/462
f 473/701/473 464/702/464 468/699/468
f 474/703/474 469/691/469 464/702/464
f 478/704/478 475/705/475 465/692/465
f 479/706/479 476/698/476 475/707/475
f 481/708/481 472/709/472 471/689/471
f 477/710/477 473/701/473 472/709/472
f 482/711/482 474/703/474 477/710/477
f 484/712/484 479/713/479 478/704/478
f 481/708/481 485/714/485 477/710/477
f 486/715/486 483/716/483 482/711/482
f 478/704/478 487/717/487 484/712/484
f 484/718/484 488/719/488 480/720/480
f 492/721/492 488/722/488 487/717/487
f 489/723/489 493/724/493 481/708/481
f 493/724/493 494/725/494 481/708/481
f 494/725/494 486/715/486 485/714/485
f 490/726/490 500/727/500 483/716/483
f 500/727/500 491/728/491 483/716/483
f 491/728/491 496/729/496 492/721/492
f 494/725/494 495/730/495 486/715/486
f 501/731/501 497/732/497 496/733/496
f 498/734/498 502/735/502 499/736/499
f 500/737/500 505/738/505 501/739/501
f 506/740/506 497/741/497 501/742/501
f 507/743/507 493/744/493 497/741/497
f 493/744/493 508/745/508 498/734/498
f 510/746/510 507/743/507 506/740/506
f 509/747/509 502/735/502 508/745/508
f 512/748/512 503/749/503 509/747/509
f 516/750/516 511/751/511 507/743/507
f 517/752/517 509/747/509 508/745/508
f 518/753/518 513/754/513 512/748/512
f 513/754/513 519/755/519 504/756/504
f 519/755/519 514/757/514 504/756/504
f 514/757/514 520/758/520 515/759/515
f 520/760/520 516/750/516 515/761/515
f 517/752/517 518/753/518 512/748/512
f 514/757/514 524/762/524 520/758/520
f 525/763/525 516/750/516 520/760/520
f 521/764/521 518/753/518 517/752/517
f 527/765/527 522/766/522 521/764/521
f 523/767/523 528/768/528 524/762/524
f 528/769/528 525/763/525 524/770/524
f 529/771/529 526/772/526 511/751/511
f 530/773/530 522/766/522 527/765/527
f 533/774/533 529/771/529 525/763/525
f 529/771/529 534/775/534 526/772/526
f 534/775/534 527/765/527 526/772/526
f 536/776/536 531/777/531 530/773/530
f 523/767/523 537/778/537 532/779/532
f 535/780/535 530/773/530 534/775/534
f 540/781/540 536/776/536 535/780/535
f 541/782/541 537/778/537 531/777/531
f 529/771/529 542/783/542 534/775/534
f 543/784/543 536/776/536 540/781/540
f 545/785/545 538/786/538 537/778/537
f 542/783/542 547/787/547 540/781/540
f 549/788/549 544/789/544 541/782/541
f 551/790/551 546/791/546 545/792/545
f 552/793/552 542/783/542 546/791/546
f 554/794/554 550/795/550 544/789/544
f 555/796/555 552/793/552 551/790/551
f 547/787/547 553/797/553 543/784/543
f 558/798/558 548/799/548 553/797/553
f 564/800/564 549/788/549 548/799/548
f 563/801/563 564/800/564 558/798/558
f 559/802/559 565/803/565 560/804/560
f 565/805/565 561/806/561 560/807/560
f 562/808/562 558/798/558 557/809/557
f 559/802/559 568/810/568 565/803/565
f 569/811/569 561/806/561 565/805/565
f 574/812/574 569/811/569 568/813/568
f 570/814/570 571/815/571 566/816/566
f 576/817/576 572/818/572 571/815/571
f 579/819/579 575/820/575 569/811/569
f 577/821/577 584/822/584 578/823/578
f 584/824/584 579/819/579 578/825/578
f 580/826/580 585/827/585 576/817/576
f 590/828/590 581/829/581 585/827/585
f 596/830/596 582/831/582 581/829/581
f 592/832/592 586/833/586 583/834/583
f 593/835/593 587/836/587 586/837/586
f 595/838/595 596/830/596 590/828/590
f 596/830/596 591/839/591 582/831/582
f 591/839/591 597/840/597 592/832/592
f 594/841/594 590/828/590 589/842/589
f 598/843/598 599/844/599 594/841/594
f 388/607/388 389/845/389 603/846/603
f 389/845/389 390/609/390 604/847/604
f 388/607/388 395/618/395 389/845/389
f 404/623/404 411/629/411 401/617/401
f 390/609/390 396/624/396 397/610/397
f 391/614/391 397/620/397 398/612/398
f 392/613/392 398/612/398 393/616/393
f 387/608/387 399/615/399 394/606/394
f 400/622/400 401/617/401 394/606/394
f 396/624/396 402/626/402 397/610/397
f 395/618/395 405/631/405 396/624/396
f 405/631/405 406/625/406 396/624/396
f 406/848/406 407/627/407 402/619/402
f 403/621/403 408/628/408 399/615/399
f 400/622/400 408/628/408 404/623/404
f 404/623/404 409/630/409 410/640/410
f 409/630/409 413/637/413 414/638/414
f 395/618/395 411/629/411 405/631/405
f 405/631/405 412/633/412 406/625/406
f 406/848/406 412/635/412 407/627/407
f 407/627/407 413/637/413 403/621/403
f 403/621/403 413/637/413 408/628/408
f 409/630/409 414/638/414 410/640/410
f 411/629/411 415/632/415 405/631/405
f 415/632/415 416/849/416 412/633/412
f 416/634/416 417/636/417 407/627/407
f 420/850/420 415/632/415 419/645/419
f 411/629/411 419/645/419 415/632/415
f 425/651/425 420/641/420 424/851/424
f 417/636/417 425/651/425 413/637/413
f 425/651/425 421/642/421 413/637/413
f 422/643/422 423/644/423 418/639/418
f 419/645/419 424/649/424 420/850/420
f 425/651/425 430/659/430 431/666/431
f 426/646/426 422/643/422 414/638/414
f 423/644/423 428/653/428 419/645/419
f 419/645/419 428/653/428 429/648/429
f 424/851/424 429/852/429 430/659/430
f 434/652/434 436/662/436 437/661/437
f 425/651/425 431/666/431 432/650/432
f 421/642/421 432/650/432 426/646/426
f 426/646/426 427/647/427 422/643/422
f 433/655/433 434/652/434 427/647/427
f 429/852/429 435/657/435 430/659/430
f 432/650/432 433/655/433 426/646/426
f 423/644/423 437/661/437 438/669/438
f 439/656/439 423/644/423 438/669/438
f 432/650/432 436/662/436 433/655/433
f 439/656/439 440/664/440 435/654/435
f 430/659/430 440/658/440 431/666/431
f 431/666/431 441/667/441 432/650/432
f 441/667/441 445/674/445 432/650/432
f 448/853/448 439/656/439 450/670/450
f 443/672/443 444/665/444 440/658/440
f 445/674/445 442/660/442 436/662/436
f 446/673/446 447/668/447 442/660/442
f 441/667/441 452/683/452 453/690/453
f 441/667/441 446/673/446 445/674/445
f 450/670/450 451/681/451 448/853/448
f 444/665/444 451/676/451 452/683/452
f 447/668/447 457/679/457 438/669/438
f 441/667/441 453/690/453 454/677/454
f 446/673/446 454/677/454 449/675/449
f 455/684/455 456/678/456 449/675/449
f 456/678/456 463/700/463 464/702/464
f 457/679/457 458/680/458 450/670/450
f 458/687/458 459/682/459 451/676/451
f 457/679/457 461/854/461 458/680/458
f 453/690/453 462/688/462 454/677/454
f 462/688/462 460/685/460 455/684/455
f 457/679/457 466/694/466 461/854/461
f 456/678/456 464/702/464 457/679/457
f 459/682/459 466/697/466 467/696/467
f 471/689/471 459/682/459 467/696/467
f 462/688/462 471/689/471 472/709/472
f 462/688/462 463/700/463 460/685/460
f 463/700/463 468/699/468 464/702/464
f 464/702/464 469/691/469 457/679/457
f 476/698/476 470/695/470 475/707/475
f 472/709/472 468/699/468 462/688/462
f 464/702/464 473/701/473 474/703/474
f 465/692/465 475/705/475 470/693/470
f 478/704/478 469/691/469 483/716/483
f 468/699/468 472/709/472 473/701/473
f 477/710/477 474/703/474 473/701/473
f 474/703/474 483/716/483 469/691/469
f 476/698/476 481/708/481 471/689/471
f 478/704/478 479/713/479 475/705/475
f 476/698/476 479/706/479 480/720/480
f 489/723/489 496/733/496 497/732/497
f 481/708/481 477/710/477 472/709/472
f 482/711/482 483/716/483 474/703/474
f 479/706/479 484/718/484 480/720/480
f 485/714/485 482/711/482 477/710/477
f 483/716/483 487/717/487 478/704/478
f 487/717/487 488/722/488 484/712/484
f 488/719/488 489/723/489 480/720/480
f 480/720/480 489/723/489 481/708/481
f 481/708/481 494/725/494 485/714/485
f 485/714/485 486/715/486 482/711/482
f 486/715/486 490/726/490 483/716/483
f 483/716/483 491/728/491 487/717/487
f 487/717/487 491/728/491 492/721/492
f 488/719/488 492/855/492 489/723/489
f 495/730/495 490/726/490 486/715/486
f 495/730/495 499/856/499 490/726/490
f 489/723/489 497/732/497 493/724/493
f 493/724/493 495/730/495 494/725/494
f 496/729/496 500/727/500 501/857/501
f 490/726/490 499/856/499 500/727/500
f 499/736/499 504/756/504 500/737/500
f 493/724/493 498/858/498 495/730/495
f 502/735/502 503/749/503 499/736/499
f 515/759/515 505/738/505 514/757/514
f 504/756/504 505/738/505 500/737/500
f 505/738/505 506/859/506 501/739/501
f 497/741/497 506/740/506 507/743/507
f 508/745/508 502/735/502 498/734/498
f 502/735/502 509/747/509 503/749/503
f 505/738/505 510/860/510 506/859/506
f 507/743/507 511/751/511 493/744/493
f 493/744/493 511/751/511 508/745/508
f 512/748/512 513/754/513 503/749/503
f 503/749/503 513/754/513 504/756/504
f 504/756/504 514/757/514 505/738/505
f 516/750/516 510/746/510 515/761/515
f 518/753/518 519/755/519 513/754/513
f 511/751/511 517/752/517 508/745/508
f 509/747/509 517/752/517 512/748/512
f 518/753/518 521/764/521 522/766/522
f 531/777/531 522/766/522 530/773/530
f 519/755/519 523/767/523 514/757/514
f 523/767/523 524/762/524 514/757/514
f 524/770/524 525/763/525 520/760/520
f 516/750/516 525/763/525 511/751/511
f 511/751/511 526/772/526 517/752/517
f 526/772/526 521/764/521 517/752/517
f 525/763/525 529/771/529 511/751/511
f 526/772/526 527/765/527 521/764/521
f 533/774/533 528/769/528 532/861/532
f 519/755/519 531/777/531 523/767/523
f 523/767/523 532/779/532 528/768/528
f 533/774/533 538/862/538 539/863/539
f 534/775/534 530/773/530 527/765/527
f 535/780/535 536/776/536 530/773/530
f 531/777/531 537/778/537 523/767/523
f 532/779/532 537/778/537 538/786/538
f 535/780/535 542/783/542 540/781/540
f 533/774/533 539/863/539 529/771/529
f 536/776/536 541/782/541 531/777/531
f 539/863/539 542/783/542 529/771/529
f 546/791/546 538/862/538 545/792/545
f 543/784/543 541/782/541 536/776/536
f 541/782/541 544/789/544 537/778/537
f 537/778/537 544/789/544 545/785/545
f 542/783/542 557/809/557 547/787/547
f 539/863/539 546/791/546 542/783/542
f 547/787/547 543/784/543 540/781/540
f 543/784/543 548/799/548 541/782/541
f 541/782/541 548/799/548 549/788/549
f 544/789/544 550/795/550 545/785/545
f 550/795/550 551/864/551 545/785/545
f 551/790/551 552/793/552 546/791/546
f 390/609/390 395/618/395 396/624/396
f 543/784/543 553/797/553 548/799/548
f 549/788/549 554/794/554 544/789/544
f 550/795/550 555/865/555 551/864/551
f 552/793/552 556/866/556 542/783/542
f 550/795/550 560/804/560 555/865/555
f 557/809/557 553/797/553 547/787/547
f 558/798/558 564/800/564 548/799/548
f 554/794/554 559/802/559 550/795/550
f 552/793/552 560/807/560 561/806/561
f 554/794/554 564/800/564 559/802/559
f 552/793/552 561/806/561 556/866/556
f 557/809/557 558/798/558 553/797/553
f 562/808/562 563/801/563 558/798/558
f 566/816/566 556/866/556 570/814/570
f 556/866/556 562/808/562 557/809/557
f 562/808/562 566/816/566 563/801/563
f 564/800/564 567/867/567 559/802/559
f 567/867/567 568/810/568 559/802/559
f 568/813/568 569/811/569 565/805/565
f 561/806/561 569/811/569 556/866/556
f 572/818/572 566/816/566 571/815/571
f 567/867/567 563/801/563 572/818/572
f 578/823/578 573/868/573 577/821/577
f 567/867/567 573/868/573 568/810/568
f 568/810/568 573/868/573 574/869/574
f 569/811/569 575/820/575 556/866/556
f 556/866/556 575/820/575 570/814/570
f 579/819/579 574/812/574 578/825/578
f 571/815/571 575/820/575 580/826/580
f 582/831/582 572/818/572 581/829/581
f 580/826/580 576/817/576 571/815/571
f 576/817/576 581/829/581 572/818/572
f 573/868/573 582/831/582 583/834/583
f 584/822/584 583/834/583 586/833/586
f 573/868/573 583/834/583 577/821/577
f 585/827/585 581/829/581 576/817/576
f 579/819/579 586/837/586 587/836/587
f 575/820/575 587/836/587 588/870/588
f 575/820/575 585/827/585 580/826/580
f 575/820/575 588/870/588 589/842/589
f 600/871/600 591/839/591 604/847/604
f 590/828/590 596/830/596 581/829/581
f 582/831/582 591/839/591 583/834/583
f 591/839/591 592/832/592 583/834/583
f 592/872/592 593/835/593 586/837/586
f 589/842/589 590/828/590 585/827/585
f 594/841/594 595/838/595 590/828/590
f 592/872/592 597/873/597 593/835/593
f 588/870/588 598/843/598 589/842/589
f 598/843/598 594/841/594 589/842/589
f 594/841/594 599/844/599 595/838/595
f 596/830/596 604/847/604 591/839/591
f 593/835/593 600/874/600 601/875/601
f 593/835/593 392/613/392 587/836/587
f 588/870/588 392/613/392 393/616/393
f 603/846/603 599/844/599 602/876/602
f 588/870/588 393/616/393 598/843/598
f 595/838/595 389/845/389 596/830/596
f 599/844/599 393/616/393 602/876/602
f 596/830/596 389/845/389 604/847/604
f 604/847/604 601/877/601 600/871/600
f 603/846/603 387/608/387 388/607/388
f 391/611/391 604/847/604 390/609/390
f 601/875/601 391/614/391 392/613/392
f 393/616/393 387/608/387 602/876/602
f 404/623/404 410/640/410 411/629/411
f 409/630/409 408/628/408 413/637/413
f 420/850/420 416/849/416 415/632/415
f 425/651/425 417/636/417 420/641/420
f 425/651/425 424/851/424 430/659/430
f 434/652/434 433/655/433 436/662/436
f 423/644/423 434/652/434 437/661/437
f 439/656/439 428/653/428 423/644/423
f 432/650/432 445/674/445 436/662/436
f 448/853/448 443/663/443 439/656/439
f 441/667/441 444/665/444 452/683/452
f 447/668/447 456/678/456 457/679/457
f 456/678/456 460/685/460 463/700/463
f 457/679/457 465/692/465 466/694/466
f 459/682/459 461/686/461 466/697/466
f 471/689/471 452/683/452 459/682/459
f 462/688/462 453/690/453 471/689/471
f 476/698/476 467/696/467 470/695/470
f 478/704/478 465/692/465 469/691/469
f 476/698/476 480/720/480 481/708/481
f 489/723/489 492/855/492 496/733/496
f 495/730/495 498/858/498 499/856/499
f 496/729/496 491/728/491 500/727/500
f 499/736/499 503/749/503 504/756/504
f 515/759/515 510/860/510 505/738/505
f 516/750/516 507/743/507 510/746/510
f 518/753/518 522/766/522 519/755/519
f 531/777/531 519/755/519 522/766/522
f 533/774/533 525/763/525 528/769/528
f 533/774/533 532/861/532 538/862/538
f 535/780/535 534/775/534 542/783/542
f 546/791/546 539/863/539 538/862/538
f 542/783/542 556/866/556 557/809/557
f 390/609/390 389/845/389 395/618/395
f 550/795/550 559/802/559 560/804/560
f 552/793/552 555/796/555 560/807/560
f 554/794/554 549/788/549 564/800/564
f 566/816/566 562/808/562 556/866/556
f 572/818/572 563/801/563 566/816/566
f 567/867/567 564/800/564 563/801/563
f 578/823/578 574/869/574 573/868/573
f 579/819/579 569/811/569 574/812/574
f 571/815/571 570/814/570 575/820/575
f 582/831/582 567/867/567 572/818/572
f 573/868/573 567/867/567 582/831/582
f 584/822/584 577/821/577 583/834/583
f 579/819/579 584/824/584 586/837/586
f 575/820/575 579/819/579 587/836/587
f 575/820/575 589/842/589 585/827/585
f 600/871/600 597/840/597 591/839/591
f 593/835/593 597/873/597 600/874/600
f 593/835/593 601/875/601 392/613/392
f 588/870/588 587/836/587 392/613/392
f 603/846/603 595/838/595 599/844/599
f 595/838/595 603/846/603 389/845/389
f 599/844/599 598/843/598 393/616/393
f 603/846/603 602/876/602 387/608/387
f 391/611/391 601/877/601 604/847/604
o Torus.002
v 0.892691 -0.762848 -0.382743
v 0.899561 -0.709537 -0.349616
v 0.845348 -0.881531 -0.277320
v 0.890987 -0.814843 -0.279713
v 0.905671 -0.820435 -0.279098
v 0.922472 -0.830552 -0.297640
v 0.894152 -0.897868 -0.321501
v 0.910272 -0.817735 -0.367328
v 0.858320 -0.895219 -0.354337
v 0.816070 -0.944414 -0.323635
v 0.810662 -0.939715 -0.287255
v 0.818887 -1.009774 -0.310317
v 0.840157 -0.979423 -0.216898
v 0.845715 -1.049624 -0.210774
v 0.807476 -1.110198 -0.250516
v 0.767089 -1.121315 -0.240248
v 0.744715 -1.158283 -0.181824
v 0.768019 -1.133781 -0.142507
v 0.795901 -1.122143 -0.135125
v 0.794120 -1.230098 -0.135437
v 0.734980 -1.284317 -0.124791
v 0.724791 -1.268978 -0.117834
v 0.799554 -1.181773 -0.097704
v 0.796315 -1.246019 -0.086413
v 0.763126 -1.286910 -0.119028
v 0.710342 -1.332008 -0.008425
v 0.740342 -1.312520 0.030104
v 0.766624 -1.316307 0.035843
v 0.779163 -1.320453 0.021452
v 0.726195 -1.422100 0.023182
v 0.701975 -1.448760 0.085924
v 0.704019 -1.482526 0.208065
v 0.771893 -1.427849 0.099360
v 0.750481 -1.452672 0.084353
v 0.721882 -1.497177 0.133009
v 0.728254 -1.483728 0.274980
v 0.754528 -1.416510 0.182860
v 0.773959 -1.463009 0.226287
v 0.779371 -1.518236 0.285807
v 0.712540 -1.552881 0.256522
v 0.756876 -1.499402 0.346382
v 0.772636 -1.499938 0.339514
v 0.783470 -1.580396 0.381492
v 0.753711 -1.571893 0.292922
v 0.750650 -1.623290 0.420872
v 0.721807 -1.587667 0.400770
v 0.800806 -1.549725 0.453861
v 0.750183 -1.635700 0.517158
v 0.762511 -1.607430 0.602766
v 0.776253 -1.570631 0.574728
v 0.793545 -1.545170 0.515813
v 0.833893 -1.585081 0.591932
v 0.813670 -1.632837 0.568665
v 0.782207 -1.653133 0.646254
v 0.818868 -1.561909 0.633757
v 0.820648 -1.661226 0.695909
v 0.818051 -1.653628 0.772306
v 0.839662 -1.604026 0.858652
v 0.862635 -1.571168 0.868871
v 0.870841 -1.560625 0.806502
v 0.878985 -1.589804 0.750508
v 0.884393 -1.645899 0.854656
v 0.859915 -1.638608 0.893568
v 0.911993 -1.557265 0.867458
v 0.940396 -1.575752 0.921703
v 0.981255 -1.573621 1.038361
v 0.945671 -1.593633 1.075713
v 0.928802 -1.571142 1.074828
v 0.958196 -1.528008 0.978256
v 0.948757 -1.606627 1.014980
v 1.042594 -1.431052 1.272370
v 0.989932 -1.472373 1.142119
v 0.971836 -1.497119 1.048225
v 1.012210 -1.507919 1.073821
v 1.056165 -1.508859 1.206206
v 1.021910 -1.538155 1.180464
v 1.029363 -1.500210 1.241035
v 1.063457 -1.396946 1.226493
v 1.078400 -1.399692 1.218761
v 1.097718 -1.418250 1.222047
v 1.108101 -1.429862 1.333241
v 1.113838 -1.381569 1.373028
v 1.133278 -1.300424 1.355816
v 1.190690 -1.333217 1.368154
v 1.170393 -1.346927 1.409714
v 1.168346 -1.274325 1.434082
v 1.156052 -1.281908 1.335267
v 1.205818 -1.243669 1.366702
v 1.255030 -1.214427 1.416759
v 1.225736 -1.284787 1.439272
v 1.222235 -1.238530 1.484644
v 1.257718 -1.116758 1.504389
v 1.242152 -1.144704 1.430654
v 1.285739 -1.136292 1.534214
v 1.285565 -1.057424 1.487972
v 1.311550 -1.053063 1.460651
v 1.327927 -1.057312 1.462552
v 1.305388 -1.155962 1.508178
v 1.347886 -1.021765 1.570503
v 1.353486 -0.945871 1.495525
v 1.385949 -1.004424 1.509184
v 1.382150 -1.019689 1.550841
v 1.424488 -0.912403 1.583818
v 1.378950 -0.922544 1.577846
v 1.409081 -0.816911 1.544728
v 1.399352 -0.901256 1.488604
v 1.467558 -0.782581 1.591313
v 1.468310 -0.718247 1.571034
v 1.455093 -0.719051 1.509624
v 1.473145 -0.723579 1.490700
v 1.496911 -0.736837 1.497524
v 1.571844 -0.607090 1.512092
v 1.513208 -0.747961 1.568115
v 1.518229 -0.662529 1.577384
v 1.549333 -0.491844 1.504153
v 1.565946 -0.540472 1.546270
v 1.559052 -0.446604 1.448500
v 1.530914 -0.558542 1.455680
v 1.563701 -0.567532 1.457608
v 1.610994 -0.496832 1.508292
v 1.605338 -0.422358 1.499214
v 1.580267 -0.398519 1.397352
v 1.592938 -0.401732 1.385111
v 1.619498 -0.405746 1.389928
v 1.650725 -0.273749 1.415915
v 1.629622 -0.255978 1.388129
v 1.642290 -0.156551 1.290291
v 1.698905 -0.191066 1.286648
v 1.664542 -0.328339 1.415857
v 1.684555 -0.204992 1.353607
v 1.618868 -0.232617 1.294264
v 1.646734 -0.228116 1.258005
v 1.678554 -0.205634 1.256735
v 1.704314 -0.108295 1.262030
v 1.677889 -0.058182 1.218479
v 1.642622 -0.098170 1.182337
v 1.640262 -0.165884 1.209510
v 1.714390 -0.023256 1.165338
v 1.650837 -0.084321 1.117301
v 1.688579 -0.062929 1.082024
v 1.724843 0.019369 1.072160
v 1.700525 0.094966 0.999294
v 1.672469 0.084088 0.996111
v 1.648498 0.128934 0.862199
v 1.648086 0.045034 0.975664
v 1.653675 -0.013411 1.011704
v 1.677397 0.011438 0.956514
v 1.711153 0.066068 0.921156
v 1.645195 0.059536 0.868709
v 1.687827 0.073771 0.847412
v 1.717198 0.102611 0.916015
v 1.680091 0.189349 0.747626
v 1.652116 0.185097 0.753237
v 1.620454 0.133548 0.741885
v 1.650719 0.078454 0.789558
v 1.693924 0.166178 0.737432
v 1.613164 0.117386 0.671071
v 1.616482 0.121793 0.600139
v 1.643087 0.135947 0.598013
v 1.646775 0.166200 0.545879
v 1.644681 0.213676 0.549859
v 1.600418 0.218620 0.528199
v 1.553416 0.193006 0.438966
v 1.578190 0.149517 0.553963
v 1.622720 0.198846 0.443517
v 1.590981 0.223390 0.429511
v 1.501851 0.151330 0.311943
v 1.533088 0.138780 0.390328
v 1.569201 0.125870 0.439048
v 1.575654 0.136501 0.369058
v 1.562762 0.203040 0.299584
v 1.512262 0.194828 0.269203
v 1.489658 0.105401 0.261523
v 1.516789 0.105207 0.267793
v 1.552443 0.150472 0.251338
v 1.500337 0.181025 0.186325
v 1.407669 0.103474 0.086772
v 1.474671 0.071300 0.144723
v 1.505107 0.139283 0.138402
v 1.455318 0.126519 0.059380
v 1.405864 0.110361 0.043595
v 1.376034 0.049704 0.048659
v 1.416283 0.050113 0.111911
v 1.383201 0.073959 -0.037593
v 1.334488 -0.024970 -0.023111
v 1.345252 -0.037565 -0.027035
v 1.367500 -0.037823 -0.041554
v 1.321084 -0.085569 -0.158637
v 1.395511 0.032667 -0.063756
v 1.336897 -0.005130 -0.136044
v 1.277338 -0.047137 -0.175999
v 1.256660 -0.067080 -0.154659
v 1.274571 -0.091033 -0.218087
v 1.257444 -0.105623 -0.122869
v 1.265097 -0.157799 -0.145492
v 1.245484 -0.203613 -0.199248
v 1.256358 -0.161860 -0.241238
v 1.191648 -0.183075 -0.283450
v 1.142930 -0.237581 -0.287648
v 1.113358 -0.311246 -0.270250
v 1.190583 -0.239856 -0.201528
v 1.178663 -0.253144 -0.316100
v 1.127519 -0.290538 -0.337415
v 1.016530 -0.460996 -0.346464
v 1.130253 -0.335478 -0.248051
v 1.111025 -0.403934 -0.275141
v 1.129438 -0.395510 -0.301655
v 1.079040 -0.479443 -0.355515
v 1.110185 -0.391792 -0.361265
v 1.061338 -0.402746 -0.371735
v 1.038979 -0.485744 -0.295891
v 1.002901 -0.522135 -0.393641
v 0.966899 -0.593646 -0.321024
v 1.037010 -0.545948 -0.301415
v 1.014972 -0.617655 -0.325889
v 0.998240 -0.607259 -0.393956
v 0.944977 -0.639363 -0.394763
v 0.967819 -0.655357 -0.299661
vn -0.5632 0.0951 -0.8208
vn -0.9185 0.3948 0.0222
vn -0.7308 0.4393 0.5225
vn -0.2307 0.2908 0.9286
vn 0.4362 0.0567 0.8981
vn 0.9032 -0.2937 0.3131
vn 0.8358 -0.4304 -0.3409
vn 0.5938 -0.3714 -0.7138
vn 0.0264 -0.3193 -0.9473
vn -0.8459 0.0975 -0.5243
vn -0.9308 0.3557 0.0842
vn 0.0502 -0.4316 -0.9007
vn 0.1466 0.3795 0.9135
vn 0.9343 -0.0931 0.3440
vn 0.5035 -0.5567 -0.6607
vn -0.7028 -0.2278 -0.6739
vn -0.9774 0.1980 -0.0737
vn -0.5307 0.5858 0.6126
vn -0.0218 0.5974 0.8016
vn 0.8443 -0.4375 -0.3094
vn -0.4147 -0.5714 -0.7081
vn -0.9570 -0.0758 -0.2800
vn 0.7708 0.2702 0.5770
vn 0.9864 -0.1646 0.0051
vn 0.4988 -0.6372 -0.5875
vn -0.9572 0.2608 0.1257
vn -0.5329 0.6692 0.5180
vn 0.3673 0.6974 0.6154
vn 0.9113 0.2367 0.3369
vn -0.0893 -0.7624 -0.6409
vn -0.9396 -0.2674 -0.2138
vn -0.9605 0.2229 0.1668
vn 0.9244 -0.3242 -0.2010
vn 0.6273 -0.6499 -0.4291
vn -0.0899 -0.8625 -0.4980
vn -0.6793 0.6494 0.3418
vn 0.2099 0.8136 0.5422
vn 0.9494 0.2977 0.1005
vn 0.9962 -0.0179 -0.0847
vn -0.7618 -0.6116 -0.2133
vn -0.1102 0.9363 0.3334
vn 0.3332 0.8903 0.3105
vn 0.8339 -0.4814 -0.2701
vn 0.4867 -0.7837 -0.3859
vn -0.0025 -0.9626 -0.2710
vn -0.9834 -0.1548 0.0949
vn 0.6861 0.7242 0.0691
vn -0.7344 -0.6768 0.0502
vn -0.9496 0.1839 0.2537
vn -0.6814 0.6848 0.2583
vn 0.1842 0.9632 0.1956
vn 0.9691 0.1189 -0.2161
vn 0.7476 -0.6123 -0.2573
vn -0.7156 -0.6868 0.1273
vn 0.1561 0.9877 -0.0005
vn 0.2983 -0.9493 -0.0995
vn -0.7150 -0.6444 0.2710
vn -0.9314 0.1941 0.3080
vn -0.7385 0.6573 0.1504
vn 0.0034 0.9934 -0.1143
vn 0.9028 0.2844 -0.3226
vn 0.5445 -0.8356 -0.0731
vn -0.6347 -0.6728 0.3801
vn 0.7514 0.5249 -0.3999
vn 0.9277 0.0424 -0.3708
vn 0.8505 -0.4827 -0.2090
vn -0.2211 -0.8632 0.4539
vn -0.8838 -0.0797 0.4610
vn 0.7116 0.5145 -0.4785
vn 0.5191 -0.8544 0.0216
vn -0.8856 0.2129 0.4127
vn -0.7219 0.6915 0.0266
vn 0.0198 0.9315 -0.3631
vn 0.8506 0.1103 -0.5142
vn 0.7376 -0.6749 0.0232
vn 0.3448 -0.8899 0.2988
vn -0.5033 -0.5404 0.6743
vn -0.3035 0.8362 -0.4567
vn 0.2549 0.6822 -0.6853
vn 0.7539 0.1855 -0.6302
vn 0.3247 -0.8007 0.5034
vn -0.6328 -0.2254 0.7408
vn -0.7672 0.6315 -0.1127
vn 0.8554 -0.4904 -0.1666
vn 0.3182 -0.7270 0.6085
vn -0.8124 0.1547 0.5623
vn -0.4391 0.7308 -0.5226
vn 0.4109 0.3565 -0.8391
vn 0.6092 0.0021 -0.7930
vn 0.7399 -0.6255 0.2476
vn -0.2787 -0.3155 0.9071
vn -0.8367 0.3094 0.4518
vn -0.5100 0.6141 -0.6023
vn -0.2284 -0.2349 0.9448
vn -0.8721 0.4882 -0.0345
vn 0.0365 0.3025 -0.9525
vn 0.5084 0.0085 -0.8611
vn 0.7758 -0.5716 0.2673
vn -0.2175 -0.1464 0.9650
vn -0.6747 0.4663 -0.5721
vn 0.8560 -0.3682 -0.3629
vn 0.8093 -0.5059 0.2985
vn 0.5301 -0.3209 0.7849
vn -0.6269 0.2324 0.7437
vn -0.8893 0.4067 0.2093
vn 0.1219 -0.0102 -0.9925
vn -0.0247 0.0512 0.9984
vn -0.6933 0.3724 0.6170
vn -0.8652 0.3245 -0.3823
vn -0.3029 0.0044 -0.9530
vn 0.4945 -0.2717 -0.8256
vn 0.9073 -0.3928 -0.1501
vn 0.8790 -0.3508 0.3230
vn 0.0270 0.2143 0.9764
vn -0.7765 0.4432 0.4478
vn -0.0122 0.2805 0.9598
vn -0.9577 0.2856 -0.0339
vn -0.5051 -0.0602 -0.8609
vn 0.5306 -0.4415 -0.7236
vn 0.9210 -0.1723 0.3494
vn -0.0085 0.4522 0.8919
vn -0.8407 -0.0650 -0.5377
vn -0.3489 -0.3743 -0.8592
vn 0.4111 -0.5359 -0.7374
vn 0.1110 0.5179 0.8482
vn -0.6333 0.5574 0.5368
vn -0.8074 0.4738 0.3516
vn 0.9581 -0.2709 -0.0932
vn 0.9613 -0.1462 0.2337
vn 0.7093 0.3671 0.6019
vn -0.9727 0.0688 -0.2217
vn -0.0975 -0.6438 -0.7590
vn 0.6907 -0.5631 -0.4537
vn 0.7975 0.3673 0.4787
vn -0.4011 0.7169 0.5703
vn -0.9971 0.0742 -0.0170
vn -0.8047 -0.3391 -0.4873
vn 0.7697 0.4760 0.4254
vn -0.7276 -0.5193 -0.4483
vn 0.3518 -0.7691 -0.5336
vn 0.9970 0.0651 0.0417
vn 0.2269 0.8683 0.4410
vn -0.6306 0.6701 0.3916
vn -0.8004 0.5225 0.2938
vn -0.9925 -0.1121 -0.0478
vn -0.7404 -0.5767 -0.3454
vn -0.1009 -0.8766 -0.4706
vn 0.9037 -0.3571 -0.2361
vn -0.8028 -0.5822 -0.1287
vn 0.6251 -0.7050 -0.3350
vn 0.9819 0.1884 -0.0191
vn 0.4369 0.8873 0.1475
vn -0.5120 0.8104 0.2849
vn -0.9825 -0.0148 0.1855
vn 0.0758 -0.9547 -0.2877
vn 0.9846 0.0939 -0.1474
vn -0.8061 -0.5897 0.0489
vn -0.0004 -0.9890 -0.1476
vn 0.6488 -0.7163 -0.2566
vn 0.9216 -0.2943 -0.2531
vn 0.7183 0.6882 -0.1022
vn -0.5000 0.8420 0.2024
vn -0.8457 0.4744 0.2444
vn -0.9348 -0.2817 0.2162
vn 0.9339 0.1904 -0.3026
vn 0.0352 0.9966 -0.0739
vn -0.9167 -0.1100 0.3842
vn -0.7982 -0.5114 0.3185
vn -0.0678 -0.9958 0.0618
vn 0.6978 -0.6976 -0.1627
vn 0.6117 0.7060 -0.3568
vn -0.5803 0.8121 0.0615
vn -0.5353 -0.7257 0.4323
vn 0.0726 -0.9787 0.1918
vn 0.9239 -0.2068 -0.3218
vn 0.0030 0.9489 -0.3156
vn -0.8539 0.4707 0.2220
vn 0.5202 -0.8453 0.1217
vn 0.8810 0.1200 -0.4575
vn 0.4453 0.6887 -0.5722
vn -0.6171 0.7827 -0.0807
vn -0.8856 0.1158 0.4498
vn -0.4733 -0.6722 0.5694
vn -0.2123 0.8543 -0.4745
vn -0.5060 -0.4862 0.7125
vn -0.0657 -0.7629 0.6431
vn 0.5808 -0.7873 0.2071
vn 0.8780 -0.2875 -0.3828
vn 0.8313 0.0629 -0.5523
vn 0.4281 0.4873 -0.7611
vn -0.5129 0.7623 -0.3949
vn -0.8535 0.5052 0.1281
vn 0.4534 0.3658 -0.8127
vn -0.7894 0.0203 0.6136
vn 0.0946 -0.6753 0.7315
vn 0.6918 -0.6544 0.3054
vn 0.8126 -0.1663 -0.5586
vn -0.3445 0.6560 -0.6715
vn -0.8247 0.5551 -0.1082
vn -0.6349 0.0397 0.7716
vn -0.1343 -0.4528 0.8815
vn 0.5673 0.0579 -0.8215
vn -0.3938 0.4965 -0.7736
vn -0.8916 0.4524 0.0174
vn -0.4122 -0.0971 0.9059
vn 0.5355 -0.5113 0.6722
vn 0.8124 -0.5528 0.1856
vn 0.8495 -0.3849 -0.3610
vn 0.6546 -0.1443 -0.7421
vn -0.5056 0.4636 -0.7277
vn -0.2644 -0.0287 0.9640
vn -0.4548 0.3106 -0.8347
vn -0.7527 0.3407 0.5633
vn 0.4660 -0.3018 0.8318
vn 0.8431 -0.3981 0.3615
vn 0.5799 -0.2776 -0.7659
vn -0.5922 0.2237 -0.7741
vn 0.0446 0.0732 0.9963
vt 0.520833 0.458308
vt 0.500000 0.538299
vt 0.506736 0.363588
vt 0.541667 0.454748
vt 0.531250 0.583333
vt 0.541667 0.958307
vt 0.510417 1.000000
vt 0.510417 0.916667
vt 0.562500 0.541692
vt 0.533362 0.685330
vt 0.572625 0.833333
vt 0.523200 0.833333
vt 0.562500 0.000000
vt 0.552083 0.124320
vt 0.541667 0.000000
vt 0.592957 0.583333
vt 0.572917 0.666667
vt 0.612000 0.677002
vt 0.583333 0.036881
vt 0.591897 0.166667
vt 0.584809 0.250000
vt 0.613540 0.876869
vt 0.570580 0.935364
vt 0.613790 0.083333
vt 0.635417 0.583333
vt 0.634431 0.242116
vt 0.625000 0.449981
vt 0.593750 0.500000
vt 0.593840 0.369211
vt 0.645833 0.458129
vt 0.655495 0.709706
vt 0.645833 0.958308
vt 0.615352 1.000000
vt 0.666667 0.541871
vt 0.664672 0.833333
vt 0.677083 0.916667
vt 0.676314 0.000000
vt 0.656250 0.083333
vt 0.645833 0.000000
vt 0.669271 0.166667
vt 0.687470 0.250000
vt 0.673419 0.362645
vt 0.635417 0.333333
vt 0.687500 0.625635
vt 0.695048 0.446289
vt 0.708333 0.545252
vt 0.719916 0.684589
vt 0.708333 0.961701
vt 0.676314 1.000000
vt 0.708333 0.000000
vt 0.697917 0.083333
vt 0.750000 0.130203
vt 0.719464 0.331617
vt 0.723104 0.141273
vt 0.765556 0.379517
vt 0.739014 0.416667
vt 0.770833 0.546676
vt 0.765194 0.693567
vt 0.750000 0.541871
vt 0.750000 0.000000
vt 0.770833 0.046676
vt 0.800418 0.250000
vt 0.802083 0.621304
vt 0.791667 0.045253
vt 0.780959 0.166667
vt 0.821355 0.833333
vt 0.806061 0.937346
vt 0.768465 0.833333
vt 0.812500 0.125645
vt 0.802083 0.500000
vt 0.833333 0.536882
vt 0.843673 0.124204
vt 0.864583 0.583333
vt 0.844739 0.716141
vt 0.873005 0.833333
vt 0.843750 0.916667
vt 0.874965 0.250000
vt 0.831283 0.333333
vt 0.854167 0.458134
vt 0.823710 0.416667
vt 0.875000 0.949981
vt 0.843750 1.000000
vt 0.898052 0.166667
vt 0.895833 0.541866
vt 0.875000 0.453324
vt 0.915767 0.715702
vt 0.925661 0.833333
vt 0.907044 0.916667
vt 0.927083 1.000000
vt 0.895833 1.000000
vt 0.947347 0.916667
vt 0.954061 0.617513
vt 0.970052 0.732106
vt 0.927083 0.000000
vt 0.958333 0.036882
vt 0.927877 0.083333
vt 0.958333 0.453324
vt 0.937500 0.545252
vt 0.940927 0.383917
vt 0.979167 0.536881
vt 0.989425 0.666667
vt 0.988532 0.881053
vt 0.989927 0.126092
vt 0.942228 0.231376
vt 0.988473 0.371262
vt 1.000000 0.541871
vt 1.000000 0.750000
vt 0.028690 0.685399
vt 0.039448 0.833333
vt 0.000000 0.881053
vt 0.020833 0.958308
vt 0.000000 1.000000
vt 0.020833 0.121798
vt 0.017608 0.250000
vt 0.000000 0.126092
vt 0.041667 0.550018
vt 0.020833 0.541871
vt 0.051024 0.916667
vt 0.052400 0.129156
vt 0.095086 0.750000
vt 0.083333 0.879522
vt 0.089832 0.051989
vt 0.052083 0.000000
vt 0.093750 0.166667
vt 0.093531 0.300859
vt 0.083333 0.461701
vt 0.068870 0.550960
vt 0.062500 0.366623
vt 0.114583 0.617740
vt 0.072917 0.666667
vt 0.114292 0.833333
vt 0.104167 0.954747
vt 0.083333 1.000000
vt 0.125000 0.458129
vt 0.104167 0.453324
vt 0.131360 0.134216
vt 0.156353 0.541730
vt 0.165191 0.250000
vt 0.140308 0.378655
vt 0.166667 0.000000
vt 0.156250 0.083333
vt 0.145833 0.000000
vt 0.177083 0.166667
vt 0.166667 0.371125
vt 0.198123 0.620961
vt 0.156092 0.666667
vt 0.178749 0.750000
vt 0.187500 0.041871
vt 0.198208 0.833333
vt 0.208333 0.954747
vt 0.173360 0.946456
vt 0.187500 1.000000
vt 0.229132 0.250000
vt 0.198007 0.369211
vt 0.229167 0.879522
vt 0.229167 0.449982
vt 0.197917 0.500000
vt 0.250000 0.546675
vt 0.234444 0.620483
vt 0.250030 0.750000
vt 0.273051 0.833333
vt 0.277519 0.630397
vt 0.280456 0.083333
vt 0.260417 0.166667
vt 0.250000 0.041871
vt 0.279263 0.301845
vt 0.245728 0.382487
vt 0.270833 0.463119
vt 0.291667 0.541865
vt 0.313608 0.750000
vt 0.303716 0.153607
vt 0.298401 0.370337
vt 0.318997 0.629064
vt 0.312500 0.466642
vt 0.333333 0.546676
vt 0.324613 0.833333
vt 0.342956 0.916667
vt 0.312500 0.953324
vt 0.338339 0.381431
vt 0.367582 0.689171
vt 0.354167 0.463119
vt 0.375000 0.454748
vt 0.365643 0.583333
vt 0.343750 0.000000
vt 0.375000 0.046675
vt 0.344105 0.121761
vt 0.388073 0.156358
vt 0.364575 0.250000
vt 0.385125 0.333333
vt 0.395833 0.541871
vt 0.368355 0.863510
vt 0.395833 0.963119
vt 0.375000 1.000000
vt 0.447504 0.680918
vt 0.416869 0.833333
vt 0.416667 0.954748
vt 0.431927 0.377893
vt 0.407043 0.416667
vt 0.416667 0.533358
vt 0.471407 0.156358
vt 0.446251 0.250000
vt 0.428780 0.166667
vt 0.479167 0.963119
vt 0.458333 1.000000
vt 0.448710 0.916667
vt 0.491229 0.709917
vt 0.479167 0.546675
vt 0.510824 0.121147
vt 0.558474 0.383533
vt 0.520798 0.250000
vt 0.583333 1.000000
vt 0.615352 0.000000
vt 0.717328 0.833333
vt 0.729167 0.000000
vt 0.729167 0.536881
vt 0.729167 0.953324
vt 0.759274 0.944395
vt 0.791667 1.000000
vt 0.791667 0.374365
vt 0.843750 0.000000
vt 0.812500 0.000000
vt 0.875000 0.000000
vt 0.886440 0.060566
vt 0.885417 0.666667
vt 0.888900 0.368967
vt 0.916667 0.536881
vt 0.916667 0.371125
vt 0.958333 1.000000
vt 0.990353 1.000000
vt 0.990669 0.250000
vt 0.990353 0.000000
vt 0.000000 0.541871
vt 0.000000 0.666667
vt 0.000000 0.000000
vt 0.020833 0.000000
vt 0.030870 0.383144
vt 0.000000 0.371262
vt 0.052083 1.000000
vt 0.104167 0.000000
vt 0.125000 0.000000
vt 0.125000 0.953324
vt 0.156250 0.833333
vt 0.145833 0.958129
vt 0.220603 0.166667
vt 0.208333 0.000000
vt 0.221419 0.065571
vt 0.250000 1.000000
vt 0.229167 1.000000
vt 0.259357 0.916667
vt 0.283740 0.977152
vt 0.283740 0.000000
vt 0.312500 0.000000
vt 0.343750 1.000000
vt 0.406092 0.666667
vt 0.416667 0.000000
vt 0.430467 0.052279
vt 0.395833 0.000000
vt 0.437500 0.550018
vt 0.437500 1.000000
vt 0.458333 0.041871
vt 0.458333 0.533358
vt 0.470603 0.833333
vt 0.469592 0.390951
vt 0.479167 0.000000
vt 0.510417 0.000000
vt 0.770833 1.000000
s 1
g Torus.002_Mat_Navio_Ferrugem_30.003
usemtl Mat_Navio_Ferrugem_30.003
f 613/878/613 605/879/605 612/880/612
f 616/881/616 614/882/614 613/878/613
f 617/883/617 609/884/609 608/885/608
f 620/886/620 614/882/614 616/881/616
f 615/887/615 622/888/622 607/889/607
f 623/890/623 618/891/618 617/892/617
f 626/893/626 621/894/621 620/886/620
f 621/894/621 630/895/630 615/887/615
f 630/895/630 622/888/622 615/887/615
f 627/896/627 618/891/618 623/890/623
f 628/897/628 624/898/624 618/891/618
f 630/895/630 631/899/631 622/888/622
f 631/899/631 623/900/623 622/888/622
f 633/901/633 628/897/628 627/896/627
f 635/902/635 630/895/630 626/893/626
f 633/901/633 637/903/637 628/897/628
f 637/903/637 624/898/624 628/897/628
f 634/904/634 625/905/625 629/906/629
f 639/907/639 635/902/635 634/904/634
f 635/902/635 636/908/636 630/895/630
f 641/909/641 632/910/632 631/899/631
f 644/911/644 635/902/635 639/907/639
f 640/912/640 645/913/645 641/909/641
f 646/914/646 642/915/642 641/916/641
f 643/917/643 647/918/647 637/903/637
f 648/919/648 639/907/639 638/920/638
f 644/911/644 650/921/650 636/908/636
f 648/919/648 649/922/649 644/911/644
f 652/923/652 650/921/650 649/922/649
f 650/921/650 653/924/653 636/908/636
f 655/925/655 646/926/646 645/913/645
f 655/927/655 651/928/651 646/914/646
f 665/929/665 657/930/657 656/931/656
f 666/932/666 660/933/660 657/930/657
f 667/934/667 662/935/662 661/936/661
f 664/937/664 668/938/668 665/929/665
f 670/939/670 666/932/666 657/930/657
f 672/940/672 662/935/662 667/934/667
f 673/941/673 669/942/669 668/938/668
f 676/943/676 677/944/677 663/945/663
f 673/941/673 678/946/678 669/942/669
f 678/946/678 670/939/670 669/942/669
f 671/947/671 681/948/681 672/940/672
f 684/949/684 670/939/670 678/946/678
f 686/950/686 675/951/675 681/948/681
f 687/952/687 682/953/682 676/943/676
f 684/949/684 688/954/688 670/939/670
f 688/954/688 679/955/679 670/939/670
f 685/956/685 681/948/681 680/957/680
f 687/952/687 691/958/691 682/953/682
f 691/958/691 683/959/683 682/953/682
f 693/960/693 688/954/688 684/949/684
f 695/961/695 686/950/686 689/962/689
f 696/963/696 687/952/687 675/951/675
f 699/964/699 697/965/697 687/952/687
f 697/965/697 700/966/700 692/967/692
f 704/968/704 700/966/700 697/965/697
f 708/969/708 709/970/709 696/963/696
f 709/970/709 699/964/699 696/963/696
f 709/970/709 704/968/704 699/964/699
f 700/971/700 710/972/710 701/973/701
f 707/974/707 703/975/703 706/976/706
f 711/977/711 708/969/708 707/974/707
f 712/978/712 709/970/709 708/969/708
f 713/979/713 704/968/704 709/970/709
f 715/980/715 705/981/705 710/972/710
f 717/982/717 707/974/707 706/976/706
f 718/983/718 712/978/712 711/977/711
f 719/984/719 713/979/713 709/970/709
f 719/985/719 721/986/721 713/987/713
f 722/988/722 714/989/714 713/987/713
f 723/990/723 716/991/716 715/992/715
f 725/993/725 719/985/719 720/994/720
f 721/986/721 726/995/726 722/988/722
f 728/996/728 716/991/716 723/990/723
f 731/997/731 721/986/721 719/985/719
f 735/998/735 726/995/726 721/986/721
f 736/999/736 728/996/728 727/1000/727
f 737/1001/737 732/1002/732 728/996/728
f 734/1003/734 729/1004/729 733/1005/733
f 739/1006/739 730/1007/730 729/1004/729
f 731/997/731 740/1008/740 735/998/735
f 741/1009/741 736/1010/736 735/998/735
f 742/1011/742 739/1006/739 738/1012/738
f 744/1013/744 737/1001/737 736/999/736
f 746/1014/746 739/1006/739 742/1011/742
f 752/1015/752 745/1016/745 732/1002/732
f 753/1017/753 751/1018/751 750/1019/750
f 751/1018/751 754/1020/754 744/1013/744
f 754/1020/754 752/1015/752 744/1013/744
f 752/1015/752 755/1021/755 745/1016/745
f 757/1022/757 747/1023/747 746/1014/746
f 757/1022/757 748/1024/748 747/1023/747
f 753/1017/753 759/1025/759 751/1018/751
f 759/1025/759 754/1020/754 751/1018/751
f 758/1026/758 761/1027/761 753/1028/753
f 761/1027/761 759/1029/759 753/1028/753
f 764/1030/764 760/1031/760 752/1015/752
f 768/1032/768 761/1027/761 758/1026/758
f 765/1033/765 756/1034/756 760/1031/760
f 770/1035/770 766/1036/766 765/1033/765
f 767/1037/767 771/1038/771 768/1032/768
f 776/1039/776 766/1036/766 770/1035/770
f 776/1039/776 767/1037/767 766/1036/766
f 778/1040/778 774/1041/774 773/1042/773
f 764/1030/764 779/1043/779 769/1044/769
f 769/1044/769 775/1045/775 770/1035/770
f 780/1046/780 776/1039/776 775/1045/775
f 781/1047/781 771/1038/771 767/1037/767
f 778/1040/778 782/1048/782 774/1041/774
f 782/1048/782 779/1043/779 774/1041/774
f 779/1043/779 783/1049/783 775/1045/775
f 785/1050/785 776/1039/776 780/1046/780
f 785/1050/785 781/1047/781 776/1039/776
f 783/1049/783 784/1051/784 780/1046/780
f 784/1051/784 788/1052/788 785/1050/785
f 786/1053/786 789/1054/789 787/1055/787
f 783/1049/783 793/1056/793 784/1051/784
f 796/1057/796 781/1047/781 785/1050/785
f 793/1056/793 794/1058/794 788/1052/788
f 797/1059/797 795/1060/795 794/1058/794
f 790/1061/790 799/1062/799 791/1063/791
f 800/1064/800 792/1065/792 791/1063/791
f 792/1065/792 801/1066/801 793/1056/793
f 802/1067/802 795/1060/795 797/1059/797
f 798/1068/798 805/1069/805 799/1070/799
f 808/1071/808 804/1072/804 796/1057/796
f 804/1072/804 809/1073/809 805/1069/805
f 813/1074/813 806/1075/806 801/1066/801
f 806/1075/806 807/1076/807 802/1067/802
f 819/1077/819 812/1078/812 811/1079/811
f 822/1080/822 818/1081/818 815/1082/815
f 605/879/605 606/1083/606 821/1084/821
f 605/879/605 613/878/613 614/882/614
f 610/1085/610 617/892/617 618/891/618
f 606/1083/606 615/887/615 607/889/607
f 607/889/607 617/883/617 608/885/608
f 616/881/616 612/880/612 619/1086/619
f 610/1085/610 618/891/618 611/1087/611
f 611/1087/611 619/1086/619 612/880/612
f 615/887/615 620/886/620 621/894/621
f 617/883/617 622/888/622 623/900/623
f 620/886/620 629/906/629 625/905/625
f 618/891/618 624/898/624 611/1087/611
f 611/1087/611 624/898/624 619/1086/619
f 619/1086/619 620/886/620 616/881/616
f 625/905/625 626/893/626 620/886/620
f 618/891/618 627/896/627 628/897/628
f 624/898/624 629/906/629 619/1086/619
f 627/1088/627 631/899/631 632/910/632
f 626/893/626 630/895/630 621/894/621
f 626/893/626 634/904/634 635/902/635
f 632/1089/632 633/901/633 627/896/627
f 629/906/629 637/903/637 638/920/638
f 630/895/630 636/908/636 631/899/631
f 633/901/633 641/916/641 642/915/642
f 629/906/629 638/920/638 634/904/634
f 636/908/636 640/912/640 631/899/631
f 640/912/640 641/909/641 631/899/631
f 637/903/637 642/915/642 643/917/643
f 648/919/648 637/903/637 647/918/647
f 638/920/638 639/907/639 634/904/634
f 635/902/635 644/911/644 636/908/636
f 641/909/641 645/913/645 646/926/646
f 640/912/640 653/924/653 654/1090/654
f 639/907/639 648/919/648 644/911/644
f 649/922/649 650/921/650 644/911/644
f 646/914/646 651/928/651 642/915/642
f 642/915/642 651/928/651 643/917/643
f 652/923/652 653/924/653 650/921/650
f 645/913/645 654/1090/654 655/925/655
f 656/931/656 655/927/655 659/1091/659
f 651/928/651 656/931/656 643/917/643
f 643/917/643 656/931/656 647/918/647
f 647/918/647 657/930/657 648/919/648
f 648/919/648 657/930/657 649/922/649
f 652/923/652 658/1092/658 653/924/653
f 654/1090/654 659/1093/659 655/925/655
f 652/923/652 660/933/660 658/1092/658
f 656/931/656 657/930/657 647/918/647
f 657/930/657 660/933/660 649/922/649
f 653/924/653 661/936/661 662/935/662
f 653/924/653 663/945/663 654/1090/654
f 659/1093/659 663/945/663 664/1094/664
f 659/1091/659 665/929/665 656/931/656
f 657/930/657 669/942/669 670/939/670
f 660/933/660 661/936/661 658/1092/658
f 668/938/668 669/942/669 665/929/665
f 661/936/661 666/932/666 667/934/667
f 673/1095/673 664/1094/664 677/944/677
f 671/947/671 672/940/672 667/934/667
f 663/945/663 677/944/677 664/1094/664
f 667/934/667 674/1096/674 671/947/671
f 670/939/670 674/1096/674 666/932/666
f 676/943/676 662/935/662 675/951/675
f 672/940/672 675/951/675 662/935/662
f 678/946/678 683/1097/683 684/949/684
f 677/1098/677 678/946/678 673/941/673
f 670/939/670 679/955/679 674/1096/674
f 679/955/679 680/957/680 674/1096/674
f 674/1096/674 680/957/680 671/947/671
f 672/940/672 681/948/681 675/951/675
f 676/943/676 682/953/682 677/944/677
f 677/944/677 682/953/682 683/959/683
f 684/949/684 691/1099/691 692/1100/692
f 680/957/680 681/948/681 671/947/671
f 681/948/681 685/956/685 686/950/686
f 675/951/675 687/952/687 676/943/676
f 679/955/679 685/956/685 680/957/680
f 685/956/685 689/962/689 686/950/686
f 686/950/686 690/1101/690 675/951/675
f 685/956/685 694/1102/694 689/962/689
f 692/1100/692 693/960/693 684/949/684
f 688/954/688 694/1102/694 679/955/679
f 696/963/696 695/961/695 698/1103/698
f 686/950/686 695/961/695 690/1101/690
f 690/1101/690 696/963/696 675/951/675
f 687/952/687 697/965/697 691/958/691
f 691/958/691 697/965/697 692/967/692
f 694/1102/694 695/961/695 689/962/689
f 702/1104/702 688/954/688 705/981/705
f 696/963/696 699/964/699 687/952/687
f 700/971/700 701/973/701 692/1100/692
f 692/1100/692 701/973/701 693/960/693
f 693/960/693 705/981/705 688/954/688
f 695/961/695 702/1104/702 698/1103/698
f 696/963/696 703/975/703 708/969/708
f 698/1103/698 706/976/706 703/975/703
f 699/964/699 704/968/704 697/965/697
f 701/973/701 705/981/705 693/960/693
f 605/879/605 615/887/615 606/1083/606
f 705/981/705 706/976/706 702/1104/702
f 710/1105/710 713/979/713 714/1106/714
f 703/975/703 707/974/707 708/969/708
f 704/968/704 710/1105/710 700/966/700
f 701/973/701 710/972/710 705/981/705
f 708/969/708 711/977/711 712/978/712
f 717/982/717 705/981/705 716/1107/716
f 714/1108/714 715/980/715 710/972/710
f 715/980/715 716/1107/716 705/981/705
f 718/1109/718 719/985/719 712/1110/712
f 717/982/717 711/977/711 707/974/707
f 712/978/712 719/984/719 709/970/709
f 717/982/717 718/983/718 711/977/711
f 723/990/723 714/1111/714 722/1112/722
f 721/986/721 722/988/722 713/987/713
f 718/1109/718 724/1113/724 720/994/720
f 716/991/716 724/1113/724 717/1114/717
f 723/990/723 727/1000/727 728/996/728
f 726/995/726 727/1115/727 722/988/722
f 730/1007/730 725/993/725 729/1004/729
f 724/1113/724 725/993/725 720/994/720
f 733/1005/733 716/991/716 732/1002/732
f 730/1007/730 731/997/731 719/985/719
f 728/996/728 732/1002/732 716/991/716
f 725/993/725 733/1005/733 729/1004/729
f 727/1115/727 735/998/735 736/1010/736
f 731/997/731 735/998/735 721/986/721
f 739/1006/739 734/1003/734 738/1012/738
f 728/996/728 736/999/736 737/1001/737
f 732/1002/732 734/1003/734 733/1005/733
f 744/1013/744 741/1116/741 743/1117/743
f 730/1007/730 739/1006/739 731/997/731
f 735/998/735 740/1008/740 741/1009/741
f 732/1002/732 738/1012/738 734/1003/734
f 740/1008/740 743/1118/743 741/1009/741
f 732/1002/732 742/1011/742 738/1012/738
f 737/1001/737 744/1013/744 732/1002/732
f 731/997/731 747/1023/747 748/1024/748
f 739/1006/739 746/1014/746 747/1023/747
f 749/1119/749 731/997/731 748/1024/748
f 743/1118/743 749/1119/749 750/1120/750
f 744/1013/744 750/1019/750 751/1018/751
f 756/1034/756 755/1021/755 760/1031/760
f 744/1013/744 752/1015/752 732/1002/732
f 745/1016/745 746/1014/746 742/1011/742
f 749/1119/749 753/1028/753 750/1120/750
f 745/1016/745 755/1021/755 746/1014/746
f 756/1034/756 757/1022/757 746/1014/746
f 748/1024/748 758/1026/758 749/1119/749
f 749/1119/749 758/1026/758 753/1028/753
f 752/1015/752 760/1031/760 755/1021/755
f 759/1025/759 763/1121/763 754/1020/754
f 761/1122/761 762/1123/762 759/1025/759
f 764/1030/764 754/1020/754 763/1121/763
f 757/1022/757 765/1033/765 766/1036/766
f 757/1022/757 767/1037/767 748/1024/748
f 758/1026/758 767/1037/767 768/1032/768
f 768/1032/768 773/1124/773 762/1125/762
f 768/1032/768 762/1125/762 761/1027/761
f 764/1030/764 769/1044/769 760/1031/760
f 760/1031/760 769/1044/769 765/1033/765
f 768/1032/768 771/1038/771 772/1126/772
f 763/1121/763 773/1042/773 774/1041/774
f 787/1055/787 771/1038/771 786/1053/786
f 763/1121/763 774/1041/774 764/1030/764
f 769/1044/769 770/1035/770 765/1033/765
f 775/1045/775 776/1039/776 770/1035/770
f 772/1126/772 777/1127/777 773/1124/773
f 777/1128/777 778/1040/778 773/1042/773
f 774/1041/774 779/1043/779 764/1030/764
f 779/1043/779 775/1045/775 769/1044/769
f 776/1039/776 781/1047/781 767/1037/767
f 771/1038/771 777/1127/777 772/1126/772
f 775/1045/775 783/1049/783 780/1046/780
f 784/1051/784 785/1050/785 780/1046/780
f 781/1047/781 786/1053/786 771/1038/771
f 782/1048/782 777/1128/777 787/1129/787
f 787/1129/787 791/1063/791 782/1048/782
f 787/1055/787 789/1054/789 790/1130/790
f 792/1065/792 782/1048/782 791/1063/791
f 793/1056/793 779/1043/779 792/1065/792
f 788/1052/788 796/1057/796 785/1050/785
f 793/1056/793 788/1052/788 784/1051/784
f 794/1058/794 795/1060/795 788/1052/788
f 786/1053/786 796/1057/796 798/1068/798
f 790/1130/790 798/1068/798 799/1070/799
f 786/1053/786 798/1068/798 789/1054/789
f 794/1058/794 801/1066/801 797/1059/797
f 799/1062/799 800/1064/800 791/1063/791
f 796/1057/796 802/1067/802 803/1131/803
f 800/1064/800 809/1132/809 810/1133/810
f 796/1057/796 804/1072/804 798/1068/798
f 804/1072/804 805/1069/805 798/1068/798
f 805/1134/805 800/1064/800 799/1062/799
f 801/1066/801 806/1075/806 797/1059/797
f 797/1059/797 806/1075/806 802/1067/802
f 802/1067/802 807/1076/807 803/1131/803
f 803/1131/803 808/1071/808 796/1057/796
f 792/1065/792 811/1079/811 812/1078/812
f 810/1133/810 811/1079/811 800/1064/800
f 801/1066/801 812/1078/812 813/1074/813
f 807/1076/807 808/1071/808 803/1131/803
f 807/1076/807 813/1074/813 814/1135/814
f 804/1072/804 815/1082/815 809/1073/809
f 809/1073/809 815/1082/815 810/1136/810
f 811/1079/811 818/1137/818 819/1077/819
f 814/1135/814 816/1138/816 808/1071/808
f 808/1071/808 817/1139/817 804/1072/804
f 804/1072/804 817/1139/817 815/1082/815
f 815/1082/815 818/1081/818 810/1136/810
f 816/1138/816 813/1074/813 820/1140/820
f 812/1078/812 820/1140/820 813/1074/813
f 808/1071/808 821/1084/821 606/1083/606
f 608/885/608 817/1139/817 607/889/607
f 808/1071/808 606/1083/606 817/1139/817
f 817/1139/817 822/1080/822 815/1082/815
f 822/1141/822 819/1077/819 818/1137/818
f 820/1140/820 821/1084/821 816/1138/816
f 606/1083/606 607/889/607 817/1139/817
f 822/1141/822 610/1085/610 819/1077/819
f 822/1080/822 608/885/608 609/884/609
f 611/1087/611 819/1077/819 610/1085/610
f 820/1140/820 611/1087/611 612/880/612
f 821/1084/821 612/880/612 605/879/605
f 610/1085/610 609/1142/609 617/892/617
f 616/881/616 613/878/613 612/880/612
f 615/887/615 614/882/614 620/886/620
f 617/883/617 607/889/607 622/888/622
f 620/886/620 619/1086/619 629/906/629
f 627/1088/627 623/900/623 631/899/631
f 626/893/626 625/905/625 634/904/634
f 629/906/629 624/898/624 637/903/637
f 633/901/633 632/1089/632 641/916/641
f 637/903/637 633/901/633 642/915/642
f 648/919/648 638/920/638 637/903/637
f 640/912/640 636/908/636 653/924/653
f 645/913/645 640/912/640 654/1090/654
f 656/931/656 651/928/651 655/927/655
f 652/923/652 649/922/649 660/933/660
f 653/924/653 658/1092/658 661/936/661
f 653/924/653 662/935/662 663/945/663
f 659/1093/659 654/1090/654 663/945/663
f 659/1091/659 664/937/664 665/929/665
f 657/930/657 665/929/665 669/942/669
f 661/936/661 660/933/660 666/932/666
f 673/1095/673 668/1143/668 664/1094/664
f 667/934/667 666/932/666 674/1096/674
f 676/943/676 663/945/663 662/935/662
f 678/946/678 677/1098/677 683/1097/683
f 684/949/684 683/1097/683 691/1099/691
f 685/956/685 679/955/679 694/1102/694
f 696/963/696 690/1101/690 695/961/695
f 702/1104/702 694/1102/694 688/954/688
f 695/961/695 694/1102/694 702/1104/702
f 696/963/696 698/1103/698 703/975/703
f 698/1103/698 702/1104/702 706/976/706
f 605/879/605 614/882/614 615/887/615
f 710/1105/710 704/968/704 713/979/713
f 717/982/717 706/976/706 705/981/705
f 718/1109/718 720/994/720 719/985/719
f 723/990/723 715/992/715 714/1111/714
f 718/1109/718 717/1114/717 724/1113/724
f 723/990/723 722/1112/722 727/1000/727
f 730/1007/730 719/985/719 725/993/725
f 733/1005/733 724/1113/724 716/991/716
f 725/993/725 724/1113/724 733/1005/733
f 727/1115/727 726/995/726 735/998/735
f 739/1006/739 729/1004/729 734/1003/734
f 744/1013/744 736/999/736 741/1116/741
f 732/1002/732 745/1016/745 742/1011/742
f 731/997/731 739/1006/739 747/1023/747
f 749/1119/749 740/1008/740 731/997/731
f 743/1118/743 740/1008/740 749/1119/749
f 744/1013/744 743/1117/743 750/1019/750
f 756/1034/756 746/1014/746 755/1021/755
f 759/1025/759 762/1123/762 763/1121/763
f 764/1030/764 752/1015/752 754/1020/754
f 757/1022/757 756/1034/756 765/1033/765
f 757/1022/757 766/1036/766 767/1037/767
f 758/1026/758 748/1024/748 767/1037/767
f 768/1032/768 772/1126/772 773/1124/773
f 763/1121/763 762/1123/762 773/1042/773
f 787/1055/787 777/1127/777 771/1038/771
f 782/1048/782 778/1040/778 777/1128/777
f 787/1129/787 790/1061/790 791/1063/791
f 792/1065/792 779/1043/779 782/1048/782
f 793/1056/793 783/1049/783 779/1043/779
f 788/1052/788 795/1060/795 796/1057/796
f 786/1053/786 781/1047/781 796/1057/796
f 790/1130/790 789/1054/789 798/1068/798
f 794/1058/794 793/1056/793 801/1066/801
f 796/1057/796 795/1060/795 802/1067/802
f 800/1064/800 805/1134/805 809/1132/809
f 792/1065/792 800/1064/800 811/1079/811
f 801/1066/801 792/1065/792 812/1078/812
f 807/1076/807 814/1135/814 808/1071/808
f 807/1076/807 806/1075/806 813/1074/813
f 811/1079/811 810/1133/810 818/1137/818
f 816/1138/816 814/1135/814 813/1074/813
f 808/1071/808 816/1138/816 821/1084/821
f 608/885/608 822/1080/822 817/1139/817
f 822/1141/822 609/1142/609 610/1085/610
f 611/1087/611 812/1078/812 819/1077/819
f 820/1140/820 812/1078/812 611/1087/611
f 821/1084/821 820/1140/820 612/880/612
o Torus.003
v 0.399080 -0.525310 -0.172874
v 0.401361 -0.460422 -0.170982
v 0.309132 -0.676476 -0.081463
v 0.411769 -0.453196 -0.101986
v 0.414530 -0.509446 -0.075625
v 0.424777 -0.560385 -0.089977
v 0.414179 -0.573545 -0.138125
v 0.353872 -0.640483 -0.144935
v 0.314733 -0.680968 -0.114178
v 0.328291 -0.665512 -0.049467
v 0.360648 -0.650786 -0.037466
v 0.373094 -0.682028 -0.042699
v 0.312444 -0.756633 -0.097622
v 0.330351 -0.769896 0.013458
v 0.344475 -0.789699 -0.016729
v 0.307575 -0.902422 0.019874
v 0.311254 -0.847270 -0.038093
v 0.283871 -0.860304 -0.040792
v 0.263031 -0.847286 -0.029397
v 0.230711 -0.947161 0.064075
v 0.253070 -0.873443 0.040952
v 0.281432 -0.843407 0.056231
v 0.314337 -0.876021 0.064533
v 0.237501 -1.006434 0.072480
v 0.227009 -0.995303 0.082404
v 0.265416 -0.955589 0.149323
v 0.285594 -0.943706 0.136213
v 0.297231 -0.977714 0.132479
v 0.255543 -1.012229 0.077194
v 0.206452 -1.135693 0.296482
v 0.235751 -1.028784 0.209816
v 0.250920 -1.114300 0.190261
v 0.212587 -1.125941 0.213681
v 0.241145 -1.105967 0.325196
v 0.265216 -1.100131 0.314004
v 0.276801 -1.110617 0.307109
v 0.276314 -1.156371 0.330839
v 0.264286 -1.189164 0.325138
v 0.218429 -1.237724 0.372766
v 0.207450 -1.221943 0.376192
v 0.236631 -1.237954 0.371729
v 0.217662 -1.243595 0.504411
v 0.245717 -1.235194 0.568485
v 0.261748 -1.178822 0.466016
v 0.282296 -1.194175 0.457317
v 0.274296 -1.270004 0.487667
v 0.237350 -1.322581 0.607314
v 0.273708 -1.238587 0.623249
v 0.291287 -1.240159 0.623044
v 0.305984 -1.261978 0.615798
v 0.262913 -1.329497 0.605006
v 0.245084 -1.293629 0.676642
v 0.345984 -1.334737 0.831112
v 0.304580 -1.339638 0.715747
v 0.294285 -1.359804 0.788264
v 0.289919 -1.338783 0.865850
v 0.311529 -1.273497 0.840824
v 0.335259 -1.269280 0.784074
v 0.377113 -1.304059 0.906801
v 0.327594 -1.361015 0.906873
v 0.351585 -1.294683 1.038152
v 0.357803 -1.263970 0.950226
v 0.377912 -1.263317 0.955509
v 0.387505 -1.275888 0.944482
v 0.391340 -1.339471 1.008617
v 0.386147 -1.333851 1.091671
v 0.373465 -1.318988 1.093169
v 0.404206 -1.333323 1.084081
v 0.394023 -1.246162 1.072619
v 0.449210 -1.232231 1.107715
v 0.484392 -1.241271 1.169271
v 0.524010 -1.234457 1.277492
v 0.495030 -1.250301 1.303654
v 0.434660 -1.260071 1.234385
v 0.473793 -1.184607 1.279769
v 0.494971 -1.165409 1.256700
v 0.512823 -1.165919 1.252324
v 0.518761 -1.183631 1.240669
v 0.499039 -1.195235 1.348489
v 0.538465 -1.111350 1.364612
v 0.584789 -1.123956 1.341673
v 0.565659 -1.182173 1.394167
v 0.571892 -1.138351 1.447899
v 0.588387 -1.061639 1.471161
v 0.581989 -1.071032 1.376536
v 0.642677 -1.064427 1.425222
v 0.630186 -1.107884 1.435613
v 0.660776 -1.017547 1.555349
v 0.649553 -0.963125 1.488181
v 0.666745 -0.968847 1.467973
v 0.685733 -0.973153 1.473937
v 0.683733 -1.022511 1.546449
v 0.728094 -0.863945 1.616598
v 0.754861 -0.895891 1.539679
v 0.746933 -0.937368 1.561828
v 0.752526 -0.870608 1.634099
v 0.813623 -0.688983 1.647150
v 0.760983 -0.780816 1.578617
v 0.775009 -0.794782 1.556713
v 0.796063 -0.792648 1.562420
v 0.809321 -0.817038 1.644909
v 0.813287 -0.759931 1.668199
v 0.861971 -0.692941 1.593497
v 0.931820 -0.591319 1.640629
v 0.869476 -0.719094 1.648586
v 0.881861 -0.663738 1.681847
v 0.886242 -0.579470 1.683200
v 0.865190 -0.578309 1.612648
v 0.881913 -0.590414 1.593025
v 0.937536 -0.550410 1.684696
v 0.946963 -0.484920 1.589244
v 0.986125 -0.440597 1.601589
v 0.989510 -0.460586 1.658101
v 0.974059 -0.422086 1.675182
v 0.964702 -0.359479 1.637264
v 0.960005 -0.354891 1.597313
v 0.943646 -0.426932 1.580763
v 1.019267 -0.306913 1.647243
v 0.984610 -0.323704 1.555698
v 1.028998 -0.278874 1.537426
v 1.097431 -0.163042 1.524761
v 1.063803 -0.266988 1.606121
v 1.060695 -0.190762 1.599931
v 1.064522 -0.110847 1.551755
v 1.028850 -0.156292 1.516267
v 1.020452 -0.217781 1.513149
v 1.079812 -0.173521 1.499443
v 1.120587 -0.042482 1.505375
v 1.081232 0.011759 1.445073
v 1.057783 -0.074103 1.439105
v 1.069605 -0.083132 1.430713
v 1.086159 -0.087335 1.430716
v 1.127200 -0.060617 1.482455
v 1.117596 0.061213 1.428341
v 1.083324 0.063392 1.355421
v 1.126201 0.011748 1.364137
v 1.149232 0.096854 1.385076
v 1.105383 0.150665 1.307899
v 1.087075 0.048206 1.322284
v 1.110132 0.080537 1.276279
v 1.161992 0.124268 1.291162
v 1.157017 0.226782 1.234288
v 1.138212 0.219623 1.248220
v 1.096694 0.161858 1.198075
v 1.134962 0.153064 1.187846
v 1.167016 0.209056 1.233899
v 1.118859 0.318297 1.064828
v 1.093962 0.237255 1.116456
v 1.106375 0.213248 1.084715
v 1.165040 0.247367 1.108320
v 1.156979 0.312979 1.067860
v 1.079344 0.356950 0.896242
v 1.086884 0.269160 0.995655
v 1.107622 0.253800 0.988593
v 1.134962 0.263810 0.995888
v 1.156404 0.313445 0.990525
v 1.144472 0.355604 0.954973
v 1.111727 0.378610 0.907879
v 1.061693 0.338545 0.846194
v 1.098308 0.293682 0.868831
v 1.122719 0.389003 0.834612
v 1.064759 0.394421 0.770267
v 1.047304 0.328114 0.771322
v 1.059084 0.313523 0.769510
v 1.088793 0.318957 0.764563
v 1.110753 0.359557 0.746843
v 1.094707 0.403994 0.707679
v 1.054881 0.414614 0.656566
v 1.058956 0.407366 0.591471
v 0.980919 0.383744 0.519779
v 0.961386 0.347131 0.496624
v 0.982766 0.327539 0.549630
v 0.996052 0.316975 0.550866
v 1.021044 0.319043 0.540741
v 1.000862 0.399685 0.470313
v 0.979230 0.321838 0.360036
v 1.039036 0.378329 0.501934
v 0.970605 0.366003 0.357872
v 0.934516 0.363680 0.360826
v 0.926337 0.285441 0.397832
v 0.937944 0.268719 0.336665
v 0.900816 0.328005 0.250974
v 0.839208 0.274821 0.211906
v 0.844660 0.240683 0.251467
v 0.862892 0.220343 0.252881
v 0.879526 0.220014 0.249301
v 0.848050 0.192071 0.121700
v 0.919363 0.294844 0.231676
v 0.825735 0.236659 0.101465
v 0.807481 0.234778 0.108141
v 0.824235 0.150875 0.138847
v 0.837140 0.220948 0.099373
v 0.739224 0.156158 0.044641
v 0.738424 0.113601 0.090495
v 0.752863 0.088653 0.088426
v 0.771881 0.119751 0.005967
v 0.727786 0.120371 -0.013389
v 0.608425 -0.041745 -0.068881
v 0.724060 0.015793 0.013582
v 0.683259 0.026997 -0.079351
v 0.632713 -0.002008 -0.078483
v 0.626171 -0.052112 -0.025766
v 0.642914 -0.076227 -0.023412
v 0.707799 0.002205 -0.052505
v 0.604629 -0.071141 -0.127300
v 0.612367 -0.165786 -0.075769
v 0.622240 -0.113629 -0.131812
v 0.559265 -0.182634 -0.165594
v 0.535187 -0.172315 -0.142627
v 0.517859 -0.245552 -0.087934
v 0.540617 -0.259424 -0.080474
v 0.512069 -0.350062 -0.159138
v 0.504834 -0.295781 -0.183793
v 0.466977 -0.303371 -0.164018
v 0.383661 -0.482717 -0.135874
v 0.507950 -0.369088 -0.110339
v 0.446704 -0.412964 -0.187046
v 0.459049 -0.409463 -0.085885
vn 0.0674 -0.2210 -0.9729
vn -0.7716 0.2588 -0.5811
vn -0.9326 0.3508 0.0850
vn -0.7414 0.3862 0.5489
vn 0.0078 0.1769 0.9842
vn 0.9140 -0.2964 0.2771
vn 0.7928 -0.4155 -0.4459
vn 0.0598 -0.3217 -0.9449
vn -0.8483 0.0996 -0.5200
vn -0.7145 0.4639 0.5237
vn 0.0151 0.3457 0.9382
vn 0.6785 0.0523 0.7327
vn -0.0117 -0.4156 -0.9095
vn 0.3730 0.3344 0.8655
vn 0.9603 -0.2755 0.0450
vn 0.8121 -0.4752 -0.3387
vn 0.6272 -0.5205 -0.5794
vn -0.0920 -0.5261 -0.8454
vn -0.9083 -0.0027 -0.4184
vn -0.9840 0.1607 -0.0764
vn -0.8799 0.4116 0.2374
vn -0.5518 0.5683 0.6103
vn 0.8625 0.1397 0.4863
vn -0.4610 -0.5455 -0.6999
vn -0.9463 -0.1207 -0.2998
vn -0.0232 0.6876 0.7257
vn 0.5304 0.5026 0.6827
vn 0.9886 -0.0135 0.1499
vn 0.3749 -0.6689 -0.6419
vn -0.9500 0.2674 0.1612
vn -0.6818 0.5827 0.4423
vn 0.4582 -0.7054 -0.5408
vn -0.7981 -0.4493 -0.4014
vn -0.4925 0.7312 0.4721
vn 0.4442 0.7281 0.5221
vn 0.9219 0.2903 0.2564
vn 0.9748 -0.1859 -0.1234
vn 0.7755 -0.5353 -0.3346
vn -0.4645 -0.7987 -0.3825
vn -0.9729 -0.2213 -0.0675
vn 0.2942 -0.8425 -0.4512
vn -0.9579 0.2125 0.1931
vn -0.6977 0.6471 0.3075
vn 0.2343 0.8826 0.4076
vn 0.7484 0.6339 0.1949
vn 0.7574 -0.5764 -0.3066
vn -0.8158 -0.5777 -0.0263
vn -0.1427 0.9591 0.2446
vn 0.5101 0.8497 0.1330
vn 0.9800 0.1290 -0.1516
vn 0.2468 -0.9229 -0.2956
vn -0.9492 0.2051 0.2387
vn 0.7929 -0.5632 -0.2326
vn 0.6295 -0.7363 -0.2483
vn -0.0865 -0.9953 -0.0446
vn -0.9397 -0.2036 0.2749
vn -0.5215 0.8383 0.1592
vn 0.5375 0.8426 -0.0329
vn 0.9424 -0.0066 -0.3343
vn -0.0456 -0.9968 0.0663
vn -0.9147 0.2745 0.2965
vn 0.1882 0.9664 -0.1753
vn 0.2731 0.9361 -0.2217
vn 0.8247 0.4356 -0.3608
vn 0.6543 -0.7454 -0.1277
vn -0.3145 -0.8814 0.3524
vn -0.8574 -0.2936 0.4228
vn 0.4406 -0.8950 0.0704
vn -0.5765 0.8170 0.0161
vn 0.5283 0.7122 -0.4622
vn 0.9134 -0.0816 -0.3987
vn 0.7972 -0.5923 -0.1170
vn 0.0193 -0.8812 0.4724
vn -0.8602 -0.1401 0.4904
vn -0.8480 0.4893 0.2036
vn -0.4658 0.8560 -0.2243
vn 0.2418 0.7681 -0.5929
vn 0.6095 0.4977 -0.6171
vn -0.8304 -0.0701 0.5528
vn -0.7495 0.6620 -0.0050
vn 0.8216 0.0316 -0.5691
vn 0.4714 -0.8144 0.3384
vn -0.4378 -0.4578 0.7738
vn -0.8674 0.2675 0.4195
vn -0.2147 0.7623 -0.6106
vn 0.8692 -0.2478 -0.4278
vn 0.8363 -0.5389 -0.1006
vn -0.4397 -0.3005 0.8464
vn -0.7330 0.6343 -0.2459
vn -0.0426 0.5998 -0.7990
vn 0.5132 0.2090 -0.8324
vn 0.5719 -0.6923 0.4400
vn -0.7815 0.2037 0.5898
vn 0.8313 -0.2720 -0.4847
vn 0.8633 -0.5025 -0.0460
vn -0.1547 -0.3109 0.9378
vn -0.8368 0.3531 0.4184
vn -0.7636 0.5535 -0.3326
vn -0.1510 0.4282 -0.8910
vn 0.3140 0.1229 -0.9414
vn 0.6594 -0.5394 0.5236
vn -0.2977 -0.0512 0.9533
vn 0.6786 -0.2291 -0.6979
vn 0.8996 -0.4240 -0.1049
vn 0.8677 -0.4739 0.1501
vn 0.4596 -0.2976 0.8368
vn -0.5600 0.2565 0.7878
vn -0.8619 0.4031 -0.3076
vn -0.3217 0.1631 -0.9327
vn 0.5700 -0.2403 0.7857
vn 0.3508 -0.2141 -0.9116
vn 0.2793 -0.3345 -0.9000
vn 0.9045 -0.3126 0.2902
vn -0.0353 0.2048 0.9782
vn -0.7786 0.4212 0.4652
vn -0.9366 0.3440 -0.0658
vn -0.5791 0.1083 -0.8080
vn -0.0013 0.3132 0.9497
vn -0.6663 0.0074 -0.7457
vn 0.0796 -0.3891 -0.9178
vn 0.9187 -0.3639 -0.1535
vn 0.9314 -0.2187 0.2910
vn 0.0943 0.3909 0.9156
vn -0.4992 0.5473 0.6718
vn -0.9668 0.2288 -0.1138
vn -0.7126 -0.1105 -0.6928
vn 0.7254 -0.4870 -0.4864
vn 0.6544 0.3204 0.6849
vn -0.7708 0.4982 0.3970
vn -0.8344 -0.1696 -0.5244
vn -0.4222 -0.4546 -0.7842
vn 0.1204 -0.6006 -0.7904
vn 0.9787 -0.1937 0.0685
vn -0.2136 0.6817 0.6998
vn -0.9763 0.2124 0.0413
vn 0.6580 -0.5660 -0.4966
vn 0.7812 0.3884 0.4888
vn -0.7436 0.5419 0.3916
vn -0.8800 -0.2558 -0.4002
vn -0.1314 -0.7465 -0.6523
vn 0.9564 -0.2629 -0.1271
vn 0.4936 0.7301 0.4726
vn -0.2897 0.7845 0.5483
vn -0.8880 -0.3684 -0.2753
vn 0.5914 -0.6702 -0.4485
vn 0.9724 0.1765 0.1528
vn -0.4866 0.7798 0.3937
vn -0.9988 -0.0151 0.0475
vn -0.4574 -0.8016 -0.3851
vn 0.9605 -0.2273 -0.1605
vn 0.7401 0.6291 0.2376
vn -0.7693 0.5740 0.2806
vn -0.8032 -0.5837 -0.1186
vn -0.0520 -0.9344 -0.3523
vn 0.6454 -0.6830 -0.3421
vn 0.9895 -0.0393 -0.1387
vn 0.7635 0.6376 0.1032
vn -0.2532 0.9216 0.2943
vn -0.9671 0.1208 0.2239
vn 0.2160 -0.9340 -0.2846
vn 0.7427 0.6687 -0.0337
vn -0.6054 0.7589 0.2399
vn -0.8378 -0.5187 0.1702
vn -0.3393 -0.9396 -0.0442
vn 0.5815 -0.7768 -0.2418
vn 0.9428 -0.2184 -0.2519
vn 0.7799 0.6052 -0.1595
vn -0.2697 0.9587 0.0905
vn 0.7060 0.6639 -0.2466
vn -0.7724 0.6050 0.1935
vn -0.9331 0.1300 0.3354
vn -0.8296 -0.4629 0.3123
vn -0.2611 -0.9488 0.1779
vn 0.5086 -0.8563 -0.0898
vn 0.0038 0.9844 -0.1759
vn 0.9134 -0.2389 -0.3297
vn 0.9236 0.1379 -0.3578
vn 0.5806 0.6645 -0.4704
vn -0.5582 0.8293 -0.0251
vn -0.4380 -0.7721 0.4605
vn 0.6206 -0.7835 0.0311
vn -0.1517 0.9129 -0.3789
vn -0.8208 0.5532 0.1425
vn -0.8651 -0.0430 0.4998
vn -0.2501 -0.7657 0.5925
vn -0.0955 -0.8323 0.5460
vn 0.8870 -0.2870 -0.3619
vn 0.8337 0.1495 -0.5316
vn 0.1547 0.7317 -0.6638
vn -0.5494 0.7928 -0.2639
vn 0.7131 -0.6953 0.0896
vn 0.7567 0.1617 -0.6334
vn -0.7740 0.6306 -0.0576
vn -0.7121 -0.1214 0.6915
vn -0.1271 -0.6147 0.7785
vn 0.7548 0.0353 -0.6550
vn -0.2433 0.7085 -0.6625
vn -0.8802 0.4341 0.1918
vn 0.7646 -0.6269 0.1499
vn 0.2875 0.3482 -0.8922
vn -0.7261 0.6268 -0.2826
vn -0.7413 0.1154 0.6611
vn -0.0258 -0.4145 0.9097
vn 0.8573 -0.3033 -0.4160
vn -0.3333 0.5107 -0.7925
vn 0.7991 -0.5330 0.2782
vn 0.6920 -0.1343 -0.7093
vn 0.1307 0.1237 -0.9837
vn -0.8189 0.4931 -0.2937
vn -0.5389 0.1443 0.8299
vn 0.0899 -0.2084 0.9739
vn 0.8153 -0.3752 -0.4410
vn 0.2064 0.0209 -0.9783
vn -0.8422 0.4417 -0.3093
vn -0.9215 0.3852 0.0501
vn 0.8694 -0.4233 0.2547
vn 0.1366 -0.1000 -0.9856
vn -0.0027 0.0251 0.9997
vt 0.531466 0.674996
vt 0.531250 0.833333
vt 0.489583 0.833333
vt 0.509350 0.302397
vt 0.520833 0.458314
vt 0.500000 0.458308
vt 0.531820 0.083333
vt 0.551925 0.166667
vt 0.506310 0.133817
vt 0.568929 0.865235
vt 0.527526 0.946460
vt 0.552083 1.000000
vt 0.573486 0.083333
vt 0.559896 0.333333
vt 0.562500 0.449981
vt 0.541667 0.463118
vt 0.591897 0.000000
vt 0.552083 0.000000
vt 0.595945 0.149110
vt 0.572917 0.250000
vt 0.613022 0.833333
vt 0.595603 0.916667
vt 0.619514 0.378498
vt 0.594544 0.416667
vt 0.593750 0.500000
vt 0.625000 0.546676
vt 0.593750 0.583333
vt 0.644798 0.325619
vt 0.655457 0.583333
vt 0.635849 0.675625
vt 0.666667 0.949981
vt 0.635417 1.000000
vt 0.637985 0.896121
vt 0.666667 0.083333
vt 0.643467 0.166667
vt 0.635417 0.083333
vt 0.656250 0.500000
vt 0.696768 0.543669
vt 0.677469 0.708487
vt 0.698512 0.125021
vt 0.677218 0.288658
vt 0.697917 0.416667
vt 0.656250 0.416667
vt 0.708425 0.667328
vt 0.717328 0.333333
vt 0.740589 0.625941
vt 0.737010 0.842859
vt 0.687086 0.833333
vt 0.697347 0.916667
vt 0.729167 0.041871
vt 0.697917 0.000000
vt 0.752218 0.166667
vt 0.737925 0.250000
vt 0.729167 0.458129
vt 0.750000 0.463119
vt 0.770812 0.726293
vt 0.759623 0.083333
vt 0.782699 0.854971
vt 0.759067 0.916667
vt 0.768838 0.333333
vt 0.781250 0.416667
vt 0.761186 0.000000
vt 0.791667 0.046675
vt 0.822135 0.330460
vt 0.808265 0.617213
vt 0.822144 0.756178
vt 0.821064 0.083333
vt 0.803936 0.166667
vt 0.822304 0.475289
vt 0.781250 0.500000
vt 0.833333 0.630203
vt 0.854167 0.545252
vt 0.867290 0.688382
vt 0.845603 0.833333
vt 0.854167 0.953324
vt 0.822917 0.916667
vt 0.823686 1.000000
vt 0.885417 0.875896
vt 0.885986 0.083333
vt 0.866280 0.166667
vt 0.845322 0.118712
vt 0.884548 0.541786
vt 0.914672 0.666667
vt 0.905116 0.314323
vt 0.885923 0.416667
vt 0.861167 0.308629
vt 0.916667 0.541686
vt 0.947917 0.750000
vt 0.927653 0.083333
vt 0.907672 0.166667
vt 0.947759 0.333333
vt 0.928936 0.416667
vt 0.937500 0.546676
vt 0.969493 0.609390
vt 0.968750 0.873684
vt 0.927140 0.876264
vt 0.958333 0.463118
vt 0.979167 0.454748
vt 0.971742 0.250000
vt 0.995402 0.374064
vt 1.000000 0.541692
vt 1.000000 0.679861
vt 1.000000 0.958314
vt 0.967981 1.000000
vt 1.000000 0.000000
vt 0.990377 0.083333
vt 0.967981 0.000000
vt 0.020833 0.541686
vt 0.010747 0.679861
vt 0.000000 0.541692
vt 0.041667 0.000000
vt 0.031757 0.083333
vt 0.020833 0.000000
vt 0.053505 0.166667
vt 0.053756 0.250000
vt 0.007635 0.166667
vt 0.083801 0.662927
vt 0.052375 0.833333
vt 0.073027 0.458274
vt 0.041667 0.536881
vt 0.031250 0.374421
vt 0.101799 0.833333
vt 0.072917 0.916667
vt 0.095172 0.166667
vt 0.104167 0.461701
vt 0.093750 0.583333
vt 0.118831 0.692029
vt 0.104167 0.949981
vt 0.072917 1.000000
vt 0.114690 0.041240
vt 0.072917 0.083333
vt 0.118849 0.307971
vt 0.072917 0.333333
vt 0.133564 0.583333
vt 0.135255 0.129709
vt 0.134623 0.416667
vt 0.154397 0.833333
vt 0.134847 0.916667
vt 0.168031 0.628091
vt 0.197909 0.750000
vt 0.176513 0.916667
vt 0.157336 1.000000
vt 0.157336 0.000000
vt 0.176234 0.045063
vt 0.166667 0.458129
vt 0.136186 0.500000
vt 0.206064 0.833333
vt 0.178780 0.333333
vt 0.187500 0.453324
vt 0.208333 0.461701
vt 0.196064 0.583333
vt 0.220172 0.666667
vt 0.199266 0.083333
vt 0.218906 0.153019
vt 0.175230 0.166667
vt 0.156121 0.306560
vt 0.221899 0.313179
vt 0.239077 0.583333
vt 0.229167 0.449981
vt 0.250000 0.463118
vt 0.265351 0.695642
vt 0.259995 0.121588
vt 0.270833 0.541871
vt 0.291667 0.625646
vt 0.291667 0.958307
vt 0.260417 1.000000
vt 0.261210 0.916667
vt 0.300507 0.155148
vt 0.291052 0.327847
vt 0.291667 0.463119
vt 0.264426 0.371563
vt 0.312500 0.550019
vt 0.326327 0.689840
vt 0.270793 0.833333
vt 0.323323 0.874202
vt 0.316340 0.385949
vt 0.347773 0.133089
vt 0.343750 0.250000
vt 0.344544 0.583333
vt 0.364583 0.666667
vt 0.369514 0.378498
vt 0.344544 0.416667
vt 0.343750 0.500000
vt 0.375000 0.541692
vt 0.385417 0.126316
vt 0.402715 0.630677
vt 0.409242 0.750000
vt 0.405621 0.872173
vt 0.364090 0.872131
vt 0.395234 0.338685
vt 0.395833 0.463119
vt 0.416667 0.541871
vt 0.408103 0.000000
vt 0.427484 0.117638
vt 0.421852 0.381450
vt 0.437500 0.630203
vt 0.465340 0.310159
vt 0.437500 0.466642
vt 0.469156 0.125798
vt 0.448375 0.882598
vt 0.479167 0.958314
vt 0.447917 1.000000
vt 0.479167 0.000000
vt 0.447917 0.000000
vt 0.490153 0.583333
vt 0.495218 0.679878
vt 0.462312 0.616081
vt 0.530456 0.583333
vt 0.500000 0.953324
vt 0.520833 0.000000
vt 0.562500 0.583333
vt 0.585701 0.666667
vt 0.572917 0.750000
vt 0.591897 1.000000
vt 0.635417 0.000000
vt 0.666667 0.000000
vt 0.697917 1.000000
vt 0.729167 1.000000
vt 0.761186 1.000000
vt 0.781250 0.583333
vt 0.791667 1.000000
vt 0.823686 0.000000
vt 0.854167 0.000000
vt 0.844544 0.416667
vt 0.884331 1.000000
vt 0.925230 1.000000
vt 0.925230 0.000000
vt 0.950111 0.149110
vt 0.987887 0.166667
vt 1.000000 0.833333
vt 0.000000 0.083333
vt 0.012270 0.833333
vt 0.020833 0.958308
vt 0.000000 0.958314
vt 0.000000 0.374064
vt 0.000000 0.250000
vt 0.057324 0.618939
vt 0.041667 0.954748
vt 0.104167 0.000000
vt 0.125000 1.000000
vt 0.218750 1.000000
vt 0.187500 1.000000
vt 0.219257 0.916667
vt 0.218750 0.000000
vt 0.291667 0.000000
vt 0.322917 0.000000
vt 0.322123 0.083333
vt 0.322917 1.000000
vt 0.366436 1.000000
vt 0.366436 0.000000
vt 0.408103 1.000000
vt 0.458333 0.449981
vt 0.479167 0.461701
vt 0.500000 0.000000
vt 0.884331 0.000000
vt 0.000000 0.000000
vt 0.072917 0.000000
vt 0.260417 0.000000
s 1
g Torus.003_Mat_Navio_Ferrugem_30.004
usemtl Mat_Navio_Ferrugem_30.004
f 825/1144/825 832/1145/832 826/1146/826
f 829/1147/829 830/1148/830 823/1149/823
f 834/1150/834 837/1151/837 828/1152/828
f 837/1151/837 829/1147/829 828/1152/828
f 832/1145/832 844/1153/844 833/1154/833
f 844/1153/844 836/1155/836 833/1154/833
f 845/1156/845 837/1151/837 834/1150/834
f 839/1157/839 840/1158/840 835/1159/835
f 849/1160/849 845/1156/845 836/1161/836
f 850/1162/850 838/1163/838 837/1151/837
f 853/1164/853 848/1165/848 844/1153/844
f 838/1163/838 854/1166/854 839/1157/839
f 854/1166/854 851/1167/851 839/1157/839
f 846/1168/846 855/1169/855 847/1170/847
f 860/1171/860 854/1166/854 838/1163/838
f 862/1172/862 852/1173/852 855/1169/855
f 866/1174/866 857/1175/857 856/1176/856
f 867/1177/867 859/1178/859 858/1179/858
f 861/1180/861 869/1181/869 862/1172/862
f 869/1181/869 864/1182/864 862/1172/862
f 867/1177/867 872/1183/872 859/1178/859
f 872/1183/872 868/1184/868 859/1178/859
f 868/1184/868 873/1185/873 863/1186/863
f 869/1181/869 874/1187/874 864/1182/864
f 876/1188/876 873/1185/873 868/1184/868
f 878/1189/878 874/1187/874 869/1181/869
f 874/1187/874 879/1190/879 865/1191/865
f 879/1190/879 870/1192/870 865/1191/865
f 880/1193/880 872/1183/872 871/1194/871
f 881/1195/881 875/1196/875 872/1183/872
f 873/1185/873 877/1197/877 869/1181/869
f 882/1198/882 878/1189/878 877/1197/877
f 883/1199/883 879/1190/879 874/1187/874
f 886/1200/886 881/1195/881 880/1193/880
f 891/1201/891 884/1202/884 879/1190/879
f 887/1203/887 890/1204/890 882/1198/882
f 885/1205/885 892/1206/892 886/1200/886
f 894/1207/894 887/1203/887 875/1196/875
f 896/1208/896 897/1209/897 883/1199/883
f 883/1199/883 897/1209/897 891/1201/891
f 900/1210/900 893/1211/893 892/1206/892
f 895/1212/895 888/1213/888 890/1204/890
f 901/1214/901 897/1209/897 896/1208/896
f 895/1212/895 905/1215/905 901/1214/901
f 906/1216/906 897/1209/897 901/1214/901
f 906/1216/906 902/1217/902 897/1209/897
f 902/1217/902 907/1218/907 898/1219/898
f 907/1218/907 899/1220/899 898/1219/898
f 902/1217/902 911/1221/911 907/1218/907
f 913/1222/913 908/1223/908 903/1224/903
f 910/1225/910 915/1226/915 906/1216/906
f 917/1227/917 914/1228/914 909/1229/909
f 918/1230/918 915/1226/915 910/1225/910
f 915/1226/915 919/1231/919 906/1216/906
f 922/1232/922 916/1233/916 913/1222/913
f 927/1234/927 923/1235/923 917/1227/917
f 924/1236/924 929/1237/929 915/1226/915
f 919/1231/919 930/1238/930 920/1239/920
f 923/1235/923 928/1240/928 924/1236/924
f 932/1241/932 929/1237/929 928/1240/928
f 926/1242/926 935/1243/935 927/1234/927
f 936/1244/936 929/1237/929 932/1241/932
f 937/1245/937 919/1231/919 929/1237/929
f 939/1246/939 931/1247/931 930/1238/930
f 939/1248/939 933/1249/933 931/1250/931
f 940/1251/940 937/1252/937 936/1253/936
f 948/1254/948 942/1255/942 941/1256/941
f 949/1257/949 943/1258/943 934/1259/934
f 951/1260/951 947/1261/947 937/1252/937
f 950/1262/950 945/1263/945 944/1264/944
f 957/1265/957 952/1266/952 947/1261/947
f 958/1267/958 943/1258/943 949/1257/949
f 959/1268/959 956/1269/956 950/1262/950
f 960/1270/960 957/1265/957 951/1260/951
f 957/1265/957 961/1271/961 952/1266/952
f 961/1271/961 953/1272/953 952/1266/952
f 962/1273/962 958/1267/958 954/1274/954
f 958/1267/958 963/1275/963 943/1258/943
f 943/1258/943 963/1275/963 955/1276/955
f 965/1277/965 960/1270/960 956/1269/956
f 967/1278/967 958/1267/958 962/1273/962
f 967/1278/967 963/1275/963 958/1267/958
f 963/1275/963 968/1279/968 959/1268/959
f 960/1270/960 970/1280/970 957/1265/957
f 970/1280/970 966/1281/966 957/1265/957
f 969/1282/969 974/1283/974 960/1270/960
f 975/1284/975 971/1285/971 966/1281/966
f 971/1286/971 976/1287/976 967/1278/967
f 973/1288/973 964/1289/964 968/1279/968
f 974/1283/974 981/1290/981 970/1280/970
f 981/1290/981 975/1284/975 970/1280/970
f 978/1291/978 979/1292/979 973/1288/973
f 983/1293/983 980/1294/980 979/1292/979
f 984/1295/984 974/1283/974 969/1282/969
f 982/1296/982 987/1297/987 977/1298/977
f 972/1299/972 988/1300/988 978/1291/978
f 990/1301/990 984/1295/984 980/1294/980
f 988/1300/988 989/1302/989 983/1293/983
f 991/1303/991 990/1301/990 989/1302/989
f 992/1304/992 974/1283/974 984/1295/984
f 996/1305/996 988/1300/988 987/1297/987
f 997/1306/997 990/1301/990 991/1303/991
f 997/1306/997 992/1304/992 990/1301/990
f 1001/1307/1001 992/1304/992 997/1306/997
f 1002/1308/1002 995/1309/995 994/1310/994
f 1003/1311/1003 998/1312/998 996/1305/996
f 1000/1313/1000 997/1306/997 999/1314/999
f 1004/1315/1004 1001/1307/1001 1000/1313/1000
f 1005/1316/1005 992/1304/992 1001/1307/1001
f 993/1317/993 1006/1318/1006 1002/1308/1002
f 998/1312/998 1010/1319/1010 1000/1313/1000
f 1013/1320/1013 1009/1321/1009 1003/1311/1003
f 1012/1322/1012 1015/1323/1015 1005/1316/1005
f 1009/1321/1009 1018/1324/1018 1010/1319/1010
f 1018/1324/1018 1014/1325/1014 1010/1319/1010
f 1011/1326/1011 1019/1327/1019 1012/1322/1012
f 1021/1328/1021 1009/1321/1009 1013/1320/1013
f 1023/1329/1023 1015/1323/1015 1019/1327/1019
f 1020/1330/1020 1024/1331/1024 1016/1332/1016
f 1026/1333/1026 1018/1324/1018 1009/1321/1009
f 1018/1324/1018 1022/1334/1022 1019/1327/1019
f 1027/1335/1027 1023/1329/1023 1022/1334/1022
f 1025/1336/1025 1028/1337/1028 1021/1328/1021
f 1026/1333/1026 1029/1338/1029 1022/1334/1022
f 1031/1339/1031 1023/1329/1023 1027/1335/1027
f 1031/1339/1031 1020/1330/1020 1023/1329/1023
f 1028/1337/1028 1034/1340/1034 1026/1333/1026
f 1034/1340/1034 1029/1338/1029 1026/1333/1026
f 1030/1341/1030 1027/1335/1027 1029/1338/1029
f 1038/1342/1038 1034/1340/1034 1028/1337/1028
f 1032/1343/1032 1040/1344/1040 1033/1345/1033
f 1040/1346/1040 1038/1342/1038 1033/1347/1033
f 824/1348/824 1037/1349/1037 1036/1350/1036
f 825/1144/825 826/1146/826 1037/1349/1037
f 1037/1349/1037 831/1351/831 825/1144/825
f 827/1352/827 832/1145/832 833/1154/833
f 828/1152/828 833/1353/833 834/1150/834
f 829/1147/829 835/1159/835 830/1148/830
f 830/1148/830 835/1159/835 831/1351/831
f 833/1353/833 836/1161/836 834/1150/834
f 837/1151/837 838/1163/838 829/1147/829
f 829/1147/829 838/1163/838 839/1157/839
f 841/1354/841 835/1159/835 840/1158/840
f 825/1144/825 841/1354/841 842/1355/842
f 825/1144/825 844/1153/844 832/1145/832
f 825/1144/825 842/1355/842 843/1356/843
f 841/1354/841 846/1168/846 847/1170/847
f 836/1161/836 845/1156/845 834/1150/834
f 849/1357/849 844/1153/844 848/1165/848
f 841/1354/841 847/1170/847 842/1355/842
f 853/1164/853 843/1356/843 852/1173/852
f 845/1156/845 850/1162/850 837/1151/837
f 839/1157/839 851/1167/851 840/1158/840
f 840/1158/840 851/1167/851 846/1168/846
f 842/1355/842 852/1173/852 843/1356/843
f 847/1170/847 852/1173/852 842/1355/842
f 849/1160/849 850/1162/850 845/1156/845
f 857/1175/857 848/1165/848 856/1176/856
f 853/1164/853 856/1176/856 848/1165/848
f 850/1162/850 857/1358/857 858/1179/858
f 860/1171/860 850/1162/850 859/1178/859
f 850/1162/850 858/1179/858 859/1178/859
f 846/1168/846 854/1166/854 855/1169/855
f 855/1169/855 863/1186/863 861/1180/861
f 861/1180/861 862/1172/862 855/1169/855
f 852/1173/852 856/1176/856 853/1164/853
f 860/1171/860 863/1186/863 854/1166/854
f 856/1176/856 864/1182/864 865/1191/865
f 862/1172/862 864/1182/864 852/1173/852
f 867/1177/867 857/1358/857 866/1359/866
f 856/1176/856 865/1191/865 866/1174/866
f 867/1177/867 871/1194/871 872/1183/872
f 859/1178/859 868/1184/868 860/1171/860
f 860/1171/860 868/1184/868 863/1186/863
f 865/1191/865 870/1192/870 866/1174/866
f 870/1192/870 871/1360/871 866/1174/866
f 863/1186/863 869/1181/869 861/1180/861
f 870/1192/870 880/1361/880 871/1360/871
f 864/1182/864 874/1187/874 865/1191/865
f 872/1183/872 875/1196/875 868/1184/868
f 875/1196/875 876/1188/876 868/1184/868
f 823/1149/823 831/1351/831 824/1348/824
f 877/1197/877 878/1189/878 869/1181/869
f 879/1190/879 885/1362/885 880/1361/880
f 880/1193/880 881/1195/881 872/1183/872
f 876/1188/876 877/1197/877 873/1185/873
f 878/1189/878 883/1199/883 874/1187/874
f 876/1188/876 882/1198/882 877/1197/877
f 885/1205/885 886/1200/886 880/1193/880
f 875/1196/875 887/1203/887 876/1188/876
f 882/1198/882 889/1363/889 878/1189/878
f 885/1362/885 891/1201/891 892/1364/892
f 889/1363/889 883/1199/883 878/1189/878
f 883/1199/883 891/1201/891 879/1190/879
f 882/1198/882 890/1204/890 888/1213/888
f 889/1363/889 896/1208/896 883/1199/883
f 886/1200/886 893/1211/893 881/1195/881
f 894/1207/894 881/1195/881 893/1211/893
f 896/1208/896 888/1213/888 895/1212/895
f 892/1364/892 898/1219/898 899/1220/899
f 897/1209/897 898/1219/898 891/1201/891
f 890/1204/890 894/1207/894 895/1212/895
f 892/1206/892 899/1365/899 900/1210/900
f 894/1207/894 903/1224/903 909/1229/909
f 895/1212/895 901/1214/901 896/1208/896
f 897/1209/897 902/1217/902 898/1219/898
f 900/1210/900 903/1224/903 893/1211/893
f 903/1224/903 899/1365/899 907/1366/907
f 894/1207/894 904/1367/904 895/1212/895
f 905/1215/905 906/1216/906 901/1214/901
f 907/1366/907 913/1222/913 903/1224/903
f 903/1224/903 908/1223/908 909/1229/909
f 894/1207/894 909/1229/909 904/1367/904
f 904/1367/904 905/1215/905 895/1212/895
f 905/1215/905 910/1225/910 906/1216/906
f 906/1216/906 911/1221/911 902/1217/902
f 911/1221/911 912/1368/912 907/1218/907
f 905/1215/905 914/1228/914 910/1225/910
f 909/1229/909 914/1228/914 904/1367/904
f 908/1223/908 917/1227/917 909/1229/909
f 913/1222/913 916/1233/916 908/1223/908
f 920/1239/920 906/1216/906 919/1231/919
f 921/1369/921 911/1221/911 920/1239/920
f 913/1222/913 921/1370/921 922/1232/922
f 918/1230/918 914/1228/914 923/1235/923
f 917/1227/917 923/1235/923 914/1228/914
f 917/1227/917 925/1371/925 926/1242/926
f 918/1230/918 924/1236/924 915/1226/915
f 922/1232/922 925/1371/925 916/1233/916
f 931/1247/931 920/1239/920 930/1238/930
f 917/1227/917 926/1242/926 927/1234/927
f 923/1235/923 924/1236/924 918/1230/918
f 928/1240/928 929/1237/929 924/1236/924
f 915/1226/915 929/1237/929 919/1231/919
f 921/1370/921 925/1371/925 922/1232/922
f 932/1241/932 927/1234/927 935/1243/935
f 927/1234/927 928/1240/928 923/1235/923
f 931/1250/931 933/1249/933 925/1371/925
f 925/1371/925 933/1249/933 934/1372/934
f 925/1371/925 934/1372/934 926/1242/926
f 930/1238/930 937/1245/937 938/1373/938
f 929/1237/929 936/1244/936 937/1245/937
f 933/1374/933 941/1256/941 942/1255/942
f 930/1238/930 938/1373/938 939/1246/939
f 935/1243/935 936/1244/936 932/1241/932
f 938/1375/938 941/1376/941 939/1377/939
f 935/1378/935 943/1258/943 944/1264/944
f 933/1374/933 942/1255/942 934/1259/934
f 934/1259/934 943/1258/943 926/1379/926
f 940/1251/940 935/1378/935 944/1264/944
f 937/1252/937 945/1263/945 946/1380/946
f 948/1381/948 938/1375/938 947/1261/947
f 937/1252/937 947/1261/947 938/1375/938
f 948/1254/948 954/1274/954 942/1255/942
f 942/1255/942 949/1257/949 934/1259/934
f 944/1264/944 945/1263/945 940/1251/940
f 945/1263/945 950/1262/950 946/1380/946
f 946/1380/946 951/1260/951 937/1252/937
f 947/1261/947 952/1266/952 948/1381/948
f 948/1381/948 952/1266/952 953/1272/953
f 954/1274/954 961/1382/961 962/1273/962
f 942/1255/942 954/1274/954 949/1257/949
f 943/1258/943 955/1276/955 944/1264/944
f 955/1276/955 950/1262/950 944/1264/944
f 950/1262/950 956/1269/956 946/1380/946
f 946/1380/946 956/1269/956 951/1260/951
f 951/1260/951 957/1265/957 947/1261/947
f 954/1274/954 958/1267/958 949/1257/949
f 956/1269/956 960/1270/960 951/1260/951
f 959/1268/959 955/1276/955 963/1275/963
f 965/1277/965 959/1268/959 964/1289/964
f 969/1282/969 964/1289/964 973/1288/973
f 957/1265/957 966/1281/966 961/1271/961
f 966/1281/966 962/1383/962 961/1271/961
f 959/1268/959 968/1279/968 964/1289/964
f 965/1277/965 969/1282/969 960/1270/960
f 966/1281/966 971/1285/971 962/1383/962
f 962/1273/962 971/1286/971 967/1278/967
f 963/1275/963 972/1299/972 968/1279/968
f 967/1278/967 972/1299/972 963/1275/963
f 960/1270/960 974/1283/974 970/1280/970
f 970/1280/970 975/1284/975 966/1281/966
f 967/1278/967 976/1287/976 977/1298/977
f 973/1288/973 972/1299/972 978/1291/978
f 969/1282/969 979/1292/979 980/1294/980
f 975/1284/975 986/1384/986 976/1385/976
f 975/1284/975 976/1385/976 971/1285/971
f 976/1287/976 982/1296/982 977/1298/977
f 980/1294/980 984/1295/984 969/1282/969
f 981/1290/981 985/1386/985 975/1284/975
f 977/1298/977 988/1300/988 972/1299/972
f 976/1287/976 986/1387/986 982/1296/982
f 983/1293/983 978/1291/978 988/1300/988
f 990/1301/990 983/1293/983 989/1302/989
f 981/1290/981 992/1304/992 993/1317/993
f 986/1387/986 987/1297/987 982/1296/982
f 990/1301/990 992/1304/992 984/1295/984
f 985/1386/985 993/1317/993 994/1310/994
f 995/1309/995 985/1386/985 994/1310/994
f 986/1387/986 996/1305/996 987/1297/987
f 988/1300/988 991/1303/991 989/1302/989
f 996/1305/996 1002/1388/1002 1003/1311/1003
f 996/1305/996 998/1312/998 988/1300/988
f 988/1300/988 998/1312/998 999/1314/999
f 999/1314/999 997/1306/997 991/1303/991
f 1000/1313/1000 1001/1307/1001 997/1306/997
f 993/1317/993 1002/1308/1002 994/1310/994
f 993/1317/993 1005/1316/1005 1006/1318/1006
f 998/1312/998 1000/1313/1000 999/1314/999
f 1004/1315/1004 1005/1316/1005 1001/1307/1001
f 1003/1311/1003 1007/1389/1007 1008/1390/1008
f 1002/1308/1002 1006/1318/1006 1007/1391/1007
f 1011/1326/1011 1010/1319/1010 1014/1325/1014
f 1003/1311/1003 1009/1321/1009 998/1312/998
f 1009/1321/1009 1010/1319/1010 998/1312/998
f 1010/1319/1010 1004/1315/1004 1000/1313/1000
f 1011/1326/1011 1012/1322/1012 1004/1315/1004
f 1004/1315/1004 1012/1322/1012 1005/1316/1005
f 1008/1390/1008 1013/1320/1013 1003/1311/1003
f 1007/1391/1007 1016/1332/1016 1017/1392/1017
f 1005/1316/1005 1016/1332/1016 1006/1318/1006
f 1013/1320/1013 1007/1389/1007 1017/1393/1017
f 1011/1326/1011 1018/1324/1018 1019/1327/1019
f 1012/1322/1012 1019/1327/1019 1015/1323/1015
f 1015/1323/1015 1020/1330/1020 1005/1316/1005
f 1005/1316/1005 1020/1330/1020 1016/1332/1016
f 1017/1393/1017 1021/1328/1021 1013/1320/1013
f 1017/1392/1017 1024/1331/1024 1025/1394/1025
f 1022/1334/1022 1023/1329/1023 1019/1327/1019
f 1015/1323/1015 1023/1329/1023 1020/1330/1020
f 1025/1394/1025 1032/1343/1032 1033/1345/1033
f 1017/1393/1017 1025/1336/1025 1021/1328/1021
f 1021/1328/1021 1026/1333/1026 1009/1321/1009
f 1026/1333/1026 1022/1334/1022 1018/1324/1018
f 1021/1328/1021 1028/1337/1028 1026/1333/1026
f 1029/1338/1029 1027/1335/1027 1022/1334/1022
f 1030/1341/1030 1031/1339/1031 1027/1335/1027
f 1020/1330/1020 1032/1343/1032 1024/1331/1024
f 1031/1339/1031 1035/1395/1035 1036/1350/1036
f 1025/1336/1025 1033/1347/1033 1028/1337/1028
f 1020/1330/1020 1036/1350/1036 1037/1349/1037
f 1030/1341/1030 1034/1340/1034 1035/1395/1035
f 1020/1330/1020 1037/1349/1037 1032/1343/1032
f 1033/1347/1033 1038/1342/1038 1028/1337/1028
f 1036/1350/1036 1039/1396/1039 824/1348/824
f 828/1152/828 1040/1346/1040 827/1397/827
f 1037/1349/1037 826/1146/826 1032/1343/1032
f 1032/1343/1032 826/1146/826 1040/1344/1040
f 1034/1340/1034 1039/1396/1039 1035/1395/1035
f 1039/1396/1039 823/1149/823 824/1348/824
f 826/1146/826 827/1352/827 1040/1344/1040
f 829/1147/829 1038/1342/1038 828/1152/828
f 1039/1396/1039 829/1147/829 823/1149/823
f 1037/1349/1037 824/1348/824 831/1351/831
f 827/1352/827 826/1146/826 832/1145/832
f 828/1152/828 827/1397/827 833/1353/833
f 829/1147/829 839/1157/839 835/1159/835
f 841/1354/841 831/1351/831 835/1159/835
f 825/1144/825 831/1351/831 841/1354/841
f 825/1144/825 843/1356/843 844/1153/844
f 841/1354/841 840/1158/840 846/1168/846
f 849/1357/849 836/1155/836 844/1153/844
f 853/1164/853 844/1153/844 843/1356/843
f 847/1170/847 855/1169/855 852/1173/852
f 857/1175/857 849/1357/849 848/1165/848
f 850/1162/850 849/1160/849 857/1358/857
f 860/1171/860 838/1163/838 850/1162/850
f 846/1168/846 851/1167/851 854/1166/854
f 855/1169/855 854/1166/854 863/1186/863
f 856/1176/856 852/1173/852 864/1182/864
f 867/1177/867 858/1179/858 857/1358/857
f 867/1177/867 866/1359/866 871/1194/871
f 863/1186/863 873/1185/873 869/1181/869
f 870/1192/870 879/1190/879 880/1361/880
f 823/1149/823 830/1148/830 831/1351/831
f 879/1190/879 884/1202/884 885/1362/885
f 876/1188/876 887/1203/887 882/1198/882
f 882/1198/882 888/1213/888 889/1363/889
f 885/1362/885 884/1202/884 891/1201/891
f 886/1200/886 892/1206/892 893/1211/893
f 894/1207/894 875/1196/875 881/1195/881
f 896/1208/896 889/1363/889 888/1213/888
f 892/1364/892 891/1201/891 898/1219/898
f 890/1204/890 887/1203/887 894/1207/894
f 894/1207/894 893/1211/893 903/1224/903
f 903/1224/903 900/1210/900 899/1365/899
f 907/1366/907 912/1398/912 913/1222/913
f 905/1215/905 904/1367/904 914/1228/914
f 908/1223/908 916/1233/916 917/1227/917
f 920/1239/920 911/1221/911 906/1216/906
f 921/1369/921 912/1368/912 911/1221/911
f 913/1222/913 912/1398/912 921/1370/921
f 918/1230/918 910/1225/910 914/1228/914
f 917/1227/917 916/1233/916 925/1371/925
f 931/1247/931 921/1369/921 920/1239/920
f 921/1370/921 931/1250/931 925/1371/925
f 932/1241/932 928/1240/928 927/1234/927
f 930/1238/930 919/1231/919 937/1245/937
f 933/1374/933 939/1399/939 941/1256/941
f 935/1378/935 926/1379/926 943/1258/943
f 940/1251/940 936/1253/936 935/1378/935
f 937/1252/937 940/1251/940 945/1263/945
f 948/1381/948 941/1376/941 938/1375/938
f 948/1254/948 953/1400/953 954/1274/954
f 954/1274/954 953/1400/953 961/1382/961
f 959/1268/959 950/1262/950 955/1276/955
f 965/1277/965 956/1269/956 959/1268/959
f 969/1282/969 965/1277/965 964/1289/964
f 967/1278/967 977/1298/977 972/1299/972
f 973/1288/973 968/1279/968 972/1299/972
f 969/1282/969 973/1288/973 979/1292/979
f 975/1284/975 985/1386/985 986/1384/986
f 977/1298/977 987/1297/987 988/1300/988
f 983/1293/983 979/1292/979 978/1291/978
f 990/1301/990 980/1294/980 983/1293/983
f 981/1290/981 974/1283/974 992/1304/992
f 985/1386/985 981/1290/981 993/1317/993
f 995/1309/995 986/1384/986 985/1386/985
f 986/1387/986 995/1401/995 996/1305/996
f 988/1300/988 999/1314/999 991/1303/991
f 996/1305/996 995/1401/995 1002/1388/1002
f 993/1317/993 992/1304/992 1005/1316/1005
f 1003/1311/1003 1002/1388/1002 1007/1389/1007
f 1011/1326/1011 1004/1315/1004 1010/1319/1010
f 1007/1391/1007 1006/1318/1006 1016/1332/1016
f 1013/1320/1013 1008/1390/1008 1007/1389/1007
f 1011/1326/1011 1014/1325/1014 1018/1324/1018
f 1017/1392/1017 1016/1332/1016 1024/1331/1024
f 1025/1394/1025 1024/1331/1024 1032/1343/1032
f 1031/1339/1031 1030/1341/1030 1035/1395/1035
f 1020/1330/1020 1031/1339/1031 1036/1350/1036
f 1030/1341/1030 1029/1338/1029 1034/1340/1034
f 1036/1350/1036 1035/1395/1035 1039/1396/1039
f 828/1152/828 1038/1342/1038 1040/1346/1040
f 829/1147/829 1034/1340/1034 1038/1342/1038
f 1039/1396/1039 1034/1340/1034 829/1147/829
o Torus.004
v -0.105189 -0.272523 0.037728
v -0.107017 -0.215904 0.042008
v -0.115231 -0.215884 0.075462
v -0.090124 -0.210693 0.119898
v -0.063200 -0.217314 0.126248
v -0.100492 -0.331634 0.144084
v -0.091381 -0.338291 0.116092
v -0.149377 -0.380250 0.064898
v -0.191739 -0.432150 0.098375
v -0.214635 -0.479481 0.139708
v -0.219732 -0.503126 0.175394
v -0.165923 -0.406258 0.169790
v -0.102910 -0.348866 0.078099
v -0.209867 -0.535530 0.131725
v -0.170338 -0.504538 0.219625
v -0.159370 -0.513833 0.208758
v -0.173523 -0.580940 0.221937
v -0.183871 -0.543686 0.140731
v -0.251487 -0.633703 0.209740
v -0.222178 -0.588984 0.269818
v -0.210735 -0.717153 0.292761
v -0.239957 -0.678567 0.225062
v -0.273854 -0.708579 0.300444
v -0.223701 -0.673032 0.344448
v -0.202932 -0.688915 0.335669
v -0.231496 -0.769761 0.321013
v -0.257405 -0.769226 0.306289
v -0.283866 -0.796103 0.360777
v -0.288829 -0.834414 0.464262
v -0.261472 -0.751865 0.409528
v -0.225372 -0.742781 0.411950
v -0.211685 -0.772456 0.405912
v -0.279412 -0.884002 0.449196
v -0.248236 -0.815028 0.508492
v -0.260678 -0.887450 0.452717
v -0.288974 -0.928073 0.549321
v -0.264796 -0.902437 0.637097
v -0.220842 -0.871972 0.586691
v -0.216979 -0.898503 0.574078
v -0.231658 -0.926371 0.552173
v -0.260497 -0.997118 0.657947
v -0.284643 -0.924155 0.620356
v -0.238320 -0.908604 0.689620
v -0.221206 -0.909262 0.683174
v -0.273065 -0.995002 0.741648
v -0.192352 -0.963759 0.778000
v -0.212677 -1.003025 0.738406
v -0.247544 -1.037584 0.836203
v -0.224248 -1.011544 0.961693
v -0.207773 -0.980326 0.950936
v -0.203816 -0.948554 0.840543
v -0.207742 -1.042835 0.845406
v -0.211237 -1.056373 0.988012
v -0.176465 -0.969128 0.993855
v -0.156651 -0.969700 0.996882
v -0.157786 -0.986974 0.932877
v -0.179391 -1.061053 1.001473
v -0.162198 -1.055285 1.115814
v -0.177020 -1.007289 1.115415
v -0.113402 -0.975997 1.095304
v -0.088702 -0.991611 1.154614
v -0.100216 -1.019427 1.143714
v -0.110103 -1.039660 1.159307
v -0.134415 -1.022464 1.223303
v -0.119410 -0.952278 1.193555
v -0.089400 -0.946598 1.190620
v -0.107341 -1.037468 1.212393
v -0.090979 -0.956238 1.325581
v -0.067047 -0.917697 1.285161
v -0.034385 -0.917525 1.290738
v -0.041404 -0.982423 1.372485
v -0.083288 -0.998270 1.327438
v -0.014686 -0.865920 1.424613
v 0.016803 -0.904889 1.376490
v 0.061498 -0.881094 1.471625
v 0.011290 -0.941021 1.413583
v -0.006063 -0.921790 1.470349
v 0.011145 -0.851008 1.504925
v 0.029959 -0.820216 1.457628
v 0.045275 -0.821079 1.448171
v 0.059941 -0.832380 1.451060
v 0.045989 -0.896904 1.507218
v 0.047972 -0.858695 1.552938
v 0.118116 -0.786278 1.530493
v 0.114616 -0.817374 1.567391
v 0.144244 -0.743123 1.659968
v 0.123045 -0.724187 1.653266
v 0.124721 -0.684697 1.594127
v 0.145597 -0.702126 1.565321
v 0.161366 -0.742089 1.650966
v 0.205260 -0.560771 1.704305
v 0.200686 -0.602083 1.625714
v 0.227560 -0.622506 1.642374
v 0.194116 -0.702256 1.638810
v 0.240548 -0.604634 1.730296
v 0.216941 -0.573040 1.732221
v 0.229091 -0.515117 1.677604
v 0.262307 -0.531519 1.661013
v 0.292712 -0.535119 1.739283
v 0.279779 -0.496823 1.766908
v 0.294132 -0.432902 1.680365
v 0.329631 -0.438704 1.698825
v 0.366894 -0.346595 1.787639
v 0.350808 -0.338899 1.784048
v 0.302570 -0.384411 1.755107
v 0.327084 -0.324540 1.709631
v 0.357460 -0.344397 1.691737
v 0.377900 -0.373569 1.741950
v 0.381732 -0.348349 1.775310
v 0.387216 -0.218947 1.764176
v 0.446415 -0.187145 1.695756
v 0.447852 -0.183937 1.767939
v 0.443937 -0.126038 1.761203
v 0.461543 -0.008499 1.699239
v 0.410671 -0.127493 1.698198
v 0.401298 -0.180984 1.679780
v 0.394802 -0.241961 1.684006
v 0.517837 -0.033893 1.679546
v 0.473659 -0.151939 1.733431
v 0.499793 -0.026340 1.728957
v 0.450488 -0.054115 1.644307
v 0.482367 -0.044054 1.636517
v 0.513657 -0.026860 1.714467
v 0.515099 0.081755 1.678600
v 0.476267 0.058928 1.626660
v 0.495595 0.055155 1.589303
v 0.529845 0.050516 1.604081
v 0.556048 0.130527 1.643811
v 0.505733 0.138051 1.618668
v 0.505917 0.141826 1.549701
v 0.535278 0.133335 1.538032
v 0.573697 0.150324 1.594239
v 0.587136 0.261529 1.545879
v 0.565395 0.271772 1.544581
v 0.547570 0.275295 1.526199
v 0.521518 0.233798 1.503906
v 0.535758 0.215441 1.472340
v 0.581320 0.266618 1.438312
v 0.599522 0.274085 1.469545
v 0.549238 0.376335 1.389358
v 0.534122 0.313296 1.405732
v 0.564154 0.284018 1.399698
v 0.607004 0.347662 1.443909
v 0.589695 0.390510 1.415632
v 0.565560 0.450905 1.311831
v 0.545094 0.348147 1.328752
v 0.613992 0.396661 1.341658
v 0.601233 0.485372 1.264979
v 0.581729 0.491651 1.257498
v 0.536333 0.471810 1.178457
v 0.551478 0.413065 1.213813
v 0.579271 0.409575 1.221936
v 0.604454 0.484124 1.155719
v 0.611668 0.474127 1.253568
v 0.524866 0.550026 1.033857
v 0.533235 0.462656 1.138410
v 0.590687 0.550622 1.095846
v 0.546386 0.572416 1.037120
v 0.537065 0.478629 1.034574
v 0.563582 0.497552 1.012810
v 0.553077 0.594672 0.929704
v 0.493893 0.538144 0.929821
v 0.524676 0.504535 0.916701
v 0.576445 0.536431 0.977899
v 0.561742 0.582011 0.916779
v 0.492693 0.600850 0.810663
v 0.470523 0.523429 0.824424
v 0.502748 0.507020 0.931081
v 0.500713 0.524027 0.758542
v 0.534885 0.557534 0.806068
v 0.475915 0.599695 0.692177
v 0.409763 0.560245 0.627400
v 0.435941 0.541611 0.728660
v 0.460620 0.504407 0.731012
v 0.495553 0.585602 0.691676
v 0.402063 0.503403 0.630466
v 0.426153 0.486634 0.609361
v 0.459676 0.544519 0.587663
v 0.428315 0.558876 0.537656
v 0.377449 0.546155 0.513367
v 0.355357 0.493865 0.531399
v 0.360214 0.462956 0.527754
v 0.380377 0.452367 0.463707
v 0.386596 0.467760 0.443899
v 0.348304 0.498564 0.388667
v 0.328446 0.496526 0.391241
v 0.327104 0.419445 0.447537
v 0.339510 0.414359 0.432627
v 0.363462 0.475600 0.387680
v 0.251615 0.415214 0.321865
v 0.236288 0.370489 0.322966
v 0.259801 0.370195 0.357496
v 0.254650 0.405208 0.261846
v 0.227583 0.301276 0.294590
v 0.248860 0.299496 0.277903
v 0.226373 0.275193 0.206067
v 0.274869 0.369353 0.249504
v 0.215397 0.323155 0.185239
v 0.155496 0.267655 0.143371
v 0.158219 0.289896 0.186737
v 0.160927 0.235500 0.233406
v 0.066141 0.143603 0.122668
v 0.098918 0.171640 0.173028
v 0.113529 0.140857 0.185967
v 0.147133 0.147831 0.170682
v 0.133708 0.181353 0.100933
v 0.056269 0.101501 0.063873
v 0.083530 0.050063 0.140937
v 0.154353 0.173301 0.125382
v -0.016091 -0.007466 0.065660
v 0.002694 -0.016165 0.124852
v 0.029618 -0.020865 0.133087
v 0.015924 -0.091941 0.090775
v 0.050716 0.016238 0.051305
v -0.023134 -0.050816 0.032989
v -0.011421 -0.136153 0.111598
v -0.041865 -0.131047 0.024723
v -0.031738 -0.183441 0.056422
vn 0.1084 -0.2250 -0.9683
vn -0.7689 0.2748 -0.5773
vn -0.9104 0.4028 0.0948
vn -0.6246 0.3348 0.7055
vn -0.0367 0.1146 0.9927
vn 0.6510 -0.0473 0.7576
vn 0.9342 -0.3529 0.0534
vn -0.0293 -0.2822 -0.9589
vn -0.8413 0.1070 -0.5298
vn -0.9620 0.2218 -0.1594
vn -0.8936 0.3861 0.2291
vn -0.5361 0.4710 0.7005
vn 0.7668 -0.4265 -0.4798
vn -0.4513 -0.3156 -0.8347
vn 0.4281 0.3343 0.8396
vn 0.8540 -0.0081 0.5202
vn 0.9710 -0.1577 0.1796
vn 0.5574 -0.5243 -0.6437
vn -0.9062 -0.0713 -0.4167
vn -0.4904 0.6120 0.6205
vn 0.8342 -0.4447 -0.3260
vn -0.0363 -0.6280 -0.7774
vn -0.9864 0.1597 -0.0376
vn 0.2051 0.6215 0.7561
vn 0.7104 0.3913 0.5850
vn 0.6102 -0.6193 -0.4941
vn -0.1797 -0.6747 -0.7159
vn -0.9339 -0.2132 -0.2871
vn -0.9602 0.2418 0.1399
vn -0.6470 0.6012 0.4690
vn 0.7540 0.4518 0.4768
vn 0.9974 -0.0077 0.0716
vn -0.5906 -0.6596 -0.4649
vn -0.0824 0.8215 0.5643
vn 0.3309 -0.7885 -0.5185
vn -0.9165 -0.3690 -0.1548
vn -0.7182 0.6093 0.3362
vn 0.8494 0.4825 0.2137
vn 0.9822 -0.1409 -0.1238
vn 0.7394 -0.5826 -0.3373
vn -0.1211 -0.9288 -0.3502
vn -0.9473 0.2558 0.1929
vn -0.2148 0.9164 0.3377
vn 0.3562 0.8856 0.2981
vn -0.9832 -0.1489 0.1053
vn 0.9863 0.0826 -0.1431
vn 0.7673 -0.5694 -0.2950
vn -0.7413 -0.6701 0.0382
vn -0.9420 0.2109 0.2609
vn -0.7096 0.6631 0.2384
vn 0.2689 0.9525 0.1426
vn 0.4807 -0.8449 -0.2348
vn -0.7466 -0.6424 0.1729
vn -0.2258 0.9727 0.0541
vn 0.3806 0.9164 -0.1239
vn 0.9422 0.2347 -0.2393
vn 0.3548 -0.9275 -0.1178
vn -0.3885 -0.8903 0.2376
vn -0.9326 0.1985 0.3015
vn 0.8591 0.4023 -0.3164
vn 0.9289 -0.1174 -0.3513
vn 0.8655 -0.4293 -0.2579
vn 0.6193 -0.7775 -0.1091
vn -0.7965 -0.4248 0.4303
vn -0.6130 0.7869 0.0710
vn -0.0312 0.9695 -0.2431
vn 0.2344 -0.9568 0.1719
vn -0.9074 0.2139 0.3617
vn -0.0313 0.9372 -0.3475
vn 0.5249 0.6551 -0.5434
vn 0.2294 -0.9197 0.3187
vn -0.5989 -0.6074 0.5220
vn -0.7919 0.6034 0.0933
vn 0.8895 -0.0553 -0.4535
vn 0.8525 -0.4920 -0.1765
vn 0.7219 -0.6917 -0.0188
vn -0.5784 -0.4897 0.6524
vn -0.8856 0.2343 0.4010
vn -0.3851 0.8105 -0.4414
vn 0.1230 0.7416 -0.6595
vn 0.6441 0.3324 -0.6890
vn 0.4558 -0.8195 0.3474
vn -0.4471 -0.4513 0.7723
vn 0.8541 -0.1618 -0.4943
vn 0.7580 -0.6462 0.0890
vn -0.0719 -0.5393 0.8390
vn -0.7571 0.0726 0.6492
vn -0.6702 0.6712 -0.3166
vn 0.2728 0.4502 -0.8502
vn 0.6222 -0.6831 0.3824
vn -0.8714 0.3977 0.2871
vn -0.2691 0.5676 -0.7781
vn 0.8070 -0.2489 -0.5355
vn 0.8680 -0.4890 -0.0864
vn 0.3765 -0.5660 0.7334
vn -0.6609 0.0786 0.7463
vn -0.8164 0.5310 -0.2271
vn 0.4975 -0.0006 -0.8675
vn 0.8008 -0.5122 0.3106
vn -0.1891 -0.0966 0.9772
vn -0.2901 0.3023 -0.9080
vn 0.7851 -0.3034 -0.5400
vn 0.2271 -0.1350 0.9645
vn -0.4676 0.2124 0.8581
vn -0.8306 0.3574 0.4271
vn -0.8726 0.4078 -0.2687
vn 0.4243 -0.1997 -0.8832
vn 0.9006 -0.4292 -0.0683
vn 0.7996 -0.3721 0.4714
vn -0.6838 0.3697 0.6291
vn 0.6919 -0.4097 -0.5945
vn 0.6179 -0.1599 0.7698
vn -0.3025 0.3429 0.8894
vn -0.7668 0.4494 0.4583
vn -0.9295 0.3453 -0.1297
vn -0.6814 0.1575 -0.7147
vn 0.0969 -0.1516 -0.9837
vn 0.9335 -0.3449 -0.0977
vn 0.9302 -0.3386 0.1413
vn 0.2731 0.2605 0.9260
vn -0.6390 -0.0533 -0.7673
vn 0.1130 -0.4063 -0.9067
vn 0.8980 -0.1211 0.4231
vn -0.2736 0.5243 0.8064
vn -0.9574 0.2886 0.0002
vn -0.2786 -0.3858 -0.8795
vn 0.6918 -0.5067 -0.5144
vn 0.6959 0.2322 0.6795
vn -0.7749 0.4840 0.4066
vn -0.9070 -0.0657 -0.4160
vn 0.1797 -0.6149 -0.7679
vn 0.9774 -0.1979 0.0744
vn 0.7877 0.3141 0.5300
vn -0.1828 0.6734 0.7163
vn -0.6566 0.5834 0.4781
vn -0.9757 0.2152 0.0411
vn -0.5165 -0.5154 -0.6838
vn 0.7042 -0.5603 -0.4360
vn 0.9484 -0.2916 -0.1247
vn -0.8370 0.4517 0.3089
vn -0.9966 0.0674 -0.0476
vn 0.2220 -0.7610 -0.6096
vn 0.9192 0.2454 0.3081
vn 0.0489 0.7956 0.6038
vn -0.6141 0.6677 0.4207
vn -0.6538 -0.6082 -0.4502
vn 0.9960 -0.0820 -0.0349
vn 0.5194 0.7548 0.4007
vn -0.2771 0.8620 0.4244
vn -0.9957 -0.0864 0.0349
vn -0.1635 -0.8838 -0.4384
vn 0.4822 -0.7634 -0.4299
vn 0.9543 -0.2254 -0.1960
vn 0.9696 0.2311 0.0799
vn -0.8284 0.4904 0.2707
vn -0.9456 -0.3252 0.0036
vn 0.7546 0.6476 0.1058
vn -0.3978 0.8681 0.2970
vn 0.0123 -0.9615 -0.2744
vn 0.6632 -0.6904 -0.2889
vn 0.3303 0.9428 0.0454
vn -0.9711 -0.0426 0.2348
vn 0.0819 -0.9893 -0.1210
vn 0.9505 -0.2192 -0.2201
vn 0.9227 0.3319 -0.1963
vn -0.4881 0.8593 0.1527
vn -0.8754 -0.4236 0.2328
vn -0.7205 -0.6914 0.0530
vn 0.7014 -0.6888 -0.1832
vn 0.9427 -0.1811 -0.2802
vn -0.0461 0.9928 -0.1105
vn -0.7853 0.5885 0.1921
vn -0.9489 0.0754 0.3065
vn 0.0674 -0.9933 0.0936
vn 0.8547 0.4036 -0.3265
vn -0.8216 -0.3636 0.4391
vn 0.1841 -0.9721 0.1452
vn 0.9257 -0.0268 -0.3773
vn 0.5134 0.7198 -0.4672
vn -0.5805 0.8134 -0.0370
vn -0.9039 0.0462 0.4253
vn -0.6326 -0.5459 0.5494
vn 0.7642 -0.6360 -0.1074
vn 0.8908 -0.3464 -0.2940
vn 0.2903 0.7538 -0.5895
vn -0.5012 0.8397 -0.2090
vn 0.0771 -0.8738 0.4802
vn 0.3942 -0.8505 0.3483
vn 0.8321 0.0914 -0.5470
vn -0.8290 0.5485 0.1089
vn -0.8647 0.1954 0.4626
vn -0.7492 -0.2125 0.6273
vn -0.2419 0.8077 -0.5376
vn 0.1222 -0.7288 0.6737
vn 0.6753 -0.7123 0.1914
vn 0.8769 -0.3736 -0.3024
vn 0.7996 0.0432 -0.5990
vn 0.4163 0.3725 -0.8294
vn -0.3776 0.6429 -0.6664
vn -0.7927 0.6051 -0.0734
vn -0.6020 -0.1458 0.7851
vn -0.8709 0.4871 0.0648
vn -0.8020 0.1957 0.5643
vn -0.1674 -0.3179 0.9332
vn 0.7796 -0.5924 0.2031
vn 0.4856 0.1249 -0.8652
vn -0.4152 0.4838 -0.7704
vn 0.4294 -0.4743 0.7686
vn 0.8567 -0.3004 -0.4193
vn -0.8722 0.4685 -0.1404
vn -0.6220 0.2030 0.7562
vn -0.0195 -0.1704 0.9852
vn 0.8853 -0.4591 0.0739
vn 0.6360 -0.1778 -0.7509
vn -0.4949 0.3250 -0.8059
vn 0.7942 -0.3541 0.4938
vn 0.2103 -0.1044 -0.9720
vn 0.8025 -0.3883 -0.4530
vt 0.551314 0.500000
vt 0.532309 0.583333
vt 0.520833 0.463119
vt 0.564718 0.166667
vt 0.513184 0.329083
vt 0.511839 0.166667
vt 0.552467 0.375008
vt 0.550411 0.750000
vt 0.572288 0.872160
vt 0.530191 0.880468
vt 0.552083 1.000000
vt 0.583333 0.458134
vt 0.574266 0.583333
vt 0.595172 0.666667
vt 0.543662 0.666667
vt 0.594638 0.954781
vt 0.613790 0.583333
vt 0.632151 0.690148
vt 0.613498 0.000000
vt 0.595100 0.083333
vt 0.583333 0.000000
vt 0.604536 0.333333
vt 0.604167 0.454748
vt 0.635417 0.500000
vt 0.654397 0.583333
vt 0.666867 0.833333
vt 0.637270 0.916667
vt 0.614875 0.833333
vt 0.645833 1.000000
vt 0.613498 1.000000
vt 0.655625 0.069347
vt 0.616645 0.152099
vt 0.655977 0.320862
vt 0.593756 0.250000
vt 0.636210 0.416667
vt 0.666576 0.665943
vt 0.676152 0.458213
vt 0.691016 0.612268
vt 0.698078 0.129555
vt 0.656408 0.166667
vt 0.692282 0.319778
vt 0.708333 0.546676
vt 0.708333 0.958314
vt 0.676314 1.000000
vt 0.677083 0.916667
vt 0.708333 0.000000
vt 0.676314 0.000000
vt 0.712583 0.383594
vt 0.760417 0.711142
vt 0.729536 0.833333
vt 0.729878 0.660977
vt 0.771034 0.333333
vt 0.740377 0.416667
vt 0.780457 0.583333
vt 0.736479 0.551789
vt 0.778455 0.843826
vt 0.739014 0.916667
vt 0.781250 0.000000
vt 0.761476 0.083333
vt 0.740669 0.000000
vt 0.779900 0.416667
vt 0.760417 0.500000
vt 0.801246 0.538317
vt 0.803691 0.678409
vt 0.800734 0.916667
vt 0.781250 1.000000
vt 0.830731 0.833333
vt 0.812500 0.453324
vt 0.833333 0.546676
vt 0.843750 0.916667
vt 0.824770 0.333333
vt 0.843750 0.416667
vt 0.854167 0.545252
vt 0.845582 0.673734
vt 0.844257 0.083333
vt 0.864741 0.166667
vt 0.822917 0.166667
vt 0.885417 0.631950
vt 0.886045 0.872160
vt 0.881690 0.053520
vt 0.843750 0.000000
vt 0.894745 0.342733
vt 0.864875 0.333333
vt 0.842091 0.250000
vt 0.886210 0.416667
vt 0.907336 0.000000
vt 0.926577 0.083333
vt 0.907947 0.166667
vt 0.916667 0.453324
vt 0.885417 0.500000
vt 0.937500 0.546676
vt 0.920459 0.613675
vt 0.946831 0.000000
vt 0.964446 0.307438
vt 0.932160 0.379933
vt 0.958309 0.666502
vt 0.919270 0.750000
vt 0.968020 0.873332
vt 0.946831 1.000000
vt 0.927083 0.872393
vt 0.967956 0.083333
vt 0.949478 0.166667
vt 0.979167 1.000000
vt 0.989263 0.040386
vt 1.000000 0.583333
vt 0.991005 0.666667
vt 0.968750 0.583333
vt 1.000000 0.953324
vt 0.989875 0.166667
vt 1.000000 0.453324
vt 0.968750 0.500000
vt 0.969543 0.416667
vt 0.030481 0.500000
vt 0.009910 0.583333
vt 0.000000 0.453324
vt 0.010125 0.833333
vt 0.028092 0.941931
vt 0.000000 0.953324
vt 0.051290 0.583333
vt 0.032145 0.670924
vt 0.050230 0.833333
vt 0.053505 0.166667
vt 0.034607 0.332590
vt 0.008406 0.166667
vt 0.032044 0.416667
vt 0.008720 0.333333
vt 0.062500 0.461701
vt 0.065327 0.689284
vt 0.072347 0.916667
vt 0.053936 1.000000
vt 0.073487 0.083333
vt 0.032600 0.083333
vt 0.091897 0.833333
vt 0.103254 0.281814
vt 0.071495 0.333333
vt 0.126108 0.750000
vt 0.116077 0.869025
vt 0.093750 1.000000
vt 0.113790 0.083333
vt 0.106384 0.166667
vt 0.125000 0.546676
vt 0.093243 0.583333
vt 0.091870 0.472449
vt 0.145462 0.666667
vt 0.095447 0.666667
vt 0.131989 0.948043
vt 0.125000 0.000000
vt 0.093750 0.000000
vt 0.157309 0.583333
vt 0.156216 0.124224
vt 0.172447 0.310236
vt 0.135708 0.333333
vt 0.156250 0.416667
vt 0.115933 0.416667
vt 0.175734 0.916667
vt 0.158103 1.000000
vt 0.198539 0.623540
vt 0.199582 0.750000
vt 0.158103 0.000000
vt 0.195317 0.020799
vt 0.187500 0.458129
vt 0.155481 0.500000
vt 0.217981 0.500000
vt 0.217757 0.954361
vt 0.197917 1.000000
vt 0.219320 0.083333
vt 0.199770 0.166667
vt 0.208443 0.332265
vt 0.240589 0.625949
vt 0.219041 0.833333
vt 0.239583 0.916667
vt 0.229167 0.000000
vt 0.262161 0.527245
vt 0.258995 0.833333
vt 0.258564 1.000000
vt 0.256902 0.016169
vt 0.250024 0.166667
vt 0.240150 0.332172
vt 0.279900 0.916667
vt 0.281408 0.333333
vt 0.260923 0.416667
vt 0.298834 0.632014
vt 0.276356 0.662453
vt 0.300662 0.833333
vt 0.302971 0.954781
vt 0.291667 0.000000
vt 0.282600 0.083333
vt 0.312299 0.166667
vt 0.313608 0.250000
vt 0.291667 0.463118
vt 0.323487 0.083333
vt 0.323252 0.378905
vt 0.346771 0.693715
vt 0.354167 0.550018
vt 0.323487 0.583333
vt 0.322148 0.500000
vt 0.345603 0.916667
vt 0.364583 1.000000
vt 0.321831 1.000000
vt 0.364422 0.129555
vt 0.358169 0.384650
vt 0.375000 0.458129
vt 0.406408 0.833333
vt 0.386210 0.916667
vt 0.352172 0.833333
vt 0.404770 0.155931
vt 0.377603 0.250000
vt 0.448413 0.872356
vt 0.409028 0.977778
vt 0.446064 0.000000
vt 0.428936 0.083333
vt 0.406250 0.000000
vt 0.460328 0.166667
vt 0.405140 0.332256
vt 0.441235 0.380968
vt 0.407043 0.416667
vt 0.426965 0.541723
vt 0.458333 0.538299
vt 0.449613 0.666667
vt 0.490476 0.670923
vt 0.489167 0.873853
vt 0.488814 0.000000
vt 0.470100 0.083333
vt 0.480500 0.290640
vt 0.471903 0.441891
vt 0.500000 0.454748
vt 0.490153 0.583333
vt 0.520833 1.000000
vt 0.488814 1.000000
vt 0.552083 0.083333
vt 0.512815 0.059604
vt 0.552083 0.000000
vt 0.729167 0.121797
vt 0.740669 1.000000
vt 0.769725 0.250000
vt 0.773201 0.166667
vt 0.804738 0.067214
vt 0.812500 1.000000
vt 0.843750 1.000000
vt 0.875000 1.000000
vt 0.907336 1.000000
vt 1.000000 0.833333
vt 1.000000 0.750000
vt 1.000000 0.250000
vt 1.000000 0.333333
vt 0.000000 0.000000
vt 0.000000 0.083333
vt 0.000000 0.666667
vt 0.020833 0.000000
vt 0.053936 0.000000
vt 0.169269 0.833333
vt 0.219543 0.416667
vt 0.364583 0.000000
vt 0.383564 0.666667
vt 0.390405 0.547006
vt 0.417376 0.720021
vt 0.446064 1.000000
vt 0.321831 0.000000
s 1
g Torus.004_Mat_Navio_Ferrugem_30.005
usemtl Mat_Navio_Ferrugem_30.005
f 1054/1402/1054 1049/1403/1049 1048/1404/1048
f 1057/1405/1057 1053/1406/1053 1047/1407/1047
f 1053/1406/1053 1058/1408/1058 1048/1404/1048
f 1051/1409/1051 1060/1410/1060 1052/1411/1052
f 1060/1410/1060 1055/1412/1055 1052/1411/1052
f 1062/1413/1062 1059/1414/1059 1054/1402/1054
f 1063/1415/1063 1051/1409/1051 1050/1416/1050
f 1060/1410/1060 1064/1417/1064 1055/1412/1055
f 1062/1413/1062 1054/1402/1054 1058/1408/1058
f 1068/1418/1068 1063/1415/1063 1059/1414/1059
f 1063/1415/1063 1069/1419/1069 1051/1409/1051
f 1071/1420/1071 1065/1421/1065 1064/1422/1064
f 1066/1423/1066 1067/1424/1067 1062/1413/1062
f 1073/1425/1073 1068/1418/1068 1067/1424/1067
f 1073/1425/1073 1076/1426/1076 1068/1418/1068
f 1076/1426/1076 1069/1419/1069 1068/1418/1068
f 1077/1427/1077 1074/1428/1074 1070/1429/1070
f 1074/1428/1074 1078/1430/1078 1071/1431/1071
f 1078/1432/1078 1072/1433/1072 1071/1420/1071
f 1080/1434/1080 1066/1423/1066 1061/1435/1061
f 1080/1434/1080 1075/1436/1075 1066/1423/1066
f 1076/1426/1076 1082/1437/1082 1069/1419/1069
f 1081/1438/1081 1073/1425/1073 1075/1436/1075
f 1081/1438/1081 1085/1439/1085 1076/1426/1076
f 1085/1439/1085 1082/1437/1082 1076/1426/1076
f 1086/1440/1086 1079/1441/1079 1078/1432/1078
f 1087/1442/1087 1081/1438/1081 1080/1434/1080
f 1088/1443/1088 1085/1439/1085 1081/1438/1081
f 1091/1444/1091 1084/1445/1084 1083/1446/1083
f 1091/1447/1091 1086/1440/1086 1084/1448/1084
f 1086/1440/1086 1087/1442/1087 1080/1434/1080
f 1087/1442/1087 1092/1449/1092 1081/1438/1081
f 1099/1450/1099 1090/1451/1090 1089/1452/1089
f 1103/1453/1103 1097/1454/1097 1092/1449/1092
f 1104/1455/1104 1099/1450/1099 1093/1456/1093
f 1105/1457/1105 1094/1458/1094 1090/1451/1090
f 1106/1459/1106 1100/1460/1100 1095/1461/1095
f 1107/1462/1107 1098/1463/1098 1097/1454/1097
f 1112/1464/1112 1104/1455/1104 1098/1463/1098
f 1104/1455/1104 1108/1465/1108 1099/1450/1099
f 1109/1466/1109 1106/1467/1106 1105/1457/1105
f 1112/1464/1112 1108/1465/1108 1104/1455/1104
f 1108/1465/1108 1113/1468/1113 1105/1457/1105
f 1113/1468/1113 1109/1466/1109 1105/1457/1105
f 1111/1469/1111 1112/1464/1112 1107/1462/1107
f 1117/1470/1117 1112/1464/1112 1111/1469/1111
f 1113/1468/1113 1119/1471/1119 1109/1466/1109
f 1116/1472/1116 1122/1473/1122 1111/1469/1111
f 1123/1474/1123 1118/1475/1118 1117/1470/1117
f 1118/1475/1118 1113/1468/1113 1108/1465/1108
f 1121/1476/1121 1124/1477/1124 1114/1478/1114
f 1122/1473/1122 1123/1474/1123 1117/1470/1117
f 1123/1474/1123 1127/1479/1127 1118/1475/1118
f 1118/1475/1118 1128/1480/1128 1113/1468/1113
f 1128/1480/1128 1119/1471/1119 1113/1468/1113
f 1129/1481/1129 1121/1476/1121 1120/1482/1120
f 1134/1483/1134 1125/1484/1125 1115/1485/1115
f 1134/1483/1134 1130/1486/1130 1125/1484/1125
f 1132/1487/1132 1138/1488/1138 1129/1481/1129
f 1138/1488/1138 1133/1489/1133 1129/1481/1129
f 1135/1490/1135 1126/1491/1126 1130/1486/1130
f 1140/1492/1140 1136/1493/1136 1135/1490/1135
f 1141/1494/1141 1138/1488/1138 1132/1487/1132
f 1148/1495/1148 1139/1496/1139 1134/1483/1134
f 1145/1497/1145 1131/1498/1131 1136/1493/1136
f 1146/1499/1146 1141/1500/1141 1137/1501/1137
f 1147/1502/1147 1142/1503/1142 1138/1488/1138
f 1146/1499/1146 1157/1504/1157 1141/1500/1141
f 1157/1505/1157 1147/1502/1147 1141/1494/1141
f 1153/1506/1153 1150/1507/1150 1144/1508/1144
f 1156/1509/1156 1157/1504/1157 1146/1499/1146
f 1157/1505/1157 1151/1510/1151 1147/1502/1147
f 1152/1511/1152 1143/1512/1143 1149/1513/1149
f 1160/1514/1160 1153/1515/1153 1152/1516/1152
f 1155/1517/1155 1161/1518/1161 1156/1519/1156
f 1164/1520/1164 1154/1521/1154 1153/1515/1153
f 1154/1521/1154 1165/1522/1165 1155/1517/1155
f 1165/1522/1165 1161/1518/1161 1155/1517/1155
f 1167/1523/1167 1158/1524/1158 1151/1525/1151
f 1158/1524/1158 1163/1526/1163 1159/1527/1159
f 1168/1528/1168 1164/1520/1164 1160/1514/1160
f 1169/1529/1169 1165/1522/1165 1154/1521/1154
f 1170/1530/1170 1166/1531/1166 1161/1518/1161
f 1171/1532/1171 1167/1523/1167 1162/1533/1162
f 1168/1528/1168 1160/1514/1160 1163/1526/1163
f 1169/1529/1169 1176/1534/1176 1165/1522/1165
f 1176/1534/1176 1170/1530/1170 1165/1522/1165
f 1179/1535/1179 1172/1536/1172 1158/1524/1158
f 1180/1537/1180 1176/1534/1176 1169/1529/1169
f 1181/1538/1181 1177/1539/1177 1170/1530/1170
f 1182/1540/1182 1178/1541/1178 1171/1532/1171
f 1184/1542/1184 1174/1543/1174 1173/1544/1173
f 1185/1545/1185 1180/1537/1180 1175/1546/1175
f 1180/1537/1180 1181/1538/1181 1176/1534/1176
f 1181/1538/1181 1186/1547/1186 1177/1539/1177
f 1186/1548/1186 1182/1540/1182 1177/1549/1177
f 1189/1550/1189 1185/1545/1185 1184/1542/1184
f 1192/1551/1192 1178/1541/1178 1182/1540/1182
f 1193/1552/1193 1187/1553/1187 1179/1535/1179
f 1187/1553/1187 1194/1554/1194 1183/1555/1183
f 1196/1556/1196 1191/1557/1191 1186/1547/1186
f 1193/1552/1193 1194/1554/1194 1187/1553/1187
f 1189/1550/1189 1198/1558/1198 1185/1545/1185
f 1198/1558/1198 1195/1559/1195 1185/1545/1185
f 1191/1560/1191 1199/1561/1199 1192/1551/1192
f 1197/1562/1197 1188/1563/1188 1194/1554/1194
f 1201/1564/1201 1198/1558/1198 1197/1562/1197
f 1208/1565/1208 1199/1566/1199 1196/1556/1196
f 1203/1567/1203 1200/1568/1200 1199/1561/1199
f 1200/1568/1200 1204/1569/1204 1193/1552/1193
f 1206/1570/1206 1195/1559/1195 1198/1558/1198
f 1202/1571/1202 1207/1572/1207 1208/1565/1208
f 1208/1573/1208 1203/1567/1203 1199/1561/1199
f 1211/1574/1211 1206/1570/1206 1201/1564/1201
f 1213/1575/1213 1207/1572/1207 1202/1571/1202
f 1207/1572/1207 1214/1576/1214 1208/1565/1208
f 1214/1577/1214 1203/1567/1203 1208/1573/1208
f 1214/1577/1214 1209/1578/1209 1203/1567/1203
f 1209/1578/1209 1210/1579/1210 1204/1569/1204
f 1216/1580/1216 1214/1576/1214 1207/1572/1207
f 1218/1581/1218 1215/1582/1215 1210/1579/1210
f 1220/1583/1220 1212/1584/1212 1211/1574/1211
f 1221/1585/1221 1216/1580/1216 1213/1575/1213
f 1216/1580/1216 1222/1586/1222 1214/1576/1214
f 1222/1587/1222 1217/1588/1217 1214/1577/1214
f 1217/1588/1217 1223/1589/1223 1209/1578/1209
f 1224/1590/1224 1218/1581/1218 1210/1579/1210
f 1215/1582/1215 1219/1591/1219 1211/1574/1211
f 1221/1585/1221 1222/1586/1222 1216/1580/1216
f 1228/1592/1228 1223/1589/1223 1217/1588/1217
f 1218/1581/1218 1229/1593/1229 1219/1591/1219
f 1220/1583/1220 1230/1594/1230 1212/1584/1212
f 1233/1595/1233 1226/1596/1226 1225/1597/1225
f 1233/1595/1233 1230/1594/1230 1226/1596/1226
f 1232/1598/1232 1234/1599/1234 1227/1600/1227
f 1235/1601/1235 1223/1589/1223 1228/1592/1228
f 1237/1602/1237 1238/1603/1238 1233/1595/1233
f 1243/1604/1243 1241/1605/1241 1231/1606/1231
f 1245/1607/1245 1236/1608/1236 1235/1601/1235
f 1243/1604/1243 1251/1609/1251 1244/1610/1244
f 1252/1611/1252 1248/1612/1248 1244/1613/1244
f 1253/1614/1253 1249/1615/1249 1245/1607/1245
f 1254/1616/1254 1246/1617/1246 1249/1615/1249
f 1254/1616/1254 1247/1618/1247 1246/1617/1246
f 1255/1619/1255 1250/1620/1250 1247/1618/1247
f 1043/1621/1043 1044/1622/1044 1251/1609/1251
f 1045/1623/1045 1256/1624/1256 1252/1611/1252
f 1258/1625/1258 1257/1626/1257 1254/1616/1254
f 1041/1627/1041 1042/1628/1042 1257/1626/1257
f 1047/1407/1047 1258/1625/1258 1253/1614/1253
f 1043/1621/1043 1049/1403/1049 1050/1416/1050
f 1043/1621/1043 1052/1411/1052 1044/1622/1044
f 1050/1416/1050 1051/1409/1051 1043/1621/1043
f 1044/1622/1044 1046/1629/1046 1045/1630/1045
f 1047/1407/1047 1056/1631/1056 1057/1405/1057
f 1047/1407/1047 1053/1406/1053 1258/1625/1258
f 1053/1406/1053 1048/1404/1048 1041/1627/1041
f 1052/1411/1052 1055/1412/1055 1046/1629/1046
f 1046/1632/1046 1055/1633/1055 1056/1631/1056
f 1055/1633/1055 1065/1421/1065 1056/1631/1056
f 1048/1404/1048 1058/1408/1058 1054/1402/1054
f 1054/1402/1054 1059/1414/1059 1049/1403/1049
f 1049/1403/1049 1059/1414/1059 1050/1416/1050
f 1057/1405/1057 1061/1435/1061 1053/1406/1053
f 1053/1406/1053 1061/1435/1061 1058/1408/1058
f 1059/1414/1059 1063/1415/1063 1050/1416/1050
f 1059/1414/1059 1067/1424/1067 1068/1418/1068
f 1056/1631/1056 1065/1421/1065 1057/1405/1057
f 1061/1435/1061 1066/1423/1066 1058/1408/1058
f 1058/1408/1058 1066/1423/1066 1062/1413/1062
f 1051/1409/1051 1070/1429/1070 1060/1410/1060
f 1080/1434/1080 1072/1433/1072 1079/1441/1079
f 1060/1410/1060 1070/1429/1070 1064/1417/1064
f 1065/1421/1065 1072/1433/1072 1057/1405/1057
f 1057/1405/1057 1072/1433/1072 1061/1435/1061
f 1068/1418/1068 1069/1419/1069 1063/1415/1063
f 1070/1429/1070 1074/1428/1074 1064/1417/1064
f 1064/1417/1064 1074/1428/1074 1071/1431/1071
f 1071/1420/1071 1072/1433/1072 1065/1421/1065
f 1066/1423/1066 1075/1436/1075 1067/1424/1067
f 1067/1424/1067 1075/1436/1075 1073/1425/1073
f 1069/1419/1069 1077/1427/1077 1070/1429/1070
f 1072/1433/1072 1078/1432/1078 1079/1441/1079
f 1078/1430/1078 1083/1446/1083 1084/1445/1084
f 1073/1425/1073 1081/1438/1081 1076/1426/1076
f 1069/1419/1069 1082/1437/1082 1077/1427/1077
f 1077/1427/1077 1083/1446/1083 1074/1428/1074
f 1077/1427/1077 1089/1452/1089 1090/1451/1090
f 1080/1434/1080 1081/1438/1081 1075/1436/1075
f 1042/1628/1042 1048/1404/1048 1049/1403/1049
f 1084/1448/1084 1086/1440/1086 1078/1432/1078
f 1079/1441/1079 1086/1440/1086 1080/1434/1080
f 1085/1439/1085 1089/1452/1089 1082/1437/1082
f 1091/1444/1091 1077/1427/1077 1090/1451/1090
f 1089/1452/1089 1088/1443/1088 1093/1456/1093
f 1092/1449/1092 1088/1443/1088 1081/1438/1081
f 1096/1634/1096 1091/1447/1091 1095/1461/1095
f 1090/1451/1090 1094/1458/1094 1091/1444/1091
f 1094/1458/1094 1095/1635/1095 1091/1444/1091
f 1093/1456/1093 1092/1449/1092 1097/1454/1097
f 1086/1440/1086 1096/1634/1096 1087/1442/1087
f 1102/1636/1102 1096/1634/1096 1101/1637/1101
f 1093/1456/1093 1099/1450/1099 1089/1452/1089
f 1095/1461/1095 1100/1460/1100 1096/1634/1096
f 1100/1460/1100 1101/1637/1101 1096/1634/1096
f 1092/1449/1092 1102/1636/1102 1103/1453/1103
f 1095/1635/1095 1105/1457/1105 1106/1467/1106
f 1097/1454/1097 1098/1463/1098 1093/1456/1093
f 1098/1463/1098 1104/1455/1104 1093/1456/1093
f 1099/1450/1099 1105/1457/1105 1090/1451/1090
f 1102/1636/1102 1114/1478/1114 1115/1485/1115
f 1103/1453/1103 1107/1462/1107 1097/1454/1097
f 1099/1450/1099 1108/1465/1108 1105/1457/1105
f 1106/1459/1106 1110/1638/1110 1100/1460/1100
f 1100/1460/1100 1110/1638/1110 1101/1637/1101
f 1107/1462/1107 1112/1464/1112 1098/1463/1098
f 1109/1466/1109 1110/1639/1110 1106/1467/1106
f 1110/1638/1110 1114/1478/1114 1101/1637/1101
f 1102/1636/1102 1116/1472/1116 1103/1453/1103
f 1107/1462/1107 1116/1472/1116 1111/1469/1111
f 1108/1465/1108 1117/1470/1117 1118/1475/1118
f 1110/1639/1110 1119/1471/1119 1120/1640/1120
f 1129/1641/1129 1119/1471/1119 1128/1480/1128
f 1110/1638/1110 1120/1482/1120 1121/1476/1121
f 1110/1638/1110 1121/1476/1121 1114/1478/1114
f 1122/1473/1122 1117/1470/1117 1111/1469/1111
f 1114/1478/1114 1124/1477/1124 1115/1485/1115
f 1115/1485/1115 1125/1484/1125 1116/1472/1116
f 1116/1472/1116 1125/1484/1125 1122/1473/1122
f 1126/1491/1126 1127/1479/1127 1123/1474/1123
f 1123/1474/1123 1130/1486/1130 1126/1491/1126
f 1121/1476/1121 1129/1481/1129 1124/1477/1124
f 1125/1484/1125 1130/1486/1130 1122/1473/1122
f 1134/1483/1134 1124/1477/1124 1133/1489/1133
f 1127/1479/1127 1131/1498/1131 1118/1475/1118
f 1118/1475/1118 1131/1498/1131 1128/1480/1128
f 1128/1480/1128 1132/1642/1132 1129/1641/1129
f 1129/1481/1129 1133/1489/1133 1124/1477/1124
f 1127/1479/1127 1135/1490/1135 1136/1493/1136
f 1134/1483/1134 1135/1490/1135 1130/1486/1130
f 1127/1479/1127 1136/1493/1136 1131/1498/1131
f 1131/1498/1131 1137/1501/1137 1128/1480/1128
f 1128/1480/1128 1137/1501/1137 1132/1642/1132
f 1133/1489/1133 1148/1495/1148 1134/1483/1134
f 1137/1501/1137 1141/1500/1141 1132/1642/1132
f 1138/1488/1138 1142/1503/1142 1133/1489/1133
f 1145/1497/1145 1140/1492/1140 1144/1508/1144
f 1139/1496/1139 1140/1492/1140 1135/1490/1135
f 1143/1512/1143 1144/1508/1144 1140/1492/1140
f 1137/1501/1137 1145/1497/1145 1146/1499/1146
f 1140/1492/1140 1149/1513/1149 1143/1512/1143
f 1141/1494/1141 1147/1502/1147 1138/1488/1138
f 1148/1495/1148 1149/1513/1149 1139/1496/1139
f 1144/1508/1144 1152/1511/1152 1153/1506/1153
f 1144/1508/1144 1150/1507/1150 1145/1497/1145
f 1147/1502/1147 1151/1510/1151 1142/1503/1142
f 1142/1503/1142 1151/1510/1151 1148/1495/1148
f 1155/1643/1155 1145/1497/1145 1154/1644/1154
f 1150/1507/1150 1154/1644/1154 1145/1497/1145
f 1148/1495/1148 1152/1511/1152 1149/1513/1149
f 1146/1499/1146 1155/1643/1155 1156/1509/1156
f 1151/1510/1151 1158/1645/1158 1148/1495/1148
f 1158/1645/1158 1159/1646/1159 1148/1495/1148
f 1156/1647/1156 1162/1533/1162 1157/1648/1157
f 1153/1515/1153 1154/1521/1154 1150/1649/1150
f 1158/1524/1158 1168/1528/1168 1163/1526/1163
f 1157/1648/1157 1162/1533/1162 1151/1525/1151
f 1159/1527/1159 1163/1526/1163 1152/1516/1152
f 1152/1516/1152 1163/1526/1163 1160/1514/1160
f 1160/1514/1160 1164/1520/1164 1153/1515/1153
f 1161/1650/1161 1166/1651/1166 1162/1533/1162
f 1162/1533/1162 1167/1523/1167 1151/1525/1151
f 1164/1520/1164 1169/1529/1169 1154/1521/1154
f 1165/1522/1165 1170/1530/1170 1161/1518/1161
f 1166/1651/1166 1171/1532/1171 1162/1533/1162
f 1174/1543/1174 1168/1528/1168 1173/1544/1173
f 1169/1529/1169 1174/1543/1174 1175/1546/1175
f 1167/1523/1167 1179/1535/1179 1158/1524/1158
f 1170/1530/1170 1177/1539/1177 1166/1531/1166
f 1166/1651/1166 1177/1549/1177 1171/1532/1171
f 1171/1532/1171 1178/1541/1178 1167/1523/1167
f 1173/1544/1173 1179/1535/1179 1183/1555/1183
f 1172/1536/1172 1173/1544/1173 1168/1528/1168
f 1175/1546/1175 1180/1537/1180 1169/1529/1169
f 1176/1534/1176 1181/1538/1181 1170/1530/1170
f 1177/1549/1177 1182/1540/1182 1171/1532/1171
f 1175/1546/1175 1184/1542/1184 1185/1545/1185
f 1192/1551/1192 1186/1548/1186 1191/1560/1191
f 1179/1535/1179 1187/1553/1187 1183/1555/1183
f 1183/1555/1183 1184/1542/1184 1173/1544/1173
f 1188/1563/1188 1189/1550/1189 1184/1542/1184
f 1180/1537/1180 1190/1652/1190 1181/1538/1181
f 1181/1538/1181 1190/1652/1190 1186/1547/1186
f 1179/1535/1179 1192/1551/1192 1193/1552/1193
f 1184/1542/1184 1194/1554/1194 1188/1563/1188
f 1189/1550/1189 1197/1562/1197 1198/1558/1198
f 1185/1545/1185 1195/1559/1195 1180/1537/1180
f 1180/1537/1180 1195/1559/1195 1190/1652/1190
f 1190/1652/1190 1196/1556/1196 1186/1547/1186
f 1196/1556/1196 1202/1571/1202 1208/1565/1208
f 1196/1556/1196 1199/1566/1199 1191/1557/1191
f 1199/1561/1199 1200/1568/1200 1192/1551/1192
f 1192/1551/1192 1200/1568/1200 1193/1552/1193
f 1193/1552/1193 1197/1562/1197 1194/1554/1194
f 1195/1559/1195 1202/1571/1202 1190/1652/1190
f 1197/1562/1197 1204/1569/1204 1205/1653/1205
f 1202/1571/1202 1212/1584/1212 1213/1575/1213
f 1197/1562/1197 1205/1653/1205 1201/1564/1201
f 1201/1564/1201 1206/1570/1206 1198/1558/1198
f 1203/1567/1203 1209/1578/1209 1200/1568/1200
f 1200/1568/1200 1209/1578/1209 1204/1569/1204
f 1204/1569/1204 1210/1579/1210 1205/1653/1205
f 1206/1570/1206 1212/1584/1212 1195/1559/1195
f 1205/1653/1205 1211/1574/1211 1201/1564/1201
f 1210/1579/1210 1215/1582/1215 1205/1653/1205
f 1209/1578/1209 1224/1590/1224 1210/1579/1210
f 1211/1574/1211 1212/1584/1212 1206/1570/1206
f 1213/1575/1213 1216/1580/1216 1207/1572/1207
f 1214/1577/1214 1217/1588/1217 1209/1578/1209
f 1219/1591/1219 1220/1583/1220 1211/1574/1211
f 1212/1584/1212 1221/1585/1221 1213/1575/1213
f 1220/1583/1220 1225/1597/1225 1226/1596/1226
f 1218/1581/1218 1219/1591/1219 1215/1582/1215
f 1222/1587/1222 1228/1592/1228 1217/1588/1217
f 1221/1585/1221 1230/1594/1230 1231/1606/1231
f 1224/1590/1224 1229/1593/1229 1218/1581/1218
f 1219/1591/1219 1229/1593/1229 1225/1597/1225
f 1226/1596/1226 1230/1594/1230 1220/1583/1220
f 1221/1585/1221 1232/1598/1232 1222/1586/1222
f 1228/1592/1228 1234/1654/1234 1235/1601/1235
f 1222/1586/1222 1232/1598/1232 1227/1600/1227
f 1224/1590/1224 1235/1601/1235 1236/1608/1236
f 1237/1602/1237 1224/1590/1224 1236/1608/1236
f 1229/1593/1229 1233/1595/1233 1225/1597/1225
f 1240/1655/1240 1233/1595/1233 1239/1656/1239
f 1238/1603/1238 1239/1656/1239 1233/1595/1233
f 1230/1594/1230 1243/1604/1243 1231/1606/1231
f 1231/1606/1231 1241/1605/1241 1232/1598/1232
f 1232/1598/1232 1241/1605/1241 1234/1599/1234
f 1240/1655/1240 1242/1657/1242 1230/1594/1230
f 1245/1607/1245 1234/1654/1234 1244/1613/1244
f 1241/1605/1241 1244/1610/1244 1234/1599/1234
f 1238/1603/1238 1249/1615/1249 1246/1617/1246
f 1236/1608/1236 1249/1615/1249 1237/1602/1237
f 1242/1657/1242 1239/1656/1239 1247/1618/1247
f 1238/1603/1238 1246/1617/1246 1239/1656/1239
f 1255/1619/1255 1254/1616/1254 1257/1626/1257
f 1243/1604/1243 1244/1610/1244 1241/1605/1241
f 1244/1613/1244 1248/1612/1248 1245/1607/1245
f 1245/1607/1245 1249/1615/1249 1236/1608/1236
f 1246/1617/1246 1247/1618/1247 1239/1656/1239
f 1247/1618/1247 1250/1620/1250 1242/1657/1242
f 1242/1657/1242 1251/1609/1251 1243/1604/1243
f 1244/1610/1244 1251/1609/1251 1252/1658/1252
f 1248/1612/1248 1253/1614/1253 1245/1607/1245
f 1250/1620/1250 1043/1621/1043 1242/1657/1242
f 1242/1657/1242 1043/1621/1043 1251/1609/1251
f 1252/1611/1252 1256/1624/1256 1248/1612/1248
f 1248/1612/1248 1256/1624/1256 1253/1614/1253
f 1253/1614/1253 1258/1625/1258 1249/1615/1249
f 1249/1615/1249 1258/1625/1258 1254/1616/1254
f 1255/1619/1255 1043/1621/1043 1250/1620/1250
f 1257/1626/1257 1042/1628/1042 1255/1619/1255
f 1045/1630/1045 1251/1609/1251 1044/1622/1044
f 1256/1624/1256 1047/1407/1047 1253/1614/1253
f 1045/1623/1045 1046/1632/1046 1256/1624/1256
f 1041/1627/1041 1258/1625/1258 1053/1406/1053
f 1043/1621/1043 1042/1628/1042 1049/1403/1049
f 1043/1621/1043 1051/1409/1051 1052/1411/1052
f 1044/1622/1044 1052/1411/1052 1046/1629/1046
f 1047/1407/1047 1046/1632/1046 1056/1631/1056
f 1055/1633/1055 1064/1422/1064 1065/1421/1065
f 1059/1414/1059 1062/1413/1062 1067/1424/1067
f 1051/1409/1051 1069/1419/1069 1070/1429/1070
f 1080/1434/1080 1061/1435/1061 1072/1433/1072
f 1078/1430/1078 1074/1428/1074 1083/1446/1083
f 1077/1427/1077 1082/1437/1082 1089/1452/1089
f 1042/1628/1042 1041/1627/1041 1048/1404/1048
f 1091/1444/1091 1083/1446/1083 1077/1427/1077
f 1089/1452/1089 1085/1439/1085 1088/1443/1088
f 1096/1634/1096 1086/1440/1086 1091/1447/1091
f 1093/1456/1093 1088/1443/1088 1092/1449/1092
f 1102/1636/1102 1087/1442/1087 1096/1634/1096
f 1092/1449/1092 1087/1442/1087 1102/1636/1102
f 1095/1635/1095 1094/1458/1094 1105/1457/1105
f 1102/1636/1102 1101/1637/1101 1114/1478/1114
f 1102/1636/1102 1115/1485/1115 1116/1472/1116
f 1107/1462/1107 1103/1453/1103 1116/1472/1116
f 1108/1465/1108 1112/1464/1112 1117/1470/1117
f 1110/1639/1110 1109/1466/1109 1119/1471/1119
f 1129/1641/1129 1120/1640/1120 1119/1471/1119
f 1123/1474/1123 1122/1473/1122 1130/1486/1130
f 1134/1483/1134 1115/1485/1115 1124/1477/1124
f 1127/1479/1127 1126/1491/1126 1135/1490/1135
f 1134/1483/1134 1139/1496/1139 1135/1490/1135
f 1133/1489/1133 1142/1503/1142 1148/1495/1148
f 1145/1497/1145 1136/1493/1136 1140/1492/1140
f 1137/1501/1137 1131/1498/1131 1145/1497/1145
f 1140/1492/1140 1139/1496/1139 1149/1513/1149
f 1144/1508/1144 1143/1512/1143 1152/1511/1152
f 1155/1643/1155 1146/1499/1146 1145/1497/1145
f 1148/1495/1148 1159/1646/1159 1152/1511/1152
f 1156/1647/1156 1161/1650/1161 1162/1533/1162
f 1158/1524/1158 1172/1536/1172 1168/1528/1168
f 1174/1543/1174 1164/1520/1164 1168/1528/1168
f 1169/1529/1169 1164/1520/1164 1174/1543/1174
f 1167/1523/1167 1178/1541/1178 1179/1535/1179
f 1173/1544/1173 1172/1536/1172 1179/1535/1179
f 1175/1546/1175 1174/1543/1174 1184/1542/1184
f 1192/1551/1192 1182/1540/1182 1186/1548/1186
f 1179/1535/1179 1178/1541/1178 1192/1551/1192
f 1184/1542/1184 1183/1555/1183 1194/1554/1194
f 1189/1550/1189 1188/1563/1188 1197/1562/1197
f 1196/1556/1196 1190/1652/1190 1202/1571/1202
f 1197/1562/1197 1193/1552/1193 1204/1569/1204
f 1202/1571/1202 1195/1559/1195 1212/1584/1212
f 1205/1653/1205 1215/1582/1215 1211/1574/1211
f 1209/1578/1209 1223/1589/1223 1224/1590/1224
f 1220/1583/1220 1219/1591/1219 1225/1597/1225
f 1222/1587/1222 1227/1659/1227 1228/1592/1228
f 1221/1585/1221 1212/1584/1212 1230/1594/1230
f 1221/1585/1221 1231/1606/1231 1232/1598/1232
f 1228/1592/1228 1227/1659/1227 1234/1654/1234
f 1224/1590/1224 1223/1589/1223 1235/1601/1235
f 1237/1602/1237 1229/1593/1229 1224/1590/1224
f 1229/1593/1229 1237/1602/1237 1233/1595/1233
f 1240/1655/1240 1230/1594/1230 1233/1595/1233
f 1230/1594/1230 1242/1657/1242 1243/1604/1243
f 1245/1607/1245 1235/1601/1235 1234/1654/1234
f 1238/1603/1238 1237/1602/1237 1249/1615/1249
f 1242/1657/1242 1240/1655/1240 1239/1656/1239
f 1255/1619/1255 1247/1618/1247 1254/1616/1254
f 1255/1619/1255 1042/1628/1042 1043/1621/1043
f 1045/1630/1045 1252/1658/1252 1251/1609/1251
f 1256/1624/1256 1046/1632/1046 1047/1407/1047
f 1041/1627/1041 1257/1626/1257 1258/1625/1258
o Torus.005
v -0.597496 0.006904 0.244258
v -0.616525 0.024591 0.255107
v -0.618365 0.041337 0.286430
v -0.606901 0.014546 0.335576
v -0.568109 0.017895 0.338484
v -0.580698 -0.043829 0.315691
v -0.580192 -0.037124 0.288072
v -0.549155 0.060445 0.255451
v -0.668814 -0.119189 0.281004
v -0.693906 -0.152308 0.336360
v -0.669355 -0.148249 0.379332
v -0.642228 -0.149228 0.383831
v -0.634319 -0.169974 0.378154
v -0.641439 -0.149817 0.290378
v -0.712484 -0.273651 0.339938
v -0.722790 -0.260414 0.349316
v -0.659140 -0.266963 0.401130
v -0.695448 -0.281293 0.344496
v -0.758373 -0.370575 0.433942
v -0.755000 -0.371279 0.475685
v -0.720913 -0.317664 0.472373
v -0.683126 -0.316187 0.466859
v -0.690983 -0.352467 0.412095
v -0.757201 -0.454678 0.471367
v -0.709610 -0.389016 0.531615
v -0.698084 -0.423627 0.531474
v -0.739248 -0.451117 0.465913
v -0.781589 -0.519831 0.559623
v -0.787928 -0.542656 0.619099
v -0.748574 -0.452180 0.593642
v -0.742851 -0.547369 0.572947
v -0.775685 -0.591619 0.630519
v -0.782220 -0.602926 0.749478
v -0.744061 -0.521247 0.686288
v -0.727178 -0.523865 0.684884
v -0.712953 -0.542682 0.672362
v -0.728129 -0.611176 0.693193
v -0.780413 -0.658573 0.754441
v -0.761013 -0.602563 0.802708
v -0.755267 -0.655714 0.732714
v -0.771157 -0.690613 0.907268
v -0.735786 -0.614178 0.860849
v -0.717920 -0.614254 0.858759
v -0.704017 -0.636473 0.846948
v -0.709162 -0.676093 0.860307
v -0.715374 -0.706797 0.891400
v -0.744758 -0.733747 0.928142
v -0.761674 -0.720288 0.938980
v -0.693244 -0.656500 0.946215
v -0.711196 -0.714779 1.164740
v -0.720885 -0.674831 1.053411
v -0.696588 -0.656956 1.032920
v -0.711584 -0.753728 1.036772
v -0.702132 -0.760642 1.145892
v -0.710855 -0.748459 1.157734
v -0.656983 -0.672136 1.129014
v -0.643773 -0.704040 1.142758
v -0.664402 -0.757405 1.170846
v -0.657682 -0.668528 1.240849
v -0.620124 -0.677133 1.228027
v -0.630647 -0.739166 1.350967
v -0.654554 -0.717744 1.333636
v -0.612140 -0.647211 1.331170
v -0.596227 -0.648903 1.325023
v -0.576371 -0.679971 1.333080
v -0.609139 -0.726556 1.278261
v -0.606978 -0.735389 1.362125
v -0.595786 -0.692504 1.458232
v -0.558430 -0.620964 1.533880
v -0.567252 -0.612516 1.472381
v -0.548704 -0.635697 1.402292
v -0.556030 -0.698664 1.431130
v -0.537692 -0.674567 1.526334
v -0.531487 -0.580848 1.499298
v -0.515720 -0.581266 1.490651
v -0.468302 -0.584524 1.547630
v -0.480574 -0.618621 1.542876
v -0.481218 -0.600358 1.637459
v -0.503611 -0.599572 1.623424
v -0.463387 -0.535653 1.562630
v -0.424156 -0.469559 1.732308
v -0.456791 -0.485269 1.664330
v -0.439949 -0.471634 1.636662
v -0.411563 -0.484871 1.628270
v -0.451196 -0.591902 1.626878
v -0.394002 -0.470788 1.759151
v -0.374957 -0.403876 1.684472
v -0.349175 -0.412586 1.695472
v -0.350497 -0.449284 1.715762
v -0.328553 -0.422392 1.764197
v -0.365496 -0.467123 1.755785
v -0.326819 -0.360717 1.822247
v -0.327712 -0.296262 1.802285
v -0.355095 -0.336022 1.744019
v -0.269823 -0.214438 1.853185
v -0.297818 -0.249065 1.770182
v -0.286586 -0.257268 1.757154
v -0.267488 -0.260037 1.761383
v -0.232826 -0.230644 1.787751
v -0.256941 -0.289904 1.841278
v -0.254665 -0.237847 1.865823
v -0.239472 -0.127617 1.817660
v -0.202919 -0.204883 1.829774
v -0.186710 -0.143778 1.876488
v -0.172961 -0.073683 1.885862
v -0.166672 0.021293 1.846457
v -0.206672 -0.075399 1.796916
v -0.205470 -0.123554 1.781801
v -0.132206 0.079563 1.855621
v -0.157604 0.000636 1.784143
v -0.135109 0.007582 1.784884
v -0.101246 0.043285 1.797171
v -0.091073 0.035086 1.844780
v -0.111869 0.004624 1.867427
v -0.080857 0.118095 1.858469
v -0.104322 0.106153 1.860880
v -0.133548 0.112637 1.798581
v -0.073641 0.086959 1.806609
v -0.094926 0.197492 1.746348
v -0.124217 0.102148 1.769157
v -0.069751 0.178000 1.740857
v -0.036362 0.198207 1.819209
v -0.023452 0.302950 1.788025
v -0.033124 0.366232 1.737517
v -0.052634 0.340544 1.728978
v -0.057781 0.334309 1.702245
v -0.054422 0.279054 1.694013
v -0.009512 0.310230 1.689154
v 0.017524 0.357749 1.687201
v 0.005111 0.308057 1.752109
v -0.008928 0.397604 1.726026
v -0.045700 0.360018 1.658044
v -0.018420 0.345085 1.650970
v 0.033534 0.460540 1.668114
v 0.042734 0.458502 1.631266
v 0.049696 0.569898 1.559230
v 0.023496 0.555721 1.584136
v -0.003045 0.559828 1.550398
v -0.013449 0.558899 1.500562
v -0.022474 0.472506 1.559742
v -0.009588 0.432138 1.577057
v 0.035693 0.534947 1.486702
v -0.010423 0.597218 1.399989
v -0.000706 0.556193 1.438590
v 0.016178 0.553575 1.437186
v 0.053431 0.606412 1.417276
v 0.061013 0.629387 1.421922
v 0.045682 0.684686 1.392826
v 0.019434 0.656359 1.441147
v -0.009482 0.689748 1.323828
v 0.056834 0.675340 1.384314
v 0.010069 0.728853 1.294222
v -0.029329 0.702361 1.219778
v -0.001271 0.639172 1.273336
v 0.019858 0.679425 1.205236
v 0.029923 0.748141 1.239442
v -0.033644 0.688051 1.183601
v -0.006614 0.677599 1.162731
v 0.010252 0.733542 1.070362
v 0.036472 0.742702 1.178660
v -0.001999 0.787030 1.070132
v -0.019591 0.774235 1.127935
v -0.079777 0.774013 0.950622
v -0.042111 0.694648 1.082672
v -0.043417 0.794654 0.976701
v -0.082757 0.735701 0.986045
v -0.041557 0.704867 0.975690
v -0.027424 0.761669 0.915136
v -0.015343 0.780726 0.971534
v -0.062019 0.787524 0.866341
v -0.112092 0.708901 0.883626
v -0.072629 0.705892 0.995384
v -0.118454 0.769391 0.767462
v -0.142528 0.749043 0.779248
v -0.148881 0.714886 0.796241
v -0.128613 0.682631 0.806535
v -0.106300 0.683485 0.788280
v -0.126952 0.687648 0.677687
v -0.086436 0.758700 0.768219
v -0.140446 0.740992 0.674462
v -0.182897 0.664641 0.713940
v -0.206245 0.696464 0.587253
v -0.244733 0.661852 0.556526
v -0.279625 0.616589 0.524988
v -0.231737 0.644967 0.625824
v -0.211940 0.614474 0.632191
v -0.188041 0.615822 0.619370
v -0.152366 0.690077 0.615394
v -0.269575 0.576910 0.559130
v -0.230356 0.623450 0.490625
v -0.296595 0.567761 0.416690
v -0.245659 0.647129 0.502771
v -0.324885 0.535421 0.483984
v -0.302672 0.506222 0.496037
v -0.258570 0.534984 0.513341
v -0.275287 0.525782 0.432645
v -0.358501 0.504115 0.371523
v -0.393965 0.463852 0.364137
v -0.338447 0.433385 0.429245
v -0.354267 0.398848 0.382735
v -0.330860 0.491226 0.363351
v -0.399680 0.417019 0.311457
v -0.457073 0.355124 0.338012
v -0.422841 0.388263 0.383279
v -0.365991 0.432140 0.435619
v -0.463925 0.334033 0.285146
v -0.463353 0.287259 0.360551
v -0.440182 0.292961 0.367289
v -0.433469 0.275931 0.352465
v -0.446625 0.249900 0.287551
v -0.394944 0.369276 0.304199
v -0.489689 0.235883 0.249798
v -0.539120 0.205060 0.265679
v -0.519249 0.218212 0.326884
v -0.472593 0.189595 0.312283
v -0.557587 0.120562 0.239251
v -0.537797 0.127193 0.338067
v -0.521812 0.105043 0.325345
vn 0.1441 -0.2105 -0.9669
vn -0.7861 0.2496 -0.5654
vn -0.9142 0.3963 0.0845
vn -0.6039 0.3663 0.7079
vn 0.5146 -0.1435 0.8453
vn 0.9345 -0.3460 0.0836
vn 0.8504 -0.4175 -0.3201
vn 0.6907 -0.3226 -0.6472
vn -0.6829 0.0295 -0.7299
vn -0.9275 0.3641 0.0846
vn -0.5804 0.4664 0.6676
vn 0.2454 0.2435 0.9383
vn 0.8087 -0.0323 0.5873
vn 0.5176 -0.4475 -0.7292
vn -0.4042 -0.3484 -0.8457
vn -0.9236 0.0805 -0.3748
vn 0.9584 -0.2807 0.0520
vn 0.3648 -0.5376 -0.7602
vn -0.9695 0.0636 -0.2366
vn -0.8873 0.3943 0.2391
vn -0.4674 0.5895 0.6588
vn 0.6306 0.3347 0.7002
vn 0.7638 -0.4948 -0.4143
vn -0.5511 -0.5103 -0.6603
vn 0.4854 0.5252 0.6990
vn 0.9905 -0.0293 0.1344
vn 0.3116 -0.6616 -0.6821
vn -0.9071 -0.2548 -0.3351
vn -0.9974 0.0692 0.0183
vn -0.4603 0.6934 0.5544
vn 0.4588 -0.6998 -0.5475
vn -0.5422 -0.6900 -0.4796
vn -0.9707 0.1853 0.1533
vn 0.1452 0.8222 0.5503
vn 0.5516 0.6953 0.4608
vn 0.9985 0.0208 0.0507
vn 0.7931 -0.5160 -0.3236
vn -0.8461 -0.5013 -0.1811
vn -0.6779 0.6497 0.3441
vn 0.2393 -0.8602 -0.4503
vn -0.9875 0.0437 0.1516
vn -0.1834 0.9201 0.3461
vn 0.5408 0.8023 0.2527
vn 0.9949 0.0743 -0.0682
vn 0.9228 -0.3141 -0.2229
vn 0.6793 -0.6653 -0.3098
vn -0.1092 -0.9645 -0.2405
vn -0.8982 -0.4324 0.0792
vn 0.9356 0.3379 -0.1023
vn -0.9310 0.2408 0.2744
vn -0.6185 0.7424 0.2574
vn -0.0599 0.9854 0.1593
vn 0.2202 -0.9580 -0.1840
vn -0.3588 -0.9294 0.0865
vn -0.8825 -0.3883 0.2654
vn 0.7374 0.6577 -0.1535
vn 0.9607 0.0106 -0.2774
vn 0.5288 -0.8386 -0.1311
vn -0.5738 0.8140 0.0905
vn 0.8772 0.3392 -0.3398
vn -0.3822 -0.8641 0.3275
vn -0.9232 -0.1011 0.3707
vn -0.0137 0.9640 -0.2656
vn 0.1717 0.9294 -0.3267
vn 0.9235 -0.1106 -0.3673
vn 0.8081 -0.5517 -0.2063
vn 0.3919 -0.9161 0.0845
vn -0.7540 -0.3968 0.5235
vn -0.9021 0.2072 0.3786
vn -0.7670 0.6324 0.1087
vn 0.7452 0.4005 -0.5332
vn 0.7016 -0.7107 -0.0520
vn 0.1443 -0.8994 0.4126
vn -0.4044 0.8727 -0.2737
vn -0.0775 0.8916 -0.4462
vn 0.8787 -0.1164 -0.4630
vn 0.8587 -0.4672 -0.2107
vn -0.0517 -0.7361 0.6749
vn -0.7351 -0.2264 0.6390
vn 0.5148 0.4564 -0.7257
vn -0.8226 0.1243 0.5549
vn -0.8561 0.4952 0.1476
vn -0.5886 0.7367 -0.3329
vn 0.5598 0.3052 -0.7703
vn 0.6963 -0.7036 0.1420
vn -0.3162 -0.4262 0.8476
vn 0.1145 0.5281 -0.8415
vn 0.7418 -0.0691 -0.6671
vn 0.8720 -0.4210 -0.2497
vn 0.8126 -0.5690 0.1259
vn 0.5338 -0.7070 0.4639
vn -0.3498 -0.2198 0.9107
vn -0.8705 0.3578 0.3381
vn -0.7633 0.6059 -0.2242
vn -0.7442 0.2675 0.6120
vn -0.4620 0.4877 -0.7408
vn -0.1622 0.3849 -0.9086
vn 0.4564 0.0550 -0.8881
vn 0.7910 -0.2818 -0.5430
vn 0.6656 -0.5481 0.5065
vn -0.1489 -0.1560 0.9765
vn -0.8572 0.4659 -0.2193
vn 0.8911 -0.4519 -0.0423
vn 0.6215 -0.3685 0.6914
vn -0.2112 0.1097 0.9713
vn -0.8391 0.3869 0.3823
vn -0.7080 0.3104 -0.6343
vn 0.0752 0.0472 -0.9961
vn -0.6824 0.3961 0.6143
vn -0.0365 -0.0721 -0.9967
vn 0.3870 -0.2506 -0.8874
vn 0.7276 -0.3977 -0.5589
vn 0.9258 -0.3488 0.1454
vn 0.7336 -0.2700 0.6237
vn 0.4250 0.0894 0.9008
vn -0.3333 0.3605 0.8712
vn -0.9352 0.3106 -0.1702
vn 0.8930 -0.3958 -0.2142
vn -0.8742 0.1136 -0.4721
vn -0.6844 0.0880 -0.7238
vn 0.1303 -0.4145 -0.9007
vn 0.8586 -0.1050 0.5018
vn 0.0854 0.4314 0.8981
vn -0.6285 0.5322 0.5673
vn -0.8685 0.4103 0.2781
vn -0.9634 0.2675 -0.0136
vn -0.4187 -0.3346 -0.8442
vn 0.6933 -0.4974 -0.5215
vn 0.9115 -0.3683 -0.1831
vn 0.9604 -0.1454 0.2376
vn -0.1649 0.6275 0.7610
vn -0.9114 -0.0865 -0.4023
vn 0.3899 -0.6076 -0.6920
vn 0.7120 0.3651 0.5999
vn 0.9872 -0.1589 0.0163
vn 0.7853 0.4563 0.4184
vn -0.2284 0.7267 0.6479
vn -0.7705 0.5226 0.3649
vn -0.9728 0.2070 0.1034
vn -0.8551 -0.2921 -0.4284
vn -0.2481 -0.6291 -0.7367
vn 0.5709 -0.6574 -0.4919
vn -0.8591 -0.4617 -0.2208
vn -0.4275 -0.7257 -0.5390
vn 0.1594 -0.8403 -0.5182
vn 0.8942 -0.3797 -0.2373
vn 0.9973 -0.0604 -0.0411
vn 0.3584 0.8331 0.4213
vn -0.4293 0.7639 0.4819
vn -0.8325 0.4760 0.2836
vn 0.9424 0.3204 0.0964
vn -0.4363 0.8222 0.3656
vn -0.9863 0.0196 0.1635
vn -0.1262 -0.9089 -0.3973
vn 0.5276 -0.7826 -0.3304
vn 0.4666 0.8597 0.2079
vn -0.9350 -0.3397 0.1021
vn 0.3476 -0.8996 -0.2644
vn 0.9206 -0.2923 -0.2591
vn 0.9802 0.1513 -0.1280
vn 0.4668 0.8843 0.0113
vn -0.5230 0.8075 0.2726
vn -0.7731 0.5980 0.2114
vn -0.2452 -0.9663 -0.0787
vn -0.1754 0.9829 0.0565
vn -0.9581 0.0851 0.2736
vn 0.4423 -0.8910 -0.1026
vn 0.9462 0.0186 -0.3230
vn 0.8383 0.4997 -0.2179
vn 0.3492 0.9091 -0.2274
vn -0.8776 -0.3435 0.3343
vn -0.6687 -0.7265 0.1582
vn -0.2847 0.9510 -0.1203
vn -0.8004 0.5710 0.1823
vn -0.9258 0.1588 0.3432
vn -0.1343 -0.9498 0.2826
vn 0.5206 -0.8535 -0.0222
vn 0.9039 -0.3144 -0.2901
vn 0.8059 0.4058 -0.4312
vn 0.2466 0.8533 -0.4594
vn -0.7803 -0.3514 0.5174
vn -0.3641 0.8926 -0.2661
vn -0.7420 0.6704 -0.0003
vn -0.8575 0.4906 0.1546
vn -0.8963 0.1355 0.4223
vn -0.0077 -0.8679 0.4967
vn 0.6235 -0.7758 0.0973
vn 0.8364 0.1252 -0.5337
vn -0.6900 -0.2723 0.6706
vn 0.7256 0.2293 -0.6488
vn 0.0978 0.6430 -0.7596
vn -0.2158 0.8366 -0.5034
vn -0.8361 0.1461 0.5288
vn 0.1573 -0.7196 0.6763
vn 0.6829 -0.7179 0.1351
vn 0.8777 -0.2782 -0.3903
vn -0.4860 0.7181 -0.4981
vn -0.8079 0.5783 -0.1131
vn 0.4535 -0.7140 0.5334
vn 0.8319 -0.5509 0.0663
vn 0.5638 0.1877 -0.8043
vn -0.1076 0.4994 -0.8597
vn -0.8816 0.4485 0.1468
vn -0.8009 0.2010 0.5641
vn -0.3157 -0.3573 0.8790
vn -0.6522 0.5434 -0.5286
vn -0.4506 -0.0098 0.8927
vn 0.1015 -0.4126 0.9052
vn 0.5805 -0.5208 0.6259
vn 0.8294 -0.3481 -0.4369
vn 0.7004 -0.1141 -0.7046
vn 0.2273 0.0568 -0.9722
vn -0.8276 0.4652 -0.3140
vn -0.7353 0.2722 0.6207
vn 0.8906 -0.4525 0.0451
vn -0.1375 0.0879 -0.9866
vn -0.0458 -0.0093 0.9989
vn 0.6246 -0.2932 0.7238
vt 0.520833 0.546676
vt 0.490933 0.583333
vt 0.492419 0.442496
vt 0.524515 0.381483
vt 0.479538 0.333333
vt 0.551290 0.583333
vt 0.531854 0.701461
vt 0.578125 0.624375
vt 0.570202 0.061615
vt 0.533103 0.083333
vt 0.530164 0.000000
vt 0.571286 0.278193
vt 0.552877 0.416667
vt 0.572838 0.875246
vt 0.591897 1.000000
vt 0.562500 1.000000
vt 0.627218 0.666667
vt 0.583356 0.750000
vt 0.611056 0.861548
vt 0.591897 0.000000
vt 0.597234 0.140395
vt 0.620043 0.381770
vt 0.593180 0.416667
vt 0.634331 0.500000
vt 0.615643 0.583333
vt 0.594836 0.500000
vt 0.654914 0.750000
vt 0.645303 0.329380
vt 0.664673 0.833333
vt 0.635417 0.916667
vt 0.677083 0.916667
vt 0.657044 0.416667
vt 0.660693 0.547791
vt 0.697410 0.583333
vt 0.689868 0.666667
vt 0.696124 0.472645
vt 0.715018 0.946520
vt 0.677083 1.000000
vt 0.708333 0.000000
vt 0.697917 0.083333
vt 0.677083 0.000000
vt 0.487836 0.681135
vt 0.736956 0.021016
vt 0.741005 0.166667
vt 0.690162 0.339190
vt 0.682001 0.238659
vt 0.744766 0.380660
vt 0.718180 0.416667
vt 0.718908 0.833333
vt 0.759160 0.853650
vt 0.739583 1.000000
vt 0.759623 0.083333
vt 0.738498 0.500000
vt 0.775935 0.625325
vt 0.740226 0.712318
vt 0.740153 0.583333
vt 0.781250 0.000000
vt 0.782811 0.166667
vt 0.770850 0.276180
vt 0.821521 0.676446
vt 0.800230 0.083333
vt 0.800387 0.333333
vt 0.783103 0.416667
vt 0.818474 0.452209
vt 0.802083 0.583333
vt 0.779397 0.500000
vt 0.812519 0.833333
vt 0.822917 0.916667
vt 0.781250 0.916667
vt 0.830730 0.250000
vt 0.841897 0.583333
vt 0.822917 0.000000
vt 0.844025 0.040565
vt 0.835936 0.166667
vt 0.847614 0.364249
vt 0.864583 0.792563
vt 0.845603 0.500000
vt 0.882308 0.524868
vt 0.877368 0.666667
vt 0.904331 0.848683
vt 0.864583 0.916667
vt 0.886502 1.000000
vt 0.886502 0.000000
vt 0.889661 0.142318
vt 0.864583 0.083333
vt 0.939494 0.666667
vt 0.918142 0.750000
vt 0.937500 0.541686
vt 0.909820 0.562928
vt 0.956339 0.833333
vt 0.927083 0.916667
vt 0.947091 0.287150
vt 0.927877 0.416667
vt 0.895810 0.333333
vt 0.984375 0.750000
vt 0.968750 0.916667
vt 0.958333 0.045252
vt 0.927653 0.083333
vt 0.925998 0.000000
vt 0.937521 0.166667
vt 0.958333 0.453324
vt 0.991005 0.666667
vt 0.987730 1.000000
vt 0.958333 1.000000
vt 1.000000 0.583333
vt 0.972126 0.549865
vt 1.000000 0.916667
vt 0.992365 0.166667
vt 1.000000 0.250000
vt 0.991462 0.333333
vt 0.030456 0.083333
vt 0.012113 0.166667
vt 0.000000 0.083333
vt 0.030680 0.416667
vt 0.012270 0.500000
vt 0.000000 0.416667
vt 0.050434 0.519815
vt 0.008564 0.583333
vt 0.056018 0.371036
vt 0.010708 0.333333
vt 0.072123 0.583333
vt 0.065105 0.666667
vt 0.072347 0.916667
vt 0.053936 1.000000
vt 0.032043 0.916667
vt 0.053936 0.000000
vt 0.071857 0.083333
vt 0.062131 0.166667
vt 0.089188 0.446187
vt 0.115617 0.699250
vt 0.061025 0.750000
vt 0.104167 0.916667
vt 0.093750 1.000000
vt 0.124966 0.166667
vt 0.071251 0.250000
vt 0.144725 0.250000
vt 0.145833 0.625038
vt 0.112730 0.583333
vt 0.135417 0.000000
vt 0.174313 0.027936
vt 0.135417 0.083333
vt 0.187500 0.500000
vt 0.177430 0.621501
vt 0.156250 0.500000
vt 0.196567 0.916667
vt 0.178169 1.000000
vt 0.146898 0.916667
vt 0.197570 0.378499
vt 0.156757 0.416667
vt 0.146203 0.333333
vt 0.217664 0.000000
vt 0.199266 0.083333
vt 0.220603 0.500000
vt 0.239583 0.583333
vt 0.211236 0.607226
vt 0.237422 0.949689
vt 0.217664 1.000000
vt 0.240082 0.127403
vt 0.190104 0.166667
vt 0.218750 0.250000
vt 0.249965 0.333333
vt 0.239014 0.416667
vt 0.246077 0.677505
vt 0.281596 0.675937
vt 0.239875 0.833333
vt 0.250000 0.000000
vt 0.281408 0.833333
vt 0.262270 0.916667
vt 0.279397 1.000000
vt 0.302083 0.250000
vt 0.279900 0.416667
vt 0.260417 0.500000
vt 0.300230 0.500000
vt 0.281820 0.583333
vt 0.302083 0.916667
vt 0.322917 1.000000
vt 0.314161 0.358195
vt 0.341982 0.534596
vt 0.322123 0.583333
vt 0.322917 0.833333
vt 0.343750 0.916667
vt 0.332962 0.666667
vt 0.345077 0.750000
vt 0.364425 0.833333
vt 0.367649 0.311167
vt 0.365669 0.500000
vt 0.384067 0.583333
vt 0.393616 0.666667
vt 0.397828 0.166667
vt 0.354167 0.116710
vt 0.384067 0.416667
vt 0.344543 0.416667
vt 0.405164 0.500000
vt 0.395833 0.000000
vt 0.386476 0.083333
vt 0.364583 0.000000
vt 0.411995 0.383785
vt 0.425230 0.583333
vt 0.444656 0.446801
vt 0.453370 0.617479
vt 0.448075 0.833333
vt 0.428936 0.916667
vt 0.406250 0.833333
vt 0.449338 0.166667
vt 0.438325 0.286748
vt 0.418142 0.750000
vt 0.466055 0.938228
vt 0.425230 1.000000
vt 0.469320 0.083333
vt 0.428433 0.083333
vt 0.491076 0.011944
vt 0.458333 0.000000
vt 0.499972 0.250000
vt 0.469836 0.500000
vt 0.494047 0.869039
vt 0.489583 1.000000
vt 0.502218 0.166667
vt 0.530761 0.881506
vt 0.530164 1.000000
vt 0.553936 0.166667
vt 0.552083 0.500000
vt 0.635417 1.000000
vt 0.635417 0.000000
vt 0.635417 0.122683
vt 0.676131 0.149956
vt 0.781250 1.000000
vt 0.822917 1.000000
vt 0.854167 1.000000
vt 0.885417 0.250000
vt 0.885417 0.416667
vt 0.925998 1.000000
vt 0.990933 0.083333
vt 0.987730 0.000000
vt 0.990377 0.416667
vt 1.000000 0.833333
vt 1.000000 0.500000
vt 0.020833 0.000000
vt 0.010417 0.833333
vt 0.010553 0.958880
vt 0.007832 0.666667
vt 0.062479 0.833333
vt 0.009647 0.250000
vt 0.118771 0.477284
vt 0.096377 0.021016
vt 0.093908 0.333333
vt 0.125202 0.833333
vt 0.135417 1.000000
vt 0.169269 0.750000
vt 0.190104 0.833333
vt 0.279397 0.000000
vt 0.281879 0.127844
vt 0.322917 0.000000
vt 0.323367 0.122489
vt 0.364583 1.000000
vt 0.389509 0.938456
vt 0.425230 0.000000
vt 0.000000 0.000000
vt 0.010417 0.750000
s 1
g Torus.005_Mat_Navio_Ferrugem_30.006
usemtl Mat_Navio_Ferrugem_30.006
f 1267/1660/1267 1260/1661/1260 1259/1662/1259
f 1272/1663/1272 1259/1662/1259 1266/1664/1266
f 1274/1665/1274 1268/1666/1268 1267/1660/1267
f 1274/1665/1274 1277/1667/1277 1268/1666/1268
f 1280/1668/1280 1271/1669/1271 1270/1670/1270
f 1281/1671/1281 1276/1672/1276 1272/1663/1272
f 1279/1673/1279 1283/1674/1283 1280/1675/1280
f 1287/1676/1287 1278/1677/1278 1277/1667/1277
f 1278/1677/1278 1288/1678/1288 1279/1673/1279
f 1288/1678/1288 1283/1674/1283 1279/1673/1279
f 1283/1679/1283 1284/1680/1284 1280/1668/1280
f 1289/1681/1289 1285/1682/1285 1281/1671/1281
f 1290/1683/1290 1286/1684/1286 1282/1685/1282
f 1287/1676/1287 1291/1686/1291 1278/1677/1278
f 1291/1686/1291 1288/1678/1288 1278/1677/1278
f 1295/1687/1295 1289/1681/1289 1281/1671/1281
f 1297/1688/1297 1292/1689/1292 1288/1678/1288
f 1297/1688/1297 1300/1690/1300 1292/1689/1292
f 1298/1691/1298 1296/1692/1296 1290/1683/1290
f 1306/1693/1306 1299/1694/1299 1296/1692/1296
f 1305/1695/1305 1296/1692/1296 1298/1691/1298
f 1300/1690/1300 1310/1696/1310 1301/1697/1301
f 1310/1698/1310 1307/1699/1307 1301/1700/1301
f 1261/1701/1261 1267/1660/1267 1268/1666/1268
f 1310/1698/1310 1314/1702/1314 1307/1699/1307
f 1315/1703/1315 1304/1704/1304 1303/1705/1303
f 1316/1706/1316 1311/1707/1311 1304/1704/1304
f 1309/1708/1309 1317/1709/1317 1310/1696/1310
f 1317/1709/1317 1314/1710/1314 1310/1696/1310
f 1318/1711/1318 1315/1703/1315 1314/1702/1314
f 1316/1706/1316 1312/1712/1312 1311/1707/1311
f 1320/1713/1320 1308/1714/1308 1313/1715/1313
f 1322/1716/1322 1318/1711/1318 1314/1702/1314
f 1323/1717/1323 1324/1718/1324 1315/1703/1315
f 1320/1713/1320 1327/1719/1327 1308/1714/1308
f 1322/1716/1322 1329/1720/1329 1318/1711/1318
f 1329/1720/1329 1323/1717/1323 1318/1711/1318
f 1330/1721/1330 1325/1722/1325 1324/1718/1324
f 1331/1723/1331 1326/1724/1326 1319/1725/1319
f 1326/1724/1326 1327/1719/1327 1320/1713/1320
f 1328/1726/1328 1332/1727/1332 1321/1728/1321
f 1335/1729/1335 1330/1721/1330 1324/1718/1324
f 1325/1722/1325 1331/1723/1331 1319/1725/1319
f 1337/1730/1337 1327/1719/1327 1326/1724/1326
f 1333/1731/1333 1338/1732/1338 1329/1720/1329
f 1338/1732/1338 1334/1733/1334 1329/1720/1329
f 1335/1729/1335 1343/1734/1343 1330/1721/1330
f 1343/1734/1343 1331/1723/1331 1330/1721/1330
f 1340/1735/1340 1328/1726/1328 1327/1719/1327
f 1343/1734/1343 1336/1736/1336 1331/1723/1331
f 1336/1736/1336 1344/1737/1344 1337/1730/1337
f 1344/1737/1344 1339/1738/1339 1337/1730/1337
f 1340/1735/1340 1352/1739/1352 1341/1740/1341
f 1352/1739/1352 1345/1741/1345 1341/1740/1341
f 1345/1742/1345 1346/1743/1346 1342/1744/1342
f 1353/1745/1353 1351/1746/1351 1339/1738/1339
f 1359/1747/1359 1353/1745/1353 1350/1748/1350
f 1360/1749/1360 1354/1750/1354 1352/1739/1352
f 1361/1751/1361 1358/1752/1358 1348/1753/1348
f 1358/1752/1358 1359/1747/1359 1350/1748/1350
f 1353/1745/1353 1364/1754/1364 1351/1746/1351
f 1360/1749/1360 1365/1755/1365 1354/1750/1354
f 1366/1756/1366 1356/1757/1356 1355/1758/1355
f 1366/1756/1366 1357/1759/1357 1356/1757/1356
f 1362/1760/1362 1359/1747/1359 1358/1752/1358
f 1367/1761/1367 1364/1754/1364 1353/1745/1353
f 1365/1755/1365 1368/1762/1368 1366/1763/1366
f 1374/1764/1374 1367/1761/1367 1363/1765/1363
f 1378/1766/1378 1368/1762/1368 1365/1755/1365
f 1370/1767/1370 1376/1768/1376 1361/1751/1361
f 1376/1768/1376 1371/1769/1371 1361/1751/1361
f 1379/1770/1379 1370/1771/1370 1369/1772/1369
f 1380/1773/1380 1373/1774/1373 1372/1775/1372
f 1373/1774/1373 1381/1776/1381 1374/1777/1374
f 1388/1778/1388 1380/1773/1380 1371/1779/1371
f 1389/1780/1389 1382/1781/1382 1381/1776/1381
f 1390/1782/1390 1385/1783/1385 1377/1784/1377
f 1385/1785/1385 1391/1786/1391 1379/1770/1379
f 1391/1786/1391 1386/1787/1386 1379/1770/1379
f 1388/1778/1388 1381/1776/1381 1380/1773/1380
f 1392/1788/1392 1389/1780/1389 1381/1776/1381
f 1392/1788/1392 1381/1776/1381 1388/1778/1388
f 1382/1781/1382 1396/1789/1396 1383/1790/1383
f 1398/1791/1398 1399/1792/1399 1390/1782/1390
f 1400/1793/1400 1387/1794/1387 1386/1787/1386
f 1400/1793/1400 1404/1795/1404 1387/1794/1387
f 1407/1796/1407 1396/1789/1396 1395/1797/1395
f 1402/1798/1402 1412/1799/1412 1403/1800/1403
f 1414/1801/1414 1410/1802/1410 1406/1803/1406
f 1415/1804/1415 1412/1805/1412 1401/1806/1401
f 1418/1807/1418 1409/1808/1409 1405/1809/1405
f 1422/1810/1422 1416/1811/1416 1412/1799/1412
f 1419/1812/1419 1423/1813/1423 1420/1814/1420
f 1430/1815/1430 1422/1816/1422 1415/1804/1415
f 1425/1817/1425 1413/1818/1413 1416/1811/1416
f 1417/1819/1417 1426/1820/1426 1418/1807/1418
f 1427/1821/1427 1419/1812/1419 1418/1807/1418
f 1423/1813/1423 1421/1822/1421 1420/1814/1420
f 1432/1823/1432 1424/1824/1424 1421/1822/1421
f 1430/1825/1430 1425/1817/1425 1422/1810/1422
f 1433/1826/1433 1429/1827/1429 1424/1824/1424
f 1429/1827/1429 1434/1828/1434 1430/1815/1430
f 1436/1829/1436 1426/1820/1426 1417/1819/1417
f 1437/1830/1437 1428/1831/1428 1427/1821/1427
f 1438/1832/1438 1431/1833/1431 1428/1831/1428
f 1437/1830/1437 1438/1832/1438 1428/1831/1428
f 1439/1834/1439 1444/1835/1444 1434/1828/1434
f 1446/1836/1446 1438/1832/1438 1437/1830/1437
f 1450/1837/1450 1440/1838/1440 1438/1832/1438
f 1443/1839/1443 1447/1840/1447 1439/1834/1439
f 1447/1840/1447 1444/1835/1444 1439/1834/1439
f 1450/1837/1450 1441/1841/1441 1440/1838/1440
f 1442/1842/1442 1451/1843/1451 1443/1839/1443
f 1451/1843/1451 1447/1840/1447 1443/1839/1443
f 1436/1829/1436 1454/1844/1454 1446/1836/1446
f 1449/1845/1449 1455/1846/1455 1450/1837/1450
f 1456/1847/1456 1442/1842/1442 1441/1841/1441
f 1458/1848/1458 1454/1844/1454 1453/1849/1453
f 1459/1850/1459 1449/1845/1449 1448/1851/1448
f 1460/1852/1460 1455/1846/1455 1449/1845/1449
f 1463/1853/1463 1457/1854/1457 1452/1855/1452
f 1469/1856/1469 1459/1850/1459 1454/1844/1454
f 1460/1852/1460 1464/1857/1464 1455/1846/1455
f 1464/1857/1464 1456/1847/1456 1455/1846/1455
f 1469/1856/1469 1460/1852/1460 1459/1850/1459
f 1470/1858/1470 1464/1857/1464 1460/1852/1460
f 1464/1857/1464 1471/1859/1471 1456/1847/1456
f 1472/1860/1472 1465/1861/1465 1462/1862/1462
f 1473/1863/1473 1468/1864/1468 1458/1848/1458
f 1469/1856/1469 1470/1858/1470 1460/1852/1460
f 1261/1701/1261 1472/1860/1472 1461/1865/1461
f 1465/1861/1465 1475/1866/1475 1466/1867/1466
f 1476/1868/1476 1473/1863/1473 1467/1869/1467
f 1263/1870/1263 1476/1868/1476 1475/1871/1475
f 1265/1872/1265 1266/1664/1266 1468/1864/1468
f 1259/1662/1259 1474/1873/1474 1470/1858/1470
f 1259/1662/1259 1260/1661/1260 1474/1873/1474
f 1262/1874/1262 1263/1875/1263 1475/1866/1475
f 1263/1870/1263 1264/1876/1264 1476/1868/1476
f 1262/1874/1262 1268/1666/1268 1269/1877/1269
f 1262/1874/1262 1270/1878/1270 1263/1875/1263
f 1265/1872/1265 1275/1879/1275 1281/1671/1281
f 1270/1670/1270 1271/1669/1271 1263/1870/1263
f 1263/1870/1263 1271/1669/1271 1264/1876/1264
f 1265/1872/1265 1272/1663/1272 1266/1664/1266
f 1272/1663/1272 1267/1660/1267 1259/1662/1259
f 1273/1880/1273 1274/1665/1274 1267/1660/1267
f 1271/1669/1271 1275/1879/1275 1264/1876/1264
f 1273/1880/1273 1272/1663/1272 1276/1672/1276
f 1265/1872/1265 1281/1671/1281 1272/1663/1272
f 1279/1673/1279 1268/1666/1268 1278/1677/1278
f 1277/1667/1277 1278/1677/1278 1268/1666/1268
f 1280/1675/1280 1269/1877/1269 1279/1673/1279
f 1277/1667/1277 1273/1880/1273 1282/1685/1282
f 1271/1669/1271 1280/1668/1280 1275/1879/1275
f 1273/1880/1273 1285/1682/1285 1282/1685/1282
f 1280/1668/1280 1284/1680/1284 1275/1879/1275
f 1275/1879/1275 1284/1680/1284 1281/1671/1281
f 1281/1671/1281 1285/1682/1285 1276/1672/1276
f 1293/1881/1293 1288/1678/1288 1292/1689/1292
f 1282/1685/1282 1286/1684/1286 1277/1667/1277
f 1286/1684/1286 1287/1676/1287 1277/1667/1277
f 1284/1680/1284 1293/1882/1293 1294/1883/1294
f 1295/1687/1295 1284/1680/1284 1294/1883/1294
f 1282/1685/1282 1289/1681/1289 1290/1683/1290
f 1292/1689/1292 1301/1697/1301 1293/1881/1293
f 1290/1683/1290 1296/1692/1296 1286/1684/1286
f 1286/1684/1286 1296/1692/1296 1287/1676/1287
f 1291/1686/1291 1297/1688/1297 1288/1678/1288
f 1295/1687/1295 1298/1691/1298 1289/1681/1289
f 1289/1681/1289 1298/1691/1298 1290/1683/1290
f 1296/1692/1296 1299/1694/1299 1287/1676/1287
f 1287/1676/1287 1299/1694/1299 1291/1686/1291
f 1302/1884/1302 1293/1882/1293 1301/1700/1301
f 1295/1687/1295 1302/1884/1302 1303/1705/1303
f 1291/1686/1291 1309/1708/1309 1297/1688/1297
f 1303/1705/1303 1304/1704/1304 1295/1687/1295
f 1295/1687/1295 1304/1704/1304 1298/1691/1298
f 1296/1692/1296 1305/1695/1305 1306/1693/1306
f 1301/1700/1301 1307/1699/1307 1302/1884/1302
f 1304/1704/1304 1305/1695/1305 1298/1691/1298
f 1299/1694/1299 1308/1714/1308 1291/1686/1291
f 1300/1690/1300 1309/1708/1309 1310/1696/1310
f 1306/1693/1306 1312/1712/1312 1313/1715/1313
f 1307/1699/1307 1303/1705/1303 1302/1884/1302
f 1304/1704/1304 1311/1707/1311 1305/1695/1305
f 1306/1693/1306 1308/1714/1308 1299/1694/1299
f 1307/1699/1307 1315/1703/1315 1303/1705/1303
f 1312/1712/1312 1320/1713/1320 1313/1715/1313
f 1311/1707/1311 1312/1712/1312 1305/1695/1305
f 1308/1714/1308 1317/1709/1317 1309/1708/1309
f 1315/1703/1315 1324/1718/1324 1304/1704/1304
f 1304/1704/1304 1324/1718/1324 1316/1706/1316
f 1322/1885/1322 1317/1709/1317 1321/1728/1321
f 1319/1725/1319 1316/1706/1316 1325/1722/1325
f 1318/1711/1318 1323/1717/1323 1315/1703/1315
f 1324/1718/1324 1325/1722/1325 1316/1706/1316
f 1317/1709/1317 1327/1719/1327 1328/1726/1328
f 1319/1725/1319 1326/1724/1326 1320/1713/1320
f 1321/1728/1321 1333/1886/1333 1322/1885/1322
f 1317/1709/1317 1328/1726/1328 1321/1728/1321
f 1335/1729/1335 1323/1717/1323 1334/1733/1334
f 1322/1716/1322 1333/1731/1333 1329/1720/1329
f 1329/1720/1329 1334/1733/1334 1323/1717/1323
f 1337/1730/1337 1331/1723/1331 1336/1736/1336
f 1330/1721/1330 1331/1723/1331 1325/1722/1325
f 1332/1727/1332 1340/1735/1340 1341/1740/1341
f 1337/1730/1337 1339/1738/1339 1327/1719/1327
f 1327/1719/1327 1339/1738/1339 1340/1735/1340
f 1338/1887/1338 1332/1727/1332 1341/1740/1341
f 1347/1888/1347 1334/1733/1334 1346/1743/1346
f 1338/1732/1338 1342/1744/1342 1334/1733/1334
f 1341/1740/1341 1345/1741/1345 1338/1887/1338
f 1338/1732/1338 1345/1742/1345 1342/1744/1342
f 1342/1744/1342 1346/1743/1346 1334/1733/1334
f 1343/1734/1343 1347/1888/1347 1348/1753/1348
f 1343/1734/1343 1344/1737/1344 1336/1736/1336
f 1343/1734/1343 1348/1753/1348 1349/1889/1349
f 1352/1739/1352 1355/1890/1355 1345/1741/1345
f 1344/1737/1344 1350/1748/1350 1339/1738/1339
f 1339/1738/1339 1351/1746/1351 1340/1735/1340
f 1340/1735/1340 1351/1746/1351 1352/1739/1352
f 1350/1748/1350 1353/1745/1353 1339/1738/1339
f 1346/1743/1346 1355/1758/1355 1356/1757/1356
f 1347/1888/1347 1357/1759/1357 1361/1751/1361
f 1356/1757/1356 1357/1759/1357 1346/1743/1346
f 1350/1748/1350 1349/1889/1349 1358/1752/1358
f 1347/1888/1347 1361/1751/1361 1348/1753/1348
f 1348/1753/1348 1358/1752/1358 1349/1889/1349
f 1366/1763/1366 1354/1750/1354 1365/1755/1365
f 1351/1746/1351 1360/1749/1360 1352/1739/1352
f 1359/1747/1359 1362/1760/1362 1363/1765/1363
f 1359/1747/1359 1363/1765/1363 1353/1745/1353
f 1351/1746/1351 1364/1754/1364 1360/1749/1360
f 1370/1767/1370 1366/1756/1366 1369/1891/1369
f 1361/1751/1361 1362/1760/1362 1358/1752/1358
f 1363/1765/1363 1367/1761/1367 1353/1745/1353
f 1368/1892/1368 1369/1891/1369 1366/1756/1366
f 1361/1751/1361 1372/1893/1372 1362/1760/1362
f 1357/1759/1357 1370/1767/1370 1361/1751/1361
f 1365/1755/1365 1375/1894/1375 1378/1766/1378
f 1362/1760/1362 1372/1893/1372 1363/1765/1363
f 1363/1765/1363 1373/1895/1373 1374/1764/1374
f 1364/1754/1364 1375/1894/1375 1360/1749/1360
f 1369/1772/1369 1378/1896/1378 1379/1770/1379
f 1372/1893/1372 1373/1895/1373 1363/1765/1363
f 1375/1897/1375 1377/1784/1377 1378/1898/1378
f 1367/1899/1367 1381/1776/1381 1382/1781/1382
f 1371/1779/1371 1380/1773/1380 1372/1775/1372
f 1383/1790/1383 1367/1899/1367 1382/1781/1382
f 1375/1897/1375 1383/1790/1383 1384/1900/1384
f 1376/1901/1376 1386/1787/1386 1387/1794/1387
f 1375/1897/1375 1384/1900/1384 1377/1784/1377
f 1377/1784/1377 1385/1783/1385 1378/1898/1378
f 1378/1896/1378 1385/1785/1385 1379/1770/1379
f 1379/1770/1379 1386/1787/1386 1370/1771/1370
f 1376/1901/1376 1388/1778/1388 1371/1779/1371
f 1395/1797/1395 1392/1788/1392 1394/1902/1394
f 1380/1773/1380 1381/1776/1381 1373/1774/1373
f 1384/1900/1384 1390/1782/1390 1377/1784/1377
f 1390/1782/1390 1399/1792/1399 1385/1783/1385
f 1385/1785/1385 1399/1903/1399 1391/1786/1391
f 1387/1794/1387 1393/1904/1393 1388/1778/1388
f 1393/1904/1393 1392/1788/1392 1388/1778/1388
f 1389/1780/1389 1396/1789/1396 1382/1781/1382
f 1384/1900/1384 1396/1789/1396 1397/1905/1397
f 1384/1900/1384 1398/1791/1398 1390/1782/1390
f 1386/1787/1386 1399/1903/1399 1400/1793/1400
f 1402/1906/1402 1398/1791/1398 1401/1806/1401
f 1397/1905/1397 1401/1806/1401 1398/1791/1398
f 1393/1904/1393 1404/1795/1404 1405/1809/1405
f 1402/1798/1402 1403/1800/1403 1399/1903/1399
f 1399/1903/1399 1403/1800/1403 1400/1793/1400
f 1394/1902/1394 1393/1904/1393 1405/1809/1405
f 1407/1796/1407 1394/1902/1394 1406/1803/1406
f 1403/1800/1403 1413/1818/1413 1400/1793/1400
f 1407/1796/1407 1408/1907/1408 1396/1789/1396
f 1396/1789/1396 1408/1907/1408 1397/1905/1397
f 1405/1809/1405 1409/1808/1409 1394/1902/1394
f 1409/1808/1409 1406/1803/1406 1394/1902/1394
f 1406/1803/1406 1410/1802/1410 1407/1796/1407
f 1407/1796/1407 1410/1802/1410 1408/1907/1408
f 1408/1907/1408 1411/1908/1411 1397/1905/1397
f 1397/1905/1397 1411/1908/1411 1401/1806/1401
f 1401/1806/1401 1412/1805/1412 1402/1906/1402
f 1404/1795/1404 1418/1807/1418 1405/1809/1405
f 1400/1793/1400 1413/1818/1413 1404/1795/1404
f 1411/1908/1411 1415/1804/1415 1401/1806/1401
f 1412/1799/1412 1416/1811/1416 1413/1818/1413
f 1413/1818/1413 1417/1819/1417 1404/1795/1404
f 1414/1801/1414 1409/1808/1409 1418/1807/1418
f 1420/1814/1420 1414/1801/1414 1419/1812/1419
f 1408/1907/1408 1420/1814/1420 1421/1822/1421
f 1415/1804/1415 1424/1824/1424 1430/1815/1430
f 1408/1907/1408 1421/1822/1421 1411/1908/1411
f 1415/1804/1415 1422/1816/1422 1412/1805/1412
f 1418/1807/1418 1419/1812/1419 1414/1801/1414
f 1421/1822/1421 1424/1824/1424 1411/1908/1411
f 1421/1822/1421 1431/1833/1431 1432/1823/1432
f 1422/1810/1422 1425/1817/1425 1416/1811/1416
f 1413/1818/1413 1425/1817/1425 1417/1819/1417
f 1426/1820/1426 1427/1821/1427 1418/1807/1418
f 1419/1812/1419 1428/1831/1428 1423/1813/1423
f 1424/1824/1424 1429/1827/1429 1430/1815/1430
f 1427/1821/1427 1428/1831/1428 1419/1812/1419
f 1428/1831/1428 1431/1833/1431 1423/1813/1423
f 1425/1817/1425 1434/1909/1434 1435/1910/1435
f 1432/1823/1432 1433/1826/1433 1424/1824/1424
f 1417/1819/1417 1435/1910/1435 1436/1829/1436
f 1432/1823/1432 1440/1838/1440 1441/1841/1441
f 1426/1820/1426 1437/1830/1437 1427/1821/1427
f 1433/1826/1433 1439/1834/1439 1429/1827/1429
f 1429/1827/1429 1439/1834/1439 1434/1828/1434
f 1436/1829/1436 1446/1836/1446 1426/1820/1426
f 1426/1820/1426 1446/1836/1446 1437/1830/1437
f 1438/1832/1438 1440/1838/1440 1431/1833/1431
f 1432/1823/1432 1443/1839/1443 1433/1826/1433
f 1441/1841/1441 1442/1842/1442 1432/1823/1432
f 1435/1910/1435 1444/1911/1444 1445/1912/1445
f 1433/1826/1433 1443/1839/1443 1439/1834/1439
f 1450/1837/1450 1446/1836/1446 1448/1851/1448
f 1435/1910/1435 1445/1912/1445 1436/1829/1436
f 1453/1849/1453 1444/1911/1444 1452/1855/1452
f 1447/1840/1447 1452/1913/1452 1444/1835/1444
f 1454/1844/1454 1445/1912/1445 1453/1849/1453
f 1441/1841/1441 1455/1846/1455 1456/1847/1456
f 1446/1836/1446 1454/1844/1454 1448/1851/1448
f 1448/1851/1448 1449/1845/1449 1450/1837/1450
f 1451/1843/1451 1461/1865/1461 1462/1862/1462
f 1451/1843/1451 1463/1914/1463 1447/1840/1447
f 1447/1840/1447 1463/1914/1463 1452/1913/1452
f 1452/1855/1452 1457/1854/1457 1453/1849/1453
f 1457/1854/1457 1458/1848/1458 1453/1849/1453
f 1454/1844/1454 1459/1850/1459 1448/1851/1448
f 1456/1847/1456 1461/1865/1461 1442/1842/1442
f 1457/1854/1457 1466/1915/1466 1467/1869/1467
f 1451/1843/1451 1462/1862/1462 1463/1914/1463
f 1459/1850/1459 1460/1852/1460 1449/1845/1449
f 1462/1862/1462 1465/1861/1465 1463/1914/1463
f 1463/1914/1463 1465/1861/1465 1466/1867/1466
f 1471/1859/1471 1470/1858/1470 1474/1873/1474
f 1457/1854/1457 1467/1869/1467 1458/1848/1458
f 1458/1848/1458 1468/1864/1468 1454/1844/1454
f 1454/1844/1454 1468/1864/1468 1469/1856/1469
f 1456/1847/1456 1471/1859/1471 1461/1865/1461
f 1461/1865/1461 1472/1860/1472 1462/1862/1462
f 1467/1869/1467 1473/1863/1473 1458/1848/1458
f 1468/1864/1468 1470/1858/1470 1469/1856/1469
f 1467/1869/1467 1475/1871/1475 1476/1868/1476
f 1471/1859/1471 1261/1701/1261 1461/1865/1461
f 1472/1860/1472 1475/1866/1475 1465/1861/1465
f 1473/1863/1473 1265/1872/1265 1468/1864/1468
f 1468/1864/1468 1266/1664/1266 1470/1858/1470
f 1474/1873/1474 1260/1661/1260 1471/1859/1471
f 1471/1859/1471 1260/1661/1260 1261/1701/1261
f 1261/1701/1261 1262/1874/1262 1472/1860/1472
f 1472/1860/1472 1262/1874/1262 1475/1866/1475
f 1476/1868/1476 1264/1876/1264 1473/1863/1473
f 1266/1664/1266 1259/1662/1259 1470/1858/1470
f 1261/1701/1261 1260/1661/1260 1267/1660/1267
f 1262/1874/1262 1261/1701/1261 1268/1666/1268
f 1262/1874/1262 1269/1877/1269 1270/1878/1270
f 1265/1872/1265 1264/1876/1264 1275/1879/1275
f 1273/1880/1273 1267/1660/1267 1272/1663/1272
f 1279/1673/1279 1269/1877/1269 1268/1666/1268
f 1280/1675/1280 1270/1878/1270 1269/1877/1269
f 1277/1667/1277 1274/1665/1274 1273/1880/1273
f 1273/1880/1273 1276/1672/1276 1285/1682/1285
f 1293/1881/1293 1283/1674/1283 1288/1678/1288
f 1284/1680/1284 1283/1679/1283 1293/1882/1293
f 1295/1687/1295 1281/1671/1281 1284/1680/1284
f 1282/1685/1282 1285/1682/1285 1289/1681/1289
f 1292/1689/1292 1300/1690/1300 1301/1697/1301
f 1302/1884/1302 1294/1883/1294 1293/1882/1293
f 1295/1687/1295 1294/1883/1294 1302/1884/1302
f 1291/1686/1291 1308/1714/1308 1309/1708/1309
f 1300/1690/1300 1297/1688/1297 1309/1708/1309
f 1306/1693/1306 1305/1695/1305 1312/1712/1312
f 1306/1693/1306 1313/1715/1313 1308/1714/1308
f 1307/1699/1307 1314/1702/1314 1315/1703/1315
f 1312/1712/1312 1319/1725/1319 1320/1713/1320
f 1322/1885/1322 1314/1710/1314 1317/1709/1317
f 1319/1725/1319 1312/1712/1312 1316/1706/1316
f 1317/1709/1317 1308/1714/1308 1327/1719/1327
f 1321/1728/1321 1332/1727/1332 1333/1886/1333
f 1335/1729/1335 1324/1718/1324 1323/1717/1323
f 1337/1730/1337 1326/1724/1326 1331/1723/1331
f 1332/1727/1332 1328/1726/1328 1340/1735/1340
f 1338/1887/1338 1333/1886/1333 1332/1727/1332
f 1347/1888/1347 1335/1729/1335 1334/1733/1334
f 1343/1734/1343 1335/1729/1335 1347/1888/1347
f 1343/1734/1343 1349/1889/1349 1344/1737/1344
f 1352/1739/1352 1354/1750/1354 1355/1890/1355
f 1346/1743/1346 1345/1742/1345 1355/1758/1355
f 1347/1888/1347 1346/1743/1346 1357/1759/1357
f 1350/1748/1350 1344/1737/1344 1349/1889/1349
f 1366/1763/1366 1355/1890/1355 1354/1750/1354
f 1370/1767/1370 1357/1759/1357 1366/1756/1366
f 1361/1751/1361 1371/1769/1371 1372/1893/1372
f 1365/1755/1365 1360/1749/1360 1375/1894/1375
f 1369/1772/1369 1368/1916/1368 1378/1896/1378
f 1367/1899/1367 1374/1777/1374 1381/1776/1381
f 1383/1790/1383 1364/1917/1364 1367/1899/1367
f 1375/1897/1375 1364/1917/1364 1383/1790/1383
f 1376/1901/1376 1370/1771/1370 1386/1787/1386
f 1376/1901/1376 1387/1794/1387 1388/1778/1388
f 1395/1797/1395 1389/1780/1389 1392/1788/1392
f 1389/1780/1389 1395/1797/1395 1396/1789/1396
f 1384/1900/1384 1383/1790/1383 1396/1789/1396
f 1384/1900/1384 1397/1905/1397 1398/1791/1398
f 1386/1787/1386 1391/1786/1391 1399/1903/1399
f 1402/1906/1402 1399/1792/1399 1398/1791/1398
f 1393/1904/1393 1387/1794/1387 1404/1795/1404
f 1394/1902/1394 1392/1788/1392 1393/1904/1393
f 1407/1796/1407 1395/1797/1395 1394/1902/1394
f 1403/1800/1403 1412/1799/1412 1413/1818/1413
f 1404/1795/1404 1417/1819/1417 1418/1807/1418
f 1414/1801/1414 1406/1803/1406 1409/1808/1409
f 1420/1814/1420 1410/1802/1410 1414/1801/1414
f 1408/1907/1408 1410/1802/1410 1420/1814/1420
f 1415/1804/1415 1411/1908/1411 1424/1824/1424
f 1421/1822/1421 1423/1813/1423 1431/1833/1431
f 1425/1817/1425 1430/1825/1430 1434/1909/1434
f 1417/1819/1417 1425/1817/1425 1435/1910/1435
f 1432/1823/1432 1431/1833/1431 1440/1838/1440
f 1432/1823/1432 1442/1842/1442 1443/1839/1443
f 1435/1910/1435 1434/1909/1434 1444/1911/1444
f 1450/1837/1450 1438/1832/1438 1446/1836/1446
f 1453/1849/1453 1445/1912/1445 1444/1911/1444
f 1454/1844/1454 1436/1829/1436 1445/1912/1445
f 1441/1841/1441 1450/1837/1450 1455/1846/1455
f 1451/1843/1451 1442/1842/1442 1461/1865/1461
f 1457/1854/1457 1463/1853/1463 1466/1915/1466
f 1471/1859/1471 1464/1857/1464 1470/1858/1470
f 1467/1869/1467 1466/1915/1466 1475/1871/1475
f 1473/1863/1473 1264/1876/1264 1265/1872/1265
o Cylinder.002
v -2.015064 0.657923 0.610459
v -1.467157 0.747308 2.322711
v -2.025603 0.662085 0.613614
v -1.477696 0.751470 2.325866
v -2.035198 0.668310 0.616359
v -1.487290 0.757696 2.328611
v -2.043479 0.676359 0.618589
v -1.495572 0.765745 2.330841
v -2.050130 0.685923 0.620218
v -1.502222 0.775309 2.332470
v -2.054893 0.696634 0.621183
v -1.506986 0.786020 2.333435
v -2.057587 0.708080 0.621447
v -1.509679 0.797466 2.333699
v -2.058107 0.719822 0.621001
v -1.510199 0.809208 2.333253
v -2.056433 0.731409 0.619860
v -1.508526 0.820794 2.332113
v -2.052631 0.742394 0.618070
v -1.504724 0.831780 2.330323
v -2.046846 0.752357 0.615699
v -1.498938 0.841743 2.327951
v -2.039299 0.760913 0.612837
v -1.491392 0.850299 2.325090
v -2.030283 0.767735 0.609596
v -1.482376 0.857121 2.321848
v -2.020142 0.772560 0.606099
v -1.472235 0.861946 2.318352
v -2.009267 0.775203 0.602481
v -1.461360 0.864589 2.314734
v -1.998075 0.775562 0.598881
v -1.450168 0.864948 2.311133
v -1.986997 0.773623 0.595437
v -1.439089 0.863009 2.307690
v -1.976458 0.769461 0.592282
v -1.428550 0.858847 2.304535
v -1.966863 0.763236 0.589537
v -1.418956 0.852622 2.301789
v -1.958581 0.755187 0.587307
v -1.410674 0.844573 2.299560
v -1.951931 0.745623 0.585678
v -1.404024 0.835009 2.297931
v -1.947168 0.734912 0.584713
v -1.399261 0.824298 2.296966
v -1.944474 0.723466 0.584449
v -1.396567 0.812851 2.296701
v -1.943954 0.711723 0.584896
v -1.396047 0.801109 2.297148
v -1.945627 0.700137 0.586036
v -1.397720 0.789523 2.298288
v -1.949430 0.689151 0.587826
v -1.401523 0.778537 2.300078
v -1.955215 0.679189 0.590197
v -1.407308 0.768575 2.302450
v -1.962761 0.670632 0.593059
v -1.414854 0.760018 2.305311
v -1.971778 0.663810 0.596300
v -1.423871 0.753196 2.308553
v -1.981919 0.658985 0.599797
v -1.434011 0.748371 2.312049
v -1.992794 0.656343 0.603415
v -1.444887 0.745728 2.315667
v -2.003986 0.655984 0.607015
v -1.456079 0.745370 2.319267
vn -0.3790 -0.7359 -0.5612
vn 0.0385 -0.6678 0.7434
vn -0.5068 -0.6854 -0.5229
vn -0.0894 -0.6173 0.7817
vn -0.6232 -0.6098 -0.4896
vn -0.2058 -0.5418 0.8150
vn -0.7237 -0.5122 -0.4625
vn -0.3063 -0.4441 0.8420
vn -0.8044 -0.3962 -0.4427
vn -0.3869 -0.3281 0.8618
vn -0.8622 -0.2662 -0.4311
vn -0.4447 -0.1981 0.8735
vn -0.8948 -0.1274 -0.4278
vn -0.4774 -0.0593 0.8767
vn -0.9012 0.0151 -0.4332
vn -0.4837 0.0832 0.8713
vn -0.8808 0.1556 -0.4471
vn -0.4634 0.2237 0.8574
vn -0.8347 0.2889 -0.4688
vn -0.4173 0.3570 0.8357
vn -0.7645 0.4098 -0.4976
vn -0.3471 0.4779 0.8069
vn -0.6730 0.5136 -0.5323
vn -0.2555 0.5817 0.7722
vn -0.5636 0.5963 -0.5716
vn -0.1461 0.6644 0.7329
vn -0.4406 0.6549 -0.6140
vn -0.0231 0.7230 0.6905
vn -0.3086 0.6869 -0.6579
vn 0.1088 0.7550 0.6466
vn -0.1729 0.6913 -0.7016
vn 0.2446 0.7594 0.6029
vn -0.0385 0.6678 -0.7434
vn 0.3790 0.7359 0.5612
vn 0.0894 0.6173 -0.7817
vn 0.5068 0.6854 0.5229
vn 0.2058 0.5417 -0.8150
vn 0.6232 0.6099 0.4896
vn 0.3063 0.4441 -0.8420
vn 0.7237 0.5122 0.4625
vn 0.3870 0.3281 -0.8618
vn 0.8044 0.3962 0.4428
vn 0.4447 0.1981 -0.8735
vn 0.8622 0.2662 0.4311
vn 0.4774 0.0593 -0.8767
vn 0.8948 0.1274 0.4278
vn 0.4837 -0.0832 -0.8713
vn 0.9011 -0.0151 0.4333
vn 0.4634 -0.2237 -0.8574
vn 0.8808 -0.1556 0.4471
vn 0.4173 -0.3570 -0.8357
vn 0.8347 -0.2889 0.4688
vn 0.3471 -0.4779 -0.8069
vn 0.7645 -0.4098 0.4976
vn 0.2556 -0.5817 -0.7722
vn 0.6730 -0.5136 0.5323
vn 0.1462 -0.6644 -0.7329
vn 0.5636 -0.5963 0.5716
vn 0.0231 -0.7230 -0.6905
vn 0.4406 -0.6549 0.6140
vn -0.1088 -0.7550 -0.6466
vn 0.3086 -0.6869 0.6579
vn -0.2446 -0.7594 -0.6029
vn 0.1729 -0.6913 0.7016
vt 1.000000 1.000000
vt 0.968750 0.500000
vt 1.000000 0.500000
vt 0.968750 1.000000
vt 0.937500 0.500000
vt 0.937500 1.000000
vt 0.906250 0.500000
vt 0.906250 1.000000
vt 0.875000 0.500000
vt 0.875000 1.000000
vt 0.843750 0.500000
vt 0.843750 1.000000
vt 0.812500 0.500000
vt 0.812500 1.000000
vt 0.781250 0.500000
vt 0.781250 1.000000
vt 0.750000 0.500000
vt 0.750000 1.000000
vt 0.718750 0.500000
vt 0.718750 1.000000
vt 0.687500 0.500000
vt 0.687500 1.000000
vt 0.656250 0.500000
vt 0.656250 1.000000
vt 0.625000 0.500000
vt 0.625000 1.000000
vt 0.593750 0.500000
vt 0.593750 1.000000
vt 0.562500 0.500000
vt 0.562500 1.000000
vt 0.531250 0.500000
vt 0.531250 1.000000
vt 0.500000 0.500000
vt 0.500000 1.000000
vt 0.468750 0.500000
vt 0.468750 1.000000
vt 0.437500 0.500000
vt 0.437500 1.000000
vt 0.406250 0.500000
vt 0.406250 1.000000
vt 0.375000 0.500000
vt 0.375000 1.000000
vt 0.343750 0.500000
vt 0.343750 1.000000
vt 0.312500 0.500000
vt 0.312500 1.000000
vt 0.281250 0.500000
vt 0.281250 1.000000
vt 0.250000 0.500000
vt 0.250000 1.000000
vt 0.218750 0.500000
vt 0.218750 1.000000
vt 0.187500 0.500000
vt 0.187500 1.000000
vt 0.156250 0.500000
vt 0.156250 1.000000
vt 0.125000 0.500000
vt 0.125000 1.000000
vt 0.093750 0.500000
vt 0.093750 1.000000
vt 0.062500 0.500000
vt 0.158156 0.028269
vt 0.471731 0.158156
vt 0.341844 0.471731
vt 0.062500 1.000000
vt 0.031250 0.500000
vt 0.031250 1.000000
vt 0.000000 0.500000
vt 0.796822 0.014612
vt 0.514612 0.203178
vt 0.703178 0.485388
vt 0.296822 0.485388
vt 0.250000 0.490000
vt 0.203178 0.485388
vt 0.158156 0.471731
vt 0.116663 0.449553
vt 0.080294 0.419706
vt 0.050447 0.383337
vt 0.028269 0.341844
vt 0.014612 0.296822
vt 0.010000 0.250000
vt 0.014612 0.203178
vt 0.028269 0.158156
vt 0.050447 0.116663
vt 0.080294 0.080294
vt 0.116663 0.050447
vt 0.203178 0.014612
vt 0.250000 0.010000
vt 0.296822 0.014612
vt 0.341844 0.028269
vt 0.383337 0.050447
vt 0.419706 0.080294
vt 0.449553 0.116663
vt 0.485388 0.203178
vt 0.490000 0.250000
vt 0.485388 0.296822
vt 0.471731 0.341844
vt 0.449553 0.383337
vt 0.419706 0.419706
vt 0.383337 0.449553
vt 0.000000 1.000000
vt 0.750000 0.490000
vt 0.796822 0.485388
vt 0.841844 0.471731
vt 0.883337 0.449553
vt 0.919706 0.419706
vt 0.949553 0.383337
vt 0.971731 0.341844
vt 0.985388 0.296822
vt 0.990000 0.250000
vt 0.985388 0.203178
vt 0.971731 0.158156
vt 0.949553 0.116663
vt 0.919706 0.080294
vt 0.883337 0.050447
vt 0.841844 0.028269
vt 0.750000 0.010000
vt 0.703178 0.014612
vt 0.658156 0.028269
vt 0.616663 0.050447
vt 0.580294 0.080294
vt 0.550447 0.116663
vt 0.528269 0.158156
vt 0.510000 0.250000
vt 0.514612 0.296822
vt 0.528269 0.341844
vt 0.550447 0.383337
vt 0.580294 0.419706
vt 0.616663 0.449553
vt 0.658156 0.471731
s 1
g Cylinder.002_Mat_Navio_Ferrugem_30.007
usemtl Mat_Navio_Ferrugem_30.007
f 1478/1918/1478 1479/1919/1479 1477/1920/1477
f 1480/1921/1480 1481/1922/1481 1479/1919/1479
f 1482/1923/1482 1483/1924/1483 1481/1922/1481
f 1484/1925/1484 1485/1926/1485 1483/1924/1483
f 1486/1927/1486 1487/1928/1487 1485/1926/1485
f 1488/1929/1488 1489/1930/1489 1487/1928/1487
f 1490/1931/1490 1491/1932/1491 1489/1930/1489
f 1492/1933/1492 1493/1934/1493 1491/1932/1491
f 1494/1935/1494 1495/1936/1495 1493/1934/1493
f 1496/1937/1496 1497/1938/1497 1495/1936/1495
f 1498/1939/1498 1499/1940/1499 1497/1938/1497
f 1500/1941/1500 1501/1942/1501 1499/1940/1499
f 1502/1943/1502 1503/1944/1503 1501/1942/1501
f 1504/1945/1504 1505/1946/1505 1503/1944/1503
f 1506/1947/1506 1507/1948/1507 1505/1946/1505
f 1508/1949/1508 1509/1950/1509 1507/1948/1507
f 1510/1951/1510 1511/1952/1511 1509/1950/1509
f 1512/1953/1512 1513/1954/1513 1511/1952/1511
f 1514/1955/1514 1515/1956/1515 1513/1954/1513
f 1516/1957/1516 1517/1958/1517 1515/1956/1515
f 1518/1959/1518 1519/1960/1519 1517/1958/1517
f 1520/1961/1520 1521/1962/1521 1519/1960/1519
f 1522/1963/1522 1523/1964/1523 1521/1962/1521
f 1524/1965/1524 1525/1966/1525 1523/1964/1523
f 1526/1967/1526 1527/1968/1527 1525/1966/1525
f 1528/1969/1528 1529/1970/1529 1527/1968/1527
f 1530/1971/1530 1531/1972/1531 1529/1970/1529
f 1532/1973/1532 1533/1974/1533 1531/1972/1531
f 1534/1975/1534 1535/1976/1535 1533/1974/1533
f 1536/1977/1536 1537/1978/1537 1535/1976/1535
f 1514/1979/1514 1498/1980/1498 1482/1981/1482
f 1538/1982/1538 1539/1983/1539 1537/1978/1537
f 1540/1984/1540 1477/1985/1477 1539/1983/1539
f 1507/1986/1507 1523/1987/1523 1539/1988/1539
f 1478/1918/1478 1480/1921/1480 1479/1919/1479
f 1480/1921/1480 1482/1923/1482 1481/1922/1481
f 1482/1923/1482 1484/1925/1484 1483/1924/1483
f 1484/1925/1484 1486/1927/1486 1485/1926/1485
f 1486/1927/1486 1488/1929/1488 1487/1928/1487
f 1488/1929/1488 1490/1931/1490 1489/1930/1489
f 1490/1931/1490 1492/1933/1492 1491/1932/1491
f 1492/1933/1492 1494/1935/1494 1493/1934/1493
f 1494/1935/1494 1496/1937/1496 1495/1936/1495
f 1496/1937/1496 1498/1939/1498 1497/1938/1497
f 1498/1939/1498 1500/1941/1500 1499/1940/1499
f 1500/1941/1500 1502/1943/1502 1501/1942/1501
f 1502/1943/1502 1504/1945/1504 1503/1944/1503
f 1504/1945/1504 1506/1947/1506 1505/1946/1505
f 1506/1947/1506 1508/1949/1508 1507/1948/1507
f 1508/1949/1508 1510/1951/1510 1509/1950/1509
f 1510/1951/1510 1512/1953/1512 1511/1952/1511
f 1512/1953/1512 1514/1955/1514 1513/1954/1513
f 1514/1955/1514 1516/1957/1516 1515/1956/1515
f 1516/1957/1516 1518/1959/1518 1517/1958/1517
f 1518/1959/1518 1520/1961/1520 1519/1960/1519
f 1520/1961/1520 1522/1963/1522 1521/1962/1521
f 1522/1963/1522 1524/1965/1524 1523/1964/1523
f 1524/1965/1524 1526/1967/1526 1525/1966/1525
f 1526/1967/1526 1528/1969/1528 1527/1968/1527
f 1528/1969/1528 1530/1971/1530 1529/1970/1529
f 1530/1971/1530 1532/1973/1532 1531/1972/1531
f 1532/1973/1532 1534/1975/1534 1533/1974/1533
f 1534/1975/1534 1536/1977/1536 1535/1976/1535
f 1536/1977/1536 1538/1982/1538 1537/1978/1537
f 1482/1981/1482 1480/1989/1480 1478/1990/1478
f 1478/1990/1478 1540/1991/1540 1538/1992/1538
f 1538/1992/1538 1536/1993/1536 1534/1994/1534
f 1534/1994/1534 1532/1995/1532 1530/1996/1530
f 1530/1996/1530 1528/1997/1528 1526/1998/1526
f 1526/1998/1526 1524/1999/1524 1522/2000/1522
f 1522/2000/1522 1520/2001/1520 1518/2002/1518
f 1518/2002/1518 1516/2003/1516 1514/1979/1514
f 1514/1979/1514 1512/2004/1512 1510/2005/1510
f 1510/2005/1510 1508/2006/1508 1506/2007/1506
f 1506/2007/1506 1504/2008/1504 1502/2009/1502
f 1502/2009/1502 1500/2010/1500 1498/1980/1498
f 1498/1980/1498 1496/2011/1496 1494/2012/1494
f 1494/2012/1494 1492/2013/1492 1490/2014/1490
f 1490/2014/1490 1488/2015/1488 1486/2016/1486
f 1486/2016/1486 1484/2017/1484 1482/1981/1482
f 1482/1981/1482 1478/1990/1478 1538/1992/1538
f 1538/1992/1538 1534/1994/1534 1530/1996/1530
f 1530/1996/1530 1526/1998/1526 1522/2000/1522
f 1522/2000/1522 1518/2002/1518 1514/1979/1514
f 1514/1979/1514 1510/2005/1510 1506/2007/1506
f 1506/2007/1506 1502/2009/1502 1498/1980/1498
f 1498/1980/1498 1494/2012/1494 1490/2014/1490
f 1490/2014/1490 1486/2016/1486 1482/1981/1482
f 1482/1981/1482 1538/1992/1538 1530/1996/1530
f 1530/1996/1530 1522/2000/1522 1514/1979/1514
f 1514/1979/1514 1506/2007/1506 1498/1980/1498
f 1498/1980/1498 1490/2014/1490 1482/1981/1482
f 1482/1981/1482 1530/1996/1530 1514/1979/1514
f 1538/1982/1538 1540/1984/1540 1539/1983/1539
f 1540/1984/1540 1478/2018/1478 1477/1985/1477
f 1539/1988/1539 1477/2019/1477 1479/2020/1479
f 1479/2020/1479 1481/2021/1481 1483/2022/1483
f 1483/2022/1483 1485/2023/1485 1487/2024/1487
f 1487/2024/1487 1489/2025/1489 1491/2026/1491
f 1491/2026/1491 1493/2027/1493 1495/2028/1495
f 1495/2028/1495 1497/2029/1497 1499/2030/1499
f 1499/2030/1499 1501/2031/1501 1503/2032/1503
f 1503/2032/1503 1505/2033/1505 1507/1986/1507
f 1507/1986/1507 1509/2034/1509 1511/2035/1511
f 1511/2035/1511 1513/2036/1513 1515/2037/1515
f 1515/2037/1515 1517/2038/1517 1519/2039/1519
f 1519/2039/1519 1521/2040/1521 1523/1987/1523
f 1523/1987/1523 1525/2041/1525 1527/2042/1527
f 1527/2042/1527 1529/2043/1529 1531/2044/1531
f 1531/2044/1531 1533/2045/1533 1535/2046/1535
f 1535/2046/1535 1537/2047/1537 1539/1988/1539
f 1539/1988/1539 1479/2020/1479 1483/2022/1483
f 1483/2022/1483 1487/2024/1487 1491/2026/1491
f 1491/2026/1491 1495/2028/1495 1499/2030/1499
f 1499/2030/1499 1503/2032/1503 1507/1986/1507
f 1507/1986/1507 1511/2035/1511 1515/2037/1515
f 1515/2037/1515 1519/2039/1519 1523/1987/1523
f 1523/1987/1523 1527/2042/1527 1531/2044/1531
f 1531/2044/1531 1535/2046/1535 1539/1988/1539
f 1539/1988/1539 1483/2022/1483 1491/2026/1491
f 1491/2026/1491 1499/2030/1499 1507/1986/1507
f 1507/1986/1507 1515/2037/1515 1523/1987/1523
f 1523/1987/1523 1531/2044/1531 1539/1988/1539
f 1539/1988/1539 1491/2026/1491 1507/1986/1507
o Torus.006
v -1.814490 0.910697 2.452886
v -1.817849 0.930661 2.399740
v -1.783867 0.946551 2.439653
v -1.757624 0.945714 2.429416
v -1.735957 0.907871 2.380839
v -1.740726 0.880660 2.364879
v -1.747946 0.860125 2.386695
v -1.758101 0.849950 2.433872
v -1.795466 0.846961 2.396671
v -1.821467 0.860088 2.396757
v -1.806145 0.885522 2.476124
v -1.779308 0.934187 2.496334
v -1.710826 0.933311 2.475649
v -1.698872 0.910696 2.470625
v -1.707540 0.884911 2.454106
v -1.708808 0.862772 2.479497
v -1.741364 0.849838 2.520847
v -1.765712 0.911035 2.542369
v -1.688998 0.943891 2.544262
v -1.755242 0.862187 2.535958
v -1.698502 0.927832 2.601038
v -1.690720 0.941982 2.577303
v -1.661624 0.882028 2.517689
v -1.659822 0.843635 2.572019
v -1.733254 0.881801 2.582736
v -1.712114 0.905364 2.603094
v -1.621703 0.924509 2.572781
v -1.632102 0.904353 2.545809
v -1.642552 0.856639 2.552376
v -1.648996 0.849351 2.638274
v -1.650788 0.896742 2.651276
v -1.587366 0.872382 2.576627
v -1.585350 0.828652 2.648523
v -1.633836 0.867877 2.662171
v -1.592893 0.910958 2.668998
v -1.588716 0.926089 2.646863
v -1.539502 0.920403 2.642030
v -1.564053 0.894192 2.589242
v -1.576025 0.844839 2.595649
v -1.559271 0.879609 2.694617
v -1.502593 0.902411 2.626193
v -1.522833 0.818977 2.637025
v -1.469461 0.885483 2.702814
v -1.474782 0.902956 2.681155
v -1.490392 0.878317 2.612038
v -1.495329 0.853129 2.609052
v -1.478142 0.825894 2.622633
v -1.513800 0.823502 2.688432
v -1.515470 0.845064 2.703134
v -1.459085 0.858702 2.712221
v -1.401513 0.888739 2.655702
v -1.357388 0.867110 2.626038
v -1.396262 0.856127 2.614959
v -1.419425 0.835958 2.612206
v -1.398891 0.789283 2.639898
v -1.406572 0.787701 2.667147
v -1.389008 0.793188 2.689027
v -1.393552 0.815504 2.706745
v -1.357496 0.831837 2.703673
v -1.348301 0.854335 2.692780
v -1.333456 0.867003 2.670107
v -1.384238 0.801527 2.615468
v -1.275414 0.853507 2.620872
v -1.343583 0.814938 2.595200
v -1.241741 0.799217 2.657039
v -1.257422 0.828159 2.657392
v -1.282736 0.823158 2.573242
v -1.314903 0.781367 2.589746
v -1.284746 0.755655 2.594163
v -1.238463 0.737743 2.596463
v -1.279724 0.761439 2.648454
v -1.274236 0.781399 2.666393
v -1.208356 0.828261 2.604261
v -1.215132 0.822049 2.544762
v -1.277385 0.794122 2.558558
v -1.159134 0.794465 2.580597
v -1.250105 0.759296 2.543104
v -1.186049 0.729180 2.574049
v -1.176470 0.748074 2.592991
v -1.163002 0.770242 2.588349
v -1.173659 0.817505 2.532773
v -1.197312 0.792018 2.488953
v -1.223708 0.774002 2.507111
v -1.197953 0.723184 2.507264
v -1.117625 0.751295 2.527204
v -1.118165 0.792102 2.492692
v -1.200990 0.739562 2.480062
v -1.085641 0.760879 2.454767
v -1.111367 0.787159 2.416352
v -1.150172 0.792976 2.441588
v -1.184890 0.756937 2.441780
v -1.139999 0.693695 2.441166
v -1.109586 0.691444 2.431764
v -1.098214 0.712460 2.464898
v -1.077344 0.729315 2.433171
v -1.160140 0.771173 2.403853
v -1.171677 0.723616 2.410027
v -1.147992 0.694485 2.376419
v -1.081756 0.767957 2.376127
v -1.124395 0.771197 2.322524
v -1.161062 0.739001 2.351348
v -1.063740 0.712720 2.330763
v -1.065938 0.742046 2.352822
v -1.148296 0.758261 2.324023
v -1.159979 0.710099 2.330276
v -1.125630 0.667508 2.266315
v -1.075396 0.690498 2.334855
v -1.067568 0.731945 2.271740
v -1.082137 0.751440 2.251139
v -1.106997 0.763011 2.237867
v -1.102581 0.668346 2.261406
v -1.075356 0.701807 2.229307
v -1.162927 0.748939 2.225275
v -1.169954 0.727910 2.249304
v -1.170289 0.702446 2.249562
v -1.155840 0.680060 2.252955
v -1.088023 0.679675 2.234044
v -1.092991 0.725967 2.174973
v -1.164726 0.759571 2.157852
v -1.124061 0.699632 2.109887
v -1.126681 0.747325 2.133266
v -1.200441 0.725434 2.173265
v -1.197682 0.699264 2.178633
v -1.204788 0.677039 2.137609
v -1.147413 0.663746 2.143210
v -1.123342 0.676491 2.140298
v -1.141049 0.724862 2.086198
v -1.181857 0.761830 2.088896
v -1.206594 0.748383 2.139002
v -1.205246 0.665413 2.101414
v -1.216785 0.755221 2.021625
v -1.261449 0.730039 2.094743
v -1.245686 0.702447 2.111198
v -1.237876 0.670876 2.031770
v -1.169261 0.678889 2.072736
v -1.213005 0.707184 2.009222
v -1.209998 0.733316 2.012943
v -1.268543 0.770101 2.044419
v -1.274502 0.755523 2.067577
v -1.245288 0.687073 2.000013
v -1.290376 0.776647 2.000721
v -1.309515 0.710870 2.059074
v -1.302416 0.688900 2.047167
v -1.313738 0.680342 2.013224
v -1.300941 0.721389 1.954328
v -1.314522 0.749923 1.948183
v -1.340869 0.742258 2.043651
v -1.385545 0.784890 1.940344
v -1.399551 0.794470 1.989445
v -1.365598 0.771386 2.021623
v -1.395865 0.727882 2.021778
v -1.403653 0.707907 2.004208
v -1.365425 0.693588 1.964121
v -1.382161 0.713319 1.935686
v -1.373891 0.735837 1.929303
v -1.434812 0.806386 1.958784
v -1.413706 0.757802 2.020862
v -1.441860 0.706171 1.973729
v -1.452464 0.752874 1.917968
v -1.418902 0.771996 1.923997
v -1.443595 0.788732 2.007479
v -1.484044 0.719619 1.947568
v -1.498337 0.791193 1.923203
v -1.510634 0.780110 2.020329
v -1.513668 0.754555 2.015479
v -1.527595 0.737600 2.001335
v -1.533266 0.748109 1.932049
v -1.550670 0.778463 1.927317
v -1.534186 0.821694 1.945775
v -1.538629 0.829513 1.997910
v -1.521044 0.808430 2.014486
v -1.577270 0.740987 1.988385
v -1.616139 0.824726 1.955304
v -1.611027 0.854124 1.997873
v -1.596467 0.750212 1.969470
v -1.646563 0.807047 1.963996
v -1.622577 0.847914 1.980282
v -1.592144 0.829480 2.040982
v -1.598203 0.806575 2.051797
v -1.604551 0.781630 2.048049
v -1.622093 0.764961 2.036289
v -1.646442 0.781412 1.971709
v -1.646759 0.863326 2.054736
v -1.727430 0.789770 2.083557
v -1.682982 0.777202 2.015696
v -1.728143 0.833677 2.025238
v -1.716321 0.856434 2.024723
v -1.713241 0.878725 2.048963
v -1.656832 0.850989 2.088045
v -1.657803 0.826402 2.096378
v -1.668515 0.802826 2.094298
v -1.703001 0.793259 2.100921
v -1.725155 0.808397 2.028913
v -1.727357 0.896697 2.108427
v -1.768764 0.809370 2.104703
v -1.789822 0.860043 2.104514
v -1.788608 0.888311 2.122800
v -1.734414 0.899102 2.167981
v -1.717160 0.876280 2.170588
v -1.705118 0.845616 2.155963
v -1.728448 0.827462 2.175556
v -1.786786 0.832971 2.105922
v -1.787340 0.912247 2.170509
v -1.756042 0.817217 2.188501
v -1.836683 0.885656 2.225904
v -1.786343 0.932857 2.275887
v -1.741185 0.866595 2.250166
v -1.804718 0.831709 2.262176
v -1.821360 0.838626 2.232627
v -1.834575 0.858951 2.223233
v -1.831328 0.916294 2.269253
v -1.746569 0.898288 2.285146
v -1.757996 0.849831 2.287910
v -1.780126 0.836684 2.291287
v -1.808562 0.933705 2.295167
v -1.760204 0.926722 2.334427
v -1.839954 0.903728 2.351628
v -1.839450 0.877706 2.352765
vn -0.9053 0.2804 0.3190
vn -0.7074 0.6978 0.1122
vn -0.3078 0.9474 0.0881
vn 0.2101 0.9709 -0.1154
vn 0.9326 0.2060 -0.2964
vn 0.9558 -0.2578 -0.1417
vn 0.7228 -0.6795 -0.1261
vn 0.2275 -0.9718 -0.0624
vn -0.2496 -0.9586 0.1372
vn -0.7375 -0.6373 0.2236
vn -0.8690 -0.2631 0.4191
vn -0.5967 0.7195 0.3554
vn 0.6151 0.7015 -0.3599
vn 0.8128 0.2775 -0.5123
vn 0.8678 -0.2599 -0.4236
vn 0.6268 -0.6422 -0.4411
vn -0.2897 -0.9435 0.1609
vn -0.7761 0.2711 0.5693
vn 0.1777 0.9800 -0.0892
vn -0.6310 -0.6511 0.4217
vn -0.4393 0.6779 0.5894
vn -0.1447 0.9565 0.2534
vn 0.6969 -0.2549 -0.6703
vn 0.1450 -0.9337 -0.3274
vn -0.7119 -0.2759 0.6458
vn -0.6510 0.1936 0.7340
vn 0.4745 0.7042 -0.5282
vn 0.6536 0.2893 -0.6994
vn 0.3694 -0.7396 -0.5626
vn -0.4777 -0.6970 0.5348
vn -0.5021 0.2701 0.8215
vn 0.4581 -0.2167 -0.8621
vn -0.2676 -0.9318 0.2453
vn -0.4761 -0.2626 0.8393
vn -0.2137 0.6374 0.7403
vn -0.0103 0.9403 0.3401
vn 0.2168 0.9749 -0.0512
vn 0.4276 0.2763 -0.8607
vn 0.2210 -0.6127 -0.7588
vn -0.2617 0.1795 0.9483
vn 0.2820 0.7653 -0.5786
vn -0.1189 -0.9192 -0.3754
vn 0.0670 0.5836 0.8093
vn 0.1501 0.9064 0.3949
vn 0.2147 0.3484 -0.9124
vn 0.1620 -0.1609 -0.9736
vn -0.0761 -0.5837 -0.8084
vn -0.2638 -0.7517 0.6045
vn -0.2375 -0.3045 0.9224
vn 0.0021 0.0889 0.9960
vn 0.2453 0.9674 -0.0635
vn 0.0707 0.8203 -0.5675
vn -0.0038 0.3918 -0.9201
vn -0.0837 -0.0740 -0.9937
vn -0.3054 -0.8852 -0.3509
vn -0.2308 -0.9599 0.1590
vn -0.0789 -0.7861 0.6131
vn 0.0178 -0.3658 0.9305
vn 0.2522 0.0433 0.9667
vn 0.3187 0.5302 0.7857
vn 0.3539 0.8470 0.3966
vn -0.3404 -0.5550 -0.7590
vn 0.2778 0.9600 -0.0346
vn -0.3702 -0.0821 -0.9253
vn 0.5476 -0.0167 0.8366
vn 0.5101 0.5105 0.6922
vn -0.3734 0.4135 -0.8304
vn -0.5076 -0.4835 -0.7132
vn -0.4530 -0.8386 -0.3027
vn -0.1579 -0.9619 0.2230
vn 0.0452 -0.8356 0.5476
vn 0.2741 -0.4550 0.8472
vn 0.5355 0.7768 0.3314
vn -0.1088 0.8866 -0.4495
vn -0.6007 0.0538 -0.7977
vn 0.7493 0.4149 0.5162
vn -0.7112 -0.3984 -0.5792
vn 0.2000 -0.8796 0.4317
vn 0.5102 -0.5261 0.6804
vn 0.7203 -0.0872 0.6882
vn 0.2692 0.9593 -0.0852
vn -0.6023 0.5722 -0.5566
vn -0.7506 0.0832 -0.6555
vn -0.6286 -0.7530 -0.1944
vn 0.8355 -0.1383 0.5318
vn 0.6723 0.7167 0.1854
vn -0.8483 -0.3767 -0.3720
vn 0.9062 0.3342 0.2590
vn 0.3026 0.9479 -0.0997
vn -0.2195 0.9235 -0.3146
vn -0.8965 0.1528 -0.4158
vn -0.1998 -0.9689 0.1459
vn 0.3230 -0.9147 0.2430
vn 0.6757 -0.6080 0.4168
vn 0.9435 -0.2084 0.2577
vn -0.7002 0.6428 -0.3108
vn -0.9257 -0.3060 -0.2222
vn -0.6986 -0.7150 0.0260
vn 0.6979 0.7159 -0.0202
vn -0.3151 0.9408 -0.1252
vn -0.9670 0.2174 -0.1326
vn 0.9758 -0.2163 0.0319
vn 0.9577 0.2859 0.0312
vn -0.6894 0.7203 -0.0764
vn -0.9619 -0.2657 0.0651
vn -0.1694 -0.9786 0.1169
vn 0.6994 -0.7065 0.1078
vn 0.9650 0.2276 -0.1302
vn 0.7184 0.6688 -0.1911
vn 0.2995 0.9431 -0.1445
vn 0.3394 -0.9403 0.0275
vn 0.9442 -0.2454 -0.2197
vn -0.7421 0.6441 0.1854
vn -0.9482 0.2484 0.1979
vn -0.9295 -0.2586 0.2629
vn -0.6518 -0.7267 0.2169
vn 0.6941 -0.7064 -0.1386
vn 0.9019 0.2303 -0.3655
vn -0.2284 0.9663 0.1191
vn 0.8244 -0.2460 -0.5098
vn 0.6366 0.6878 -0.3488
vn -0.8467 0.2396 0.4751
vn -0.8682 -0.2425 0.4330
vn -0.5940 -0.7174 0.3639
vn 0.2137 -0.9691 -0.1236
vn 0.6520 -0.6946 -0.3039
vn 0.7683 0.2483 -0.5899
vn 0.2944 0.9408 -0.1682
vn -0.5382 0.7060 0.4604
vn -0.1777 -0.9801 0.0884
vn 0.5078 0.6942 -0.5101
vn -0.6441 0.2428 0.7254
vn -0.7189 -0.2398 0.6525
vn 0.1278 -0.9481 -0.2910
vn 0.5240 -0.6937 -0.4941
vn 0.6082 -0.2486 -0.7538
vn 0.6397 0.2408 -0.7299
vn -0.0635 0.9545 0.2913
vn -0.3616 0.7059 0.6091
vn 0.3302 -0.6687 -0.6662
vn 0.2708 0.9389 -0.2123
vn -0.5311 -0.3238 0.7830
vn -0.4521 -0.7307 0.5116
vn -0.2060 -0.9761 0.0688
vn 0.3882 -0.2814 -0.8776
vn 0.4179 0.3401 -0.8424
vn -0.3827 0.2017 0.9016
vn 0.2894 0.7012 -0.6516
vn 0.1280 0.9221 0.3652
vn -0.1493 0.6231 0.7677
vn -0.3037 -0.3461 0.8877
vn -0.2923 -0.7550 0.5870
vn -0.0360 -0.9224 -0.3845
vn 0.0490 -0.6147 -0.7872
vn 0.2126 -0.0994 -0.9721
vn 0.2289 0.9513 -0.2064
vn -0.1018 0.1659 0.9809
vn -0.2209 -0.9729 0.0681
vn -0.0194 -0.1935 -0.9809
vn 0.1675 0.3351 -0.9272
vn 0.1369 0.5810 0.8023
vn -0.2117 -0.8646 -0.4558
vn 0.0147 0.3972 -0.9176
vn 0.1873 0.0541 0.9808
vn 0.0120 -0.4249 0.9051
vn -0.1098 -0.7946 0.5972
vn -0.2732 -0.5582 -0.7835
vn -0.2643 -0.0283 -0.9640
vn 0.0662 0.7816 -0.6203
vn 0.3444 0.8501 0.3984
vn 0.3220 0.5429 0.7756
vn -0.2428 -0.9666 0.0817
vn -0.2453 0.4573 -0.8548
vn 0.2005 0.9625 -0.1830
vn -0.3918 -0.8247 -0.4079
vn -0.4978 0.0284 -0.8668
vn -0.0748 0.8244 -0.5611
vn 0.5209 0.4531 0.7234
vn 0.4828 0.0065 0.8757
vn 0.2776 -0.4815 0.8313
vn 0.0650 -0.8243 0.5624
vn -0.5224 -0.4892 -0.6985
vn 0.5212 0.8071 0.2774
vn -0.3012 -0.9521 0.0536
vn -0.5011 -0.8055 -0.3162
vn -0.6948 0.0636 -0.7164
vn -0.4746 0.5209 -0.7095
vn -0.1871 0.8653 -0.4651
vn 0.7305 0.3990 0.5542
vn 0.6817 -0.0713 0.7281
vn 0.4626 -0.5418 0.7018
vn 0.1236 -0.9042 0.4089
vn -0.6996 -0.4346 -0.5672
vn 0.1685 0.9727 -0.1597
vn -0.6268 -0.7563 -0.1872
vn -0.8352 0.1434 -0.5310
vn -0.6339 0.6153 -0.4685
vn 0.6674 0.7379 0.1001
vn 0.8599 0.3981 0.3194
vn 0.8188 -0.1299 0.5591
vn 0.6275 -0.6294 0.4583
vn -0.8485 -0.3542 -0.3932
vn -0.3262 0.8990 -0.2924
vn 0.2890 -0.9045 0.3135
vn -0.9395 0.2439 -0.2404
vn 0.1410 0.9806 -0.1358
vn 0.9470 -0.2054 0.2469
vn -0.2930 -0.9474 0.1291
vn -0.6769 -0.7359 -0.0129
vn -0.9357 -0.3140 -0.1605
vn -0.7611 0.6310 -0.1502
vn 0.9685 0.2456 0.0417
vn 0.6848 -0.7149 0.1415
vn 0.2706 -0.9526 0.1392
vn -0.3263 0.9404 -0.0956
vn 0.6746 0.7212 -0.1574
vn -0.9553 0.2852 0.0784
vn -0.9505 -0.2899 0.1115
vt 0.532309 0.583333
vt 0.510413 0.666667
vt 0.490153 0.583333
vt 0.542507 0.083333
vt 0.510835 0.166667
vt 0.490153 0.083333
vt 0.550425 0.250000
vt 0.486600 0.333333
vt 0.488814 0.250000
vt 0.550998 0.500000
vt 0.510417 0.500000
vt 0.571258 0.750000
vt 0.539616 0.833333
vt 0.510417 0.750000
vt 0.552083 0.333333
vt 0.520047 0.416667
vt 0.581115 0.666667
vt 0.572917 0.000000
vt 0.531250 0.000000
vt 0.593942 0.166667
vt 0.572347 0.416667
vt 0.583333 0.500000
vt 0.585937 0.583333
vt 0.593180 0.916667
vt 0.572917 1.000000
vt 0.540824 0.916667
vt 0.593750 0.083333
vt 0.623524 0.000000
vt 0.642769 0.250000
vt 0.615008 0.333333
vt 0.653258 0.750000
vt 0.604367 0.833333
vt 0.635417 0.916667
vt 0.623524 1.000000
vt 0.635417 0.083333
vt 0.655481 0.500000
vt 0.637270 0.583333
vt 0.614583 0.500000
vt 0.624215 0.416667
vt 0.669269 0.833333
vt 0.676290 0.916667
vt 0.689080 0.083333
vt 0.669269 0.166667
vt 0.675734 0.416667
vt 0.696831 0.500000
vt 0.690106 0.583333
vt 0.685505 0.666667
vt 0.717981 0.750000
vt 0.717664 0.000000
vt 0.676314 0.000000
vt 0.726563 0.416667
vt 0.738814 0.500000
vt 0.779585 0.750000
vt 0.742579 0.833333
vt 0.726563 0.916667
vt 0.760417 1.000000
vt 0.717664 1.000000
vt 0.760417 0.000000
vt 0.739583 0.083333
vt 0.781820 0.583333
vt 0.747633 0.666667
vt 0.740933 0.583333
vt 0.791632 0.916667
vt 0.779397 0.083333
vt 0.809897 0.666667
vt 0.834174 0.583333
vt 0.802083 0.000000
vt 0.822410 0.083333
vt 0.794271 0.166667
vt 0.830729 0.416667
vt 0.790191 0.500000
vt 0.779397 0.416667
vt 0.833333 0.500000
vt 0.842981 0.750000
vt 0.825913 0.833333
vt 0.842981 0.000000
vt 0.872783 0.666667
vt 0.865153 0.083333
vt 0.856535 0.166667
vt 0.894769 0.583333
vt 0.884331 0.000000
vt 0.893229 0.416667
vt 0.864583 0.500000
vt 0.906250 0.500000
vt 0.887270 0.833333
vt 0.905457 0.916667
vt 0.856022 0.916667
vt 0.926659 0.166667
vt 0.898437 0.250000
vt 0.925661 0.666667
vt 0.934896 1.000000
vt 0.884331 1.000000
vt 0.934896 0.000000
vt 0.905457 0.083333
vt 0.937500 0.583333
vt 0.947920 0.833333
vt 0.947917 0.916667
vt 0.947917 0.083333
vt 0.906252 0.333333
vt 0.947410 0.416667
vt 0.982126 0.750000
vt 0.904591 0.750000
vt 0.979369 0.333333
vt 0.988814 0.500000
vt 0.970603 0.583333
vt 0.947917 0.500000
vt 0.987730 0.166667
vt 0.975169 0.250000
vt 0.988790 0.416667
vt 1.000000 0.833333
vt 0.990377 0.916667
vt 0.040191 0.500000
vt 0.011210 0.583333
vt 0.000000 0.500000
vt 0.032672 0.666667
vt 0.010417 0.750000
vt 0.000000 0.666667
vt 0.049085 0.166667
vt 0.010417 0.250000
vt 0.000000 0.166667
vt 0.052083 0.583333
vt 0.062465 0.750000
vt 0.031241 0.833333
vt 0.050230 0.916667
vt 0.006565 0.916667
vt 0.033103 1.000000
vt 0.062465 0.250000
vt 0.033103 0.333333
vt 0.093748 0.666667
vt 0.072917 0.083333
vt 0.029900 0.083333
vt 0.062500 0.416667
vt 0.029397 0.416667
vt 0.092956 0.583333
vt 0.101563 0.916667
vt 0.085937 1.000000
vt 0.143229 0.583333
vt 0.174363 0.666667
vt 0.155191 0.916667
vt 0.136502 1.000000
vt 0.167386 0.416667
vt 0.135417 0.500000
vt 0.105231 0.416667
vt 0.166667 0.500000
vt 0.196251 0.750000
vt 0.126475 0.750000
vt 0.177852 0.000000
vt 0.165605 0.083333
vt 0.136502 0.000000
vt 0.188608 0.250000
vt 0.156250 0.333333
vt 0.126475 0.250000
vt 0.187500 0.583333
vt 0.197347 0.916667
vt 0.177852 1.000000
vt 0.208314 0.333333
vt 0.239583 0.500000
vt 0.220603 0.583333
vt 0.199002 0.500000
vt 0.239425 0.666667
vt 0.239014 0.916667
vt 0.230642 1.000000
vt 0.281160 0.750000
vt 0.248005 0.833333
vt 0.258720 0.333333
vt 0.230229 0.416667
vt 0.282019 0.500000
vt 0.271898 0.583333
vt 0.281250 0.666667
vt 0.310132 0.833333
vt 0.279900 0.916667
vt 0.301925 0.333333
vt 0.280680 0.416667
vt 0.322917 0.916667
vt 0.335552 0.166667
vt 0.336573 0.250000
vt 0.282947 0.166667
vt 0.356161 0.333333
vt 0.373935 0.583333
vt 0.331339 0.666667
vt 0.322917 0.583333
vt 0.356769 0.750000
vt 0.382433 0.833333
vt 0.362730 0.416667
vt 0.321567 0.416667
vt 0.393466 0.666667
vt 0.418141 0.500000
vt 0.436781 0.583333
vt 0.439718 0.166667
vt 0.427077 0.250000
vt 0.387113 0.166667
vt 0.447917 0.666667
vt 0.439294 0.750000
vt 0.466182 0.833333
vt 0.440102 0.916667
vt 0.468750 0.500000
vt 0.416253 0.333333
vt 0.490377 0.916667
vt 0.531250 1.000000
vt 0.480641 1.000000
vt 0.633995 0.666667
vt 0.676314 1.000000
vt 0.677241 0.333333
vt 0.726564 0.250000
vt 0.731771 0.166667
vt 0.731771 0.333333
vt 0.812433 0.250000
vt 0.783103 0.333333
vt 0.835701 0.333333
vt 0.802083 1.000000
vt 0.842981 1.000000
vt 0.979127 0.666667
vt 0.989583 1.000000
vt 0.989583 0.000000
vt 0.990377 0.083333
vt 0.000000 0.000000
vt 0.033103 0.000000
vt 1.000000 0.583333
vt 0.000000 1.000000
vt 0.000000 0.416667
vt 0.000000 0.333333
vt 0.085937 0.000000
vt 0.094169 0.333333
vt 0.093750 0.500000
vt 0.106769 0.833333
vt 0.114583 0.166667
vt 0.115933 0.083333
vt 0.177508 0.833333
vt 0.169271 0.166667
vt 0.228449 0.083333
vt 0.230642 0.000000
vt 0.231771 0.166667
vt 0.282019 1.000000
vt 0.252604 0.250000
vt 0.280457 0.083333
vt 0.324002 0.500000
vt 0.322917 1.000000
vt 0.322917 0.083333
vt 0.282019 0.000000
vt 0.322917 0.000000
vt 0.365353 0.500000
vt 0.377602 0.916667
vt 0.364583 1.000000
vt 0.364583 0.000000
vt 0.376855 0.083333
vt 0.419270 1.000000
vt 0.419270 0.000000
vt 0.415137 0.416667
vt 0.438284 0.083333
vt 0.468180 0.416667
vt 0.480641 0.000000
vt 0.000000 0.083333
s 1
g Torus.006_Mat_Navio_Ferrugem_30.008
usemtl Mat_Navio_Ferrugem_30.008
f 1552/2048/1552 1543/2049/1543 1542/2050/1542
f 1556/2051/1556 1548/2052/1548 1547/2053/1547
f 1557/2054/1557 1550/2055/1550 1549/2056/1549
f 1558/2057/1558 1552/2048/1552 1541/2058/1541
f 1559/2059/1559 1553/2060/1553 1544/2061/1544
f 1557/2054/1557 1560/2062/1560 1550/2055/1550
f 1560/2062/1560 1551/2063/1551 1550/2055/1550
f 1562/2064/1562 1559/2059/1559 1543/2049/1543
f 1563/2065/1563 1556/2051/1556 1555/2066/1555
f 1556/2051/1556 1564/2067/1564 1548/2052/1548
f 1565/2068/1565 1558/2057/1558 1551/2063/1551
f 1566/2069/1566 1561/2070/1561 1558/2057/1558
f 1568/2071/1568 1563/2072/1563 1554/2073/1554
f 1569/2074/1569 1564/2067/1564 1556/2051/1556
f 1565/2068/1565 1566/2069/1566 1558/2057/1558
f 1572/2075/1572 1569/2074/1569 1563/2065/1563
f 1564/2067/1564 1573/2076/1573 1557/2054/1557
f 1573/2076/1573 1570/2077/1570 1557/2054/1557
f 1577/2078/1577 1567/2079/1567 1559/2059/1559
f 1578/2080/1578 1572/2081/1572 1568/2071/1568
f 1572/2075/1572 1579/2082/1579 1569/2074/1569
f 1580/2083/1580 1575/2084/1575 1571/2085/1571
f 1574/2086/1574 1580/2083/1580 1571/2085/1571
f 1581/2087/1581 1585/2088/1585 1578/2080/1578
f 1587/2089/1587 1582/2090/1582 1579/2082/1579
f 1589/2091/1589 1580/2083/1580 1574/2086/1574
f 1590/2092/1590 1583/2093/1583 1580/2083/1580
f 1584/2094/1584 1591/2095/1591 1577/2078/1577
f 1594/2096/1594 1587/2089/1587 1586/2097/1586
f 1598/2098/1598 1590/2092/1590 1589/2091/1589
f 1598/2098/1598 1599/2099/1599 1590/2092/1590
f 1603/2100/1603 1592/2101/1592 1591/2095/1591
f 1593/2102/1593 1604/2103/1604 1594/2104/1594
f 1604/2105/1604 1602/2106/1602 1594/2096/1594
f 1606/2107/1606 1601/2108/1601 1600/2109/1600
f 1592/2101/1592 1607/2110/1607 1593/2102/1593
f 1607/2110/1607 1604/2103/1604 1593/2102/1593
f 1604/2105/1604 1608/2111/1608 1602/2106/1602
f 1606/2107/1606 1613/2112/1613 1601/2108/1601
f 1613/2112/1613 1603/2100/1603 1601/2108/1601
f 1616/2113/1616 1613/2112/1613 1606/2107/1606
f 1615/2114/1615 1617/2115/1617 1608/2111/1608
f 1617/2115/1617 1609/2116/1609 1608/2111/1608
f 1619/2117/1619 1605/2118/1605 1612/2119/1612
f 1620/2120/1620 1616/2113/1616 1605/2118/1605
f 1613/2112/1613 1621/2121/1621 1603/2100/1603
f 1621/2121/1621 1614/2122/1614 1603/2100/1603
f 1623/2123/1623 1617/2115/1617 1615/2114/1615
f 1619/2117/1619 1620/2120/1620 1605/2118/1605
f 1616/2113/1616 1626/2124/1626 1613/2112/1613
f 1626/2124/1626 1621/2121/1621 1613/2112/1613
f 1627/2125/1627 1624/2126/1624 1617/2115/1617
f 1628/2127/1628 1626/2124/1626 1616/2113/1616
f 1631/2128/1631 1627/2125/1627 1623/2123/1623
f 1634/2129/1634 1625/2130/1625 1619/2117/1619
f 1635/2131/1635 1628/2127/1628 1625/2130/1625
f 1630/2132/1630 1636/2133/1636 1622/2134/1622
f 1638/2135/1638 1632/2136/1632 1624/2126/1624
f 1634/2129/1634 1635/2131/1635 1625/2130/1625
f 1628/2127/1628 1639/2137/1639 1626/2124/1626
f 1636/2133/1636 1641/2138/1641 1631/2139/1631
f 1641/2140/1641 1637/2141/1637 1631/2128/1631
f 1643/2142/1643 1639/2137/1639 1628/2127/1628
f 1640/2143/1640 1644/2144/1644 1636/2133/1636
f 1644/2144/1644 1641/2138/1641 1636/2133/1636
f 1641/2140/1641 1645/2145/1645 1637/2141/1637
f 1645/2145/1645 1638/2135/1638 1637/2141/1637
f 1633/2146/1633 1647/2147/1647 1634/2129/1634
f 1650/2148/1650 1640/2143/1640 1629/2149/1629
f 1651/2150/1651 1647/2147/1647 1633/2146/1633
f 1652/2151/1652 1648/2152/1648 1642/2153/1642
f 1656/2154/1656 1646/2155/1646 1638/2135/1638
f 1651/2150/1651 1657/2156/1657 1647/2147/1647
f 1650/2148/1650 1659/2157/1659 1640/2143/1640
f 1659/2157/1659 1653/2158/1653 1640/2143/1640
f 1660/2159/1660 1658/2160/1658 1652/2161/1652
f 1661/2162/1661 1650/2163/1650 1649/2164/1649
f 1664/2165/1664 1646/2166/1646 1656/2167/1656
f 1660/2159/1660 1667/2168/1667 1658/2160/1658
f 1661/2162/1661 1668/2169/1668 1650/2163/1650
f 1668/2169/1668 1659/2170/1659 1650/2163/1650
f 1659/2170/1659 1669/2171/1669 1653/2172/1653
f 1669/2171/1669 1662/2173/1662 1653/2172/1653
f 1664/2165/1664 1670/2174/1670 1646/2166/1646
f 1670/2174/1670 1665/2175/1665 1646/2166/1646
f 1671/2176/1671 1668/2169/1668 1661/2162/1661
f 1673/2177/1673 1664/2165/1664 1663/2178/1663
f 1675/2179/1675 1660/2159/1660 1666/2180/1666
f 1677/2181/1677 1671/2176/1671 1667/2168/1667
f 1679/2182/1679 1672/2183/1672 1669/2171/1669
f 1686/2184/1686 1671/2176/1671 1677/2181/1677
f 1686/2184/1686 1688/2185/1688 1671/2176/1671
f 1690/2186/1690 1687/2187/1687 1679/2182/1679
f 1694/2188/1694 1685/2189/1685 1680/2190/1680
f 1695/2191/1695 1686/2184/1686 1685/2189/1685
f 1688/2185/1688 1696/2192/1696 1681/2193/1681
f 1697/2194/1697 1691/2195/1691 1687/2196/1687
f 1698/2197/1698 1693/2198/1693 1684/2199/1684
f 1694/2188/1694 1695/2191/1695 1685/2189/1685
f 1700/2200/1700 1688/2185/1688 1686/2184/1686
f 1701/2201/1701 1697/2202/1697 1690/2186/1690
f 1698/2197/1698 1702/2203/1702 1693/2198/1693
f 1708/2204/1708 1703/2205/1703 1699/2206/1699
f 1703/2205/1703 1709/2207/1709 1688/2185/1688
f 1709/2207/1709 1696/2192/1696 1688/2185/1688
f 1711/2208/1711 1704/2209/1704 1701/2201/1701
f 1709/2207/1709 1714/2210/1714 1696/2192/1696
f 1714/2210/1714 1710/2211/1710 1696/2192/1696
f 1715/2212/1715 1707/2213/1707 1702/2203/1702
f 1716/2214/1716 1713/2215/1713 1708/2204/1708
f 1717/2216/1717 1714/2210/1714 1709/2207/1709
f 1723/2217/1723 1718/2218/1718 1710/2211/1710
f 1725/2219/1725 1722/2220/1722 1715/2212/1715
f 1723/2217/1723 1729/2221/1729 1718/2218/1718
f 1732/2222/1732 1724/2223/1724 1721/2224/1721
f 1724/2223/1724 1735/2225/1735 1725/2219/1725
f 1737/2226/1737 1728/2227/1728 1727/2228/1727
f 1734/2229/1734 1738/2230/1738 1723/2217/1723
f 1735/2225/1735 1742/2231/1742 1733/2232/1733
f 1737/2226/1737 1743/2233/1743 1728/2227/1728
f 1745/2234/1745 1751/2235/1751 1737/2226/1737
f 1751/2235/1751 1743/2233/1743 1737/2226/1737
f 1754/2236/1754 1748/2237/1748 1744/2238/1744
f 1751/2235/1751 1755/2239/1755 1743/2233/1743
f 1755/2239/1755 1746/2240/1746 1743/2233/1743
f 1746/2240/1746 1756/2241/1756 1738/2230/1738
f 1756/2241/1756 1752/2242/1752 1738/2230/1738
f 1757/2243/1757 1751/2235/1751 1745/2234/1745
f 1748/2237/1748 1550/2055/1550 1749/2244/1749
f 1549/2056/1549 1550/2055/1550 1748/2237/1748
f 1541/2058/1541 1542/2050/1542 1757/2243/1757
f 1544/2061/1544 1756/2241/1756 1746/2240/1746
f 1545/2245/1545 1553/2060/1553 1554/2073/1554
f 1541/2058/1541 1552/2048/1552 1542/2050/1542
f 1544/2061/1544 1553/2060/1553 1756/2241/1756
f 1545/2245/1545 1555/2246/1555 1546/2247/1546
f 1547/2053/1547 1555/2066/1555 1556/2051/1556
f 1562/2064/1562 1552/2048/1552 1561/2070/1561
f 1548/2052/1548 1557/2054/1557 1549/2056/1549
f 1543/2049/1543 1559/2059/1559 1544/2061/1544
f 1551/2063/1551 1558/2057/1558 1541/2058/1541
f 1558/2057/1558 1561/2070/1561 1552/2048/1552
f 1553/2060/1553 1568/2071/1568 1554/2073/1554
f 1554/2073/1554 1563/2072/1563 1555/2246/1555
f 1548/2052/1548 1564/2067/1564 1557/2054/1557
f 1560/2062/1560 1565/2068/1565 1551/2063/1551
f 1559/2059/1559 1567/2079/1567 1553/2060/1553
f 1566/2069/1566 1574/2086/1574 1571/2085/1571
f 1563/2065/1563 1569/2074/1569 1556/2051/1556
f 1557/2054/1557 1570/2077/1570 1560/2062/1560
f 1560/2062/1560 1570/2077/1570 1565/2068/1565
f 1566/2069/1566 1571/2085/1571 1561/2070/1561
f 1568/2071/1568 1572/2081/1572 1563/2072/1563
f 1570/2077/1570 1574/2086/1574 1565/2068/1565
f 1576/2248/1576 1561/2070/1561 1575/2084/1575
f 1571/2085/1571 1575/2084/1575 1561/2070/1561
f 1559/2059/1559 1576/2248/1576 1577/2078/1577
f 1584/2094/1584 1575/2084/1575 1583/2093/1583
f 1567/2079/1567 1578/2080/1578 1568/2071/1568
f 1569/2074/1569 1579/2082/1579 1564/2067/1564
f 1577/2078/1577 1581/2087/1581 1567/2079/1567
f 1567/2079/1567 1581/2087/1581 1578/2080/1578
f 1579/2082/1579 1582/2090/1582 1564/2067/1564
f 1564/2067/1564 1582/2090/1582 1573/2076/1573
f 1580/2083/1580 1583/2093/1583 1575/2084/1575
f 1586/2249/1586 1578/2080/1578 1585/2088/1585
f 1576/2248/1576 1584/2094/1584 1577/2078/1577
f 1579/2082/1579 1586/2097/1586 1587/2089/1587
f 1574/2086/1574 1588/2250/1588 1589/2091/1589
f 1573/2076/1573 1588/2250/1588 1570/2077/1570
f 1581/2087/1581 1591/2095/1591 1592/2101/1592
f 1589/2091/1589 1590/2092/1590 1580/2083/1580
f 1593/2102/1593 1581/2087/1581 1592/2101/1592
f 1585/2088/1585 1594/2104/1594 1586/2249/1586
f 1596/2251/1596 1582/2090/1582 1595/2252/1595
f 1587/2089/1587 1595/2252/1595 1582/2090/1582
f 1588/2250/1588 1596/2251/1596 1597/2253/1597
f 1598/2098/1598 1588/2250/1588 1597/2253/1597
f 1590/2092/1590 1600/2109/1600 1583/2093/1583
f 1584/2094/1584 1600/2109/1600 1601/2108/1601
f 1599/2099/1599 1606/2107/1606 1600/2109/1600
f 1584/2094/1584 1601/2108/1601 1591/2095/1591
f 1594/2096/1594 1602/2106/1602 1587/2089/1587
f 1587/2089/1587 1602/2106/1602 1595/2252/1595
f 1601/2108/1601 1603/2100/1603 1591/2095/1591
f 1595/2252/1595 1608/2111/1608 1609/2116/1609
f 1596/2251/1596 1609/2116/1609 1610/2254/1610
f 1596/2251/1596 1611/2255/1611 1597/2253/1597
f 1612/2119/1612 1597/2253/1597 1611/2255/1611
f 1599/2099/1599 1612/2119/1612 1605/2118/1605
f 1619/2117/1619 1611/2255/1611 1618/2256/1618
f 1603/2100/1603 1614/2122/1614 1592/2101/1592
f 1592/2101/1592 1614/2122/1614 1607/2110/1607
f 1607/2110/1607 1615/2257/1615 1604/2103/1604
f 1604/2105/1604 1615/2114/1615 1608/2111/1608
f 1605/2118/1605 1616/2113/1616 1606/2107/1606
f 1610/2254/1610 1618/2256/1618 1611/2255/1611
f 1623/2258/1623 1607/2110/1607 1622/2134/1622
f 1614/2122/1614 1622/2134/1622 1607/2110/1607
f 1621/2121/1621 1630/2132/1630 1614/2122/1614
f 1617/2115/1617 1624/2126/1624 1609/2116/1609
f 1609/2116/1609 1624/2126/1624 1610/2254/1610
f 1620/2120/1620 1625/2130/1625 1616/2113/1616
f 1623/2123/1623 1627/2125/1627 1617/2115/1617
f 1619/2117/1619 1625/2130/1625 1620/2120/1620
f 1625/2130/1625 1628/2127/1628 1616/2113/1616
f 1626/2124/1626 1629/2149/1629 1621/2121/1621
f 1618/2256/1618 1632/2136/1632 1633/2146/1633
f 1614/2122/1614 1630/2132/1630 1622/2134/1622
f 1622/2134/1622 1631/2139/1631 1623/2258/1623
f 1624/2126/1624 1632/2136/1632 1610/2254/1610
f 1634/2129/1634 1618/2256/1618 1633/2146/1633
f 1624/2126/1624 1637/2141/1637 1638/2135/1638
f 1622/2134/1622 1636/2133/1636 1631/2139/1631
f 1631/2128/1631 1637/2141/1637 1627/2125/1627
f 1643/2142/1643 1635/2131/1635 1642/2153/1642
f 1626/2124/1626 1639/2137/1639 1629/2149/1629
f 1629/2149/1629 1640/2143/1640 1630/2132/1630
f 1630/2132/1630 1640/2143/1640 1636/2133/1636
f 1635/2131/1635 1647/2147/1647 1642/2153/1642
f 1638/2135/1638 1646/2155/1646 1632/2136/1632
f 1632/2136/1632 1646/2155/1646 1633/2146/1633
f 1649/2259/1649 1643/2142/1643 1648/2152/1648
f 1642/2153/1642 1648/2152/1648 1643/2142/1643
f 1650/2148/1650 1639/2137/1639 1649/2259/1649
f 1654/2260/1654 1644/2144/1644 1653/2158/1653
f 1646/2155/1646 1651/2150/1651 1633/2146/1633
f 1640/2143/1640 1653/2158/1653 1644/2144/1644
f 1645/2145/1645 1654/2261/1654 1655/2262/1655
f 1656/2154/1656 1645/2145/1645 1655/2262/1655
f 1642/2153/1642 1657/2156/1657 1652/2151/1652
f 1663/2178/1663 1654/2263/1654 1662/2264/1662
f 1652/2151/1652 1658/2265/1658 1648/2152/1648
f 1648/2152/1648 1658/2265/1658 1649/2259/1649
f 1658/2160/1658 1661/2162/1661 1649/2164/1649
f 1653/2172/1653 1662/2173/1662 1654/2266/1654
f 1656/2167/1656 1663/2178/1663 1664/2165/1664
f 1657/2267/1657 1665/2175/1665 1666/2180/1666
f 1646/2166/1646 1665/2175/1665 1651/2268/1651
f 1652/2161/1652 1666/2180/1666 1660/2159/1660
f 1673/2177/1673 1662/2264/1662 1672/2269/1672
f 1658/2160/1658 1667/2168/1667 1661/2162/1661
f 1667/2168/1667 1671/2176/1671 1661/2162/1661
f 1669/2171/1669 1672/2183/1672 1662/2173/1662
f 1675/2179/1675 1665/2175/1665 1674/2270/1674
f 1670/2174/1670 1674/2270/1674 1665/2175/1665
f 1667/2168/1667 1676/2271/1676 1677/2181/1677
f 1669/2171/1669 1678/2272/1678 1679/2182/1679
f 1668/2169/1668 1678/2272/1678 1659/2170/1659
f 1676/2271/1676 1675/2179/1675 1680/2190/1680
f 1674/2270/1674 1680/2190/1680 1675/2179/1675
f 1683/2273/1683 1673/2177/1673 1682/2274/1682
f 1671/2176/1671 1681/2193/1681 1668/2169/1668
f 1668/2169/1668 1681/2193/1681 1678/2272/1678
f 1672/2269/1672 1682/2274/1682 1673/2177/1673
f 1670/2174/1670 1683/2273/1683 1684/2199/1684
f 1677/2181/1677 1685/2189/1685 1686/2184/1686
f 1670/2174/1670 1684/2199/1684 1674/2270/1674
f 1690/2186/1690 1678/2272/1678 1689/2275/1689
f 1679/2182/1679 1687/2187/1687 1672/2183/1672
f 1672/2269/1672 1687/2196/1687 1682/2274/1682
f 1680/2190/1680 1685/2189/1685 1676/2271/1676
f 1671/2176/1671 1688/2185/1688 1681/2193/1681
f 1681/2193/1681 1689/2275/1689 1678/2272/1678
f 1683/2273/1683 1691/2195/1691 1692/2276/1692
f 1687/2196/1687 1691/2195/1691 1682/2274/1682
f 1680/2190/1680 1693/2198/1693 1694/2188/1694
f 1683/2273/1683 1692/2276/1692 1684/2199/1684
f 1684/2199/1684 1693/2198/1693 1674/2270/1674
f 1700/2200/1700 1695/2191/1695 1699/2206/1699
f 1681/2193/1681 1696/2192/1696 1689/2275/1689
f 1690/2186/1690 1697/2202/1697 1687/2187/1687
f 1692/2276/1692 1698/2197/1698 1684/2199/1684
f 1705/2277/1705 1697/2194/1697 1704/2278/1704
f 1689/2275/1689 1701/2201/1701 1690/2186/1690
f 1693/2198/1693 1702/2203/1702 1694/2188/1694
f 1694/2188/1694 1699/2206/1699 1695/2191/1695
f 1699/2206/1699 1703/2205/1703 1700/2200/1700
f 1700/2200/1700 1703/2205/1703 1688/2185/1688
f 1701/2201/1701 1704/2209/1704 1697/2202/1697
f 1692/2276/1692 1705/2277/1705 1706/2279/1706
f 1701/2201/1701 1710/2211/1710 1711/2208/1711
f 1692/2276/1692 1706/2279/1706 1698/2197/1698
f 1702/2203/1702 1707/2213/1707 1694/2188/1694
f 1694/2188/1694 1707/2213/1707 1699/2206/1699
f 1696/2192/1696 1710/2211/1710 1689/2275/1689
f 1711/2208/1711 1719/2280/1719 1704/2209/1704
f 1706/2279/1706 1712/2281/1712 1698/2197/1698
f 1698/2197/1698 1712/2281/1712 1702/2203/1702
f 1707/2213/1707 1708/2204/1708 1699/2206/1699
f 1708/2204/1708 1713/2215/1713 1703/2205/1703
f 1703/2205/1703 1713/2215/1713 1709/2207/1709
f 1712/2281/1712 1715/2212/1715 1702/2203/1702
f 1713/2215/1713 1717/2216/1717 1709/2207/1709
f 1710/2211/1710 1718/2218/1718 1711/2208/1711
f 1704/2278/1704 1720/2282/1720 1705/2277/1705
f 1706/2279/1706 1720/2282/1720 1721/2224/1721
f 1708/2204/1708 1722/2220/1722 1716/2214/1716
f 1706/2279/1706 1721/2224/1721 1712/2281/1712
f 1715/2212/1715 1722/2220/1722 1707/2213/1707
f 1725/2219/1725 1712/2281/1712 1724/2223/1724
f 1714/2210/1714 1723/2217/1723 1710/2211/1710
f 1721/2224/1721 1724/2223/1724 1712/2281/1712
f 1727/2228/1727 1716/2214/1716 1726/2283/1726
f 1717/2216/1717 1727/2228/1727 1728/2227/1728
f 1719/2280/1719 1729/2221/1729 1730/2284/1730
f 1717/2216/1717 1728/2227/1728 1714/2210/1714
f 1731/2285/1731 1719/2286/1719 1730/2287/1730
f 1721/2224/1721 1731/2285/1731 1732/2222/1732
f 1716/2214/1716 1733/2232/1733 1726/2283/1726
f 1725/2219/1725 1733/2232/1733 1722/2220/1722
f 1727/2228/1727 1736/2288/1736 1737/2226/1737
f 1728/2227/1728 1734/2229/1734 1714/2210/1714
f 1714/2210/1714 1734/2229/1734 1723/2217/1723
f 1725/2219/1725 1735/2225/1735 1733/2232/1733
f 1729/2221/1729 1738/2230/1738 1739/2289/1739
f 1740/2290/1740 1729/2221/1729 1739/2289/1739
f 1731/2285/1731 1740/2291/1740 1741/2292/1741
f 1726/2283/1726 1742/2231/1742 1736/2288/1736
f 1731/2285/1731 1741/2292/1741 1732/2222/1732
f 1735/2225/1735 1748/2237/1748 1749/2244/1749
f 1728/2227/1728 1743/2233/1743 1734/2229/1734
f 1741/2292/1741 1744/2238/1744 1732/2222/1732
f 1732/2222/1732 1744/2238/1744 1724/2223/1724
f 1736/2288/1736 1745/2234/1745 1737/2226/1737
f 1743/2233/1743 1746/2240/1746 1734/2229/1734
f 1734/2229/1734 1746/2240/1746 1738/2230/1738
f 1739/2289/1739 1747/2293/1747 1740/2290/1740
f 1740/2291/1740 1747/2294/1747 1741/2292/1741
f 1744/2238/1744 1748/2237/1748 1724/2223/1724
f 1742/2231/1742 1749/2244/1749 1750/2295/1750
f 1736/2288/1736 1750/2295/1750 1745/2234/1745
f 1744/2238/1744 1753/2296/1753 1754/2236/1754
f 1738/2230/1738 1752/2242/1752 1739/2289/1739
f 1739/2289/1739 1752/2242/1752 1747/2293/1747
f 1747/2294/1747 1753/2296/1753 1741/2292/1741
f 1749/2244/1749 1758/2297/1758 1750/2295/1750
f 1752/2242/1752 1546/2247/1546 1747/2293/1747
f 1747/2294/1747 1546/2298/1546 1753/2296/1753
f 1745/2234/1745 1758/2297/1758 1757/2243/1757
f 1755/2239/1755 1542/2050/1542 1543/2049/1543
f 1757/2243/1757 1542/2050/1542 1751/2235/1751
f 1754/2236/1754 1547/2053/1547 1548/2052/1548
f 1755/2239/1755 1543/2049/1543 1746/2240/1746
f 1756/2241/1756 1545/2245/1545 1752/2242/1752
f 1752/2242/1752 1545/2245/1545 1546/2247/1546
f 1546/2298/1546 1547/2053/1547 1753/2296/1753
f 1549/2056/1549 1754/2236/1754 1548/2052/1548
f 1758/2297/1758 1541/2058/1541 1757/2243/1757
f 1543/2049/1543 1544/2061/1544 1746/2240/1746
f 1550/2055/1550 1551/2063/1551 1758/2297/1758
f 1545/2245/1545 1756/2241/1756 1553/2060/1553
f 1545/2245/1545 1554/2073/1554 1555/2246/1555
f 1547/2053/1547 1546/2298/1546 1555/2066/1555
f 1562/2064/1562 1543/2049/1543 1552/2048/1552
f 1553/2060/1553 1567/2079/1567 1568/2071/1568
f 1566/2069/1566 1565/2068/1565 1574/2086/1574
f 1576/2248/1576 1562/2064/1562 1561/2070/1561
f 1559/2059/1559 1562/2064/1562 1576/2248/1576
f 1584/2094/1584 1576/2248/1576 1575/2084/1575
f 1586/2249/1586 1572/2081/1572 1578/2080/1578
f 1579/2082/1579 1572/2075/1572 1586/2097/1586
f 1574/2086/1574 1570/2077/1570 1588/2250/1588
f 1581/2087/1581 1577/2078/1577 1591/2095/1591
f 1593/2102/1593 1585/2088/1585 1581/2087/1581
f 1585/2088/1585 1593/2102/1593 1594/2104/1594
f 1596/2251/1596 1573/2076/1573 1582/2090/1582
f 1588/2250/1588 1573/2076/1573 1596/2251/1596
f 1598/2098/1598 1589/2091/1589 1588/2250/1588
f 1590/2092/1590 1599/2099/1599 1600/2109/1600
f 1584/2094/1584 1583/2093/1583 1600/2109/1600
f 1599/2099/1599 1605/2118/1605 1606/2107/1606
f 1595/2252/1595 1602/2106/1602 1608/2111/1608
f 1596/2251/1596 1595/2252/1595 1609/2116/1609
f 1596/2251/1596 1610/2254/1610 1611/2255/1611
f 1612/2119/1612 1598/2098/1598 1597/2253/1597
f 1599/2099/1599 1598/2098/1598 1612/2119/1612
f 1619/2117/1619 1612/2119/1612 1611/2255/1611
f 1623/2258/1623 1615/2257/1615 1607/2110/1607
f 1621/2121/1621 1629/2149/1629 1630/2132/1630
f 1618/2256/1618 1610/2254/1610 1632/2136/1632
f 1634/2129/1634 1619/2117/1619 1618/2256/1618
f 1624/2126/1624 1627/2125/1627 1637/2141/1637
f 1643/2142/1643 1628/2127/1628 1635/2131/1635
f 1635/2131/1635 1634/2129/1634 1647/2147/1647
f 1649/2259/1649 1639/2137/1639 1643/2142/1643
f 1650/2148/1650 1629/2149/1629 1639/2137/1639
f 1654/2260/1654 1641/2138/1641 1644/2144/1644
f 1645/2145/1645 1641/2140/1641 1654/2261/1654
f 1656/2154/1656 1638/2135/1638 1645/2145/1645
f 1642/2153/1642 1647/2147/1647 1657/2156/1657
f 1663/2178/1663 1655/2299/1655 1654/2263/1654
f 1656/2167/1656 1655/2299/1655 1663/2178/1663
f 1657/2267/1657 1651/2268/1651 1665/2175/1665
f 1652/2161/1652 1657/2267/1657 1666/2180/1666
f 1673/2177/1673 1663/2178/1663 1662/2264/1662
f 1675/2179/1675 1666/2180/1666 1665/2175/1665
f 1667/2168/1667 1660/2159/1660 1676/2271/1676
f 1669/2171/1669 1659/2170/1659 1678/2272/1678
f 1676/2271/1676 1660/2159/1660 1675/2179/1675
f 1683/2273/1683 1664/2165/1664 1673/2177/1673
f 1670/2174/1670 1664/2165/1664 1683/2273/1683
f 1677/2181/1677 1676/2271/1676 1685/2189/1685
f 1690/2186/1690 1679/2182/1679 1678/2272/1678
f 1683/2273/1683 1682/2274/1682 1691/2195/1691
f 1680/2190/1680 1674/2270/1674 1693/2198/1693
f 1700/2200/1700 1686/2184/1686 1695/2191/1695
f 1705/2277/1705 1691/2195/1691 1697/2194/1697
f 1692/2276/1692 1691/2195/1691 1705/2277/1705
f 1701/2201/1701 1689/2275/1689 1710/2211/1710
f 1711/2208/1711 1718/2218/1718 1719/2280/1719
f 1704/2278/1704 1719/2286/1719 1720/2282/1720
f 1706/2279/1706 1705/2277/1705 1720/2282/1720
f 1708/2204/1708 1707/2213/1707 1722/2220/1722
f 1725/2219/1725 1715/2212/1715 1712/2281/1712
f 1727/2228/1727 1713/2215/1713 1716/2214/1716
f 1717/2216/1717 1713/2215/1713 1727/2228/1727
f 1719/2280/1719 1718/2218/1718 1729/2221/1729
f 1731/2285/1731 1720/2282/1720 1719/2286/1719
f 1721/2224/1721 1720/2282/1720 1731/2285/1731
f 1716/2214/1716 1722/2220/1722 1733/2232/1733
f 1727/2228/1727 1726/2283/1726 1736/2288/1736
f 1729/2221/1729 1723/2217/1723 1738/2230/1738
f 1740/2290/1740 1730/2284/1730 1729/2221/1729
f 1731/2285/1731 1730/2287/1730 1740/2291/1740
f 1726/2283/1726 1733/2232/1733 1742/2231/1742
f 1735/2225/1735 1724/2223/1724 1748/2237/1748
f 1742/2231/1742 1735/2225/1735 1749/2244/1749
f 1736/2288/1736 1742/2231/1742 1750/2295/1750
f 1744/2238/1744 1741/2292/1741 1753/2296/1753
f 1749/2244/1749 1550/2055/1550 1758/2297/1758
f 1745/2234/1745 1750/2295/1750 1758/2297/1758
f 1755/2239/1755 1751/2235/1751 1542/2050/1542
f 1754/2236/1754 1753/2296/1753 1547/2053/1547
f 1549/2056/1549 1748/2237/1748 1754/2236/1754
f 1758/2297/1758 1551/2063/1551 1541/2058/1541
o Torus.007
v -2.488584 0.930468 1.148992
v -2.460278 0.951079 1.190411
v -2.461502 0.830067 1.219657
v -2.404546 0.841088 1.200490
v -2.384892 0.845368 1.171007
v -2.370667 0.906878 1.130996
v -2.403053 0.838739 1.114776
v -2.437633 0.801002 1.104462
v -2.459625 0.891289 1.097956
v -2.477593 0.906553 1.110940
v -2.508621 0.775725 1.181818
v -2.491995 0.781248 1.208724
v -2.435706 0.739916 1.224135
v -2.396516 0.736816 1.148901
v -2.509751 0.780548 1.151114
v -2.391190 0.702470 1.180483
v -2.409714 0.694808 1.123293
v -2.494818 0.698799 1.127603
v -2.490105 0.622533 1.204721
v -2.444836 0.574618 1.227252
v -2.394135 0.621665 1.208757
v -2.425758 0.616506 1.109932
v -2.445268 0.550003 1.111179
v -2.498014 0.613672 1.156850
v -2.470427 0.517443 1.184004
v -2.362839 0.441158 1.216824
v -2.352895 0.527364 1.177238
v -2.364140 0.560542 1.148508
v -2.367842 0.519891 1.120746
v -2.427586 0.456675 1.205056
v -2.331835 0.453472 1.197563
v -2.363436 0.448316 1.098808
v -2.461975 0.508398 1.133167
v -2.393987 0.363535 1.167578
v -2.357580 0.388505 1.209466
v -2.301920 0.433393 1.133715
v -2.337686 0.306198 1.097753
v -2.403400 0.376533 1.137611
v -2.337062 0.313777 1.183549
v -2.229913 0.342501 1.147558
v -2.248088 0.339536 1.090760
v -2.301451 0.310282 1.077783
v -2.284939 0.237164 1.138357
v -2.241894 0.237210 1.172763
v -2.221275 0.314607 1.169473
v -2.216080 0.332727 1.113013
v -2.222686 0.279473 1.062344
v -2.296136 0.248138 1.111332
v -2.145288 0.219250 1.158493
v -2.152136 0.151852 1.123254
v -2.079452 0.151415 1.132832
v -2.042336 0.197679 1.118174
v -2.090936 0.243646 1.108887
v -2.106245 0.254325 1.081204
v -2.109482 0.240621 1.050931
v -2.035374 0.142323 1.001097
v -2.080260 0.132534 1.024013
v -2.156149 0.149190 1.071071
v -2.069678 0.109386 1.076146
v -2.063592 0.194216 1.016265
v -1.983683 0.096623 1.080429
v -1.896788 0.135455 1.083607
v -1.965367 0.200092 1.069290
v -1.948186 0.199415 1.033493
v -1.979774 0.195956 1.012886
v -1.994313 0.093111 1.022214
v -1.915849 0.077237 1.030447
v -1.889160 0.108959 1.074066
v -1.861871 0.158625 0.953539
v -1.823849 0.086485 1.031894
v -1.792535 0.169933 1.039470
v -1.797254 0.191024 1.016834
v -1.844306 0.187563 0.969968
v -1.807047 0.104746 0.938849
v -1.798588 0.085712 0.959858
v -1.700920 0.127508 1.013142
v -1.746790 0.209317 0.968531
v -1.662360 0.172341 0.880179
v -1.664932 0.111352 0.946528
v -1.753674 0.086705 0.992907
v -1.669369 0.169183 1.008927
v -1.711902 0.214451 0.925069
v -1.587250 0.152165 0.953431
v -1.620575 0.223946 0.981900
v -1.630530 0.245024 0.961495
v -1.647621 0.220543 0.881606
v -1.586693 0.185202 0.863873
v -1.609552 0.146602 0.895589
v -1.525545 0.183413 0.900010
v -1.466412 0.290019 0.937674
v -1.592047 0.282230 0.915208
v -1.588314 0.279936 0.882109
v -1.496884 0.219054 0.936766
v -1.477780 0.326477 0.931134
v -1.492476 0.350414 0.910169
v -1.471253 0.361102 0.817974
v -1.443257 0.267877 0.836407
v -1.399654 0.298733 0.852782
v -1.399008 0.312405 0.897716
v -1.512121 0.356297 0.870150
v -1.387133 0.431258 0.778984
v -1.411099 0.345464 0.799582
v -1.446789 0.434385 0.860784
v -1.448495 0.430098 0.830184
v -1.309170 0.446308 0.815200
v -1.307112 0.448831 0.846285
v -1.336874 0.449555 0.887217
v -1.359765 0.509382 0.883583
v -1.399569 0.489311 0.874830
v -1.305961 0.484770 0.782520
v -1.388933 0.560792 0.835671
v -1.389740 0.560257 0.805062
v -1.356654 0.621420 0.768104
v -1.311712 0.568327 0.755261
v -1.258754 0.608485 0.792460
v -1.258086 0.611797 0.823430
v -1.263406 0.653194 0.845102
v -1.285155 0.691460 0.858569
v -1.356755 0.625395 0.852898
v -1.320711 0.694110 0.861307
v -1.364715 0.695500 0.821645
v -1.363747 0.739406 0.785975
v -1.322854 0.770879 0.740484
v -1.266715 0.697621 0.757831
v -1.251966 0.785051 0.780135
v -1.249482 0.772855 0.810936
v -1.350518 0.804969 0.841832
v -1.295428 0.767301 0.740231
v -1.276784 0.865883 0.838701
v -1.337447 0.886235 0.857014
v -1.374710 0.837361 0.815917
v -1.369186 0.881057 0.757826
v -1.280302 0.859944 0.753704
v -1.286033 0.946434 0.782612
v -1.292638 0.976331 0.814884
v -1.407300 0.946232 0.790227
v -1.340257 0.975164 0.744041
v -1.345917 1.032692 0.859551
v -1.415712 1.005741 0.853325
v -1.434875 1.005810 0.827141
v -1.330961 1.014597 0.761842
v -1.339182 1.063987 0.793483
v -1.409341 1.104868 0.876874
v -1.458222 1.116629 0.882899
v -1.401952 1.000654 0.754111
v -1.411743 1.169739 0.811181
v -1.392139 1.137917 0.854592
v -1.501123 1.096337 0.812245
v -1.541002 1.207797 0.787481
v -1.481584 1.186687 0.777951
v -1.425923 1.163574 0.784450
v -1.464158 1.224113 0.857407
v -1.528338 1.146115 0.880619
v -1.544748 1.141216 0.855230
v -1.569293 1.185413 0.806770
v -1.536260 1.284433 0.845038
v -1.569434 1.284212 0.910971
v -1.585449 1.262288 0.924904
v -1.607057 1.186630 0.852416
v -1.552990 1.277062 0.818484
v -1.602397 1.322082 0.895827
v -1.693619 1.284033 0.950627
v -1.641077 1.226531 0.913625
v -1.649524 1.316946 0.830900
v -1.685128 1.360168 0.888721
v -1.726024 1.248956 0.907613
v -1.756848 1.264649 0.885457
v -1.753135 1.283466 0.859686
v -1.807310 1.387303 0.958121
v -1.754768 1.357007 0.965663
v -1.835875 1.343647 1.001053
v -1.805970 1.283211 0.963758
v -1.826201 1.329716 0.872489
v -1.780672 1.349886 0.865092
v -1.777053 1.374837 0.886419
v -1.839396 1.394030 0.936318
v -1.886358 1.277256 0.957441
v -1.960192 1.364128 1.031226
v -1.942128 1.304564 1.027869
v -1.930145 1.282135 0.938546
v -1.937651 1.302910 0.917772
v -1.937323 1.362468 0.914562
v -1.985436 1.382660 0.953028
v -2.003459 1.385126 0.989281
v -2.005232 1.376329 1.021266
v -2.018105 1.267252 1.030425
v -2.090684 1.306565 0.958219
v -2.133038 1.277181 1.099456
v -2.045960 1.249686 1.009952
v -2.065022 1.253236 0.984497
v -2.081506 1.271863 0.965648
v -2.126568 1.320878 0.977200
v -2.163285 1.330242 1.042355
v -2.127987 1.320455 1.081275
v -2.166798 1.222620 1.104837
v -2.171297 1.319108 1.013466
v -2.228796 1.276131 1.098666
v -2.171651 1.190209 1.084771
v -2.166500 1.189043 1.051689
v -2.187522 1.188694 1.027539
v -2.231557 1.187962 1.018296
v -2.297467 1.235987 1.092071
v -2.270906 1.208765 1.138563
v -2.312589 1.156899 1.036929
v -2.279379 1.238155 1.037952
v -2.375489 1.130759 1.152221
v -2.370651 1.038399 1.188146
v -2.259466 1.101928 1.103780
v -2.289440 1.093217 1.064008
v -2.377292 1.152637 1.101575
v -2.388691 1.055046 1.185090
v -2.320235 1.056386 1.162415
v -2.314905 1.031602 1.107397
v -2.371994 1.021531 1.071384
v -2.414448 1.077095 1.088034
v -2.449912 1.024877 1.150026
v -2.340432 0.984987 1.150023
v -2.361398 0.976033 1.093806
vn -0.9643 0.2629 0.0303
vn -0.6176 0.2949 0.7291
vn -0.2492 0.1365 0.9588
vn 0.7915 -0.0762 0.6064
vn 0.9357 -0.1358 0.3255
vn 0.9073 -0.3182 -0.2749
vn 0.6379 -0.2166 -0.7390
vn 0.2538 -0.0724 -0.9645
vn -0.3839 -0.0326 -0.9228
vn -0.7720 0.1187 -0.6244
vn -0.9558 0.0535 0.2892
vn -0.6629 0.0750 0.7449
vn 0.2041 0.0429 0.9780
vn 0.9527 -0.0212 -0.3032
vn -0.9660 0.0359 -0.2561
vn 0.9834 0.0989 0.1524
vn 0.6861 0.0604 -0.7250
vn -0.7524 -0.0702 -0.6550
vn -0.8048 -0.1200 0.5813
vn -0.2679 -0.1076 0.9574
vn 0.7541 0.1561 0.6379
vn 0.1809 0.0361 -0.9828
vn -0.4067 -0.0786 -0.9102
vn -0.9691 -0.1740 -0.1746
vn -0.8944 -0.3353 0.2961
vn 0.1843 -0.0109 0.9828
vn 0.9139 0.3588 0.1900
vn 0.9205 0.2668 -0.2855
vn 0.6199 0.3196 -0.7166
vn -0.5955 -0.3579 0.7193
vn 0.6095 0.2663 0.7468
vn 0.1540 0.2331 -0.9602
vn -0.8258 -0.2984 -0.4786
vn -0.7635 -0.5629 0.3165
vn -0.1570 -0.2702 0.9499
vn 0.7791 0.5615 -0.2786
vn -0.6651 -0.4349 -0.6070
vn -0.8415 -0.4731 -0.2610
vn -0.4777 -0.5520 0.6834
vn 0.7311 0.6272 0.2686
vn 0.4622 0.5874 -0.6643
vn -0.3258 -0.0989 -0.9403
vn -0.5939 -0.7608 0.2618
vn -0.1817 -0.4950 0.8497
vn 0.6056 0.4715 0.6411
vn 0.5847 0.7805 -0.2214
vn 0.0196 0.3938 -0.9190
vn -0.6776 -0.6743 -0.2935
vn 0.2503 -0.0326 0.9676
vn -0.3257 -0.8175 0.4750
vn 0.0751 -0.4801 0.8740
vn 0.4156 0.5522 0.7227
vn 0.5206 0.7974 0.3052
vn 0.4369 0.8800 -0.1863
vn 0.2094 0.7698 -0.6029
vn -0.3103 -0.2001 -0.9294
vn -0.4294 -0.5973 -0.6774
vn -0.5402 -0.7782 -0.3202
vn -0.2920 -0.9486 0.1219
vn -0.1234 0.3873 -0.9137
vn -0.0123 -0.8404 0.5418
vn 0.2953 -0.0320 0.9549
vn 0.2745 0.9147 0.2965
vn 0.0945 0.9904 -0.1013
vn 0.0351 0.8584 -0.5119
vn -0.2760 -0.8743 -0.3992
vn -0.0451 -0.9974 0.0559
vn 0.2296 -0.5220 0.8214
vn -0.2308 0.7991 -0.5552
vn 0.2106 -0.8341 0.5098
vn 0.1906 0.5741 0.7963
vn 0.0785 0.8408 0.5356
vn -0.2546 0.7579 -0.6006
vn -0.1972 -0.5367 -0.8204
vn -0.0179 -0.9188 -0.3944
vn 0.4020 -0.5056 0.7634
vn -0.2559 0.9667 0.0019
vn -0.2392 -0.2215 -0.9454
vn 0.3082 -0.9482 -0.0774
vn 0.2597 -0.9398 0.2221
vn 0.3380 0.0017 0.9411
vn -0.4287 0.8174 -0.3849
vn 0.5201 -0.7487 0.4110
vn 0.0394 0.5045 0.8625
vn -0.1922 0.7749 0.6022
vn -0.4795 0.3530 -0.8034
vn 0.0384 -0.4983 -0.8661
vn 0.2112 -0.8188 -0.5339
vn 0.5421 -0.8264 -0.1522
vn 0.3780 -0.0242 0.9255
vn -0.5517 0.8309 0.0730
vn -0.6458 0.7074 -0.2872
vn 0.6249 -0.5225 0.5801
vn -0.0342 0.3778 0.9252
vn -0.4660 0.6315 0.6197
vn -0.6990 0.4305 -0.5710
vn 0.4219 -0.6617 -0.6197
vn 0.7479 -0.6321 -0.2027
vn 0.7358 -0.4415 0.5134
vn -0.7251 0.6860 -0.0595
vn -0.1084 -0.1464 -0.9833
vn 0.2390 -0.4057 -0.8822
vn -0.8094 0.5615 0.1722
vn -0.8776 0.4345 -0.2027
vn 0.8358 -0.4706 -0.2826
vn 0.8991 -0.3408 0.2746
vn 0.5442 -0.0842 0.8347
vn -0.1035 0.2008 0.9742
vn -0.5598 0.4383 0.7033
vn 0.6359 -0.3570 -0.6842
vn -0.9153 0.3269 0.2352
vn -0.9420 0.3064 -0.1369
vn -0.8333 0.0880 -0.5457
vn 0.2526 -0.1652 -0.9534
vn 0.9181 -0.2016 -0.3413
vn 0.9533 -0.1700 0.2498
vn 0.7883 -0.0306 0.6145
vn 0.3678 0.0566 0.9282
vn -0.6736 0.2055 0.7099
vn -0.1469 0.0744 0.9863
vn -0.9584 0.0920 0.2702
vn -0.9942 -0.0468 -0.0967
vn -0.2320 -0.0408 -0.9719
vn 0.6915 -0.0834 -0.7175
vn 0.9366 0.0876 -0.3393
vn 0.9700 0.0638 0.2345
vn -0.6885 -0.0634 0.7224
vn 0.2791 -0.0079 -0.9602
vn 0.7615 0.1479 0.6311
vn -0.1868 -0.0758 0.9795
vn -0.9027 -0.2240 0.3673
vn -0.7732 -0.1884 -0.6056
vn 0.6605 0.1488 -0.7359
vn 0.8969 0.2822 -0.3405
vn 0.9138 0.3457 0.2133
vn -0.8877 -0.3108 -0.3395
vn 0.2116 0.1501 -0.9658
vn 0.5558 0.1986 0.8073
vn -0.6678 -0.4231 0.6124
vn -0.7826 -0.5129 0.3528
vn 0.6010 0.3764 -0.7051
vn 0.8145 0.5233 -0.2507
vn 0.3198 0.0660 0.9452
vn -0.0423 -0.2703 0.9618
vn -0.4516 -0.1354 -0.8819
vn 0.7226 0.6576 -0.2131
vn 0.7359 0.4800 0.4775
vn -0.7642 -0.5992 -0.2388
vn -0.2294 0.0828 -0.9698
vn 0.1102 0.3532 -0.9290
vn 0.4603 0.5232 -0.7172
vn 0.6859 0.6746 0.2729
vn -0.4412 -0.6766 0.5896
vn -0.6007 -0.7183 0.3509
vn -0.5441 -0.4144 -0.7296
vn 0.5310 0.8294 -0.1737
vn 0.5238 0.4948 0.6934
vn 0.3275 0.0966 0.9399
vn -0.5589 -0.8253 -0.0806
vn 0.2670 0.6772 -0.6856
vn 0.4843 0.8278 0.2831
vn 0.1065 -0.4628 0.8800
vn -0.2905 -0.7880 0.5429
vn 0.0421 0.5878 -0.8079
vn 0.2992 0.9460 -0.1251
vn -0.3237 -0.9403 0.1050
vn -0.3442 -0.8407 -0.4180
vn -0.4107 -0.5716 -0.7104
vn 0.2344 0.8870 0.3980
vn 0.3816 0.5621 0.7338
vn 0.3018 0.1916 0.9339
vn 0.0420 -0.8744 0.4834
vn -0.2968 0.0161 -0.9548
vn -0.1666 0.4335 -0.8856
vn 0.0122 0.8607 -0.5090
vn -0.0031 0.9916 -0.1292
vn 0.0005 -1.0000 -0.0082
vn 0.1905 0.5786 0.7931
vn 0.3360 -0.4883 0.8054
vn -0.0859 -0.8665 -0.4918
vn -0.2172 -0.5767 -0.7876
vn -0.2725 0.4873 -0.8296
vn -0.2701 0.8449 -0.4617
vn -0.1974 0.9801 0.0229
vn -0.0547 0.8804 0.4710
vn 0.3772 -0.8512 0.3651
vn -0.3194 0.0206 -0.9474
vn 0.2435 0.1418 0.9595
vn 0.3240 -0.9444 -0.0565
vn 0.1251 -0.8376 -0.5318
vn -0.1119 -0.4848 -0.8674
vn -0.4535 0.4853 -0.7476
vn -0.4100 0.9049 0.1142
vn -0.0521 0.6761 0.7350
vn 0.5495 -0.3759 0.7462
vn -0.5395 0.7407 -0.4003
vn -0.3382 0.7506 0.5676
vn 0.6299 -0.6459 0.4313
vn 0.5031 -0.8541 -0.1321
vn 0.3112 -0.7604 -0.5700
vn 0.0470 -0.4638 -0.8847
vn -0.6247 0.7564 0.1938
vn -0.1055 0.4435 0.8901
vn -0.3889 0.0384 -0.9205
vn -0.6217 0.5280 -0.5785
vn -0.5420 0.5568 0.6294
vn 0.2235 0.0916 0.9704
vn 0.7504 -0.6605 0.0266
vn 0.5566 -0.6251 -0.5473
vn -0.7954 0.5986 -0.0950
vn -0.2554 0.3283 0.9094
vn 0.6476 -0.2388 0.7236
vn 0.7754 -0.5648 -0.2824
vn 0.2268 -0.3366 -0.9139
vn -0.7727 0.3037 -0.5574
vn -0.8601 0.4507 0.2390
vn 0.9099 -0.3575 0.2105
vn 0.5947 -0.3722 -0.7126
vt 0.531250 0.583333
vt 0.518839 0.666667
vt 0.488790 0.583333
vt 0.541637 0.750000
vt 0.513413 0.833333
vt 0.460127 0.750000
vt 0.541637 0.000000
vt 0.511476 0.083333
vt 0.490669 0.000000
vt 0.550662 0.333333
vt 0.530680 0.416667
vt 0.497731 0.333333
vt 0.569414 0.555310
vt 0.532336 0.500000
vt 0.590836 0.250000
vt 0.500092 0.250000
vt 0.583609 0.666667
vt 0.623174 0.750000
vt 0.574770 0.833333
vt 0.604131 0.916667
vt 0.552083 0.916667
vt 0.605694 0.083333
vt 0.574770 0.166667
vt 0.553433 0.083333
vt 0.598564 0.371153
vt 0.571567 0.416667
vt 0.595603 0.500000
vt 0.612730 0.583333
vt 0.637270 0.500000
vt 0.654397 0.583333
vt 0.635708 0.666667
vt 0.625024 0.166667
vt 0.665494 0.250000
vt 0.659246 0.333333
vt 0.683306 0.616883
vt 0.675230 0.833333
vt 0.624975 0.833333
vt 0.669269 0.916667
vt 0.675997 0.000000
vt 0.669271 0.083333
vt 0.636502 0.000000
vt 0.687298 0.166667
vt 0.678169 0.500000
vt 0.707225 0.750000
vt 0.715728 0.559155
vt 0.731161 0.666667
vt 0.736587 0.833333
vt 0.739292 0.166667
vt 0.751515 0.250000
vt 0.740669 0.500000
vt 0.760417 0.583333
vt 0.779578 0.750000
vt 0.760417 0.916667
vt 0.720100 0.916667
vt 0.761476 0.083333
vt 0.720100 0.083333
vt 0.780164 0.500000
vt 0.782672 0.666667
vt 0.799087 0.166667
vt 0.801290 0.583333
vt 0.810282 0.833333
vt 0.811716 0.916667
vt 0.768230 1.000000
vt 0.820495 0.531978
vt 0.832963 0.666667
vt 0.830730 1.000000
vt 0.830730 0.000000
vt 0.802877 0.083333
vt 0.768230 0.000000
vt 0.812525 0.416667
vt 0.843750 0.750000
vt 0.844257 0.083333
vt 0.864583 0.583333
vt 0.865090 0.916667
vt 0.864583 0.166667
vt 0.855807 0.250000
vt 0.863524 0.416667
vt 0.844836 0.500000
vt 0.884331 0.500000
vt 0.891163 0.615827
vt 0.883564 1.000000
vt 0.915882 0.416667
vt 0.917729 0.916667
vt 0.916667 1.000000
vt 0.916667 0.038299
vt 0.886766 0.083333
vt 0.883564 0.000000
vt 0.930069 0.166667
vt 0.959709 0.250000
vt 0.937225 0.333333
vt 0.874976 0.333333
vt 0.927083 0.500000
vt 0.948486 0.083333
vt 0.967852 0.693745
vt 0.909249 0.750000
vt 0.926681 0.623365
vt 0.967400 0.916667
vt 0.947917 1.000000
vt 0.989292 0.333333
vt 1.000000 0.750000
vt 0.976563 0.833333
vt 1.000000 0.916667
vt 0.989583 1.000000
vt 0.029584 0.750000
vt 0.029689 0.833333
vt 0.000000 0.833333
vt 0.009357 0.916667
vt 0.061715 0.916667
vt 0.030164 1.000000
vt 0.050661 0.333333
vt 0.033103 0.416667
vt 0.007060 0.333333
vt 0.074478 0.666667
vt 0.020633 0.666667
vt 0.083609 0.833333
vt 0.072148 1.000000
vt 0.072148 0.000000
vt 0.043584 0.083333
vt 0.030164 0.000000
vt 0.083609 0.166667
vt 0.015738 0.166667
vt 0.101564 0.583333
vt 0.050734 0.583333
vt 0.119041 0.657230
vt 0.104952 0.083333
vt 0.104442 0.333333
vt 0.072917 0.416667
vt 0.125030 0.000000
vt 0.117915 0.232280
vt 0.052089 0.250000
vt 0.112730 0.416667
vt 0.093750 0.500000
vt 0.125000 0.500000
vt 0.150086 0.613265
vt 0.145798 0.750000
vt 0.156820 0.083333
vt 0.156669 0.833333
vt 0.176024 0.916667
vt 0.123083 0.916667
vt 0.177083 0.000000
vt 0.187521 0.166667
vt 0.184260 0.250000
vt 0.197917 0.500000
vt 0.176290 0.583333
vt 0.156250 0.500000
vt 0.200145 0.065509
vt 0.218750 0.583333
vt 0.208314 0.666667
vt 0.239574 0.833333
vt 0.270039 0.916667
vt 0.217400 0.916667
vt 0.241437 1.000000
vt 0.247632 0.166667
vt 0.269726 0.250000
vt 0.260923 0.416667
vt 0.239583 0.500000
vt 0.223715 0.371796
vt 0.279397 0.500000
vt 0.273439 0.583333
vt 0.282586 0.750000
vt 0.312520 0.833333
vt 0.291642 0.000000
vt 0.302083 0.083333
vt 0.249216 0.083333
vt 0.301925 0.166667
vt 0.334858 0.916667
vt 0.343750 0.250000
vt 0.300662 0.333333
vt 0.314355 0.416667
vt 0.321064 0.500000
vt 0.341897 1.000000
vt 0.291642 1.000000
vt 0.345172 0.166667
vt 0.352172 0.333333
vt 0.360772 0.628193
vt 0.315104 0.666667
vt 0.324266 0.583333
vt 0.382710 0.833333
vt 0.364583 0.416667
vt 0.395464 0.166667
vt 0.405164 0.500000
vt 0.387270 0.583333
vt 0.363814 0.500000
vt 0.399259 0.383931
vt 0.387270 0.916667
vt 0.423399 0.949951
vt 0.383564 1.000000
vt 0.432431 0.456104
vt 0.439355 0.583333
vt 0.458354 0.666667
vt 0.407947 0.666667
vt 0.447917 0.833333
vt 0.428433 0.083333
vt 0.458133 0.166667
vt 0.417840 0.250000
vt 0.451521 0.370398
vt 0.467400 0.916667
vt 0.449770 1.000000
vt 0.469320 0.083333
vt 0.493936 0.454006
vt 0.469836 0.500000
vt 0.510417 0.916667
vt 0.490669 1.000000
vt 0.523052 0.166667
vt 0.541637 1.000000
vt 0.594519 1.000000
vt 0.594519 0.000000
vt 0.634357 0.416667
vt 0.636502 1.000000
vt 0.675734 0.416667
vt 0.675997 1.000000
vt 0.716897 1.000000
vt 0.740010 0.333333
vt 0.718750 0.416667
vt 0.716897 0.000000
vt 0.762270 0.416667
vt 0.812701 0.333333
vt 0.863161 0.833333
vt 0.914299 0.833333
vt 0.969257 0.583333
vt 0.969836 0.500000
vt 0.947917 0.000000
vt 0.979885 0.416667
vt 0.989583 0.000000
vt 0.990643 0.083333
vt 0.989583 0.166667
vt 1.000000 0.583333
vt 1.000000 0.666667
vt 0.000000 0.083333
vt 1.000000 0.500000
vt 0.000000 1.000000
vt 0.011186 0.500000
vt 0.053936 0.500000
vt 0.000000 0.250000
vt 0.000000 0.416667
vt 0.011210 0.583333
vt 0.125030 1.000000
vt 0.169271 0.333333
vt 0.156250 0.416667
vt 0.177083 1.000000
vt 0.209809 0.750000
vt 0.198710 0.416667
vt 0.208333 1.000000
vt 0.241437 0.000000
vt 0.260575 0.666667
vt 0.258995 0.333333
vt 0.341897 0.000000
vt 0.344320 0.083333
vt 0.367575 0.750000
vt 0.383564 0.000000
vt 0.386476 0.083333
vt 0.416667 0.000000
vt 0.449770 0.000000
vt 0.000000 0.000000
s 1
g Torus.007_Mat_Navio_Ferrugem_30.009
usemtl Mat_Navio_Ferrugem_30.009
f 1770/2300/1770 1761/2301/1761 1760/2302/1760
f 1771/2303/1771 1762/2304/1762 1965/2305/1965
f 1772/2306/1772 1765/2307/1765 1764/2308/1764
f 1776/2309/1776 1773/2310/1773 1768/2311/1768
f 1777/2312/1777 1770/2300/1770 1769/2313/1769
f 1781/2314/1781 1776/2309/1776 1767/2315/1767
f 1778/2316/1778 1784/2317/1784 1771/2303/1771
f 1779/2318/1779 1785/2319/1785 1774/2320/1774
f 1787/2321/1787 1780/2322/1780 1775/2323/1775
f 1791/2324/1791 1782/2325/1782 1776/2309/1776
f 1783/2326/1783 1788/2327/1788 1777/2312/1777
f 1788/2327/1788 1778/2316/1778 1777/2312/1777
f 1791/2324/1791 1783/2326/1783 1782/2325/1782
f 1792/2328/1792 1797/2329/1797 1788/2327/1788
f 1797/2329/1797 1793/2330/1793 1788/2327/1788
f 1790/2331/1790 1800/2332/1800 1781/2314/1781
f 1800/2332/1800 1795/2333/1795 1781/2314/1781
f 1797/2329/1797 1802/2334/1802 1793/2330/1793
f 1784/2317/1784 1803/2335/1803 1789/2336/1789
f 1803/2335/1803 1798/2337/1798 1789/2336/1789
f 1804/2338/1804 1799/2339/1799 1794/2340/1794
f 1799/2339/1799 1805/2341/1805 1790/2331/1790
f 1805/2341/1805 1800/2332/1800 1790/2331/1790
f 1801/2342/1801 1802/2334/1802 1797/2329/1797
f 1802/2334/1802 1807/2343/1807 1784/2317/1784
f 1807/2343/1807 1803/2335/1803 1784/2317/1784
f 1808/2344/1808 1802/2334/1802 1801/2342/1801
f 1809/2345/1809 1807/2343/1807 1802/2334/1802
f 1807/2343/1807 1810/2346/1810 1803/2335/1803
f 1818/2347/1818 1814/2348/1814 1805/2341/1805
f 1817/2349/1817 1819/2350/1819 1808/2344/1808
f 1809/2345/1809 1820/2351/1820 1807/2343/1807
f 1810/2346/1810 1821/2352/1821 1811/2353/1811
f 1823/2354/1823 1818/2347/1818 1813/2355/1813
f 1825/2356/1825 1819/2350/1819 1817/2349/1817
f 1826/2357/1826 1820/2351/1820 1809/2345/1809
f 1823/2354/1823 1827/2358/1827 1818/2347/1818
f 1827/2358/1827 1814/2348/1814 1818/2347/1818
f 1828/2359/1828 1826/2357/1826 1819/2350/1819
f 1820/2351/1820 1829/2360/1829 1810/2346/1810
f 1830/2361/1830 1822/2362/1822 1821/2352/1821
f 1838/2363/1838 1828/2359/1828 1825/2356/1825
f 1834/2364/1834 1820/2351/1820 1826/2357/1826
f 1830/2361/1830 1835/2365/1835 1822/2362/1822
f 1835/2366/1835 1831/2367/1831 1822/2368/1822
f 1833/2369/1833 1838/2363/1838 1825/2356/1825
f 1838/2363/1838 1834/2364/1834 1828/2359/1828
f 1834/2364/1834 1839/2370/1839 1820/2351/1820
f 1839/2370/1839 1829/2360/1829 1820/2351/1820
f 1835/2366/1835 1840/2371/1840 1831/2367/1831
f 1841/2372/1841 1834/2364/1834 1838/2363/1838
f 1843/2373/1843 1835/2365/1835 1830/2361/1830
f 1840/2371/1840 1844/2374/1844 1827/2358/1827
f 1844/2374/1844 1836/2375/1836 1827/2358/1827
f 1846/2376/1846 1837/2377/1837 1833/2369/1833
f 1847/2378/1847 1841/2372/1841 1837/2377/1837
f 1841/2372/1841 1851/2379/1851 1834/2364/1834
f 1843/2373/1843 1849/2380/1849 1835/2365/1835
f 1847/2378/1847 1851/2379/1851 1841/2372/1841
f 1855/2381/1855 1847/2378/1847 1846/2376/1846
f 1853/2382/1853 1858/2383/1858 1849/2380/1849
f 1858/2384/1858 1850/2385/1850 1849/2386/1849
f 1858/2384/1858 1854/2387/1854 1850/2385/1850
f 1854/2387/1854 1859/2388/1859 1836/2375/1836
f 1860/2389/1860 1855/2381/1855 1845/2390/1845
f 1855/2381/1855 1856/2391/1856 1847/2378/1847
f 1862/2392/1862 1854/2387/1854 1858/2384/1858
f 1865/2393/1865 1848/2394/1848 1857/2395/1857
f 1867/2396/1867 1861/2397/1861 1853/2382/1853
f 1859/2388/1859 1872/2398/1872 1860/2389/1860
f 1876/2399/1876 1866/2400/1866 1865/2393/1865
f 1866/2400/1866 1877/2401/1877 1867/2396/1867
f 1877/2401/1877 1869/2402/1869 1867/2396/1867
f 1876/2403/1876 1878/2404/1878 1866/2405/1866
f 1878/2404/1878 1877/2406/1877 1866/2405/1866
f 1885/2407/1885 1879/2408/1879 1877/2406/1877
f 1886/2409/1886 1882/2410/1882 1872/2411/1872
f 1887/2412/1887 1876/2403/1876 1875/2413/1875
f 1888/2414/1888 1885/2407/1885 1878/2404/1878
f 1885/2407/1885 1889/2415/1889 1879/2408/1879
f 1889/2416/1889 1880/2417/1880 1879/2418/1879
f 1880/2417/1880 1890/2419/1890 1871/2420/1871
f 1893/2421/1893 1887/2412/1887 1884/2422/1884
f 1887/2412/1887 1896/2423/1896 1876/2403/1876
f 1896/2423/1896 1888/2414/1888 1876/2403/1876
f 1894/2424/1894 1890/2419/1890 1880/2417/1880
f 1895/2425/1895 1891/2426/1891 1886/2409/1886
f 1898/2427/1898 1894/2424/1894 1889/2416/1889
f 1890/2419/1890 1903/2428/1903 1881/2429/1881
f 1903/2428/1903 1895/2425/1895 1881/2429/1881
f 1895/2425/1895 1899/2430/1899 1891/2426/1891
f 1899/2430/1899 1892/2431/1892 1891/2426/1891
f 1900/2432/1900 1893/2421/1893 1892/2431/1892
f 1899/2430/1899 1900/2432/1900 1892/2431/1892
f 1905/2433/1905 1896/2423/1896 1893/2421/1893
f 1905/2433/1905 1901/2434/1901 1896/2423/1896
f 1906/2435/1906 1903/2428/1903 1894/2424/1894
f 1902/2436/1902 1911/2437/1911 1897/2438/1897
f 1912/2439/1912 1906/2435/1906 1898/2427/1898
f 1913/2440/1913 1907/2441/1907 1903/2428/1903
f 1914/2442/1914 1910/2443/1910 1904/2444/1904
f 1917/2445/1917 1913/2440/1913 1906/2435/1906
f 1914/2442/1914 1919/2446/1919 1910/2443/1910
f 1919/2446/1919 1915/2447/1915 1910/2443/1910
f 1920/2448/1920 1930/2449/1930 1921/2450/1921
f 1930/2449/1930 1924/2451/1924 1921/2450/1921
f 1926/2452/1926 1931/2453/1931 1907/2441/1907
f 1933/2454/1933 1923/2455/1923 1922/2456/1922
f 1934/2457/1934 1927/2458/1927 1923/2455/1923
f 1933/2454/1933 1934/2457/1934 1923/2455/1923
f 1929/2459/1929 1937/2460/1937 1920/2448/1920
f 1935/2461/1935 1938/2462/1938 1925/2463/1925
f 1939/2464/1939 1931/2453/1931 1926/2452/1926
f 1937/2460/1937 1944/2465/1944 1930/2449/1930
f 1945/2466/1945 1940/2467/1940 1931/2453/1931
f 1941/2468/1941 1942/2469/1942 1934/2457/1934
f 1944/2465/1944 1947/2470/1947 1935/2471/1935
f 1949/2472/1949 1945/2466/1945 1939/2464/1939
f 1950/2473/1950 1941/2468/1941 1940/2467/1940
f 1952/2474/1952 1936/2475/1936 1943/2476/1943
f 1953/2477/1953 1944/2465/1944 1937/2460/1937
f 1950/2473/1950 1954/2478/1954 1941/2468/1941
f 1959/2479/1959 1945/2466/1945 1949/2472/1949
f 1960/2480/1960 1955/2481/1955 1951/2482/1951
f 1963/2483/1963 1954/2478/1954 1950/2473/1950
f 1956/2484/1956 1966/2485/1966 1957/2486/1957
f 1968/2487/1968 1964/2488/1964 1960/2480/1960
f 1969/2489/1969 1965/2305/1965 1961/2490/1961
f 1965/2305/1965 1970/2491/1970 1953/2477/1953
f 1970/2491/1970 1966/2485/1966 1953/2477/1953
f 1967/2492/1967 1972/2493/1972 1959/2479/1959
f 1972/2493/1972 1962/2494/1962 1959/2479/1959
f 1962/2494/1962 1973/2495/1973 1963/2483/1963
f 1973/2495/1973 1968/2487/1968 1963/2483/1963
f 1975/2496/1975 1971/2497/1971 1966/2485/1966
f 1976/2498/1976 1972/2493/1972 1967/2492/1967
f 1760/2302/1760 1969/2489/1969 1964/2488/1964
f 1767/2315/1767 1768/2311/1768 1973/2495/1973
f 1759/2499/1759 1974/2500/1974 1973/2495/1973
f 1759/2499/1759 1760/2302/1760 1974/2500/1974
f 1760/2302/1760 1761/2301/1761 1969/2489/1969
f 1762/2304/1762 1763/2501/1763 1975/2496/1975
f 1763/2501/1763 1764/2502/1764 1975/2496/1975
f 1766/2503/1766 1767/2315/1767 1972/2493/1972
f 1778/2316/1778 1770/2300/1770 1777/2312/1777
f 1761/2301/1761 1771/2303/1771 1965/2305/1965
f 1763/2501/1763 1772/2504/1772 1764/2502/1764
f 1768/2311/1768 1773/2310/1773 1759/2499/1759
f 1773/2310/1773 1769/2313/1769 1759/2499/1759
f 1762/2304/1762 1774/2320/1774 1763/2501/1763
f 1763/2501/1763 1774/2320/1774 1772/2504/1772
f 1772/2306/1772 1775/2323/1775 1765/2307/1765
f 1765/2307/1765 1775/2323/1775 1766/2503/1766
f 1767/2315/1767 1776/2309/1776 1768/2311/1768
f 1781/2314/1781 1766/2503/1766 1780/2322/1780
f 1761/2301/1761 1778/2316/1778 1771/2303/1771
f 1771/2303/1771 1779/2318/1779 1762/2304/1762
f 1762/2304/1762 1779/2318/1779 1774/2320/1774
f 1775/2323/1775 1780/2322/1780 1766/2503/1766
f 1769/2313/1769 1782/2325/1782 1777/2312/1777
f 1776/2309/1776 1782/2325/1782 1773/2310/1773
f 1774/2320/1774 1786/2505/1786 1772/2504/1772
f 1771/2303/1771 1784/2317/1784 1779/2318/1779
f 1775/2323/1775 1786/2506/1786 1787/2321/1787
f 1783/2326/1783 1796/2507/1796 1792/2328/1792
f 1781/2314/1781 1791/2324/1791 1776/2309/1776
f 1782/2325/1782 1783/2326/1783 1777/2312/1777
f 1784/2317/1784 1789/2336/1789 1779/2318/1779
f 1779/2318/1779 1789/2336/1789 1785/2319/1785
f 1787/2321/1787 1790/2331/1790 1780/2322/1780
f 1780/2322/1780 1790/2331/1790 1781/2314/1781
f 1783/2326/1783 1792/2328/1792 1788/2327/1788
f 1788/2327/1788 1793/2330/1793 1778/2316/1778
f 1778/2316/1778 1793/2330/1793 1784/2317/1784
f 1785/2319/1785 1794/2508/1794 1786/2505/1786
f 1786/2506/1786 1794/2340/1794 1787/2321/1787
f 1781/2314/1781 1795/2333/1795 1791/2324/1791
f 1791/2324/1791 1795/2333/1795 1796/2507/1796
f 1792/2328/1792 1806/2509/1806 1801/2342/1801
f 1789/2336/1789 1798/2337/1798 1785/2319/1785
f 1785/2319/1785 1798/2337/1798 1794/2508/1794
f 1794/2340/1794 1799/2339/1799 1787/2321/1787
f 1787/2321/1787 1799/2339/1799 1790/2331/1790
f 1792/2328/1792 1801/2342/1801 1797/2329/1797
f 1793/2330/1793 1802/2334/1802 1784/2317/1784
f 1798/2337/1798 1804/2510/1804 1794/2508/1794
f 1795/2333/1795 1806/2509/1806 1796/2507/1796
f 1803/2335/1803 1811/2353/1811 1798/2337/1798
f 1808/2344/1808 1809/2345/1809 1802/2334/1802
f 1804/2510/1804 1811/2353/1811 1812/2511/1812
f 1804/2338/1804 1813/2355/1813 1799/2339/1799
f 1800/2332/1800 1815/2512/1815 1795/2333/1795
f 1799/2339/1799 1813/2355/1813 1805/2341/1805
f 1805/2341/1805 1814/2348/1814 1800/2332/1800
f 1816/2513/1816 1795/2333/1795 1815/2512/1815
f 1801/2342/1801 1816/2513/1816 1808/2344/1808
f 1812/2511/1812 1821/2352/1821 1822/2362/1822
f 1813/2355/1813 1818/2347/1818 1805/2341/1805
f 1816/2513/1816 1817/2349/1817 1808/2344/1808
f 1808/2344/1808 1819/2350/1819 1809/2345/1809
f 1807/2343/1807 1820/2351/1820 1810/2346/1810
f 1812/2514/1812 1823/2354/1823 1813/2355/1813
f 1821/2352/1821 1829/2360/1829 1830/2361/1830
f 1815/2512/1815 1824/2515/1824 1816/2513/1816
f 1816/2513/1816 1824/2515/1824 1817/2349/1817
f 1819/2350/1819 1826/2357/1826 1809/2345/1809
f 1824/2515/1824 1825/2356/1825 1817/2349/1817
f 1825/2356/1825 1828/2359/1828 1819/2350/1819
f 1824/2515/1824 1832/2516/1832 1833/2369/1833
f 1822/2368/1822 1831/2367/1831 1823/2354/1823
f 1823/2354/1823 1831/2367/1831 1827/2358/1827
f 1814/2348/1814 1832/2516/1832 1815/2512/1815
f 1830/2361/1830 1842/2517/1842 1843/2373/1843
f 1824/2515/1824 1833/2369/1833 1825/2356/1825
f 1828/2359/1828 1834/2364/1834 1826/2357/1826
f 1827/2358/1827 1836/2375/1836 1814/2348/1814
f 1814/2348/1814 1836/2375/1836 1832/2516/1832
f 1831/2367/1831 1840/2371/1840 1827/2358/1827
f 1833/2369/1833 1837/2377/1837 1838/2363/1838
f 1837/2377/1837 1841/2372/1841 1838/2363/1838
f 1839/2370/1839 1842/2517/1842 1829/2360/1829
f 1846/2376/1846 1832/2516/1832 1845/2390/1845
f 1836/2375/1836 1845/2390/1845 1832/2516/1832
f 1839/2370/1839 1851/2379/1851 1848/2394/1848
f 1840/2371/1840 1849/2386/1849 1850/2385/1850
f 1839/2370/1839 1848/2394/1848 1842/2517/1842
f 1843/2373/1843 1852/2518/1852 1853/2382/1853
f 1840/2371/1840 1850/2385/1850 1844/2374/1844
f 1846/2376/1846 1847/2378/1847 1837/2377/1837
f 1848/2394/1848 1852/2518/1852 1842/2517/1842
f 1851/2379/1851 1856/2391/1856 1857/2395/1857
f 1843/2373/1843 1853/2382/1853 1849/2380/1849
f 1850/2385/1850 1854/2387/1854 1844/2374/1844
f 1844/2374/1844 1854/2387/1854 1836/2375/1836
f 1845/2390/1845 1855/2381/1855 1846/2376/1846
f 1860/2389/1860 1836/2375/1836 1859/2388/1859
f 1851/2379/1851 1857/2395/1857 1848/2394/1848
f 1864/2519/1864 1856/2391/1856 1863/2520/1863
f 1853/2382/1853 1861/2397/1861 1858/2383/1858
f 1861/2521/1861 1862/2392/1862 1858/2384/1858
f 1852/2518/1852 1865/2393/1865 1866/2400/1866
f 1857/2395/1857 1864/2519/1864 1865/2393/1865
f 1852/2518/1852 1867/2396/1867 1853/2382/1853
f 1856/2391/1856 1868/2522/1868 1863/2520/1863
f 1860/2389/1860 1868/2522/1868 1855/2381/1855
f 1862/2392/1862 1869/2523/1869 1870/2524/1870
f 1867/2396/1867 1869/2402/1869 1861/2397/1861
f 1854/2387/1854 1870/2524/1870 1871/2525/1871
f 1863/2520/1863 1874/2526/1874 1864/2519/1864
f 1854/2387/1854 1871/2525/1871 1859/2388/1859
f 1860/2389/1860 1872/2398/1872 1868/2522/1868
f 1865/2393/1865 1874/2526/1874 1875/2527/1875
f 1870/2528/1870 1879/2418/1879 1880/2417/1880
f 1875/2527/1875 1876/2399/1876 1865/2393/1865
f 1868/2522/1868 1873/2529/1873 1863/2520/1863
f 1877/2406/1877 1879/2408/1879 1869/2530/1869
f 1884/2422/1884 1873/2531/1873 1883/2532/1883
f 1870/2528/1870 1880/2417/1880 1871/2420/1871
f 1871/2420/1871 1881/2429/1881 1859/2533/1859
f 1859/2533/1859 1881/2429/1881 1872/2411/1872
f 1872/2411/1872 1882/2410/1882 1868/2534/1868
f 1868/2534/1868 1882/2410/1882 1873/2531/1873
f 1884/2422/1884 1892/2431/1892 1893/2421/1893
f 1874/2535/1874 1884/2422/1884 1875/2413/1875
f 1878/2404/1878 1885/2407/1885 1877/2406/1877
f 1881/2429/1881 1886/2409/1886 1872/2411/1872
f 1882/2410/1882 1883/2532/1883 1873/2531/1873
f 1884/2422/1884 1887/2412/1887 1875/2413/1875
f 1876/2403/1876 1888/2414/1888 1878/2404/1878
f 1871/2420/1871 1890/2419/1890 1881/2429/1881
f 1886/2409/1886 1891/2426/1891 1882/2410/1882
f 1882/2410/1882 1891/2426/1891 1883/2532/1883
f 1889/2415/1889 1897/2438/1897 1898/2536/1898
f 1889/2416/1889 1894/2424/1894 1880/2417/1880
f 1881/2429/1881 1895/2425/1895 1886/2409/1886
f 1891/2426/1891 1892/2431/1892 1883/2532/1883
f 1893/2421/1893 1896/2423/1896 1887/2412/1887
f 1888/2414/1888 1897/2438/1897 1885/2407/1885
f 1896/2423/1896 1902/2436/1902 1888/2414/1888
f 1905/2433/1905 1900/2432/1900 1904/2444/1904
f 1888/2414/1888 1902/2436/1902 1897/2438/1897
f 1894/2424/1894 1903/2428/1903 1890/2419/1890
f 1770/2300/1770 1759/2499/1759 1769/2313/1769
f 1903/2428/1903 1908/2537/1908 1895/2425/1895
f 1898/2427/1898 1906/2435/1906 1894/2424/1894
f 1909/2538/1909 1895/2425/1895 1908/2537/1908
f 1900/2432/1900 1909/2538/1909 1904/2444/1904
f 1898/2536/1898 1911/2437/1911 1912/2539/1912
f 1904/2444/1904 1910/2443/1910 1905/2433/1905
f 1905/2433/1905 1916/2540/1916 1901/2434/1901
f 1906/2435/1906 1913/2440/1913 1903/2428/1903
f 1910/2443/1910 1915/2447/1915 1905/2433/1905
f 1914/2442/1914 1909/2538/1909 1918/2541/1918
f 1901/2434/1901 1916/2540/1916 1902/2436/1902
f 1912/2439/1912 1917/2445/1917 1906/2435/1906
f 1908/2537/1908 1918/2541/1918 1909/2538/1909
f 1902/2436/1902 1921/2450/1921 1911/2437/1911
f 1916/2540/1916 1920/2448/1920 1902/2436/1902
f 1911/2437/1911 1917/2542/1917 1912/2539/1912
f 1926/2452/1926 1917/2445/1917 1925/2463/1925
f 1907/2441/1907 1922/2456/1922 1908/2537/1908
f 1908/2537/1908 1922/2456/1922 1918/2541/1918
f 1914/2442/1914 1923/2455/1923 1919/2446/1919
f 1921/2450/1921 1924/2451/1924 1917/2542/1917
f 1917/2445/1917 1924/2543/1924 1925/2463/1925
f 1914/2442/1914 1922/2456/1922 1923/2455/1923
f 1913/2440/1913 1926/2452/1926 1907/2441/1907
f 1928/2544/1928 1919/2446/1919 1927/2458/1927
f 1923/2455/1923 1927/2458/1927 1919/2446/1919
f 1916/2540/1916 1928/2544/1928 1929/2459/1929
f 1922/2456/1922 1931/2453/1931 1932/2545/1932
f 1916/2540/1916 1929/2459/1929 1920/2448/1920
f 1939/2464/1939 1925/2463/1925 1938/2462/1938
f 1932/2545/1932 1933/2454/1933 1922/2456/1922
f 1930/2449/1930 1935/2471/1935 1924/2451/1924
f 1924/2543/1924 1935/2461/1935 1925/2463/1925
f 1927/2458/1927 1936/2475/1936 1928/2544/1928
f 1928/2544/1928 1936/2475/1936 1929/2459/1929
f 1920/2448/1920 1937/2460/1937 1930/2449/1930
f 1933/2454/1933 1940/2467/1940 1941/2468/1941
f 1931/2453/1931 1940/2467/1940 1932/2545/1932
f 1934/2457/1934 1943/2476/1943 1927/2458/1927
f 1933/2454/1933 1941/2468/1941 1934/2457/1934
f 1938/2462/1938 1947/2546/1947 1948/2547/1948
f 1927/2458/1927 1943/2476/1943 1936/2475/1936
f 1930/2449/1930 1944/2465/1944 1935/2471/1935
f 1939/2464/1939 1945/2466/1945 1931/2453/1931
f 1936/2475/1936 1946/2548/1946 1929/2459/1929
f 1929/2459/1929 1946/2548/1946 1937/2460/1937
f 1939/2464/1939 1948/2547/1948 1949/2472/1949
f 1943/2476/1943 1951/2482/1951 1952/2474/1952
f 1945/2466/1945 1950/2473/1950 1940/2467/1940
f 1942/2469/1942 1954/2478/1954 1951/2482/1951
f 1936/2475/1936 1952/2474/1952 1946/2548/1946
f 1946/2548/1946 1953/2477/1953 1937/2460/1937
f 1947/2470/1947 1956/2484/1956 1957/2486/1957
f 1951/2482/1951 1955/2481/1955 1952/2474/1952
f 1953/2477/1953 1956/2484/1956 1944/2465/1944
f 1948/2547/1948 1957/2549/1957 1958/2550/1958
f 1949/2472/1949 1958/2550/1958 1959/2479/1959
f 1945/2466/1945 1963/2483/1963 1950/2473/1950
f 1955/2481/1955 1961/2490/1961 1952/2474/1952
f 1952/2474/1952 1961/2490/1961 1946/2548/1946
f 1959/2479/1959 1962/2494/1962 1945/2466/1945
f 1951/2482/1951 1963/2483/1963 1960/2480/1960
f 1958/2550/1958 1966/2551/1966 1967/2492/1967
f 1960/2480/1960 1964/2488/1964 1955/2481/1955
f 1955/2481/1955 1964/2488/1964 1961/2490/1961
f 1961/2490/1961 1965/2305/1965 1946/2548/1946
f 1946/2548/1946 1965/2305/1965 1953/2477/1953
f 1953/2477/1953 1966/2485/1966 1956/2484/1956
f 1972/2493/1972 1765/2307/1765 1766/2503/1766
f 1958/2550/1958 1967/2492/1967 1959/2479/1959
f 1963/2483/1963 1968/2487/1968 1960/2480/1960
f 1964/2488/1964 1969/2489/1969 1961/2490/1961
f 1966/2551/1966 1971/2552/1971 1967/2492/1967
f 1968/2487/1968 1974/2500/1974 1964/2488/1964
f 1970/2491/1970 1975/2496/1975 1966/2485/1966
f 1971/2552/1971 1976/2498/1976 1967/2492/1967
f 1972/2493/1972 1767/2315/1767 1962/2494/1962
f 1962/2494/1962 1767/2315/1767 1973/2495/1973
f 1973/2495/1973 1974/2500/1974 1968/2487/1968
f 1974/2500/1974 1760/2302/1760 1964/2488/1964
f 1965/2305/1965 1762/2304/1762 1970/2491/1970
f 1970/2491/1970 1762/2304/1762 1975/2496/1975
f 1975/2496/1975 1764/2502/1764 1971/2497/1971
f 1971/2552/1971 1764/2308/1764 1976/2498/1976
f 1768/2311/1768 1759/2499/1759 1973/2495/1973
f 1969/2489/1969 1761/2301/1761 1965/2305/1965
f 1764/2308/1764 1765/2307/1765 1976/2498/1976
f 1778/2316/1778 1761/2301/1761 1770/2300/1770
f 1781/2314/1781 1767/2315/1767 1766/2503/1766
f 1769/2313/1769 1773/2310/1773 1782/2325/1782
f 1774/2320/1774 1785/2319/1785 1786/2505/1786
f 1775/2323/1775 1772/2306/1772 1786/2506/1786
f 1783/2326/1783 1791/2324/1791 1796/2507/1796
f 1792/2328/1792 1796/2507/1796 1806/2509/1806
f 1803/2335/1803 1810/2346/1810 1811/2353/1811
f 1804/2510/1804 1798/2337/1798 1811/2353/1811
f 1804/2338/1804 1812/2514/1812 1813/2355/1813
f 1800/2332/1800 1814/2348/1814 1815/2512/1815
f 1816/2513/1816 1806/2509/1806 1795/2333/1795
f 1801/2342/1801 1806/2509/1806 1816/2513/1816
f 1812/2511/1812 1811/2353/1811 1821/2352/1821
f 1812/2514/1812 1822/2368/1822 1823/2354/1823
f 1821/2352/1821 1810/2346/1810 1829/2360/1829
f 1824/2515/1824 1815/2512/1815 1832/2516/1832
f 1830/2361/1830 1829/2360/1829 1842/2517/1842
f 1846/2376/1846 1833/2369/1833 1832/2516/1832
f 1839/2370/1839 1834/2364/1834 1851/2379/1851
f 1840/2371/1840 1835/2366/1835 1849/2386/1849
f 1843/2373/1843 1842/2517/1842 1852/2518/1852
f 1851/2379/1851 1847/2378/1847 1856/2391/1856
f 1860/2389/1860 1845/2390/1845 1836/2375/1836
f 1864/2519/1864 1857/2395/1857 1856/2391/1856
f 1852/2518/1852 1848/2394/1848 1865/2393/1865
f 1852/2518/1852 1866/2400/1866 1867/2396/1867
f 1856/2391/1856 1855/2381/1855 1868/2522/1868
f 1862/2392/1862 1861/2521/1861 1869/2523/1869
f 1854/2387/1854 1862/2392/1862 1870/2524/1870
f 1863/2520/1863 1873/2529/1873 1874/2526/1874
f 1865/2393/1865 1864/2519/1864 1874/2526/1874
f 1870/2528/1870 1869/2553/1869 1879/2418/1879
f 1884/2422/1884 1874/2535/1874 1873/2531/1873
f 1884/2422/1884 1883/2532/1883 1892/2431/1892
f 1889/2415/1889 1885/2407/1885 1897/2438/1897
f 1896/2423/1896 1901/2434/1901 1902/2436/1902
f 1905/2433/1905 1893/2421/1893 1900/2432/1900
f 1770/2300/1770 1760/2302/1760 1759/2499/1759
f 1903/2428/1903 1907/2441/1907 1908/2537/1908
f 1909/2538/1909 1899/2430/1899 1895/2425/1895
f 1900/2432/1900 1899/2430/1899 1909/2538/1909
f 1898/2536/1898 1897/2438/1897 1911/2437/1911
f 1905/2433/1905 1915/2447/1915 1916/2540/1916
f 1914/2442/1914 1904/2444/1904 1909/2538/1909
f 1902/2436/1902 1920/2448/1920 1921/2450/1921
f 1911/2437/1911 1921/2450/1921 1917/2542/1917
f 1926/2452/1926 1913/2440/1913 1917/2445/1917
f 1914/2442/1914 1918/2541/1918 1922/2456/1922
f 1928/2544/1928 1915/2447/1915 1919/2446/1919
f 1916/2540/1916 1915/2447/1915 1928/2544/1928
f 1922/2456/1922 1907/2441/1907 1931/2453/1931
f 1939/2464/1939 1926/2452/1926 1925/2463/1925
f 1933/2454/1933 1932/2545/1932 1940/2467/1940
f 1934/2457/1934 1942/2469/1942 1943/2476/1943
f 1938/2462/1938 1935/2461/1935 1947/2546/1947
f 1939/2464/1939 1938/2462/1938 1948/2547/1948
f 1943/2476/1943 1942/2469/1942 1951/2482/1951
f 1942/2469/1942 1941/2468/1941 1954/2478/1954
f 1947/2470/1947 1944/2465/1944 1956/2484/1956
f 1948/2547/1948 1947/2546/1947 1957/2549/1957
f 1949/2472/1949 1948/2547/1948 1958/2550/1958
f 1945/2466/1945 1962/2494/1962 1963/2483/1963
f 1951/2482/1951 1954/2478/1954 1963/2483/1963
f 1958/2550/1958 1957/2549/1957 1966/2551/1966
f 1972/2493/1972 1976/2498/1976 1765/2307/1765
o Icosphere
v 1.551871 0.321995 0.601230
v 1.692271 0.231919 0.521720
v 1.734247 -0.022096 0.542010
v 1.520076 -0.070441 0.613067
v 1.406801 0.128949 0.638905
v 1.814445 0.094417 0.631404
v 1.669374 -0.098629 0.669079
v 1.669760 0.075518 0.740779
v 1.530100 0.095931 0.539084
v 1.742247 0.093753 0.509395
v 1.411371 0.205725 0.700202
v 1.752963 0.281513 0.574544
v 1.809875 0.017641 0.570108
v 1.472697 -0.056735 0.707175
v 1.442015 0.136253 0.748395
v 1.687107 0.281982 0.680188
v 1.519676 0.228369 0.742743
vn -0.3775 0.7685 -0.5166
vn 0.0028 0.3101 -0.9507
vn 0.1390 -0.5317 -0.8355
vn -0.4486 -0.6236 -0.6402
vn -0.8465 0.0129 -0.5322
vn 0.8420 -0.0041 0.5395
vn 0.3500 -0.7544 0.5554
vn 0.3381 -0.0604 0.9392
vn -0.3976 -0.0651 -0.9152
vn 0.1676 -0.0599 -0.9840
vn -0.8614 0.4315 0.2677
vn 0.6454 0.7111 -0.2789
vn 0.8867 -0.3746 -0.2712
vn -0.4810 -0.6358 0.6037
vn -0.3681 -0.0080 0.9298
vn 0.4143 0.5401 0.7325
vn -0.0192 0.3906 0.9204
vt 0.226863 0.183776
vt 0.363637 0.078731
vt 0.408476 0.157461
vt 0.909091 0.000000
vt 0.976965 0.117562
vt 0.886364 0.118096
vt 0.363637 0.236191
vt 0.113945 0.117562
vt 0.090910 0.236191
vt 0.772111 0.157461
vt 0.818182 0.236191
vt 0.590294 0.157461
vt 0.681408 0.288606
vt 0.545598 0.262043
vt 0.000000 0.314921
vt 0.135954 0.341236
vt 0.067460 0.431766
vt 0.863021 0.314921
vt 0.818182 0.393651
vt 0.648662 0.412450
vt 0.409092 0.393651
vt 0.409708 0.314921
vt 0.477581 0.432483
vt 0.166340 0.341236
vt 0.295455 0.354286
vt 0.272728 0.472382
vt 0.954545 0.236191
vt 0.533157 0.059932
vt 0.704238 0.039899
vt 0.772727 0.078731
vt 0.205268 0.040616
s 1
g Icosphere_Mat_Navio_Alga_10.001
usemtl Mat_Navio_Alga_10.001
f 1977/2554/1977 1985/2555/1985 1981/2556/1981
f 1985/2557/1985 1978/2558/1978 1986/2559/1986
f 1977/2554/1977 1981/2556/1981 1987/2560/1987
f 1978/2561/1978 1977/2554/1977 1988/2562/1988
f 1979/2563/1979 1986/2559/1986 1989/2564/1989
f 1980/2565/1980 1979/2563/1979 1983/2566/1983
f 1981/2556/1981 1980/2565/1980 1990/2567/1990
f 1980/2565/1980 1983/2566/1983 1990/2567/1990
f 1981/2556/1981 1990/2567/1990 1987/2560/1987
f 1982/2568/1982 1992/2569/1992 1984/2570/1984
f 1983/2566/1983 1982/2571/1982 1984/2572/1984
f 1990/2567/1990 1983/2566/1983 1984/2573/1984
f 1993/2574/1993 1991/2575/1991 1984/2576/1984
f 1991/2575/1991 1990/2567/1990 1984/2576/1984
f 1992/2577/1992 1993/2578/1993 1984/2579/1984
f 1987/2560/1987 1990/2567/1990 1991/2575/1991
f 1989/2564/1989 1982/2571/1982 1983/2566/1983
f 1988/2562/1988 1992/2569/1992 1982/2568/1982
f 1977/2554/1977 1993/2578/1993 1992/2569/1992
f 1977/2554/1977 1987/2560/1987 1993/2578/1993
f 1987/2560/1987 1991/2575/1991 1993/2578/1993
f 1983/2566/1983 1979/2563/1979 1989/2564/1989
f 1989/2564/1989 1988/2580/1988 1982/2571/1982
f 1989/2564/1989 1986/2559/1986 1988/2580/1988
f 1986/2559/1986 1978/2558/1978 1988/2580/1988
f 1988/2562/1988 1977/2554/1977 1992/2569/1992
f 1985/2581/1985 1980/2565/1980 1981/2556/1981
f 1985/2582/1985 1979/2563/1979 1980/2565/1980
f 1985/2582/1985 1986/2583/1986 1979/2563/1979
f 1978/2561/1978 1985/2584/1985 1977/2554/1977
o Icosphere.001
v 0.054772 1.114668 1.151625
v 0.040263 0.803258 1.142536
v 0.151227 0.913005 1.265801
v 0.054456 0.972184 1.092962
v 0.240793 0.922491 1.086730
v 0.177252 0.847124 1.091355
v -0.060183 1.019538 1.232601
v 0.215690 1.080391 1.120456
v 0.265866 0.865651 1.126161
v -0.082352 0.920911 1.206023
v 0.085108 0.755758 1.189739
v 0.248941 1.024275 1.177923
v 0.231870 0.836856 1.193170
v 0.056317 0.798798 1.251333
v -0.035110 0.962697 1.272032
v 0.133901 1.081804 1.228473
v 0.028431 1.038065 1.267408
vn -0.3675 0.7514 -0.5480
vn -0.4478 -0.5145 -0.7312
vn 0.3471 -0.0411 0.9369
vn -0.3528 0.0670 -0.9333
vn 0.3681 0.0080 -0.9298
vn 0.0247 -0.3806 -0.9244
vn -0.8353 0.5162 0.1892
vn 0.4516 0.6588 -0.6017
vn 0.8698 -0.4158 -0.2656
vn -0.9262 -0.1552 -0.3437
vn -0.1018 -0.9948 -0.0055
vn 0.7856 0.3234 0.5275
vn 0.6850 -0.4156 0.5984
vn -0.0587 -0.5323 0.8445
vn -0.3362 -0.0036 0.9418
vn 0.3044 0.5626 0.7687
vn -0.0336 0.3815 0.9238
vt 0.226863 0.183776
vt 0.363637 0.078731
vt 0.438557 0.183337
vt 0.727273 0.000000
vt 0.750000 0.118096
vt 0.620885 0.131146
vt 0.363637 0.236191
vt 0.590499 0.131146
vt 0.636364 0.236191
vt 0.409092 0.393651
vt 0.409708 0.314921
vt 0.477581 0.432483
vt 0.591525 0.314921
vt 0.773343 0.314921
vt 0.648662 0.412450
vt 0.909091 0.314921
vt 0.818182 0.393651
vt 0.067460 0.431766
vt 0.046071 0.314921
vt 0.158784 0.354820
vt 0.204854 0.354820
vt 0.295455 0.354286
vt 0.272728 0.472382
vt 0.818182 0.236191
vt 0.091053 0.210339
vt 0.864253 0.157461
vt 0.984807 0.183776
vt 0.522006 0.040616
vt 0.863636 0.078731
vt 0.932126 0.039899
vt 0.194117 0.059932
s 1
g Icosphere.001_Mat_Navio_Alga_10.002
usemtl Mat_Navio_Alga_10.002
f 1994/2585/1994 1997/2586/1997 2003/2587/2003
f 1997/2588/1997 1999/2589/1999 1995/2590/1995
f 1994/2585/1994 2003/2587/2003 2000/2591/2000
f 1995/2592/1995 1999/2589/1999 2004/2593/2004
f 2010/2594/2010 2008/2595/2008 1996/2596/1996
f 2008/2595/2008 2007/2597/2007 1996/2596/1996
f 2007/2597/2007 2006/2598/2006 1996/2599/1996
f 2006/2598/2006 2005/2600/2005 1996/2601/1996
f 1996/2602/1996 2005/2603/2005 2009/2604/2009
f 2009/2605/2009 2010/2606/2010 1996/2607/1996
f 2000/2591/2000 2003/2587/2003 2008/2595/2008
f 2003/2587/2003 2007/2597/2007 2008/2595/2008
f 2004/2593/2004 2006/2598/2006 2007/2597/2007
f 2002/2608/2002 2005/2600/2005 2006/2598/2006
f 2001/2609/2001 2009/2604/2009 2005/2603/2005
f 1994/2585/1994 2010/2606/2010 2009/2604/2009
f 1994/2585/1994 2000/2591/2000 2010/2606/2010
f 2000/2591/2000 2008/2595/2008 2010/2606/2010
f 2003/2587/2003 2004/2593/2004 2007/2597/2007
f 2003/2587/2003 1995/2592/1995 2004/2593/2004
f 2004/2593/2004 2002/2608/2002 2006/2598/2006
f 2004/2593/2004 1999/2589/1999 2002/2608/2002
f 1999/2589/1999 1998/2610/1998 2002/2608/2002
f 2002/2608/2002 2001/2611/2001 2005/2600/2005
f 2002/2608/2002 1998/2610/1998 2001/2611/2001
f 2001/2609/2001 1994/2585/1994 2009/2604/2009
f 1997/2612/1997 1995/2592/1995 2003/2587/2003
f 1999/2613/1999 1997/2614/1997 1998/2610/1998
f 1997/2614/1997 2001/2611/2001 1998/2610/1998
f 1997/2615/1997 1994/2585/1994 2001/2609/2001
o Icosphere.002
v 0.169735 -0.902692 0.568495
v -0.055037 -0.659458 0.737849
v 0.130551 -0.766755 0.740509
v 0.108238 -0.643543 0.558437
v -0.086016 -0.663587 0.637851
v -0.045146 -0.751629 0.583760
v 0.177008 -0.797375 0.538845
v 0.022127 -0.842875 0.563146
v -0.123789 -0.695582 0.712305
v 0.080363 -0.573903 0.652350
v 0.230456 -0.681675 0.630540
v 0.034335 -0.988246 0.653994
v 0.238487 -0.866568 0.594039
v -0.115758 -0.880474 0.675803
v 0.200714 -0.898562 0.668493
v -0.062310 -0.764774 0.767499
v 0.006460 -0.918606 0.747907
vn 0.1870 -0.5552 -0.8104
vn -0.1417 0.5416 0.8286
vn 0.4024 0.0957 0.9104
vn -0.0196 0.4205 -0.9071
vn -0.6829 0.4417 -0.5818
vn -0.4889 0.0449 -0.8712
vn 0.1719 -0.0192 -0.9849
vn -0.3086 -0.2218 -0.9250
vn -0.8802 0.3859 0.2761
vn 0.1693 0.9473 0.2719
vn 0.8450 0.4348 0.3113
vn -0.1578 -0.9616 -0.2245
vn 0.8802 -0.3859 -0.2761
vn -0.8513 -0.4372 -0.2900
vn 0.6719 -0.4140 0.6141
vn -0.1652 0.0361 0.9856
vn 0.0210 -0.4292 0.9029
vt 0.181819 0.000000
vt 0.227273 0.078731
vt 0.136775 0.131146
vt 0.909091 0.000000
vt 0.984807 0.131146
vt 0.886364 0.118096
vt 0.772111 0.157461
vt 0.818182 0.236191
vt 0.318798 0.157461
vt 0.363637 0.236191
vt 0.181676 0.262043
vt 0.045865 0.288606
vt 0.317566 0.314921
vt 0.249693 0.432483
vt 0.431819 0.354286
vt 0.560934 0.341236
vt 0.454546 0.472382
vt 0.773343 0.314921
vt 0.659813 0.431766
vt 0.924284 0.288606
vt 0.818182 0.393651
vt 0.078612 0.412450
vt 0.318182 0.393651
vt 0.500411 0.183776
vt 0.636221 0.210339
vt 0.500000 0.078731
vt 0.568490 0.039899
vt 0.704238 0.039899
vt 0.772727 0.078731
vt 0.363637 0.078730
s 1
g Icosphere.002_Mat_Navio_Alga_10.003
usemtl Mat_Navio_Alga_10.003
f 2018/2616/2018 2016/2617/2016 2014/2618/2014
f 2018/2619/2018 2014/2620/2014 2017/2621/2017
f 2011/2622/2011 2017/2621/2017 2023/2623/2023
f 2015/2624/2015 2019/2625/2019 2020/2626/2020
f 2014/2618/2014 2020/2626/2020 2021/2627/2021
f 2020/2626/2020 2012/2628/2012 2013/2629/2013
f 2026/2630/2026 2027/2631/2027 2013/2632/2013
f 2027/2631/2027 2025/2633/2025 2013/2634/2013
f 2025/2633/2025 2021/2635/2021 2013/2636/2013
f 2021/2627/2021 2020/2626/2020 2013/2637/2013
f 2013/2629/2013 2012/2628/2012 2026/2638/2026
f 2019/2625/2019 2026/2630/2026 2012/2628/2012
f 2019/2625/2019 2024/2639/2024 2026/2630/2026
f 2024/2639/2024 2027/2631/2027 2026/2630/2026
f 2022/2640/2022 2025/2633/2025 2027/2631/2027
f 2023/2623/2023 2021/2635/2021 2025/2633/2025
f 2020/2626/2020 2019/2625/2019 2012/2628/2012
f 2024/2639/2024 2022/2640/2022 2027/2631/2027
f 2022/2640/2022 2023/2623/2023 2025/2633/2025
f 2022/2640/2022 2011/2622/2011 2023/2623/2023
f 2023/2623/2023 2017/2621/2017 2021/2635/2021
f 2017/2621/2017 2014/2620/2014 2021/2635/2021
f 2014/2618/2014 2015/2624/2015 2020/2626/2020
f 2015/2624/2015 2024/2639/2024 2019/2625/2019
f 2016/2641/2016 2018/2642/2018 2024/2639/2024
f 2018/2642/2018 2022/2640/2022 2024/2639/2024
f 2018/2643/2018 2011/2622/2011 2022/2640/2022
f 2018/2643/2018 2017/2644/2017 2011/2622/2011
f 2015/2624/2015 2016/2645/2016 2024/2639/2024
f 2016/2617/2016 2015/2624/2015 2014/2618/2014
o Icosphere.003
v -0.942610 1.032681 0.953231
v -0.840502 0.967171 0.895405
v -0.797137 0.821525 0.891603
v -0.965734 0.747273 0.961839
v -1.048116 0.892283 0.980631
v -0.856873 0.853424 1.054720
v -0.958444 0.868270 0.908034
v -1.044793 0.948120 1.025210
v -0.796362 1.003239 0.933823
v -0.754971 0.811332 0.930596
v -1.003402 0.756213 1.021983
v -0.770015 0.952331 0.976607
v -0.797855 0.747050 0.982182
v -0.941237 0.751907 1.041860
v -1.022506 0.897595 1.060260
v -0.872273 1.003468 1.021541
v -0.966025 0.964589 1.056149
vn -0.3763 0.7660 -0.5212
vn 0.0227 0.2848 -0.9583
vn 0.1814 -0.2720 -0.9450
vn -0.4124 -0.6536 -0.6346
vn -0.8452 0.0171 -0.5342
vn 0.3605 -0.0419 0.9318
vn -0.3941 -0.0644 -0.9168
vn -0.8611 0.4325 0.2674
vn 0.6036 0.7155 -0.3518
vn 0.9030 -0.3204 -0.2863
vn -0.6170 -0.7248 0.3066
vn 0.7878 0.2880 0.5444
vn 0.6138 -0.6708 0.4164
vn 0.0052 -0.5659 0.8245
vn -0.3784 0.0057 0.9256
vn 0.3004 0.5580 0.7735
vn -0.0336 0.3815 0.9238
vt 0.226863 0.183776
vt 0.363637 0.078731
vt 0.408476 0.157461
vt 0.909091 0.000000
vt 0.976965 0.117563
vt 0.831053 0.137153
vt 0.363637 0.236191
vt 0.113945 0.117563
vt 0.090910 0.236191
vt 0.590294 0.157461
vt 0.743262 0.289045
vt 0.545455 0.236191
vt 0.409092 0.393651
vt 0.409708 0.314921
vt 0.477581 0.432483
vt 0.591525 0.314921
vt 0.648662 0.412450
vt 0.909091 0.314921
vt 0.818182 0.393651
vt 0.067460 0.431766
vt 0.046071 0.314921
vt 0.158784 0.354819
vt 0.204854 0.354819
vt 0.295455 0.354286
vt 0.272728 0.472382
vt 0.818182 0.236191
vt 0.954545 0.236191
vt 0.533157 0.059932
vt 0.704238 0.039899
vt 0.205268 0.040616
s 1
g Icosphere.003_Mat_Navio_Alga_10.004
usemtl Mat_Navio_Alga_10.004
f 2028/2646/2028 2034/2647/2034 2032/2648/2032
f 2034/2649/2034 2029/2650/2029 2030/2651/2030
f 2028/2646/2028 2032/2648/2032 2035/2652/2035
f 2029/2653/2029 2028/2646/2028 2036/2654/2036
f 2031/2655/2031 2030/2651/2030 2040/2656/2040
f 2032/2648/2032 2031/2655/2031 2038/2657/2038
f 2031/2655/2031 2040/2656/2040 2038/2657/2038
f 2032/2648/2032 2038/2657/2038 2035/2652/2035
f 2044/2658/2044 2042/2659/2042 2033/2660/2033
f 2042/2659/2042 2041/2661/2041 2033/2660/2033
f 2041/2661/2041 2040/2656/2040 2033/2662/2033
f 2040/2656/2040 2039/2663/2039 2033/2664/2033
f 2033/2665/2033 2039/2666/2039 2043/2667/2043
f 2043/2668/2043 2044/2669/2044 2033/2670/2033
f 2035/2652/2035 2038/2657/2038 2042/2659/2042
f 2038/2657/2038 2041/2661/2041 2042/2659/2042
f 2038/2657/2038 2040/2656/2040 2041/2661/2041
f 2037/2671/2037 2039/2663/2039 2040/2656/2040
f 2036/2654/2036 2043/2667/2043 2039/2666/2039
f 2028/2646/2028 2044/2669/2044 2043/2667/2043
f 2028/2646/2028 2035/2652/2035 2044/2669/2044
f 2035/2652/2035 2042/2659/2042 2044/2669/2044
f 2040/2656/2040 2030/2651/2030 2037/2671/2037
f 2037/2671/2037 2036/2672/2036 2039/2663/2039
f 2037/2671/2037 2030/2651/2030 2036/2672/2036
f 2030/2651/2030 2029/2650/2029 2036/2672/2036
f 2036/2654/2036 2028/2646/2028 2043/2667/2043
f 2034/2673/2034 2031/2655/2031 2032/2648/2032
f 2034/2674/2034 2030/2651/2030 2031/2655/2031
f 2029/2653/2029 2034/2675/2034 2028/2646/2028
o Icosphere.004
v 2.755978 -0.719070 0.955811
v 2.902010 -0.318765 1.049094
v 2.865879 -0.764715 1.062545
v 2.636942 -0.634236 1.150382
v 2.658634 -0.373703 1.129840
v 2.866318 -0.566821 1.144021
v 2.731914 -0.484628 0.903967
v 2.863734 -0.326007 0.924061
v 2.619910 -0.378865 1.004843
v 2.959656 -0.616664 0.889151
v 2.596200 -0.639170 1.026019
v 2.572693 -0.418858 1.097911
v 2.823746 -0.266229 1.009608
v 3.056329 -0.495608 0.986991
v 3.025539 -0.632590 0.950077
v 2.637366 -0.718713 1.092869
v 2.784495 -0.429082 1.149468
vn -0.2738 -0.5514 -0.7881
vn 0.5193 0.6101 0.5984
vn 0.3755 -0.7632 0.5258
vn -0.2752 -0.2490 0.9286
vn -0.2311 0.4915 0.8397
vn 0.3783 -0.0691 0.9231
vn -0.3453 0.0377 -0.9377
vn 0.0713 0.5208 -0.8507
vn -0.6850 0.4156 -0.5984
vn 0.1969 -0.2380 -0.9511
vn -0.7858 -0.3081 -0.5363
vn -0.8663 0.3784 0.3262
vn 0.0917 0.9957 -0.0100
vn 0.9411 0.1534 0.3012
vn 0.8362 -0.4900 -0.2462
vn -0.5802 -0.7468 0.3251
vn 0.1848 0.2444 0.9519
vt 0.727273 0.000000
vt 0.805311 0.137153
vt 0.659399 0.117562
vt 0.681408 0.288606
vt 0.318798 0.157461
vt 0.363637 0.236191
vt 0.181819 0.236191
vt 0.136980 0.157461
vt 0.014940 0.289045
vt 0.545455 0.236191
vt 0.500617 0.157461
vt 0.135748 0.314921
vt 0.317566 0.314921
vt 0.272728 0.393651
vt 0.067460 0.431766
vt 0.893102 0.289045
vt 0.818182 0.393651
vt 0.499384 0.314921
vt 0.648662 0.412450
vt 0.409092 0.393651
vt 0.477581 0.432483
vt 0.136365 0.393651
vt 0.818182 0.236191
vt 0.863935 0.116845
vt 1.000000 0.157461
vt 0.522006 0.040616
vt 0.613329 0.117562
vt 0.932126 0.039899
vt 0.363637 0.078731
vt 0.194117 0.059932
s 1
g Icosphere.004_Mat_Navio_Alga_10.005
usemtl Mat_Navio_Alga_10.005
f 2051/2676/2051 2054/2677/2054 2045/2678/2045
f 2045/2678/2045 2054/2677/2054 2047/2679/2047
f 2053/2680/2053 2056/2681/2056 2057/2682/2057
f 2052/2683/2052 2057/2682/2057 2058/2684/2058
f 2045/2678/2045 2047/2679/2047 2060/2685/2060
f 2055/2686/2055 2060/2685/2060 2056/2681/2056
f 2046/2687/2046 2049/2688/2049 2061/2689/2061
f 2058/2684/2058 2046/2687/2046 2050/2690/2050
f 2047/2679/2047 2058/2691/2058 2050/2692/2050
f 2048/2693/2048 2047/2679/2047 2050/2694/2050
f 2049/2688/2049 2048/2693/2048 2061/2695/2061
f 2061/2695/2061 2048/2693/2048 2050/2696/2050
f 2050/2690/2050 2046/2687/2046 2061/2697/2061
f 2056/2681/2056 2048/2693/2048 2049/2688/2049
f 2056/2681/2056 2060/2685/2060 2048/2693/2048
f 2060/2685/2060 2047/2679/2047 2048/2693/2048
f 2059/2698/2059 2058/2691/2058 2047/2679/2047
f 2058/2684/2058 2057/2682/2057 2046/2687/2046
f 2057/2682/2057 2049/2688/2049 2046/2687/2046
f 2057/2682/2057 2056/2681/2056 2049/2688/2049
f 2055/2686/2055 2045/2678/2045 2060/2685/2060
f 2047/2679/2047 2054/2677/2054 2059/2698/2059
f 2059/2698/2059 2054/2699/2054 2058/2691/2058
f 2054/2699/2054 2052/2700/2052 2058/2691/2058
f 2052/2683/2052 2053/2680/2053 2057/2682/2057
f 2053/2680/2053 2055/2686/2055 2056/2681/2056
f 2051/2701/2051 2045/2702/2045 2055/2686/2055
f 2051/2703/2051 2052/2700/2052 2054/2699/2054
f 2053/2680/2053 2051/2704/2051 2055/2686/2055
f 2051/2705/2051 2053/2680/2053 2052/2683/2052
o Icosphere.005
v 0.056828 -0.140548 2.275331
v 0.146173 -0.197869 2.224734
v 0.184117 -0.325309 2.221407
v 0.036594 -0.390280 2.282863
v -0.035490 -0.263396 2.299306
v 0.151836 -0.158486 2.310976
v 0.223920 -0.285371 2.294533
v 0.132181 -0.394555 2.329588
v -0.011016 -0.342448 2.360711
v 0.015545 -0.189251 2.356193
v 0.131848 -0.297397 2.364135
v 0.042973 -0.284407 2.235784
v -0.032582 -0.214538 2.338313
v 0.184795 -0.166310 2.258349
v 0.221012 -0.334228 2.255526
v 0.080422 -0.419701 2.304976
v 0.086027 -0.220264 2.367185
vn -0.3771 0.7534 -0.5387
vn 0.0227 0.2848 -0.9583
vn 0.1902 -0.2704 -0.9438
vn -0.4780 -0.5889 -0.6517
vn -0.8344 0.0104 -0.5511
vn 0.4580 0.6128 0.6440
vn 0.8399 0.0045 0.5427
vn 0.3813 -0.5890 0.7125
vn -0.4530 -0.3662 0.8128
vn -0.2058 0.4726 0.8569
vn 0.3492 -0.0526 0.9356
vn -0.3941 -0.0644 -0.9168
vn -0.8520 0.4049 0.3319
vn 0.6399 0.6870 -0.3444
vn 0.8439 -0.4249 -0.3276
vn -0.0712 -0.9964 -0.0468
vn 0.1760 0.2333 0.9563
vt 0.226863 0.183776
vt 0.363637 0.078731
vt 0.408476 0.157461
vt 0.909091 0.000000
vt 0.976965 0.117562
vt 0.831053 0.137153
vt 0.363637 0.236191
vt 0.113945 0.117562
vt 0.090910 0.236191
vt 0.590294 0.157461
vt 0.636364 0.236191
vt 0.499590 0.288606
vt 0.135748 0.314921
vt 0.317566 0.314921
vt 0.272728 0.393651
vt 0.000000 0.314921
vt 0.067460 0.431766
vt 0.681202 0.314921
vt 0.863021 0.314921
vt 0.818182 0.393651
vt 0.648662 0.412450
vt 0.409092 0.393651
vt 0.477581 0.432483
vt 0.136365 0.393651
vt 0.818182 0.236191
vt 0.954545 0.236191
vt 0.533157 0.059932
vt 0.704238 0.039899
vt 0.205268 0.040616
s 1
g Icosphere.005_Mat_Navio_Alga_10.006
usemtl Mat_Navio_Alga_10.006
f 2062/2706/2062 2073/2707/2073 2066/2708/2066
f 2073/2709/2073 2063/2710/2063 2064/2711/2064
f 2062/2706/2062 2066/2708/2066 2074/2712/2074
f 2063/2713/2063 2062/2706/2062 2075/2714/2075
f 2065/2715/2065 2064/2711/2064 2077/2716/2077
f 2066/2708/2066 2065/2715/2065 2070/2717/2070
f 2066/2708/2066 2070/2717/2070 2074/2712/2074
f 2067/2718/2067 2071/2719/2071 2078/2720/2078
f 2068/2721/2068 2067/2718/2067 2072/2722/2072
f 2069/2723/2069 2068/2724/2068 2072/2725/2072
f 2070/2717/2070 2069/2723/2069 2072/2726/2072
f 2071/2719/2071 2070/2717/2070 2078/2727/2078
f 2078/2727/2078 2070/2717/2070 2072/2728/2072
f 2072/2722/2072 2067/2718/2067 2078/2729/2078
f 2074/2712/2074 2070/2717/2070 2071/2719/2071
f 2077/2716/2077 2069/2723/2069 2070/2717/2070
f 2076/2730/2076 2068/2724/2068 2069/2723/2069
f 2075/2714/2075 2067/2718/2067 2068/2721/2068
f 2062/2706/2062 2071/2719/2071 2067/2718/2067
f 2062/2706/2062 2074/2712/2074 2071/2719/2071
f 2070/2717/2070 2065/2715/2065 2077/2716/2077
f 2077/2716/2077 2076/2730/2076 2069/2723/2069
f 2077/2716/2077 2064/2711/2064 2076/2730/2076
f 2076/2730/2076 2075/2731/2075 2068/2724/2068
f 2076/2730/2076 2064/2711/2064 2075/2731/2075
f 2064/2711/2064 2063/2710/2063 2075/2731/2075
f 2075/2714/2075 2062/2706/2062 2067/2718/2067
f 2073/2732/2073 2065/2715/2065 2066/2708/2066
f 2073/2733/2073 2064/2711/2064 2065/2715/2065
f 2063/2713/2063 2073/2734/2073 2062/2706/2062
