# Blender 4.5.5 LTS
# www.blender.org
mtllib 05_guardiao_coral_vivo.mtl
o Cylinder
v 0.000000 -1.050000 0.000000
v 0.000000 -1.050000 0.520000
v -0.525000 -0.909327 0.000000
v -0.525000 -0.909327 0.520000
v -0.909327 -0.525000 0.000000
v -0.909327 -0.525000 0.520000
v -1.050000 0.000000 0.000000
v -1.050000 0.000000 0.520000
v -0.909327 0.525000 0.000000
v -0.909327 0.525000 0.520000
v -0.525000 0.909327 0.000000
v -0.525000 0.909327 0.520000
v 0.000000 1.050000 0.000000
v 0.000000 1.050000 0.520000
v 0.525000 0.909327 0.000000
v 0.525000 0.909327 0.520000
v 0.909327 0.525000 0.000000
v 0.909327 0.525000 0.520000
v 1.050000 0.000000 0.000000
v 1.050000 0.000000 0.520000
v 0.909327 -0.525000 0.000000
v 0.909327 -0.525000 0.520000
v 0.525000 -0.909327 0.000000
v 0.525000 -0.909327 0.520000
vn -0.0000 -0.7572 -0.6532
vn -0.0000 -0.7572 0.6532
vn -0.3786 -0.6557 -0.6532
vn -0.3786 -0.6557 0.6532
vn -0.6557 -0.3786 -0.6532
vn -0.6557 -0.3786 0.6532
vn -0.7572 -0.0000 -0.6532
vn -0.7572 -0.0000 0.6532
vn -0.6557 0.3786 -0.6532
vn -0.6557 0.3786 0.6532
vn -0.3786 0.6557 -0.6532
vn -0.3786 0.6557 0.6532
vn -0.0000 0.7572 -0.6532
vn -0.0000 0.7572 0.6532
vn 0.3786 0.6557 -0.6532
vn 0.3786 0.6557 0.6532
vn 0.6557 0.3786 -0.6532
vn 0.6557 0.3786 0.6532
vn 0.7572 -0.0000 -0.6532
vn 0.7572 -0.0000 0.6532
vn 0.6557 -0.3786 -0.6532
vn 0.6557 -0.3786 0.6532
vn 0.3786 -0.6557 -0.6532
vn 0.3786 -0.6557 0.6532
vt 1.000000 1.000000
vt 0.916667 0.500000
vt 1.000000 0.500000
vt 0.916667 1.000000
vt 0.833333 0.500000
vt 0.833333 1.000000
vt 0.750000 0.500000
vt 0.750000 1.000000
vt 0.666667 0.500000
vt 0.666667 1.000000
vt 0.583333 0.500000
vt 0.583333 1.000000
vt 0.500000 0.500000
vt 0.500000 1.000000
vt 0.416667 0.500000
vt 0.416667 1.000000
vt 0.333333 0.500000
vt 0.333333 1.000000
vt 0.250000 0.500000
vt 0.250000 1.000000
vt 0.166667 0.500000
vt 0.042154 0.370000
vt 0.250000 0.010000
vt 0.457846 0.370000
vt 0.166667 1.000000
vt 0.083333 0.500000
vt 0.083333 1.000000
vt 0.000000 0.500000
vt 0.990000 0.250000
vt 0.630000 0.042154
vt 0.630000 0.457846
vt 0.370000 0.457846
vt 0.250000 0.490000
vt 0.130000 0.457846
vt 0.010000 0.250000
vt 0.042154 0.130000
vt 0.130000 0.042154
vt 0.370000 0.042154
vt 0.457846 0.130000
vt 0.490000 0.250000
vt 0.000000 1.000000
vt 0.750000 0.490000
vt 0.870000 0.457846
vt 0.957846 0.370000
vt 0.957846 0.130000
vt 0.870000 0.042154
vt 0.750000 0.010000
vt 0.542154 0.130000
vt 0.510000 0.250000
vt 0.542154 0.370000
s 1
g Cylinder_M_CoralPed.001
usemtl M_CoralPed.001
f 2/1/2 3/2/3 1/3/1
f 4/4/4 5/5/5 3/2/3
f 6/6/6 7/7/7 5/5/5
f 8/8/8 9/9/9 7/7/7
f 10/10/10 11/11/11 9/9/9
f 12/12/12 13/13/13 11/11/11
f 14/14/14 15/15/15 13/13/13
f 16/16/16 17/17/17 15/15/15
f 18/18/18 19/19/19 17/17/17
f 20/20/20 21/21/21 19/19/19
f 22/22/22 14/23/14 6/24/6
f 22/25/22 23/26/23 21/21/21
f 24/27/24 1/28/1 23/26/23
f 7/29/7 15/30/15 23/31/23
f 2/1/2 4/4/4 3/2/3
f 4/4/4 6/6/6 5/5/5
f 6/6/6 8/8/8 7/7/7
f 8/8/8 10/10/10 9/9/9
f 10/10/10 12/12/12 11/11/11
f 12/12/12 14/14/14 13/13/13
f 14/14/14 16/16/16 15/15/15
f 16/16/16 18/18/18 17/17/17
f 18/18/18 20/20/20 19/19/19
f 20/20/20 22/25/22 21/21/21
f 6/24/6 4/32/4 2/33/2
f 2/33/2 24/34/24 22/22/22
f 22/22/22 20/35/20 18/36/18
f 18/36/18 16/37/16 14/23/14
f 14/23/14 12/38/12 10/39/10
f 10/39/10 8/40/8 6/24/6
f 6/24/6 2/33/2 22/22/22
f 22/22/22 18/36/18 14/23/14
f 14/23/14 10/39/10 6/24/6
f 22/25/22 24/27/24 23/26/23
f 24/27/24 2/41/2 1/28/1
f 23/31/23 1/42/1 3/43/3
f 3/43/3 5/44/5 7/29/7
f 7/29/7 9/45/9 11/46/11
f 11/46/11 13/47/13 15/30/15
f 15/30/15 17/48/17 19/49/19
f 19/49/19 21/50/21 23/31/23
f 23/31/23 3/43/3 7/29/7
f 7/29/7 11/46/11 15/30/15
f 15/30/15 19/49/19 23/31/23
o Cylinder.001
v 0.000000 -0.880000 0.520000
v 0.000000 -0.880000 0.800000
v -0.440000 -0.762102 0.520000
v -0.440000 -0.762102 0.800000
v -0.762102 -0.440000 0.520000
v -0.762102 -0.440000 0.800000
v -0.880000 0.000000 0.520000
v -0.880000 0.000000 0.800000
v -0.762102 0.440000 0.520000
v -0.762102 0.440000 0.800000
v -0.440000 0.762102 0.520000
v -0.440000 0.762102 0.800000
v 0.000000 0.880000 0.520000
v 0.000000 0.880000 0.800000
v 0.440000 0.762102 0.520000
v 0.440000 0.762102 0.800000
v 0.762102 0.440000 0.520000
v 0.762102 0.440000 0.800000
v 0.880000 0.000000 0.520000
v 0.880000 0.000000 0.800000
v 0.762102 -0.440000 0.520000
v 0.762102 -0.440000 0.800000
v 0.440000 -0.762102 0.520000
v 0.440000 -0.762102 0.800000
vn -0.0000 -0.7572 -0.6532
vn -0.0000 -0.7572 0.6532
vn -0.3786 -0.6557 -0.6532
vn -0.3786 -0.6557 0.6532
vn -0.6557 -0.3786 -0.6532
vn -0.6557 -0.3786 0.6532
vn -0.7572 -0.0000 -0.6532
vn -0.7572 -0.0000 0.6532
vn -0.6557 0.3786 -0.6532
vn -0.6557 0.3786 0.6532
vn -0.3786 0.6557 -0.6532
vn -0.3786 0.6557 0.6532
vn -0.0000 0.7572 -0.6532
vn -0.0000 0.7572 0.6532
vn 0.3786 0.6557 -0.6532
vn 0.3786 0.6557 0.6532
vn 0.6557 0.3786 -0.6532
vn 0.6557 0.3786 0.6532
vn 0.7572 -0.0000 -0.6532
vn 0.7572 -0.0000 0.6532
vn 0.6557 -0.3786 -0.6532
vn 0.6557 -0.3786 0.6532
vn 0.3786 -0.6557 -0.6532
vn 0.3786 -0.6557 0.6532
vt 1.000000 1.000000
vt 0.916667 0.500000
vt 1.000000 0.500000
vt 0.916667 1.000000
vt 0.833333 0.500000
vt 0.833333 1.000000
vt 0.750000 0.500000
vt 0.750000 1.000000
vt 0.666667 0.500000
vt 0.666667 1.000000
vt 0.583333 0.500000
vt 0.583333 1.000000
vt 0.500000 0.500000
vt 0.500000 1.000000
vt 0.416667 0.500000
vt 0.416667 1.000000
vt 0.333333 0.500000
vt 0.333333 1.000000
vt 0.250000 0.500000
vt 0.250000 1.000000
vt 0.166667 0.500000
vt 0.042154 0.370000
vt 0.250000 0.010000
vt 0.457846 0.370000
vt 0.166667 1.000000
vt 0.083333 0.500000
vt 0.083333 1.000000
vt 0.000000 0.500000
vt 0.990000 0.250000
vt 0.630000 0.042154
vt 0.630000 0.457846
vt 0.370000 0.457846
vt 0.250000 0.490000
vt 0.130000 0.457846
vt 0.010000 0.250000
vt 0.042154 0.130000
vt 0.130000 0.042154
vt 0.370000 0.042154
vt 0.457846 0.130000
vt 0.490000 0.250000
vt 0.000000 1.000000
vt 0.750000 0.490000
vt 0.870000 0.457846
vt 0.957846 0.370000
vt 0.957846 0.130000
vt 0.870000 0.042154
vt 0.750000 0.010000
vt 0.542154 0.130000
vt 0.510000 0.250000
vt 0.542154 0.370000
s 1
g Cylinder.001_M_CoralPed.002
usemtl M_CoralPed.002
f 26/51/26 27/52/27 25/53/25
f 28/54/28 29/55/29 27/52/27
f 30/56/30 31/57/31 29/55/29
f 32/58/32 33/59/33 31/57/31
f 34/60/34 35/61/35 33/59/33
f 36/62/36 37/63/37 35/61/35
f 38/64/38 39/65/39 37/63/37
f 40/66/40 41/67/41 39/65/39
f 42/68/42 43/69/43 41/67/41
f 44/70/44 45/71/45 43/69/43
f 46/72/46 38/73/38 30/74/30
f 46/75/46 47/76/47 45/71/45
f 48/77/48 25/78/25 47/76/47
f 31/79/31 39/80/39 47/81/47
f 26/51/26 28/54/28 27/52/27
f 28/54/28 30/56/30 29/55/29
f 30/56/30 32/58/32 31/57/31
f 32/58/32 34/60/34 33/59/33
f 34/60/34 36/62/36 35/61/35
f 36/62/36 38/64/38 37/63/37
f 38/64/38 40/66/40 39/65/39
f 40/66/40 42/68/42 41/67/41
f 42/68/42 44/70/44 43/69/43
f 44/70/44 46/75/46 45/71/45
f 30/74/30 28/82/28 26/83/26
f 26/83/26 48/84/48 46/72/46
f 46/72/46 44/85/44 42/86/42
f 42/86/42 40/87/40 38/73/38
f 38/73/38 36/88/36 34/89/34
f 34/89/34 32/90/32 30/74/30
f 30/74/30 26/83/26 46/72/46
f 46/72/46 42/86/42 38/73/38
f 38/73/38 34/89/34 30/74/30
f 46/75/46 48/77/48 47/76/47
f 48/77/48 26/91/26 25/78/25
f 47/81/47 25/92/25 27/93/27
f 27/93/27 29/94/29 31/79/31
f 31/79/31 33/95/33 35/96/35
f 35/96/35 37/97/37 39/80/39
f 39/80/39 41/98/41 43/99/43
f 43/99/43 45/100/45 47/81/47
f 47/81/47 27/93/27 31/79/31
f 31/79/31 35/96/35 39/80/39
f 39/80/39 43/99/43 47/81/47
o Cylinder.002
v 0.000000 -0.483600 0.800000
v 0.000000 -0.483600 3.400000
v -0.269008 -0.435708 0.800000
v -0.269008 -0.435708 3.400000
v -0.484735 -0.301520 0.800000
v -0.484735 -0.301520 3.400000
v -0.604455 -0.107611 0.800000
v -0.604455 -0.107611 3.400000
v -0.604455 0.107611 0.800000
v -0.604455 0.107611 3.400000
v -0.484735 0.301520 0.800000
v -0.484735 0.301520 3.400000
v -0.269008 0.435708 0.800000
v -0.269008 0.435708 3.400000
v 0.000000 0.483600 0.800000
v 0.000000 0.483600 3.400000
v 0.269008 0.435708 0.800000
v 0.269008 0.435708 3.400000
v 0.484735 0.301520 0.800000
v 0.484735 0.301520 3.400000
v 0.604455 0.107611 0.800000
v 0.604455 0.107611 3.400000
v 0.604455 -0.107611 0.800000
v 0.604455 -0.107611 3.400000
v 0.484735 -0.301520 0.800000
v 0.484735 -0.301520 3.400000
v 0.269008 -0.435708 0.800000
v 0.269008 -0.435708 3.400000
vn -0.0000 -0.8247 -0.5656
vn -0.0000 -0.8247 0.5655
vn -0.2864 -0.7624 -0.5803
vn -0.2864 -0.7624 0.5803
vn -0.5497 -0.5620 -0.6181
vn -0.5497 -0.5620 0.6181
vn -0.7257 -0.2124 -0.6544
vn -0.7257 -0.2124 0.6544
vn -0.7257 0.2124 -0.6544
vn -0.7257 0.2124 0.6544
vn -0.5497 0.5620 -0.6181
vn -0.5497 0.5620 0.6181
vn -0.2864 0.7624 -0.5803
vn -0.2864 0.7624 0.5803
vn -0.0000 0.8247 -0.5655
vn -0.0000 0.8247 0.5656
vn 0.2864 0.7624 -0.5803
vn 0.2864 0.7624 0.5803
vn 0.5497 0.5620 -0.6181
vn 0.5497 0.5620 0.6181
vn 0.7257 0.2124 -0.6544
vn 0.7257 0.2124 0.6544
vn 0.7257 -0.2124 -0.6544
vn 0.7257 -0.2124 0.6544
vn 0.5497 -0.5620 -0.6181
vn 0.5497 -0.5620 0.6181
vn 0.2864 -0.7624 -0.5803
vn 0.2864 -0.7624 0.5803
vt 1.000000 1.000000
vt 0.928571 0.500000
vt 1.000000 0.500000
vt 0.928571 1.000000
vt 0.857143 0.500000
vt 0.857143 1.000000
vt 0.785714 0.500000
vt 0.785714 1.000000
vt 0.714286 0.500000
vt 0.714286 1.000000
vt 0.642857 0.500000
vt 0.642857 1.000000
vt 0.571428 0.500000
vt 0.571428 1.000000
vt 0.500000 0.500000
vt 0.500000 1.000000
vt 0.428571 0.500000
vt 0.428571 1.000000
vt 0.357143 0.500000
vt 0.357143 1.000000
vt 0.285714 0.500000
vt 0.285714 1.000000
vt 0.214286 0.500000
vt 0.214286 1.000000
vt 0.142857 0.500000
vt 0.062360 0.399638
vt 0.145868 0.033767
vt 0.483983 0.196595
vt 0.142857 1.000000
vt 0.071428 0.500000
vt 0.071428 1.000000
vt -0.000000 0.500000
vt 0.983983 0.303405
vt 0.750000 0.010000
vt 0.516017 0.303405
vt 0.437640 0.399638
vt 0.354132 0.466233
vt 0.250000 0.490000
vt 0.145868 0.466233
vt 0.016017 0.303405
vt 0.016017 0.196595
vt 0.062360 0.100362
vt 0.250000 0.010000
vt 0.354132 0.033767
vt 0.437640 0.100362
vt 0.483983 0.303405
vt -0.000000 1.000000
vt 0.645868 0.466233
vt 0.750000 0.490000
vt 0.854132 0.466233
vt 0.937640 0.399638
vt 0.983983 0.196595
vt 0.937640 0.100362
vt 0.854132 0.033767
vt 0.645868 0.033767
vt 0.562360 0.100362
vt 0.516017 0.196595
vt 0.562360 0.399638
s 1
g Cylinder.002_M_CoralPed.003
usemtl M_CoralPed.003
f 50/101/50 51/102/51 49/103/49
f 52/104/52 53/105/53 51/102/51
f 54/106/54 55/107/55 53/105/53
f 56/108/56 57/109/57 55/107/55
f 58/110/58 59/111/59 57/109/57
f 60/112/60 61/113/61 59/111/59
f 62/114/62 63/115/63 61/113/61
f 64/116/64 65/117/65 63/115/63
f 66/118/66 67/119/67 65/117/65
f 68/120/68 69/121/69 67/119/67
f 70/122/70 71/123/71 69/121/69
f 72/124/72 73/125/73 71/123/71
f 74/126/74 66/127/66 58/128/58
f 74/129/74 75/130/75 73/125/73
f 76/131/76 49/132/49 75/130/75
f 55/133/55 63/134/63 71/135/71
f 50/101/50 52/104/52 51/102/51
f 52/104/52 54/106/54 53/105/53
f 54/106/54 56/108/56 55/107/55
f 56/108/56 58/110/58 57/109/57
f 58/110/58 60/112/60 59/111/59
f 60/112/60 62/114/62 61/113/61
f 62/114/62 64/116/64 63/115/63
f 64/116/64 66/118/66 65/117/65
f 66/118/66 68/120/68 67/119/67
f 68/120/68 70/122/70 69/121/69
f 70/122/70 72/124/72 71/123/71
f 72/124/72 74/129/74 73/125/73
f 54/136/54 52/137/52 50/138/50
f 50/138/50 76/139/76 74/126/74
f 74/126/74 72/140/72 70/141/70
f 70/141/70 68/142/68 66/127/66
f 66/127/66 64/143/64 62/144/62
f 62/144/62 60/145/60 58/128/58
f 58/128/58 56/146/56 54/136/54
f 54/136/54 50/138/50 74/126/74
f 74/126/74 70/141/70 66/127/66
f 66/127/66 62/144/62 58/128/58
f 58/128/58 54/136/54 74/126/74
f 74/129/74 76/131/76 75/130/75
f 76/131/76 50/147/50 49/132/49
f 75/148/75 49/149/49 51/150/51
f 51/150/51 53/151/53 55/133/55
f 55/133/55 57/152/57 59/153/59
f 59/153/59 61/154/61 63/134/63
f 63/134/63 65/155/65 67/156/67
f 67/156/67 69/157/69 71/135/71
f 71/135/71 73/158/73 75/148/75
f 75/148/75 51/150/51 55/133/55
f 55/133/55 59/153/59 63/134/63
f 63/134/63 67/156/67 71/135/71
f 71/135/71 75/148/75 55/133/55
o Torus
v -0.755000 0.000000 1.500000
v -0.739593 0.000000 1.557500
v -0.697500 0.000000 1.599593
v -0.640000 0.000000 1.615000
v -0.582500 0.000000 1.599593
v -0.540407 0.000000 1.557500
v -0.525000 0.000000 1.500000
v -0.540407 0.000000 1.442500
v -0.582500 0.000000 1.400407
v -0.640000 0.000000 1.385000
v -0.697500 0.000000 1.400407
v -0.739593 0.000000 1.442500
v -0.748541 -0.076867 1.500000
v -0.733266 -0.075298 1.557500
v -0.691533 -0.071013 1.599593
v -0.634525 -0.065159 1.615000
v -0.577517 -0.059305 1.599593
v -0.535784 -0.055019 1.557500
v -0.520509 -0.053450 1.500000
v -0.535784 -0.055019 1.442500
v -0.577517 -0.059305 1.400407
v -0.634525 -0.065159 1.385000
v -0.691533 -0.071013 1.400407
v -0.733266 -0.075298 1.442500
v -0.729274 -0.152418 1.500000
v -0.714392 -0.149308 1.557500
v -0.673733 -0.140810 1.599593
v -0.618192 -0.129202 1.615000
v -0.562652 -0.117594 1.599593
v -0.521993 -0.109097 1.557500
v -0.507111 -0.105986 1.500000
v -0.521993 -0.109097 1.442500
v -0.562652 -0.117594 1.400407
v -0.618192 -0.129202 1.385000
v -0.673733 -0.140810 1.400407
v -0.714392 -0.149308 1.442500
v -0.697529 -0.225362 1.500000
v -0.683295 -0.220763 1.557500
v -0.644406 -0.208199 1.599593
v -0.591283 -0.191036 1.615000
v -0.538160 -0.173872 1.599593
v -0.499271 -0.161308 1.557500
v -0.485037 -0.156709 1.500000
v -0.499271 -0.161308 1.442500
v -0.538160 -0.173872 1.400407
v -0.591283 -0.191036 1.385000
v -0.644406 -0.208199 1.400407
v -0.683295 -0.220763 1.442500
v -0.653849 -0.294450 1.500000
v -0.640506 -0.288441 1.557500
v -0.604053 -0.272025 1.599593
v -0.554256 -0.249600 1.615000
v -0.504460 -0.227175 1.599593
v -0.468006 -0.210759 1.557500
v -0.454663 -0.204750 1.500000
v -0.468006 -0.210759 1.442500
v -0.504460 -0.227175 1.400407
v -0.554256 -0.249600 1.385000
v -0.604053 -0.272025 1.400407
v -0.640506 -0.288441 1.442500
v -0.598982 -0.358500 1.500000
v -0.586759 -0.351184 1.557500
v -0.553364 -0.331197 1.599593
v -0.507746 -0.303894 1.615000
v -0.462128 -0.276591 1.599593
v -0.428734 -0.256604 1.557500
v -0.416511 -0.249288 1.500000
v -0.428734 -0.256604 1.442500
v -0.462128 -0.276591 1.400407
v -0.507746 -0.303894 1.385000
v -0.553364 -0.331197 1.400407
v -0.586759 -0.351184 1.442500
v -0.533866 -0.416415 1.500000
v -0.522971 -0.407918 1.557500
v -0.493207 -0.384701 1.599593
v -0.452548 -0.352988 1.615000
v -0.411890 -0.321274 1.599593
v -0.382125 -0.298058 1.557500
v -0.371231 -0.289560 1.500000
v -0.382125 -0.298058 1.442500
v -0.411890 -0.321274 1.400407
v -0.452548 -0.352988 1.385000
v -0.493207 -0.384701 1.400407
v -0.522971 -0.407918 1.442500
v -0.459615 -0.467206 1.500000
v -0.450236 -0.457672 1.557500
v -0.424611 -0.431624 1.599593
v -0.389607 -0.396042 1.615000
v -0.354604 -0.360460 1.599593
v -0.328979 -0.334412 1.557500
v -0.319600 -0.324878 1.500000
v -0.328979 -0.334412 1.442500
v -0.354604 -0.360460 1.400407
v -0.389607 -0.396042 1.385000
v -0.424611 -0.431624 1.400407
v -0.450236 -0.457672 1.442500
v -0.377500 -0.510002 1.500000
v -0.369796 -0.499595 1.557500
v -0.348750 -0.471161 1.599593
v -0.320000 -0.432320 1.615000
v -0.291250 -0.393479 1.599593
v -0.270204 -0.365045 1.557500
v -0.262500 -0.354637 1.500000
v -0.270204 -0.365045 1.442500
v -0.291250 -0.393479 1.400407
v -0.320000 -0.432320 1.385000
v -0.348750 -0.471161 1.400407
v -0.369796 -0.499595 1.442500
v -0.288926 -0.544073 1.500000
v -0.283030 -0.532970 1.557500
v -0.266922 -0.502637 1.599593
v -0.244918 -0.461201 1.615000
v -0.222913 -0.419765 1.599593
v -0.206805 -0.389431 1.557500
v -0.200909 -0.378329 1.500000
v -0.206805 -0.389431 1.442500
v -0.222913 -0.419765 1.400407
v -0.244918 -0.461201 1.385000
v -0.266922 -0.502637 1.400407
v -0.283030 -0.532970 1.442500
v -0.195408 -0.568834 1.500000
v -0.191421 -0.557226 1.557500
v -0.180526 -0.525512 1.599593
v -0.165644 -0.482190 1.615000
v -0.150762 -0.438868 1.599593
v -0.139868 -0.407155 1.557500
v -0.135880 -0.395547 1.500000
v -0.139868 -0.407155 1.442500
v -0.150762 -0.438868 1.400407
v -0.165644 -0.482190 1.385000
v -0.180526 -0.525512 1.400407
v -0.191421 -0.557226 1.442500
v -0.098547 -0.583862 1.500000
v -0.096536 -0.571947 1.557500
v -0.091042 -0.539396 1.599593
v -0.083537 -0.494929 1.615000
v -0.076031 -0.450463 1.599593
v -0.070537 -0.417911 1.557500
v -0.068526 -0.405997 1.500000
v -0.070537 -0.417911 1.442500
v -0.076031 -0.450463 1.400407
v -0.083537 -0.494929 1.385000
v -0.091042 -0.539396 1.400407
v -0.096536 -0.571947 1.442500
v -0.000000 -0.588900 1.500000
v -0.000000 -0.576882 1.557500
v -0.000000 -0.544050 1.599593
v -0.000000 -0.499200 1.615000
v -0.000000 -0.454350 1.599593
v -0.000000 -0.421517 1.557500
v -0.000000 -0.409500 1.500000
v -0.000000 -0.421517 1.442500
v -0.000000 -0.454350 1.400407
v -0.000000 -0.499200 1.385000
v -0.000000 -0.544050 1.400407
v -0.000000 -0.576882 1.442500
v 0.098547 -0.583862 1.500000
v 0.096536 -0.571947 1.557500
v 0.091042 -0.539396 1.599593
v 0.083537 -0.494929 1.615000
v 0.076032 -0.450463 1.599593
v 0.070537 -0.417911 1.557500
v 0.068526 -0.405997 1.500000
v 0.070537 -0.417911 1.442500
v 0.076032 -0.450463 1.400407
v 0.083537 -0.494929 1.385000
v 0.091042 -0.539396 1.400407
v 0.096536 -0.571947 1.442500
v 0.195408 -0.568834 1.500000
v 0.191421 -0.557226 1.557500
v 0.180526 -0.525512 1.599593
v 0.165644 -0.482190 1.615000
v 0.150762 -0.438868 1.599593
v 0.139868 -0.407155 1.557500
v 0.135880 -0.395547 1.500000
v 0.139868 -0.407155 1.442500
v 0.150762 -0.438868 1.400407
v 0.165644 -0.482190 1.385000
v 0.180526 -0.525512 1.400407
v 0.191421 -0.557226 1.442500
v 0.288926 -0.544073 1.500000
v 0.283030 -0.532970 1.557500
v 0.266922 -0.502637 1.599593
v 0.244917 -0.461201 1.615000
v 0.222913 -0.419765 1.599593
v 0.206805 -0.389431 1.557500
v 0.200909 -0.378329 1.500000
v 0.206805 -0.389431 1.442500
v 0.222913 -0.419765 1.400407
v 0.244917 -0.461201 1.385000
v 0.266922 -0.502637 1.400407
v 0.283030 -0.532970 1.442500
v 0.377500 -0.510002 1.500000
v 0.369796 -0.499595 1.557500
v 0.348750 -0.471161 1.599593
v 0.320000 -0.432320 1.615000
v 0.291250 -0.393479 1.599593
v 0.270203 -0.365045 1.557500
v 0.262500 -0.354637 1.500000
v 0.270203 -0.365045 1.442500
v 0.291250 -0.393479 1.400407
v 0.320000 -0.432320 1.385000
v 0.348750 -0.471161 1.400407
v 0.369796 -0.499595 1.442500
v 0.459615 -0.467206 1.500000
v 0.450236 -0.457672 1.557500
v 0.424611 -0.431624 1.599593
v 0.389607 -0.396042 1.615000
v 0.354604 -0.360460 1.599593
v 0.328979 -0.334412 1.557500
v 0.319600 -0.324878 1.500000
v 0.328979 -0.334412 1.442500
v 0.354604 -0.360460 1.400407
v 0.389607 -0.396042 1.385000
v 0.424611 -0.431624 1.400407
v 0.450236 -0.457672 1.442500
v 0.533866 -0.416415 1.500000
v 0.522971 -0.407917 1.557500
v 0.493207 -0.384701 1.599593
v 0.452548 -0.352988 1.615000
v 0.411890 -0.321274 1.599593
v 0.382126 -0.298058 1.557500
v 0.371231 -0.289560 1.500000
v 0.382126 -0.298058 1.442500
v 0.411890 -0.321274 1.400407
v 0.452548 -0.352988 1.385000
v 0.493207 -0.384701 1.400407
v 0.522971 -0.407917 1.442500
v 0.598982 -0.358500 1.500000
v 0.586758 -0.351184 1.557500
v 0.553364 -0.331197 1.599593
v 0.507746 -0.303894 1.615000
v 0.462128 -0.276591 1.599593
v 0.428734 -0.256604 1.557500
v 0.416510 -0.249288 1.500000
v 0.428734 -0.256604 1.442500
v 0.462128 -0.276591 1.400407
v 0.507746 -0.303894 1.385000
v 0.553364 -0.331197 1.400407
v 0.586758 -0.351184 1.442500
v 0.653849 -0.294450 1.500000
v 0.640506 -0.288441 1.557500
v 0.604053 -0.272025 1.599593
v 0.554256 -0.249600 1.615000
v 0.504460 -0.227175 1.599593
v 0.468006 -0.210759 1.557500
v 0.454663 -0.204750 1.500000
v 0.468006 -0.210759 1.442500
v 0.504460 -0.227175 1.400407
v 0.554256 -0.249600 1.385000
v 0.604053 -0.272025 1.400407
v 0.640506 -0.288441 1.442500
v 0.697529 -0.225362 1.500000
v 0.683295 -0.220763 1.557500
v 0.644406 -0.208199 1.599593
v 0.591283 -0.191036 1.615000
v 0.538160 -0.173872 1.599593
v 0.499271 -0.161308 1.557500
v 0.485037 -0.156709 1.500000
v 0.499271 -0.161308 1.442500
v 0.538160 -0.173872 1.400407
v 0.591283 -0.191036 1.385000
v 0.644406 -0.208199 1.400407
v 0.683295 -0.220763 1.442500
v 0.729274 -0.152418 1.500000
v 0.714392 -0.149308 1.557500
v 0.673733 -0.140810 1.599593
v 0.618193 -0.129202 1.615000
v 0.562652 -0.117594 1.599593
v 0.521993 -0.109097 1.557500
v 0.507111 -0.105986 1.500000
v 0.521993 -0.109097 1.442500
v 0.562652 -0.117594 1.400407
v 0.618193 -0.129202 1.385000
v 0.673733 -0.140810 1.400407
v 0.714392 -0.149308 1.442500
v 0.748541 -0.076867 1.500000
v 0.733266 -0.075298 1.557500
v 0.691533 -0.071013 1.599593
v 0.634525 -0.065159 1.615000
v 0.577517 -0.059305 1.599593
v 0.535784 -0.055019 1.557500
v 0.520509 -0.053451 1.500000
v 0.535784 -0.055019 1.442500
v 0.577517 -0.059305 1.400407
v 0.634525 -0.065159 1.385000
v 0.691533 -0.071013 1.400407
v 0.733266 -0.075298 1.442500
v 0.755000 -0.000000 1.500000
v 0.739593 -0.000000 1.557500
v 0.697500 -0.000000 1.599593
v 0.640000 -0.000000 1.615000
v 0.582500 -0.000000 1.599593
v 0.540407 -0.000000 1.557500
v 0.525000 -0.000000 1.500000
v 0.540407 -0.000000 1.442500
v 0.582500 -0.000000 1.400407
v 0.640000 -0.000000 1.385000
v 0.697500 -0.000000 1.400407
v 0.739593 -0.000000 1.442500
v 0.748541 0.076867 1.500000
v 0.733266 0.075298 1.557500
v 0.691533 0.071013 1.599593
v 0.634525 0.065159 1.615000
v 0.577517 0.059305 1.599593
v 0.535784 0.055019 1.557500
v 0.520509 0.053451 1.500000
v 0.535784 0.055019 1.442500
v 0.577517 0.059305 1.400407
v 0.634525 0.065159 1.385000
v 0.691533 0.071013 1.400407
v 0.733266 0.075298 1.442500
v 0.729274 0.152418 1.500000
v 0.714392 0.149308 1.557500
v 0.673733 0.140810 1.599593
v 0.618193 0.129202 1.615000
v 0.562652 0.117594 1.599593
v 0.521993 0.109097 1.557500
v 0.507111 0.105986 1.500000
v 0.521993 0.109097 1.442500
v 0.562652 0.117594 1.400407
v 0.618193 0.129202 1.385000
v 0.673733 0.140810 1.400407
v 0.714392 0.149308 1.442500
v 0.697529 0.225362 1.500000
v 0.683295 0.220763 1.557500
v 0.644406 0.208199 1.599593
v 0.591283 0.191035 1.615000
v 0.538160 0.173872 1.599593
v 0.499271 0.161308 1.557500
v 0.485037 0.156709 1.500000
v 0.499271 0.161308 1.442500
v 0.538160 0.173872 1.400407
v 0.591283 0.191035 1.385000
v 0.644406 0.208199 1.400407
v 0.683295 0.220763 1.442500
v 0.653849 0.294450 1.500000
v 0.640506 0.288441 1.557500
v 0.604053 0.272025 1.599593
v 0.554256 0.249600 1.615000
v 0.504460 0.227175 1.599593
v 0.468006 0.210759 1.557500
v 0.454663 0.204750 1.500000
v 0.468006 0.210759 1.442500
v 0.504460 0.227175 1.400407
v 0.554256 0.249600 1.385000
v 0.604053 0.272025 1.400407
v 0.640506 0.288441 1.442500
v 0.598982 0.358500 1.500000
v 0.586758 0.351184 1.557500
v 0.553364 0.331197 1.599593
v 0.507746 0.303894 1.615000
v 0.462128 0.276591 1.599593
v 0.428734 0.256604 1.557500
v 0.416510 0.249288 1.500000
v 0.428734 0.256604 1.442500
v 0.462128 0.276591 1.400407
v 0.507746 0.303894 1.385000
v 0.553364 0.331197 1.400407
v 0.586758 0.351184 1.442500
v 0.533866 0.416415 1.500000
v 0.522971 0.407917 1.557500
v 0.493207 0.384701 1.599593
v 0.452548 0.352988 1.615000
v 0.411890 0.321274 1.599593
v 0.382126 0.298058 1.557500
v 0.371231 0.289560 1.500000
v 0.382126 0.298058 1.442500
v 0.411890 0.321274 1.400407
v 0.452548 0.352988 1.385000
v 0.493207 0.384701 1.400407
v 0.522971 0.407917 1.442500
v 0.459615 0.467206 1.500000
v 0.450236 0.457671 1.557500
v 0.424611 0.431624 1.599593
v 0.389608 0.396042 1.615000
v 0.354604 0.360460 1.599593
v 0.328979 0.334412 1.557500
v 0.319600 0.324878 1.500000
v 0.328979 0.334412 1.442500
v 0.354604 0.360460 1.400407
v 0.389608 0.396042 1.385000
v 0.424611 0.431624 1.400407
v 0.450236 0.457671 1.442500
v 0.377500 0.510002 1.500000
v 0.369796 0.499595 1.557500
v 0.348750 0.471161 1.599593
v 0.320000 0.432320 1.615000
v 0.291250 0.393479 1.599593
v 0.270203 0.365045 1.557500
v 0.262500 0.354637 1.500000
v 0.270203 0.365045 1.442500
v 0.291250 0.393479 1.400407
v 0.320000 0.432320 1.385000
v 0.348750 0.471161 1.400407
v 0.369796 0.499595 1.442500
v 0.288926 0.544073 1.500000
v 0.283030 0.532970 1.557500
v 0.266922 0.502637 1.599593
v 0.244917 0.461201 1.615000
v 0.222913 0.419765 1.599593
v 0.206805 0.389431 1.557500
v 0.200909 0.378329 1.500000
v 0.206805 0.389431 1.442500
v 0.222913 0.419765 1.400407
v 0.244917 0.461201 1.385000
v 0.266922 0.502637 1.400407
v 0.283030 0.532970 1.442500
v 0.195409 0.568834 1.500000
v 0.191421 0.557226 1.557500
v 0.180527 0.525512 1.599593
v 0.165644 0.482190 1.615000
v 0.150762 0.438868 1.599593
v 0.139868 0.407155 1.557500
v 0.135880 0.395547 1.500000
v 0.139868 0.407155 1.442500
v 0.150762 0.438868 1.400407
v 0.165644 0.482190 1.385000
v 0.180527 0.525512 1.400407
v 0.191421 0.557226 1.442500
v 0.098548 0.583862 1.500000
v 0.096537 0.571947 1.557500
v 0.091042 0.539396 1.599593
v 0.083537 0.494929 1.615000
v 0.076032 0.450463 1.599593
v 0.070538 0.417911 1.557500
v 0.068527 0.405997 1.500000
v 0.070538 0.417911 1.442500
v 0.076032 0.450463 1.400407
v 0.083537 0.494929 1.385000
v 0.091042 0.539396 1.400407
v 0.096537 0.571947 1.442500
v -0.000000 0.588900 1.500000
v -0.000000 0.576882 1.557500
v -0.000000 0.544050 1.599593
v -0.000000 0.499200 1.615000
v -0.000000 0.454350 1.599593
v -0.000000 0.421517 1.557500
v -0.000000 0.409500 1.500000
v -0.000000 0.421517 1.442500
v -0.000000 0.454350 1.400407
v -0.000000 0.499200 1.385000
v -0.000000 0.544050 1.400407
v -0.000000 0.576882 1.442500
v -0.098547 0.583862 1.500000
v -0.096536 0.571947 1.557500
v -0.091042 0.539396 1.599593
v -0.083537 0.494929 1.615000
v -0.076031 0.450463 1.599593
v -0.070537 0.417911 1.557500
v -0.068526 0.405997 1.500000
v -0.070537 0.417911 1.442500
v -0.076031 0.450463 1.400407
v -0.083537 0.494929 1.385000
v -0.091042 0.539396 1.400407
v -0.096536 0.571947 1.442500
v -0.195408 0.568834 1.500000
v -0.191420 0.557226 1.557500
v -0.180526 0.525512 1.599593
v -0.165644 0.482190 1.615000
v -0.150762 0.438868 1.599593
v -0.139867 0.407155 1.557500
v -0.135880 0.395547 1.500000
v -0.139867 0.407155 1.442500
v -0.150762 0.438868 1.400407
v -0.165644 0.482190 1.385000
v -0.180526 0.525512 1.400407
v -0.191420 0.557226 1.442500
v -0.288926 0.544073 1.500000
v -0.283030 0.532970 1.557500
v -0.266922 0.502637 1.599593
v -0.244918 0.461201 1.615000
v -0.222913 0.419765 1.599593
v -0.206805 0.389431 1.557500
v -0.200909 0.378329 1.500000
v -0.206805 0.389431 1.442500
v -0.222913 0.419765 1.400407
v -0.244918 0.461201 1.385000
v -0.266922 0.502637 1.400407
v -0.283030 0.532970 1.442500
v -0.377500 0.510002 1.500000
v -0.369796 0.499595 1.557500
v -0.348750 0.471161 1.599593
v -0.320000 0.432320 1.615000
v -0.291250 0.393479 1.599593
v -0.270204 0.365045 1.557500
v -0.262500 0.354637 1.500000
v -0.270204 0.365045 1.442500
v -0.291250 0.393479 1.400407
v -0.320000 0.432320 1.385000
v -0.348750 0.471161 1.400407
v -0.369796 0.499595 1.442500
v -0.459615 0.467206 1.500000
v -0.450235 0.457672 1.557500
v -0.424611 0.431624 1.599593
v -0.389607 0.396042 1.615000
v -0.354603 0.360460 1.599593
v -0.328979 0.334412 1.557500
v -0.319600 0.324878 1.500000
v -0.328979 0.334412 1.442500
v -0.354603 0.360460 1.400407
v -0.389607 0.396042 1.385000
v -0.424611 0.431624 1.400407
v -0.450235 0.457672 1.442500
v -0.533865 0.416415 1.500000
v -0.522971 0.407918 1.557500
v -0.493207 0.384702 1.599593
v -0.452548 0.352988 1.615000
v -0.411889 0.321274 1.599593
v -0.382125 0.298058 1.557500
v -0.371231 0.289560 1.500000
v -0.382125 0.298058 1.442500
v -0.411889 0.321274 1.400407
v -0.452548 0.352988 1.385000
v -0.493207 0.384702 1.400407
v -0.522971 0.407918 1.442500
v -0.598982 0.358500 1.500000
v -0.586759 0.351184 1.557500
v -0.553364 0.331197 1.599593
v -0.507746 0.303894 1.615000
v -0.462128 0.276591 1.599593
v -0.428734 0.256604 1.557500
v -0.416511 0.249288 1.500000
v -0.428734 0.256604 1.442500
v -0.462128 0.276591 1.400407
v -0.507746 0.303894 1.385000
v -0.553364 0.331197 1.400407
v -0.586759 0.351184 1.442500
v -0.653849 0.294450 1.500000
v -0.640506 0.288441 1.557500
v -0.604053 0.272025 1.599593
v -0.554256 0.249600 1.615000
v -0.504460 0.227175 1.599593
v -0.468006 0.210759 1.557500
v -0.454663 0.204750 1.500000
v -0.468006 0.210759 1.442500
v -0.504460 0.227175 1.400407
v -0.554256 0.249600 1.385000
v -0.604053 0.272025 1.400407
v -0.640506 0.288441 1.442500
v -0.697529 0.225362 1.500000
v -0.683295 0.220764 1.557500
v -0.644406 0.208199 1.599593
v -0.591283 0.191036 1.615000
v -0.538160 0.173872 1.599593
v -0.499271 0.161308 1.557500
v -0.485037 0.156709 1.500000
v -0.499271 0.161308 1.442500
v -0.538160 0.173872 1.400407
v -0.591283 0.191036 1.385000
v -0.644406 0.208199 1.400407
v -0.683295 0.220764 1.442500
v -0.729274 0.152418 1.500000
v -0.714392 0.149308 1.557500
v -0.673733 0.140810 1.599593
v -0.618193 0.129202 1.615000
v -0.562652 0.117594 1.599593
v -0.521993 0.109097 1.557500
v -0.507111 0.105986 1.500000
v -0.521993 0.109097 1.442500
v -0.562652 0.117594 1.400407
v -0.618193 0.129202 1.385000
v -0.673733 0.140810 1.400407
v -0.714392 0.149308 1.442500
v -0.748541 0.076867 1.500000
v -0.733266 0.075298 1.557500
v -0.691533 0.071013 1.599593
v -0.634525 0.065159 1.615000
v -0.577517 0.059305 1.599593
v -0.535784 0.055019 1.557500
v -0.520509 0.053450 1.500000
v -0.535784 0.055019 1.442500
v -0.577517 0.059305 1.400407
v -0.634525 0.065159 1.385000
v -0.691533 0.071013 1.400407
v -0.733266 0.075298 1.442500
vn -1.0000 -0.0000 -0.0000
vn -0.8687 -0.0000 0.4954
vn -0.5080 -0.0000 0.8614
vn -0.0108 -0.0000 0.9999
vn 0.4918 -0.0000 0.8707
vn 0.8633 -0.0000 0.5047
vn 1.0000 -0.0000 -0.0000
vn 0.8633 -0.0000 -0.5047
vn 0.4918 -0.0000 -0.8707
vn -0.0108 -0.0000 -0.9999
vn -0.5080 -0.0000 -0.8614
vn -0.8687 -0.0000 -0.4954
vn -0.9861 -0.1664 -0.0000
vn -0.8577 -0.1448 0.4934
vn -0.5029 -0.0849 0.8601
vn -0.0107 -0.0018 0.9999
vn 0.4870 0.0822 0.8695
vn 0.8524 0.1439 0.5027
vn 0.9861 0.1664 -0.0000
vn 0.8524 0.1439 -0.5027
vn 0.4870 0.0822 -0.8695
vn -0.0107 -0.0018 -0.9999
vn -0.5029 -0.0849 -0.8601
vn -0.8577 -0.1448 -0.4934
vn -0.9458 -0.3249 -0.0000
vn -0.8257 -0.2837 0.4875
vn -0.4880 -0.1676 0.8566
vn -0.0104 -0.0036 0.9999
vn 0.4726 0.1624 0.8662
vn 0.8208 0.2820 0.4968
vn 0.9458 0.3249 -0.0000
vn 0.8208 0.2820 -0.4968
vn 0.4726 0.1624 -0.8662
vn -0.0104 -0.0036 -0.9999
vn -0.4880 -0.1676 -0.8566
vn -0.8257 -0.2837 -0.4875
vn -0.8832 -0.4690 -0.0000
vn -0.7754 -0.4118 0.4787
vn -0.4637 -0.2463 0.8511
vn -0.0100 -0.0053 0.9999
vn 0.4493 0.2386 0.8609
vn 0.7709 0.4094 0.4879
vn 0.8832 0.4690 -0.0000
vn 0.7709 0.4094 -0.4879
vn 0.4493 0.2386 -0.8609
vn -0.0100 -0.0053 -0.9999
vn -0.4637 -0.2463 -0.8511
vn -0.7754 -0.4118 -0.4787
vn -0.8038 -0.5949 -0.0000
vn -0.7104 -0.5258 0.4678
vn -0.4311 -0.3191 0.8440
vn -0.0093 -0.0069 0.9999
vn 0.4179 0.3093 0.8542
vn 0.7065 0.5229 0.4769
vn 0.8038 0.5949 -0.0000
vn 0.7065 0.5229 -0.4769
vn 0.4179 0.3093 -0.8542
vn -0.0093 -0.0069 -0.9999
vn -0.4311 -0.3191 -0.8440
vn -0.7104 -0.5258 -0.4678
vn -0.7129 -0.7013 -0.0000
vn -0.6344 -0.6241 0.4560
vn -0.3912 -0.3848 0.8360
vn -0.0085 -0.0084 0.9999
vn 0.3794 0.3732 0.8466
vn 0.6311 0.6208 0.4651
vn 0.7129 0.7013 -0.0000
vn 0.6311 0.6208 -0.4651
vn 0.3794 0.3732 -0.8466
vn -0.0085 -0.0084 -0.9999
vn -0.3912 -0.3848 -0.8360
vn -0.6344 -0.6241 -0.4560
vn -0.6150 -0.7885 -0.0000
vn -0.5510 -0.7064 0.4444
vn -0.3452 -0.4425 0.8277
vn -0.0076 -0.0098 0.9999
vn 0.3350 0.4295 0.8387
vn 0.5482 0.7028 0.4533
vn 0.6150 0.7885 -0.0000
vn 0.5482 0.7028 -0.4533
vn 0.3350 0.4295 -0.8387
vn -0.0076 -0.0098 -0.9999
vn -0.3452 -0.4425 -0.8277
vn -0.5510 -0.7064 -0.4444
vn -0.5136 -0.8581 -0.0000
vn -0.4628 -0.7732 0.4335
vn -0.2942 -0.4916 0.8196
vn -0.0066 -0.0110 0.9999
vn 0.2857 0.4774 0.8309
vn 0.4606 0.7695 0.4423
vn 0.5136 0.8581 -0.0000
vn 0.4606 0.7695 -0.4423
vn 0.2857 0.4774 -0.8309
vn -0.0066 -0.0110 -0.9999
vn -0.2942 -0.4916 -0.8196
vn -0.4628 -0.7732 -0.4335
vn -0.4106 -0.9118 -0.0000
vn -0.3719 -0.8257 0.4241
vn -0.2395 -0.5319 0.8123
vn -0.0054 -0.0120 0.9999
vn 0.2327 0.5167 0.8239
vn 0.3702 0.8220 0.4328
vn 0.4106 0.9118 -0.0000
vn 0.3702 0.8220 -0.4328
vn 0.2327 0.5167 -0.8239
vn -0.0054 -0.0120 -0.9999
vn -0.2395 -0.5319 -0.8123
vn -0.3719 -0.8257 -0.4241
vn -0.3074 -0.9516 -0.0000
vn -0.2795 -0.8651 0.4165
vn -0.1819 -0.5631 0.8061
vn -0.0041 -0.0128 0.9999
vn 0.1768 0.5473 0.8180
vn 0.2783 0.8613 0.4251
vn 0.3074 0.9516 -0.0000
vn 0.2783 0.8613 -0.4251
vn 0.1768 0.5473 -0.8180
vn -0.0041 -0.0128 -0.9999
vn -0.1819 -0.5631 -0.8061
vn -0.2795 -0.8651 -0.4165
vn -0.2046 -0.9788 -0.0000
vn -0.1865 -0.8924 0.4110
vn -0.1223 -0.5854 0.8015
vn -0.0028 -0.0133 0.9999
vn 0.1189 0.5691 0.8136
vn 0.1857 0.8886 0.4195
vn 0.2046 0.9788 -0.0000
vn 0.1857 0.8886 -0.4195
vn 0.1189 0.5691 -0.8136
vn -0.0028 -0.0133 -0.9999
vn -0.1223 -0.5854 -0.8015
vn -0.1865 -0.8924 -0.4110
vn -0.1022 -0.9948 -0.0000
vn -0.0933 -0.9084 0.4076
vn -0.0615 -0.5987 0.7986
vn -0.0014 -0.0137 0.9999
vn 0.0598 0.5822 0.8109
vn 0.0929 0.9046 0.4161
vn 0.1022 0.9948 -0.0000
vn 0.0929 0.9046 -0.4161
vn 0.0598 0.5822 -0.8109
vn -0.0014 -0.0137 -0.9999
vn -0.0615 -0.5987 -0.7986
vn -0.0933 -0.9084 -0.4076
vn -0.0000 -1.0000 -0.0000
vn -0.0000 -0.9137 0.4064
vn -0.0000 -0.6031 0.7977
vn -0.0000 -0.0138 0.9999
vn -0.0000 0.5865 0.8099
vn -0.0000 0.9099 0.4149
vn -0.0000 1.0000 -0.0000
vn -0.0000 0.9099 -0.4149
vn -0.0000 0.5865 -0.8099
vn -0.0000 -0.0138 -0.9999
vn -0.0000 -0.6031 -0.7977
vn -0.0000 -0.9137 -0.4064
vn 0.1022 -0.9948 -0.0000
vn 0.0933 -0.9084 0.4076
vn 0.0615 -0.5987 0.7986
vn 0.0014 -0.0137 0.9999
vn -0.0598 0.5822 0.8109
vn -0.0929 0.9046 0.4161
vn -0.1022 0.9948 -0.0000
vn -0.0929 0.9046 -0.4161
vn -0.0598 0.5822 -0.8109
vn 0.0014 -0.0137 -0.9999
vn 0.0615 -0.5987 -0.7986
vn 0.0933 -0.9084 -0.4076
vn 0.2046 -0.9788 -0.0000
vn 0.1865 -0.8924 0.4110
vn 0.1223 -0.5854 0.8015
vn 0.0028 -0.0133 0.9999
vn -0.1189 0.5691 0.8136
vn -0.1857 0.8886 0.4195
vn -0.2046 0.9788 -0.0000
vn -0.1857 0.8886 -0.4195
vn -0.1189 0.5691 -0.8136
vn 0.0028 -0.0133 -0.9999
vn 0.1223 -0.5854 -0.8015
vn 0.1865 -0.8924 -0.4110
vn 0.3074 -0.9516 -0.0000
vn 0.2795 -0.8651 0.4165
vn 0.1819 -0.5631 0.8061
vn 0.0041 -0.0128 0.9999
vn -0.1768 0.5473 0.8180
vn -0.2783 0.8613 0.4251
vn -0.3074 0.9516 -0.0000
vn -0.2783 0.8613 -0.4251
vn -0.1768 0.5473 -0.8180
vn 0.0041 -0.0128 -0.9999
vn 0.1819 -0.5631 -0.8061
vn 0.2795 -0.8651 -0.4165
vn 0.4106 -0.9118 -0.0000
vn 0.3719 -0.8257 0.4241
vn 0.2395 -0.5319 0.8123
vn 0.0054 -0.0120 0.9999
vn -0.2327 0.5167 0.8239
vn -0.3702 0.8220 0.4328
vn -0.4106 0.9118 -0.0000
vn -0.3702 0.8220 -0.4328
vn -0.2327 0.5167 -0.8239
vn 0.0054 -0.0120 -0.9999
vn 0.2395 -0.5319 -0.8123
vn 0.3719 -0.8257 -0.4241
vn 0.5136 -0.8581 -0.0000
vn 0.4628 -0.7732 0.4335
vn 0.2942 -0.4916 0.8196
vn 0.0066 -0.0110 0.9999
vn -0.2857 0.4774 0.8309
vn -0.4606 0.7695 0.4423
vn -0.5136 0.8581 -0.0000
vn -0.4606 0.7695 -0.4423
vn -0.2857 0.4774 -0.8309
vn 0.0066 -0.0110 -0.9999
vn 0.2942 -0.4916 -0.8196
vn 0.4628 -0.7732 -0.4335
vn 0.6150 -0.7885 -0.0000
vn 0.5510 -0.7064 0.4444
vn 0.3452 -0.4425 0.8277
vn 0.0076 -0.0098 0.9999
vn -0.3350 0.4295 0.8387
vn -0.5482 0.7028 0.4533
vn -0.6150 0.7885 -0.0000
vn -0.5482 0.7028 -0.4533
vn -0.3350 0.4295 -0.8387
vn 0.0076 -0.0098 -0.9999
vn 0.3452 -0.4425 -0.8277
vn 0.5510 -0.7064 -0.4444
vn 0.7129 -0.7013 -0.0000
vn 0.6344 -0.6241 0.4560
vn 0.3912 -0.3848 0.8360
vn 0.0086 -0.0084 0.9999
vn -0.3794 0.3732 0.8466
vn -0.6311 0.6208 0.4651
vn -0.7129 0.7013 -0.0000
vn -0.6311 0.6208 -0.4651
vn -0.3794 0.3732 -0.8466
vn 0.0086 -0.0084 -0.9999
vn 0.3912 -0.3848 -0.8360
vn 0.6344 -0.6241 -0.4560
vn 0.8038 -0.5949 -0.0000
vn 0.7104 -0.5258 0.4678
vn 0.4311 -0.3191 0.8440
vn 0.0093 -0.0069 0.9999
vn -0.4179 0.3093 0.8542
vn -0.7065 0.5229 0.4769
vn -0.8038 0.5949 -0.0000
vn -0.7065 0.5229 -0.4769
vn -0.4179 0.3093 -0.8542
vn 0.0093 -0.0069 -0.9999
vn 0.4311 -0.3191 -0.8440
vn 0.7104 -0.5258 -0.4678
vn 0.8832 -0.4690 -0.0000
vn 0.7754 -0.4118 0.4787
vn 0.4637 -0.2463 0.8511
vn 0.0100 -0.0053 0.9999
vn -0.4493 0.2386 0.8609
vn -0.7710 0.4094 0.4879
vn -0.8832 0.4690 -0.0000
vn -0.7710 0.4094 -0.4879
vn -0.4493 0.2386 -0.8609
vn 0.0100 -0.0053 -0.9999
vn 0.4637 -0.2463 -0.8511
vn 0.7754 -0.4118 -0.4787
vn 0.9458 -0.3249 -0.0000
vn 0.8257 -0.2837 0.4875
vn 0.4880 -0.1676 0.8566
vn 0.0104 -0.0036 0.9999
vn -0.4726 0.1624 0.8662
vn -0.8208 0.2820 0.4968
vn -0.9458 0.3249 -0.0000
vn -0.8208 0.2820 -0.4968
vn -0.4726 0.1624 -0.8662
vn 0.0104 -0.0036 -0.9999
vn 0.4880 -0.1676 -0.8566
vn 0.8257 -0.2837 -0.4875
vn 0.9861 -0.1664 -0.0000
vn 0.8577 -0.1448 0.4934
vn 0.5029 -0.0849 0.8601
vn 0.0107 -0.0018 0.9999
vn -0.4870 0.0822 0.8695
vn -0.8524 0.1439 0.5027
vn -0.9861 0.1664 -0.0000
vn -0.8524 0.1439 -0.5027
vn -0.4870 0.0822 -0.8695
vn 0.0107 -0.0018 -0.9999
vn 0.5029 -0.0849 -0.8601
vn 0.8577 -0.1448 -0.4934
vn 0.8687 -0.0000 0.4954
vn 0.5080 -0.0000 0.8614
vn 0.0108 -0.0000 0.9999
vn -0.4918 -0.0000 0.8707
vn -0.8633 -0.0000 0.5047
vn -0.8633 -0.0000 -0.5047
vn -0.4918 -0.0000 -0.8707
vn 0.0108 -0.0000 -0.9999
vn 0.5080 -0.0000 -0.8614
vn 0.8687 -0.0000 -0.4954
vn 0.8577 0.1448 0.4934
vn 0.5029 0.0849 0.8601
vn 0.0107 0.0018 0.9999
vn -0.4870 -0.0822 0.8695
vn -0.8524 -0.1439 0.5027
vn -0.8524 -0.1439 -0.5027
vn -0.4870 -0.0822 -0.8695
vn 0.0107 0.0018 -0.9999
vn 0.5029 0.0849 -0.8601
vn 0.8577 0.1448 -0.4934
vn 0.8257 0.2837 0.4875
vn 0.4880 0.1676 0.8566
vn 0.0104 0.0036 0.9999
vn -0.4726 -0.1624 0.8662
vn -0.8208 -0.2820 0.4968
vn -0.8208 -0.2820 -0.4968
vn -0.4726 -0.1624 -0.8662
vn 0.0104 0.0036 -0.9999
vn 0.4880 0.1676 -0.8566
vn 0.8257 0.2837 -0.4875
vn 0.7754 0.4118 0.4787
vn 0.4637 0.2463 0.8511
vn 0.0100 0.0053 0.9999
vn -0.4493 -0.2386 0.8609
vn -0.7709 -0.4094 0.4879
vn -0.7709 -0.4094 -0.4879
vn -0.4493 -0.2386 -0.8609
vn 0.0100 0.0053 -0.9999
vn 0.4637 0.2463 -0.8511
vn 0.7754 0.4118 -0.4787
vn 0.7104 0.5258 0.4678
vn 0.4311 0.3191 0.8440
vn 0.0093 0.0069 0.9999
vn -0.4179 -0.3093 0.8542
vn -0.7065 -0.5229 0.4769
vn -0.7065 -0.5229 -0.4769
vn -0.4179 -0.3093 -0.8542
vn 0.0093 0.0069 -0.9999
vn 0.4311 0.3191 -0.8440
vn 0.7104 0.5258 -0.4678
vn 0.6344 0.6241 0.4560
vn 0.3912 0.3848 0.8360
vn 0.0086 0.0084 0.9999
vn -0.3794 -0.3732 0.8466
vn -0.6311 -0.6208 0.4651
vn -0.6311 -0.6208 -0.4651
vn -0.3794 -0.3732 -0.8466
vn 0.0086 0.0084 -0.9999
vn 0.3912 0.3848 -0.8360
vn 0.6344 0.6241 -0.4560
vn 0.5510 0.7064 0.4444
vn 0.3452 0.4425 0.8277
vn 0.0076 0.0098 0.9999
vn -0.3350 -0.4295 0.8387
vn -0.5482 -0.7028 0.4533
vn -0.5482 -0.7028 -0.4533
vn -0.3350 -0.4295 -0.8387
vn 0.0076 0.0098 -0.9999
vn 0.3452 0.4425 -0.8277
vn 0.5510 0.7064 -0.4444
vn 0.4628 0.7732 0.4335
vn 0.2942 0.4916 0.8196
vn 0.0066 0.0110 0.9999
vn -0.2857 -0.4774 0.8309
vn -0.4606 -0.7695 0.4423
vn -0.4606 -0.7695 -0.4423
vn -0.2857 -0.4774 -0.8309
vn 0.0066 0.0110 -0.9999
vn 0.2942 0.4916 -0.8196
vn 0.4628 0.7732 -0.4335
vn 0.3719 0.8257 0.4241
vn 0.2395 0.5319 0.8123
vn 0.0054 0.0120 0.9999
vn -0.2327 -0.5167 0.8239
vn -0.3702 -0.8220 0.4328
vn -0.3702 -0.8220 -0.4328
vn -0.2327 -0.5167 -0.8239
vn 0.0054 0.0120 -0.9999
vn 0.2395 0.5319 -0.8123
vn 0.3719 0.8257 -0.4241
vn 0.2795 0.8651 0.4165
vn 0.1819 0.5631 0.8061
vn 0.0041 0.0128 0.9999
vn -0.1768 -0.5473 0.8180
vn -0.2783 -0.8613 0.4251
vn -0.2783 -0.8613 -0.4251
vn -0.1768 -0.5473 -0.8180
vn 0.0041 0.0128 -0.9999
vn 0.1819 0.5631 -0.8061
vn 0.2795 0.8651 -0.4165
vn 0.1865 0.8924 0.4110
vn 0.1223 0.5854 0.8015
vn 0.0028 0.0133 0.9999
vn -0.1189 -0.5691 0.8136
vn -0.1857 -0.8886 0.4195
vn -0.1857 -0.8886 -0.4195
vn -0.1189 -0.5691 -0.8136
vn 0.0028 0.0133 -0.9999
vn 0.1223 0.5854 -0.8015
vn 0.1865 0.8924 -0.4110
vn 0.0933 0.9084 0.4076
vn 0.0615 0.5987 0.7986
vn 0.0014 0.0137 0.9999
vn -0.0598 -0.5822 0.8108
vn -0.0929 -0.9046 0.4161
vn -0.0929 -0.9046 -0.4161
vn -0.0598 -0.5822 -0.8108
vn 0.0014 0.0137 -0.9999
vn 0.0615 0.5987 -0.7986
vn 0.0933 0.9084 -0.4076
vn -0.0000 0.9137 0.4064
vn -0.0000 0.6031 0.7977
vn -0.0000 0.0138 0.9999
vn -0.0000 -0.5865 0.8099
vn -0.0000 -0.9099 0.4149
vn -0.0000 -0.9099 -0.4149
vn -0.0000 -0.5865 -0.8099
vn -0.0000 0.0138 -0.9999
vn -0.0000 0.6031 -0.7977
vn -0.0000 0.9137 -0.4064
vn -0.0933 0.9084 0.4076
vn -0.0615 0.5987 0.7986
vn -0.0014 0.0137 0.9999
vn 0.0598 -0.5822 0.8108
vn 0.0929 -0.9046 0.4161
vn 0.0929 -0.9046 -0.4161
vn 0.0598 -0.5822 -0.8109
vn -0.0014 0.0137 -0.9999
vn -0.0615 0.5987 -0.7986
vn -0.0933 0.9084 -0.4076
vn -0.1865 0.8924 0.4110
vn -0.1223 0.5854 0.8015
vn -0.0028 0.0133 0.9999
vn 0.1189 -0.5691 0.8136
vn 0.1857 -0.8886 0.4195
vn 0.2046 -0.9789 -0.0000
vn 0.1857 -0.8886 -0.4195
vn 0.1189 -0.5691 -0.8136
vn -0.0028 0.0133 -0.9999
vn -0.1223 0.5854 -0.8015
vn -0.1865 0.8924 -0.4110
vn -0.2795 0.8651 0.4165
vn -0.1819 0.5631 0.8061
vn -0.0041 0.0128 0.9999
vn 0.1768 -0.5473 0.8180
vn 0.2783 -0.8613 0.4251
vn 0.2783 -0.8613 -0.4251
vn 0.1768 -0.5473 -0.8180
vn -0.0041 0.0128 -0.9999
vn -0.1819 0.5631 -0.8061
vn -0.2795 0.8651 -0.4165
vn -0.3719 0.8257 0.4241
vn -0.2395 0.5319 0.8123
vn -0.0054 0.0120 0.9999
vn 0.2327 -0.5167 0.8239
vn 0.3702 -0.8220 0.4328
vn 0.3702 -0.8220 -0.4328
vn 0.2327 -0.5167 -0.8239
vn -0.0054 0.0120 -0.9999
vn -0.2395 0.5319 -0.8123
vn -0.3719 0.8257 -0.4241
vn -0.4628 0.7732 0.4335
vn -0.2942 0.4916 0.8196
vn -0.0066 0.0110 0.9999
vn 0.2857 -0.4774 0.8309
vn 0.4606 -0.7695 0.4423
vn 0.4606 -0.7695 -0.4423
vn 0.2857 -0.4774 -0.8309
vn -0.0066 0.0110 -0.9999
vn -0.2942 0.4916 -0.8196
vn -0.4628 0.7732 -0.4335
vn -0.5510 0.7064 0.4444
vn -0.3452 0.4425 0.8277
vn -0.0076 0.0098 0.9999
vn 0.3350 -0.4295 0.8387
vn 0.5482 -0.7028 0.4533
vn 0.5482 -0.7028 -0.4533
vn 0.3350 -0.4295 -0.8387
vn -0.0076 0.0098 -0.9999
vn -0.3452 0.4425 -0.8277
vn -0.5510 0.7064 -0.4444
vn -0.6344 0.6241 0.4560
vn -0.3912 0.3848 0.8360
vn -0.0085 0.0084 0.9999
vn 0.3794 -0.3732 0.8466
vn 0.6311 -0.6208 0.4651
vn 0.6311 -0.6208 -0.4651
vn 0.3794 -0.3732 -0.8466
vn -0.0085 0.0084 -0.9999
vn -0.3912 0.3848 -0.8360
vn -0.6344 0.6241 -0.4560
vn -0.7104 0.5258 0.4678
vn -0.4311 0.3191 0.8440
vn -0.0093 0.0069 0.9999
vn 0.4179 -0.3093 0.8542
vn 0.7065 -0.5229 0.4769
vn 0.7065 -0.5229 -0.4769
vn 0.4179 -0.3093 -0.8542
vn -0.0093 0.0069 -0.9999
vn -0.4311 0.3191 -0.8440
vn -0.7104 0.5258 -0.4678
vn -0.7754 0.4118 0.4787
vn -0.4637 0.2463 0.8511
vn -0.0100 0.0053 0.9999
vn 0.4493 -0.2386 0.8609
vn 0.7709 -0.4094 0.4879
vn 0.7709 -0.4094 -0.4879
vn 0.4493 -0.2386 -0.8609
vn -0.0100 0.0053 -0.9999
vn -0.4637 0.2463 -0.8511
vn -0.7754 0.4118 -0.4787
vn -0.8257 0.2837 0.4875
vn -0.4880 0.1676 0.8566
vn -0.0104 0.0036 0.9999
vn 0.4726 -0.1624 0.8662
vn 0.8208 -0.2820 0.4968
vn 0.8208 -0.2820 -0.4968
vn 0.4726 -0.1624 -0.8662
vn -0.0104 0.0036 -0.9999
vn -0.4880 0.1676 -0.8566
vn -0.8257 0.2837 -0.4875
vn -0.8577 0.1448 0.4934
vn -0.5029 0.0849 0.8601
vn -0.0107 0.0018 0.9999
vn 0.4870 -0.0822 0.8695
vn 0.8524 -0.1439 0.5027
vn 0.8524 -0.1439 -0.5027
vn 0.4870 -0.0822 -0.8695
vn -0.0107 0.0018 -0.9999
vn -0.5029 0.0849 -0.8601
vn -0.8577 0.1448 -0.4934
vt 0.520833 0.500000
vt 0.500000 0.583333
vt 0.500000 0.500000
vt 0.520833 0.666667
vt 0.500000 0.666667
vt 0.500000 0.750000
vt 0.520833 0.750000
vt 0.500000 0.833333
vt 0.520833 0.916667
vt 0.500000 0.916667
vt 0.500000 1.000000
vt 0.520833 0.000000
vt 0.500000 0.083333
vt 0.500000 0.000000
vt 0.520833 0.083333
vt 0.500000 0.166667
vt 0.520833 0.166667
vt 0.500000 0.250000
vt 0.520833 0.250000
vt 0.500000 0.333333
vt 0.520833 0.333333
vt 0.500000 0.416667
vt 0.520833 0.416667
vt 0.541667 0.500000
vt 0.520833 0.583333
vt 0.541667 0.666667
vt 0.541667 0.750000
vt 0.520833 0.833333
vt 0.541667 0.833333
vt 0.541667 0.916667
vt 0.520833 1.000000
vt 0.541667 0.000000
vt 0.541667 0.166667
vt 0.541667 0.250000
vt 0.541667 0.333333
vt 0.562500 0.500000
vt 0.541667 0.583333
vt 0.562500 0.583333
vt 0.562500 0.750000
vt 0.562500 0.833333
vt 0.562500 0.916667
vt 0.541667 1.000000
vt 0.562500 0.000000
vt 0.541667 0.083333
vt 0.562500 0.083333
vt 0.562500 0.166667
vt 0.562500 0.250000
vt 0.562500 0.333333
vt 0.541667 0.416667
vt 0.562500 0.416667
vt 0.583333 0.500000
vt 0.583333 0.666667
vt 0.562500 0.666667
vt 0.583333 0.750000
vt 0.583333 0.833333
vt 0.583333 1.000000
vt 0.562500 1.000000
vt 0.583333 0.000000
vt 0.583333 0.166667
vt 0.583333 0.250000
vt 0.583333 0.333333
vt 0.583333 0.416667
vt 0.604167 0.500000
vt 0.583333 0.583333
vt 0.604167 0.666667
vt 0.604167 0.833333
vt 0.583333 0.916667
vt 0.604167 0.916667
vt 0.604167 0.000000
vt 0.583333 0.083333
vt 0.604167 0.083333
vt 0.604167 0.166667
vt 0.604167 0.333333
vt 0.604167 0.416667
vt 0.625000 0.500000
vt 0.604167 0.583333
vt 0.625000 0.666667
vt 0.604167 0.750000
vt 0.625000 0.833333
vt 0.625000 0.916667
vt 0.604167 1.000000
vt 0.625000 0.000000
vt 0.625000 0.166667
vt 0.604167 0.250000
vt 0.625000 0.333333
vt 0.645833 0.500000
vt 0.625000 0.583333
vt 0.645833 0.583333
vt 0.645833 0.666667
vt 0.625000 0.750000
vt 0.645833 0.750000
vt 0.645833 0.833333
vt 0.645833 0.916667
vt 0.625000 1.000000
vt 0.645833 0.083333
vt 0.625000 0.083333
vt 0.645833 0.166667
vt 0.645833 0.250000
vt 0.625000 0.250000
vt 0.645833 0.333333
vt 0.625000 0.416667
vt 0.645833 0.416667
vt 0.666667 0.500000
vt 0.666667 0.583333
vt 0.666667 0.666667
vt 0.666667 0.833333
vt 0.666667 0.916667
vt 0.645833 1.000000
vt 0.666667 0.000000
vt 0.645833 0.000000
vt 0.666667 0.083333
vt 0.666667 0.166667
vt 0.666667 0.333333
vt 0.666667 0.416667
vt 0.687500 0.500000
vt 0.687500 0.666667
vt 0.666667 0.750000
vt 0.687500 0.750000
vt 0.687500 0.916667
vt 0.666667 1.000000
vt 0.687500 0.083333
vt 0.687500 0.250000
vt 0.666667 0.250000
vt 0.687500 0.333333
vt 0.708333 0.500000
vt 0.687500 0.583333
vt 0.708333 0.583333
vt 0.708333 0.666667
vt 0.708333 0.750000
vt 0.687500 0.833333
vt 0.708333 0.833333
vt 0.708333 0.916667
vt 0.687500 1.000000
vt 0.687500 0.000000
vt 0.708333 0.083333
vt 0.708333 0.166667
vt 0.687500 0.166667
vt 0.708333 0.250000
vt 0.708333 0.333333
vt 0.687500 0.416667
vt 0.729167 0.500000
vt 0.729167 0.583333
vt 0.729167 0.666667
vt 0.729167 0.750000
vt 0.729167 0.916667
vt 0.729167 1.000000
vt 0.708333 1.000000
vt 0.729167 0.000000
vt 0.708333 0.000000
vt 0.729167 0.083333
vt 0.729167 0.166667
vt 0.729167 0.250000
vt 0.729167 0.416667
vt 0.708333 0.416667
vt 0.750000 0.583333
vt 0.750000 0.666667
vt 0.750000 0.750000
vt 0.729167 0.833333
vt 0.750000 0.833333
vt 0.750000 0.916667
vt 0.750000 0.083333
vt 0.750000 0.250000
vt 0.729167 0.333333
vt 0.750000 0.333333
vt 0.750000 0.416667
vt 0.770833 0.500000
vt 0.750000 0.500000
vt 0.770833 0.583333
vt 0.770833 0.666667
vt 0.770833 0.833333
vt 0.770833 0.916667
vt 0.750000 1.000000
vt 0.770833 0.000000
vt 0.750000 0.000000
vt 0.770833 0.083333
vt 0.750000 0.166667
vt 0.770833 0.166667
vt 0.770833 0.333333
vt 0.791667 0.500000
vt 0.791667 0.583333
vt 0.791667 0.750000
vt 0.770833 0.750000
vt 0.791667 0.833333
vt 0.791667 0.916667
vt 0.770833 1.000000
vt 0.791667 0.000000
vt 0.791667 0.166667
vt 0.791667 0.250000
vt 0.770833 0.250000
vt 0.791667 0.416667
vt 0.770833 0.416667
vt 0.812500 0.583333
vt 0.791667 0.666667
vt 0.812500 0.666667
vt 0.812500 0.750000
vt 0.812500 0.916667
vt 0.791667 1.000000
vt 0.812500 0.000000
vt 0.791667 0.083333
vt 0.812500 0.083333
vt 0.812500 0.250000
vt 0.791667 0.333333
vt 0.812500 0.416667
vt 0.812500 0.500000
vt 0.833333 0.583333
vt 0.833333 0.750000
vt 0.833333 0.833333
vt 0.812500 0.833333
vt 0.833333 0.916667
vt 0.812500 1.000000
vt 0.833333 0.000000
vt 0.833333 0.083333
vt 0.812500 0.166667
vt 0.833333 0.166667
vt 0.833333 0.250000
vt 0.812500 0.333333
vt 0.833333 0.416667
vt 0.833333 0.500000
vt 0.854167 0.583333
vt 0.833333 0.666667
vt 0.854167 0.666667
vt 0.854167 0.750000
vt 0.854167 0.833333
vt 0.854167 0.916667
vt 0.833333 1.000000
vt 0.854167 0.083333
vt 0.854167 0.166667
vt 0.854167 0.250000
vt 0.854167 0.333333
vt 0.833333 0.333333
vt 0.854167 0.416667
vt 0.875000 0.500000
vt 0.854167 0.500000
vt 0.875000 0.583333
vt 0.875000 0.750000
vt 0.875000 0.916667
vt 0.854167 1.000000
vt 0.854167 0.000000
vt 0.875000 0.083333
vt 0.875000 0.166667
vt 0.875000 0.250000
vt 0.875000 0.416667
vt 0.895833 0.583333
vt 0.895833 0.666667
vt 0.875000 0.666667
vt 0.895833 0.750000
vt 0.875000 0.833333
vt 0.895833 0.833333
vt 0.895833 0.916667
vt 0.875000 1.000000
vt 0.875000 0.000000
vt 0.895833 0.083333
vt 0.895833 0.166667
vt 0.895833 0.250000
vt 0.875000 0.333333
vt 0.895833 0.333333
vt 0.895833 0.416667
vt 0.916667 0.500000
vt 0.895833 0.500000
vt 0.916667 0.666667
vt 0.916667 0.833333
vt 0.916667 1.000000
vt 0.895833 1.000000
vt 0.916667 0.000000
vt 0.895833 0.000000
vt 0.916667 0.166667
vt 0.916667 0.333333
vt 0.916667 0.416667
vt 0.937500 0.583333
vt 0.916667 0.583333
vt 0.937500 0.666667
vt 0.916667 0.750000
vt 0.937500 0.750000
vt 0.937500 0.833333
vt 0.916667 0.916667
vt 0.937500 0.916667
vt 0.937500 0.000000
vt 0.916667 0.083333
vt 0.937500 0.166667
vt 0.916667 0.250000
vt 0.937500 0.333333
vt 0.937500 0.416667
vt 0.958333 0.500000
vt 0.937500 0.500000
vt 0.958333 0.583333
vt 0.958333 0.750000
vt 0.958333 0.833333
vt 0.958333 0.916667
vt 0.937500 1.000000
vt 0.958333 0.000000
vt 0.937500 0.083333
vt 0.958333 0.083333
vt 0.958333 0.166667
vt 0.937500 0.250000
vt 0.958333 0.250000
vt 0.958333 0.333333
vt 0.979167 0.500000
vt 0.979167 0.583333
vt 0.958333 0.666667
vt 0.979167 0.666667
vt 0.979167 0.833333
vt 0.979167 0.916667
vt 0.958333 1.000000
vt 0.979167 0.000000
vt 0.979167 0.166667
vt 0.979167 0.333333
vt 0.958333 0.416667
vt 1.000000 0.500000
vt 1.000000 0.583333
vt 1.000000 0.666667
vt 0.979167 0.750000
vt 1.000000 0.750000
vt 1.000000 0.833333
vt 1.000000 0.916667
vt 0.979167 1.000000
vt 1.000000 0.000000
vt 0.979167 0.083333
vt 1.000000 0.083333
vt 1.000000 0.166667
vt 0.979167 0.250000
vt 1.000000 0.250000
vt 1.000000 0.333333
vt 0.979167 0.416667
vt 0.020833 0.500000
vt 0.000000 0.583333
vt 0.000000 0.500000
vt 0.020833 0.583333
vt 0.000000 0.666667
vt 0.020833 0.666667
vt 0.000000 0.750000
vt 0.020833 0.750000
vt 0.000000 0.833333
vt 0.020833 0.833333
vt 0.000000 0.916667
vt 0.020833 0.916667
vt 0.000000 1.000000
vt 0.020833 0.000000
vt 0.000000 0.083333
vt 0.000000 0.000000
vt 0.020833 0.083333
vt 0.000000 0.166667
vt 0.020833 0.166667
vt 0.000000 0.250000
vt 0.020833 0.333333
vt 0.000000 0.333333
vt 0.000000 0.416667
vt 0.041667 0.583333
vt 0.041667 0.666667
vt 0.041667 0.750000
vt 0.041667 0.916667
vt 0.020833 1.000000
vt 0.041667 0.000000
vt 0.041667 0.083333
vt 0.041667 0.250000
vt 0.020833 0.250000
vt 0.041667 0.333333
vt 0.020833 0.416667
vt 0.041667 0.416667
vt 0.062500 0.500000
vt 0.041667 0.500000
vt 0.062500 0.583333
vt 0.062500 0.666667
vt 0.062500 0.750000
vt 0.041667 0.833333
vt 0.062500 0.916667
vt 0.041667 1.000000
vt 0.062500 0.000000
vt 0.062500 0.083333
vt 0.041667 0.166667
vt 0.062500 0.250000
vt 0.062500 0.333333
vt 0.062500 0.416667
vt 0.083333 0.583333
vt 0.083333 0.750000
vt 0.083333 0.833333
vt 0.062500 0.833333
vt 0.083333 0.916667
vt 0.062500 1.000000
vt 0.083333 0.000000
vt 0.083333 0.083333
vt 0.062500 0.166667
vt 0.083333 0.166667
vt 0.083333 0.250000
vt 0.083333 0.416667
vt 0.104167 0.500000
vt 0.083333 0.500000
vt 0.104167 0.583333
vt 0.083333 0.666667
vt 0.104167 0.750000
vt 0.104167 0.833333
vt 0.104167 0.916667
vt 0.083333 1.000000
vt 0.104167 0.083333
vt 0.104167 0.166667
vt 0.104167 0.250000
vt 0.083333 0.333333
vt 0.104167 0.333333
vt 0.125000 0.583333
vt 0.104167 0.666667
vt 0.125000 0.666667
vt 0.125000 0.833333
vt 0.125000 1.000000
vt 0.104167 1.000000
vt 0.125000 0.000000
vt 0.104167 0.000000
vt 0.125000 0.083333
vt 0.125000 0.166667
vt 0.125000 0.333333
vt 0.125000 0.416667
vt 0.104167 0.416667
vt 0.145833 0.500000
vt 0.125000 0.500000
vt 0.145833 0.666667
vt 0.125000 0.750000
vt 0.145833 0.833333
vt 0.125000 0.916667
vt 0.145833 1.000000
vt 0.145833 0.000000
vt 0.145833 0.166667
vt 0.125000 0.250000
vt 0.145833 0.250000
vt 0.145833 0.333333
vt 0.166667 0.500000
vt 0.145833 0.583333
vt 0.166667 0.666667
vt 0.166667 0.750000
vt 0.145833 0.750000
vt 0.166667 0.833333
vt 0.145833 0.916667
vt 0.166667 1.000000
vt 0.166667 0.000000
vt 0.145833 0.083333
vt 0.166667 0.166667
vt 0.166667 0.250000
vt 0.166667 0.333333
vt 0.145833 0.416667
vt 0.187500 0.500000
vt 0.166667 0.583333
vt 0.187500 0.666667
vt 0.187500 0.750000
vt 0.187500 0.833333
vt 0.166667 0.916667
vt 0.187500 0.916667
vt 0.187500 0.000000
vt 0.166667 0.083333
vt 0.187500 0.083333
vt 0.187500 0.250000
vt 0.187500 0.333333
vt 0.166667 0.416667
vt 0.208333 0.500000
vt 0.187500 0.583333
vt 0.208333 0.666667
vt 0.208333 0.833333
vt 0.208333 0.916667
vt 0.187500 1.000000
vt 0.208333 0.000000
vt 0.208333 0.083333
vt 0.187500 0.166667
vt 0.208333 0.166667
vt 0.208333 0.333333
vt 0.187500 0.416667
vt 0.229167 0.500000
vt 0.208333 0.583333
vt 0.229167 0.583333
vt 0.229167 0.666667
vt 0.208333 0.750000
vt 0.229167 0.750000
vt 0.229167 0.833333
vt 0.229167 0.916667
vt 0.208333 1.000000
vt 0.229167 0.000000
vt 0.229167 0.166667
vt 0.229167 0.250000
vt 0.208333 0.250000
vt 0.229167 0.333333
vt 0.208333 0.416667
vt 0.229167 0.416667
vt 0.250000 0.500000
vt 0.250000 0.666667
vt 0.250000 0.833333
vt 0.250000 1.000000
vt 0.229167 1.000000
vt 0.250000 0.000000
vt 0.229167 0.083333
vt 0.250000 0.166667
vt 0.250000 0.333333
vt 0.250000 0.416667
vt 0.270833 0.500000
vt 0.250000 0.583333
vt 0.270833 0.666667
vt 0.250000 0.750000
vt 0.270833 0.750000
vt 0.270833 0.833333
vt 0.250000 0.916667
vt 0.270833 0.916667
vt 0.270833 0.000000
vt 0.250000 0.083333
vt 0.270833 0.083333
vt 0.270833 0.166667
vt 0.250000 0.250000
vt 0.270833 0.250000
vt 0.270833 0.333333
vt 0.291667 0.500000
vt 0.270833 0.583333
vt 0.291667 0.666667
vt 0.291667 0.750000
vt 0.291667 0.833333
vt 0.291667 1.000000
vt 0.270833 1.000000
vt 0.291667 0.000000
vt 0.291667 0.083333
vt 0.291667 0.250000
vt 0.291667 0.333333
vt 0.270833 0.416667
vt 0.312500 0.583333
vt 0.291667 0.583333
vt 0.312500 0.666667
vt 0.312500 0.750000
vt 0.312500 0.833333
vt 0.312500 0.916667
vt 0.291667 0.916667
vt 0.312500 0.000000
vt 0.312500 0.083333
vt 0.291667 0.166667
vt 0.312500 0.166667
vt 0.312500 0.250000
vt 0.312500 0.333333
vt 0.291667 0.416667
vt 0.312500 0.416667
vt 0.312500 0.500000
vt 0.333333 0.583333
vt 0.333333 0.666667
vt 0.333333 0.833333
vt 0.333333 1.000000
vt 0.312500 1.000000
vt 0.333333 0.000000
vt 0.333333 0.166667
vt 0.333333 0.250000
vt 0.333333 0.416667
vt 0.354167 0.500000
vt 0.333333 0.500000
vt 0.354167 0.666667
vt 0.333333 0.750000
vt 0.354167 0.833333
vt 0.333333 0.916667
vt 0.354167 0.916667
vt 0.354167 0.000000
vt 0.333333 0.083333
vt 0.354167 0.166667
vt 0.354167 0.333333
vt 0.333333 0.333333
vt 0.354167 0.416667
vt 0.375000 0.500000
vt 0.354167 0.583333
vt 0.375000 0.666667
vt 0.375000 0.750000
vt 0.354167 0.750000
vt 0.375000 0.916667
vt 0.375000 1.000000
vt 0.354167 1.000000
vt 0.375000 0.000000
vt 0.354167 0.083333
vt 0.375000 0.083333
vt 0.375000 0.166667
vt 0.354167 0.250000
vt 0.375000 0.250000
vt 0.375000 0.333333
vt 0.395833 0.583333
vt 0.375000 0.583333
vt 0.395833 0.666667
vt 0.395833 0.750000
vt 0.375000 0.833333
vt 0.395833 0.833333
vt 0.395833 1.000000
vt 0.395833 0.000000
vt 0.395833 0.083333
vt 0.395833 0.250000
vt 0.395833 0.333333
vt 0.375000 0.416667
vt 0.395833 0.416667
vt 0.395833 0.500000
vt 0.416667 0.583333
vt 0.416667 0.750000
vt 0.416667 0.916667
vt 0.395833 0.916667
vt 0.416667 0.000000
vt 0.416667 0.083333
vt 0.395833 0.166667
vt 0.416667 0.250000
vt 0.416667 0.416667
vt 0.416667 0.500000
vt 0.437500 0.583333
vt 0.437500 0.666667
vt 0.416667 0.666667
vt 0.437500 0.750000
vt 0.416667 0.833333
vt 0.437500 0.916667
vt 0.416667 1.000000
vt 0.437500 0.000000
vt 0.437500 0.083333
vt 0.416667 0.166667
vt 0.437500 0.166667
vt 0.437500 0.250000
vt 0.416667 0.333333
vt 0.437500 0.333333
vt 0.437500 0.416667
vt 0.458333 0.500000
vt 0.437500 0.500000
vt 0.458333 0.666667
vt 0.458333 0.750000
vt 0.437500 0.833333
vt 0.458333 0.833333
vt 0.458333 0.916667
vt 0.437500 1.000000
vt 0.458333 0.083333
vt 0.458333 0.166667
vt 0.458333 0.250000
vt 0.458333 0.333333
vt 0.458333 0.416667
vt 0.479167 0.583333
vt 0.458333 0.583333
vt 0.479167 0.666667
vt 0.479167 0.750000
vt 0.479167 0.916667
vt 0.458333 1.000000
vt 0.458333 0.000000
vt 0.479167 0.083333
vt 0.479167 0.166667
vt 0.479167 0.250000
vt 0.479167 0.416667
vt 0.479167 0.500000
vt 0.479167 0.833333
vt 0.479167 1.000000
vt 0.479167 0.000000
vt 0.479167 0.333333
vt 1.000000 1.000000
vt 1.000000 0.416667
s 1
g Torus_M_CoralMusgo.001
usemtl M_CoralMusgo.001
f 89/159/89 78/160/78 77/161/77
f 78/160/78 91/162/91 79/163/79
f 91/162/91 80/164/80 79/163/79
f 92/165/92 81/166/81 80/164/80
f 81/166/81 94/167/94 82/168/82
f 94/167/94 83/169/83 82/168/82
f 95/170/95 84/171/84 83/172/83
f 96/173/96 85/174/85 84/171/84
f 97/175/97 86/176/86 85/174/85
f 98/177/98 87/178/87 86/176/86
f 99/179/99 88/180/88 87/178/87
f 100/181/100 77/161/77 88/180/88
f 101/182/101 90/183/90 89/159/89
f 90/183/90 103/184/103 91/162/91
f 103/184/103 92/165/92 91/162/91
f 104/185/104 93/186/93 92/165/92
f 105/187/105 94/167/94 93/186/93
f 106/188/106 95/189/95 94/167/94
f 107/190/107 96/173/96 95/170/95
f 96/173/96 109/191/109 97/175/97
f 97/175/97 110/192/110 98/177/98
f 98/177/98 111/193/111 99/179/99
f 111/193/111 100/181/100 99/179/99
f 100/181/100 101/182/101 89/159/89
f 113/194/113 102/195/102 101/182/101
f 114/196/114 103/184/103 102/195/102
f 103/184/103 116/197/116 104/185/104
f 104/185/104 117/198/117 105/187/105
f 105/187/105 118/199/118 106/188/106
f 118/199/118 107/200/107 106/188/106
f 119/201/119 108/202/108 107/190/107
f 120/203/120 109/191/109 108/202/108
f 121/204/121 110/192/110 109/191/109
f 122/205/122 111/193/111 110/192/110
f 123/206/123 112/207/112 111/193/111
f 124/208/124 101/182/101 112/207/112
f 125/209/125 114/196/114 113/194/113
f 114/196/114 127/210/127 115/211/115
f 115/211/115 128/212/128 116/197/116
f 128/212/128 117/198/117 116/197/116
f 129/213/129 118/199/118 117/198/117
f 118/199/118 131/214/131 119/215/119
f 131/216/131 120/203/120 119/201/119
f 120/203/120 133/217/133 121/204/121
f 121/204/121 134/218/134 122/205/122
f 134/218/134 123/206/123 122/205/122
f 135/219/135 124/208/124 123/206/123
f 136/220/136 113/194/113 124/208/124
f 137/221/137 126/222/126 125/209/125
f 126/222/126 139/223/139 127/210/127
f 139/223/139 128/212/128 127/210/127
f 128/212/128 141/224/141 129/213/129
f 141/224/141 130/225/130 129/213/129
f 142/226/142 131/214/131 130/225/130
f 143/227/143 132/228/132 131/216/131
f 144/229/144 133/217/133 132/228/132
f 145/230/145 134/218/134 133/217/133
f 134/218/134 147/231/147 135/219/135
f 147/231/147 136/220/136 135/219/135
f 148/232/148 125/209/125 136/220/136
f 149/233/149 138/234/138 137/221/137
f 138/234/138 151/235/151 139/223/139
f 151/235/151 140/236/140 139/223/139
f 140/236/140 153/237/153 141/224/141
f 153/237/153 142/226/142 141/224/141
f 154/238/154 143/239/143 142/226/142
f 155/240/155 144/229/144 143/227/143
f 144/229/144 157/241/157 145/230/145
f 157/241/157 146/242/146 145/230/145
f 146/242/146 159/243/159 147/231/147
f 159/243/159 148/232/148 147/231/147
f 148/232/148 149/233/149 137/221/137
f 161/244/161 150/245/150 149/233/149
f 162/246/162 151/235/151 150/245/150
f 163/247/163 152/248/152 151/235/151
f 164/249/164 153/237/153 152/248/152
f 165/250/165 154/238/154 153/237/153
f 166/251/166 155/252/155 154/238/154
f 155/240/155 168/253/168 156/254/156
f 156/254/156 169/255/169 157/241/157
f 157/241/157 170/256/170 158/257/158
f 170/256/170 159/243/159 158/257/158
f 171/258/171 160/259/160 159/243/159
f 172/260/172 149/233/149 160/259/160
f 173/261/173 162/246/162 161/244/161
f 174/262/174 163/247/163 162/246/162
f 175/263/175 164/249/164 163/247/163
f 164/249/164 177/264/177 165/250/165
f 165/250/165 178/265/178 166/251/166
f 178/265/178 167/266/167 166/251/166
f 179/267/179 168/253/168 167/268/167
f 180/269/180 169/255/169 168/253/168
f 181/270/181 170/256/170 169/255/169
f 170/256/170 183/271/183 171/258/171
f 183/271/183 172/260/172 171/258/171
f 184/272/184 161/244/161 172/260/172
f 185/273/185 174/262/174 173/261/173
f 174/262/174 187/274/187 175/263/175
f 187/274/187 176/275/176 175/263/175
f 188/276/188 177/264/177 176/275/176
f 177/264/177 190/277/190 178/265/178
f 190/277/190 179/278/179 178/265/178
f 179/267/179 192/279/192 180/269/180
f 192/279/192 181/270/181 180/269/180
f 181/270/181 194/280/194 182/281/182
f 194/280/194 183/271/183 182/281/182
f 195/282/195 184/272/184 183/271/183
f 184/272/184 185/273/185 173/261/173
f 197/283/197 186/284/186 185/273/185
f 198/285/198 187/274/187 186/284/186
f 199/286/199 188/276/188 187/274/187
f 200/287/200 189/288/189 188/276/188
f 201/289/201 190/277/190 189/288/189
f 202/290/202 191/291/191 190/277/190
f 191/292/191 204/293/204 192/279/192
f 192/279/192 205/294/205 193/295/193
f 193/295/193 206/296/206 194/280/194
f 194/280/194 207/297/207 195/282/195
f 207/297/207 196/298/196 195/282/195
f 196/298/196 197/283/197 185/273/185
f 209/299/209 198/285/198 197/283/197
f 210/300/210 199/286/199 198/285/198
f 211/301/211 200/287/200 199/286/199
f 212/302/212 201/289/201 200/287/200
f 201/289/201 214/303/214 202/290/202
f 202/290/202 215/304/215 203/305/203
f 215/306/215 204/293/204 203/307/203
f 216/308/216 205/294/205 204/293/204
f 217/309/217 206/296/206 205/294/205
f 218/310/218 207/297/207 206/296/206
f 207/297/207 220/311/220 208/312/208
f 208/312/208 209/299/209 197/283/197
f 209/299/209 222/313/222 210/300/210
f 210/300/210 223/314/223 211/301/211
f 223/314/223 212/302/212 211/301/211
f 224/315/224 213/316/213 212/302/212
f 225/317/225 214/303/214 213/316/213
f 226/318/226 215/304/215 214/303/214
f 215/306/215 228/319/228 216/308/216
f 228/319/228 217/309/217 216/308/216
f 217/309/217 230/320/230 218/310/218
f 230/320/230 219/321/219 218/310/218
f 231/322/231 220/311/220 219/321/219
f 232/323/232 209/299/209 220/311/220
f 233/324/233 222/313/222 221/325/221
f 234/326/234 223/314/223 222/313/222
f 235/327/235 224/315/224 223/314/223
f 224/315/224 237/328/237 225/317/225
f 237/328/237 226/318/226 225/317/225
f 238/329/238 227/330/227 226/318/226
f 239/331/239 228/319/228 227/332/227
f 240/333/240 229/334/229 228/319/228
f 241/335/241 230/320/230 229/334/229
f 230/320/230 243/336/243 231/322/231
f 243/336/243 232/323/232 231/322/231
f 232/323/232 233/324/233 221/325/221
f 245/337/245 234/326/234 233/324/233
f 246/338/246 235/327/235 234/326/234
f 235/327/235 248/339/248 236/340/236
f 248/339/248 237/328/237 236/340/236
f 249/341/249 238/329/238 237/328/237
f 250/342/250 239/343/239 238/329/238
f 251/344/251 240/333/240 239/331/239
f 240/333/240 253/345/253 241/335/241
f 241/335/241 254/346/254 242/347/242
f 254/346/254 243/336/243 242/347/242
f 243/336/243 256/348/256 244/349/244
f 256/348/256 233/324/233 244/349/244
f 245/337/245 258/350/258 246/338/246
f 258/350/258 247/351/247 246/338/246
f 259/352/259 248/339/248 247/351/247
f 260/353/260 249/341/249 248/339/248
f 249/341/249 262/354/262 250/342/250
f 262/354/262 251/355/251 250/342/250
f 263/356/263 252/357/252 251/344/251
f 264/358/264 253/345/253 252/357/252
f 253/345/253 266/359/266 254/346/254
f 266/359/266 255/360/255 254/346/254
f 255/360/255 268/361/268 256/348/256
f 268/361/268 245/337/245 256/348/256
f 257/362/257 270/363/270 258/350/258
f 270/363/270 259/352/259 258/350/258
f 259/352/259 272/364/272 260/353/260
f 260/353/260 273/365/273 261/366/261
f 273/365/273 262/354/262 261/366/261
f 274/367/274 263/368/263 262/354/262
f 275/369/275 264/358/264 263/356/263
f 276/370/276 265/371/265 264/358/264
f 277/372/277 266/359/266 265/371/265
f 278/373/278 267/374/267 266/359/266
f 267/374/267 280/375/280 268/361/268
f 280/375/280 257/362/257 268/361/268
f 269/376/269 282/377/282 270/363/270
f 282/377/282 271/378/271 270/363/270
f 283/379/283 272/364/272 271/378/271
f 284/380/284 273/365/273 272/364/272
f 285/381/285 274/367/274 273/365/273
f 286/382/286 275/383/275 274/367/274
f 275/369/275 288/384/288 276/370/276
f 276/370/276 289/385/289 277/372/277
f 277/372/277 290/386/290 278/373/278
f 278/373/278 291/387/291 279/388/279
f 279/388/279 292/389/292 280/375/280
f 292/389/292 269/376/269 280/375/280
f 293/390/293 282/377/282 281/391/281
f 294/392/294 283/379/283 282/377/282
f 283/379/283 296/393/296 284/380/284
f 296/393/296 285/381/285 284/380/284
f 285/381/285 298/394/298 286/382/286
f 298/394/298 287/395/287 286/382/286
f 287/396/287 300/397/300 288/384/288
f 300/397/300 289/385/289 288/384/288
f 301/398/301 290/386/290 289/385/289
f 302/399/302 291/387/291 290/386/290
f 291/387/291 304/400/304 292/389/292
f 304/400/304 281/391/281 292/389/292
f 293/390/293 306/401/306 294/392/294
f 294/392/294 307/402/307 295/403/295
f 295/403/295 308/404/308 296/393/296
f 308/404/308 297/405/297 296/393/296
f 309/406/309 298/394/298 297/405/297
f 310/407/310 299/408/299 298/394/298
f 299/409/299 312/410/312 300/397/300
f 312/410/312 301/398/301 300/397/300
f 313/411/313 302/399/302 301/398/301
f 314/412/314 303/413/303 302/399/302
f 315/414/315 304/400/304 303/413/303
f 316/415/316 293/390/293 304/400/304
f 317/416/317 306/401/306 305/417/305
f 306/401/306 319/418/319 307/402/307
f 319/418/319 308/404/308 307/402/307
f 308/404/308 321/419/321 309/406/309
f 321/419/321 310/407/310 309/406/309
f 310/407/310 323/420/323 311/421/311
f 323/422/323 312/410/312 311/423/311
f 312/410/312 325/424/325 313/411/313
f 325/424/325 314/412/314 313/411/313
f 314/412/314 327/425/327 315/414/315
f 327/425/327 316/415/316 315/414/315
f 328/426/328 305/417/305 316/415/316
f 317/416/317 330/427/330 318/428/318
f 330/427/330 319/418/319 318/428/318
f 331/429/331 320/430/320 319/418/319
f 332/431/332 321/419/321 320/430/320
f 333/432/333 322/433/322 321/419/321
f 334/434/334 323/420/323 322/433/322
f 335/435/335 324/436/324 323/422/323
f 324/436/324 337/437/337 325/424/325
f 337/437/337 326/438/326 325/424/325
f 326/438/326 339/439/339 327/425/327
f 327/425/327 340/440/340 328/426/328
f 340/440/340 317/416/317 328/426/328
f 341/441/341 330/427/330 329/442/329
f 342/443/342 331/429/331 330/427/330
f 331/429/331 344/444/344 332/431/332
f 332/431/332 345/445/345 333/432/333
f 333/432/333 346/446/346 334/434/334
f 346/446/346 335/447/335 334/434/334
f 347/448/347 336/449/336 335/435/335
f 348/450/348 337/437/337 336/449/336
f 349/451/349 338/452/338 337/437/337
f 350/453/350 339/439/339 338/452/338
f 351/454/351 340/440/340 339/439/339
f 340/440/340 341/441/341 329/442/329
f 353/455/353 342/443/342 341/441/341
f 354/456/354 343/457/343 342/443/342
f 355/458/355 344/444/344 343/457/343
f 344/444/344 357/459/357 345/445/345
f 357/459/357 346/446/346 345/445/345
f 358/460/358 347/461/347 346/446/346
f 359/462/359 348/450/348 347/448/347
f 348/450/348 361/463/361 349/451/349
f 361/463/361 350/453/350 349/451/349
f 350/453/350 363/464/363 351/454/351
f 363/464/363 352/465/352 351/454/351
f 352/465/352 353/455/353 341/441/341
f 365/466/83 354/456/354 353/455/353
f 366/467/365 355/458/355 354/456/354
f 367/468/366 356/469/356 355/458/355
f 368/470/367 357/459/357 356/469/356
f 369/471/368 358/460/358 357/459/357
f 370/472/369 359/473/359 358/460/358
f 371/474/77 360/475/360 359/462/359
f 372/476/370 361/463/361 360/475/360
f 373/477/371 362/478/362 361/463/361
f 374/479/372 363/464/363 362/478/362
f 375/480/373 364/481/364 363/464/363
f 364/481/364 365/466/83 353/455/353
f 377/482/95 366/483/365 365/484/83
f 378/485/375 367/486/366 366/483/365
f 379/487/376 368/488/367 367/486/366
f 380/489/377 369/490/368 368/488/367
f 381/491/378 370/492/369 369/490/368
f 382/493/379 371/494/77 370/492/369
f 383/495/89 372/496/370 371/497/77
f 384/498/380 373/499/371 372/496/370
f 385/500/381 374/501/372 373/499/371
f 374/501/372 387/502/383 375/503/373
f 387/502/383 376/504/374 375/503/373
f 376/504/374 377/482/95 365/484/83
f 377/482/95 390/505/385 378/485/375
f 390/505/385 379/487/376 378/485/375
f 391/506/386 380/489/377 379/487/376
f 392/507/387 381/491/378 380/489/377
f 381/491/378 394/508/389 382/493/379
f 394/508/389 383/509/89 382/493/379
f 395/510/101 384/498/380 383/495/89
f 396/511/390 385/500/381 384/498/380
f 385/500/381 398/512/392 386/513/382
f 398/512/392 387/502/383 386/513/382
f 399/514/393 388/515/384 387/502/383
f 400/516/394 377/482/95 388/515/384
f 401/517/119 390/505/385 389/518/107
f 402/519/395 391/506/386 390/505/385
f 403/520/396 392/507/387 391/506/386
f 404/521/397 393/522/388 392/507/387
f 393/522/388 406/523/399 394/508/389
f 406/523/399 395/524/101 394/508/389
f 407/525/113 396/511/390 395/510/101
f 408/526/400 397/527/391 396/511/390
f 397/527/391 410/528/402 398/512/392
f 398/512/392 411/529/403 399/514/393
f 411/529/403 400/516/394 399/514/393
f 412/530/404 389/518/107 400/516/394
f 401/517/119 414/531/405 402/519/395
f 414/531/405 403/520/396 402/519/395
f 403/520/396 416/532/407 404/521/397
f 404/521/397 417/533/408 405/534/398
f 417/533/408 406/523/399 405/534/398
f 418/535/409 407/536/113 406/523/399
f 419/537/125 408/526/400 407/525/113
f 420/538/410 409/539/401 408/526/400
f 421/540/411 410/528/402 409/539/401
f 422/541/412 411/529/403 410/528/402
f 411/529/403 424/542/414 412/530/404
f 424/542/414 401/517/119 412/530/404
f 425/543/143 414/531/405 413/544/131
f 426/545/415 415/546/406 414/531/405
f 415/546/406 428/547/417 416/532/407
f 428/547/417 417/533/408 416/532/407
f 429/548/418 418/535/409 417/533/408
f 430/549/419 419/550/125 418/535/409
f 419/537/125 432/551/420 420/538/410
f 420/538/410 433/552/421 421/540/411
f 421/540/411 434/553/422 422/541/412
f 434/553/422 423/554/413 422/541/412
f 435/555/423 424/542/414 423/554/413
f 424/542/414 425/543/143 413/544/131
f 425/543/143 438/556/425 426/545/415
f 438/556/425 427/557/416 426/545/415
f 439/558/426 428/547/417 427/557/416
f 428/547/417 441/559/428 429/548/418
f 441/559/428 430/549/419 429/548/418
f 430/549/419 443/560/149 431/561/137
f 443/562/149 432/551/420 431/563/137
f 444/564/430 433/552/421 432/551/420
f 445/565/431 434/553/422 433/552/421
f 434/553/422 447/566/433 435/555/423
f 435/555/423 448/567/434 436/568/424
f 448/567/434 425/543/143 436/568/424
f 449/569/167 438/556/425 437/570/155
f 438/556/425 451/571/436 439/558/426
f 451/571/436 440/572/427 439/558/426
f 440/572/427 453/573/438 441/559/428
f 453/573/438 442/574/429 441/559/428
f 442/574/429 455/575/161 443/560/149
f 455/576/161 444/564/430 443/562/149
f 444/564/430 457/577/441 445/565/431
f 457/577/441 446/578/432 445/565/431
f 458/579/442 447/566/433 446/578/432
f 459/580/443 448/567/434 447/566/433
f 448/567/434 449/569/167 437/570/155
f 461/581/179 450/582/435 449/569/167
f 450/582/435 463/583/446 451/571/436
f 451/571/436 464/584/447 452/585/437
f 464/584/447 453/573/438 452/585/437
f 465/586/448 454/587/439 453/573/438
f 454/587/439 467/588/173 455/575/161
f 467/589/173 456/590/440 455/576/161
f 456/590/440 469/591/451 457/577/441
f 457/577/441 470/592/452 458/579/442
f 470/592/452 459/580/443 458/579/442
f 471/593/453 460/594/444 459/580/443
f 460/594/444 461/581/179 449/569/167
f 473/595/191 462/596/445 461/581/179
f 462/596/445 475/597/456 463/583/446
f 475/597/456 464/584/447 463/583/446
f 476/598/457 465/586/448 464/584/447
f 477/599/458 466/600/449 465/586/448
f 478/601/459 467/588/173 466/600/449
f 479/602/185 468/603/450 467/589/173
f 480/604/460 469/591/451 468/603/450
f 469/591/451 482/605/462 470/592/452
f 470/592/452 483/606/463 471/593/453
f 483/606/463 472/607/454 471/593/453
f 472/607/454 473/595/191 461/581/179
f 485/608/203 474/609/455 473/595/191
f 474/609/455 487/610/466 475/597/456
f 487/610/466 476/598/457 475/597/456
f 476/598/457 489/611/468 477/599/458
f 477/599/458 490/612/469 478/601/459
f 490/612/469 479/613/185 478/601/459
f 491/614/197 480/604/460 479/602/185
f 492/615/470 481/616/461 480/604/460
f 493/617/471 482/605/462 481/616/461
f 482/605/462 495/618/473 483/606/463
f 495/618/473 484/619/464 483/606/463
f 484/619/464 485/608/203 473/595/191
f 497/620/215 486/621/465 485/608/203
f 498/622/475 487/610/466 486/621/465
f 499/623/476 488/624/467 487/610/466
f 500/625/477 489/611/468 488/624/467
f 501/626/478 490/612/469 489/611/468
f 502/627/479 491/628/197 490/612/469
f 503/629/209 492/615/470 491/614/197
f 492/615/470 505/630/481 493/617/471
f 493/617/471 506/631/482 494/632/472
f 506/631/482 495/618/473 494/632/472
f 507/633/483 496/634/474 495/618/473
f 508/635/484 485/608/203 496/634/474
f 509/636/227 498/622/475 497/620/215
f 498/622/475 511/637/486 499/623/476
f 511/637/486 500/625/477 499/623/476
f 500/625/477 513/638/488 501/626/478
f 513/638/488 502/627/479 501/626/478
f 502/627/479 515/639/221 503/640/209
f 515/641/221 504/642/480 503/629/209
f 504/642/480 517/643/491 505/630/481
f 517/643/491 506/631/482 505/630/481
f 506/631/482 519/644/493 507/633/483
f 519/644/493 508/635/484 507/633/483
f 520/645/494 497/620/215 508/635/484
f 521/646/239 510/647/485 509/636/227
f 510/647/485 523/648/496 511/637/486
f 523/648/496 512/649/487 511/637/486
f 524/650/497 513/638/488 512/649/487
f 525/651/498 514/652/489 513/638/488
f 526/653/499 515/639/221 514/652/489
f 527/654/233 516/655/490 515/641/221
f 528/656/500 517/643/491 516/655/490
f 529/657/501 518/658/492 517/643/491
f 530/659/502 519/644/493 518/658/492
f 531/660/503 520/645/494 519/644/493
f 520/645/494 521/646/239 509/636/227
f 533/661/251 522/662/495 521/646/239
f 522/662/495 535/663/506 523/648/496
f 535/663/506 524/650/497 523/648/496
f 536/664/507 525/651/498 524/650/497
f 537/665/508 526/653/499 525/651/498
f 526/653/499 539/666/510 527/667/233
f 539/668/510 528/656/500 527/654/233
f 540/669/511 529/657/501 528/656/500
f 529/657/501 542/670/513 530/659/502
f 542/670/513 531/660/503 530/659/502
f 543/671/514 532/672/504 531/660/503
f 532/672/504 533/661/251 521/646/239
f 533/661/251 546/673/516 534/674/505
f 534/674/505 547/675/517 535/663/506
f 535/663/506 548/676/518 536/664/507
f 536/664/507 549/677/519 537/665/508
f 537/665/508 550/678/520 538/679/509
f 550/678/520 539/666/510 538/679/509
f 551/680/257 540/669/511 539/668/510
f 552/681/521 541/682/512 540/669/511
f 553/683/522 542/670/513 541/682/512
f 554/684/523 543/671/514 542/670/513
f 555/685/524 544/686/515 543/671/514
f 556/687/525 533/661/251 544/686/515
f 545/688/263 558/689/526 546/673/516
f 558/689/526 547/675/517 546/673/516
f 559/690/527 548/676/518 547/675/517
f 548/676/518 561/691/529 549/677/519
f 561/691/529 550/678/520 549/677/519
f 550/678/520 563/692/269 551/693/257
f 563/694/269 552/681/521 551/680/257
f 552/681/521 565/695/532 553/683/522
f 565/695/532 554/684/523 553/683/522
f 566/696/533 555/685/524 554/684/523
f 555/685/524 568/697/535 556/687/525
f 568/697/535 545/688/263 556/687/525
f 569/698/287 558/689/526 557/699/275
f 558/689/526 571/700/537 559/690/527
f 571/700/537 560/701/528 559/690/527
f 560/701/528 573/702/539 561/691/529
f 573/702/539 562/703/530 561/691/529
f 574/704/540 563/692/269 562/703/530
f 575/705/281 564/706/531 563/694/269
f 564/706/531 577/707/542 565/695/532
f 577/707/542 566/696/533 565/695/532
f 566/696/533 579/708/544 567/709/534
f 579/708/544 568/697/535 567/709/534
f 580/710/545 557/699/275 568/697/535
f 581/711/299 570/712/536 569/698/287
f 570/712/536 583/713/547 571/700/537
f 571/700/537 584/714/548 572/715/538
f 584/714/548 573/702/539 572/715/538
f 573/702/539 586/716/550 574/704/540
f 574/704/540 587/717/293 575/718/281
f 587/719/293 576/720/541 575/705/281
f 588/721/551 577/707/542 576/720/541
f 589/722/552 578/723/543 577/707/542
f 590/724/553 579/708/544 578/723/543
f 591/725/554 580/710/545 579/708/544
f 580/710/545 581/711/299 569/698/287
f 581/711/299 594/726/556 582/727/546
f 594/726/556 583/713/547 582/727/546
f 595/728/557 584/714/548 583/713/547
f 596/729/558 585/730/549 584/714/548
f 597/731/559 586/716/550 585/730/549
f 586/716/550 599/732/305 587/717/293
f 599/733/305 588/721/551 587/719/293
f 600/734/561 589/722/552 588/721/551
f 589/722/552 602/735/563 590/724/553
f 602/735/563 591/725/554 590/724/553
f 603/736/564 592/737/555 591/725/554
f 604/738/565 581/711/299 592/737/555
f 593/739/311 606/740/566 594/726/556
f 606/740/566 595/728/557 594/726/556
f 595/728/557 608/741/568 596/729/558
f 608/741/568 597/731/559 596/729/558
f 597/731/559 610/742/570 598/743/560
f 610/742/570 599/732/305 598/743/560
f 611/744/317 600/734/561 599/733/305
f 612/745/571 601/746/562 600/734/561
f 601/746/562 614/747/573 602/735/563
f 614/747/573 603/736/564 602/735/563
f 603/736/564 616/748/575 604/738/565
f 616/748/575 593/739/311 604/738/565
f 605/749/323 618/750/576 606/740/566
f 606/740/566 619/751/577 607/752/567
f 619/751/577 608/741/568 607/752/567
f 620/753/578 609/754/569 608/741/568
f 609/754/569 622/755/580 610/742/570
f 622/755/580 611/756/317 610/742/570
f 623/757/329 612/745/571 611/744/317
f 624/758/581 613/759/572 612/745/571
f 625/760/582 614/747/573 613/759/572
f 626/761/583 615/762/574 614/747/573
f 627/763/584 616/748/575 615/762/574
f 628/764/585 605/749/323 616/748/575
f 629/765/347 618/750/576 617/766/335
f 618/750/576 631/767/587 619/751/577
f 631/767/587 620/753/578 619/751/577
f 632/768/588 621/769/579 620/753/578
f 633/770/589 622/755/580 621/769/579
f 634/771/590 623/772/329 622/755/580
f 623/757/329 636/773/591 624/758/581
f 624/758/581 637/774/592 625/760/582
f 625/760/582 638/775/593 626/761/583
f 626/761/583 639/776/594 627/763/584
f 639/776/594 628/764/585 627/763/584
f 640/777/595 617/766/335 628/764/585
f 629/765/347 642/778/596 630/779/586
f 642/778/596 631/767/587 630/779/586
f 643/780/597 632/768/588 631/767/587
f 644/781/598 633/770/589 632/768/588
f 633/770/589 646/782/600 634/771/590
f 646/782/600 635/783/341 634/771/590
f 635/784/341 648/785/601 636/773/591
f 648/785/601 637/774/592 636/773/591
f 649/786/602 638/775/593 637/774/592
f 650/787/603 639/776/594 638/775/593
f 639/776/594 652/788/605 640/777/595
f 652/788/605 629/765/347 640/777/595
f 77/161/77 642/778/596 641/789/359
f 78/160/78 643/780/597 642/778/596
f 79/163/79 644/781/598 643/780/597
f 80/164/80 645/790/599 644/781/598
f 645/790/599 82/168/82 646/782/600
f 82/168/82 647/791/353 646/782/600
f 83/172/83 648/785/601 647/792/353
f 648/785/601 85/174/85 649/786/602
f 85/174/85 650/787/603 649/786/602
f 86/176/86 651/793/604 650/787/603
f 651/793/604 88/180/88 652/788/605
f 88/180/88 641/789/359 652/788/605
f 89/159/89 90/183/90 78/160/78
f 78/160/78 90/183/90 91/162/91
f 91/162/91 92/165/92 80/164/80
f 92/165/92 93/186/93 81/166/81
f 81/166/81 93/186/93 94/167/94
f 94/167/94 95/189/95 83/169/83
f 95/170/95 96/173/96 84/171/84
f 96/173/96 97/175/97 85/174/85
f 97/175/97 98/177/98 86/176/86
f 98/177/98 99/179/99 87/178/87
f 99/179/99 100/181/100 88/180/88
f 100/181/100 89/159/89 77/161/77
f 101/182/101 102/195/102 90/183/90
f 90/183/90 102/195/102 103/184/103
f 103/184/103 104/185/104 92/165/92
f 104/185/104 105/187/105 93/186/93
f 105/187/105 106/188/106 94/167/94
f 106/188/106 107/200/107 95/189/95
f 107/190/107 108/202/108 96/173/96
f 96/173/96 108/202/108 109/191/109
f 97/175/97 109/191/109 110/192/110
f 98/177/98 110/192/110 111/193/111
f 111/193/111 112/207/112 100/181/100
f 100/181/100 112/207/112 101/182/101
f 113/194/113 114/196/114 102/195/102
f 114/196/114 115/211/115 103/184/103
f 103/184/103 115/211/115 116/197/116
f 104/185/104 116/197/116 117/198/117
f 105/187/105 117/198/117 118/199/118
f 118/199/118 119/215/119 107/200/107
f 119/201/119 120/203/120 108/202/108
f 120/203/120 121/204/121 109/191/109
f 121/204/121 122/205/122 110/192/110
f 122/205/122 123/206/123 111/193/111
f 123/206/123 124/208/124 112/207/112
f 124/208/124 113/194/113 101/182/101
f 125/209/125 126/222/126 114/196/114
f 114/196/114 126/222/126 127/210/127
f 115/211/115 127/210/127 128/212/128
f 128/212/128 129/213/129 117/198/117
f 129/213/129 130/225/130 118/199/118
f 118/199/118 130/225/130 131/214/131
f 131/216/131 132/228/132 120/203/120
f 120/203/120 132/228/132 133/217/133
f 121/204/121 133/217/133 134/218/134
f 134/218/134 135/219/135 123/206/123
f 135/219/135 136/220/136 124/208/124
f 136/220/136 125/209/125 113/194/113
f 137/221/137 138/234/138 126/222/126
f 126/222/126 138/234/138 139/223/139
f 139/223/139 140/236/140 128/212/128
f 128/212/128 140/236/140 141/224/141
f 141/224/141 142/226/142 130/225/130
f 142/226/142 143/239/143 131/214/131
f 143/227/143 144/229/144 132/228/132
f 144/229/144 145/230/145 133/217/133
f 145/230/145 146/242/146 134/218/134
f 134/218/134 146/242/146 147/231/147
f 147/231/147 148/232/148 136/220/136
f 148/232/148 137/221/137 125/209/125
f 149/233/149 150/245/150 138/234/138
f 138/234/138 150/245/150 151/235/151
f 151/235/151 152/248/152 140/236/140
f 140/236/140 152/248/152 153/237/153
f 153/237/153 154/238/154 142/226/142
f 154/238/154 155/252/155 143/239/143
f 155/240/155 156/254/156 144/229/144
f 144/229/144 156/254/156 157/241/157
f 157/241/157 158/257/158 146/242/146
f 146/242/146 158/257/158 159/243/159
f 159/243/159 160/259/160 148/232/148
f 148/232/148 160/259/160 149/233/149
f 161/244/161 162/246/162 150/245/150
f 162/246/162 163/247/163 151/235/151
f 163/247/163 164/249/164 152/248/152
f 164/249/164 165/250/165 153/237/153
f 165/250/165 166/251/166 154/238/154
f 166/251/166 167/266/167 155/252/155
f 155/240/155 167/268/167 168/253/168
f 156/254/156 168/253/168 169/255/169
f 157/241/157 169/255/169 170/256/170
f 170/256/170 171/258/171 159/243/159
f 171/258/171 172/260/172 160/259/160
f 172/260/172 161/244/161 149/233/149
f 173/261/173 174/262/174 162/246/162
f 174/262/174 175/263/175 163/247/163
f 175/263/175 176/275/176 164/249/164
f 164/249/164 176/275/176 177/264/177
f 165/250/165 177/264/177 178/265/178
f 178/265/178 179/278/179 167/266/167
f 179/267/179 180/269/180 168/253/168
f 180/269/180 181/270/181 169/255/169
f 181/270/181 182/281/182 170/256/170
f 170/256/170 182/281/182 183/271/183
f 183/271/183 184/272/184 172/260/172
f 184/272/184 173/261/173 161/244/161
f 185/273/185 186/284/186 174/262/174
f 174/262/174 186/284/186 187/274/187
f 187/274/187 188/276/188 176/275/176
f 188/276/188 189/288/189 177/264/177
f 177/264/177 189/288/189 190/277/190
f 190/277/190 191/291/191 179/278/179
f 179/267/179 191/292/191 192/279/192
f 192/279/192 193/295/193 181/270/181
f 181/270/181 193/295/193 194/280/194
f 194/280/194 195/282/195 183/271/183
f 195/282/195 196/298/196 184/272/184
f 184/272/184 196/298/196 185/273/185
f 197/283/197 198/285/198 186/284/186
f 198/285/198 199/286/199 187/274/187
f 199/286/199 200/287/200 188/276/188
f 200/287/200 201/289/201 189/288/189
f 201/289/201 202/290/202 190/277/190
f 202/290/202 203/305/203 191/291/191
f 191/292/191 203/307/203 204/293/204
f 192/279/192 204/293/204 205/294/205
f 193/295/193 205/294/205 206/296/206
f 194/280/194 206/296/206 207/297/207
f 207/297/207 208/312/208 196/298/196
f 196/298/196 208/312/208 197/283/197
f 209/299/209 210/300/210 198/285/198
f 210/300/210 211/301/211 199/286/199
f 211/301/211 212/302/212 200/287/200
f 212/302/212 213/316/213 201/289/201
f 201/289/201 213/316/213 214/303/214
f 202/290/202 214/303/214 215/304/215
f 215/306/215 216/308/216 204/293/204
f 216/308/216 217/309/217 205/294/205
f 217/309/217 218/310/218 206/296/206
f 218/310/218 219/321/219 207/297/207
f 207/297/207 219/321/219 220/311/220
f 208/312/208 220/311/220 209/299/209
f 209/299/209 221/325/221 222/313/222
f 210/300/210 222/313/222 223/314/223
f 223/314/223 224/315/224 212/302/212
f 224/315/224 225/317/225 213/316/213
f 225/317/225 226/318/226 214/303/214
f 226/318/226 227/330/227 215/304/215
f 215/306/215 227/332/227 228/319/228
f 228/319/228 229/334/229 217/309/217
f 217/309/217 229/334/229 230/320/230
f 230/320/230 231/322/231 219/321/219
f 231/322/231 232/323/232 220/311/220
f 232/323/232 221/325/221 209/299/209
f 233/324/233 234/326/234 222/313/222
f 234/326/234 235/327/235 223/314/223
f 235/327/235 236/340/236 224/315/224
f 224/315/224 236/340/236 237/328/237
f 237/328/237 238/329/238 226/318/226
f 238/329/238 239/343/239 227/330/227
f 239/331/239 240/333/240 228/319/228
f 240/333/240 241/335/241 229/334/229
f 241/335/241 242/347/242 230/320/230
f 230/320/230 242/347/242 243/336/243
f 243/336/243 244/349/244 232/323/232
f 232/323/232 244/349/244 233/324/233
f 245/337/245 246/338/246 234/326/234
f 246/338/246 247/351/247 235/327/235
f 235/327/235 247/351/247 248/339/248
f 248/339/248 249/341/249 237/328/237
f 249/341/249 250/342/250 238/329/238
f 250/342/250 251/355/251 239/343/239
f 251/344/251 252/357/252 240/333/240
f 240/333/240 252/357/252 253/345/253
f 241/335/241 253/345/253 254/346/254
f 254/346/254 255/360/255 243/336/243
f 243/336/243 255/360/255 256/348/256
f 256/348/256 245/337/245 233/324/233
f 245/337/245 257/362/257 258/350/258
f 258/350/258 259/352/259 247/351/247
f 259/352/259 260/353/260 248/339/248
f 260/353/260 261/366/261 249/341/249
f 249/341/249 261/366/261 262/354/262
f 262/354/262 263/368/263 251/355/251
f 263/356/263 264/358/264 252/357/252
f 264/358/264 265/371/265 253/345/253
f 253/345/253 265/371/265 266/359/266
f 266/359/266 267/374/267 255/360/255
f 255/360/255 267/374/267 268/361/268
f 268/361/268 257/362/257 245/337/245
f 257/362/257 269/376/269 270/363/270
f 270/363/270 271/378/271 259/352/259
f 259/352/259 271/378/271 272/364/272
f 260/353/260 272/364/272 273/365/273
f 273/365/273 274/367/274 262/354/262
f 274/367/274 275/383/275 263/368/263
f 275/369/275 276/370/276 264/358/264
f 276/370/276 277/372/277 265/371/265
f 277/372/277 278/373/278 266/359/266
f 278/373/278 279/388/279 267/374/267
f 267/374/267 279/388/279 280/375/280
f 280/375/280 269/376/269 257/362/257
f 269/376/269 281/391/281 282/377/282
f 282/377/282 283/379/283 271/378/271
f 283/379/283 284/380/284 272/364/272
f 284/380/284 285/381/285 273/365/273
f 285/381/285 286/382/286 274/367/274
f 286/382/286 287/395/287 275/383/275
f 275/369/275 287/396/287 288/384/288
f 276/370/276 288/384/288 289/385/289
f 277/372/277 289/385/289 290/386/290
f 278/373/278 290/386/290 291/387/291
f 279/388/279 291/387/291 292/389/292
f 292/389/292 281/391/281 269/376/269
f 293/390/293 294/392/294 282/377/282
f 294/392/294 295/403/295 283/379/283
f 283/379/283 295/403/295 296/393/296
f 296/393/296 297/405/297 285/381/285
f 285/381/285 297/405/297 298/394/298
f 298/394/298 299/408/299 287/395/287
f 287/396/287 299/409/299 300/397/300
f 300/397/300 301/398/301 289/385/289
f 301/398/301 302/399/302 290/386/290
f 302/399/302 303/413/303 291/387/291
f 291/387/291 303/413/303 304/400/304
f 304/400/304 293/390/293 281/391/281
f 293/390/293 305/417/305 306/401/306
f 294/392/294 306/401/306 307/402/307
f 295/403/295 307/402/307 308/404/308
f 308/404/308 309/406/309 297/405/297
f 309/406/309 310/407/310 298/394/298
f 310/407/310 311/421/311 299/408/299
f 299/409/299 311/423/311 312/410/312
f 312/410/312 313/411/313 301/398/301
f 313/411/313 314/412/314 302/399/302
f 314/412/314 315/414/315 303/413/303
f 315/414/315 316/415/316 304/400/304
f 316/415/316 305/417/305 293/390/293
f 317/416/317 318/428/318 306/401/306
f 306/401/306 318/428/318 319/418/319
f 319/418/319 320/430/320 308/404/308
f 308/404/308 320/430/320 321/419/321
f 321/419/321 322/433/322 310/407/310
f 310/407/310 322/433/322 323/420/323
f 323/422/323 324/436/324 312/410/312
f 312/410/312 324/436/324 325/424/325
f 325/424/325 326/438/326 314/412/314
f 314/412/314 326/438/326 327/425/327
f 327/425/327 328/426/328 316/415/316
f 328/426/328 317/416/317 305/417/305
f 317/416/317 329/442/329 330/427/330
f 330/427/330 331/429/331 319/418/319
f 331/429/331 332/431/332 320/430/320
f 332/431/332 333/432/333 321/419/321
f 333/432/333 334/434/334 322/433/322
f 334/434/334 335/447/335 323/420/323
f 335/435/335 336/449/336 324/436/324
f 324/436/324 336/449/336 337/437/337
f 337/437/337 338/452/338 326/438/326
f 326/438/326 338/452/338 339/439/339
f 327/425/327 339/439/339 340/440/340
f 340/440/340 329/442/329 317/416/317
f 341/441/341 342/443/342 330/427/330
f 342/443/342 343/457/343 331/429/331
f 331/429/331 343/457/343 344/444/344
f 332/431/332 344/444/344 345/445/345
f 333/432/333 345/445/345 346/446/346
f 346/446/346 347/461/347 335/447/335
f 347/448/347 348/450/348 336/449/336
f 348/450/348 349/451/349 337/437/337
f 349/451/349 350/453/350 338/452/338
f 350/453/350 351/454/351 339/439/339
f 351/454/351 352/465/352 340/440/340
f 340/440/340 352/465/352 341/441/341
f 353/455/353 354/456/354 342/443/342
f 354/456/354 355/458/355 343/457/343
f 355/458/355 356/469/356 344/444/344
f 344/444/344 356/469/356 357/459/357
f 357/459/357 358/460/358 346/446/346
f 358/460/358 359/473/359 347/461/347
f 359/462/359 360/475/360 348/450/348
f 348/450/348 360/475/360 361/463/361
f 361/463/361 362/478/362 350/453/350
f 350/453/350 362/478/362 363/464/363
f 363/464/363 364/481/364 352/465/352
f 352/465/352 364/481/364 353/455/353
f 365/466/83 366/467/365 354/456/354
f 366/467/365 367/468/366 355/458/355
f 367/468/366 368/470/367 356/469/356
f 368/470/367 369/471/368 357/459/357
f 369/471/368 370/472/369 358/460/358
f 370/472/369 371/794/77 359/473/359
f 371/474/77 372/476/370 360/475/360
f 372/476/370 373/477/371 361/463/361
f 373/477/371 374/479/372 362/478/362
f 374/479/372 375/480/373 363/464/363
f 375/480/373 376/795/374 364/481/364
f 364/481/364 376/795/374 365/466/83
f 377/482/95 378/485/375 366/483/365
f 378/485/375 379/487/376 367/486/366
f 379/487/376 380/489/377 368/488/367
f 380/489/377 381/491/378 369/490/368
f 381/491/378 382/493/379 370/492/369
f 382/493/379 383/509/89 371/494/77
f 383/495/89 384/498/380 372/496/370
f 384/498/380 385/500/381 373/499/371
f 385/500/381 386/513/382 374/501/372
f 374/501/372 386/513/382 387/502/383
f 387/502/383 388/515/384 376/504/374
f 376/504/374 388/515/384 377/482/95
f 377/482/95 389/518/107 390/505/385
f 390/505/385 391/506/386 379/487/376
f 391/506/386 392/507/387 380/489/377
f 392/507/387 393/522/388 381/491/378
f 381/491/378 393/522/388 394/508/389
f 394/508/389 395/524/101 383/509/89
f 395/510/101 396/511/390 384/498/380
f 396/511/390 397/527/391 385/500/381
f 385/500/381 397/527/391 398/512/392
f 398/512/392 399/514/393 387/502/383
f 399/514/393 400/516/394 388/515/384
f 400/516/394 389/518/107 377/482/95
f 401/517/119 402/519/395 390/505/385
f 402/519/395 403/520/396 391/506/386
f 403/520/396 404/521/397 392/507/387
f 404/521/397 405/534/398 393/522/388
f 393/522/388 405/534/398 406/523/399
f 406/523/399 407/536/113 395/524/101
f 407/525/113 408/526/400 396/511/390
f 408/526/400 409/539/401 397/527/391
f 397/527/391 409/539/401 410/528/402
f 398/512/392 410/528/402 411/529/403
f 411/529/403 412/530/404 400/516/394
f 412/530/404 401/517/119 389/518/107
f 401/517/119 413/544/131 414/531/405
f 414/531/405 415/546/406 403/520/396
f 403/520/396 415/546/406 416/532/407
f 404/521/397 416/532/407 417/533/408
f 417/533/408 418/535/409 406/523/399
f 418/535/409 419/550/125 407/536/113
f 419/537/125 420/538/410 408/526/400
f 420/538/410 421/540/411 409/539/401
f 421/540/411 422/541/412 410/528/402
f 422/541/412 423/554/413 411/529/403
f 411/529/403 423/554/413 424/542/414
f 424/542/414 413/544/131 401/517/119
f 425/543/143 426/545/415 414/531/405
f 426/545/415 427/557/416 415/546/406
f 415/546/406 427/557/416 428/547/417
f 428/547/417 429/548/418 417/533/408
f 429/548/418 430/549/419 418/535/409
f 430/549/419 431/561/137 419/550/125
f 419/537/125 431/563/137 432/551/420
f 420/538/410 432/551/420 433/552/421
f 421/540/411 433/552/421 434/553/422
f 434/553/422 435/555/423 423/554/413
f 435/555/423 436/568/424 424/542/414
f 424/542/414 436/568/424 425/543/143
f 425/543/143 437/570/155 438/556/425
f 438/556/425 439/558/426 427/557/416
f 439/558/426 440/572/427 428/547/417
f 428/547/417 440/572/427 441/559/428
f 441/559/428 442/574/429 430/549/419
f 430/549/419 442/574/429 443/560/149
f 443/562/149 444/564/430 432/551/420
f 444/564/430 445/565/431 433/552/421
f 445/565/431 446/578/432 434/553/422
f 434/553/422 446/578/432 447/566/433
f 435/555/423 447/566/433 448/567/434
f 448/567/434 437/570/155 425/543/143
f 449/569/167 450/582/435 438/556/425
f 438/556/425 450/582/435 451/571/436
f 451/571/436 452/585/437 440/572/427
f 440/572/427 452/585/437 453/573/438
f 453/573/438 454/587/439 442/574/429
f 442/574/429 454/587/439 455/575/161
f 455/576/161 456/590/440 444/564/430
f 444/564/430 456/590/440 457/577/441
f 457/577/441 458/579/442 446/578/432
f 458/579/442 459/580/443 447/566/433
f 459/580/443 460/594/444 448/567/434
f 448/567/434 460/594/444 449/569/167
f 461/581/179 462/596/445 450/582/435
f 450/582/435 462/596/445 463/583/446
f 451/571/436 463/583/446 464/584/447
f 464/584/447 465/586/448 453/573/438
f 465/586/448 466/600/449 454/587/439
f 454/587/439 466/600/449 467/588/173
f 467/589/173 468/603/450 456/590/440
f 456/590/440 468/603/450 469/591/451
f 457/577/441 469/591/451 470/592/452
f 470/592/452 471/593/453 459/580/443
f 471/593/453 472/607/454 460/594/444
f 460/594/444 472/607/454 461/581/179
f 473/595/191 474/609/455 462/596/445
f 462/596/445 474/609/455 475/597/456
f 475/597/456 476/598/457 464/584/447
f 476/598/457 477/599/458 465/586/448
f 477/599/458 478/601/459 466/600/449
f 478/601/459 479/613/185 467/588/173
f 479/602/185 480/604/460 468/603/450
f 480/604/460 481/616/461 469/591/451
f 469/591/451 481/616/461 482/605/462
f 470/592/452 482/605/462 483/606/463
f 483/606/463 484/619/464 472/607/454
f 472/607/454 484/619/464 473/595/191
f 485/608/203 486/621/465 474/609/455
f 474/609/455 486/621/465 487/610/466
f 487/610/466 488/624/467 476/598/457
f 476/598/457 488/624/467 489/611/468
f 477/599/458 489/611/468 490/612/469
f 490/612/469 491/628/197 479/613/185
f 491/614/197 492/615/470 480/604/460
f 492/615/470 493/617/471 481/616/461
f 493/617/471 494/632/472 482/605/462
f 482/605/462 494/632/472 495/618/473
f 495/618/473 496/634/474 484/619/464
f 484/619/464 496/634/474 485/608/203
f 497/620/215 498/622/475 486/621/465
f 498/622/475 499/623/476 487/610/466
f 499/623/476 500/625/477 488/624/467
f 500/625/477 501/626/478 489/611/468
f 501/626/478 502/627/479 490/612/469
f 502/627/479 503/640/209 491/628/197
f 503/629/209 504/642/480 492/615/470
f 492/615/470 504/642/480 505/630/481
f 493/617/471 505/630/481 506/631/482
f 506/631/482 507/633/483 495/618/473
f 507/633/483 508/635/484 496/634/474
f 508/635/484 497/620/215 485/608/203
f 509/636/227 510/647/485 498/622/475
f 498/622/475 510/647/485 511/637/486
f 511/637/486 512/649/487 500/625/477
f 500/625/477 512/649/487 513/638/488
f 513/638/488 514/652/489 502/627/479
f 502/627/479 514/652/489 515/639/221
f 515/641/221 516/655/490 504/642/480
f 504/642/480 516/655/490 517/643/491
f 517/643/491 518/658/492 506/631/482
f 506/631/482 518/658/492 519/644/493
f 519/644/493 520/645/494 508/635/484
f 520/645/494 509/636/227 497/620/215
f 521/646/239 522/662/495 510/647/485
f 510/647/485 522/662/495 523/648/496
f 523/648/496 524/650/497 512/649/487
f 524/650/497 525/651/498 513/638/488
f 525/651/498 526/653/499 514/652/489
f 526/653/499 527/667/233 515/639/221
f 527/654/233 528/656/500 516/655/490
f 528/656/500 529/657/501 517/643/491
f 529/657/501 530/659/502 518/658/492
f 530/659/502 531/660/503 519/644/493
f 531/660/503 532/672/504 520/645/494
f 520/645/494 532/672/504 521/646/239
f 533/661/251 534/674/505 522/662/495
f 522/662/495 534/674/505 535/663/506
f 535/663/506 536/664/507 524/650/497
f 536/664/507 537/665/508 525/651/498
f 537/665/508 538/679/509 526/653/499
f 526/653/499 538/679/509 539/666/510
f 539/668/510 540/669/511 528/656/500
f 540/669/511 541/682/512 529/657/501
f 529/657/501 541/682/512 542/670/513
f 542/670/513 543/671/514 531/660/503
f 543/671/514 544/686/515 532/672/504
f 532/672/504 544/686/515 533/661/251
f 533/661/251 545/688/263 546/673/516
f 534/674/505 546/673/516 547/675/517
f 535/663/506 547/675/517 548/676/518
f 536/664/507 548/676/518 549/677/519
f 537/665/508 549/677/519 550/678/520
f 550/678/520 551/693/257 539/666/510
f 551/680/257 552/681/521 540/669/511
f 552/681/521 553/683/522 541/682/512
f 553/683/522 554/684/523 542/670/513
f 554/684/523 555/685/524 543/671/514
f 555/685/524 556/687/525 544/686/515
f 556/687/525 545/688/263 533/661/251
f 545/688/263 557/699/275 558/689/526
f 558/689/526 559/690/527 547/675/517
f 559/690/527 560/701/528 548/676/518
f 548/676/518 560/701/528 561/691/529
f 561/691/529 562/703/530 550/678/520
f 550/678/520 562/703/530 563/692/269
f 563/694/269 564/706/531 552/681/521
f 552/681/521 564/706/531 565/695/532
f 565/695/532 566/696/533 554/684/523
f 566/696/533 567/709/534 555/685/524
f 555/685/524 567/709/534 568/697/535
f 568/697/535 557/699/275 545/688/263
f 569/698/287 570/712/536 558/689/526
f 558/689/526 570/712/536 571/700/537
f 571/700/537 572/715/538 560/701/528
f 560/701/528 572/715/538 573/702/539
f 573/702/539 574/704/540 562/703/530
f 574/704/540 575/718/281 563/692/269
f 575/705/281 576/720/541 564/706/531
f 564/706/531 576/720/541 577/707/542
f 577/707/542 578/723/543 566/696/533
f 566/696/533 578/723/543 579/708/544
f 579/708/544 580/710/545 568/697/535
f 580/710/545 569/698/287 557/699/275
f 581/711/299 582/727/546 570/712/536
f 570/712/536 582/727/546 583/713/547
f 571/700/537 583/713/547 584/714/548
f 584/714/548 585/730/549 573/702/539
f 573/702/539 585/730/549 586/716/550
f 574/704/540 586/716/550 587/717/293
f 587/719/293 588/721/551 576/720/541
f 588/721/551 589/722/552 577/707/542
f 589/722/552 590/724/553 578/723/543
f 590/724/553 591/725/554 579/708/544
f 591/725/554 592/737/555 580/710/545
f 580/710/545 592/737/555 581/711/299
f 581/711/299 593/739/311 594/726/556
f 594/726/556 595/728/557 583/713/547
f 595/728/557 596/729/558 584/714/548
f 596/729/558 597/731/559 585/730/549
f 597/731/559 598/743/560 586/716/550
f 586/716/550 598/743/560 599/732/305
f 599/733/305 600/734/561 588/721/551
f 600/734/561 601/746/562 589/722/552
f 589/722/552 601/746/562 602/735/563
f 602/735/563 603/736/564 591/725/554
f 603/736/564 604/738/565 592/737/555
f 604/738/565 593/739/311 581/711/299
f 593/739/311 605/749/323 606/740/566
f 606/740/566 607/752/567 595/728/557
f 595/728/557 607/752/567 608/741/568
f 608/741/568 609/754/569 597/731/559
f 597/731/559 609/754/569 610/742/570
f 610/742/570 611/756/317 599/732/305
f 611/744/317 612/745/571 600/734/561
f 612/745/571 613/759/572 601/746/562
f 601/746/562 613/759/572 614/747/573
f 614/747/573 615/762/574 603/736/564
f 603/736/564 615/762/574 616/748/575
f 616/748/575 605/749/323 593/739/311
f 605/749/323 617/766/335 618/750/576
f 606/740/566 618/750/576 619/751/577
f 619/751/577 620/753/578 608/741/568
f 620/753/578 621/769/579 609/754/569
f 609/754/569 621/769/579 622/755/580
f 622/755/580 623/772/329 611/756/317
f 623/757/329 624/758/581 612/745/571
f 624/758/581 625/760/582 613/759/572
f 625/760/582 626/761/583 614/747/573
f 626/761/583 627/763/584 615/762/574
f 627/763/584 628/764/585 616/748/575
f 628/764/585 617/766/335 605/749/323
f 629/765/347 630/779/586 618/750/576
f 618/750/576 630/779/586 631/767/587
f 631/767/587 632/768/588 620/753/578
f 632/768/588 633/770/589 621/769/579
f 633/770/589 634/771/590 622/755/580
f 634/771/590 635/783/341 623/772/329
f 623/757/329 635/784/341 636/773/591
f 624/758/581 636/773/591 637/774/592
f 625/760/582 637/774/592 638/775/593
f 626/761/583 638/775/593 639/776/594
f 639/776/594 640/777/595 628/764/585
f 640/777/595 629/765/347 617/766/335
f 629/765/347 641/789/359 642/778/596
f 642/778/596 643/780/597 631/767/587
f 643/780/597 644/781/598 632/768/588
f 644/781/598 645/790/599 633/770/589
f 633/770/589 645/790/599 646/782/600
f 646/782/600 647/791/353 635/783/341
f 635/784/341 647/792/353 648/785/601
f 648/785/601 649/786/602 637/774/592
f 649/786/602 650/787/603 638/775/593
f 650/787/603 651/793/604 639/776/594
f 639/776/594 651/793/604 652/788/605
f 652/788/605 641/789/359 629/765/347
f 77/161/77 78/160/78 642/778/596
f 78/160/78 79/163/79 643/780/597
f 79/163/79 80/164/80 644/781/598
f 80/164/80 81/166/81 645/790/599
f 645/790/599 81/166/81 82/168/82
f 82/168/82 83/169/83 647/791/353
f 83/172/83 84/171/84 648/785/601
f 648/785/601 84/171/84 85/174/85
f 85/174/85 86/176/86 650/787/603
f 86/176/86 87/178/87 651/793/604
f 651/793/604 87/178/87 88/180/88
f 88/180/88 77/161/77 641/789/359
o Torus.001
v -0.755000 0.000000 2.150000
v -0.739593 0.000000 2.207500
v -0.697500 0.000000 2.249593
v -0.640000 0.000000 2.265000
v -0.582500 0.000000 2.249593
v -0.540407 0.000000 2.207500
v -0.525000 0.000000 2.150000
v -0.540407 0.000000 2.092500
v -0.582500 0.000000 2.050407
v -0.640000 0.000000 2.035000
v -0.697500 0.000000 2.050407
v -0.739593 0.000000 2.092500
v -0.748541 -0.076867 2.150000
v -0.733266 -0.075298 2.207500
v -0.691533 -0.071013 2.249593
v -0.634525 -0.065159 2.265000
v -0.577517 -0.059305 2.249593
v -0.535784 -0.055019 2.207500
v -0.520509 -0.053450 2.150000
v -0.535784 -0.055019 2.092500
v -0.577517 -0.059305 2.050407
v -0.634525 -0.065159 2.035000
v -0.691533 -0.071013 2.050407
v -0.733266 -0.075298 2.092500
v -0.729274 -0.152418 2.150000
v -0.714392 -0.149308 2.207500
v -0.673733 -0.140810 2.249593
v -0.618192 -0.129202 2.265000
v -0.562652 -0.117594 2.249593
v -0.521993 -0.109097 2.207500
v -0.507111 -0.105986 2.150000
v -0.521993 -0.109097 2.092500
v -0.562652 -0.117594 2.050407
v -0.618192 -0.129202 2.035000
v -0.673733 -0.140810 2.050407
v -0.714392 -0.149308 2.092500
v -0.697529 -0.225362 2.150000
v -0.683295 -0.220763 2.207500
v -0.644406 -0.208199 2.249593
v -0.591283 -0.191036 2.265000
v -0.538160 -0.173872 2.249593
v -0.499271 -0.161308 2.207500
v -0.485037 -0.156709 2.150000
v -0.499271 -0.161308 2.092500
v -0.538160 -0.173872 2.050407
v -0.591283 -0.191036 2.035000
v -0.644406 -0.208199 2.050407
v -0.683295 -0.220763 2.092500
v -0.653849 -0.294450 2.150000
v -0.640506 -0.288441 2.207500
v -0.604053 -0.272025 2.249593
v -0.554256 -0.249600 2.265000
v -0.504460 -0.227175 2.249593
v -0.468006 -0.210759 2.207500
v -0.454663 -0.204750 2.150000
v -0.468006 -0.210759 2.092500
v -0.504460 -0.227175 2.050407
v -0.554256 -0.249600 2.035000
v -0.604053 -0.272025 2.050407
v -0.640506 -0.288441 2.092500
v -0.598982 -0.358500 2.150000
v -0.586759 -0.351184 2.207500
v -0.553364 -0.331197 2.249593
v -0.507746 -0.303894 2.265000
v -0.462128 -0.276591 2.249593
v -0.428734 -0.256604 2.207500
v -0.416511 -0.249288 2.150000
v -0.428734 -0.256604 2.092500
v -0.462128 -0.276591 2.050407
v -0.507746 -0.303894 2.035000
v -0.553364 -0.331197 2.050407
v -0.586759 -0.351184 2.092500
v -0.533866 -0.416415 2.150000
v -0.522971 -0.407918 2.207500
v -0.493207 -0.384701 2.249593
v -0.452548 -0.352988 2.265000
v -0.411890 -0.321274 2.249593
v -0.382125 -0.298058 2.207500
v -0.371231 -0.289560 2.150000
v -0.382125 -0.298058 2.092500
v -0.411890 -0.321274 2.050407
v -0.452548 -0.352988 2.035000
v -0.493207 -0.384701 2.050407
v -0.522971 -0.407918 2.092500
v -0.459615 -0.467206 2.150000
v -0.450236 -0.457672 2.207500
v -0.424611 -0.431624 2.249593
v -0.389607 -0.396042 2.265000
v -0.354604 -0.360460 2.249593
v -0.328979 -0.334412 2.207500
v -0.319600 -0.324878 2.150000
v -0.328979 -0.334412 2.092500
v -0.354604 -0.360460 2.050407
v -0.389607 -0.396042 2.035000
v -0.424611 -0.431624 2.050407
v -0.450236 -0.457672 2.092500
v -0.377500 -0.510002 2.150000
v -0.369796 -0.499595 2.207500
v -0.348750 -0.471161 2.249593
v -0.320000 -0.432320 2.265000
v -0.291250 -0.393479 2.249593
v -0.270204 -0.365045 2.207500
v -0.262500 -0.354637 2.150000
v -0.270204 -0.365045 2.092500
v -0.291250 -0.393479 2.050407
v -0.320000 -0.432320 2.035000
v -0.348750 -0.471161 2.050407
v -0.369796 -0.499595 2.092500
v -0.288926 -0.544073 2.150000
v -0.283030 -0.532970 2.207500
v -0.266922 -0.502637 2.249593
v -0.244918 -0.461201 2.265000
v -0.222913 -0.419765 2.249593
v -0.206805 -0.389431 2.207500
v -0.200909 -0.378329 2.150000
v -0.206805 -0.389431 2.092500
v -0.222913 -0.419765 2.050407
v -0.244918 -0.461201 2.035000
v -0.266922 -0.502637 2.050407
v -0.283030 -0.532970 2.092500
v -0.195408 -0.568834 2.150000
v -0.191421 -0.557226 2.207500
v -0.180526 -0.525512 2.249593
v -0.165644 -0.482190 2.265000
v -0.150762 -0.438868 2.249593
v -0.139868 -0.407155 2.207500
v -0.135880 -0.395547 2.150000
v -0.139868 -0.407155 2.092500
v -0.150762 -0.438868 2.050407
v -0.165644 -0.482190 2.035000
v -0.180526 -0.525512 2.050407
v -0.191421 -0.557226 2.092500
v -0.098547 -0.583862 2.150000
v -0.096536 -0.571947 2.207500
v -0.091042 -0.539396 2.249593
v -0.083537 -0.494929 2.265000
v -0.076031 -0.450463 2.249593
v -0.070537 -0.417911 2.207500
v -0.068526 -0.405997 2.150000
v -0.070537 -0.417911 2.092500
v -0.076031 -0.450463 2.050407
v -0.083537 -0.494929 2.035000
v -0.091042 -0.539396 2.050407
v -0.096536 -0.571947 2.092500
v -0.000000 -0.588900 2.150000
v -0.000000 -0.576882 2.207500
v -0.000000 -0.544050 2.249593
v -0.000000 -0.499200 2.265000
v -0.000000 -0.454350 2.249593
v -0.000000 -0.421517 2.207500
v -0.000000 -0.409500 2.150000
v -0.000000 -0.421517 2.092500
v -0.000000 -0.454350 2.050407
v -0.000000 -0.499200 2.035000
v -0.000000 -0.544050 2.050407
v -0.000000 -0.576882 2.092500
v 0.098547 -0.583862 2.150000
v 0.096536 -0.571947 2.207500
v 0.091042 -0.539396 2.249593
v 0.083537 -0.494929 2.265000
v 0.076032 -0.450463 2.249593
v 0.070537 -0.417911 2.207500
v 0.068526 -0.405997 2.150000
v 0.070537 -0.417911 2.092500
v 0.076032 -0.450463 2.050407
v 0.083537 -0.494929 2.035000
v 0.091042 -0.539396 2.050407
v 0.096536 -0.571947 2.092500
v 0.195408 -0.568834 2.150000
v 0.191421 -0.557226 2.207500
v 0.180526 -0.525512 2.249593
v 0.165644 -0.482190 2.265000
v 0.150762 -0.438868 2.249593
v 0.139868 -0.407155 2.207500
v 0.135880 -0.395547 2.150000
v 0.139868 -0.407155 2.092500
v 0.150762 -0.438868 2.050407
v 0.165644 -0.482190 2.035000
v 0.180526 -0.525512 2.050407
v 0.191421 -0.557226 2.092500
v 0.288926 -0.544073 2.150000
v 0.283030 -0.532970 2.207500
v 0.266922 -0.502637 2.249593
v 0.244917 -0.461201 2.265000
v 0.222913 -0.419765 2.249593
v 0.206805 -0.389431 2.207500
v 0.200909 -0.378329 2.150000
v 0.206805 -0.389431 2.092500
v 0.222913 -0.419765 2.050407
v 0.244917 -0.461201 2.035000
v 0.266922 -0.502637 2.050407
v 0.283030 -0.532970 2.092500
v 0.377500 -0.510002 2.150000
v 0.369796 -0.499595 2.207500
v 0.348750 -0.471161 2.249593
v 0.320000 -0.432320 2.265000
v 0.291250 -0.393479 2.249593
v 0.270203 -0.365045 2.207500
v 0.262500 -0.354637 2.150000
v 0.270203 -0.365045 2.092500
v 0.291250 -0.393479 2.050407
v 0.320000 -0.432320 2.035000
v 0.348750 -0.471161 2.050407
v 0.369796 -0.499595 2.092500
v 0.459615 -0.467206 2.150000
v 0.450236 -0.457672 2.207500
v 0.424611 -0.431624 2.249593
v 0.389607 -0.396042 2.265000
v 0.354604 -0.360460 2.249593
v 0.328979 -0.334412 2.207500
v 0.319600 -0.324878 2.150000
v 0.328979 -0.334412 2.092500
v 0.354604 -0.360460 2.050407
v 0.389607 -0.396042 2.035000
v 0.424611 -0.431624 2.050407
v 0.450236 -0.457672 2.092500
v 0.533866 -0.416415 2.150000
v 0.522971 -0.407917 2.207500
v 0.493207 -0.384701 2.249593
v 0.452548 -0.352988 2.265000
v 0.411890 -0.321274 2.249593
v 0.382126 -0.298058 2.207500
v 0.371231 -0.289560 2.150000
v 0.382126 -0.298058 2.092500
v 0.411890 -0.321274 2.050407
v 0.452548 -0.352988 2.035000
v 0.493207 -0.384701 2.050407
v 0.522971 -0.407917 2.092500
v 0.598982 -0.358500 2.150000
v 0.586758 -0.351184 2.207500
v 0.553364 -0.331197 2.249593
v 0.507746 -0.303894 2.265000
v 0.462128 -0.276591 2.249593
v 0.428734 -0.256604 2.207500
v 0.416510 -0.249288 2.150000
v 0.428734 -0.256604 2.092500
v 0.462128 -0.276591 2.050407
v 0.507746 -0.303894 2.035000
v 0.553364 -0.331197 2.050407
v 0.586758 -0.351184 2.092500
v 0.653849 -0.294450 2.150000
v 0.640506 -0.288441 2.207500
v 0.604053 -0.272025 2.249593
v 0.554256 -0.249600 2.265000
v 0.504460 -0.227175 2.249593
v 0.468006 -0.210759 2.207500
v 0.454663 -0.204750 2.150000
v 0.468006 -0.210759 2.092500
v 0.504460 -0.227175 2.050407
v 0.554256 -0.249600 2.035000
v 0.604053 -0.272025 2.050407
v 0.640506 -0.288441 2.092500
v 0.697529 -0.225362 2.150000
v 0.683295 -0.220763 2.207500
v 0.644406 -0.208199 2.249593
v 0.591283 -0.191036 2.265000
v 0.538160 -0.173872 2.249593
v 0.499271 -0.161308 2.207500
v 0.485037 -0.156709 2.150000
v 0.499271 -0.161308 2.092500
v 0.538160 -0.173872 2.050407
v 0.591283 -0.191036 2.035000
v 0.644406 -0.208199 2.050407
v 0.683295 -0.220763 2.092500
v 0.729274 -0.152418 2.150000
v 0.714392 -0.149308 2.207500
v 0.673733 -0.140810 2.249593
v 0.618193 -0.129202 2.265000
v 0.562652 -0.117594 2.249593
v 0.521993 -0.109097 2.207500
v 0.507111 -0.105986 2.150000
v 0.521993 -0.109097 2.092500
v 0.562652 -0.117594 2.050407
v 0.618193 -0.129202 2.035000
v 0.673733 -0.140810 2.050407
v 0.714392 -0.149308 2.092500
v 0.748541 -0.076867 2.150000
v 0.733266 -0.075298 2.207500
v 0.691533 -0.071013 2.249593
v 0.634525 -0.065159 2.265000
v 0.577517 -0.059305 2.249593
v 0.535784 -0.055019 2.207500
v 0.520509 -0.053451 2.150000
v 0.535784 -0.055019 2.092500
v 0.577517 -0.059305 2.050407
v 0.634525 -0.065159 2.035000
v 0.691533 -0.071013 2.050407
v 0.733266 -0.075298 2.092500
v 0.755000 -0.000000 2.150000
v 0.739593 -0.000000 2.207500
v 0.697500 -0.000000 2.249593
v 0.640000 -0.000000 2.265000
v 0.582500 -0.000000 2.249593
v 0.540407 -0.000000 2.207500
v 0.525000 -0.000000 2.150000
v 0.540407 -0.000000 2.092500
v 0.582500 -0.000000 2.050407
v 0.640000 -0.000000 2.035000
v 0.697500 -0.000000 2.050407
v 0.739593 -0.000000 2.092500
v 0.748541 0.076867 2.150000
v 0.733266 0.075298 2.207500
v 0.691533 0.071013 2.249593
v 0.634525 0.065159 2.265000
v 0.577517 0.059305 2.249593
v 0.535784 0.055019 2.207500
v 0.520509 0.053451 2.150000
v 0.535784 0.055019 2.092500
v 0.577517 0.059305 2.050407
v 0.634525 0.065159 2.035000
v 0.691533 0.071013 2.050407
v 0.733266 0.075298 2.092500
v 0.729274 0.152418 2.150000
v 0.714392 0.149308 2.207500
v 0.673733 0.140810 2.249593
v 0.618193 0.129202 2.265000
v 0.562652 0.117594 2.249593
v 0.521993 0.109097 2.207500
v 0.507111 0.105986 2.150000
v 0.521993 0.109097 2.092500
v 0.562652 0.117594 2.050407
v 0.618193 0.129202 2.035000
v 0.673733 0.140810 2.050407
v 0.714392 0.149308 2.092500
v 0.697529 0.225362 2.150000
v 0.683295 0.220763 2.207500
v 0.644406 0.208199 2.249593
v 0.591283 0.191035 2.265000
v 0.538160 0.173872 2.249593
v 0.499271 0.161308 2.207500
v 0.485037 0.156709 2.150000
v 0.499271 0.161308 2.092500
v 0.538160 0.173872 2.050407
v 0.591283 0.191035 2.035000
v 0.644406 0.208199 2.050407
v 0.683295 0.220763 2.092500
v 0.653849 0.294450 2.150000
v 0.640506 0.288441 2.207500
v 0.604053 0.272025 2.249593
v 0.554256 0.249600 2.265000
v 0.504460 0.227175 2.249593
v 0.468006 0.210759 2.207500
v 0.454663 0.204750 2.150000
v 0.468006 0.210759 2.092500
v 0.504460 0.227175 2.050407
v 0.554256 0.249600 2.035000
v 0.604053 0.272025 2.050407
v 0.640506 0.288441 2.092500
v 0.598982 0.358500 2.150000
v 0.586758 0.351184 2.207500
v 0.553364 0.331197 2.249593
v 0.507746 0.303894 2.265000
v 0.462128 0.276591 2.249593
v 0.428734 0.256604 2.207500
v 0.416510 0.249288 2.150000
v 0.428734 0.256604 2.092500
v 0.462128 0.276591 2.050407
v 0.507746 0.303894 2.035000
v 0.553364 0.331197 2.050407
v 0.586758 0.351184 2.092500
v 0.533866 0.416415 2.150000
v 0.522971 0.407917 2.207500
v 0.493207 0.384701 2.249593
v 0.452548 0.352988 2.265000
v 0.411890 0.321274 2.249593
v 0.382126 0.298058 2.207500
v 0.371231 0.289560 2.150000
v 0.382126 0.298058 2.092500
v 0.411890 0.321274 2.050407
v 0.452548 0.352988 2.035000
v 0.493207 0.384701 2.050407
v 0.522971 0.407917 2.092500
v 0.459615 0.467206 2.150000
v 0.450236 0.457671 2.207500
v 0.424611 0.431624 2.249593
v 0.389608 0.396042 2.265000
v 0.354604 0.360460 2.249593
v 0.328979 0.334412 2.207500
v 0.319600 0.324878 2.150000
v 0.328979 0.334412 2.092500
v 0.354604 0.360460 2.050407
v 0.389608 0.396042 2.035000
v 0.424611 0.431624 2.050407
v 0.450236 0.457671 2.092500
v 0.377500 0.510002 2.150000
v 0.369796 0.499595 2.207500
v 0.348750 0.471161 2.249593
v 0.320000 0.432320 2.265000
v 0.291250 0.393479 2.249593
v 0.270203 0.365045 2.207500
v 0.262500 0.354637 2.150000
v 0.270203 0.365045 2.092500
v 0.291250 0.393479 2.050407
v 0.320000 0.432320 2.035000
v 0.348750 0.471161 2.050407
v 0.369796 0.499595 2.092500
v 0.288926 0.544073 2.150000
v 0.283030 0.532970 2.207500
v 0.266922 0.502637 2.249593
v 0.244917 0.461201 2.265000
v 0.222913 0.419765 2.249593
v 0.206805 0.389431 2.207500
v 0.200909 0.378329 2.150000
v 0.206805 0.389431 2.092500
v 0.222913 0.419765 2.050407
v 0.244917 0.461201 2.035000
v 0.266922 0.502637 2.050407
v 0.283030 0.532970 2.092500
v 0.195409 0.568834 2.150000
v 0.191421 0.557226 2.207500
v 0.180527 0.525512 2.249593
v 0.165644 0.482190 2.265000
v 0.150762 0.438868 2.249593
v 0.139868 0.407155 2.207500
v 0.135880 0.395547 2.150000
v 0.139868 0.407155 2.092500
v 0.150762 0.438868 2.050407
v 0.165644 0.482190 2.035000
v 0.180527 0.525512 2.050407
v 0.191421 0.557226 2.092500
v 0.098548 0.583862 2.150000
v 0.096537 0.571947 2.207500
v 0.091042 0.539396 2.249593
v 0.083537 0.494929 2.265000
v 0.076032 0.450463 2.249593
v 0.070538 0.417911 2.207500
v 0.068527 0.405997 2.150000
v 0.070538 0.417911 2.092500
v 0.076032 0.450463 2.050407
v 0.083537 0.494929 2.035000
v 0.091042 0.539396 2.050407
v 0.096537 0.571947 2.092500
v -0.000000 0.588900 2.150000
v -0.000000 0.576882 2.207500
v -0.000000 0.544050 2.249593
v -0.000000 0.499200 2.265000
v -0.000000 0.454350 2.249593
v -0.000000 0.421517 2.207500
v -0.000000 0.409500 2.150000
v -0.000000 0.421517 2.092500
v -0.000000 0.454350 2.050407
v -0.000000 0.499200 2.035000
v -0.000000 0.544050 2.050407
v -0.000000 0.576882 2.092500
v -0.098547 0.583862 2.150000
v -0.096536 0.571947 2.207500
v -0.091042 0.539396 2.249593
v -0.083537 0.494929 2.265000
v -0.076031 0.450463 2.249593
v -0.070537 0.417911 2.207500
v -0.068526 0.405997 2.150000
v -0.070537 0.417911 2.092500
v -0.076031 0.450463 2.050407
v -0.083537 0.494929 2.035000
v -0.091042 0.539396 2.050407
v -0.096536 0.571947 2.092500
v -0.195408 0.568834 2.150000
v -0.191420 0.557226 2.207500
v -0.180526 0.525512 2.249593
v -0.165644 0.482190 2.265000
v -0.150762 0.438868 2.249593
v -0.139867 0.407155 2.207500
v -0.135880 0.395547 2.150000
v -0.139867 0.407155 2.092500
v -0.150762 0.438868 2.050407
v -0.165644 0.482190 2.035000
v -0.180526 0.525512 2.050407
v -0.191420 0.557226 2.092500
v -0.288926 0.544073 2.150000
v -0.283030 0.532970 2.207500
v -0.266922 0.502637 2.249593
v -0.244918 0.461201 2.265000
v -0.222913 0.419765 2.249593
v -0.206805 0.389431 2.207500
v -0.200909 0.378329 2.150000
v -0.206805 0.389431 2.092500
v -0.222913 0.419765 2.050407
v -0.244918 0.461201 2.035000
v -0.266922 0.502637 2.050407
v -0.283030 0.532970 2.092500
v -0.377500 0.510002 2.150000
v -0.369796 0.499595 2.207500
v -0.348750 0.471161 2.249593
v -0.320000 0.432320 2.265000
v -0.291250 0.393479 2.249593
v -0.270204 0.365045 2.207500
v -0.262500 0.354637 2.150000
v -0.270204 0.365045 2.092500
v -0.291250 0.393479 2.050407
v -0.320000 0.432320 2.035000
v -0.348750 0.471161 2.050407
v -0.369796 0.499595 2.092500
v -0.459615 0.467206 2.150000
v -0.450235 0.457672 2.207500
v -0.424611 0.431624 2.249593
v -0.389607 0.396042 2.265000
v -0.354603 0.360460 2.249593
v -0.328979 0.334412 2.207500
v -0.319600 0.324878 2.150000
v -0.328979 0.334412 2.092500
v -0.354603 0.360460 2.050407
v -0.389607 0.396042 2.035000
v -0.424611 0.431624 2.050407
v -0.450235 0.457672 2.092500
v -0.533865 0.416415 2.150000
v -0.522971 0.407918 2.207500
v -0.493207 0.384702 2.249593
v -0.452548 0.352988 2.265000
v -0.411889 0.321274 2.249593
v -0.382125 0.298058 2.207500
v -0.371231 0.289560 2.150000
v -0.382125 0.298058 2.092500
v -0.411889 0.321274 2.050407
v -0.452548 0.352988 2.035000
v -0.493207 0.384702 2.050407
v -0.522971 0.407918 2.092500
v -0.598982 0.358500 2.150000
v -0.586759 0.351184 2.207500
v -0.553364 0.331197 2.249593
v -0.507746 0.303894 2.265000
v -0.462128 0.276591 2.249593
v -0.428734 0.256604 2.207500
v -0.416511 0.249288 2.150000
v -0.428734 0.256604 2.092500
v -0.462128 0.276591 2.050407
v -0.507746 0.303894 2.035000
v -0.553364 0.331197 2.050407
v -0.586759 0.351184 2.092500
v -0.653849 0.294450 2.150000
v -0.640506 0.288441 2.207500
v -0.604053 0.272025 2.249593
v -0.554256 0.249600 2.265000
v -0.504460 0.227175 2.249593
v -0.468006 0.210759 2.207500
v -0.454663 0.204750 2.150000
v -0.468006 0.210759 2.092500
v -0.504460 0.227175 2.050407
v -0.554256 0.249600 2.035000
v -0.604053 0.272025 2.050407
v -0.640506 0.288441 2.092500
v -0.697529 0.225362 2.150000
v -0.683295 0.220764 2.207500
v -0.644406 0.208199 2.249593
v -0.591283 0.191036 2.265000
v -0.538160 0.173872 2.249593
v -0.499271 0.161308 2.207500
v -0.485037 0.156709 2.150000
v -0.499271 0.161308 2.092500
v -0.538160 0.173872 2.050407
v -0.591283 0.191036 2.035000
v -0.644406 0.208199 2.050407
v -0.683295 0.220764 2.092500
v -0.729274 0.152418 2.150000
v -0.714392 0.149308 2.207500
v -0.673733 0.140810 2.249593
v -0.618193 0.129202 2.265000
v -0.562652 0.117594 2.249593
v -0.521993 0.109097 2.207500
v -0.507111 0.105986 2.150000
v -0.521993 0.109097 2.092500
v -0.562652 0.117594 2.050407
v -0.618193 0.129202 2.035000
v -0.673733 0.140810 2.050407
v -0.714392 0.149308 2.092500
v -0.748541 0.076867 2.150000
v -0.733266 0.075298 2.207500
v -0.691533 0.071013 2.249593
v -0.634525 0.065159 2.265000
v -0.577517 0.059305 2.249593
v -0.535784 0.055019 2.207500
v -0.520509 0.053450 2.150000
v -0.535784 0.055019 2.092500
v -0.577517 0.059305 2.050407
v -0.634525 0.065159 2.035000
v -0.691533 0.071013 2.050407
v -0.733266 0.075298 2.092500
vn -1.0000 -0.0000 -0.0000
vn -0.8687 -0.0000 0.4954
vn -0.5080 -0.0000 0.8614
vn -0.0108 -0.0000 0.9999
vn 0.4918 -0.0000 0.8707
vn 0.8633 -0.0000 0.5047
vn 1.0000 -0.0000 -0.0000
vn 0.8633 -0.0000 -0.5047
vn 0.4918 -0.0000 -0.8707
vn -0.0108 -0.0000 -0.9999
vn -0.5080 -0.0000 -0.8614
vn -0.8687 -0.0000 -0.4954
vn -0.9861 -0.1664 -0.0000
vn -0.8577 -0.1448 0.4934
vn -0.5029 -0.0849 0.8601
vn -0.0107 -0.0018 0.9999
vn 0.4870 0.0822 0.8695
vn 0.8524 0.1439 0.5027
vn 0.9861 0.1664 -0.0000
vn 0.8524 0.1439 -0.5027
vn 0.4870 0.0822 -0.8695
vn -0.0107 -0.0018 -0.9999
vn -0.5029 -0.0849 -0.8601
vn -0.8577 -0.1448 -0.4934
vn -0.9458 -0.3249 -0.0000
vn -0.8257 -0.2837 0.4875
vn -0.4880 -0.1676 0.8566
vn -0.0104 -0.0036 0.9999
vn 0.4726 0.1624 0.8662
vn 0.8208 0.2820 0.4968
vn 0.9458 0.3249 -0.0000
vn 0.8208 0.2820 -0.4968
vn 0.4726 0.1624 -0.8662
vn -0.0104 -0.0036 -0.9999
vn -0.4880 -0.1676 -0.8566
vn -0.8257 -0.2837 -0.4875
vn -0.8832 -0.4690 -0.0000
vn -0.7754 -0.4118 0.4787
vn -0.4637 -0.2463 0.8511
vn -0.0100 -0.0053 0.9999
vn 0.4493 0.2386 0.8609
vn 0.7709 0.4094 0.4879
vn 0.8832 0.4690 -0.0000
vn 0.7709 0.4094 -0.4879
vn 0.4493 0.2386 -0.8609
vn -0.0100 -0.0053 -0.9999
vn -0.4637 -0.2463 -0.8511
vn -0.7754 -0.4118 -0.4787
vn -0.8038 -0.5949 -0.0000
vn -0.7104 -0.5258 0.4678
vn -0.4311 -0.3191 0.8440
vn -0.0093 -0.0069 0.9999
vn 0.4179 0.3093 0.8542
vn 0.7065 0.5229 0.4769
vn 0.8038 0.5949 -0.0000
vn 0.7065 0.5229 -0.4769
vn 0.4179 0.3093 -0.8542
vn -0.0093 -0.0069 -0.9999
vn -0.4311 -0.3191 -0.8440
vn -0.7104 -0.5258 -0.4678
vn -0.7129 -0.7013 -0.0000
vn -0.6344 -0.6241 0.4560
vn -0.3912 -0.3848 0.8360
vn -0.0085 -0.0084 0.9999
vn 0.3794 0.3732 0.8466
vn 0.6311 0.6208 0.4651
vn 0.7129 0.7013 -0.0000
vn 0.6311 0.6208 -0.4651
vn 0.3794 0.3732 -0.8466
vn -0.0085 -0.0084 -0.9999
vn -0.3912 -0.3848 -0.8360
vn -0.6344 -0.6241 -0.4560
vn -0.6150 -0.7885 -0.0000
vn -0.5510 -0.7064 0.4444
vn -0.3452 -0.4425 0.8277
vn -0.0076 -0.0098 0.9999
vn 0.3350 0.4295 0.8387
vn 0.5482 0.7028 0.4533
vn 0.6150 0.7885 -0.0000
vn 0.5482 0.7028 -0.4533
vn 0.3350 0.4295 -0.8387
vn -0.0076 -0.0098 -0.9999
vn -0.3452 -0.4425 -0.8277
vn -0.5510 -0.7064 -0.4444
vn -0.5136 -0.8581 -0.0000
vn -0.4628 -0.7732 0.4335
vn -0.2942 -0.4916 0.8196
vn -0.0066 -0.0110 0.9999
vn 0.2857 0.4774 0.8309
vn 0.4606 0.7695 0.4423
vn 0.5136 0.8581 -0.0000
vn 0.4606 0.7695 -0.4423
vn 0.2857 0.4774 -0.8309
vn -0.0066 -0.0110 -0.9999
vn -0.2942 -0.4916 -0.8196
vn -0.4628 -0.7732 -0.4335
vn -0.4106 -0.9118 -0.0000
vn -0.3719 -0.8257 0.4241
vn -0.2395 -0.5319 0.8123
vn -0.0054 -0.0120 0.9999
vn 0.2327 0.5167 0.8239
vn 0.3702 0.8220 0.4328
vn 0.4106 0.9118 -0.0000
vn 0.3702 0.8220 -0.4328
vn 0.2327 0.5167 -0.8239
vn -0.0054 -0.0120 -0.9999
vn -0.2395 -0.5319 -0.8123
vn -0.3719 -0.8257 -0.4241
vn -0.3074 -0.9516 -0.0000
vn -0.2795 -0.8651 0.4165
vn -0.1819 -0.5631 0.8061
vn -0.0041 -0.0128 0.9999
vn 0.1768 0.5473 0.8180
vn 0.2783 0.8613 0.4251
vn 0.3074 0.9516 -0.0000
vn 0.2783 0.8613 -0.4251
vn 0.1768 0.5473 -0.8180
vn -0.0041 -0.0128 -0.9999
vn -0.1819 -0.5631 -0.8061
vn -0.2795 -0.8651 -0.4165
vn -0.2046 -0.9788 -0.0000
vn -0.1865 -0.8924 0.4110
vn -0.1223 -0.5854 0.8015
vn -0.0028 -0.0133 0.9999
vn 0.1189 0.5691 0.8136
vn 0.1857 0.8886 0.4195
vn 0.2046 0.9788 -0.0000
vn 0.1857 0.8886 -0.4195
vn 0.1189 0.5691 -0.8136
vn -0.0028 -0.0133 -0.9999
vn -0.1223 -0.5854 -0.8015
vn -0.1865 -0.8924 -0.4110
vn -0.1022 -0.9948 -0.0000
vn -0.0933 -0.9084 0.4076
vn -0.0615 -0.5987 0.7986
vn -0.0014 -0.0137 0.9999
vn 0.0598 0.5822 0.8109
vn 0.0929 0.9046 0.4161
vn 0.1022 0.9948 -0.0000
vn 0.0929 0.9046 -0.4161
vn 0.0598 0.5822 -0.8109
vn -0.0014 -0.0137 -0.9999
vn -0.0615 -0.5987 -0.7986
vn -0.0933 -0.9084 -0.4076
vn -0.0000 -1.0000 -0.0000
vn -0.0000 -0.9137 0.4064
vn -0.0000 -0.6031 0.7977
vn -0.0000 -0.0138 0.9999
vn -0.0000 0.5865 0.8099
vn -0.0000 0.9099 0.4149
vn -0.0000 1.0000 -0.0000
vn -0.0000 0.9099 -0.4149
vn -0.0000 0.5865 -0.8099
vn -0.0000 -0.0138 -0.9999
vn -0.0000 -0.6031 -0.7977
vn -0.0000 -0.9137 -0.4064
vn 0.1022 -0.9948 -0.0000
vn 0.0933 -0.9084 0.4076
vn 0.0615 -0.5987 0.7986
vn 0.0014 -0.0137 0.9999
vn -0.0598 0.5822 0.8109
vn -0.0929 0.9046 0.4161
vn -0.1022 0.9948 -0.0000
vn -0.0929 0.9046 -0.4161
vn -0.0598 0.5822 -0.8109
vn 0.0014 -0.0137 -0.9999
vn 0.0615 -0.5987 -0.7986
vn 0.0933 -0.9084 -0.4076
vn 0.2046 -0.9788 -0.0000
vn 0.1865 -0.8924 0.4110
vn 0.1223 -0.5854 0.8015
vn 0.0028 -0.0133 0.9999
vn -0.1189 0.5691 0.8136
vn -0.1857 0.8886 0.4195
vn -0.2046 0.9788 -0.0000
vn -0.1857 0.8886 -0.4195
vn -0.1189 0.5691 -0.8136
vn 0.0028 -0.0133 -0.9999
vn 0.1223 -0.5854 -0.8015
vn 0.1865 -0.8924 -0.4110
vn 0.3074 -0.9516 -0.0000
vn 0.2795 -0.8651 0.4165
vn 0.1819 -0.5631 0.8061
vn 0.0041 -0.0128 0.9999
vn -0.1768 0.5473 0.8180
vn -0.2783 0.8613 0.4251
vn -0.3074 0.9516 -0.0000
vn -0.2783 0.8613 -0.4251
vn -0.1768 0.5473 -0.8180
vn 0.0041 -0.0128 -0.9999
vn 0.1819 -0.5631 -0.8061
vn 0.2795 -0.8651 -0.4165
vn 0.4106 -0.9118 -0.0000
vn 0.3719 -0.8257 0.4241
vn 0.2395 -0.5319 0.8123
vn 0.0054 -0.0120 0.9999
vn -0.2327 0.5167 0.8239
vn -0.3702 0.8220 0.4328
vn -0.4106 0.9118 -0.0000
vn -0.3702 0.8220 -0.4328
vn -0.2327 0.5167 -0.8239
vn 0.0054 -0.0120 -0.9999
vn 0.2395 -0.5319 -0.8123
vn 0.3719 -0.8257 -0.4241
vn 0.5136 -0.8581 -0.0000
vn 0.4628 -0.7732 0.4335
vn 0.2942 -0.4916 0.8196
vn 0.0066 -0.0110 0.9999
vn -0.2857 0.4774 0.8309
vn -0.4606 0.7695 0.4423
vn -0.5136 0.8581 -0.0000
vn -0.4606 0.7695 -0.4423
vn -0.2857 0.4774 -0.8309
vn 0.0066 -0.0110 -0.9999
vn 0.2942 -0.4916 -0.8196
vn 0.4628 -0.7732 -0.4335
vn 0.6150 -0.7885 -0.0000
vn 0.5510 -0.7064 0.4444
vn 0.3452 -0.4425 0.8277
vn 0.0076 -0.0098 0.9999
vn -0.3350 0.4295 0.8387
vn -0.5482 0.7028 0.4533
vn -0.6150 0.7885 -0.0000
vn -0.5482 0.7028 -0.4533
vn -0.3350 0.4295 -0.8387
vn 0.0076 -0.0098 -0.9999
vn 0.3452 -0.4425 -0.8277
vn 0.5510 -0.7064 -0.4444
vn 0.7129 -0.7013 -0.0000
vn 0.6344 -0.6241 0.4560
vn 0.3912 -0.3848 0.8360
vn 0.0086 -0.0084 0.9999
vn -0.3794 0.3732 0.8466
vn -0.6311 0.6208 0.4651
vn -0.7129 0.7013 -0.0000
vn -0.6311 0.6208 -0.4651
vn -0.3794 0.3732 -0.8466
vn 0.0086 -0.0084 -0.9999
vn 0.3912 -0.3848 -0.8360
vn 0.6344 -0.6241 -0.4560
vn 0.8038 -0.5949 -0.0000
vn 0.7104 -0.5258 0.4678
vn 0.4311 -0.3191 0.8440
vn 0.0093 -0.0069 0.9999
vn -0.4179 0.3093 0.8542
vn -0.7065 0.5229 0.4769
vn -0.8038 0.5949 -0.0000
vn -0.7065 0.5229 -0.4769
vn -0.4179 0.3093 -0.8542
vn 0.0093 -0.0069 -0.9999
vn 0.4311 -0.3191 -0.8440
vn 0.7104 -0.5258 -0.4678
vn 0.8832 -0.4690 -0.0000
vn 0.7754 -0.4118 0.4787
vn 0.4637 -0.2463 0.8511
vn 0.0100 -0.0053 0.9999
vn -0.4493 0.2386 0.8609
vn -0.7710 0.4094 0.4879
vn -0.8832 0.4690 -0.0000
vn -0.7710 0.4094 -0.4879
vn -0.4493 0.2386 -0.8609
vn 0.0100 -0.0053 -0.9999
vn 0.4637 -0.2463 -0.8511
vn 0.7754 -0.4118 -0.4787
vn 0.9458 -0.3249 -0.0000
vn 0.8257 -0.2837 0.4875
vn 0.4880 -0.1676 0.8566
vn 0.0104 -0.0036 0.9999
vn -0.4726 0.1624 0.8662
vn -0.8208 0.2820 0.4968
vn -0.9458 0.3249 -0.0000
vn -0.8208 0.2820 -0.4968
vn -0.4726 0.1624 -0.8662
vn 0.0104 -0.0036 -0.9999
vn 0.4880 -0.1676 -0.8566
vn 0.8257 -0.2837 -0.4875
vn 0.9861 -0.1664 -0.0000
vn 0.8577 -0.1448 0.4934
vn 0.5029 -0.0849 0.8601
vn 0.0107 -0.0018 0.9999
vn -0.4870 0.0822 0.8695
vn -0.8524 0.1439 0.5027
vn -0.9861 0.1664 -0.0000
vn -0.8524 0.1439 -0.5027
vn -0.4870 0.0822 -0.8695
vn 0.0107 -0.0018 -0.9999
vn 0.5029 -0.0849 -0.8601
vn 0.8577 -0.1448 -0.4934
vn 0.8687 -0.0000 0.4954
vn 0.5080 -0.0000 0.8614
vn 0.0108 -0.0000 0.9999
vn -0.4918 -0.0000 0.8707
vn -0.8633 -0.0000 0.5047
vn -0.8633 -0.0000 -0.5047
vn -0.4918 -0.0000 -0.8707
vn 0.0108 -0.0000 -0.9999
vn 0.5080 -0.0000 -0.8614
vn 0.8687 -0.0000 -0.4954
vn 0.8577 0.1448 0.4934
vn 0.5029 0.0849 0.8601
vn 0.0107 0.0018 0.9999
vn -0.4870 -0.0822 0.8695
vn -0.8524 -0.1439 0.5027
vn -0.8524 -0.1439 -0.5027
vn -0.4870 -0.0822 -0.8695
vn 0.0107 0.0018 -0.9999
vn 0.5029 0.0849 -0.8601
vn 0.8577 0.1448 -0.4934
vn 0.8257 0.2837 0.4875
vn 0.4880 0.1676 0.8566
vn 0.0104 0.0036 0.9999
vn -0.4726 -0.1624 0.8662
vn -0.8208 -0.2820 0.4968
vn -0.8208 -0.2820 -0.4968
vn -0.4726 -0.1624 -0.8662
vn 0.0104 0.0036 -0.9999
vn 0.4880 0.1676 -0.8566
vn 0.8257 0.2837 -0.4875
vn 0.7754 0.4118 0.4787
vn 0.4637 0.2463 0.8511
vn 0.0100 0.0053 0.9999
vn -0.4493 -0.2386 0.8609
vn -0.7709 -0.4094 0.4879
vn -0.7709 -0.4094 -0.4879
vn -0.4493 -0.2386 -0.8609
vn 0.0100 0.0053 -0.9999
vn 0.4637 0.2463 -0.8511
vn 0.7754 0.4118 -0.4787
vn 0.7104 0.5258 0.4678
vn 0.4311 0.3191 0.8440
vn 0.0093 0.0069 0.9999
vn -0.4179 -0.3093 0.8542
vn -0.7065 -0.5229 0.4769
vn -0.7065 -0.5229 -0.4769
vn -0.4179 -0.3093 -0.8542
vn 0.0093 0.0069 -0.9999
vn 0.4311 0.3191 -0.8440
vn 0.7104 0.5258 -0.4678
vn 0.6344 0.6241 0.4560
vn 0.3912 0.3848 0.8360
vn 0.0086 0.0084 0.9999
vn -0.3794 -0.3732 0.8466
vn -0.6311 -0.6208 0.4651
vn -0.6311 -0.6208 -0.4651
vn -0.3794 -0.3732 -0.8466
vn 0.0086 0.0084 -0.9999
vn 0.3912 0.3848 -0.8360
vn 0.6344 0.6241 -0.4560
vn 0.5510 0.7064 0.4444
vn 0.3452 0.4425 0.8277
vn 0.0076 0.0098 0.9999
vn -0.3350 -0.4295 0.8387
vn -0.5482 -0.7028 0.4533
vn -0.5482 -0.7028 -0.4533
vn -0.3350 -0.4295 -0.8387
vn 0.0076 0.0098 -0.9999
vn 0.3452 0.4425 -0.8277
vn 0.5510 0.7064 -0.4444
vn 0.4628 0.7732 0.4335
vn 0.2942 0.4916 0.8196
vn 0.0066 0.0110 0.9999
vn -0.2857 -0.4774 0.8309
vn -0.4606 -0.7695 0.4423
vn -0.4606 -0.7695 -0.4423
vn -0.2857 -0.4774 -0.8309
vn 0.0066 0.0110 -0.9999
vn 0.2942 0.4916 -0.8196
vn 0.4628 0.7732 -0.4335
vn 0.3719 0.8257 0.4241
vn 0.2395 0.5319 0.8123
vn 0.0054 0.0120 0.9999
vn -0.2327 -0.5167 0.8239
vn -0.3702 -0.8220 0.4328
vn -0.3702 -0.8220 -0.4328
vn -0.2327 -0.5167 -0.8239
vn 0.0054 0.0120 -0.9999
vn 0.2395 0.5319 -0.8123
vn 0.3719 0.8257 -0.4241
vn 0.2795 0.8651 0.4165
vn 0.1819 0.5631 0.8061
vn 0.0041 0.0128 0.9999
vn -0.1768 -0.5473 0.8180
vn -0.2783 -0.8613 0.4251
vn -0.2783 -0.8613 -0.4251
vn -0.1768 -0.5473 -0.8180
vn 0.0041 0.0128 -0.9999
vn 0.1819 0.5631 -0.8061
vn 0.2795 0.8651 -0.4165
vn 0.1865 0.8924 0.4110
vn 0.1223 0.5854 0.8015
vn 0.0028 0.0133 0.9999
vn -0.1189 -0.5691 0.8136
vn -0.1857 -0.8886 0.4195
vn -0.1857 -0.8886 -0.4195
vn -0.1189 -0.5691 -0.8136
vn 0.0028 0.0133 -0.9999
vn 0.1223 0.5854 -0.8015
vn 0.1865 0.8924 -0.4110
vn 0.0933 0.9084 0.4076
vn 0.0615 0.5987 0.7986
vn 0.0014 0.0137 0.9999
vn -0.0598 -0.5822 0.8108
vn -0.0929 -0.9046 0.4161
vn -0.0929 -0.9046 -0.4161
vn -0.0598 -0.5822 -0.8108
vn 0.0014 0.0137 -0.9999
vn 0.0615 0.5987 -0.7986
vn 0.0933 0.9084 -0.4076
vn -0.0000 0.9137 0.4064
vn -0.0000 0.6031 0.7977
vn -0.0000 0.0138 0.9999
vn -0.0000 -0.5865 0.8099
vn -0.0000 -0.9099 0.4149
vn -0.0000 -0.9099 -0.4149
vn -0.0000 -0.5865 -0.8099
vn -0.0000 0.0138 -0.9999
vn -0.0000 0.6031 -0.7977
vn -0.0000 0.9137 -0.4064
vn -0.0933 0.9084 0.4076
vn -0.0615 0.5987 0.7986
vn -0.0014 0.0137 0.9999
vn 0.0598 -0.5822 0.8108
vn 0.0929 -0.9046 0.4161
vn 0.0929 -0.9046 -0.4161
vn 0.0598 -0.5822 -0.8109
vn -0.0014 0.0137 -0.9999
vn -0.0615 0.5987 -0.7986
vn -0.0933 0.9084 -0.4076
vn -0.1865 0.8924 0.4110
vn -0.1223 0.5854 0.8015
vn -0.0028 0.0133 0.9999
vn 0.1189 -0.5691 0.8136
vn 0.1857 -0.8886 0.4195
vn 0.2046 -0.9789 -0.0000
vn 0.1857 -0.8886 -0.4195
vn 0.1189 -0.5691 -0.8136
vn -0.0028 0.0133 -0.9999
vn -0.1223 0.5854 -0.8015
vn -0.1865 0.8924 -0.4110
vn -0.2795 0.8651 0.4165
vn -0.1819 0.5631 0.8061
vn -0.0041 0.0128 0.9999
vn 0.1768 -0.5473 0.8180
vn 0.2783 -0.8613 0.4251
vn 0.2783 -0.8613 -0.4251
vn 0.1768 -0.5473 -0.8180
vn -0.0041 0.0128 -0.9999
vn -0.1819 0.5631 -0.8061
vn -0.2795 0.8651 -0.4165
vn -0.3719 0.8257 0.4241
vn -0.2395 0.5319 0.8123
vn -0.0054 0.0120 0.9999
vn 0.2327 -0.5167 0.8239
vn 0.3702 -0.8220 0.4328
vn 0.3702 -0.8220 -0.4328
vn 0.2327 -0.5167 -0.8239
vn -0.0054 0.0120 -0.9999
vn -0.2395 0.5319 -0.8123
vn -0.3719 0.8257 -0.4241
vn -0.4628 0.7732 0.4335
vn -0.2942 0.4916 0.8196
vn -0.0066 0.0110 0.9999
vn 0.2857 -0.4774 0.8309
vn 0.4606 -0.7695 0.4423
vn 0.4606 -0.7695 -0.4423
vn 0.2857 -0.4774 -0.8309
vn -0.0066 0.0110 -0.9999
vn -0.2942 0.4916 -0.8196
vn -0.4628 0.7732 -0.4335
vn -0.5510 0.7064 0.4444
vn -0.3452 0.4425 0.8277
vn -0.0076 0.0098 0.9999
vn 0.3350 -0.4295 0.8387
vn 0.5482 -0.7028 0.4533
vn 0.5482 -0.7028 -0.4533
vn 0.3350 -0.4295 -0.8387
vn -0.0076 0.0098 -0.9999
vn -0.3452 0.4425 -0.8277
vn -0.5510 0.7064 -0.4444
vn -0.6344 0.6241 0.4560
vn -0.3912 0.3848 0.8360
vn -0.0085 0.0084 0.9999
vn 0.3794 -0.3732 0.8466
vn 0.6311 -0.6208 0.4651
vn 0.6311 -0.6208 -0.4651
vn 0.3794 -0.3732 -0.8466
vn -0.0085 0.0084 -0.9999
vn -0.3912 0.3848 -0.8360
vn -0.6344 0.6241 -0.4560
vn -0.7104 0.5258 0.4678
vn -0.4311 0.3191 0.8440
vn -0.0093 0.0069 0.9999
vn 0.4179 -0.3093 0.8542
vn 0.7065 -0.5229 0.4769
vn 0.7065 -0.5229 -0.4769
vn 0.4179 -0.3093 -0.8542
vn -0.0093 0.0069 -0.9999
vn -0.4311 0.3191 -0.8440
vn -0.7104 0.5258 -0.4678
vn -0.7754 0.4118 0.4787
vn -0.4637 0.2463 0.8511
vn -0.0100 0.0053 0.9999
vn 0.4493 -0.2386 0.8609
vn 0.7709 -0.4094 0.4879
vn 0.7709 -0.4094 -0.4879
vn 0.4493 -0.2386 -0.8609
vn -0.0100 0.0053 -0.9999
vn -0.4637 0.2463 -0.8511
vn -0.7754 0.4118 -0.4787
vn -0.8257 0.2837 0.4875
vn -0.4880 0.1676 0.8566
vn -0.0104 0.0036 0.9999
vn 0.4726 -0.1624 0.8662
vn 0.8208 -0.2820 0.4968
vn 0.8208 -0.2820 -0.4968
vn 0.4726 -0.1624 -0.8662
vn -0.0104 0.0036 -0.9999
vn -0.4880 0.1676 -0.8566
vn -0.8257 0.2837 -0.4875
vn -0.8577 0.1448 0.4934
vn -0.5029 0.0849 0.8601
vn -0.0107 0.0018 0.9999
vn 0.4870 -0.0822 0.8695
vn 0.8524 -0.1439 0.5027
vn 0.8524 -0.1439 -0.5027
vn 0.4870 -0.0822 -0.8695
vn -0.0107 0.0018 -0.9999
vn -0.5029 0.0849 -0.8601
vn -0.8577 0.1448 -0.4934
vt 0.520833 0.500000
vt 0.500000 0.583333
vt 0.500000 0.500000
vt 0.520833 0.666667
vt 0.500000 0.666667
vt 0.500000 0.750000
vt 0.520833 0.750000
vt 0.500000 0.833333
vt 0.520833 0.916667
vt 0.500000 0.916667
vt 0.500000 1.000000
vt 0.520833 0.000000
vt 0.500000 0.083333
vt 0.500000 0.000000
vt 0.520833 0.083333
vt 0.500000 0.166667
vt 0.520833 0.166667
vt 0.500000 0.250000
vt 0.520833 0.250000
vt 0.500000 0.333333
vt 0.520833 0.333333
vt 0.500000 0.416667
vt 0.520833 0.416667
vt 0.541667 0.500000
vt 0.520833 0.583333
vt 0.541667 0.666667
vt 0.541667 0.750000
vt 0.520833 0.833333
vt 0.541667 0.833333
vt 0.541667 0.916667
vt 0.520833 1.000000
vt 0.541667 0.000000
vt 0.541667 0.166667
vt 0.541667 0.250000
vt 0.541667 0.333333
vt 0.562500 0.500000
vt 0.541667 0.583333
vt 0.562500 0.583333
vt 0.562500 0.750000
vt 0.562500 0.833333
vt 0.562500 0.916667
vt 0.541667 1.000000
vt 0.562500 0.000000
vt 0.541667 0.083333
vt 0.562500 0.083333
vt 0.562500 0.166667
vt 0.562500 0.250000
vt 0.562500 0.333333
vt 0.541667 0.416667
vt 0.562500 0.416667
vt 0.583333 0.500000
vt 0.583333 0.666667
vt 0.562500 0.666667
vt 0.583333 0.750000
vt 0.583333 0.833333
vt 0.583333 1.000000
vt 0.562500 1.000000
vt 0.583333 0.000000
vt 0.583333 0.166667
vt 0.583333 0.250000
vt 0.583333 0.333333
vt 0.583333 0.416667
vt 0.604167 0.500000
vt 0.583333 0.583333
vt 0.604167 0.666667
vt 0.604167 0.833333
vt 0.583333 0.916667
vt 0.604167 0.916667
vt 0.604167 0.000000
vt 0.583333 0.083333
vt 0.604167 0.083333
vt 0.604167 0.166667
vt 0.604167 0.333333
vt 0.604167 0.416667
vt 0.625000 0.500000
vt 0.604167 0.583333
vt 0.625000 0.666667
vt 0.604167 0.750000
vt 0.625000 0.833333
vt 0.625000 0.916667
vt 0.604167 1.000000
vt 0.625000 0.000000
vt 0.625000 0.166667
vt 0.604167 0.250000
vt 0.625000 0.333333
vt 0.645833 0.500000
vt 0.625000 0.583333
vt 0.645833 0.583333
vt 0.645833 0.666667
vt 0.625000 0.750000
vt 0.645833 0.750000
vt 0.645833 0.833333
vt 0.645833 0.916667
vt 0.625000 1.000000
vt 0.645833 0.083333
vt 0.625000 0.083333
vt 0.645833 0.166667
vt 0.645833 0.250000
vt 0.625000 0.250000
vt 0.645833 0.333333
vt 0.625000 0.416667
vt 0.645833 0.416667
vt 0.666667 0.500000
vt 0.666667 0.583333
vt 0.666667 0.666667
vt 0.666667 0.833333
vt 0.666667 0.916667
vt 0.645833 1.000000
vt 0.666667 0.000000
vt 0.645833 0.000000
vt 0.666667 0.083333
vt 0.666667 0.166667
vt 0.666667 0.333333
vt 0.666667 0.416667
vt 0.687500 0.500000
vt 0.687500 0.666667
vt 0.666667 0.750000
vt 0.687500 0.750000
vt 0.687500 0.916667
vt 0.666667 1.000000
vt 0.687500 0.083333
vt 0.687500 0.250000
vt 0.666667 0.250000
vt 0.687500 0.333333
vt 0.708333 0.500000
vt 0.687500 0.583333
vt 0.708333 0.583333
vt 0.708333 0.666667
vt 0.708333 0.750000
vt 0.687500 0.833333
vt 0.708333 0.833333
vt 0.708333 0.916667
vt 0.687500 1.000000
vt 0.687500 0.000000
vt 0.708333 0.083333
vt 0.708333 0.166667
vt 0.687500 0.166667
vt 0.708333 0.250000
vt 0.708333 0.333333
vt 0.687500 0.416667
vt 0.729167 0.500000
vt 0.729167 0.583333
vt 0.729167 0.666667
vt 0.729167 0.750000
vt 0.729167 0.916667
vt 0.729167 1.000000
vt 0.708333 1.000000
vt 0.729167 0.000000
vt 0.708333 0.000000
vt 0.729167 0.083333
vt 0.729167 0.166667
vt 0.729167 0.250000
vt 0.729167 0.416667
vt 0.708333 0.416667
vt 0.750000 0.583333
vt 0.750000 0.666667
vt 0.750000 0.750000
vt 0.729167 0.833333
vt 0.750000 0.833333
vt 0.750000 0.916667
vt 0.750000 0.083333
vt 0.750000 0.250000
vt 0.729167 0.333333
vt 0.750000 0.333333
vt 0.750000 0.416667
vt 0.770833 0.500000
vt 0.750000 0.500000
vt 0.770833 0.583333
vt 0.770833 0.666667
vt 0.770833 0.833333
vt 0.770833 0.916667
vt 0.750000 1.000000
vt 0.770833 0.000000
vt 0.750000 0.000000
vt 0.770833 0.083333
vt 0.750000 0.166667
vt 0.770833 0.166667
vt 0.770833 0.333333
vt 0.791667 0.500000
vt 0.791667 0.583333
vt 0.791667 0.750000
vt 0.770833 0.750000
vt 0.791667 0.833333
vt 0.791667 0.916667
vt 0.770833 1.000000
vt 0.791667 0.000000
vt 0.791667 0.166667
vt 0.791667 0.250000
vt 0.770833 0.250000
vt 0.791667 0.416667
vt 0.770833 0.416667
vt 0.812500 0.583333
vt 0.791667 0.666667
vt 0.812500 0.666667
vt 0.812500 0.750000
vt 0.812500 0.916667
vt 0.791667 1.000000
vt 0.812500 0.000000
vt 0.791667 0.083333
vt 0.812500 0.083333
vt 0.812500 0.250000
vt 0.791667 0.333333
vt 0.812500 0.416667
vt 0.812500 0.500000
vt 0.833333 0.583333
vt 0.833333 0.750000
vt 0.833333 0.833333
vt 0.812500 0.833333
vt 0.833333 0.916667
vt 0.812500 1.000000
vt 0.833333 0.000000
vt 0.833333 0.083333
vt 0.812500 0.166667
vt 0.833333 0.166667
vt 0.833333 0.250000
vt 0.812500 0.333333
vt 0.833333 0.416667
vt 0.833333 0.500000
vt 0.854167 0.583333
vt 0.833333 0.666667
vt 0.854167 0.666667
vt 0.854167 0.750000
vt 0.854167 0.833333
vt 0.854167 0.916667
vt 0.833333 1.000000
vt 0.854167 0.083333
vt 0.854167 0.166667
vt 0.854167 0.250000
vt 0.854167 0.333333
vt 0.833333 0.333333
vt 0.854167 0.416667
vt 0.875000 0.500000
vt 0.854167 0.500000
vt 0.875000 0.583333
vt 0.875000 0.750000
vt 0.875000 0.916667
vt 0.854167 1.000000
vt 0.854167 0.000000
vt 0.875000 0.083333
vt 0.875000 0.166667
vt 0.875000 0.250000
vt 0.875000 0.416667
vt 0.895833 0.583333
vt 0.895833 0.666667
vt 0.875000 0.666667
vt 0.895833 0.750000
vt 0.875000 0.833333
vt 0.895833 0.833333
vt 0.895833 0.916667
vt 0.875000 1.000000
vt 0.875000 0.000000
vt 0.895833 0.083333
vt 0.895833 0.166667
vt 0.895833 0.250000
vt 0.875000 0.333333
vt 0.895833 0.333333
vt 0.895833 0.416667
vt 0.916667 0.500000
vt 0.895833 0.500000
vt 0.916667 0.666667
vt 0.916667 0.833333
vt 0.916667 1.000000
vt 0.895833 1.000000
vt 0.916667 0.000000
vt 0.895833 0.000000
vt 0.916667 0.166667
vt 0.916667 0.333333
vt 0.916667 0.416667
vt 0.937500 0.583333
vt 0.916667 0.583333
vt 0.937500 0.666667
vt 0.916667 0.750000
vt 0.937500 0.750000
vt 0.937500 0.833333
vt 0.916667 0.916667
vt 0.937500 0.916667
vt 0.937500 0.000000
vt 0.916667 0.083333
vt 0.937500 0.166667
vt 0.916667 0.250000
vt 0.937500 0.333333
vt 0.937500 0.416667
vt 0.958333 0.500000
vt 0.937500 0.500000
vt 0.958333 0.583333
vt 0.958333 0.750000
vt 0.958333 0.833333
vt 0.958333 0.916667
vt 0.937500 1.000000
vt 0.958333 0.000000
vt 0.937500 0.083333
vt 0.958333 0.083333
vt 0.958333 0.166667
vt 0.937500 0.250000
vt 0.958333 0.250000
vt 0.958333 0.333333
vt 0.979167 0.500000
vt 0.979167 0.583333
vt 0.958333 0.666667
vt 0.979167 0.666667
vt 0.979167 0.833333
vt 0.979167 0.916667
vt 0.958333 1.000000
vt 0.979167 0.000000
vt 0.979167 0.166667
vt 0.979167 0.333333
vt 0.958333 0.416667
vt 1.000000 0.500000
vt 1.000000 0.583333
vt 1.000000 0.666667
vt 0.979167 0.750000
vt 1.000000 0.750000
vt 1.000000 0.833333
vt 1.000000 0.916667
vt 0.979167 1.000000
vt 1.000000 0.000000
vt 0.979167 0.083333
vt 1.000000 0.083333
vt 1.000000 0.166667
vt 0.979167 0.250000
vt 1.000000 0.250000
vt 1.000000 0.333333
vt 0.979167 0.416667
vt 0.020833 0.500000
vt 0.000000 0.583333
vt 0.000000 0.500000
vt 0.020833 0.583333
vt 0.000000 0.666667
vt 0.020833 0.666667
vt 0.000000 0.750000
vt 0.020833 0.750000
vt 0.000000 0.833333
vt 0.020833 0.833333
vt 0.000000 0.916667
vt 0.020833 0.916667
vt 0.000000 1.000000
vt 0.020833 0.000000
vt 0.000000 0.083333
vt 0.000000 0.000000
vt 0.020833 0.083333
vt 0.000000 0.166667
vt 0.020833 0.166667
vt 0.000000 0.250000
vt 0.020833 0.333333
vt 0.000000 0.333333
vt 0.000000 0.416667
vt 0.041667 0.583333
vt 0.041667 0.666667
vt 0.041667 0.750000
vt 0.041667 0.916667
vt 0.020833 1.000000
vt 0.041667 0.000000
vt 0.041667 0.083333
vt 0.041667 0.250000
vt 0.020833 0.250000
vt 0.041667 0.333333
vt 0.020833 0.416667
vt 0.041667 0.416667
vt 0.062500 0.500000
vt 0.041667 0.500000
vt 0.062500 0.583333
vt 0.062500 0.666667
vt 0.062500 0.750000
vt 0.041667 0.833333
vt 0.062500 0.916667
vt 0.041667 1.000000
vt 0.062500 0.000000
vt 0.062500 0.083333
vt 0.041667 0.166667
vt 0.062500 0.250000
vt 0.062500 0.333333
vt 0.062500 0.416667
vt 0.083333 0.583333
vt 0.083333 0.750000
vt 0.083333 0.833333
vt 0.062500 0.833333
vt 0.083333 0.916667
vt 0.062500 1.000000
vt 0.083333 0.000000
vt 0.083333 0.083333
vt 0.062500 0.166667
vt 0.083333 0.166667
vt 0.083333 0.250000
vt 0.083333 0.416667
vt 0.104167 0.500000
vt 0.083333 0.500000
vt 0.104167 0.583333
vt 0.083333 0.666667
vt 0.104167 0.750000
vt 0.104167 0.833333
vt 0.104167 0.916667
vt 0.083333 1.000000
vt 0.104167 0.083333
vt 0.104167 0.166667
vt 0.104167 0.250000
vt 0.083333 0.333333
vt 0.104167 0.333333
vt 0.125000 0.583333
vt 0.104167 0.666667
vt 0.125000 0.666667
vt 0.125000 0.833333
vt 0.125000 1.000000
vt 0.104167 1.000000
vt 0.125000 0.000000
vt 0.104167 0.000000
vt 0.125000 0.083333
vt 0.125000 0.166667
vt 0.125000 0.333333
vt 0.125000 0.416667
vt 0.104167 0.416667
vt 0.145833 0.500000
vt 0.125000 0.500000
vt 0.145833 0.666667
vt 0.125000 0.750000
vt 0.145833 0.833333
vt 0.125000 0.916667
vt 0.145833 1.000000
vt 0.145833 0.000000
vt 0.145833 0.166667
vt 0.125000 0.250000
vt 0.145833 0.250000
vt 0.145833 0.333333
vt 0.166667 0.500000
vt 0.145833 0.583333
vt 0.166667 0.666667
vt 0.166667 0.750000
vt 0.145833 0.750000
vt 0.166667 0.833333
vt 0.145833 0.916667
vt 0.166667 1.000000
vt 0.166667 0.000000
vt 0.145833 0.083333
vt 0.166667 0.166667
vt 0.166667 0.250000
vt 0.166667 0.333333
vt 0.145833 0.416667
vt 0.187500 0.500000
vt 0.166667 0.583333
vt 0.187500 0.666667
vt 0.187500 0.750000
vt 0.187500 0.833333
vt 0.166667 0.916667
vt 0.187500 0.916667
vt 0.187500 0.000000
vt 0.166667 0.083333
vt 0.187500 0.083333
vt 0.187500 0.250000
vt 0.187500 0.333333
vt 0.166667 0.416667
vt 0.208333 0.500000
vt 0.187500 0.583333
vt 0.208333 0.666667
vt 0.208333 0.833333
vt 0.208333 0.916667
vt 0.187500 1.000000
vt 0.208333 0.000000
vt 0.208333 0.083333
vt 0.187500 0.166667
vt 0.208333 0.166667
vt 0.208333 0.333333
vt 0.187500 0.416667
vt 0.229167 0.500000
vt 0.208333 0.583333
vt 0.229167 0.583333
vt 0.229167 0.666667
vt 0.208333 0.750000
vt 0.229167 0.750000
vt 0.229167 0.833333
vt 0.229167 0.916667
vt 0.208333 1.000000
vt 0.229167 0.000000
vt 0.229167 0.166667
vt 0.229167 0.250000
vt 0.208333 0.250000
vt 0.229167 0.333333
vt 0.208333 0.416667
vt 0.229167 0.416667
vt 0.250000 0.500000
vt 0.250000 0.666667
vt 0.250000 0.833333
vt 0.250000 1.000000
vt 0.229167 1.000000
vt 0.250000 0.000000
vt 0.229167 0.083333
vt 0.250000 0.166667
vt 0.250000 0.333333
vt 0.250000 0.416667
vt 0.270833 0.500000
vt 0.250000 0.583333
vt 0.270833 0.666667
vt 0.250000 0.750000
vt 0.270833 0.750000
vt 0.270833 0.833333
vt 0.250000 0.916667
vt 0.270833 0.916667
vt 0.270833 0.000000
vt 0.250000 0.083333
vt 0.270833 0.083333
vt 0.270833 0.166667
vt 0.250000 0.250000
vt 0.270833 0.250000
vt 0.270833 0.333333
vt 0.291667 0.500000
vt 0.270833 0.583333
vt 0.291667 0.666667
vt 0.291667 0.750000
vt 0.291667 0.833333
vt 0.291667 1.000000
vt 0.270833 1.000000
vt 0.291667 0.000000
vt 0.291667 0.083333
vt 0.291667 0.250000
vt 0.291667 0.333333
vt 0.270833 0.416667
vt 0.312500 0.583333
vt 0.291667 0.583333
vt 0.312500 0.666667
vt 0.312500 0.750000
vt 0.312500 0.833333
vt 0.312500 0.916667
vt 0.291667 0.916667
vt 0.312500 0.000000
vt 0.312500 0.083333
vt 0.291667 0.166667
vt 0.312500 0.166667
vt 0.312500 0.250000
vt 0.312500 0.333333
vt 0.291667 0.416667
vt 0.312500 0.416667
vt 0.312500 0.500000
vt 0.333333 0.583333
vt 0.333333 0.666667
vt 0.333333 0.833333
vt 0.333333 1.000000
vt 0.312500 1.000000
vt 0.333333 0.000000
vt 0.333333 0.166667
vt 0.333333 0.250000
vt 0.333333 0.416667
vt 0.354167 0.500000
vt 0.333333 0.500000
vt 0.354167 0.666667
vt 0.333333 0.750000
vt 0.354167 0.833333
vt 0.333333 0.916667
vt 0.354167 0.916667
vt 0.354167 0.000000
vt 0.333333 0.083333
vt 0.354167 0.166667
vt 0.354167 0.333333
vt 0.333333 0.333333
vt 0.354167 0.416667
vt 0.375000 0.500000
vt 0.354167 0.583333
vt 0.375000 0.666667
vt 0.375000 0.750000
vt 0.354167 0.750000
vt 0.375000 0.916667
vt 0.375000 1.000000
vt 0.354167 1.000000
vt 0.375000 0.000000
vt 0.354167 0.083333
vt 0.375000 0.083333
vt 0.375000 0.166667
vt 0.354167 0.250000
vt 0.375000 0.250000
vt 0.375000 0.333333
vt 0.395833 0.583333
vt 0.375000 0.583333
vt 0.395833 0.666667
vt 0.395833 0.750000
vt 0.375000 0.833333
vt 0.395833 0.833333
vt 0.395833 1.000000
vt 0.395833 0.000000
vt 0.395833 0.083333
vt 0.395833 0.250000
vt 0.395833 0.333333
vt 0.375000 0.416667
vt 0.395833 0.416667
vt 0.395833 0.500000
vt 0.416667 0.583333
vt 0.416667 0.750000
vt 0.416667 0.916667
vt 0.395833 0.916667
vt 0.416667 0.000000
vt 0.416667 0.083333
vt 0.395833 0.166667
vt 0.416667 0.250000
vt 0.416667 0.416667
vt 0.416667 0.500000
vt 0.437500 0.583333
vt 0.437500 0.666667
vt 0.416667 0.666667
vt 0.437500 0.750000
vt 0.416667 0.833333
vt 0.437500 0.916667
vt 0.416667 1.000000
vt 0.437500 0.000000
vt 0.437500 0.083333
vt 0.416667 0.166667
vt 0.437500 0.166667
vt 0.437500 0.250000
vt 0.416667 0.333333
vt 0.437500 0.333333
vt 0.437500 0.416667
vt 0.458333 0.500000
vt 0.437500 0.500000
vt 0.458333 0.666667
vt 0.458333 0.750000
vt 0.437500 0.833333
vt 0.458333 0.833333
vt 0.458333 0.916667
vt 0.437500 1.000000
vt 0.458333 0.083333
vt 0.458333 0.166667
vt 0.458333 0.250000
vt 0.458333 0.333333
vt 0.458333 0.416667
vt 0.479167 0.583333
vt 0.458333 0.583333
vt 0.479167 0.666667
vt 0.479167 0.750000
vt 0.479167 0.916667
vt 0.458333 1.000000
vt 0.458333 0.000000
vt 0.479167 0.083333
vt 0.479167 0.166667
vt 0.479167 0.250000
vt 0.479167 0.416667
vt 0.479167 0.500000
vt 0.479167 0.833333
vt 0.479167 1.000000
vt 0.479167 0.000000
vt 0.479167 0.333333
vt 1.000000 1.000000
vt 1.000000 0.416667
s 1
g Torus.001_M_CoralMusgo.002
usemtl M_CoralMusgo.002
f 665/796/618 654/797/607 653/798/606
f 654/797/607 667/799/620 655/800/608
f 667/799/620 656/801/609 655/800/608
f 668/802/621 657/803/610 656/801/609
f 657/803/610 670/804/623 658/805/611
f 670/804/623 659/806/612 658/805/611
f 671/807/624 660/808/613 659/809/612
f 672/810/625 661/811/614 660/808/613
f 673/812/626 662/813/615 661/811/614
f 674/814/627 663/815/616 662/813/615
f 675/816/628 664/817/617 663/815/616
f 676/818/629 653/798/606 664/817/617
f 677/819/630 666/820/619 665/796/618
f 666/820/619 679/821/632 667/799/620
f 679/821/632 668/802/621 667/799/620
f 680/822/633 669/823/622 668/802/621
f 681/824/634 670/804/623 669/823/622
f 682/825/635 671/826/624 670/804/623
f 683/827/636 672/810/625 671/807/624
f 672/810/625 685/828/638 673/812/626
f 673/812/626 686/829/639 674/814/627
f 674/814/627 687/830/640 675/816/628
f 687/830/640 676/818/629 675/816/628
f 676/818/629 677/819/630 665/796/618
f 689/831/642 678/832/631 677/819/630
f 690/833/643 679/821/632 678/832/631
f 679/821/632 692/834/645 680/822/633
f 680/822/633 693/835/646 681/824/634
f 681/824/634 694/836/647 682/825/635
f 694/836/647 683/837/636 682/825/635
f 695/838/648 684/839/637 683/827/636
f 696/840/649 685/828/638 684/839/637
f 697/841/650 686/829/639 685/828/638
f 698/842/651 687/830/640 686/829/639
f 699/843/652 688/844/641 687/830/640
f 700/845/653 677/819/630 688/844/641
f 701/846/654 690/833/643 689/831/642
f 690/833/643 703/847/656 691/848/644
f 691/848/644 704/849/657 692/834/645
f 704/849/657 693/835/646 692/834/645
f 705/850/658 694/836/647 693/835/646
f 694/836/647 707/851/660 695/852/648
f 707/853/660 696/840/649 695/838/648
f 696/840/649 709/854/662 697/841/650
f 697/841/650 710/855/663 698/842/651
f 710/855/663 699/843/652 698/842/651
f 711/856/664 700/845/653 699/843/652
f 712/857/665 689/831/642 700/845/653
f 713/858/666 702/859/655 701/846/654
f 702/859/655 715/860/668 703/847/656
f 715/860/668 704/849/657 703/847/656
f 704/849/657 717/861/670 705/850/658
f 717/861/670 706/862/659 705/850/658
f 718/863/671 707/851/660 706/862/659
f 719/864/672 708/865/661 707/853/660
f 720/866/673 709/854/662 708/865/661
f 721/867/674 710/855/663 709/854/662
f 710/855/663 723/868/676 711/856/664
f 723/868/676 712/857/665 711/856/664
f 724/869/677 701/846/654 712/857/665
f 725/870/678 714/871/667 713/858/666
f 714/871/667 727/872/680 715/860/668
f 727/872/680 716/873/669 715/860/668
f 716/873/669 729/874/682 717/861/670
f 729/874/682 718/863/671 717/861/670
f 730/875/683 719/876/672 718/863/671
f 731/877/684 720/866/673 719/864/672
f 720/866/673 733/878/686 721/867/674
f 733/878/686 722/879/675 721/867/674
f 722/879/675 735/880/688 723/868/676
f 735/880/688 724/869/677 723/868/676
f 724/869/677 725/870/678 713/858/666
f 737/881/690 726/882/679 725/870/678
f 738/883/691 727/872/680 726/882/679
f 739/884/692 728/885/681 727/872/680
f 740/886/693 729/874/682 728/885/681
f 741/887/694 730/875/683 729/874/682
f 742/888/695 731/889/684 730/875/683
f 731/877/684 744/890/697 732/891/685
f 732/891/685 745/892/698 733/878/686
f 733/878/686 746/893/699 734/894/687
f 746/893/699 735/880/688 734/894/687
f 747/895/700 736/896/689 735/880/688
f 748/897/701 725/870/678 736/896/689
f 749/898/702 738/883/691 737/881/690
f 750/899/703 739/884/692 738/883/691
f 751/900/704 740/886/693 739/884/692
f 740/886/693 753/901/706 741/887/694
f 741/887/694 754/902/707 742/888/695
f 754/902/707 743/903/696 742/888/695
f 755/904/708 744/890/697 743/905/696
f 756/906/709 745/892/698 744/890/697
f 757/907/710 746/893/699 745/892/698
f 746/893/699 759/908/712 747/895/700
f 759/908/712 748/897/701 747/895/700
f 760/909/713 737/881/690 748/897/701
f 761/910/714 750/899/703 749/898/702
f 750/899/703 763/911/716 751/900/704
f 763/911/716 752/912/705 751/900/704
f 764/913/717 753/901/706 752/912/705
f 753/901/706 766/914/719 754/902/707
f 766/914/719 755/915/708 754/902/707
f 755/904/708 768/916/721 756/906/709
f 768/916/721 757/907/710 756/906/709
f 757/907/710 770/917/723 758/918/711
f 770/917/723 759/908/712 758/918/711
f 771/919/724 760/909/713 759/908/712
f 760/909/713 761/910/714 749/898/702
f 773/920/726 762/921/715 761/910/714
f 774/922/727 763/911/716 762/921/715
f 775/923/728 764/913/717 763/911/716
f 776/924/729 765/925/718 764/913/717
f 777/926/730 766/914/719 765/925/718
f 778/927/731 767/928/720 766/914/719
f 767/929/720 780/930/733 768/916/721
f 768/916/721 781/931/734 769/932/722
f 769/932/722 782/933/735 770/917/723
f 770/917/723 783/934/736 771/919/724
f 783/934/736 772/935/725 771/919/724
f 772/935/725 773/920/726 761/910/714
f 785/936/738 774/922/727 773/920/726
f 786/937/739 775/923/728 774/922/727
f 787/938/740 776/924/729 775/923/728
f 788/939/741 777/926/730 776/924/729
f 777/926/730 790/940/743 778/927/731
f 778/927/731 791/941/744 779/942/732
f 791/943/744 780/930/733 779/944/732
f 792/945/745 781/931/734 780/930/733
f 793/946/746 782/933/735 781/931/734
f 794/947/747 783/934/736 782/933/735
f 783/934/736 796/948/749 784/949/737
f 784/949/737 785/936/738 773/920/726
f 785/936/738 798/950/751 786/937/739
f 786/937/739 799/951/752 787/938/740
f 799/951/752 788/939/741 787/938/740
f 800/952/753 789/953/742 788/939/741
f 801/954/754 790/940/743 789/953/742
f 802/955/755 791/941/744 790/940/743
f 791/943/744 804/956/757 792/945/745
f 804/956/757 793/946/746 792/945/745
f 793/946/746 806/957/759 794/947/747
f 806/957/759 795/958/748 794/947/747
f 807/959/760 796/948/749 795/958/748
f 808/960/761 785/936/738 796/948/749
f 809/961/762 798/950/751 797/962/750
f 810/963/763 799/951/752 798/950/751
f 811/964/764 800/952/753 799/951/752
f 800/952/753 813/965/766 801/954/754
f 813/965/766 802/955/755 801/954/754
f 814/966/767 803/967/756 802/955/755
f 815/968/768 804/956/757 803/969/756
f 816/970/769 805/971/758 804/956/757
f 817/972/770 806/957/759 805/971/758
f 806/957/759 819/973/772 807/959/760
f 819/973/772 808/960/761 807/959/760
f 808/960/761 809/961/762 797/962/750
f 821/974/774 810/963/763 809/961/762
f 822/975/775 811/964/764 810/963/763
f 811/964/764 824/976/777 812/977/765
f 824/976/777 813/965/766 812/977/765
f 825/978/778 814/966/767 813/965/766
f 826/979/779 815/980/768 814/966/767
f 827/981/780 816/970/769 815/968/768
f 816/970/769 829/982/782 817/972/770
f 817/972/770 830/983/783 818/984/771
f 830/983/783 819/973/772 818/984/771
f 819/973/772 832/985/785 820/986/773
f 832/985/785 809/961/762 820/986/773
f 821/974/774 834/987/787 822/975/775
f 834/987/787 823/988/776 822/975/775
f 835/989/788 824/976/777 823/988/776
f 836/990/789 825/978/778 824/976/777
f 825/978/778 838/991/791 826/979/779
f 838/991/791 827/992/780 826/979/779
f 839/993/792 828/994/781 827/981/780
f 840/995/793 829/982/782 828/994/781
f 829/982/782 842/996/795 830/983/783
f 842/996/795 831/997/784 830/983/783
f 831/997/784 844/998/797 832/985/785
f 844/998/797 821/974/774 832/985/785
f 833/999/786 846/1000/799 834/987/787
f 846/1000/799 835/989/788 834/987/787
f 835/989/788 848/1001/801 836/990/789
f 836/990/789 849/1002/802 837/1003/790
f 849/1002/802 838/991/791 837/1003/790
f 850/1004/803 839/1005/792 838/991/791
f 851/1006/804 840/995/793 839/993/792
f 852/1007/805 841/1008/794 840/995/793
f 853/1009/806 842/996/795 841/1008/794
f 854/1010/807 843/1011/796 842/996/795
f 843/1011/796 856/1012/809 844/998/797
f 856/1012/809 833/999/786 844/998/797
f 845/1013/798 858/1014/811 846/1000/799
f 858/1014/811 847/1015/800 846/1000/799
f 859/1016/812 848/1001/801 847/1015/800
f 860/1017/813 849/1002/802 848/1001/801
f 861/1018/814 850/1004/803 849/1002/802
f 862/1019/815 851/1020/804 850/1004/803
f 851/1006/804 864/1021/817 852/1007/805
f 852/1007/805 865/1022/818 853/1009/806
f 853/1009/806 866/1023/819 854/1010/807
f 854/1010/807 867/1024/820 855/1025/808
f 855/1025/808 868/1026/821 856/1012/809
f 868/1026/821 845/1013/798 856/1012/809
f 869/1027/822 858/1014/811 857/1028/810
f 870/1029/823 859/1016/812 858/1014/811
f 859/1016/812 872/1030/825 860/1017/813
f 872/1030/825 861/1018/814 860/1017/813
f 861/1018/814 874/1031/827 862/1019/815
f 874/1031/827 863/1032/816 862/1019/815
f 863/1033/816 876/1034/829 864/1021/817
f 876/1034/829 865/1022/818 864/1021/817
f 877/1035/830 866/1023/819 865/1022/818
f 878/1036/831 867/1024/820 866/1023/819
f 867/1024/820 880/1037/833 868/1026/821
f 880/1037/833 857/1028/810 868/1026/821
f 869/1027/822 882/1038/835 870/1029/823
f 870/1029/823 883/1039/836 871/1040/824
f 871/1040/824 884/1041/837 872/1030/825
f 884/1041/837 873/1042/826 872/1030/825
f 885/1043/838 874/1031/827 873/1042/826
f 886/1044/839 875/1045/828 874/1031/827
f 875/1046/828 888/1047/841 876/1034/829
f 888/1047/841 877/1035/830 876/1034/829
f 889/1048/842 878/1036/831 877/1035/830
f 890/1049/843 879/1050/832 878/1036/831
f 891/1051/844 880/1037/833 879/1050/832
f 892/1052/845 869/1027/822 880/1037/833
f 893/1053/846 882/1038/835 881/1054/834
f 882/1038/835 895/1055/848 883/1039/836
f 895/1055/848 884/1041/837 883/1039/836
f 884/1041/837 897/1056/850 885/1043/838
f 897/1056/850 886/1044/839 885/1043/838
f 886/1044/839 899/1057/852 887/1058/840
f 899/1059/852 888/1047/841 887/1060/840
f 888/1047/841 901/1061/854 889/1048/842
f 901/1061/854 890/1049/843 889/1048/842
f 890/1049/843 903/1062/856 891/1051/844
f 903/1062/856 892/1052/845 891/1051/844
f 904/1063/857 881/1054/834 892/1052/845
f 893/1053/846 906/1064/859 894/1065/847
f 906/1064/859 895/1055/848 894/1065/847
f 907/1066/860 896/1067/849 895/1055/848
f 908/1068/861 897/1056/850 896/1067/849
f 909/1069/862 898/1070/851 897/1056/850
f 910/1071/863 899/1057/852 898/1070/851
f 911/1072/864 900/1073/853 899/1059/852
f 900/1073/853 913/1074/866 901/1061/854
f 913/1074/866 902/1075/855 901/1061/854
f 902/1075/855 915/1076/868 903/1062/856
f 903/1062/856 916/1077/869 904/1063/857
f 916/1077/869 893/1053/846 904/1063/857
f 917/1078/870 906/1064/859 905/1079/858
f 918/1080/871 907/1066/860 906/1064/859
f 907/1066/860 920/1081/873 908/1068/861
f 908/1068/861 921/1082/874 909/1069/862
f 909/1069/862 922/1083/875 910/1071/863
f 922/1083/875 911/1084/864 910/1071/863
f 923/1085/876 912/1086/865 911/1072/864
f 924/1087/877 913/1074/866 912/1086/865
f 925/1088/878 914/1089/867 913/1074/866
f 926/1090/879 915/1076/868 914/1089/867
f 927/1091/880 916/1077/869 915/1076/868
f 916/1077/869 917/1078/870 905/1079/858
f 929/1092/882 918/1080/871 917/1078/870
f 930/1093/883 919/1094/872 918/1080/871
f 931/1095/884 920/1081/873 919/1094/872
f 920/1081/873 933/1096/886 921/1082/874
f 933/1096/886 922/1083/875 921/1082/874
f 934/1097/887 923/1098/876 922/1083/875
f 935/1099/888 924/1087/877 923/1085/876
f 924/1087/877 937/1100/890 925/1088/878
f 937/1100/890 926/1090/879 925/1088/878
f 926/1090/879 939/1101/892 927/1091/880
f 939/1101/892 928/1102/881 927/1091/880
f 928/1102/881 929/1092/882 917/1078/870
f 941/1103/612 930/1093/883 929/1092/882
f 942/1104/894 931/1095/884 930/1093/883
f 943/1105/895 932/1106/885 931/1095/884
f 944/1107/896 933/1096/886 932/1106/885
f 945/1108/897 934/1097/887 933/1096/886
f 946/1109/898 935/1110/888 934/1097/887
f 947/1111/606 936/1112/889 935/1099/888
f 948/1113/899 937/1100/890 936/1112/889
f 949/1114/900 938/1115/891 937/1100/890
f 950/1116/901 939/1101/892 938/1115/891
f 951/1117/902 940/1118/893 939/1101/892
f 940/1118/893 941/1103/612 929/1092/882
f 953/1119/624 942/1120/894 941/1121/612
f 954/1122/904 943/1123/895 942/1120/894
f 955/1124/905 944/1125/896 943/1123/895
f 956/1126/906 945/1127/897 944/1125/896
f 957/1128/907 946/1129/898 945/1127/897
f 958/1130/908 947/1131/606 946/1129/898
f 959/1132/618 948/1133/899 947/1134/606
f 960/1135/909 949/1136/900 948/1133/899
f 961/1137/910 950/1138/901 949/1136/900
f 950/1138/901 963/1139/912 951/1140/902
f 963/1139/912 952/1141/903 951/1140/902
f 952/1141/903 953/1119/624 941/1121/612
f 953/1119/624 966/1142/914 954/1122/904
f 966/1142/914 955/1124/905 954/1122/904
f 967/1143/915 956/1126/906 955/1124/905
f 968/1144/916 957/1128/907 956/1126/906
f 957/1128/907 970/1145/918 958/1130/908
f 970/1145/918 959/1146/618 958/1130/908
f 971/1147/630 960/1135/909 959/1132/618
f 972/1148/919 961/1137/910 960/1135/909
f 961/1137/910 974/1149/921 962/1150/911
f 974/1149/921 963/1139/912 962/1150/911
f 975/1151/922 964/1152/913 963/1139/912
f 976/1153/923 953/1119/624 964/1152/913
f 977/1154/648 966/1142/914 965/1155/636
f 978/1156/924 967/1143/915 966/1142/914
f 979/1157/925 968/1144/916 967/1143/915
f 980/1158/926 969/1159/917 968/1144/916
f 969/1159/917 982/1160/928 970/1145/918
f 982/1160/928 971/1161/630 970/1145/918
f 983/1162/642 972/1148/919 971/1147/630
f 984/1163/929 973/1164/920 972/1148/919
f 973/1164/920 986/1165/931 974/1149/921
f 974/1149/921 987/1166/932 975/1151/922
f 987/1166/932 976/1153/923 975/1151/922
f 988/1167/933 965/1155/636 976/1153/923
f 977/1154/648 990/1168/934 978/1156/924
f 990/1168/934 979/1157/925 978/1156/924
f 979/1157/925 992/1169/936 980/1158/926
f 980/1158/926 993/1170/937 981/1171/927
f 993/1170/937 982/1160/928 981/1171/927
f 994/1172/938 983/1173/642 982/1160/928
f 995/1174/654 984/1163/929 983/1162/642
f 996/1175/939 985/1176/930 984/1163/929
f 997/1177/940 986/1165/931 985/1176/930
f 998/1178/941 987/1166/932 986/1165/931
f 987/1166/932 1000/1179/943 988/1167/933
f 1000/1179/943 977/1154/648 988/1167/933
f 1001/1180/672 990/1168/934 989/1181/660
f 1002/1182/944 991/1183/935 990/1168/934
f 991/1183/935 1004/1184/946 992/1169/936
f 1004/1184/946 993/1170/937 992/1169/936
f 1005/1185/947 994/1172/938 993/1170/937
f 1006/1186/948 995/1187/654 994/1172/938
f 995/1174/654 1008/1188/949 996/1175/939
f 996/1175/939 1009/1189/950 997/1177/940
f 997/1177/940 1010/1190/951 998/1178/941
f 1010/1190/951 999/1191/942 998/1178/941
f 1011/1192/952 1000/1179/943 999/1191/942
f 1000/1179/943 1001/1180/672 989/1181/660
f 1001/1180/672 1014/1193/954 1002/1182/944
f 1014/1193/954 1003/1194/945 1002/1182/944
f 1015/1195/955 1004/1184/946 1003/1194/945
f 1004/1184/946 1017/1196/957 1005/1185/947
f 1017/1196/957 1006/1186/948 1005/1185/947
f 1006/1186/948 1019/1197/678 1007/1198/666
f 1019/1199/678 1008/1188/949 1007/1200/666
f 1020/1201/959 1009/1189/950 1008/1188/949
f 1021/1202/960 1010/1190/951 1009/1189/950
f 1010/1190/951 1023/1203/962 1011/1192/952
f 1011/1192/952 1024/1204/963 1012/1205/953
f 1024/1204/963 1001/1180/672 1012/1205/953
f 1025/1206/696 1014/1193/954 1013/1207/684
f 1014/1193/954 1027/1208/965 1015/1195/955
f 1027/1208/965 1016/1209/956 1015/1195/955
f 1016/1209/956 1029/1210/967 1017/1196/957
f 1029/1210/967 1018/1211/958 1017/1196/957
f 1018/1211/958 1031/1212/690 1019/1197/678
f 1031/1213/690 1020/1201/959 1019/1199/678
f 1020/1201/959 1033/1214/970 1021/1202/960
f 1033/1214/970 1022/1215/961 1021/1202/960
f 1034/1216/971 1023/1203/962 1022/1215/961
f 1035/1217/972 1024/1204/963 1023/1203/962
f 1024/1204/963 1025/1206/696 1013/1207/684
f 1037/1218/708 1026/1219/964 1025/1206/696
f 1026/1219/964 1039/1220/975 1027/1208/965
f 1027/1208/965 1040/1221/976 1028/1222/966
f 1040/1221/976 1029/1210/967 1028/1222/966
f 1041/1223/977 1030/1224/968 1029/1210/967
f 1030/1224/968 1043/1225/702 1031/1212/690
f 1043/1226/702 1032/1227/969 1031/1213/690
f 1032/1227/969 1045/1228/980 1033/1214/970
f 1033/1214/970 1046/1229/981 1034/1216/971
f 1046/1229/981 1035/1217/972 1034/1216/971
f 1047/1230/982 1036/1231/973 1035/1217/972
f 1036/1231/973 1037/1218/708 1025/1206/696
f 1049/1232/720 1038/1233/974 1037/1218/708
f 1038/1233/974 1051/1234/985 1039/1220/975
f 1051/1234/985 1040/1221/976 1039/1220/975
f 1052/1235/986 1041/1223/977 1040/1221/976
f 1053/1236/987 1042/1237/978 1041/1223/977
f 1054/1238/988 1043/1225/702 1042/1237/978
f 1055/1239/714 1044/1240/979 1043/1226/702
f 1056/1241/989 1045/1228/980 1044/1240/979
f 1045/1228/980 1058/1242/991 1046/1229/981
f 1046/1229/981 1059/1243/992 1047/1230/982
f 1059/1243/992 1048/1244/983 1047/1230/982
f 1048/1244/983 1049/1232/720 1037/1218/708
f 1061/1245/732 1050/1246/984 1049/1232/720
f 1050/1246/984 1063/1247/995 1051/1234/985
f 1063/1247/995 1052/1235/986 1051/1234/985
f 1052/1235/986 1065/1248/997 1053/1236/987
f 1053/1236/987 1066/1249/998 1054/1238/988
f 1066/1249/998 1055/1250/714 1054/1238/988
f 1067/1251/726 1056/1241/989 1055/1239/714
f 1068/1252/999 1057/1253/990 1056/1241/989
f 1069/1254/1000 1058/1242/991 1057/1253/990
f 1058/1242/991 1071/1255/1002 1059/1243/992
f 1071/1255/1002 1060/1256/993 1059/1243/992
f 1060/1256/993 1061/1245/732 1049/1232/720
f 1073/1257/744 1062/1258/994 1061/1245/732
f 1074/1259/1004 1063/1247/995 1062/1258/994
f 1075/1260/1005 1064/1261/996 1063/1247/995
f 1076/1262/1006 1065/1248/997 1064/1261/996
f 1077/1263/1007 1066/1249/998 1065/1248/997
f 1078/1264/1008 1067/1265/726 1066/1249/998
f 1079/1266/738 1068/1252/999 1067/1251/726
f 1068/1252/999 1081/1267/1010 1069/1254/1000
f 1069/1254/1000 1082/1268/1011 1070/1269/1001
f 1082/1268/1011 1071/1255/1002 1070/1269/1001
f 1083/1270/1012 1072/1271/1003 1071/1255/1002
f 1084/1272/1013 1061/1245/732 1072/1271/1003
f 1085/1273/756 1074/1259/1004 1073/1257/744
f 1074/1259/1004 1087/1274/1015 1075/1260/1005
f 1087/1274/1015 1076/1262/1006 1075/1260/1005
f 1076/1262/1006 1089/1275/1017 1077/1263/1007
f 1089/1275/1017 1078/1264/1008 1077/1263/1007
f 1078/1264/1008 1091/1276/750 1079/1277/738
f 1091/1278/750 1080/1279/1009 1079/1266/738
f 1080/1279/1009 1093/1280/1020 1081/1267/1010
f 1093/1280/1020 1082/1268/1011 1081/1267/1010
f 1082/1268/1011 1095/1281/1022 1083/1270/1012
f 1095/1281/1022 1084/1272/1013 1083/1270/1012
f 1096/1282/1023 1073/1257/744 1084/1272/1013
f 1097/1283/768 1086/1284/1014 1085/1273/756
f 1086/1284/1014 1099/1285/1025 1087/1274/1015
f 1099/1285/1025 1088/1286/1016 1087/1274/1015
f 1100/1287/1026 1089/1275/1017 1088/1286/1016
f 1101/1288/1027 1090/1289/1018 1089/1275/1017
f 1102/1290/1028 1091/1276/750 1090/1289/1018
f 1103/1291/762 1092/1292/1019 1091/1278/750
f 1104/1293/1029 1093/1280/1020 1092/1292/1019
f 1105/1294/1030 1094/1295/1021 1093/1280/1020
f 1106/1296/1031 1095/1281/1022 1094/1295/1021
f 1107/1297/1032 1096/1282/1023 1095/1281/1022
f 1096/1282/1023 1097/1283/768 1085/1273/756
f 1109/1298/780 1098/1299/1024 1097/1283/768
f 1098/1299/1024 1111/1300/1035 1099/1285/1025
f 1111/1300/1035 1100/1287/1026 1099/1285/1025
f 1112/1301/1036 1101/1288/1027 1100/1287/1026
f 1113/1302/1037 1102/1290/1028 1101/1288/1027
f 1102/1290/1028 1115/1303/1039 1103/1304/762
f 1115/1305/1039 1104/1293/1029 1103/1291/762
f 1116/1306/1040 1105/1294/1030 1104/1293/1029
f 1105/1294/1030 1118/1307/1042 1106/1296/1031
f 1118/1307/1042 1107/1297/1032 1106/1296/1031
f 1119/1308/1043 1108/1309/1033 1107/1297/1032
f 1108/1309/1033 1109/1298/780 1097/1283/768
f 1109/1298/780 1122/1310/1045 1110/1311/1034
f 1110/1311/1034 1123/1312/1046 1111/1300/1035
f 1111/1300/1035 1124/1313/1047 1112/1301/1036
f 1112/1301/1036 1125/1314/1048 1113/1302/1037
f 1113/1302/1037 1126/1315/1049 1114/1316/1038
f 1126/1315/1049 1115/1303/1039 1114/1316/1038
f 1127/1317/786 1116/1306/1040 1115/1305/1039
f 1128/1318/1050 1117/1319/1041 1116/1306/1040
f 1129/1320/1051 1118/1307/1042 1117/1319/1041
f 1130/1321/1052 1119/1308/1043 1118/1307/1042
f 1131/1322/1053 1120/1323/1044 1119/1308/1043
f 1132/1324/1054 1109/1298/780 1120/1323/1044
f 1121/1325/792 1134/1326/1055 1122/1310/1045
f 1134/1326/1055 1123/1312/1046 1122/1310/1045
f 1135/1327/1056 1124/1313/1047 1123/1312/1046
f 1124/1313/1047 1137/1328/1058 1125/1314/1048
f 1137/1328/1058 1126/1315/1049 1125/1314/1048
f 1126/1315/1049 1139/1329/798 1127/1330/786
f 1139/1331/798 1128/1318/1050 1127/1317/786
f 1128/1318/1050 1141/1332/1061 1129/1320/1051
f 1141/1332/1061 1130/1321/1052 1129/1320/1051
f 1142/1333/1062 1131/1322/1053 1130/1321/1052
f 1131/1322/1053 1144/1334/1064 1132/1324/1054
f 1144/1334/1064 1121/1325/792 1132/1324/1054
f 1145/1335/816 1134/1326/1055 1133/1336/804
f 1134/1326/1055 1147/1337/1066 1135/1327/1056
f 1147/1337/1066 1136/1338/1057 1135/1327/1056
f 1136/1338/1057 1149/1339/1068 1137/1328/1058
f 1149/1339/1068 1138/1340/1059 1137/1328/1058
f 1150/1341/1069 1139/1329/798 1138/1340/1059
f 1151/1342/810 1140/1343/1060 1139/1331/798
f 1140/1343/1060 1153/1344/1071 1141/1332/1061
f 1153/1344/1071 1142/1333/1062 1141/1332/1061
f 1142/1333/1062 1155/1345/1073 1143/1346/1063
f 1155/1345/1073 1144/1334/1064 1143/1346/1063
f 1156/1347/1074 1133/1336/804 1144/1334/1064
f 1157/1348/828 1146/1349/1065 1145/1335/816
f 1146/1349/1065 1159/1350/1076 1147/1337/1066
f 1147/1337/1066 1160/1351/1077 1148/1352/1067
f 1160/1351/1077 1149/1339/1068 1148/1352/1067
f 1149/1339/1068 1162/1353/1079 1150/1341/1069
f 1150/1341/1069 1163/1354/822 1151/1355/810
f 1163/1356/822 1152/1357/1070 1151/1342/810
f 1164/1358/1080 1153/1344/1071 1152/1357/1070
f 1165/1359/1081 1154/1360/1072 1153/1344/1071
f 1166/1361/1082 1155/1345/1073 1154/1360/1072
f 1167/1362/1083 1156/1347/1074 1155/1345/1073
f 1156/1347/1074 1157/1348/828 1145/1335/816
f 1157/1348/828 1170/1363/1085 1158/1364/1075
f 1170/1363/1085 1159/1350/1076 1158/1364/1075
f 1171/1365/1086 1160/1351/1077 1159/1350/1076
f 1172/1366/1087 1161/1367/1078 1160/1351/1077
f 1173/1368/1088 1162/1353/1079 1161/1367/1078
f 1162/1353/1079 1175/1369/834 1163/1354/822
f 1175/1370/834 1164/1358/1080 1163/1356/822
f 1176/1371/1090 1165/1359/1081 1164/1358/1080
f 1165/1359/1081 1178/1372/1092 1166/1361/1082
f 1178/1372/1092 1167/1362/1083 1166/1361/1082
f 1179/1373/1093 1168/1374/1084 1167/1362/1083
f 1180/1375/1094 1157/1348/828 1168/1374/1084
f 1169/1376/840 1182/1377/1095 1170/1363/1085
f 1182/1377/1095 1171/1365/1086 1170/1363/1085
f 1171/1365/1086 1184/1378/1097 1172/1366/1087
f 1184/1378/1097 1173/1368/1088 1172/1366/1087
f 1173/1368/1088 1186/1379/1099 1174/1380/1089
f 1186/1379/1099 1175/1369/834 1174/1380/1089
f 1187/1381/846 1176/1371/1090 1175/1370/834
f 1188/1382/1100 1177/1383/1091 1176/1371/1090
f 1177/1383/1091 1190/1384/1102 1178/1372/1092
f 1190/1384/1102 1179/1373/1093 1178/1372/1092
f 1179/1373/1093 1192/1385/1104 1180/1375/1094
f 1192/1385/1104 1169/1376/840 1180/1375/1094
f 1181/1386/852 1194/1387/1105 1182/1377/1095
f 1182/1377/1095 1195/1388/1106 1183/1389/1096
f 1195/1388/1106 1184/1378/1097 1183/1389/1096
f 1196/1390/1107 1185/1391/1098 1184/1378/1097
f 1185/1391/1098 1198/1392/1109 1186/1379/1099
f 1198/1392/1109 1187/1393/846 1186/1379/1099
f 1199/1394/858 1188/1382/1100 1187/1381/846
f 1200/1395/1110 1189/1396/1101 1188/1382/1100
f 1201/1397/1111 1190/1384/1102 1189/1396/1101
f 1202/1398/1112 1191/1399/1103 1190/1384/1102
f 1203/1400/1113 1192/1385/1104 1191/1399/1103
f 1204/1401/1114 1181/1386/852 1192/1385/1104
f 1205/1402/876 1194/1387/1105 1193/1403/864
f 1194/1387/1105 1207/1404/1116 1195/1388/1106
f 1207/1404/1116 1196/1390/1107 1195/1388/1106
f 1208/1405/1117 1197/1406/1108 1196/1390/1107
f 1209/1407/1118 1198/1392/1109 1197/1406/1108
f 1210/1408/1119 1199/1409/858 1198/1392/1109
f 1199/1394/858 1212/1410/1120 1200/1395/1110
f 1200/1395/1110 1213/1411/1121 1201/1397/1111
f 1201/1397/1111 1214/1412/1122 1202/1398/1112
f 1202/1398/1112 1215/1413/1123 1203/1400/1113
f 1215/1413/1123 1204/1401/1114 1203/1400/1113
f 1216/1414/1124 1193/1403/864 1204/1401/1114
f 1205/1402/876 1218/1415/1125 1206/1416/1115
f 1218/1415/1125 1207/1404/1116 1206/1416/1115
f 1219/1417/1126 1208/1405/1117 1207/1404/1116
f 1220/1418/1127 1209/1407/1118 1208/1405/1117
f 1209/1407/1118 1222/1419/1129 1210/1408/1119
f 1222/1419/1129 1211/1420/870 1210/1408/1119
f 1211/1421/870 1224/1422/1130 1212/1410/1120
f 1224/1422/1130 1213/1411/1121 1212/1410/1120
f 1225/1423/1131 1214/1412/1122 1213/1411/1121
f 1226/1424/1132 1215/1413/1123 1214/1412/1122
f 1215/1413/1123 1228/1425/1134 1216/1414/1124
f 1228/1425/1134 1205/1402/876 1216/1414/1124
f 653/798/606 1218/1415/1125 1217/1426/888
f 654/797/607 1219/1417/1126 1218/1415/1125
f 655/800/608 1220/1418/1127 1219/1417/1126
f 656/801/609 1221/1427/1128 1220/1418/1127
f 1221/1427/1128 658/805/611 1222/1419/1129
f 658/805/611 1223/1428/882 1222/1419/1129
f 659/809/612 1224/1422/1130 1223/1429/882
f 1224/1422/1130 661/811/614 1225/1423/1131
f 661/811/614 1226/1424/1132 1225/1423/1131
f 662/813/615 1227/1430/1133 1226/1424/1132
f 1227/1430/1133 664/817/617 1228/1425/1134
f 664/817/617 1217/1426/888 1228/1425/1134
f 665/796/618 666/820/619 654/797/607
f 654/797/607 666/820/619 667/799/620
f 667/799/620 668/802/621 656/801/609
f 668/802/621 669/823/622 657/803/610
f 657/803/610 669/823/622 670/804/623
f 670/804/623 671/826/624 659/806/612
f 671/807/624 672/810/625 660/808/613
f 672/810/625 673/812/626 661/811/614
f 673/812/626 674/814/627 662/813/615
f 674/814/627 675/816/628 663/815/616
f 675/816/628 676/818/629 664/817/617
f 676/818/629 665/796/618 653/798/606
f 677/819/630 678/832/631 666/820/619
f 666/820/619 678/832/631 679/821/632
f 679/821/632 680/822/633 668/802/621
f 680/822/633 681/824/634 669/823/622
f 681/824/634 682/825/635 670/804/623
f 682/825/635 683/837/636 671/826/624
f 683/827/636 684/839/637 672/810/625
f 672/810/625 684/839/637 685/828/638
f 673/812/626 685/828/638 686/829/639
f 674/814/627 686/829/639 687/830/640
f 687/830/640 688/844/641 676/818/629
f 676/818/629 688/844/641 677/819/630
f 689/831/642 690/833/643 678/832/631
f 690/833/643 691/848/644 679/821/632
f 679/821/632 691/848/644 692/834/645
f 680/822/633 692/834/645 693/835/646
f 681/824/634 693/835/646 694/836/647
f 694/836/647 695/852/648 683/837/636
f 695/838/648 696/840/649 684/839/637
f 696/840/649 697/841/650 685/828/638
f 697/841/650 698/842/651 686/829/639
f 698/842/651 699/843/652 687/830/640
f 699/843/652 700/845/653 688/844/641
f 700/845/653 689/831/642 677/819/630
f 701/846/654 702/859/655 690/833/643
f 690/833/643 702/859/655 703/847/656
f 691/848/644 703/847/656 704/849/657
f 704/849/657 705/850/658 693/835/646
f 705/850/658 706/862/659 694/836/647
f 694/836/647 706/862/659 707/851/660
f 707/853/660 708/865/661 696/840/649
f 696/840/649 708/865/661 709/854/662
f 697/841/650 709/854/662 710/855/663
f 710/855/663 711/856/664 699/843/652
f 711/856/664 712/857/665 700/845/653
f 712/857/665 701/846/654 689/831/642
f 713/858/666 714/871/667 702/859/655
f 702/859/655 714/871/667 715/860/668
f 715/860/668 716/873/669 704/849/657
f 704/849/657 716/873/669 717/861/670
f 717/861/670 718/863/671 706/862/659
f 718/863/671 719/876/672 707/851/660
f 719/864/672 720/866/673 708/865/661
f 720/866/673 721/867/674 709/854/662
f 721/867/674 722/879/675 710/855/663
f 710/855/663 722/879/675 723/868/676
f 723/868/676 724/869/677 712/857/665
f 724/869/677 713/858/666 701/846/654
f 725/870/678 726/882/679 714/871/667
f 714/871/667 726/882/679 727/872/680
f 727/872/680 728/885/681 716/873/669
f 716/873/669 728/885/681 729/874/682
f 729/874/682 730/875/683 718/863/671
f 730/875/683 731/889/684 719/876/672
f 731/877/684 732/891/685 720/866/673
f 720/866/673 732/891/685 733/878/686
f 733/878/686 734/894/687 722/879/675
f 722/879/675 734/894/687 735/880/688
f 735/880/688 736/896/689 724/869/677
f 724/869/677 736/896/689 725/870/678
f 737/881/690 738/883/691 726/882/679
f 738/883/691 739/884/692 727/872/680
f 739/884/692 740/886/693 728/885/681
f 740/886/693 741/887/694 729/874/682
f 741/887/694 742/888/695 730/875/683
f 742/888/695 743/903/696 731/889/684
f 731/877/684 743/905/696 744/890/697
f 732/891/685 744/890/697 745/892/698
f 733/878/686 745/892/698 746/893/699
f 746/893/699 747/895/700 735/880/688
f 747/895/700 748/897/701 736/896/689
f 748/897/701 737/881/690 725/870/678
f 749/898/702 750/899/703 738/883/691
f 750/899/703 751/900/704 739/884/692
f 751/900/704 752/912/705 740/886/693
f 740/886/693 752/912/705 753/901/706
f 741/887/694 753/901/706 754/902/707
f 754/902/707 755/915/708 743/903/696
f 755/904/708 756/906/709 744/890/697
f 756/906/709 757/907/710 745/892/698
f 757/907/710 758/918/711 746/893/699
f 746/893/699 758/918/711 759/908/712
f 759/908/712 760/909/713 748/897/701
f 760/909/713 749/898/702 737/881/690
f 761/910/714 762/921/715 750/899/703
f 750/899/703 762/921/715 763/911/716
f 763/911/716 764/913/717 752/912/705
f 764/913/717 765/925/718 753/901/706
f 753/901/706 765/925/718 766/914/719
f 766/914/719 767/928/720 755/915/708
f 755/904/708 767/929/720 768/916/721
f 768/916/721 769/932/722 757/907/710
f 757/907/710 769/932/722 770/917/723
f 770/917/723 771/919/724 759/908/712
f 771/919/724 772/935/725 760/909/713
f 760/909/713 772/935/725 761/910/714
f 773/920/726 774/922/727 762/921/715
f 774/922/727 775/923/728 763/911/716
f 775/923/728 776/924/729 764/913/717
f 776/924/729 777/926/730 765/925/718
f 777/926/730 778/927/731 766/914/719
f 778/927/731 779/942/732 767/928/720
f 767/929/720 779/944/732 780/930/733
f 768/916/721 780/930/733 781/931/734
f 769/932/722 781/931/734 782/933/735
f 770/917/723 782/933/735 783/934/736
f 783/934/736 784/949/737 772/935/725
f 772/935/725 784/949/737 773/920/726
f 785/936/738 786/937/739 774/922/727
f 786/937/739 787/938/740 775/923/728
f 787/938/740 788/939/741 776/924/729
f 788/939/741 789/953/742 777/926/730
f 777/926/730 789/953/742 790/940/743
f 778/927/731 790/940/743 791/941/744
f 791/943/744 792/945/745 780/930/733
f 792/945/745 793/946/746 781/931/734
f 793/946/746 794/947/747 782/933/735
f 794/947/747 795/958/748 783/934/736
f 783/934/736 795/958/748 796/948/749
f 784/949/737 796/948/749 785/936/738
f 785/936/738 797/962/750 798/950/751
f 786/937/739 798/950/751 799/951/752
f 799/951/752 800/952/753 788/939/741
f 800/952/753 801/954/754 789/953/742
f 801/954/754 802/955/755 790/940/743
f 802/955/755 803/967/756 791/941/744
f 791/943/744 803/969/756 804/956/757
f 804/956/757 805/971/758 793/946/746
f 793/946/746 805/971/758 806/957/759
f 806/957/759 807/959/760 795/958/748
f 807/959/760 808/960/761 796/948/749
f 808/960/761 797/962/750 785/936/738
f 809/961/762 810/963/763 798/950/751
f 810/963/763 811/964/764 799/951/752
f 811/964/764 812/977/765 800/952/753
f 800/952/753 812/977/765 813/965/766
f 813/965/766 814/966/767 802/955/755
f 814/966/767 815/980/768 803/967/756
f 815/968/768 816/970/769 804/956/757
f 816/970/769 817/972/770 805/971/758
f 817/972/770 818/984/771 806/957/759
f 806/957/759 818/984/771 819/973/772
f 819/973/772 820/986/773 808/960/761
f 808/960/761 820/986/773 809/961/762
f 821/974/774 822/975/775 810/963/763
f 822/975/775 823/988/776 811/964/764
f 811/964/764 823/988/776 824/976/777
f 824/976/777 825/978/778 813/965/766
f 825/978/778 826/979/779 814/966/767
f 826/979/779 827/992/780 815/980/768
f 827/981/780 828/994/781 816/970/769
f 816/970/769 828/994/781 829/982/782
f 817/972/770 829/982/782 830/983/783
f 830/983/783 831/997/784 819/973/772
f 819/973/772 831/997/784 832/985/785
f 832/985/785 821/974/774 809/961/762
f 821/974/774 833/999/786 834/987/787
f 834/987/787 835/989/788 823/988/776
f 835/989/788 836/990/789 824/976/777
f 836/990/789 837/1003/790 825/978/778
f 825/978/778 837/1003/790 838/991/791
f 838/991/791 839/1005/792 827/992/780
f 839/993/792 840/995/793 828/994/781
f 840/995/793 841/1008/794 829/982/782
f 829/982/782 841/1008/794 842/996/795
f 842/996/795 843/1011/796 831/997/784
f 831/997/784 843/1011/796 844/998/797
f 844/998/797 833/999/786 821/974/774
f 833/999/786 845/1013/798 846/1000/799
f 846/1000/799 847/1015/800 835/989/788
f 835/989/788 847/1015/800 848/1001/801
f 836/990/789 848/1001/801 849/1002/802
f 849/1002/802 850/1004/803 838/991/791
f 850/1004/803 851/1020/804 839/1005/792
f 851/1006/804 852/1007/805 840/995/793
f 852/1007/805 853/1009/806 841/1008/794
f 853/1009/806 854/1010/807 842/996/795
f 854/1010/807 855/1025/808 843/1011/796
f 843/1011/796 855/1025/808 856/1012/809
f 856/1012/809 845/1013/798 833/999/786
f 845/1013/798 857/1028/810 858/1014/811
f 858/1014/811 859/1016/812 847/1015/800
f 859/1016/812 860/1017/813 848/1001/801
f 860/1017/813 861/1018/814 849/1002/802
f 861/1018/814 862/1019/815 850/1004/803
f 862/1019/815 863/1032/816 851/1020/804
f 851/1006/804 863/1033/816 864/1021/817
f 852/1007/805 864/1021/817 865/1022/818
f 853/1009/806 865/1022/818 866/1023/819
f 854/1010/807 866/1023/819 867/1024/820
f 855/1025/808 867/1024/820 868/1026/821
f 868/1026/821 857/1028/810 845/1013/798
f 869/1027/822 870/1029/823 858/1014/811
f 870/1029/823 871/1040/824 859/1016/812
f 859/1016/812 871/1040/824 872/1030/825
f 872/1030/825 873/1042/826 861/1018/814
f 861/1018/814 873/1042/826 874/1031/827
f 874/1031/827 875/1045/828 863/1032/816
f 863/1033/816 875/1046/828 876/1034/829
f 876/1034/829 877/1035/830 865/1022/818
f 877/1035/830 878/1036/831 866/1023/819
f 878/1036/831 879/1050/832 867/1024/820
f 867/1024/820 879/1050/832 880/1037/833
f 880/1037/833 869/1027/822 857/1028/810
f 869/1027/822 881/1054/834 882/1038/835
f 870/1029/823 882/1038/835 883/1039/836
f 871/1040/824 883/1039/836 884/1041/837
f 884/1041/837 885/1043/838 873/1042/826
f 885/1043/838 886/1044/839 874/1031/827
f 886/1044/839 887/1058/840 875/1045/828
f 875/1046/828 887/1060/840 888/1047/841
f 888/1047/841 889/1048/842 877/1035/830
f 889/1048/842 890/1049/843 878/1036/831
f 890/1049/843 891/1051/844 879/1050/832
f 891/1051/844 892/1052/845 880/1037/833
f 892/1052/845 881/1054/834 869/1027/822
f 893/1053/846 894/1065/847 882/1038/835
f 882/1038/835 894/1065/847 895/1055/848
f 895/1055/848 896/1067/849 884/1041/837
f 884/1041/837 896/1067/849 897/1056/850
f 897/1056/850 898/1070/851 886/1044/839
f 886/1044/839 898/1070/851 899/1057/852
f 899/1059/852 900/1073/853 888/1047/841
f 888/1047/841 900/1073/853 901/1061/854
f 901/1061/854 902/1075/855 890/1049/843
f 890/1049/843 902/1075/855 903/1062/856
f 903/1062/856 904/1063/857 892/1052/845
f 904/1063/857 893/1053/846 881/1054/834
f 893/1053/846 905/1079/858 906/1064/859
f 906/1064/859 907/1066/860 895/1055/848
f 907/1066/860 908/1068/861 896/1067/849
f 908/1068/861 909/1069/862 897/1056/850
f 909/1069/862 910/1071/863 898/1070/851
f 910/1071/863 911/1084/864 899/1057/852
f 911/1072/864 912/1086/865 900/1073/853
f 900/1073/853 912/1086/865 913/1074/866
f 913/1074/866 914/1089/867 902/1075/855
f 902/1075/855 914/1089/867 915/1076/868
f 903/1062/856 915/1076/868 916/1077/869
f 916/1077/869 905/1079/858 893/1053/846
f 917/1078/870 918/1080/871 906/1064/859
f 918/1080/871 919/1094/872 907/1066/860
f 907/1066/860 919/1094/872 920/1081/873
f 908/1068/861 920/1081/873 921/1082/874
f 909/1069/862 921/1082/874 922/1083/875
f 922/1083/875 923/1098/876 911/1084/864
f 923/1085/876 924/1087/877 912/1086/865
f 924/1087/877 925/1088/878 913/1074/866
f 925/1088/878 926/1090/879 914/1089/867
f 926/1090/879 927/1091/880 915/1076/868
f 927/1091/880 928/1102/881 916/1077/869
f 916/1077/869 928/1102/881 917/1078/870
f 929/1092/882 930/1093/883 918/1080/871
f 930/1093/883 931/1095/884 919/1094/872
f 931/1095/884 932/1106/885 920/1081/873
f 920/1081/873 932/1106/885 933/1096/886
f 933/1096/886 934/1097/887 922/1083/875
f 934/1097/887 935/1110/888 923/1098/876
f 935/1099/888 936/1112/889 924/1087/877
f 924/1087/877 936/1112/889 937/1100/890
f 937/1100/890 938/1115/891 926/1090/879
f 926/1090/879 938/1115/891 939/1101/892
f 939/1101/892 940/1118/893 928/1102/881
f 928/1102/881 940/1118/893 929/1092/882
f 941/1103/612 942/1104/894 930/1093/883
f 942/1104/894 943/1105/895 931/1095/884
f 943/1105/895 944/1107/896 932/1106/885
f 944/1107/896 945/1108/897 933/1096/886
f 945/1108/897 946/1109/898 934/1097/887
f 946/1109/898 947/1431/606 935/1110/888
f 947/1111/606 948/1113/899 936/1112/889
f 948/1113/899 949/1114/900 937/1100/890
f 949/1114/900 950/1116/901 938/1115/891
f 950/1116/901 951/1117/902 939/1101/892
f 951/1117/902 952/1432/903 940/1118/893
f 940/1118/893 952/1432/903 941/1103/612
f 953/1119/624 954/1122/904 942/1120/894
f 954/1122/904 955/1124/905 943/1123/895
f 955/1124/905 956/1126/906 944/1125/896
f 956/1126/906 957/1128/907 945/1127/897
f 957/1128/907 958/1130/908 946/1129/898
f 958/1130/908 959/1146/618 947/1131/606
f 959/1132/618 960/1135/909 948/1133/899
f 960/1135/909 961/1137/910 949/1136/900
f 961/1137/910 962/1150/911 950/1138/901
f 950/1138/901 962/1150/911 963/1139/912
f 963/1139/912 964/1152/913 952/1141/903
f 952/1141/903 964/1152/913 953/1119/624
f 953/1119/624 965/1155/636 966/1142/914
f 966/1142/914 967/1143/915 955/1124/905
f 967/1143/915 968/1144/916 956/1126/906
f 968/1144/916 969/1159/917 957/1128/907
f 957/1128/907 969/1159/917 970/1145/918
f 970/1145/918 971/1161/630 959/1146/618
f 971/1147/630 972/1148/919 960/1135/909
f 972/1148/919 973/1164/920 961/1137/910
f 961/1137/910 973/1164/920 974/1149/921
f 974/1149/921 975/1151/922 963/1139/912
f 975/1151/922 976/1153/923 964/1152/913
f 976/1153/923 965/1155/636 953/1119/624
f 977/1154/648 978/1156/924 966/1142/914
f 978/1156/924 979/1157/925 967/1143/915
f 979/1157/925 980/1158/926 968/1144/916
f 980/1158/926 981/1171/927 969/1159/917
f 969/1159/917 981/1171/927 982/1160/928
f 982/1160/928 983/1173/642 971/1161/630
f 983/1162/642 984/1163/929 972/1148/919
f 984/1163/929 985/1176/930 973/1164/920
f 973/1164/920 985/1176/930 986/1165/931
f 974/1149/921 986/1165/931 987/1166/932
f 987/1166/932 988/1167/933 976/1153/923
f 988/1167/933 977/1154/648 965/1155/636
f 977/1154/648 989/1181/660 990/1168/934
f 990/1168/934 991/1183/935 979/1157/925
f 979/1157/925 991/1183/935 992/1169/936
f 980/1158/926 992/1169/936 993/1170/937
f 993/1170/937 994/1172/938 982/1160/928
f 994/1172/938 995/1187/654 983/1173/642
f 995/1174/654 996/1175/939 984/1163/929
f 996/1175/939 997/1177/940 985/1176/930
f 997/1177/940 998/1178/941 986/1165/931
f 998/1178/941 999/1191/942 987/1166/932
f 987/1166/932 999/1191/942 1000/1179/943
f 1000/1179/943 989/1181/660 977/1154/648
f 1001/1180/672 1002/1182/944 990/1168/934
f 1002/1182/944 1003/1194/945 991/1183/935
f 991/1183/935 1003/1194/945 1004/1184/946
f 1004/1184/946 1005/1185/947 993/1170/937
f 1005/1185/947 1006/1186/948 994/1172/938
f 1006/1186/948 1007/1198/666 995/1187/654
f 995/1174/654 1007/1200/666 1008/1188/949
f 996/1175/939 1008/1188/949 1009/1189/950
f 997/1177/940 1009/1189/950 1010/1190/951
f 1010/1190/951 1011/1192/952 999/1191/942
f 1011/1192/952 1012/1205/953 1000/1179/943
f 1000/1179/943 1012/1205/953 1001/1180/672
f 1001/1180/672 1013/1207/684 1014/1193/954
f 1014/1193/954 1015/1195/955 1003/1194/945
f 1015/1195/955 1016/1209/956 1004/1184/946
f 1004/1184/946 1016/1209/956 1017/1196/957
f 1017/1196/957 1018/1211/958 1006/1186/948
f 1006/1186/948 1018/1211/958 1019/1197/678
f 1019/1199/678 1020/1201/959 1008/1188/949
f 1020/1201/959 1021/1202/960 1009/1189/950
f 1021/1202/960 1022/1215/961 1010/1190/951
f 1010/1190/951 1022/1215/961 1023/1203/962
f 1011/1192/952 1023/1203/962 1024/1204/963
f 1024/1204/963 1013/1207/684 1001/1180/672
f 1025/1206/696 1026/1219/964 1014/1193/954
f 1014/1193/954 1026/1219/964 1027/1208/965
f 1027/1208/965 1028/1222/966 1016/1209/956
f 1016/1209/956 1028/1222/966 1029/1210/967
f 1029/1210/967 1030/1224/968 1018/1211/958
f 1018/1211/958 1030/1224/968 1031/1212/690
f 1031/1213/690 1032/1227/969 1020/1201/959
f 1020/1201/959 1032/1227/969 1033/1214/970
f 1033/1214/970 1034/1216/971 1022/1215/961
f 1034/1216/971 1035/1217/972 1023/1203/962
f 1035/1217/972 1036/1231/973 1024/1204/963
f 1024/1204/963 1036/1231/973 1025/1206/696
f 1037/1218/708 1038/1233/974 1026/1219/964
f 1026/1219/964 1038/1233/974 1039/1220/975
f 1027/1208/965 1039/1220/975 1040/1221/976
f 1040/1221/976 1041/1223/977 1029/1210/967
f 1041/1223/977 1042/1237/978 1030/1224/968
f 1030/1224/968 1042/1237/978 1043/1225/702
f 1043/1226/702 1044/1240/979 1032/1227/969
f 1032/1227/969 1044/1240/979 1045/1228/980
f 1033/1214/970 1045/1228/980 1046/1229/981
f 1046/1229/981 1047/1230/982 1035/1217/972
f 1047/1230/982 1048/1244/983 1036/1231/973
f 1036/1231/973 1048/1244/983 1037/1218/708
f 1049/1232/720 1050/1246/984 1038/1233/974
f 1038/1233/974 1050/1246/984 1051/1234/985
f 1051/1234/985 1052/1235/986 1040/1221/976
f 1052/1235/986 1053/1236/987 1041/1223/977
f 1053/1236/987 1054/1238/988 1042/1237/978
f 1054/1238/988 1055/1250/714 1043/1225/702
f 1055/1239/714 1056/1241/989 1044/1240/979
f 1056/1241/989 1057/1253/990 1045/1228/980
f 1045/1228/980 1057/1253/990 1058/1242/991
f 1046/1229/981 1058/1242/991 1059/1243/992
f 1059/1243/992 1060/1256/993 1048/1244/983
f 1048/1244/983 1060/1256/993 1049/1232/720
f 1061/1245/732 1062/1258/994 1050/1246/984
f 1050/1246/984 1062/1258/994 1063/1247/995
f 1063/1247/995 1064/1261/996 1052/1235/986
f 1052/1235/986 1064/1261/996 1065/1248/997
f 1053/1236/987 1065/1248/997 1066/1249/998
f 1066/1249/998 1067/1265/726 1055/1250/714
f 1067/1251/726 1068/1252/999 1056/1241/989
f 1068/1252/999 1069/1254/1000 1057/1253/990
f 1069/1254/1000 1070/1269/1001 1058/1242/991
f 1058/1242/991 1070/1269/1001 1071/1255/1002
f 1071/1255/1002 1072/1271/1003 1060/1256/993
f 1060/1256/993 1072/1271/1003 1061/1245/732
f 1073/1257/744 1074/1259/1004 1062/1258/994
f 1074/1259/1004 1075/1260/1005 1063/1247/995
f 1075/1260/1005 1076/1262/1006 1064/1261/996
f 1076/1262/1006 1077/1263/1007 1065/1248/997
f 1077/1263/1007 1078/1264/1008 1066/1249/998
f 1078/1264/1008 1079/1277/738 1067/1265/726
f 1079/1266/738 1080/1279/1009 1068/1252/999
f 1068/1252/999 1080/1279/1009 1081/1267/1010
f 1069/1254/1000 1081/1267/1010 1082/1268/1011
f 1082/1268/1011 1083/1270/1012 1071/1255/1002
f 1083/1270/1012 1084/1272/1013 1072/1271/1003
f 1084/1272/1013 1073/1257/744 1061/1245/732
f 1085/1273/756 1086/1284/1014 1074/1259/1004
f 1074/1259/1004 1086/1284/1014 1087/1274/1015
f 1087/1274/1015 1088/1286/1016 1076/1262/1006
f 1076/1262/1006 1088/1286/1016 1089/1275/1017
f 1089/1275/1017 1090/1289/1018 1078/1264/1008
f 1078/1264/1008 1090/1289/1018 1091/1276/750
f 1091/1278/750 1092/1292/1019 1080/1279/1009
f 1080/1279/1009 1092/1292/1019 1093/1280/1020
f 1093/1280/1020 1094/1295/1021 1082/1268/1011
f 1082/1268/1011 1094/1295/1021 1095/1281/1022
f 1095/1281/1022 1096/1282/1023 1084/1272/1013
f 1096/1282/1023 1085/1273/756 1073/1257/744
f 1097/1283/768 1098/1299/1024 1086/1284/1014
f 1086/1284/1014 1098/1299/1024 1099/1285/1025
f 1099/1285/1025 1100/1287/1026 1088/1286/1016
f 1100/1287/1026 1101/1288/1027 1089/1275/1017
f 1101/1288/1027 1102/1290/1028 1090/1289/1018
f 1102/1290/1028 1103/1304/762 1091/1276/750
f 1103/1291/762 1104/1293/1029 1092/1292/1019
f 1104/1293/1029 1105/1294/1030 1093/1280/1020
f 1105/1294/1030 1106/1296/1031 1094/1295/1021
f 1106/1296/1031 1107/1297/1032 1095/1281/1022
f 1107/1297/1032 1108/1309/1033 1096/1282/1023
f 1096/1282/1023 1108/1309/1033 1097/1283/768
f 1109/1298/780 1110/1311/1034 1098/1299/1024
f 1098/1299/1024 1110/1311/1034 1111/1300/1035
f 1111/1300/1035 1112/1301/1036 1100/1287/1026
f 1112/1301/1036 1113/1302/1037 1101/1288/1027
f 1113/1302/1037 1114/1316/1038 1102/1290/1028
f 1102/1290/1028 1114/1316/1038 1115/1303/1039
f 1115/1305/1039 1116/1306/1040 1104/1293/1029
f 1116/1306/1040 1117/1319/1041 1105/1294/1030
f 1105/1294/1030 1117/1319/1041 1118/1307/1042
f 1118/1307/1042 1119/1308/1043 1107/1297/1032
f 1119/1308/1043 1120/1323/1044 1108/1309/1033
f 1108/1309/1033 1120/1323/1044 1109/1298/780
f 1109/1298/780 1121/1325/792 1122/1310/1045
f 1110/1311/1034 1122/1310/1045 1123/1312/1046
f 1111/1300/1035 1123/1312/1046 1124/1313/1047
f 1112/1301/1036 1124/1313/1047 1125/1314/1048
f 1113/1302/1037 1125/1314/1048 1126/1315/1049
f 1126/1315/1049 1127/1330/786 1115/1303/1039
f 1127/1317/786 1128/1318/1050 1116/1306/1040
f 1128/1318/1050 1129/1320/1051 1117/1319/1041
f 1129/1320/1051 1130/1321/1052 1118/1307/1042
f 1130/1321/1052 1131/1322/1053 1119/1308/1043
f 1131/1322/1053 1132/1324/1054 1120/1323/1044
f 1132/1324/1054 1121/1325/792 1109/1298/780
f 1121/1325/792 1133/1336/804 1134/1326/1055
f 1134/1326/1055 1135/1327/1056 1123/1312/1046
f 1135/1327/1056 1136/1338/1057 1124/1313/1047
f 1124/1313/1047 1136/1338/1057 1137/1328/1058
f 1137/1328/1058 1138/1340/1059 1126/1315/1049
f 1126/1315/1049 1138/1340/1059 1139/1329/798
f 1139/1331/798 1140/1343/1060 1128/1318/1050
f 1128/1318/1050 1140/1343/1060 1141/1332/1061
f 1141/1332/1061 1142/1333/1062 1130/1321/1052
f 1142/1333/1062 1143/1346/1063 1131/1322/1053
f 1131/1322/1053 1143/1346/1063 1144/1334/1064
f 1144/1334/1064 1133/1336/804 1121/1325/792
f 1145/1335/816 1146/1349/1065 1134/1326/1055
f 1134/1326/1055 1146/1349/1065 1147/1337/1066
f 1147/1337/1066 1148/1352/1067 1136/1338/1057
f 1136/1338/1057 1148/1352/1067 1149/1339/1068
f 1149/1339/1068 1150/1341/1069 1138/1340/1059
f 1150/1341/1069 1151/1355/810 1139/1329/798
f 1151/1342/810 1152/1357/1070 1140/1343/1060
f 1140/1343/1060 1152/1357/1070 1153/1344/1071
f 1153/1344/1071 1154/1360/1072 1142/1333/1062
f 1142/1333/1062 1154/1360/1072 1155/1345/1073
f 1155/1345/1073 1156/1347/1074 1144/1334/1064
f 1156/1347/1074 1145/1335/816 1133/1336/804
f 1157/1348/828 1158/1364/1075 1146/1349/1065
f 1146/1349/1065 1158/1364/1075 1159/1350/1076
f 1147/1337/1066 1159/1350/1076 1160/1351/1077
f 1160/1351/1077 1161/1367/1078 1149/1339/1068
f 1149/1339/1068 1161/1367/1078 1162/1353/1079
f 1150/1341/1069 1162/1353/1079 1163/1354/822
f 1163/1356/822 1164/1358/1080 1152/1357/1070
f 1164/1358/1080 1165/1359/1081 1153/1344/1071
f 1165/1359/1081 1166/1361/1082 1154/1360/1072
f 1166/1361/1082 1167/1362/1083 1155/1345/1073
f 1167/1362/1083 1168/1374/1084 1156/1347/1074
f 1156/1347/1074 1168/1374/1084 1157/1348/828
f 1157/1348/828 1169/1376/840 1170/1363/1085
f 1170/1363/1085 1171/1365/1086 1159/1350/1076
f 1171/1365/1086 1172/1366/1087 1160/1351/1077
f 1172/1366/1087 1173/1368/1088 1161/1367/1078
f 1173/1368/1088 1174/1380/1089 1162/1353/1079
f 1162/1353/1079 1174/1380/1089 1175/1369/834
f 1175/1370/834 1176/1371/1090 1164/1358/1080
f 1176/1371/1090 1177/1383/1091 1165/1359/1081
f 1165/1359/1081 1177/1383/1091 1178/1372/1092
f 1178/1372/1092 1179/1373/1093 1167/1362/1083
f 1179/1373/1093 1180/1375/1094 1168/1374/1084
f 1180/1375/1094 1169/1376/840 1157/1348/828
f 1169/1376/840 1181/1386/852 1182/1377/1095
f 1182/1377/1095 1183/1389/1096 1171/1365/1086
f 1171/1365/1086 1183/1389/1096 1184/1378/1097
f 1184/1378/1097 1185/1391/1098 1173/1368/1088
f 1173/1368/1088 1185/1391/1098 1186/1379/1099
f 1186/1379/1099 1187/1393/846 1175/1369/834
f 1187/1381/846 1188/1382/1100 1176/1371/1090
f 1188/1382/1100 1189/1396/1101 1177/1383/1091
f 1177/1383/1091 1189/1396/1101 1190/1384/1102
f 1190/1384/1102 1191/1399/1103 1179/1373/1093
f 1179/1373/1093 1191/1399/1103 1192/1385/1104
f 1192/1385/1104 1181/1386/852 1169/1376/840
f 1181/1386/852 1193/1403/864 1194/1387/1105
f 1182/1377/1095 1194/1387/1105 1195/1388/1106
f 1195/1388/1106 1196/1390/1107 1184/1378/1097
f 1196/1390/1107 1197/1406/1108 1185/1391/1098
f 1185/1391/1098 1197/1406/1108 1198/1392/1109
f 1198/1392/1109 1199/1409/858 1187/1393/846
f 1199/1394/858 1200/1395/1110 1188/1382/1100
f 1200/1395/1110 1201/1397/1111 1189/1396/1101
f 1201/1397/1111 1202/1398/1112 1190/1384/1102
f 1202/1398/1112 1203/1400/1113 1191/1399/1103
f 1203/1400/1113 1204/1401/1114 1192/1385/1104
f 1204/1401/1114 1193/1403/864 1181/1386/852
f 1205/1402/876 1206/1416/1115 1194/1387/1105
f 1194/1387/1105 1206/1416/1115 1207/1404/1116
f 1207/1404/1116 1208/1405/1117 1196/1390/1107
f 1208/1405/1117 1209/1407/1118 1197/1406/1108
f 1209/1407/1118 1210/1408/1119 1198/1392/1109
f 1210/1408/1119 1211/1420/870 1199/1409/858
f 1199/1394/858 1211/1421/870 1212/1410/1120
f 1200/1395/1110 1212/1410/1120 1213/1411/1121
f 1201/1397/1111 1213/1411/1121 1214/1412/1122
f 1202/1398/1112 1214/1412/1122 1215/1413/1123
f 1215/1413/1123 1216/1414/1124 1204/1401/1114
f 1216/1414/1124 1205/1402/876 1193/1403/864
f 1205/1402/876 1217/1426/888 1218/1415/1125
f 1218/1415/1125 1219/1417/1126 1207/1404/1116
f 1219/1417/1126 1220/1418/1127 1208/1405/1117
f 1220/1418/1127 1221/1427/1128 1209/1407/1118
f 1209/1407/1118 1221/1427/1128 1222/1419/1129
f 1222/1419/1129 1223/1428/882 1211/1420/870
f 1211/1421/870 1223/1429/882 1224/1422/1130
f 1224/1422/1130 1225/1423/1131 1213/1411/1121
f 1225/1423/1131 1226/1424/1132 1214/1412/1122
f 1226/1424/1132 1227/1430/1133 1215/1413/1123
f 1215/1413/1123 1227/1430/1133 1228/1425/1134
f 1228/1425/1134 1217/1426/888 1205/1402/876
f 653/798/606 654/797/607 1218/1415/1125
f 654/797/607 655/800/608 1219/1417/1126
f 655/800/608 656/801/609 1220/1418/1127
f 656/801/609 657/803/610 1221/1427/1128
f 1221/1427/1128 657/803/610 658/805/611
f 658/805/611 659/806/612 1223/1428/882
f 659/809/612 660/808/613 1224/1422/1130
f 1224/1422/1130 660/808/613 661/811/614
f 661/811/614 662/813/615 1226/1424/1132
f 662/813/615 663/815/616 1227/1430/1133
f 1227/1430/1133 663/815/616 664/817/617
f 664/817/617 653/798/606 1217/1426/888
o Torus.002
v -0.755000 0.000000 2.800000
v -0.739593 0.000000 2.857500
v -0.697500 0.000000 2.899593
v -0.640000 0.000000 2.915000
v -0.582500 0.000000 2.899593
v -0.540407 0.000000 2.857500
v -0.525000 0.000000 2.800000
v -0.540407 0.000000 2.742500
v -0.582500 0.000000 2.700407
v -0.640000 0.000000 2.685000
v -0.697500 0.000000 2.700407
v -0.739593 0.000000 2.742500
v -0.748541 -0.076867 2.800000
v -0.733266 -0.075298 2.857500
v -0.691533 -0.071013 2.899593
v -0.634525 -0.065159 2.915000
v -0.577517 -0.059305 2.899593
v -0.535784 -0.055019 2.857500
v -0.520509 -0.053450 2.800000
v -0.535784 -0.055019 2.742500
v -0.577517 -0.059305 2.700407
v -0.634525 -0.065159 2.685000
v -0.691533 -0.071013 2.700407
v -0.733266 -0.075298 2.742500
v -0.729274 -0.152418 2.800000
v -0.714392 -0.149308 2.857500
v -0.673733 -0.140810 2.899593
v -0.618192 -0.129202 2.915000
v -0.562652 -0.117594 2.899593
v -0.521993 -0.109097 2.857500
v -0.507111 -0.105986 2.800000
v -0.521993 -0.109097 2.742500
v -0.562652 -0.117594 2.700407
v -0.618192 -0.129202 2.685000
v -0.673733 -0.140810 2.700407
v -0.714392 -0.149308 2.742500
v -0.697529 -0.225362 2.800000
v -0.683295 -0.220763 2.857500
v -0.644406 -0.208199 2.899593
v -0.591283 -0.191036 2.915000
v -0.538160 -0.173872 2.899593
v -0.499271 -0.161308 2.857500
v -0.485037 -0.156709 2.800000
v -0.499271 -0.161308 2.742500
v -0.538160 -0.173872 2.700407
v -0.591283 -0.191036 2.685000
v -0.644406 -0.208199 2.700407
v -0.683295 -0.220763 2.742500
v -0.653849 -0.294450 2.800000
v -0.640506 -0.288441 2.857500
v -0.604053 -0.272025 2.899593
v -0.554256 -0.249600 2.915000
v -0.504460 -0.227175 2.899593
v -0.468006 -0.210759 2.857500
v -0.454663 -0.204750 2.800000
v -0.468006 -0.210759 2.742500
v -0.504460 -0.227175 2.700407
v -0.554256 -0.249600 2.685000
v -0.604053 -0.272025 2.700407
v -0.640506 -0.288441 2.742500
v -0.598982 -0.358500 2.800000
v -0.586759 -0.351184 2.857500
v -0.553364 -0.331197 2.899593
v -0.507746 -0.303894 2.915000
v -0.462128 -0.276591 2.899593
v -0.428734 -0.256604 2.857500
v -0.416511 -0.249288 2.800000
v -0.428734 -0.256604 2.742500
v -0.462128 -0.276591 2.700407
v -0.507746 -0.303894 2.685000
v -0.553364 -0.331197 2.700407
v -0.586759 -0.351184 2.742500
v -0.533866 -0.416415 2.800000
v -0.522971 -0.407918 2.857500
v -0.493207 -0.384701 2.899593
v -0.452548 -0.352988 2.915000
v -0.411890 -0.321274 2.899593
v -0.382125 -0.298058 2.857500
v -0.371231 -0.289560 2.800000
v -0.382125 -0.298058 2.742500
v -0.411890 -0.321274 2.700407
v -0.452548 -0.352988 2.685000
v -0.493207 -0.384701 2.700407
v -0.522971 -0.407918 2.742500
v -0.459615 -0.467206 2.800000
v -0.450236 -0.457672 2.857500
v -0.424611 -0.431624 2.899593
v -0.389607 -0.396042 2.915000
v -0.354604 -0.360460 2.899593
v -0.328979 -0.334412 2.857500
v -0.319600 -0.324878 2.800000
v -0.328979 -0.334412 2.742500
v -0.354604 -0.360460 2.700407
v -0.389607 -0.396042 2.685000
v -0.424611 -0.431624 2.700407
v -0.450236 -0.457672 2.742500
v -0.377500 -0.510002 2.800000
v -0.369796 -0.499595 2.857500
v -0.348750 -0.471161 2.899593
v -0.320000 -0.432320 2.915000
v -0.291250 -0.393479 2.899593
v -0.270204 -0.365045 2.857500
v -0.262500 -0.354637 2.800000
v -0.270204 -0.365045 2.742500
v -0.291250 -0.393479 2.700407
v -0.320000 -0.432320 2.685000
v -0.348750 -0.471161 2.700407
v -0.369796 -0.499595 2.742500
v -0.288926 -0.544073 2.800000
v -0.283030 -0.532970 2.857500
v -0.266922 -0.502637 2.899593
v -0.244918 -0.461201 2.915000
v -0.222913 -0.419765 2.899593
v -0.206805 -0.389431 2.857500
v -0.200909 -0.378329 2.800000
v -0.206805 -0.389431 2.742500
v -0.222913 -0.419765 2.700407
v -0.244918 -0.461201 2.685000
v -0.266922 -0.502637 2.700407
v -0.283030 -0.532970 2.742500
v -0.195408 -0.568834 2.800000
v -0.191421 -0.557226 2.857500
v -0.180526 -0.525512 2.899593
v -0.165644 -0.482190 2.915000
v -0.150762 -0.438868 2.899593
v -0.139868 -0.407155 2.857500
v -0.135880 -0.395547 2.800000
v -0.139868 -0.407155 2.742500
v -0.150762 -0.438868 2.700407
v -0.165644 -0.482190 2.685000
v -0.180526 -0.525512 2.700407
v -0.191421 -0.557226 2.742500
v -0.098547 -0.583862 2.800000
v -0.096536 -0.571947 2.857500
v -0.091042 -0.539396 2.899593
v -0.083537 -0.494929 2.915000
v -0.076031 -0.450463 2.899593
v -0.070537 -0.417911 2.857500
v -0.068526 -0.405997 2.800000
v -0.070537 -0.417911 2.742500
v -0.076031 -0.450463 2.700407
v -0.083537 -0.494929 2.685000
v -0.091042 -0.539396 2.700407
v -0.096536 -0.571947 2.742500
v -0.000000 -0.588900 2.800000
v -0.000000 -0.576882 2.857500
v -0.000000 -0.544050 2.899593
v -0.000000 -0.499200 2.915000
v -0.000000 -0.454350 2.899593
v -0.000000 -0.421517 2.857500
v -0.000000 -0.409500 2.800000
v -0.000000 -0.421517 2.742500
v -0.000000 -0.454350 2.700407
v -0.000000 -0.499200 2.685000
v -0.000000 -0.544050 2.700407
v -0.000000 -0.576882 2.742500
v 0.098547 -0.583862 2.800000
v 0.096536 -0.571947 2.857500
v 0.091042 -0.539396 2.899593
v 0.083537 -0.494929 2.915000
v 0.076032 -0.450463 2.899593
v 0.070537 -0.417911 2.857500
v 0.068526 -0.405997 2.800000
v 0.070537 -0.417911 2.742500
v 0.076032 -0.450463 2.700407
v 0.083537 -0.494929 2.685000
v 0.091042 -0.539396 2.700407
v 0.096536 -0.571947 2.742500
v 0.195408 -0.568834 2.800000
v 0.191421 -0.557226 2.857500
v 0.180526 -0.525512 2.899593
v 0.165644 -0.482190 2.915000
v 0.150762 -0.438868 2.899593
v 0.139868 -0.407155 2.857500
v 0.135880 -0.395547 2.800000
v 0.139868 -0.407155 2.742500
v 0.150762 -0.438868 2.700407
v 0.165644 -0.482190 2.685000
v 0.180526 -0.525512 2.700407
v 0.191421 -0.557226 2.742500
v 0.288926 -0.544073 2.800000
v 0.283030 -0.532970 2.857500
v 0.266922 -0.502637 2.899593
v 0.244917 -0.461201 2.915000
v 0.222913 -0.419765 2.899593
v 0.206805 -0.389431 2.857500
v 0.200909 -0.378329 2.800000
v 0.206805 -0.389431 2.742500
v 0.222913 -0.419765 2.700407
v 0.244917 -0.461201 2.685000
v 0.266922 -0.502637 2.700407
v 0.283030 -0.532970 2.742500
v 0.377500 -0.510002 2.800000
v 0.369796 -0.499595 2.857500
v 0.348750 -0.471161 2.899593
v 0.320000 -0.432320 2.915000
v 0.291250 -0.393479 2.899593
v 0.270203 -0.365045 2.857500
v 0.262500 -0.354637 2.800000
v 0.270203 -0.365045 2.742500
v 0.291250 -0.393479 2.700407
v 0.320000 -0.432320 2.685000
v 0.348750 -0.471161 2.700407
v 0.369796 -0.499595 2.742500
v 0.459615 -0.467206 2.800000
v 0.450236 -0.457672 2.857500
v 0.424611 -0.431624 2.899593
v 0.389607 -0.396042 2.915000
v 0.354604 -0.360460 2.899593
v 0.328979 -0.334412 2.857500
v 0.319600 -0.324878 2.800000
v 0.328979 -0.334412 2.742500
v 0.354604 -0.360460 2.700407
v 0.389607 -0.396042 2.685000
v 0.424611 -0.431624 2.700407
v 0.450236 -0.457672 2.742500
v 0.533866 -0.416415 2.800000
v 0.522971 -0.407917 2.857500
v 0.493207 -0.384701 2.899593
v 0.452548 -0.352988 2.915000
v 0.411890 -0.321274 2.899593
v 0.382126 -0.298058 2.857500
v 0.371231 -0.289560 2.800000
v 0.382126 -0.298058 2.742500
v 0.411890 -0.321274 2.700407
v 0.452548 -0.352988 2.685000
v 0.493207 -0.384701 2.700407
v 0.522971 -0.407917 2.742500
v 0.598982 -0.358500 2.800000
v 0.586758 -0.351184 2.857500
v 0.553364 -0.331197 2.899593
v 0.507746 -0.303894 2.915000
v 0.462128 -0.276591 2.899593
v 0.428734 -0.256604 2.857500
v 0.416510 -0.249288 2.800000
v 0.428734 -0.256604 2.742500
v 0.462128 -0.276591 2.700407
v 0.507746 -0.303894 2.685000
v 0.553364 -0.331197 2.700407
v 0.586758 -0.351184 2.742500
v 0.653849 -0.294450 2.800000
v 0.640506 -0.288441 2.857500
v 0.604053 -0.272025 2.899593
v 0.554256 -0.249600 2.915000
v 0.504460 -0.227175 2.899593
v 0.468006 -0.210759 2.857500
v 0.454663 -0.204750 2.800000
v 0.468006 -0.210759 2.742500
v 0.504460 -0.227175 2.700407
v 0.554256 -0.249600 2.685000
v 0.604053 -0.272025 2.700407
v 0.640506 -0.288441 2.742500
v 0.697529 -0.225362 2.800000
v 0.683295 -0.220763 2.857500
v 0.644406 -0.208199 2.899593
v 0.591283 -0.191036 2.915000
v 0.538160 -0.173872 2.899593
v 0.499271 -0.161308 2.857500
v 0.485037 -0.156709 2.800000
v 0.499271 -0.161308 2.742500
v 0.538160 -0.173872 2.700407
v 0.591283 -0.191036 2.685000
v 0.644406 -0.208199 2.700407
v 0.683295 -0.220763 2.742500
v 0.729274 -0.152418 2.800000
v 0.714392 -0.149308 2.857500
v 0.673733 -0.140810 2.899593
v 0.618193 -0.129202 2.915000
v 0.562652 -0.117594 2.899593
v 0.521993 -0.109097 2.857500
v 0.507111 -0.105986 2.800000
v 0.521993 -0.109097 2.742500
v 0.562652 -0.117594 2.700407
v 0.618193 -0.129202 2.685000
v 0.673733 -0.140810 2.700407
v 0.714392 -0.149308 2.742500
v 0.748541 -0.076867 2.800000
v 0.733266 -0.075298 2.857500
v 0.691533 -0.071013 2.899593
v 0.634525 -0.065159 2.915000
v 0.577517 -0.059305 2.899593
v 0.535784 -0.055019 2.857500
v 0.520509 -0.053451 2.800000
v 0.535784 -0.055019 2.742500
v 0.577517 -0.059305 2.700407
v 0.634525 -0.065159 2.685000
v 0.691533 -0.071013 2.700407
v 0.733266 -0.075298 2.742500
v 0.755000 -0.000000 2.800000
v 0.739593 -0.000000 2.857500
v 0.697500 -0.000000 2.899593
v 0.640000 -0.000000 2.915000
v 0.582500 -0.000000 2.899593
v 0.540407 -0.000000 2.857500
v 0.525000 -0.000000 2.800000
v 0.540407 -0.000000 2.742500
v 0.582500 -0.000000 2.700407
v 0.640000 -0.000000 2.685000
v 0.697500 -0.000000 2.700407
v 0.739593 -0.000000 2.742500
v 0.748541 0.076867 2.800000
v 0.733266 0.075298 2.857500
v 0.691533 0.071013 2.899593
v 0.634525 0.065159 2.915000
v 0.577517 0.059305 2.899593
v 0.535784 0.055019 2.857500
v 0.520509 0.053451 2.800000
v 0.535784 0.055019 2.742500
v 0.577517 0.059305 2.700407
v 0.634525 0.065159 2.685000
v 0.691533 0.071013 2.700407
v 0.733266 0.075298 2.742500
v 0.729274 0.152418 2.800000
v 0.714392 0.149308 2.857500
v 0.673733 0.140810 2.899593
v 0.618193 0.129202 2.915000
v 0.562652 0.117594 2.899593
v 0.521993 0.109097 2.857500
v 0.507111 0.105986 2.800000
v 0.521993 0.109097 2.742500
v 0.562652 0.117594 2.700407
v 0.618193 0.129202 2.685000
v 0.673733 0.140810 2.700407
v 0.714392 0.149308 2.742500
v 0.697529 0.225362 2.800000
v 0.683295 0.220763 2.857500
v 0.644406 0.208199 2.899593
v 0.591283 0.191035 2.915000
v 0.538160 0.173872 2.899593
v 0.499271 0.161308 2.857500
v 0.485037 0.156709 2.800000
v 0.499271 0.161308 2.742500
v 0.538160 0.173872 2.700407
v 0.591283 0.191035 2.685000
v 0.644406 0.208199 2.700407
v 0.683295 0.220763 2.742500
v 0.653849 0.294450 2.800000
v 0.640506 0.288441 2.857500
v 0.604053 0.272025 2.899593
v 0.554256 0.249600 2.915000
v 0.504460 0.227175 2.899593
v 0.468006 0.210759 2.857500
v 0.454663 0.204750 2.800000
v 0.468006 0.210759 2.742500
v 0.504460 0.227175 2.700407
v 0.554256 0.249600 2.685000
v 0.604053 0.272025 2.700407
v 0.640506 0.288441 2.742500
v 0.598982 0.358500 2.800000
v 0.586758 0.351184 2.857500
v 0.553364 0.331197 2.899593
v 0.507746 0.303894 2.915000
v 0.462128 0.276591 2.899593
v 0.428734 0.256604 2.857500
v 0.416510 0.249288 2.800000
v 0.428734 0.256604 2.742500
v 0.462128 0.276591 2.700407
v 0.507746 0.303894 2.685000
v 0.553364 0.331197 2.700407
v 0.586758 0.351184 2.742500
v 0.533866 0.416415 2.800000
v 0.522971 0.407917 2.857500
v 0.493207 0.384701 2.899593
v 0.452548 0.352988 2.915000
v 0.411890 0.321274 2.899593
v 0.382126 0.298058 2.857500
v 0.371231 0.289560 2.800000
v 0.382126 0.298058 2.742500
v 0.411890 0.321274 2.700407
v 0.452548 0.352988 2.685000
v 0.493207 0.384701 2.700407
v 0.522971 0.407917 2.742500
v 0.459615 0.467206 2.800000
v 0.450236 0.457671 2.857500
v 0.424611 0.431624 2.899593
v 0.389608 0.396042 2.915000
v 0.354604 0.360460 2.899593
v 0.328979 0.334412 2.857500
v 0.319600 0.324878 2.800000
v 0.328979 0.334412 2.742500
v 0.354604 0.360460 2.700407
v 0.389608 0.396042 2.685000
v 0.424611 0.431624 2.700407
v 0.450236 0.457671 2.742500
v 0.377500 0.510002 2.800000
v 0.369796 0.499595 2.857500
v 0.348750 0.471161 2.899593
v 0.320000 0.432320 2.915000
v 0.291250 0.393479 2.899593
v 0.270203 0.365045 2.857500
v 0.262500 0.354637 2.800000
v 0.270203 0.365045 2.742500
v 0.291250 0.393479 2.700407
v 0.320000 0.432320 2.685000
v 0.348750 0.471161 2.700407
v 0.369796 0.499595 2.742500
v 0.288926 0.544073 2.800000
v 0.283030 0.532970 2.857500
v 0.266922 0.502637 2.899593
v 0.244917 0.461201 2.915000
v 0.222913 0.419765 2.899593
v 0.206805 0.389431 2.857500
v 0.200909 0.378329 2.800000
v 0.206805 0.389431 2.742500
v 0.222913 0.419765 2.700407
v 0.244917 0.461201 2.685000
v 0.266922 0.502637 2.700407
v 0.283030 0.532970 2.742500
v 0.195409 0.568834 2.800000
v 0.191421 0.557226 2.857500
v 0.180527 0.525512 2.899593
v 0.165644 0.482190 2.915000
v 0.150762 0.438868 2.899593
v 0.139868 0.407155 2.857500
v 0.135880 0.395547 2.800000
v 0.139868 0.407155 2.742500
v 0.150762 0.438868 2.700407
v 0.165644 0.482190 2.685000
v 0.180527 0.525512 2.700407
v 0.191421 0.557226 2.742500
v 0.098548 0.583862 2.800000
v 0.096537 0.571947 2.857500
v 0.091042 0.539396 2.899593
v 0.083537 0.494929 2.915000
v 0.076032 0.450463 2.899593
v 0.070538 0.417911 2.857500
v 0.068527 0.405997 2.800000
v 0.070538 0.417911 2.742500
v 0.076032 0.450463 2.700407
v 0.083537 0.494929 2.685000
v 0.091042 0.539396 2.700407
v 0.096537 0.571947 2.742500
v -0.000000 0.588900 2.800000
v -0.000000 0.576882 2.857500
v -0.000000 0.544050 2.899593
v -0.000000 0.499200 2.915000
v -0.000000 0.454350 2.899593
v -0.000000 0.421517 2.857500
v -0.000000 0.409500 2.800000
v -0.000000 0.421517 2.742500
v -0.000000 0.454350 2.700407
v -0.000000 0.499200 2.685000
v -0.000000 0.544050 2.700407
v -0.000000 0.576882 2.742500
v -0.098547 0.583862 2.800000
v -0.096536 0.571947 2.857500
v -0.091042 0.539396 2.899593
v -0.083537 0.494929 2.915000
v -0.076031 0.450463 2.899593
v -0.070537 0.417911 2.857500
v -0.068526 0.405997 2.800000
v -0.070537 0.417911 2.742500
v -0.076031 0.450463 2.700407
v -0.083537 0.494929 2.685000
v -0.091042 0.539396 2.700407
v -0.096536 0.571947 2.742500
v -0.195408 0.568834 2.800000
v -0.191420 0.557226 2.857500
v -0.180526 0.525512 2.899593
v -0.165644 0.482190 2.915000
v -0.150762 0.438868 2.899593
v -0.139867 0.407155 2.857500
v -0.135880 0.395547 2.800000
v -0.139867 0.407155 2.742500
v -0.150762 0.438868 2.700407
v -0.165644 0.482190 2.685000
v -0.180526 0.525512 2.700407
v -0.191420 0.557226 2.742500
v -0.288926 0.544073 2.800000
v -0.283030 0.532970 2.857500
v -0.266922 0.502637 2.899593
v -0.244918 0.461201 2.915000
v -0.222913 0.419765 2.899593
v -0.206805 0.389431 2.857500
v -0.200909 0.378329 2.800000
v -0.206805 0.389431 2.742500
v -0.222913 0.419765 2.700407
v -0.244918 0.461201 2.685000
v -0.266922 0.502637 2.700407
v -0.283030 0.532970 2.742500
v -0.377500 0.510002 2.800000
v -0.369796 0.499595 2.857500
v -0.348750 0.471161 2.899593
v -0.320000 0.432320 2.915000
v -0.291250 0.393479 2.899593
v -0.270204 0.365045 2.857500
v -0.262500 0.354637 2.800000
v -0.270204 0.365045 2.742500
v -0.291250 0.393479 2.700407
v -0.320000 0.432320 2.685000
v -0.348750 0.471161 2.700407
v -0.369796 0.499595 2.742500
v -0.459615 0.467206 2.800000
v -0.450235 0.457672 2.857500
v -0.424611 0.431624 2.899593
v -0.389607 0.396042 2.915000
v -0.354603 0.360460 2.899593
v -0.328979 0.334412 2.857500
v -0.319600 0.324878 2.800000
v -0.328979 0.334412 2.742500
v -0.354603 0.360460 2.700407
v -0.389607 0.396042 2.685000
v -0.424611 0.431624 2.700407
v -0.450235 0.457672 2.742500
v -0.533865 0.416415 2.800000
v -0.522971 0.407918 2.857500
v -0.493207 0.384702 2.899593
v -0.452548 0.352988 2.915000
v -0.411889 0.321274 2.899593
v -0.382125 0.298058 2.857500
v -0.371231 0.289560 2.800000
v -0.382125 0.298058 2.742500
v -0.411889 0.321274 2.700407
v -0.452548 0.352988 2.685000
v -0.493207 0.384702 2.700407
v -0.522971 0.407918 2.742500
v -0.598982 0.358500 2.800000
v -0.586759 0.351184 2.857500
v -0.553364 0.331197 2.899593
v -0.507746 0.303894 2.915000
v -0.462128 0.276591 2.899593
v -0.428734 0.256604 2.857500
v -0.416511 0.249288 2.800000
v -0.428734 0.256604 2.742500
v -0.462128 0.276591 2.700407
v -0.507746 0.303894 2.685000
v -0.553364 0.331197 2.700407
v -0.586759 0.351184 2.742500
v -0.653849 0.294450 2.800000
v -0.640506 0.288441 2.857500
v -0.604053 0.272025 2.899593
v -0.554256 0.249600 2.915000
v -0.504460 0.227175 2.899593
v -0.468006 0.210759 2.857500
v -0.454663 0.204750 2.800000
v -0.468006 0.210759 2.742500
v -0.504460 0.227175 2.700407
v -0.554256 0.249600 2.685000
v -0.604053 0.272025 2.700407
v -0.640506 0.288441 2.742500
v -0.697529 0.225362 2.800000
v -0.683295 0.220764 2.857500
v -0.644406 0.208199 2.899593
v -0.591283 0.191036 2.915000
v -0.538160 0.173872 2.899593
v -0.499271 0.161308 2.857500
v -0.485037 0.156709 2.800000
v -0.499271 0.161308 2.742500
v -0.538160 0.173872 2.700407
v -0.591283 0.191036 2.685000
v -0.644406 0.208199 2.700407
v -0.683295 0.220764 2.742500
v -0.729274 0.152418 2.800000
v -0.714392 0.149308 2.857500
v -0.673733 0.140810 2.899593
v -0.618193 0.129202 2.915000
v -0.562652 0.117594 2.899593
v -0.521993 0.109097 2.857500
v -0.507111 0.105986 2.800000
v -0.521993 0.109097 2.742500
v -0.562652 0.117594 2.700407
v -0.618193 0.129202 2.685000
v -0.673733 0.140810 2.700407
v -0.714392 0.149308 2.742500
v -0.748541 0.076867 2.800000
v -0.733266 0.075298 2.857500
v -0.691533 0.071013 2.899593
v -0.634525 0.065159 2.915000
v -0.577517 0.059305 2.899593
v -0.535784 0.055019 2.857500
v -0.520509 0.053450 2.800000
v -0.535784 0.055019 2.742500
v -0.577517 0.059305 2.700407
v -0.634525 0.065159 2.685000
v -0.691533 0.071013 2.700407
v -0.733266 0.075298 2.742500
vn -1.0000 -0.0000 -0.0000
vn -0.8687 -0.0000 0.4954
vn -0.5080 -0.0000 0.8614
vn -0.0108 -0.0000 0.9999
vn 0.4918 -0.0000 0.8707
vn 0.8633 -0.0000 0.5047
vn 1.0000 -0.0000 -0.0000
vn 0.8633 -0.0000 -0.5047
vn 0.4918 -0.0000 -0.8707
vn -0.0108 -0.0000 -0.9999
vn -0.5080 -0.0000 -0.8614
vn -0.8687 -0.0000 -0.4954
vn -0.9861 -0.1664 -0.0000
vn -0.8577 -0.1448 0.4934
vn -0.5029 -0.0849 0.8601
vn -0.0107 -0.0018 0.9999
vn 0.4870 0.0822 0.8695
vn 0.8524 0.1439 0.5027
vn 0.9861 0.1664 -0.0000
vn 0.8524 0.1439 -0.5027
vn 0.4870 0.0822 -0.8695
vn -0.0107 -0.0018 -0.9999
vn -0.5029 -0.0849 -0.8601
vn -0.8577 -0.1448 -0.4934
vn -0.9458 -0.3249 -0.0000
vn -0.8257 -0.2837 0.4875
vn -0.4880 -0.1676 0.8566
vn -0.0104 -0.0036 0.9999
vn 0.4726 0.1624 0.8662
vn 0.8208 0.2820 0.4968
vn 0.9458 0.3249 -0.0000
vn 0.8208 0.2820 -0.4968
vn 0.4726 0.1624 -0.8662
vn -0.0104 -0.0036 -0.9999
vn -0.4880 -0.1676 -0.8566
vn -0.8257 -0.2837 -0.4875
vn -0.8832 -0.4690 -0.0000
vn -0.7754 -0.4118 0.4787
vn -0.4637 -0.2463 0.8511
vn -0.0100 -0.0053 0.9999
vn 0.4493 0.2386 0.8609
vn 0.7709 0.4094 0.4879
vn 0.8832 0.4690 -0.0000
vn 0.7709 0.4094 -0.4879
vn 0.4493 0.2386 -0.8609
vn -0.0100 -0.0053 -0.9999
vn -0.4637 -0.2463 -0.8511
vn -0.7754 -0.4118 -0.4787
vn -0.8038 -0.5949 -0.0000
vn -0.7104 -0.5258 0.4678
vn -0.4311 -0.3191 0.8440
vn -0.0093 -0.0069 0.9999
vn 0.4179 0.3093 0.8542
vn 0.7065 0.5229 0.4769
vn 0.8038 0.5949 -0.0000
vn 0.7065 0.5229 -0.4769
vn 0.4179 0.3093 -0.8542
vn -0.0093 -0.0069 -0.9999
vn -0.4311 -0.3191 -0.8440
vn -0.7104 -0.5258 -0.4678
vn -0.7129 -0.7013 -0.0000
vn -0.6344 -0.6241 0.4560
vn -0.3912 -0.3848 0.8360
vn -0.0085 -0.0084 0.9999
vn 0.3794 0.3732 0.8466
vn 0.6311 0.6208 0.4651
vn 0.7129 0.7013 -0.0000
vn 0.6311 0.6208 -0.4651
vn 0.3794 0.3732 -0.8466
vn -0.0085 -0.0084 -0.9999
vn -0.3912 -0.3848 -0.8360
vn -0.6344 -0.6241 -0.4560
vn -0.6150 -0.7885 -0.0000
vn -0.5510 -0.7064 0.4444
vn -0.3452 -0.4425 0.8277
vn -0.0076 -0.0098 0.9999
vn 0.3350 0.4295 0.8387
vn 0.5482 0.7028 0.4533
vn 0.6150 0.7885 -0.0000
vn 0.5482 0.7028 -0.4533
vn 0.3350 0.4295 -0.8387
vn -0.0076 -0.0098 -0.9999
vn -0.3452 -0.4425 -0.8277
vn -0.5510 -0.7064 -0.4444
vn -0.5136 -0.8581 -0.0000
vn -0.4628 -0.7732 0.4335
vn -0.2942 -0.4916 0.8196
vn -0.0066 -0.0110 0.9999
vn 0.2857 0.4774 0.8309
vn 0.4606 0.7695 0.4423
vn 0.5136 0.8581 -0.0000
vn 0.4606 0.7695 -0.4423
vn 0.2857 0.4774 -0.8309
vn -0.0066 -0.0110 -0.9999
vn -0.2942 -0.4916 -0.8196
vn -0.4628 -0.7732 -0.4335
vn -0.4106 -0.9118 -0.0000
vn -0.3719 -0.8257 0.4241
vn -0.2395 -0.5319 0.8123
vn -0.0054 -0.0120 0.9999
vn 0.2327 0.5167 0.8239
vn 0.3702 0.8220 0.4328
vn 0.4106 0.9118 -0.0000
vn 0.3702 0.8220 -0.4328
vn 0.2327 0.5167 -0.8239
vn -0.0054 -0.0120 -0.9999
vn -0.2395 -0.5319 -0.8123
vn -0.3719 -0.8257 -0.4241
vn -0.3074 -0.9516 -0.0000
vn -0.2795 -0.8651 0.4165
vn -0.1819 -0.5631 0.8061
vn -0.0041 -0.0128 0.9999
vn 0.1768 0.5473 0.8180
vn 0.2783 0.8613 0.4251
vn 0.3074 0.9516 -0.0000
vn 0.2783 0.8613 -0.4251
vn 0.1768 0.5473 -0.8180
vn -0.0041 -0.0128 -0.9999
vn -0.1819 -0.5631 -0.8061
vn -0.2795 -0.8651 -0.4165
vn -0.2046 -0.9788 -0.0000
vn -0.1865 -0.8924 0.4110
vn -0.1223 -0.5854 0.8015
vn -0.0028 -0.0133 0.9999
vn 0.1189 0.5691 0.8136
vn 0.1857 0.8886 0.4195
vn 0.2046 0.9788 -0.0000
vn 0.1857 0.8886 -0.4195
vn 0.1189 0.5691 -0.8136
vn -0.0028 -0.0133 -0.9999
vn -0.1223 -0.5854 -0.8015
vn -0.1865 -0.8924 -0.4110
vn -0.1022 -0.9948 -0.0000
vn -0.0933 -0.9084 0.4076
vn -0.0615 -0.5987 0.7986
vn -0.0014 -0.0137 0.9999
vn 0.0598 0.5822 0.8109
vn 0.0929 0.9046 0.4161
vn 0.1022 0.9948 -0.0000
vn 0.0929 0.9046 -0.4161
vn 0.0598 0.5822 -0.8109
vn -0.0014 -0.0137 -0.9999
vn -0.0615 -0.5987 -0.7986
vn -0.0933 -0.9084 -0.4076
vn -0.0000 -1.0000 -0.0000
vn -0.0000 -0.9137 0.4064
vn -0.0000 -0.6031 0.7977
vn -0.0000 -0.0138 0.9999
vn -0.0000 0.5865 0.8099
vn -0.0000 0.9099 0.4149
vn -0.0000 1.0000 -0.0000
vn -0.0000 0.9099 -0.4149
vn -0.0000 0.5865 -0.8099
vn -0.0000 -0.0138 -0.9999
vn -0.0000 -0.6031 -0.7977
vn -0.0000 -0.9137 -0.4064
vn 0.1022 -0.9948 -0.0000
vn 0.0933 -0.9084 0.4076
vn 0.0615 -0.5987 0.7986
vn 0.0014 -0.0137 0.9999
vn -0.0598 0.5822 0.8109
vn -0.0929 0.9046 0.4161
vn -0.1022 0.9948 -0.0000
vn -0.0929 0.9046 -0.4161
vn -0.0598 0.5822 -0.8109
vn 0.0014 -0.0137 -0.9999
vn 0.0615 -0.5987 -0.7986
vn 0.0933 -0.9084 -0.4076
vn 0.2046 -0.9788 -0.0000
vn 0.1865 -0.8924 0.4110
vn 0.1223 -0.5854 0.8015
vn 0.0028 -0.0133 0.9999
vn -0.1189 0.5691 0.8136
vn -0.1857 0.8886 0.4195
vn -0.2046 0.9788 -0.0000
vn -0.1857 0.8886 -0.4195
vn -0.1189 0.5691 -0.8136
vn 0.0028 -0.0133 -0.9999
vn 0.1223 -0.5854 -0.8015
vn 0.1865 -0.8924 -0.4110
vn 0.3074 -0.9516 -0.0000
vn 0.2795 -0.8651 0.4165
vn 0.1819 -0.5631 0.8061
vn 0.0041 -0.0128 0.9999
vn -0.1768 0.5473 0.8180
vn -0.2783 0.8613 0.4251
vn -0.3074 0.9516 -0.0000
vn -0.2783 0.8613 -0.4251
vn -0.1768 0.5473 -0.8180
vn 0.0041 -0.0128 -0.9999
vn 0.1819 -0.5631 -0.8061
vn 0.2795 -0.8651 -0.4165
vn 0.4106 -0.9118 -0.0000
vn 0.3719 -0.8257 0.4241
vn 0.2395 -0.5319 0.8123
vn 0.0054 -0.0120 0.9999
vn -0.2327 0.5167 0.8239
vn -0.3702 0.8220 0.4328
vn -0.4106 0.9118 -0.0000
vn -0.3702 0.8220 -0.4328
vn -0.2327 0.5167 -0.8239
vn 0.0054 -0.0120 -0.9999
vn 0.2395 -0.5319 -0.8123
vn 0.3719 -0.8257 -0.4241
vn 0.5136 -0.8581 -0.0000
vn 0.4628 -0.7732 0.4335
vn 0.2942 -0.4916 0.8196
vn 0.0066 -0.0110 0.9999
vn -0.2857 0.4774 0.8309
vn -0.4606 0.7695 0.4423
vn -0.5136 0.8581 -0.0000
vn -0.4606 0.7695 -0.4423
vn -0.2857 0.4774 -0.8309
vn 0.0066 -0.0110 -0.9999
vn 0.2942 -0.4916 -0.8196
vn 0.4628 -0.7732 -0.4335
vn 0.6150 -0.7885 -0.0000
vn 0.5510 -0.7064 0.4444
vn 0.3452 -0.4425 0.8277
vn 0.0076 -0.0098 0.9999
vn -0.3350 0.4295 0.8387
vn -0.5482 0.7028 0.4533
vn -0.6150 0.7885 -0.0000
vn -0.5482 0.7028 -0.4533
vn -0.3350 0.4295 -0.8387
vn 0.0076 -0.0098 -0.9999
vn 0.3452 -0.4425 -0.8277
vn 0.5510 -0.7064 -0.4444
vn 0.7129 -0.7013 -0.0000
vn 0.6344 -0.6241 0.4560
vn 0.3912 -0.3848 0.8360
vn 0.0086 -0.0084 0.9999
vn -0.3794 0.3732 0.8466
vn -0.6311 0.6208 0.4651
vn -0.7129 0.7013 -0.0000
vn -0.6311 0.6208 -0.4651
vn -0.3794 0.3732 -0.8466
vn 0.0086 -0.0084 -0.9999
vn 0.3912 -0.3848 -0.8360
vn 0.6344 -0.6241 -0.4560
vn 0.8038 -0.5949 -0.0000
vn 0.7104 -0.5258 0.4678
vn 0.4311 -0.3191 0.8440
vn 0.0093 -0.0069 0.9999
vn -0.4179 0.3093 0.8542
vn -0.7065 0.5229 0.4769
vn -0.8038 0.5949 -0.0000
vn -0.7065 0.5229 -0.4769
vn -0.4179 0.3093 -0.8542
vn 0.0093 -0.0069 -0.9999
vn 0.4311 -0.3191 -0.8440
vn 0.7104 -0.5258 -0.4678
vn 0.8832 -0.4690 -0.0000
vn 0.7754 -0.4118 0.4787
vn 0.4637 -0.2463 0.8511
vn 0.0100 -0.0053 0.9999
vn -0.4493 0.2386 0.8609
vn -0.7710 0.4094 0.4879
vn -0.8832 0.4690 -0.0000
vn -0.7710 0.4094 -0.4879
vn -0.4493 0.2386 -0.8609
vn 0.0100 -0.0053 -0.9999
vn 0.4637 -0.2463 -0.8511
vn 0.7754 -0.4118 -0.4787
vn 0.9458 -0.3249 -0.0000
vn 0.8257 -0.2837 0.4875
vn 0.4880 -0.1676 0.8566
vn 0.0104 -0.0036 0.9999
vn -0.4726 0.1624 0.8662
vn -0.8208 0.2820 0.4968
vn -0.9458 0.3249 -0.0000
vn -0.8208 0.2820 -0.4968
vn -0.4726 0.1624 -0.8662
vn 0.0104 -0.0036 -0.9999
vn 0.4880 -0.1676 -0.8566
vn 0.8257 -0.2837 -0.4875
vn 0.9861 -0.1664 -0.0000
vn 0.8577 -0.1448 0.4934
vn 0.5029 -0.0849 0.8601
vn 0.0107 -0.0018 0.9999
vn -0.4870 0.0822 0.8695
vn -0.8524 0.1439 0.5027
vn -0.9861 0.1664 -0.0000
vn -0.8524 0.1439 -0.5027
vn -0.4870 0.0822 -0.8695
vn 0.0107 -0.0018 -0.9999
vn 0.5029 -0.0849 -0.8601
vn 0.8577 -0.1448 -0.4934
vn 0.8687 -0.0000 0.4954
vn 0.5080 -0.0000 0.8614
vn 0.0108 -0.0000 0.9999
vn -0.4918 -0.0000 0.8707
vn -0.8633 -0.0000 0.5047
vn -0.8633 -0.0000 -0.5047
vn -0.4918 -0.0000 -0.8707
vn 0.0108 -0.0000 -0.9999
vn 0.5080 -0.0000 -0.8614
vn 0.8687 -0.0000 -0.4954
vn 0.8577 0.1448 0.4934
vn 0.5029 0.0849 0.8601
vn 0.0107 0.0018 0.9999
vn -0.4870 -0.0822 0.8695
vn -0.8524 -0.1439 0.5027
vn -0.8524 -0.1439 -0.5027
vn -0.4870 -0.0822 -0.8695
vn 0.0107 0.0018 -0.9999
vn 0.5029 0.0849 -0.8601
vn 0.8577 0.1448 -0.4934
vn 0.8257 0.2837 0.4875
vn 0.4880 0.1676 0.8566
vn 0.0104 0.0036 0.9999
vn -0.4726 -0.1624 0.8662
vn -0.8208 -0.2820 0.4968
vn -0.8208 -0.2820 -0.4968
vn -0.4726 -0.1624 -0.8662
vn 0.0104 0.0036 -0.9999
vn 0.4880 0.1676 -0.8566
vn 0.8257 0.2837 -0.4875
vn 0.7754 0.4118 0.4787
vn 0.4637 0.2463 0.8511
vn 0.0100 0.0053 0.9999
vn -0.4493 -0.2386 0.8609
vn -0.7709 -0.4094 0.4879
vn -0.7709 -0.4094 -0.4879
vn -0.4493 -0.2386 -0.8609
vn 0.0100 0.0053 -0.9999
vn 0.4637 0.2463 -0.8511
vn 0.7754 0.4118 -0.4787
vn 0.7104 0.5258 0.4678
vn 0.4311 0.3191 0.8440
vn 0.0093 0.0069 0.9999
vn -0.4179 -0.3093 0.8542
vn -0.7065 -0.5229 0.4769
vn -0.7065 -0.5229 -0.4769
vn -0.4179 -0.3093 -0.8542
vn 0.0093 0.0069 -0.9999
vn 0.4311 0.3191 -0.8440
vn 0.7104 0.5258 -0.4678
vn 0.6344 0.6241 0.4560
vn 0.3912 0.3848 0.8360
vn 0.0086 0.0084 0.9999
vn -0.3794 -0.3732 0.8466
vn -0.6311 -0.6208 0.4651
vn -0.6311 -0.6208 -0.4651
vn -0.3794 -0.3732 -0.8466
vn 0.0086 0.0084 -0.9999
vn 0.3912 0.3848 -0.8360
vn 0.6344 0.6241 -0.4560
vn 0.5510 0.7064 0.4444
vn 0.3452 0.4425 0.8277
vn 0.0076 0.0098 0.9999
vn -0.3350 -0.4295 0.8387
vn -0.5482 -0.7028 0.4533
vn -0.5482 -0.7028 -0.4533
vn -0.3350 -0.4295 -0.8387
vn 0.0076 0.0098 -0.9999
vn 0.3452 0.4425 -0.8277
vn 0.5510 0.7064 -0.4444
vn 0.4628 0.7732 0.4335
vn 0.2942 0.4916 0.8196
vn 0.0066 0.0110 0.9999
vn -0.2857 -0.4774 0.8309
vn -0.4606 -0.7695 0.4423
vn -0.4606 -0.7695 -0.4423
vn -0.2857 -0.4774 -0.8309
vn 0.0066 0.0110 -0.9999
vn 0.2942 0.4916 -0.8196
vn 0.4628 0.7732 -0.4335
vn 0.3719 0.8257 0.4241
vn 0.2395 0.5319 0.8123
vn 0.0054 0.0120 0.9999
vn -0.2327 -0.5167 0.8239
vn -0.3702 -0.8220 0.4328
vn -0.3702 -0.8220 -0.4328
vn -0.2327 -0.5167 -0.8239
vn 0.0054 0.0120 -0.9999
vn 0.2395 0.5319 -0.8123
vn 0.3719 0.8257 -0.4241
vn 0.2795 0.8651 0.4165
vn 0.1819 0.5631 0.8061
vn 0.0041 0.0128 0.9999
vn -0.1768 -0.5473 0.8180
vn -0.2783 -0.8613 0.4251
vn -0.2783 -0.8613 -0.4251
vn -0.1768 -0.5473 -0.8180
vn 0.0041 0.0128 -0.9999
vn 0.1819 0.5631 -0.8061
vn 0.2795 0.8651 -0.4165
vn 0.1865 0.8924 0.4110
vn 0.1223 0.5854 0.8015
vn 0.0028 0.0133 0.9999
vn -0.1189 -0.5691 0.8136
vn -0.1857 -0.8886 0.4195
vn -0.1857 -0.8886 -0.4195
vn -0.1189 -0.5691 -0.8136
vn 0.0028 0.0133 -0.9999
vn 0.1223 0.5854 -0.8015
vn 0.1865 0.8924 -0.4110
vn 0.0933 0.9084 0.4076
vn 0.0615 0.5987 0.7986
vn 0.0014 0.0137 0.9999
vn -0.0598 -0.5822 0.8108
vn -0.0929 -0.9046 0.4161
vn -0.0929 -0.9046 -0.4161
vn -0.0598 -0.5822 -0.8108
vn 0.0014 0.0137 -0.9999
vn 0.0615 0.5987 -0.7986
vn 0.0933 0.9084 -0.4076
vn -0.0000 0.9137 0.4064
vn -0.0000 0.6031 0.7977
vn -0.0000 0.0138 0.9999
vn -0.0000 -0.5865 0.8099
vn -0.0000 -0.9099 0.4149
vn -0.0000 -0.9099 -0.4149
vn -0.0000 -0.5865 -0.8099
vn -0.0000 0.0138 -0.9999
vn -0.0000 0.6031 -0.7977
vn -0.0000 0.9137 -0.4064
vn -0.0933 0.9084 0.4076
vn -0.0615 0.5987 0.7986
vn -0.0014 0.0137 0.9999
vn 0.0598 -0.5822 0.8108
vn 0.0929 -0.9046 0.4161
vn 0.0929 -0.9046 -0.4161
vn 0.0598 -0.5822 -0.8109
vn -0.0014 0.0137 -0.9999
vn -0.0615 0.5987 -0.7986
vn -0.0933 0.9084 -0.4076
vn -0.1865 0.8924 0.4110
vn -0.1223 0.5854 0.8015
vn -0.0028 0.0133 0.9999
vn 0.1189 -0.5691 0.8136
vn 0.1857 -0.8886 0.4195
vn 0.2046 -0.9789 -0.0000
vn 0.1857 -0.8886 -0.4195
vn 0.1189 -0.5691 -0.8136
vn -0.0028 0.0133 -0.9999
vn -0.1223 0.5854 -0.8015
vn -0.1865 0.8924 -0.4110
vn -0.2795 0.8651 0.4165
vn -0.1819 0.5631 0.8061
vn -0.0041 0.0128 0.9999
vn 0.1768 -0.5473 0.8180
vn 0.2783 -0.8613 0.4251
vn 0.2783 -0.8613 -0.4251
vn 0.1768 -0.5473 -0.8180
vn -0.0041 0.0128 -0.9999
vn -0.1819 0.5631 -0.8061
vn -0.2795 0.8651 -0.4165
vn -0.3719 0.8257 0.4241
vn -0.2395 0.5319 0.8123
vn -0.0054 0.0120 0.9999
vn 0.2327 -0.5167 0.8239
vn 0.3702 -0.8220 0.4328
vn 0.3702 -0.8220 -0.4328
vn 0.2327 -0.5167 -0.8239
vn -0.0054 0.0120 -0.9999
vn -0.2395 0.5319 -0.8123
vn -0.3719 0.8257 -0.4241
vn -0.4628 0.7732 0.4335
vn -0.2942 0.4916 0.8196
vn -0.0066 0.0110 0.9999
vn 0.2857 -0.4774 0.8309
vn 0.4606 -0.7695 0.4423
vn 0.4606 -0.7695 -0.4423
vn 0.2857 -0.4774 -0.8309
vn -0.0066 0.0110 -0.9999
vn -0.2942 0.4916 -0.8196
vn -0.4628 0.7732 -0.4335
vn -0.5510 0.7064 0.4444
vn -0.3452 0.4425 0.8277
vn -0.0076 0.0098 0.9999
vn 0.3350 -0.4295 0.8387
vn 0.5482 -0.7028 0.4533
vn 0.5482 -0.7028 -0.4533
vn 0.3350 -0.4295 -0.8387
vn -0.0076 0.0098 -0.9999
vn -0.3452 0.4425 -0.8277
vn -0.5510 0.7064 -0.4444
vn -0.6344 0.6241 0.4560
vn -0.3912 0.3848 0.8360
vn -0.0085 0.0084 0.9999
vn 0.3794 -0.3732 0.8466
vn 0.6311 -0.6208 0.4651
vn 0.6311 -0.6208 -0.4651
vn 0.3794 -0.3732 -0.8466
vn -0.0085 0.0084 -0.9999
vn -0.3912 0.3848 -0.8360
vn -0.6344 0.6241 -0.4560
vn -0.7104 0.5258 0.4678
vn -0.4311 0.3191 0.8440
vn -0.0093 0.0069 0.9999
vn 0.4179 -0.3093 0.8542
vn 0.7065 -0.5229 0.4769
vn 0.7065 -0.5229 -0.4769
vn 0.4179 -0.3093 -0.8542
vn -0.0093 0.0069 -0.9999
vn -0.4311 0.3191 -0.8440
vn -0.7104 0.5258 -0.4678
vn -0.7754 0.4118 0.4787
vn -0.4637 0.2463 0.8511
vn -0.0100 0.0053 0.9999
vn 0.4493 -0.2386 0.8609
vn 0.7709 -0.4094 0.4879
vn 0.7709 -0.4094 -0.4879
vn 0.4493 -0.2386 -0.8609
vn -0.0100 0.0053 -0.9999
vn -0.4637 0.2463 -0.8511
vn -0.7754 0.4118 -0.4787
vn -0.8257 0.2837 0.4875
vn -0.4880 0.1676 0.8566
vn -0.0104 0.0036 0.9999
vn 0.4726 -0.1624 0.8662
vn 0.8208 -0.2820 0.4968
vn 0.8208 -0.2820 -0.4968
vn 0.4726 -0.1624 -0.8662
vn -0.0104 0.0036 -0.9999
vn -0.4880 0.1676 -0.8566
vn -0.8257 0.2837 -0.4875
vn -0.8577 0.1448 0.4934
vn -0.5029 0.0849 0.8601
vn -0.0107 0.0018 0.9999
vn 0.4870 -0.0822 0.8695
vn 0.8524 -0.1439 0.5027
vn 0.8524 -0.1439 -0.5027
vn 0.4870 -0.0822 -0.8695
vn -0.0107 0.0018 -0.9999
vn -0.5029 0.0849 -0.8601
vn -0.8577 0.1448 -0.4934
vt 0.520833 0.500000
vt 0.500000 0.583333
vt 0.500000 0.500000
vt 0.520833 0.666667
vt 0.500000 0.666667
vt 0.500000 0.750000
vt 0.520833 0.750000
vt 0.500000 0.833333
vt 0.520833 0.916667
vt 0.500000 0.916667
vt 0.500000 1.000000
vt 0.520833 0.000000
vt 0.500000 0.083333
vt 0.500000 0.000000
vt 0.520833 0.083333
vt 0.500000 0.166667
vt 0.520833 0.166667
vt 0.500000 0.250000
vt 0.520833 0.250000
vt 0.500000 0.333333
vt 0.520833 0.333333
vt 0.500000 0.416667
vt 0.520833 0.416667
vt 0.541667 0.500000
vt 0.520833 0.583333
vt 0.541667 0.666667
vt 0.541667 0.750000
vt 0.520833 0.833333
vt 0.541667 0.833333
vt 0.541667 0.916667
vt 0.520833 1.000000
vt 0.541667 0.000000
vt 0.541667 0.166667
vt 0.541667 0.250000
vt 0.541667 0.333333
vt 0.562500 0.500000
vt 0.541667 0.583333
vt 0.562500 0.583333
vt 0.562500 0.750000
vt 0.562500 0.833333
vt 0.562500 0.916667
vt 0.541667 1.000000
vt 0.562500 0.000000
vt 0.541667 0.083333
vt 0.562500 0.083333
vt 0.562500 0.166667
vt 0.562500 0.250000
vt 0.562500 0.333333
vt 0.541667 0.416667
vt 0.562500 0.416667
vt 0.583333 0.500000
vt 0.583333 0.666667
vt 0.562500 0.666667
vt 0.583333 0.750000
vt 0.583333 0.833333
vt 0.583333 1.000000
vt 0.562500 1.000000
vt 0.583333 0.000000
vt 0.583333 0.166667
vt 0.583333 0.250000
vt 0.583333 0.333333
vt 0.583333 0.416667
vt 0.604167 0.500000
vt 0.583333 0.583333
vt 0.604167 0.666667
vt 0.604167 0.833333
vt 0.583333 0.916667
vt 0.604167 0.916667
vt 0.604167 0.000000
vt 0.583333 0.083333
vt 0.604167 0.083333
vt 0.604167 0.166667
vt 0.604167 0.333333
vt 0.604167 0.416667
vt 0.625000 0.500000
vt 0.604167 0.583333
vt 0.625000 0.666667
vt 0.604167 0.750000
vt 0.625000 0.833333
vt 0.625000 0.916667
vt 0.604167 1.000000
vt 0.625000 0.000000
vt 0.625000 0.166667
vt 0.604167 0.250000
vt 0.625000 0.333333
vt 0.645833 0.500000
vt 0.625000 0.583333
vt 0.645833 0.583333
vt 0.645833 0.666667
vt 0.625000 0.750000
vt 0.645833 0.750000
vt 0.645833 0.833333
vt 0.645833 0.916667
vt 0.625000 1.000000
vt 0.645833 0.083333
vt 0.625000 0.083333
vt 0.645833 0.166667
vt 0.645833 0.250000
vt 0.625000 0.250000
vt 0.645833 0.333333
vt 0.625000 0.416667
vt 0.645833 0.416667
vt 0.666667 0.500000
vt 0.666667 0.583333
vt 0.666667 0.666667
vt 0.666667 0.833333
vt 0.666667 0.916667
vt 0.645833 1.000000
vt 0.666667 0.000000
vt 0.645833 0.000000
vt 0.666667 0.083333
vt 0.666667 0.166667
vt 0.666667 0.333333
vt 0.666667 0.416667
vt 0.687500 0.500000
vt 0.687500 0.666667
vt 0.666667 0.750000
vt 0.687500 0.750000
vt 0.687500 0.916667
vt 0.666667 1.000000
vt 0.687500 0.083333
vt 0.687500 0.250000
vt 0.666667 0.250000
vt 0.687500 0.333333
vt 0.708333 0.500000
vt 0.687500 0.583333
vt 0.708333 0.583333
vt 0.708333 0.666667
vt 0.708333 0.750000
vt 0.687500 0.833333
vt 0.708333 0.833333
vt 0.708333 0.916667
vt 0.687500 1.000000
vt 0.687500 0.000000
vt 0.708333 0.083333
vt 0.708333 0.166667
vt 0.687500 0.166667
vt 0.708333 0.250000
vt 0.708333 0.333333
vt 0.687500 0.416667
vt 0.729167 0.500000
vt 0.729167 0.583333
vt 0.729167 0.666667
vt 0.729167 0.750000
vt 0.729167 0.916667
vt 0.729167 1.000000
vt 0.708333 1.000000
vt 0.729167 0.000000
vt 0.708333 0.000000
vt 0.729167 0.083333
vt 0.729167 0.166667
vt 0.729167 0.250000
vt 0.729167 0.416667
vt 0.708333 0.416667
vt 0.750000 0.583333
vt 0.750000 0.666667
vt 0.750000 0.750000
vt 0.729167 0.833333
vt 0.750000 0.833333
vt 0.750000 0.916667
vt 0.750000 0.083333
vt 0.750000 0.250000
vt 0.729167 0.333333
vt 0.750000 0.333333
vt 0.750000 0.416667
vt 0.770833 0.500000
vt 0.750000 0.500000
vt 0.770833 0.583333
vt 0.770833 0.666667
vt 0.770833 0.833333
vt 0.770833 0.916667
vt 0.750000 1.000000
vt 0.770833 0.000000
vt 0.750000 0.000000
vt 0.770833 0.083333
vt 0.750000 0.166667
vt 0.770833 0.166667
vt 0.770833 0.333333
vt 0.791667 0.500000
vt 0.791667 0.583333
vt 0.791667 0.750000
vt 0.770833 0.750000
vt 0.791667 0.833333
vt 0.791667 0.916667
vt 0.770833 1.000000
vt 0.791667 0.000000
vt 0.791667 0.166667
vt 0.791667 0.250000
vt 0.770833 0.250000
vt 0.791667 0.416667
vt 0.770833 0.416667
vt 0.812500 0.583333
vt 0.791667 0.666667
vt 0.812500 0.666667
vt 0.812500 0.750000
vt 0.812500 0.916667
vt 0.791667 1.000000
vt 0.812500 0.000000
vt 0.791667 0.083333
vt 0.812500 0.083333
vt 0.812500 0.250000
vt 0.791667 0.333333
vt 0.812500 0.416667
vt 0.812500 0.500000
vt 0.833333 0.583333
vt 0.833333 0.750000
vt 0.833333 0.833333
vt 0.812500 0.833333
vt 0.833333 0.916667
vt 0.812500 1.000000
vt 0.833333 0.000000
vt 0.833333 0.083333
vt 0.812500 0.166667
vt 0.833333 0.166667
vt 0.833333 0.250000
vt 0.812500 0.333333
vt 0.833333 0.416667
vt 0.833333 0.500000
vt 0.854167 0.583333
vt 0.833333 0.666667
vt 0.854167 0.666667
vt 0.854167 0.750000
vt 0.854167 0.833333
vt 0.854167 0.916667
vt 0.833333 1.000000
vt 0.854167 0.083333
vt 0.854167 0.166667
vt 0.854167 0.250000
vt 0.854167 0.333333
vt 0.833333 0.333333
vt 0.854167 0.416667
vt 0.875000 0.500000
vt 0.854167 0.500000
vt 0.875000 0.583333
vt 0.875000 0.750000
vt 0.875000 0.916667
vt 0.854167 1.000000
vt 0.854167 0.000000
vt 0.875000 0.083333
vt 0.875000 0.166667
vt 0.875000 0.250000
vt 0.875000 0.416667
vt 0.895833 0.583333
vt 0.895833 0.666667
vt 0.875000 0.666667
vt 0.895833 0.750000
vt 0.875000 0.833333
vt 0.895833 0.833333
vt 0.895833 0.916667
vt 0.875000 1.000000
vt 0.875000 0.000000
vt 0.895833 0.083333
vt 0.895833 0.166667
vt 0.895833 0.250000
vt 0.875000 0.333333
vt 0.895833 0.333333
vt 0.895833 0.416667
vt 0.916667 0.500000
vt 0.895833 0.500000
vt 0.916667 0.666667
vt 0.916667 0.833333
vt 0.916667 1.000000
vt 0.895833 1.000000
vt 0.916667 0.000000
vt 0.895833 0.000000
vt 0.916667 0.166667
vt 0.916667 0.333333
vt 0.916667 0.416667
vt 0.937500 0.583333
vt 0.916667 0.583333
vt 0.937500 0.666667
vt 0.916667 0.750000
vt 0.937500 0.750000
vt 0.937500 0.833333
vt 0.916667 0.916667
vt 0.937500 0.916667
vt 0.937500 0.000000
vt 0.916667 0.083333
vt 0.937500 0.166667
vt 0.916667 0.250000
vt 0.937500 0.333333
vt 0.937500 0.416667
vt 0.958333 0.500000
vt 0.937500 0.500000
vt 0.958333 0.583333
vt 0.958333 0.750000
vt 0.958333 0.833333
vt 0.958333 0.916667
vt 0.937500 1.000000
vt 0.958333 0.000000
vt 0.937500 0.083333
vt 0.958333 0.083333
vt 0.958333 0.166667
vt 0.937500 0.250000
vt 0.958333 0.250000
vt 0.958333 0.333333
vt 0.979167 0.500000
vt 0.979167 0.583333
vt 0.958333 0.666667
vt 0.979167 0.666667
vt 0.979167 0.833333
vt 0.979167 0.916667
vt 0.958333 1.000000
vt 0.979167 0.000000
vt 0.979167 0.166667
vt 0.979167 0.333333
vt 0.958333 0.416667
vt 1.000000 0.500000
vt 1.000000 0.583333
vt 1.000000 0.666667
vt 0.979167 0.750000
vt 1.000000 0.750000
vt 1.000000 0.833333
vt 1.000000 0.916667
vt 0.979167 1.000000
vt 1.000000 0.000000
vt 0.979167 0.083333
vt 1.000000 0.083333
vt 1.000000 0.166667
vt 0.979167 0.250000
vt 1.000000 0.250000
vt 1.000000 0.333333
vt 0.979167 0.416667
vt 0.020833 0.500000
vt 0.000000 0.583333
vt 0.000000 0.500000
vt 0.020833 0.583333
vt 0.000000 0.666667
vt 0.020833 0.666667
vt 0.000000 0.750000
vt 0.020833 0.750000
vt 0.000000 0.833333
vt 0.020833 0.833333
vt 0.000000 0.916667
vt 0.020833 0.916667
vt 0.000000 1.000000
vt 0.020833 0.000000
vt 0.000000 0.083333
vt 0.000000 0.000000
vt 0.020833 0.083333
vt 0.000000 0.166667
vt 0.020833 0.166667
vt 0.000000 0.250000
vt 0.020833 0.333333
vt 0.000000 0.333333
vt 0.000000 0.416667
vt 0.041667 0.583333
vt 0.041667 0.666667
vt 0.041667 0.750000
vt 0.041667 0.916667
vt 0.020833 1.000000
vt 0.041667 0.000000
vt 0.041667 0.083333
vt 0.041667 0.250000
vt 0.020833 0.250000
vt 0.041667 0.333333
vt 0.020833 0.416667
vt 0.041667 0.416667
vt 0.062500 0.500000
vt 0.041667 0.500000
vt 0.062500 0.583333
vt 0.062500 0.666667
vt 0.062500 0.750000
vt 0.041667 0.833333
vt 0.062500 0.916667
vt 0.041667 1.000000
vt 0.062500 0.000000
vt 0.062500 0.083333
vt 0.041667 0.166667
vt 0.062500 0.250000
vt 0.062500 0.333333
vt 0.062500 0.416667
vt 0.083333 0.583333
vt 0.083333 0.750000
vt 0.083333 0.833333
vt 0.062500 0.833333
vt 0.083333 0.916667
vt 0.062500 1.000000
vt 0.083333 0.000000
vt 0.083333 0.083333
vt 0.062500 0.166667
vt 0.083333 0.166667
vt 0.083333 0.250000
vt 0.083333 0.416667
vt 0.104167 0.500000
vt 0.083333 0.500000
vt 0.104167 0.583333
vt 0.083333 0.666667
vt 0.104167 0.750000
vt 0.104167 0.833333
vt 0.104167 0.916667
vt 0.083333 1.000000
vt 0.104167 0.083333
vt 0.104167 0.166667
vt 0.104167 0.250000
vt 0.083333 0.333333
vt 0.104167 0.333333
vt 0.125000 0.583333
vt 0.104167 0.666667
vt 0.125000 0.666667
vt 0.125000 0.833333
vt 0.125000 1.000000
vt 0.104167 1.000000
vt 0.125000 0.000000
vt 0.104167 0.000000
vt 0.125000 0.083333
vt 0.125000 0.166667
vt 0.125000 0.333333
vt 0.125000 0.416667
vt 0.104167 0.416667
vt 0.145833 0.500000
vt 0.125000 0.500000
vt 0.145833 0.666667
vt 0.125000 0.750000
vt 0.145833 0.833333
vt 0.125000 0.916667
vt 0.145833 1.000000
vt 0.145833 0.000000
vt 0.145833 0.166667
vt 0.125000 0.250000
vt 0.145833 0.250000
vt 0.145833 0.333333
vt 0.166667 0.500000
vt 0.145833 0.583333
vt 0.166667 0.666667
vt 0.166667 0.750000
vt 0.145833 0.750000
vt 0.166667 0.833333
vt 0.145833 0.916667
vt 0.166667 1.000000
vt 0.166667 0.000000
vt 0.145833 0.083333
vt 0.166667 0.166667
vt 0.166667 0.250000
vt 0.166667 0.333333
vt 0.145833 0.416667
vt 0.187500 0.500000
vt 0.166667 0.583333
vt 0.187500 0.666667
vt 0.187500 0.750000
vt 0.187500 0.833333
vt 0.166667 0.916667
vt 0.187500 0.916667
vt 0.187500 0.000000
vt 0.166667 0.083333
vt 0.187500 0.083333
vt 0.187500 0.250000
vt 0.187500 0.333333
vt 0.166667 0.416667
vt 0.208333 0.500000
vt 0.187500 0.583333
vt 0.208333 0.666667
vt 0.208333 0.833333
vt 0.208333 0.916667
vt 0.187500 1.000000
vt 0.208333 0.000000
vt 0.208333 0.083333
vt 0.187500 0.166667
vt 0.208333 0.166667
vt 0.208333 0.333333
vt 0.187500 0.416667
vt 0.229167 0.500000
vt 0.208333 0.583333
vt 0.229167 0.583333
vt 0.229167 0.666667
vt 0.208333 0.750000
vt 0.229167 0.750000
vt 0.229167 0.833333
vt 0.229167 0.916667
vt 0.208333 1.000000
vt 0.229167 0.000000
vt 0.229167 0.166667
vt 0.229167 0.250000
vt 0.208333 0.250000
vt 0.229167 0.333333
vt 0.208333 0.416667
vt 0.229167 0.416667
vt 0.250000 0.500000
vt 0.250000 0.666667
vt 0.250000 0.833333
vt 0.250000 1.000000
vt 0.229167 1.000000
vt 0.250000 0.000000
vt 0.229167 0.083333
vt 0.250000 0.166667
vt 0.250000 0.333333
vt 0.250000 0.416667
vt 0.270833 0.500000
vt 0.250000 0.583333
vt 0.270833 0.666667
vt 0.250000 0.750000
vt 0.270833 0.750000
vt 0.270833 0.833333
vt 0.250000 0.916667
vt 0.270833 0.916667
vt 0.270833 0.000000
vt 0.250000 0.083333
vt 0.270833 0.083333
vt 0.270833 0.166667
vt 0.250000 0.250000
vt 0.270833 0.250000
vt 0.270833 0.333333
vt 0.291667 0.500000
vt 0.270833 0.583333
vt 0.291667 0.666667
vt 0.291667 0.750000
vt 0.291667 0.833333
vt 0.291667 1.000000
vt 0.270833 1.000000
vt 0.291667 0.000000
vt 0.291667 0.083333
vt 0.291667 0.250000
vt 0.291667 0.333333
vt 0.270833 0.416667
vt 0.312500 0.583333
vt 0.291667 0.583333
vt 0.312500 0.666667
vt 0.312500 0.750000
vt 0.312500 0.833333
vt 0.312500 0.916667
vt 0.291667 0.916667
vt 0.312500 0.000000
vt 0.312500 0.083333
vt 0.291667 0.166667
vt 0.312500 0.166667
vt 0.312500 0.250000
vt 0.312500 0.333333
vt 0.291667 0.416667
vt 0.312500 0.416667
vt 0.312500 0.500000
vt 0.333333 0.583333
vt 0.333333 0.666667
vt 0.333333 0.833333
vt 0.333333 1.000000
vt 0.312500 1.000000
vt 0.333333 0.000000
vt 0.333333 0.166667
vt 0.333333 0.250000
vt 0.333333 0.416667
vt 0.354167 0.500000
vt 0.333333 0.500000
vt 0.354167 0.666667
vt 0.333333 0.750000
vt 0.354167 0.833333
vt 0.333333 0.916667
vt 0.354167 0.916667
vt 0.354167 0.000000
vt 0.333333 0.083333
vt 0.354167 0.166667
vt 0.354167 0.333333
vt 0.333333 0.333333
vt 0.354167 0.416667
vt 0.375000 0.500000
vt 0.354167 0.583333
vt 0.375000 0.666667
vt 0.375000 0.750000
vt 0.354167 0.750000
vt 0.375000 0.916667
vt 0.375000 1.000000
vt 0.354167 1.000000
vt 0.375000 0.000000
vt 0.354167 0.083333
vt 0.375000 0.083333
vt 0.375000 0.166667
vt 0.354167 0.250000
vt 0.375000 0.250000
vt 0.375000 0.333333
vt 0.395833 0.583333
vt 0.375000 0.583333
vt 0.395833 0.666667
vt 0.395833 0.750000
vt 0.375000 0.833333
vt 0.395833 0.833333
vt 0.395833 1.000000
vt 0.395833 0.000000
vt 0.395833 0.083333
vt 0.395833 0.250000
vt 0.395833 0.333333
vt 0.375000 0.416667
vt 0.395833 0.416667
vt 0.395833 0.500000
vt 0.416667 0.583333
vt 0.416667 0.750000
vt 0.416667 0.916667
vt 0.395833 0.916667
vt 0.416667 0.000000
vt 0.416667 0.083333
vt 0.395833 0.166667
vt 0.416667 0.250000
vt 0.416667 0.416667
vt 0.416667 0.500000
vt 0.437500 0.583333
vt 0.437500 0.666667
vt 0.416667 0.666667
vt 0.437500 0.750000
vt 0.416667 0.833333
vt 0.437500 0.916667
vt 0.416667 1.000000
vt 0.437500 0.000000
vt 0.437500 0.083333
vt 0.416667 0.166667
vt 0.437500 0.166667
vt 0.437500 0.250000
vt 0.416667 0.333333
vt 0.437500 0.333333
vt 0.437500 0.416667
vt 0.458333 0.500000
vt 0.437500 0.500000
vt 0.458333 0.666667
vt 0.458333 0.750000
vt 0.437500 0.833333
vt 0.458333 0.833333
vt 0.458333 0.916667
vt 0.437500 1.000000
vt 0.458333 0.083333
vt 0.458333 0.166667
vt 0.458333 0.250000
vt 0.458333 0.333333
vt 0.458333 0.416667
vt 0.479167 0.583333
vt 0.458333 0.583333
vt 0.479167 0.666667
vt 0.479167 0.750000
vt 0.479167 0.916667
vt 0.458333 1.000000
vt 0.458333 0.000000
vt 0.479167 0.083333
vt 0.479167 0.166667
vt 0.479167 0.250000
vt 0.479167 0.416667
vt 0.479167 0.500000
vt 0.479167 0.833333
vt 0.479167 1.000000
vt 0.479167 0.000000
vt 0.479167 0.333333
vt 1.000000 1.000000
vt 1.000000 0.416667
s 1
g Torus.002_M_CoralMusgo.003
usemtl M_CoralMusgo.003
f 1241/1433/1147 1230/1434/1136 1229/1435/1135
f 1230/1434/1136 1243/1436/1149 1231/1437/1137
f 1243/1436/1149 1232/1438/1138 1231/1437/1137
f 1244/1439/1150 1233/1440/1139 1232/1438/1138
f 1233/1440/1139 1246/1441/1152 1234/1442/1140
f 1246/1441/1152 1235/1443/1141 1234/1442/1140
f 1247/1444/1153 1236/1445/1142 1235/1446/1141
f 1248/1447/1154 1237/1448/1143 1236/1445/1142
f 1249/1449/1155 1238/1450/1144 1237/1448/1143
f 1250/1451/1156 1239/1452/1145 1238/1450/1144
f 1251/1453/1157 1240/1454/1146 1239/1452/1145
f 1252/1455/1158 1229/1435/1135 1240/1454/1146
f 1253/1456/1159 1242/1457/1148 1241/1433/1147
f 1242/1457/1148 1255/1458/1161 1243/1436/1149
f 1255/1458/1161 1244/1439/1150 1243/1436/1149
f 1256/1459/1162 1245/1460/1151 1244/1439/1150
f 1257/1461/1163 1246/1441/1152 1245/1460/1151
f 1258/1462/1164 1247/1463/1153 1246/1441/1152
f 1259/1464/1165 1248/1447/1154 1247/1444/1153
f 1248/1447/1154 1261/1465/1167 1249/1449/1155
f 1249/1449/1155 1262/1466/1168 1250/1451/1156
f 1250/1451/1156 1263/1467/1169 1251/1453/1157
f 1263/1467/1169 1252/1455/1158 1251/1453/1157
f 1252/1455/1158 1253/1456/1159 1241/1433/1147
f 1265/1468/1171 1254/1469/1160 1253/1456/1159
f 1266/1470/1172 1255/1458/1161 1254/1469/1160
f 1255/1458/1161 1268/1471/1174 1256/1459/1162
f 1256/1459/1162 1269/1472/1175 1257/1461/1163
f 1257/1461/1163 1270/1473/1176 1258/1462/1164
f 1270/1473/1176 1259/1474/1165 1258/1462/1164
f 1271/1475/1177 1260/1476/1166 1259/1464/1165
f 1272/1477/1178 1261/1465/1167 1260/1476/1166
f 1273/1478/1179 1262/1466/1168 1261/1465/1167
f 1274/1479/1180 1263/1467/1169 1262/1466/1168
f 1275/1480/1181 1264/1481/1170 1263/1467/1169
f 1276/1482/1182 1253/1456/1159 1264/1481/1170
f 1277/1483/1183 1266/1470/1172 1265/1468/1171
f 1266/1470/1172 1279/1484/1185 1267/1485/1173
f 1267/1485/1173 1280/1486/1186 1268/1471/1174
f 1280/1486/1186 1269/1472/1175 1268/1471/1174
f 1281/1487/1187 1270/1473/1176 1269/1472/1175
f 1270/1473/1176 1283/1488/1189 1271/1489/1177
f 1283/1490/1189 1272/1477/1178 1271/1475/1177
f 1272/1477/1178 1285/1491/1191 1273/1478/1179
f 1273/1478/1179 1286/1492/1192 1274/1479/1180
f 1286/1492/1192 1275/1480/1181 1274/1479/1180
f 1287/1493/1193 1276/1482/1182 1275/1480/1181
f 1288/1494/1194 1265/1468/1171 1276/1482/1182
f 1289/1495/1195 1278/1496/1184 1277/1483/1183
f 1278/1496/1184 1291/1497/1197 1279/1484/1185
f 1291/1497/1197 1280/1486/1186 1279/1484/1185
f 1280/1486/1186 1293/1498/1199 1281/1487/1187
f 1293/1498/1199 1282/1499/1188 1281/1487/1187
f 1294/1500/1200 1283/1488/1189 1282/1499/1188
f 1295/1501/1201 1284/1502/1190 1283/1490/1189
f 1296/1503/1202 1285/1491/1191 1284/1502/1190
f 1297/1504/1203 1286/1492/1192 1285/1491/1191
f 1286/1492/1192 1299/1505/1205 1287/1493/1193
f 1299/1505/1205 1288/1494/1194 1287/1493/1193
f 1300/1506/1206 1277/1483/1183 1288/1494/1194
f 1301/1507/1207 1290/1508/1196 1289/1495/1195
f 1290/1508/1196 1303/1509/1209 1291/1497/1197
f 1303/1509/1209 1292/1510/1198 1291/1497/1197
f 1292/1510/1198 1305/1511/1211 1293/1498/1199
f 1305/1511/1211 1294/1500/1200 1293/1498/1199
f 1306/1512/1212 1295/1513/1201 1294/1500/1200
f 1307/1514/1213 1296/1503/1202 1295/1501/1201
f 1296/1503/1202 1309/1515/1215 1297/1504/1203
f 1309/1515/1215 1298/1516/1204 1297/1504/1203
f 1298/1516/1204 1311/1517/1217 1299/1505/1205
f 1311/1517/1217 1300/1506/1206 1299/1505/1205
f 1300/1506/1206 1301/1507/1207 1289/1495/1195
f 1313/1518/1219 1302/1519/1208 1301/1507/1207
f 1314/1520/1220 1303/1509/1209 1302/1519/1208
f 1315/1521/1221 1304/1522/1210 1303/1509/1209
f 1316/1523/1222 1305/1511/1211 1304/1522/1210
f 1317/1524/1223 1306/1512/1212 1305/1511/1211
f 1318/1525/1224 1307/1526/1213 1306/1512/1212
f 1307/1514/1213 1320/1527/1226 1308/1528/1214
f 1308/1528/1214 1321/1529/1227 1309/1515/1215
f 1309/1515/1215 1322/1530/1228 1310/1531/1216
f 1322/1530/1228 1311/1517/1217 1310/1531/1216
f 1323/1532/1229 1312/1533/1218 1311/1517/1217
f 1324/1534/1230 1301/1507/1207 1312/1533/1218
f 1325/1535/1231 1314/1520/1220 1313/1518/1219
f 1326/1536/1232 1315/1521/1221 1314/1520/1220
f 1327/1537/1233 1316/1523/1222 1315/1521/1221
f 1316/1523/1222 1329/1538/1235 1317/1524/1223
f 1317/1524/1223 1330/1539/1236 1318/1525/1224
f 1330/1539/1236 1319/1540/1225 1318/1525/1224
f 1331/1541/1237 1320/1527/1226 1319/1542/1225
f 1332/1543/1238 1321/1529/1227 1320/1527/1226
f 1333/1544/1239 1322/1530/1228 1321/1529/1227
f 1322/1530/1228 1335/1545/1241 1323/1532/1229
f 1335/1545/1241 1324/1534/1230 1323/1532/1229
f 1336/1546/1242 1313/1518/1219 1324/1534/1230
f 1337/1547/1243 1326/1536/1232 1325/1535/1231
f 1326/1536/1232 1339/1548/1245 1327/1537/1233
f 1339/1548/1245 1328/1549/1234 1327/1537/1233
f 1340/1550/1246 1329/1538/1235 1328/1549/1234
f 1329/1538/1235 1342/1551/1248 1330/1539/1236
f 1342/1551/1248 1331/1552/1237 1330/1539/1236
f 1331/1541/1237 1344/1553/1250 1332/1543/1238
f 1344/1553/1250 1333/1544/1239 1332/1543/1238
f 1333/1544/1239 1346/1554/1252 1334/1555/1240
f 1346/1554/1252 1335/1545/1241 1334/1555/1240
f 1347/1556/1253 1336/1546/1242 1335/1545/1241
f 1336/1546/1242 1337/1547/1243 1325/1535/1231
f 1349/1557/1255 1338/1558/1244 1337/1547/1243
f 1350/1559/1256 1339/1548/1245 1338/1558/1244
f 1351/1560/1257 1340/1550/1246 1339/1548/1245
f 1352/1561/1258 1341/1562/1247 1340/1550/1246
f 1353/1563/1259 1342/1551/1248 1341/1562/1247
f 1354/1564/1260 1343/1565/1249 1342/1551/1248
f 1343/1566/1249 1356/1567/1262 1344/1553/1250
f 1344/1553/1250 1357/1568/1263 1345/1569/1251
f 1345/1569/1251 1358/1570/1264 1346/1554/1252
f 1346/1554/1252 1359/1571/1265 1347/1556/1253
f 1359/1571/1265 1348/1572/1254 1347/1556/1253
f 1348/1572/1254 1349/1557/1255 1337/1547/1243
f 1361/1573/1267 1350/1559/1256 1349/1557/1255
f 1362/1574/1268 1351/1560/1257 1350/1559/1256
f 1363/1575/1269 1352/1561/1258 1351/1560/1257
f 1364/1576/1270 1353/1563/1259 1352/1561/1258
f 1353/1563/1259 1366/1577/1272 1354/1564/1260
f 1354/1564/1260 1367/1578/1273 1355/1579/1261
f 1367/1580/1273 1356/1567/1262 1355/1581/1261
f 1368/1582/1274 1357/1568/1263 1356/1567/1262
f 1369/1583/1275 1358/1570/1264 1357/1568/1263
f 1370/1584/1276 1359/1571/1265 1358/1570/1264
f 1359/1571/1265 1372/1585/1278 1360/1586/1266
f 1360/1586/1266 1361/1573/1267 1349/1557/1255
f 1361/1573/1267 1374/1587/1280 1362/1574/1268
f 1362/1574/1268 1375/1588/1281 1363/1575/1269
f 1375/1588/1281 1364/1576/1270 1363/1575/1269
f 1376/1589/1282 1365/1590/1271 1364/1576/1270
f 1377/1591/1283 1366/1577/1272 1365/1590/1271
f 1378/1592/1284 1367/1578/1273 1366/1577/1272
f 1367/1580/1273 1380/1593/1286 1368/1582/1274
f 1380/1593/1286 1369/1583/1275 1368/1582/1274
f 1369/1583/1275 1382/1594/1288 1370/1584/1276
f 1382/1594/1288 1371/1595/1277 1370/1584/1276
f 1383/1596/1289 1372/1585/1278 1371/1595/1277
f 1384/1597/1290 1361/1573/1267 1372/1585/1278
f 1385/1598/1291 1374/1587/1280 1373/1599/1279
f 1386/1600/1292 1375/1588/1281 1374/1587/1280
f 1387/1601/1293 1376/1589/1282 1375/1588/1281
f 1376/1589/1282 1389/1602/1295 1377/1591/1283
f 1389/1602/1295 1378/1592/1284 1377/1591/1283
f 1390/1603/1296 1379/1604/1285 1378/1592/1284
f 1391/1605/1297 1380/1593/1286 1379/1606/1285
f 1392/1607/1298 1381/1608/1287 1380/1593/1286
f 1393/1609/1299 1382/1594/1288 1381/1608/1287
f 1382/1594/1288 1395/1610/1301 1383/1596/1289
f 1395/1610/1301 1384/1597/1290 1383/1596/1289
f 1384/1597/1290 1385/1598/1291 1373/1599/1279
f 1397/1611/1303 1386/1600/1292 1385/1598/1291
f 1398/1612/1304 1387/1601/1293 1386/1600/1292
f 1387/1601/1293 1400/1613/1306 1388/1614/1294
f 1400/1613/1306 1389/1602/1295 1388/1614/1294
f 1401/1615/1307 1390/1603/1296 1389/1602/1295
f 1402/1616/1308 1391/1617/1297 1390/1603/1296
f 1403/1618/1309 1392/1607/1298 1391/1605/1297
f 1392/1607/1298 1405/1619/1311 1393/1609/1299
f 1393/1609/1299 1406/1620/1312 1394/1621/1300
f 1406/1620/1312 1395/1610/1301 1394/1621/1300
f 1395/1610/1301 1408/1622/1314 1396/1623/1302
f 1408/1622/1314 1385/1598/1291 1396/1623/1302
f 1397/1611/1303 1410/1624/1316 1398/1612/1304
f 1410/1624/1316 1399/1625/1305 1398/1612/1304
f 1411/1626/1317 1400/1613/1306 1399/1625/1305
f 1412/1627/1318 1401/1615/1307 1400/1613/1306
f 1401/1615/1307 1414/1628/1320 1402/1616/1308
f 1414/1628/1320 1403/1629/1309 1402/1616/1308
f 1415/1630/1321 1404/1631/1310 1403/1618/1309
f 1416/1632/1322 1405/1619/1311 1404/1631/1310
f 1405/1619/1311 1418/1633/1324 1406/1620/1312
f 1418/1633/1324 1407/1634/1313 1406/1620/1312
f 1407/1634/1313 1420/1635/1326 1408/1622/1314
f 1420/1635/1326 1397/1611/1303 1408/1622/1314
f 1409/1636/1315 1422/1637/1328 1410/1624/1316
f 1422/1637/1328 1411/1626/1317 1410/1624/1316
f 1411/1626/1317 1424/1638/1330 1412/1627/1318
f 1412/1627/1318 1425/1639/1331 1413/1640/1319
f 1425/1639/1331 1414/1628/1320 1413/1640/1319
f 1426/1641/1332 1415/1642/1321 1414/1628/1320
f 1427/1643/1333 1416/1632/1322 1415/1630/1321
f 1428/1644/1334 1417/1645/1323 1416/1632/1322
f 1429/1646/1335 1418/1633/1324 1417/1645/1323
f 1430/1647/1336 1419/1648/1325 1418/1633/1324
f 1419/1648/1325 1432/1649/1338 1420/1635/1326
f 1432/1649/1338 1409/1636/1315 1420/1635/1326
f 1421/1650/1327 1434/1651/1340 1422/1637/1328
f 1434/1651/1340 1423/1652/1329 1422/1637/1328
f 1435/1653/1341 1424/1638/1330 1423/1652/1329
f 1436/1654/1342 1425/1639/1331 1424/1638/1330
f 1437/1655/1343 1426/1641/1332 1425/1639/1331
f 1438/1656/1344 1427/1657/1333 1426/1641/1332
f 1427/1643/1333 1440/1658/1346 1428/1644/1334
f 1428/1644/1334 1441/1659/1347 1429/1646/1335
f 1429/1646/1335 1442/1660/1348 1430/1647/1336
f 1430/1647/1336 1443/1661/1349 1431/1662/1337
f 1431/1662/1337 1444/1663/1350 1432/1649/1338
f 1444/1663/1350 1421/1650/1327 1432/1649/1338
f 1445/1664/1351 1434/1651/1340 1433/1665/1339
f 1446/1666/1352 1435/1653/1341 1434/1651/1340
f 1435/1653/1341 1448/1667/1354 1436/1654/1342
f 1448/1667/1354 1437/1655/1343 1436/1654/1342
f 1437/1655/1343 1450/1668/1356 1438/1656/1344
f 1450/1668/1356 1439/1669/1345 1438/1656/1344
f 1439/1670/1345 1452/1671/1358 1440/1658/1346
f 1452/1671/1358 1441/1659/1347 1440/1658/1346
f 1453/1672/1359 1442/1660/1348 1441/1659/1347
f 1454/1673/1360 1443/1661/1349 1442/1660/1348
f 1443/1661/1349 1456/1674/1362 1444/1663/1350
f 1456/1674/1362 1433/1665/1339 1444/1663/1350
f 1445/1664/1351 1458/1675/1364 1446/1666/1352
f 1446/1666/1352 1459/1676/1365 1447/1677/1353
f 1447/1677/1353 1460/1678/1366 1448/1667/1354
f 1460/1678/1366 1449/1679/1355 1448/1667/1354
f 1461/1680/1367 1450/1668/1356 1449/1679/1355
f 1462/1681/1368 1451/1682/1357 1450/1668/1356
f 1451/1683/1357 1464/1684/1370 1452/1671/1358
f 1464/1684/1370 1453/1672/1359 1452/1671/1358
f 1465/1685/1371 1454/1673/1360 1453/1672/1359
f 1466/1686/1372 1455/1687/1361 1454/1673/1360
f 1467/1688/1373 1456/1674/1362 1455/1687/1361
f 1468/1689/1374 1445/1664/1351 1456/1674/1362
f 1469/1690/1375 1458/1675/1364 1457/1691/1363
f 1458/1675/1364 1471/1692/1377 1459/1676/1365
f 1471/1692/1377 1460/1678/1366 1459/1676/1365
f 1460/1678/1366 1473/1693/1379 1461/1680/1367
f 1473/1693/1379 1462/1681/1368 1461/1680/1367
f 1462/1681/1368 1475/1694/1381 1463/1695/1369
f 1475/1696/1381 1464/1684/1370 1463/1697/1369
f 1464/1684/1370 1477/1698/1383 1465/1685/1371
f 1477/1698/1383 1466/1686/1372 1465/1685/1371
f 1466/1686/1372 1479/1699/1385 1467/1688/1373
f 1479/1699/1385 1468/1689/1374 1467/1688/1373
f 1480/1700/1386 1457/1691/1363 1468/1689/1374
f 1469/1690/1375 1482/1701/1388 1470/1702/1376
f 1482/1701/1388 1471/1692/1377 1470/1702/1376
f 1483/1703/1389 1472/1704/1378 1471/1692/1377
f 1484/1705/1390 1473/1693/1379 1472/1704/1378
f 1485/1706/1391 1474/1707/1380 1473/1693/1379
f 1486/1708/1392 1475/1694/1381 1474/1707/1380
f 1487/1709/1393 1476/1710/1382 1475/1696/1381
f 1476/1710/1382 1489/1711/1395 1477/1698/1383
f 1489/1711/1395 1478/1712/1384 1477/1698/1383
f 1478/1712/1384 1491/1713/1397 1479/1699/1385
f 1479/1699/1385 1492/1714/1398 1480/1700/1386
f 1492/1714/1398 1469/1690/1375 1480/1700/1386
f 1493/1715/1399 1482/1701/1388 1481/1716/1387
f 1494/1717/1400 1483/1703/1389 1482/1701/1388
f 1483/1703/1389 1496/1718/1402 1484/1705/1390
f 1484/1705/1390 1497/1719/1403 1485/1706/1391
f 1485/1706/1391 1498/1720/1404 1486/1708/1392
f 1498/1720/1404 1487/1721/1393 1486/1708/1392
f 1499/1722/1405 1488/1723/1394 1487/1709/1393
f 1500/1724/1406 1489/1711/1395 1488/1723/1394
f 1501/1725/1407 1490/1726/1396 1489/1711/1395
f 1502/1727/1408 1491/1713/1397 1490/1726/1396
f 1503/1728/1409 1492/1714/1398 1491/1713/1397
f 1492/1714/1398 1493/1715/1399 1481/1716/1387
f 1505/1729/1411 1494/1717/1400 1493/1715/1399
f 1506/1730/1412 1495/1731/1401 1494/1717/1400
f 1507/1732/1413 1496/1718/1402 1495/1731/1401
f 1496/1718/1402 1509/1733/1415 1497/1719/1403
f 1509/1733/1415 1498/1720/1404 1497/1719/1403
f 1510/1734/1416 1499/1735/1405 1498/1720/1404
f 1511/1736/1417 1500/1724/1406 1499/1722/1405
f 1500/1724/1406 1513/1737/1419 1501/1725/1407
f 1513/1737/1419 1502/1727/1408 1501/1725/1407
f 1502/1727/1408 1515/1738/1421 1503/1728/1409
f 1515/1738/1421 1504/1739/1410 1503/1728/1409
f 1504/1739/1410 1505/1729/1411 1493/1715/1399
f 1517/1740/1141 1506/1730/1412 1505/1729/1411
f 1518/1741/1423 1507/1732/1413 1506/1730/1412
f 1519/1742/1424 1508/1743/1414 1507/1732/1413
f 1520/1744/1425 1509/1733/1415 1508/1743/1414
f 1521/1745/1426 1510/1734/1416 1509/1733/1415
f 1522/1746/1427 1511/1747/1417 1510/1734/1416
f 1523/1748/1135 1512/1749/1418 1511/1736/1417
f 1524/1750/1428 1513/1737/1419 1512/1749/1418
f 1525/1751/1429 1514/1752/1420 1513/1737/1419
f 1526/1753/1430 1515/1738/1421 1514/1752/1420
f 1527/1754/1431 1516/1755/1422 1515/1738/1421
f 1516/1755/1422 1517/1740/1141 1505/1729/1411
f 1529/1756/1153 1518/1757/1423 1517/1758/1141
f 1530/1759/1433 1519/1760/1424 1518/1757/1423
f 1531/1761/1434 1520/1762/1425 1519/1760/1424
f 1532/1763/1435 1521/1764/1426 1520/1762/1425
f 1533/1765/1436 1522/1766/1427 1521/1764/1426
f 1534/1767/1437 1523/1768/1135 1522/1766/1427
f 1535/1769/1147 1524/1770/1428 1523/1771/1135
f 1536/1772/1438 1525/1773/1429 1524/1770/1428
f 1537/1774/1439 1526/1775/1430 1525/1773/1429
f 1526/1775/1430 1539/1776/1441 1527/1777/1431
f 1539/1776/1441 1528/1778/1432 1527/1777/1431
f 1528/1778/1432 1529/1756/1153 1517/1758/1141
f 1529/1756/1153 1542/1779/1443 1530/1759/1433
f 1542/1779/1443 1531/1761/1434 1530/1759/1433
f 1543/1780/1444 1532/1763/1435 1531/1761/1434
f 1544/1781/1445 1533/1765/1436 1532/1763/1435
f 1533/1765/1436 1546/1782/1447 1534/1767/1437
f 1546/1782/1447 1535/1783/1147 1534/1767/1437
f 1547/1784/1159 1536/1772/1438 1535/1769/1147
f 1548/1785/1448 1537/1774/1439 1536/1772/1438
f 1537/1774/1439 1550/1786/1450 1538/1787/1440
f 1550/1786/1450 1539/1776/1441 1538/1787/1440
f 1551/1788/1451 1540/1789/1442 1539/1776/1441
f 1552/1790/1452 1529/1756/1153 1540/1789/1442
f 1553/1791/1177 1542/1779/1443 1541/1792/1165
f 1554/1793/1453 1543/1780/1444 1542/1779/1443
f 1555/1794/1454 1544/1781/1445 1543/1780/1444
f 1556/1795/1455 1545/1796/1446 1544/1781/1445
f 1545/1796/1446 1558/1797/1457 1546/1782/1447
f 1558/1797/1457 1547/1798/1159 1546/1782/1447
f 1559/1799/1171 1548/1785/1448 1547/1784/1159
f 1560/1800/1458 1549/1801/1449 1548/1785/1448
f 1549/1801/1449 1562/1802/1460 1550/1786/1450
f 1550/1786/1450 1563/1803/1461 1551/1788/1451
f 1563/1803/1461 1552/1790/1452 1551/1788/1451
f 1564/1804/1462 1541/1792/1165 1552/1790/1452
f 1553/1791/1177 1566/1805/1463 1554/1793/1453
f 1566/1805/1463 1555/1794/1454 1554/1793/1453
f 1555/1794/1454 1568/1806/1465 1556/1795/1455
f 1556/1795/1455 1569/1807/1466 1557/1808/1456
f 1569/1807/1466 1558/1797/1457 1557/1808/1456
f 1570/1809/1467 1559/1810/1171 1558/1797/1457
f 1571/1811/1183 1560/1800/1458 1559/1799/1171
f 1572/1812/1468 1561/1813/1459 1560/1800/1458
f 1573/1814/1469 1562/1802/1460 1561/1813/1459
f 1574/1815/1470 1563/1803/1461 1562/1802/1460
f 1563/1803/1461 1576/1816/1472 1564/1804/1462
f 1576/1816/1472 1553/1791/1177 1564/1804/1462
f 1577/1817/1201 1566/1805/1463 1565/1818/1189
f 1578/1819/1473 1567/1820/1464 1566/1805/1463
f 1567/1820/1464 1580/1821/1475 1568/1806/1465
f 1580/1821/1475 1569/1807/1466 1568/1806/1465
f 1581/1822/1476 1570/1809/1467 1569/1807/1466
f 1582/1823/1477 1571/1824/1183 1570/1809/1467
f 1571/1811/1183 1584/1825/1478 1572/1812/1468
f 1572/1812/1468 1585/1826/1479 1573/1814/1469
f 1573/1814/1469 1586/1827/1480 1574/1815/1470
f 1586/1827/1480 1575/1828/1471 1574/1815/1470
f 1587/1829/1481 1576/1816/1472 1575/1828/1471
f 1576/1816/1472 1577/1817/1201 1565/1818/1189
f 1577/1817/1201 1590/1830/1483 1578/1819/1473
f 1590/1830/1483 1579/1831/1474 1578/1819/1473
f 1591/1832/1484 1580/1821/1475 1579/1831/1474
f 1580/1821/1475 1593/1833/1486 1581/1822/1476
f 1593/1833/1486 1582/1823/1477 1581/1822/1476
f 1582/1823/1477 1595/1834/1207 1583/1835/1195
f 1595/1836/1207 1584/1825/1478 1583/1837/1195
f 1596/1838/1488 1585/1826/1479 1584/1825/1478
f 1597/1839/1489 1586/1827/1480 1585/1826/1479
f 1586/1827/1480 1599/1840/1491 1587/1829/1481
f 1587/1829/1481 1600/1841/1492 1588/1842/1482
f 1600/1841/1492 1577/1817/1201 1588/1842/1482
f 1601/1843/1225 1590/1830/1483 1589/1844/1213
f 1590/1830/1483 1603/1845/1494 1591/1832/1484
f 1603/1845/1494 1592/1846/1485 1591/1832/1484
f 1592/1846/1485 1605/1847/1496 1593/1833/1486
f 1605/1847/1496 1594/1848/1487 1593/1833/1486
f 1594/1848/1487 1607/1849/1219 1595/1834/1207
f 1607/1850/1219 1596/1838/1488 1595/1836/1207
f 1596/1838/1488 1609/1851/1499 1597/1839/1489
f 1609/1851/1499 1598/1852/1490 1597/1839/1489
f 1610/1853/1500 1599/1840/1491 1598/1852/1490
f 1611/1854/1501 1600/1841/1492 1599/1840/1491
f 1600/1841/1492 1601/1843/1225 1589/1844/1213
f 1613/1855/1237 1602/1856/1493 1601/1843/1225
f 1602/1856/1493 1615/1857/1504 1603/1845/1494
f 1603/1845/1494 1616/1858/1505 1604/1859/1495
f 1616/1858/1505 1605/1847/1496 1604/1859/1495
f 1617/1860/1506 1606/1861/1497 1605/1847/1496
f 1606/1861/1497 1619/1862/1231 1607/1849/1219
f 1619/1863/1231 1608/1864/1498 1607/1850/1219
f 1608/1864/1498 1621/1865/1509 1609/1851/1499
f 1609/1851/1499 1622/1866/1510 1610/1853/1500
f 1622/1866/1510 1611/1854/1501 1610/1853/1500
f 1623/1867/1511 1612/1868/1502 1611/1854/1501
f 1612/1868/1502 1613/1855/1237 1601/1843/1225
f 1625/1869/1249 1614/1870/1503 1613/1855/1237
f 1614/1870/1503 1627/1871/1514 1615/1857/1504
f 1627/1871/1514 1616/1858/1505 1615/1857/1504
f 1628/1872/1515 1617/1860/1506 1616/1858/1505
f 1629/1873/1516 1618/1874/1507 1617/1860/1506
f 1630/1875/1517 1619/1862/1231 1618/1874/1507
f 1631/1876/1243 1620/1877/1508 1619/1863/1231
f 1632/1878/1518 1621/1865/1509 1620/1877/1508
f 1621/1865/1509 1634/1879/1520 1622/1866/1510
f 1622/1866/1510 1635/1880/1521 1623/1867/1511
f 1635/1880/1521 1624/1881/1512 1623/1867/1511
f 1624/1881/1512 1625/1869/1249 1613/1855/1237
f 1637/1882/1261 1626/1883/1513 1625/1869/1249
f 1626/1883/1513 1639/1884/1524 1627/1871/1514
f 1639/1884/1524 1628/1872/1515 1627/1871/1514
f 1628/1872/1515 1641/1885/1526 1629/1873/1516
f 1629/1873/1516 1642/1886/1527 1630/1875/1517
f 1642/1886/1527 1631/1887/1243 1630/1875/1517
f 1643/1888/1255 1632/1878/1518 1631/1876/1243
f 1644/1889/1528 1633/1890/1519 1632/1878/1518
f 1645/1891/1529 1634/1879/1520 1633/1890/1519
f 1634/1879/1520 1647/1892/1531 1635/1880/1521
f 1647/1892/1531 1636/1893/1522 1635/1880/1521
f 1636/1893/1522 1637/1882/1261 1625/1869/1249
f 1649/1894/1273 1638/1895/1523 1637/1882/1261
f 1650/1896/1533 1639/1884/1524 1638/1895/1523
f 1651/1897/1534 1640/1898/1525 1639/1884/1524
f 1652/1899/1535 1641/1885/1526 1640/1898/1525
f 1653/1900/1536 1642/1886/1527 1641/1885/1526
f 1654/1901/1537 1643/1902/1255 1642/1886/1527
f 1655/1903/1267 1644/1889/1528 1643/1888/1255
f 1644/1889/1528 1657/1904/1539 1645/1891/1529
f 1645/1891/1529 1658/1905/1540 1646/1906/1530
f 1658/1905/1540 1647/1892/1531 1646/1906/1530
f 1659/1907/1541 1648/1908/1532 1647/1892/1531
f 1660/1909/1542 1637/1882/1261 1648/1908/1532
f 1661/1910/1285 1650/1896/1533 1649/1894/1273
f 1650/1896/1533 1663/1911/1544 1651/1897/1534
f 1663/1911/1544 1652/1899/1535 1651/1897/1534
f 1652/1899/1535 1665/1912/1546 1653/1900/1536
f 1665/1912/1546 1654/1901/1537 1653/1900/1536
f 1654/1901/1537 1667/1913/1279 1655/1914/1267
f 1667/1915/1279 1656/1916/1538 1655/1903/1267
f 1656/1916/1538 1669/1917/1549 1657/1904/1539
f 1669/1917/1549 1658/1905/1540 1657/1904/1539
f 1658/1905/1540 1671/1918/1551 1659/1907/1541
f 1671/1918/1551 1660/1909/1542 1659/1907/1541
f 1672/1919/1552 1649/1894/1273 1660/1909/1542
f 1673/1920/1297 1662/1921/1543 1661/1910/1285
f 1662/1921/1543 1675/1922/1554 1663/1911/1544
f 1675/1922/1554 1664/1923/1545 1663/1911/1544
f 1676/1924/1555 1665/1912/1546 1664/1923/1545
f 1677/1925/1556 1666/1926/1547 1665/1912/1546
f 1678/1927/1557 1667/1913/1279 1666/1926/1547
f 1679/1928/1291 1668/1929/1548 1667/1915/1279
f 1680/1930/1558 1669/1917/1549 1668/1929/1548
f 1681/1931/1559 1670/1932/1550 1669/1917/1549
f 1682/1933/1560 1671/1918/1551 1670/1932/1550
f 1683/1934/1561 1672/1919/1552 1671/1918/1551
f 1672/1919/1552 1673/1920/1297 1661/1910/1285
f 1685/1935/1309 1674/1936/1553 1673/1920/1297
f 1674/1936/1553 1687/1937/1564 1675/1922/1554
f 1687/1937/1564 1676/1924/1555 1675/1922/1554
f 1688/1938/1565 1677/1925/1556 1676/1924/1555
f 1689/1939/1566 1678/1927/1557 1677/1925/1556
f 1678/1927/1557 1691/1940/1568 1679/1941/1291
f 1691/1942/1568 1680/1930/1558 1679/1928/1291
f 1692/1943/1569 1681/1931/1559 1680/1930/1558
f 1681/1931/1559 1694/1944/1571 1682/1933/1560
f 1694/1944/1571 1683/1934/1561 1682/1933/1560
f 1695/1945/1572 1684/1946/1562 1683/1934/1561
f 1684/1946/1562 1685/1935/1309 1673/1920/1297
f 1685/1935/1309 1698/1947/1574 1686/1948/1563
f 1686/1948/1563 1699/1949/1575 1687/1937/1564
f 1687/1937/1564 1700/1950/1576 1688/1938/1565
f 1688/1938/1565 1701/1951/1577 1689/1939/1566
f 1689/1939/1566 1702/1952/1578 1690/1953/1567
f 1702/1952/1578 1691/1940/1568 1690/1953/1567
f 1703/1954/1315 1692/1943/1569 1691/1942/1568
f 1704/1955/1579 1693/1956/1570 1692/1943/1569
f 1705/1957/1580 1694/1944/1571 1693/1956/1570
f 1706/1958/1581 1695/1945/1572 1694/1944/1571
f 1707/1959/1582 1696/1960/1573 1695/1945/1572
f 1708/1961/1583 1685/1935/1309 1696/1960/1573
f 1697/1962/1321 1710/1963/1584 1698/1947/1574
f 1710/1963/1584 1699/1949/1575 1698/1947/1574
f 1711/1964/1585 1700/1950/1576 1699/1949/1575
f 1700/1950/1576 1713/1965/1587 1701/1951/1577
f 1713/1965/1587 1702/1952/1578 1701/1951/1577
f 1702/1952/1578 1715/1966/1327 1703/1967/1315
f 1715/1968/1327 1704/1955/1579 1703/1954/1315
f 1704/1955/1579 1717/1969/1590 1705/1957/1580
f 1717/1969/1590 1706/1958/1581 1705/1957/1580
f 1718/1970/1591 1707/1959/1582 1706/1958/1581
f 1707/1959/1582 1720/1971/1593 1708/1961/1583
f 1720/1971/1593 1697/1962/1321 1708/1961/1583
f 1721/1972/1345 1710/1963/1584 1709/1973/1333
f 1710/1963/1584 1723/1974/1595 1711/1964/1585
f 1723/1974/1595 1712/1975/1586 1711/1964/1585
f 1712/1975/1586 1725/1976/1597 1713/1965/1587
f 1725/1976/1597 1714/1977/1588 1713/1965/1587
f 1726/1978/1598 1715/1966/1327 1714/1977/1588
f 1727/1979/1339 1716/1980/1589 1715/1968/1327
f 1716/1980/1589 1729/1981/1600 1717/1969/1590
f 1729/1981/1600 1718/1970/1591 1717/1969/1590
f 1718/1970/1591 1731/1982/1602 1719/1983/1592
f 1731/1982/1602 1720/1971/1593 1719/1983/1592
f 1732/1984/1603 1709/1973/1333 1720/1971/1593
f 1733/1985/1357 1722/1986/1594 1721/1972/1345
f 1722/1986/1594 1735/1987/1605 1723/1974/1595
f 1723/1974/1595 1736/1988/1606 1724/1989/1596
f 1736/1988/1606 1725/1976/1597 1724/1989/1596
f 1725/1976/1597 1738/1990/1608 1726/1978/1598
f 1726/1978/1598 1739/1991/1351 1727/1992/1339
f 1739/1993/1351 1728/1994/1599 1727/1979/1339
f 1740/1995/1609 1729/1981/1600 1728/1994/1599
f 1741/1996/1610 1730/1997/1601 1729/1981/1600
f 1742/1998/1611 1731/1982/1602 1730/1997/1601
f 1743/1999/1612 1732/1984/1603 1731/1982/1602
f 1732/1984/1603 1733/1985/1357 1721/1972/1345
f 1733/1985/1357 1746/2000/1614 1734/2001/1604
f 1746/2000/1614 1735/1987/1605 1734/2001/1604
f 1747/2002/1615 1736/1988/1606 1735/1987/1605
f 1748/2003/1616 1737/2004/1607 1736/1988/1606
f 1749/2005/1617 1738/1990/1608 1737/2004/1607
f 1738/1990/1608 1751/2006/1363 1739/1991/1351
f 1751/2007/1363 1740/1995/1609 1739/1993/1351
f 1752/2008/1619 1741/1996/1610 1740/1995/1609
f 1741/1996/1610 1754/2009/1621 1742/1998/1611
f 1754/2009/1621 1743/1999/1612 1742/1998/1611
f 1755/2010/1622 1744/2011/1613 1743/1999/1612
f 1756/2012/1623 1733/1985/1357 1744/2011/1613
f 1745/2013/1369 1758/2014/1624 1746/2000/1614
f 1758/2014/1624 1747/2002/1615 1746/2000/1614
f 1747/2002/1615 1760/2015/1626 1748/2003/1616
f 1760/2015/1626 1749/2005/1617 1748/2003/1616
f 1749/2005/1617 1762/2016/1628 1750/2017/1618
f 1762/2016/1628 1751/2006/1363 1750/2017/1618
f 1763/2018/1375 1752/2008/1619 1751/2007/1363
f 1764/2019/1629 1753/2020/1620 1752/2008/1619
f 1753/2020/1620 1766/2021/1631 1754/2009/1621
f 1766/2021/1631 1755/2010/1622 1754/2009/1621
f 1755/2010/1622 1768/2022/1633 1756/2012/1623
f 1768/2022/1633 1745/2013/1369 1756/2012/1623
f 1757/2023/1381 1770/2024/1634 1758/2014/1624
f 1758/2014/1624 1771/2025/1635 1759/2026/1625
f 1771/2025/1635 1760/2015/1626 1759/2026/1625
f 1772/2027/1636 1761/2028/1627 1760/2015/1626
f 1761/2028/1627 1774/2029/1638 1762/2016/1628
f 1774/2029/1638 1763/2030/1375 1762/2016/1628
f 1775/2031/1387 1764/2019/1629 1763/2018/1375
f 1776/2032/1639 1765/2033/1630 1764/2019/1629
f 1777/2034/1640 1766/2021/1631 1765/2033/1630
f 1778/2035/1641 1767/2036/1632 1766/2021/1631
f 1779/2037/1642 1768/2022/1633 1767/2036/1632
f 1780/2038/1643 1757/2023/1381 1768/2022/1633
f 1781/2039/1405 1770/2024/1634 1769/2040/1393
f 1770/2024/1634 1783/2041/1645 1771/2025/1635
f 1783/2041/1645 1772/2027/1636 1771/2025/1635
f 1784/2042/1646 1773/2043/1637 1772/2027/1636
f 1785/2044/1647 1774/2029/1638 1773/2043/1637
f 1786/2045/1648 1775/2046/1387 1774/2029/1638
f 1775/2031/1387 1788/2047/1649 1776/2032/1639
f 1776/2032/1639 1789/2048/1650 1777/2034/1640
f 1777/2034/1640 1790/2049/1651 1778/2035/1641
f 1778/2035/1641 1791/2050/1652 1779/2037/1642
f 1791/2050/1652 1780/2038/1643 1779/2037/1642
f 1792/2051/1653 1769/2040/1393 1780/2038/1643
f 1781/2039/1405 1794/2052/1654 1782/2053/1644
f 1794/2052/1654 1783/2041/1645 1782/2053/1644
f 1795/2054/1655 1784/2042/1646 1783/2041/1645
f 1796/2055/1656 1785/2044/1647 1784/2042/1646
f 1785/2044/1647 1798/2056/1658 1786/2045/1648
f 1798/2056/1658 1787/2057/1399 1786/2045/1648
f 1787/2058/1399 1800/2059/1659 1788/2047/1649
f 1800/2059/1659 1789/2048/1650 1788/2047/1649
f 1801/2060/1660 1790/2049/1651 1789/2048/1650
f 1802/2061/1661 1791/2050/1652 1790/2049/1651
f 1791/2050/1652 1804/2062/1663 1792/2051/1653
f 1804/2062/1663 1781/2039/1405 1792/2051/1653
f 1229/1435/1135 1794/2052/1654 1793/2063/1417
f 1230/1434/1136 1795/2054/1655 1794/2052/1654
f 1231/1437/1137 1796/2055/1656 1795/2054/1655
f 1232/1438/1138 1797/2064/1657 1796/2055/1656
f 1797/2064/1657 1234/1442/1140 1798/2056/1658
f 1234/1442/1140 1799/2065/1411 1798/2056/1658
f 1235/1446/1141 1800/2059/1659 1799/2066/1411
f 1800/2059/1659 1237/1448/1143 1801/2060/1660
f 1237/1448/1143 1802/2061/1661 1801/2060/1660
f 1238/1450/1144 1803/2067/1662 1802/2061/1661
f 1803/2067/1662 1240/1454/1146 1804/2062/1663
f 1240/1454/1146 1793/2063/1417 1804/2062/1663
f 1241/1433/1147 1242/1457/1148 1230/1434/1136
f 1230/1434/1136 1242/1457/1148 1243/1436/1149
f 1243/1436/1149 1244/1439/1150 1232/1438/1138
f 1244/1439/1150 1245/1460/1151 1233/1440/1139
f 1233/1440/1139 1245/1460/1151 1246/1441/1152
f 1246/1441/1152 1247/1463/1153 1235/1443/1141
f 1247/1444/1153 1248/1447/1154 1236/1445/1142
f 1248/1447/1154 1249/1449/1155 1237/1448/1143
f 1249/1449/1155 1250/1451/1156 1238/1450/1144
f 1250/1451/1156 1251/1453/1157 1239/1452/1145
f 1251/1453/1157 1252/1455/1158 1240/1454/1146
f 1252/1455/1158 1241/1433/1147 1229/1435/1135
f 1253/1456/1159 1254/1469/1160 1242/1457/1148
f 1242/1457/1148 1254/1469/1160 1255/1458/1161
f 1255/1458/1161 1256/1459/1162 1244/1439/1150
f 1256/1459/1162 1257/1461/1163 1245/1460/1151
f 1257/1461/1163 1258/1462/1164 1246/1441/1152
f 1258/1462/1164 1259/1474/1165 1247/1463/1153
f 1259/1464/1165 1260/1476/1166 1248/1447/1154
f 1248/1447/1154 1260/1476/1166 1261/1465/1167
f 1249/1449/1155 1261/1465/1167 1262/1466/1168
f 1250/1451/1156 1262/1466/1168 1263/1467/1169
f 1263/1467/1169 1264/1481/1170 1252/1455/1158
f 1252/1455/1158 1264/1481/1170 1253/1456/1159
f 1265/1468/1171 1266/1470/1172 1254/1469/1160
f 1266/1470/1172 1267/1485/1173 1255/1458/1161
f 1255/1458/1161 1267/1485/1173 1268/1471/1174
f 1256/1459/1162 1268/1471/1174 1269/1472/1175
f 1257/1461/1163 1269/1472/1175 1270/1473/1176
f 1270/1473/1176 1271/1489/1177 1259/1474/1165
f 1271/1475/1177 1272/1477/1178 1260/1476/1166
f 1272/1477/1178 1273/1478/1179 1261/1465/1167
f 1273/1478/1179 1274/1479/1180 1262/1466/1168
f 1274/1479/1180 1275/1480/1181 1263/1467/1169
f 1275/1480/1181 1276/1482/1182 1264/1481/1170
f 1276/1482/1182 1265/1468/1171 1253/1456/1159
f 1277/1483/1183 1278/1496/1184 1266/1470/1172
f 1266/1470/1172 1278/1496/1184 1279/1484/1185
f 1267/1485/1173 1279/1484/1185 1280/1486/1186
f 1280/1486/1186 1281/1487/1187 1269/1472/1175
f 1281/1487/1187 1282/1499/1188 1270/1473/1176
f 1270/1473/1176 1282/1499/1188 1283/1488/1189
f 1283/1490/1189 1284/1502/1190 1272/1477/1178
f 1272/1477/1178 1284/1502/1190 1285/1491/1191
f 1273/1478/1179 1285/1491/1191 1286/1492/1192
f 1286/1492/1192 1287/1493/1193 1275/1480/1181
f 1287/1493/1193 1288/1494/1194 1276/1482/1182
f 1288/1494/1194 1277/1483/1183 1265/1468/1171
f 1289/1495/1195 1290/1508/1196 1278/1496/1184
f 1278/1496/1184 1290/1508/1196 1291/1497/1197
f 1291/1497/1197 1292/1510/1198 1280/1486/1186
f 1280/1486/1186 1292/1510/1198 1293/1498/1199
f 1293/1498/1199 1294/1500/1200 1282/1499/1188
f 1294/1500/1200 1295/1513/1201 1283/1488/1189
f 1295/1501/1201 1296/1503/1202 1284/1502/1190
f 1296/1503/1202 1297/1504/1203 1285/1491/1191
f 1297/1504/1203 1298/1516/1204 1286/1492/1192
f 1286/1492/1192 1298/1516/1204 1299/1505/1205
f 1299/1505/1205 1300/1506/1206 1288/1494/1194
f 1300/1506/1206 1289/1495/1195 1277/1483/1183
f 1301/1507/1207 1302/1519/1208 1290/1508/1196
f 1290/1508/1196 1302/1519/1208 1303/1509/1209
f 1303/1509/1209 1304/1522/1210 1292/1510/1198
f 1292/1510/1198 1304/1522/1210 1305/1511/1211
f 1305/1511/1211 1306/1512/1212 1294/1500/1200
f 1306/1512/1212 1307/1526/1213 1295/1513/1201
f 1307/1514/1213 1308/1528/1214 1296/1503/1202
f 1296/1503/1202 1308/1528/1214 1309/1515/1215
f 1309/1515/1215 1310/1531/1216 1298/1516/1204
f 1298/1516/1204 1310/1531/1216 1311/1517/1217
f 1311/1517/1217 1312/1533/1218 1300/1506/1206
f 1300/1506/1206 1312/1533/1218 1301/1507/1207
f 1313/1518/1219 1314/1520/1220 1302/1519/1208
f 1314/1520/1220 1315/1521/1221 1303/1509/1209
f 1315/1521/1221 1316/1523/1222 1304/1522/1210
f 1316/1523/1222 1317/1524/1223 1305/1511/1211
f 1317/1524/1223 1318/1525/1224 1306/1512/1212
f 1318/1525/1224 1319/1540/1225 1307/1526/1213
f 1307/1514/1213 1319/1542/1225 1320/1527/1226
f 1308/1528/1214 1320/1527/1226 1321/1529/1227
f 1309/1515/1215 1321/1529/1227 1322/1530/1228
f 1322/1530/1228 1323/1532/1229 1311/1517/1217
f 1323/1532/1229 1324/1534/1230 1312/1533/1218
f 1324/1534/1230 1313/1518/1219 1301/1507/1207
f 1325/1535/1231 1326/1536/1232 1314/1520/1220
f 1326/1536/1232 1327/1537/1233 1315/1521/1221
f 1327/1537/1233 1328/1549/1234 1316/1523/1222
f 1316/1523/1222 1328/1549/1234 1329/1538/1235
f 1317/1524/1223 1329/1538/1235 1330/1539/1236
f 1330/1539/1236 1331/1552/1237 1319/1540/1225
f 1331/1541/1237 1332/1543/1238 1320/1527/1226
f 1332/1543/1238 1333/1544/1239 1321/1529/1227
f 1333/1544/1239 1334/1555/1240 1322/1530/1228
f 1322/1530/1228 1334/1555/1240 1335/1545/1241
f 1335/1545/1241 1336/1546/1242 1324/1534/1230
f 1336/1546/1242 1325/1535/1231 1313/1518/1219
f 1337/1547/1243 1338/1558/1244 1326/1536/1232
f 1326/1536/1232 1338/1558/1244 1339/1548/1245
f 1339/1548/1245 1340/1550/1246 1328/1549/1234
f 1340/1550/1246 1341/1562/1247 1329/1538/1235
f 1329/1538/1235 1341/1562/1247 1342/1551/1248
f 1342/1551/1248 1343/1565/1249 1331/1552/1237
f 1331/1541/1237 1343/1566/1249 1344/1553/1250
f 1344/1553/1250 1345/1569/1251 1333/1544/1239
f 1333/1544/1239 1345/1569/1251 1346/1554/1252
f 1346/1554/1252 1347/1556/1253 1335/1545/1241
f 1347/1556/1253 1348/1572/1254 1336/1546/1242
f 1336/1546/1242 1348/1572/1254 1337/1547/1243
f 1349/1557/1255 1350/1559/1256 1338/1558/1244
f 1350/1559/1256 1351/1560/1257 1339/1548/1245
f 1351/1560/1257 1352/1561/1258 1340/1550/1246
f 1352/1561/1258 1353/1563/1259 1341/1562/1247
f 1353/1563/1259 1354/1564/1260 1342/1551/1248
f 1354/1564/1260 1355/1579/1261 1343/1565/1249
f 1343/1566/1249 1355/1581/1261 1356/1567/1262
f 1344/1553/1250 1356/1567/1262 1357/1568/1263
f 1345/1569/1251 1357/1568/1263 1358/1570/1264
f 1346/1554/1252 1358/1570/1264 1359/1571/1265
f 1359/1571/1265 1360/1586/1266 1348/1572/1254
f 1348/1572/1254 1360/1586/1266 1349/1557/1255
f 1361/1573/1267 1362/1574/1268 1350/1559/1256
f 1362/1574/1268 1363/1575/1269 1351/1560/1257
f 1363/1575/1269 1364/1576/1270 1352/1561/1258
f 1364/1576/1270 1365/1590/1271 1353/1563/1259
f 1353/1563/1259 1365/1590/1271 1366/1577/1272
f 1354/1564/1260 1366/1577/1272 1367/1578/1273
f 1367/1580/1273 1368/1582/1274 1356/1567/1262
f 1368/1582/1274 1369/1583/1275 1357/1568/1263
f 1369/1583/1275 1370/1584/1276 1358/1570/1264
f 1370/1584/1276 1371/1595/1277 1359/1571/1265
f 1359/1571/1265 1371/1595/1277 1372/1585/1278
f 1360/1586/1266 1372/1585/1278 1361/1573/1267
f 1361/1573/1267 1373/1599/1279 1374/1587/1280
f 1362/1574/1268 1374/1587/1280 1375/1588/1281
f 1375/1588/1281 1376/1589/1282 1364/1576/1270
f 1376/1589/1282 1377/1591/1283 1365/1590/1271
f 1377/1591/1283 1378/1592/1284 1366/1577/1272
f 1378/1592/1284 1379/1604/1285 1367/1578/1273
f 1367/1580/1273 1379/1606/1285 1380/1593/1286
f 1380/1593/1286 1381/1608/1287 1369/1583/1275
f 1369/1583/1275 1381/1608/1287 1382/1594/1288
f 1382/1594/1288 1383/1596/1289 1371/1595/1277
f 1383/1596/1289 1384/1597/1290 1372/1585/1278
f 1384/1597/1290 1373/1599/1279 1361/1573/1267
f 1385/1598/1291 1386/1600/1292 1374/1587/1280
f 1386/1600/1292 1387/1601/1293 1375/1588/1281
f 1387/1601/1293 1388/1614/1294 1376/1589/1282
f 1376/1589/1282 1388/1614/1294 1389/1602/1295
f 1389/1602/1295 1390/1603/1296 1378/1592/1284
f 1390/1603/1296 1391/1617/1297 1379/1604/1285
f 1391/1605/1297 1392/1607/1298 1380/1593/1286
f 1392/1607/1298 1393/1609/1299 1381/1608/1287
f 1393/1609/1299 1394/1621/1300 1382/1594/1288
f 1382/1594/1288 1394/1621/1300 1395/1610/1301
f 1395/1610/1301 1396/1623/1302 1384/1597/1290
f 1384/1597/1290 1396/1623/1302 1385/1598/1291
f 1397/1611/1303 1398/1612/1304 1386/1600/1292
f 1398/1612/1304 1399/1625/1305 1387/1601/1293
f 1387/1601/1293 1399/1625/1305 1400/1613/1306
f 1400/1613/1306 1401/1615/1307 1389/1602/1295
f 1401/1615/1307 1402/1616/1308 1390/1603/1296
f 1402/1616/1308 1403/1629/1309 1391/1617/1297
f 1403/1618/1309 1404/1631/1310 1392/1607/1298
f 1392/1607/1298 1404/1631/1310 1405/1619/1311
f 1393/1609/1299 1405/1619/1311 1406/1620/1312
f 1406/1620/1312 1407/1634/1313 1395/1610/1301
f 1395/1610/1301 1407/1634/1313 1408/1622/1314
f 1408/1622/1314 1397/1611/1303 1385/1598/1291
f 1397/1611/1303 1409/1636/1315 1410/1624/1316
f 1410/1624/1316 1411/1626/1317 1399/1625/1305
f 1411/1626/1317 1412/1627/1318 1400/1613/1306
f 1412/1627/1318 1413/1640/1319 1401/1615/1307
f 1401/1615/1307 1413/1640/1319 1414/1628/1320
f 1414/1628/1320 1415/1642/1321 1403/1629/1309
f 1415/1630/1321 1416/1632/1322 1404/1631/1310
f 1416/1632/1322 1417/1645/1323 1405/1619/1311
f 1405/1619/1311 1417/1645/1323 1418/1633/1324
f 1418/1633/1324 1419/1648/1325 1407/1634/1313
f 1407/1634/1313 1419/1648/1325 1420/1635/1326
f 1420/1635/1326 1409/1636/1315 1397/1611/1303
f 1409/1636/1315 1421/1650/1327 1422/1637/1328
f 1422/1637/1328 1423/1652/1329 1411/1626/1317
f 1411/1626/1317 1423/1652/1329 1424/1638/1330
f 1412/1627/1318 1424/1638/1330 1425/1639/1331
f 1425/1639/1331 1426/1641/1332 1414/1628/1320
f 1426/1641/1332 1427/1657/1333 1415/1642/1321
f 1427/1643/1333 1428/1644/1334 1416/1632/1322
f 1428/1644/1334 1429/1646/1335 1417/1645/1323
f 1429/1646/1335 1430/1647/1336 1418/1633/1324
f 1430/1647/1336 1431/1662/1337 1419/1648/1325
f 1419/1648/1325 1431/1662/1337 1432/1649/1338
f 1432/1649/1338 1421/1650/1327 1409/1636/1315
f 1421/1650/1327 1433/1665/1339 1434/1651/1340
f 1434/1651/1340 1435/1653/1341 1423/1652/1329
f 1435/1653/1341 1436/1654/1342 1424/1638/1330
f 1436/1654/1342 1437/1655/1343 1425/1639/1331
f 1437/1655/1343 1438/1656/1344 1426/1641/1332
f 1438/1656/1344 1439/1669/1345 1427/1657/1333
f 1427/1643/1333 1439/1670/1345 1440/1658/1346
f 1428/1644/1334 1440/1658/1346 1441/1659/1347
f 1429/1646/1335 1441/1659/1347 1442/1660/1348
f 1430/1647/1336 1442/1660/1348 1443/1661/1349
f 1431/1662/1337 1443/1661/1349 1444/1663/1350
f 1444/1663/1350 1433/1665/1339 1421/1650/1327
f 1445/1664/1351 1446/1666/1352 1434/1651/1340
f 1446/1666/1352 1447/1677/1353 1435/1653/1341
f 1435/1653/1341 1447/1677/1353 1448/1667/1354
f 1448/1667/1354 1449/1679/1355 1437/1655/1343
f 1437/1655/1343 1449/1679/1355 1450/1668/1356
f 1450/1668/1356 1451/1682/1357 1439/1669/1345
f 1439/1670/1345 1451/1683/1357 1452/1671/1358
f 1452/1671/1358 1453/1672/1359 1441/1659/1347
f 1453/1672/1359 1454/1673/1360 1442/1660/1348
f 1454/1673/1360 1455/1687/1361 1443/1661/1349
f 1443/1661/1349 1455/1687/1361 1456/1674/1362
f 1456/1674/1362 1445/1664/1351 1433/1665/1339
f 1445/1664/1351 1457/1691/1363 1458/1675/1364
f 1446/1666/1352 1458/1675/1364 1459/1676/1365
f 1447/1677/1353 1459/1676/1365 1460/1678/1366
f 1460/1678/1366 1461/1680/1367 1449/1679/1355
f 1461/1680/1367 1462/1681/1368 1450/1668/1356
f 1462/1681/1368 1463/1695/1369 1451/1682/1357
f 1451/1683/1357 1463/1697/1369 1464/1684/1370
f 1464/1684/1370 1465/1685/1371 1453/1672/1359
f 1465/1685/1371 1466/1686/1372 1454/1673/1360
f 1466/1686/1372 1467/1688/1373 1455/1687/1361
f 1467/1688/1373 1468/1689/1374 1456/1674/1362
f 1468/1689/1374 1457/1691/1363 1445/1664/1351
f 1469/1690/1375 1470/1702/1376 1458/1675/1364
f 1458/1675/1364 1470/1702/1376 1471/1692/1377
f 1471/1692/1377 1472/1704/1378 1460/1678/1366
f 1460/1678/1366 1472/1704/1378 1473/1693/1379
f 1473/1693/1379 1474/1707/1380 1462/1681/1368
f 1462/1681/1368 1474/1707/1380 1475/1694/1381
f 1475/1696/1381 1476/1710/1382 1464/1684/1370
f 1464/1684/1370 1476/1710/1382 1477/1698/1383
f 1477/1698/1383 1478/1712/1384 1466/1686/1372
f 1466/1686/1372 1478/1712/1384 1479/1699/1385
f 1479/1699/1385 1480/1700/1386 1468/1689/1374
f 1480/1700/1386 1469/1690/1375 1457/1691/1363
f 1469/1690/1375 1481/1716/1387 1482/1701/1388
f 1482/1701/1388 1483/1703/1389 1471/1692/1377
f 1483/1703/1389 1484/1705/1390 1472/1704/1378
f 1484/1705/1390 1485/1706/1391 1473/1693/1379
f 1485/1706/1391 1486/1708/1392 1474/1707/1380
f 1486/1708/1392 1487/1721/1393 1475/1694/1381
f 1487/1709/1393 1488/1723/1394 1476/1710/1382
f 1476/1710/1382 1488/1723/1394 1489/1711/1395
f 1489/1711/1395 1490/1726/1396 1478/1712/1384
f 1478/1712/1384 1490/1726/1396 1491/1713/1397
f 1479/1699/1385 1491/1713/1397 1492/1714/1398
f 1492/1714/1398 1481/1716/1387 1469/1690/1375
f 1493/1715/1399 1494/1717/1400 1482/1701/1388
f 1494/1717/1400 1495/1731/1401 1483/1703/1389
f 1483/1703/1389 1495/1731/1401 1496/1718/1402
f 1484/1705/1390 1496/1718/1402 1497/1719/1403
f 1485/1706/1391 1497/1719/1403 1498/1720/1404
f 1498/1720/1404 1499/1735/1405 1487/1721/1393
f 1499/1722/1405 1500/1724/1406 1488/1723/1394
f 1500/1724/1406 1501/1725/1407 1489/1711/1395
f 1501/1725/1407 1502/1727/1408 1490/1726/1396
f 1502/1727/1408 1503/1728/1409 1491/1713/1397
f 1503/1728/1409 1504/1739/1410 1492/1714/1398
f 1492/1714/1398 1504/1739/1410 1493/1715/1399
f 1505/1729/1411 1506/1730/1412 1494/1717/1400
f 1506/1730/1412 1507/1732/1413 1495/1731/1401
f 1507/1732/1413 1508/1743/1414 1496/1718/1402
f 1496/1718/1402 1508/1743/1414 1509/1733/1415
f 1509/1733/1415 1510/1734/1416 1498/1720/1404
f 1510/1734/1416 1511/1747/1417 1499/1735/1405
f 1511/1736/1417 1512/1749/1418 1500/1724/1406
f 1500/1724/1406 1512/1749/1418 1513/1737/1419
f 1513/1737/1419 1514/1752/1420 1502/1727/1408
f 1502/1727/1408 1514/1752/1420 1515/1738/1421
f 1515/1738/1421 1516/1755/1422 1504/1739/1410
f 1504/1739/1410 1516/1755/1422 1505/1729/1411
f 1517/1740/1141 1518/1741/1423 1506/1730/1412
f 1518/1741/1423 1519/1742/1424 1507/1732/1413
f 1519/1742/1424 1520/1744/1425 1508/1743/1414
f 1520/1744/1425 1521/1745/1426 1509/1733/1415
f 1521/1745/1426 1522/1746/1427 1510/1734/1416
f 1522/1746/1427 1523/2068/1135 1511/1747/1417
f 1523/1748/1135 1524/1750/1428 1512/1749/1418
f 1524/1750/1428 1525/1751/1429 1513/1737/1419
f 1525/1751/1429 1526/1753/1430 1514/1752/1420
f 1526/1753/1430 1527/1754/1431 1515/1738/1421
f 1527/1754/1431 1528/2069/1432 1516/1755/1422
f 1516/1755/1422 1528/2069/1432 1517/1740/1141
f 1529/1756/1153 1530/1759/1433 1518/1757/1423
f 1530/1759/1433 1531/1761/1434 1519/1760/1424
f 1531/1761/1434 1532/1763/1435 1520/1762/1425
f 1532/1763/1435 1533/1765/1436 1521/1764/1426
f 1533/1765/1436 1534/1767/1437 1522/1766/1427
f 1534/1767/1437 1535/1783/1147 1523/1768/1135
f 1535/1769/1147 1536/1772/1438 1524/1770/1428
f 1536/1772/1438 1537/1774/1439 1525/1773/1429
f 1537/1774/1439 1538/1787/1440 1526/1775/1430
f 1526/1775/1430 1538/1787/1440 1539/1776/1441
f 1539/1776/1441 1540/1789/1442 1528/1778/1432
f 1528/1778/1432 1540/1789/1442 1529/1756/1153
f 1529/1756/1153 1541/1792/1165 1542/1779/1443
f 1542/1779/1443 1543/1780/1444 1531/1761/1434
f 1543/1780/1444 1544/1781/1445 1532/1763/1435
f 1544/1781/1445 1545/1796/1446 1533/1765/1436
f 1533/1765/1436 1545/1796/1446 1546/1782/1447
f 1546/1782/1447 1547/1798/1159 1535/1783/1147
f 1547/1784/1159 1548/1785/1448 1536/1772/1438
f 1548/1785/1448 1549/1801/1449 1537/1774/1439
f 1537/1774/1439 1549/1801/1449 1550/1786/1450
f 1550/1786/1450 1551/1788/1451 1539/1776/1441
f 1551/1788/1451 1552/1790/1452 1540/1789/1442
f 1552/1790/1452 1541/1792/1165 1529/1756/1153
f 1553/1791/1177 1554/1793/1453 1542/1779/1443
f 1554/1793/1453 1555/1794/1454 1543/1780/1444
f 1555/1794/1454 1556/1795/1455 1544/1781/1445
f 1556/1795/1455 1557/1808/1456 1545/1796/1446
f 1545/1796/1446 1557/1808/1456 1558/1797/1457
f 1558/1797/1457 1559/1810/1171 1547/1798/1159
f 1559/1799/1171 1560/1800/1458 1548/1785/1448
f 1560/1800/1458 1561/1813/1459 1549/1801/1449
f 1549/1801/1449 1561/1813/1459 1562/1802/1460
f 1550/1786/1450 1562/1802/1460 1563/1803/1461
f 1563/1803/1461 1564/1804/1462 1552/1790/1452
f 1564/1804/1462 1553/1791/1177 1541/1792/1165
f 1553/1791/1177 1565/1818/1189 1566/1805/1463
f 1566/1805/1463 1567/1820/1464 1555/1794/1454
f 1555/1794/1454 1567/1820/1464 1568/1806/1465
f 1556/1795/1455 1568/1806/1465 1569/1807/1466
f 1569/1807/1466 1570/1809/1467 1558/1797/1457
f 1570/1809/1467 1571/1824/1183 1559/1810/1171
f 1571/1811/1183 1572/1812/1468 1560/1800/1458
f 1572/1812/1468 1573/1814/1469 1561/1813/1459
f 1573/1814/1469 1574/1815/1470 1562/1802/1460
f 1574/1815/1470 1575/1828/1471 1563/1803/1461
f 1563/1803/1461 1575/1828/1471 1576/1816/1472
f 1576/1816/1472 1565/1818/1189 1553/1791/1177
f 1577/1817/1201 1578/1819/1473 1566/1805/1463
f 1578/1819/1473 1579/1831/1474 1567/1820/1464
f 1567/1820/1464 1579/1831/1474 1580/1821/1475
f 1580/1821/1475 1581/1822/1476 1569/1807/1466
f 1581/1822/1476 1582/1823/1477 1570/1809/1467
f 1582/1823/1477 1583/1835/1195 1571/1824/1183
f 1571/1811/1183 1583/1837/1195 1584/1825/1478
f 1572/1812/1468 1584/1825/1478 1585/1826/1479
f 1573/1814/1469 1585/1826/1479 1586/1827/1480
f 1586/1827/1480 1587/1829/1481 1575/1828/1471
f 1587/1829/1481 1588/1842/1482 1576/1816/1472
f 1576/1816/1472 1588/1842/1482 1577/1817/1201
f 1577/1817/1201 1589/1844/1213 1590/1830/1483
f 1590/1830/1483 1591/1832/1484 1579/1831/1474
f 1591/1832/1484 1592/1846/1485 1580/1821/1475
f 1580/1821/1475 1592/1846/1485 1593/1833/1486
f 1593/1833/1486 1594/1848/1487 1582/1823/1477
f 1582/1823/1477 1594/1848/1487 1595/1834/1207
f 1595/1836/1207 1596/1838/1488 1584/1825/1478
f 1596/1838/1488 1597/1839/1489 1585/1826/1479
f 1597/1839/1489 1598/1852/1490 1586/1827/1480
f 1586/1827/1480 1598/1852/1490 1599/1840/1491
f 1587/1829/1481 1599/1840/1491 1600/1841/1492
f 1600/1841/1492 1589/1844/1213 1577/1817/1201
f 1601/1843/1225 1602/1856/1493 1590/1830/1483
f 1590/1830/1483 1602/1856/1493 1603/1845/1494
f 1603/1845/1494 1604/1859/1495 1592/1846/1485
f 1592/1846/1485 1604/1859/1495 1605/1847/1496
f 1605/1847/1496 1606/1861/1497 1594/1848/1487
f 1594/1848/1487 1606/1861/1497 1607/1849/1219
f 1607/1850/1219 1608/1864/1498 1596/1838/1488
f 1596/1838/1488 1608/1864/1498 1609/1851/1499
f 1609/1851/1499 1610/1853/1500 1598/1852/1490
f 1610/1853/1500 1611/1854/1501 1599/1840/1491
f 1611/1854/1501 1612/1868/1502 1600/1841/1492
f 1600/1841/1492 1612/1868/1502 1601/1843/1225
f 1613/1855/1237 1614/1870/1503 1602/1856/1493
f 1602/1856/1493 1614/1870/1503 1615/1857/1504
f 1603/1845/1494 1615/1857/1504 1616/1858/1505
f 1616/1858/1505 1617/1860/1506 1605/1847/1496
f 1617/1860/1506 1618/1874/1507 1606/1861/1497
f 1606/1861/1497 1618/1874/1507 1619/1862/1231
f 1619/1863/1231 1620/1877/1508 1608/1864/1498
f 1608/1864/1498 1620/1877/1508 1621/1865/1509
f 1609/1851/1499 1621/1865/1509 1622/1866/1510
f 1622/1866/1510 1623/1867/1511 1611/1854/1501
f 1623/1867/1511 1624/1881/1512 1612/1868/1502
f 1612/1868/1502 1624/1881/1512 1613/1855/1237
f 1625/1869/1249 1626/1883/1513 1614/1870/1503
f 1614/1870/1503 1626/1883/1513 1627/1871/1514
f 1627/1871/1514 1628/1872/1515 1616/1858/1505
f 1628/1872/1515 1629/1873/1516 1617/1860/1506
f 1629/1873/1516 1630/1875/1517 1618/1874/1507
f 1630/1875/1517 1631/1887/1243 1619/1862/1231
f 1631/1876/1243 1632/1878/1518 1620/1877/1508
f 1632/1878/1518 1633/1890/1519 1621/1865/1509
f 1621/1865/1509 1633/1890/1519 1634/1879/1520
f 1622/1866/1510 1634/1879/1520 1635/1880/1521
f 1635/1880/1521 1636/1893/1522 1624/1881/1512
f 1624/1881/1512 1636/1893/1522 1625/1869/1249
f 1637/1882/1261 1638/1895/1523 1626/1883/1513
f 1626/1883/1513 1638/1895/1523 1639/1884/1524
f 1639/1884/1524 1640/1898/1525 1628/1872/1515
f 1628/1872/1515 1640/1898/1525 1641/1885/1526
f 1629/1873/1516 1641/1885/1526 1642/1886/1527
f 1642/1886/1527 1643/1902/1255 1631/1887/1243
f 1643/1888/1255 1644/1889/1528 1632/1878/1518
f 1644/1889/1528 1645/1891/1529 1633/1890/1519
f 1645/1891/1529 1646/1906/1530 1634/1879/1520
f 1634/1879/1520 1646/1906/1530 1647/1892/1531
f 1647/1892/1531 1648/1908/1532 1636/1893/1522
f 1636/1893/1522 1648/1908/1532 1637/1882/1261
f 1649/1894/1273 1650/1896/1533 1638/1895/1523
f 1650/1896/1533 1651/1897/1534 1639/1884/1524
f 1651/1897/1534 1652/1899/1535 1640/1898/1525
f 1652/1899/1535 1653/1900/1536 1641/1885/1526
f 1653/1900/1536 1654/1901/1537 1642/1886/1527
f 1654/1901/1537 1655/1914/1267 1643/1902/1255
f 1655/1903/1267 1656/1916/1538 1644/1889/1528
f 1644/1889/1528 1656/1916/1538 1657/1904/1539
f 1645/1891/1529 1657/1904/1539 1658/1905/1540
f 1658/1905/1540 1659/1907/1541 1647/1892/1531
f 1659/1907/1541 1660/1909/1542 1648/1908/1532
f 1660/1909/1542 1649/1894/1273 1637/1882/1261
f 1661/1910/1285 1662/1921/1543 1650/1896/1533
f 1650/1896/1533 1662/1921/1543 1663/1911/1544
f 1663/1911/1544 1664/1923/1545 1652/1899/1535
f 1652/1899/1535 1664/1923/1545 1665/1912/1546
f 1665/1912/1546 1666/1926/1547 1654/1901/1537
f 1654/1901/1537 1666/1926/1547 1667/1913/1279
f 1667/1915/1279 1668/1929/1548 1656/1916/1538
f 1656/1916/1538 1668/1929/1548 1669/1917/1549
f 1669/1917/1549 1670/1932/1550 1658/1905/1540
f 1658/1905/1540 1670/1932/1550 1671/1918/1551
f 1671/1918/1551 1672/1919/1552 1660/1909/1542
f 1672/1919/1552 1661/1910/1285 1649/1894/1273
f 1673/1920/1297 1674/1936/1553 1662/1921/1543
f 1662/1921/1543 1674/1936/1553 1675/1922/1554
f 1675/1922/1554 1676/1924/1555 1664/1923/1545
f 1676/1924/1555 1677/1925/1556 1665/1912/1546
f 1677/1925/1556 1678/1927/1557 1666/1926/1547
f 1678/1927/1557 1679/1941/1291 1667/1913/1279
f 1679/1928/1291 1680/1930/1558 1668/1929/1548
f 1680/1930/1558 1681/1931/1559 1669/1917/1549
f 1681/1931/1559 1682/1933/1560 1670/1932/1550
f 1682/1933/1560 1683/1934/1561 1671/1918/1551
f 1683/1934/1561 1684/1946/1562 1672/1919/1552
f 1672/1919/1552 1684/1946/1562 1673/1920/1297
f 1685/1935/1309 1686/1948/1563 1674/1936/1553
f 1674/1936/1553 1686/1948/1563 1687/1937/1564
f 1687/1937/1564 1688/1938/1565 1676/1924/1555
f 1688/1938/1565 1689/1939/1566 1677/1925/1556
f 1689/1939/1566 1690/1953/1567 1678/1927/1557
f 1678/1927/1557 1690/1953/1567 1691/1940/1568
f 1691/1942/1568 1692/1943/1569 1680/1930/1558
f 1692/1943/1569 1693/1956/1570 1681/1931/1559
f 1681/1931/1559 1693/1956/1570 1694/1944/1571
f 1694/1944/1571 1695/1945/1572 1683/1934/1561
f 1695/1945/1572 1696/1960/1573 1684/1946/1562
f 1684/1946/1562 1696/1960/1573 1685/1935/1309
f 1685/1935/1309 1697/1962/1321 1698/1947/1574
f 1686/1948/1563 1698/1947/1574 1699/1949/1575
f 1687/1937/1564 1699/1949/1575 1700/1950/1576
f 1688/1938/1565 1700/1950/1576 1701/1951/1577
f 1689/1939/1566 1701/1951/1577 1702/1952/1578
f 1702/1952/1578 1703/1967/1315 1691/1940/1568
f 1703/1954/1315 1704/1955/1579 1692/1943/1569
f 1704/1955/1579 1705/1957/1580 1693/1956/1570
f 1705/1957/1580 1706/1958/1581 1694/1944/1571
f 1706/1958/1581 1707/1959/1582 1695/1945/1572
f 1707/1959/1582 1708/1961/1583 1696/1960/1573
f 1708/1961/1583 1697/1962/1321 1685/1935/1309
f 1697/1962/1321 1709/1973/1333 1710/1963/1584
f 1710/1963/1584 1711/1964/1585 1699/1949/1575
f 1711/1964/1585 1712/1975/1586 1700/1950/1576
f 1700/1950/1576 1712/1975/1586 1713/1965/1587
f 1713/1965/1587 1714/1977/1588 1702/1952/1578
f 1702/1952/1578 1714/1977/1588 1715/1966/1327
f 1715/1968/1327 1716/1980/1589 1704/1955/1579
f 1704/1955/1579 1716/1980/1589 1717/1969/1590
f 1717/1969/1590 1718/1970/1591 1706/1958/1581
f 1718/1970/1591 1719/1983/1592 1707/1959/1582
f 1707/1959/1582 1719/1983/1592 1720/1971/1593
f 1720/1971/1593 1709/1973/1333 1697/1962/1321
f 1721/1972/1345 1722/1986/1594 1710/1963/1584
f 1710/1963/1584 1722/1986/1594 1723/1974/1595
f 1723/1974/1595 1724/1989/1596 1712/1975/1586
f 1712/1975/1586 1724/1989/1596 1725/1976/1597
f 1725/1976/1597 1726/1978/1598 1714/1977/1588
f 1726/1978/1598 1727/1992/1339 1715/1966/1327
f 1727/1979/1339 1728/1994/1599 1716/1980/1589
f 1716/1980/1589 1728/1994/1599 1729/1981/1600
f 1729/1981/1600 1730/1997/1601 1718/1970/1591
f 1718/1970/1591 1730/1997/1601 1731/1982/1602
f 1731/1982/1602 1732/1984/1603 1720/1971/1593
f 1732/1984/1603 1721/1972/1345 1709/1973/1333
f 1733/1985/1357 1734/2001/1604 1722/1986/1594
f 1722/1986/1594 1734/2001/1604 1735/1987/1605
f 1723/1974/1595 1735/1987/1605 1736/1988/1606
f 1736/1988/1606 1737/2004/1607 1725/1976/1597
f 1725/1976/1597 1737/2004/1607 1738/1990/1608
f 1726/1978/1598 1738/1990/1608 1739/1991/1351
f 1739/1993/1351 1740/1995/1609 1728/1994/1599
f 1740/1995/1609 1741/1996/1610 1729/1981/1600
f 1741/1996/1610 1742/1998/1611 1730/1997/1601
f 1742/1998/1611 1743/1999/1612 1731/1982/1602
f 1743/1999/1612 1744/2011/1613 1732/1984/1603
f 1732/1984/1603 1744/2011/1613 1733/1985/1357
f 1733/1985/1357 1745/2013/1369 1746/2000/1614
f 1746/2000/1614 1747/2002/1615 1735/1987/1605
f 1747/2002/1615 1748/2003/1616 1736/1988/1606
f 1748/2003/1616 1749/2005/1617 1737/2004/1607
f 1749/2005/1617 1750/2017/1618 1738/1990/1608
f 1738/1990/1608 1750/2017/1618 1751/2006/1363
f 1751/2007/1363 1752/2008/1619 1740/1995/1609
f 1752/2008/1619 1753/2020/1620 1741/1996/1610
f 1741/1996/1610 1753/2020/1620 1754/2009/1621
f 1754/2009/1621 1755/2010/1622 1743/1999/1612
f 1755/2010/1622 1756/2012/1623 1744/2011/1613
f 1756/2012/1623 1745/2013/1369 1733/1985/1357
f 1745/2013/1369 1757/2023/1381 1758/2014/1624
f 1758/2014/1624 1759/2026/1625 1747/2002/1615
f 1747/2002/1615 1759/2026/1625 1760/2015/1626
f 1760/2015/1626 1761/2028/1627 1749/2005/1617
f 1749/2005/1617 1761/2028/1627 1762/2016/1628
f 1762/2016/1628 1763/2030/1375 1751/2006/1363
f 1763/2018/1375 1764/2019/1629 1752/2008/1619
f 1764/2019/1629 1765/2033/1630 1753/2020/1620
f 1753/2020/1620 1765/2033/1630 1766/2021/1631
f 1766/2021/1631 1767/2036/1632 1755/2010/1622
f 1755/2010/1622 1767/2036/1632 1768/2022/1633
f 1768/2022/1633 1757/2023/1381 1745/2013/1369
f 1757/2023/1381 1769/2040/1393 1770/2024/1634
f 1758/2014/1624 1770/2024/1634 1771/2025/1635
f 1771/2025/1635 1772/2027/1636 1760/2015/1626
f 1772/2027/1636 1773/2043/1637 1761/2028/1627
f 1761/2028/1627 1773/2043/1637 1774/2029/1638
f 1774/2029/1638 1775/2046/1387 1763/2030/1375
f 1775/2031/1387 1776/2032/1639 1764/2019/1629
f 1776/2032/1639 1777/2034/1640 1765/2033/1630
f 1777/2034/1640 1778/2035/1641 1766/2021/1631
f 1778/2035/1641 1779/2037/1642 1767/2036/1632
f 1779/2037/1642 1780/2038/1643 1768/2022/1633
f 1780/2038/1643 1769/2040/1393 1757/2023/1381
f 1781/2039/1405 1782/2053/1644 1770/2024/1634
f 1770/2024/1634 1782/2053/1644 1783/2041/1645
f 1783/2041/1645 1784/2042/1646 1772/2027/1636
f 1784/2042/1646 1785/2044/1647 1773/2043/1637
f 1785/2044/1647 1786/2045/1648 1774/2029/1638
f 1786/2045/1648 1787/2057/1399 1775/2046/1387
f 1775/2031/1387 1787/2058/1399 1788/2047/1649
f 1776/2032/1639 1788/2047/1649 1789/2048/1650
f 1777/2034/1640 1789/2048/1650 1790/2049/1651
f 1778/2035/1641 1790/2049/1651 1791/2050/1652
f 1791/2050/1652 1792/2051/1653 1780/2038/1643
f 1792/2051/1653 1781/2039/1405 1769/2040/1393
f 1781/2039/1405 1793/2063/1417 1794/2052/1654
f 1794/2052/1654 1795/2054/1655 1783/2041/1645
f 1795/2054/1655 1796/2055/1656 1784/2042/1646
f 1796/2055/1656 1797/2064/1657 1785/2044/1647
f 1785/2044/1647 1797/2064/1657 1798/2056/1658
f 1798/2056/1658 1799/2065/1411 1787/2057/1399
f 1787/2058/1399 1799/2066/1411 1800/2059/1659
f 1800/2059/1659 1801/2060/1660 1789/2048/1650
f 1801/2060/1660 1802/2061/1661 1790/2049/1651
f 1802/2061/1661 1803/2067/1662 1791/2050/1652
f 1791/2050/1652 1803/2067/1662 1804/2062/1663
f 1804/2062/1663 1793/2063/1417 1781/2039/1405
f 1229/1435/1135 1230/1434/1136 1794/2052/1654
f 1230/1434/1136 1231/1437/1137 1795/2054/1655
f 1231/1437/1137 1232/1438/1138 1796/2055/1656
f 1232/1438/1138 1233/1440/1139 1797/2064/1657
f 1797/2064/1657 1233/1440/1139 1234/1442/1140
f 1234/1442/1140 1235/1443/1141 1799/2065/1411
f 1235/1446/1141 1236/1445/1142 1800/2059/1659
f 1800/2059/1659 1236/1445/1142 1237/1448/1143
f 1237/1448/1143 1238/1450/1144 1802/2061/1661
f 1238/1450/1144 1239/1452/1145 1803/2067/1662
f 1803/2067/1662 1239/1452/1145 1240/1454/1146
f 1240/1454/1146 1229/1435/1135 1793/2063/1417
o Cube
v 0.360000 0.295200 3.246800
v 0.360000 0.295200 4.053200
v 0.360000 -0.295200 3.246800
v 0.360000 -0.295200 4.053200
v -0.360000 0.295200 3.246800
v -0.360000 0.295200 4.053200
v -0.360000 -0.295200 3.246800
v -0.360000 -0.295200 4.053200
vn 0.5518 0.6729 -0.4927
vn 0.5518 0.6729 0.4927
vn 0.5518 -0.6729 -0.4927
vn 0.5518 -0.6729 0.4927
vn -0.5518 0.6729 -0.4927
vn -0.5518 0.6729 0.4927
vn -0.5518 -0.6729 -0.4927
vn -0.5518 -0.6729 0.4927
vt 0.625000 0.000000
vt 0.375000 0.250000
vt 0.375000 0.000000
vt 0.625000 0.250000
vt 0.375000 0.500000
vt 0.625000 0.500000
vt 0.375000 0.750000
vt 0.625000 0.750000
vt 0.375000 1.000000
vt 0.125000 0.750000
vt 0.125000 0.500000
vt 0.875000 0.500000
vt 0.625000 1.000000
vt 0.875000 0.750000
s 1
g Cube_M_CoralPed.004
usemtl M_CoralPed.004
f 1806/2070/1665 1807/2071/1666 1805/2072/1664
f 1808/2073/1667 1811/2074/1670 1807/2071/1666
f 1812/2075/1671 1809/2076/1668 1811/2074/1670
f 1810/2077/1669 1805/2078/1664 1809/2076/1668
f 1811/2074/1670 1805/2079/1664 1807/2080/1666
f 1808/2081/1667 1810/2077/1669 1812/2075/1671
f 1806/2070/1665 1808/2073/1667 1807/2071/1666
f 1808/2073/1667 1812/2075/1671 1811/2074/1670
f 1812/2075/1671 1810/2077/1669 1809/2076/1668
f 1810/2077/1669 1806/2082/1665 1805/2078/1664
f 1811/2074/1670 1809/2076/1668 1805/2079/1664
f 1808/2081/1667 1806/2083/1665 1810/2077/1669
o Sphere
v 0.200000 0.464003 3.800424
v 0.200000 0.422017 3.777983
v 0.200000 0.411819 3.765557
v 0.200000 0.399576 3.735997
v 0.200000 0.399576 3.704003
v 0.200000 0.411819 3.674443
v 0.196879 0.464310 3.800424
v 0.193878 0.449223 3.795758
v 0.191112 0.435319 3.788181
v 0.188688 0.423131 3.777983
v 0.186699 0.413130 3.765557
v 0.185220 0.405698 3.751380
v 0.184310 0.401121 3.735997
v 0.184003 0.399576 3.720000
v 0.184310 0.401121 3.704003
v 0.185220 0.405698 3.688620
v 0.186699 0.413130 3.674443
v 0.188688 0.423131 3.662017
v 0.191112 0.435319 3.651819
v 0.193878 0.449223 3.644242
v 0.196879 0.464310 3.639576
v 0.193878 0.465220 3.800424
v 0.187991 0.451009 3.795758
v 0.182566 0.437911 3.788181
v 0.177811 0.426431 3.777983
v 0.173908 0.417009 3.765557
v 0.171009 0.410009 3.751380
v 0.169223 0.405698 3.735997
v 0.168620 0.404242 3.720000
v 0.169223 0.405698 3.704003
v 0.171009 0.410009 3.688620
v 0.173908 0.417009 3.674443
v 0.177811 0.426431 3.662017
v 0.182566 0.437911 3.651819
v 0.187991 0.451009 3.644242
v 0.193878 0.465220 3.639576
v 0.191112 0.466699 3.800424
v 0.182566 0.453908 3.795758
v 0.174690 0.442121 3.788181
v 0.167787 0.431789 3.777983
v 0.162121 0.423310 3.765557
v 0.157911 0.417009 3.751380
v 0.155319 0.413130 3.735997
v 0.154443 0.411819 3.720000
v 0.155319 0.413130 3.704003
v 0.157911 0.417009 3.688620
v 0.162121 0.423310 3.674443
v 0.167787 0.431789 3.662017
v 0.174690 0.442121 3.651819
v 0.182566 0.453908 3.644242
v 0.191112 0.466699 3.639576
v 0.200000 0.480000 3.638000
v 0.188688 0.468688 3.800424
v 0.177811 0.457811 3.795758
v 0.167787 0.447787 3.788181
v 0.159000 0.439000 3.777983
v 0.151789 0.431789 3.765557
v 0.146431 0.426431 3.751380
v 0.143131 0.423131 3.735997
v 0.142017 0.422017 3.720000
v 0.143131 0.423131 3.704003
v 0.146431 0.426431 3.688620
v 0.151789 0.431789 3.674443
v 0.159000 0.439000 3.662017
v 0.167787 0.447787 3.651819
v 0.177811 0.457811 3.644242
v 0.188688 0.468688 3.639576
v 0.186699 0.471112 3.800424
v 0.173908 0.462566 3.795758
v 0.162121 0.454690 3.788181
v 0.151789 0.447787 3.777983
v 0.143310 0.442121 3.765557
v 0.137009 0.437911 3.751380
v 0.133130 0.435319 3.735997
v 0.131819 0.434443 3.720000
v 0.133130 0.435319 3.704003
v 0.137009 0.437911 3.688620
v 0.143310 0.442121 3.674443
v 0.151789 0.447787 3.662017
v 0.162121 0.454690 3.651819
v 0.173908 0.462566 3.644242
v 0.186699 0.471112 3.639576
v 0.185220 0.473878 3.800424
v 0.171009 0.467991 3.795758
v 0.157911 0.462566 3.788181
v 0.146431 0.457811 3.777983
v 0.137009 0.453908 3.765557
v 0.130009 0.451009 3.751380
v 0.125698 0.449223 3.735997
v 0.124242 0.448620 3.720000
v 0.125698 0.449223 3.704003
v 0.130009 0.451009 3.688620
v 0.137009 0.453908 3.674443
v 0.146431 0.457811 3.662017
v 0.157911 0.462566 3.651819
v 0.171009 0.467991 3.644242
v 0.185220 0.473878 3.639576
v 0.184310 0.476879 3.800424
v 0.169223 0.473878 3.795758
v 0.155319 0.471112 3.788181
v 0.143131 0.468688 3.777983
v 0.133130 0.466699 3.765557
v 0.125698 0.465220 3.751380
v 0.121121 0.464310 3.735997
v 0.119576 0.464003 3.720000
v 0.121121 0.464310 3.704003
v 0.125698 0.465220 3.688620
v 0.133130 0.466699 3.674443
v 0.143131 0.468688 3.662017
v 0.155319 0.471112 3.651819
v 0.169223 0.473878 3.644242
v 0.184310 0.476879 3.639576
v 0.184003 0.480000 3.800424
v 0.168620 0.480000 3.795758
v 0.154443 0.480000 3.788181
v 0.142017 0.480000 3.777983
v 0.131820 0.480000 3.765557
v 0.124242 0.480000 3.751380
v 0.119576 0.480000 3.735997
v 0.118000 0.480000 3.720000
v 0.119576 0.480000 3.704003
v 0.124242 0.480000 3.688620
v 0.131820 0.480000 3.674443
v 0.142017 0.480000 3.662017
v 0.154443 0.480000 3.651819
v 0.168620 0.480000 3.644242
v 0.184003 0.480000 3.639576
v 0.184310 0.483121 3.800424
v 0.169223 0.486122 3.795758
v 0.155319 0.488888 3.788181
v 0.143131 0.491312 3.777983
v 0.133130 0.493301 3.765557
v 0.125698 0.494780 3.751380
v 0.121121 0.495690 3.735997
v 0.119576 0.495997 3.720000
v 0.121121 0.495690 3.704003
v 0.125698 0.494780 3.688620
v 0.133130 0.493301 3.674443
v 0.143131 0.491312 3.662017
v 0.155319 0.488888 3.651819
v 0.169223 0.486122 3.644242
v 0.184310 0.483121 3.639576
v 0.185220 0.486122 3.800424
v 0.171009 0.492009 3.795758
v 0.157911 0.497434 3.788181
v 0.146431 0.502189 3.777983
v 0.137009 0.506092 3.765557
v 0.130009 0.508991 3.751380
v 0.125698 0.510777 3.735997
v 0.124242 0.511380 3.720000
v 0.125698 0.510777 3.704003
v 0.130009 0.508991 3.688620
v 0.137009 0.506092 3.674443
v 0.146431 0.502189 3.662017
v 0.157911 0.497434 3.651819
v 0.171009 0.492009 3.644242
v 0.185220 0.486122 3.639576
v 0.186699 0.488888 3.800424
v 0.173908 0.497434 3.795758
v 0.162121 0.505310 3.788181
v 0.151789 0.512213 3.777983
v 0.143310 0.517879 3.765557
v 0.137009 0.522089 3.751380
v 0.133130 0.524681 3.735997
v 0.131820 0.525557 3.720000
v 0.133130 0.524681 3.704003
v 0.137009 0.522089 3.688620
v 0.143310 0.517879 3.674443
v 0.151789 0.512213 3.662017
v 0.162121 0.505310 3.651819
v 0.173908 0.497434 3.644242
v 0.186699 0.488888 3.639576
v 0.188688 0.491312 3.800424
v 0.177811 0.502189 3.795758
v 0.167787 0.512213 3.788181
v 0.159000 0.521000 3.777983
v 0.151789 0.528211 3.765557
v 0.146431 0.533569 3.751380
v 0.143131 0.536869 3.735997
v 0.142017 0.537983 3.720000
v 0.143131 0.536869 3.704003
v 0.146431 0.533569 3.688620
v 0.151789 0.528211 3.674443
v 0.159000 0.521000 3.662017
v 0.167787 0.512213 3.651819
v 0.177811 0.502189 3.644242
v 0.188688 0.491312 3.639576
v 0.191112 0.493301 3.800424
v 0.182566 0.506092 3.795758
v 0.174690 0.517879 3.788181
v 0.167787 0.528211 3.777983
v 0.162121 0.536690 3.765557
v 0.157911 0.542991 3.751380
v 0.155319 0.546870 3.735997
v 0.154443 0.548180 3.720000
v 0.155319 0.546870 3.704003
v 0.157911 0.542991 3.688620
v 0.162121 0.536690 3.674443
v 0.167787 0.528211 3.662017
v 0.174690 0.517879 3.651819
v 0.182566 0.506092 3.644242
v 0.191112 0.493301 3.639576
v 0.193878 0.494780 3.800424
v 0.187991 0.508991 3.795758
v 0.182566 0.522089 3.788181
v 0.177811 0.533569 3.777983
v 0.173908 0.542991 3.765557
v 0.171009 0.549991 3.751380
v 0.169223 0.554302 3.735997
v 0.168620 0.555758 3.720000
v 0.169223 0.554302 3.704003
v 0.171009 0.549991 3.688620
v 0.173908 0.542991 3.674443
v 0.177811 0.533569 3.662017
v 0.182566 0.522089 3.651819
v 0.187991 0.508991 3.644242
v 0.193878 0.494780 3.639576
v 0.196879 0.495690 3.800424
v 0.193878 0.510777 3.795758
v 0.191112 0.524681 3.788181
v 0.188688 0.536869 3.777983
v 0.186699 0.546870 3.765557
v 0.185220 0.554302 3.751380
v 0.184310 0.558879 3.735997
v 0.184003 0.560424 3.720000
v 0.184310 0.558879 3.704003
v 0.185220 0.554302 3.688620
v 0.186699 0.546870 3.674443
v 0.188688 0.536869 3.662017
v 0.191112 0.524681 3.651819
v 0.193878 0.510777 3.644242
v 0.196879 0.495690 3.639576
v 0.200000 0.495997 3.800424
v 0.200000 0.511380 3.795758
v 0.200000 0.525557 3.788181
v 0.200000 0.537983 3.777983
v 0.200000 0.548180 3.765557
v 0.200000 0.555758 3.751380
v 0.200000 0.560424 3.735997
v 0.200000 0.562000 3.720000
v 0.200000 0.560424 3.704003
v 0.200000 0.555758 3.688620
v 0.200000 0.548180 3.674443
v 0.200000 0.537983 3.662017
v 0.200000 0.525557 3.651819
v 0.200000 0.511380 3.644242
v 0.200000 0.495997 3.639576
v 0.203121 0.495690 3.800424
v 0.206122 0.510777 3.795758
v 0.208888 0.524681 3.788181
v 0.211312 0.536869 3.777983
v 0.213301 0.546870 3.765557
v 0.214780 0.554302 3.751380
v 0.215690 0.558879 3.735997
v 0.215997 0.560424 3.720000
v 0.215690 0.558879 3.704003
v 0.214780 0.554302 3.688620
v 0.213301 0.546870 3.674443
v 0.211312 0.536869 3.662017
v 0.208888 0.524681 3.651819
v 0.206122 0.510777 3.644242
v 0.203121 0.495690 3.639576
v 0.206122 0.494780 3.800424
v 0.212009 0.508991 3.795758
v 0.217434 0.522089 3.788181
v 0.222189 0.533569 3.777983
v 0.226092 0.542991 3.765557
v 0.228991 0.549991 3.751380
v 0.230777 0.554302 3.735997
v 0.231380 0.555758 3.720000
v 0.230777 0.554302 3.704003
v 0.228991 0.549991 3.688620
v 0.226092 0.542991 3.674443
v 0.222189 0.533569 3.662017
v 0.217434 0.522089 3.651819
v 0.212009 0.508991 3.644242
v 0.206122 0.494780 3.639576
v 0.208888 0.493301 3.800424
v 0.217434 0.506092 3.795758
v 0.225310 0.517879 3.788181
v 0.232213 0.528211 3.777983
v 0.237879 0.536690 3.765557
v 0.242089 0.542991 3.751380
v 0.244681 0.546870 3.735997
v 0.245557 0.548180 3.720000
v 0.244681 0.546870 3.704003
v 0.242089 0.542991 3.688620
v 0.237879 0.536690 3.674443
v 0.232213 0.528211 3.662017
v 0.225310 0.517879 3.651819
v 0.217434 0.506092 3.644242
v 0.208888 0.493301 3.639576
v 0.211312 0.491312 3.800424
v 0.222189 0.502189 3.795758
v 0.232213 0.512213 3.788181
v 0.241000 0.521000 3.777983
v 0.248211 0.528211 3.765557
v 0.253569 0.533569 3.751380
v 0.256869 0.536869 3.735997
v 0.257983 0.537983 3.720000
v 0.256869 0.536869 3.704003
v 0.253569 0.533569 3.688620
v 0.248211 0.528211 3.674443
v 0.241000 0.521000 3.662017
v 0.232213 0.512213 3.651819
v 0.222189 0.502189 3.644242
v 0.211312 0.491312 3.639576
v 0.200000 0.480000 3.802000
v 0.213301 0.488888 3.800424
v 0.226092 0.497434 3.795758
v 0.237879 0.505310 3.788181
v 0.248211 0.512213 3.777983
v 0.256690 0.517879 3.765557
v 0.262991 0.522089 3.751380
v 0.266870 0.524681 3.735997
v 0.268180 0.525557 3.720000
v 0.266870 0.524681 3.704003
v 0.262991 0.522089 3.688620
v 0.256690 0.517879 3.674443
v 0.248211 0.512213 3.662017
v 0.237879 0.505310 3.651819
v 0.226092 0.497434 3.644242
v 0.213301 0.488888 3.639576
v 0.214780 0.486122 3.800424
v 0.228991 0.492009 3.795758
v 0.242089 0.497434 3.788181
v 0.253569 0.502189 3.777983
v 0.262991 0.506092 3.765557
v 0.269991 0.508991 3.751380
v 0.274302 0.510777 3.735997
v 0.275758 0.511380 3.720000
v 0.274302 0.510777 3.704003
v 0.269991 0.508991 3.688620
v 0.262991 0.506092 3.674443
v 0.253569 0.502189 3.662017
v 0.242089 0.497434 3.651819
v 0.228991 0.492009 3.644242
v 0.214780 0.486122 3.639576
v 0.215690 0.483121 3.800424
v 0.230777 0.486122 3.795758
v 0.244681 0.488888 3.788181
v 0.256869 0.491312 3.777983
v 0.266870 0.493301 3.765557
v 0.274302 0.494780 3.751380
v 0.278879 0.495690 3.735997
v 0.280424 0.495997 3.720000
v 0.278879 0.495690 3.704003
v 0.274302 0.494780 3.688620
v 0.266870 0.493301 3.674443
v 0.256869 0.491312 3.662017
v 0.244681 0.488888 3.651819
v 0.230777 0.486122 3.644242
v 0.215690 0.483121 3.639576
v 0.215997 0.480000 3.800424
v 0.231380 0.480000 3.795758
v 0.245557 0.480000 3.788181
v 0.257983 0.480000 3.777983
v 0.268180 0.480000 3.765557
v 0.275758 0.480000 3.751380
v 0.280424 0.480000 3.735997
v 0.282000 0.480000 3.720000
v 0.280424 0.480000 3.704003
v 0.275758 0.480000 3.688620
v 0.268180 0.480000 3.674443
v 0.257983 0.480000 3.662017
v 0.245557 0.480000 3.651819
v 0.231380 0.480000 3.644242
v 0.215997 0.480000 3.639576
v 0.215690 0.476879 3.800424
v 0.230777 0.473878 3.795758
v 0.244681 0.471112 3.788181
v 0.256869 0.468688 3.777983
v 0.266870 0.466699 3.765557
v 0.274302 0.465220 3.751380
v 0.278879 0.464310 3.735997
v 0.280424 0.464003 3.720000
v 0.278879 0.464310 3.704003
v 0.274302 0.465220 3.688620
v 0.266870 0.466699 3.674443
v 0.256869 0.468688 3.662017
v 0.244681 0.471112 3.651819
v 0.230777 0.473878 3.644242
v 0.215690 0.476879 3.639576
v 0.214780 0.473878 3.800424
v 0.228991 0.467991 3.795758
v 0.242089 0.462566 3.788181
v 0.253569 0.457811 3.777983
v 0.262991 0.453908 3.765557
v 0.269991 0.451009 3.751380
v 0.274302 0.449223 3.735997
v 0.275758 0.448620 3.720000
v 0.274302 0.449223 3.704003
v 0.269991 0.451009 3.688620
v 0.262991 0.453908 3.674443
v 0.253569 0.457811 3.662017
v 0.242089 0.462566 3.651819
v 0.228991 0.467991 3.644242
v 0.214780 0.473878 3.639576
v 0.213301 0.471112 3.800424
v 0.226092 0.462566 3.795758
v 0.237879 0.454690 3.788181
v 0.248211 0.447787 3.777983
v 0.256690 0.442121 3.765557
v 0.262991 0.437911 3.751380
v 0.266870 0.435319 3.735997
v 0.268180 0.434443 3.720000
v 0.266870 0.435319 3.704003
v 0.262991 0.437911 3.688620
v 0.256690 0.442121 3.674443
v 0.248211 0.447787 3.662017
v 0.237879 0.454690 3.651819
v 0.226092 0.462566 3.644242
v 0.213301 0.471112 3.639576
v 0.211312 0.468688 3.800424
v 0.222189 0.457811 3.795758
v 0.232213 0.447787 3.788181
v 0.241000 0.439000 3.777983
v 0.248211 0.431789 3.765557
v 0.253569 0.426431 3.751380
v 0.256869 0.423131 3.735997
v 0.257983 0.422017 3.720000
v 0.256869 0.423131 3.704003
v 0.253569 0.426431 3.688620
v 0.248211 0.431789 3.674443
v 0.241000 0.439000 3.662017
v 0.232213 0.447787 3.651819
v 0.222189 0.457811 3.644242
v 0.211312 0.468688 3.639576
v 0.208888 0.466699 3.800424
v 0.217434 0.453908 3.795758
v 0.225310 0.442121 3.788181
v 0.232213 0.431789 3.777983
v 0.237879 0.423310 3.765557
v 0.242089 0.417009 3.751380
v 0.244681 0.413130 3.735997
v 0.245557 0.411820 3.720000
v 0.244681 0.413130 3.704003
v 0.242089 0.417009 3.688620
v 0.237879 0.423310 3.674443
v 0.232213 0.431789 3.662017
v 0.225310 0.442121 3.651819
v 0.217434 0.453908 3.644242
v 0.208888 0.466699 3.639576
v 0.206122 0.465220 3.800424
v 0.212009 0.451009 3.795758
v 0.217434 0.437911 3.788181
v 0.222189 0.426431 3.777983
v 0.226092 0.417009 3.765557
v 0.228991 0.410009 3.751380
v 0.230777 0.405698 3.735997
v 0.231380 0.404242 3.720000
v 0.230777 0.405698 3.704003
v 0.228991 0.410009 3.688620
v 0.226092 0.417009 3.674443
v 0.222189 0.426431 3.662017
v 0.217434 0.437911 3.651819
v 0.212009 0.451009 3.644242
v 0.206122 0.465220 3.639576
v 0.203121 0.464310 3.800424
v 0.206122 0.449223 3.795758
v 0.208888 0.435319 3.788181
v 0.211312 0.423131 3.777983
v 0.213301 0.413130 3.765557
v 0.214780 0.405698 3.751380
v 0.215690 0.401121 3.735997
v 0.215997 0.399576 3.720000
v 0.215690 0.401121 3.704003
v 0.214780 0.405698 3.688620
v 0.213301 0.413130 3.674443
v 0.211312 0.423131 3.662017
v 0.208888 0.435319 3.651819
v 0.206122 0.449223 3.644242
v 0.203121 0.464310 3.639576
v 0.200000 0.448620 3.795758
v 0.200000 0.434443 3.788181
v 0.200000 0.404242 3.751380
v 0.200000 0.398000 3.720000
v 0.200000 0.404242 3.688620
v 0.200000 0.422017 3.662017
v 0.200000 0.434443 3.651819
v 0.200000 0.448620 3.644242
v 0.200000 0.464003 3.639576
vn -0.0000 -0.2010 0.9796
vn -0.0000 -0.7101 0.7041
vn -0.0000 -0.8333 0.5528
vn -0.0000 -0.9810 0.1939
vn -0.0000 -0.9810 -0.1939
vn -0.0000 -0.8333 -0.5528
vn -0.0392 -0.1971 0.9796
vn -0.0757 -0.3804 0.9217
vn -0.1092 -0.5490 0.8286
vn -0.1385 -0.6965 0.7041
vn -0.1626 -0.8173 0.5528
vn -0.1804 -0.9070 0.3805
vn -0.1914 -0.9622 0.1939
vn -0.1951 -0.9808 -0.0000
vn -0.1914 -0.9622 -0.1939
vn -0.1804 -0.9070 -0.3805
vn -0.1626 -0.8173 -0.5528
vn -0.1385 -0.6965 -0.7041
vn -0.1092 -0.5490 -0.8286
vn -0.0757 -0.3804 -0.9217
vn -0.0392 -0.1971 -0.9796
vn -0.0769 -0.1857 0.9796
vn -0.1484 -0.3584 0.9217
vn -0.2142 -0.5172 0.8286
vn -0.2718 -0.6561 0.7041
vn -0.3189 -0.7699 0.5528
vn -0.3539 -0.8544 0.3805
vn -0.3754 -0.9063 0.1939
vn -0.3827 -0.9239 -0.0000
vn -0.3754 -0.9063 -0.1939
vn -0.3539 -0.8544 -0.3805
vn -0.3189 -0.7699 -0.5528
vn -0.2718 -0.6561 -0.7041
vn -0.2142 -0.5172 -0.8286
vn -0.1484 -0.3584 -0.9217
vn -0.0769 -0.1857 -0.9796
vn -0.1117 -0.1671 0.9796
vn -0.2155 -0.3225 0.9217
vn -0.3110 -0.4654 0.8286
vn -0.3945 -0.5905 0.7041
vn -0.4630 -0.6929 0.5528
vn -0.5138 -0.7689 0.3805
vn -0.5450 -0.8157 0.1939
vn -0.5556 -0.8315 -0.0000
vn -0.5450 -0.8157 -0.1939
vn -0.5138 -0.7689 -0.3805
vn -0.4630 -0.6929 -0.5528
vn -0.3945 -0.5905 -0.7041
vn -0.3110 -0.4654 -0.8286
vn -0.2155 -0.3225 -0.9217
vn -0.1117 -0.1671 -0.9796
vn -0.0000 -0.0000 -1.0000
vn -0.1421 -0.1421 0.9796
vn -0.2743 -0.2743 0.9217
vn -0.3958 -0.3958 0.8286
vn -0.5021 -0.5021 0.7041
vn -0.5893 -0.5893 0.5528
vn -0.6539 -0.6539 0.3805
vn -0.6937 -0.6937 0.1939
vn -0.7071 -0.7071 -0.0000
vn -0.6937 -0.6937 -0.1939
vn -0.6539 -0.6539 -0.3805
vn -0.5893 -0.5893 -0.5528
vn -0.5021 -0.5021 -0.7041
vn -0.3958 -0.3958 -0.8286
vn -0.2743 -0.2743 -0.9217
vn -0.1421 -0.1421 -0.9796
vn -0.1671 -0.1117 0.9796
vn -0.3225 -0.2155 0.9217
vn -0.4654 -0.3110 0.8286
vn -0.5905 -0.3945 0.7041
vn -0.6929 -0.4630 0.5528
vn -0.7689 -0.5138 0.3805
vn -0.8157 -0.5450 0.1939
vn -0.8315 -0.5556 -0.0000
vn -0.8157 -0.5450 -0.1939
vn -0.7689 -0.5138 -0.3805
vn -0.6929 -0.4630 -0.5528
vn -0.5905 -0.3945 -0.7041
vn -0.4654 -0.3110 -0.8286
vn -0.3225 -0.2155 -0.9217
vn -0.1671 -0.1117 -0.9796
vn -0.1857 -0.0769 0.9796
vn -0.3584 -0.1484 0.9217
vn -0.5172 -0.2142 0.8286
vn -0.6561 -0.2718 0.7041
vn -0.7699 -0.3189 0.5528
vn -0.8544 -0.3539 0.3805
vn -0.9063 -0.3754 0.1939
vn -0.9239 -0.3827 -0.0000
vn -0.9063 -0.3754 -0.1939
vn -0.8544 -0.3539 -0.3805
vn -0.7699 -0.3189 -0.5528
vn -0.6561 -0.2718 -0.7041
vn -0.5172 -0.2142 -0.8286
vn -0.3584 -0.1484 -0.9217
vn -0.1857 -0.0769 -0.9796
vn -0.1971 -0.0392 0.9796
vn -0.3804 -0.0757 0.9217
vn -0.5490 -0.1092 0.8286
vn -0.6965 -0.1385 0.7041
vn -0.8173 -0.1626 0.5528
vn -0.9070 -0.1804 0.3805
vn -0.9622 -0.1914 0.1939
vn -0.9808 -0.1951 -0.0000
vn -0.9622 -0.1914 -0.1939
vn -0.9070 -0.1804 -0.3805
vn -0.8173 -0.1626 -0.5528
vn -0.6965 -0.1385 -0.7041
vn -0.5490 -0.1092 -0.8286
vn -0.3804 -0.0757 -0.9217
vn -0.1971 -0.0392 -0.9796
vn -0.2010 -0.0000 0.9796
vn -0.3879 -0.0000 0.9217
vn -0.5598 -0.0000 0.8286
vn -0.7101 -0.0000 0.7041
vn -0.8333 -0.0000 0.5528
vn -0.9248 -0.0000 0.3805
vn -0.9810 -0.0000 0.1939
vn -1.0000 -0.0000 -0.0000
vn -0.9810 -0.0000 -0.1939
vn -0.9248 -0.0000 -0.3805
vn -0.8333 -0.0000 -0.5528
vn -0.7101 -0.0000 -0.7041
vn -0.5598 -0.0000 -0.8286
vn -0.3879 -0.0000 -0.9217
vn -0.2010 -0.0000 -0.9796
vn -0.1971 0.0392 0.9796
vn -0.3804 0.0757 0.9217
vn -0.5490 0.1092 0.8286
vn -0.6965 0.1385 0.7041
vn -0.8173 0.1626 0.5528
vn -0.9070 0.1804 0.3805
vn -0.9622 0.1914 0.1939
vn -0.9808 0.1951 -0.0000
vn -0.9622 0.1914 -0.1939
vn -0.9070 0.1804 -0.3805
vn -0.8173 0.1626 -0.5528
vn -0.6965 0.1385 -0.7041
vn -0.5490 0.1092 -0.8286
vn -0.3804 0.0757 -0.9217
vn -0.1971 0.0392 -0.9796
vn -0.1857 0.0769 0.9796
vn -0.3584 0.1484 0.9217
vn -0.5172 0.2142 0.8286
vn -0.6561 0.2718 0.7041
vn -0.7699 0.3189 0.5528
vn -0.8544 0.3539 0.3805
vn -0.9063 0.3754 0.1939
vn -0.9239 0.3827 -0.0000
vn -0.9063 0.3754 -0.1939
vn -0.8544 0.3539 -0.3805
vn -0.7699 0.3189 -0.5528
vn -0.6561 0.2718 -0.7041
vn -0.5172 0.2142 -0.8286
vn -0.3584 0.1484 -0.9217
vn -0.1857 0.0769 -0.9796
vn -0.1671 0.1117 0.9796
vn -0.3225 0.2155 0.9217
vn -0.4654 0.3110 0.8286
vn -0.5905 0.3945 0.7041
vn -0.6929 0.4630 0.5528
vn -0.7689 0.5138 0.3805
vn -0.8157 0.5450 0.1939
vn -0.8315 0.5556 -0.0000
vn -0.8157 0.5450 -0.1939
vn -0.7689 0.5138 -0.3805
vn -0.6929 0.4630 -0.5528
vn -0.5905 0.3945 -0.7041
vn -0.4654 0.3110 -0.8286
vn -0.3225 0.2155 -0.9217
vn -0.1671 0.1117 -0.9796
vn -0.1421 0.1421 0.9796
vn -0.2743 0.2743 0.9217
vn -0.3958 0.3958 0.8286
vn -0.5021 0.5021 0.7041
vn -0.5893 0.5893 0.5528
vn -0.6539 0.6539 0.3805
vn -0.6937 0.6937 0.1939
vn -0.7071 0.7071 -0.0000
vn -0.6937 0.6937 -0.1939
vn -0.6539 0.6539 -0.3805
vn -0.5893 0.5893 -0.5528
vn -0.5021 0.5021 -0.7041
vn -0.3958 0.3958 -0.8286
vn -0.2743 0.2743 -0.9217
vn -0.1421 0.1421 -0.9796
vn -0.1116 0.1671 0.9796
vn -0.2155 0.3225 0.9217
vn -0.3110 0.4654 0.8286
vn -0.3945 0.5905 0.7041
vn -0.4630 0.6929 0.5528
vn -0.5138 0.7689 0.3805
vn -0.5450 0.8157 0.1939
vn -0.5556 0.8315 -0.0000
vn -0.5450 0.8157 -0.1939
vn -0.5138 0.7689 -0.3805
vn -0.4630 0.6929 -0.5528
vn -0.3945 0.5905 -0.7041
vn -0.3110 0.4654 -0.8286
vn -0.2155 0.3225 -0.9217
vn -0.1117 0.1671 -0.9796
vn -0.0769 0.1857 0.9796
vn -0.1484 0.3584 0.9217
vn -0.2142 0.5172 0.8286
vn -0.2718 0.6561 0.7041
vn -0.3189 0.7699 0.5528
vn -0.3539 0.8544 0.3805
vn -0.3754 0.9063 0.1939
vn -0.3827 0.9239 -0.0000
vn -0.3754 0.9063 -0.1939
vn -0.3539 0.8544 -0.3805
vn -0.3189 0.7699 -0.5528
vn -0.2718 0.6561 -0.7041
vn -0.2142 0.5172 -0.8286
vn -0.1484 0.3584 -0.9217
vn -0.0769 0.1857 -0.9796
vn -0.0392 0.1971 0.9796
vn -0.0757 0.3804 0.9217
vn -0.1092 0.5490 0.8286
vn -0.1385 0.6965 0.7041
vn -0.1626 0.8173 0.5528
vn -0.1804 0.9070 0.3805
vn -0.1914 0.9622 0.1939
vn -0.1951 0.9808 -0.0000
vn -0.1914 0.9622 -0.1939
vn -0.1804 0.9070 -0.3805
vn -0.1626 0.8173 -0.5528
vn -0.1385 0.6965 -0.7041
vn -0.1092 0.5490 -0.8286
vn -0.0757 0.3804 -0.9217
vn -0.0392 0.1971 -0.9796
vn -0.0000 0.2010 0.9796
vn -0.0000 0.3879 0.9217
vn -0.0000 0.5598 0.8286
vn -0.0000 0.7101 0.7041
vn -0.0000 0.8333 0.5528
vn -0.0000 0.9248 0.3805
vn -0.0000 0.9810 0.1939
vn -0.0000 1.0000 -0.0000
vn -0.0000 0.9810 -0.1939
vn -0.0000 0.9248 -0.3805
vn -0.0000 0.8333 -0.5528
vn -0.0000 0.7101 -0.7041
vn -0.0000 0.5598 -0.8286
vn -0.0000 0.3879 -0.9217
vn -0.0000 0.2010 -0.9796
vn 0.0392 0.1971 0.9796
vn 0.0757 0.3804 0.9217
vn 0.1092 0.5490 0.8286
vn 0.1385 0.6965 0.7041
vn 0.1626 0.8173 0.5528
vn 0.1804 0.9070 0.3805
vn 0.1914 0.9622 0.1939
vn 0.1951 0.9808 -0.0000
vn 0.1914 0.9622 -0.1939
vn 0.1804 0.9070 -0.3805
vn 0.1626 0.8173 -0.5528
vn 0.1385 0.6965 -0.7041
vn 0.1092 0.5490 -0.8286
vn 0.0757 0.3804 -0.9217
vn 0.0392 0.1971 -0.9796
vn 0.0769 0.1857 0.9796
vn 0.1484 0.3584 0.9217
vn 0.2142 0.5172 0.8286
vn 0.2718 0.6561 0.7041
vn 0.3189 0.7699 0.5528
vn 0.3539 0.8544 0.3805
vn 0.3754 0.9063 0.1939
vn 0.3827 0.9239 -0.0000
vn 0.3754 0.9063 -0.1939
vn 0.3539 0.8544 -0.3805
vn 0.3189 0.7699 -0.5528
vn 0.2718 0.6561 -0.7041
vn 0.2142 0.5172 -0.8286
vn 0.1484 0.3584 -0.9217
vn 0.0769 0.1857 -0.9796
vn 0.1117 0.1671 0.9796
vn 0.2155 0.3225 0.9217
vn 0.3110 0.4654 0.8286
vn 0.3945 0.5905 0.7041
vn 0.4630 0.6929 0.5528
vn 0.5138 0.7689 0.3805
vn 0.5450 0.8157 0.1939
vn 0.5556 0.8315 -0.0000
vn 0.5450 0.8157 -0.1939
vn 0.5138 0.7689 -0.3805
vn 0.4630 0.6929 -0.5528
vn 0.3945 0.5905 -0.7041
vn 0.3110 0.4654 -0.8286
vn 0.2155 0.3225 -0.9217
vn 0.1117 0.1671 -0.9796
vn 0.1421 0.1421 0.9796
vn 0.2743 0.2743 0.9217
vn 0.3958 0.3958 0.8286
vn 0.5021 0.5021 0.7041
vn 0.5893 0.5893 0.5528
vn 0.6539 0.6539 0.3805
vn 0.6937 0.6937 0.1939
vn 0.7071 0.7071 -0.0000
vn 0.6937 0.6937 -0.1939
vn 0.6539 0.6539 -0.3805
vn 0.5893 0.5893 -0.5528
vn 0.5021 0.5021 -0.7041
vn 0.3958 0.3958 -0.8286
vn 0.2743 0.2743 -0.9217
vn 0.1421 0.1421 -0.9796
vn -0.0000 -0.0000 1.0000
vn 0.1671 0.1117 0.9796
vn 0.3225 0.2155 0.9217
vn 0.4654 0.3110 0.8286
vn 0.5905 0.3945 0.7041
vn 0.6929 0.4630 0.5528
vn 0.7689 0.5138 0.3805
vn 0.8157 0.5450 0.1939
vn 0.8315 0.5556 -0.0000
vn 0.8157 0.5450 -0.1939
vn 0.7689 0.5138 -0.3805
vn 0.6929 0.4630 -0.5528
vn 0.5905 0.3945 -0.7041
vn 0.4654 0.3110 -0.8286
vn 0.3225 0.2155 -0.9217
vn 0.1671 0.1117 -0.9796
vn 0.1857 0.0769 0.9796
vn 0.3584 0.1484 0.9217
vn 0.5172 0.2142 0.8286
vn 0.6561 0.2718 0.7041
vn 0.7699 0.3189 0.5528
vn 0.8544 0.3539 0.3805
vn 0.9063 0.3754 0.1939
vn 0.9239 0.3827 -0.0000
vn 0.9063 0.3754 -0.1939
vn 0.8544 0.3539 -0.3805
vn 0.7699 0.3189 -0.5528
vn 0.6561 0.2718 -0.7041
vn 0.5172 0.2142 -0.8286
vn 0.3584 0.1484 -0.9217
vn 0.1857 0.0769 -0.9796
vn 0.1971 0.0392 0.9796
vn 0.3804 0.0757 0.9217
vn 0.5490 0.1092 0.8286
vn 0.6965 0.1385 0.7041
vn 0.8173 0.1626 0.5528
vn 0.9070 0.1804 0.3805
vn 0.9622 0.1914 0.1939
vn 0.9808 0.1951 -0.0000
vn 0.9622 0.1914 -0.1939
vn 0.9070 0.1804 -0.3805
vn 0.8173 0.1626 -0.5528
vn 0.6965 0.1385 -0.7041
vn 0.5490 0.1092 -0.8286
vn 0.3804 0.0757 -0.9217
vn 0.1971 0.0392 -0.9796
vn 0.2010 -0.0000 0.9796
vn 0.3879 -0.0000 0.9217
vn 0.5598 -0.0000 0.8286
vn 0.7101 -0.0000 0.7041
vn 0.8333 -0.0000 0.5528
vn 0.9248 -0.0000 0.3805
vn 0.9810 -0.0000 0.1939
vn 1.0000 -0.0000 -0.0000
vn 0.9810 -0.0000 -0.1939
vn 0.9248 -0.0000 -0.3805
vn 0.8333 -0.0000 -0.5528
vn 0.7101 -0.0000 -0.7041
vn 0.5598 -0.0000 -0.8286
vn 0.3879 -0.0000 -0.9217
vn 0.2010 -0.0000 -0.9796
vn 0.1971 -0.0392 0.9796
vn 0.3804 -0.0757 0.9217
vn 0.5490 -0.1092 0.8286
vn 0.6965 -0.1385 0.7041
vn 0.8173 -0.1626 0.5528
vn 0.9070 -0.1804 0.3805
vn 0.9622 -0.1914 0.1939
vn 0.9808 -0.1951 -0.0000
vn 0.9622 -0.1914 -0.1939
vn 0.9070 -0.1804 -0.3805
vn 0.8173 -0.1626 -0.5528
vn 0.6965 -0.1385 -0.7041
vn 0.5490 -0.1092 -0.8286
vn 0.3804 -0.0757 -0.9217
vn 0.1971 -0.0392 -0.9796
vn 0.1857 -0.0769 0.9796
vn 0.3584 -0.1484 0.9217
vn 0.5172 -0.2142 0.8286
vn 0.6561 -0.2718 0.7041
vn 0.7699 -0.3189 0.5528
vn 0.8544 -0.3539 0.3805
vn 0.9063 -0.3754 0.1939
vn 0.9239 -0.3827 -0.0000
vn 0.9063 -0.3754 -0.1939
vn 0.8544 -0.3539 -0.3805
vn 0.7699 -0.3189 -0.5528
vn 0.6561 -0.2718 -0.7041
vn 0.5172 -0.2142 -0.8286
vn 0.3584 -0.1484 -0.9217
vn 0.1857 -0.0769 -0.9796
vn 0.1671 -0.1117 0.9796
vn 0.3225 -0.2155 0.9217
vn 0.4654 -0.3110 0.8286
vn 0.5905 -0.3945 0.7041
vn 0.6929 -0.4630 0.5528
vn 0.7689 -0.5138 0.3805
vn 0.8157 -0.5450 0.1939
vn 0.8315 -0.5556 -0.0000
vn 0.8157 -0.5450 -0.1939
vn 0.7689 -0.5138 -0.3805
vn 0.6929 -0.4630 -0.5528
vn 0.5905 -0.3945 -0.7041
vn 0.4654 -0.3110 -0.8286
vn 0.3225 -0.2155 -0.9217
vn 0.1671 -0.1117 -0.9796
vn 0.1421 -0.1421 0.9796
vn 0.2743 -0.2743 0.9217
vn 0.3958 -0.3958 0.8286
vn 0.5021 -0.5021 0.7041
vn 0.5893 -0.5893 0.5528
vn 0.6539 -0.6539 0.3805
vn 0.6937 -0.6937 0.1939
vn 0.7071 -0.7071 -0.0000
vn 0.6937 -0.6937 -0.1939
vn 0.6539 -0.6539 -0.3805
vn 0.5893 -0.5893 -0.5528
vn 0.5021 -0.5021 -0.7041
vn 0.3958 -0.3958 -0.8286
vn 0.2743 -0.2743 -0.9217
vn 0.1421 -0.1421 -0.9796
vn 0.1117 -0.1671 0.9796
vn 0.2155 -0.3225 0.9217
vn 0.3110 -0.4654 0.8286
vn 0.3945 -0.5905 0.7041
vn 0.4630 -0.6929 0.5528
vn 0.5138 -0.7689 0.3805
vn 0.5450 -0.8157 0.1939
vn 0.5556 -0.8315 -0.0000
vn 0.5450 -0.8157 -0.1939
vn 0.5138 -0.7689 -0.3805
vn 0.4630 -0.6929 -0.5528
vn 0.3945 -0.5905 -0.7041
vn 0.3110 -0.4654 -0.8286
vn 0.2155 -0.3225 -0.9217
vn 0.1117 -0.1671 -0.9796
vn 0.0769 -0.1857 0.9796
vn 0.1484 -0.3584 0.9217
vn 0.2142 -0.5172 0.8286
vn 0.2718 -0.6561 0.7041
vn 0.3189 -0.7699 0.5528
vn 0.3539 -0.8544 0.3805
vn 0.3754 -0.9063 0.1939
vn 0.3827 -0.9239 -0.0000
vn 0.3754 -0.9063 -0.1939
vn 0.3539 -0.8544 -0.3805
vn 0.3189 -0.7699 -0.5528
vn 0.2718 -0.6561 -0.7041
vn 0.2142 -0.5172 -0.8286
vn 0.1484 -0.3584 -0.9217
vn 0.0769 -0.1857 -0.9796
vn 0.0392 -0.1971 0.9796
vn 0.0757 -0.3804 0.9217
vn 0.1092 -0.5490 0.8286
vn 0.1385 -0.6965 0.7041
vn 0.1626 -0.8173 0.5528
vn 0.1804 -0.9070 0.3805
vn 0.1914 -0.9622 0.1939
vn 0.1951 -0.9808 -0.0000
vn 0.1914 -0.9622 -0.1939
vn 0.1804 -0.9070 -0.3805
vn 0.1626 -0.8173 -0.5528
vn 0.1385 -0.6965 -0.7041
vn 0.1092 -0.5490 -0.8286
vn 0.0757 -0.3804 -0.9217
vn 0.0392 -0.1971 -0.9796
vn -0.0000 -0.3879 0.9217
vn -0.0000 -0.5598 0.8286
vn -0.0000 -0.9248 0.3805
vn -0.0000 -1.0000 -0.0000
vn -0.0000 -0.9248 -0.3805
vn -0.0000 -0.7101 -0.7041
vn -0.0000 -0.5598 -0.8286
vn -0.0000 -0.3879 -0.9217
vn -0.0000 -0.2010 -0.9796
vt 0.750000 0.750000
vt 0.718750 0.687500
vt 0.750000 0.687500
vt 0.750000 0.250000
vt 0.718750 0.187500
vt 0.750000 0.187500
vt 0.750000 0.625000
vt 0.718750 0.625000
vt 0.718750 0.125000
vt 0.750000 0.125000
vt 0.718750 0.562500
vt 0.750000 0.562500
vt 0.718750 0.062500
vt 0.750000 0.062500
vt 0.750000 0.500000
vt 0.718750 0.500000
vt 0.750000 0.937500
vt 0.734375 1.000000
vt 0.718750 0.937500
vt 0.734375 0.000000
vt 0.718750 0.437500
vt 0.750000 0.437500
vt 0.750000 0.875000
vt 0.718750 0.875000
vt 0.718750 0.375000
vt 0.750000 0.375000
vt 0.750000 0.812500
vt 0.718750 0.812500
vt 0.718750 0.312500
vt 0.750000 0.312500
vt 0.718750 0.750000
vt 0.718750 0.250000
vt 0.687500 0.312500
vt 0.687500 0.750000
vt 0.687500 0.250000
vt 0.687500 0.687500
vt 0.687500 0.187500
vt 0.687500 0.625000
vt 0.687500 0.125000
vt 0.687500 0.562500
vt 0.687500 0.062500
vt 0.687500 0.500000
vt 0.703125 1.000000
vt 0.687500 0.937500
vt 0.703125 0.000000
vt 0.687500 0.437500
vt 0.687500 0.875000
vt 0.687500 0.375000
vt 0.687500 0.812500
vt 0.656250 0.125000
vt 0.656250 0.062500
vt 0.656250 0.500000
vt 0.671875 1.000000
vt 0.656250 0.937500
vt 0.671875 0.000000
vt 0.656250 0.437500
vt 0.656250 0.875000
vt 0.656250 0.375000
vt 0.656250 0.812500
vt 0.656250 0.312500
vt 0.656250 0.750000
vt 0.656250 0.250000
vt 0.656250 0.687500
vt 0.656250 0.187500
vt 0.656250 0.625000
vt 0.656250 0.562500
vt 0.625000 0.250000
vt 0.625000 0.687500
vt 0.625000 0.187500
vt 0.625000 0.625000
vt 0.625000 0.125000
vt 0.625000 0.562500
vt 0.625000 0.062500
vt 0.625000 0.500000
vt 0.640625 1.000000
vt 0.625000 0.937500
vt 0.640625 0.000000
vt 0.625000 0.437500
vt 0.625000 0.875000
vt 0.625000 0.375000
vt 0.625000 0.812500
vt 0.625000 0.312500
vt 0.625000 0.750000
vt 0.609375 1.000000
vt 0.593750 0.937500
vt 0.609375 0.000000
vt 0.593750 0.062500
vt 0.593750 0.437500
vt 0.593750 0.875000
vt 0.593750 0.375000
vt 0.593750 0.812500
vt 0.593750 0.312500
vt 0.593750 0.750000
vt 0.593750 0.250000
vt 0.593750 0.687500
vt 0.593750 0.187500
vt 0.593750 0.625000
vt 0.593750 0.125000
vt 0.593750 0.562500
vt 0.593750 0.500000
vt 0.562500 0.750000
vt 0.562500 0.687500
vt 0.562500 0.250000
vt 0.562500 0.187500
vt 0.562500 0.625000
vt 0.562500 0.125000
vt 0.562500 0.562500
vt 0.562500 0.062500
vt 0.562500 0.500000
vt 0.578125 1.000000
vt 0.562500 0.937500
vt 0.578125 0.000000
vt 0.562500 0.437500
vt 0.562500 0.875000
vt 0.562500 0.375000
vt 0.562500 0.812500
vt 0.562500 0.312500
vt 0.531250 0.500000
vt 0.531250 0.437500
vt 0.531250 0.875000
vt 0.531250 0.375000
vt 0.531250 0.812500
vt 0.531250 0.312500
vt 0.531250 0.750000
vt 0.531250 0.250000
vt 0.531250 0.687500
vt 0.531250 0.187500
vt 0.531250 0.625000
vt 0.531250 0.125000
vt 0.531250 0.562500
vt 0.531250 0.062500
vt 0.546875 1.000000
vt 0.531250 0.937500
vt 0.546875 0.000000
vt 0.500000 0.250000
vt 0.500000 0.187500
vt 0.500000 0.625000
vt 0.500000 0.125000
vt 0.500000 0.562500
vt 0.500000 0.062500
vt 0.500000 0.500000
vt 0.515625 1.000000
vt 0.500000 0.937500
vt 0.515625 0.000000
vt 0.500000 0.437500
vt 0.500000 0.875000
vt 0.500000 0.375000
vt 0.500000 0.812500
vt 0.500000 0.312500
vt 0.500000 0.750000
vt 0.500000 0.687500
vt 0.468750 0.875000
vt 0.468750 0.375000
vt 0.468750 0.812500
vt 0.468750 0.312500
vt 0.468750 0.750000
vt 0.468750 0.250000
vt 0.468750 0.687500
vt 0.468750 0.187500
vt 0.468750 0.625000
vt 0.468750 0.125000
vt 0.468750 0.562500
vt 0.468750 0.062500
vt 0.468750 0.500000
vt 0.484375 1.000000
vt 0.468750 0.937500
vt 0.484375 0.000000
vt 0.468750 0.437500
vt 0.437500 0.625000
vt 0.437500 0.125000
vt 0.437500 0.562500
vt 0.437500 0.062500
vt 0.437500 0.500000
vt 0.453125 1.000000
vt 0.437500 0.937500
vt 0.453125 0.000000
vt 0.437500 0.437500
vt 0.437500 0.875000
vt 0.437500 0.375000
vt 0.437500 0.812500
vt 0.437500 0.312500
vt 0.437500 0.750000
vt 0.437500 0.250000
vt 0.437500 0.687500
vt 0.437500 0.187500
vt 0.406250 0.375000
vt 0.406250 0.812500
vt 0.406250 0.312500
vt 0.406250 0.750000
vt 0.406250 0.250000
vt 0.406250 0.687500
vt 0.406250 0.187500
vt 0.406250 0.625000
vt 0.406250 0.125000
vt 0.406250 0.562500
vt 0.406250 0.062500
vt 0.406250 0.500000
vt 0.421875 1.000000
vt 0.406250 0.937500
vt 0.421875 0.000000
vt 0.406250 0.437500
vt 0.406250 0.875000
vt 0.375000 0.187500
vt 0.375000 0.125000
vt 0.375000 0.562500
vt 0.375000 0.062500
vt 0.375000 0.500000
vt 0.390625 1.000000
vt 0.375000 0.937500
vt 0.390625 0.000000
vt 0.375000 0.437500
vt 0.375000 0.875000
vt 0.375000 0.375000
vt 0.375000 0.812500
vt 0.375000 0.312500
vt 0.375000 0.750000
vt 0.375000 0.250000
vt 0.375000 0.687500
vt 0.375000 0.625000
vt 0.343750 0.312500
vt 0.343750 0.750000
vt 0.343750 0.250000
vt 0.343750 0.687500
vt 0.343750 0.187500
vt 0.343750 0.625000
vt 0.343750 0.125000
vt 0.343750 0.562500
vt 0.343750 0.062500
vt 0.343750 0.500000
vt 0.359375 1.000000
vt 0.343750 0.937500
vt 0.359375 0.000000
vt 0.343750 0.437500
vt 0.343750 0.875000
vt 0.343750 0.375000
vt 0.343750 0.812500
vt 0.312500 0.125000
vt 0.312500 0.062500
vt 0.312500 0.500000
vt 0.328125 1.000000
vt 0.312500 0.937500
vt 0.328125 0.000000
vt 0.312500 0.437500
vt 0.312500 0.875000
vt 0.312500 0.375000
vt 0.312500 0.812500
vt 0.312500 0.312500
vt 0.312500 0.750000
vt 0.312500 0.250000
vt 0.312500 0.687500
vt 0.312500 0.187500
vt 0.312500 0.625000
vt 0.312500 0.562500
vt 0.281250 0.750000
vt 0.281250 0.312500
vt 0.281250 0.250000
vt 0.281250 0.687500
vt 0.281250 0.187500
vt 0.281250 0.625000
vt 0.281250 0.125000
vt 0.281250 0.562500
vt 0.281250 0.062500
vt 0.281250 0.500000
vt 0.296875 1.000000
vt 0.281250 0.937500
vt 0.296875 0.000000
vt 0.281250 0.437500
vt 0.281250 0.875000
vt 0.281250 0.375000
vt 0.281250 0.812500
vt 0.250000 0.500000
vt 0.265625 1.000000
vt 0.250000 0.937500
vt 0.265625 0.000000
vt 0.250000 0.062500
vt 0.250000 0.437500
vt 0.250000 0.875000
vt 0.250000 0.375000
vt 0.250000 0.812500
vt 0.250000 0.312500
vt 0.250000 0.750000
vt 0.250000 0.250000
vt 0.250000 0.687500
vt 0.250000 0.187500
vt 0.250000 0.625000
vt 0.250000 0.125000
vt 0.250000 0.562500
vt 0.218750 0.312500
vt 0.218750 0.250000
vt 0.218750 0.687500
vt 0.218750 0.187500
vt 0.218750 0.625000
vt 0.218750 0.125000
vt 0.218750 0.562500
vt 0.218750 0.062500
vt 0.218750 0.500000
vt 0.234375 1.000000
vt 0.218750 0.937500
vt 0.234375 0.000000
vt 0.218750 0.437500
vt 0.218750 0.875000
vt 0.218750 0.375000
vt 0.218750 0.812500
vt 0.218750 0.750000
vt 0.203125 1.000000
vt 0.187500 0.937500
vt 0.203125 0.000000
vt 0.187500 0.062500
vt 0.187500 0.500000
vt 0.187500 0.437500
vt 0.187500 0.875000
vt 0.187500 0.375000
vt 0.187500 0.812500
vt 0.187500 0.312500
vt 0.187500 0.750000
vt 0.187500 0.250000
vt 0.187500 0.687500
vt 0.187500 0.187500
vt 0.187500 0.625000
vt 0.187500 0.125000
vt 0.187500 0.562500
vt 0.156250 0.687500
vt 0.156250 0.187500
vt 0.156250 0.625000
vt 0.156250 0.125000
vt 0.156250 0.562500
vt 0.156250 0.062500
vt 0.156250 0.500000
vt 0.171875 1.000000
vt 0.156250 0.937500
vt 0.171875 0.000000
vt 0.156250 0.437500
vt 0.156250 0.875000
vt 0.156250 0.375000
vt 0.156250 0.812500
vt 0.156250 0.312500
vt 0.156250 0.750000
vt 0.156250 0.250000
vt 0.125000 0.500000
vt 0.125000 0.437500
vt 0.125000 0.875000
vt 0.125000 0.375000
vt 0.125000 0.812500
vt 0.125000 0.312500
vt 0.125000 0.750000
vt 0.125000 0.250000
vt 0.125000 0.687500
vt 0.125000 0.187500
vt 0.125000 0.625000
vt 0.125000 0.125000
vt 0.125000 0.562500
vt 0.125000 0.062500
vt 0.140625 1.000000
vt 0.125000 0.937500
vt 0.140625 0.000000
vt 0.093750 0.187500
vt 0.093750 0.687500
vt 0.093750 0.625000
vt 0.093750 0.125000
vt 0.093750 0.562500
vt 0.093750 0.062500
vt 0.093750 0.500000
vt 0.109375 1.000000
vt 0.093750 0.937500
vt 0.109375 0.000000
vt 0.093750 0.437500
vt 0.093750 0.875000
vt 0.093750 0.375000
vt 0.093750 0.812500
vt 0.093750 0.312500
vt 0.093750 0.750000
vt 0.093750 0.250000
vt 0.062500 0.375000
vt 0.062500 0.812500
vt 0.062500 0.312500
vt 0.062500 0.750000
vt 0.062500 0.250000
vt 0.062500 0.687500
vt 0.062500 0.187500
vt 0.062500 0.625000
vt 0.062500 0.125000
vt 0.062500 0.562500
vt 0.062500 0.062500
vt 0.062500 0.500000
vt 0.078125 1.000000
vt 0.062500 0.937500
vt 0.078125 0.000000
vt 0.062500 0.437500
vt 0.062500 0.875000
vt 0.031250 0.187500
vt 0.031250 0.125000
vt 0.031250 0.562500
vt 0.031250 0.062500
vt 0.031250 0.500000
vt 0.046875 1.000000
vt 0.031250 0.937500
vt 0.046875 0.000000
vt 0.031250 0.437500
vt 0.031250 0.875000
vt 0.031250 0.375000
vt 0.031250 0.812500
vt 0.031250 0.312500
vt 0.031250 0.750000
vt 0.031250 0.250000
vt 0.031250 0.687500
vt 0.031250 0.625000
vt 0.000000 0.812500
vt 0.000000 0.312500
vt 0.000000 0.750000
vt 0.000000 0.250000
vt 0.000000 0.687500
vt 0.000000 0.187500
vt 0.000000 0.625000
vt 0.000000 0.125000
vt 0.000000 0.562500
vt 0.000000 0.062500
vt 0.000000 0.500000
vt 0.015625 1.000000
vt 0.000000 0.937500
vt 0.015625 0.000000
vt 0.000000 0.437500
vt 0.000000 0.875000
vt 0.000000 0.375000
vt 1.000000 0.625000
vt 0.968750 0.562500
vt 1.000000 0.562500
vt 1.000000 0.125000
vt 0.968750 0.062500
vt 1.000000 0.062500
vt 0.968750 0.500000
vt 1.000000 0.500000
vt 1.000000 0.937500
vt 0.984375 1.000000
vt 0.968750 0.937500
vt 0.984375 0.000000
vt 1.000000 0.437500
vt 0.968750 0.437500
vt 0.968750 0.875000
vt 1.000000 0.875000
vt 0.968750 0.375000
vt 1.000000 0.375000
vt 0.968750 0.812500
vt 1.000000 0.812500
vt 0.968750 0.312500
vt 1.000000 0.312500
vt 0.968750 0.750000
vt 1.000000 0.750000
vt 1.000000 0.250000
vt 0.968750 0.250000
vt 0.968750 0.687500
vt 1.000000 0.687500
vt 0.968750 0.187500
vt 1.000000 0.187500
vt 0.968750 0.625000
vt 0.968750 0.125000
vt 0.937500 0.312500
vt 0.937500 0.812500
vt 0.937500 0.750000
vt 0.937500 0.250000
vt 0.937500 0.687500
vt 0.937500 0.187500
vt 0.937500 0.625000
vt 0.937500 0.125000
vt 0.937500 0.562500
vt 0.937500 0.062500
vt 0.937500 0.500000
vt 0.953125 1.000000
vt 0.937500 0.937500
vt 0.953125 0.000000
vt 0.937500 0.437500
vt 0.937500 0.875000
vt 0.937500 0.375000
vt 0.906250 0.062500
vt 0.906250 0.500000
vt 0.921875 1.000000
vt 0.906250 0.937500
vt 0.921875 0.000000
vt 0.906250 0.437500
vt 0.906250 0.875000
vt 0.906250 0.375000
vt 0.906250 0.812500
vt 0.906250 0.312500
vt 0.906250 0.750000
vt 0.906250 0.250000
vt 0.906250 0.687500
vt 0.906250 0.187500
vt 0.906250 0.625000
vt 0.906250 0.125000
vt 0.906250 0.562500
vt 0.875000 0.750000
vt 0.875000 0.250000
vt 0.875000 0.687500
vt 0.875000 0.187500
vt 0.875000 0.625000
vt 0.875000 0.125000
vt 0.875000 0.562500
vt 0.875000 0.062500
vt 0.875000 0.500000
vt 0.890625 1.000000
vt 0.875000 0.937500
vt 0.890625 0.000000
vt 0.875000 0.437500
vt 0.875000 0.875000
vt 0.875000 0.375000
vt 0.875000 0.812500
vt 0.875000 0.312500
vt 0.843750 0.500000
vt 0.859375 1.000000
vt 0.843750 0.937500
vt 0.859375 0.000000
vt 0.843750 0.062500
vt 0.843750 0.437500
vt 0.843750 0.875000
vt 0.843750 0.375000
vt 0.843750 0.812500
vt 0.843750 0.312500
vt 0.843750 0.750000
vt 0.843750 0.250000
vt 0.843750 0.687500
vt 0.843750 0.187500
vt 0.843750 0.625000
vt 0.843750 0.125000
vt 0.843750 0.562500
vt 0.812500 0.250000
vt 0.812500 0.687500
vt 0.812500 0.187500
vt 0.812500 0.625000
vt 0.812500 0.125000
vt 0.812500 0.562500
vt 0.812500 0.062500
vt 0.812500 0.500000
vt 0.828125 1.000000
vt 0.812500 0.937500
vt 0.828125 0.000000
vt 0.812500 0.437500
vt 0.812500 0.875000
vt 0.812500 0.375000
vt 0.812500 0.812500
vt 0.812500 0.312500
vt 0.812500 0.750000
vt 0.796875 0.000000
vt 0.781250 0.062500
vt 0.781250 0.500000
vt 0.781250 0.437500
vt 0.781250 0.937500
vt 0.781250 0.875000
vt 0.781250 0.375000
vt 0.781250 0.812500
vt 0.781250 0.312500
vt 0.781250 0.750000
vt 0.781250 0.250000
vt 0.781250 0.687500
vt 0.781250 0.187500
vt 0.781250 0.625000
vt 0.781250 0.125000
vt 0.781250 0.562500
vt 0.796875 1.000000
vt 0.765625 1.000000
vt 0.765625 0.000000
s 1
g Sphere_M_CoralBio.001
usemtl M_CoralBio.001
f 1814/2084/1673 1823/2085/1682 1815/2086/1674
f 2291/2087/2150 1831/2088/1690 2292/2089/2151
f 2288/2090/2147 1823/2085/1682 1824/2091/1683
f 2292/2089/2151 1832/2092/1691 2293/2093/2152
f 2288/2090/2147 1825/2094/1684 1816/2095/1675
f 2293/2093/2152 1833/2096/1692 2294/2097/2153
f 2289/2098/2148 1825/2094/1684 1826/2099/1685
f 1813/2100/1672 2120/2101/1979 1819/2102/1678
f 1864/2103/1723 2294/2097/2153 1833/2096/1692
f 2289/2098/2148 1827/2104/1686 1817/2105/1676
f 2286/2106/2145 1819/2102/1678 1820/2107/1679
f 1817/2105/1676 1828/2108/1687 2290/2109/2149
f 2287/2110/2146 1820/2107/1679 1821/2111/1680
f 2290/2109/2149 1829/2112/1688 1818/2113/1677
f 1814/2084/1673 1821/2111/1680 1822/2114/1681
f 1818/2113/1677 1830/2115/1689 2291/2087/2150
f 1828/2108/1687 1844/2116/1703 1829/2112/1688
f 1821/2111/1680 1837/2117/1696 1822/2114/1681
f 1829/2112/1688 1845/2118/1704 1830/2115/1689
f 1823/2085/1682 1837/2117/1696 1838/2119/1697
f 1831/2088/1690 1845/2118/1704 1846/2120/1705
f 1823/2085/1682 1839/2121/1698 1824/2091/1683
f 1832/2092/1691 1846/2120/1705 1847/2122/1706
f 1824/2091/1683 1840/2123/1699 1825/2094/1684
f 1832/2092/1691 1848/2124/1707 1833/2096/1692
f 1826/2099/1685 1840/2123/1699 1841/2125/1700
f 1819/2102/1678 2120/2126/1979 1834/2127/1693
f 1864/2128/1723 1833/2096/1692 1848/2124/1707
f 1826/2099/1685 1842/2129/1701 1827/2104/1686
f 1819/2102/1678 1835/2130/1694 1820/2107/1679
f 1828/2108/1687 1842/2129/1701 1843/2131/1702
f 1820/2107/1679 1836/2132/1695 1821/2111/1680
f 1848/2124/1707 1862/2133/1721 1863/2134/1722
f 1840/2123/1699 1856/2135/1715 1841/2125/1700
f 1834/2127/1693 2120/2136/1979 1849/2137/1708
f 1864/2138/1723 1848/2124/1707 1863/2134/1722
f 1841/2125/1700 1857/2139/1716 1842/2129/1701
f 1834/2127/1693 1850/2140/1709 1835/2130/1694
f 1842/2129/1701 1858/2141/1717 1843/2131/1702
f 1835/2130/1694 1851/2142/1710 1836/2132/1695
f 1843/2131/1702 1859/2143/1718 1844/2116/1703
f 1836/2132/1695 1852/2144/1711 1837/2117/1696
f 1845/2118/1704 1859/2143/1718 1860/2145/1719
f 1837/2117/1696 1853/2146/1712 1838/2119/1697
f 1846/2120/1705 1860/2145/1719 1861/2147/1720
f 1839/2121/1698 1853/2146/1712 1854/2148/1713
f 1846/2120/1705 1862/2133/1721 1847/2122/1706
f 1839/2121/1698 1855/2149/1714 1840/2123/1699
f 1859/2143/1718 1876/2150/1735 1860/2145/1719
f 1852/2144/1711 1869/2151/1728 1853/2146/1712
f 1861/2147/1720 1876/2150/1735 1877/2152/1736
f 1854/2148/1713 1869/2151/1728 1870/2153/1729
f 1861/2147/1720 1878/2154/1737 1862/2133/1721
f 1854/2148/1713 1871/2155/1730 1855/2149/1714
f 1863/2134/1722 1878/2154/1737 1879/2156/1738
f 1855/2149/1714 1872/2157/1731 1856/2135/1715
f 1849/2137/1708 2120/2158/1979 1865/2159/1724
f 1864/2160/1723 1863/2134/1722 1879/2156/1738
f 1856/2135/1715 1873/2161/1732 1857/2139/1716
f 1849/2137/1708 1866/2162/1725 1850/2140/1709
f 1857/2139/1716 1874/2163/1733 1858/2141/1717
f 1851/2142/1710 1866/2162/1725 1867/2164/1726
f 1858/2141/1717 1875/2165/1734 1859/2143/1718
f 1851/2142/1710 1868/2166/1727 1852/2144/1711
f 1865/2159/1724 2120/2167/1979 1880/2168/1739
f 1864/2169/1723 1879/2156/1738 1894/2170/1753
f 1872/2157/1731 1888/2171/1747 1873/2161/1732
f 1865/2159/1724 1881/2172/1740 1866/2162/1725
f 1873/2161/1732 1889/2173/1748 1874/2163/1733
f 1866/2162/1725 1882/2174/1741 1867/2164/1726
f 1874/2163/1733 1890/2175/1749 1875/2165/1734
f 1867/2164/1726 1883/2176/1742 1868/2166/1727
f 1875/2165/1734 1891/2177/1750 1876/2150/1735
f 1869/2151/1728 1883/2176/1742 1884/2178/1743
f 1877/2152/1736 1891/2177/1750 1892/2179/1751
f 1870/2153/1729 1884/2178/1743 1885/2180/1744
f 1877/2152/1736 1893/2181/1752 1878/2154/1737
f 1870/2153/1729 1886/2182/1745 1871/2155/1730
f 1879/2156/1738 1893/2181/1752 1894/2170/1753
f 1872/2157/1731 1886/2182/1745 1887/2183/1746
f 1884/2178/1743 1898/2184/1757 1899/2185/1758
f 1892/2179/1751 1906/2186/1765 1907/2187/1766
f 1885/2180/1744 1899/2185/1758 1900/2188/1759
f 1893/2181/1752 1907/2187/1766 1908/2189/1767
f 1885/2180/1744 1901/2190/1760 1886/2182/1745
f 1894/2170/1753 1908/2189/1767 1909/2191/1768
f 1886/2182/1745 1902/2192/1761 1887/2183/1746
f 1880/2168/1739 2120/2193/1979 1895/2194/1754
f 1864/2195/1723 1894/2170/1753 1909/2191/1768
f 1887/2183/1746 1903/2196/1762 1888/2171/1747
f 1881/2172/1740 1895/2194/1754 1896/2197/1755
f 1889/2173/1748 1903/2196/1762 1904/2198/1763
f 1881/2172/1740 1897/2199/1756 1882/2174/1741
f 1889/2173/1748 1905/2200/1764 1890/2175/1749
f 1882/2174/1741 1898/2184/1757 1883/2176/1742
f 1890/2175/1749 1906/2186/1765 1891/2177/1750
f 1903/2196/1762 1917/2201/1776 1918/2202/1777
f 1895/2194/1754 1911/2203/1770 1896/2197/1755
f 1903/2196/1762 1919/2204/1778 1904/2198/1763
f 1896/2197/1755 1912/2205/1771 1897/2199/1756
f 1904/2198/1763 1920/2206/1779 1905/2200/1764
f 1897/2199/1756 1913/2207/1772 1898/2184/1757
f 1905/2200/1764 1921/2208/1780 1906/2186/1765
f 1898/2184/1757 1914/2209/1773 1899/2185/1758
f 1906/2186/1765 1922/2210/1781 1907/2187/1766
f 1900/2188/1759 1914/2209/1773 1915/2211/1774
f 1907/2187/1766 1923/2212/1782 1908/2189/1767
f 1900/2188/1759 1916/2213/1775 1901/2190/1760
f 1908/2189/1767 1924/2214/1783 1909/2191/1768
f 1901/2190/1760 1917/2201/1776 1902/2192/1761
f 1895/2194/1754 2120/2215/1979 1910/2216/1769
f 1864/2217/1723 1909/2191/1768 1924/2214/1783
f 1922/2210/1781 1936/2218/1795 1937/2219/1796
f 1914/2209/1773 1930/2220/1789 1915/2211/1774
f 1923/2212/1782 1937/2219/1796 1938/2221/1797
f 1916/2213/1775 1930/2220/1789 1931/2222/1790
f 1923/2212/1782 1939/2223/1798 1924/2214/1783
f 1917/2201/1776 1931/2222/1790 1932/2224/1791
f 1910/2216/1769 2120/2225/1979 1925/2226/1784
f 1864/2227/1723 1924/2214/1783 1939/2223/1798
f 1917/2201/1776 1933/2228/1792 1918/2202/1777
f 1911/2203/1770 1925/2226/1784 1926/2229/1785
f 1918/2202/1777 1934/2230/1793 1919/2204/1778
f 1911/2203/1770 1927/2231/1786 1912/2205/1771
f 1919/2204/1778 1935/2232/1794 1920/2206/1779
f 1912/2205/1771 1928/2233/1787 1913/2207/1772
f 1920/2206/1779 1936/2218/1795 1921/2208/1780
f 1913/2207/1772 1929/2234/1788 1914/2209/1773
f 1925/2226/1784 1941/2235/1800 1926/2229/1785
f 1933/2228/1792 1949/2236/1808 1934/2230/1793
f 1926/2229/1785 1942/2237/1801 1927/2231/1786
f 1934/2230/1793 1950/2238/1809 1935/2232/1794
f 1927/2231/1786 1943/2239/1802 1928/2233/1787
f 1936/2218/1795 1950/2238/1809 1951/2240/1810
f 1928/2233/1787 1944/2241/1803 1929/2234/1788
f 1936/2218/1795 1952/2242/1811 1937/2219/1796
f 1930/2220/1789 1944/2241/1803 1945/2243/1804
f 1938/2221/1797 1952/2242/1811 1953/2244/1812
f 1931/2222/1790 1945/2243/1804 1946/2245/1805
f 1939/2223/1798 1953/2244/1812 1954/2246/1813
f 1931/2222/1790 1947/2247/1806 1932/2224/1791
f 1925/2226/1784 2120/2248/1979 1940/2249/1799
f 1864/2250/1723 1939/2223/1798 1954/2246/1813
f 1932/2224/1791 1948/2251/1807 1933/2228/1792
f 1944/2241/1803 1960/2252/1819 1945/2243/1804
f 1952/2242/1811 1968/2253/1827 1953/2244/1812
f 1945/2243/1804 1961/2254/1820 1946/2245/1805
f 1954/2246/1813 1968/2253/1827 1969/2255/1828
f 1947/2247/1806 1961/2254/1820 1962/2256/1821
f 1940/2249/1799 2120/2257/1979 1955/2258/1814
f 1864/2259/1723 1954/2246/1813 1969/2255/1828
f 1947/2247/1806 1963/2260/1822 1948/2251/1807
f 1940/2249/1799 1956/2261/1815 1941/2235/1800
f 1948/2251/1807 1964/2262/1823 1949/2236/1808
f 1941/2235/1800 1957/2263/1816 1942/2237/1801
f 1949/2236/1808 1965/2264/1824 1950/2238/1809
f 1942/2237/1801 1958/2265/1817 1943/2239/1802
f 1950/2238/1809 1966/2266/1825 1951/2240/1810
f 1943/2239/1802 1959/2267/1818 1944/2241/1803
f 1952/2242/1811 1966/2266/1825 1967/2268/1826
f 1963/2260/1822 1979/2269/1838 1964/2262/1823
f 1956/2261/1815 1972/2270/1831 1957/2263/1816
f 1964/2262/1823 1980/2271/1839 1965/2264/1824
f 1957/2263/1816 1973/2272/1832 1958/2265/1817
f 1966/2266/1825 1980/2271/1839 1981/2273/1840
f 1958/2265/1817 1974/2274/1833 1959/2267/1818
f 1966/2266/1825 1982/2275/1841 1967/2268/1826
f 1960/2252/1819 1974/2274/1833 1975/2276/1834
f 1967/2268/1826 1983/2277/1842 1968/2253/1827
f 1960/2252/1819 1976/2278/1835 1961/2254/1820
f 1968/2253/1827 1984/2279/1843 1969/2255/1828
f 1961/2254/1820 1977/2280/1836 1962/2256/1821
f 1955/2258/1814 2120/2281/1979 1970/2282/1829
f 1864/2283/1723 1969/2255/1828 1984/2279/1843
f 1963/2260/1822 1977/2280/1836 1978/2284/1837
f 1955/2258/1814 1971/2285/1830 1956/2261/1815
f 1983/2277/1842 1997/2286/1856 1998/2287/1857
f 1975/2276/1834 1991/2288/1850 1976/2278/1835
f 1983/2277/1842 1999/2289/1858 1984/2279/1843
f 1976/2278/1835 1992/2290/1851 1977/2280/1836
f 1970/2282/1829 2120/2291/1979 1985/2292/1844
f 1864/2293/1723 1984/2279/1843 1999/2289/1858
f 1978/2284/1837 1992/2290/1851 1993/2294/1852
f 1970/2282/1829 1986/2295/1845 1971/2285/1830
f 1978/2284/1837 1994/2296/1853 1979/2269/1838
f 1971/2285/1830 1987/2297/1846 1972/2270/1831
f 1979/2269/1838 1995/2298/1854 1980/2271/1839
f 1972/2270/1831 1988/2299/1847 1973/2272/1832
f 1981/2273/1840 1995/2298/1854 1996/2300/1855
f 1973/2272/1832 1989/2301/1848 1974/2274/1833
f 1982/2275/1841 1996/2300/1855 1997/2286/1856
f 1975/2276/1834 1989/2301/1848 1990/2302/1849
f 1994/2296/1853 2010/2303/1869 1995/2298/1854
f 1987/2297/1846 2003/2304/1862 1988/2299/1847
f 1996/2300/1855 2010/2303/1869 2011/2305/1870
f 1988/2299/1847 2004/2306/1863 1989/2301/1848
f 1997/2286/1856 2011/2305/1870 2012/2307/1871
f 1990/2302/1849 2004/2306/1863 2005/2308/1864
f 1998/2287/1857 2012/2307/1871 2013/2309/1872
f 1990/2302/1849 2006/2310/1865 1991/2288/1850
f 1998/2287/1857 2014/2311/1873 1999/2289/1858
f 1991/2288/1850 2007/2312/1866 1992/2290/1851
f 1985/2292/1844 2120/2313/1979 2000/2314/1859
f 1864/2315/1723 1999/2289/1858 2014/2311/1873
f 1992/2290/1851 2008/2316/1867 1993/2294/1852
f 1985/2292/1844 2001/2317/1860 1986/2295/1845
f 1994/2296/1853 2008/2316/1867 2009/2318/1868
f 1986/2295/1845 2002/2319/1861 1987/2297/1846
f 2014/2311/1873 2028/2320/1887 2029/2321/1888
f 2006/2310/1865 2022/2322/1881 2007/2312/1866
f 2000/2314/1859 2120/2323/1979 2015/2324/1874
f 1864/2325/1723 2014/2311/1873 2029/2321/1888
f 2008/2316/1867 2022/2322/1881 2023/2326/1882
f 2000/2314/1859 2016/2327/1875 2001/2317/1860
f 2009/2318/1868 2023/2326/1882 2024/2328/1883
f 2001/2317/1860 2017/2329/1876 2002/2319/1861
f 2009/2318/1868 2025/2330/1884 2010/2303/1869
f 2002/2319/1861 2018/2331/1877 2003/2304/1862
f 2010/2303/1869 2026/2332/1885 2011/2305/1870
f 2003/2304/1862 2019/2333/1878 2004/2306/1863
f 2011/2305/1870 2027/2334/1886 2012/2307/1871
f 2005/2308/1864 2019/2333/1878 2020/2335/1879
f 2013/2309/1872 2027/2334/1886 2028/2320/1887
f 2005/2308/1864 2021/2336/1880 2006/2310/1865
f 2017/2329/1876 2033/2337/1892 2018/2331/1877
f 2026/2332/1885 2040/2338/1899 2041/2339/1900
f 2018/2331/1877 2034/2340/1893 2019/2333/1878
f 2027/2334/1886 2041/2339/1900 2042/2341/1901
f 2020/2335/1879 2034/2340/1893 2035/2342/1894
f 2028/2320/1887 2042/2341/1901 2043/2343/1902
f 2020/2335/1879 2036/2344/1895 2021/2336/1880
f 2028/2320/1887 2044/2345/1903 2029/2321/1888
f 2021/2336/1880 2037/2346/1896 2022/2322/1881
f 2015/2324/1874 2120/2347/1979 2030/2348/1889
f 1864/2349/1723 2029/2321/1888 2044/2345/1903
f 2023/2326/1882 2037/2346/1896 2038/2350/1897
f 2015/2324/1874 2031/2351/1890 2016/2327/1875
f 2024/2328/1883 2038/2350/1897 2039/2352/1898
f 2016/2327/1875 2032/2353/1891 2017/2329/1876
f 2024/2328/1883 2040/2338/1899 2025/2330/1884
f 2036/2344/1895 2052/2354/1911 2037/2346/1896
f 2030/2348/1889 2120/2355/1979 2045/2356/1904
f 1864/2357/1723 2044/2345/1903 2059/2358/1918
f 2038/2350/1897 2052/2354/1911 2053/2359/1912
f 2031/2351/1890 2045/2356/1904 2046/2360/1905
f 2039/2352/1898 2053/2359/1912 2054/2361/1913
f 2031/2351/1890 2047/2362/1906 2032/2353/1891
f 2039/2352/1898 2055/2363/1914 2040/2338/1899
f 2032/2353/1891 2048/2364/1907 2033/2337/1892
f 2041/2339/1900 2055/2363/1914 2056/2365/1915
f 2033/2337/1892 2049/2366/1908 2034/2340/1893
f 2041/2339/1900 2057/2367/1916 2042/2341/1901
f 2035/2342/1894 2049/2366/1908 2050/2368/1909
f 2043/2343/1902 2057/2367/1916 2058/2369/1917
f 2035/2342/1894 2051/2370/1910 2036/2344/1895
f 2043/2343/1902 2059/2358/1918 2044/2345/1903
f 2056/2365/1915 2070/2371/1929 2071/2372/1930
f 2048/2364/1907 2064/2373/1923 2049/2366/1908
f 2057/2367/1916 2071/2372/1930 2072/2374/1931
f 2050/2368/1909 2064/2373/1923 2065/2375/1924
f 2057/2367/1916 2073/2376/1932 2058/2369/1917
f 2050/2368/1909 2066/2377/1925 2051/2370/1910
f 2059/2358/1918 2073/2376/1932 2074/2378/1933
f 2051/2370/1910 2067/2379/1926 2052/2354/1911
f 2045/2356/1904 2120/2380/1979 2060/2381/1919
f 1864/2382/1723 2059/2358/1918 2074/2378/1933
f 2053/2359/1912 2067/2379/1926 2068/2383/1927
f 2045/2356/1904 2061/2384/1920 2046/2360/1905
f 2054/2361/1913 2068/2383/1927 2069/2385/1928
f 2046/2360/1905 2062/2386/1921 2047/2362/1906
f 2054/2361/1913 2070/2371/1929 2055/2363/1914
f 2047/2362/1906 2063/2387/1922 2048/2364/1907
f 2060/2381/1919 2120/2388/1979 2075/2389/1934
f 1864/2390/1723 2074/2378/1933 2089/2391/1948
f 2068/2383/1927 2082/2392/1941 2083/2393/1942
f 2060/2381/1919 2076/2394/1935 2061/2384/1920
f 2069/2385/1928 2083/2393/1942 2084/2395/1943
f 2061/2384/1920 2077/2396/1936 2062/2386/1921
f 2069/2385/1928 2085/2397/1944 2070/2371/1929
f 2062/2386/1921 2078/2398/1937 2063/2387/1922
f 2070/2371/1929 2086/2399/1945 2071/2372/1930
f 2063/2387/1922 2079/2400/1938 2064/2373/1923
f 2072/2374/1931 2086/2399/1945 2087/2401/1946
f 2065/2375/1924 2079/2400/1938 2080/2402/1939
f 2073/2376/1932 2087/2401/1946 2088/2403/1947
f 2065/2375/1924 2081/2404/1940 2066/2377/1925
f 2073/2376/1932 2089/2391/1948 2074/2378/1933
f 2066/2377/1925 2082/2392/1941 2067/2379/1926
f 2078/2398/1937 2094/2405/1953 2079/2400/1938
f 2086/2399/1945 2102/2406/1961 2087/2401/1946
f 2080/2402/1939 2094/2405/1953 2095/2407/1954
f 2087/2401/1946 2103/2408/1962 2088/2403/1947
f 2080/2402/1939 2096/2409/1955 2081/2404/1940
f 2088/2403/1947 2104/2410/1963 2089/2391/1948
f 2081/2404/1940 2097/2411/1956 2082/2392/1941
f 2075/2389/1934 2120/2412/1979 2090/2413/1949
f 1864/2414/1723 2089/2391/1948 2104/2410/1963
f 2083/2393/1942 2097/2411/1956 2098/2415/1957
f 2075/2389/1934 2091/2416/1950 2076/2394/1935
f 2084/2395/1943 2098/2415/1957 2099/2417/1958
f 2076/2394/1935 2092/2418/1951 2077/2396/1936
f 2084/2395/1943 2100/2419/1959 2085/2397/1944
f 2077/2396/1936 2093/2420/1952 2078/2398/1937
f 2085/2397/1944 2101/2421/1960 2086/2399/1945
f 2098/2415/1957 2112/2422/1971 2113/2423/1972
f 2090/2413/1949 2106/2424/1965 2091/2416/1950
f 2099/2417/1958 2113/2423/1972 2114/2425/1973
f 2091/2416/1950 2107/2426/1966 2092/2418/1951
f 2099/2417/1958 2115/2427/1974 2100/2419/1959
f 2092/2418/1951 2108/2428/1967 2093/2420/1952
f 2100/2419/1959 2116/2429/1975 2101/2421/1960
f 2093/2420/1952 2109/2430/1968 2094/2405/1953
f 2101/2421/1960 2117/2431/1976 2102/2406/1961
f 2095/2407/1954 2109/2430/1968 2110/2432/1969
f 2103/2408/1962 2117/2431/1976 2118/2433/1977
f 2095/2407/1954 2111/2434/1970 2096/2409/1955
f 2103/2408/1962 2119/2435/1978 2104/2410/1963
f 2096/2409/1955 2112/2422/1971 2097/2411/1956
f 2090/2413/1949 2120/2436/1979 2105/2437/1964
f 1864/2438/1723 2104/2410/1963 2119/2435/1978
f 2116/2429/1975 2133/2439/1992 2117/2431/1976
f 2110/2432/1969 2125/2440/1984 2126/2441/1985
f 2118/2433/1977 2133/2439/1992 2134/2442/1993
f 2110/2432/1969 2127/2443/1986 2111/2434/1970
f 2119/2435/1978 2134/2442/1993 2135/2444/1994
f 2111/2434/1970 2128/2445/1987 2112/2422/1971
f 2105/2437/1964 2120/2446/1979 2121/2447/1980
f 1864/2448/1723 2119/2435/1978 2135/2444/1994
f 2113/2423/1972 2128/2445/1987 2129/2449/1988
f 2105/2437/1964 2122/2450/1981 2106/2424/1965
f 2114/2425/1973 2129/2449/1988 2130/2451/1989
f 2106/2424/1965 2123/2452/1982 2107/2426/1966
f 2114/2425/1973 2131/2453/1990 2115/2427/1974
f 2108/2428/1967 2123/2452/1982 2124/2454/1983
f 2116/2429/1975 2131/2453/1990 2132/2455/1991
f 2108/2428/1967 2125/2440/1984 2109/2430/1968
f 2129/2449/1988 2145/2456/2004 2130/2451/1989
f 2122/2450/1981 2138/2457/1997 2123/2452/1982
f 2130/2451/1989 2146/2458/2005 2131/2453/1990
f 2123/2452/1982 2139/2459/1998 2124/2454/1983
f 2132/2455/1991 2146/2458/2005 2147/2460/2006
f 2125/2440/1984 2139/2459/1998 2140/2461/1999
f 2132/2455/1991 2148/2462/2007 2133/2439/1992
f 2126/2441/1985 2140/2461/1999 2141/2463/2000
f 2133/2439/1992 2149/2464/2008 2134/2442/1993
f 2126/2441/1985 2142/2465/2001 2127/2443/1986
f 2134/2442/1993 2150/2466/2009 2135/2444/1994
f 2127/2443/1986 2143/2467/2002 2128/2445/1987
f 2121/2447/1980 2120/2468/1979 2136/2469/1995
f 1864/2470/1723 2135/2444/1994 2150/2466/2009
f 2129/2449/1988 2143/2467/2002 2144/2471/2003
f 2121/2447/1980 2137/2472/1996 2122/2450/1981
f 2149/2464/2008 2163/2473/2022 2164/2474/2023
f 2141/2463/2000 2157/2475/2016 2142/2465/2001
f 2149/2464/2008 2165/2476/2024 2150/2466/2009
f 2142/2465/2001 2158/2477/2017 2143/2467/2002
f 2136/2469/1995 2120/2478/1979 2151/2479/2010
f 1864/2480/1723 2150/2466/2009 2165/2476/2024
f 2144/2471/2003 2158/2477/2017 2159/2481/2018
f 2136/2469/1995 2152/2482/2011 2137/2472/1996
f 2145/2456/2004 2159/2481/2018 2160/2483/2019
f 2137/2472/1996 2153/2484/2012 2138/2457/1997
f 2145/2456/2004 2161/2485/2020 2146/2458/2005
f 2138/2457/1997 2154/2486/2013 2139/2459/1998
f 2146/2458/2005 2162/2487/2021 2147/2460/2006
f 2139/2459/1998 2155/2488/2014 2140/2461/1999
f 2148/2462/2007 2162/2487/2021 2163/2473/2022
f 2141/2463/2000 2155/2488/2014 2156/2489/2015
f 2152/2482/2011 2168/2490/2027 2153/2484/2012
f 2160/2483/2019 2176/2491/2035 2161/2485/2020
f 2153/2484/2012 2169/2492/2028 2154/2486/2013
f 2161/2485/2020 2177/2493/2036 2162/2487/2021
f 2154/2486/2013 2170/2494/2029 2155/2488/2014
f 2162/2487/2021 2178/2495/2037 2163/2473/2022
f 2156/2489/2015 2170/2494/2029 2171/2496/2030
f 2164/2474/2023 2178/2495/2037 2179/2497/2038
f 2156/2489/2015 2172/2498/2031 2157/2475/2016
f 2164/2474/2023 2180/2499/2039 2165/2476/2024
f 2157/2475/2016 2173/2500/2032 2158/2477/2017
f 2151/2479/2010 2120/2501/1979 2166/2502/2025
f 1864/2503/1723 2165/2476/2024 2180/2499/2039
f 2159/2481/2018 2173/2500/2032 2174/2504/2033
f 2152/2482/2011 2166/2502/2025 2167/2505/2026
f 2159/2481/2018 2175/2506/2034 2160/2483/2019
f 2171/2507/2030 2187/2508/2046 2172/2509/2031
f 2179/2510/2038 2195/2511/2054 2180/2512/2039
f 2172/2509/2031 2188/2513/2047 2173/2514/2032
f 2166/2515/2025 2120/2516/1979 2181/2517/2040
f 1864/2518/1723 2180/2512/2039 2195/2511/2054
f 2174/2519/2033 2188/2513/2047 2189/2520/2048
f 2166/2515/2025 2182/2521/2041 2167/2522/2026
f 2174/2519/2033 2190/2523/2049 2175/2524/2034
f 2167/2522/2026 2183/2525/2042 2168/2526/2027
f 2175/2524/2034 2191/2527/2050 2176/2528/2035
f 2168/2526/2027 2184/2529/2043 2169/2530/2028
f 2177/2531/2036 2191/2527/2050 2192/2532/2051
f 2169/2530/2028 2185/2533/2044 2170/2534/2029
f 2177/2531/2036 2193/2535/2052 2178/2536/2037
f 2171/2507/2030 2185/2533/2044 2186/2537/2045
f 2179/2510/2038 2193/2535/2052 2194/2538/2053
f 2190/2523/2049 2206/2539/2065 2191/2527/2050
f 2184/2529/2043 2198/2540/2057 2199/2541/2058
f 2191/2527/2050 2207/2542/2066 2192/2532/2051
f 2184/2529/2043 2200/2543/2059 2185/2533/2044
f 2192/2532/2051 2208/2544/2067 2193/2535/2052
f 2186/2537/2045 2200/2543/2059 2201/2545/2060
f 2194/2538/2053 2208/2544/2067 2209/2546/2068
f 2186/2537/2045 2202/2547/2061 2187/2508/2046
f 2194/2538/2053 2210/2548/2069 2195/2511/2054
f 2187/2508/2046 2203/2549/2062 2188/2513/2047
f 2181/2517/2040 2120/2550/1979 2196/2551/2055
f 1864/2552/1723 2195/2511/2054 2210/2548/2069
f 2189/2520/2048 2203/2549/2062 2204/2553/2063
f 2181/2517/2040 2197/2554/2056 2182/2521/2041
f 2189/2520/2048 2205/2555/2064 2190/2523/2049
f 2182/2521/2041 2198/2540/2057 2183/2525/2042
f 2209/2546/2068 2225/2556/2084 2210/2548/2069
f 2202/2547/2061 2218/2557/2077 2203/2549/2062
f 2196/2551/2055 2120/2558/1979 2211/2559/2070
f 1864/2560/1723 2210/2548/2069 2225/2556/2084
f 2204/2553/2063 2218/2557/2077 2219/2561/2078
f 2196/2551/2055 2212/2562/2071 2197/2554/2056
f 2204/2553/2063 2220/2563/2079 2205/2555/2064
f 2197/2554/2056 2213/2564/2072 2198/2540/2057
f 2205/2555/2064 2221/2565/2080 2206/2539/2065
f 2198/2540/2057 2214/2566/2073 2199/2541/2058
f 2207/2542/2066 2221/2565/2080 2222/2567/2081
f 2199/2541/2058 2215/2568/2074 2200/2543/2059
f 2207/2542/2066 2223/2569/2082 2208/2544/2067
f 2201/2545/2060 2215/2568/2074 2216/2570/2075
f 2208/2544/2067 2224/2571/2083 2209/2546/2068
f 2201/2545/2060 2217/2572/2076 2202/2547/2061
f 2213/2564/2072 2229/2573/2088 2214/2566/2073
f 2221/2565/2080 2237/2574/2096 2222/2567/2081
f 2214/2566/2073 2230/2575/2089 2215/2568/2074
f 2222/2567/2081 2238/2576/2097 2223/2569/2082
f 2216/2570/2075 2230/2575/2089 2231/2577/2090
f 2224/2571/2083 2238/2576/2097 2239/2578/2098
f 2216/2570/2075 2232/2579/2091 2217/2572/2076
f 2224/2571/2083 2240/2580/2099 2225/2556/2084
f 2217/2572/2076 2233/2581/2092 2218/2557/2077
f 2211/2559/2070 2120/2582/1979 2226/2583/2085
f 1864/2584/1723 2225/2556/2084 2240/2580/2099
f 2219/2561/2078 2233/2581/2092 2234/2585/2093
f 2211/2559/2070 2227/2586/2086 2212/2562/2071
f 2220/2563/2079 2234/2585/2093 2235/2587/2094
f 2212/2562/2071 2228/2588/2087 2213/2564/2072
f 2220/2563/2079 2236/2589/2095 2221/2565/2080
f 2232/2579/2091 2248/2590/2107 2233/2581/2092
f 2226/2583/2085 2120/2591/1979 2241/2592/2100
f 1864/2593/1723 2240/2580/2099 2255/2594/2114
f 2234/2585/2093 2248/2590/2107 2249/2595/2108
f 2226/2583/2085 2242/2596/2101 2227/2586/2086
f 2234/2585/2093 2250/2597/2109 2235/2587/2094
f 2227/2586/2086 2243/2598/2102 2228/2588/2087
f 2235/2587/2094 2251/2599/2110 2236/2589/2095
f 2229/2573/2088 2243/2598/2102 2244/2600/2103
f 2237/2574/2096 2251/2599/2110 2252/2601/2111
f 2229/2573/2088 2245/2602/2104 2230/2575/2089
f 2237/2574/2096 2253/2603/2112 2238/2576/2097
f 2231/2577/2090 2245/2602/2104 2246/2604/2105
f 2239/2578/2098 2253/2603/2112 2254/2605/2113
f 2231/2577/2090 2247/2606/2106 2232/2579/2091
f 2239/2578/2098 2255/2594/2114 2240/2580/2099
f 2251/2599/2110 2267/2607/2126 2252/2601/2111
f 2244/2600/2103 2260/2608/2119 2245/2602/2104
f 2252/2601/2111 2268/2609/2127 2253/2603/2112
f 2246/2604/2105 2260/2608/2119 2261/2610/2120
f 2254/2605/2113 2268/2609/2127 2269/2611/2128
f 2246/2604/2105 2262/2612/2121 2247/2606/2106
f 2254/2605/2113 2270/2613/2129 2255/2594/2114
f 2247/2606/2106 2263/2614/2122 2248/2590/2107
f 2241/2592/2100 2120/2615/1979 2256/2616/2115
f 1864/2617/1723 2255/2594/2114 2270/2613/2129
f 2249/2595/2108 2263/2614/2122 2264/2618/2123
f 2241/2592/2100 2257/2619/2116 2242/2596/2101
f 2249/2595/2108 2265/2620/2124 2250/2597/2109
f 2242/2596/2101 2258/2621/2117 2243/2598/2102
f 2250/2597/2109 2266/2622/2125 2251/2599/2110
f 2244/2600/2103 2258/2621/2117 2259/2623/2118
f 1864/2624/1723 2270/2613/2129 2285/2625/2144
f 2264/2618/2123 2278/2626/2137 2279/2627/2138
f 2257/2619/2116 2271/2628/2130 2272/2629/2131
f 2264/2618/2123 2280/2630/2139 2265/2620/2124
f 2257/2619/2116 2273/2631/2132 2258/2621/2117
f 2265/2620/2124 2281/2632/2140 2266/2622/2125
f 2259/2623/2118 2273/2631/2132 2274/2633/2133
f 2266/2622/2125 2282/2634/2141 2267/2607/2126
f 2259/2623/2118 2275/2635/2134 2260/2608/2119
f 2267/2607/2126 2283/2636/2142 2268/2609/2127
f 2261/2610/2120 2275/2635/2134 2276/2637/2135
f 2269/2611/2128 2283/2636/2142 2284/2638/2143
f 2261/2610/2120 2277/2639/2136 2262/2612/2121
f 2269/2611/2128 2285/2625/2144 2270/2613/2129
f 2262/2612/2121 2278/2626/2137 2263/2614/2122
f 2256/2616/2115 2120/2640/1979 2271/2628/2130
f 2282/2634/2141 2292/2089/2151 2283/2636/2142
f 2276/2637/2135 1815/2086/1674 2288/2090/2147
f 2284/2638/2143 2292/2089/2151 2293/2093/2152
f 2277/2639/2136 2288/2090/2147 1816/2095/1675
f 2284/2638/2143 2294/2097/2153 2285/2625/2144
f 2277/2639/2136 2289/2098/2148 2278/2626/2137
f 2271/2628/2130 2120/2641/1979 1813/2100/1672
f 1864/2642/1723 2285/2625/2144 2294/2097/2153
f 2279/2627/2138 2289/2098/2148 1817/2105/1676
f 2272/2629/2131 1813/2100/1672 2286/2106/2145
f 2279/2627/2138 2290/2109/2149 2280/2630/2139
f 2272/2629/2131 2287/2110/2146 2273/2631/2132
f 2280/2630/2139 1818/2113/1677 2281/2632/2140
f 2274/2633/2133 2287/2110/2146 1814/2084/1673
f 2281/2632/2140 2291/2087/2150 2282/2634/2141
f 2275/2635/2134 1814/2084/1673 1815/2086/1674
f 1814/2084/1673 1822/2114/1681 1823/2085/1682
f 2291/2087/2150 1830/2115/1689 1831/2088/1690
f 2288/2090/2147 1815/2086/1674 1823/2085/1682
f 2292/2089/2151 1831/2088/1690 1832/2092/1691
f 2288/2090/2147 1824/2091/1683 1825/2094/1684
f 2293/2093/2152 1832/2092/1691 1833/2096/1692
f 2289/2098/2148 1816/2095/1675 1825/2094/1684
f 2289/2098/2148 1826/2099/1685 1827/2104/1686
f 2286/2106/2145 1813/2100/1672 1819/2102/1678
f 1817/2105/1676 1827/2104/1686 1828/2108/1687
f 2287/2110/2146 2286/2106/2145 1820/2107/1679
f 2290/2109/2149 1828/2108/1687 1829/2112/1688
f 1814/2084/1673 2287/2110/2146 1821/2111/1680
f 1818/2113/1677 1829/2112/1688 1830/2115/1689
f 1828/2108/1687 1843/2131/1702 1844/2116/1703
f 1821/2111/1680 1836/2132/1695 1837/2117/1696
f 1829/2112/1688 1844/2116/1703 1845/2118/1704
f 1823/2085/1682 1822/2114/1681 1837/2117/1696
f 1831/2088/1690 1830/2115/1689 1845/2118/1704
f 1823/2085/1682 1838/2119/1697 1839/2121/1698
f 1832/2092/1691 1831/2088/1690 1846/2120/1705
f 1824/2091/1683 1839/2121/1698 1840/2123/1699
f 1832/2092/1691 1847/2122/1706 1848/2124/1707
f 1826/2099/1685 1825/2094/1684 1840/2123/1699
f 1826/2099/1685 1841/2125/1700 1842/2129/1701
f 1819/2102/1678 1834/2127/1693 1835/2130/1694
f 1828/2108/1687 1827/2104/1686 1842/2129/1701
f 1820/2107/1679 1835/2130/1694 1836/2132/1695
f 1848/2124/1707 1847/2122/1706 1862/2133/1721
f 1840/2123/1699 1855/2149/1714 1856/2135/1715
f 1841/2125/1700 1856/2135/1715 1857/2139/1716
f 1834/2127/1693 1849/2137/1708 1850/2140/1709
f 1842/2129/1701 1857/2139/1716 1858/2141/1717
f 1835/2130/1694 1850/2140/1709 1851/2142/1710
f 1843/2131/1702 1858/2141/1717 1859/2143/1718
f 1836/2132/1695 1851/2142/1710 1852/2144/1711
f 1845/2118/1704 1844/2116/1703 1859/2143/1718
f 1837/2117/1696 1852/2144/1711 1853/2146/1712
f 1846/2120/1705 1845/2118/1704 1860/2145/1719
f 1839/2121/1698 1838/2119/1697 1853/2146/1712
f 1846/2120/1705 1861/2147/1720 1862/2133/1721
f 1839/2121/1698 1854/2148/1713 1855/2149/1714
f 1859/2143/1718 1875/2165/1734 1876/2150/1735
f 1852/2144/1711 1868/2166/1727 1869/2151/1728
f 1861/2147/1720 1860/2145/1719 1876/2150/1735
f 1854/2148/1713 1853/2146/1712 1869/2151/1728
f 1861/2147/1720 1877/2152/1736 1878/2154/1737
f 1854/2148/1713 1870/2153/1729 1871/2155/1730
f 1863/2134/1722 1862/2133/1721 1878/2154/1737
f 1855/2149/1714 1871/2155/1730 1872/2157/1731
f 1856/2135/1715 1872/2157/1731 1873/2161/1732
f 1849/2137/1708 1865/2159/1724 1866/2162/1725
f 1857/2139/1716 1873/2161/1732 1874/2163/1733
f 1851/2142/1710 1850/2140/1709 1866/2162/1725
f 1858/2141/1717 1874/2163/1733 1875/2165/1734
f 1851/2142/1710 1867/2164/1726 1868/2166/1727
f 1872/2157/1731 1887/2183/1746 1888/2171/1747
f 1865/2159/1724 1880/2168/1739 1881/2172/1740
f 1873/2161/1732 1888/2171/1747 1889/2173/1748
f 1866/2162/1725 1881/2172/1740 1882/2174/1741
f 1874/2163/1733 1889/2173/1748 1890/2175/1749
f 1867/2164/1726 1882/2174/1741 1883/2176/1742
f 1875/2165/1734 1890/2175/1749 1891/2177/1750
f 1869/2151/1728 1868/2166/1727 1883/2176/1742
f 1877/2152/1736 1876/2150/1735 1891/2177/1750
f 1870/2153/1729 1869/2151/1728 1884/2178/1743
f 1877/2152/1736 1892/2179/1751 1893/2181/1752
f 1870/2153/1729 1885/2180/1744 1886/2182/1745
f 1879/2156/1738 1878/2154/1737 1893/2181/1752
f 1872/2157/1731 1871/2155/1730 1886/2182/1745
f 1884/2178/1743 1883/2176/1742 1898/2184/1757
f 1892/2179/1751 1891/2177/1750 1906/2186/1765
f 1885/2180/1744 1884/2178/1743 1899/2185/1758
f 1893/2181/1752 1892/2179/1751 1907/2187/1766
f 1885/2180/1744 1900/2188/1759 1901/2190/1760
f 1894/2170/1753 1893/2181/1752 1908/2189/1767
f 1886/2182/1745 1901/2190/1760 1902/2192/1761
f 1887/2183/1746 1902/2192/1761 1903/2196/1762
f 1881/2172/1740 1880/2168/1739 1895/2194/1754
f 1889/2173/1748 1888/2171/1747 1903/2196/1762
f 1881/2172/1740 1896/2197/1755 1897/2199/1756
f 1889/2173/1748 1904/2198/1763 1905/2200/1764
f 1882/2174/1741 1897/2199/1756 1898/2184/1757
f 1890/2175/1749 1905/2200/1764 1906/2186/1765
f 1903/2196/1762 1902/2192/1761 1917/2201/1776
f 1895/2194/1754 1910/2216/1769 1911/2203/1770
f 1903/2196/1762 1918/2202/1777 1919/2204/1778
f 1896/2197/1755 1911/2203/1770 1912/2205/1771
f 1904/2198/1763 1919/2204/1778 1920/2206/1779
f 1897/2199/1756 1912/2205/1771 1913/2207/1772
f 1905/2200/1764 1920/2206/1779 1921/2208/1780
f 1898/2184/1757 1913/2207/1772 1914/2209/1773
f 1906/2186/1765 1921/2208/1780 1922/2210/1781
f 1900/2188/1759 1899/2185/1758 1914/2209/1773
f 1907/2187/1766 1922/2210/1781 1923/2212/1782
f 1900/2188/1759 1915/2211/1774 1916/2213/1775
f 1908/2189/1767 1923/2212/1782 1924/2214/1783
f 1901/2190/1760 1916/2213/1775 1917/2201/1776
f 1922/2210/1781 1921/2208/1780 1936/2218/1795
f 1914/2209/1773 1929/2234/1788 1930/2220/1789
f 1923/2212/1782 1922/2210/1781 1937/2219/1796
f 1916/2213/1775 1915/2211/1774 1930/2220/1789
f 1923/2212/1782 1938/2221/1797 1939/2223/1798
f 1917/2201/1776 1916/2213/1775 1931/2222/1790
f 1917/2201/1776 1932/2224/1791 1933/2228/1792
f 1911/2203/1770 1910/2216/1769 1925/2226/1784
f 1918/2202/1777 1933/2228/1792 1934/2230/1793
f 1911/2203/1770 1926/2229/1785 1927/2231/1786
f 1919/2204/1778 1934/2230/1793 1935/2232/1794
f 1912/2205/1771 1927/2231/1786 1928/2233/1787
f 1920/2206/1779 1935/2232/1794 1936/2218/1795
f 1913/2207/1772 1928/2233/1787 1929/2234/1788
f 1925/2226/1784 1940/2249/1799 1941/2235/1800
f 1933/2228/1792 1948/2251/1807 1949/2236/1808
f 1926/2229/1785 1941/2235/1800 1942/2237/1801
f 1934/2230/1793 1949/2236/1808 1950/2238/1809
f 1927/2231/1786 1942/2237/1801 1943/2239/1802
f 1936/2218/1795 1935/2232/1794 1950/2238/1809
f 1928/2233/1787 1943/2239/1802 1944/2241/1803
f 1936/2218/1795 1951/2240/1810 1952/2242/1811
f 1930/2220/1789 1929/2234/1788 1944/2241/1803
f 1938/2221/1797 1937/2219/1796 1952/2242/1811
f 1931/2222/1790 1930/2220/1789 1945/2243/1804
f 1939/2223/1798 1938/2221/1797 1953/2244/1812
f 1931/2222/1790 1946/2245/1805 1947/2247/1806
f 1932/2224/1791 1947/2247/1806 1948/2251/1807
f 1944/2241/1803 1959/2267/1818 1960/2252/1819
f 1952/2242/1811 1967/2268/1826 1968/2253/1827
f 1945/2243/1804 1960/2252/1819 1961/2254/1820
f 1954/2246/1813 1953/2244/1812 1968/2253/1827
f 1947/2247/1806 1946/2245/1805 1961/2254/1820
f 1947/2247/1806 1962/2256/1821 1963/2260/1822
f 1940/2249/1799 1955/2258/1814 1956/2261/1815
f 1948/2251/1807 1963/2260/1822 1964/2262/1823
f 1941/2235/1800 1956/2261/1815 1957/2263/1816
f 1949/2236/1808 1964/2262/1823 1965/2264/1824
f 1942/2237/1801 1957/2263/1816 1958/2265/1817
f 1950/2238/1809 1965/2264/1824 1966/2266/1825
f 1943/2239/1802 1958/2265/1817 1959/2267/1818
f 1952/2242/1811 1951/2240/1810 1966/2266/1825
f 1963/2260/1822 1978/2284/1837 1979/2269/1838
f 1956/2261/1815 1971/2285/1830 1972/2270/1831
f 1964/2262/1823 1979/2269/1838 1980/2271/1839
f 1957/2263/1816 1972/2270/1831 1973/2272/1832
f 1966/2266/1825 1965/2264/1824 1980/2271/1839
f 1958/2265/1817 1973/2272/1832 1974/2274/1833
f 1966/2266/1825 1981/2273/1840 1982/2275/1841
f 1960/2252/1819 1959/2267/1818 1974/2274/1833
f 1967/2268/1826 1982/2275/1841 1983/2277/1842
f 1960/2252/1819 1975/2276/1834 1976/2278/1835
f 1968/2253/1827 1983/2277/1842 1984/2279/1843
f 1961/2254/1820 1976/2278/1835 1977/2280/1836
f 1963/2260/1822 1962/2256/1821 1977/2280/1836
f 1955/2258/1814 1970/2282/1829 1971/2285/1830
f 1983/2277/1842 1982/2275/1841 1997/2286/1856
f 1975/2276/1834 1990/2302/1849 1991/2288/1850
f 1983/2277/1842 1998/2287/1857 1999/2289/1858
f 1976/2278/1835 1991/2288/1850 1992/2290/1851
f 1978/2284/1837 1977/2280/1836 1992/2290/1851
f 1970/2282/1829 1985/2292/1844 1986/2295/1845
f 1978/2284/1837 1993/2294/1852 1994/2296/1853
f 1971/2285/1830 1986/2295/1845 1987/2297/1846
f 1979/2269/1838 1994/2296/1853 1995/2298/1854
f 1972/2270/1831 1987/2297/1846 1988/2299/1847
f 1981/2273/1840 1980/2271/1839 1995/2298/1854
f 1973/2272/1832 1988/2299/1847 1989/2301/1848
f 1982/2275/1841 1981/2273/1840 1996/2300/1855
f 1975/2276/1834 1974/2274/1833 1989/2301/1848
f 1994/2296/1853 2009/2318/1868 2010/2303/1869
f 1987/2297/1846 2002/2319/1861 2003/2304/1862
f 1996/2300/1855 1995/2298/1854 2010/2303/1869
f 1988/2299/1847 2003/2304/1862 2004/2306/1863
f 1997/2286/1856 1996/2300/1855 2011/2305/1870
f 1990/2302/1849 1989/2301/1848 2004/2306/1863
f 1998/2287/1857 1997/2286/1856 2012/2307/1871
f 1990/2302/1849 2005/2308/1864 2006/2310/1865
f 1998/2287/1857 2013/2309/1872 2014/2311/1873
f 1991/2288/1850 2006/2310/1865 2007/2312/1866
f 1992/2290/1851 2007/2312/1866 2008/2316/1867
f 1985/2292/1844 2000/2314/1859 2001/2317/1860
f 1994/2296/1853 1993/2294/1852 2008/2316/1867
f 1986/2295/1845 2001/2317/1860 2002/2319/1861
f 2014/2311/1873 2013/2309/1872 2028/2320/1887
f 2006/2310/1865 2021/2336/1880 2022/2322/1881
f 2008/2316/1867 2007/2312/1866 2022/2322/1881
f 2000/2314/1859 2015/2324/1874 2016/2327/1875
f 2009/2318/1868 2008/2316/1867 2023/2326/1882
f 2001/2317/1860 2016/2327/1875 2017/2329/1876
f 2009/2318/1868 2024/2328/1883 2025/2330/1884
f 2002/2319/1861 2017/2329/1876 2018/2331/1877
f 2010/2303/1869 2025/2330/1884 2026/2332/1885
f 2003/2304/1862 2018/2331/1877 2019/2333/1878
f 2011/2305/1870 2026/2332/1885 2027/2334/1886
f 2005/2308/1864 2004/2306/1863 2019/2333/1878
f 2013/2309/1872 2012/2307/1871 2027/2334/1886
f 2005/2308/1864 2020/2335/1879 2021/2336/1880
f 2017/2329/1876 2032/2353/1891 2033/2337/1892
f 2026/2332/1885 2025/2330/1884 2040/2338/1899
f 2018/2331/1877 2033/2337/1892 2034/2340/1893
f 2027/2334/1886 2026/2332/1885 2041/2339/1900
f 2020/2335/1879 2019/2333/1878 2034/2340/1893
f 2028/2320/1887 2027/2334/1886 2042/2341/1901
f 2020/2335/1879 2035/2342/1894 2036/2344/1895
f 2028/2320/1887 2043/2343/1902 2044/2345/1903
f 2021/2336/1880 2036/2344/1895 2037/2346/1896
f 2023/2326/1882 2022/2322/1881 2037/2346/1896
f 2015/2324/1874 2030/2348/1889 2031/2351/1890
f 2024/2328/1883 2023/2326/1882 2038/2350/1897
f 2016/2327/1875 2031/2351/1890 2032/2353/1891
f 2024/2328/1883 2039/2352/1898 2040/2338/1899
f 2036/2344/1895 2051/2370/1910 2052/2354/1911
f 2038/2350/1897 2037/2346/1896 2052/2354/1911
f 2031/2351/1890 2030/2348/1889 2045/2356/1904
f 2039/2352/1898 2038/2350/1897 2053/2359/1912
f 2031/2351/1890 2046/2360/1905 2047/2362/1906
f 2039/2352/1898 2054/2361/1913 2055/2363/1914
f 2032/2353/1891 2047/2362/1906 2048/2364/1907
f 2041/2339/1900 2040/2338/1899 2055/2363/1914
f 2033/2337/1892 2048/2364/1907 2049/2366/1908
f 2041/2339/1900 2056/2365/1915 2057/2367/1916
f 2035/2342/1894 2034/2340/1893 2049/2366/1908
f 2043/2343/1902 2042/2341/1901 2057/2367/1916
f 2035/2342/1894 2050/2368/1909 2051/2370/1910
f 2043/2343/1902 2058/2369/1917 2059/2358/1918
f 2056/2365/1915 2055/2363/1914 2070/2371/1929
f 2048/2364/1907 2063/2387/1922 2064/2373/1923
f 2057/2367/1916 2056/2365/1915 2071/2372/1930
f 2050/2368/1909 2049/2366/1908 2064/2373/1923
f 2057/2367/1916 2072/2374/1931 2073/2376/1932
f 2050/2368/1909 2065/2375/1924 2066/2377/1925
f 2059/2358/1918 2058/2369/1917 2073/2376/1932
f 2051/2370/1910 2066/2377/1925 2067/2379/1926
f 2053/2359/1912 2052/2354/1911 2067/2379/1926
f 2045/2356/1904 2060/2381/1919 2061/2384/1920
f 2054/2361/1913 2053/2359/1912 2068/2383/1927
f 2046/2360/1905 2061/2384/1920 2062/2386/1921
f 2054/2361/1913 2069/2385/1928 2070/2371/1929
f 2047/2362/1906 2062/2386/1921 2063/2387/1922
f 2068/2383/1927 2067/2379/1926 2082/2392/1941
f 2060/2381/1919 2075/2389/1934 2076/2394/1935
f 2069/2385/1928 2068/2383/1927 2083/2393/1942
f 2061/2384/1920 2076/2394/1935 2077/2396/1936
f 2069/2385/1928 2084/2395/1943 2085/2397/1944
f 2062/2386/1921 2077/2396/1936 2078/2398/1937
f 2070/2371/1929 2085/2397/1944 2086/2399/1945
f 2063/2387/1922 2078/2398/1937 2079/2400/1938
f 2072/2374/1931 2071/2372/1930 2086/2399/1945
f 2065/2375/1924 2064/2373/1923 2079/2400/1938
f 2073/2376/1932 2072/2374/1931 2087/2401/1946
f 2065/2375/1924 2080/2402/1939 2081/2404/1940
f 2073/2376/1932 2088/2403/1947 2089/2391/1948
f 2066/2377/1925 2081/2404/1940 2082/2392/1941
f 2078/2398/1937 2093/2420/1952 2094/2405/1953
f 2086/2399/1945 2101/2421/1960 2102/2406/1961
f 2080/2402/1939 2079/2400/1938 2094/2405/1953
f 2087/2401/1946 2102/2406/1961 2103/2408/1962
f 2080/2402/1939 2095/2407/1954 2096/2409/1955
f 2088/2403/1947 2103/2408/1962 2104/2410/1963
f 2081/2404/1940 2096/2409/1955 2097/2411/1956
f 2083/2393/1942 2082/2392/1941 2097/2411/1956
f 2075/2389/1934 2090/2413/1949 2091/2416/1950
f 2084/2395/1943 2083/2393/1942 2098/2415/1957
f 2076/2394/1935 2091/2416/1950 2092/2418/1951
f 2084/2395/1943 2099/2417/1958 2100/2419/1959
f 2077/2396/1936 2092/2418/1951 2093/2420/1952
f 2085/2397/1944 2100/2419/1959 2101/2421/1960
f 2098/2415/1957 2097/2411/1956 2112/2422/1971
f 2090/2413/1949 2105/2437/1964 2106/2424/1965
f 2099/2417/1958 2098/2415/1957 2113/2423/1972
f 2091/2416/1950 2106/2424/1965 2107/2426/1966
f 2099/2417/1958 2114/2425/1973 2115/2427/1974
f 2092/2418/1951 2107/2426/1966 2108/2428/1967
f 2100/2419/1959 2115/2427/1974 2116/2429/1975
f 2093/2420/1952 2108/2428/1967 2109/2430/1968
f 2101/2421/1960 2116/2429/1975 2117/2431/1976
f 2095/2407/1954 2094/2405/1953 2109/2430/1968
f 2103/2408/1962 2102/2406/1961 2117/2431/1976
f 2095/2407/1954 2110/2432/1969 2111/2434/1970
f 2103/2408/1962 2118/2433/1977 2119/2435/1978
f 2096/2409/1955 2111/2434/1970 2112/2422/1971
f 2116/2429/1975 2132/2455/1991 2133/2439/1992
f 2110/2432/1969 2109/2430/1968 2125/2440/1984
f 2118/2433/1977 2117/2431/1976 2133/2439/1992
f 2110/2432/1969 2126/2441/1985 2127/2443/1986
f 2119/2435/1978 2118/2433/1977 2134/2442/1993
f 2111/2434/1970 2127/2443/1986 2128/2445/1987
f 2113/2423/1972 2112/2422/1971 2128/2445/1987
f 2105/2437/1964 2121/2447/1980 2122/2450/1981
f 2114/2425/1973 2113/2423/1972 2129/2449/1988
f 2106/2424/1965 2122/2450/1981 2123/2452/1982
f 2114/2425/1973 2130/2451/1989 2131/2453/1990
f 2108/2428/1967 2107/2426/1966 2123/2452/1982
f 2116/2429/1975 2115/2427/1974 2131/2453/1990
f 2108/2428/1967 2124/2454/1983 2125/2440/1984
f 2129/2449/1988 2144/2471/2003 2145/2456/2004
f 2122/2450/1981 2137/2472/1996 2138/2457/1997
f 2130/2451/1989 2145/2456/2004 2146/2458/2005
f 2123/2452/1982 2138/2457/1997 2139/2459/1998
f 2132/2455/1991 2131/2453/1990 2146/2458/2005
f 2125/2440/1984 2124/2454/1983 2139/2459/1998
f 2132/2455/1991 2147/2460/2006 2148/2462/2007
f 2126/2441/1985 2125/2440/1984 2140/2461/1999
f 2133/2439/1992 2148/2462/2007 2149/2464/2008
f 2126/2441/1985 2141/2463/2000 2142/2465/2001
f 2134/2442/1993 2149/2464/2008 2150/2466/2009
f 2127/2443/1986 2142/2465/2001 2143/2467/2002
f 2129/2449/1988 2128/2445/1987 2143/2467/2002
f 2121/2447/1980 2136/2469/1995 2137/2472/1996
f 2149/2464/2008 2148/2462/2007 2163/2473/2022
f 2141/2463/2000 2156/2489/2015 2157/2475/2016
f 2149/2464/2008 2164/2474/2023 2165/2476/2024
f 2142/2465/2001 2157/2475/2016 2158/2477/2017
f 2144/2471/2003 2143/2467/2002 2158/2477/2017
f 2136/2469/1995 2151/2479/2010 2152/2482/2011
f 2145/2456/2004 2144/2471/2003 2159/2481/2018
f 2137/2472/1996 2152/2482/2011 2153/2484/2012
f 2145/2456/2004 2160/2483/2019 2161/2485/2020
f 2138/2457/1997 2153/2484/2012 2154/2486/2013
f 2146/2458/2005 2161/2485/2020 2162/2487/2021
f 2139/2459/1998 2154/2486/2013 2155/2488/2014
f 2148/2462/2007 2147/2460/2006 2162/2487/2021
f 2141/2463/2000 2140/2461/1999 2155/2488/2014
f 2152/2482/2011 2167/2505/2026 2168/2490/2027
f 2160/2483/2019 2175/2506/2034 2176/2491/2035
f 2153/2484/2012 2168/2490/2027 2169/2492/2028
f 2161/2485/2020 2176/2491/2035 2177/2493/2036
f 2154/2486/2013 2169/2492/2028 2170/2494/2029
f 2162/2487/2021 2177/2493/2036 2178/2495/2037
f 2156/2489/2015 2155/2488/2014 2170/2494/2029
f 2164/2474/2023 2163/2473/2022 2178/2495/2037
f 2156/2489/2015 2171/2496/2030 2172/2498/2031
f 2164/2474/2023 2179/2497/2038 2180/2499/2039
f 2157/2475/2016 2172/2498/2031 2173/2500/2032
f 2159/2481/2018 2158/2477/2017 2173/2500/2032
f 2152/2482/2011 2151/2479/2010 2166/2502/2025
f 2159/2481/2018 2174/2504/2033 2175/2506/2034
f 2171/2507/2030 2186/2537/2045 2187/2508/2046
f 2179/2510/2038 2194/2538/2053 2195/2511/2054
f 2172/2509/2031 2187/2508/2046 2188/2513/2047
f 2174/2519/2033 2173/2514/2032 2188/2513/2047
f 2166/2515/2025 2181/2517/2040 2182/2521/2041
f 2174/2519/2033 2189/2520/2048 2190/2523/2049
f 2167/2522/2026 2182/2521/2041 2183/2525/2042
f 2175/2524/2034 2190/2523/2049 2191/2527/2050
f 2168/2526/2027 2183/2525/2042 2184/2529/2043
f 2177/2531/2036 2176/2528/2035 2191/2527/2050
f 2169/2530/2028 2184/2529/2043 2185/2533/2044
f 2177/2531/2036 2192/2532/2051 2193/2535/2052
f 2171/2507/2030 2170/2534/2029 2185/2533/2044
f 2179/2510/2038 2178/2536/2037 2193/2535/2052
f 2190/2523/2049 2205/2555/2064 2206/2539/2065
f 2184/2529/2043 2183/2525/2042 2198/2540/2057
f 2191/2527/2050 2206/2539/2065 2207/2542/2066
f 2184/2529/2043 2199/2541/2058 2200/2543/2059
f 2192/2532/2051 2207/2542/2066 2208/2544/2067
f 2186/2537/2045 2185/2533/2044 2200/2543/2059
f 2194/2538/2053 2193/2535/2052 2208/2544/2067
f 2186/2537/2045 2201/2545/2060 2202/2547/2061
f 2194/2538/2053 2209/2546/2068 2210/2548/2069
f 2187/2508/2046 2202/2547/2061 2203/2549/2062
f 2189/2520/2048 2188/2513/2047 2203/2549/2062
f 2181/2517/2040 2196/2551/2055 2197/2554/2056
f 2189/2520/2048 2204/2553/2063 2205/2555/2064
f 2182/2521/2041 2197/2554/2056 2198/2540/2057
f 2209/2546/2068 2224/2571/2083 2225/2556/2084
f 2202/2547/2061 2217/2572/2076 2218/2557/2077
f 2204/2553/2063 2203/2549/2062 2218/2557/2077
f 2196/2551/2055 2211/2559/2070 2212/2562/2071
f 2204/2553/2063 2219/2561/2078 2220/2563/2079
f 2197/2554/2056 2212/2562/2071 2213/2564/2072
f 2205/2555/2064 2220/2563/2079 2221/2565/2080
f 2198/2540/2057 2213/2564/2072 2214/2566/2073
f 2207/2542/2066 2206/2539/2065 2221/2565/2080
f 2199/2541/2058 2214/2566/2073 2215/2568/2074
f 2207/2542/2066 2222/2567/2081 2223/2569/2082
f 2201/2545/2060 2200/2543/2059 2215/2568/2074
f 2208/2544/2067 2223/2569/2082 2224/2571/2083
f 2201/2545/2060 2216/2570/2075 2217/2572/2076
f 2213/2564/2072 2228/2588/2087 2229/2573/2088
f 2221/2565/2080 2236/2589/2095 2237/2574/2096
f 2214/2566/2073 2229/2573/2088 2230/2575/2089
f 2222/2567/2081 2237/2574/2096 2238/2576/2097
f 2216/2570/2075 2215/2568/2074 2230/2575/2089
f 2224/2571/2083 2223/2569/2082 2238/2576/2097
f 2216/2570/2075 2231/2577/2090 2232/2579/2091
f 2224/2571/2083 2239/2578/2098 2240/2580/2099
f 2217/2572/2076 2232/2579/2091 2233/2581/2092
f 2219/2561/2078 2218/2557/2077 2233/2581/2092
f 2211/2559/2070 2226/2583/2085 2227/2586/2086
f 2220/2563/2079 2219/2561/2078 2234/2585/2093
f 2212/2562/2071 2227/2586/2086 2228/2588/2087
f 2220/2563/2079 2235/2587/2094 2236/2589/2095
f 2232/2579/2091 2247/2606/2106 2248/2590/2107
f 2234/2585/2093 2233/2581/2092 2248/2590/2107
f 2226/2583/2085 2241/2592/2100 2242/2596/2101
f 2234/2585/2093 2249/2595/2108 2250/2597/2109
f 2227/2586/2086 2242/2596/2101 2243/2598/2102
f 2235/2587/2094 2250/2597/2109 2251/2599/2110
f 2229/2573/2088 2228/2588/2087 2243/2598/2102
f 2237/2574/2096 2236/2589/2095 2251/2599/2110
f 2229/2573/2088 2244/2600/2103 2245/2602/2104
f 2237/2574/2096 2252/2601/2111 2253/2603/2112
f 2231/2577/2090 2230/2575/2089 2245/2602/2104
f 2239/2578/2098 2238/2576/2097 2253/2603/2112
f 2231/2577/2090 2246/2604/2105 2247/2606/2106
f 2239/2578/2098 2254/2605/2113 2255/2594/2114
f 2251/2599/2110 2266/2622/2125 2267/2607/2126
f 2244/2600/2103 2259/2623/2118 2260/2608/2119
f 2252/2601/2111 2267/2607/2126 2268/2609/2127
f 2246/2604/2105 2245/2602/2104 2260/2608/2119
f 2254/2605/2113 2253/2603/2112 2268/2609/2127
f 2246/2604/2105 2261/2610/2120 2262/2612/2121
f 2254/2605/2113 2269/2611/2128 2270/2613/2129
f 2247/2606/2106 2262/2612/2121 2263/2614/2122
f 2249/2595/2108 2248/2590/2107 2263/2614/2122
f 2241/2592/2100 2256/2616/2115 2257/2619/2116
f 2249/2595/2108 2264/2618/2123 2265/2620/2124
f 2242/2596/2101 2257/2619/2116 2258/2621/2117
f 2250/2597/2109 2265/2620/2124 2266/2622/2125
f 2244/2600/2103 2243/2598/2102 2258/2621/2117
f 2264/2618/2123 2263/2614/2122 2278/2626/2137
f 2257/2619/2116 2256/2616/2115 2271/2628/2130
f 2264/2618/2123 2279/2627/2138 2280/2630/2139
f 2257/2619/2116 2272/2629/2131 2273/2631/2132
f 2265/2620/2124 2280/2630/2139 2281/2632/2140
f 2259/2623/2118 2258/2621/2117 2273/2631/2132
f 2266/2622/2125 2281/2632/2140 2282/2634/2141
f 2259/2623/2118 2274/2633/2133 2275/2635/2134
f 2267/2607/2126 2282/2634/2141 2283/2636/2142
f 2261/2610/2120 2260/2608/2119 2275/2635/2134
f 2269/2611/2128 2268/2609/2127 2283/2636/2142
f 2261/2610/2120 2276/2637/2135 2277/2639/2136
f 2269/2611/2128 2284/2638/2143 2285/2625/2144
f 2262/2612/2121 2277/2639/2136 2278/2626/2137
f 2282/2634/2141 2291/2087/2150 2292/2089/2151
f 2276/2637/2135 2275/2635/2134 1815/2086/1674
f 2284/2638/2143 2283/2636/2142 2292/2089/2151
f 2277/2639/2136 2276/2637/2135 2288/2090/2147
f 2284/2638/2143 2293/2093/2152 2294/2097/2153
f 2277/2639/2136 1816/2095/1675 2289/2098/2148
f 2279/2627/2138 2278/2626/2137 2289/2098/2148
f 2272/2629/2131 2271/2628/2130 1813/2100/1672
f 2279/2627/2138 1817/2105/1676 2290/2109/2149
f 2272/2629/2131 2286/2106/2145 2287/2110/2146
f 2280/2630/2139 2290/2109/2149 1818/2113/1677
f 2274/2633/2133 2273/2631/2132 2287/2110/2146
f 2281/2632/2140 1818/2113/1677 2291/2087/2150
f 2275/2635/2134 2274/2633/2133 1814/2084/1673
o Sphere.001
v -0.200000 0.464003 3.800424
v -0.200000 0.422017 3.777983
v -0.200000 0.411819 3.765557
v -0.200000 0.399576 3.735997
v -0.200000 0.399576 3.704003
v -0.200000 0.411819 3.674443
v -0.203121 0.464310 3.800424
v -0.206122 0.449223 3.795758
v -0.208888 0.435319 3.788181
v -0.211312 0.423131 3.777983
v -0.213301 0.413130 3.765557
v -0.214780 0.405698 3.751380
v -0.215690 0.401121 3.735997
v -0.215997 0.399576 3.720000
v -0.215690 0.401121 3.704003
v -0.214780 0.405698 3.688620
v -0.213301 0.413130 3.674443
v -0.211312 0.423131 3.662017
v -0.208888 0.435319 3.651819
v -0.206122 0.449223 3.644242
v -0.203121 0.464310 3.639576
v -0.206122 0.465220 3.800424
v -0.212009 0.451009 3.795758
v -0.217434 0.437911 3.788181
v -0.222189 0.426431 3.777983
v -0.226092 0.417009 3.765557
v -0.228991 0.410009 3.751380
v -0.230777 0.405698 3.735997
v -0.231380 0.404242 3.720000
v -0.230777 0.405698 3.704003
v -0.228991 0.410009 3.688620
v -0.226092 0.417009 3.674443
v -0.222189 0.426431 3.662017
v -0.217434 0.437911 3.651819
v -0.212009 0.451009 3.644242
v -0.206122 0.465220 3.639576
v -0.208888 0.466699 3.800424
v -0.217434 0.453908 3.795758
v -0.225310 0.442121 3.788181
v -0.232213 0.431789 3.777983
v -0.237879 0.423310 3.765557
v -0.242089 0.417009 3.751380
v -0.244681 0.413130 3.735997
v -0.245557 0.411819 3.720000
v -0.244681 0.413130 3.704003
v -0.242089 0.417009 3.688620
v -0.237879 0.423310 3.674443
v -0.232213 0.431789 3.662017
v -0.225310 0.442121 3.651819
v -0.217434 0.453908 3.644242
v -0.208888 0.466699 3.639576
v -0.200000 0.480000 3.638000
v -0.211312 0.468688 3.800424
v -0.222189 0.457811 3.795758
v -0.232213 0.447787 3.788181
v -0.241000 0.439000 3.777983
v -0.248211 0.431789 3.765557
v -0.253569 0.426431 3.751380
v -0.256869 0.423131 3.735997
v -0.257983 0.422017 3.720000
v -0.256869 0.423131 3.704003
v -0.253569 0.426431 3.688620
v -0.248211 0.431789 3.674443
v -0.241000 0.439000 3.662017
v -0.232213 0.447787 3.651819
v -0.222189 0.457811 3.644242
v -0.211312 0.468688 3.639576
v -0.213301 0.471112 3.800424
v -0.226092 0.462566 3.795758
v -0.237879 0.454690 3.788181
v -0.248211 0.447787 3.777983
v -0.256690 0.442121 3.765557
v -0.262991 0.437911 3.751380
v -0.266870 0.435319 3.735997
v -0.268181 0.434443 3.720000
v -0.266870 0.435319 3.704003
v -0.262991 0.437911 3.688620
v -0.256690 0.442121 3.674443
v -0.248211 0.447787 3.662017
v -0.237879 0.454690 3.651819
v -0.226092 0.462566 3.644242
v -0.213301 0.471112 3.639576
v -0.214780 0.473878 3.800424
v -0.228991 0.467991 3.795758
v -0.242089 0.462566 3.788181
v -0.253569 0.457811 3.777983
v -0.262991 0.453908 3.765557
v -0.269991 0.451009 3.751380
v -0.274302 0.449223 3.735997
v -0.275758 0.448620 3.720000
v -0.274302 0.449223 3.704003
v -0.269991 0.451009 3.688620
v -0.262991 0.453908 3.674443
v -0.253569 0.457811 3.662017
v -0.242089 0.462566 3.651819
v -0.228991 0.467991 3.644242
v -0.214780 0.473878 3.639576
v -0.215690 0.476879 3.800424
v -0.230777 0.473878 3.795758
v -0.244681 0.471112 3.788181
v -0.256869 0.468688 3.777983
v -0.266870 0.466699 3.765557
v -0.274302 0.465220 3.751380
v -0.278879 0.464310 3.735997
v -0.280424 0.464003 3.720000
v -0.278879 0.464310 3.704003
v -0.274302 0.465220 3.688620
v -0.266870 0.466699 3.674443
v -0.256869 0.468688 3.662017
v -0.244681 0.471112 3.651819
v -0.230777 0.473878 3.644242
v -0.215690 0.476879 3.639576
v -0.215997 0.480000 3.800424
v -0.231380 0.480000 3.795758
v -0.245557 0.480000 3.788181
v -0.257983 0.480000 3.777983
v -0.268180 0.480000 3.765557
v -0.275758 0.480000 3.751380
v -0.280424 0.480000 3.735997
v -0.282000 0.480000 3.720000
v -0.280424 0.480000 3.704003
v -0.275758 0.480000 3.688620
v -0.268180 0.480000 3.674443
v -0.257983 0.480000 3.662017
v -0.245557 0.480000 3.651819
v -0.231380 0.480000 3.644242
v -0.215997 0.480000 3.639576
v -0.215690 0.483121 3.800424
v -0.230777 0.486122 3.795758
v -0.244681 0.488888 3.788181
v -0.256869 0.491312 3.777983
v -0.266870 0.493301 3.765557
v -0.274302 0.494780 3.751380
v -0.278879 0.495690 3.735997
v -0.280424 0.495997 3.720000
v -0.278879 0.495690 3.704003
v -0.274302 0.494780 3.688620
v -0.266870 0.493301 3.674443
v -0.256869 0.491312 3.662017
v -0.244681 0.488888 3.651819
v -0.230777 0.486122 3.644242
v -0.215690 0.483121 3.639576
v -0.214780 0.486122 3.800424
v -0.228991 0.492009 3.795758
v -0.242089 0.497434 3.788181
v -0.253569 0.502189 3.777983
v -0.262991 0.506092 3.765557
v -0.269991 0.508991 3.751380
v -0.274302 0.510777 3.735997
v -0.275758 0.511380 3.720000
v -0.274302 0.510777 3.704003
v -0.269991 0.508991 3.688620
v -0.262991 0.506092 3.674443
v -0.253569 0.502189 3.662017
v -0.242089 0.497434 3.651819
v -0.228991 0.492009 3.644242
v -0.214780 0.486122 3.639576
v -0.213301 0.488888 3.800424
v -0.226092 0.497434 3.795758
v -0.237879 0.505310 3.788181
v -0.248211 0.512213 3.777983
v -0.256690 0.517879 3.765557
v -0.262991 0.522089 3.751380
v -0.266870 0.524681 3.735997
v -0.268180 0.525557 3.720000
v -0.266870 0.524681 3.704003
v -0.262991 0.522089 3.688620
v -0.256690 0.517879 3.674443
v -0.248211 0.512213 3.662017
v -0.237879 0.505310 3.651819
v -0.226092 0.497434 3.644242
v -0.213301 0.488888 3.639576
v -0.211312 0.491312 3.800424
v -0.222189 0.502189 3.795758
v -0.232213 0.512213 3.788181
v -0.241000 0.521000 3.777983
v -0.248211 0.528211 3.765557
v -0.253569 0.533569 3.751380
v -0.256869 0.536869 3.735997
v -0.257983 0.537983 3.720000
v -0.256869 0.536869 3.704003
v -0.253569 0.533569 3.688620
v -0.248211 0.528211 3.674443
v -0.241000 0.521000 3.662017
v -0.232213 0.512213 3.651819
v -0.222189 0.502189 3.644242
v -0.211312 0.491312 3.639576
v -0.208888 0.493301 3.800424
v -0.217434 0.506092 3.795758
v -0.225310 0.517879 3.788181
v -0.232213 0.528211 3.777983
v -0.237879 0.536690 3.765557
v -0.242089 0.542991 3.751380
v -0.244681 0.546870 3.735997
v -0.245557 0.548180 3.720000
v -0.244681 0.546870 3.704003
v -0.242089 0.542991 3.688620
v -0.237879 0.536690 3.674443
v -0.232213 0.528211 3.662017
v -0.225310 0.517879 3.651819
v -0.217434 0.506092 3.644242
v -0.208888 0.493301 3.639576
v -0.206122 0.494780 3.800424
v -0.212009 0.508991 3.795758
v -0.217434 0.522089 3.788181
v -0.222189 0.533569 3.777983
v -0.226092 0.542991 3.765557
v -0.228991 0.549991 3.751380
v -0.230777 0.554302 3.735997
v -0.231380 0.555758 3.720000
v -0.230777 0.554302 3.704003
v -0.228991 0.549991 3.688620
v -0.226092 0.542991 3.674443
v -0.222189 0.533569 3.662017
v -0.217434 0.522089 3.651819
v -0.212009 0.508991 3.644242
v -0.206122 0.494780 3.639576
v -0.203121 0.495690 3.800424
v -0.206122 0.510777 3.795758
v -0.208888 0.524681 3.788181
v -0.211312 0.536869 3.777983
v -0.213301 0.546870 3.765557
v -0.214780 0.554302 3.751380
v -0.215690 0.558879 3.735997
v -0.215997 0.560424 3.720000
v -0.215690 0.558879 3.704003
v -0.214780 0.554302 3.688620
v -0.213301 0.546870 3.674443
v -0.211312 0.536869 3.662017
v -0.208888 0.524681 3.651819
v -0.206122 0.510777 3.644242
v -0.203121 0.495690 3.639576
v -0.200000 0.495997 3.800424
v -0.200000 0.511380 3.795758
v -0.200000 0.525557 3.788181
v -0.200000 0.537983 3.777983
v -0.200000 0.548180 3.765557
v -0.200000 0.555758 3.751380
v -0.200000 0.560424 3.735997
v -0.200000 0.562000 3.720000
v -0.200000 0.560424 3.704003
v -0.200000 0.555758 3.688620
v -0.200000 0.548180 3.674443
v -0.200000 0.537983 3.662017
v -0.200000 0.525557 3.651819
v -0.200000 0.511380 3.644242
v -0.200000 0.495997 3.639576
v -0.196879 0.495690 3.800424
v -0.193878 0.510777 3.795758
v -0.191112 0.524681 3.788181
v -0.188688 0.536869 3.777983
v -0.186699 0.546870 3.765557
v -0.185220 0.554302 3.751380
v -0.184310 0.558879 3.735997
v -0.184003 0.560424 3.720000
v -0.184310 0.558879 3.704003
v -0.185220 0.554302 3.688620
v -0.186699 0.546870 3.674443
v -0.188688 0.536869 3.662017
v -0.191112 0.524681 3.651819
v -0.193878 0.510777 3.644242
v -0.196879 0.495690 3.639576
v -0.193878 0.494780 3.800424
v -0.187991 0.508991 3.795758
v -0.182566 0.522089 3.788181
v -0.177811 0.533569 3.777983
v -0.173908 0.542991 3.765557
v -0.171009 0.549991 3.751380
v -0.169223 0.554302 3.735997
v -0.168620 0.555758 3.720000
v -0.169223 0.554302 3.704003
v -0.171009 0.549991 3.688620
v -0.173908 0.542991 3.674443
v -0.177811 0.533569 3.662017
v -0.182566 0.522089 3.651819
v -0.187991 0.508991 3.644242
v -0.193878 0.494780 3.639576
v -0.191112 0.493301 3.800424
v -0.182566 0.506092 3.795758
v -0.174690 0.517879 3.788181
v -0.167787 0.528211 3.777983
v -0.162121 0.536690 3.765557
v -0.157911 0.542991 3.751380
v -0.155319 0.546870 3.735997
v -0.154443 0.548180 3.720000
v -0.155319 0.546870 3.704003
v -0.157911 0.542991 3.688620
v -0.162121 0.536690 3.674443
v -0.167787 0.528211 3.662017
v -0.174690 0.517879 3.651819
v -0.182566 0.506092 3.644242
v -0.191112 0.493301 3.639576
v -0.188688 0.491312 3.800424
v -0.177811 0.502189 3.795758
v -0.167787 0.512213 3.788181
v -0.159000 0.521000 3.777983
v -0.151789 0.528211 3.765557
v -0.146431 0.533569 3.751380
v -0.143131 0.536869 3.735997
v -0.142017 0.537983 3.720000
v -0.143131 0.536869 3.704003
v -0.146431 0.533569 3.688620
v -0.151789 0.528211 3.674443
v -0.159000 0.521000 3.662017
v -0.167787 0.512213 3.651819
v -0.177811 0.502189 3.644242
v -0.188688 0.491312 3.639576
v -0.200000 0.480000 3.802000
v -0.186699 0.488888 3.800424
v -0.173908 0.497434 3.795758
v -0.162121 0.505310 3.788181
v -0.151789 0.512213 3.777983
v -0.143310 0.517879 3.765557
v -0.137009 0.522089 3.751380
v -0.133130 0.524681 3.735997
v -0.131820 0.525557 3.720000
v -0.133130 0.524681 3.704003
v -0.137009 0.522089 3.688620
v -0.143310 0.517879 3.674443
v -0.151789 0.512213 3.662017
v -0.162121 0.505310 3.651819
v -0.173908 0.497434 3.644242
v -0.186699 0.488888 3.639576
v -0.185220 0.486122 3.800424
v -0.171009 0.492009 3.795758
v -0.157911 0.497434 3.788181
v -0.146431 0.502189 3.777983
v -0.137009 0.506092 3.765557
v -0.130009 0.508991 3.751380
v -0.125698 0.510777 3.735997
v -0.124242 0.511380 3.720000
v -0.125698 0.510777 3.704003
v -0.130009 0.508991 3.688620
v -0.137009 0.506092 3.674443
v -0.146431 0.502189 3.662017
v -0.157911 0.497434 3.651819
v -0.171009 0.492009 3.644242
v -0.185220 0.486122 3.639576
v -0.184310 0.483121 3.800424
v -0.169223 0.486122 3.795758
v -0.155319 0.488888 3.788181
v -0.143131 0.491312 3.777983
v -0.133130 0.493301 3.765557
v -0.125698 0.494780 3.751380
v -0.121121 0.495690 3.735997
v -0.119576 0.495997 3.720000
v -0.121121 0.495690 3.704003
v -0.125698 0.494780 3.688620
v -0.133130 0.493301 3.674443
v -0.143131 0.491312 3.662017
v -0.155319 0.488888 3.651819
v -0.169223 0.486122 3.644242
v -0.184310 0.483121 3.639576
v -0.184003 0.480000 3.800424
v -0.168620 0.480000 3.795758
v -0.154443 0.480000 3.788181
v -0.142017 0.480000 3.777983
v -0.131820 0.480000 3.765557
v -0.124242 0.480000 3.751380
v -0.119576 0.480000 3.735997
v -0.118000 0.480000 3.720000
v -0.119576 0.480000 3.704003
v -0.124242 0.480000 3.688620
v -0.131820 0.480000 3.674443
v -0.142017 0.480000 3.662017
v -0.154443 0.480000 3.651819
v -0.168620 0.480000 3.644242
v -0.184003 0.480000 3.639576
v -0.184310 0.476879 3.800424
v -0.169223 0.473878 3.795758
v -0.155319 0.471112 3.788181
v -0.143131 0.468688 3.777983
v -0.133130 0.466699 3.765557
v -0.125698 0.465220 3.751380
v -0.121121 0.464310 3.735997
v -0.119576 0.464003 3.720000
v -0.121121 0.464310 3.704003
v -0.125698 0.465220 3.688620
v -0.133130 0.466699 3.674443
v -0.143131 0.468688 3.662017
v -0.155319 0.471112 3.651819
v -0.169223 0.473878 3.644242
v -0.184310 0.476879 3.639576
v -0.185220 0.473878 3.800424
v -0.171009 0.467991 3.795758
v -0.157911 0.462566 3.788181
v -0.146431 0.457811 3.777983
v -0.137009 0.453908 3.765557
v -0.130009 0.451009 3.751380
v -0.125698 0.449223 3.735997
v -0.124242 0.448620 3.720000
v -0.125698 0.449223 3.704003
v -0.130009 0.451009 3.688620
v -0.137009 0.453908 3.674443
v -0.146431 0.457811 3.662017
v -0.157911 0.462566 3.651819
v -0.171009 0.467991 3.644242
v -0.185220 0.473878 3.639576
v -0.186699 0.471112 3.800424
v -0.173908 0.462566 3.795758
v -0.162121 0.454690 3.788181
v -0.151789 0.447787 3.777983
v -0.143310 0.442121 3.765557
v -0.137010 0.437911 3.751380
v -0.133130 0.435319 3.735997
v -0.131820 0.434443 3.720000
v -0.133130 0.435319 3.704003
v -0.137010 0.437911 3.688620
v -0.143310 0.442121 3.674443
v -0.151789 0.447787 3.662017
v -0.162121 0.454690 3.651819
v -0.173908 0.462566 3.644242
v -0.186699 0.471112 3.639576
v -0.188688 0.468688 3.800424
v -0.177811 0.457811 3.795758
v -0.167787 0.447787 3.788181
v -0.159000 0.439000 3.777983
v -0.151789 0.431789 3.765557
v -0.146431 0.426431 3.751380
v -0.143131 0.423131 3.735997
v -0.142017 0.422017 3.720000
v -0.143131 0.423131 3.704003
v -0.146431 0.426431 3.688620
v -0.151789 0.431789 3.674443
v -0.159000 0.439000 3.662017
v -0.167787 0.447787 3.651819
v -0.177811 0.457811 3.644242
v -0.188688 0.468688 3.639576
v -0.191112 0.466699 3.800424
v -0.182566 0.453908 3.795758
v -0.174690 0.442121 3.788181
v -0.167787 0.431789 3.777983
v -0.162121 0.423310 3.765557
v -0.157911 0.417009 3.751380
v -0.155319 0.413130 3.735997
v -0.154443 0.411820 3.720000
v -0.155319 0.413130 3.704003
v -0.157911 0.417009 3.688620
v -0.162121 0.423310 3.674443
v -0.167787 0.431789 3.662017
v -0.174690 0.442121 3.651819
v -0.182566 0.453908 3.644242
v -0.191112 0.466699 3.639576
v -0.193878 0.465220 3.800424
v -0.187991 0.451009 3.795758
v -0.182566 0.437911 3.788181
v -0.177811 0.426431 3.777983
v -0.173908 0.417009 3.765557
v -0.171009 0.410009 3.751380
v -0.169223 0.405698 3.735997
v -0.168620 0.404242 3.720000
v -0.169223 0.405698 3.704003
v -0.171009 0.410009 3.688620
v -0.173908 0.417009 3.674443
v -0.177811 0.426431 3.662017
v -0.182566 0.437911 3.651819
v -0.187991 0.451009 3.644242
v -0.193878 0.465220 3.639576
v -0.196879 0.464310 3.800424
v -0.193878 0.449223 3.795758
v -0.191112 0.435319 3.788181
v -0.188688 0.423131 3.777983
v -0.186699 0.413130 3.765557
v -0.185220 0.405698 3.751380
v -0.184310 0.401121 3.735997
v -0.184003 0.399576 3.720000
v -0.184310 0.401121 3.704003
v -0.185220 0.405698 3.688620
v -0.186699 0.413130 3.674443
v -0.188688 0.423131 3.662017
v -0.191112 0.435319 3.651819
v -0.193878 0.449223 3.644242
v -0.196879 0.464310 3.639576
v -0.200000 0.448620 3.795758
v -0.200000 0.434443 3.788181
v -0.200000 0.404242 3.751380
v -0.200000 0.398000 3.720000
v -0.200000 0.404242 3.688620
v -0.200000 0.422017 3.662017
v -0.200000 0.434443 3.651819
v -0.200000 0.448620 3.644242
v -0.200000 0.464003 3.639576
vn -0.0000 -0.2010 0.9796
vn -0.0000 -0.7101 0.7041
vn -0.0000 -0.8333 0.5528
vn -0.0000 -0.9810 0.1939
vn -0.0000 -0.9810 -0.1939
vn -0.0000 -0.8333 -0.5528
vn -0.0392 -0.1971 0.9796
vn -0.0757 -0.3804 0.9217
vn -0.1092 -0.5490 0.8286
vn -0.1385 -0.6965 0.7041
vn -0.1626 -0.8173 0.5528
vn -0.1804 -0.9070 0.3805
vn -0.1914 -0.9622 0.1939
vn -0.1951 -0.9808 -0.0000
vn -0.1914 -0.9622 -0.1939
vn -0.1804 -0.9070 -0.3805
vn -0.1626 -0.8173 -0.5528
vn -0.1385 -0.6965 -0.7041
vn -0.1092 -0.5490 -0.8286
vn -0.0757 -0.3804 -0.9217
vn -0.0392 -0.1971 -0.9796
vn -0.0769 -0.1857 0.9796
vn -0.1484 -0.3584 0.9217
vn -0.2142 -0.5172 0.8286
vn -0.2718 -0.6561 0.7041
vn -0.3189 -0.7699 0.5528
vn -0.3539 -0.8544 0.3805
vn -0.3754 -0.9063 0.1939
vn -0.3827 -0.9239 -0.0000
vn -0.3754 -0.9063 -0.1939
vn -0.3539 -0.8544 -0.3805
vn -0.3189 -0.7699 -0.5528
vn -0.2718 -0.6561 -0.7041
vn -0.2142 -0.5172 -0.8286
vn -0.1484 -0.3584 -0.9217
vn -0.0769 -0.1857 -0.9796
vn -0.1117 -0.1671 0.9796
vn -0.2155 -0.3225 0.9217
vn -0.3110 -0.4654 0.8286
vn -0.3945 -0.5905 0.7041
vn -0.4630 -0.6929 0.5528
vn -0.5138 -0.7689 0.3805
vn -0.5450 -0.8157 0.1939
vn -0.5556 -0.8315 -0.0000
vn -0.5450 -0.8157 -0.1939
vn -0.5138 -0.7689 -0.3805
vn -0.4630 -0.6929 -0.5528
vn -0.3945 -0.5905 -0.7041
vn -0.3110 -0.4654 -0.8286
vn -0.2155 -0.3225 -0.9217
vn -0.1117 -0.1671 -0.9796
vn -0.0000 -0.0000 -1.0000
vn -0.1421 -0.1421 0.9796
vn -0.2743 -0.2743 0.9217
vn -0.3958 -0.3958 0.8286
vn -0.5021 -0.5021 0.7041
vn -0.5893 -0.5893 0.5528
vn -0.6539 -0.6539 0.3805
vn -0.6937 -0.6937 0.1939
vn -0.7071 -0.7071 -0.0000
vn -0.6937 -0.6937 -0.1939
vn -0.6539 -0.6539 -0.3805
vn -0.5893 -0.5893 -0.5528
vn -0.5021 -0.5021 -0.7041
vn -0.3958 -0.3958 -0.8286
vn -0.2743 -0.2743 -0.9217
vn -0.1421 -0.1421 -0.9796
vn -0.1671 -0.1117 0.9796
vn -0.3225 -0.2155 0.9217
vn -0.4654 -0.3110 0.8286
vn -0.5905 -0.3945 0.7041
vn -0.6929 -0.4630 0.5528
vn -0.7689 -0.5138 0.3805
vn -0.8157 -0.5450 0.1939
vn -0.8315 -0.5556 -0.0000
vn -0.8157 -0.5450 -0.1939
vn -0.7689 -0.5138 -0.3805
vn -0.6929 -0.4630 -0.5528
vn -0.5905 -0.3945 -0.7041
vn -0.4654 -0.3110 -0.8286
vn -0.3225 -0.2155 -0.9217
vn -0.1671 -0.1117 -0.9796
vn -0.1857 -0.0769 0.9796
vn -0.3584 -0.1484 0.9217
vn -0.5172 -0.2142 0.8286
vn -0.6561 -0.2718 0.7041
vn -0.7699 -0.3189 0.5528
vn -0.8544 -0.3539 0.3805
vn -0.9063 -0.3754 0.1939
vn -0.9239 -0.3827 -0.0000
vn -0.9063 -0.3754 -0.1939
vn -0.8544 -0.3539 -0.3805
vn -0.7699 -0.3189 -0.5528
vn -0.6561 -0.2718 -0.7041
vn -0.5172 -0.2142 -0.8286
vn -0.3584 -0.1484 -0.9217
vn -0.1857 -0.0769 -0.9796
vn -0.1971 -0.0392 0.9796
vn -0.3804 -0.0757 0.9217
vn -0.5490 -0.1092 0.8286
vn -0.6965 -0.1385 0.7041
vn -0.8173 -0.1626 0.5528
vn -0.9070 -0.1804 0.3805
vn -0.9622 -0.1914 0.1939
vn -0.9808 -0.1951 -0.0000
vn -0.9622 -0.1914 -0.1939
vn -0.9070 -0.1804 -0.3805
vn -0.8173 -0.1626 -0.5528
vn -0.6965 -0.1385 -0.7041
vn -0.5490 -0.1092 -0.8286
vn -0.3804 -0.0757 -0.9217
vn -0.1971 -0.0392 -0.9796
vn -0.2010 -0.0000 0.9796
vn -0.3879 -0.0000 0.9217
vn -0.5598 -0.0000 0.8286
vn -0.7101 -0.0000 0.7041
vn -0.8333 -0.0000 0.5528
vn -0.9248 -0.0000 0.3805
vn -0.9810 -0.0000 0.1939
vn -1.0000 -0.0000 -0.0000
vn -0.9810 -0.0000 -0.1939
vn -0.9248 -0.0000 -0.3805
vn -0.8333 -0.0000 -0.5528
vn -0.7101 -0.0000 -0.7041
vn -0.5598 -0.0000 -0.8286
vn -0.3879 -0.0000 -0.9217
vn -0.2010 -0.0000 -0.9796
vn -0.1971 0.0392 0.9796
vn -0.3804 0.0757 0.9217
vn -0.5490 0.1092 0.8286
vn -0.6965 0.1385 0.7041
vn -0.8173 0.1626 0.5528
vn -0.9070 0.1804 0.3805
vn -0.9622 0.1914 0.1939
vn -0.9808 0.1951 -0.0000
vn -0.9622 0.1914 -0.1939
vn -0.9070 0.1804 -0.3805
vn -0.8173 0.1626 -0.5528
vn -0.6965 0.1385 -0.7041
vn -0.5490 0.1092 -0.8286
vn -0.3804 0.0757 -0.9217
vn -0.1971 0.0392 -0.9796
vn -0.1857 0.0769 0.9796
vn -0.3584 0.1484 0.9217
vn -0.5172 0.2142 0.8286
vn -0.6561 0.2718 0.7041
vn -0.7699 0.3189 0.5528
vn -0.8544 0.3539 0.3805
vn -0.9063 0.3754 0.1939
vn -0.9239 0.3827 -0.0000
vn -0.9063 0.3754 -0.1939
vn -0.8544 0.3539 -0.3805
vn -0.7699 0.3189 -0.5528
vn -0.6561 0.2718 -0.7041
vn -0.5172 0.2142 -0.8286
vn -0.3584 0.1484 -0.9217
vn -0.1857 0.0769 -0.9796
vn -0.1671 0.1117 0.9796
vn -0.3225 0.2155 0.9217
vn -0.4654 0.3110 0.8286
vn -0.5905 0.3945 0.7041
vn -0.6929 0.4630 0.5528
vn -0.7689 0.5138 0.3805
vn -0.8157 0.5450 0.1939
vn -0.8315 0.5556 -0.0000
vn -0.8157 0.5450 -0.1939
vn -0.7689 0.5138 -0.3805
vn -0.6929 0.4630 -0.5528
vn -0.5905 0.3945 -0.7041
vn -0.4654 0.3110 -0.8286
vn -0.3225 0.2155 -0.9217
vn -0.1671 0.1117 -0.9796
vn -0.1421 0.1421 0.9796
vn -0.2743 0.2743 0.9217
vn -0.3958 0.3958 0.8286
vn -0.5021 0.5021 0.7041
vn -0.5893 0.5893 0.5528
vn -0.6539 0.6539 0.3805
vn -0.6937 0.6937 0.1939
vn -0.7071 0.7071 -0.0000
vn -0.6937 0.6937 -0.1939
vn -0.6539 0.6539 -0.3805
vn -0.5893 0.5893 -0.5528
vn -0.5021 0.5021 -0.7041
vn -0.3958 0.3958 -0.8286
vn -0.2743 0.2743 -0.9217
vn -0.1421 0.1421 -0.9796
vn -0.1116 0.1671 0.9796
vn -0.2155 0.3225 0.9217
vn -0.3110 0.4654 0.8286
vn -0.3945 0.5905 0.7041
vn -0.4630 0.6929 0.5528
vn -0.5138 0.7689 0.3805
vn -0.5450 0.8157 0.1939
vn -0.5556 0.8315 -0.0000
vn -0.5450 0.8157 -0.1939
vn -0.5138 0.7689 -0.3805
vn -0.4630 0.6929 -0.5528
vn -0.3945 0.5905 -0.7041
vn -0.3110 0.4654 -0.8286
vn -0.2155 0.3225 -0.9217
vn -0.1117 0.1671 -0.9796
vn -0.0769 0.1857 0.9796
vn -0.1484 0.3584 0.9217
vn -0.2142 0.5172 0.8286
vn -0.2718 0.6561 0.7041
vn -0.3189 0.7699 0.5528
vn -0.3539 0.8544 0.3805
vn -0.3754 0.9063 0.1939
vn -0.3827 0.9239 -0.0000
vn -0.3754 0.9063 -0.1939
vn -0.3539 0.8544 -0.3805
vn -0.3189 0.7699 -0.5528
vn -0.2718 0.6561 -0.7041
vn -0.2142 0.5172 -0.8286
vn -0.1484 0.3584 -0.9217
vn -0.0769 0.1857 -0.9796
vn -0.0392 0.1971 0.9796
vn -0.0757 0.3804 0.9217
vn -0.1092 0.5490 0.8286
vn -0.1385 0.6965 0.7041
vn -0.1626 0.8173 0.5528
vn -0.1804 0.9070 0.3805
vn -0.1914 0.9622 0.1939
vn -0.1951 0.9808 -0.0000
vn -0.1914 0.9622 -0.1939
vn -0.1804 0.9070 -0.3805
vn -0.1626 0.8173 -0.5528
vn -0.1385 0.6965 -0.7041
vn -0.1092 0.5490 -0.8286
vn -0.0757 0.3804 -0.9217
vn -0.0392 0.1971 -0.9796
vn -0.0000 0.2010 0.9796
vn -0.0000 0.3879 0.9217
vn -0.0000 0.5598 0.8286
vn -0.0000 0.7101 0.7041
vn -0.0000 0.8333 0.5528
vn -0.0000 0.9248 0.3805
vn -0.0000 0.9810 0.1939
vn -0.0000 1.0000 -0.0000
vn -0.0000 0.9810 -0.1939
vn -0.0000 0.9248 -0.3805
vn -0.0000 0.8333 -0.5528
vn -0.0000 0.7101 -0.7041
vn -0.0000 0.5598 -0.8286
vn -0.0000 0.3879 -0.9217
vn -0.0000 0.2010 -0.9796
vn 0.0392 0.1971 0.9796
vn 0.0757 0.3804 0.9217
vn 0.1092 0.5490 0.8286
vn 0.1385 0.6965 0.7041
vn 0.1626 0.8173 0.5528
vn 0.1804 0.9070 0.3805
vn 0.1914 0.9622 0.1939
vn 0.1951 0.9808 -0.0000
vn 0.1914 0.9622 -0.1939
vn 0.1804 0.9070 -0.3805
vn 0.1626 0.8173 -0.5528
vn 0.1385 0.6965 -0.7041
vn 0.1092 0.5490 -0.8286
vn 0.0757 0.3804 -0.9217
vn 0.0392 0.1971 -0.9796
vn 0.0769 0.1857 0.9796
vn 0.1484 0.3584 0.9217
vn 0.2142 0.5172 0.8286
vn 0.2718 0.6561 0.7041
vn 0.3189 0.7699 0.5528
vn 0.3539 0.8544 0.3805
vn 0.3754 0.9063 0.1939
vn 0.3827 0.9239 -0.0000
vn 0.3754 0.9063 -0.1939
vn 0.3539 0.8544 -0.3805
vn 0.3189 0.7699 -0.5528
vn 0.2718 0.6561 -0.7041
vn 0.2142 0.5172 -0.8286
vn 0.1484 0.3584 -0.9217
vn 0.0769 0.1857 -0.9796
vn 0.1117 0.1671 0.9796
vn 0.2155 0.3225 0.9217
vn 0.3110 0.4654 0.8286
vn 0.3945 0.5905 0.7041
vn 0.4630 0.6929 0.5528
vn 0.5138 0.7689 0.3805
vn 0.5450 0.8157 0.1939
vn 0.5556 0.8315 -0.0000
vn 0.5450 0.8157 -0.1939
vn 0.5138 0.7689 -0.3805
vn 0.4630 0.6929 -0.5528
vn 0.3945 0.5905 -0.7041
vn 0.3110 0.4654 -0.8286
vn 0.2155 0.3225 -0.9217
vn 0.1117 0.1671 -0.9796
vn 0.1421 0.1421 0.9796
vn 0.2743 0.2743 0.9217
vn 0.3958 0.3958 0.8286
vn 0.5021 0.5021 0.7041
vn 0.5893 0.5893 0.5528
vn 0.6539 0.6539 0.3805
vn 0.6937 0.6937 0.1939
vn 0.7071 0.7071 -0.0000
vn 0.6937 0.6937 -0.1939
vn 0.6539 0.6539 -0.3805
vn 0.5893 0.5893 -0.5528
vn 0.5021 0.5021 -0.7041
vn 0.3958 0.3958 -0.8286
vn 0.2743 0.2743 -0.9217
vn 0.1421 0.1421 -0.9796
vn -0.0000 -0.0000 1.0000
vn 0.1671 0.1117 0.9796
vn 0.3225 0.2155 0.9217
vn 0.4654 0.3110 0.8286
vn 0.5905 0.3945 0.7041
vn 0.6929 0.4630 0.5528
vn 0.7689 0.5138 0.3805
vn 0.8157 0.5450 0.1939
vn 0.8315 0.5556 -0.0000
vn 0.8157 0.5450 -0.1939
vn 0.7689 0.5138 -0.3805
vn 0.6929 0.4630 -0.5528
vn 0.5905 0.3945 -0.7041
vn 0.4654 0.3110 -0.8286
vn 0.3225 0.2155 -0.9217
vn 0.1671 0.1117 -0.9796
vn 0.1857 0.0769 0.9796
vn 0.3584 0.1484 0.9217
vn 0.5172 0.2142 0.8286
vn 0.6561 0.2718 0.7041
vn 0.7699 0.3189 0.5528
vn 0.8544 0.3539 0.3805
vn 0.9063 0.3754 0.1939
vn 0.9239 0.3827 -0.0000
vn 0.9063 0.3754 -0.1939
vn 0.8544 0.3539 -0.3805
vn 0.7699 0.3189 -0.5528
vn 0.6561 0.2718 -0.7041
vn 0.5172 0.2142 -0.8286
vn 0.3584 0.1484 -0.9217
vn 0.1857 0.0769 -0.9796
vn 0.1971 0.0392 0.9796
vn 0.3804 0.0757 0.9217
vn 0.5490 0.1092 0.8286
vn 0.6965 0.1385 0.7041
vn 0.8173 0.1626 0.5528
vn 0.9070 0.1804 0.3805
vn 0.9622 0.1914 0.1939
vn 0.9808 0.1951 -0.0000
vn 0.9622 0.1914 -0.1939
vn 0.9070 0.1804 -0.3805
vn 0.8173 0.1626 -0.5528
vn 0.6965 0.1385 -0.7041
vn 0.5490 0.1092 -0.8286
vn 0.3804 0.0757 -0.9217
vn 0.1971 0.0392 -0.9796
vn 0.2010 -0.0000 0.9796
vn 0.3879 -0.0000 0.9217
vn 0.5598 -0.0000 0.8286
vn 0.7101 -0.0000 0.7041
vn 0.8333 -0.0000 0.5528
vn 0.9248 -0.0000 0.3805
vn 0.9810 -0.0000 0.1939
vn 1.0000 -0.0000 -0.0000
vn 0.9810 -0.0000 -0.1939
vn 0.9248 -0.0000 -0.3805
vn 0.8333 -0.0000 -0.5528
vn 0.7101 -0.0000 -0.7041
vn 0.5598 -0.0000 -0.8286
vn 0.3879 -0.0000 -0.9217
vn 0.2010 -0.0000 -0.9796
vn 0.1971 -0.0392 0.9796
vn 0.3804 -0.0757 0.9217
vn 0.5490 -0.1092 0.8286
vn 0.6965 -0.1385 0.7041
vn 0.8173 -0.1626 0.5528
vn 0.9070 -0.1804 0.3805
vn 0.9622 -0.1914 0.1939
vn 0.9808 -0.1951 -0.0000
vn 0.9622 -0.1914 -0.1939
vn 0.9070 -0.1804 -0.3805
vn 0.8173 -0.1626 -0.5528
vn 0.6965 -0.1385 -0.7041
vn 0.5490 -0.1092 -0.8286
vn 0.3804 -0.0757 -0.9217
vn 0.1971 -0.0392 -0.9796
vn 0.1857 -0.0769 0.9796
vn 0.3584 -0.1484 0.9217
vn 0.5172 -0.2142 0.8286
vn 0.6561 -0.2718 0.7041
vn 0.7699 -0.3189 0.5528
vn 0.8544 -0.3539 0.3805
vn 0.9063 -0.3754 0.1939
vn 0.9239 -0.3827 -0.0000
vn 0.9063 -0.3754 -0.1939
vn 0.8544 -0.3539 -0.3805
vn 0.7699 -0.3189 -0.5528
vn 0.6561 -0.2718 -0.7041
vn 0.5172 -0.2142 -0.8286
vn 0.3584 -0.1484 -0.9217
vn 0.1857 -0.0769 -0.9796
vn 0.1671 -0.1117 0.9796
vn 0.3225 -0.2155 0.9217
vn 0.4654 -0.3110 0.8286
vn 0.5905 -0.3945 0.7041
vn 0.6929 -0.4630 0.5528
vn 0.7689 -0.5138 0.3805
vn 0.8157 -0.5450 0.1939
vn 0.8315 -0.5556 -0.0000
vn 0.8157 -0.5450 -0.1939
vn 0.7689 -0.5138 -0.3805
vn 0.6929 -0.4630 -0.5528
vn 0.5905 -0.3945 -0.7041
vn 0.4654 -0.3110 -0.8286
vn 0.3225 -0.2155 -0.9217
vn 0.1671 -0.1117 -0.9796
vn 0.1421 -0.1421 0.9796
vn 0.2743 -0.2743 0.9217
vn 0.3958 -0.3958 0.8286
vn 0.5021 -0.5021 0.7041
vn 0.5893 -0.5893 0.5528
vn 0.6539 -0.6539 0.3805
vn 0.6937 -0.6937 0.1939
vn 0.7071 -0.7071 -0.0000
vn 0.6937 -0.6937 -0.1939
vn 0.6539 -0.6539 -0.3805
vn 0.5893 -0.5893 -0.5528
vn 0.5021 -0.5021 -0.7041
vn 0.3958 -0.3958 -0.8286
vn 0.2743 -0.2743 -0.9217
vn 0.1421 -0.1421 -0.9796
vn 0.1117 -0.1671 0.9796
vn 0.2155 -0.3225 0.9217
vn 0.3110 -0.4654 0.8286
vn 0.3945 -0.5905 0.7041
vn 0.4630 -0.6929 0.5528
vn 0.5138 -0.7689 0.3805
vn 0.5450 -0.8157 0.1939
vn 0.5556 -0.8315 -0.0000
vn 0.5450 -0.8157 -0.1939
vn 0.5138 -0.7689 -0.3805
vn 0.4630 -0.6929 -0.5528
vn 0.3945 -0.5905 -0.7041
vn 0.3110 -0.4654 -0.8286
vn 0.2155 -0.3225 -0.9217
vn 0.1117 -0.1671 -0.9796
vn 0.0769 -0.1857 0.9796
vn 0.1484 -0.3584 0.9217
vn 0.2142 -0.5172 0.8286
vn 0.2718 -0.6561 0.7041
vn 0.3189 -0.7699 0.5528
vn 0.3539 -0.8544 0.3805
vn 0.3754 -0.9063 0.1939
vn 0.3827 -0.9239 -0.0000
vn 0.3754 -0.9063 -0.1939
vn 0.3539 -0.8544 -0.3805
vn 0.3189 -0.7699 -0.5528
vn 0.2718 -0.6561 -0.7041
vn 0.2142 -0.5172 -0.8286
vn 0.1484 -0.3584 -0.9217
vn 0.0769 -0.1857 -0.9796
vn 0.0392 -0.1971 0.9796
vn 0.0757 -0.3804 0.9217
vn 0.1092 -0.5490 0.8286
vn 0.1385 -0.6965 0.7041
vn 0.1626 -0.8173 0.5528
vn 0.1804 -0.9070 0.3805
vn 0.1914 -0.9622 0.1939
vn 0.1951 -0.9808 -0.0000
vn 0.1914 -0.9622 -0.1939
vn 0.1804 -0.9070 -0.3805
vn 0.1626 -0.8173 -0.5528
vn 0.1385 -0.6965 -0.7041
vn 0.1092 -0.5490 -0.8286
vn 0.0757 -0.3804 -0.9217
vn 0.0392 -0.1971 -0.9796
vn -0.0000 -0.3879 0.9217
vn -0.0000 -0.5598 0.8286
vn -0.0000 -0.9248 0.3805
vn -0.0000 -1.0000 -0.0000
vn -0.0000 -0.9248 -0.3805
vn -0.0000 -0.7101 -0.7041
vn -0.0000 -0.5598 -0.8286
vn -0.0000 -0.3879 -0.9217
vn -0.0000 -0.2010 -0.9796
vt 0.750000 0.750000
vt 0.718750 0.812500
vt 0.718750 0.750000
vt 0.750000 0.312500
vt 0.718750 0.250000
vt 0.750000 0.250000
vt 0.718750 0.687500
vt 0.750000 0.687500
vt 0.718750 0.187500
vt 0.750000 0.187500
vt 0.750000 0.625000
vt 0.718750 0.625000
vt 0.718750 0.125000
vt 0.750000 0.125000
vt 0.718750 0.562500
vt 0.750000 0.562500
vt 0.718750 0.062500
vt 0.750000 0.062500
vt 0.750000 0.500000
vt 0.718750 0.500000
vt 0.750000 0.937500
vt 0.734375 1.000000
vt 0.718750 0.937500
vt 0.734375 0.000000
vt 0.718750 0.437500
vt 0.750000 0.437500
vt 0.750000 0.875000
vt 0.718750 0.875000
vt 0.718750 0.375000
vt 0.750000 0.375000
vt 0.750000 0.812500
vt 0.718750 0.312500
vt 0.687500 0.812500
vt 0.687500 0.312500
vt 0.687500 0.750000
vt 0.687500 0.250000
vt 0.687500 0.687500
vt 0.687500 0.187500
vt 0.687500 0.625000
vt 0.687500 0.125000
vt 0.687500 0.562500
vt 0.687500 0.062500
vt 0.687500 0.500000
vt 0.703125 1.000000
vt 0.687500 0.937500
vt 0.703125 0.000000
vt 0.687500 0.437500
vt 0.687500 0.875000
vt 0.687500 0.375000
vt 0.656250 0.562500
vt 0.656250 0.125000
vt 0.656250 0.062500
vt 0.656250 0.500000
vt 0.671875 1.000000
vt 0.656250 0.937500
vt 0.671875 0.000000
vt 0.656250 0.437500
vt 0.656250 0.875000
vt 0.656250 0.375000
vt 0.656250 0.812500
vt 0.656250 0.312500
vt 0.656250 0.750000
vt 0.656250 0.250000
vt 0.656250 0.687500
vt 0.656250 0.187500
vt 0.656250 0.625000
vt 0.625000 0.312500
vt 0.625000 0.750000
vt 0.625000 0.250000
vt 0.625000 0.687500
vt 0.625000 0.187500
vt 0.625000 0.625000
vt 0.625000 0.125000
vt 0.625000 0.562500
vt 0.625000 0.062500
vt 0.625000 0.500000
vt 0.640625 1.000000
vt 0.625000 0.937500
vt 0.640625 0.000000
vt 0.625000 0.437500
vt 0.625000 0.875000
vt 0.625000 0.375000
vt 0.625000 0.812500
vt 0.593750 0.125000
vt 0.593750 0.062500
vt 0.593750 0.562500
vt 0.593750 0.500000
vt 0.609375 1.000000
vt 0.593750 0.937500
vt 0.609375 0.000000
vt 0.593750 0.437500
vt 0.593750 0.875000
vt 0.593750 0.375000
vt 0.593750 0.812500
vt 0.593750 0.312500
vt 0.593750 0.750000
vt 0.593750 0.250000
vt 0.593750 0.687500
vt 0.593750 0.187500
vt 0.593750 0.625000
vt 0.562500 0.750000
vt 0.562500 0.250000
vt 0.562500 0.687500
vt 0.562500 0.187500
vt 0.562500 0.625000
vt 0.562500 0.125000
vt 0.562500 0.562500
vt 0.562500 0.062500
vt 0.562500 0.500000
vt 0.578125 1.000000
vt 0.562500 0.937500
vt 0.578125 0.000000
vt 0.562500 0.437500
vt 0.562500 0.875000
vt 0.562500 0.375000
vt 0.562500 0.812500
vt 0.562500 0.312500
vt 0.531250 0.500000
vt 0.546875 1.000000
vt 0.531250 0.937500
vt 0.546875 0.000000
vt 0.531250 0.062500
vt 0.531250 0.437500
vt 0.531250 0.875000
vt 0.531250 0.375000
vt 0.531250 0.812500
vt 0.531250 0.312500
vt 0.531250 0.750000
vt 0.531250 0.250000
vt 0.531250 0.687500
vt 0.531250 0.187500
vt 0.531250 0.625000
vt 0.531250 0.125000
vt 0.531250 0.562500
vt 0.500000 0.250000
vt 0.500000 0.687500
vt 0.500000 0.187500
vt 0.500000 0.625000
vt 0.500000 0.125000
vt 0.500000 0.562500
vt 0.500000 0.062500
vt 0.500000 0.500000
vt 0.515625 1.000000
vt 0.500000 0.937500
vt 0.515625 0.000000
vt 0.500000 0.437500
vt 0.500000 0.875000
vt 0.500000 0.375000
vt 0.500000 0.812500
vt 0.500000 0.312500
vt 0.500000 0.750000
vt 0.484375 0.000000
vt 0.468750 0.062500
vt 0.468750 0.437500
vt 0.468750 0.875000
vt 0.468750 0.375000
vt 0.468750 0.812500
vt 0.468750 0.312500
vt 0.468750 0.750000
vt 0.468750 0.250000
vt 0.468750 0.687500
vt 0.468750 0.187500
vt 0.468750 0.625000
vt 0.468750 0.125000
vt 0.468750 0.562500
vt 0.468750 0.500000
vt 0.484375 1.000000
vt 0.468750 0.937500
vt 0.437500 0.250000
vt 0.437500 0.187500
vt 0.437500 0.625000
vt 0.437500 0.125000
vt 0.437500 0.562500
vt 0.437500 0.062500
vt 0.437500 0.500000
vt 0.453125 1.000000
vt 0.437500 0.937500
vt 0.453125 0.000000
vt 0.437500 0.437500
vt 0.437500 0.875000
vt 0.437500 0.375000
vt 0.437500 0.812500
vt 0.437500 0.312500
vt 0.437500 0.750000
vt 0.437500 0.687500
vt 0.406250 0.875000
vt 0.406250 0.375000
vt 0.406250 0.812500
vt 0.406250 0.312500
vt 0.406250 0.750000
vt 0.406250 0.250000
vt 0.406250 0.687500
vt 0.406250 0.187500
vt 0.406250 0.625000
vt 0.406250 0.125000
vt 0.406250 0.562500
vt 0.406250 0.062500
vt 0.406250 0.500000
vt 0.421875 1.000000
vt 0.406250 0.937500
vt 0.421875 0.000000
vt 0.406250 0.437500
vt 0.375000 0.687500
vt 0.375000 0.625000
vt 0.375000 0.187500
vt 0.375000 0.125000
vt 0.375000 0.562500
vt 0.375000 0.062500
vt 0.375000 0.500000
vt 0.390625 1.000000
vt 0.375000 0.937500
vt 0.390625 0.000000
vt 0.375000 0.437500
vt 0.375000 0.875000
vt 0.375000 0.375000
vt 0.375000 0.812500
vt 0.375000 0.312500
vt 0.375000 0.750000
vt 0.375000 0.250000
vt 0.343750 0.437500
vt 0.343750 0.375000
vt 0.343750 0.812500
vt 0.343750 0.312500
vt 0.343750 0.750000
vt 0.343750 0.250000
vt 0.343750 0.687500
vt 0.343750 0.187500
vt 0.343750 0.625000
vt 0.343750 0.125000
vt 0.343750 0.562500
vt 0.343750 0.062500
vt 0.343750 0.500000
vt 0.359375 1.000000
vt 0.343750 0.937500
vt 0.359375 0.000000
vt 0.343750 0.875000
vt 0.312500 0.187500
vt 0.312500 0.125000
vt 0.312500 0.562500
vt 0.312500 0.062500
vt 0.312500 0.500000
vt 0.328125 1.000000
vt 0.312500 0.937500
vt 0.328125 0.000000
vt 0.312500 0.437500
vt 0.312500 0.875000
vt 0.312500 0.375000
vt 0.312500 0.812500
vt 0.312500 0.312500
vt 0.312500 0.750000
vt 0.312500 0.250000
vt 0.312500 0.687500
vt 0.312500 0.625000
vt 0.281250 0.812500
vt 0.281250 0.312500
vt 0.281250 0.750000
vt 0.281250 0.250000
vt 0.281250 0.687500
vt 0.281250 0.187500
vt 0.281250 0.625000
vt 0.281250 0.125000
vt 0.281250 0.562500
vt 0.281250 0.062500
vt 0.281250 0.500000
vt 0.296875 1.000000
vt 0.281250 0.937500
vt 0.296875 0.000000
vt 0.281250 0.437500
vt 0.281250 0.875000
vt 0.281250 0.375000
vt 0.250000 0.562500
vt 0.250000 0.062500
vt 0.250000 0.500000
vt 0.265625 1.000000
vt 0.250000 0.937500
vt 0.265625 0.000000
vt 0.250000 0.437500
vt 0.250000 0.875000
vt 0.250000 0.375000
vt 0.250000 0.812500
vt 0.250000 0.312500
vt 0.250000 0.750000
vt 0.250000 0.250000
vt 0.250000 0.687500
vt 0.250000 0.187500
vt 0.250000 0.625000
vt 0.250000 0.125000
vt 0.218750 0.312500
vt 0.218750 0.750000
vt 0.218750 0.250000
vt 0.218750 0.687500
vt 0.218750 0.187500
vt 0.218750 0.625000
vt 0.218750 0.125000
vt 0.218750 0.562500
vt 0.218750 0.062500
vt 0.218750 0.500000
vt 0.234375 1.000000
vt 0.218750 0.937500
vt 0.234375 0.000000
vt 0.218750 0.437500
vt 0.218750 0.875000
vt 0.218750 0.375000
vt 0.218750 0.812500
vt 0.187500 0.062500
vt 0.187500 0.500000
vt 0.203125 1.000000
vt 0.187500 0.937500
vt 0.203125 0.000000
vt 0.187500 0.437500
vt 0.187500 0.875000
vt 0.187500 0.375000
vt 0.187500 0.812500
vt 0.187500 0.312500
vt 0.187500 0.750000
vt 0.187500 0.250000
vt 0.187500 0.687500
vt 0.187500 0.187500
vt 0.187500 0.625000
vt 0.187500 0.125000
vt 0.187500 0.562500
vt 0.156250 0.250000
vt 0.156250 0.687500
vt 0.156250 0.187500
vt 0.156250 0.625000
vt 0.156250 0.125000
vt 0.156250 0.562500
vt 0.156250 0.062500
vt 0.156250 0.500000
vt 0.171875 1.000000
vt 0.156250 0.937500
vt 0.171875 0.000000
vt 0.156250 0.437500
vt 0.156250 0.875000
vt 0.156250 0.375000
vt 0.156250 0.812500
vt 0.156250 0.312500
vt 0.156250 0.750000
vt 0.140625 1.000000
vt 0.125000 0.937500
vt 0.140625 0.000000
vt 0.125000 0.062500
vt 0.125000 0.500000
vt 0.125000 0.437500
vt 0.125000 0.875000
vt 0.125000 0.375000
vt 0.125000 0.812500
vt 0.125000 0.312500
vt 0.125000 0.750000
vt 0.125000 0.250000
vt 0.125000 0.687500
vt 0.125000 0.187500
vt 0.125000 0.625000
vt 0.125000 0.125000
vt 0.125000 0.562500
vt 0.093750 0.687500
vt 0.093750 0.187500
vt 0.093750 0.625000
vt 0.093750 0.125000
vt 0.093750 0.562500
vt 0.093750 0.062500
vt 0.093750 0.500000
vt 0.109375 1.000000
vt 0.093750 0.937500
vt 0.109375 0.000000
vt 0.093750 0.437500
vt 0.093750 0.875000
vt 0.093750 0.375000
vt 0.093750 0.812500
vt 0.093750 0.312500
vt 0.093750 0.750000
vt 0.093750 0.250000
vt 0.062500 0.500000
vt 0.062500 0.437500
vt 0.062500 0.875000
vt 0.062500 0.375000
vt 0.062500 0.812500
vt 0.062500 0.312500
vt 0.062500 0.750000
vt 0.062500 0.250000
vt 0.062500 0.687500
vt 0.062500 0.187500
vt 0.062500 0.625000
vt 0.062500 0.125000
vt 0.062500 0.562500
vt 0.062500 0.062500
vt 0.078125 1.000000
vt 0.062500 0.937500
vt 0.078125 0.000000
vt 0.031250 0.250000
vt 0.031250 0.187500
vt 0.031250 0.687500
vt 0.031250 0.625000
vt 0.031250 0.125000
vt 0.031250 0.562500
vt 0.031250 0.062500
vt 0.031250 0.500000
vt 0.046875 1.000000
vt 0.031250 0.937500
vt 0.046875 0.000000
vt 0.031250 0.437500
vt 0.031250 0.875000
vt 0.031250 0.375000
vt 0.031250 0.812500
vt 0.031250 0.312500
vt 0.031250 0.750000
vt 0.000000 0.937500
vt 0.000000 0.875000
vt 0.000000 0.375000
vt 0.000000 0.812500
vt 0.000000 0.312500
vt 0.000000 0.750000
vt 0.000000 0.250000
vt 0.000000 0.687500
vt 0.000000 0.187500
vt 0.000000 0.625000
vt 0.000000 0.125000
vt 0.000000 0.562500
vt 0.000000 0.062500
vt 0.000000 0.500000
vt 0.015625 1.000000
vt 0.015625 0.000000
vt 0.000000 0.437500
vt 1.000000 0.625000
vt 0.968750 0.687500
vt 0.968750 0.625000
vt 1.000000 0.125000
vt 0.968750 0.187500
vt 0.968750 0.125000
vt 0.968750 0.562500
vt 1.000000 0.562500
vt 0.968750 0.062500
vt 1.000000 0.062500
vt 0.968750 0.500000
vt 1.000000 0.500000
vt 1.000000 0.937500
vt 0.984375 1.000000
vt 0.968750 0.937500
vt 0.984375 0.000000
vt 1.000000 0.437500
vt 0.968750 0.437500
vt 0.968750 0.875000
vt 1.000000 0.875000
vt 0.968750 0.375000
vt 1.000000 0.375000
vt 0.968750 0.812500
vt 1.000000 0.812500
vt 0.968750 0.312500
vt 1.000000 0.312500
vt 0.968750 0.750000
vt 1.000000 0.750000
vt 1.000000 0.250000
vt 0.968750 0.250000
vt 1.000000 0.687500
vt 1.000000 0.187500
vt 0.937500 0.375000
vt 0.937500 0.812500
vt 0.937500 0.312500
vt 0.937500 0.750000
vt 0.937500 0.250000
vt 0.937500 0.687500
vt 0.937500 0.187500
vt 0.937500 0.625000
vt 0.937500 0.125000
vt 0.937500 0.562500
vt 0.937500 0.062500
vt 0.937500 0.500000
vt 0.953125 1.000000
vt 0.937500 0.937500
vt 0.953125 0.000000
vt 0.937500 0.437500
vt 0.937500 0.875000
vt 0.906250 0.125000
vt 0.906250 0.562500
vt 0.906250 0.062500
vt 0.906250 0.500000
vt 0.921875 1.000000
vt 0.906250 0.937500
vt 0.921875 0.000000
vt 0.906250 0.437500
vt 0.906250 0.875000
vt 0.906250 0.375000
vt 0.906250 0.812500
vt 0.906250 0.312500
vt 0.906250 0.750000
vt 0.906250 0.250000
vt 0.906250 0.687500
vt 0.906250 0.187500
vt 0.906250 0.625000
vt 0.875000 0.312500
vt 0.875000 0.750000
vt 0.875000 0.250000
vt 0.875000 0.687500
vt 0.875000 0.187500
vt 0.875000 0.625000
vt 0.875000 0.125000
vt 0.875000 0.562500
vt 0.875000 0.062500
vt 0.875000 0.500000
vt 0.890625 1.000000
vt 0.875000 0.937500
vt 0.890625 0.000000
vt 0.875000 0.437500
vt 0.875000 0.875000
vt 0.875000 0.375000
vt 0.875000 0.812500
vt 0.843750 0.062500
vt 0.843750 0.500000
vt 0.859375 1.000000
vt 0.843750 0.937500
vt 0.859375 0.000000
vt 0.843750 0.437500
vt 0.843750 0.875000
vt 0.843750 0.375000
vt 0.843750 0.812500
vt 0.843750 0.312500
vt 0.843750 0.750000
vt 0.843750 0.250000
vt 0.843750 0.687500
vt 0.843750 0.187500
vt 0.843750 0.625000
vt 0.843750 0.125000
vt 0.843750 0.562500
vt 0.812500 0.812500
vt 0.812500 0.750000
vt 0.812500 0.250000
vt 0.812500 0.687500
vt 0.812500 0.187500
vt 0.812500 0.625000
vt 0.812500 0.125000
vt 0.812500 0.562500
vt 0.812500 0.062500
vt 0.812500 0.500000
vt 0.828125 1.000000
vt 0.812500 0.937500
vt 0.828125 0.000000
vt 0.812500 0.437500
vt 0.812500 0.875000
vt 0.812500 0.375000
vt 0.812500 0.312500
vt 0.781250 0.500000
vt 0.796875 1.000000
vt 0.781250 0.937500
vt 0.796875 0.000000
vt 0.781250 0.062500
vt 0.781250 0.437500
vt 0.781250 0.875000
vt 0.781250 0.375000
vt 0.781250 0.812500
vt 0.781250 0.312500
vt 0.781250 0.750000
vt 0.781250 0.250000
vt 0.781250 0.687500
vt 0.781250 0.187500
vt 0.781250 0.625000
vt 0.781250 0.125000
vt 0.781250 0.562500
vt 0.765625 1.000000
vt 0.765625 0.000000
s 1
g Sphere.001_M_CoralBio.002
usemtl M_CoralBio.002
f 2296/2643/2155 2303/2644/2162 2304/2645/2163
f 2300/2646/2159 2312/2647/2171 2773/2648/2632
f 2296/2643/2155 2305/2649/2164 2297/2650/2156
f 2773/2648/2632 2313/2651/2172 2774/2652/2633
f 2770/2653/2629 2305/2649/2164 2306/2654/2165
f 2774/2652/2633 2314/2655/2173 2775/2656/2634
f 2770/2653/2629 2307/2657/2166 2298/2658/2157
f 2775/2656/2634 2315/2659/2174 2776/2660/2635
f 2771/2661/2630 2307/2657/2166 2308/2662/2167
f 2295/2663/2154 2602/2664/2461 2301/2665/2160
f 2346/2666/2205 2776/2660/2635 2315/2659/2174
f 2771/2661/2630 2309/2667/2168 2299/2668/2158
f 2768/2669/2627 2301/2665/2160 2302/2670/2161
f 2299/2668/2158 2310/2671/2169 2772/2672/2631
f 2769/2673/2628 2302/2670/2161 2303/2644/2162
f 2772/2672/2631 2311/2674/2170 2300/2646/2159
f 2302/2670/2161 2318/2675/2177 2303/2644/2162
f 2310/2671/2169 2326/2676/2185 2311/2674/2170
f 2303/2644/2162 2319/2677/2178 2304/2645/2163
f 2311/2674/2170 2327/2678/2186 2312/2647/2171
f 2305/2649/2164 2319/2677/2178 2320/2679/2179
f 2313/2651/2172 2327/2678/2186 2328/2680/2187
f 2305/2649/2164 2321/2681/2180 2306/2654/2165
f 2314/2655/2173 2328/2680/2187 2329/2682/2188
f 2306/2654/2165 2322/2683/2181 2307/2657/2166
f 2314/2655/2173 2330/2684/2189 2315/2659/2174
f 2308/2662/2167 2322/2683/2181 2323/2685/2182
f 2301/2665/2160 2602/2686/2461 2316/2687/2175
f 2346/2688/2205 2315/2659/2174 2330/2684/2189
f 2308/2662/2167 2324/2689/2183 2309/2667/2168
f 2301/2665/2160 2317/2690/2176 2302/2670/2161
f 2310/2671/2169 2324/2689/2183 2325/2691/2184
f 2321/2681/2180 2337/2692/2196 2322/2683/2181
f 2330/2684/2189 2344/2693/2203 2345/2694/2204
f 2322/2683/2181 2338/2695/2197 2323/2685/2182
f 2316/2687/2175 2602/2696/2461 2331/2697/2190
f 2346/2698/2205 2330/2684/2189 2345/2694/2204
f 2323/2685/2182 2339/2699/2198 2324/2689/2183
f 2316/2687/2175 2332/2700/2191 2317/2690/2176
f 2324/2689/2183 2340/2701/2199 2325/2691/2184
f 2317/2690/2176 2333/2702/2192 2318/2675/2177
f 2325/2691/2184 2341/2703/2200 2326/2676/2185
f 2318/2675/2177 2334/2704/2193 2319/2677/2178
f 2327/2678/2186 2341/2703/2200 2342/2705/2201
f 2319/2677/2178 2335/2706/2194 2320/2679/2179
f 2328/2680/2187 2342/2705/2201 2343/2707/2202
f 2321/2681/2180 2335/2706/2194 2336/2708/2195
f 2328/2680/2187 2344/2693/2203 2329/2682/2188
f 2340/2701/2199 2357/2709/2216 2341/2703/2200
f 2333/2702/2192 2350/2710/2209 2334/2704/2193
f 2341/2703/2200 2358/2711/2217 2342/2705/2201
f 2334/2704/2193 2351/2712/2210 2335/2706/2194
f 2343/2707/2202 2358/2711/2217 2359/2713/2218
f 2336/2708/2195 2351/2712/2210 2352/2714/2211
f 2343/2707/2202 2360/2715/2219 2344/2693/2203
f 2336/2708/2195 2353/2716/2212 2337/2692/2196
f 2345/2694/2204 2360/2715/2219 2361/2717/2220
f 2337/2692/2196 2354/2718/2213 2338/2695/2197
f 2331/2697/2190 2602/2719/2461 2347/2720/2206
f 2346/2721/2205 2345/2694/2204 2361/2717/2220
f 2338/2695/2197 2355/2722/2214 2339/2699/2198
f 2331/2697/2190 2348/2723/2207 2332/2700/2191
f 2339/2699/2198 2356/2724/2215 2340/2701/2199
f 2333/2702/2192 2348/2723/2207 2349/2725/2208
f 2361/2717/2220 2375/2726/2234 2376/2727/2235
f 2354/2718/2213 2368/2728/2227 2369/2729/2228
f 2347/2720/2206 2602/2730/2461 2362/2731/2221
f 2346/2732/2205 2361/2717/2220 2376/2727/2235
f 2354/2718/2213 2370/2733/2229 2355/2722/2214
f 2347/2720/2206 2363/2734/2222 2348/2723/2207
f 2355/2722/2214 2371/2735/2230 2356/2724/2215
f 2348/2723/2207 2364/2736/2223 2349/2725/2208
f 2356/2724/2215 2372/2737/2231 2357/2709/2216
f 2349/2725/2208 2365/2738/2224 2350/2710/2209
f 2357/2709/2216 2373/2739/2232 2358/2711/2217
f 2351/2712/2210 2365/2738/2224 2366/2740/2225
f 2359/2713/2218 2373/2739/2232 2374/2741/2233
f 2352/2714/2211 2366/2740/2225 2367/2742/2226
f 2359/2713/2218 2375/2726/2234 2360/2715/2219
f 2352/2714/2211 2368/2728/2227 2353/2716/2212
f 2364/2736/2223 2380/2743/2239 2365/2738/2224
f 2372/2737/2231 2388/2744/2247 2373/2739/2232
f 2366/2740/2225 2380/2743/2239 2381/2745/2240
f 2374/2741/2233 2388/2744/2247 2389/2746/2248
f 2367/2742/2226 2381/2745/2240 2382/2747/2241
f 2375/2726/2234 2389/2746/2248 2390/2748/2249
f 2367/2742/2226 2383/2749/2242 2368/2728/2227
f 2376/2727/2235 2390/2748/2249 2391/2750/2250
f 2368/2728/2227 2384/2751/2243 2369/2729/2228
f 2362/2731/2221 2602/2752/2461 2377/2753/2236
f 2346/2754/2205 2376/2727/2235 2391/2750/2250
f 2369/2729/2228 2385/2755/2244 2370/2733/2229
f 2363/2734/2222 2377/2753/2236 2378/2756/2237
f 2371/2735/2230 2385/2755/2244 2386/2757/2245
f 2363/2734/2222 2379/2758/2238 2364/2736/2223
f 2371/2735/2230 2387/2759/2246 2372/2737/2231
f 2383/2749/2242 2399/2760/2258 2384/2751/2243
f 2377/2753/2236 2602/2761/2461 2392/2762/2251
f 2346/2763/2205 2391/2750/2250 2406/2764/2265
f 2385/2755/2244 2399/2760/2258 2400/2765/2259
f 2377/2753/2236 2393/2766/2252 2378/2756/2237
f 2385/2755/2244 2401/2767/2260 2386/2757/2245
f 2378/2756/2237 2394/2768/2253 2379/2758/2238
f 2386/2757/2245 2402/2769/2261 2387/2759/2246
f 2379/2758/2238 2395/2770/2254 2380/2743/2239
f 2387/2759/2246 2403/2771/2262 2388/2744/2247
f 2380/2743/2239 2396/2772/2255 2381/2745/2240
f 2388/2744/2247 2404/2773/2263 2389/2746/2248
f 2382/2747/2241 2396/2772/2255 2397/2774/2256
f 2389/2746/2248 2405/2775/2264 2390/2748/2249
f 2382/2747/2241 2398/2776/2257 2383/2749/2242
f 2390/2748/2249 2406/2764/2265 2391/2750/2250
f 2402/2769/2261 2418/2777/2277 2403/2771/2262
f 2395/2770/2254 2411/2778/2270 2396/2772/2255
f 2404/2773/2263 2418/2777/2277 2419/2779/2278
f 2396/2772/2255 2412/2780/2271 2397/2774/2256
f 2405/2775/2264 2419/2779/2278 2420/2781/2279
f 2398/2776/2257 2412/2780/2271 2413/2782/2272
f 2405/2775/2264 2421/2783/2280 2406/2764/2265
f 2399/2760/2258 2413/2782/2272 2414/2784/2273
f 2392/2762/2251 2602/2785/2461 2407/2786/2266
f 2346/2787/2205 2406/2764/2265 2421/2783/2280
f 2399/2760/2258 2415/2788/2274 2400/2765/2259
f 2393/2766/2252 2407/2786/2266 2408/2789/2267
f 2400/2765/2259 2416/2790/2275 2401/2767/2260
f 2393/2766/2252 2409/2791/2268 2394/2768/2253
f 2401/2767/2260 2417/2792/2276 2402/2769/2261
f 2394/2768/2253 2410/2793/2269 2395/2770/2254
f 2346/2794/2205 2421/2783/2280 2436/2795/2295
f 2414/2784/2273 2430/2796/2289 2415/2788/2274
f 2407/2786/2266 2423/2797/2282 2408/2789/2267
f 2415/2788/2274 2431/2798/2290 2416/2790/2275
f 2408/2789/2267 2424/2799/2283 2409/2791/2268
f 2416/2790/2275 2432/2800/2291 2417/2792/2276
f 2409/2791/2268 2425/2801/2284 2410/2793/2269
f 2418/2777/2277 2432/2800/2291 2433/2802/2292
f 2410/2793/2269 2426/2803/2285 2411/2778/2270
f 2418/2777/2277 2434/2804/2293 2419/2779/2278
f 2412/2780/2271 2426/2803/2285 2427/2805/2286
f 2420/2781/2279 2434/2804/2293 2435/2806/2294
f 2413/2782/2272 2427/2805/2286 2428/2807/2287
f 2421/2783/2280 2435/2806/2294 2436/2795/2295
f 2413/2782/2272 2429/2808/2288 2414/2784/2273
f 2407/2786/2266 2602/2809/2461 2422/2810/2281
f 2434/2804/2293 2448/2811/2307 2449/2812/2308
f 2426/2803/2285 2442/2813/2301 2427/2805/2286
f 2434/2804/2293 2450/2814/2309 2435/2806/2294
f 2427/2805/2286 2443/2815/2302 2428/2807/2287
f 2436/2795/2295 2450/2814/2309 2451/2816/2310
f 2429/2808/2288 2443/2815/2302 2444/2817/2303
f 2422/2810/2281 2602/2818/2461 2437/2819/2296
f 2346/2820/2205 2436/2795/2295 2451/2816/2310
f 2429/2808/2288 2445/2821/2304 2430/2796/2289
f 2422/2810/2281 2438/2822/2297 2423/2797/2282
f 2430/2796/2289 2446/2823/2305 2431/2798/2290
f 2423/2797/2282 2439/2824/2298 2424/2799/2283
f 2431/2798/2290 2447/2825/2306 2432/2800/2291
f 2424/2799/2283 2440/2826/2299 2425/2801/2284
f 2432/2800/2291 2448/2811/2307 2433/2802/2292
f 2425/2801/2284 2441/2827/2300 2426/2803/2285
f 2437/2819/2296 2453/2828/2312 2438/2822/2297
f 2445/2821/2304 2461/2829/2320 2446/2823/2305
f 2438/2822/2297 2454/2830/2313 2439/2824/2298
f 2446/2823/2305 2462/2831/2321 2447/2825/2306
f 2439/2824/2298 2455/2832/2314 2440/2826/2299
f 2448/2811/2307 2462/2831/2321 2463/2833/2322
f 2440/2826/2299 2456/2834/2315 2441/2827/2300
f 2448/2811/2307 2464/2835/2323 2449/2812/2308
f 2442/2813/2301 2456/2834/2315 2457/2836/2316
f 2449/2812/2308 2465/2837/2324 2450/2814/2309
f 2442/2813/2301 2458/2838/2317 2443/2815/2302
f 2450/2814/2309 2466/2839/2325 2451/2816/2310
f 2443/2815/2302 2459/2840/2318 2444/2817/2303
f 2437/2819/2296 2602/2841/2461 2452/2842/2311
f 2346/2843/2205 2451/2816/2310 2466/2839/2325
f 2445/2821/2304 2459/2840/2318 2460/2844/2319
f 2457/2836/2316 2471/2845/2330 2472/2846/2331
f 2465/2837/2324 2479/2847/2338 2480/2848/2339
f 2457/2836/2316 2473/2849/2332 2458/2838/2317
f 2465/2837/2324 2481/2850/2340 2466/2839/2325
f 2458/2838/2317 2474/2851/2333 2459/2840/2318
f 2452/2842/2311 2602/2852/2461 2467/2853/2326
f 2346/2854/2205 2466/2839/2325 2481/2850/2340
f 2460/2844/2319 2474/2851/2333 2475/2855/2334
f 2452/2842/2311 2468/2856/2327 2453/2828/2312
f 2460/2844/2319 2476/2857/2335 2461/2829/2320
f 2453/2828/2312 2469/2858/2328 2454/2830/2313
f 2461/2829/2320 2477/2859/2336 2462/2831/2321
f 2454/2830/2313 2470/2860/2329 2455/2832/2314
f 2463/2833/2322 2477/2859/2336 2478/2861/2337
f 2455/2832/2314 2471/2845/2330 2456/2834/2315
f 2464/2835/2323 2478/2861/2337 2479/2847/2338
f 2476/2857/2335 2490/2862/2349 2491/2863/2350
f 2468/2856/2327 2484/2864/2343 2469/2858/2328
f 2476/2857/2335 2492/2865/2351 2477/2859/2336
f 2469/2858/2328 2485/2866/2344 2470/2860/2329
f 2478/2861/2337 2492/2865/2351 2493/2867/2352
f 2470/2860/2329 2486/2868/2345 2471/2845/2330
f 2479/2847/2338 2493/2867/2352 2494/2869/2353
f 2472/2846/2331 2486/2868/2345 2487/2870/2346
f 2480/2848/2339 2494/2869/2353 2495/2871/2354
f 2472/2846/2331 2488/2872/2347 2473/2849/2332
f 2480/2848/2339 2496/2873/2355 2481/2850/2340
f 2473/2849/2332 2489/2874/2348 2474/2851/2333
f 2467/2853/2326 2602/2875/2461 2482/2876/2341
f 2346/2877/2205 2481/2850/2340 2496/2873/2355
f 2474/2851/2333 2490/2862/2349 2475/2855/2334
f 2467/2853/2326 2483/2878/2342 2468/2856/2327
f 2495/2871/2354 2509/2879/2368 2510/2880/2369
f 2487/2870/2346 2503/2881/2362 2488/2872/2347
f 2496/2873/2355 2510/2880/2369 2511/2882/2370
f 2488/2872/2347 2504/2883/2363 2489/2874/2348
f 2482/2876/2341 2602/2884/2461 2497/2885/2356
f 2346/2886/2205 2496/2873/2355 2511/2882/2370
f 2490/2862/2349 2504/2883/2363 2505/2887/2364
f 2482/2876/2341 2498/2888/2357 2483/2878/2342
f 2491/2863/2350 2505/2887/2364 2506/2889/2365
f 2483/2878/2342 2499/2890/2358 2484/2864/2343
f 2491/2863/2350 2507/2891/2366 2492/2865/2351
f 2484/2864/2343 2500/2892/2359 2485/2866/2344
f 2492/2865/2351 2508/2893/2367 2493/2867/2352
f 2485/2866/2344 2501/2894/2360 2486/2868/2345
f 2493/2867/2352 2509/2879/2368 2494/2869/2353
f 2487/2870/2346 2501/2894/2360 2502/2895/2361
f 2498/2888/2357 2514/2896/2373 2499/2890/2358
f 2506/2889/2365 2522/2897/2381 2507/2891/2366
f 2499/2890/2358 2515/2898/2374 2500/2892/2359
f 2508/2893/2367 2522/2897/2381 2523/2899/2382
f 2500/2892/2359 2516/2900/2375 2501/2894/2360
f 2509/2879/2368 2523/2899/2382 2524/2901/2383
f 2502/2895/2361 2516/2900/2375 2517/2902/2376
f 2510/2880/2369 2524/2901/2383 2525/2903/2384
f 2502/2895/2361 2518/2904/2377 2503/2881/2362
f 2510/2880/2369 2526/2905/2385 2511/2882/2370
f 2503/2881/2362 2519/2906/2378 2504/2883/2363
f 2497/2885/2356 2602/2907/2461 2512/2908/2371
f 2346/2909/2205 2511/2882/2370 2526/2905/2385
f 2505/2887/2364 2519/2906/2378 2520/2910/2379
f 2497/2885/2356 2513/2911/2372 2498/2888/2357
f 2506/2889/2365 2520/2910/2379 2521/2912/2380
f 2517/2902/2376 2533/2913/2392 2518/2904/2377
f 2525/2903/2384 2541/2914/2400 2526/2905/2385
f 2518/2904/2377 2534/2915/2393 2519/2906/2378
f 2512/2908/2371 2602/2916/2461 2527/2917/2386
f 2346/2918/2205 2526/2905/2385 2541/2914/2400
f 2520/2910/2379 2534/2915/2393 2535/2919/2394
f 2513/2911/2372 2527/2917/2386 2528/2920/2387
f 2521/2912/2380 2535/2919/2394 2536/2921/2395
f 2513/2911/2372 2529/2922/2388 2514/2896/2373
f 2521/2912/2380 2537/2923/2396 2522/2897/2381
f 2514/2896/2373 2530/2924/2389 2515/2898/2374
f 2523/2899/2382 2537/2923/2396 2538/2925/2397
f 2515/2898/2374 2531/2926/2390 2516/2900/2375
f 2523/2899/2382 2539/2927/2398 2524/2901/2383
f 2517/2902/2376 2531/2926/2390 2532/2928/2391
f 2525/2903/2384 2539/2927/2398 2540/2929/2399
f 2536/2921/2395 2552/2930/2411 2537/2923/2396
f 2529/2922/2388 2545/2931/2404 2530/2924/2389
f 2538/2925/2397 2552/2930/2411 2553/2932/2412
f 2530/2924/2389 2546/2933/2405 2531/2926/2390
f 2539/2927/2398 2553/2932/2412 2554/2934/2413
f 2532/2928/2391 2546/2933/2405 2547/2935/2406
f 2539/2927/2398 2555/2936/2414 2540/2929/2399
f 2532/2928/2391 2548/2937/2407 2533/2913/2392
f 2541/2914/2400 2555/2936/2414 2556/2938/2415
f 2533/2913/2392 2549/2939/2408 2534/2915/2393
f 2527/2917/2386 2602/2940/2461 2542/2941/2401
f 2346/2942/2205 2541/2914/2400 2556/2938/2415
f 2535/2919/2394 2549/2939/2408 2550/2943/2409
f 2527/2917/2386 2543/2944/2402 2528/2920/2387
f 2536/2921/2395 2550/2943/2409 2551/2945/2410
f 2528/2920/2387 2544/2946/2403 2529/2922/2388
f 2555/2936/2414 2571/2947/2430 2556/2938/2415
f 2548/2937/2407 2564/2948/2423 2549/2939/2408
f 2542/2941/2401 2602/2949/2461 2557/2950/2416
f 2346/2951/2205 2556/2938/2415 2571/2947/2430
f 2550/2943/2409 2564/2948/2423 2565/2952/2424
f 2542/2941/2401 2558/2953/2417 2543/2944/2402
f 2551/2945/2410 2565/2952/2424 2566/2954/2425
f 2543/2944/2402 2559/2955/2418 2544/2946/2403
f 2551/2945/2410 2567/2956/2426 2552/2930/2411
f 2544/2946/2403 2560/2957/2419 2545/2931/2404
f 2552/2930/2411 2568/2958/2427 2553/2932/2412
f 2545/2931/2404 2561/2959/2420 2546/2933/2405
f 2554/2934/2413 2568/2958/2427 2569/2960/2428
f 2547/2935/2406 2561/2959/2420 2562/2961/2421
f 2555/2936/2414 2569/2960/2428 2570/2962/2429
f 2547/2935/2406 2563/2963/2422 2548/2937/2407
f 2567/2956/2426 2583/2964/2442 2568/2958/2427
f 2560/2957/2419 2576/2965/2435 2561/2959/2420
f 2568/2958/2427 2584/2966/2443 2569/2960/2428
f 2562/2961/2421 2576/2965/2435 2577/2967/2436
f 2569/2960/2428 2585/2968/2444 2570/2962/2429
f 2562/2961/2421 2578/2969/2437 2563/2963/2422
f 2570/2962/2429 2586/2970/2445 2571/2947/2430
f 2563/2963/2422 2579/2971/2438 2564/2948/2423
f 2557/2950/2416 2602/2972/2461 2572/2973/2431
f 2346/2974/2205 2571/2947/2430 2586/2970/2445
f 2565/2952/2424 2579/2971/2438 2580/2975/2439
f 2557/2950/2416 2573/2976/2432 2558/2953/2417
f 2566/2954/2425 2580/2975/2439 2581/2977/2440
f 2558/2953/2417 2574/2978/2433 2559/2955/2418
f 2566/2954/2425 2582/2979/2441 2567/2956/2426
f 2559/2955/2418 2575/2980/2434 2560/2957/2419
f 2572/2973/2431 2602/2981/2461 2587/2982/2446
f 2346/2983/2205 2586/2970/2445 2601/2984/2460
f 2580/2975/2439 2594/2985/2453 2595/2986/2454
f 2572/2973/2431 2588/2987/2447 2573/2976/2432
f 2581/2977/2440 2595/2986/2454 2596/2988/2455
f 2573/2976/2432 2589/2989/2448 2574/2978/2433
f 2581/2977/2440 2597/2990/2456 2582/2979/2441
f 2574/2978/2433 2590/2991/2449 2575/2980/2434
f 2582/2979/2441 2598/2992/2457 2583/2964/2442
f 2575/2980/2434 2591/2993/2450 2576/2965/2435
f 2583/2964/2442 2599/2994/2458 2584/2966/2443
f 2577/2967/2436 2591/2993/2450 2592/2995/2451
f 2585/2968/2444 2599/2994/2458 2600/2996/2459
f 2577/2967/2436 2593/2997/2452 2578/2969/2437
f 2585/2968/2444 2601/2984/2460 2586/2970/2445
f 2578/2969/2437 2594/2985/2453 2579/2971/2438
f 2590/2991/2449 2607/2998/2466 2591/2993/2450
f 2598/2992/2457 2615/2999/2474 2599/2994/2458
f 2592/2995/2451 2607/2998/2466 2608/3000/2467
f 2600/2996/2459 2615/2999/2474 2616/3001/2475
f 2592/2995/2451 2609/3002/2468 2593/2997/2452
f 2601/2984/2460 2616/3001/2475 2617/3003/2476
f 2593/2997/2452 2610/3004/2469 2594/2985/2453
f 2587/2982/2446 2602/3005/2461 2603/3006/2462
f 2346/3007/2205 2601/2984/2460 2617/3003/2476
f 2595/2986/2454 2610/3004/2469 2611/3008/2470
f 2587/2982/2446 2604/3009/2463 2588/2987/2447
f 2596/2988/2455 2611/3008/2470 2612/3010/2471
f 2588/2987/2447 2605/3011/2464 2589/2989/2448
f 2596/2988/2455 2613/3012/2472 2597/2990/2456
f 2590/2991/2449 2605/3011/2464 2606/3013/2465
f 2598/2992/2457 2613/3012/2472 2614/3014/2473
f 2611/3008/2470 2625/3015/2484 2626/3016/2485
f 2603/3006/2462 2619/3017/2478 2604/3009/2463
f 2611/3008/2470 2627/3018/2486 2612/3010/2471
f 2604/3009/2463 2620/3019/2479 2605/3011/2464
f 2612/3010/2471 2628/3020/2487 2613/3012/2472
f 2605/3011/2464 2621/3021/2480 2606/3013/2465
f 2614/3014/2473 2628/3020/2487 2629/3022/2488
f 2607/2998/2466 2621/3021/2480 2622/3023/2481
f 2614/3014/2473 2630/3024/2489 2615/2999/2474
f 2608/3000/2467 2622/3023/2481 2623/3025/2482
f 2615/2999/2474 2631/3026/2490 2616/3001/2475
f 2608/3000/2467 2624/3027/2483 2609/3002/2468
f 2616/3001/2475 2632/3028/2491 2617/3003/2476
f 2609/3002/2468 2625/3015/2484 2610/3004/2469
f 2603/3006/2462 2602/3029/2461 2618/3030/2477
f 2346/3031/2205 2617/3003/2476 2632/3028/2491
f 2630/3024/2489 2644/3032/2503 2645/3033/2504
f 2623/3025/2482 2637/3034/2496 2638/3035/2497
f 2631/3026/2490 2645/3033/2504 2646/3036/2505
f 2623/3025/2482 2639/3037/2498 2624/3027/2483
f 2631/3026/2490 2647/3038/2506 2632/3028/2491
f 2624/3027/2483 2640/3039/2499 2625/3015/2484
f 2618/3030/2477 2602/3040/2461 2633/3041/2492
f 2346/3042/2205 2632/3028/2491 2647/3038/2506
f 2626/3016/2485 2640/3039/2499 2641/3043/2500
f 2618/3030/2477 2634/3044/2493 2619/3017/2478
f 2627/3018/2486 2641/3043/2500 2642/3045/2501
f 2619/3017/2478 2635/3046/2494 2620/3019/2479
f 2627/3018/2486 2643/3047/2502 2628/3020/2487
f 2620/3019/2479 2636/3048/2495 2621/3021/2480
f 2628/3020/2487 2644/3032/2503 2629/3022/2488
f 2621/3021/2480 2637/3034/2496 2622/3023/2481
f 2634/3044/2493 2648/3049/2507 2649/3050/2508
f 2641/3043/2500 2657/3051/2516 2642/3045/2501
f 2634/3044/2493 2650/3052/2509 2635/3046/2494
f 2642/3045/2501 2658/3053/2517 2643/3047/2502
f 2635/3046/2494 2651/3054/2510 2636/3048/2495
f 2643/3047/2502 2659/3055/2518 2644/3032/2503
f 2636/3048/2495 2652/3056/2511 2637/3034/2496
f 2644/3032/2503 2660/3057/2519 2645/3033/2504
f 2638/3035/2497 2652/3056/2511 2653/3058/2512
f 2646/3036/2505 2660/3057/2519 2661/3059/2520
f 2638/3035/2497 2654/3060/2513 2639/3037/2498
f 2646/3036/2505 2662/3061/2521 2647/3038/2506
f 2639/3037/2498 2655/3062/2514 2640/3039/2499
f 2633/3041/2492 2602/3063/2461 2648/3049/2507
f 2346/3064/2205 2647/3038/2506 2662/3061/2521
f 2641/3043/2500 2655/3062/2514 2656/3065/2515
f 2653/3066/2512 2667/3067/2526 2668/3068/2527
f 2661/3069/2520 2675/3070/2534 2676/3071/2535
f 2653/3066/2512 2669/3072/2528 2654/3073/2513
f 2661/3069/2520 2677/3074/2536 2662/3075/2521
f 2654/3073/2513 2670/3076/2529 2655/3077/2514
f 2648/3078/2507 2602/3079/2461 2663/3080/2522
f 2346/3081/2205 2662/3075/2521 2677/3074/2536
f 2656/3082/2515 2670/3076/2529 2671/3083/2530
f 2648/3078/2507 2664/3084/2523 2649/3085/2508
f 2656/3082/2515 2672/3086/2531 2657/3087/2516
f 2649/3085/2508 2665/3088/2524 2650/3089/2509
f 2657/3087/2516 2673/3090/2532 2658/3091/2517
f 2650/3089/2509 2666/3092/2525 2651/3093/2510
f 2659/3094/2518 2673/3090/2532 2674/3095/2533
f 2651/3093/2510 2667/3067/2526 2652/3096/2511
f 2659/3094/2518 2675/3070/2534 2660/3097/2519
f 2671/3083/2530 2687/3098/2546 2672/3086/2531
f 2664/3084/2523 2680/3099/2539 2665/3088/2524
f 2672/3086/2531 2688/3100/2547 2673/3090/2532
f 2666/3092/2525 2680/3099/2539 2681/3101/2540
f 2673/3090/2532 2689/3102/2548 2674/3095/2533
f 2666/3092/2525 2682/3103/2541 2667/3067/2526
f 2674/3095/2533 2690/3104/2549 2675/3070/2534
f 2668/3068/2527 2682/3103/2541 2683/3105/2542
f 2676/3071/2535 2690/3104/2549 2691/3106/2550
f 2668/3068/2527 2684/3107/2543 2669/3072/2528
f 2676/3071/2535 2692/3108/2551 2677/3074/2536
f 2669/3072/2528 2685/3109/2544 2670/3076/2529
f 2663/3080/2522 2602/3110/2461 2678/3111/2537
f 2346/3112/2205 2677/3074/2536 2692/3108/2551
f 2671/3083/2530 2685/3109/2544 2686/3113/2545
f 2663/3080/2522 2679/3114/2538 2664/3084/2523
f 2690/3104/2549 2706/3115/2565 2691/3106/2550
f 2683/3105/2542 2699/3116/2558 2684/3107/2543
f 2691/3106/2550 2707/3117/2566 2692/3108/2551
f 2684/3107/2543 2700/3118/2559 2685/3109/2544
f 2678/3111/2537 2602/3119/2461 2693/3120/2552
f 2346/3121/2205 2692/3108/2551 2707/3117/2566
f 2686/3113/2545 2700/3118/2559 2701/3122/2560
f 2678/3111/2537 2694/3123/2553 2679/3114/2538
f 2686/3113/2545 2702/3124/2561 2687/3098/2546
f 2679/3114/2538 2695/3125/2554 2680/3099/2539
f 2687/3098/2546 2703/3126/2562 2688/3100/2547
f 2680/3099/2539 2696/3127/2555 2681/3101/2540
f 2689/3102/2548 2703/3126/2562 2704/3128/2563
f 2681/3101/2540 2697/3129/2556 2682/3103/2541
f 2689/3102/2548 2705/3130/2564 2690/3104/2549
f 2683/3105/2542 2697/3129/2556 2698/3131/2557
f 2702/3124/2561 2718/3132/2577 2703/3126/2562
f 2695/3125/2554 2711/3133/2570 2696/3127/2555
f 2703/3126/2562 2719/3134/2578 2704/3128/2563
f 2696/3127/2555 2712/3135/2571 2697/3129/2556
f 2704/3128/2563 2720/3136/2579 2705/3130/2564
f 2698/3131/2557 2712/3135/2571 2713/3137/2572
f 2706/3115/2565 2720/3136/2579 2721/3138/2580
f 2698/3131/2557 2714/3139/2573 2699/3116/2558
f 2706/3115/2565 2722/3140/2581 2707/3117/2566
f 2699/3116/2558 2715/3141/2574 2700/3118/2559
f 2693/3120/2552 2602/3142/2461 2708/3143/2567
f 2346/3144/2205 2707/3117/2566 2722/3140/2581
f 2701/3122/2560 2715/3141/2574 2716/3145/2575
f 2693/3120/2552 2709/3146/2568 2694/3123/2553
f 2702/3124/2561 2716/3145/2575 2717/3147/2576
f 2694/3123/2553 2710/3148/2569 2695/3125/2554
f 2721/3138/2580 2737/3149/2596 2722/3140/2581
f 2714/3139/2573 2730/3150/2589 2715/3141/2574
f 2708/3143/2567 2602/3151/2461 2723/3152/2582
f 2346/3153/2205 2722/3140/2581 2737/3149/2596
f 2716/3145/2575 2730/3150/2589 2731/3154/2590
f 2708/3143/2567 2724/3155/2583 2709/3146/2568
f 2716/3145/2575 2732/3156/2591 2717/3147/2576
f 2709/3146/2568 2725/3157/2584 2710/3148/2569
f 2717/3147/2576 2733/3158/2592 2718/3132/2577
f 2711/3133/2570 2725/3157/2584 2726/3159/2585
f 2719/3134/2578 2733/3158/2592 2734/3160/2593
f 2711/3133/2570 2727/3161/2586 2712/3135/2571
f 2719/3134/2578 2735/3162/2594 2720/3136/2579
f 2713/3137/2572 2727/3161/2586 2728/3163/2587
f 2721/3138/2580 2735/3162/2594 2736/3164/2595
f 2713/3137/2572 2729/3165/2588 2714/3139/2573
f 2726/3159/2585 2740/3166/2599 2741/3167/2600
f 2733/3158/2592 2749/3168/2608 2734/3160/2593
f 2726/3159/2585 2742/3169/2601 2727/3161/2586
f 2734/3160/2593 2750/3170/2609 2735/3162/2594
f 2728/3163/2587 2742/3169/2601 2743/3171/2602
f 2736/3164/2595 2750/3170/2609 2751/3172/2610
f 2728/3163/2587 2744/3173/2603 2729/3165/2588
f 2736/3164/2595 2752/3174/2611 2737/3149/2596
f 2729/3165/2588 2745/3175/2604 2730/3150/2589
f 2723/3152/2582 2602/3176/2461 2738/3177/2597
f 2346/3178/2205 2737/3149/2596 2752/3174/2611
f 2731/3154/2590 2745/3175/2604 2746/3179/2605
f 2723/3152/2582 2739/3180/2598 2724/3155/2583
f 2731/3154/2590 2747/3181/2606 2732/3156/2591
f 2724/3155/2583 2740/3166/2599 2725/3157/2584
f 2732/3156/2591 2748/3182/2607 2733/3158/2592
f 2744/3173/2603 2760/3183/2619 2745/3175/2604
f 2738/3177/2597 2602/3184/2461 2753/3185/2612
f 2346/3186/2205 2752/3174/2611 2767/3187/2626
f 2746/3179/2605 2760/3183/2619 2761/3188/2620
f 2739/3180/2598 2753/3185/2612 2754/3189/2613
f 2746/3179/2605 2762/3190/2621 2747/3181/2606
f 2739/3180/2598 2755/3191/2614 2740/3166/2599
f 2747/3181/2606 2763/3192/2622 2748/3182/2607
f 2741/3167/2600 2755/3191/2614 2756/3193/2615
f 2748/3182/2607 2764/3194/2623 2749/3168/2608
f 2741/3167/2600 2757/3195/2616 2742/3169/2601
f 2749/3168/2608 2765/3196/2624 2750/3170/2609
f 2743/3171/2602 2757/3195/2616 2758/3197/2617
f 2751/3172/2610 2765/3196/2624 2766/3198/2625
f 2743/3171/2602 2759/3199/2618 2744/3173/2603
f 2751/3172/2610 2767/3187/2626 2752/3174/2611
f 2763/3192/2622 2773/2648/2632 2764/3194/2623
f 2757/3195/2616 2296/2643/2155 2297/2650/2156
f 2764/3194/2623 2774/2652/2633 2765/3196/2624
f 2758/3197/2617 2297/2650/2156 2770/2653/2629
f 2766/3198/2625 2774/2652/2633 2775/2656/2634
f 2759/3199/2618 2770/2653/2629 2298/2658/2157
f 2766/3198/2625 2776/2660/2635 2767/3187/2626
f 2759/3199/2618 2771/2661/2630 2760/3183/2619
f 2753/3185/2612 2602/3200/2461 2295/2663/2154
f 2346/3201/2205 2767/3187/2626 2776/2660/2635
f 2761/3188/2620 2771/2661/2630 2299/2668/2158
f 2754/3189/2613 2295/2663/2154 2768/2669/2627
f 2761/3188/2620 2772/2672/2631 2762/3190/2621
f 2754/3189/2613 2769/2673/2628 2755/3191/2614
f 2762/3190/2621 2300/2646/2159 2763/3192/2622
f 2756/3193/2615 2769/2673/2628 2296/2643/2155
f 2296/2643/2155 2769/2673/2628 2303/2644/2162
f 2300/2646/2159 2311/2674/2170 2312/2647/2171
f 2296/2643/2155 2304/2645/2163 2305/2649/2164
f 2773/2648/2632 2312/2647/2171 2313/2651/2172
f 2770/2653/2629 2297/2650/2156 2305/2649/2164
f 2774/2652/2633 2313/2651/2172 2314/2655/2173
f 2770/2653/2629 2306/2654/2165 2307/2657/2166
f 2775/2656/2634 2314/2655/2173 2315/2659/2174
f 2771/2661/2630 2298/2658/2157 2307/2657/2166
f 2771/2661/2630 2308/2662/2167 2309/2667/2168
f 2768/2669/2627 2295/2663/2154 2301/2665/2160
f 2299/2668/2158 2309/2667/2168 2310/2671/2169
f 2769/2673/2628 2768/2669/2627 2302/2670/2161
f 2772/2672/2631 2310/2671/2169 2311/2674/2170
f 2302/2670/2161 2317/2690/2176 2318/2675/2177
f 2310/2671/2169 2325/2691/2184 2326/2676/2185
f 2303/2644/2162 2318/2675/2177 2319/2677/2178
f 2311/2674/2170 2326/2676/2185 2327/2678/2186
f 2305/2649/2164 2304/2645/2163 2319/2677/2178
f 2313/2651/2172 2312/2647/2171 2327/2678/2186
f 2305/2649/2164 2320/2679/2179 2321/2681/2180
f 2314/2655/2173 2313/2651/2172 2328/2680/2187
f 2306/2654/2165 2321/2681/2180 2322/2683/2181
f 2314/2655/2173 2329/2682/2188 2330/2684/2189
f 2308/2662/2167 2307/2657/2166 2322/2683/2181
f 2308/2662/2167 2323/2685/2182 2324/2689/2183
f 2301/2665/2160 2316/2687/2175 2317/2690/2176
f 2310/2671/2169 2309/2667/2168 2324/2689/2183
f 2321/2681/2180 2336/2708/2195 2337/2692/2196
f 2330/2684/2189 2329/2682/2188 2344/2693/2203
f 2322/2683/2181 2337/2692/2196 2338/2695/2197
f 2323/2685/2182 2338/2695/2197 2339/2699/2198
f 2316/2687/2175 2331/2697/2190 2332/2700/2191
f 2324/2689/2183 2339/2699/2198 2340/2701/2199
f 2317/2690/2176 2332/2700/2191 2333/2702/2192
f 2325/2691/2184 2340/2701/2199 2341/2703/2200
f 2318/2675/2177 2333/2702/2192 2334/2704/2193
f 2327/2678/2186 2326/2676/2185 2341/2703/2200
f 2319/2677/2178 2334/2704/2193 2335/2706/2194
f 2328/2680/2187 2327/2678/2186 2342/2705/2201
f 2321/2681/2180 2320/2679/2179 2335/2706/2194
f 2328/2680/2187 2343/2707/2202 2344/2693/2203
f 2340/2701/2199 2356/2724/2215 2357/2709/2216
f 2333/2702/2192 2349/2725/2208 2350/2710/2209
f 2341/2703/2200 2357/2709/2216 2358/2711/2217
f 2334/2704/2193 2350/2710/2209 2351/2712/2210
f 2343/2707/2202 2342/2705/2201 2358/2711/2217
f 2336/2708/2195 2335/2706/2194 2351/2712/2210
f 2343/2707/2202 2359/2713/2218 2360/2715/2219
f 2336/2708/2195 2352/2714/2211 2353/2716/2212
f 2345/2694/2204 2344/2693/2203 2360/2715/2219
f 2337/2692/2196 2353/2716/2212 2354/2718/2213
f 2338/2695/2197 2354/2718/2213 2355/2722/2214
f 2331/2697/2190 2347/2720/2206 2348/2723/2207
f 2339/2699/2198 2355/2722/2214 2356/2724/2215
f 2333/2702/2192 2332/2700/2191 2348/2723/2207
f 2361/2717/2220 2360/2715/2219 2375/2726/2234
f 2354/2718/2213 2353/2716/2212 2368/2728/2227
f 2354/2718/2213 2369/2729/2228 2370/2733/2229
f 2347/2720/2206 2362/2731/2221 2363/2734/2222
f 2355/2722/2214 2370/2733/2229 2371/2735/2230
f 2348/2723/2207 2363/2734/2222 2364/2736/2223
f 2356/2724/2215 2371/2735/2230 2372/2737/2231
f 2349/2725/2208 2364/2736/2223 2365/2738/2224
f 2357/2709/2216 2372/2737/2231 2373/2739/2232
f 2351/2712/2210 2350/2710/2209 2365/2738/2224
f 2359/2713/2218 2358/2711/2217 2373/2739/2232
f 2352/2714/2211 2351/2712/2210 2366/2740/2225
f 2359/2713/2218 2374/2741/2233 2375/2726/2234
f 2352/2714/2211 2367/2742/2226 2368/2728/2227
f 2364/2736/2223 2379/2758/2238 2380/2743/2239
f 2372/2737/2231 2387/2759/2246 2388/2744/2247
f 2366/2740/2225 2365/2738/2224 2380/2743/2239
f 2374/2741/2233 2373/2739/2232 2388/2744/2247
f 2367/2742/2226 2366/2740/2225 2381/2745/2240
f 2375/2726/2234 2374/2741/2233 2389/2746/2248
f 2367/2742/2226 2382/2747/2241 2383/2749/2242
f 2376/2727/2235 2375/2726/2234 2390/2748/2249
f 2368/2728/2227 2383/2749/2242 2384/2751/2243
f 2369/2729/2228 2384/2751/2243 2385/2755/2244
f 2363/2734/2222 2362/2731/2221 2377/2753/2236
f 2371/2735/2230 2370/2733/2229 2385/2755/2244
f 2363/2734/2222 2378/2756/2237 2379/2758/2238
f 2371/2735/2230 2386/2757/2245 2387/2759/2246
f 2383/2749/2242 2398/2776/2257 2399/2760/2258
f 2385/2755/2244 2384/2751/2243 2399/2760/2258
f 2377/2753/2236 2392/2762/2251 2393/2766/2252
f 2385/2755/2244 2400/2765/2259 2401/2767/2260
f 2378/2756/2237 2393/2766/2252 2394/2768/2253
f 2386/2757/2245 2401/2767/2260 2402/2769/2261
f 2379/2758/2238 2394/2768/2253 2395/2770/2254
f 2387/2759/2246 2402/2769/2261 2403/2771/2262
f 2380/2743/2239 2395/2770/2254 2396/2772/2255
f 2388/2744/2247 2403/2771/2262 2404/2773/2263
f 2382/2747/2241 2381/2745/2240 2396/2772/2255
f 2389/2746/2248 2404/2773/2263 2405/2775/2264
f 2382/2747/2241 2397/2774/2256 2398/2776/2257
f 2390/2748/2249 2405/2775/2264 2406/2764/2265
f 2402/2769/2261 2417/2792/2276 2418/2777/2277
f 2395/2770/2254 2410/2793/2269 2411/2778/2270
f 2404/2773/2263 2403/2771/2262 2418/2777/2277
f 2396/2772/2255 2411/2778/2270 2412/2780/2271
f 2405/2775/2264 2404/2773/2263 2419/2779/2278
f 2398/2776/2257 2397/2774/2256 2412/2780/2271
f 2405/2775/2264 2420/2781/2279 2421/2783/2280
f 2399/2760/2258 2398/2776/2257 2413/2782/2272
f 2399/2760/2258 2414/2784/2273 2415/2788/2274
f 2393/2766/2252 2392/2762/2251 2407/2786/2266
f 2400/2765/2259 2415/2788/2274 2416/2790/2275
f 2393/2766/2252 2408/2789/2267 2409/2791/2268
f 2401/2767/2260 2416/2790/2275 2417/2792/2276
f 2394/2768/2253 2409/2791/2268 2410/2793/2269
f 2414/2784/2273 2429/2808/2288 2430/2796/2289
f 2407/2786/2266 2422/2810/2281 2423/2797/2282
f 2415/2788/2274 2430/2796/2289 2431/2798/2290
f 2408/2789/2267 2423/2797/2282 2424/2799/2283
f 2416/2790/2275 2431/2798/2290 2432/2800/2291
f 2409/2791/2268 2424/2799/2283 2425/2801/2284
f 2418/2777/2277 2417/2792/2276 2432/2800/2291
f 2410/2793/2269 2425/2801/2284 2426/2803/2285
f 2418/2777/2277 2433/2802/2292 2434/2804/2293
f 2412/2780/2271 2411/2778/2270 2426/2803/2285
f 2420/2781/2279 2419/2779/2278 2434/2804/2293
f 2413/2782/2272 2412/2780/2271 2427/2805/2286
f 2421/2783/2280 2420/2781/2279 2435/2806/2294
f 2413/2782/2272 2428/2807/2287 2429/2808/2288
f 2434/2804/2293 2433/2802/2292 2448/2811/2307
f 2426/2803/2285 2441/2827/2300 2442/2813/2301
f 2434/2804/2293 2449/2812/2308 2450/2814/2309
f 2427/2805/2286 2442/2813/2301 2443/2815/2302
f 2436/2795/2295 2435/2806/2294 2450/2814/2309
f 2429/2808/2288 2428/2807/2287 2443/2815/2302
f 2429/2808/2288 2444/2817/2303 2445/2821/2304
f 2422/2810/2281 2437/2819/2296 2438/2822/2297
f 2430/2796/2289 2445/2821/2304 2446/2823/2305
f 2423/2797/2282 2438/2822/2297 2439/2824/2298
f 2431/2798/2290 2446/2823/2305 2447/2825/2306
f 2424/2799/2283 2439/2824/2298 2440/2826/2299
f 2432/2800/2291 2447/2825/2306 2448/2811/2307
f 2425/2801/2284 2440/2826/2299 2441/2827/2300
f 2437/2819/2296 2452/2842/2311 2453/2828/2312
f 2445/2821/2304 2460/2844/2319 2461/2829/2320
f 2438/2822/2297 2453/2828/2312 2454/2830/2313
f 2446/2823/2305 2461/2829/2320 2462/2831/2321
f 2439/2824/2298 2454/2830/2313 2455/2832/2314
f 2448/2811/2307 2447/2825/2306 2462/2831/2321
f 2440/2826/2299 2455/2832/2314 2456/2834/2315
f 2448/2811/2307 2463/2833/2322 2464/2835/2323
f 2442/2813/2301 2441/2827/2300 2456/2834/2315
f 2449/2812/2308 2464/2835/2323 2465/2837/2324
f 2442/2813/2301 2457/2836/2316 2458/2838/2317
f 2450/2814/2309 2465/2837/2324 2466/2839/2325
f 2443/2815/2302 2458/2838/2317 2459/2840/2318
f 2445/2821/2304 2444/2817/2303 2459/2840/2318
f 2457/2836/2316 2456/2834/2315 2471/2845/2330
f 2465/2837/2324 2464/2835/2323 2479/2847/2338
f 2457/2836/2316 2472/2846/2331 2473/2849/2332
f 2465/2837/2324 2480/2848/2339 2481/2850/2340
f 2458/2838/2317 2473/2849/2332 2474/2851/2333
f 2460/2844/2319 2459/2840/2318 2474/2851/2333
f 2452/2842/2311 2467/2853/2326 2468/2856/2327
f 2460/2844/2319 2475/2855/2334 2476/2857/2335
f 2453/2828/2312 2468/2856/2327 2469/2858/2328
f 2461/2829/2320 2476/2857/2335 2477/2859/2336
f 2454/2830/2313 2469/2858/2328 2470/2860/2329
f 2463/2833/2322 2462/2831/2321 2477/2859/2336
f 2455/2832/2314 2470/2860/2329 2471/2845/2330
f 2464/2835/2323 2463/2833/2322 2478/2861/2337
f 2476/2857/2335 2475/2855/2334 2490/2862/2349
f 2468/2856/2327 2483/2878/2342 2484/2864/2343
f 2476/2857/2335 2491/2863/2350 2492/2865/2351
f 2469/2858/2328 2484/2864/2343 2485/2866/2344
f 2478/2861/2337 2477/2859/2336 2492/2865/2351
f 2470/2860/2329 2485/2866/2344 2486/2868/2345
f 2479/2847/2338 2478/2861/2337 2493/2867/2352
f 2472/2846/2331 2471/2845/2330 2486/2868/2345
f 2480/2848/2339 2479/2847/2338 2494/2869/2353
f 2472/2846/2331 2487/2870/2346 2488/2872/2347
f 2480/2848/2339 2495/2871/2354 2496/2873/2355
f 2473/2849/2332 2488/2872/2347 2489/2874/2348
f 2474/2851/2333 2489/2874/2348 2490/2862/2349
f 2467/2853/2326 2482/2876/2341 2483/2878/2342
f 2495/2871/2354 2494/2869/2353 2509/2879/2368
f 2487/2870/2346 2502/2895/2361 2503/2881/2362
f 2496/2873/2355 2495/2871/2354 2510/2880/2369
f 2488/2872/2347 2503/2881/2362 2504/2883/2363
f 2490/2862/2349 2489/2874/2348 2504/2883/2363
f 2482/2876/2341 2497/2885/2356 2498/2888/2357
f 2491/2863/2350 2490/2862/2349 2505/2887/2364
f 2483/2878/2342 2498/2888/2357 2499/2890/2358
f 2491/2863/2350 2506/2889/2365 2507/2891/2366
f 2484/2864/2343 2499/2890/2358 2500/2892/2359
f 2492/2865/2351 2507/2891/2366 2508/2893/2367
f 2485/2866/2344 2500/2892/2359 2501/2894/2360
f 2493/2867/2352 2508/2893/2367 2509/2879/2368
f 2487/2870/2346 2486/2868/2345 2501/2894/2360
f 2498/2888/2357 2513/2911/2372 2514/2896/2373
f 2506/2889/2365 2521/2912/2380 2522/2897/2381
f 2499/2890/2358 2514/2896/2373 2515/2898/2374
f 2508/2893/2367 2507/2891/2366 2522/2897/2381
f 2500/2892/2359 2515/2898/2374 2516/2900/2375
f 2509/2879/2368 2508/2893/2367 2523/2899/2382
f 2502/2895/2361 2501/2894/2360 2516/2900/2375
f 2510/2880/2369 2509/2879/2368 2524/2901/2383
f 2502/2895/2361 2517/2902/2376 2518/2904/2377
f 2510/2880/2369 2525/2903/2384 2526/2905/2385
f 2503/2881/2362 2518/2904/2377 2519/2906/2378
f 2505/2887/2364 2504/2883/2363 2519/2906/2378
f 2497/2885/2356 2512/2908/2371 2513/2911/2372
f 2506/2889/2365 2505/2887/2364 2520/2910/2379
f 2517/2902/2376 2532/2928/2391 2533/2913/2392
f 2525/2903/2384 2540/2929/2399 2541/2914/2400
f 2518/2904/2377 2533/2913/2392 2534/2915/2393
f 2520/2910/2379 2519/2906/2378 2534/2915/2393
f 2513/2911/2372 2512/2908/2371 2527/2917/2386
f 2521/2912/2380 2520/2910/2379 2535/2919/2394
f 2513/2911/2372 2528/2920/2387 2529/2922/2388
f 2521/2912/2380 2536/2921/2395 2537/2923/2396
f 2514/2896/2373 2529/2922/2388 2530/2924/2389
f 2523/2899/2382 2522/2897/2381 2537/2923/2396
f 2515/2898/2374 2530/2924/2389 2531/2926/2390
f 2523/2899/2382 2538/2925/2397 2539/2927/2398
f 2517/2902/2376 2516/2900/2375 2531/2926/2390
f 2525/2903/2384 2524/2901/2383 2539/2927/2398
f 2536/2921/2395 2551/2945/2410 2552/2930/2411
f 2529/2922/2388 2544/2946/2403 2545/2931/2404
f 2538/2925/2397 2537/2923/2396 2552/2930/2411
f 2530/2924/2389 2545/2931/2404 2546/2933/2405
f 2539/2927/2398 2538/2925/2397 2553/2932/2412
f 2532/2928/2391 2531/2926/2390 2546/2933/2405
f 2539/2927/2398 2554/2934/2413 2555/2936/2414
f 2532/2928/2391 2547/2935/2406 2548/2937/2407
f 2541/2914/2400 2540/2929/2399 2555/2936/2414
f 2533/2913/2392 2548/2937/2407 2549/2939/2408
f 2535/2919/2394 2534/2915/2393 2549/2939/2408
f 2527/2917/2386 2542/2941/2401 2543/2944/2402
f 2536/2921/2395 2535/2919/2394 2550/2943/2409
f 2528/2920/2387 2543/2944/2402 2544/2946/2403
f 2555/2936/2414 2570/2962/2429 2571/2947/2430
f 2548/2937/2407 2563/2963/2422 2564/2948/2423
f 2550/2943/2409 2549/2939/2408 2564/2948/2423
f 2542/2941/2401 2557/2950/2416 2558/2953/2417
f 2551/2945/2410 2550/2943/2409 2565/2952/2424
f 2543/2944/2402 2558/2953/2417 2559/2955/2418
f 2551/2945/2410 2566/2954/2425 2567/2956/2426
f 2544/2946/2403 2559/2955/2418 2560/2957/2419
f 2552/2930/2411 2567/2956/2426 2568/2958/2427
f 2545/2931/2404 2560/2957/2419 2561/2959/2420
f 2554/2934/2413 2553/2932/2412 2568/2958/2427
f 2547/2935/2406 2546/2933/2405 2561/2959/2420
f 2555/2936/2414 2554/2934/2413 2569/2960/2428
f 2547/2935/2406 2562/2961/2421 2563/2963/2422
f 2567/2956/2426 2582/2979/2441 2583/2964/2442
f 2560/2957/2419 2575/2980/2434 2576/2965/2435
f 2568/2958/2427 2583/2964/2442 2584/2966/2443
f 2562/2961/2421 2561/2959/2420 2576/2965/2435
f 2569/2960/2428 2584/2966/2443 2585/2968/2444
f 2562/2961/2421 2577/2967/2436 2578/2969/2437
f 2570/2962/2429 2585/2968/2444 2586/2970/2445
f 2563/2963/2422 2578/2969/2437 2579/2971/2438
f 2565/2952/2424 2564/2948/2423 2579/2971/2438
f 2557/2950/2416 2572/2973/2431 2573/2976/2432
f 2566/2954/2425 2565/2952/2424 2580/2975/2439
f 2558/2953/2417 2573/2976/2432 2574/2978/2433
f 2566/2954/2425 2581/2977/2440 2582/2979/2441
f 2559/2955/2418 2574/2978/2433 2575/2980/2434
f 2580/2975/2439 2579/2971/2438 2594/2985/2453
f 2572/2973/2431 2587/2982/2446 2588/2987/2447
f 2581/2977/2440 2580/2975/2439 2595/2986/2454
f 2573/2976/2432 2588/2987/2447 2589/2989/2448
f 2581/2977/2440 2596/2988/2455 2597/2990/2456
f 2574/2978/2433 2589/2989/2448 2590/2991/2449
f 2582/2979/2441 2597/2990/2456 2598/2992/2457
f 2575/2980/2434 2590/2991/2449 2591/2993/2450
f 2583/2964/2442 2598/2992/2457 2599/2994/2458
f 2577/2967/2436 2576/2965/2435 2591/2993/2450
f 2585/2968/2444 2584/2966/2443 2599/2994/2458
f 2577/2967/2436 2592/2995/2451 2593/2997/2452
f 2585/2968/2444 2600/2996/2459 2601/2984/2460
f 2578/2969/2437 2593/2997/2452 2594/2985/2453
f 2590/2991/2449 2606/3013/2465 2607/2998/2466
f 2598/2992/2457 2614/3014/2473 2615/2999/2474
f 2592/2995/2451 2591/2993/2450 2607/2998/2466
f 2600/2996/2459 2599/2994/2458 2615/2999/2474
f 2592/2995/2451 2608/3000/2467 2609/3002/2468
f 2601/2984/2460 2600/2996/2459 2616/3001/2475
f 2593/2997/2452 2609/3002/2468 2610/3004/2469
f 2595/2986/2454 2594/2985/2453 2610/3004/2469
f 2587/2982/2446 2603/3006/2462 2604/3009/2463
f 2596/2988/2455 2595/2986/2454 2611/3008/2470
f 2588/2987/2447 2604/3009/2463 2605/3011/2464
f 2596/2988/2455 2612/3010/2471 2613/3012/2472
f 2590/2991/2449 2589/2989/2448 2605/3011/2464
f 2598/2992/2457 2597/2990/2456 2613/3012/2472
f 2611/3008/2470 2610/3004/2469 2625/3015/2484
f 2603/3006/2462 2618/3030/2477 2619/3017/2478
f 2611/3008/2470 2626/3016/2485 2627/3018/2486
f 2604/3009/2463 2619/3017/2478 2620/3019/2479
f 2612/3010/2471 2627/3018/2486 2628/3020/2487
f 2605/3011/2464 2620/3019/2479 2621/3021/2480
f 2614/3014/2473 2613/3012/2472 2628/3020/2487
f 2607/2998/2466 2606/3013/2465 2621/3021/2480
f 2614/3014/2473 2629/3022/2488 2630/3024/2489
f 2608/3000/2467 2607/2998/2466 2622/3023/2481
f 2615/2999/2474 2630/3024/2489 2631/3026/2490
f 2608/3000/2467 2623/3025/2482 2624/3027/2483
f 2616/3001/2475 2631/3026/2490 2632/3028/2491
f 2609/3002/2468 2624/3027/2483 2625/3015/2484
f 2630/3024/2489 2629/3022/2488 2644/3032/2503
f 2623/3025/2482 2622/3023/2481 2637/3034/2496
f 2631/3026/2490 2630/3024/2489 2645/3033/2504
f 2623/3025/2482 2638/3035/2497 2639/3037/2498
f 2631/3026/2490 2646/3036/2505 2647/3038/2506
f 2624/3027/2483 2639/3037/2498 2640/3039/2499
f 2626/3016/2485 2625/3015/2484 2640/3039/2499
f 2618/3030/2477 2633/3041/2492 2634/3044/2493
f 2627/3018/2486 2626/3016/2485 2641/3043/2500
f 2619/3017/2478 2634/3044/2493 2635/3046/2494
f 2627/3018/2486 2642/3045/2501 2643/3047/2502
f 2620/3019/2479 2635/3046/2494 2636/3048/2495
f 2628/3020/2487 2643/3047/2502 2644/3032/2503
f 2621/3021/2480 2636/3048/2495 2637/3034/2496
f 2634/3044/2493 2633/3041/2492 2648/3049/2507
f 2641/3043/2500 2656/3065/2515 2657/3051/2516
f 2634/3044/2493 2649/3050/2508 2650/3052/2509
f 2642/3045/2501 2657/3051/2516 2658/3053/2517
f 2635/3046/2494 2650/3052/2509 2651/3054/2510
f 2643/3047/2502 2658/3053/2517 2659/3055/2518
f 2636/3048/2495 2651/3054/2510 2652/3056/2511
f 2644/3032/2503 2659/3055/2518 2660/3057/2519
f 2638/3035/2497 2637/3034/2496 2652/3056/2511
f 2646/3036/2505 2645/3033/2504 2660/3057/2519
f 2638/3035/2497 2653/3058/2512 2654/3060/2513
f 2646/3036/2505 2661/3059/2520 2662/3061/2521
f 2639/3037/2498 2654/3060/2513 2655/3062/2514
f 2641/3043/2500 2640/3039/2499 2655/3062/2514
f 2653/3066/2512 2652/3096/2511 2667/3067/2526
f 2661/3069/2520 2660/3097/2519 2675/3070/2534
f 2653/3066/2512 2668/3068/2527 2669/3072/2528
f 2661/3069/2520 2676/3071/2535 2677/3074/2536
f 2654/3073/2513 2669/3072/2528 2670/3076/2529
f 2656/3082/2515 2655/3077/2514 2670/3076/2529
f 2648/3078/2507 2663/3080/2522 2664/3084/2523
f 2656/3082/2515 2671/3083/2530 2672/3086/2531
f 2649/3085/2508 2664/3084/2523 2665/3088/2524
f 2657/3087/2516 2672/3086/2531 2673/3090/2532
f 2650/3089/2509 2665/3088/2524 2666/3092/2525
f 2659/3094/2518 2658/3091/2517 2673/3090/2532
f 2651/3093/2510 2666/3092/2525 2667/3067/2526
f 2659/3094/2518 2674/3095/2533 2675/3070/2534
f 2671/3083/2530 2686/3113/2545 2687/3098/2546
f 2664/3084/2523 2679/3114/2538 2680/3099/2539
f 2672/3086/2531 2687/3098/2546 2688/3100/2547
f 2666/3092/2525 2665/3088/2524 2680/3099/2539
f 2673/3090/2532 2688/3100/2547 2689/3102/2548
f 2666/3092/2525 2681/3101/2540 2682/3103/2541
f 2674/3095/2533 2689/3102/2548 2690/3104/2549
f 2668/3068/2527 2667/3067/2526 2682/3103/2541
f 2676/3071/2535 2675/3070/2534 2690/3104/2549
f 2668/3068/2527 2683/3105/2542 2684/3107/2543
f 2676/3071/2535 2691/3106/2550 2692/3108/2551
f 2669/3072/2528 2684/3107/2543 2685/3109/2544
f 2671/3083/2530 2670/3076/2529 2685/3109/2544
f 2663/3080/2522 2678/3111/2537 2679/3114/2538
f 2690/3104/2549 2705/3130/2564 2706/3115/2565
f 2683/3105/2542 2698/3131/2557 2699/3116/2558
f 2691/3106/2550 2706/3115/2565 2707/3117/2566
f 2684/3107/2543 2699/3116/2558 2700/3118/2559
f 2686/3113/2545 2685/3109/2544 2700/3118/2559
f 2678/3111/2537 2693/3120/2552 2694/3123/2553
f 2686/3113/2545 2701/3122/2560 2702/3124/2561
f 2679/3114/2538 2694/3123/2553 2695/3125/2554
f 2687/3098/2546 2702/3124/2561 2703/3126/2562
f 2680/3099/2539 2695/3125/2554 2696/3127/2555
f 2689/3102/2548 2688/3100/2547 2703/3126/2562
f 2681/3101/2540 2696/3127/2555 2697/3129/2556
f 2689/3102/2548 2704/3128/2563 2705/3130/2564
f 2683/3105/2542 2682/3103/2541 2697/3129/2556
f 2702/3124/2561 2717/3147/2576 2718/3132/2577
f 2695/3125/2554 2710/3148/2569 2711/3133/2570
f 2703/3126/2562 2718/3132/2577 2719/3134/2578
f 2696/3127/2555 2711/3133/2570 2712/3135/2571
f 2704/3128/2563 2719/3134/2578 2720/3136/2579
f 2698/3131/2557 2697/3129/2556 2712/3135/2571
f 2706/3115/2565 2705/3130/2564 2720/3136/2579
f 2698/3131/2557 2713/3137/2572 2714/3139/2573
f 2706/3115/2565 2721/3138/2580 2722/3140/2581
f 2699/3116/2558 2714/3139/2573 2715/3141/2574
f 2701/3122/2560 2700/3118/2559 2715/3141/2574
f 2693/3120/2552 2708/3143/2567 2709/3146/2568
f 2702/3124/2561 2701/3122/2560 2716/3145/2575
f 2694/3123/2553 2709/3146/2568 2710/3148/2569
f 2721/3138/2580 2736/3164/2595 2737/3149/2596
f 2714/3139/2573 2729/3165/2588 2730/3150/2589
f 2716/3145/2575 2715/3141/2574 2730/3150/2589
f 2708/3143/2567 2723/3152/2582 2724/3155/2583
f 2716/3145/2575 2731/3154/2590 2732/3156/2591
f 2709/3146/2568 2724/3155/2583 2725/3157/2584
f 2717/3147/2576 2732/3156/2591 2733/3158/2592
f 2711/3133/2570 2710/3148/2569 2725/3157/2584
f 2719/3134/2578 2718/3132/2577 2733/3158/2592
f 2711/3133/2570 2726/3159/2585 2727/3161/2586
f 2719/3134/2578 2734/3160/2593 2735/3162/2594
f 2713/3137/2572 2712/3135/2571 2727/3161/2586
f 2721/3138/2580 2720/3136/2579 2735/3162/2594
f 2713/3137/2572 2728/3163/2587 2729/3165/2588
f 2726/3159/2585 2725/3157/2584 2740/3166/2599
f 2733/3158/2592 2748/3182/2607 2749/3168/2608
f 2726/3159/2585 2741/3167/2600 2742/3169/2601
f 2734/3160/2593 2749/3168/2608 2750/3170/2609
f 2728/3163/2587 2727/3161/2586 2742/3169/2601
f 2736/3164/2595 2735/3162/2594 2750/3170/2609
f 2728/3163/2587 2743/3171/2602 2744/3173/2603
f 2736/3164/2595 2751/3172/2610 2752/3174/2611
f 2729/3165/2588 2744/3173/2603 2745/3175/2604
f 2731/3154/2590 2730/3150/2589 2745/3175/2604
f 2723/3152/2582 2738/3177/2597 2739/3180/2598
f 2731/3154/2590 2746/3179/2605 2747/3181/2606
f 2724/3155/2583 2739/3180/2598 2740/3166/2599
f 2732/3156/2591 2747/3181/2606 2748/3182/2607
f 2744/3173/2603 2759/3199/2618 2760/3183/2619
f 2746/3179/2605 2745/3175/2604 2760/3183/2619
f 2739/3180/2598 2738/3177/2597 2753/3185/2612
f 2746/3179/2605 2761/3188/2620 2762/3190/2621
f 2739/3180/2598 2754/3189/2613 2755/3191/2614
f 2747/3181/2606 2762/3190/2621 2763/3192/2622
f 2741/3167/2600 2740/3166/2599 2755/3191/2614
f 2748/3182/2607 2763/3192/2622 2764/3194/2623
f 2741/3167/2600 2756/3193/2615 2757/3195/2616
f 2749/3168/2608 2764/3194/2623 2765/3196/2624
f 2743/3171/2602 2742/3169/2601 2757/3195/2616
f 2751/3172/2610 2750/3170/2609 2765/3196/2624
f 2743/3171/2602 2758/3197/2617 2759/3199/2618
f 2751/3172/2610 2766/3198/2625 2767/3187/2626
f 2763/3192/2622 2300/2646/2159 2773/2648/2632
f 2757/3195/2616 2756/3193/2615 2296/2643/2155
f 2764/3194/2623 2773/2648/2632 2774/2652/2633
f 2758/3197/2617 2757/3195/2616 2297/2650/2156
f 2766/3198/2625 2765/3196/2624 2774/2652/2633
f 2759/3199/2618 2758/3197/2617 2770/2653/2629
f 2766/3198/2625 2775/2656/2634 2776/2660/2635
f 2759/3199/2618 2298/2658/2157 2771/2661/2630
f 2761/3188/2620 2760/3183/2619 2771/2661/2630
f 2754/3189/2613 2753/3185/2612 2295/2663/2154
f 2761/3188/2620 2299/2668/2158 2772/2672/2631
f 2754/3189/2613 2768/2669/2627 2769/2673/2628
f 2762/3190/2621 2772/2672/2631 2300/2646/2159
f 2756/3193/2615 2755/3191/2614 2769/2673/2628
o Cylinder.003
v 0.000000 -0.550000 3.960000
v 0.000000 -0.550000 4.360000
v -0.275000 -0.476314 3.960000
v -0.275000 -0.476314 4.360000
v -0.476314 -0.275000 3.960000
v -0.476314 -0.275000 4.360000
v -0.550000 0.000000 3.960000
v -0.550000 0.000000 4.360000
v -0.476314 0.275000 3.960000
v -0.476314 0.275000 4.360000
v -0.275000 0.476314 3.960000
v -0.275000 0.476314 4.360000
v 0.000000 0.550000 3.960000
v 0.000000 0.550000 4.360000
v 0.275000 0.476314 3.960000
v 0.275000 0.476314 4.360000
v 0.476314 0.275000 3.960000
v 0.476314 0.275000 4.360000
v 0.550000 0.000000 3.960000
v 0.550000 0.000000 4.360000
v 0.476314 -0.275000 3.960000
v 0.476314 -0.275000 4.360000
v 0.275000 -0.476314 3.960000
v 0.275000 -0.476314 4.360000
vn -0.0000 -0.7572 -0.6532
vn -0.0000 -0.7572 0.6532
vn -0.3786 -0.6557 -0.6532
vn -0.3786 -0.6557 0.6532
vn -0.6557 -0.3786 -0.6532
vn -0.6557 -0.3786 0.6532
vn -0.7572 -0.0000 -0.6532
vn -0.7572 -0.0000 0.6532
vn -0.6557 0.3786 -0.6532
vn -0.6557 0.3786 0.6532
vn -0.3786 0.6557 -0.6532
vn -0.3786 0.6557 0.6532
vn -0.0000 0.7572 -0.6532
vn -0.0000 0.7572 0.6532
vn 0.3786 0.6557 -0.6532
vn 0.3786 0.6557 0.6532
vn 0.6557 0.3786 -0.6532
vn 0.6557 0.3786 0.6532
vn 0.7572 -0.0000 -0.6532
vn 0.7572 -0.0000 0.6532
vn 0.6557 -0.3786 -0.6532
vn 0.6557 -0.3786 0.6532
vn 0.3786 -0.6557 -0.6532
vn 0.3786 -0.6557 0.6532
vt 1.000000 1.000000
vt 0.916667 0.500000
vt 1.000000 0.500000
vt 0.916667 1.000000
vt 0.833333 0.500000
vt 0.833333 1.000000
vt 0.750000 0.500000
vt 0.750000 1.000000
vt 0.666667 0.500000
vt 0.666667 1.000000
vt 0.583333 0.500000
vt 0.583333 1.000000
vt 0.500000 0.500000
vt 0.500000 1.000000
vt 0.416667 0.500000
vt 0.416667 1.000000
vt 0.333333 0.500000
vt 0.333333 1.000000
vt 0.250000 0.500000
vt 0.250000 1.000000
vt 0.166667 0.500000
vt 0.042154 0.370000
vt 0.250000 0.010000
vt 0.457846 0.370000
vt 0.166667 1.000000
vt 0.083333 0.500000
vt 0.083333 1.000000
vt 0.000000 0.500000
vt 0.990000 0.250000
vt 0.630000 0.042154
vt 0.630000 0.457846
vt 0.370000 0.457846
vt 0.250000 0.490000
vt 0.130000 0.457846
vt 0.010000 0.250000
vt 0.042154 0.130000
vt 0.130000 0.042154
vt 0.370000 0.042154
vt 0.457846 0.130000
vt 0.490000 0.250000
vt 0.000000 1.000000
vt 0.750000 0.490000
vt 0.870000 0.457846
vt 0.957846 0.370000
vt 0.957846 0.130000
vt 0.870000 0.042154
vt 0.750000 0.010000
vt 0.542154 0.130000
vt 0.510000 0.250000
vt 0.542154 0.370000
s 1
g Cylinder.003_M_CoralMusgo.004
usemtl M_CoralMusgo.004
f 2778/3202/2637 2779/3203/2638 2777/3204/2636
f 2780/3205/2639 2781/3206/2640 2779/3203/2638
f 2782/3207/2641 2783/3208/2642 2781/3206/2640
f 2784/3209/2643 2785/3210/2644 2783/3208/2642
f 2786/3211/2645 2787/3212/2646 2785/3210/2644
f 2788/3213/2647 2789/3214/2648 2787/3212/2646
f 2790/3215/2649 2791/3216/2650 2789/3214/2648
f 2792/3217/2651 2793/3218/2652 2791/3216/2650
f 2794/3219/2653 2795/3220/2654 2793/3218/2652
f 2796/3221/2655 2797/3222/2656 2795/3220/2654
f 2798/3223/2657 2790/3224/2649 2782/3225/2641
f 2798/3226/2657 2799/3227/2658 2797/3222/2656
f 2800/3228/2659 2777/3229/2636 2799/3227/2658
f 2783/3230/2642 2791/3231/2650 2799/3232/2658
f 2778/3202/2637 2780/3205/2639 2779/3203/2638
f 2780/3205/2639 2782/3207/2641 2781/3206/2640
f 2782/3207/2641 2784/3209/2643 2783/3208/2642
f 2784/3209/2643 2786/3211/2645 2785/3210/2644
f 2786/3211/2645 2788/3213/2647 2787/3212/2646
f 2788/3213/2647 2790/3215/2649 2789/3214/2648
f 2790/3215/2649 2792/3217/2651 2791/3216/2650
f 2792/3217/2651 2794/3219/2653 2793/3218/2652
f 2794/3219/2653 2796/3221/2655 2795/3220/2654
f 2796/3221/2655 2798/3226/2657 2797/3222/2656
f 2782/3225/2641 2780/3233/2639 2778/3234/2637
f 2778/3234/2637 2800/3235/2659 2798/3223/2657
f 2798/3223/2657 2796/3236/2655 2794/3237/2653
f 2794/3237/2653 2792/3238/2651 2790/3224/2649
f 2790/3224/2649 2788/3239/2647 2786/3240/2645
f 2786/3240/2645 2784/3241/2643 2782/3225/2641
f 2782/3225/2641 2778/3234/2637 2798/3223/2657
f 2798/3223/2657 2794/3237/2653 2790/3224/2649
f 2790/3224/2649 2786/3240/2645 2782/3225/2641
f 2798/3226/2657 2800/3228/2659 2799/3227/2658
f 2800/3228/2659 2778/3242/2637 2777/3229/2636
f 2799/3232/2658 2777/3243/2636 2779/3244/2638
f 2779/3244/2638 2781/3245/2640 2783/3230/2642
f 2783/3230/2642 2785/3246/2644 2787/3247/2646
f 2787/3247/2646 2789/3248/2648 2791/3231/2650
f 2791/3231/2650 2793/3249/2652 2795/3250/2654
f 2795/3250/2654 2797/3251/2656 2799/3232/2658
f 2799/3232/2658 2779/3244/2638 2783/3230/2642
f 2783/3230/2642 2787/3247/2646 2791/3231/2650
f 2791/3231/2650 2795/3250/2654 2799/3232/2658
o Cone
v 0.363663 -0.105954 4.230000
v 0.300073 -0.004188 4.230000
v 0.356410 0.101766 4.230000
v 0.476337 0.105954 4.230000
v 0.539927 0.004188 4.230000
v 0.483590 -0.101766 4.230000
v 0.420000 0.000000 4.810000
vn -0.3974 -0.7473 -0.5325
vn -0.8459 -0.0295 -0.5325
vn -0.4485 0.7178 -0.5325
vn 0.3974 0.7473 -0.5325
vn 0.8459 0.0295 -0.5325
vn 0.4485 -0.7178 -0.5325
vn -0.0000 -0.0000 1.0000
vt 0.250000 0.490000
vt 0.250000 0.250000
vt 0.457846 0.370000
vt 0.457846 0.130000
vt 0.250000 0.010000
vt 0.042154 0.130000
vt 0.957846 0.370000
vt 0.750000 0.010000
vt 0.542154 0.370000
vt 0.042154 0.370000
vt 0.750000 0.490000
vt 0.957846 0.130000
vt 0.542154 0.130000
s 1
g Cone_M_CoralPed.005
usemtl M_CoralPed.005
f 2801/3252/2660 2807/3253/2666 2802/3254/2661
f 2802/3254/2661 2807/3253/2666 2803/3255/2662
f 2803/3255/2662 2807/3253/2666 2804/3256/2663
f 2804/3256/2663 2807/3253/2666 2805/3257/2664
f 2802/3258/2661 2804/3259/2663 2806/3260/2665
f 2805/3257/2664 2807/3253/2666 2806/3261/2665
f 2806/3261/2665 2807/3253/2666 2801/3252/2660
f 2806/3260/2665 2801/3262/2660 2802/3258/2661
f 2802/3258/2661 2803/3263/2662 2804/3259/2663
f 2804/3259/2663 2805/3264/2664 2806/3260/2665
o Cone.001
v 0.572719 -0.036940 4.520000
v 0.583060 0.047281 4.520000
v 0.667281 0.036940 4.520000
v 0.656940 -0.047281 4.520000
v 0.620000 0.000000 4.840000
vn -0.6785 -0.5301 -0.5085
vn -0.5301 0.6785 -0.5085
vn 0.6785 0.5301 -0.5085
vn 0.5301 -0.6785 -0.5085
vn -0.0000 -0.0000 1.0000
vt 0.250000 0.490000
vt 0.250000 0.250000
vt 0.490000 0.250000
vt 0.250000 0.010000
vt 0.990000 0.250000
vt 0.510000 0.250000
vt 0.750000 0.490000
vt 0.010000 0.250000
vt 0.750000 0.010000
s 1
g Cone.001_M_CoralBio.003
usemtl M_CoralBio.003
f 2808/3265/2667 2812/3266/2671 2809/3267/2668
f 2809/3267/2668 2812/3266/2671 2810/3268/2669
f 2809/3269/2668 2811/3270/2670 2808/3271/2667
f 2810/3268/2669 2812/3266/2671 2811/3272/2670
f 2811/3272/2670 2812/3266/2671 2808/3265/2667
f 2809/3269/2668 2810/3273/2669 2811/3270/2670
o Cone.002
v -0.363663 -0.105954 4.230000
v -0.483590 -0.101766 4.230000
v -0.539927 0.004188 4.230000
v -0.476337 0.105954 4.230000
v -0.356410 0.101766 4.230000
v -0.300073 -0.004188 4.230000
v -0.420000 0.000000 4.810000
vn 0.3974 -0.7473 -0.5325
vn -0.4485 -0.7178 -0.5325
vn -0.8459 0.0295 -0.5325
vn -0.3974 0.7473 -0.5325
vn 0.4485 0.7178 -0.5325
vn 0.8459 -0.0295 -0.5325
vn -0.0000 -0.0000 1.0000
vt 0.250000 0.490000
vt 0.250000 0.250000
vt 0.457846 0.370000
vt 0.457846 0.130000
vt 0.250000 0.010000
vt 0.042154 0.130000
vt 0.957846 0.370000
vt 0.750000 0.010000
vt 0.542154 0.370000
vt 0.042154 0.370000
vt 0.750000 0.490000
vt 0.957846 0.130000
vt 0.542154 0.130000
s 1
g Cone.002_M_CoralPed.006
usemtl M_CoralPed.006
f 2813/3274/2672 2819/3275/2678 2814/3276/2673
f 2814/3276/2673 2819/3275/2678 2815/3277/2674
f 2815/3277/2674 2819/3275/2678 2816/3278/2675
f 2816/3278/2675 2819/3275/2678 2817/3279/2676
f 2814/3280/2673 2816/3281/2675 2818/3282/2677
f 2817/3279/2676 2819/3275/2678 2818/3283/2677
f 2818/3283/2677 2819/3275/2678 2813/3274/2672
f 2818/3282/2677 2813/3284/2672 2814/3280/2673
f 2814/3280/2673 2815/3285/2674 2816/3281/2675
f 2816/3281/2675 2817/3286/2676 2818/3282/2677
o Cone.003
v -0.572719 -0.036940 4.520000
v -0.656940 -0.047281 4.520000
v -0.667281 0.036940 4.520000
v -0.583060 0.047281 4.520000
v -0.620000 0.000000 4.840000
vn 0.6785 -0.5301 -0.5085
vn -0.5301 -0.6785 -0.5085
vn -0.6785 0.5301 -0.5085
vn 0.5301 0.6785 -0.5085
vn -0.0000 -0.0000 1.0000
vt 0.250000 0.490000
vt 0.250000 0.250000
vt 0.490000 0.250000
vt 0.250000 0.010000
vt 0.990000 0.250000
vt 0.510000 0.250000
vt 0.750000 0.490000
vt 0.010000 0.250000
vt 0.750000 0.010000
s 1
g Cone.003_M_CoralBio.004
usemtl M_CoralBio.004
f 2820/3287/2679 2824/3288/2683 2821/3289/2680
f 2821/3289/2680 2824/3288/2683 2822/3290/2681
f 2821/3291/2680 2823/3292/2682 2820/3293/2679
f 2822/3290/2681 2824/3288/2683 2823/3294/2682
f 2823/3294/2682 2824/3288/2683 2820/3287/2679
f 2821/3291/2680 2822/3295/2681 2823/3292/2682
o Icosphere
v 0.000000 0.480000 4.120000
v -0.072361 0.532573 4.175278
v 0.027639 0.565065 4.175278
v 0.089443 0.480000 4.175278
v 0.027639 0.394935 4.175278
v -0.072361 0.427427 4.175278
v -0.027639 0.565065 4.264722
v 0.072361 0.532573 4.264722
v 0.072361 0.427427 4.264722
v -0.027639 0.394935 4.264722
v -0.089443 0.480000 4.264721
v 0.000000 0.480000 4.320000
v 0.023282 0.551656 4.154248
v 0.016246 0.529999 4.134934
v 0.007761 0.503885 4.123205
v -0.020318 0.494762 4.123205
v -0.042532 0.510901 4.134934
v -0.060955 0.524286 4.154248
v -0.053194 0.548171 4.169770
v -0.026287 0.560901 4.167426
v 0.002964 0.566418 4.169770
v -0.081273 0.450476 4.169770
v -0.085065 0.480000 4.167426
v -0.081273 0.509524 4.169770
v -0.020318 0.465238 4.123205
v -0.042532 0.449099 4.134934
v -0.060955 0.435714 4.154248
v 0.075344 0.480000 4.154248
v 0.052573 0.480000 4.134934
v 0.025115 0.480000 4.123205
v 0.048397 0.551656 4.169770
v 0.068819 0.530000 4.167426
v 0.083105 0.503885 4.169770
v 0.023282 0.408344 4.154248
v 0.016246 0.430000 4.134934
v 0.007761 0.456115 4.123205
v 0.083105 0.456115 4.169770
v 0.068819 0.430000 4.167426
v 0.048397 0.408344 4.169770
v 0.002964 0.393582 4.169770
v -0.026287 0.399099 4.167426
v -0.053194 0.411829 4.169770
v -0.095663 0.494762 4.245115
v -0.095106 0.510901 4.220000
v -0.086070 0.524286 4.194885
v -0.086070 0.435714 4.194885
v -0.095106 0.449099 4.220000
v -0.095663 0.465238 4.245115
v -0.015522 0.575542 4.245115
v 0.000000 0.580000 4.220000
v 0.015522 0.575542 4.194885
v -0.068716 0.548172 4.194885
v -0.058779 0.560902 4.220000
v -0.043601 0.566419 4.245115
v 0.086070 0.524286 4.245115
v 0.095106 0.510901 4.220000
v 0.095663 0.494762 4.194885
v 0.043601 0.566419 4.194885
v 0.058779 0.560902 4.220000
v 0.068716 0.548172 4.245115
v 0.068716 0.411828 4.245115
v 0.058779 0.399098 4.220000
v 0.043601 0.393581 4.194885
v 0.095663 0.465238 4.194885
v 0.095106 0.449099 4.220000
v 0.086070 0.435714 4.245115
v -0.043601 0.393581 4.245115
v -0.058779 0.399098 4.220000
v -0.068716 0.411828 4.194885
v 0.015522 0.384458 4.194885
v 0.000000 0.380000 4.220000
v -0.015522 0.384458 4.245115
v -0.083105 0.503885 4.270230
v -0.068819 0.530000 4.272573
v -0.048397 0.551656 4.270230
v -0.002964 0.566418 4.270230
v 0.026287 0.560901 4.272573
v 0.053194 0.548171 4.270230
v 0.081273 0.509524 4.270230
v 0.085065 0.480000 4.272573
v 0.081273 0.450476 4.270230
v 0.053194 0.411829 4.270230
v 0.026287 0.399099 4.272573
v -0.002964 0.393582 4.270230
v -0.048397 0.408344 4.270230
v -0.068819 0.430000 4.272573
v -0.083105 0.456115 4.270230
v -0.007761 0.503885 4.316795
v -0.016246 0.529999 4.305065
v -0.023282 0.551656 4.285752
v -0.075344 0.480000 4.285751
v -0.052573 0.480000 4.305065
v -0.025115 0.480000 4.316795
v 0.020318 0.494762 4.316795
v 0.042532 0.510901 4.305065
v 0.060955 0.524286 4.285752
v 0.020318 0.465238 4.316795
v 0.042532 0.449099 4.305065
v 0.060955 0.435714 4.285752
v -0.007761 0.456115 4.316795
v -0.016246 0.430000 4.305065
v -0.023282 0.408344 4.285752
v -0.036180 0.453714 4.309443
v -0.063819 0.453714 4.292361
v -0.044721 0.427427 4.292361
v 0.013820 0.437468 4.309443
v 0.005279 0.411181 4.292361
v 0.036180 0.421222 4.292361
v 0.044721 0.480000 4.309443
v 0.067082 0.463754 4.292361
v 0.067082 0.496246 4.292361
v 0.013820 0.522532 4.309443
v 0.036180 0.538778 4.292361
v 0.005279 0.548818 4.292361
v -0.036180 0.506286 4.309443
v -0.044721 0.532573 4.292361
v -0.063819 0.506286 4.292361
v -0.086180 0.437468 4.247639
v -0.080902 0.421222 4.220000
v -0.067082 0.411181 4.247640
v 0.013820 0.384894 4.247640
v 0.030902 0.384894 4.220000
v 0.044721 0.394935 4.247640
v 0.094721 0.463754 4.247639
v 0.100000 0.480000 4.220000
v 0.094721 0.496246 4.247640
v 0.044722 0.565065 4.247640
v 0.030902 0.575106 4.220000
v 0.013820 0.575105 4.247640
v -0.067082 0.548819 4.247639
v -0.080902 0.538778 4.220000
v -0.086180 0.522532 4.247639
v -0.030902 0.384894 4.220000
v -0.044722 0.394935 4.192360
v -0.013820 0.384894 4.192360
v 0.080902 0.421222 4.220000
v 0.067082 0.411181 4.192360
v 0.086180 0.437468 4.192360
v 0.080902 0.538778 4.220000
v 0.086180 0.522532 4.192360
v 0.067082 0.548819 4.192360
v -0.030902 0.575106 4.220000
v -0.013820 0.575105 4.192360
v -0.044722 0.565065 4.192360
v -0.100000 0.480000 4.220000
v -0.094721 0.496246 4.192360
v -0.094721 0.463754 4.192360
v -0.036180 0.421222 4.147639
v -0.013820 0.437468 4.130557
v -0.005279 0.411181 4.147639
v 0.044721 0.427427 4.147639
v 0.036180 0.453714 4.130557
v 0.063819 0.453714 4.147639
v 0.063819 0.506286 4.147639
v 0.036180 0.506286 4.130557
v 0.044721 0.532573 4.147639
v -0.067082 0.463754 4.147639
v -0.067082 0.496246 4.147639
v -0.044721 0.480000 4.130557
v -0.005279 0.548819 4.147639
v -0.013820 0.522532 4.130557
v -0.036180 0.538778 4.147639
vn -0.0000 -0.0000 -1.0000
vn -0.7236 0.5257 -0.4472
vn 0.2764 0.8506 -0.4472
vn 0.8944 -0.0000 -0.4472
vn 0.2764 -0.8506 -0.4472
vn -0.7236 -0.5257 -0.4472
vn -0.2764 0.8506 0.4472
vn 0.7236 0.5257 0.4472
vn 0.7236 -0.5257 0.4472
vn -0.2764 -0.8506 0.4472
vn -0.8944 -0.0000 0.4472
vn -0.0000 -0.0000 1.0000
vn 0.2308 0.7103 -0.6650
vn 0.1625 0.5000 -0.8507
vn 0.0806 0.2480 -0.9654
vn -0.2110 0.1533 -0.9654
vn -0.4253 0.3090 -0.8507
vn -0.6042 0.4390 -0.6650
vn -0.5237 0.6870 -0.5038
vn -0.2629 0.8090 -0.5257
vn 0.0198 0.8636 -0.5038
vn -0.8152 -0.2857 -0.5038
vn -0.8506 -0.0000 -0.5257
vn -0.8152 0.2857 -0.5038
vn -0.2110 -0.1533 -0.9654
vn -0.4253 -0.3090 -0.8507
vn -0.6042 -0.4390 -0.6650
vn 0.7469 -0.0000 -0.6650
vn 0.5257 -0.0000 -0.8507
vn 0.2608 -0.0000 -0.9654
vn 0.4915 0.7103 -0.5038
vn 0.6882 0.5000 -0.5257
vn 0.8274 0.2480 -0.5038
vn 0.2308 -0.7103 -0.6650
vn 0.1625 -0.5000 -0.8507
vn 0.0806 -0.2480 -0.9654
vn 0.8274 -0.2480 -0.5038
vn 0.6882 -0.5000 -0.5257
vn 0.4915 -0.7103 -0.5038
vn 0.0198 -0.8636 -0.5038
vn -0.2629 -0.8090 -0.5257
vn -0.5237 -0.6870 -0.5038
vn -0.9578 0.1533 0.2431
vn -0.9511 0.3090 -0.0000
vn -0.8650 0.4390 -0.2431
vn -0.8650 -0.4390 -0.2431
vn -0.9511 -0.3090 -0.0000
vn -0.9578 -0.1533 0.2431
vn -0.1502 0.9583 0.2431
vn -0.0000 1.0000 -0.0000
vn 0.1502 0.9583 -0.2431
vn -0.6848 0.6870 -0.2431
vn -0.5878 0.8090 -0.0000
vn -0.4417 0.8636 0.2431
vn 0.8650 0.4390 0.2431
vn 0.9511 0.3090 -0.0000
vn 0.9578 0.1533 -0.2431
vn 0.4417 0.8636 -0.2431
vn 0.5878 0.8090 -0.0000
vn 0.6848 0.6870 0.2431
vn 0.6848 -0.6870 0.2431
vn 0.5878 -0.8090 -0.0000
vn 0.4417 -0.8636 -0.2431
vn 0.9578 -0.1533 -0.2431
vn 0.9511 -0.3090 -0.0000
vn 0.8650 -0.4390 0.2431
vn -0.4417 -0.8636 0.2431
vn -0.5878 -0.8090 -0.0000
vn -0.6848 -0.6870 -0.2431
vn 0.1502 -0.9583 -0.2431
vn -0.0000 -1.0000 -0.0000
vn -0.1502 -0.9583 0.2431
vn -0.8274 0.2480 0.5038
vn -0.6882 0.5000 0.5257
vn -0.4915 0.7103 0.5038
vn -0.0198 0.8636 0.5038
vn 0.2629 0.8090 0.5257
vn 0.5237 0.6870 0.5038
vn 0.8152 0.2857 0.5038
vn 0.8506 -0.0000 0.5257
vn 0.8152 -0.2857 0.5038
vn 0.5237 -0.6870 0.5038
vn 0.2629 -0.8090 0.5257
vn -0.0198 -0.8636 0.5038
vn -0.4915 -0.7103 0.5038
vn -0.6882 -0.5000 0.5257
vn -0.8274 -0.2480 0.5038
vn -0.0806 0.2480 0.9654
vn -0.1625 0.5000 0.8507
vn -0.2308 0.7103 0.6650
vn -0.7469 -0.0000 0.6650
vn -0.5257 -0.0000 0.8507
vn -0.2608 -0.0000 0.9654
vn 0.2110 0.1533 0.9654
vn 0.4253 0.3090 0.8507
vn 0.6042 0.4390 0.6650
vn 0.2110 -0.1533 0.9654
vn 0.4253 -0.3090 0.8507
vn 0.6042 -0.4390 0.6650
vn -0.0806 -0.2480 0.9654
vn -0.1625 -0.5000 0.8507
vn -0.2308 -0.7103 0.6650
vn -0.3682 -0.2675 0.8904
vn -0.6317 -0.2675 0.7275
vn -0.4496 -0.5182 0.7276
vn 0.1406 -0.4329 0.8904
vn 0.0592 -0.6835 0.7276
vn 0.3539 -0.5878 0.7276
vn 0.4551 -0.0000 0.8904
vn 0.6683 -0.1549 0.7275
vn 0.6683 0.1549 0.7275
vn 0.1406 0.4329 0.8904
vn 0.3539 0.5878 0.7276
vn 0.0592 0.6835 0.7276
vn -0.3682 0.2675 0.8904
vn -0.4496 0.5182 0.7276
vn -0.6317 0.2675 0.7275
vn -0.8593 -0.4329 0.2724
vn -0.8090 -0.5878 0.0089
vn -0.6772 -0.6835 0.2724
vn 0.1461 -0.9510 0.2724
vn 0.3090 -0.9510 0.0089
vn 0.4408 -0.8553 0.2724
vn 0.9496 -0.1549 0.2724
vn 1.0000 -0.0000 0.0089
vn 0.9496 0.1549 0.2724
vn 0.4408 0.8553 0.2724
vn 0.3090 0.9510 0.0089
vn 0.1461 0.9510 0.2724
vn -0.6772 0.6835 0.2724
vn -0.8090 0.5878 0.0089
vn -0.8593 0.4329 0.2724
vn -0.3090 -0.9510 -0.0089
vn -0.4408 -0.8553 -0.2724
vn -0.1461 -0.9510 -0.2724
vn 0.8090 -0.5878 -0.0089
vn 0.6772 -0.6835 -0.2724
vn 0.8593 -0.4329 -0.2724
vn 0.8090 0.5878 -0.0089
vn 0.8593 0.4329 -0.2724
vn 0.6772 0.6835 -0.2724
vn -0.3090 0.9510 -0.0089
vn -0.1461 0.9510 -0.2724
vn -0.4408 0.8553 -0.2724
vn -1.0000 -0.0000 -0.0089
vn -0.9496 0.1549 -0.2724
vn -0.9496 -0.1549 -0.2724
vn -0.3539 -0.5878 -0.7276
vn -0.1406 -0.4329 -0.8904
vn -0.0592 -0.6835 -0.7276
vn 0.4496 -0.5182 -0.7276
vn 0.3682 -0.2675 -0.8904
vn 0.6317 -0.2675 -0.7275
vn 0.6317 0.2675 -0.7275
vn 0.3682 0.2675 -0.8904
vn 0.4496 0.5182 -0.7275
vn -0.6683 -0.1549 -0.7275
vn -0.6683 0.1549 -0.7275
vn -0.4551 -0.0000 -0.8904
vn -0.0592 0.6835 -0.7276
vn -0.1406 0.4329 -0.8904
vn -0.3539 0.5878 -0.7276
vt 0.181819 0.000000
vt 0.204546 0.039365
vt 0.159092 0.039365
vt 0.272728 0.157461
vt 0.295455 0.118096
vt 0.318182 0.157461
vt 0.909091 0.000000
vt 0.931818 0.039365
vt 0.886364 0.039365
vt 0.727273 0.000000
vt 0.750000 0.039365
vt 0.704546 0.039365
vt 0.545455 0.000000
vt 0.568182 0.039365
vt 0.522728 0.039365
vt 0.295455 0.196826
vt 0.090910 0.157461
vt 0.136364 0.157461
vt 0.113637 0.196826
vt 0.818182 0.157461
vt 0.863636 0.157461
vt 0.840909 0.196826
vt 0.636364 0.157461
vt 0.681818 0.157461
vt 0.659091 0.196826
vt 0.454546 0.157461
vt 0.500000 0.157461
vt 0.477273 0.196826
vt 0.250001 0.196826
vt 0.068182 0.196826
vt 0.795455 0.196826
vt 0.613637 0.196826
vt 0.431819 0.196826
vt 0.181819 0.314921
vt 0.227273 0.314921
vt 0.204546 0.354286
vt 0.000000 0.314921
vt 0.045455 0.314921
vt 0.022727 0.354286
vt 0.727273 0.314921
vt 0.772727 0.314921
vt 0.750000 0.354286
vt 0.545455 0.314921
vt 0.590909 0.314921
vt 0.568182 0.354286
vt 0.363637 0.314921
vt 0.409091 0.314921
vt 0.386364 0.354286
vt 0.431819 0.433017
vt 0.477273 0.433017
vt 0.454546 0.472382
vt 0.409091 0.393651
vt 0.454546 0.393651
vt 0.431819 0.354286
vt 0.500000 0.393651
vt 0.477273 0.354286
vt 0.522728 0.354286
vt 0.454546 0.314921
vt 0.500000 0.314921
vt 0.613637 0.433017
vt 0.659091 0.433017
vt 0.636364 0.472382
vt 0.590909 0.393651
vt 0.636364 0.393651
vt 0.613637 0.354286
vt 0.681818 0.393651
vt 0.659091 0.354286
vt 0.704546 0.354286
vt 0.636364 0.314921
vt 0.681818 0.314921
vt 0.795455 0.433017
vt 0.840909 0.433017
vt 0.818182 0.472382
vt 0.772727 0.393651
vt 0.818182 0.393651
vt 0.795455 0.354286
vt 0.863636 0.393651
vt 0.840909 0.354286
vt 0.886364 0.354286
vt 0.818182 0.314921
vt 0.863636 0.314921
vt 0.909091 0.314921
vt 0.068182 0.433017
vt 0.113637 0.433017
vt 0.090910 0.472382
vt 0.045455 0.393651
vt 0.090910 0.393651
vt 0.068182 0.354286
vt 0.136365 0.393651
vt 0.113637 0.354286
vt 0.159092 0.354286
vt 0.090909 0.314921
vt 0.136364 0.314921
vt 0.250001 0.433017
vt 0.295455 0.433017
vt 0.272728 0.472382
vt 0.227273 0.393651
vt 0.272728 0.393651
vt 0.250001 0.354286
vt 0.318182 0.393651
vt 0.295455 0.354286
vt 0.340910 0.354286
vt 0.272728 0.314921
vt 0.318182 0.314921
vt 0.386364 0.275556
vt 0.409091 0.236191
vt 0.431819 0.275556
vt 0.454546 0.236191
vt 0.477273 0.275556
vt 0.500000 0.236191
vt 0.522728 0.275556
vt 0.568182 0.275556
vt 0.590909 0.236191
vt 0.613637 0.275556
vt 0.636364 0.236191
vt 0.659091 0.275556
vt 0.681818 0.236191
vt 0.704546 0.275556
vt 0.750000 0.275556
vt 0.772727 0.236191
vt 0.795455 0.275556
vt 0.818182 0.236191
vt 0.840909 0.275556
vt 0.863636 0.236191
vt 0.886364 0.275556
vt 0.022727 0.275556
vt 0.045455 0.236191
vt 0.068182 0.275556
vt 0.090910 0.236191
vt 0.113637 0.275556
vt 0.136364 0.236191
vt 0.159092 0.275556
vt 0.204546 0.275556
vt 0.227273 0.236191
vt 0.250001 0.275556
vt 0.272728 0.236191
vt 0.295455 0.275556
vt 0.318182 0.236191
vt 0.340910 0.275556
vt 0.545455 0.236191
vt 0.522728 0.196826
vt 0.568182 0.196826
vt 0.545455 0.157461
vt 0.590909 0.157461
vt 0.727273 0.236191
vt 0.704546 0.196826
vt 0.750000 0.196826
vt 0.727273 0.157461
vt 0.772727 0.157461
vt 0.931818 0.275556
vt 0.909091 0.236191
vt 0.886364 0.196826
vt 0.954545 0.236191
vt 0.931818 0.196826
vt 0.977273 0.196826
vt 0.909091 0.157461
vt 0.954545 0.157461
vt 1.000000 0.157461
vt 0.181819 0.236191
vt 0.159092 0.196826
vt 0.204546 0.196826
vt 0.181819 0.157461
vt 0.227274 0.157461
vt 0.363637 0.236191
vt 0.340910 0.196826
vt 0.386364 0.196826
vt 0.363637 0.157461
vt 0.409092 0.157461
vt 0.477273 0.118096
vt 0.500000 0.078731
vt 0.522728 0.118096
vt 0.545455 0.078731
vt 0.568182 0.118096
vt 0.590909 0.078731
vt 0.613637 0.118096
vt 0.659091 0.118096
vt 0.681818 0.078731
vt 0.704546 0.118096
vt 0.727273 0.078731
vt 0.750000 0.118096
vt 0.772727 0.078731
vt 0.795455 0.118096
vt 0.840909 0.118096
vt 0.863636 0.078731
vt 0.886364 0.118096
vt 0.909091 0.078731
vt 0.931818 0.118096
vt 0.954545 0.078731
vt 0.977273 0.118096
vt 0.431819 0.118096
vt 0.386364 0.118096
vt 0.340910 0.118096
vt 0.409091 0.078731
vt 0.363637 0.078730
vt 0.386364 0.039365
vt 0.318182 0.078731
vt 0.340910 0.039365
vt 0.363637 0.000000
vt 0.113637 0.118096
vt 0.136365 0.078731
vt 0.159092 0.118096
vt 0.181819 0.078731
vt 0.204546 0.118096
vt 0.227273 0.078731
vt 0.250001 0.118096
s 1
g Icosphere_M_CoralBio.005
usemtl M_CoralBio.005
f 2825/3296/2684 2840/3297/2699 2839/3298/2698
f 2826/3299/2685 2842/3300/2701 2848/3301/2707
f 2825/3302/2684 2839/3303/2698 2854/3304/2713
f 2825/3305/2684 2854/3306/2713 2860/3307/2719
f 2825/3308/2684 2860/3309/2719 2849/3310/2708
f 2826/3299/2685 2848/3301/2707 2869/3311/2728
f 2827/3312/2686 2845/3313/2704 2875/3314/2734
f 2828/3315/2687 2857/3316/2716 2881/3317/2740
f 2829/3318/2688 2863/3319/2722 2887/3320/2746
f 2830/3321/2689 2866/3322/2725 2893/3323/2752
f 2826/3299/2685 2869/3311/2728 2876/3324/2735
f 2827/3312/2686 2875/3314/2734 2882/3325/2741
f 2828/3315/2687 2881/3317/2740 2888/3326/2747
f 2829/3318/2688 2887/3320/2746 2894/3327/2753
f 2830/3321/2689 2893/3323/2752 2870/3328/2729
f 2831/3329/2690 2899/3330/2758 2914/3331/2773
f 2832/3332/2691 2902/3333/2761 2920/3334/2779
f 2833/3335/2692 2905/3336/2764 2923/3337/2782
f 2834/3338/2693 2908/3339/2767 2926/3340/2785
f 2835/3341/2694 2911/3342/2770 2915/3343/2774
f 2917/3344/2776 2924/3345/2783 2836/3346/2695
f 2916/3347/2775 2927/3348/2786 2917/3344/2776
f 2915/3343/2774 2928/3349/2787 2916/3347/2775
f 2917/3344/2776 2927/3348/2786 2924/3345/2783
f 2927/3348/2786 2925/3350/2784 2924/3345/2783
f 2916/3347/2775 2928/3349/2787 2927/3348/2786
f 2928/3349/2787 2929/3351/2788 2927/3348/2786
f 2927/3348/2786 2929/3351/2788 2925/3350/2784
f 2929/3351/2788 2926/3352/2785 2925/3350/2784
f 2915/3343/2774 2911/3342/2770 2928/3349/2787
f 2911/3342/2770 2910/3353/2769 2928/3349/2787
f 2928/3349/2787 2910/3353/2769 2929/3351/2788
f 2910/3353/2769 2909/3354/2768 2929/3351/2788
f 2929/3351/2788 2909/3354/2768 2926/3352/2785
f 2909/3354/2768 2834/3338/2693 2926/3352/2785
f 2924/3355/2783 2921/3356/2780 2836/3357/2695
f 2925/3358/2784 2930/3359/2789 2924/3355/2783
f 2926/3340/2785 2931/3360/2790 2925/3358/2784
f 2924/3355/2783 2930/3359/2789 2921/3356/2780
f 2930/3359/2789 2922/3361/2781 2921/3356/2780
f 2925/3358/2784 2931/3360/2790 2930/3359/2789
f 2931/3360/2790 2932/3362/2791 2930/3359/2789
f 2930/3359/2789 2932/3362/2791 2922/3361/2781
f 2932/3362/2791 2923/3363/2782 2922/3361/2781
f 2926/3340/2785 2908/3339/2767 2931/3360/2790
f 2908/3339/2767 2907/3364/2766 2931/3360/2790
f 2931/3360/2790 2907/3364/2766 2932/3362/2791
f 2907/3364/2766 2906/3365/2765 2932/3362/2791
f 2932/3362/2791 2906/3365/2765 2923/3363/2782
f 2906/3365/2765 2833/3335/2692 2923/3363/2782
f 2921/3366/2780 2918/3367/2777 2836/3368/2695
f 2922/3369/2781 2933/3370/2792 2921/3366/2780
f 2923/3337/2782 2934/3371/2793 2922/3369/2781
f 2921/3366/2780 2933/3370/2792 2918/3367/2777
f 2933/3370/2792 2919/3372/2778 2918/3367/2777
f 2922/3369/2781 2934/3371/2793 2933/3370/2792
f 2934/3371/2793 2935/3373/2794 2933/3370/2792
f 2933/3370/2792 2935/3373/2794 2919/3372/2778
f 2935/3373/2794 2920/3374/2779 2919/3372/2778
f 2923/3337/2782 2905/3336/2764 2934/3371/2793
f 2905/3336/2764 2904/3375/2763 2934/3371/2793
f 2934/3371/2793 2904/3375/2763 2935/3373/2794
f 2904/3375/2763 2903/3376/2762 2935/3373/2794
f 2935/3373/2794 2903/3376/2762 2920/3374/2779
f 2903/3376/2762 2832/3377/2691 2920/3374/2779
f 2918/3378/2777 2912/3379/2771 2836/3380/2695
f 2919/3381/2778 2936/3382/2795 2918/3378/2777
f 2920/3334/2779 2937/3383/2796 2919/3381/2778
f 2918/3378/2777 2936/3382/2795 2912/3379/2771
f 2936/3382/2795 2913/3384/2772 2912/3379/2771
f 2919/3381/2778 2937/3383/2796 2936/3382/2795
f 2937/3383/2796 2938/3385/2797 2936/3382/2795
f 2936/3382/2795 2938/3385/2797 2913/3384/2772
f 2938/3385/2797 2914/3386/2773 2913/3384/2772
f 2920/3334/2779 2902/3333/2761 2937/3383/2796
f 2902/3333/2761 2901/3387/2760 2937/3383/2796
f 2937/3383/2796 2901/3387/2760 2938/3385/2797
f 2901/3387/2760 2900/3388/2759 2938/3385/2797
f 2938/3385/2797 2900/3388/2759 2914/3386/2773
f 2900/3388/2759 2831/3329/2690 2914/3386/2773
f 2912/3389/2771 2917/3390/2776 2836/3391/2695
f 2913/3392/2772 2939/3393/2798 2912/3389/2771
f 2914/3331/2773 2940/3394/2799 2913/3392/2772
f 2912/3389/2771 2939/3393/2798 2917/3390/2776
f 2939/3393/2798 2916/3395/2775 2917/3390/2776
f 2913/3392/2772 2940/3394/2799 2939/3393/2798
f 2940/3394/2799 2941/3396/2800 2939/3393/2798
f 2939/3393/2798 2941/3396/2800 2916/3395/2775
f 2941/3396/2800 2915/3397/2774 2916/3395/2775
f 2914/3331/2773 2899/3330/2758 2940/3394/2799
f 2899/3330/2758 2898/3398/2757 2940/3394/2799
f 2940/3394/2799 2898/3398/2757 2941/3396/2800
f 2898/3398/2757 2897/3399/2756 2941/3396/2800
f 2941/3396/2800 2897/3399/2756 2915/3397/2774
f 2897/3399/2756 2835/3341/2694 2915/3397/2774
f 2872/3400/2731 2911/3342/2770 2835/3341/2694
f 2871/3401/2730 2942/3402/2801 2872/3400/2731
f 2870/3328/2729 2943/3403/2802 2871/3401/2730
f 2872/3400/2731 2942/3402/2801 2911/3342/2770
f 2942/3402/2801 2910/3353/2769 2911/3342/2770
f 2871/3401/2730 2943/3403/2802 2942/3402/2801
f 2943/3403/2802 2944/3404/2803 2942/3402/2801
f 2942/3402/2801 2944/3404/2803 2910/3353/2769
f 2944/3404/2803 2909/3354/2768 2910/3353/2769
f 2870/3328/2729 2893/3323/2752 2943/3403/2802
f 2893/3323/2752 2892/3405/2751 2943/3403/2802
f 2943/3403/2802 2892/3405/2751 2944/3404/2803
f 2892/3405/2751 2891/3406/2750 2944/3404/2803
f 2944/3404/2803 2891/3406/2750 2909/3354/2768
f 2891/3406/2750 2834/3338/2693 2909/3354/2768
f 2896/3407/2755 2908/3339/2767 2834/3338/2693
f 2895/3408/2754 2945/3409/2804 2896/3407/2755
f 2894/3327/2753 2946/3410/2805 2895/3408/2754
f 2896/3407/2755 2945/3409/2804 2908/3339/2767
f 2945/3409/2804 2907/3364/2766 2908/3339/2767
f 2895/3408/2754 2946/3410/2805 2945/3409/2804
f 2946/3410/2805 2947/3411/2806 2945/3409/2804
f 2945/3409/2804 2947/3411/2806 2907/3364/2766
f 2947/3411/2806 2906/3365/2765 2907/3364/2766
f 2894/3327/2753 2887/3320/2746 2946/3410/2805
f 2887/3320/2746 2886/3412/2745 2946/3410/2805
f 2946/3410/2805 2886/3412/2745 2947/3411/2806
f 2886/3412/2745 2885/3413/2744 2947/3411/2806
f 2947/3411/2806 2885/3413/2744 2906/3365/2765
f 2885/3413/2744 2833/3335/2692 2906/3365/2765
f 2890/3414/2749 2905/3336/2764 2833/3335/2692
f 2889/3415/2748 2948/3416/2807 2890/3414/2749
f 2888/3326/2747 2949/3417/2808 2889/3415/2748
f 2890/3414/2749 2948/3416/2807 2905/3336/2764
f 2948/3416/2807 2904/3375/2763 2905/3336/2764
f 2889/3415/2748 2949/3417/2808 2948/3416/2807
f 2949/3417/2808 2950/3418/2809 2948/3416/2807
f 2948/3416/2807 2950/3418/2809 2904/3375/2763
f 2950/3418/2809 2903/3376/2762 2904/3375/2763
f 2888/3326/2747 2881/3317/2740 2949/3417/2808
f 2881/3317/2740 2880/3419/2739 2949/3417/2808
f 2949/3417/2808 2880/3419/2739 2950/3418/2809
f 2880/3419/2739 2879/3420/2738 2950/3418/2809
f 2950/3418/2809 2879/3420/2738 2903/3376/2762
f 2879/3420/2738 2832/3377/2691 2903/3376/2762
f 2884/3421/2743 2902/3333/2761 2832/3332/2691
f 2883/3422/2742 2951/3423/2810 2884/3421/2743
f 2882/3325/2741 2952/3424/2811 2883/3422/2742
f 2884/3421/2743 2951/3423/2810 2902/3333/2761
f 2951/3423/2810 2901/3387/2760 2902/3333/2761
f 2883/3422/2742 2952/3424/2811 2951/3423/2810
f 2952/3424/2811 2953/3425/2812 2951/3423/2810
f 2951/3423/2810 2953/3425/2812 2901/3387/2760
f 2953/3425/2812 2900/3388/2759 2901/3387/2760
f 2882/3325/2741 2875/3314/2734 2952/3424/2811
f 2875/3314/2734 2874/3426/2733 2952/3424/2811
f 2952/3424/2811 2874/3426/2733 2953/3425/2812
f 2874/3426/2733 2873/3427/2732 2953/3425/2812
f 2953/3425/2812 2873/3427/2732 2900/3388/2759
f 2873/3427/2732 2831/3329/2690 2900/3388/2759
f 2878/3428/2737 2899/3330/2758 2831/3329/2690
f 2877/3429/2736 2954/3430/2813 2878/3428/2737
f 2876/3324/2735 2955/3431/2814 2877/3429/2736
f 2878/3428/2737 2954/3430/2813 2899/3330/2758
f 2954/3430/2813 2898/3398/2757 2899/3330/2758
f 2877/3429/2736 2955/3431/2814 2954/3430/2813
f 2955/3431/2814 2956/3432/2815 2954/3430/2813
f 2954/3430/2813 2956/3432/2815 2898/3398/2757
f 2956/3432/2815 2897/3399/2756 2898/3398/2757
f 2876/3324/2735 2869/3311/2728 2955/3431/2814
f 2869/3311/2728 2868/3433/2727 2955/3431/2814
f 2955/3431/2814 2868/3433/2727 2956/3432/2815
f 2868/3433/2727 2867/3434/2726 2956/3432/2815
f 2956/3432/2815 2867/3434/2726 2897/3399/2756
f 2867/3434/2726 2835/3341/2694 2897/3399/2756
f 2891/3406/2750 2896/3407/2755 2834/3338/2693
f 2892/3405/2751 2957/3435/2816 2891/3406/2750
f 2893/3323/2752 2958/3436/2817 2892/3405/2751
f 2891/3406/2750 2957/3435/2816 2896/3407/2755
f 2957/3435/2816 2895/3408/2754 2896/3407/2755
f 2892/3405/2751 2958/3436/2817 2957/3435/2816
f 2958/3436/2817 2959/3437/2818 2957/3435/2816
f 2957/3435/2816 2959/3437/2818 2895/3408/2754
f 2959/3437/2818 2894/3327/2753 2895/3408/2754
f 2893/3323/2752 2866/3322/2725 2958/3436/2817
f 2866/3322/2725 2865/3438/2724 2958/3436/2817
f 2958/3436/2817 2865/3438/2724 2959/3437/2818
f 2865/3438/2724 2864/3439/2723 2959/3437/2818
f 2959/3437/2818 2864/3439/2723 2894/3327/2753
f 2864/3439/2723 2829/3318/2688 2894/3327/2753
f 2885/3413/2744 2890/3414/2749 2833/3335/2692
f 2886/3412/2745 2960/3440/2819 2885/3413/2744
f 2887/3320/2746 2961/3441/2820 2886/3412/2745
f 2885/3413/2744 2960/3440/2819 2890/3414/2749
f 2960/3440/2819 2889/3415/2748 2890/3414/2749
f 2886/3412/2745 2961/3441/2820 2960/3440/2819
f 2961/3441/2820 2962/3442/2821 2960/3440/2819
f 2960/3440/2819 2962/3442/2821 2889/3415/2748
f 2962/3442/2821 2888/3326/2747 2889/3415/2748
f 2887/3320/2746 2863/3319/2722 2961/3441/2820
f 2863/3319/2722 2862/3443/2721 2961/3441/2820
f 2961/3441/2820 2862/3443/2721 2962/3442/2821
f 2862/3443/2721 2861/3444/2720 2962/3442/2821
f 2962/3442/2821 2861/3444/2720 2888/3326/2747
f 2861/3444/2720 2828/3315/2687 2888/3326/2747
f 2879/3420/2738 2884/3445/2743 2832/3377/2691
f 2880/3419/2739 2963/3446/2822 2879/3420/2738
f 2881/3317/2740 2964/3447/2823 2880/3419/2739
f 2879/3420/2738 2963/3446/2822 2884/3445/2743
f 2963/3446/2822 2883/3448/2742 2884/3445/2743
f 2880/3419/2739 2964/3447/2823 2963/3446/2822
f 2964/3447/2823 2965/3449/2824 2963/3446/2822
f 2963/3446/2822 2965/3449/2824 2883/3448/2742
f 2965/3449/2824 2882/3450/2741 2883/3448/2742
f 2881/3317/2740 2857/3316/2716 2964/3447/2823
f 2857/3316/2716 2856/3451/2715 2964/3447/2823
f 2964/3447/2823 2856/3451/2715 2965/3449/2824
f 2856/3451/2715 2855/3452/2714 2965/3449/2824
f 2965/3449/2824 2855/3452/2714 2882/3450/2741
f 2855/3452/2714 2827/3453/2686 2882/3450/2741
f 2873/3427/2732 2878/3428/2737 2831/3329/2690
f 2874/3426/2733 2966/3454/2825 2873/3427/2732
f 2875/3314/2734 2967/3455/2826 2874/3426/2733
f 2873/3427/2732 2966/3454/2825 2878/3428/2737
f 2966/3454/2825 2877/3429/2736 2878/3428/2737
f 2874/3426/2733 2967/3455/2826 2966/3454/2825
f 2967/3455/2826 2968/3456/2827 2966/3454/2825
f 2966/3454/2825 2968/3456/2827 2877/3429/2736
f 2968/3456/2827 2876/3324/2735 2877/3429/2736
f 2875/3314/2734 2845/3313/2704 2967/3455/2826
f 2845/3313/2704 2844/3457/2703 2967/3455/2826
f 2967/3455/2826 2844/3457/2703 2968/3456/2827
f 2844/3457/2703 2843/3458/2702 2968/3456/2827
f 2968/3456/2827 2843/3458/2702 2876/3324/2735
f 2843/3458/2702 2826/3299/2685 2876/3324/2735
f 2867/3434/2726 2872/3400/2731 2835/3341/2694
f 2868/3433/2727 2969/3459/2828 2867/3434/2726
f 2869/3311/2728 2970/3460/2829 2868/3433/2727
f 2867/3434/2726 2969/3459/2828 2872/3400/2731
f 2969/3459/2828 2871/3401/2730 2872/3400/2731
f 2868/3433/2727 2970/3460/2829 2969/3459/2828
f 2970/3460/2829 2971/3461/2830 2969/3459/2828
f 2969/3459/2828 2971/3461/2830 2871/3401/2730
f 2971/3461/2830 2870/3328/2729 2871/3401/2730
f 2869/3311/2728 2848/3301/2707 2970/3460/2829
f 2848/3301/2707 2847/3462/2706 2970/3460/2829
f 2970/3460/2829 2847/3462/2706 2971/3461/2830
f 2847/3462/2706 2846/3463/2705 2971/3461/2830
f 2971/3461/2830 2846/3463/2705 2870/3328/2729
f 2846/3463/2705 2830/3321/2689 2870/3328/2729
f 2851/3464/2710 2866/3322/2725 2830/3321/2689
f 2850/3465/2709 2972/3466/2831 2851/3464/2710
f 2849/3310/2708 2973/3467/2832 2850/3465/2709
f 2851/3464/2710 2972/3466/2831 2866/3322/2725
f 2972/3466/2831 2865/3438/2724 2866/3322/2725
f 2850/3465/2709 2973/3467/2832 2972/3466/2831
f 2973/3467/2832 2974/3468/2833 2972/3466/2831
f 2972/3466/2831 2974/3468/2833 2865/3438/2724
f 2974/3468/2833 2864/3439/2723 2865/3438/2724
f 2849/3310/2708 2860/3309/2719 2973/3467/2832
f 2860/3309/2719 2859/3469/2718 2973/3467/2832
f 2973/3467/2832 2859/3469/2718 2974/3468/2833
f 2859/3469/2718 2858/3470/2717 2974/3468/2833
f 2974/3468/2833 2858/3470/2717 2864/3439/2723
f 2858/3470/2717 2829/3318/2688 2864/3439/2723
f 2858/3471/2717 2863/3319/2722 2829/3318/2688
f 2859/3472/2718 2975/3473/2834 2858/3471/2717
f 2860/3307/2719 2976/3474/2835 2859/3472/2718
f 2858/3471/2717 2975/3473/2834 2863/3319/2722
f 2975/3473/2834 2862/3443/2721 2863/3319/2722
f 2859/3472/2718 2976/3474/2835 2975/3473/2834
f 2976/3474/2835 2977/3475/2836 2975/3473/2834
f 2975/3473/2834 2977/3475/2836 2862/3443/2721
f 2977/3475/2836 2861/3444/2720 2862/3443/2721
f 2860/3307/2719 2854/3306/2713 2976/3474/2835
f 2854/3306/2713 2853/3476/2712 2976/3474/2835
f 2976/3474/2835 2853/3476/2712 2977/3475/2836
f 2853/3476/2712 2852/3477/2711 2977/3475/2836
f 2977/3475/2836 2852/3477/2711 2861/3444/2720
f 2852/3477/2711 2828/3315/2687 2861/3444/2720
f 2852/3478/2711 2857/3316/2716 2828/3315/2687
f 2853/3479/2712 2978/3480/2837 2852/3478/2711
f 2854/3304/2713 2979/3481/2838 2853/3479/2712
f 2852/3478/2711 2978/3480/2837 2857/3316/2716
f 2978/3480/2837 2856/3451/2715 2857/3316/2716
f 2853/3479/2712 2979/3481/2838 2978/3480/2837
f 2979/3481/2838 2980/3482/2839 2978/3480/2837
f 2978/3480/2837 2980/3482/2839 2856/3451/2715
f 2980/3482/2839 2855/3452/2714 2856/3451/2715
f 2854/3304/2713 2839/3303/2698 2979/3481/2838
f 2839/3303/2698 2838/3483/2697 2979/3481/2838
f 2979/3481/2838 2838/3483/2697 2980/3482/2839
f 2838/3483/2697 2837/3484/2696 2980/3482/2839
f 2980/3482/2839 2837/3484/2696 2855/3452/2714
f 2837/3484/2696 2827/3453/2686 2855/3452/2714
f 2846/3463/2705 2851/3485/2710 2830/3321/2689
f 2847/3462/2706 2981/3486/2840 2846/3463/2705
f 2848/3301/2707 2982/3487/2841 2847/3462/2706
f 2846/3463/2705 2981/3486/2840 2851/3485/2710
f 2981/3486/2840 2850/3488/2709 2851/3485/2710
f 2847/3462/2706 2982/3487/2841 2981/3486/2840
f 2982/3487/2841 2983/3489/2842 2981/3486/2840
f 2981/3486/2840 2983/3489/2842 2850/3488/2709
f 2983/3489/2842 2849/3490/2708 2850/3488/2709
f 2848/3301/2707 2842/3300/2701 2982/3487/2841
f 2842/3300/2701 2841/3491/2700 2982/3487/2841
f 2982/3487/2841 2841/3491/2700 2983/3489/2842
f 2841/3491/2700 2840/3492/2699 2983/3489/2842
f 2983/3489/2842 2840/3492/2699 2849/3490/2708
f 2840/3492/2699 2825/3493/2684 2849/3490/2708
f 2837/3494/2696 2845/3313/2704 2827/3312/2686
f 2838/3495/2697 2984/3496/2843 2837/3494/2696
f 2839/3298/2698 2985/3497/2844 2838/3495/2697
f 2837/3494/2696 2984/3496/2843 2845/3313/2704
f 2984/3496/2843 2844/3457/2703 2845/3313/2704
f 2838/3495/2697 2985/3497/2844 2984/3496/2843
f 2985/3497/2844 2986/3498/2845 2984/3496/2843
f 2984/3496/2843 2986/3498/2845 2844/3457/2703
f 2986/3498/2845 2843/3458/2702 2844/3457/2703
f 2839/3298/2698 2840/3297/2699 2985/3497/2844
f 2840/3297/2699 2841/3499/2700 2985/3497/2844
f 2985/3497/2844 2841/3499/2700 2986/3498/2845
f 2841/3499/2700 2842/3500/2701 2986/3498/2845
f 2986/3498/2845 2842/3500/2701 2843/3458/2702
f 2842/3500/2701 2826/3299/2685 2843/3458/2702
o Cylinder.004
v 0.401850 -0.473801 1.659512
v 1.315673 0.294582 2.482322
v 0.374228 -0.470542 1.687146
v 1.288051 0.297841 2.509955
v 0.344642 -0.460890 1.710992
v 1.258464 0.307493 2.533802
v 0.314226 -0.445217 1.730134
v 1.228049 0.323166 2.552944
v 0.284152 -0.424124 1.743838
v 1.197975 0.344259 2.566647
v 0.255574 -0.398422 1.751575
v 1.169396 0.369961 2.574385
v 0.229590 -0.369098 1.753049
v 1.143413 0.399285 2.575859
v 0.207200 -0.337281 1.748204
v 1.121022 0.431102 2.571013
v 0.189262 -0.304191 1.737224
v 1.103085 0.464191 2.560034
v 0.176468 -0.271102 1.720533
v 1.090291 0.497281 2.543343
v 0.169309 -0.239285 1.698772
v 1.083132 0.529098 2.521581
v 0.168059 -0.209961 1.672776
v 1.081882 0.558422 2.495586
v 0.172767 -0.184259 1.643546
v 1.086589 0.584124 2.466356
v 0.183251 -0.163166 1.612204
v 1.097074 0.605217 2.435013
v 0.199110 -0.147493 1.579954
v 1.112932 0.620890 2.402764
v 0.219732 -0.137841 1.548037
v 1.133555 0.630542 2.370847
v 0.244327 -0.134582 1.517678
v 1.158150 0.633801 2.340488
v 0.271949 -0.137841 1.490045
v 1.185772 0.630542 2.312854
v 0.301536 -0.147493 1.466198
v 1.215358 0.620890 2.289008
v 0.331951 -0.163166 1.447056
v 1.245774 0.605217 2.269866
v 0.362025 -0.184259 1.433353
v 1.275848 0.584124 2.256162
v 0.390603 -0.209961 1.425615
v 1.304426 0.558422 2.248425
v 0.416587 -0.239285 1.424141
v 1.330410 0.529098 2.246951
v 0.438978 -0.271102 1.428987
v 1.352800 0.497281 2.251796
v 0.456915 -0.304191 1.439966
v 1.370738 0.464191 2.262776
v 0.469709 -0.337281 1.456657
v 1.383532 0.431102 2.279467
v 0.476868 -0.369098 1.478419
v 1.390691 0.399285 2.301228
v 0.478118 -0.398422 1.504414
v 1.391941 0.369961 2.327224
v 0.473411 -0.424124 1.533644
v 1.387233 0.344259 2.356454
v 0.462926 -0.445217 1.564987
v 1.376749 0.323166 2.387796
v 0.447068 -0.460890 1.597236
v 1.360890 0.307493 2.420046
v 0.426445 -0.470542 1.629153
v 1.340268 0.297841 2.451963
vn -0.1455 -0.9806 -0.1310
vn 0.7188 -0.2539 0.6472
vn -0.2460 -0.9688 -0.0304
vn 0.6183 -0.2421 0.7478
vn -0.3537 -0.9337 0.0563
vn 0.5106 -0.2070 0.8346
vn -0.4644 -0.8766 0.1261
vn 0.3999 -0.1499 0.9042
vn -0.5738 -0.7998 0.1759
vn 0.2904 -0.0731 0.9541
vn -0.6779 -0.7063 0.2041
vn 0.1864 0.0204 0.9823
vn -0.7724 -0.5996 0.2094
vn 0.0918 0.1271 0.9876
vn -0.8539 -0.4838 0.1918
vn 0.0104 0.2429 0.9700
vn -0.9192 -0.3634 0.1518
vn -0.0549 0.3634 0.9300
vn -0.9658 -0.2429 0.0911
vn -0.1015 0.4838 0.8693
vn -0.9918 -0.1271 0.0119
vn -0.1276 0.5996 0.7901
vn -0.9964 -0.0204 -0.0827
vn -0.1321 0.7063 0.6955
vn -0.9792 0.0731 -0.1891
vn -0.1150 0.7998 0.5891
vn -0.9411 0.1499 -0.3032
vn -0.0768 0.8766 0.4750
vn -0.8834 0.2069 -0.4206
vn -0.0191 0.9337 0.3576
vn -0.8083 0.2421 -0.5367
vn 0.0560 0.9688 0.2415
vn -0.7188 0.2539 -0.6472
vn 0.1455 0.9806 0.1310
vn -0.6183 0.2421 -0.7478
vn 0.2460 0.9688 0.0304
vn -0.5106 0.2069 -0.8346
vn 0.3537 0.9337 -0.0564
vn -0.3999 0.1499 -0.9042
vn 0.4644 0.8766 -0.1260
vn -0.2904 0.0731 -0.9541
vn 0.5738 0.7998 -0.1759
vn -0.1864 -0.0204 -0.9823
vn 0.6779 0.7063 -0.2040
vn -0.0919 -0.1271 -0.9876
vn 0.7724 0.5996 -0.2095
vn -0.0103 -0.2429 -0.9700
vn 0.8539 0.4838 -0.1918
vn 0.0549 -0.3634 -0.9300
vn 0.9192 0.3634 -0.1518
vn 0.1015 -0.4838 -0.8693
vn 0.9658 0.2429 -0.0911
vn 0.1275 -0.5996 -0.7901
vn 0.9918 0.1271 -0.0119
vn 0.1321 -0.7063 -0.6955
vn 0.9964 0.0204 0.0827
vn 0.1149 -0.7998 -0.5891
vn 0.9792 -0.0731 0.1891
vn 0.0768 -0.8766 -0.4750
vn 0.9411 -0.1499 0.3032
vn 0.0191 -0.9337 -0.3577
vn 0.8834 -0.2070 0.4205
vn -0.0560 -0.9688 -0.2415
vn 0.8083 -0.2421 0.5367
vt 1.000000 1.000000
vt 0.968750 0.500000
vt 1.000000 0.500000
vt 0.968750 1.000000
vt 0.937500 0.500000
vt 0.937500 1.000000
vt 0.906250 0.500000
vt 0.906250 1.000000
vt 0.875000 0.500000
vt 0.875000 1.000000
vt 0.843750 0.500000
vt 0.843750 1.000000
vt 0.812500 0.500000
vt 0.812500 1.000000
vt 0.781250 0.500000
vt 0.781250 1.000000
vt 0.750000 0.500000
vt 0.750000 1.000000
vt 0.718750 0.500000
vt 0.718750 1.000000
vt 0.687500 0.500000
vt 0.687500 1.000000
vt 0.656250 0.500000
vt 0.656250 1.000000
vt 0.625000 0.500000
vt 0.625000 1.000000
vt 0.593750 0.500000
vt 0.593750 1.000000
vt 0.562500 0.500000
vt 0.562500 1.000000
vt 0.531250 0.500000
vt 0.531250 1.000000
vt 0.500000 0.500000
vt 0.500000 1.000000
vt 0.468750 0.500000
vt 0.468750 1.000000
vt 0.437500 0.500000
vt 0.437500 1.000000
vt 0.406250 0.500000
vt 0.406250 1.000000
vt 0.375000 0.500000
vt 0.375000 1.000000
vt 0.343750 0.500000
vt 0.343750 1.000000
vt 0.312500 0.500000
vt 0.312500 1.000000
vt 0.281250 0.500000
vt 0.281250 1.000000
vt 0.250000 0.500000
vt 0.250000 1.000000
vt 0.218750 0.500000
vt 0.218750 1.000000
vt 0.187500 0.500000
vt 0.187500 1.000000
vt 0.156250 0.500000
vt 0.156250 1.000000
vt 0.125000 0.500000
vt 0.125000 1.000000
vt 0.093750 0.500000
vt 0.093750 1.000000
vt 0.062500 0.500000
vt 0.158156 0.028269
vt 0.471731 0.158156
vt 0.341844 0.471731
vt 0.062500 1.000000
vt 0.031250 0.500000
vt 0.031250 1.000000
vt 0.000000 0.500000
vt 0.796822 0.014612
vt 0.514612 0.203178
vt 0.703178 0.485388
vt 0.296822 0.485388
vt 0.250000 0.490000
vt 0.203178 0.485388
vt 0.158156 0.471731
vt 0.116663 0.449553
vt 0.080294 0.419706
vt 0.050447 0.383337
vt 0.028269 0.341844
vt 0.014612 0.296822
vt 0.010000 0.250000
vt 0.014612 0.203178
vt 0.028269 0.158156
vt 0.050447 0.116663
vt 0.080294 0.080294
vt 0.116663 0.050447
vt 0.203178 0.014612
vt 0.250000 0.010000
vt 0.296822 0.014612
vt 0.341844 0.028269
vt 0.383337 0.050447
vt 0.419706 0.080294
vt 0.449553 0.116663
vt 0.485388 0.203178
vt 0.490000 0.250000
vt 0.485388 0.296822
vt 0.471731 0.341844
vt 0.449553 0.383337
vt 0.419706 0.419706
vt 0.383337 0.449553
vt 0.000000 1.000000
vt 0.750000 0.490000
vt 0.796822 0.485388
vt 0.841844 0.471731
vt 0.883337 0.449553
vt 0.919706 0.419706
vt 0.949553 0.383337
vt 0.971731 0.341844
vt 0.985388 0.296822
vt 0.990000 0.250000
vt 0.985388 0.203178
vt 0.971731 0.158156
vt 0.949553 0.116663
vt 0.919706 0.080294
vt 0.883337 0.050447
vt 0.841844 0.028269
vt 0.750000 0.010000
vt 0.703178 0.014612
vt 0.658156 0.028269
vt 0.616663 0.050447
vt 0.580294 0.080294
vt 0.550447 0.116663
vt 0.528269 0.158156
vt 0.510000 0.250000
vt 0.514612 0.296822
vt 0.528269 0.341844
vt 0.550447 0.383337
vt 0.580294 0.419706
vt 0.616663 0.449553
vt 0.658156 0.471731
s 1
g Cylinder.004_M_CoralPed.007
usemtl M_CoralPed.007
f 2988/3501/2847 2989/3502/2848 2987/3503/2846
f 2990/3504/2849 2991/3505/2850 2989/3502/2848
f 2992/3506/2851 2993/3507/2852 2991/3505/2850
f 2994/3508/2853 2995/3509/2854 2993/3507/2852
f 2996/3510/2855 2997/3511/2856 2995/3509/2854
f 2998/3512/2857 2999/3513/2858 2997/3511/2856
f 3000/3514/2859 3001/3515/2860 2999/3513/2858
f 3002/3516/2861 3003/3517/2862 3001/3515/2860
f 3004/3518/2863 3005/3519/2864 3003/3517/2862
f 3006/3520/2865 3007/3521/2866 3005/3519/2864
f 3008/3522/2867 3009/3523/2868 3007/3521/2866
f 3010/3524/2869 3011/3525/2870 3009/3523/2868
f 3012/3526/2871 3013/3527/2872 3011/3525/2870
f 3014/3528/2873 3015/3529/2874 3013/3527/2872
f 3016/3530/2875 3017/3531/2876 3015/3529/2874
f 3018/3532/2877 3019/3533/2878 3017/3531/2876
f 3020/3534/2879 3021/3535/2880 3019/3533/2878
f 3022/3536/2881 3023/3537/2882 3021/3535/2880
f 3024/3538/2883 3025/3539/2884 3023/3537/2882
f 3026/3540/2885 3027/3541/2886 3025/3539/2884
f 3028/3542/2887 3029/3543/2888 3027/3541/2886
f 3030/3544/2889 3031/3545/2890 3029/3543/2888
f 3032/3546/2891 3033/3547/2892 3031/3545/2890
f 3034/3548/2893 3035/3549/2894 3033/3547/2892
f 3036/3550/2895 3037/3551/2896 3035/3549/2894
f 3038/3552/2897 3039/3553/2898 3037/3551/2896
f 3040/3554/2899 3041/3555/2900 3039/3553/2898
f 3042/3556/2901 3043/3557/2902 3041/3555/2900
f 3044/3558/2903 3045/3559/2904 3043/3557/2902
f 3046/3560/2905 3047/3561/2906 3045/3559/2904
f 3024/3562/2883 3008/3563/2867 2992/3564/2851
f 3048/3565/2907 3049/3566/2908 3047/3561/2906
f 3050/3567/2909 2987/3568/2846 3049/3566/2908
f 3017/3569/2876 3033/3570/2892 3049/3571/2908
f 2988/3501/2847 2990/3504/2849 2989/3502/2848
f 2990/3504/2849 2992/3506/2851 2991/3505/2850
f 2992/3506/2851 2994/3508/2853 2993/3507/2852
f 2994/3508/2853 2996/3510/2855 2995/3509/2854
f 2996/3510/2855 2998/3512/2857 2997/3511/2856
f 2998/3512/2857 3000/3514/2859 2999/3513/2858
f 3000/3514/2859 3002/3516/2861 3001/3515/2860
f 3002/3516/2861 3004/3518/2863 3003/3517/2862
f 3004/3518/2863 3006/3520/2865 3005/3519/2864
f 3006/3520/2865 3008/3522/2867 3007/3521/2866
f 3008/3522/2867 3010/3524/2869 3009/3523/2868
f 3010/3524/2869 3012/3526/2871 3011/3525/2870
f 3012/3526/2871 3014/3528/2873 3013/3527/2872
f 3014/3528/2873 3016/3530/2875 3015/3529/2874
f 3016/3530/2875 3018/3532/2877 3017/3531/2876
f 3018/3532/2877 3020/3534/2879 3019/3533/2878
f 3020/3534/2879 3022/3536/2881 3021/3535/2880
f 3022/3536/2881 3024/3538/2883 3023/3537/2882
f 3024/3538/2883 3026/3540/2885 3025/3539/2884
f 3026/3540/2885 3028/3542/2887 3027/3541/2886
f 3028/3542/2887 3030/3544/2889 3029/3543/2888
f 3030/3544/2889 3032/3546/2891 3031/3545/2890
f 3032/3546/2891 3034/3548/2893 3033/3547/2892
f 3034/3548/2893 3036/3550/2895 3035/3549/2894
f 3036/3550/2895 3038/3552/2897 3037/3551/2896
f 3038/3552/2897 3040/3554/2899 3039/3553/2898
f 3040/3554/2899 3042/3556/2901 3041/3555/2900
f 3042/3556/2901 3044/3558/2903 3043/3557/2902
f 3044/3558/2903 3046/3560/2905 3045/3559/2904
f 3046/3560/2905 3048/3565/2907 3047/3561/2906
f 2992/3564/2851 2990/3572/2849 2988/3573/2847
f 2988/3573/2847 3050/3574/2909 3048/3575/2907
f 3048/3575/2907 3046/3576/2905 3044/3577/2903
f 3044/3577/2903 3042/3578/2901 3040/3579/2899
f 3040/3579/2899 3038/3580/2897 3036/3581/2895
f 3036/3581/2895 3034/3582/2893 3032/3583/2891
f 3032/3583/2891 3030/3584/2889 3028/3585/2887
f 3028/3585/2887 3026/3586/2885 3024/3562/2883
f 3024/3562/2883 3022/3587/2881 3020/3588/2879
f 3020/3588/2879 3018/3589/2877 3016/3590/2875
f 3016/3590/2875 3014/3591/2873 3012/3592/2871
f 3012/3592/2871 3010/3593/2869 3008/3563/2867
f 3008/3563/2867 3006/3594/2865 3004/3595/2863
f 3004/3595/2863 3002/3596/2861 3000/3597/2859
f 3000/3597/2859 2998/3598/2857 2996/3599/2855
f 2996/3599/2855 2994/3600/2853 2992/3564/2851
f 2992/3564/2851 2988/3573/2847 3048/3575/2907
f 3048/3575/2907 3044/3577/2903 3040/3579/2899
f 3040/3579/2899 3036/3581/2895 3032/3583/2891
f 3032/3583/2891 3028/3585/2887 3024/3562/2883
f 3024/3562/2883 3020/3588/2879 3016/3590/2875
f 3016/3590/2875 3012/3592/2871 3008/3563/2867
f 3008/3563/2867 3004/3595/2863 3000/3597/2859
f 3000/3597/2859 2996/3599/2855 2992/3564/2851
f 2992/3564/2851 3048/3575/2907 3040/3579/2899
f 3040/3579/2899 3032/3583/2891 3024/3562/2883
f 3024/3562/2883 3016/3590/2875 3008/3563/2867
f 3008/3563/2867 3000/3597/2859 2992/3564/2851
f 2992/3564/2851 3040/3579/2899 3024/3562/2883
f 3048/3565/2907 3050/3567/2909 3049/3566/2908
f 3050/3567/2909 2988/3601/2847 2987/3568/2846
f 3049/3571/2908 2987/3602/2846 2989/3603/2848
f 2989/3603/2848 2991/3604/2850 2993/3605/2852
f 2993/3605/2852 2995/3606/2854 2997/3607/2856
f 2997/3607/2856 2999/3608/2858 3001/3609/2860
f 3001/3609/2860 3003/3610/2862 3005/3611/2864
f 3005/3611/2864 3007/3612/2866 3009/3613/2868
f 3009/3613/2868 3011/3614/2870 3013/3615/2872
f 3013/3615/2872 3015/3616/2874 3017/3569/2876
f 3017/3569/2876 3019/3617/2878 3021/3618/2880
f 3021/3618/2880 3023/3619/2882 3025/3620/2884
f 3025/3620/2884 3027/3621/2886 3029/3622/2888
f 3029/3622/2888 3031/3623/2890 3033/3570/2892
f 3033/3570/2892 3035/3624/2894 3037/3625/2896
f 3037/3625/2896 3039/3626/2898 3041/3627/2900
f 3041/3627/2900 3043/3628/2902 3045/3629/2904
f 3045/3629/2904 3047/3630/2906 3049/3571/2908
f 3049/3571/2908 2989/3603/2848 2993/3605/2852
f 2993/3605/2852 2997/3607/2856 3001/3609/2860
f 3001/3609/2860 3005/3611/2864 3009/3613/2868
f 3009/3613/2868 3013/3615/2872 3017/3569/2876
f 3017/3569/2876 3021/3618/2880 3025/3620/2884
f 3025/3620/2884 3029/3622/2888 3033/3570/2892
f 3033/3570/2892 3037/3625/2896 3041/3627/2900
f 3041/3627/2900 3045/3629/2904 3049/3571/2908
f 3049/3571/2908 2993/3605/2852 3001/3609/2860
f 3001/3609/2860 3009/3613/2868 3017/3569/2876
f 3017/3569/2876 3025/3620/2884 3033/3570/2892
f 3033/3570/2892 3041/3627/2900 3049/3571/2908
f 3049/3571/2908 3001/3609/2860 3017/3569/2876
o Cylinder.005
v 1.111491 -0.036523 1.578355
v 1.237536 0.069460 1.691846
v 1.078346 -0.032613 1.611515
v 1.204390 0.073371 1.725006
v 1.042841 -0.021031 1.640130
v 1.168886 0.084953 1.753621
v 1.006343 -0.002222 1.663101
v 1.132388 0.103762 1.776592
v 0.970254 0.023090 1.679545
v 1.096298 0.129073 1.793036
v 0.935960 0.053932 1.688830
v 1.062004 0.159916 1.802321
v 0.904780 0.089120 1.690599
v 1.030824 0.195104 1.804090
v 0.877911 0.127301 1.684784
v 1.003955 0.233285 1.798275
v 0.856386 0.167008 1.671609
v 0.982431 0.272992 1.785100
v 0.841033 0.206715 1.651580
v 0.967078 0.312699 1.765071
v 0.832442 0.244896 1.625466
v 0.958486 0.350880 1.738957
v 0.830942 0.280084 1.594272
v 0.956987 0.386068 1.707763
v 0.836591 0.310927 1.559195
v 0.962636 0.416910 1.672686
v 0.849173 0.336238 1.521585
v 0.975217 0.442222 1.635076
v 0.868203 0.355047 1.482885
v 0.994247 0.461031 1.596376
v 0.892950 0.366629 1.444584
v 1.018995 0.472613 1.558075
v 0.922464 0.370540 1.408154
v 1.048509 0.476523 1.521645
v 0.955610 0.366629 1.374994
v 1.081655 0.472613 1.488485
v 0.991114 0.355047 1.346378
v 1.117159 0.461031 1.459870
v 1.027612 0.336238 1.323407
v 1.153657 0.442222 1.436898
v 1.063702 0.310927 1.306963
v 1.189746 0.416910 1.420455
v 1.097996 0.280084 1.297679
v 1.224040 0.386068 1.411170
v 1.129176 0.244896 1.295910
v 1.255221 0.350880 1.409401
v 1.156045 0.206715 1.301724
v 1.282089 0.312699 1.415215
v 1.177569 0.167008 1.314900
v 1.303614 0.272992 1.428391
v 1.192922 0.127301 1.334929
v 1.318967 0.233285 1.448420
v 1.201514 0.089120 1.361043
v 1.327558 0.195104 1.474534
v 1.203014 0.053932 1.392237
v 1.329058 0.159916 1.505728
v 1.197364 0.023090 1.427314
v 1.323409 0.129073 1.540805
v 1.184783 -0.002222 1.464924
v 1.310827 0.103762 1.578415
v 1.165753 -0.021031 1.503624
v 1.291797 0.084953 1.617115
v 1.141005 -0.032613 1.541924
v 1.267050 0.073371 1.655415
vn -0.1455 -0.9806 -0.1310
vn 0.7188 -0.2539 0.6472
vn -0.2460 -0.9688 -0.0304
vn 0.6183 -0.2420 0.7478
vn -0.3537 -0.9337 0.0563
vn 0.5106 -0.2069 0.8346
vn -0.4644 -0.8766 0.1260
vn 0.3999 -0.1499 0.9042
vn -0.5739 -0.7998 0.1759
vn 0.2904 -0.0731 0.9541
vn -0.6779 -0.7063 0.2040
vn 0.1864 0.0204 0.9823
vn -0.7724 -0.5996 0.2094
vn 0.0918 0.1271 0.9876
vn -0.8539 -0.4838 0.1918
vn 0.0104 0.2429 0.9700
vn -0.9192 -0.3634 0.1518
vn -0.0549 0.3634 0.9300
vn -0.9658 -0.2429 0.0911
vn -0.1015 0.4838 0.8693
vn -0.9918 -0.1271 0.0119
vn -0.1276 0.5996 0.7901
vn -0.9964 -0.0204 -0.0827
vn -0.1321 0.7063 0.6955
vn -0.9792 0.0731 -0.1891
vn -0.1149 0.7998 0.5891
vn -0.9411 0.1499 -0.3032
vn -0.0768 0.8766 0.4750
vn -0.8834 0.2069 -0.4206
vn -0.0191 0.9337 0.3576
vn -0.8083 0.2421 -0.5367
vn 0.0560 0.9688 0.2415
vn -0.7188 0.2539 -0.6472
vn 0.1455 0.9806 0.1310
vn -0.6183 0.2421 -0.7478
vn 0.2460 0.9688 0.0304
vn -0.5106 0.2069 -0.8346
vn 0.3537 0.9337 -0.0564
vn -0.3999 0.1499 -0.9042
vn 0.4644 0.8766 -0.1260
vn -0.2904 0.0731 -0.9541
vn 0.5739 0.7998 -0.1759
vn -0.1864 -0.0204 -0.9823
vn 0.6779 0.7063 -0.2040
vn -0.0919 -0.1272 -0.9876
vn 0.7724 0.5996 -0.2094
vn -0.0103 -0.2429 -0.9700
vn 0.8539 0.4838 -0.1918
vn 0.0549 -0.3634 -0.9300
vn 0.9192 0.3634 -0.1518
vn 0.1015 -0.4838 -0.8693
vn 0.9658 0.2429 -0.0911
vn 0.1275 -0.5996 -0.7901
vn 0.9918 0.1271 -0.0119
vn 0.1321 -0.7063 -0.6955
vn 0.9964 0.0204 0.0827
vn 0.1149 -0.7998 -0.5891
vn 0.9792 -0.0731 0.1891
vn 0.0768 -0.8766 -0.4750
vn 0.9411 -0.1499 0.3032
vn 0.0191 -0.9337 -0.3577
vn 0.8834 -0.2070 0.4205
vn -0.0560 -0.9688 -0.2415
vn 0.8083 -0.2420 0.5367
vt 1.000000 1.000000
vt 0.968750 0.500000
vt 1.000000 0.500000
vt 0.968750 1.000000
vt 0.937500 0.500000
vt 0.937500 1.000000
vt 0.906250 0.500000
vt 0.906250 1.000000
vt 0.875000 0.500000
vt 0.875000 1.000000
vt 0.843750 0.500000
vt 0.843750 1.000000
vt 0.812500 0.500000
vt 0.812500 1.000000
vt 0.781250 0.500000
vt 0.781250 1.000000
vt 0.750000 0.500000
vt 0.750000 1.000000
vt 0.718750 0.500000
vt 0.718750 1.000000
vt 0.687500 0.500000
vt 0.687500 1.000000
vt 0.656250 0.500000
vt 0.656250 1.000000
vt 0.625000 0.500000
vt 0.625000 1.000000
vt 0.593750 0.500000
vt 0.593750 1.000000
vt 0.562500 0.500000
vt 0.562500 1.000000
vt 0.531250 0.500000
vt 0.531250 1.000000
vt 0.500000 0.500000
vt 0.500000 1.000000
vt 0.468750 0.500000
vt 0.468750 1.000000
vt 0.437500 0.500000
vt 0.437500 1.000000
vt 0.406250 0.500000
vt 0.406250 1.000000
vt 0.375000 0.500000
vt 0.375000 1.000000
vt 0.343750 0.500000
vt 0.343750 1.000000
vt 0.312500 0.500000
vt 0.312500 1.000000
vt 0.281250 0.500000
vt 0.281250 1.000000
vt 0.250000 0.500000
vt 0.250000 1.000000
vt 0.218750 0.500000
vt 0.218750 1.000000
vt 0.187500 0.500000
vt 0.187500 1.000000
vt 0.156250 0.500000
vt 0.156250 1.000000
vt 0.125000 0.500000
vt 0.125000 1.000000
vt 0.093750 0.500000
vt 0.093750 1.000000
vt 0.062500 0.500000
vt 0.158156 0.028269
vt 0.471731 0.158156
vt 0.341844 0.471731
vt 0.062500 1.000000
vt 0.031250 0.500000
vt 0.031250 1.000000
vt 0.000000 0.500000
vt 0.796822 0.014612
vt 0.514612 0.203178
vt 0.703178 0.485388
vt 0.296822 0.485388
vt 0.250000 0.490000
vt 0.203178 0.485388
vt 0.158156 0.471731
vt 0.116663 0.449553
vt 0.080294 0.419706
vt 0.050447 0.383337
vt 0.028269 0.341844
vt 0.014612 0.296822
vt 0.010000 0.250000
vt 0.014612 0.203178
vt 0.028269 0.158156
vt 0.050447 0.116663
vt 0.080294 0.080294
vt 0.116663 0.050447
vt 0.203178 0.014612
vt 0.250000 0.010000
vt 0.296822 0.014612
vt 0.341844 0.028269
vt 0.383337 0.050447
vt 0.419706 0.080294
vt 0.449553 0.116663
vt 0.485388 0.203178
vt 0.490000 0.250000
vt 0.485388 0.296822
vt 0.471731 0.341844
vt 0.449553 0.383337
vt 0.419706 0.419706
vt 0.383337 0.449553
vt 0.000000 1.000000
vt 0.750000 0.490000
vt 0.796822 0.485388
vt 0.841844 0.471731
vt 0.883337 0.449553
vt 0.919706 0.419706
vt 0.949553 0.383337
vt 0.971731 0.341844
vt 0.985388 0.296822
vt 0.990000 0.250000
vt 0.985388 0.203178
vt 0.971731 0.158156
vt 0.949553 0.116663
vt 0.919706 0.080294
vt 0.883337 0.050447
vt 0.841844 0.028269
vt 0.750000 0.010000
vt 0.703178 0.014612
vt 0.658156 0.028269
vt 0.616663 0.050447
vt 0.580294 0.080294
vt 0.550447 0.116663
vt 0.528269 0.158156
vt 0.510000 0.250000
vt 0.514612 0.296822
vt 0.528269 0.341844
vt 0.550447 0.383337
vt 0.580294 0.419706
vt 0.616663 0.449553
vt 0.658156 0.471731
s 1
g Cylinder.005_M_CoralMusgo.005
usemtl M_CoralMusgo.005
f 3052/3631/2911 3053/3632/2912 3051/3633/2910
f 3054/3634/2913 3055/3635/2914 3053/3632/2912
f 3056/3636/2915 3057/3637/2916 3055/3635/2914
f 3058/3638/2917 3059/3639/2918 3057/3637/2916
f 3060/3640/2919 3061/3641/2920 3059/3639/2918
f 3062/3642/2921 3063/3643/2922 3061/3641/2920
f 3064/3644/2923 3065/3645/2924 3063/3643/2922
f 3066/3646/2925 3067/3647/2926 3065/3645/2924
f 3068/3648/2927 3069/3649/2928 3067/3647/2926
f 3070/3650/2929 3071/3651/2930 3069/3649/2928
f 3072/3652/2931 3073/3653/2932 3071/3651/2930
f 3074/3654/2933 3075/3655/2934 3073/3653/2932
f 3076/3656/2935 3077/3657/2936 3075/3655/2934
f 3078/3658/2937 3079/3659/2938 3077/3657/2936
f 3080/3660/2939 3081/3661/2940 3079/3659/2938
f 3082/3662/2941 3083/3663/2942 3081/3661/2940
f 3084/3664/2943 3085/3665/2944 3083/3663/2942
f 3086/3666/2945 3087/3667/2946 3085/3665/2944
f 3088/3668/2947 3089/3669/2948 3087/3667/2946
f 3090/3670/2949 3091/3671/2950 3089/3669/2948
f 3092/3672/2951 3093/3673/2952 3091/3671/2950
f 3094/3674/2953 3095/3675/2954 3093/3673/2952
f 3096/3676/2955 3097/3677/2956 3095/3675/2954
f 3098/3678/2957 3099/3679/2958 3097/3677/2956
f 3100/3680/2959 3101/3681/2960 3099/3679/2958
f 3102/3682/2961 3103/3683/2962 3101/3681/2960
f 3104/3684/2963 3105/3685/2964 3103/3683/2962
f 3106/3686/2965 3107/3687/2966 3105/3685/2964
f 3108/3688/2967 3109/3689/2968 3107/3687/2966
f 3110/3690/2969 3111/3691/2970 3109/3689/2968
f 3088/3692/2947 3072/3693/2931 3056/3694/2915
f 3112/3695/2971 3113/3696/2972 3111/3691/2970
f 3114/3697/2973 3051/3698/2910 3113/3696/2972
f 3081/3699/2940 3097/3700/2956 3113/3701/2972
f 3052/3631/2911 3054/3634/2913 3053/3632/2912
f 3054/3634/2913 3056/3636/2915 3055/3635/2914
f 3056/3636/2915 3058/3638/2917 3057/3637/2916
f 3058/3638/2917 3060/3640/2919 3059/3639/2918
f 3060/3640/2919 3062/3642/2921 3061/3641/2920
f 3062/3642/2921 3064/3644/2923 3063/3643/2922
f 3064/3644/2923 3066/3646/2925 3065/3645/2924
f 3066/3646/2925 3068/3648/2927 3067/3647/2926
f 3068/3648/2927 3070/3650/2929 3069/3649/2928
f 3070/3650/2929 3072/3652/2931 3071/3651/2930
f 3072/3652/2931 3074/3654/2933 3073/3653/2932
f 3074/3654/2933 3076/3656/2935 3075/3655/2934
f 3076/3656/2935 3078/3658/2937 3077/3657/2936
f 3078/3658/2937 3080/3660/2939 3079/3659/2938
f 3080/3660/2939 3082/3662/2941 3081/3661/2940
f 3082/3662/2941 3084/3664/2943 3083/3663/2942
f 3084/3664/2943 3086/3666/2945 3085/3665/2944
f 3086/3666/2945 3088/3668/2947 3087/3667/2946
f 3088/3668/2947 3090/3670/2949 3089/3669/2948
f 3090/3670/2949 3092/3672/2951 3091/3671/2950
f 3092/3672/2951 3094/3674/2953 3093/3673/2952
f 3094/3674/2953 3096/3676/2955 3095/3675/2954
f 3096/3676/2955 3098/3678/2957 3097/3677/2956
f 3098/3678/2957 3100/3680/2959 3099/3679/2958
f 3100/3680/2959 3102/3682/2961 3101/3681/2960
f 3102/3682/2961 3104/3684/2963 3103/3683/2962
f 3104/3684/2963 3106/3686/2965 3105/3685/2964
f 3106/3686/2965 3108/3688/2967 3107/3687/2966
f 3108/3688/2967 3110/3690/2969 3109/3689/2968
f 3110/3690/2969 3112/3695/2971 3111/3691/2970
f 3056/3694/2915 3054/3702/2913 3052/3703/2911
f 3052/3703/2911 3114/3704/2973 3112/3705/2971
f 3112/3705/2971 3110/3706/2969 3108/3707/2967
f 3108/3707/2967 3106/3708/2965 3104/3709/2963
f 3104/3709/2963 3102/3710/2961 3100/3711/2959
f 3100/3711/2959 3098/3712/2957 3096/3713/2955
f 3096/3713/2955 3094/3714/2953 3092/3715/2951
f 3092/3715/2951 3090/3716/2949 3088/3692/2947
f 3088/3692/2947 3086/3717/2945 3084/3718/2943
f 3084/3718/2943 3082/3719/2941 3080/3720/2939
f 3080/3720/2939 3078/3721/2937 3076/3722/2935
f 3076/3722/2935 3074/3723/2933 3072/3693/2931
f 3072/3693/2931 3070/3724/2929 3068/3725/2927
f 3068/3725/2927 3066/3726/2925 3064/3727/2923
f 3064/3727/2923 3062/3728/2921 3060/3729/2919
f 3060/3729/2919 3058/3730/2917 3056/3694/2915
f 3056/3694/2915 3052/3703/2911 3112/3705/2971
f 3112/3705/2971 3108/3707/2967 3104/3709/2963
f 3104/3709/2963 3100/3711/2959 3096/3713/2955
f 3096/3713/2955 3092/3715/2951 3088/3692/2947
f 3088/3692/2947 3084/3718/2943 3080/3720/2939
f 3080/3720/2939 3076/3722/2935 3072/3693/2931
f 3072/3693/2931 3068/3725/2927 3064/3727/2923
f 3064/3727/2923 3060/3729/2919 3056/3694/2915
f 3056/3694/2915 3112/3705/2971 3104/3709/2963
f 3104/3709/2963 3096/3713/2955 3088/3692/2947
f 3088/3692/2947 3080/3720/2939 3072/3693/2931
f 3072/3693/2931 3064/3727/2923 3056/3694/2915
f 3056/3694/2915 3104/3709/2963 3088/3692/2947
f 3112/3695/2971 3114/3697/2973 3113/3696/2972
f 3114/3697/2973 3052/3731/2911 3051/3698/2910
f 3113/3701/2972 3051/3732/2910 3053/3733/2912
f 3053/3733/2912 3055/3734/2914 3057/3735/2916
f 3057/3735/2916 3059/3736/2918 3061/3737/2920
f 3061/3737/2920 3063/3738/2922 3065/3739/2924
f 3065/3739/2924 3067/3740/2926 3069/3741/2928
f 3069/3741/2928 3071/3742/2930 3073/3743/2932
f 3073/3743/2932 3075/3744/2934 3077/3745/2936
f 3077/3745/2936 3079/3746/2938 3081/3699/2940
f 3081/3699/2940 3083/3747/2942 3085/3748/2944
f 3085/3748/2944 3087/3749/2946 3089/3750/2948
f 3089/3750/2948 3091/3751/2950 3093/3752/2952
f 3093/3752/2952 3095/3753/2954 3097/3700/2956
f 3097/3700/2956 3099/3754/2958 3101/3755/2960
f 3101/3755/2960 3103/3756/2962 3105/3757/2964
f 3105/3757/2964 3107/3758/2966 3109/3759/2968
f 3109/3759/2968 3111/3760/2970 3113/3701/2972
f 3113/3701/2972 3053/3733/2912 3057/3735/2916
f 3057/3735/2916 3061/3737/2920 3065/3739/2924
f 3065/3739/2924 3069/3741/2928 3073/3743/2932
f 3073/3743/2932 3077/3745/2936 3081/3699/2940
f 3081/3699/2940 3085/3748/2944 3089/3750/2948
f 3089/3750/2948 3093/3752/2952 3097/3700/2956
f 3097/3700/2956 3101/3755/2960 3105/3757/2964
f 3105/3757/2964 3109/3759/2968 3113/3701/2972
f 3113/3701/2972 3057/3735/2916 3065/3739/2924
f 3065/3739/2924 3073/3743/2932 3081/3699/2940
f 3081/3699/2940 3089/3750/2948 3097/3700/2956
f 3097/3700/2956 3105/3757/2964 3113/3701/2972
f 3113/3701/2972 3065/3739/2924 3081/3699/2940
o Cylinder.006
v -0.401850 -0.473801 1.659512
v -1.315673 0.294582 2.482322
v -0.426445 -0.470542 1.629153
v -1.340268 0.297841 2.451963
v -0.447068 -0.460890 1.597236
v -1.360890 0.307493 2.420046
v -0.462926 -0.445217 1.564987
v -1.376749 0.323166 2.387796
v -0.473411 -0.424124 1.533644
v -1.387233 0.344259 2.356454
v -0.478118 -0.398422 1.504414
v -1.391941 0.369961 2.327224
v -0.476868 -0.369098 1.478419
v -1.390691 0.399285 2.301228
v -0.469709 -0.337281 1.456657
v -1.383532 0.431102 2.279467
v -0.456915 -0.304191 1.439966
v -1.370738 0.464191 2.262776
v -0.438978 -0.271102 1.428987
v -1.352800 0.497281 2.251796
v -0.416587 -0.239285 1.424141
v -1.330410 0.529098 2.246951
v -0.390603 -0.209961 1.425615
v -1.304426 0.558422 2.248425
v -0.362025 -0.184259 1.433353
v -1.275848 0.584124 2.256162
v -0.331951 -0.163166 1.447056
v -1.245774 0.605217 2.269866
v -0.301536 -0.147493 1.466198
v -1.215358 0.620890 2.289008
v -0.271949 -0.137841 1.490045
v -1.185772 0.630542 2.312854
v -0.244327 -0.134582 1.517678
v -1.158150 0.633801 2.340488
v -0.219732 -0.137841 1.548037
v -1.133555 0.630542 2.370847
v -0.199110 -0.147493 1.579954
v -1.112932 0.620890 2.402764
v -0.183251 -0.163166 1.612204
v -1.097074 0.605217 2.435013
v -0.172767 -0.184259 1.643546
v -1.086589 0.584124 2.466356
v -0.168059 -0.209961 1.672776
v -1.081882 0.558422 2.495586
v -0.169309 -0.239285 1.698772
v -1.083132 0.529098 2.521581
v -0.176468 -0.271102 1.720533
v -1.090291 0.497281 2.543343
v -0.189262 -0.304191 1.737224
v -1.103085 0.464191 2.560034
v -0.207200 -0.337281 1.748204
v -1.121022 0.431102 2.571013
v -0.229590 -0.369098 1.753049
v -1.143413 0.399285 2.575859
v -0.255574 -0.398422 1.751575
v -1.169396 0.369961 2.574385
v -0.284152 -0.424124 1.743838
v -1.197975 0.344259 2.566647
v -0.314226 -0.445217 1.730134
v -1.228049 0.323166 2.552944
v -0.344642 -0.460890 1.710992
v -1.258464 0.307493 2.533802
v -0.374228 -0.470542 1.687146
v -1.288051 0.297841 2.509955
vn 0.1455 -0.9806 -0.1310
vn -0.7188 -0.2539 0.6472
vn 0.0560 -0.9688 -0.2415
vn -0.8083 -0.2421 0.5367
vn -0.0191 -0.9337 -0.3577
vn -0.8834 -0.2070 0.4205
vn -0.0768 -0.8766 -0.4750
vn -0.9411 -0.1499 0.3032
vn -0.1149 -0.7998 -0.5891
vn -0.9792 -0.0731 0.1891
vn -0.1321 -0.7063 -0.6955
vn -0.9964 0.0204 0.0827
vn -0.1275 -0.5996 -0.7901
vn -0.9918 0.1271 -0.0119
vn -0.1015 -0.4838 -0.8693
vn -0.9658 0.2429 -0.0911
vn -0.0549 -0.3634 -0.9300
vn -0.9192 0.3634 -0.1518
vn 0.0104 -0.2429 -0.9700
vn -0.8539 0.4838 -0.1918
vn 0.0919 -0.1271 -0.9876
vn -0.7724 0.5996 -0.2095
vn 0.1864 -0.0204 -0.9823
vn -0.6779 0.7063 -0.2040
vn 0.2904 0.0731 -0.9541
vn -0.5738 0.7998 -0.1759
vn 0.3999 0.1499 -0.9042
vn -0.4644 0.8766 -0.1260
vn 0.5106 0.2069 -0.8346
vn -0.3537 0.9337 -0.0564
vn 0.6183 0.2421 -0.7478
vn -0.2460 0.9688 0.0304
vn 0.7188 0.2539 -0.6472
vn -0.1455 0.9806 0.1310
vn 0.8083 0.2421 -0.5367
vn -0.0560 0.9688 0.2415
vn 0.8834 0.2069 -0.4206
vn 0.0191 0.9337 0.3576
vn 0.9411 0.1499 -0.3032
vn 0.0768 0.8766 0.4750
vn 0.9792 0.0731 -0.1891
vn 0.1150 0.7998 0.5891
vn 0.9964 -0.0204 -0.0827
vn 0.1321 0.7063 0.6955
vn 0.9918 -0.1271 0.0119
vn 0.1276 0.5996 0.7901
vn 0.9658 -0.2429 0.0911
vn 0.1015 0.4838 0.8693
vn 0.9192 -0.3634 0.1518
vn 0.0549 0.3634 0.9300
vn 0.8539 -0.4838 0.1918
vn -0.0104 0.2429 0.9700
vn 0.7724 -0.5996 0.2094
vn -0.0918 0.1271 0.9876
vn 0.6779 -0.7063 0.2041
vn -0.1864 0.0204 0.9823
vn 0.5739 -0.7998 0.1759
vn -0.2904 -0.0731 0.9541
vn 0.4644 -0.8766 0.1260
vn -0.3999 -0.1499 0.9042
vn 0.3537 -0.9337 0.0564
vn -0.5106 -0.2070 0.8346
vn 0.2460 -0.9688 -0.0304
vn -0.6183 -0.2421 0.7478
vt 1.000000 1.000000
vt 0.968750 0.500000
vt 1.000000 0.500000
vt 0.968750 1.000000
vt 0.937500 0.500000
vt 0.937500 1.000000
vt 0.906250 0.500000
vt 0.906250 1.000000
vt 0.875000 0.500000
vt 0.875000 1.000000
vt 0.843750 0.500000
vt 0.843750 1.000000
vt 0.812500 0.500000
vt 0.812500 1.000000
vt 0.781250 0.500000
vt 0.781250 1.000000
vt 0.750000 0.500000
vt 0.750000 1.000000
vt 0.718750 0.500000
vt 0.718750 1.000000
vt 0.687500 0.500000
vt 0.687500 1.000000
vt 0.656250 0.500000
vt 0.656250 1.000000
vt 0.625000 0.500000
vt 0.625000 1.000000
vt 0.593750 0.500000
vt 0.593750 1.000000
vt 0.562500 0.500000
vt 0.562500 1.000000
vt 0.531250 0.500000
vt 0.531250 1.000000
vt 0.500000 0.500000
vt 0.500000 1.000000
vt 0.468750 0.500000
vt 0.468750 1.000000
vt 0.437500 0.500000
vt 0.437500 1.000000
vt 0.406250 0.500000
vt 0.406250 1.000000
vt 0.375000 0.500000
vt 0.375000 1.000000
vt 0.343750 0.500000
vt 0.343750 1.000000
vt 0.312500 0.500000
vt 0.312500 1.000000
vt 0.281250 0.500000
vt 0.281250 1.000000
vt 0.250000 0.500000
vt 0.250000 1.000000
vt 0.218750 0.500000
vt 0.218750 1.000000
vt 0.187500 0.500000
vt 0.187500 1.000000
vt 0.156250 0.500000
vt 0.156250 1.000000
vt 0.125000 0.500000
vt 0.125000 1.000000
vt 0.093750 0.500000
vt 0.093750 1.000000
vt 0.062500 0.500000
vt 0.158156 0.028269
vt 0.471731 0.158156
vt 0.341844 0.471731
vt 0.062500 1.000000
vt 0.031250 0.500000
vt 0.031250 1.000000
vt 0.000000 0.500000
vt 0.796822 0.014612
vt 0.514612 0.203178
vt 0.703178 0.485388
vt 0.296822 0.485388
vt 0.250000 0.490000
vt 0.203178 0.485388
vt 0.158156 0.471731
vt 0.116663 0.449553
vt 0.080294 0.419706
vt 0.050447 0.383337
vt 0.028269 0.341844
vt 0.014612 0.296822
vt 0.010000 0.250000
vt 0.014612 0.203178
vt 0.028269 0.158156
vt 0.050447 0.116663
vt 0.080294 0.080294
vt 0.116663 0.050447
vt 0.203178 0.014612
vt 0.250000 0.010000
vt 0.296822 0.014612
vt 0.341844 0.028269
vt 0.383337 0.050447
vt 0.419706 0.080294
vt 0.449553 0.116663
vt 0.485388 0.203178
vt 0.490000 0.250000
vt 0.485388 0.296822
vt 0.471731 0.341844
vt 0.449553 0.383337
vt 0.419706 0.419706
vt 0.383337 0.449553
vt 0.000000 1.000000
vt 0.750000 0.490000
vt 0.796822 0.485388
vt 0.841844 0.471731
vt 0.883337 0.449553
vt 0.919706 0.419706
vt 0.949553 0.383337
vt 0.971731 0.341844
vt 0.985388 0.296822
vt 0.990000 0.250000
vt 0.985388 0.203178
vt 0.971731 0.158156
vt 0.949553 0.116663
vt 0.919706 0.080294
vt 0.883337 0.050447
vt 0.841844 0.028269
vt 0.750000 0.010000
vt 0.703178 0.014612
vt 0.658156 0.028269
vt 0.616663 0.050447
vt 0.580294 0.080294
vt 0.550447 0.116663
vt 0.528269 0.158156
vt 0.510000 0.250000
vt 0.514612 0.296822
vt 0.528269 0.341844
vt 0.550447 0.383337
vt 0.580294 0.419706
vt 0.616663 0.449553
vt 0.658156 0.471731
s 1
g Cylinder.006_M_CoralPed.008
usemtl M_CoralPed.008
f 3116/3761/2975 3117/3762/2976 3115/3763/2974
f 3118/3764/2977 3119/3765/2978 3117/3762/2976
f 3120/3766/2979 3121/3767/2980 3119/3765/2978
f 3122/3768/2981 3123/3769/2982 3121/3767/2980
f 3124/3770/2983 3125/3771/2984 3123/3769/2982
f 3126/3772/2985 3127/3773/2986 3125/3771/2984
f 3128/3774/2987 3129/3775/2988 3127/3773/2986
f 3130/3776/2989 3131/3777/2990 3129/3775/2988
f 3132/3778/2991 3133/3779/2992 3131/3777/2990
f 3134/3780/2993 3135/3781/2994 3133/3779/2992
f 3136/3782/2995 3137/3783/2996 3135/3781/2994
f 3138/3784/2997 3139/3785/2998 3137/3783/2996
f 3140/3786/2999 3141/3787/3000 3139/3785/2998
f 3142/3788/3001 3143/3789/3002 3141/3787/3000
f 3144/3790/3003 3145/3791/3004 3143/3789/3002
f 3146/3792/3005 3147/3793/3006 3145/3791/3004
f 3148/3794/3007 3149/3795/3008 3147/3793/3006
f 3150/3796/3009 3151/3797/3010 3149/3795/3008
f 3152/3798/3011 3153/3799/3012 3151/3797/3010
f 3154/3800/3013 3155/3801/3014 3153/3799/3012
f 3156/3802/3015 3157/3803/3016 3155/3801/3014
f 3158/3804/3017 3159/3805/3018 3157/3803/3016
f 3160/3806/3019 3161/3807/3020 3159/3805/3018
f 3162/3808/3021 3163/3809/3022 3161/3807/3020
f 3164/3810/3023 3165/3811/3024 3163/3809/3022
f 3166/3812/3025 3167/3813/3026 3165/3811/3024
f 3168/3814/3027 3169/3815/3028 3167/3813/3026
f 3170/3816/3029 3171/3817/3030 3169/3815/3028
f 3172/3818/3031 3173/3819/3032 3171/3817/3030
f 3174/3820/3033 3175/3821/3034 3173/3819/3032
f 3152/3822/3011 3136/3823/2995 3120/3824/2979
f 3176/3825/3035 3177/3826/3036 3175/3821/3034
f 3178/3827/3037 3115/3828/2974 3177/3826/3036
f 3145/3829/3004 3161/3830/3020 3177/3831/3036
f 3116/3761/2975 3118/3764/2977 3117/3762/2976
f 3118/3764/2977 3120/3766/2979 3119/3765/2978
f 3120/3766/2979 3122/3768/2981 3121/3767/2980
f 3122/3768/2981 3124/3770/2983 3123/3769/2982
f 3124/3770/2983 3126/3772/2985 3125/3771/2984
f 3126/3772/2985 3128/3774/2987 3127/3773/2986
f 3128/3774/2987 3130/3776/2989 3129/3775/2988
f 3130/3776/2989 3132/3778/2991 3131/3777/2990
f 3132/3778/2991 3134/3780/2993 3133/3779/2992
f 3134/3780/2993 3136/3782/2995 3135/3781/2994
f 3136/3782/2995 3138/3784/2997 3137/3783/2996
f 3138/3784/2997 3140/3786/2999 3139/3785/2998
f 3140/3786/2999 3142/3788/3001 3141/3787/3000
f 3142/3788/3001 3144/3790/3003 3143/3789/3002
f 3144/3790/3003 3146/3792/3005 3145/3791/3004
f 3146/3792/3005 3148/3794/3007 3147/3793/3006
f 3148/3794/3007 3150/3796/3009 3149/3795/3008
f 3150/3796/3009 3152/3798/3011 3151/3797/3010
f 3152/3798/3011 3154/3800/3013 3153/3799/3012
f 3154/3800/3013 3156/3802/3015 3155/3801/3014
f 3156/3802/3015 3158/3804/3017 3157/3803/3016
f 3158/3804/3017 3160/3806/3019 3159/3805/3018
f 3160/3806/3019 3162/3808/3021 3161/3807/3020
f 3162/3808/3021 3164/3810/3023 3163/3809/3022
f 3164/3810/3023 3166/3812/3025 3165/3811/3024
f 3166/3812/3025 3168/3814/3027 3167/3813/3026
f 3168/3814/3027 3170/3816/3029 3169/3815/3028
f 3170/3816/3029 3172/3818/3031 3171/3817/3030
f 3172/3818/3031 3174/3820/3033 3173/3819/3032
f 3174/3820/3033 3176/3825/3035 3175/3821/3034
f 3120/3824/2979 3118/3832/2977 3116/3833/2975
f 3116/3833/2975 3178/3834/3037 3176/3835/3035
f 3176/3835/3035 3174/3836/3033 3172/3837/3031
f 3172/3837/3031 3170/3838/3029 3168/3839/3027
f 3168/3839/3027 3166/3840/3025 3164/3841/3023
f 3164/3841/3023 3162/3842/3021 3160/3843/3019
f 3160/3843/3019 3158/3844/3017 3156/3845/3015
f 3156/3845/3015 3154/3846/3013 3152/3822/3011
f 3152/3822/3011 3150/3847/3009 3148/3848/3007
f 3148/3848/3007 3146/3849/3005 3144/3850/3003
f 3144/3850/3003 3142/3851/3001 3140/3852/2999
f 3140/3852/2999 3138/3853/2997 3136/3823/2995
f 3136/3823/2995 3134/3854/2993 3132/3855/2991
f 3132/3855/2991 3130/3856/2989 3128/3857/2987
f 3128/3857/2987 3126/3858/2985 3124/3859/2983
f 3124/3859/2983 3122/3860/2981 3120/3824/2979
f 3120/3824/2979 3116/3833/2975 3176/3835/3035
f 3176/3835/3035 3172/3837/3031 3168/3839/3027
f 3168/3839/3027 3164/3841/3023 3160/3843/3019
f 3160/3843/3019 3156/3845/3015 3152/3822/3011
f 3152/3822/3011 3148/3848/3007 3144/3850/3003
f 3144/3850/3003 3140/3852/2999 3136/3823/2995
f 3136/3823/2995 3132/3855/2991 3128/3857/2987
f 3128/3857/2987 3124/3859/2983 3120/3824/2979
f 3120/3824/2979 3176/3835/3035 3168/3839/3027
f 3168/3839/3027 3160/3843/3019 3152/3822/3011
f 3152/3822/3011 3144/3850/3003 3136/3823/2995
f 3136/3823/2995 3128/3857/2987 3120/3824/2979
f 3120/3824/2979 3168/3839/3027 3152/3822/3011
f 3176/3825/3035 3178/3827/3037 3177/3826/3036
f 3178/3827/3037 3116/3861/2975 3115/3828/2974
f 3177/3831/3036 3115/3862/2974 3117/3863/2976
f 3117/3863/2976 3119/3864/2978 3121/3865/2980
f 3121/3865/2980 3123/3866/2982 3125/3867/2984
f 3125/3867/2984 3127/3868/2986 3129/3869/2988
f 3129/3869/2988 3131/3870/2990 3133/3871/2992
f 3133/3871/2992 3135/3872/2994 3137/3873/2996
f 3137/3873/2996 3139/3874/2998 3141/3875/3000
f 3141/3875/3000 3143/3876/3002 3145/3829/3004
f 3145/3829/3004 3147/3877/3006 3149/3878/3008
f 3149/3878/3008 3151/3879/3010 3153/3880/3012
f 3153/3880/3012 3155/3881/3014 3157/3882/3016
f 3157/3882/3016 3159/3883/3018 3161/3830/3020
f 3161/3830/3020 3163/3884/3022 3165/3885/3024
f 3165/3885/3024 3167/3886/3026 3169/3887/3028
f 3169/3887/3028 3171/3888/3030 3173/3889/3032
f 3173/3889/3032 3175/3890/3034 3177/3831/3036
f 3177/3831/3036 3117/3863/2976 3121/3865/2980
f 3121/3865/2980 3125/3867/2984 3129/3869/2988
f 3129/3869/2988 3133/3871/2992 3137/3873/2996
f 3137/3873/2996 3141/3875/3000 3145/3829/3004
f 3145/3829/3004 3149/3878/3008 3153/3880/3012
f 3153/3880/3012 3157/3882/3016 3161/3830/3020
f 3161/3830/3020 3165/3885/3024 3169/3887/3028
f 3169/3887/3028 3173/3889/3032 3177/3831/3036
f 3177/3831/3036 3121/3865/2980 3129/3869/2988
f 3129/3869/2988 3137/3873/2996 3145/3829/3004
f 3145/3829/3004 3153/3880/3012 3161/3830/3020
f 3161/3830/3020 3169/3887/3028 3177/3831/3036
f 3177/3831/3036 3129/3869/2988 3145/3829/3004
o Cylinder.007
v -1.111491 -0.036523 1.578355
v -1.237536 0.069460 1.691846
v -1.141005 -0.032613 1.541924
v -1.267050 0.073371 1.655415
v -1.165753 -0.021031 1.503624
v -1.291797 0.084953 1.617115
v -1.184783 -0.002222 1.464924
v -1.310827 0.103762 1.578415
v -1.197364 0.023090 1.427314
v -1.323409 0.129073 1.540805
v -1.203014 0.053932 1.392237
v -1.329058 0.159916 1.505728
v -1.201514 0.089120 1.361043
v -1.327558 0.195104 1.474534
v -1.192922 0.127301 1.334929
v -1.318967 0.233285 1.448420
v -1.177569 0.167008 1.314900
v -1.303614 0.272992 1.428391
v -1.156045 0.206715 1.301724
v -1.282089 0.312699 1.415215
v -1.129176 0.244896 1.295910
v -1.255221 0.350880 1.409401
v -1.097996 0.280084 1.297679
v -1.224040 0.386068 1.411170
v -1.063702 0.310927 1.306963
v -1.189746 0.416910 1.420455
v -1.027612 0.336238 1.323407
v -1.153657 0.442222 1.436898
v -0.991114 0.355047 1.346378
v -1.117159 0.461031 1.459870
v -0.955610 0.366629 1.374994
v -1.081655 0.472613 1.488485
v -0.922464 0.370540 1.408154
v -1.048509 0.476523 1.521645
v -0.892950 0.366629 1.444584
v -1.018995 0.472613 1.558075
v -0.868203 0.355047 1.482885
v -0.994247 0.461031 1.596376
v -0.849173 0.336238 1.521585
v -0.975217 0.442222 1.635076
v -0.836591 0.310927 1.559195
v -0.962636 0.416910 1.672686
v -0.830942 0.280084 1.594272
v -0.956987 0.386068 1.707763
v -0.832442 0.244896 1.625466
v -0.958486 0.350880 1.738957
v -0.841033 0.206715 1.651580
v -0.967078 0.312699 1.765071
v -0.856386 0.167008 1.671609
v -0.982431 0.272992 1.785100
v -0.877911 0.127301 1.684784
v -1.003955 0.233285 1.798275
v -0.904780 0.089120 1.690599
v -1.030824 0.195104 1.804090
v -0.935960 0.053932 1.688830
v -1.062004 0.159916 1.802321
v -0.970254 0.023090 1.679545
v -1.096298 0.129073 1.793036
v -1.006343 -0.002222 1.663101
v -1.132388 0.103762 1.776592
v -1.042841 -0.021031 1.640130
v -1.168886 0.084953 1.753621
v -1.078346 -0.032613 1.611515
v -1.204390 0.073371 1.725006
vn 0.1455 -0.9806 -0.1310
vn -0.7188 -0.2539 0.6472
vn 0.0560 -0.9688 -0.2415
vn -0.8083 -0.2420 0.5367
vn -0.0191 -0.9337 -0.3577
vn -0.8834 -0.2069 0.4205
vn -0.0768 -0.8766 -0.4750
vn -0.9411 -0.1499 0.3032
vn -0.1149 -0.7998 -0.5891
vn -0.9792 -0.0731 0.1891
vn -0.1321 -0.7063 -0.6955
vn -0.9964 0.0204 0.0827
vn -0.1275 -0.5996 -0.7901
vn -0.9918 0.1271 -0.0119
vn -0.1015 -0.4838 -0.8693
vn -0.9658 0.2429 -0.0911
vn -0.0549 -0.3634 -0.9300
vn -0.9192 0.3634 -0.1518
vn 0.0104 -0.2429 -0.9700
vn -0.8539 0.4838 -0.1918
vn 0.0919 -0.1271 -0.9876
vn -0.7724 0.5996 -0.2094
vn 0.1864 -0.0204 -0.9823
vn -0.6779 0.7063 -0.2040
vn 0.2904 0.0731 -0.9541
vn -0.5739 0.7998 -0.1759
vn 0.3999 0.1499 -0.9042
vn -0.4644 0.8766 -0.1260
vn 0.5106 0.2069 -0.8346
vn -0.3537 0.9337 -0.0564
vn 0.6183 0.2421 -0.7478
vn -0.2460 0.9688 0.0304
vn 0.7188 0.2539 -0.6472
vn -0.1455 0.9806 0.1310
vn 0.8083 0.2421 -0.5367
vn -0.0560 0.9688 0.2415
vn 0.8834 0.2069 -0.4206
vn 0.0191 0.9337 0.3576
vn 0.9411 0.1499 -0.3032
vn 0.0768 0.8766 0.4750
vn 0.9792 0.0731 -0.1891
vn 0.1149 0.7998 0.5891
vn 0.9964 -0.0204 -0.0827
vn 0.1321 0.7063 0.6955
vn 0.9918 -0.1272 0.0119
vn 0.1276 0.5996 0.7901
vn 0.9658 -0.2429 0.0911
vn 0.1015 0.4838 0.8693
vn 0.9192 -0.3634 0.1518
vn 0.0549 0.3634 0.9300
vn 0.8539 -0.4838 0.1918
vn -0.0104 0.2429 0.9700
vn 0.7724 -0.5996 0.2094
vn -0.0918 0.1271 0.9876
vn 0.6779 -0.7063 0.2041
vn -0.1864 0.0204 0.9823
vn 0.5739 -0.7998 0.1759
vn -0.2904 -0.0731 0.9541
vn 0.4644 -0.8766 0.1260
vn -0.3999 -0.1499 0.9042
vn 0.3537 -0.9337 0.0563
vn -0.5106 -0.2070 0.8346
vn 0.2460 -0.9688 -0.0304
vn -0.6183 -0.2420 0.7478
vt 1.000000 1.000000
vt 0.968750 0.500000
vt 1.000000 0.500000
vt 0.968750 1.000000
vt 0.937500 0.500000
vt 0.937500 1.000000
vt 0.906250 0.500000
vt 0.906250 1.000000
vt 0.875000 0.500000
vt 0.875000 1.000000
vt 0.843750 0.500000
vt 0.843750 1.000000
vt 0.812500 0.500000
vt 0.812500 1.000000
vt 0.781250 0.500000
vt 0.781250 1.000000
vt 0.750000 0.500000
vt 0.750000 1.000000
vt 0.718750 0.500000
vt 0.718750 1.000000
vt 0.687500 0.500000
vt 0.687500 1.000000
vt 0.656250 0.500000
vt 0.656250 1.000000
vt 0.625000 0.500000
vt 0.625000 1.000000
vt 0.593750 0.500000
vt 0.593750 1.000000
vt 0.562500 0.500000
vt 0.562500 1.000000
vt 0.531250 0.500000
vt 0.531250 1.000000
vt 0.500000 0.500000
vt 0.500000 1.000000
vt 0.468750 0.500000
vt 0.468750 1.000000
vt 0.437500 0.500000
vt 0.437500 1.000000
vt 0.406250 0.500000
vt 0.406250 1.000000
vt 0.375000 0.500000
vt 0.375000 1.000000
vt 0.343750 0.500000
vt 0.343750 1.000000
vt 0.312500 0.500000
vt 0.312500 1.000000
vt 0.281250 0.500000
vt 0.281250 1.000000
vt 0.250000 0.500000
vt 0.250000 1.000000
vt 0.218750 0.500000
vt 0.218750 1.000000
vt 0.187500 0.500000
vt 0.187500 1.000000
vt 0.156250 0.500000
vt 0.156250 1.000000
vt 0.125000 0.500000
vt 0.125000 1.000000
vt 0.093750 0.500000
vt 0.093750 1.000000
vt 0.062500 0.500000
vt 0.158156 0.028269
vt 0.471731 0.158156
vt 0.341844 0.471731
vt 0.062500 1.000000
vt 0.031250 0.500000
vt 0.031250 1.000000
vt 0.000000 0.500000
vt 0.796822 0.014612
vt 0.514612 0.203178
vt 0.703178 0.485388
vt 0.296822 0.485388
vt 0.250000 0.490000
vt 0.203178 0.485388
vt 0.158156 0.471731
vt 0.116663 0.449553
vt 0.080294 0.419706
vt 0.050447 0.383337
vt 0.028269 0.341844
vt 0.014612 0.296822
vt 0.010000 0.250000
vt 0.014612 0.203178
vt 0.028269 0.158156
vt 0.050447 0.116663
vt 0.080294 0.080294
vt 0.116663 0.050447
vt 0.203178 0.014612
vt 0.250000 0.010000
vt 0.296822 0.014612
vt 0.341844 0.028269
vt 0.383337 0.050447
vt 0.419706 0.080294
vt 0.449553 0.116663
vt 0.485388 0.203178
vt 0.490000 0.250000
vt 0.485388 0.296822
vt 0.471731 0.341844
vt 0.449553 0.383337
vt 0.419706 0.419706
vt 0.383337 0.449553
vt 0.000000 1.000000
vt 0.750000 0.490000
vt 0.796822 0.485388
vt 0.841844 0.471731
vt 0.883337 0.449553
vt 0.919706 0.419706
vt 0.949553 0.383337
vt 0.971731 0.341844
vt 0.985388 0.296822
vt 0.990000 0.250000
vt 0.985388 0.203178
vt 0.971731 0.158156
vt 0.949553 0.116663
vt 0.919706 0.080294
vt 0.883337 0.050447
vt 0.841844 0.028269
vt 0.750000 0.010000
vt 0.703178 0.014612
vt 0.658156 0.028269
vt 0.616663 0.050447
vt 0.580294 0.080294
vt 0.550447 0.116663
vt 0.528269 0.158156
vt 0.510000 0.250000
vt 0.514612 0.296822
vt 0.528269 0.341844
vt 0.550447 0.383337
vt 0.580294 0.419706
vt 0.616663 0.449553
vt 0.658156 0.471731
s 1
g Cylinder.007_M_CoralMusgo.006
usemtl M_CoralMusgo.006
f 3180/3891/3039 3181/3892/3040 3179/3893/3038
f 3182/3894/3041 3183/3895/3042 3181/3892/3040
f 3184/3896/3043 3185/3897/3044 3183/3895/3042
f 3186/3898/3045 3187/3899/3046 3185/3897/3044
f 3188/3900/3047 3189/3901/3048 3187/3899/3046
f 3190/3902/3049 3191/3903/3050 3189/3901/3048
f 3192/3904/3051 3193/3905/3052 3191/3903/3050
f 3194/3906/3053 3195/3907/3054 3193/3905/3052
f 3196/3908/3055 3197/3909/3056 3195/3907/3054
f 3198/3910/3057 3199/3911/3058 3197/3909/3056
f 3200/3912/3059 3201/3913/3060 3199/3911/3058
f 3202/3914/3061 3203/3915/3062 3201/3913/3060
f 3204/3916/3063 3205/3917/3064 3203/3915/3062
f 3206/3918/3065 3207/3919/3066 3205/3917/3064
f 3208/3920/3067 3209/3921/3068 3207/3919/3066
f 3210/3922/3069 3211/3923/3070 3209/3921/3068
f 3212/3924/3071 3213/3925/3072 3211/3923/3070
f 3214/3926/3073 3215/3927/3074 3213/3925/3072
f 3216/3928/3075 3217/3929/3076 3215/3927/3074
f 3218/3930/3077 3219/3931/3078 3217/3929/3076
f 3220/3932/3079 3221/3933/3080 3219/3931/3078
f 3222/3934/3081 3223/3935/3082 3221/3933/3080
f 3224/3936/3083 3225/3937/3084 3223/3935/3082
f 3226/3938/3085 3227/3939/3086 3225/3937/3084
f 3228/3940/3087 3229/3941/3088 3227/3939/3086
f 3230/3942/3089 3231/3943/3090 3229/3941/3088
f 3232/3944/3091 3233/3945/3092 3231/3943/3090
f 3234/3946/3093 3235/3947/3094 3233/3945/3092
f 3236/3948/3095 3237/3949/3096 3235/3947/3094
f 3238/3950/3097 3239/3951/3098 3237/3949/3096
f 3216/3952/3075 3200/3953/3059 3184/3954/3043
f 3240/3955/3099 3241/3956/3100 3239/3951/3098
f 3242/3957/3101 3179/3958/3038 3241/3956/3100
f 3209/3959/3068 3225/3960/3084 3241/3961/3100
f 3180/3891/3039 3182/3894/3041 3181/3892/3040
f 3182/3894/3041 3184/3896/3043 3183/3895/3042
f 3184/3896/3043 3186/3898/3045 3185/3897/3044
f 3186/3898/3045 3188/3900/3047 3187/3899/3046
f 3188/3900/3047 3190/3902/3049 3189/3901/3048
f 3190/3902/3049 3192/3904/3051 3191/3903/3050
f 3192/3904/3051 3194/3906/3053 3193/3905/3052
f 3194/3906/3053 3196/3908/3055 3195/3907/3054
f 3196/3908/3055 3198/3910/3057 3197/3909/3056
f 3198/3910/3057 3200/3912/3059 3199/3911/3058
f 3200/3912/3059 3202/3914/3061 3201/3913/3060
f 3202/3914/3061 3204/3916/3063 3203/3915/3062
f 3204/3916/3063 3206/3918/3065 3205/3917/3064
f 3206/3918/3065 3208/3920/3067 3207/3919/3066
f 3208/3920/3067 3210/3922/3069 3209/3921/3068
f 3210/3922/3069 3212/3924/3071 3211/3923/3070
f 3212/3924/3071 3214/3926/3073 3213/3925/3072
f 3214/3926/3073 3216/3928/3075 3215/3927/3074
f 3216/3928/3075 3218/3930/3077 3217/3929/3076
f 3218/3930/3077 3220/3932/3079 3219/3931/3078
f 3220/3932/3079 3222/3934/3081 3221/3933/3080
f 3222/3934/3081 3224/3936/3083 3223/3935/3082
f 3224/3936/3083 3226/3938/3085 3225/3937/3084
f 3226/3938/3085 3228/3940/3087 3227/3939/3086
f 3228/3940/3087 3230/3942/3089 3229/3941/3088
f 3230/3942/3089 3232/3944/3091 3231/3943/3090
f 3232/3944/3091 3234/3946/3093 3233/3945/3092
f 3234/3946/3093 3236/3948/3095 3235/3947/3094
f 3236/3948/3095 3238/3950/3097 3237/3949/3096
f 3238/3950/3097 3240/3955/3099 3239/3951/3098
f 3184/3954/3043 3182/3962/3041 3180/3963/3039
f 3180/3963/3039 3242/3964/3101 3240/3965/3099
f 3240/3965/3099 3238/3966/3097 3236/3967/3095
f 3236/3967/3095 3234/3968/3093 3232/3969/3091
f 3232/3969/3091 3230/3970/3089 3228/3971/3087
f 3228/3971/3087 3226/3972/3085 3224/3973/3083
f 3224/3973/3083 3222/3974/3081 3220/3975/3079
f 3220/3975/3079 3218/3976/3077 3216/3952/3075
f 3216/3952/3075 3214/3977/3073 3212/3978/3071
f 3212/3978/3071 3210/3979/3069 3208/3980/3067
f 3208/3980/3067 3206/3981/3065 3204/3982/3063
f 3204/3982/3063 3202/3983/3061 3200/3953/3059
f 3200/3953/3059 3198/3984/3057 3196/3985/3055
f 3196/3985/3055 3194/3986/3053 3192/3987/3051
f 3192/3987/3051 3190/3988/3049 3188/3989/3047
f 3188/3989/3047 3186/3990/3045 3184/3954/3043
f 3184/3954/3043 3180/3963/3039 3240/3965/3099
f 3240/3965/3099 3236/3967/3095 3232/3969/3091
f 3232/3969/3091 3228/3971/3087 3224/3973/3083
f 3224/3973/3083 3220/3975/3079 3216/3952/3075
f 3216/3952/3075 3212/3978/3071 3208/3980/3067
f 3208/3980/3067 3204/3982/3063 3200/3953/3059
f 3200/3953/3059 3196/3985/3055 3192/3987/3051
f 3192/3987/3051 3188/3989/3047 3184/3954/3043
f 3184/3954/3043 3240/3965/3099 3232/3969/3091
f 3232/3969/3091 3224/3973/3083 3216/3952/3075
f 3216/3952/3075 3208/3980/3067 3200/3953/3059
f 3200/3953/3059 3192/3987/3051 3184/3954/3043
f 3184/3954/3043 3232/3969/3091 3216/3952/3075
f 3240/3955/3099 3242/3957/3101 3241/3956/3100
f 3242/3957/3101 3180/3991/3039 3179/3958/3038
f 3241/3961/3100 3179/3992/3038 3181/3993/3040
f 3181/3993/3040 3183/3994/3042 3185/3995/3044
f 3185/3995/3044 3187/3996/3046 3189/3997/3048
f 3189/3997/3048 3191/3998/3050 3193/3999/3052
f 3193/3999/3052 3195/4000/3054 3197/4001/3056
f 3197/4001/3056 3199/4002/3058 3201/4003/3060
f 3201/4003/3060 3203/4004/3062 3205/4005/3064
f 3205/4005/3064 3207/4006/3066 3209/3959/3068
f 3209/3959/3068 3211/4007/3070 3213/4008/3072
f 3213/4008/3072 3215/4009/3074 3217/4010/3076
f 3217/4010/3076 3219/4011/3078 3221/4012/3080
f 3221/4012/3080 3223/4013/3082 3225/3960/3084
f 3225/3960/3084 3227/4014/3086 3229/4015/3088
f 3229/4015/3088 3231/4016/3090 3233/4017/3092
f 3233/4017/3092 3235/4018/3094 3237/4019/3096
f 3237/4019/3096 3239/4020/3098 3241/3961/3100
f 3241/3961/3100 3181/3993/3040 3185/3995/3044
f 3185/3995/3044 3189/3997/3048 3193/3999/3052
f 3193/3999/3052 3197/4001/3056 3201/4003/3060
f 3201/4003/3060 3205/4005/3064 3209/3959/3068
f 3209/3959/3068 3213/4008/3072 3217/4010/3076
f 3217/4010/3076 3221/4012/3080 3225/3960/3084
f 3225/3960/3084 3229/4015/3088 3233/4017/3092
f 3233/4017/3092 3237/4019/3096 3241/3961/3100
f 3241/3961/3100 3185/3995/3044 3193/3999/3052
f 3193/3999/3052 3201/4003/3060 3209/3959/3068
f 3209/3959/3068 3217/4010/3076 3225/3960/3084
f 3225/3960/3084 3233/4017/3092 3241/3961/3100
f 3241/3961/3100 3193/3999/3052 3209/3959/3068
o Cube.001
v 0.327500 0.513300 2.517700
v 0.327500 0.513300 2.582300
v 0.327500 0.486700 2.517700
v 0.327500 0.486700 2.582300
v 0.232500 0.513300 2.517700
v 0.232500 0.513300 2.582300
v 0.232500 0.486700 2.517700
v 0.232500 0.486700 2.582300
vn 1.0000 -0.0000 -0.0000
vn -0.0000 -1.0000 -0.0000
vn -1.0000 -0.0000 -0.0000
vn -0.0000 1.0000 -0.0000
vn -0.0000 -0.0000 -1.0000
vn -0.0000 -0.0000 1.0000
vt 0.625000 0.000000
vt 0.375000 0.250000
vt 0.375000 0.000000
vt 0.625000 0.250000
vt 0.375000 0.500000
vt 0.625000 0.500000
vt 0.375000 0.750000
vt 0.625000 0.750000
vt 0.375000 1.000000
vt 0.125000 0.750000
vt 0.125000 0.500000
vt 0.875000 0.500000
vt 0.625000 1.000000
vt 0.875000 0.750000
s 0
g Cube.001_M_CoralBio.006
usemtl M_CoralBio.006
f 3244/4021/3102 3245/4022/3102 3243/4023/3102
f 3246/4024/3103 3249/4025/3103 3245/4022/3103
f 3250/4026/3104 3247/4027/3104 3249/4025/3104
f 3248/4028/3105 3243/4029/3105 3247/4027/3105
f 3249/4025/3106 3243/4030/3106 3245/4031/3106
f 3246/4032/3107 3248/4028/3107 3250/4026/3107
f 3244/4021/3102 3246/4024/3102 3245/4022/3102
f 3246/4024/3103 3250/4026/3103 3249/4025/3103
f 3250/4026/3104 3248/4028/3104 3247/4027/3104
f 3248/4028/3105 3244/4033/3105 3243/4029/3105
f 3249/4025/3106 3247/4027/3106 3243/4030/3106
f 3246/4032/3107 3244/4034/3107 3248/4028/3107
o Cube.002
v 0.047500 0.513300 2.517700
v 0.047500 0.513300 2.582300
v 0.047500 0.486700 2.517700
v 0.047500 0.486700 2.582300
v -0.047500 0.513300 2.517700
v -0.047500 0.513300 2.582300
v -0.047500 0.486700 2.517700
v -0.047500 0.486700 2.582300
vn 1.0000 -0.0000 -0.0000
vn -0.0000 -1.0000 -0.0000
vn -1.0000 -0.0000 -0.0000
vn -0.0000 1.0000 -0.0000
vn -0.0000 -0.0000 -1.0000
vn -0.0000 -0.0000 1.0000
vt 0.625000 0.000000
vt 0.375000 0.250000
vt 0.375000 0.000000
vt 0.625000 0.250000
vt 0.375000 0.500000
vt 0.625000 0.500000
vt 0.375000 0.750000
vt 0.625000 0.750000
vt 0.375000 1.000000
vt 0.125000 0.750000
vt 0.125000 0.500000
vt 0.875000 0.500000
vt 0.625000 1.000000
vt 0.875000 0.750000
s 0
g Cube.002_M_CoralBio.007
usemtl M_CoralBio.007
f 3252/4035/3108 3253/4036/3108 3251/4037/3108
f 3254/4038/3109 3257/4039/3109 3253/4036/3109
f 3258/4040/3110 3255/4041/3110 3257/4039/3110
f 3256/4042/3111 3251/4043/3111 3255/4041/3111
f 3257/4039/3112 3251/4044/3112 3253/4045/3112
f 3254/4046/3113 3256/4042/3113 3258/4040/3113
f 3252/4035/3108 3254/4038/3108 3253/4036/3108
f 3254/4038/3109 3258/4040/3109 3257/4039/3109
f 3258/4040/3110 3256/4042/3110 3255/4041/3110
f 3256/4042/3111 3252/4047/3111 3251/4043/3111
f 3257/4039/3112 3255/4041/3112 3251/4044/3112
f 3254/4046/3113 3252/4048/3113 3256/4042/3113
o Cube.003
v -0.232500 0.513300 2.517700
v -0.232500 0.513300 2.582300
v -0.232500 0.486700 2.517700
v -0.232500 0.486700 2.582300
v -0.327500 0.513300 2.517700
v -0.327500 0.513300 2.582300
v -0.327500 0.486700 2.517700
v -0.327500 0.486700 2.582300
vn 1.0000 -0.0000 -0.0000
vn -0.0000 -1.0000 -0.0000
vn -1.0000 -0.0000 -0.0000
vn -0.0000 1.0000 -0.0000
vn -0.0000 -0.0000 -1.0000
vn -0.0000 -0.0000 1.0000
vt 0.625000 0.000000
vt 0.375000 0.250000
vt 0.375000 0.000000
vt 0.625000 0.250000
vt 0.375000 0.500000
vt 0.625000 0.500000
vt 0.375000 0.750000
vt 0.625000 0.750000
vt 0.375000 1.000000
vt 0.125000 0.750000
vt 0.125000 0.500000
vt 0.875000 0.500000
vt 0.625000 1.000000
vt 0.875000 0.750000
s 0
g Cube.003_M_CoralBio.008
usemtl M_CoralBio.008
f 3260/4049/3114 3261/4050/3114 3259/4051/3114
f 3262/4052/3115 3265/4053/3115 3261/4050/3115
f 3266/4054/3116 3263/4055/3116 3265/4053/3116
f 3264/4056/3117 3259/4057/3117 3263/4055/3117
f 3265/4053/3118 3259/4058/3118 3261/4059/3118
f 3262/4060/3119 3264/4056/3119 3266/4054/3119
f 3260/4049/3114 3262/4052/3114 3261/4050/3114
f 3262/4052/3115 3266/4054/3115 3265/4053/3115
f 3266/4054/3116 3264/4056/3116 3263/4055/3116
f 3264/4056/3117 3260/4061/3117 3259/4057/3117
f 3265/4053/3118 3263/4055/3118 3259/4058/3118
f 3262/4060/3119 3260/4062/3119 3264/4056/3119
o Cube.004
v 0.187500 0.513300 2.267700
v 0.187500 0.513300 2.332300
v 0.187500 0.486700 2.267700
v 0.187500 0.486700 2.332300
v 0.092500 0.513300 2.267700
v 0.092500 0.513300 2.332300
v 0.092500 0.486700 2.267700
v 0.092500 0.486700 2.332300
vn 1.0000 -0.0000 -0.0000
vn -0.0000 -1.0000 -0.0000
vn -1.0000 -0.0000 -0.0000
vn -0.0000 1.0000 -0.0000
vn -0.0000 -0.0000 -1.0000
vn -0.0000 -0.0000 1.0000
vt 0.625000 0.000000
vt 0.375000 0.250000
vt 0.375000 0.000000
vt 0.625000 0.250000
vt 0.375000 0.500000
vt 0.625000 0.500000
vt 0.375000 0.750000
vt 0.625000 0.750000
vt 0.375000 1.000000
vt 0.125000 0.750000
vt 0.125000 0.500000
vt 0.875000 0.500000
vt 0.625000 1.000000
vt 0.875000 0.750000
s 0
g Cube.004_M_CoralBio.009
usemtl M_CoralBio.009
f 3268/4063/3120 3269/4064/3120 3267/4065/3120
f 3270/4066/3121 3273/4067/3121 3269/4064/3121
f 3274/4068/3122 3271/4069/3122 3273/4067/3122
f 3272/4070/3123 3267/4071/3123 3271/4069/3123
f 3273/4067/3124 3267/4072/3124 3269/4073/3124
f 3270/4074/3125 3272/4070/3125 3274/4068/3125
f 3268/4063/3120 3270/4066/3120 3269/4064/3120
f 3270/4066/3121 3274/4068/3121 3273/4067/3121
f 3274/4068/3122 3272/4070/3122 3271/4069/3122
f 3272/4070/3123 3268/4075/3123 3267/4071/3123
f 3273/4067/3124 3271/4069/3124 3267/4072/3124
f 3270/4074/3125 3268/4076/3125 3272/4070/3125
o Cube.005
v -0.092500 0.513300 2.267700
v -0.092500 0.513300 2.332300
v -0.092500 0.486700 2.267700
v -0.092500 0.486700 2.332300
v -0.187500 0.513300 2.267700
v -0.187500 0.513300 2.332300
v -0.187500 0.486700 2.267700
v -0.187500 0.486700 2.332300
vn 1.0000 -0.0000 -0.0000
vn -0.0000 -1.0000 -0.0000
vn -1.0000 -0.0000 -0.0000
vn -0.0000 1.0000 -0.0000
vn -0.0000 -0.0000 -1.0000
vn -0.0000 -0.0000 1.0000
vt 0.625000 0.000000
vt 0.375000 0.250000
vt 0.375000 0.000000
vt 0.625000 0.250000
vt 0.375000 0.500000
vt 0.625000 0.500000
vt 0.375000 0.750000
vt 0.625000 0.750000
vt 0.375000 1.000000
vt 0.125000 0.750000
vt 0.125000 0.500000
vt 0.875000 0.500000
vt 0.625000 1.000000
vt 0.875000 0.750000
s 0
g Cube.005_M_CoralBio.010
usemtl M_CoralBio.010
f 3276/4077/3126 3277/4078/3126 3275/4079/3126
f 3278/4080/3127 3281/4081/3127 3277/4078/3127
f 3282/4082/3128 3279/4083/3128 3281/4081/3128
f 3280/4084/3129 3275/4085/3129 3279/4083/3129
f 3281/4081/3130 3275/4086/3130 3277/4087/3130
f 3278/4088/3131 3280/4084/3131 3282/4082/3131
f 3276/4077/3126 3278/4080/3126 3277/4078/3126
f 3278/4080/3127 3282/4082/3127 3281/4081/3127
f 3282/4082/3128 3280/4084/3128 3279/4083/3128
f 3280/4084/3129 3276/4089/3129 3275/4085/3129
f 3281/4081/3130 3279/4083/3130 3275/4086/3130
f 3278/4088/3131 3276/4090/3131 3280/4084/3131
o Cube.006
v 0.047500 0.513300 2.017700
v 0.047500 0.513300 2.082300
v 0.047500 0.486700 2.017700
v 0.047500 0.486700 2.082300
v -0.047500 0.513300 2.017700
v -0.047500 0.513300 2.082300
v -0.047500 0.486700 2.017700
v -0.047500 0.486700 2.082300
vn 1.0000 -0.0000 -0.0000
vn -0.0000 -1.0000 -0.0000
vn -1.0000 -0.0000 -0.0000
vn -0.0000 1.0000 -0.0000
vn -0.0000 -0.0000 -1.0000
vn -0.0000 -0.0000 1.0000
vt 0.625000 0.000000
vt 0.375000 0.250000
vt 0.375000 0.000000
vt 0.625000 0.250000
vt 0.375000 0.500000
vt 0.625000 0.500000
vt 0.375000 0.750000
vt 0.625000 0.750000
vt 0.375000 1.000000
vt 0.125000 0.750000
vt 0.125000 0.500000
vt 0.875000 0.500000
vt 0.625000 1.000000
vt 0.875000 0.750000
s 0
g Cube.006_M_CoralBio.011
usemtl M_CoralBio.011
f 3284/4091/3132 3285/4092/3132 3283/4093/3132
f 3286/4094/3133 3289/4095/3133 3285/4092/3133
f 3290/4096/3134 3287/4097/3134 3289/4095/3134
f 3288/4098/3135 3283/4099/3135 3287/4097/3135
f 3289/4095/3136 3283/4100/3136 3285/4101/3136
f 3286/4102/3137 3288/4098/3137 3290/4096/3137
f 3284/4091/3132 3286/4094/3132 3285/4092/3132
f 3286/4094/3133 3290/4096/3133 3289/4095/3133
f 3290/4096/3134 3288/4098/3134 3287/4097/3134
f 3288/4098/3135 3284/4103/3135 3283/4099/3135
f 3289/4095/3136 3287/4097/3136 3283/4100/3136
f 3286/4102/3137 3284/4104/3137 3288/4098/3137
