# Blender 4.5.5 LTS
# www.blender.org
mtllib 08_recifes_e_cardume_elemento-cenario.mtl
o Cone
v 2.279270 -0.446714 0.025279
v 2.289334 -0.094050 1.387309
v 2.157802 -0.507828 0.047419
v 2.262341 -0.107631 1.392229
v 2.026680 -0.465677 0.050557
v 2.233203 -0.098264 1.392927
v 1.962714 -0.344953 0.032854
v 2.218988 -0.071436 1.388993
v 2.003373 -0.216374 0.004680
v 2.228024 -0.042863 1.382732
v 2.124840 -0.155260 -0.017460
v 2.255016 -0.029282 1.377812
v 2.255962 -0.197410 -0.020598
v 2.284154 -0.038649 1.377114
v 2.319929 -0.318135 -0.002895
v 2.298369 -0.065477 1.381048
vn 0.5677 -0.6268 -0.5337
vn 0.6267 -0.3512 0.6956
vn 0.0241 -0.9003 -0.4346
vn 0.1241 -0.6040 0.7872
vn -0.5627 -0.7116 -0.4206
vn -0.4184 -0.4296 0.8002
vn -0.8490 -0.1714 -0.4998
vn -0.6831 0.0699 0.7270
vn -0.6670 0.4041 -0.6259
vn -0.5149 0.6019 0.6104
vn -0.1234 0.6776 -0.7250
vn -0.0123 0.8548 0.5188
vn 0.4634 0.4890 -0.7390
vn 0.5303 0.6804 0.5058
vn 0.7497 -0.0513 -0.6598
vn 0.7950 0.1809 0.5791
vt 1.000000 1.000000
vt 0.875000 0.500000
vt 1.000000 0.500000
vt 0.875000 1.000000
vt 0.750000 0.500000
vt 0.750000 1.000000
vt 0.625000 0.500000
vt 0.625000 1.000000
vt 0.500000 0.500000
vt 0.500000 1.000000
vt 0.375000 0.500000
vt 0.375000 1.000000
vt 0.250000 0.500000
vt 0.010000 0.250000
vt 0.250000 0.010000
vt 0.490000 0.250000
vt 0.250000 1.000000
vt 0.125000 0.500000
vt 0.125000 1.000000
vt 0.000000 0.500000
vt 0.919706 0.080294
vt 0.580294 0.080294
vt 0.580294 0.419706
vt 0.419706 0.419706
vt 0.250000 0.490000
vt 0.080294 0.419706
vt 0.080294 0.080294
vt 0.419706 0.080294
vt 0.000000 1.000000
vt 0.750000 0.490000
vt 0.919706 0.419706
vt 0.990000 0.250000
vt 0.750000 0.010000
vt 0.510000 0.250000
s 1
g Cone_Mat_Coral_Magenta_30.001
usemtl Mat_Coral_Magenta_30.001
f 2/1/2 3/2/3 1/3/1
f 4/4/4 5/5/5 3/2/3
f 6/6/6 7/7/7 5/5/5
f 8/8/8 9/9/9 7/7/7
f 10/10/10 11/11/11 9/9/9
f 12/12/12 13/13/13 11/11/11
f 14/14/14 10/15/10 6/16/6
f 14/17/14 15/18/15 13/13/13
f 16/19/16 1/20/1 15/18/15
f 7/21/7 11/22/11 15/23/15
f 2/1/2 4/4/4 3/2/3
f 4/4/4 6/6/6 5/5/5
f 6/6/6 8/8/8 7/7/7
f 8/8/8 10/10/10 9/9/9
f 10/10/10 12/12/12 11/11/11
f 12/12/12 14/17/14 13/13/13
f 6/16/6 4/24/4 2/25/2
f 2/25/2 16/26/16 14/14/14
f 14/14/14 12/27/12 10/15/10
f 10/15/10 8/28/8 6/16/6
f 6/16/6 2/25/2 14/14/14
f 14/17/14 16/19/16 15/18/15
f 16/19/16 2/29/2 1/20/1
f 15/23/15 1/30/1 3/31/3
f 3/31/3 5/32/5 7/21/7
f 7/21/7 9/33/9 11/22/11
f 11/22/11 13/34/13 15/23/15
f 15/23/15 3/31/3 7/21/7
o Sphere
v 2.206431 -0.254331 1.460046
v 2.192655 -0.275001 1.368732
v 2.178673 -0.277390 1.408422
v 2.194175 -0.250498 1.337038
v 2.192729 -0.221629 1.477526
v 2.172866 -0.266213 1.438321
v 2.195693 -0.216434 1.320436
v 2.178398 -0.246008 1.463048
v 2.148980 -0.262096 1.407924
v 2.157420 -0.268530 1.389282
v 2.158468 -0.256813 1.360082
v 2.166628 -0.238856 1.337344
v 2.208769 -0.195313 1.480361
v 2.140653 -0.239979 1.438321
v 2.127782 -0.237701 1.400643
v 2.137361 -0.233742 1.361965
v 2.162256 -0.225707 1.467525
v 2.152821 -0.218101 1.337135
v 2.123271 -0.208902 1.423433
v 2.137366 -0.199636 1.451344
v 2.118947 -0.200390 1.394243
v 2.125462 -0.195450 1.366651
v 2.125705 -0.178862 1.423433
v 2.139844 -0.186187 1.347664
v 2.163475 -0.189714 1.328814
v 2.179260 -0.208998 1.322477
v 2.157452 -0.186614 1.467117
v 2.129896 -0.158720 1.397694
v 2.142979 -0.143208 1.408014
v 2.141222 -0.150885 1.374667
v 2.177573 -0.194894 1.477281
v 2.154420 -0.165530 1.458298
v 2.160872 -0.151127 1.347724
v 2.153004 -0.143997 1.435728
v 2.172477 -0.123782 1.393968
v 2.162413 -0.132518 1.376567
v 2.185380 -0.140395 1.452515
v 2.178754 -0.166976 1.329229
v 2.182693 -0.123326 1.419271
v 2.192934 -0.132752 1.354900
v 2.189213 -0.165046 1.472492
v 2.208486 -0.124042 1.425538
v 2.209206 -0.120171 1.392082
v 2.193738 -0.184882 1.321412
v 2.217787 -0.134512 1.444668
v 2.229237 -0.128157 1.376636
v 2.218296 -0.139686 1.349745
v 2.214117 -0.166328 1.327472
v 2.236995 -0.150433 1.451997
v 2.243980 -0.133187 1.416190
v 2.245219 -0.144900 1.361985
v 2.231994 -0.161015 1.337238
v 2.222978 -0.170054 1.471636
v 2.262154 -0.149051 1.392076
v 2.267482 -0.162413 1.423433
v 2.262708 -0.167146 1.361451
v 2.276021 -0.175308 1.389238
v 2.247489 -0.182138 1.336937
v 2.260327 -0.182113 1.451828
v 2.276729 -0.191098 1.423433
v 2.271192 -0.193520 1.362482
v 2.238613 -0.196994 1.470899
v 2.275784 -0.230986 1.400819
v 2.280828 -0.203322 1.394790
v 2.222058 -0.196919 1.322223
v 2.264172 -0.216847 1.446655
v 2.267685 -0.221941 1.361989
v 2.241220 -0.245757 1.452954
v 2.254137 -0.246173 1.361989
v 2.250860 -0.219290 1.339439
v 2.259180 -0.248401 1.428485
v 2.227748 -0.225506 1.471610
v 2.214919 -0.270336 1.437295
v 2.245698 -0.267772 1.399209
v 2.224801 -0.230220 1.329247
v 2.229137 -0.271591 1.376316
v 2.225106 -0.257404 1.348688
v 2.207862 -0.279827 1.409244
vn -0.0514 -0.4874 0.8716
vn -0.1530 -0.7482 0.6456
vn -0.2624 -0.9532 -0.1498
vn -0.3002 -0.6932 -0.6552
vn -0.4481 -0.8624 0.2354
vn -0.4570 -0.8840 0.0982
vn -0.3664 -0.8589 -0.3578
vn -0.2650 -0.3376 -0.9032
vn -0.7677 -0.5996 0.2260
vn -0.7356 -0.6697 -0.1019
vn -0.6255 -0.4227 -0.6558
vn -0.9729 -0.2165 0.0810
vn -0.0988 -0.0469 0.9940
vn -0.2892 -0.1553 0.9446
vn -0.4660 -0.0481 0.8835
vn -0.7678 -0.1036 -0.6322
vn -0.6232 0.0046 -0.7821
vn -0.8998 0.0729 0.4302
vn -0.6813 0.1969 0.7050
vn -0.9672 0.2509 0.0389
vn -0.9483 0.2638 -0.1767
vn -0.2526 0.1092 -0.9614
vn -0.1126 0.0238 -0.9934
vn -0.8784 0.3659 -0.3075
vn -0.7689 0.4378 0.4659
vn -0.8184 0.4841 0.3098
vn -0.7182 0.6855 -0.1200
vn -0.3623 0.3149 0.8773
vn -0.4832 0.8526 0.1991
vn -0.3269 0.8297 0.4524
vn -0.0504 0.6126 -0.7888
vn -0.0967 0.9951 0.0212
vn 0.0675 0.2917 0.9541
vn 0.0957 0.9294 -0.3564
vn 0.0711 0.6347 0.7695
vn 0.3165 0.8885 0.3324
vn 0.1112 0.1960 -0.9743
vn 0.0429 0.0335 -0.9985
vn 0.4165 0.6439 -0.6419
vn 0.5684 0.8156 -0.1081
vn 0.7372 0.5875 -0.3338
vn 0.5263 0.3836 0.7589
vn 0.3720 0.2499 -0.8940
vn 0.8854 0.4625 0.0467
vn 0.3065 0.1522 0.9396
vn 0.8671 0.2795 0.4124
vn 0.8961 0.2746 -0.3487
vn 0.7376 0.0215 -0.6749
vn 0.6731 -0.0355 0.7387
vn 0.8688 0.0225 0.4947
vn 0.9427 -0.1108 -0.3148
vn 0.2964 -0.0893 0.9509
vn 0.8370 -0.4680 -0.2836
vn 0.5866 -0.3020 0.7514
vn 0.2029 -0.1861 -0.9614
vn 0.7711 -0.6335 0.0640
vn 0.5894 -0.7495 -0.3013
vn 0.5136 -0.5138 -0.6872
vn 0.4683 -0.7734 0.4273
vn 0.1744 -0.5715 -0.8019
vn 0.0631 -0.4395 -0.8960
vn 0.3487 -0.9109 0.2205
vn 0.1255 -0.9785 -0.1637
vn -0.0676 -0.8277 0.5571
vn -0.5162 -0.5544 0.6528
vn -0.0804 -0.9929 -0.0881
vn -0.2525 -0.7596 -0.5994
vn -0.1888 -0.4234 -0.8860
vn -0.2403 -0.3873 0.8901
vn -0.7424 -0.6225 -0.2476
vn -0.5881 -0.7221 0.3643
vn -0.3938 -0.2708 -0.8784
vn -0.9294 -0.2564 -0.2653
vn -0.6059 -0.5040 -0.6155
vn -0.8362 -0.2290 0.4983
vn -0.8886 -0.3621 0.2817
vn -0.8187 0.3687 -0.4402
vn -0.7845 -0.1709 -0.5961
vn -0.7069 -0.2688 0.6543
vn -0.5903 -0.0641 0.8046
vn -0.4602 -0.0863 -0.8836
vn -0.9824 0.0796 0.1687
vn -0.0839 -0.9386 0.3346
vn -0.7905 0.2847 0.5422
vn -0.8011 0.5277 0.2824
vn -0.3401 0.2768 0.8987
vn -0.5565 0.3351 -0.7603
vn -0.5738 0.8153 -0.0775
vn -0.2621 0.1934 -0.9455
vn -0.0381 0.8687 0.4939
vn -0.5715 0.7031 -0.4231
vn -0.4061 0.6483 0.6440
vn -0.4805 0.8587 0.1786
vn -0.0938 0.1933 0.9766
vn -0.3180 0.5666 0.7602
vn -0.2266 0.9167 -0.3292
vn -0.3457 0.7968 -0.4956
vn -0.2005 0.6397 -0.7420
vn 0.1105 0.6109 0.7839
vn -0.0529 0.3620 -0.9307
vn -0.1081 0.9551 -0.2759
vn 0.1522 0.8845 -0.4411
vn 0.0187 0.6396 -0.7685
vn -0.0004 0.9934 0.1149
vn 0.2764 0.9540 0.1163
vn 0.3599 0.9328 -0.0155
vn 0.6058 0.4537 -0.6536
vn 0.3751 0.7869 -0.4900
vn 0.2384 0.6006 -0.7632
vn 0.4579 0.7627 0.4567
vn 0.5960 0.7695 -0.2293
vn 0.6877 0.5037 0.5228
vn 0.9448 0.3046 0.1211
vn 0.3882 0.2972 -0.8723
vn 0.7531 0.6416 0.1455
vn 0.8408 0.4726 -0.2640
vn 0.5187 0.2789 0.8082
vn 0.7621 0.2214 -0.6085
vn 0.9609 0.1150 -0.2517
vn 0.7935 -0.0874 -0.6023
vn 0.5060 -0.0122 -0.8624
vn 0.9362 -0.1898 0.2957
vn 0.9713 -0.1343 0.1963
vn 0.9418 -0.2260 -0.2491
vn 0.5858 -0.2037 0.7844
vn 0.8868 -0.3279 0.3258
vn 0.7122 -0.3982 -0.5782
vn 0.7027 -0.4353 0.5628
vn 0.4155 -0.1548 -0.8963
vn 0.7647 -0.6173 -0.1849
vn 0.4896 -0.5036 -0.7118
vn 0.4945 -0.7418 -0.4530
vn 0.1428 -0.1917 0.9710
vn 0.2933 -0.5349 0.7924
vn 0.4711 -0.8198 0.3255
vn 0.2909 -0.9554 -0.0510
vn 0.1029 -0.4350 0.8945
vn 0.1785 -0.8645 -0.4699
vn 0.3046 -0.7218 0.6214
vn 0.0528 -0.7913 -0.6092
vn -0.4992 -0.6129 0.6125
vn -0.7195 -0.6353 -0.2807
vn -0.9295 -0.2642 -0.2573
vn -0.7253 0.4359 -0.5329
vn -0.0878 -0.9367 0.3390
vn -0.5034 0.3526 -0.7888
vn -0.6413 0.7544 -0.1399
vn -0.0874 0.8833 0.4606
vn 0.2147 0.6101 0.7627
vn 0.5988 0.4860 -0.6365
vn 0.6490 0.6282 0.4292
vn 0.9815 0.1809 0.0632
vt 0.769306 0.764834
vt 0.696781 0.910746
vt 0.678899 0.784174
vt 0.687626 0.656458
vt 0.708670 0.536310
vt 0.661950 0.450596
vt 0.734731 0.374714
vt 0.647916 0.337532
vt 0.640773 0.222061
vt 0.735871 0.219861
vt 0.640702 0.528508
vt 0.788803 0.072343
vt 0.564670 0.089050
vt 0.594174 0.656457
vt 0.577679 0.501584
vt 0.578164 0.344177
vt 0.557111 0.212578
vt 0.516974 0.595733
vt 0.502723 0.478389
vt 0.546875 1.000000
vt 0.457829 0.908588
vt 0.585013 0.803330
vt 0.451480 0.812500
vt 0.491653 0.369019
vt 0.463522 0.275683
vt 0.451798 0.156973
vt 0.499777 0.717324
vt 0.454401 0.593079
vt 0.391875 0.748693
vt 0.421981 0.490903
vt 0.312112 0.062500
vt 0.421875 0.000000
vt 0.387194 0.396148
vt 0.361793 0.643469
vt 0.375050 0.531126
vt 0.301644 0.850100
vt 0.284666 0.577825
vt 0.288706 0.725069
vt 0.265887 0.314456
vt 0.186481 0.146965
vt 0.337515 0.162968
vt 0.304861 0.485483
vt 0.233032 0.469165
vt 0.088892 0.950885
vt 0.147783 0.846091
vt 0.189353 0.406074
vt 0.207319 0.685740
vt 0.229928 0.603350
vt 0.155157 0.563383
vt 0.045669 0.087485
vt 0.203125 0.000000
vt 0.203125 0.282719
vt 0.140450 0.344103
vt 0.140350 0.216413
vt 0.109364 0.468871
vt 0.077383 0.342591
vt 0.046687 0.718339
vt 0.148074 0.722186
vt 0.055952 0.216483
vt 0.079401 0.593078
vt 0.052587 0.456926
vt 0.021909 0.841310
vt 0.016901 0.593078
vt 0.015008 0.347251
vt 0.000000 0.250000
vt 0.982835 0.841310
vt 0.956450 0.696292
vt 1.000000 0.718339
vt 1.000000 0.593078
vt 1.000000 0.347251
vt 0.987434 0.478108
vt 0.951773 0.342242
vt 0.882945 0.963395
vt 0.880325 0.845728
vt 0.935643 0.506741
vt 0.889275 0.346242
vt 0.867237 0.722004
vt 0.858422 0.159163
vt 0.960374 0.087485
vt 0.890352 0.606638
vt 0.845867 0.497595
vt 0.812346 0.406627
vt 0.814470 0.281348
vt 0.941157 0.235559
vt 0.785904 0.648523
vt 0.765625 0.536451
vt 0.358380 0.283764
vt 0.329601 0.406417
vt 0.005171 0.462713
vt 1.000000 0.187500
s 0
g Sphere_Mat_Coral_Ponta_10.001
usemtl Mat_Coral_Ponta_10.001
f 17/35/17 21/36/17 24/37/17
f 17/35/18 24/37/18 22/38/18
f 19/39/19 26/40/19 18/41/19
f 27/42/20 28/43/20 20/44/20
f 22/38/21 25/45/21 19/39/21
f 19/39/22 25/45/22 26/40/22
f 26/40/23 27/42/23 18/41/23
f 23/46/24 28/43/24 42/47/24
f 30/48/25 31/49/25 25/45/25
f 25/45/26 31/49/26 26/40/26
f 32/50/27 34/51/27 28/43/27
f 31/49/28 35/52/28 37/53/28
f 21/36/29 29/54/29 47/55/29
f 21/36/30 47/55/30 33/56/30
f 47/55/31 43/57/31 33/56/31
f 38/58/32 40/59/32 34/51/32
f 34/51/33 40/59/33 41/60/33
f 36/61/34 39/62/34 35/52/34
f 43/57/35 48/63/35 36/61/35
f 37/53/36 39/62/36 44/64/36
f 37/53/37 44/64/37 38/58/37
f 41/60/38 60/65/38 42/47/38
f 23/66/39 42/47/39 60/65/39
f 44/64/40 46/67/40 38/58/40
f 48/63/41 50/68/41 39/62/41
f 50/68/42 45/69/42 44/64/42
f 45/69/43 46/67/43 44/64/43
f 57/70/44 48/63/44 43/57/44
f 50/68/45 55/71/45 45/69/45
f 53/72/46 55/71/46 50/68/46
f 56/73/47 64/74/47 54/75/47
f 51/76/48 55/71/48 59/77/48
f 29/78/49 69/79/49 57/70/49
f 59/77/50 62/80/50 56/73/50
f 57/70/51 61/81/51 53/72/51
f 58/82/52 61/81/52 66/83/52
f 60/65/53 64/74/53 81/84/53
f 23/85/54 60/65/54 81/84/54
f 63/86/55 67/87/55 68/88/55
f 66/83/56 70/89/56 62/80/56
f 67/87/57 70/89/57 72/90/57
f 69/79/58 75/91/58 65/92/58
f 64/74/59 74/93/59 81/84/59
f 70/89/60 71/94/60 73/95/60
f 69/79/61 29/78/61 78/96/61
f 75/91/62 76/97/62 71/94/62
f 73/95/63 77/98/63 72/90/63
f 77/98/64 86/99/64 74/93/64
f 78/100/65 82/101/65 75/102/65
f 75/102/66 82/101/66 76/103/66
f 77/104/67 80/105/67 83/106/67
f 29/107/68 88/108/68 78/100/68
f 83/106/69 79/109/69 85/110/69
f 88/108/70 84/111/70 82/101/70
f 91/112/71 23/46/71 81/113/71
f 79/109/72 87/114/72 90/115/72
f 85/110/73 90/115/73 92/116/73
f 85/110/74 93/117/74 86/118/74
f 84/111/75 89/119/75 87/114/75
f 91/112/76 93/117/76 20/44/76
f 91/112/77 20/44/77 23/46/77
f 89/119/78 94/120/78 90/115/78
f 94/120/79 18/41/79 92/116/79
f 89/119/80 17/35/80 22/38/80
f 30/48/81 24/37/81 33/56/81
f 18/41/82 94/120/82 19/39/82
f 18/41/83 27/42/83 20/44/83
f 20/44/84 28/43/84 23/46/84
f 21/36/85 33/56/85 24/37/85
f 32/50/86 26/40/86 31/49/86
f 25/45/87 22/38/87 30/48/87
f 28/43/88 34/51/88 42/47/88
f 32/50/89 37/53/89 38/58/89
f 27/42/90 32/50/90 28/43/90
f 30/48/91 36/61/91 35/52/91
f 31/49/92 30/48/92 35/52/92
f 46/67/93 40/59/93 38/58/93
f 32/50/94 38/58/94 34/51/94
f 30/48/95 33/56/95 36/61/95
f 33/56/96 43/57/96 36/61/96
f 42/47/97 34/51/97 41/60/97
f 37/53/98 35/52/98 39/62/98
f 19/39/99 89/119/99 22/38/99
f 36/61/100 48/63/100 39/62/100
f 39/62/101 50/68/101 44/64/101
f 47/55/102 57/70/102 43/57/102
f 49/121/103 41/60/103 40/59/103
f 52/122/104 45/69/104 51/76/104
f 41/60/105 54/75/105 60/65/105
f 58/82/106 53/72/106 61/81/106
f 49/121/107 46/67/107 52/122/107
f 50/68/108 48/63/108 53/72/108
f 51/76/109 45/69/109 55/71/109
f 57/70/110 47/55/110 29/78/110
f 48/63/111 57/70/111 53/72/111
f 52/122/112 51/76/112 56/73/112
f 49/121/113 52/122/113 56/73/113
f 49/121/114 56/73/114 54/75/114
f 69/79/115 61/81/115 57/70/115
f 60/65/116 54/75/116 64/74/116
f 51/76/117 59/77/117 56/73/117
f 56/73/118 62/80/118 63/86/118
f 56/73/119 63/86/119 64/74/119
f 59/77/120 55/71/120 58/82/120
f 59/77/121 58/82/121 66/83/121
f 59/77/122 66/83/122 62/80/122
f 68/88/123 72/90/123 74/93/123
f 63/86/124 62/80/124 67/87/124
f 64/74/125 63/86/125 68/88/125
f 61/81/126 65/92/126 66/83/126
f 67/87/127 62/80/127 70/89/127
f 71/94/128 65/92/128 75/91/128
f 76/97/129 73/95/129 71/94/129
f 68/88/130 74/93/130 64/74/130
f 70/89/131 66/83/131 71/94/131
f 72/90/132 70/89/132 73/95/132
f 69/79/133 78/96/133 75/91/133
f 72/90/134 77/98/134 74/93/134
f 73/95/135 80/123/135 77/98/135
f 77/104/136 83/106/136 86/118/136
f 81/113/137 74/124/137 86/118/137
f 76/103/138 82/101/138 79/109/138
f 80/105/139 76/103/139 79/109/139
f 83/106/140 80/105/140 79/109/140
f 78/100/141 88/108/141 82/101/141
f 82/101/142 87/114/142 79/109/142
f 83/106/143 85/110/143 86/118/143
f 82/101/144 84/111/144 87/114/144
f 81/113/145 86/118/145 91/112/145
f 85/110/146 79/109/146 90/115/146
f 91/112/147 86/118/147 93/117/147
f 85/110/148 92/116/148 93/117/148
f 29/107/149 21/36/149 88/108/149
f 88/108/150 17/35/150 84/111/150
f 87/114/151 89/119/151 90/115/151
f 90/115/152 94/120/152 92/116/152
f 88/108/153 21/36/153 17/35/153
f 92/116/154 18/41/154 93/117/154
f 89/119/155 84/111/155 17/35/155
f 93/117/156 18/41/156 20/44/156
f 30/48/157 22/38/157 24/37/157
f 32/50/158 27/42/158 26/40/158
f 32/50/159 31/49/159 37/53/159
f 46/67/160 49/121/160 40/59/160
f 19/39/161 94/120/161 89/119/161
f 49/121/162 54/75/162 41/60/162
f 52/122/163 46/67/163 45/69/163
f 58/82/164 55/71/164 53/72/164
f 69/79/165 65/92/165 61/81/165
f 68/88/166 67/87/166 72/90/166
f 71/94/167 66/83/167 65/92/167
f 76/97/168 80/123/168 73/95/168
o Torus
v 0.959371 0.044830 0.508595
v 1.036894 0.134316 0.503346
v 1.077769 0.129258 0.537362
v 1.078733 0.100885 0.427055
v 1.086799 0.095592 0.566585
v 1.009156 0.031616 0.597530
v 0.999742 0.116736 0.637402
v 1.085517 0.162683 0.646712
v 1.132428 0.119154 0.748620
v 1.006256 0.083384 0.703483
v 1.142232 0.223009 0.775569
v 1.161783 0.184546 0.732985
v 1.121712 0.122942 0.833201
v 1.079607 0.140673 0.840545
v 1.137676 0.221368 0.893406
v 1.267740 0.342604 0.953182
v 1.270129 0.250667 0.851716
v 1.303808 0.358594 0.887976
v 1.274850 0.294399 0.845326
v 1.285562 0.262690 0.971470
v 1.232930 0.271306 0.978120
v 1.427085 0.367900 0.963301
v 1.422690 0.434934 1.018472
v 1.387002 0.374860 0.877319
v 1.448881 0.399382 0.899695
v 1.456182 0.495094 0.974168
v 1.472973 0.418974 0.992122
v 1.445622 0.478307 0.886255
v 1.525150 0.505601 0.845326
v 1.629850 0.555959 0.933541
v 1.601364 0.580930 0.949145
v 1.606807 0.629323 0.865308
v 1.561051 0.575812 0.829837
v 1.590706 0.520930 0.836399
v 1.680409 0.636608 0.684469
v 1.761885 0.690709 0.778743
v 1.667828 0.665220 0.691938
v 1.705616 0.617969 0.697537
v 1.709243 0.701276 0.796597
v 1.769902 0.766401 0.514575
v 1.744024 0.635429 0.755806
v 1.808781 0.762319 0.600172
v 1.726094 0.722651 0.532133
v 1.719189 0.685179 0.476740
v 1.761063 0.664679 0.484845
v 1.828596 0.720333 0.567233
v 1.825666 0.774288 0.454361
v 1.819026 0.698527 0.418171
v 1.835467 0.749974 0.359982
v 1.722255 0.725959 0.304167
v 1.697106 0.667554 0.287257
v 1.750579 0.648437 0.262658
v 1.751403 0.737959 0.191170
v 1.699011 0.636446 0.251269
v 1.796382 0.693051 0.212608
v 1.779522 0.720240 0.174097
v 1.611510 0.633353 0.039509
v 1.599153 0.615694 0.084096
v 1.706802 0.616237 0.050946
v 1.665893 0.640796 0.011083
v 1.622649 0.572303 0.129259
v 1.709332 0.605791 0.123713
v 1.551184 0.527049 -0.088086
v 1.492156 0.504189 0.034477
v 1.574740 0.561816 0.091771
v 1.517480 0.471098 0.032445
v 1.450316 0.497094 -0.058116
v 1.497660 0.427511 -0.022984
v 1.378992 0.423155 -0.000985
v 1.403232 0.389108 0.019696
v 1.472139 0.409822 -0.083841
v 1.379435 0.399999 -0.115883
v 1.357812 0.336791 -0.104536
v 1.190678 0.277240 -0.023879
v 1.304953 0.277815 0.024844
v 1.211046 0.258152 -0.066809
v 1.202892 0.280969 0.041843
v 1.220808 0.207988 -0.032331
v 1.239903 0.279586 0.070737
v 1.058859 0.167010 0.139300
v 1.105232 0.136184 0.045389
v 1.178385 0.173337 0.134452
v 1.169355 0.150475 0.065423
v 1.032604 0.105836 0.131388
v 1.133591 0.189822 0.189321
v 1.097754 0.103765 0.295445
v 1.049308 0.063220 0.196994
v 0.975163 0.084619 0.313489
v 1.009478 0.125333 0.322194
v 1.078489 0.142336 0.336140
v 0.983482 0.034840 0.334029
v 1.040314 0.041665 0.355171
vn -0.9702 -0.2332 0.0665
vn -0.2140 0.9766 -0.0199
vn 0.7375 0.6402 -0.2151
vn 0.7168 0.6963 0.0366
vn 0.9691 0.0390 -0.2437
vn 0.0904 -0.9822 0.1648
vn -0.7990 0.5953 0.0848
vn 0.7999 0.4197 -0.4290
vn 0.6838 -0.7283 -0.0445
vn -0.8493 -0.2559 0.4617
vn -0.1555 0.8590 -0.4878
vn 0.7846 0.1135 -0.6095
vn 0.2720 -0.8850 0.3779
vn -0.7576 -0.1764 0.6284
vn -0.7839 0.4803 0.3935
vn -0.6631 0.7117 0.2318
vn 0.6315 -0.1054 -0.7682
vn -0.4943 0.7500 -0.4396
vn 0.3258 0.2331 -0.9162
vn 0.4126 -0.7540 0.5111
vn -0.4721 -0.0045 0.8815
vn 0.6326 -0.7649 0.1212
vn -0.2034 0.2948 0.9337
vn 0.1389 -0.0278 -0.9899
vn 0.5676 -0.7306 -0.3796
vn -0.5268 0.7675 0.3653
vn 0.6074 -0.5758 0.5472
vn -0.6024 0.5277 -0.5989
vn -0.2949 -0.2361 -0.9259
vn 0.7461 -0.4369 0.5025
vn 0.0557 0.5851 0.8091
vn -0.5521 0.8177 0.1626
vn -0.7588 0.5501 -0.3487
vn 0.2224 -0.7860 -0.5769
vn -0.6324 -0.5753 -0.5187
vn 0.8372 0.1678 0.5206
vn -0.9049 0.3000 -0.3019
vn 0.2537 -0.9313 -0.2614
vn -0.1904 0.9112 0.3653
vn -0.4396 0.8976 0.0314
vn 0.7452 -0.6583 0.1069
vn 0.3822 0.8843 0.2684
vn -0.8094 0.5854 -0.0475
vn -0.9470 -0.3160 -0.0576
vn 0.1685 -0.9839 -0.0591
vn 0.9474 -0.2955 0.1229
vn 0.4330 0.9013 -0.0094
vn 0.7704 -0.6375 -0.0090
vn 0.9474 0.2694 -0.1729
vn -0.7297 0.6828 0.0356
vn -0.9429 -0.0208 0.3325
vn 0.1833 -0.9655 0.1850
vn -0.1996 0.9536 -0.2255
vn -0.0925 -0.9267 0.3643
vn 0.9012 -0.3796 -0.2093
vn 0.7013 0.5106 -0.4975
vn -0.5421 0.8203 -0.1821
vn -0.7679 0.6058 0.2081
vn 0.8192 -0.4140 -0.3969
vn 0.1685 0.6789 -0.7146
vn 0.0542 -0.8310 0.5537
vn 0.6079 -0.7924 0.0509
vn 0.2792 0.2442 -0.9286
vn -0.4754 0.1064 0.8733
vn -0.7087 0.1265 0.6941
vn 0.3565 -0.7416 0.5683
vn -0.5877 0.7720 -0.2421
vn 0.6155 -0.7746 0.1453
vn -0.5557 0.6808 0.4772
vn 0.2247 -0.1720 0.9591
vn 0.6176 -0.6637 -0.4221
vn -0.3350 0.3841 -0.8604
vn 0.3392 -0.5930 -0.7303
vn -0.7260 0.6426 -0.2449
vn 0.6776 -0.5618 0.4745
vn -0.5211 0.0327 -0.8529
vn -0.5164 0.8258 0.2265
vn 0.3541 -0.8027 -0.4799
vn 0.0650 0.5653 0.8223
vn -0.7629 0.6265 -0.1593
vn -0.2632 -0.6812 -0.6831
vn 0.8306 -0.4347 0.3481
vn 0.5518 -0.8267 -0.1102
vn -0.8446 -0.1690 -0.5081
vn 0.5007 0.6064 0.6177
vn 0.9121 -0.3624 0.1915
vn 0.1595 -0.9539 -0.2541
vn -0.9399 0.3147 -0.1325
vn -0.5844 0.8110 0.0264
vn 0.3602 0.9097 0.2066
vn -0.4559 -0.8717 -0.1800
vn 0.4829 -0.8753 -0.0249
vt 0.516081 0.543058
vt 0.557961 0.672129
vt 0.460167 0.631509
vt 0.458220 0.784733
vt 0.573815 0.916667
vt 0.532589 1.000000
vt 0.516362 0.852390
vt 0.605380 0.209745
vt 0.621975 0.380633
vt 0.542701 0.387891
vt 0.615127 0.042548
vt 0.541628 0.125647
vt 0.620274 0.530274
vt 0.650301 0.627824
vt 0.707990 0.698986
vt 0.629084 0.865985
vt 0.690397 0.528954
vt 0.687535 1.000000
vt 0.614589 1.000000
vt 0.687535 0.000000
vt 0.678092 0.120285
vt 0.713631 0.877779
vt 0.749798 0.250000
vt 0.698073 0.371119
vt 0.770461 0.374406
vt 0.760718 0.543007
vt 0.780828 0.876527
vt 0.750024 1.000000
vt 0.812465 1.000000
vt 0.812465 0.000000
vt 0.765840 0.154559
vt 0.740282 0.040444
vt 0.832424 0.399322
vt 0.781254 0.666667
vt 0.848524 0.699047
vt 0.833858 0.127383
vt 0.828543 0.528190
vt 0.892676 0.608571
vt 0.902414 0.468106
vt 0.907223 0.123056
vt 0.900065 0.316413
vt 0.907840 0.877627
vt 0.838443 0.875662
vt 0.956726 0.556373
vt 0.964015 0.384874
vt 0.983208 0.120893
vt 0.993686 0.282824
vt 0.048385 0.798029
vt 0.000000 0.833333
vt 0.007475 0.691097
vt 0.040192 0.000000
vt 0.006463 0.120893
vt 0.000000 0.000000
vt 0.077407 0.626027
vt 0.005326 0.537722
vt 0.060772 0.942309
vt 0.004990 0.954139
vt 0.077831 0.060221
vt 0.065598 0.166667
vt 0.080730 0.500000
vt 0.025681 0.448037
vt 0.116813 0.240736
vt 0.070006 0.378891
vt 0.013636 0.282824
vt 0.143016 0.833333
vt 0.131162 0.377225
vt 0.141330 0.543991
vt 0.156698 0.959229
vt 0.145591 0.696665
vt 0.193681 0.496419
vt 0.218748 0.709186
vt 0.250766 0.867173
vt 0.199104 0.916667
vt 0.254316 0.546739
vt 0.242575 1.000000
vt 0.252485 0.028435
vt 0.220074 0.209607
vt 0.200038 0.083333
vt 0.325651 0.670137
vt 0.318063 0.551145
vt 0.330938 0.833333
vt 0.328255 0.962768
vt 0.322923 0.000000
vt 0.374309 0.121410
vt 0.306033 0.150860
vt 0.373619 0.463992
vt 0.405060 0.541896
vt 0.393230 0.000000
vt 0.395818 0.958566
vt 0.422131 0.384385
vt 0.366378 0.283219
vt 0.396187 0.699183
vt 0.457160 0.000000
vt 0.441406 0.148292
vt 0.468299 0.463526
vt 0.454359 0.968417
vt 0.532589 0.000000
vt 0.491689 0.083333
vt 0.470885 0.275122
vt 0.573157 0.542571
vt 0.135417 1.000000
vt 0.093750 1.000000
vt 0.909520 1.000000
vt 0.909520 0.000000
vt 0.975512 0.691097
vt 0.971746 0.833333
vt 0.987541 0.954139
vt 0.990669 0.000000
vt 0.993704 0.537722
vt 1.000000 0.416667
vt 0.177083 0.000000
vt 0.135417 0.044353
vt 0.231400 0.369545
vt 0.327832 0.388649
vt 0.270799 0.416667
s 1
g Torus_Mat_Coral_Teal_60.001
usemtl Mat_Coral_Teal_60.001
f 95/125/169 101/126/175 182/127/256
f 101/126/175 183/128/257 182/127/256
f 102/129/176 97/130/171 96/131/170
f 103/132/177 107/133/181 100/134/174
f 106/135/180 103/132/177 99/136/173
f 108/137/182 109/138/183 101/126/175
f 110/139/184 105/140/179 101/126/175
f 115/141/189 109/138/183 108/137/182
f 105/140/179 113/142/187 106/143/180
f 113/144/187 111/145/185 106/135/180
f 112/146/186 113/142/187 105/140/179
f 111/145/185 116/147/190 103/132/177
f 116/147/190 114/148/188 103/132/177
f 121/149/195 117/150/191 114/148/188
f 122/151/196 118/152/192 112/146/186
f 122/151/196 123/153/197 118/152/192
f 123/154/197 119/155/193 118/156/192
f 124/157/198 117/150/191 121/149/195
f 120/158/194 126/159/200 110/139/184
f 126/159/200 122/151/196 110/139/184
f 128/160/202 116/147/190 119/155/193
f 124/157/198 125/161/199 117/150/191
f 125/161/199 126/159/200 120/158/194
f 133/162/207 126/159/200 125/161/199
f 130/163/204 133/162/207 125/161/199
f 132/164/206 135/165/209 128/160/202
f 124/157/198 130/163/204 125/161/199
f 126/159/200 131/166/205 127/167/201
f 136/168/210 133/162/207 130/163/204
f 140/169/214 130/163/204 135/165/209
f 139/170/213 135/165/209 132/164/206
f 140/169/214 136/168/210 130/163/204
f 139/170/213 142/171/216 135/165/209
f 144/172/218 137/173/211 134/174/208
f 145/175/219 139/176/213 138/177/212
f 147/178/221 134/174/208 141/179/215
f 144/172/218 145/180/219 138/181/212
f 148/182/222 146/183/220 139/176/213
f 150/184/224 147/178/221 143/185/217
f 156/186/230 149/187/223 142/188/216
f 152/189/226 145/180/219 144/172/218
f 156/186/230 153/190/227 149/187/223
f 154/191/228 147/178/221 150/184/224
f 152/189/226 159/192/233 145/180/219
f 153/190/227 154/191/228 150/184/224
f 154/191/228 151/193/225 147/178/221
f 157/194/231 154/191/228 153/190/227
f 161/195/235 163/196/237 152/189/226
f 163/196/237 158/197/232 152/189/226
f 166/198/240 161/195/235 157/194/231
f 163/196/237 164/199/238 158/197/232
f 164/200/238 162/201/236 160/202/234
f 166/198/240 168/203/242 161/195/235
f 168/203/242 163/196/237 161/195/235
f 170/204/244 168/203/242 166/198/240
f 171/205/245 173/206/247 163/196/237
f 173/207/247 176/208/250 169/209/243
f 175/210/249 178/211/252 170/204/244
f 178/211/252 168/203/242 170/204/244
f 179/212/253 176/208/250 173/207/247
f 183/128/257 179/213/253 171/205/245
f 181/214/255 175/210/249 177/215/251
f 181/214/255 178/211/252 175/210/249
f 182/127/256 174/216/248 178/211/252
f 184/217/258 180/218/254 179/212/253
f 185/219/259 182/127/256 178/211/252
f 181/214/255 185/219/259 178/211/252
f 96/131/170 184/220/258 183/128/257
f 97/221/171 98/222/172 184/217/258
f 98/222/172 99/136/173 180/218/254
f 99/136/173 186/223/260 180/218/254
f 186/223/260 100/134/174 185/219/259
f 183/128/257 101/126/175 96/131/170
f 97/221/171 99/136/173 98/222/172
f 99/136/173 103/132/177 186/223/260
f 186/223/260 103/132/177 100/134/174
f 95/125/169 104/224/178 101/126/175
f 100/134/174 104/224/178 95/125/169
f 101/126/175 105/140/179 96/131/170
f 96/131/170 105/140/179 102/129/176
f 102/129/176 106/143/180 97/130/171
f 97/221/171 106/135/180 99/136/173
f 104/224/178 108/137/182 101/126/175
f 115/141/189 107/133/181 114/148/188
f 109/138/183 110/139/184 101/126/175
f 102/129/176 105/140/179 106/143/180
f 106/135/180 111/145/185 103/132/177
f 110/139/184 112/146/186 105/140/179
f 103/132/177 114/148/188 107/133/181
f 124/157/198 116/147/190 135/165/209
f 115/141/189 110/139/184 109/138/183
f 113/144/187 118/156/192 111/145/185
f 115/141/189 117/150/191 110/139/184
f 112/146/186 118/152/192 113/142/187
f 118/156/192 119/155/193 111/145/185
f 111/145/185 119/155/193 116/147/190
f 114/148/188 117/150/191 115/141/189
f 117/150/191 120/158/194 110/139/184
f 116/147/190 121/149/195 114/148/188
f 110/139/184 122/151/196 112/146/186
f 117/150/191 125/161/199 120/158/194
f 126/159/200 127/167/201 122/151/196
f 122/151/196 127/167/201 123/153/197
f 123/154/197 128/160/202 119/155/193
f 128/160/202 135/165/209 116/147/190
f 145/180/219 155/225/229 148/226/222
f 127/167/201 129/227/203 123/153/197
f 123/154/197 129/228/203 128/160/202
f 127/167/201 131/166/205 129/227/203
f 129/228/203 132/164/206 128/160/202
f 133/162/207 134/229/208 126/159/200
f 126/159/200 134/229/208 131/166/205
f 135/165/209 130/163/204 124/157/198
f 134/229/208 137/230/211 131/166/205
f 136/168/210 134/229/208 133/162/207
f 137/230/211 138/231/212 131/166/205
f 131/166/205 138/231/212 129/227/203
f 129/228/203 139/170/213 132/164/206
f 129/228/203 138/232/212 139/170/213
f 135/165/209 142/171/216 140/169/214
f 140/169/214 141/233/215 136/168/210
f 136/168/210 141/233/215 134/229/208
f 142/171/216 143/234/217 140/169/214
f 140/169/214 143/234/217 141/233/215
f 137/173/211 144/172/218 138/181/212
f 139/176/213 146/183/220 142/188/216
f 143/185/217 147/178/221 141/179/215
f 134/174/208 147/178/221 144/172/218
f 145/175/219 148/182/222 139/176/213
f 142/188/216 149/187/223 143/185/217
f 146/183/220 156/186/230 142/188/216
f 143/185/217 149/187/223 150/184/224
f 147/178/221 151/193/225 144/172/218
f 151/193/225 152/189/226 144/172/218
f 149/187/223 153/190/227 150/184/224
f 148/182/222 156/186/230 146/183/220
f 151/193/225 157/194/231 161/195/235
f 152/189/226 158/197/232 159/192/233
f 159/235/233 160/202/234 155/236/229
f 155/236/229 160/202/234 156/186/230
f 104/224/178 107/133/181 108/137/182
f 153/190/227 162/201/236 165/237/239
f 151/193/225 161/195/235 152/189/226
f 160/202/234 162/201/236 156/186/230
f 165/237/239 166/198/240 157/194/231
f 153/190/227 165/237/239 157/194/231
f 158/197/232 164/199/238 159/192/233
f 159/235/233 164/200/238 160/202/234
f 177/215/251 180/218/254 186/223/260
f 164/200/238 169/209/243 162/201/236
f 169/209/243 165/237/239 162/201/236
f 168/203/242 171/205/245 163/196/237
f 163/196/237 173/206/247 164/199/238
f 165/237/239 172/238/246 167/239/241
f 167/239/241 170/204/244 166/198/240
f 173/207/247 169/209/243 164/200/238
f 167/239/241 172/238/246 170/204/244
f 168/203/242 174/216/248 171/205/245
f 169/209/243 177/215/251 165/237/239
f 165/237/239 177/215/251 172/238/246
f 169/209/243 176/208/250 177/215/251
f 172/238/246 175/210/249 170/204/244
f 171/205/245 179/213/253 173/206/247
f 177/215/251 175/210/249 172/238/246
f 178/211/252 174/216/248 168/203/242
f 174/216/248 183/128/257 171/205/245
f 179/212/253 180/218/254 176/208/250
f 177/215/251 186/223/260 181/214/255
f 182/127/256 183/128/257 174/216/248
f 183/128/257 184/220/258 179/213/253
f 184/217/258 98/222/172 180/218/254
f 186/223/260 185/219/259 181/214/255
f 185/219/259 95/125/169 182/127/256
f 96/131/170 97/130/171 184/220/258
f 185/219/259 100/134/174 95/125/169
f 115/141/189 108/137/182 107/133/181
f 124/157/198 121/149/195 116/147/190
f 145/180/219 159/192/233 155/225/229
f 148/182/222 155/236/229 156/186/230
f 151/193/225 154/191/228 157/194/231
f 104/224/178 100/134/174 107/133/181
f 153/190/227 156/186/230 162/201/236
f 165/237/239 167/239/241 166/198/240
f 177/215/251 176/208/250 180/218/254
o Cylinder
v 0.860000 -0.637294 0.000000
v 0.860000 -0.637294 0.880000
v 0.815000 -0.625237 0.000000
v 0.815000 -0.625237 0.880000
v 0.782058 -0.592294 0.000000
v 0.782058 -0.592294 0.880000
v 0.770000 -0.547294 0.000000
v 0.770000 -0.547294 0.880000
v 0.782058 -0.502294 0.000000
v 0.782058 -0.502294 0.880000
v 0.815000 -0.469352 0.000000
v 0.815000 -0.469352 0.880000
v 0.860000 -0.457294 0.000000
v 0.860000 -0.457294 0.880000
v 0.905000 -0.469352 0.000000
v 0.905000 -0.469352 0.880000
v 0.937942 -0.502294 0.000000
v 0.937942 -0.502294 0.880000
v 0.950000 -0.547294 0.000000
v 0.950000 -0.547294 0.880000
v 0.937942 -0.592294 0.000000
v 0.937942 -0.592294 0.880000
v 0.905000 -0.625237 0.000000
v 0.905000 -0.625237 0.880000
vn -0.0000 -0.7572 -0.6532
vn -0.0000 -0.7572 0.6532
vn -0.3786 -0.6557 -0.6532
vn -0.3786 -0.6557 0.6532
vn -0.6557 -0.3786 -0.6532
vn -0.6557 -0.3786 0.6532
vn -0.7572 -0.0000 -0.6532
vn -0.7572 -0.0000 0.6532
vn -0.6557 0.3786 -0.6532
vn -0.6557 0.3786 0.6532
vn -0.3786 0.6557 -0.6532
vn -0.3786 0.6557 0.6532
vn -0.0000 0.7572 -0.6532
vn -0.0000 0.7572 0.6532
vn 0.3786 0.6557 -0.6532
vn 0.3786 0.6557 0.6532
vn 0.6557 0.3786 -0.6532
vn 0.6557 0.3786 0.6532
vn 0.7572 -0.0000 -0.6532
vn 0.7572 -0.0000 0.6532
vn 0.6557 -0.3786 -0.6532
vn 0.6557 -0.3786 0.6532
vn 0.3786 -0.6557 -0.6532
vn 0.3786 -0.6557 0.6532
vt 1.000000 1.000000
vt 0.916667 0.500000
vt 1.000000 0.500000
vt 0.916667 1.000000
vt 0.833333 0.500000
vt 0.833333 1.000000
vt 0.750000 0.500000
vt 0.750000 1.000000
vt 0.666667 0.500000
vt 0.666667 1.000000
vt 0.583333 0.500000
vt 0.583333 1.000000
vt 0.500000 0.500000
vt 0.500000 1.000000
vt 0.416667 0.500000
vt 0.416667 1.000000
vt 0.333333 0.500000
vt 0.333333 1.000000
vt 0.250000 0.500000
vt 0.250000 1.000000
vt 0.166667 0.500000
vt 0.042154 0.370000
vt 0.250000 0.010000
vt 0.457846 0.370000
vt 0.166667 1.000000
vt 0.083333 0.500000
vt 0.083333 1.000000
vt 0.000000 0.500000
vt 0.990000 0.250000
vt 0.630000 0.042154
vt 0.630000 0.457846
vt 0.370000 0.457846
vt 0.250000 0.490000
vt 0.130000 0.457846
vt 0.010000 0.250000
vt 0.042154 0.130000
vt 0.130000 0.042154
vt 0.370000 0.042154
vt 0.457846 0.130000
vt 0.490000 0.250000
vt 0.000000 1.000000
vt 0.750000 0.490000
vt 0.870000 0.457846
vt 0.957846 0.370000
vt 0.957846 0.130000
vt 0.870000 0.042154
vt 0.750000 0.010000
vt 0.542154 0.130000
vt 0.510000 0.250000
vt 0.542154 0.370000
s 1
g Cylinder_Mat_Coral_Laranja_30.001
usemtl Mat_Coral_Laranja_30.001
f 188/240/262 189/241/263 187/242/261
f 190/243/264 191/244/265 189/241/263
f 192/245/266 193/246/267 191/244/265
f 194/247/268 195/248/269 193/246/267
f 196/249/270 197/250/271 195/248/269
f 198/251/272 199/252/273 197/250/271
f 200/253/274 201/254/275 199/252/273
f 202/255/276 203/256/277 201/254/275
f 204/257/278 205/258/279 203/256/277
f 206/259/280 207/260/281 205/258/279
f 208/261/282 200/262/274 192/263/266
f 208/264/282 209/265/283 207/260/281
f 210/266/284 187/267/261 209/265/283
f 193/268/267 201/269/275 209/270/283
f 188/240/262 190/243/264 189/241/263
f 190/243/264 192/245/266 191/244/265
f 192/245/266 194/247/268 193/246/267
f 194/247/268 196/249/270 195/248/269
f 196/249/270 198/251/272 197/250/271
f 198/251/272 200/253/274 199/252/273
f 200/253/274 202/255/276 201/254/275
f 202/255/276 204/257/278 203/256/277
f 204/257/278 206/259/280 205/258/279
f 206/259/280 208/264/282 207/260/281
f 192/263/266 190/271/264 188/272/262
f 188/272/262 210/273/284 208/261/282
f 208/261/282 206/274/280 204/275/278
f 204/275/278 202/276/276 200/262/274
f 200/262/274 198/277/272 196/278/270
f 196/278/270 194/279/268 192/263/266
f 192/263/266 188/272/262 208/261/282
f 208/261/282 204/275/278 200/262/274
f 200/262/274 196/278/270 192/263/266
f 208/264/282 210/266/284 209/265/283
f 210/266/284 188/280/262 187/267/261
f 209/270/283 187/281/261 189/282/263
f 189/282/263 191/283/265 193/268/267
f 193/268/267 195/284/269 197/285/271
f 197/285/271 199/286/273 201/269/275
f 201/269/275 203/287/277 205/288/279
f 205/288/279 207/289/281 209/270/283
f 209/270/283 189/282/263 193/268/267
f 193/268/267 197/285/271 201/269/275
f 201/269/275 205/288/279 209/270/283
o Torus.001
v 0.750860 -0.567828 0.880358
v 0.755404 -0.541957 0.894832
v 0.785784 -0.551671 0.889757
v 0.789271 -0.556606 0.880000
v 0.784286 -0.556886 0.865272
v 0.755843 -0.536466 0.864901
v 0.757854 -0.582815 0.890330
v 0.784903 -0.592849 0.899802
v 0.757153 -0.581539 0.869886
v 0.775325 -0.603873 0.897620
v 0.778813 -0.602068 0.860230
v 0.801702 -0.592609 0.870139
v 0.775644 -0.619112 0.874609
v 0.807901 -0.603897 0.894690
v 0.810677 -0.598606 0.880000
v 0.801404 -0.603619 0.862726
v 0.783933 -0.624083 0.889848
v 0.828857 -0.635786 0.860046
v 0.810926 -0.646807 0.880000
v 0.827076 -0.650571 0.890073
v 0.826414 -0.637571 0.899909
v 0.844446 -0.620083 0.890064
v 0.818782 -0.643360 0.864677
v 0.847497 -0.616908 0.880000
v 0.838543 -0.620693 0.865305
v 0.858759 -0.628543 0.897253
v 0.848035 -0.656712 0.874044
v 0.875582 -0.650737 0.895227
v 0.893758 -0.653187 0.880000
v 0.899086 -0.630806 0.900000
v 0.869212 -0.617883 0.874109
v 0.885503 -0.647836 0.863796
v 0.893958 -0.615256 0.894273
v 0.897072 -0.625167 0.860170
v 0.918532 -0.638530 0.890073
v 0.900615 -0.605257 0.874485
v 0.919071 -0.638270 0.870174
v 0.935615 -0.616023 0.897544
v 0.934809 -0.589488 0.899977
v 0.924065 -0.578285 0.884832
v 0.933947 -0.582140 0.862858
v 0.943729 -0.620513 0.884111
v 0.930069 -0.571079 0.870757
v 0.952838 -0.571147 0.860066
v 0.943857 -0.609585 0.864569
v 0.965704 -0.578662 0.886169
v 0.965909 -0.569179 0.869670
v 0.957433 -0.545753 0.899933
v 0.936046 -0.552444 0.894546
v 0.970717 -0.540037 0.880000
v 0.948492 -0.516151 0.860046
v 0.965902 -0.524169 0.890073
v 0.929449 -0.534257 0.884712
v 0.931485 -0.520212 0.865938
v 0.962602 -0.524488 0.865217
v 0.927260 -0.500537 0.897303
v 0.956679 -0.493579 0.880000
v 0.940529 -0.485842 0.897457
v 0.941777 -0.480551 0.865057
v 0.939396 -0.470489 0.886520
v 0.915979 -0.503310 0.885267
v 0.899090 -0.458312 0.899565
v 0.910956 -0.489257 0.865121
v 0.910803 -0.466329 0.860096
v 0.896797 -0.442653 0.875151
v 0.901383 -0.447386 0.889652
v 0.880588 -0.473731 0.894339
v 0.882199 -0.480067 0.879758
v 0.874947 -0.473001 0.865975
v 0.877855 -0.447881 0.862653
v 0.853728 -0.439330 0.890330
v 0.849666 -0.450817 0.899826
v 0.847943 -0.466853 0.862667
v 0.850509 -0.436889 0.874970
v 0.839520 -0.473844 0.894388
v 0.842151 -0.478783 0.874809
v 0.824392 -0.461330 0.860000
v 0.826632 -0.448994 0.864422
v 0.807821 -0.450403 0.886216
v 0.797607 -0.474338 0.900003
v 0.803675 -0.488698 0.897274
v 0.805483 -0.500219 0.886559
v 0.805137 -0.494324 0.865518
v 0.795304 -0.460889 0.870144
v 0.780932 -0.470220 0.884751
v 0.764026 -0.505735 0.895222
v 0.796945 -0.515381 0.880228
v 0.772669 -0.517649 0.860000
v 0.772893 -0.488583 0.864473
v 0.754952 -0.510658 0.879619
v 0.788092 -0.522513 0.865380
v 0.773547 -0.541767 0.899880
vn 0.7011 0.1548 0.6960
vn -0.2575 -0.0214 -0.9660
vn -0.8949 -0.0747 -0.4400
vn -0.2674 -0.0427 0.9626
vn -0.1770 -0.0409 0.9834
vn -0.9010 -0.4333 -0.0193
vn 0.7994 0.3205 -0.5082
vn 0.1158 0.0963 -0.9886
vn -0.8984 -0.4379 0.0335
vn -0.8118 -0.5162 0.2731
vn 0.1204 0.1841 -0.9755
vn -0.1102 -0.0999 0.9889
vn 0.4146 0.8284 0.3767
vn 0.2978 0.5276 -0.7956
vn -0.4588 -0.5215 -0.7194
vn -0.5155 -0.7406 -0.4309
vn 0.1701 0.2251 -0.9594
vn 0.4180 0.8843 0.2082
vn -0.2514 -0.9670 0.0417
vn -0.0863 -0.6039 0.7924
vn -0.0437 -0.4782 -0.8771
vn -0.0536 -0.6495 -0.7585
vn 0.0474 -0.9758 0.2136
vn 0.0228 -0.2582 0.9658
vn -0.0392 0.4086 0.9119
vn 0.0338 0.9119 -0.4090
vn -0.0543 0.3594 -0.9316
vn -0.1223 0.5144 0.8488
vn -0.0960 0.9953 -0.0118
vn 0.0286 -0.1721 -0.9847
vn 0.2926 -0.8258 0.4821
vn -0.2299 0.5948 -0.7703
vn 0.3225 -0.8376 -0.4409
vn 0.2339 -0.4615 0.8557
vn 0.2590 -0.5029 0.8247
vn 0.5495 -0.8205 -0.1575
vn 0.5370 -0.8357 0.1146
vn 0.5684 -0.6134 0.5484
vn 0.1021 -0.0877 0.9909
vn -0.5227 0.3665 -0.7698
vn 0.1412 -0.1477 -0.9789
vn 0.6704 -0.6494 -0.3588
vn 0.7168 -0.4043 0.5681
vn 0.5532 -0.1993 0.8088
vn -0.7666 0.1181 0.6312
vn -0.2849 0.1484 0.9470
vn -0.7396 0.0923 0.6667
vn -0.9335 0.1132 -0.3402
vn 0.3585 0.0280 -0.9331
vn 0.5953 -0.0359 -0.8027
vn -0.9954 0.0188 -0.0939
vn 0.8848 0.0191 -0.4656
vn 0.9573 0.2892 0.0019
vn -0.8555 -0.3658 -0.3664
vn 0.4418 0.2062 -0.8731
vn 0.9346 0.2824 -0.2160
vn -0.2756 -0.2075 -0.9386
vn 0.7991 0.3771 -0.4682
vn -0.8318 -0.5550 0.0013
vn 0.7538 0.6231 -0.2085
vn 0.2351 0.1788 -0.9554
vn -0.1493 -0.1520 0.9770
vn -0.4363 -0.6967 0.5694
vn 0.5766 0.7625 -0.2935
vn -0.0374 -0.2802 0.9592
vn 0.1220 0.9839 0.1308
vn 0.0018 -0.2306 0.9731
vn 0.0101 0.1549 -0.9879
vn 0.0030 -0.9695 0.2450
vn -0.2467 0.9477 0.2023
vn -0.2245 0.6668 0.7106
vn -0.2509 0.5614 0.7886
vn 0.1332 -0.1305 0.9825
vn 0.0636 -0.2006 -0.9776
vn -0.3848 0.8810 -0.2752
vn 0.4276 -0.8686 -0.2504
vn -0.2720 0.3681 -0.8891
vn -0.3177 0.4301 -0.8450
vn -0.4656 0.5825 0.6663
vn 0.8865 -0.4415 -0.1383
vn -0.1647 0.1513 -0.9747
vn -0.7126 0.6369 -0.2943
vn 0.2785 -0.1638 -0.9464
vn -0.8188 0.5478 -0.1715
vn 0.2339 -0.0852 0.9685
vn 0.7392 -0.3928 0.5471
vn 0.8750 -0.3554 -0.3288
vn -0.8729 0.2030 0.4436
vn 0.8978 -0.1694 0.4065
vn 0.8798 -0.1613 -0.4471
vn 0.3201 -0.0324 -0.9468
vn -0.9813 0.0725 0.1784
vn 0.9427 -0.1034 -0.3171
vn -0.8808 -0.1037 0.4619
vn 0.5075 0.0346 -0.8610
vn -0.5060 -0.1244 0.8535
vn -0.4897 -0.1099 -0.8649
vn 0.8723 0.3841 -0.3025
vn 0.3108 0.2190 0.9249
vn -0.3569 -0.5751 0.7361
vn 0.7857 0.4004 -0.4716
vn -0.7641 -0.4878 0.4222
vn -0.6644 -0.4059 -0.6276
vn -0.6232 -0.7774 0.0854
vn -0.4652 -0.7538 0.4641
vn 0.8641 -0.4409 -0.2427
vn 0.3531 0.3298 0.8755
vn 0.6000 0.7976 -0.0611
vn -0.2044 -0.2982 -0.9324
vn 0.4108 0.8264 0.3852
vn 0.3978 0.8003 -0.4485
vn 0.0332 0.1709 0.9847
vn -0.2936 -0.8893 -0.3506
vn -0.0208 0.9712 -0.2374
vn -0.0367 -0.9483 0.3152
vn 0.1326 0.9330 0.3346
vn 0.1188 -0.9232 -0.3654
vn -0.0455 0.3320 0.9422
vn -0.3564 0.8767 0.3231
vn 0.1697 -0.2395 -0.9560
vn 0.2822 -0.4131 -0.8658
vn -0.2851 0.2470 0.9261
vn -0.4418 0.5423 0.7146
vn -0.7654 0.6401 0.0660
vn -0.5853 0.5394 -0.6054
vn 0.8456 0.4310 0.3151
vn -0.7568 0.6535 0.0117
vn -0.3251 0.3339 -0.8848
vn 0.5985 -0.2298 -0.7675
vn 0.4037 0.5668 0.7182
vn 0.1662 -0.0850 0.9824
vn -0.1397 -0.0114 -0.9901
vn 0.9880 -0.1390 -0.0676
vn 0.8773 -0.0375 0.4784
vn 0.8047 -0.0453 0.5919
vn -0.9057 -0.0149 -0.4237
vn -0.3343 0.0335 -0.9419
vn -0.2172 -0.0884 0.9721
vn -0.9362 -0.1747 0.3050
vn 0.5159 0.1802 0.8375
vn 0.7396 0.4010 0.5405
vn 0.7646 0.4104 0.4969
vn -0.6606 -0.2999 0.6882
vn 0.0957 0.0680 0.9931
vn -0.8179 -0.5472 -0.1777
vn -0.2756 -0.2076 -0.9386
vn 0.5228 0.8452 0.1105
vn 0.0972 0.6135 0.7837
vn -0.5752 -0.7716 0.2717
vn -0.4648 -0.7764 -0.4257
vn 0.4014 0.6486 -0.6466
vn -0.1193 -0.2133 -0.9697
vn 0.2980 0.6315 -0.7158
vn -0.4042 -0.8827 -0.2399
vn 0.1646 0.9519 0.2586
vn -0.0289 -0.5690 -0.8218
vn 0.1077 0.8485 -0.5181
vn -0.0776 -0.9175 0.3901
vn 0.0296 -0.8831 -0.4683
vn -0.0300 -0.5356 -0.8440
vn -0.0704 -0.6945 -0.7160
vn -0.0399 0.3436 -0.9383
vn -0.0398 0.6999 -0.7131
vn 0.1307 -0.2820 0.9505
vn -0.3506 0.9042 -0.2441
vn 0.5492 -0.7898 0.2730
vn 0.4385 -0.7368 -0.5147
vn 0.3146 -0.6195 0.7192
vn -0.5896 0.8050 -0.0660
vn -0.5334 0.4627 0.7081
vn 0.4134 -0.3797 -0.8276
vn -0.8147 0.4826 0.3215
vn 0.8283 -0.4996 -0.2538
vn -0.2060 0.0717 0.9759
vn 0.5495 -0.1594 0.8202
vn -0.4192 0.1413 -0.8968
vn -0.7962 0.2787 -0.5370
vn -0.2682 0.0535 0.9619
vn -0.9816 0.0680 -0.1786
vn -0.3403 -0.4603 0.8200
vn 0.8640 -0.4418 -0.2414
vn 0.9094 0.3969 0.1243
vn 0.4030 0.5506 0.7311
vn 0.1210 0.6529 0.7477
vt 0.585872 0.776299
vt 0.509311 0.916667
vt 0.487982 0.776523
vt 0.590790 0.325439
vt 0.485272 0.377822
vt 0.447940 0.250000
vt 0.551150 0.416667
vt 0.529589 0.500000
vt 0.593581 0.666667
vt 0.494668 0.616481
vt 0.612977 0.463461
vt 0.553276 0.583333
vt 0.605106 0.083333
vt 0.621759 0.166667
vt 0.520224 0.125991
vt 0.625719 0.583333
vt 0.696143 0.250000
vt 0.698772 0.692885
vt 0.716512 0.916667
vt 0.628240 1.000000
vt 0.630650 0.868937
vt 0.703832 0.130497
vt 0.686830 0.372962
vt 0.677083 0.500000
vt 0.747484 0.833333
vt 0.733646 0.449265
vt 0.700900 0.583333
vt 0.775006 0.630079
vt 0.789329 0.351635
vt 0.799084 0.500000
vt 0.819558 0.750000
vt 0.772408 0.054347
vt 0.821256 0.204749
vt 0.826541 0.881301
vt 0.793142 1.000000
vt 0.840758 0.583333
vt 0.848950 0.045687
vt 0.841633 0.416667
vt 0.882750 0.666667
vt 0.887223 0.517167
vt 0.917299 0.786839
vt 0.947958 0.083333
vt 0.929941 0.166667
vt 0.955466 0.325283
vt 0.896755 0.373475
vt 0.954501 0.545940
vt 0.988371 0.682425
vt 0.984343 0.875256
vt 0.926340 0.973203
vt 1.000000 1.000000
vt 1.000000 0.000000
vt 0.935863 0.000000
vt 0.989583 0.250000
vt 1.000000 0.333333
vt 0.967565 0.416667
vt 0.018230 0.000000
vt 0.055447 0.104281
vt 0.000000 0.083333
vt 0.032941 0.385923
vt 0.015082 0.500000
vt 0.000000 0.416667
vt 0.080730 0.500000
vt 0.034234 0.583333
vt 0.102836 0.000000
vt 0.056120 0.250000
vt 0.106687 0.387526
vt 0.136368 0.134240
vt 0.181786 0.675760
vt 0.096506 0.833333
vt 0.023628 0.682425
vt 0.122774 0.553622
vt 0.163892 0.313352
vt 0.203471 0.879073
vt 0.108514 0.965873
vt 0.195216 0.468002
vt 0.264374 0.685826
vt 0.263080 0.463240
vt 0.259229 0.583333
vt 0.291790 0.882583
vt 0.312626 0.250000
vt 0.221746 0.333333
vt 0.282911 1.000000
vt 0.328346 0.550010
vt 0.364450 0.704219
vt 0.371765 0.833333
vt 0.376722 0.120015
vt 0.273595 0.166667
vt 0.352311 0.416667
vt 0.302081 0.361850
vt 0.354137 0.000000
vt 0.291420 0.036984
vt 0.404634 0.369645
vt 0.378705 0.531025
vt 0.425420 0.000000
vt 0.447689 0.128245
vt 0.446591 0.500000
vt 0.384808 0.937093
vt 0.425420 1.000000
vt 0.433022 0.628082
vt 0.520969 1.000000
vt 0.520969 0.000000
vt 0.628240 0.000000
vt 0.721741 1.000000
vt 0.721741 0.000000
vt 0.854137 1.000000
vt 0.187458 0.583333
vt 0.990669 0.500000
vt 1.000000 0.583333
vt 1.000000 0.166667
vt 0.010495 0.875256
vt 0.030714 0.969269
vt 0.103788 0.666667
vt 0.199260 1.000000
vt 0.199260 0.000000
vt 0.217690 0.116554
s 0
g Torus.001_Mat_Coral_Ponta_10.002
usemtl Mat_Coral_Ponta_10.002
f 218/290/285 213/291/285 302/292/285
f 221/293/286 216/294/286 298/295/286
f 219/296/287 211/297/287 216/294/287
f 220/298/288 302/292/288 212/299/288
f 220/298/289 218/290/289 302/292/289
f 223/300/290 217/301/290 211/297/290
f 222/302/291 226/303/291 215/304/291
f 226/303/292 221/293/292 215/304/292
f 219/296/293 223/300/293 211/297/293
f 223/300/294 227/305/294 217/301/294
f 226/303/295 228/306/295 221/293/295
f 220/298/296 231/307/296 218/290/296
f 232/308/297 225/309/297 224/310/297
f 235/311/298 226/303/298 222/302/298
f 233/312/299 223/300/299 221/293/299
f 233/312/300 229/313/300 223/300/300
f 235/311/301 228/306/301 226/303/301
f 236/314/302 232/308/302 224/310/302
f 237/315/303 230/316/303 229/313/303
f 230/316/304 238/317/304 231/307/304
f 228/306/305 242/318/305 233/312/305
f 242/318/306 237/315/306 233/312/306
f 239/319/307 238/317/307 237/315/307
f 238/317/308 240/320/308 231/307/308
f 240/320/309 236/314/309 231/307/309
f 241/321/310 244/322/310 235/311/310
f 244/322/311 228/306/311 235/311/311
f 236/314/312 243/323/312 232/308/312
f 243/323/313 241/324/313 232/308/313
f 244/322/314 242/318/314 228/306/314
f 239/319/315 245/325/315 238/317/315
f 246/326/316 244/322/316 241/321/316
f 247/327/317 239/319/317 242/318/317
f 245/325/318 248/328/318 238/317/318
f 248/328/319 240/320/319 238/317/319
f 252/329/320 245/325/320 239/319/320
f 247/327/321 252/329/321 239/319/321
f 252/329/322 248/328/322 245/325/322
f 248/328/323 249/330/323 240/320/323
f 253/331/324 251/332/324 246/326/324
f 254/333/325 255/334/325 244/322/325
f 255/334/326 252/329/326 247/327/326
f 256/335/327 248/328/327 252/329/327
f 256/335/328 258/336/328 248/328/328
f 249/330/329 259/337/329 250/338/329
f 258/336/330 259/337/330 249/330/330
f 259/337/331 263/339/331 250/338/331
f 263/340/332 253/331/332 250/341/332
f 261/342/333 265/343/333 254/333/333
f 265/343/334 257/344/334 254/333/334
f 263/345/335 264/346/335 253/347/335
f 265/348/336 260/349/336 257/350/336
f 267/351/337 262/352/337 260/349/337
f 271/353/338 264/346/338 263/345/338
f 261/354/339 269/355/339 265/348/339
f 265/348/340 267/351/340 260/349/340
f 273/356/341 261/354/341 264/346/341
f 269/355/342 267/351/342 265/348/342
f 272/357/343 266/358/343 258/359/343
f 269/355/344 270/360/344 267/351/344
f 274/361/345 269/355/345 261/354/345
f 272/357/346 277/362/346 266/358/346
f 266/358/347 277/362/347 271/363/347
f 275/364/348 270/360/348 269/355/348
f 282/365/349 277/362/349 272/357/349
f 284/366/350 281/367/350 275/364/350
f 282/365/351 285/368/351 277/362/351
f 287/369/352 280/370/352 274/361/352
f 285/368/353 286/371/353 277/362/353
f 284/366/354 289/372/354 281/367/354
f 289/372/355 282/365/355 281/367/355
f 289/372/356 290/373/356 282/365/356
f 290/373/357 291/374/357 285/368/357
f 293/375/358 287/369/358 283/376/358
f 294/377/359 289/372/359 288/378/359
f 292/379/360 293/375/360 286/380/360
f 287/369/361 299/381/361 288/378/361
f 299/381/362 294/377/362 288/378/362
f 295/382/363 290/373/363 289/372/363
f 297/383/364 293/375/364 292/379/364
f 298/295/365 299/381/365 287/369/365
f 299/381/366 295/382/366 294/377/366
f 301/384/367 298/295/367 293/375/367
f 299/381/368 300/385/368 295/382/368
f 290/373/369 302/292/369 291/374/369
f 302/292/370 292/386/370 291/374/370
f 213/291/371 297/387/371 292/386/371
f 300/385/372 212/299/372 296/388/372
f 213/291/373 214/389/373 297/387/373
f 214/390/374 301/384/374 297/383/374
f 215/304/375 298/295/375 301/384/375
f 211/297/376 212/299/376 300/385/376
f 214/390/377 215/304/377 301/384/377
f 211/297/378 217/301/378 212/299/378
f 215/304/379 221/293/379 298/295/379
f 217/301/380 220/298/380 212/299/380
f 216/294/381 221/293/381 219/296/381
f 214/390/382 222/302/382 215/304/382
f 218/290/383 224/310/383 213/291/383
f 231/307/384 227/305/384 230/316/384
f 214/390/385 225/391/385 222/302/385
f 217/301/386 227/305/386 220/298/386
f 221/293/387 223/300/387 219/296/387
f 223/300/388 229/313/388 227/305/388
f 229/313/389 230/316/389 227/305/389
f 256/335/390 255/334/390 257/344/390
f 218/290/391 231/307/391 224/310/391
f 225/391/392 235/311/392 222/302/392
f 228/306/393 233/312/393 221/293/393
f 232/308/394 234/392/394 225/309/394
f 225/391/395 234/393/395 235/311/395
f 231/307/396 236/314/396 224/310/396
f 233/312/397 237/315/397 229/313/397
f 234/393/398 241/321/398 235/311/398
f 237/315/399 238/317/399 230/316/399
f 232/308/400 241/324/400 234/392/400
f 237/315/401 242/318/401 239/319/401
f 240/320/402 243/323/402 236/314/402
f 243/323/403 246/394/403 241/324/403
f 244/322/404 255/334/404 242/318/404
f 242/318/405 255/334/405 247/327/405
f 240/320/406 249/330/406 243/323/406
f 249/330/407 250/338/407 243/323/407
f 243/323/408 250/338/408 246/394/408
f 246/326/409 251/332/409 244/322/409
f 214/389/410 224/310/410 225/309/410
f 250/341/411 253/331/411 246/326/411
f 251/332/412 254/333/412 244/322/412
f 255/334/413 254/333/413 257/344/413
f 272/357/414 270/360/414 276/395/414
f 248/328/415 258/336/415 249/330/415
f 251/332/416 261/342/416 254/333/416
f 257/344/417 260/396/417 256/335/417
f 260/396/418 262/397/418 256/335/418
f 256/335/419 262/397/419 258/336/419
f 253/331/420 264/398/420 251/332/420
f 251/332/421 264/398/421 261/342/421
f 258/359/422 266/358/422 259/399/422
f 259/399/423 266/358/423 263/400/423
f 262/352/424 268/401/424 258/359/424
f 267/351/425 270/360/425 262/352/425
f 262/352/426 270/360/426 268/401/426
f 266/358/427 271/363/427 263/400/427
f 268/401/428 272/357/428 258/359/428
f 271/353/429 273/356/429 264/346/429
f 273/356/430 274/361/430 261/354/430
f 270/360/431 275/364/431 276/395/431
f 272/357/432 281/367/432 282/365/432
f 271/363/433 277/362/433 278/402/433
f 271/353/434 278/403/434 273/356/434
f 274/361/435 275/364/435 269/355/435
f 273/356/436 279/404/436 274/361/436
f 274/361/437 280/370/437 275/364/437
f 278/403/438 279/404/438 273/356/438
f 275/364/439 281/367/439 276/395/439
f 279/404/440 283/376/440 274/361/440
f 280/370/441 284/366/441 275/364/441
f 277/362/442 286/371/442 278/402/442
f 278/403/443 286/380/443 279/404/443
f 283/376/444 287/369/444 274/361/444
f 279/404/445 286/380/445 283/376/445
f 287/369/446 288/378/446 280/370/446
f 280/370/447 288/378/447 284/366/447
f 282/365/448 290/373/448 285/368/448
f 288/378/449 289/372/449 284/366/449
f 285/368/450 292/386/450 286/371/450
f 286/380/451 293/375/451 283/376/451
f 291/374/452 292/386/452 285/368/452
f 294/377/453 295/382/453 289/372/453
f 295/382/454 296/388/454 290/373/454
f 293/375/455 298/295/455 287/369/455
f 300/385/456 296/388/456 295/382/456
f 297/383/457 301/384/457 293/375/457
f 296/388/458 302/292/458 290/373/458
f 302/292/459 213/291/459 292/386/459
f 298/295/460 216/294/460 299/381/460
f 299/381/461 216/294/461 300/385/461
f 296/388/462 212/299/462 302/292/462
f 216/294/463 211/297/463 300/385/463
f 231/307/464 220/298/464 227/305/464
f 256/335/465 252/329/465 255/334/465
f 214/389/466 213/291/466 224/310/466
f 272/357/467 268/401/467 270/360/467
f 272/357/468 276/395/468 281/367/468
o Cylinder.001
v 0.700000 -0.625340 0.000000
v 0.700000 -0.625340 1.100000
v 0.655000 -0.613282 0.000000
v 0.655000 -0.613282 1.100000
v 0.622058 -0.580340 0.000000
v 0.622058 -0.580340 1.100000
v 0.610000 -0.535340 0.000000
v 0.610000 -0.535340 1.100000
v 0.622058 -0.490340 0.000000
v 0.622058 -0.490340 1.100000
v 0.655000 -0.457398 0.000000
v 0.655000 -0.457398 1.100000
v 0.700000 -0.445340 0.000000
v 0.700000 -0.445340 1.100000
v 0.745000 -0.457398 0.000000
v 0.745000 -0.457398 1.100000
v 0.777942 -0.490340 0.000000
v 0.777942 -0.490340 1.100000
v 0.790000 -0.535340 0.000000
v 0.790000 -0.535340 1.100000
v 0.777942 -0.580340 0.000000
v 0.777942 -0.580340 1.100000
v 0.745000 -0.613282 0.000000
v 0.745000 -0.613282 1.100000
vn -0.0000 -0.7572 -0.6532
vn -0.0000 -0.7572 0.6532
vn -0.3786 -0.6557 -0.6532
vn -0.3786 -0.6557 0.6532
vn -0.6557 -0.3786 -0.6532
vn -0.6557 -0.3786 0.6532
vn -0.7572 -0.0000 -0.6532
vn -0.7572 -0.0000 0.6532
vn -0.6557 0.3786 -0.6532
vn -0.6557 0.3786 0.6532
vn -0.3786 0.6557 -0.6532
vn -0.3786 0.6557 0.6532
vn -0.0000 0.7572 -0.6532
vn -0.0000 0.7572 0.6532
vn 0.3786 0.6557 -0.6532
vn 0.3786 0.6557 0.6532
vn 0.6557 0.3786 -0.6532
vn 0.6557 0.3786 0.6532
vn 0.7572 -0.0000 -0.6532
vn 0.7572 -0.0000 0.6532
vn 0.6557 -0.3786 -0.6532
vn 0.6557 -0.3786 0.6532
vn 0.3786 -0.6557 -0.6532
vn 0.3786 -0.6557 0.6532
vt 1.000000 1.000000
vt 0.916667 0.500000
vt 1.000000 0.500000
vt 0.916667 1.000000
vt 0.833333 0.500000
vt 0.833333 1.000000
vt 0.750000 0.500000
vt 0.750000 1.000000
vt 0.666667 0.500000
vt 0.666667 1.000000
vt 0.583333 0.500000
vt 0.583333 1.000000
vt 0.500000 0.500000
vt 0.500000 1.000000
vt 0.416667 0.500000
vt 0.416667 1.000000
vt 0.333333 0.500000
vt 0.333333 1.000000
vt 0.250000 0.500000
vt 0.250000 1.000000
vt 0.166667 0.500000
vt 0.042154 0.370000
vt 0.250000 0.010000
vt 0.457846 0.370000
vt 0.166667 1.000000
vt 0.083333 0.500000
vt 0.083333 1.000000
vt 0.000000 0.500000
vt 0.990000 0.250000
vt 0.630000 0.042154
vt 0.630000 0.457846
vt 0.370000 0.457846
vt 0.250000 0.490000
vt 0.130000 0.457846
vt 0.010000 0.250000
vt 0.042154 0.130000
vt 0.130000 0.042154
vt 0.370000 0.042154
vt 0.457846 0.130000
vt 0.490000 0.250000
vt 0.000000 1.000000
vt 0.750000 0.490000
vt 0.870000 0.457846
vt 0.957846 0.370000
vt 0.957846 0.130000
vt 0.870000 0.042154
vt 0.750000 0.010000
vt 0.542154 0.130000
vt 0.510000 0.250000
vt 0.542154 0.370000
s 1
g Cylinder.001_Mat_Coral_Laranja_30.002
usemtl Mat_Coral_Laranja_30.002
f 304/405/470 305/406/471 303/407/469
f 306/408/472 307/409/473 305/406/471
f 308/410/474 309/411/475 307/409/473
f 310/412/476 311/413/477 309/411/475
f 312/414/478 313/415/479 311/413/477
f 314/416/480 315/417/481 313/415/479
f 316/418/482 317/419/483 315/417/481
f 318/420/484 319/421/485 317/419/483
f 320/422/486 321/423/487 319/421/485
f 322/424/488 323/425/489 321/423/487
f 324/426/490 316/427/482 308/428/474
f 324/429/490 325/430/491 323/425/489
f 326/431/492 303/432/469 325/430/491
f 309/433/475 317/434/483 325/435/491
f 304/405/470 306/408/472 305/406/471
f 306/408/472 308/410/474 307/409/473
f 308/410/474 310/412/476 309/411/475
f 310/412/476 312/414/478 311/413/477
f 312/414/478 314/416/480 313/415/479
f 314/416/480 316/418/482 315/417/481
f 316/418/482 318/420/484 317/419/483
f 318/420/484 320/422/486 319/421/485
f 320/422/486 322/424/488 321/423/487
f 322/424/488 324/429/490 323/425/489
f 308/428/474 306/436/472 304/437/470
f 304/437/470 326/438/492 324/426/490
f 324/426/490 322/439/488 320/440/486
f 320/440/486 318/441/484 316/427/482
f 316/427/482 314/442/480 312/443/478
f 312/443/478 310/444/476 308/428/474
f 308/428/474 304/437/470 324/426/490
f 324/426/490 320/440/486 316/427/482
f 316/427/482 312/443/478 308/428/474
f 324/429/490 326/431/492 325/430/491
f 326/431/492 304/445/470 303/432/469
f 325/435/491 303/446/469 305/447/471
f 305/447/471 307/448/473 309/433/475
f 309/433/475 311/449/477 313/450/479
f 313/450/479 315/451/481 317/434/483
f 317/434/483 319/452/485 321/453/487
f 321/453/487 323/454/489 325/435/491
f 325/435/491 305/447/471 309/433/475
f 309/433/475 313/450/479 317/434/483
f 317/434/483 321/453/487 325/435/491
o Torus.002
v 0.590860 -0.555873 1.100358
v 0.595404 -0.530003 1.114832
v 0.625784 -0.539717 1.109757
v 0.629271 -0.544652 1.100000
v 0.624286 -0.544931 1.085272
v 0.595843 -0.524512 1.084901
v 0.597854 -0.570861 1.110330
v 0.624903 -0.580894 1.119802
v 0.597153 -0.569585 1.089886
v 0.615325 -0.591918 1.117620
v 0.618813 -0.590113 1.080230
v 0.641702 -0.580655 1.090139
v 0.615644 -0.607158 1.094609
v 0.647901 -0.591942 1.114690
v 0.650677 -0.586651 1.100000
v 0.641404 -0.591665 1.082726
v 0.623933 -0.612129 1.109848
v 0.668857 -0.623832 1.080046
v 0.650926 -0.634852 1.100000
v 0.667076 -0.638616 1.110073
v 0.666413 -0.625617 1.119909
v 0.684446 -0.608129 1.110065
v 0.658782 -0.631406 1.084677
v 0.687497 -0.604954 1.100000
v 0.678543 -0.608739 1.085305
v 0.698759 -0.616588 1.117253
v 0.688035 -0.644757 1.094044
v 0.715582 -0.638782 1.115227
v 0.733758 -0.641233 1.100000
v 0.739086 -0.618852 1.120000
v 0.709212 -0.605928 1.094109
v 0.725503 -0.635882 1.083796
v 0.733958 -0.603302 1.114273
v 0.737072 -0.613213 1.080170
v 0.758532 -0.626576 1.110073
v 0.740615 -0.593303 1.094485
v 0.759071 -0.626315 1.090174
v 0.775615 -0.604069 1.117544
v 0.774809 -0.577533 1.119977
v 0.764065 -0.566330 1.104832
v 0.773947 -0.570186 1.082858
v 0.783729 -0.608559 1.104111
v 0.770069 -0.559125 1.090757
v 0.792838 -0.559192 1.080066
v 0.783857 -0.597631 1.084569
v 0.805704 -0.566707 1.106169
v 0.805909 -0.557224 1.089670
v 0.797433 -0.533799 1.119933
v 0.776046 -0.540489 1.114546
v 0.810717 -0.528083 1.100000
v 0.788492 -0.504197 1.080046
v 0.805902 -0.512215 1.110073
v 0.769449 -0.522303 1.104712
v 0.771485 -0.508258 1.085938
v 0.802602 -0.512534 1.085217
v 0.767260 -0.488583 1.117303
v 0.796679 -0.481624 1.100000
v 0.780529 -0.473888 1.117457
v 0.781777 -0.468596 1.085057
v 0.779396 -0.458535 1.106520
v 0.755979 -0.491356 1.105267
v 0.739090 -0.446358 1.119565
v 0.750956 -0.477303 1.085121
v 0.750803 -0.454374 1.080096
v 0.736797 -0.430699 1.095151
v 0.741383 -0.435432 1.109652
v 0.720588 -0.461776 1.114339
v 0.722199 -0.468112 1.099758
v 0.714947 -0.461047 1.085975
v 0.717855 -0.435927 1.082653
v 0.693727 -0.427376 1.110330
v 0.689666 -0.438863 1.119826
v 0.687943 -0.454899 1.082667
v 0.690508 -0.424935 1.094970
v 0.679520 -0.461890 1.114388
v 0.682151 -0.466829 1.094809
v 0.664392 -0.449376 1.080000
v 0.666632 -0.437040 1.084422
v 0.647821 -0.438449 1.106216
v 0.637607 -0.462384 1.120003
v 0.643675 -0.476744 1.117274
v 0.645483 -0.488265 1.106559
v 0.645137 -0.482369 1.085518
v 0.635304 -0.448935 1.090145
v 0.620932 -0.458265 1.104751
v 0.604026 -0.493780 1.115222
v 0.636945 -0.503426 1.100228
v 0.612669 -0.505695 1.080000
v 0.612893 -0.476629 1.084473
v 0.594952 -0.498704 1.099619
v 0.628092 -0.510559 1.085380
v 0.613547 -0.529813 1.119880
vn 0.7011 0.1548 0.6960
vn -0.2575 -0.0214 -0.9660
vn -0.8949 -0.0747 -0.4400
vn -0.2674 -0.0427 0.9626
vn -0.1770 -0.0409 0.9834
vn -0.9010 -0.4333 -0.0193
vn 0.7994 0.3205 -0.5082
vn 0.1158 0.0963 -0.9886
vn -0.8984 -0.4379 0.0335
vn -0.8118 -0.5162 0.2731
vn 0.1204 0.1841 -0.9755
vn -0.1102 -0.0999 0.9889
vn 0.4146 0.8284 0.3767
vn 0.2978 0.5276 -0.7956
vn -0.4588 -0.5215 -0.7194
vn -0.5155 -0.7406 -0.4309
vn 0.1701 0.2251 -0.9594
vn 0.4180 0.8843 0.2082
vn -0.2514 -0.9670 0.0417
vn -0.0863 -0.6039 0.7924
vn -0.0437 -0.4782 -0.8771
vn -0.0536 -0.6495 -0.7585
vn 0.0474 -0.9758 0.2136
vn 0.0228 -0.2582 0.9658
vn -0.0392 0.4086 0.9119
vn 0.0338 0.9119 -0.4090
vn -0.0543 0.3594 -0.9316
vn -0.1223 0.5144 0.8488
vn -0.0960 0.9953 -0.0118
vn 0.0286 -0.1721 -0.9847
vn 0.2926 -0.8258 0.4821
vn -0.2299 0.5948 -0.7703
vn 0.3225 -0.8376 -0.4409
vn 0.2339 -0.4615 0.8557
vn 0.2590 -0.5029 0.8247
vn 0.5495 -0.8205 -0.1575
vn 0.5370 -0.8357 0.1146
vn 0.5684 -0.6134 0.5484
vn 0.1021 -0.0877 0.9909
vn -0.5227 0.3665 -0.7698
vn 0.1412 -0.1477 -0.9789
vn 0.6704 -0.6494 -0.3588
vn 0.7168 -0.4043 0.5681
vn 0.5532 -0.1993 0.8088
vn -0.7666 0.1181 0.6312
vn -0.2849 0.1484 0.9470
vn -0.7396 0.0923 0.6667
vn -0.9335 0.1132 -0.3402
vn 0.3585 0.0280 -0.9331
vn 0.5953 -0.0359 -0.8027
vn -0.9954 0.0188 -0.0939
vn 0.8848 0.0191 -0.4656
vn 0.9573 0.2892 0.0019
vn -0.8555 -0.3658 -0.3664
vn 0.4418 0.2062 -0.8731
vn 0.9346 0.2824 -0.2160
vn -0.2756 -0.2075 -0.9386
vn 0.7991 0.3771 -0.4682
vn -0.8318 -0.5550 0.0013
vn 0.7538 0.6231 -0.2085
vn 0.2351 0.1788 -0.9554
vn -0.1493 -0.1520 0.9770
vn -0.4363 -0.6967 0.5694
vn 0.5766 0.7625 -0.2935
vn -0.0374 -0.2802 0.9592
vn 0.1220 0.9839 0.1308
vn 0.0018 -0.2306 0.9731
vn 0.0101 0.1549 -0.9879
vn 0.0030 -0.9695 0.2450
vn -0.2467 0.9477 0.2023
vn -0.2245 0.6668 0.7106
vn -0.2509 0.5614 0.7886
vn 0.1332 -0.1305 0.9825
vn 0.0636 -0.2006 -0.9776
vn -0.3848 0.8810 -0.2752
vn 0.4276 -0.8686 -0.2504
vn -0.2720 0.3681 -0.8891
vn -0.3177 0.4301 -0.8450
vn -0.4656 0.5825 0.6663
vn 0.8865 -0.4415 -0.1383
vn -0.1647 0.1513 -0.9747
vn -0.7126 0.6369 -0.2943
vn 0.2785 -0.1638 -0.9464
vn -0.8188 0.5478 -0.1715
vn 0.2339 -0.0852 0.9685
vn 0.7392 -0.3928 0.5471
vn 0.8750 -0.3554 -0.3288
vn -0.8729 0.2030 0.4436
vn 0.8978 -0.1694 0.4065
vn 0.8798 -0.1613 -0.4471
vn 0.3201 -0.0324 -0.9468
vn -0.9813 0.0725 0.1784
vn 0.9427 -0.1034 -0.3171
vn -0.8808 -0.1037 0.4619
vn 0.5075 0.0346 -0.8610
vn -0.5060 -0.1244 0.8535
vn -0.4897 -0.1099 -0.8649
vn 0.8723 0.3841 -0.3025
vn 0.3108 0.2190 0.9249
vn -0.3569 -0.5751 0.7361
vn 0.7857 0.4004 -0.4716
vn -0.7641 -0.4878 0.4222
vn -0.6644 -0.4059 -0.6276
vn -0.6232 -0.7774 0.0854
vn -0.4652 -0.7538 0.4641
vn 0.8641 -0.4409 -0.2427
vn 0.3531 0.3298 0.8755
vn 0.6000 0.7976 -0.0611
vn -0.2044 -0.2982 -0.9324
vn 0.4108 0.8264 0.3852
vn 0.3978 0.8003 -0.4485
vn 0.0332 0.1709 0.9847
vn -0.2936 -0.8893 -0.3506
vn -0.0208 0.9712 -0.2374
vn -0.0367 -0.9483 0.3152
vn 0.1326 0.9330 0.3346
vn 0.1188 -0.9232 -0.3654
vn -0.0455 0.3320 0.9422
vn -0.3564 0.8767 0.3231
vn 0.1697 -0.2395 -0.9560
vn 0.2822 -0.4131 -0.8658
vn -0.2851 0.2470 0.9261
vn -0.4418 0.5423 0.7146
vn -0.7654 0.6401 0.0660
vn -0.5853 0.5394 -0.6054
vn 0.8456 0.4310 0.3151
vn -0.7568 0.6535 0.0117
vn -0.3251 0.3339 -0.8848
vn 0.5985 -0.2298 -0.7675
vn 0.4037 0.5668 0.7182
vn 0.1662 -0.0850 0.9824
vn -0.1397 -0.0114 -0.9901
vn 0.9880 -0.1390 -0.0676
vn 0.8773 -0.0375 0.4784
vn 0.8047 -0.0453 0.5919
vn -0.9057 -0.0149 -0.4237
vn -0.3343 0.0335 -0.9419
vn -0.2172 -0.0884 0.9721
vn -0.9362 -0.1747 0.3050
vn 0.5159 0.1802 0.8375
vn 0.7396 0.4010 0.5405
vn 0.7646 0.4104 0.4969
vn -0.6606 -0.2999 0.6882
vn 0.0957 0.0680 0.9931
vn -0.8179 -0.5472 -0.1777
vn -0.2756 -0.2076 -0.9386
vn 0.5228 0.8452 0.1105
vn 0.0972 0.6135 0.7837
vn -0.5752 -0.7716 0.2717
vn -0.4648 -0.7764 -0.4257
vn 0.4014 0.6486 -0.6466
vn -0.1193 -0.2133 -0.9697
vn 0.2980 0.6315 -0.7158
vn -0.4042 -0.8827 -0.2399
vn 0.1646 0.9519 0.2586
vn -0.0289 -0.5690 -0.8218
vn 0.1077 0.8485 -0.5181
vn -0.0776 -0.9175 0.3901
vn 0.0296 -0.8831 -0.4683
vn -0.0300 -0.5356 -0.8440
vn -0.0704 -0.6945 -0.7160
vn -0.0399 0.3436 -0.9383
vn -0.0398 0.6999 -0.7131
vn 0.1307 -0.2820 0.9505
vn -0.3506 0.9042 -0.2441
vn 0.5492 -0.7898 0.2730
vn 0.4385 -0.7368 -0.5147
vn 0.3146 -0.6195 0.7192
vn -0.5896 0.8050 -0.0660
vn -0.5334 0.4627 0.7081
vn 0.4134 -0.3797 -0.8276
vn -0.8147 0.4826 0.3215
vn 0.8283 -0.4996 -0.2538
vn -0.2060 0.0717 0.9759
vn 0.5495 -0.1594 0.8202
vn -0.4192 0.1413 -0.8968
vn -0.7962 0.2787 -0.5370
vn -0.2682 0.0535 0.9619
vn -0.9816 0.0680 -0.1786
vn -0.3403 -0.4603 0.8200
vn 0.8640 -0.4418 -0.2414
vn 0.9094 0.3969 0.1243
vn 0.4030 0.5506 0.7311
vn 0.1210 0.6529 0.7477
vt 0.585872 0.776299
vt 0.509311 0.916667
vt 0.487982 0.776523
vt 0.590790 0.325439
vt 0.485272 0.377822
vt 0.447940 0.250000
vt 0.551150 0.416667
vt 0.529589 0.500000
vt 0.593581 0.666667
vt 0.494668 0.616481
vt 0.612977 0.463461
vt 0.553276 0.583333
vt 0.605106 0.083333
vt 0.621759 0.166667
vt 0.520224 0.125991
vt 0.625719 0.583333
vt 0.696143 0.250000
vt 0.698772 0.692885
vt 0.716512 0.916667
vt 0.628240 1.000000
vt 0.630650 0.868937
vt 0.703832 0.130497
vt 0.686830 0.372962
vt 0.677083 0.500000
vt 0.747484 0.833333
vt 0.733646 0.449265
vt 0.700900 0.583333
vt 0.775006 0.630079
vt 0.789329 0.351635
vt 0.799084 0.500000
vt 0.819558 0.750000
vt 0.772408 0.054347
vt 0.821256 0.204749
vt 0.826541 0.881301
vt 0.793142 1.000000
vt 0.840758 0.583333
vt 0.848950 0.045687
vt 0.841633 0.416667
vt 0.882750 0.666667
vt 0.887223 0.517167
vt 0.917299 0.786839
vt 0.947958 0.083333
vt 0.929941 0.166667
vt 0.955466 0.325283
vt 0.896755 0.373475
vt 0.954501 0.545940
vt 0.988371 0.682425
vt 0.984343 0.875256
vt 0.926340 0.973203
vt 1.000000 1.000000
vt 1.000000 0.000000
vt 0.935863 0.000000
vt 0.989583 0.250000
vt 1.000000 0.333333
vt 0.967565 0.416667
vt 0.018230 0.000000
vt 0.055447 0.104281
vt 0.000000 0.083333
vt 0.032941 0.385923
vt 0.015082 0.500000
vt 0.000000 0.416667
vt 0.080730 0.500000
vt 0.034234 0.583333
vt 0.102836 0.000000
vt 0.056120 0.250000
vt 0.106687 0.387526
vt 0.136368 0.134240
vt 0.181786 0.675760
vt 0.096506 0.833333
vt 0.023628 0.682425
vt 0.122774 0.553622
vt 0.163892 0.313352
vt 0.203471 0.879073
vt 0.108514 0.965873
vt 0.195216 0.468002
vt 0.264374 0.685826
vt 0.263080 0.463240
vt 0.259229 0.583333
vt 0.291790 0.882583
vt 0.312626 0.250000
vt 0.221746 0.333333
vt 0.282911 1.000000
vt 0.328346 0.550010
vt 0.364450 0.704219
vt 0.371765 0.833333
vt 0.376722 0.120015
vt 0.273595 0.166667
vt 0.352311 0.416667
vt 0.302081 0.361850
vt 0.354137 0.000000
vt 0.291420 0.036984
vt 0.404634 0.369645
vt 0.378705 0.531025
vt 0.425420 0.000000
vt 0.447689 0.128245
vt 0.446591 0.500000
vt 0.384808 0.937093
vt 0.425420 1.000000
vt 0.433022 0.628082
vt 0.520969 1.000000
vt 0.520969 0.000000
vt 0.628240 0.000000
vt 0.721741 1.000000
vt 0.721741 0.000000
vt 0.854137 1.000000
vt 0.187458 0.583333
vt 0.990669 0.500000
vt 1.000000 0.583333
vt 1.000000 0.166667
vt 0.010495 0.875256
vt 0.030714 0.969269
vt 0.103788 0.666667
vt 0.199260 1.000000
vt 0.199260 0.000000
vt 0.217690 0.116554
s 0
g Torus.002_Mat_Coral_Ponta_10.003
usemtl Mat_Coral_Ponta_10.003
f 334/455/493 329/456/493 418/457/493
f 337/458/494 332/459/494 414/460/494
f 335/461/495 327/462/495 332/459/495
f 336/463/496 418/457/496 328/464/496
f 336/463/497 334/455/497 418/457/497
f 339/465/498 333/466/498 327/462/498
f 338/467/499 342/468/499 331/469/499
f 342/468/500 337/458/500 331/469/500
f 335/461/501 339/465/501 327/462/501
f 339/465/502 343/470/502 333/466/502
f 342/468/503 344/471/503 337/458/503
f 336/463/504 347/472/504 334/455/504
f 348/473/505 341/474/505 340/475/505
f 351/476/506 342/468/506 338/467/506
f 349/477/507 339/465/507 337/458/507
f 349/477/508 345/478/508 339/465/508
f 351/476/509 344/471/509 342/468/509
f 352/479/510 348/473/510 340/475/510
f 353/480/511 346/481/511 345/478/511
f 346/481/512 354/482/512 347/472/512
f 344/471/513 358/483/513 349/477/513
f 358/483/514 353/480/514 349/477/514
f 355/484/515 354/482/515 353/480/515
f 354/482/516 356/485/516 347/472/516
f 356/485/517 352/479/517 347/472/517
f 357/486/518 360/487/518 351/476/518
f 360/487/519 344/471/519 351/476/519
f 352/479/520 359/488/520 348/473/520
f 359/488/521 357/489/521 348/473/521
f 360/487/522 358/483/522 344/471/522
f 355/484/523 361/490/523 354/482/523
f 362/491/524 360/487/524 357/486/524
f 363/492/525 355/484/525 358/483/525
f 361/490/526 364/493/526 354/482/526
f 364/493/527 356/485/527 354/482/527
f 368/494/528 361/490/528 355/484/528
f 363/492/529 368/494/529 355/484/529
f 368/494/530 364/493/530 361/490/530
f 364/493/531 365/495/531 356/485/531
f 369/496/532 367/497/532 362/491/532
f 370/498/533 371/499/533 360/487/533
f 371/499/534 368/494/534 363/492/534
f 372/500/535 364/493/535 368/494/535
f 372/500/536 374/501/536 364/493/536
f 365/495/537 375/502/537 366/503/537
f 374/501/538 375/502/538 365/495/538
f 375/502/539 379/504/539 366/503/539
f 379/505/540 369/496/540 366/506/540
f 377/507/541 381/508/541 370/498/541
f 381/508/542 373/509/542 370/498/542
f 379/510/543 380/511/543 369/512/543
f 381/513/544 376/514/544 373/515/544
f 383/516/545 378/517/545 376/514/545
f 387/518/546 380/511/546 379/510/546
f 377/519/547 385/520/547 381/513/547
f 381/513/548 383/516/548 376/514/548
f 389/521/549 377/519/549 380/511/549
f 385/520/550 383/516/550 381/513/550
f 388/522/551 382/523/551 374/524/551
f 385/520/552 386/525/552 383/516/552
f 390/526/553 385/520/553 377/519/553
f 388/522/554 393/527/554 382/523/554
f 382/523/555 393/527/555 387/528/555
f 391/529/556 386/525/556 385/520/556
f 398/530/557 393/527/557 388/522/557
f 400/531/558 397/532/558 391/529/558
f 398/530/559 401/533/559 393/527/559
f 403/534/560 396/535/560 390/526/560
f 401/533/561 402/536/561 393/527/561
f 400/531/562 405/537/562 397/532/562
f 405/537/563 398/530/563 397/532/563
f 405/537/564 406/538/564 398/530/564
f 406/538/565 407/539/565 401/533/565
f 409/540/566 403/534/566 399/541/566
f 410/542/567 405/537/567 404/543/567
f 408/544/568 409/540/568 402/545/568
f 403/534/569 415/546/569 404/543/569
f 415/546/570 410/542/570 404/543/570
f 411/547/571 406/538/571 405/537/571
f 413/548/572 409/540/572 408/544/572
f 414/460/573 415/546/573 403/534/573
f 415/546/574 411/547/574 410/542/574
f 417/549/575 414/460/575 409/540/575
f 415/546/576 416/550/576 411/547/576
f 406/538/577 418/457/577 407/539/577
f 418/457/578 408/551/578 407/539/578
f 329/456/579 413/552/579 408/551/579
f 416/550/580 328/464/580 412/553/580
f 329/456/581 330/554/581 413/552/581
f 330/555/582 417/549/582 413/548/582
f 331/469/583 414/460/583 417/549/583
f 327/462/584 328/464/584 416/550/584
f 330/555/585 331/469/585 417/549/585
f 327/462/586 333/466/586 328/464/586
f 331/469/587 337/458/587 414/460/587
f 333/466/588 336/463/588 328/464/588
f 332/459/589 337/458/589 335/461/589
f 330/555/590 338/467/590 331/469/590
f 334/455/591 340/475/591 329/456/591
f 347/472/592 343/470/592 346/481/592
f 330/555/593 341/556/593 338/467/593
f 333/466/594 343/470/594 336/463/594
f 337/458/595 339/465/595 335/461/595
f 339/465/596 345/478/596 343/470/596
f 345/478/597 346/481/597 343/470/597
f 372/500/598 371/499/598 373/509/598
f 334/455/599 347/472/599 340/475/599
f 341/556/600 351/476/600 338/467/600
f 344/471/601 349/477/601 337/458/601
f 348/473/602 350/557/602 341/474/602
f 341/556/603 350/558/603 351/476/603
f 347/472/604 352/479/604 340/475/604
f 349/477/605 353/480/605 345/478/605
f 350/558/606 357/486/606 351/476/606
f 353/480/607 354/482/607 346/481/607
f 348/473/608 357/489/608 350/557/608
f 353/480/609 358/483/609 355/484/609
f 356/485/610 359/488/610 352/479/610
f 359/488/611 362/559/611 357/489/611
f 360/487/612 371/499/612 358/483/612
f 358/483/613 371/499/613 363/492/613
f 356/485/614 365/495/614 359/488/614
f 365/495/615 366/503/615 359/488/615
f 359/488/616 366/503/616 362/559/616
f 362/491/617 367/497/617 360/487/617
f 330/554/618 340/475/618 341/474/618
f 366/506/619 369/496/619 362/491/619
f 367/497/620 370/498/620 360/487/620
f 371/499/621 370/498/621 373/509/621
f 388/522/622 386/525/622 392/560/622
f 364/493/623 374/501/623 365/495/623
f 367/497/624 377/507/624 370/498/624
f 373/509/625 376/561/625 372/500/625
f 376/561/626 378/562/626 372/500/626
f 372/500/627 378/562/627 374/501/627
f 369/496/628 380/563/628 367/497/628
f 367/497/629 380/563/629 377/507/629
f 374/524/630 382/523/630 375/564/630
f 375/564/631 382/523/631 379/565/631
f 378/517/632 384/566/632 374/524/632
f 383/516/633 386/525/633 378/517/633
f 378/517/634 386/525/634 384/566/634
f 382/523/635 387/528/635 379/565/635
f 384/566/636 388/522/636 374/524/636
f 387/518/637 389/521/637 380/511/637
f 389/521/638 390/526/638 377/519/638
f 386/525/639 391/529/639 392/560/639
f 388/522/640 397/532/640 398/530/640
f 387/528/641 393/527/641 394/567/641
f 387/518/642 394/568/642 389/521/642
f 390/526/643 391/529/643 385/520/643
f 389/521/644 395/569/644 390/526/644
f 390/526/645 396/535/645 391/529/645
f 394/568/646 395/569/646 389/521/646
f 391/529/647 397/532/647 392/560/647
f 395/569/648 399/541/648 390/526/648
f 396/535/649 400/531/649 391/529/649
f 393/527/650 402/536/650 394/567/650
f 394/568/651 402/545/651 395/569/651
f 399/541/652 403/534/652 390/526/652
f 395/569/653 402/545/653 399/541/653
f 403/534/654 404/543/654 396/535/654
f 396/535/655 404/543/655 400/531/655
f 398/530/656 406/538/656 401/533/656
f 404/543/657 405/537/657 400/531/657
f 401/533/658 408/551/658 402/536/658
f 402/545/659 409/540/659 399/541/659
f 407/539/660 408/551/660 401/533/660
f 410/542/661 411/547/661 405/537/661
f 411/547/662 412/553/662 406/538/662
f 409/540/663 414/460/663 403/534/663
f 416/550/664 412/553/664 411/547/664
f 413/548/665 417/549/665 409/540/665
f 412/553/666 418/457/666 406/538/666
f 418/457/667 329/456/667 408/551/667
f 414/460/668 332/459/668 415/546/668
f 415/546/669 332/459/669 416/550/669
f 412/553/670 328/464/670 418/457/670
f 332/459/671 327/462/671 416/550/671
f 347/472/672 336/463/672 343/470/672
f 372/500/673 368/494/673 371/499/673
f 330/554/674 329/456/674 340/475/674
f 388/522/675 384/566/675 386/525/675
f 388/522/676 392/560/676 397/532/676
o Cylinder.002
v 0.540000 -0.668436 0.000000
v 0.540000 -0.668436 1.320000
v 0.495000 -0.656378 0.000000
v 0.495000 -0.656378 1.320000
v 0.462058 -0.623436 0.000000
v 0.462058 -0.623436 1.320000
v 0.450000 -0.578436 0.000000
v 0.450000 -0.578436 1.320000
v 0.462058 -0.533436 0.000000
v 0.462058 -0.533436 1.320000
v 0.495000 -0.500494 0.000000
v 0.495000 -0.500494 1.320000
v 0.540000 -0.488436 0.000000
v 0.540000 -0.488436 1.320000
v 0.585000 -0.500494 0.000000
v 0.585000 -0.500494 1.320000
v 0.617942 -0.533436 0.000000
v 0.617942 -0.533436 1.320000
v 0.630000 -0.578436 0.000000
v 0.630000 -0.578436 1.320000
v 0.617942 -0.623436 0.000000
v 0.617942 -0.623436 1.320000
v 0.585000 -0.656378 0.000000
v 0.585000 -0.656378 1.320000
vn -0.0000 -0.7572 -0.6532
vn -0.0000 -0.7572 0.6532
vn -0.3786 -0.6557 -0.6532
vn -0.3786 -0.6557 0.6532
vn -0.6557 -0.3786 -0.6532
vn -0.6557 -0.3786 0.6532
vn -0.7572 -0.0000 -0.6532
vn -0.7572 -0.0000 0.6532
vn -0.6557 0.3786 -0.6532
vn -0.6557 0.3786 0.6532
vn -0.3786 0.6557 -0.6532
vn -0.3786 0.6557 0.6532
vn -0.0000 0.7572 -0.6532
vn -0.0000 0.7572 0.6532
vn 0.3786 0.6557 -0.6532
vn 0.3786 0.6557 0.6532
vn 0.6557 0.3786 -0.6532
vn 0.6557 0.3786 0.6532
vn 0.7572 -0.0000 -0.6532
vn 0.7572 -0.0000 0.6532
vn 0.6557 -0.3786 -0.6532
vn 0.6557 -0.3786 0.6532
vn 0.3786 -0.6557 -0.6532
vn 0.3786 -0.6557 0.6532
vt 1.000000 1.000000
vt 0.916667 0.500000
vt 1.000000 0.500000
vt 0.916667 1.000000
vt 0.833333 0.500000
vt 0.833333 1.000000
vt 0.750000 0.500000
vt 0.750000 1.000000
vt 0.666667 0.500000
vt 0.666667 1.000000
vt 0.583333 0.500000
vt 0.583333 1.000000
vt 0.500000 0.500000
vt 0.500000 1.000000
vt 0.416667 0.500000
vt 0.416667 1.000000
vt 0.333333 0.500000
vt 0.333333 1.000000
vt 0.250000 0.500000
vt 0.250000 1.000000
vt 0.166667 0.500000
vt 0.042154 0.370000
vt 0.250000 0.010000
vt 0.457846 0.370000
vt 0.166667 1.000000
vt 0.083333 0.500000
vt 0.083333 1.000000
vt 0.000000 0.500000
vt 0.990000 0.250000
vt 0.630000 0.042154
vt 0.630000 0.457846
vt 0.370000 0.457846
vt 0.250000 0.490000
vt 0.130000 0.457846
vt 0.010000 0.250000
vt 0.042154 0.130000
vt 0.130000 0.042154
vt 0.370000 0.042154
vt 0.457846 0.130000
vt 0.490000 0.250000
vt 0.000000 1.000000
vt 0.750000 0.490000
vt 0.870000 0.457846
vt 0.957846 0.370000
vt 0.957846 0.130000
vt 0.870000 0.042154
vt 0.750000 0.010000
vt 0.542154 0.130000
vt 0.510000 0.250000
vt 0.542154 0.370000
s 1
g Cylinder.002_Mat_Coral_Laranja_30.003
usemtl Mat_Coral_Laranja_30.003
f 420/570/678 421/571/679 419/572/677
f 422/573/680 423/574/681 421/571/679
f 424/575/682 425/576/683 423/574/681
f 426/577/684 427/578/685 425/576/683
f 428/579/686 429/580/687 427/578/685
f 430/581/688 431/582/689 429/580/687
f 432/583/690 433/584/691 431/582/689
f 434/585/692 435/586/693 433/584/691
f 436/587/694 437/588/695 435/586/693
f 438/589/696 439/590/697 437/588/695
f 440/591/698 432/592/690 424/593/682
f 440/594/698 441/595/699 439/590/697
f 442/596/700 419/597/677 441/595/699
f 425/598/683 433/599/691 441/600/699
f 420/570/678 422/573/680 421/571/679
f 422/573/680 424/575/682 423/574/681
f 424/575/682 426/577/684 425/576/683
f 426/577/684 428/579/686 427/578/685
f 428/579/686 430/581/688 429/580/687
f 430/581/688 432/583/690 431/582/689
f 432/583/690 434/585/692 433/584/691
f 434/585/692 436/587/694 435/586/693
f 436/587/694 438/589/696 437/588/695
f 438/589/696 440/594/698 439/590/697
f 424/593/682 422/601/680 420/602/678
f 420/602/678 442/603/700 440/591/698
f 440/591/698 438/604/696 436/605/694
f 436/605/694 434/606/692 432/592/690
f 432/592/690 430/607/688 428/608/686
f 428/608/686 426/609/684 424/593/682
f 424/593/682 420/602/678 440/591/698
f 440/591/698 436/605/694 432/592/690
f 432/592/690 428/608/686 424/593/682
f 440/594/698 442/596/700 441/595/699
f 442/596/700 420/610/678 419/597/677
f 441/600/699 419/611/677 421/612/679
f 421/612/679 423/613/681 425/598/683
f 425/598/683 427/614/685 429/615/687
f 429/615/687 431/616/689 433/599/691
f 433/599/691 435/617/693 437/618/695
f 437/618/695 439/619/697 441/600/699
f 441/600/699 421/612/679 425/598/683
f 425/598/683 429/615/687 433/599/691
f 433/599/691 437/618/695 441/600/699
o Torus.003
v 0.430860 -0.598969 1.320358
v 0.435404 -0.573099 1.334832
v 0.465784 -0.582813 1.329757
v 0.469271 -0.587748 1.320000
v 0.464286 -0.588027 1.305272
v 0.435843 -0.567608 1.304901
v 0.437854 -0.613957 1.330330
v 0.464903 -0.623990 1.339802
v 0.437153 -0.612681 1.309886
v 0.455325 -0.635014 1.337620
v 0.458813 -0.633209 1.300230
v 0.481702 -0.623751 1.310139
v 0.455644 -0.650254 1.314609
v 0.487901 -0.635038 1.334690
v 0.490677 -0.629747 1.320000
v 0.481404 -0.634761 1.302726
v 0.463933 -0.655225 1.329848
v 0.508857 -0.666928 1.300046
v 0.490926 -0.677948 1.320000
v 0.507076 -0.681712 1.330073
v 0.506414 -0.668713 1.339909
v 0.524446 -0.651225 1.330065
v 0.498782 -0.674502 1.304677
v 0.527497 -0.648050 1.320000
v 0.518543 -0.651835 1.305305
v 0.538759 -0.659684 1.337253
v 0.528035 -0.687853 1.314044
v 0.555582 -0.681878 1.335227
v 0.573758 -0.684329 1.320000
v 0.579086 -0.661948 1.340000
v 0.549212 -0.649024 1.314109
v 0.565503 -0.678977 1.303796
v 0.573958 -0.646398 1.334273
v 0.577072 -0.656309 1.300170
v 0.598532 -0.669672 1.330073
v 0.580615 -0.636399 1.314485
v 0.599071 -0.669411 1.310174
v 0.615615 -0.647165 1.337544
v 0.614809 -0.620629 1.339977
v 0.604065 -0.609426 1.324832
v 0.613947 -0.613282 1.302858
v 0.623729 -0.651655 1.324111
v 0.610069 -0.602221 1.310758
v 0.632838 -0.602288 1.300066
v 0.623857 -0.640727 1.304569
v 0.645704 -0.609803 1.326169
v 0.645909 -0.600320 1.309670
v 0.637433 -0.576895 1.339933
v 0.616046 -0.583585 1.334546
v 0.650717 -0.571179 1.320000
v 0.628492 -0.547293 1.300046
v 0.645902 -0.555311 1.330073
v 0.609449 -0.565399 1.324712
v 0.611485 -0.551354 1.305938
v 0.642602 -0.555630 1.305217
v 0.607260 -0.531679 1.337303
v 0.636679 -0.524720 1.320000
v 0.620529 -0.516984 1.337457
v 0.621777 -0.511692 1.305057
v 0.619396 -0.501631 1.326520
v 0.595979 -0.534452 1.325267
v 0.579090 -0.489454 1.339565
v 0.590956 -0.520399 1.305121
v 0.590803 -0.497470 1.300096
v 0.576797 -0.473795 1.315151
v 0.581383 -0.478528 1.329652
v 0.560588 -0.504872 1.334339
v 0.562199 -0.511208 1.319758
v 0.554947 -0.504143 1.305975
v 0.557855 -0.479023 1.302653
v 0.533728 -0.470472 1.330330
v 0.529666 -0.481959 1.339826
v 0.527943 -0.497995 1.302667
v 0.530509 -0.468031 1.314970
v 0.519520 -0.504986 1.334388
v 0.522151 -0.509925 1.314809
v 0.504392 -0.492472 1.300000
v 0.506632 -0.480136 1.304422
v 0.487821 -0.481545 1.326216
v 0.477607 -0.505480 1.340003
v 0.483675 -0.519840 1.337274
v 0.485483 -0.531361 1.326559
v 0.485137 -0.525465 1.305518
v 0.475304 -0.492031 1.310145
v 0.460932 -0.501361 1.324751
v 0.444026 -0.536876 1.335222
v 0.476945 -0.546522 1.320228
v 0.452669 -0.548791 1.300000
v 0.452893 -0.519725 1.304473
v 0.434952 -0.541800 1.319619
v 0.468092 -0.553655 1.305380
v 0.453547 -0.572909 1.339880
vn 0.7011 0.1548 0.6960
vn -0.2575 -0.0214 -0.9660
vn -0.8949 -0.0747 -0.4400
vn -0.2674 -0.0427 0.9626
vn -0.1770 -0.0409 0.9834
vn -0.9010 -0.4333 -0.0193
vn 0.7994 0.3205 -0.5082
vn 0.1158 0.0963 -0.9886
vn -0.8984 -0.4379 0.0335
vn -0.8118 -0.5162 0.2731
vn 0.1204 0.1841 -0.9755
vn -0.1102 -0.0999 0.9889
vn 0.4146 0.8284 0.3767
vn 0.2978 0.5276 -0.7956
vn -0.4588 -0.5215 -0.7194
vn -0.5155 -0.7406 -0.4309
vn 0.1701 0.2251 -0.9594
vn 0.4180 0.8843 0.2082
vn -0.2514 -0.9670 0.0417
vn -0.0863 -0.6039 0.7924
vn -0.0437 -0.4782 -0.8771
vn -0.0536 -0.6495 -0.7585
vn 0.0474 -0.9758 0.2136
vn 0.0228 -0.2582 0.9658
vn -0.0392 0.4086 0.9119
vn 0.0338 0.9119 -0.4090
vn -0.0543 0.3594 -0.9316
vn -0.1223 0.5144 0.8488
vn -0.0960 0.9953 -0.0118
vn 0.0286 -0.1721 -0.9847
vn 0.2926 -0.8258 0.4821
vn -0.2299 0.5948 -0.7703
vn 0.3225 -0.8376 -0.4409
vn 0.2339 -0.4615 0.8557
vn 0.2590 -0.5029 0.8247
vn 0.5495 -0.8205 -0.1575
vn 0.5370 -0.8357 0.1146
vn 0.5684 -0.6134 0.5484
vn 0.1021 -0.0877 0.9909
vn -0.5227 0.3665 -0.7698
vn 0.1412 -0.1477 -0.9789
vn 0.6704 -0.6494 -0.3588
vn 0.7168 -0.4043 0.5681
vn 0.5532 -0.1993 0.8088
vn -0.7666 0.1181 0.6312
vn -0.2849 0.1484 0.9470
vn -0.7396 0.0923 0.6667
vn -0.9335 0.1132 -0.3402
vn 0.3585 0.0280 -0.9331
vn 0.5953 -0.0359 -0.8027
vn -0.9954 0.0188 -0.0939
vn 0.8848 0.0191 -0.4656
vn 0.9573 0.2892 0.0019
vn -0.8555 -0.3658 -0.3664
vn 0.4418 0.2062 -0.8731
vn 0.9346 0.2824 -0.2160
vn -0.2756 -0.2075 -0.9386
vn 0.7991 0.3771 -0.4682
vn -0.8318 -0.5550 0.0013
vn 0.7538 0.6231 -0.2085
vn 0.2351 0.1788 -0.9554
vn -0.1493 -0.1520 0.9770
vn -0.4363 -0.6967 0.5694
vn 0.5766 0.7625 -0.2935
vn -0.0374 -0.2802 0.9592
vn 0.1220 0.9839 0.1308
vn 0.0018 -0.2306 0.9731
vn 0.0101 0.1549 -0.9879
vn 0.0030 -0.9695 0.2450
vn -0.2467 0.9477 0.2023
vn -0.2245 0.6668 0.7106
vn -0.2509 0.5614 0.7886
vn 0.1332 -0.1305 0.9825
vn 0.0636 -0.2006 -0.9776
vn -0.3848 0.8810 -0.2752
vn 0.4276 -0.8686 -0.2504
vn -0.2720 0.3681 -0.8891
vn -0.3177 0.4301 -0.8450
vn -0.4656 0.5825 0.6663
vn 0.8865 -0.4415 -0.1383
vn -0.1647 0.1513 -0.9747
vn -0.7126 0.6369 -0.2943
vn 0.2785 -0.1638 -0.9464
vn -0.8188 0.5478 -0.1715
vn 0.2339 -0.0852 0.9685
vn 0.7392 -0.3928 0.5471
vn 0.8750 -0.3554 -0.3288
vn -0.8729 0.2030 0.4436
vn 0.8978 -0.1694 0.4065
vn 0.8798 -0.1613 -0.4471
vn 0.3201 -0.0324 -0.9468
vn -0.9813 0.0725 0.1784
vn 0.9427 -0.1034 -0.3171
vn -0.8808 -0.1037 0.4619
vn 0.5075 0.0346 -0.8610
vn -0.5060 -0.1244 0.8535
vn -0.4897 -0.1099 -0.8649
vn 0.8723 0.3841 -0.3025
vn 0.3108 0.2190 0.9249
vn -0.3569 -0.5751 0.7361
vn 0.7857 0.4004 -0.4716
vn -0.7641 -0.4878 0.4222
vn -0.6644 -0.4059 -0.6276
vn -0.6232 -0.7774 0.0854
vn -0.4652 -0.7538 0.4641
vn 0.8641 -0.4409 -0.2427
vn 0.3531 0.3298 0.8755
vn 0.6000 0.7976 -0.0611
vn -0.2044 -0.2982 -0.9324
vn 0.4108 0.8264 0.3852
vn 0.3978 0.8003 -0.4485
vn 0.0332 0.1709 0.9847
vn -0.2936 -0.8893 -0.3506
vn -0.0208 0.9712 -0.2374
vn -0.0367 -0.9483 0.3152
vn 0.1326 0.9330 0.3346
vn 0.1188 -0.9232 -0.3654
vn -0.0455 0.3320 0.9422
vn -0.3564 0.8767 0.3231
vn 0.1697 -0.2395 -0.9560
vn 0.2822 -0.4131 -0.8658
vn -0.2851 0.2470 0.9261
vn -0.4418 0.5423 0.7146
vn -0.7654 0.6401 0.0660
vn -0.5853 0.5394 -0.6054
vn 0.8456 0.4310 0.3151
vn -0.7568 0.6535 0.0117
vn -0.3251 0.3339 -0.8848
vn 0.5985 -0.2298 -0.7675
vn 0.4037 0.5668 0.7182
vn 0.1662 -0.0850 0.9824
vn -0.1397 -0.0114 -0.9901
vn 0.9880 -0.1390 -0.0676
vn 0.8773 -0.0375 0.4784
vn 0.8047 -0.0453 0.5919
vn -0.9057 -0.0149 -0.4237
vn -0.3343 0.0335 -0.9419
vn -0.2172 -0.0884 0.9721
vn -0.9362 -0.1747 0.3050
vn 0.5159 0.1802 0.8375
vn 0.7396 0.4010 0.5405
vn 0.7646 0.4104 0.4969
vn -0.6606 -0.2999 0.6882
vn 0.0957 0.0680 0.9931
vn -0.8179 -0.5472 -0.1777
vn -0.2756 -0.2076 -0.9386
vn 0.5228 0.8452 0.1105
vn 0.0972 0.6135 0.7837
vn -0.5752 -0.7716 0.2717
vn -0.4648 -0.7764 -0.4257
vn 0.4014 0.6486 -0.6466
vn -0.1193 -0.2133 -0.9697
vn 0.2980 0.6315 -0.7158
vn -0.4042 -0.8827 -0.2399
vn 0.1646 0.9519 0.2586
vn -0.0289 -0.5690 -0.8218
vn 0.1077 0.8485 -0.5181
vn -0.0776 -0.9175 0.3901
vn 0.0296 -0.8831 -0.4683
vn -0.0300 -0.5356 -0.8440
vn -0.0704 -0.6945 -0.7160
vn -0.0399 0.3436 -0.9383
vn -0.0398 0.6999 -0.7131
vn 0.1307 -0.2820 0.9505
vn -0.3506 0.9042 -0.2441
vn 0.5492 -0.7898 0.2730
vn 0.4385 -0.7368 -0.5147
vn 0.3146 -0.6195 0.7192
vn -0.5896 0.8050 -0.0660
vn -0.5334 0.4627 0.7081
vn 0.4134 -0.3797 -0.8276
vn -0.8147 0.4826 0.3215
vn 0.8283 -0.4996 -0.2538
vn -0.2060 0.0717 0.9759
vn 0.5495 -0.1594 0.8202
vn -0.4192 0.1413 -0.8968
vn -0.7962 0.2787 -0.5370
vn -0.2682 0.0535 0.9619
vn -0.9816 0.0680 -0.1786
vn -0.3403 -0.4603 0.8200
vn 0.8640 -0.4418 -0.2414
vn 0.9094 0.3969 0.1243
vn 0.4030 0.5506 0.7311
vn 0.1210 0.6529 0.7477
vt 0.585872 0.776299
vt 0.509311 0.916667
vt 0.487982 0.776523
vt 0.590790 0.325439
vt 0.485272 0.377822
vt 0.447940 0.250000
vt 0.551150 0.416667
vt 0.529589 0.500000
vt 0.593581 0.666667
vt 0.494668 0.616481
vt 0.612977 0.463461
vt 0.553276 0.583333
vt 0.605106 0.083333
vt 0.621759 0.166667
vt 0.520224 0.125991
vt 0.625719 0.583333
vt 0.696143 0.250000
vt 0.698772 0.692885
vt 0.716512 0.916667
vt 0.628240 1.000000
vt 0.630650 0.868937
vt 0.703832 0.130497
vt 0.686830 0.372962
vt 0.677083 0.500000
vt 0.747484 0.833333
vt 0.733646 0.449265
vt 0.700900 0.583333
vt 0.775006 0.630079
vt 0.789329 0.351635
vt 0.799084 0.500000
vt 0.819558 0.750000
vt 0.772408 0.054347
vt 0.821256 0.204749
vt 0.826541 0.881301
vt 0.793142 1.000000
vt 0.840758 0.583333
vt 0.848950 0.045687
vt 0.841633 0.416667
vt 0.882750 0.666667
vt 0.887223 0.517167
vt 0.917299 0.786839
vt 0.947958 0.083333
vt 0.929941 0.166667
vt 0.955466 0.325283
vt 0.896755 0.373475
vt 0.954501 0.545940
vt 0.988371 0.682425
vt 0.984343 0.875256
vt 0.926340 0.973203
vt 1.000000 1.000000
vt 1.000000 0.000000
vt 0.935863 0.000000
vt 0.989583 0.250000
vt 1.000000 0.333333
vt 0.967565 0.416667
vt 0.018230 0.000000
vt 0.055447 0.104281
vt 0.000000 0.083333
vt 0.032941 0.385923
vt 0.015082 0.500000
vt 0.000000 0.416667
vt 0.080730 0.500000
vt 0.034234 0.583333
vt 0.102836 0.000000
vt 0.056120 0.250000
vt 0.106687 0.387526
vt 0.136368 0.134240
vt 0.181786 0.675760
vt 0.096506 0.833333
vt 0.023628 0.682425
vt 0.122774 0.553622
vt 0.163892 0.313352
vt 0.203471 0.879073
vt 0.108514 0.965873
vt 0.195216 0.468002
vt 0.264374 0.685826
vt 0.263080 0.463240
vt 0.259229 0.583333
vt 0.291790 0.882583
vt 0.312626 0.250000
vt 0.221746 0.333333
vt 0.282911 1.000000
vt 0.328346 0.550010
vt 0.364450 0.704219
vt 0.371765 0.833333
vt 0.376722 0.120015
vt 0.273595 0.166667
vt 0.352311 0.416667
vt 0.302081 0.361850
vt 0.354137 0.000000
vt 0.291420 0.036984
vt 0.404634 0.369645
vt 0.378705 0.531025
vt 0.425420 0.000000
vt 0.447689 0.128245
vt 0.446591 0.500000
vt 0.384808 0.937093
vt 0.425420 1.000000
vt 0.433022 0.628082
vt 0.520969 1.000000
vt 0.520969 0.000000
vt 0.628240 0.000000
vt 0.721741 1.000000
vt 0.721741 0.000000
vt 0.854137 1.000000
vt 0.187458 0.583333
vt 0.990669 0.500000
vt 1.000000 0.583333
vt 1.000000 0.166667
vt 0.010495 0.875256
vt 0.030714 0.969269
vt 0.103788 0.666667
vt 0.199260 1.000000
vt 0.199260 0.000000
vt 0.217690 0.116554
s 0
g Torus.003_Mat_Coral_Ponta_10.004
usemtl Mat_Coral_Ponta_10.004
f 450/620/701 445/621/701 534/622/701
f 453/623/702 448/624/702 530/625/702
f 451/626/703 443/627/703 448/624/703
f 452/628/704 534/622/704 444/629/704
f 452/628/705 450/620/705 534/622/705
f 455/630/706 449/631/706 443/627/706
f 454/632/707 458/633/707 447/634/707
f 458/633/708 453/623/708 447/634/708
f 451/626/709 455/630/709 443/627/709
f 455/630/710 459/635/710 449/631/710
f 458/633/711 460/636/711 453/623/711
f 452/628/712 463/637/712 450/620/712
f 464/638/713 457/639/713 456/640/713
f 467/641/714 458/633/714 454/632/714
f 465/642/715 455/630/715 453/623/715
f 465/642/716 461/643/716 455/630/716
f 467/641/717 460/636/717 458/633/717
f 468/644/718 464/638/718 456/640/718
f 469/645/719 462/646/719 461/643/719
f 462/646/720 470/647/720 463/637/720
f 460/636/721 474/648/721 465/642/721
f 474/648/722 469/645/722 465/642/722
f 471/649/723 470/647/723 469/645/723
f 470/647/724 472/650/724 463/637/724
f 472/650/725 468/644/725 463/637/725
f 473/651/726 476/652/726 467/641/726
f 476/652/727 460/636/727 467/641/727
f 468/644/728 475/653/728 464/638/728
f 475/653/729 473/654/729 464/638/729
f 476/652/730 474/648/730 460/636/730
f 471/649/731 477/655/731 470/647/731
f 478/656/732 476/652/732 473/651/732
f 479/657/733 471/649/733 474/648/733
f 477/655/734 480/658/734 470/647/734
f 480/658/735 472/650/735 470/647/735
f 484/659/736 477/655/736 471/649/736
f 479/657/737 484/659/737 471/649/737
f 484/659/738 480/658/738 477/655/738
f 480/658/739 481/660/739 472/650/739
f 485/661/740 483/662/740 478/656/740
f 486/663/741 487/664/741 476/652/741
f 487/664/742 484/659/742 479/657/742
f 488/665/743 480/658/743 484/659/743
f 488/665/744 490/666/744 480/658/744
f 481/660/745 491/667/745 482/668/745
f 490/666/746 491/667/746 481/660/746
f 491/667/747 495/669/747 482/668/747
f 495/670/748 485/661/748 482/671/748
f 493/672/749 497/673/749 486/663/749
f 497/673/750 489/674/750 486/663/750
f 495/675/751 496/676/751 485/677/751
f 497/678/752 492/679/752 489/680/752
f 499/681/753 494/682/753 492/679/753
f 503/683/754 496/676/754 495/675/754
f 493/684/755 501/685/755 497/678/755
f 497/678/756 499/681/756 492/679/756
f 505/686/757 493/684/757 496/676/757
f 501/685/758 499/681/758 497/678/758
f 504/687/759 498/688/759 490/689/759
f 501/685/760 502/690/760 499/681/760
f 506/691/761 501/685/761 493/684/761
f 504/687/762 509/692/762 498/688/762
f 498/688/763 509/692/763 503/693/763
f 507/694/764 502/690/764 501/685/764
f 514/695/765 509/692/765 504/687/765
f 516/696/766 513/697/766 507/694/766
f 514/695/767 517/698/767 509/692/767
f 519/699/768 512/700/768 506/691/768
f 517/698/769 518/701/769 509/692/769
f 516/696/770 521/702/770 513/697/770
f 521/702/771 514/695/771 513/697/771
f 521/702/772 522/703/772 514/695/772
f 522/703/773 523/704/773 517/698/773
f 525/705/774 519/699/774 515/706/774
f 526/707/775 521/702/775 520/708/775
f 524/709/776 525/705/776 518/710/776
f 519/699/777 531/711/777 520/708/777
f 531/711/778 526/707/778 520/708/778
f 527/712/779 522/703/779 521/702/779
f 529/713/780 525/705/780 524/709/780
f 530/625/781 531/711/781 519/699/781
f 531/711/782 527/712/782 526/707/782
f 533/714/783 530/625/783 525/705/783
f 531/711/784 532/715/784 527/712/784
f 522/703/785 534/622/785 523/704/785
f 534/622/786 524/716/786 523/704/786
f 445/621/787 529/717/787 524/716/787
f 532/715/788 444/629/788 528/718/788
f 445/621/789 446/719/789 529/717/789
f 446/720/790 533/714/790 529/713/790
f 447/634/791 530/625/791 533/714/791
f 443/627/792 444/629/792 532/715/792
f 446/720/793 447/634/793 533/714/793
f 443/627/794 449/631/794 444/629/794
f 447/634/795 453/623/795 530/625/795
f 449/631/796 452/628/796 444/629/796
f 448/624/797 453/623/797 451/626/797
f 446/720/798 454/632/798 447/634/798
f 450/620/799 456/640/799 445/621/799
f 463/637/800 459/635/800 462/646/800
f 446/720/801 457/721/801 454/632/801
f 449/631/802 459/635/802 452/628/802
f 453/623/803 455/630/803 451/626/803
f 455/630/804 461/643/804 459/635/804
f 461/643/805 462/646/805 459/635/805
f 488/665/806 487/664/806 489/674/806
f 450/620/807 463/637/807 456/640/807
f 457/721/808 467/641/808 454/632/808
f 460/636/809 465/642/809 453/623/809
f 464/638/810 466/722/810 457/639/810
f 457/721/811 466/723/811 467/641/811
f 463/637/812 468/644/812 456/640/812
f 465/642/813 469/645/813 461/643/813
f 466/723/814 473/651/814 467/641/814
f 469/645/815 470/647/815 462/646/815
f 464/638/816 473/654/816 466/722/816
f 469/645/817 474/648/817 471/649/817
f 472/650/818 475/653/818 468/644/818
f 475/653/819 478/724/819 473/654/819
f 476/652/820 487/664/820 474/648/820
f 474/648/821 487/664/821 479/657/821
f 472/650/822 481/660/822 475/653/822
f 481/660/823 482/668/823 475/653/823
f 475/653/824 482/668/824 478/724/824
f 478/656/825 483/662/825 476/652/825
f 446/719/826 456/640/826 457/639/826
f 482/671/827 485/661/827 478/656/827
f 483/662/828 486/663/828 476/652/828
f 487/664/829 486/663/829 489/674/829
f 504/687/830 502/690/830 508/725/830
f 480/658/831 490/666/831 481/660/831
f 483/662/832 493/672/832 486/663/832
f 489/674/833 492/726/833 488/665/833
f 492/726/834 494/727/834 488/665/834
f 488/665/835 494/727/835 490/666/835
f 485/661/836 496/728/836 483/662/836
f 483/662/837 496/728/837 493/672/837
f 490/689/838 498/688/838 491/729/838
f 491/729/839 498/688/839 495/730/839
f 494/682/840 500/731/840 490/689/840
f 499/681/841 502/690/841 494/682/841
f 494/682/842 502/690/842 500/731/842
f 498/688/843 503/693/843 495/730/843
f 500/731/844 504/687/844 490/689/844
f 503/683/845 505/686/845 496/676/845
f 505/686/846 506/691/846 493/684/846
f 502/690/847 507/694/847 508/725/847
f 504/687/848 513/697/848 514/695/848
f 503/693/849 509/692/849 510/732/849
f 503/683/850 510/733/850 505/686/850
f 506/691/851 507/694/851 501/685/851
f 505/686/852 511/734/852 506/691/852
f 506/691/853 512/700/853 507/694/853
f 510/733/854 511/734/854 505/686/854
f 507/694/855 513/697/855 508/725/855
f 511/734/856 515/706/856 506/691/856
f 512/700/857 516/696/857 507/694/857
f 509/692/858 518/701/858 510/732/858
f 510/733/859 518/710/859 511/734/859
f 515/706/860 519/699/860 506/691/860
f 511/734/861 518/710/861 515/706/861
f 519/699/862 520/708/862 512/700/862
f 512/700/863 520/708/863 516/696/863
f 514/695/864 522/703/864 517/698/864
f 520/708/865 521/702/865 516/696/865
f 517/698/866 524/716/866 518/701/866
f 518/710/867 525/705/867 515/706/867
f 523/704/868 524/716/868 517/698/868
f 526/707/869 527/712/869 521/702/869
f 527/712/870 528/718/870 522/703/870
f 525/705/871 530/625/871 519/699/871
f 532/715/872 528/718/872 527/712/872
f 529/713/873 533/714/873 525/705/873
f 528/718/874 534/622/874 522/703/874
f 534/622/875 445/621/875 524/716/875
f 530/625/876 448/624/876 531/711/876
f 531/711/877 448/624/877 532/715/877
f 528/718/878 444/629/878 534/622/878
f 448/624/879 443/627/879 532/715/879
f 463/637/880 452/628/880 459/635/880
f 488/665/881 484/659/881 487/664/881
f 446/719/882 445/621/882 456/640/882
f 504/687/883 500/731/883 502/690/883
f 504/687/884 508/725/884 513/697/884
o Icosphere
v -0.082796 0.334414 0.020087
v -0.129362 0.059297 0.037849
v -0.357284 0.029862 0.162348
v 0.140132 0.116939 0.020095
v -0.386328 0.279684 0.145449
v -0.271016 0.502980 0.318203
v 0.334152 0.452955 0.266385
v 0.319902 -0.058026 0.225400
v 0.451675 0.169095 0.289596
v -0.201684 0.107279 0.524297
v -0.085060 0.251499 0.547185
v 0.141773 0.172500 0.546321
v -0.134623 -0.145273 0.362075
v 0.226113 -0.002553 0.477041
v 0.360274 0.298463 0.427569
v 0.002473 0.462622 0.482144
v -0.257050 0.386781 0.455715
v -0.344117 0.022804 0.391319
v 0.138424 -0.155021 0.284545
v 0.153414 0.511910 0.391320
v 0.109218 0.546253 0.188886
v -0.153414 -0.111910 0.168680
v -0.148486 0.499866 0.143908
v -0.440544 0.212742 0.337774
v 0.061128 -0.069573 0.093966
v 0.344323 0.148501 0.112961
v 0.273827 0.331567 0.083478
vn -0.1246 0.2662 -0.9558
vn -0.2412 -0.2554 -0.9363
vn -0.6823 -0.4560 -0.5714
vn 0.2079 -0.1705 -0.9632
vn -0.6967 0.2101 -0.6859
vn -0.5029 0.8486 0.1641
vn 0.7033 0.7054 -0.0885
vn 0.6434 -0.7151 -0.2731
vn 0.9928 -0.1018 0.0632
vn -0.2989 -0.2347 0.9250
vn -0.1169 0.1360 0.9838
vn 0.2044 -0.0360 0.9782
vn -0.2386 -0.8769 0.4173
vn 0.3559 -0.4995 0.7898
vn 0.6355 0.2558 0.7285
vn 0.0203 0.5947 0.8037
vn -0.4618 0.4235 0.7793
vn -0.6779 -0.5214 0.5182
vn 0.2422 -0.9685 0.0579
vn 0.2579 0.8248 0.5032
vn 0.1696 0.8942 -0.4144
vn -0.2836 -0.8318 -0.4771
vn -0.2683 0.7526 -0.6014
vn -0.9406 0.0601 0.3342
vn 0.1247 -0.6436 -0.7551
vn 0.6428 -0.1494 -0.7513
vn 0.4496 0.3443 -0.8242
vt 0.819873 0.135807
vt 0.900116 0.125988
vt 0.803941 0.234785
vt 0.650421 0.118585
vt 0.711115 0.209951
vt 0.636364 0.237598
vt 0.357965 0.265058
vt 0.443807 0.294818
vt 0.446464 0.381400
vt 0.542956 0.284010
vt 0.601883 0.412658
vt 0.659001 0.406129
vt 0.636364 0.472382
vt 0.568809 0.335322
vt 0.701642 0.335750
vt 0.856639 0.321086
vt 0.812347 0.409384
vt 0.012502 0.336574
vt 0.125760 0.357644
vt 0.056428 0.412658
vt 0.102924 0.451573
vt 0.080171 0.294818
vt 0.192693 0.350548
vt 0.261989 0.335024
vt 0.273364 0.430175
vt 0.329156 0.374645
vt 0.434558 0.169813
vt 0.923302 0.227934
vt 0.042727 0.240916
vt 0.113927 0.177814
vt 0.226799 0.251072
vt 0.328449 0.166188
vt 0.534716 0.177564
vt 0.982333 0.147261
vt 0.195307 0.164715
vt 0.312400 0.166188
vt 0.456237 0.135807
vt 0.522779 0.079482
vt 0.597997 0.123137
vt 0.557469 0.020809
vt 0.731974 0.066153
vt 0.781948 0.135807
vt 0.888522 0.035627
vt 0.943572 0.059724
vt 0.341000 0.066253
vt 0.398118 0.059724
vt 0.363637 0.000000
vt 0.185400 0.070405
s 1
g Icosphere_Mat_Coral_Teal_60.002
usemtl Mat_Coral_Teal_60.002
f 560/735/910 561/736/911 543/737/893
f 559/738/909 542/739/892 553/740/903
f 558/741/908 552/742/902 544/743/894
f 552/742/902 547/744/897 544/743/894
f 544/745/894 546/746/896 545/747/895
f 547/748/897 548/749/898 544/745/894
f 544/745/894 548/749/898 546/746/896
f 548/749/898 549/750/899 546/751/896
f 549/752/899 550/753/900 546/754/896
f 546/754/896 550/753/900 545/755/895
f 549/752/899 554/756/904 550/753/900
f 550/757/900 551/758/901 545/759/895
f 545/759/895 551/758/901 544/760/894
f 551/758/901 558/741/908 544/760/894
f 558/741/908 537/761/887 552/742/902
f 537/761/887 547/744/897 552/742/902
f 553/740/903 548/749/898 547/744/897
f 553/740/903 542/739/892 548/749/898
f 543/737/893 549/750/899 548/749/898
f 543/737/893 541/762/891 549/750/899
f 541/763/891 554/756/904 549/752/899
f 541/763/891 555/764/905 554/756/904
f 555/764/905 540/765/890 554/756/904
f 554/756/904 540/765/890 550/753/900
f 540/765/890 551/758/901 550/753/900
f 540/765/890 558/741/908 551/758/901
f 539/766/889 558/741/908 540/765/890
f 537/761/887 556/767/906 547/744/897
f 556/767/906 553/740/903 547/744/897
f 556/767/906 559/738/909 553/740/903
f 542/739/892 543/737/893 548/749/898
f 542/739/892 560/735/910 543/737/893
f 543/737/893 561/736/911 541/762/891
f 561/736/911 555/768/905 541/762/891
f 555/764/905 557/769/907 540/765/890
f 557/769/907 539/770/889 540/765/890
f 539/766/889 537/761/887 558/741/908
f 537/771/887 536/772/886 556/767/906
f 536/772/886 559/773/909 556/767/906
f 538/774/888 559/773/909 536/772/886
f 559/738/909 538/775/888 542/739/892
f 538/775/888 560/776/910 542/739/892
f 538/777/888 561/736/911 560/735/910
f 538/777/888 535/778/885 561/736/911
f 535/778/885 555/768/905 561/736/911
f 539/766/889 535/779/885 537/761/887
f 537/761/887 535/779/885 536/780/886
f 535/779/885 538/781/888 536/780/886
f 535/782/885 557/769/907 555/764/905
f 535/782/885 539/770/889 557/769/907
o Cone.001
v -0.820559 -0.450333 -0.019379
v -0.760427 -0.565550 1.481524
v -0.951770 -0.410484 -0.006145
v -0.789585 -0.556695 1.484465
v -1.015233 -0.290509 0.017479
v -0.803688 -0.530034 1.489715
v -0.973771 -0.160689 0.037656
v -0.794474 -0.501185 1.494198
v -0.851673 -0.097070 0.042566
v -0.767341 -0.487047 1.495289
v -0.720462 -0.136919 0.029332
v -0.738183 -0.495903 1.492348
v -0.656999 -0.256893 0.005708
v -0.724080 -0.522564 1.487099
v -0.698461 -0.386714 -0.014469
v -0.733294 -0.551413 1.482615
vn 0.0408 -0.6885 -0.7241
vn 0.0966 -0.8450 0.5261
vn -0.5451 -0.5106 -0.6650
vn -0.4479 -0.6796 0.5810
vn -0.8284 0.0251 -0.5595
vn -0.7113 -0.1817 0.6790
vn -0.6433 0.6048 -0.4695
vn -0.5392 0.3570 0.7627
vn -0.0981 0.8889 -0.4475
vn -0.0325 0.6210 0.7831
vn 0.4878 0.7109 -0.5066
vn 0.5120 0.4557 0.7282
vn 0.7711 0.1752 -0.6121
vn 0.7753 -0.0422 0.6302
vn 0.5860 -0.4044 -0.7022
vn 0.6033 -0.5809 0.5464
vt 1.000000 1.000000
vt 0.875000 0.500000
vt 1.000000 0.500000
vt 0.875000 1.000000
vt 0.750000 0.500000
vt 0.750000 1.000000
vt 0.625000 0.500000
vt 0.625000 1.000000
vt 0.500000 0.500000
vt 0.500000 1.000000
vt 0.375000 0.500000
vt 0.375000 1.000000
vt 0.250000 0.500000
vt 0.010000 0.250000
vt 0.250000 0.010000
vt 0.490000 0.250000
vt 0.250000 1.000000
vt 0.125000 0.500000
vt 0.125000 1.000000
vt 0.000000 0.500000
vt 0.919706 0.080294
vt 0.580294 0.080294
vt 0.580294 0.419706
vt 0.419706 0.419706
vt 0.250000 0.490000
vt 0.080294 0.419706
vt 0.080294 0.080294
vt 0.419706 0.080294
vt 0.000000 1.000000
vt 0.750000 0.490000
vt 0.919706 0.419706
vt 0.990000 0.250000
vt 0.750000 0.010000
vt 0.510000 0.250000
s 1
g Cone.001_Mat_Coral_Laranja_30.004
usemtl Mat_Coral_Laranja_30.004
f 563/783/913 564/784/914 562/785/912
f 565/786/915 566/787/916 564/784/914
f 567/788/917 568/789/918 566/787/916
f 569/790/919 570/791/920 568/789/918
f 571/792/921 572/793/922 570/791/920
f 573/794/923 574/795/924 572/793/922
f 575/796/925 571/797/921 567/798/917
f 575/799/925 576/800/926 574/795/924
f 577/801/927 562/802/912 576/800/926
f 568/803/918 572/804/922 576/805/926
f 563/783/913 565/786/915 564/784/914
f 565/786/915 567/788/917 566/787/916
f 567/788/917 569/790/919 568/789/918
f 569/790/919 571/792/921 570/791/920
f 571/792/921 573/794/923 572/793/922
f 573/794/923 575/799/925 574/795/924
f 567/798/917 565/806/915 563/807/913
f 563/807/913 577/808/927 575/796/925
f 575/796/925 573/809/923 571/797/921
f 571/797/921 569/810/919 567/798/917
f 567/798/917 563/807/913 575/796/925
f 575/799/925 577/801/927 576/800/926
f 577/801/927 563/811/913 562/802/912
f 576/805/926 562/812/912 564/813/914
f 564/813/914 566/814/916 568/803/918
f 568/803/918 570/815/920 572/804/922
f 572/804/922 574/816/924 576/805/926
f 576/805/926 564/813/914 568/803/918
o Sphere.001
v -0.793569 -0.454331 1.560046
v -0.821327 -0.477390 1.508422
v -0.807345 -0.475001 1.468732
v -0.805825 -0.450498 1.437038
v -0.821602 -0.446008 1.563048
v -0.827134 -0.466213 1.538321
v -0.851020 -0.462096 1.507924
v -0.804307 -0.416434 1.420436
v -0.842580 -0.468530 1.489282
v -0.841532 -0.456813 1.460082
v -0.833372 -0.438856 1.437344
v -0.791231 -0.395313 1.580361
v -0.807271 -0.421629 1.577526
v -0.859347 -0.439979 1.538321
v -0.872218 -0.437701 1.500643
v -0.862639 -0.433742 1.461965
v -0.837744 -0.425707 1.567525
v -0.847179 -0.418101 1.437135
v -0.876729 -0.408902 1.523433
v -0.871192 -0.406480 1.462482
v -0.820740 -0.408998 1.422477
v -0.862634 -0.399636 1.551345
v -0.880969 -0.398667 1.491989
v -0.874295 -0.378862 1.523433
v -0.865342 -0.373888 1.459844
v -0.842548 -0.386614 1.567117
v -0.870104 -0.358720 1.497694
v -0.843987 -0.389954 1.432232
v -0.846996 -0.343997 1.535728
v -0.858778 -0.350885 1.474667
v -0.822427 -0.394894 1.577281
v -0.845580 -0.365530 1.558298
v -0.857021 -0.343208 1.508014
v -0.837997 -0.366790 1.437115
v -0.837587 -0.332518 1.476567
v -0.832816 -0.345756 1.449815
v -0.827523 -0.323782 1.493968
v -0.809758 -0.372897 1.424145
v -0.810787 -0.365046 1.572492
v -0.814620 -0.340395 1.552515
v -0.817306 -0.323326 1.519271
v -0.807066 -0.332752 1.454901
v -0.791514 -0.324042 1.525538
v -0.790794 -0.320171 1.492082
v -0.782213 -0.334512 1.544668
v -0.781704 -0.339686 1.449745
v -0.785883 -0.366328 1.427472
v -0.770763 -0.328157 1.476636
v -0.768006 -0.361015 1.437238
v -0.763005 -0.350433 1.551997
v -0.756020 -0.333187 1.516190
v -0.754781 -0.344900 1.461985
v -0.777023 -0.370054 1.571636
v -0.737846 -0.349051 1.492076
v -0.732518 -0.362413 1.523433
v -0.723978 -0.375308 1.489238
v -0.737292 -0.367146 1.461451
v -0.752511 -0.382138 1.436937
v -0.739673 -0.382113 1.551828
v -0.723271 -0.391098 1.523433
v -0.728808 -0.393520 1.462482
v -0.761387 -0.396994 1.570899
v -0.719172 -0.403322 1.494790
v -0.777942 -0.396919 1.422223
v -0.735828 -0.416847 1.546655
v -0.724216 -0.430986 1.500819
v -0.732315 -0.421941 1.461989
v -0.758780 -0.445757 1.552954
v -0.745863 -0.446173 1.461989
v -0.749140 -0.419290 1.439439
v -0.740820 -0.448401 1.528485
v -0.772252 -0.425506 1.571610
v -0.754302 -0.467772 1.499209
v -0.775199 -0.430220 1.429247
v -0.785081 -0.470336 1.537295
v -0.770863 -0.471591 1.476316
v -0.774894 -0.457404 1.448688
v -0.792138 -0.479827 1.509244
vn -0.0514 -0.4874 0.8716
vn -0.1530 -0.7482 0.6456
vn -0.2624 -0.9532 -0.1498
vn -0.3002 -0.6932 -0.6552
vn -0.4481 -0.8624 0.2354
vn -0.4570 -0.8840 0.0982
vn -0.3664 -0.8589 -0.3578
vn -0.2650 -0.3376 -0.9032
vn -0.7677 -0.5996 0.2260
vn -0.7356 -0.6697 -0.1019
vn -0.6255 -0.4227 -0.6558
vn -0.9767 -0.2045 0.0651
vn -0.0988 -0.0469 0.9940
vn -0.2892 -0.1553 0.9446
vn -0.4660 -0.0481 0.8835
vn -0.7335 -0.0351 -0.6788
vn -0.8998 0.0729 0.4302
vn -0.9285 0.1388 -0.3444
vn -0.6813 0.1969 0.7050
vn -0.9656 0.2564 0.0434
vn -0.2897 0.1319 -0.9480
vn -0.0902 0.0733 -0.9932
vn -0.8610 0.4253 -0.2788
vn -0.6538 0.3142 -0.6884
vn -0.7689 0.4378 0.4659
vn -0.3623 0.3149 0.8773
vn -0.6359 0.5380 -0.5533
vn -0.3503 0.2791 -0.8941
vn -0.8184 0.4841 0.3098
vn -0.7182 0.6855 -0.1200
vn -0.2498 0.5449 -0.8005
vn -0.4832 0.8526 0.1991
vn -0.3269 0.8297 0.4524
vn -0.0575 0.6096 -0.7906
vn -0.0967 0.9951 0.0212
vn 0.0675 0.2917 0.9541
vn 0.0957 0.9294 -0.3564
vn 0.0711 0.6347 0.7695
vn 0.3165 0.8885 0.3324
vn 0.0841 0.1897 -0.9782
vn 0.0043 0.0854 -0.9963
vn 0.4165 0.6439 -0.6419
vn 0.5684 0.8156 -0.1081
vn 0.7372 0.5875 -0.3338
vn 0.5263 0.3836 0.7589
vn 0.3720 0.2499 -0.8940
vn 0.8854 0.4625 0.0467
vn 0.3065 0.1522 0.9396
vn 0.8961 0.2746 -0.3487
vn 0.8671 0.2795 0.4124
vn 0.7376 0.0215 -0.6749
vn 0.6731 -0.0355 0.7387
vn 0.8688 0.0225 0.4947
vn 0.9427 -0.1108 -0.3148
vn 0.2964 -0.0893 0.9509
vn 0.5866 -0.3020 0.7514
vn 0.8370 -0.4680 -0.2836
vn 0.2029 -0.1861 -0.9614
vn 0.7711 -0.6335 0.0640
vn 0.5136 -0.5138 -0.6872
vn 0.5894 -0.7495 -0.3013
vn 0.4683 -0.7734 0.4273
vn 0.1744 -0.5715 -0.8019
vn 0.0631 -0.4395 -0.8960
vn 0.3487 -0.9109 0.2205
vn 0.1255 -0.9785 -0.1637
vn -0.0804 -0.9929 -0.0881
vn -0.0676 -0.8277 0.5571
vn -0.5162 -0.5544 0.6528
vn -0.2525 -0.7596 -0.5994
vn -0.1888 -0.4234 -0.8860
vn -0.2403 -0.3873 0.8901
vn -0.7424 -0.6225 -0.2476
vn -0.5881 -0.7221 0.3643
vn -0.6059 -0.5040 -0.6155
vn -0.3938 -0.2708 -0.8784
vn -0.9345 -0.2627 -0.2401
vn -0.7069 -0.2688 0.6543
vn -0.8362 -0.2290 0.4983
vn -0.8886 -0.3621 0.2817
vn -0.5738 0.8153 -0.0775
vn -0.7568 -0.2258 -0.6134
vn -0.5903 -0.0641 0.8046
vn -0.4551 -0.1025 -0.8845
vn -0.9841 0.0797 0.1587
vn -0.7635 0.0852 -0.6401
vn -0.9298 0.2860 -0.2316
vn -0.7905 0.2847 0.5422
vn -0.8011 0.5277 0.2824
vn -0.3401 0.2768 0.8987
vn -0.6241 0.5108 -0.5913
vn -0.0381 0.8687 0.4939
vn -0.5634 0.6961 -0.4450
vn -0.3180 0.5666 0.7602
vn -0.4061 0.6483 0.6440
vn -0.4805 0.8587 0.1786
vn -0.0938 0.1933 0.9766
vn -0.2266 0.9167 -0.3292
vn -0.3241 0.8237 -0.4654
vn -0.1528 0.6074 -0.7795
vn 0.1105 0.6109 0.7839
vn -0.1081 0.9551 -0.2759
vn -0.0004 0.9934 0.1149
vn 0.1522 0.8845 -0.4411
vn 0.0187 0.6396 -0.7685
vn 0.2764 0.9540 0.1163
vn 0.3599 0.9328 -0.0155
vn 0.6058 0.4537 -0.6536
vn 0.3751 0.7869 -0.4900
vn 0.2384 0.6006 -0.7632
vn 0.4579 0.7627 0.4567
vn 0.5960 0.7695 -0.2293
vn 0.6877 0.5037 0.5228
vn 0.9448 0.3046 0.1211
vn 0.3882 0.2972 -0.8723
vn 0.7531 0.6416 0.1455
vn 0.8408 0.4726 -0.2640
vn 0.5187 0.2789 0.8082
vn 0.7621 0.2214 -0.6085
vn 0.9609 0.1150 -0.2517
vn 0.7935 -0.0874 -0.6023
vn 0.5060 -0.0122 -0.8624
vn 0.9362 -0.1898 0.2957
vn 0.9713 -0.1343 0.1963
vn 0.8868 -0.3279 0.3258
vn 0.9418 -0.2260 -0.2491
vn 0.5858 -0.2037 0.7844
vn 0.7122 -0.3982 -0.5782
vn 0.7027 -0.4353 0.5628
vn 0.4155 -0.1548 -0.8963
vn 0.7647 -0.6173 -0.1849
vn 0.4896 -0.5036 -0.7118
vn -0.0839 -0.9386 0.3346
vn 0.4945 -0.7418 -0.4530
vn 0.1428 -0.1917 0.9710
vn 0.2933 -0.5349 0.7924
vn 0.4711 -0.8198 0.3255
vn 0.3046 -0.7218 0.6214
vn 0.2909 -0.9554 -0.0510
vn 0.1029 -0.4350 0.8945
vn 0.1785 -0.8645 -0.4699
vn 0.0528 -0.7913 -0.6092
vn -0.4992 -0.6129 0.6125
vn -0.7195 -0.6353 -0.2807
vn -0.9233 -0.2848 -0.2578
vn -0.6413 0.7544 -0.1399
vn -0.0874 0.8833 0.4606
vn 0.2147 0.6101 0.7627
vn 0.5988 0.4860 -0.6365
vn 0.6490 0.6282 0.4292
vn 0.9815 0.1809 0.0632
vn -0.0878 -0.9367 0.3390
vt 0.769306 0.764834
vt 0.696781 0.910746
vt 0.678899 0.784174
vt 0.687626 0.656458
vt 0.708670 0.536310
vt 0.661950 0.450596
vt 0.734731 0.374714
vt 0.647916 0.337532
vt 0.640773 0.222061
vt 0.735871 0.219861
vt 0.640702 0.528508
vt 0.788803 0.072343
vt 0.564670 0.089050
vt 0.594174 0.656457
vt 0.577679 0.501584
vt 0.578164 0.344177
vt 0.557111 0.212578
vt 0.516974 0.595733
vt 0.497714 0.467425
vt 0.546875 1.000000
vt 0.457829 0.908588
vt 0.585013 0.803330
vt 0.451480 0.812500
vt 0.514823 0.345229
vt 0.458799 0.188084
vt 0.499777 0.717324
vt 0.454401 0.593079
vt 0.441740 0.335389
vt 0.391875 0.748693
vt 0.421981 0.490903
vt 0.313944 0.113007
vt 0.421875 0.000000
vt 0.387194 0.396148
vt 0.383029 0.216732
vt 0.361793 0.643469
vt 0.301644 0.850100
vt 0.335915 0.291024
vt 0.375050 0.531126
vt 0.284666 0.577825
vt 0.288706 0.725069
vt 0.265887 0.314456
vt 0.186481 0.146965
vt 0.304861 0.485483
vt 0.233032 0.469165
vt 0.088892 0.950885
vt 0.147783 0.846091
vt 0.189353 0.406074
vt 0.207319 0.685740
vt 0.229928 0.603350
vt 0.155157 0.563383
vt 0.045669 0.087485
vt 0.203125 0.000000
vt 0.203125 0.282719
vt 0.140450 0.344103
vt 0.140350 0.216413
vt 0.109364 0.468871
vt 0.077383 0.342591
vt 0.046687 0.718339
vt 0.148074 0.722186
vt 0.055952 0.216483
vt 0.079401 0.593078
vt 0.052586 0.456926
vt 0.021909 0.841310
vt 0.015008 0.347251
vt 0.016901 0.593078
vt 0.000000 0.250000
vt 0.982835 0.841310
vt 0.956450 0.696292
vt 1.000000 0.718339
vt 1.000000 0.593078
vt 1.000000 0.347251
vt 0.987434 0.478108
vt 0.951773 0.342242
vt 0.882945 0.963395
vt 0.880325 0.845728
vt 0.867237 0.722004
vt 0.935643 0.506741
vt 0.889275 0.346242
vt 0.858422 0.159163
vt 0.960374 0.087485
vt 0.890352 0.606638
vt 0.845867 0.497595
vt 0.814470 0.281348
vt 0.941157 0.235559
vt 0.812346 0.406627
vt 0.785904 0.648523
vt 0.765625 0.536451
vt 0.329601 0.406417
vt 0.005171 0.462713
vt 1.000000 0.187500
s 0
g Sphere.001_Mat_Coral_Ponta_10.005
usemtl Mat_Coral_Ponta_10.005
f 578/817/928 590/818/928 582/819/928
f 578/817/929 582/819/929 583/820/929
f 579/821/930 586/822/930 580/823/930
f 587/824/931 588/825/931 581/826/931
f 583/820/932 584/827/932 579/821/932
f 579/821/933 584/827/933 586/822/933
f 586/822/934 587/824/934 580/823/934
f 585/828/935 588/825/935 598/829/935
f 591/830/936 592/831/936 584/827/936
f 584/827/937 592/831/937 586/822/937
f 593/832/938 595/833/938 588/825/938
f 592/831/939 596/834/939 600/835/939
f 590/818/940 589/836/940 608/837/940
f 590/818/941 608/837/941 594/838/941
f 608/837/942 603/839/942 594/838/942
f 597/840/943 605/841/943 595/833/943
f 599/842/944 601/843/944 596/834/944
f 597/840/945 600/835/945 602/844/945
f 603/839/946 609/845/946 599/842/946
f 600/835/947 601/843/947 604/846/947
f 605/841/948 615/847/948 598/829/948
f 585/848/949 598/829/949 615/847/949
f 604/846/950 607/849/950 602/844/950
f 602/844/951 611/850/951 605/841/951
f 609/845/952 606/851/952 601/843/952
f 616/852/953 609/845/953 603/839/953
f 602/844/954 607/849/954 613/853/954
f 605/841/955 611/850/955 615/847/955
f 606/851/956 610/854/956 604/846/956
f 610/854/957 607/849/957 604/846/957
f 613/853/958 615/847/958 611/850/958
f 606/851/959 618/855/959 610/854/959
f 617/856/960 618/855/960 606/851/960
f 619/857/961 624/858/961 615/847/961
f 614/859/962 618/855/962 621/860/962
f 589/861/963 630/862/963 616/852/963
f 621/860/964 625/863/964 619/857/964
f 616/852/965 622/864/965 617/856/965
f 620/865/966 622/864/966 628/866/966
f 615/847/967 624/858/967 641/867/967
f 585/868/968 615/847/968 641/867/968
f 623/869/969 629/870/969 626/871/969
f 628/866/970 631/872/970 625/863/970
f 629/870/971 631/872/971 634/873/971
f 630/862/972 636/874/972 627/875/972
f 624/858/973 635/876/973 641/867/973
f 631/872/974 632/877/974 633/878/974
f 630/862/975 589/861/975 639/879/975
f 633/878/976 638/880/976 634/873/976
f 636/874/977 637/881/977 632/877/977
f 638/880/978 647/882/978 635/876/978
f 639/883/979 642/884/979 636/885/979
f 636/885/980 642/884/980 637/886/980
f 638/887/981 640/888/981 644/889/981
f 589/890/982 649/891/982 639/883/982
f 649/891/983 645/892/983 642/884/983
f 644/889/984 643/893/984 646/894/984
f 651/895/985 585/828/985 641/896/985
f 643/893/986 648/897/986 650/898/986
f 646/894/987 654/899/987 647/900/987
f 646/894/988 650/898/988 653/901/988
f 645/892/989 652/902/989 648/897/989
f 651/895/990 654/899/990 581/826/990
f 651/895/991 581/826/991 585/828/991
f 652/902/992 655/903/992 650/898/992
f 655/903/993 580/823/993 653/901/993
f 580/823/994 655/903/994 579/821/994
f 652/902/995 578/817/995 583/820/995
f 591/830/996 582/819/996 594/838/996
f 580/823/997 587/824/997 581/826/997
f 581/826/998 588/825/998 585/828/998
f 590/818/999 594/838/999 582/819/999
f 593/832/1000 586/822/1000 592/831/1000
f 584/827/1001 583/820/1001 591/830/1001
f 587/824/1002 593/832/1002 588/825/1002
f 588/825/1003 595/833/1003 598/829/1003
f 597/840/1004 592/831/1004 600/835/1004
f 591/830/1005 594/838/1005 599/842/1005
f 591/830/1006 599/842/1006 596/834/1006
f 592/831/1007 591/830/1007 596/834/1007
f 612/904/1008 610/854/1008 614/859/1008
f 593/832/1009 597/840/1009 595/833/1009
f 594/838/1010 603/839/1010 599/842/1010
f 598/829/1011 595/833/1011 605/841/1011
f 600/835/1012 596/834/1012 601/843/1012
f 597/840/1013 602/844/1013 605/841/1013
f 600/835/1014 604/846/1014 602/844/1014
f 599/842/1015 609/845/1015 601/843/1015
f 601/843/1016 606/851/1016 604/846/1016
f 608/837/1017 616/852/1017 603/839/1017
f 602/844/1018 613/853/1018 611/850/1018
f 620/865/1019 617/856/1019 622/864/1019
f 613/853/1020 607/849/1020 612/904/1020
f 609/845/1021 616/852/1021 617/856/1021
f 606/851/1022 609/845/1022 617/856/1022
f 614/859/1023 610/854/1023 618/855/1023
f 616/852/1024 608/837/1024 589/861/1024
f 612/904/1025 614/859/1025 619/857/1025
f 613/853/1026 612/904/1026 619/857/1026
f 613/853/1027 619/857/1027 615/847/1027
f 630/862/1028 622/864/1028 616/852/1028
f 614/859/1029 621/860/1029 619/857/1029
f 621/860/1030 618/855/1030 620/865/1030
f 619/857/1031 625/863/1031 623/869/1031
f 619/857/1032 623/869/1032 624/858/1032
f 621/860/1033 620/865/1033 628/866/1033
f 621/860/1034 628/866/1034 625/863/1034
f 626/871/1035 634/873/1035 635/876/1035
f 623/869/1036 625/863/1036 629/870/1036
f 624/858/1037 623/869/1037 626/871/1037
f 622/864/1038 627/875/1038 628/866/1038
f 629/870/1039 625/863/1039 631/872/1039
f 632/877/1040 627/875/1040 636/874/1040
f 637/881/1041 633/878/1041 632/877/1041
f 626/871/1042 635/876/1042 624/858/1042
f 631/872/1043 628/866/1043 632/877/1043
f 634/873/1044 631/872/1044 633/878/1044
f 630/862/1045 639/879/1045 636/874/1045
f 634/873/1046 638/880/1046 635/876/1046
f 633/878/1047 640/905/1047 638/880/1047
f 638/887/1048 644/889/1048 647/900/1048
f 641/896/1049 635/906/1049 647/900/1049
f 637/886/1050 642/884/1050 643/893/1050
f 640/888/1051 637/886/1051 643/893/1051
f 642/884/1052 648/897/1052 643/893/1052
f 644/889/1053 640/888/1053 643/893/1053
f 639/883/1054 649/891/1054 642/884/1054
f 644/889/1055 646/894/1055 647/900/1055
f 642/884/1056 645/892/1056 648/897/1056
f 641/896/1057 647/900/1057 651/895/1057
f 646/894/1058 643/893/1058 650/898/1058
f 651/895/1059 647/900/1059 654/899/1059
f 579/821/1060 652/902/1060 583/820/1060
f 646/894/1061 653/901/1061 654/899/1061
f 589/890/1062 590/818/1062 649/891/1062
f 649/891/1063 578/817/1063 645/892/1063
f 648/897/1064 652/902/1064 650/898/1064
f 652/902/1065 645/892/1065 578/817/1065
f 650/898/1066 655/903/1066 653/901/1066
f 649/891/1067 590/818/1067 578/817/1067
f 653/901/1068 580/823/1068 654/899/1068
f 654/899/1069 580/823/1069 581/826/1069
f 591/830/1070 583/820/1070 582/819/1070
f 593/832/1071 587/824/1071 586/822/1071
f 597/840/1072 593/832/1072 592/831/1072
f 612/904/1073 607/849/1073 610/854/1073
f 620/865/1074 618/855/1074 617/856/1074
f 630/862/1075 627/875/1075 622/864/1075
f 626/871/1076 629/870/1076 634/873/1076
f 632/877/1077 628/866/1077 627/875/1077
f 637/881/1078 640/905/1078 633/878/1078
f 579/821/1079 655/903/1079 652/902/1079
o Torus.004
v -2.084281 -0.093756 0.568301
v -2.065806 -0.027631 0.434867
v -1.980152 0.002591 0.468938
v -1.955688 -0.035572 0.678228
v -1.965136 -0.039270 0.431094
v -2.046547 -0.011946 0.684362
v -1.977234 0.030239 0.699705
v -1.960641 0.004452 0.624938
v -1.925143 0.016407 0.724313
v -2.026927 -0.091662 0.679698
v -2.038277 -0.044635 0.774896
v -1.931073 0.013180 0.942361
v -1.970861 0.035173 0.896422
v -1.843379 0.154365 1.002963
v -1.927181 -0.022138 0.852268
v -1.877367 0.112029 0.875771
v -1.800828 0.121178 0.904284
v -1.741231 0.130156 1.001979
v -1.836913 0.119733 1.046737
v -1.746590 0.137946 1.061965
v -1.757013 0.211129 0.968824
v -1.728447 0.209997 1.102527
v -1.668913 0.229041 0.971306
v -1.603148 0.250000 1.020674
v -1.653452 0.308234 1.085518
v -1.619059 0.323897 1.001826
v -1.563998 0.298243 1.115756
v -1.519573 0.351814 0.975820
v -1.419241 0.432690 1.080342
v -1.495306 0.425046 1.082325
v -1.480667 0.438024 0.968323
v -1.376395 0.436767 0.952486
v -1.368858 0.435737 1.008827
v -1.292774 0.540003 0.986347
v -1.303843 0.571434 0.967930
v -1.335880 0.570505 0.933401
v -1.348700 0.545386 0.863362
v -1.367949 0.475229 0.885853
v -1.214220 0.562006 0.817787
v -1.288631 0.555169 0.768988
v -1.258637 0.617554 0.692373
v -1.245401 0.550536 0.754387
v -1.199091 0.588131 0.846604
v -1.196508 0.657427 0.805493
v -1.189276 0.690360 0.598949
v -1.210220 0.591660 0.590102
v -1.120691 0.652040 0.618127
v -1.134640 0.695010 0.617615
v -1.237933 0.610127 0.573480
v -1.155519 0.610290 0.467618
v -1.133283 0.699033 0.387593
v -1.240940 0.633878 0.384692
v -1.224617 0.593495 0.415411
v -1.203903 0.678672 0.317268
v -1.127512 0.648098 0.351235
v -1.190982 0.651173 0.188913
v -1.288275 0.569306 0.249143
v -1.271292 0.530485 0.192939
v -1.379513 0.526913 0.072170
v -1.199116 0.576279 0.167979
v -1.255334 0.569899 0.055938
v -1.330575 0.548073 0.006904
v -1.334511 0.571376 0.066807
v -1.372665 0.501315 0.124874
v -1.435440 0.395477 0.030832
v -1.367149 0.443674 -0.024974
v -1.396997 0.449277 -0.068429
v -1.518410 0.381766 0.026599
v -1.486485 0.434358 -0.075419
v -1.562805 0.329412 -0.126089
v -1.719030 0.253621 -0.078737
v -1.656794 0.300376 -0.018331
v -1.617820 0.245519 -0.001225
v -1.567300 0.273350 -0.075292
v -1.762796 0.112452 -0.008435
v -1.718322 0.188403 -0.099987
v -1.866381 0.135547 0.008972
v -1.836975 0.064352 -0.007116
v -1.861316 0.101452 -0.028178
v -1.740484 0.198551 0.044593
v -1.793227 0.102283 0.078175
v -1.887846 0.106764 0.116633
v -2.002185 -0.029594 0.152557
v -1.999186 0.013492 0.145055
v -1.878313 0.086696 0.168423
v -1.944576 -0.036830 0.251458
v -1.920545 0.022758 0.269364
v -1.974616 -0.048432 0.183808
v -1.995645 0.014912 0.363419
v -2.073950 -0.061130 0.350902
v -2.067315 -0.098183 0.388685
v -2.014992 -0.093334 0.421553
vn -0.8476 -0.5239 0.0849
vn -0.7804 0.6252 -0.0082
vn 0.8829 0.4695 0.0123
vn 0.9149 -0.3641 -0.1745
vn 0.9096 -0.4059 0.0887
vn -0.7846 0.6168 0.0631
vn -0.1986 0.9614 -0.1906
vn 0.9209 0.3470 -0.1776
vn 0.7565 0.3463 -0.5548
vn 0.1330 -0.9770 0.1669
vn -0.8607 -0.2699 0.4317
vn -0.2153 -0.7225 0.6570
vn -0.8511 0.3838 0.3583
vn -0.6978 0.6928 0.1820
vn 0.4260 -0.8903 0.1612
vn -0.2541 0.8953 -0.3659
vn 0.6445 0.1497 -0.7498
vn 0.6631 -0.7454 -0.0682
vn -0.5593 -0.0539 0.8272
vn 0.4023 -0.7724 0.4915
vn -0.4320 0.7890 -0.4368
vn -0.4082 0.1508 0.9003
vn 0.4106 -0.2468 -0.8778
vn -0.1118 0.1609 -0.9806
vn -0.5916 0.7245 0.3537
vn -0.5688 0.6910 -0.4461
vn 0.4506 -0.5074 0.7346
vn -0.0366 -0.2752 -0.9607
vn 0.5000 -0.0811 0.8622
vn -0.4100 0.7197 0.5603
vn -0.6915 0.5310 -0.4897
vn 0.5004 -0.8318 -0.2402
vn 0.7034 -0.6819 0.2005
vn 0.7146 -0.0102 0.6994
vn -0.0501 0.8274 0.5594
vn -0.5502 0.8271 0.1149
vn -0.8236 0.4642 -0.3258
vn -0.2931 -0.5969 -0.7469
vn 0.6801 -0.7321 0.0382
vn -0.6434 -0.5115 -0.5696
vn -0.8990 0.3869 -0.2053
vn 0.2267 -0.9498 -0.2157
vn 0.8898 -0.2881 0.3539
vn 0.1636 0.9104 0.3800
vn -0.4600 0.8873 0.0314
vn -0.3337 -0.9148 -0.2276
vn 0.9447 -0.3092 0.1092
vn 0.4726 0.8648 0.1697
vn -0.6834 -0.7209 -0.1153
vn 0.5764 -0.8172 0.0019
vn 0.4349 0.8920 -0.1233
vn -0.9087 0.4018 0.1133
vn -0.4386 -0.8767 0.1977
vn -0.4561 0.8873 -0.0686
vn 0.9450 -0.2959 -0.1396
vn 0.3613 0.8106 -0.4608
vn -0.6551 -0.5923 0.4691
vn 0.2926 -0.9180 0.2678
vn -0.7239 0.6369 0.2651
vn 0.8140 -0.5516 -0.1820
vn 0.7308 0.1494 -0.6661
vn -0.0667 0.7766 -0.6264
vn -0.5022 0.8515 -0.1511
vn -0.7521 0.0792 0.6543
vn 0.2151 -0.7355 0.6425
vn 0.7249 -0.6155 -0.3094
vn 0.5016 -0.0600 -0.8630
vn -0.1965 -0.0982 0.9756
vn -0.4328 0.7608 -0.4836
vn 0.0811 0.0195 -0.9965
vn -0.6387 0.6644 -0.3880
vn -0.6086 0.7574 0.2367
vn 0.6070 -0.6656 0.4341
vn 0.6159 -0.7508 -0.2387
vn 0.6067 -0.7849 -0.1258
vn 0.0842 -0.4684 -0.8795
vn -0.7211 0.6619 -0.2047
vn 0.2678 -0.8491 -0.4554
vn -0.6210 -0.0255 -0.7834
vn 0.2284 0.2914 0.9289
vn 0.7879 -0.4498 0.4206
vn -0.3688 0.8929 0.2581
vn -0.6061 -0.5653 -0.5596
vn -0.8571 0.4184 -0.3005
vn 0.2408 0.7992 0.5508
vn 0.6961 -0.7169 0.0400
vn 0.9021 0.0170 0.4313
vn 0.2438 -0.9368 -0.2509
vn -0.2025 0.9672 0.1532
vn -0.9737 0.1041 -0.2028
vn -0.4062 -0.9006 -0.1548
vn 0.4486 -0.8936 -0.0126
vt 0.541637 0.000000
vt 0.555645 0.148978
vt 0.480642 0.000000
vt 0.478781 0.315119
vt 0.476748 0.137036
vt 0.564052 0.886595
vt 0.541637 1.000000
vt 0.490129 0.961289
vt 0.572917 0.539731
vt 0.552668 0.707035
vt 0.521101 0.501553
vt 0.604630 0.321688
vt 0.547555 0.386547
vt 0.613970 0.622891
vt 0.625436 0.453135
vt 0.684802 0.223505
vt 0.692392 0.371389
vt 0.709338 0.539910
vt 0.668142 0.695809
vt 0.670122 0.527847
vt 0.692789 0.872635
vt 0.658042 1.000000
vt 0.634440 0.876045
vt 0.744902 0.629919
vt 0.749772 0.873592
vt 0.719836 1.000000
vt 0.757784 0.410918
vt 0.739593 0.166667
vt 0.825307 0.317402
vt 0.808706 0.455027
vt 0.794580 0.606501
vt 0.807969 0.869495
vt 0.781206 1.000000
vt 0.832828 0.166667
vt 0.904524 0.250000
vt 0.858788 0.476042
vt 0.901294 0.384356
vt 0.851672 0.050711
vt 0.913418 0.136301
vt 0.862768 0.583333
vt 0.921084 0.553426
vt 0.861729 0.691654
vt 0.971329 0.681291
vt 0.871599 0.869766
vt 0.968747 0.369933
vt 0.938159 0.889501
vt 0.975993 0.965725
vt 0.906256 1.000000
vt 0.966897 0.000000
vt 0.970856 0.083333
vt 0.906256 0.000000
vt 0.987691 0.205968
vt 0.969267 0.540888
vt 1.000000 0.000000
vt 0.028689 0.552347
vt 0.050364 0.713402
vt 0.000000 0.666667
vt 0.037070 0.875683
vt 0.020798 1.000000
vt 0.000000 0.916667
vt 0.028681 0.033167
vt 0.023284 0.205968
vt 0.000000 0.083333
vt 0.041051 0.383335
vt 0.000000 0.369933
vt 0.104319 0.121390
vt 0.083545 0.540457
vt 0.085937 0.000000
vt 0.099219 0.377374
vt 0.137753 0.678184
vt 0.149055 0.833333
vt 0.140625 0.953077
vt 0.088463 0.964681
vt 0.174100 0.333333
vt 0.127273 0.477033
vt 0.183451 0.448794
vt 0.148439 0.583333
vt 0.204297 0.628449
vt 0.211571 0.961200
vt 0.190248 0.121148
vt 0.246379 0.324247
vt 0.238123 0.499360
vt 0.277858 0.600860
vt 0.266485 0.132869
vt 0.339188 0.694919
vt 0.263400 0.833333
vt 0.306175 0.969213
vt 0.302888 0.000000
vt 0.210035 0.000000
vt 0.321384 0.250000
vt 0.291765 0.461813
vt 0.342142 0.372921
vt 0.338300 0.543696
vt 0.401507 0.603746
vt 0.383564 0.000000
vt 0.340829 0.120011
vt 0.420927 0.044695
vt 0.423786 0.212601
vt 0.366861 0.849217
vt 0.456033 0.869145
vt 0.380038 0.956205
vt 0.471008 0.468434
vt 0.460936 0.583333
vt 0.406256 0.500000
vt 0.411971 0.367592
vt 0.479070 0.684608
vt 0.577605 0.065246
vt 0.594519 1.000000
vt 0.719550 0.041040
vt 0.782112 0.042214
vt 0.843750 1.000000
vt 1.000000 0.833333
vt 1.000000 0.552347
vt 0.137270 0.000000
vt 0.427083 1.000000
vt 0.657450 0.043354
vt 1.000000 0.750000
s 1
g Torus.004_Mat_Coral_Magenta_30.002
usemtl Mat_Coral_Magenta_30.002
f 663/907/1087 659/908/1083 658/909/1082
f 659/908/1083 747/910/1171 660/911/1084
f 662/912/1086 663/913/1087 658/914/1082
f 666/915/1090 661/916/1085 656/917/1080
f 670/918/1094 665/919/1089 747/910/1171
f 665/919/1089 666/915/1090 656/917/1080
f 666/915/1090 668/920/1092 661/916/1085
f 667/921/1091 666/915/1090 665/919/1089
f 673/922/1097 670/918/1094 659/908/1083
f 675/923/1099 667/921/1091 670/918/1094
f 677/924/1101 669/925/1093 674/926/1098
f 676/927/1100 672/928/1096 671/929/1095
f 677/924/1101 680/930/1104 669/925/1093
f 681/931/1105 678/932/1102 676/927/1100
f 682/933/1106 677/924/1101 675/923/1099
f 682/933/1106 680/930/1104 677/924/1101
f 679/934/1103 688/935/1112 673/922/1097
f 688/935/1112 682/933/1106 673/922/1097
f 684/936/1108 685/937/1109 682/933/1106
f 680/930/1104 686/938/1110 681/931/1105
f 686/938/1110 683/939/1107 681/931/1105
f 687/940/1111 688/935/1112 679/934/1103
f 688/935/1112 684/936/1108 682/933/1106
f 687/940/1111 694/941/1118 688/935/1112
f 688/935/1112 689/942/1113 684/936/1108
f 698/943/1122 689/942/1113 688/935/1112
f 693/944/1117 697/945/1121 687/940/1111
f 697/945/1121 694/941/1118 687/940/1111
f 690/946/1114 699/947/1123 691/948/1115
f 700/949/1124 692/950/1116 691/948/1115
f 694/941/1118 702/951/1126 698/943/1122
f 696/952/1120 704/953/1128 695/954/1119
f 704/955/1128 701/956/1125 695/957/1119
f 705/958/1129 694/941/1118 697/945/1121
f 702/951/1126 703/959/1127 699/947/1123
f 705/958/1129 702/951/1126 694/941/1118
f 708/960/1132 701/956/1125 704/955/1128
f 706/961/1130 709/962/1133 700/963/1124
f 707/964/1131 708/965/1132 704/966/1128
f 708/967/1132 705/968/1129 701/969/1125
f 710/970/1134 706/961/1130 702/971/1126
f 708/967/1132 713/972/1137 705/968/1129
f 711/973/1135 709/962/1133 706/961/1130
f 712/974/1136 713/972/1137 708/967/1132
f 705/968/1129 715/975/1139 710/970/1134
f 715/975/1139 711/973/1135 710/970/1134
f 718/976/1142 714/977/1138 709/962/1133
f 714/977/1138 719/978/1143 712/979/1136
f 721/980/1145 716/981/1140 715/975/1139
f 722/982/1146 717/983/1141 716/981/1140
f 717/983/1141 724/984/1148 718/976/1142
f 714/977/1138 723/985/1147 719/978/1143
f 720/986/1144 729/987/1153 715/975/1139
f 725/988/1149 724/984/1148 722/982/1146
f 724/984/1148 726/989/1150 718/976/1142
f 728/990/1152 729/987/1153 720/986/1144
f 732/991/1156 727/992/1151 726/989/1150
f 727/992/1151 735/993/1159 723/985/1147
f 735/994/1159 728/990/1152 723/995/1147
f 728/990/1152 730/996/1154 729/987/1153
f 731/997/1155 726/989/1150 725/988/1149
f 733/998/1157 734/999/1158 731/997/1155
f 739/1000/1163 732/991/1156 734/999/1158
f 740/1001/1164 736/1002/1160 735/994/1159
f 742/1003/1166 741/1004/1165 736/1002/1160
f 737/1005/1161 744/1006/1168 740/1007/1164
f 746/1008/1170 745/1009/1169 738/1010/1162
f 660/911/1084 741/1004/1165 742/1003/1166
f 747/910/1171 746/1008/1170 743/1011/1167
f 660/911/1084 747/910/1171 741/1004/1165
f 656/917/1080 661/916/1085 657/1012/1081
f 661/916/1085 671/929/1095 662/912/1086
f 744/1006/1168 662/912/1086 658/914/1082
f 663/907/1087 664/1013/1088 659/908/1083
f 659/908/1083 670/918/1094 747/910/1171
f 662/912/1086 664/1014/1088 663/913/1087
f 666/915/1090 667/921/1091 668/920/1092
f 668/920/1092 669/925/1093 661/916/1085
f 664/1014/1088 671/929/1095 672/928/1096
f 670/918/1094 667/921/1091 665/919/1089
f 664/1013/1088 673/922/1097 659/908/1083
f 673/922/1097 678/1015/1102 679/934/1103
f 667/921/1091 674/926/1098 668/920/1092
f 668/920/1092 674/926/1098 669/925/1093
f 669/925/1093 676/927/1100 671/929/1095
f 673/922/1097 675/923/1099 670/918/1094
f 667/921/1091 675/923/1099 674/926/1098
f 676/927/1100 678/932/1102 672/928/1096
f 676/927/1100 680/930/1104 681/931/1105
f 675/923/1099 677/924/1101 674/926/1098
f 690/946/1114 684/936/1108 689/942/1113
f 681/931/1105 683/939/1107 678/932/1102
f 678/1015/1102 683/1016/1107 679/934/1103
f 673/922/1097 682/933/1106 675/923/1099
f 682/933/1106 685/937/1109 680/930/1104
f 683/1016/1107 687/940/1111 679/934/1103
f 685/937/1109 691/948/1115 680/930/1104
f 680/930/1104 691/948/1115 686/938/1110
f 693/1017/1117 686/938/1110 692/950/1116
f 690/946/1114 691/948/1115 685/937/1109
f 700/949/1124 707/1018/1131 696/952/1120
f 683/1016/1107 693/944/1117 687/940/1111
f 691/948/1115 692/950/1116 686/938/1110
f 692/950/1116 695/954/1119 693/1017/1117
f 694/941/1118 698/943/1122 688/935/1112
f 689/942/1113 699/947/1123 690/946/1114
f 692/950/1116 696/952/1120 695/954/1119
f 695/957/1119 697/945/1121 693/944/1117
f 698/943/1122 699/947/1123 689/942/1113
f 691/948/1115 699/947/1123 700/949/1124
f 700/949/1124 696/952/1120 692/950/1116
f 695/957/1119 701/956/1125 697/945/1121
f 698/943/1122 702/951/1126 699/947/1123
f 699/947/1123 703/959/1127 700/949/1124
f 701/956/1125 705/958/1129 697/945/1121
f 703/959/1127 706/1019/1130 700/949/1124
f 722/982/1146 729/987/1153 725/988/1149
f 696/952/1120 707/1018/1131 704/953/1128
f 702/951/1126 706/1019/1130 703/959/1127
f 705/968/1129 710/970/1134 702/971/1126
f 707/964/1131 712/979/1136 708/965/1132
f 710/970/1134 711/973/1135 706/961/1130
f 709/962/1133 714/977/1138 707/964/1131
f 707/964/1131 714/977/1138 712/979/1136
f 713/972/1137 715/975/1139 705/968/1129
f 662/912/1086 657/1012/1081 661/916/1085
f 711/973/1135 718/976/1142 709/962/1133
f 715/975/1139 716/981/1140 711/973/1135
f 716/981/1140 717/983/1141 711/973/1135
f 711/973/1135 717/983/1141 718/976/1142
f 712/974/1136 719/1020/1143 713/972/1137
f 719/1020/1143 720/986/1144 713/972/1137
f 719/1020/1143 723/995/1147 720/986/1144
f 713/972/1137 720/986/1144 715/975/1139
f 721/980/1145 722/982/1146 716/981/1140
f 722/982/1146 724/984/1148 717/983/1141
f 715/975/1139 729/987/1153 721/980/1145
f 718/976/1142 726/989/1150 714/977/1138
f 726/989/1150 727/992/1151 714/977/1138
f 714/977/1138 727/992/1151 723/985/1147
f 733/998/1157 741/1004/1165 743/1011/1167
f 725/988/1149 726/989/1150 724/984/1148
f 723/995/1147 728/990/1152 720/986/1144
f 729/987/1153 731/997/1155 725/988/1149
f 730/996/1154 733/998/1157 729/987/1153
f 729/987/1153 733/998/1157 731/997/1155
f 731/997/1155 734/999/1158 726/989/1150
f 726/989/1150 734/999/1158 732/991/1156
f 732/991/1156 737/1005/1161 727/992/1151
f 727/992/1151 737/1005/1161 735/993/1159
f 735/994/1159 736/1002/1160 728/990/1152
f 728/990/1152 736/1002/1160 730/996/1154
f 737/1005/1161 740/1007/1164 735/993/1159
f 734/999/1158 738/1010/1162 739/1000/1163
f 736/1002/1160 741/1004/1165 730/996/1154
f 733/998/1157 738/1010/1162 734/999/1158
f 740/1001/1164 742/1003/1166 736/1002/1160
f 737/1005/1161 657/1012/1081 744/1006/1168
f 733/998/1157 743/1011/1167 738/1010/1162
f 740/1007/1164 744/1006/1168 742/1021/1166
f 738/1010/1162 745/1009/1169 739/1000/1163
f 739/1000/1163 657/1012/1081 732/991/1156
f 747/910/1171 656/917/1080 746/1008/1170
f 743/1011/1167 746/1008/1170 738/1010/1162
f 745/1009/1169 657/1012/1081 739/1000/1163
f 744/1006/1168 658/914/1082 742/1021/1166
f 742/1003/1166 658/909/1082 660/911/1084
f 741/1004/1165 747/910/1171 743/1011/1167
f 746/1008/1170 656/917/1080 745/1009/1169
f 745/1009/1169 656/917/1080 657/1012/1081
f 658/909/1082 659/908/1083 660/911/1084
f 661/916/1085 669/925/1093 671/929/1095
f 664/1014/1088 662/912/1086 671/929/1095
f 664/1013/1088 672/1022/1096 673/922/1097
f 673/922/1097 672/1022/1096 678/1015/1102
f 676/927/1100 669/925/1093 680/930/1104
f 690/946/1114 685/937/1109 684/936/1108
f 693/1017/1117 683/939/1107 686/938/1110
f 700/949/1124 709/1023/1133 707/1018/1131
f 722/982/1146 721/980/1145 729/987/1153
f 662/912/1086 744/1006/1168 657/1012/1081
f 733/998/1157 730/996/1154 741/1004/1165
f 737/1005/1161 732/991/1156 657/1012/1081
f 747/910/1171 665/919/1089 656/917/1080
o Cylinder.003
v -2.140000 -0.391071 0.000000
v -2.140000 -0.391071 1.040000
v -2.185000 -0.379013 0.000000
v -2.185000 -0.379013 1.040000
v -2.217942 -0.346071 0.000000
v -2.217942 -0.346071 1.040000
v -2.230000 -0.301071 0.000000
v -2.230000 -0.301071 1.040000
v -2.217942 -0.256071 0.000000
v -2.217942 -0.256071 1.040000
v -2.185000 -0.223129 0.000000
v -2.185000 -0.223129 1.040000
v -2.140000 -0.211071 0.000000
v -2.140000 -0.211071 1.040000
v -2.095000 -0.223129 0.000000
v -2.095000 -0.223129 1.040000
v -2.062058 -0.256071 0.000000
v -2.062058 -0.256071 1.040000
v -2.050000 -0.301071 0.000000
v -2.050000 -0.301071 1.040000
v -2.062058 -0.346071 0.000000
v -2.062058 -0.346071 1.040000
v -2.095000 -0.379013 0.000000
v -2.095000 -0.379013 1.040000
vn -0.0000 -0.7572 -0.6532
vn -0.0000 -0.7572 0.6532
vn -0.3786 -0.6557 -0.6532
vn -0.3786 -0.6557 0.6532
vn -0.6557 -0.3786 -0.6532
vn -0.6557 -0.3786 0.6532
vn -0.7572 -0.0000 -0.6532
vn -0.7572 -0.0000 0.6532
vn -0.6557 0.3786 -0.6532
vn -0.6557 0.3786 0.6532
vn -0.3786 0.6557 -0.6532
vn -0.3786 0.6557 0.6532
vn -0.0000 0.7572 -0.6532
vn -0.0000 0.7572 0.6532
vn 0.3786 0.6557 -0.6532
vn 0.3786 0.6557 0.6532
vn 0.6557 0.3786 -0.6532
vn 0.6557 0.3786 0.6532
vn 0.7572 -0.0000 -0.6532
vn 0.7572 -0.0000 0.6532
vn 0.6557 -0.3786 -0.6532
vn 0.6557 -0.3786 0.6532
vn 0.3786 -0.6557 -0.6532
vn 0.3786 -0.6557 0.6532
vt 1.000000 1.000000
vt 0.916667 0.500000
vt 1.000000 0.500000
vt 0.916667 1.000000
vt 0.833333 0.500000
vt 0.833333 1.000000
vt 0.750000 0.500000
vt 0.750000 1.000000
vt 0.666667 0.500000
vt 0.666667 1.000000
vt 0.583333 0.500000
vt 0.583333 1.000000
vt 0.500000 0.500000
vt 0.500000 1.000000
vt 0.416667 0.500000
vt 0.416667 1.000000
vt 0.333333 0.500000
vt 0.333333 1.000000
vt 0.250000 0.500000
vt 0.250000 1.000000
vt 0.166667 0.500000
vt 0.042154 0.370000
vt 0.250000 0.010000
vt 0.457846 0.370000
vt 0.166667 1.000000
vt 0.083333 0.500000
vt 0.083333 1.000000
vt 0.000000 0.500000
vt 0.990000 0.250000
vt 0.630000 0.042154
vt 0.630000 0.457846
vt 0.370000 0.457846
vt 0.250000 0.490000
vt 0.130000 0.457846
vt 0.010000 0.250000
vt 0.042154 0.130000
vt 0.130000 0.042154
vt 0.370000 0.042154
vt 0.457846 0.130000
vt 0.490000 0.250000
vt 0.000000 1.000000
vt 0.750000 0.490000
vt 0.870000 0.457846
vt 0.957846 0.370000
vt 0.957846 0.130000
vt 0.870000 0.042154
vt 0.750000 0.010000
vt 0.542154 0.130000
vt 0.510000 0.250000
vt 0.542154 0.370000
s 1
g Cylinder.003_Mat_Coral_Teal_60.003
usemtl Mat_Coral_Teal_60.003
f 749/1024/1173 750/1025/1174 748/1026/1172
f 751/1027/1175 752/1028/1176 750/1025/1174
f 753/1029/1177 754/1030/1178 752/1028/1176
f 755/1031/1179 756/1032/1180 754/1030/1178
f 757/1033/1181 758/1034/1182 756/1032/1180
f 759/1035/1183 760/1036/1184 758/1034/1182
f 761/1037/1185 762/1038/1186 760/1036/1184
f 763/1039/1187 764/1040/1188 762/1038/1186
f 765/1041/1189 766/1042/1190 764/1040/1188
f 767/1043/1191 768/1044/1192 766/1042/1190
f 769/1045/1193 761/1046/1185 753/1047/1177
f 769/1048/1193 770/1049/1194 768/1044/1192
f 771/1050/1195 748/1051/1172 770/1049/1194
f 754/1052/1178 762/1053/1186 770/1054/1194
f 749/1024/1173 751/1027/1175 750/1025/1174
f 751/1027/1175 753/1029/1177 752/1028/1176
f 753/1029/1177 755/1031/1179 754/1030/1178
f 755/1031/1179 757/1033/1181 756/1032/1180
f 757/1033/1181 759/1035/1183 758/1034/1182
f 759/1035/1183 761/1037/1185 760/1036/1184
f 761/1037/1185 763/1039/1187 762/1038/1186
f 763/1039/1187 765/1041/1189 764/1040/1188
f 765/1041/1189 767/1043/1191 766/1042/1190
f 767/1043/1191 769/1048/1193 768/1044/1192
f 753/1047/1177 751/1055/1175 749/1056/1173
f 749/1056/1173 771/1057/1195 769/1045/1193
f 769/1045/1193 767/1058/1191 765/1059/1189
f 765/1059/1189 763/1060/1187 761/1046/1185
f 761/1046/1185 759/1061/1183 757/1062/1181
f 757/1062/1181 755/1063/1179 753/1047/1177
f 753/1047/1177 749/1056/1173 769/1045/1193
f 769/1045/1193 765/1059/1189 761/1046/1185
f 761/1046/1185 757/1062/1181 753/1047/1177
f 769/1048/1193 771/1050/1195 770/1049/1194
f 771/1050/1195 749/1064/1173 748/1051/1172
f 770/1054/1194 748/1065/1172 750/1066/1174
f 750/1066/1174 752/1067/1176 754/1052/1178
f 754/1052/1178 756/1068/1180 758/1069/1182
f 758/1069/1182 760/1070/1184 762/1053/1186
f 762/1053/1186 764/1071/1188 766/1072/1190
f 766/1072/1190 768/1073/1192 770/1054/1194
f 770/1054/1194 750/1066/1174 754/1052/1178
f 754/1052/1178 758/1069/1182 762/1053/1186
f 762/1053/1186 766/1072/1190 770/1054/1194
o Torus.005
v -2.249141 -0.321604 1.040358
v -2.244596 -0.295734 1.054832
v -2.214216 -0.305448 1.049757
v -2.210729 -0.310383 1.040000
v -2.215714 -0.310662 1.025272
v -2.244157 -0.290243 1.024901
v -2.242146 -0.336592 1.050330
v -2.215097 -0.346626 1.059802
v -2.242847 -0.335316 1.029886
v -2.224675 -0.357649 1.057620
v -2.221187 -0.355844 1.020230
v -2.198298 -0.346386 1.030139
v -2.224356 -0.372889 1.034609
v -2.192100 -0.357673 1.054690
v -2.189323 -0.352383 1.040000
v -2.198596 -0.357396 1.022726
v -2.216067 -0.377860 1.049848
v -2.171143 -0.389563 1.020046
v -2.189074 -0.400583 1.040000
v -2.172924 -0.404348 1.050073
v -2.173587 -0.391348 1.059909
v -2.155555 -0.373860 1.050064
v -2.181218 -0.397137 1.024677
v -2.152503 -0.370685 1.040000
v -2.161457 -0.374470 1.025305
v -2.141242 -0.382319 1.057253
v -2.151965 -0.410488 1.034044
v -2.124418 -0.404513 1.055227
v -2.106242 -0.406964 1.040000
v -2.100914 -0.384583 1.060000
v -2.130788 -0.371659 1.034109
v -2.114497 -0.401613 1.023796
v -2.106042 -0.369033 1.054273
v -2.102928 -0.378944 1.020170
v -2.081468 -0.392307 1.050073
v -2.099385 -0.359034 1.034485
v -2.080930 -0.392046 1.030174
v -2.064386 -0.369800 1.057544
v -2.065191 -0.343265 1.059977
v -2.075935 -0.332061 1.044832
v -2.066053 -0.335917 1.022858
v -2.056271 -0.374290 1.044111
v -2.069932 -0.324856 1.030757
v -2.047162 -0.324923 1.020066
v -2.056143 -0.363362 1.024569
v -2.034296 -0.332439 1.046169
v -2.034091 -0.322955 1.029670
v -2.042567 -0.299530 1.059933
v -2.063955 -0.306221 1.054546
v -2.029283 -0.293814 1.040000
v -2.051508 -0.269928 1.020046
v -2.034098 -0.277946 1.050073
v -2.070551 -0.288034 1.044712
v -2.068515 -0.273989 1.025938
v -2.037398 -0.278265 1.025217
v -2.072740 -0.254314 1.057303
v -2.043321 -0.247355 1.040000
v -2.059471 -0.239619 1.057457
v -2.058223 -0.234327 1.025057
v -2.060604 -0.224266 1.046520
v -2.084021 -0.257087 1.045267
v -2.100910 -0.212089 1.059565
v -2.089044 -0.243034 1.025121
v -2.089197 -0.220105 1.020096
v -2.103203 -0.196430 1.035151
v -2.098617 -0.201163 1.049652
v -2.119412 -0.227507 1.054339
v -2.117801 -0.233844 1.039758
v -2.125053 -0.226778 1.025975
v -2.122145 -0.201658 1.022653
v -2.146273 -0.193107 1.050330
v -2.150334 -0.204594 1.059826
v -2.152057 -0.220630 1.022667
v -2.149492 -0.190666 1.034970
v -2.160480 -0.227621 1.054388
v -2.157849 -0.232560 1.034809
v -2.175608 -0.215107 1.020000
v -2.173368 -0.202771 1.024422
v -2.192179 -0.204180 1.046216
v -2.202394 -0.228115 1.060003
v -2.196325 -0.242475 1.057274
v -2.194517 -0.253996 1.046559
v -2.194863 -0.248100 1.025518
v -2.204696 -0.214666 1.030144
v -2.219068 -0.223997 1.044751
v -2.235974 -0.259511 1.055222
v -2.203055 -0.269157 1.040228
v -2.227332 -0.271426 1.020000
v -2.227107 -0.242360 1.024473
v -2.245049 -0.264435 1.039619
v -2.211908 -0.276290 1.025380
v -2.226453 -0.295544 1.059880
vn 0.7011 0.1548 0.6960
vn -0.2575 -0.0214 -0.9660
vn -0.8949 -0.0747 -0.4400
vn -0.2674 -0.0427 0.9626
vn -0.1770 -0.0409 0.9834
vn -0.9010 -0.4333 -0.0193
vn 0.7994 0.3205 -0.5082
vn 0.1158 0.0963 -0.9886
vn -0.8984 -0.4379 0.0335
vn -0.8118 -0.5162 0.2731
vn 0.1204 0.1841 -0.9755
vn -0.1102 -0.0999 0.9889
vn 0.4146 0.8284 0.3767
vn 0.2978 0.5276 -0.7956
vn -0.4588 -0.5215 -0.7194
vn -0.5155 -0.7406 -0.4309
vn 0.1701 0.2251 -0.9594
vn 0.4180 0.8843 0.2082
vn -0.2514 -0.9670 0.0417
vn -0.0863 -0.6039 0.7924
vn -0.0437 -0.4782 -0.8771
vn -0.0536 -0.6495 -0.7585
vn 0.0474 -0.9758 0.2136
vn 0.0228 -0.2582 0.9658
vn -0.0392 0.4086 0.9119
vn 0.0338 0.9119 -0.4090
vn -0.0543 0.3594 -0.9316
vn -0.1223 0.5144 0.8488
vn -0.0960 0.9953 -0.0118
vn 0.0286 -0.1721 -0.9847
vn 0.2926 -0.8258 0.4821
vn -0.2299 0.5948 -0.7703
vn 0.3225 -0.8376 -0.4409
vn 0.2339 -0.4615 0.8557
vn 0.2590 -0.5029 0.8247
vn 0.5495 -0.8205 -0.1575
vn 0.5370 -0.8357 0.1146
vn 0.5684 -0.6134 0.5484
vn 0.1021 -0.0877 0.9909
vn -0.5227 0.3665 -0.7698
vn 0.1412 -0.1477 -0.9789
vn 0.6704 -0.6494 -0.3588
vn 0.7168 -0.4043 0.5681
vn 0.5532 -0.1993 0.8088
vn -0.7666 0.1181 0.6312
vn -0.2849 0.1484 0.9470
vn -0.7396 0.0923 0.6667
vn -0.9335 0.1132 -0.3402
vn 0.3585 0.0280 -0.9331
vn 0.5953 -0.0359 -0.8027
vn -0.9954 0.0188 -0.0939
vn 0.8848 0.0191 -0.4656
vn 0.9573 0.2892 0.0019
vn -0.8555 -0.3658 -0.3664
vn 0.4418 0.2062 -0.8731
vn 0.9346 0.2824 -0.2160
vn -0.2756 -0.2075 -0.9386
vn 0.7991 0.3771 -0.4682
vn -0.8318 -0.5550 0.0013
vn 0.7538 0.6231 -0.2085
vn 0.2351 0.1788 -0.9554
vn -0.1493 -0.1520 0.9770
vn -0.4363 -0.6967 0.5694
vn 0.5766 0.7625 -0.2935
vn -0.0374 -0.2802 0.9592
vn 0.1220 0.9839 0.1308
vn 0.0018 -0.2306 0.9731
vn 0.0101 0.1549 -0.9879
vn 0.0030 -0.9695 0.2450
vn -0.2467 0.9477 0.2023
vn -0.2245 0.6668 0.7106
vn -0.2509 0.5614 0.7886
vn 0.1332 -0.1305 0.9825
vn 0.0636 -0.2006 -0.9776
vn -0.3848 0.8810 -0.2752
vn 0.4276 -0.8686 -0.2504
vn -0.2720 0.3681 -0.8891
vn -0.3177 0.4301 -0.8450
vn -0.4656 0.5825 0.6663
vn 0.8865 -0.4415 -0.1383
vn -0.1647 0.1513 -0.9747
vn -0.7126 0.6369 -0.2943
vn 0.2785 -0.1638 -0.9464
vn -0.8188 0.5478 -0.1715
vn 0.2339 -0.0852 0.9685
vn 0.7392 -0.3928 0.5471
vn 0.8750 -0.3554 -0.3288
vn -0.8729 0.2030 0.4436
vn 0.8978 -0.1694 0.4065
vn 0.8798 -0.1613 -0.4471
vn 0.3201 -0.0324 -0.9468
vn -0.9813 0.0725 0.1784
vn 0.9427 -0.1034 -0.3171
vn -0.8808 -0.1037 0.4619
vn 0.5075 0.0346 -0.8610
vn -0.5060 -0.1244 0.8535
vn -0.4897 -0.1099 -0.8649
vn 0.8723 0.3841 -0.3025
vn 0.3108 0.2190 0.9249
vn -0.3569 -0.5751 0.7361
vn 0.7857 0.4004 -0.4716
vn -0.7641 -0.4878 0.4222
vn -0.6644 -0.4059 -0.6276
vn -0.6232 -0.7774 0.0854
vn -0.4652 -0.7538 0.4641
vn 0.8641 -0.4409 -0.2427
vn 0.3531 0.3298 0.8755
vn 0.6000 0.7976 -0.0611
vn -0.2044 -0.2982 -0.9324
vn 0.4108 0.8264 0.3852
vn 0.3978 0.8003 -0.4485
vn 0.0332 0.1709 0.9847
vn -0.2936 -0.8893 -0.3506
vn -0.0208 0.9712 -0.2374
vn -0.0367 -0.9483 0.3152
vn 0.1326 0.9330 0.3346
vn 0.1188 -0.9232 -0.3654
vn -0.0455 0.3320 0.9422
vn -0.3564 0.8767 0.3231
vn 0.1697 -0.2395 -0.9560
vn 0.2822 -0.4131 -0.8658
vn -0.2851 0.2470 0.9261
vn -0.4418 0.5423 0.7146
vn -0.7654 0.6401 0.0660
vn -0.5853 0.5394 -0.6054
vn 0.8456 0.4310 0.3151
vn -0.7568 0.6535 0.0117
vn -0.3251 0.3339 -0.8848
vn 0.5985 -0.2298 -0.7675
vn 0.4037 0.5668 0.7182
vn 0.1662 -0.0850 0.9824
vn -0.1397 -0.0114 -0.9901
vn 0.9880 -0.1390 -0.0676
vn 0.8773 -0.0375 0.4784
vn 0.8047 -0.0453 0.5919
vn -0.9057 -0.0149 -0.4237
vn -0.3343 0.0335 -0.9419
vn -0.2172 -0.0884 0.9721
vn -0.9362 -0.1747 0.3050
vn 0.5159 0.1802 0.8375
vn 0.7396 0.4010 0.5405
vn 0.7646 0.4104 0.4969
vn -0.6606 -0.2999 0.6882
vn 0.0957 0.0680 0.9931
vn -0.8179 -0.5472 -0.1777
vn -0.2756 -0.2076 -0.9386
vn 0.5228 0.8452 0.1105
vn 0.0972 0.6135 0.7837
vn -0.5752 -0.7716 0.2717
vn -0.4648 -0.7764 -0.4257
vn 0.4014 0.6486 -0.6466
vn -0.1193 -0.2133 -0.9697
vn 0.2980 0.6315 -0.7158
vn -0.4042 -0.8827 -0.2399
vn 0.1646 0.9519 0.2586
vn -0.0289 -0.5690 -0.8218
vn 0.1077 0.8485 -0.5181
vn -0.0776 -0.9175 0.3901
vn 0.0296 -0.8831 -0.4683
vn -0.0300 -0.5356 -0.8440
vn -0.0704 -0.6945 -0.7160
vn -0.0399 0.3436 -0.9383
vn -0.0398 0.6999 -0.7131
vn 0.1307 -0.2820 0.9505
vn -0.3506 0.9042 -0.2441
vn 0.5492 -0.7898 0.2730
vn 0.4385 -0.7368 -0.5147
vn 0.3146 -0.6195 0.7192
vn -0.5896 0.8050 -0.0660
vn -0.5334 0.4627 0.7081
vn 0.4134 -0.3797 -0.8276
vn -0.8147 0.4826 0.3215
vn 0.8283 -0.4996 -0.2538
vn -0.2060 0.0717 0.9759
vn 0.5495 -0.1594 0.8202
vn -0.4192 0.1413 -0.8968
vn -0.7962 0.2787 -0.5370
vn -0.2682 0.0535 0.9619
vn -0.9816 0.0680 -0.1786
vn -0.3403 -0.4603 0.8200
vn 0.8640 -0.4418 -0.2414
vn 0.9094 0.3969 0.1243
vn 0.4030 0.5506 0.7311
vn 0.1210 0.6529 0.7477
vt 0.585872 0.776299
vt 0.509311 0.916667
vt 0.487982 0.776523
vt 0.590790 0.325439
vt 0.485272 0.377822
vt 0.447940 0.250000
vt 0.551150 0.416667
vt 0.529589 0.500000
vt 0.593581 0.666667
vt 0.494668 0.616481
vt 0.612977 0.463461
vt 0.553276 0.583333
vt 0.605106 0.083333
vt 0.621759 0.166667
vt 0.520224 0.125991
vt 0.625719 0.583333
vt 0.696143 0.250000
vt 0.698772 0.692885
vt 0.716512 0.916667
vt 0.628240 1.000000
vt 0.630650 0.868937
vt 0.703832 0.130497
vt 0.686830 0.372962
vt 0.677083 0.500000
vt 0.747484 0.833333
vt 0.733646 0.449265
vt 0.700900 0.583333
vt 0.775006 0.630079
vt 0.789329 0.351635
vt 0.799084 0.500000
vt 0.819558 0.750000
vt 0.772408 0.054347
vt 0.821256 0.204749
vt 0.826541 0.881301
vt 0.793142 1.000000
vt 0.840758 0.583333
vt 0.848950 0.045687
vt 0.841633 0.416667
vt 0.882750 0.666667
vt 0.887223 0.517167
vt 0.917299 0.786839
vt 0.947958 0.083333
vt 0.929941 0.166667
vt 0.955466 0.325283
vt 0.896755 0.373475
vt 0.954501 0.545940
vt 0.988371 0.682425
vt 0.984343 0.875256
vt 0.926340 0.973203
vt 1.000000 1.000000
vt 1.000000 0.000000
vt 0.935863 0.000000
vt 0.989583 0.250000
vt 1.000000 0.333333
vt 0.967565 0.416667
vt 0.018230 0.000000
vt 0.055447 0.104281
vt 0.000000 0.083333
vt 0.032941 0.385923
vt 0.015082 0.500000
vt 0.000000 0.416667
vt 0.080730 0.500000
vt 0.034234 0.583333
vt 0.102836 0.000000
vt 0.056120 0.250000
vt 0.106687 0.387526
vt 0.136368 0.134240
vt 0.181786 0.675760
vt 0.096506 0.833333
vt 0.023628 0.682425
vt 0.122774 0.553622
vt 0.163892 0.313352
vt 0.203471 0.879073
vt 0.108514 0.965873
vt 0.195216 0.468002
vt 0.264374 0.685826
vt 0.263080 0.463240
vt 0.259229 0.583333
vt 0.291790 0.882583
vt 0.312626 0.250000
vt 0.221746 0.333333
vt 0.282911 1.000000
vt 0.328346 0.550010
vt 0.364450 0.704219
vt 0.371765 0.833333
vt 0.376722 0.120015
vt 0.273595 0.166667
vt 0.352311 0.416667
vt 0.302081 0.361850
vt 0.354137 0.000000
vt 0.291420 0.036984
vt 0.404634 0.369645
vt 0.378705 0.531025
vt 0.425420 0.000000
vt 0.447689 0.128245
vt 0.446591 0.500000
vt 0.384808 0.937093
vt 0.425420 1.000000
vt 0.433022 0.628082
vt 0.520969 1.000000
vt 0.520969 0.000000
vt 0.628240 0.000000
vt 0.721741 1.000000
vt 0.721741 0.000000
vt 0.854137 1.000000
vt 0.187458 0.583333
vt 0.990669 0.500000
vt 1.000000 0.583333
vt 1.000000 0.166667
vt 0.010495 0.875256
vt 0.030714 0.969269
vt 0.103788 0.666667
vt 0.199260 1.000000
vt 0.199260 0.000000
vt 0.217690 0.116554
s 0
g Torus.005_Mat_Coral_Ponta_10.006
usemtl Mat_Coral_Ponta_10.006
f 779/1074/1196 774/1075/1196 863/1076/1196
f 782/1077/1197 777/1078/1197 859/1079/1197
f 780/1080/1198 772/1081/1198 777/1078/1198
f 781/1082/1199 863/1076/1199 773/1083/1199
f 781/1082/1200 779/1074/1200 863/1076/1200
f 784/1084/1201 778/1085/1201 772/1081/1201
f 783/1086/1202 787/1087/1202 776/1088/1202
f 787/1087/1203 782/1077/1203 776/1088/1203
f 780/1080/1204 784/1084/1204 772/1081/1204
f 784/1084/1205 788/1089/1205 778/1085/1205
f 787/1087/1206 789/1090/1206 782/1077/1206
f 781/1082/1207 792/1091/1207 779/1074/1207
f 793/1092/1208 786/1093/1208 785/1094/1208
f 796/1095/1209 787/1087/1209 783/1086/1209
f 794/1096/1210 784/1084/1210 782/1077/1210
f 794/1096/1211 790/1097/1211 784/1084/1211
f 796/1095/1212 789/1090/1212 787/1087/1212
f 797/1098/1213 793/1092/1213 785/1094/1213
f 798/1099/1214 791/1100/1214 790/1097/1214
f 791/1100/1215 799/1101/1215 792/1091/1215
f 789/1090/1216 803/1102/1216 794/1096/1216
f 803/1102/1217 798/1099/1217 794/1096/1217
f 800/1103/1218 799/1101/1218 798/1099/1218
f 799/1101/1219 801/1104/1219 792/1091/1219
f 801/1104/1220 797/1098/1220 792/1091/1220
f 802/1105/1221 805/1106/1221 796/1095/1221
f 805/1106/1222 789/1090/1222 796/1095/1222
f 797/1098/1223 804/1107/1223 793/1092/1223
f 804/1107/1224 802/1108/1224 793/1092/1224
f 805/1106/1225 803/1102/1225 789/1090/1225
f 800/1103/1226 806/1109/1226 799/1101/1226
f 807/1110/1227 805/1106/1227 802/1105/1227
f 808/1111/1228 800/1103/1228 803/1102/1228
f 806/1109/1229 809/1112/1229 799/1101/1229
f 809/1112/1230 801/1104/1230 799/1101/1230
f 813/1113/1231 806/1109/1231 800/1103/1231
f 808/1111/1232 813/1113/1232 800/1103/1232
f 813/1113/1233 809/1112/1233 806/1109/1233
f 809/1112/1234 810/1114/1234 801/1104/1234
f 814/1115/1235 812/1116/1235 807/1110/1235
f 815/1117/1236 816/1118/1236 805/1106/1236
f 816/1118/1237 813/1113/1237 808/1111/1237
f 817/1119/1238 809/1112/1238 813/1113/1238
f 817/1119/1239 819/1120/1239 809/1112/1239
f 810/1114/1240 820/1121/1240 811/1122/1240
f 819/1120/1241 820/1121/1241 810/1114/1241
f 820/1121/1242 824/1123/1242 811/1122/1242
f 824/1124/1243 814/1115/1243 811/1125/1243
f 822/1126/1244 826/1127/1244 815/1117/1244
f 826/1127/1245 818/1128/1245 815/1117/1245
f 824/1129/1246 825/1130/1246 814/1131/1246
f 826/1132/1247 821/1133/1247 818/1134/1247
f 828/1135/1248 823/1136/1248 821/1133/1248
f 832/1137/1249 825/1130/1249 824/1129/1249
f 822/1138/1250 830/1139/1250 826/1132/1250
f 826/1132/1251 828/1135/1251 821/1133/1251
f 834/1140/1252 822/1138/1252 825/1130/1252
f 830/1139/1253 828/1135/1253 826/1132/1253
f 833/1141/1254 827/1142/1254 819/1143/1254
f 830/1139/1255 831/1144/1255 828/1135/1255
f 835/1145/1256 830/1139/1256 822/1138/1256
f 833/1141/1257 838/1146/1257 827/1142/1257
f 827/1142/1258 838/1146/1258 832/1147/1258
f 836/1148/1259 831/1144/1259 830/1139/1259
f 843/1149/1260 838/1146/1260 833/1141/1260
f 845/1150/1261 842/1151/1261 836/1148/1261
f 843/1149/1262 846/1152/1262 838/1146/1262
f 848/1153/1263 841/1154/1263 835/1145/1263
f 846/1152/1264 847/1155/1264 838/1146/1264
f 845/1150/1265 850/1156/1265 842/1151/1265
f 850/1156/1266 843/1149/1266 842/1151/1266
f 850/1156/1267 851/1157/1267 843/1149/1267
f 851/1157/1268 852/1158/1268 846/1152/1268
f 854/1159/1269 848/1153/1269 844/1160/1269
f 855/1161/1270 850/1156/1270 849/1162/1270
f 853/1163/1271 854/1159/1271 847/1164/1271
f 848/1153/1272 860/1165/1272 849/1162/1272
f 860/1165/1273 855/1161/1273 849/1162/1273
f 856/1166/1274 851/1157/1274 850/1156/1274
f 858/1167/1275 854/1159/1275 853/1163/1275
f 859/1079/1276 860/1165/1276 848/1153/1276
f 860/1165/1277 856/1166/1277 855/1161/1277
f 862/1168/1278 859/1079/1278 854/1159/1278
f 860/1165/1279 861/1169/1279 856/1166/1279
f 851/1157/1280 863/1076/1280 852/1158/1280
f 863/1076/1281 853/1170/1281 852/1158/1281
f 774/1075/1282 858/1171/1282 853/1170/1282
f 861/1169/1283 773/1083/1283 857/1172/1283
f 774/1075/1284 775/1173/1284 858/1171/1284
f 775/1174/1285 862/1168/1285 858/1167/1285
f 776/1088/1286 859/1079/1286 862/1168/1286
f 772/1081/1287 773/1083/1287 861/1169/1287
f 775/1174/1288 776/1088/1288 862/1168/1288
f 772/1081/1289 778/1085/1289 773/1083/1289
f 776/1088/1290 782/1077/1290 859/1079/1290
f 778/1085/1291 781/1082/1291 773/1083/1291
f 777/1078/1292 782/1077/1292 780/1080/1292
f 775/1174/1293 783/1086/1293 776/1088/1293
f 779/1074/1294 785/1094/1294 774/1075/1294
f 792/1091/1295 788/1089/1295 791/1100/1295
f 775/1174/1296 786/1175/1296 783/1086/1296
f 778/1085/1297 788/1089/1297 781/1082/1297
f 782/1077/1298 784/1084/1298 780/1080/1298
f 784/1084/1299 790/1097/1299 788/1089/1299
f 790/1097/1300 791/1100/1300 788/1089/1300
f 817/1119/1301 816/1118/1301 818/1128/1301
f 779/1074/1302 792/1091/1302 785/1094/1302
f 786/1175/1303 796/1095/1303 783/1086/1303
f 789/1090/1304 794/1096/1304 782/1077/1304
f 793/1092/1305 795/1176/1305 786/1093/1305
f 786/1175/1306 795/1177/1306 796/1095/1306
f 792/1091/1307 797/1098/1307 785/1094/1307
f 794/1096/1308 798/1099/1308 790/1097/1308
f 795/1177/1309 802/1105/1309 796/1095/1309
f 798/1099/1310 799/1101/1310 791/1100/1310
f 793/1092/1311 802/1108/1311 795/1176/1311
f 798/1099/1312 803/1102/1312 800/1103/1312
f 801/1104/1313 804/1107/1313 797/1098/1313
f 804/1107/1314 807/1178/1314 802/1108/1314
f 805/1106/1315 816/1118/1315 803/1102/1315
f 803/1102/1316 816/1118/1316 808/1111/1316
f 801/1104/1317 810/1114/1317 804/1107/1317
f 810/1114/1318 811/1122/1318 804/1107/1318
f 804/1107/1319 811/1122/1319 807/1178/1319
f 807/1110/1320 812/1116/1320 805/1106/1320
f 775/1173/1321 785/1094/1321 786/1093/1321
f 811/1125/1322 814/1115/1322 807/1110/1322
f 812/1116/1323 815/1117/1323 805/1106/1323
f 816/1118/1324 815/1117/1324 818/1128/1324
f 833/1141/1325 831/1144/1325 837/1179/1325
f 809/1112/1326 819/1120/1326 810/1114/1326
f 812/1116/1327 822/1126/1327 815/1117/1327
f 818/1128/1328 821/1180/1328 817/1119/1328
f 821/1180/1329 823/1181/1329 817/1119/1329
f 817/1119/1330 823/1181/1330 819/1120/1330
f 814/1115/1331 825/1182/1331 812/1116/1331
f 812/1116/1332 825/1182/1332 822/1126/1332
f 819/1143/1333 827/1142/1333 820/1183/1333
f 820/1183/1334 827/1142/1334 824/1184/1334
f 823/1136/1335 829/1185/1335 819/1143/1335
f 828/1135/1336 831/1144/1336 823/1136/1336
f 823/1136/1337 831/1144/1337 829/1185/1337
f 827/1142/1338 832/1147/1338 824/1184/1338
f 829/1185/1339 833/1141/1339 819/1143/1339
f 832/1137/1340 834/1140/1340 825/1130/1340
f 834/1140/1341 835/1145/1341 822/1138/1341
f 831/1144/1342 836/1148/1342 837/1179/1342
f 833/1141/1343 842/1151/1343 843/1149/1343
f 832/1147/1344 838/1146/1344 839/1186/1344
f 832/1137/1345 839/1187/1345 834/1140/1345
f 835/1145/1346 836/1148/1346 830/1139/1346
f 834/1140/1347 840/1188/1347 835/1145/1347
f 835/1145/1348 841/1154/1348 836/1148/1348
f 839/1187/1349 840/1188/1349 834/1140/1349
f 836/1148/1350 842/1151/1350 837/1179/1350
f 840/1188/1351 844/1160/1351 835/1145/1351
f 841/1154/1352 845/1150/1352 836/1148/1352
f 838/1146/1353 847/1155/1353 839/1186/1353
f 839/1187/1354 847/1164/1354 840/1188/1354
f 844/1160/1355 848/1153/1355 835/1145/1355
f 840/1188/1356 847/1164/1356 844/1160/1356
f 848/1153/1357 849/1162/1357 841/1154/1357
f 841/1154/1358 849/1162/1358 845/1150/1358
f 843/1149/1359 851/1157/1359 846/1152/1359
f 849/1162/1360 850/1156/1360 845/1150/1360
f 846/1152/1361 853/1170/1361 847/1155/1361
f 847/1164/1362 854/1159/1362 844/1160/1362
f 852/1158/1363 853/1170/1363 846/1152/1363
f 855/1161/1364 856/1166/1364 850/1156/1364
f 856/1166/1365 857/1172/1365 851/1157/1365
f 854/1159/1366 859/1079/1366 848/1153/1366
f 861/1169/1367 857/1172/1367 856/1166/1367
f 858/1167/1368 862/1168/1368 854/1159/1368
f 857/1172/1369 863/1076/1369 851/1157/1369
f 863/1076/1370 774/1075/1370 853/1170/1370
f 859/1079/1371 777/1078/1371 860/1165/1371
f 860/1165/1372 777/1078/1372 861/1169/1372
f 857/1172/1373 773/1083/1373 863/1076/1373
f 777/1078/1374 772/1081/1374 861/1169/1374
f 792/1091/1375 781/1082/1375 788/1089/1375
f 817/1119/1376 813/1113/1376 816/1118/1376
f 775/1173/1377 774/1075/1377 785/1094/1377
f 833/1141/1378 829/1185/1378 831/1144/1378
f 833/1141/1379 837/1179/1379 842/1151/1379
o Cylinder.004
v -2.300000 -0.295307 0.000000
v -2.300000 -0.295307 1.300000
v -2.345000 -0.283249 0.000000
v -2.345000 -0.283249 1.300000
v -2.377942 -0.250307 0.000000
v -2.377942 -0.250307 1.300000
v -2.390000 -0.205307 0.000000
v -2.390000 -0.205307 1.300000
v -2.377942 -0.160307 0.000000
v -2.377942 -0.160307 1.300000
v -2.345000 -0.127365 0.000000
v -2.345000 -0.127365 1.300000
v -2.300000 -0.115307 0.000000
v -2.300000 -0.115307 1.300000
v -2.255000 -0.127365 0.000000
v -2.255000 -0.127365 1.300000
v -2.222058 -0.160307 0.000000
v -2.222058 -0.160307 1.300000
v -2.210000 -0.205307 0.000000
v -2.210000 -0.205307 1.300000
v -2.222058 -0.250307 0.000000
v -2.222058 -0.250307 1.300000
v -2.255000 -0.283249 0.000000
v -2.255000 -0.283249 1.300000
vn -0.0000 -0.7572 -0.6532
vn -0.0000 -0.7572 0.6532
vn -0.3786 -0.6557 -0.6532
vn -0.3786 -0.6557 0.6532
vn -0.6557 -0.3786 -0.6532
vn -0.6557 -0.3786 0.6532
vn -0.7572 -0.0000 -0.6532
vn -0.7572 -0.0000 0.6532
vn -0.6557 0.3786 -0.6532
vn -0.6557 0.3786 0.6532
vn -0.3786 0.6557 -0.6532
vn -0.3786 0.6557 0.6532
vn -0.0000 0.7572 -0.6532
vn -0.0000 0.7572 0.6532
vn 0.3786 0.6557 -0.6532
vn 0.3786 0.6557 0.6532
vn 0.6557 0.3786 -0.6532
vn 0.6557 0.3786 0.6532
vn 0.7572 -0.0000 -0.6532
vn 0.7572 -0.0000 0.6532
vn 0.6557 -0.3786 -0.6532
vn 0.6557 -0.3786 0.6532
vn 0.3786 -0.6557 -0.6532
vn 0.3786 -0.6557 0.6532
vt 1.000000 1.000000
vt 0.916667 0.500000
vt 1.000000 0.500000
vt 0.916667 1.000000
vt 0.833333 0.500000
vt 0.833333 1.000000
vt 0.750000 0.500000
vt 0.750000 1.000000
vt 0.666667 0.500000
vt 0.666667 1.000000
vt 0.583333 0.500000
vt 0.583333 1.000000
vt 0.500000 0.500000
vt 0.500000 1.000000
vt 0.416667 0.500000
vt 0.416667 1.000000
vt 0.333333 0.500000
vt 0.333333 1.000000
vt 0.250000 0.500000
vt 0.250000 1.000000
vt 0.166667 0.500000
vt 0.042154 0.370000
vt 0.250000 0.010000
vt 0.457846 0.370000
vt 0.166667 1.000000
vt 0.083333 0.500000
vt 0.083333 1.000000
vt 0.000000 0.500000
vt 0.990000 0.250000
vt 0.630000 0.042154
vt 0.630000 0.457846
vt 0.370000 0.457846
vt 0.250000 0.490000
vt 0.130000 0.457846
vt 0.010000 0.250000
vt 0.042154 0.130000
vt 0.130000 0.042154
vt 0.370000 0.042154
vt 0.457846 0.130000
vt 0.490000 0.250000
vt 0.000000 1.000000
vt 0.750000 0.490000
vt 0.870000 0.457846
vt 0.957846 0.370000
vt 0.957846 0.130000
vt 0.870000 0.042154
vt 0.750000 0.010000
vt 0.542154 0.130000
vt 0.510000 0.250000
vt 0.542154 0.370000
s 1
g Cylinder.004_Mat_Coral_Teal_60.004
usemtl Mat_Coral_Teal_60.004
f 865/1189/1381 866/1190/1382 864/1191/1380
f 867/1192/1383 868/1193/1384 866/1190/1382
f 869/1194/1385 870/1195/1386 868/1193/1384
f 871/1196/1387 872/1197/1388 870/1195/1386
f 873/1198/1389 874/1199/1390 872/1197/1388
f 875/1200/1391 876/1201/1392 874/1199/1390
f 877/1202/1393 878/1203/1394 876/1201/1392
f 879/1204/1395 880/1205/1396 878/1203/1394
f 881/1206/1397 882/1207/1398 880/1205/1396
f 883/1208/1399 884/1209/1400 882/1207/1398
f 885/1210/1401 877/1211/1393 869/1212/1385
f 885/1213/1401 886/1214/1402 884/1209/1400
f 887/1215/1403 864/1216/1380 886/1214/1402
f 870/1217/1386 878/1218/1394 886/1219/1402
f 865/1189/1381 867/1192/1383 866/1190/1382
f 867/1192/1383 869/1194/1385 868/1193/1384
f 869/1194/1385 871/1196/1387 870/1195/1386
f 871/1196/1387 873/1198/1389 872/1197/1388
f 873/1198/1389 875/1200/1391 874/1199/1390
f 875/1200/1391 877/1202/1393 876/1201/1392
f 877/1202/1393 879/1204/1395 878/1203/1394
f 879/1204/1395 881/1206/1397 880/1205/1396
f 881/1206/1397 883/1208/1399 882/1207/1398
f 883/1208/1399 885/1213/1401 884/1209/1400
f 869/1212/1385 867/1220/1383 865/1221/1381
f 865/1221/1381 887/1222/1403 885/1210/1401
f 885/1210/1401 883/1223/1399 881/1224/1397
f 881/1224/1397 879/1225/1395 877/1211/1393
f 877/1211/1393 875/1226/1391 873/1227/1389
f 873/1227/1389 871/1228/1387 869/1212/1385
f 869/1212/1385 865/1221/1381 885/1210/1401
f 885/1210/1401 881/1224/1397 877/1211/1393
f 877/1211/1393 873/1227/1389 869/1212/1385
f 885/1213/1401 887/1215/1403 886/1214/1402
f 887/1215/1403 865/1229/1381 864/1216/1380
f 886/1219/1402 864/1230/1380 866/1231/1382
f 866/1231/1382 868/1232/1384 870/1217/1386
f 870/1217/1386 872/1233/1388 874/1234/1390
f 874/1234/1390 876/1235/1392 878/1218/1394
f 878/1218/1394 880/1236/1396 882/1237/1398
f 882/1237/1398 884/1238/1400 886/1219/1402
f 886/1219/1402 866/1231/1382 870/1217/1386
f 870/1217/1386 874/1234/1390 878/1218/1394
f 878/1218/1394 882/1237/1398 886/1219/1402
o Torus.006
v -2.409140 -0.225841 1.300358
v -2.404596 -0.199970 1.314831
v -2.374216 -0.209684 1.309757
v -2.370729 -0.214619 1.300000
v -2.375714 -0.214899 1.285272
v -2.404157 -0.194479 1.284901
v -2.402146 -0.240828 1.310330
v -2.375097 -0.250862 1.319802
v -2.402847 -0.239552 1.289886
v -2.384675 -0.261885 1.317620
v -2.381186 -0.260081 1.280230
v -2.358298 -0.250622 1.290139
v -2.384356 -0.277125 1.294609
v -2.352099 -0.261910 1.314690
v -2.349323 -0.256619 1.300000
v -2.358596 -0.261632 1.282726
v -2.376067 -0.282096 1.309848
v -2.331143 -0.293799 1.280046
v -2.349074 -0.304819 1.300000
v -2.332924 -0.308584 1.310073
v -2.333586 -0.295584 1.319909
v -2.315554 -0.278096 1.310064
v -2.341218 -0.301373 1.284677
v -2.312503 -0.274921 1.300000
v -2.321457 -0.278706 1.285305
v -2.301241 -0.286555 1.317253
v -2.311965 -0.314725 1.294044
v -2.284418 -0.308749 1.315227
v -2.266242 -0.311200 1.300000
v -2.260914 -0.288819 1.320000
v -2.290788 -0.275895 1.294109
v -2.274497 -0.305849 1.283796
v -2.266042 -0.273269 1.314273
v -2.262928 -0.283180 1.280170
v -2.241468 -0.296543 1.310073
v -2.259385 -0.263270 1.294485
v -2.240929 -0.296282 1.290174
v -2.224385 -0.274036 1.317544
v -2.225191 -0.247501 1.319977
v -2.235935 -0.236298 1.304832
v -2.226053 -0.240153 1.282858
v -2.216271 -0.278526 1.304111
v -2.229931 -0.229092 1.290757
v -2.207161 -0.229160 1.280066
v -2.216143 -0.267598 1.284569
v -2.194296 -0.236675 1.306169
v -2.194091 -0.227192 1.289670
v -2.202567 -0.203766 1.319933
v -2.223954 -0.210457 1.314546
v -2.189283 -0.198050 1.300000
v -2.211508 -0.174164 1.280046
v -2.194098 -0.182182 1.310073
v -2.230551 -0.192270 1.304712
v -2.228515 -0.178225 1.285938
v -2.197398 -0.182501 1.285217
v -2.232740 -0.158550 1.317303
v -2.203321 -0.151592 1.300000
v -2.219471 -0.143855 1.317457
v -2.218223 -0.138564 1.285057
v -2.220604 -0.128502 1.306520
v -2.244021 -0.161323 1.305267
v -2.260910 -0.116325 1.319565
v -2.249044 -0.147270 1.285121
v -2.249197 -0.124342 1.280096
v -2.263203 -0.100666 1.295151
v -2.258616 -0.105399 1.309652
v -2.279412 -0.131744 1.314339
v -2.277801 -0.138080 1.299758
v -2.285053 -0.131014 1.285975
v -2.282145 -0.105894 1.282652
v -2.306273 -0.097343 1.310330
v -2.310334 -0.108830 1.319826
v -2.312057 -0.124866 1.282667
v -2.309491 -0.094902 1.294970
v -2.320480 -0.131857 1.314388
v -2.317849 -0.136796 1.294809
v -2.335608 -0.119343 1.280000
v -2.333368 -0.107007 1.284422
v -2.352179 -0.108416 1.306216
v -2.362393 -0.132351 1.320003
v -2.356325 -0.146711 1.317274
v -2.354517 -0.158232 1.306559
v -2.354863 -0.152337 1.285518
v -2.364696 -0.118902 1.290144
v -2.379068 -0.128233 1.304751
v -2.395974 -0.163747 1.315222
v -2.363055 -0.173393 1.300228
v -2.387331 -0.175662 1.280000
v -2.387107 -0.146596 1.284473
v -2.405048 -0.168671 1.299619
v -2.371907 -0.180526 1.285380
v -2.386453 -0.199780 1.319880
vn 0.7011 0.1548 0.6960
vn -0.2575 -0.0214 -0.9660
vn -0.8949 -0.0747 -0.4400
vn -0.2674 -0.0427 0.9626
vn -0.1770 -0.0409 0.9834
vn -0.9010 -0.4333 -0.0193
vn 0.7994 0.3205 -0.5082
vn 0.1158 0.0963 -0.9886
vn -0.8984 -0.4379 0.0335
vn -0.8118 -0.5162 0.2731
vn 0.1204 0.1841 -0.9755
vn -0.1102 -0.0999 0.9889
vn 0.4146 0.8284 0.3767
vn 0.2978 0.5276 -0.7956
vn -0.4588 -0.5215 -0.7194
vn -0.5155 -0.7406 -0.4309
vn 0.1701 0.2251 -0.9594
vn 0.4180 0.8843 0.2082
vn -0.2514 -0.9670 0.0417
vn -0.0863 -0.6039 0.7924
vn -0.0437 -0.4782 -0.8771
vn -0.0536 -0.6495 -0.7585
vn 0.0474 -0.9758 0.2136
vn 0.0228 -0.2582 0.9658
vn -0.0392 0.4086 0.9119
vn 0.0338 0.9119 -0.4090
vn -0.0543 0.3594 -0.9316
vn -0.1223 0.5144 0.8488
vn -0.0960 0.9953 -0.0118
vn 0.0286 -0.1721 -0.9847
vn 0.2926 -0.8258 0.4821
vn -0.2299 0.5948 -0.7703
vn 0.3225 -0.8376 -0.4409
vn 0.2339 -0.4615 0.8557
vn 0.2590 -0.5029 0.8247
vn 0.5495 -0.8205 -0.1575
vn 0.5370 -0.8357 0.1146
vn 0.5684 -0.6134 0.5484
vn 0.1021 -0.0877 0.9909
vn -0.5227 0.3665 -0.7698
vn 0.1412 -0.1477 -0.9789
vn 0.6704 -0.6494 -0.3588
vn 0.7168 -0.4043 0.5681
vn 0.5532 -0.1993 0.8088
vn -0.7666 0.1181 0.6312
vn -0.2849 0.1484 0.9470
vn -0.7396 0.0923 0.6667
vn -0.9335 0.1132 -0.3402
vn 0.3585 0.0280 -0.9331
vn 0.5953 -0.0359 -0.8027
vn -0.9954 0.0188 -0.0939
vn 0.8848 0.0191 -0.4656
vn 0.9573 0.2892 0.0019
vn -0.8555 -0.3658 -0.3664
vn 0.4418 0.2062 -0.8731
vn 0.9346 0.2824 -0.2160
vn -0.2756 -0.2075 -0.9386
vn 0.7991 0.3771 -0.4682
vn -0.8318 -0.5550 0.0013
vn 0.7538 0.6231 -0.2085
vn 0.2351 0.1788 -0.9554
vn -0.1493 -0.1520 0.9770
vn -0.4363 -0.6967 0.5694
vn 0.5766 0.7625 -0.2935
vn -0.0374 -0.2802 0.9592
vn 0.1220 0.9839 0.1308
vn 0.0018 -0.2306 0.9731
vn 0.0101 0.1549 -0.9879
vn 0.0030 -0.9695 0.2450
vn -0.2467 0.9477 0.2023
vn -0.2245 0.6668 0.7106
vn -0.2509 0.5614 0.7886
vn 0.1332 -0.1305 0.9825
vn 0.0636 -0.2006 -0.9776
vn -0.3848 0.8810 -0.2752
vn 0.4276 -0.8686 -0.2504
vn -0.2720 0.3681 -0.8891
vn -0.3177 0.4301 -0.8450
vn -0.4656 0.5825 0.6663
vn 0.8865 -0.4415 -0.1383
vn -0.1647 0.1513 -0.9747
vn -0.7126 0.6369 -0.2943
vn 0.2785 -0.1638 -0.9464
vn -0.8188 0.5478 -0.1715
vn 0.2339 -0.0852 0.9685
vn 0.7392 -0.3928 0.5471
vn 0.8750 -0.3554 -0.3288
vn -0.8729 0.2030 0.4436
vn 0.8978 -0.1694 0.4065
vn 0.8798 -0.1613 -0.4471
vn 0.3201 -0.0324 -0.9468
vn -0.9813 0.0725 0.1784
vn 0.9427 -0.1034 -0.3171
vn -0.8808 -0.1037 0.4619
vn 0.5075 0.0346 -0.8610
vn -0.5060 -0.1244 0.8535
vn -0.4897 -0.1099 -0.8649
vn 0.8723 0.3841 -0.3025
vn 0.3108 0.2190 0.9249
vn -0.3569 -0.5751 0.7361
vn 0.7857 0.4004 -0.4716
vn -0.7641 -0.4878 0.4222
vn -0.6644 -0.4059 -0.6276
vn -0.6232 -0.7774 0.0854
vn -0.4652 -0.7538 0.4641
vn 0.8641 -0.4409 -0.2427
vn 0.3531 0.3298 0.8755
vn 0.6000 0.7976 -0.0611
vn -0.2044 -0.2982 -0.9324
vn 0.4108 0.8264 0.3852
vn 0.3978 0.8003 -0.4485
vn 0.0332 0.1709 0.9847
vn -0.2936 -0.8893 -0.3506
vn -0.0208 0.9712 -0.2374
vn -0.0367 -0.9483 0.3152
vn 0.1326 0.9330 0.3346
vn 0.1188 -0.9232 -0.3654
vn -0.0455 0.3320 0.9422
vn -0.3564 0.8767 0.3231
vn 0.1697 -0.2395 -0.9560
vn 0.2822 -0.4131 -0.8658
vn -0.2851 0.2470 0.9261
vn -0.4418 0.5423 0.7146
vn -0.7654 0.6401 0.0660
vn -0.5853 0.5394 -0.6054
vn 0.8456 0.4310 0.3151
vn -0.7568 0.6535 0.0117
vn -0.3251 0.3339 -0.8848
vn 0.5985 -0.2298 -0.7675
vn 0.4037 0.5668 0.7182
vn 0.1662 -0.0850 0.9824
vn -0.1397 -0.0114 -0.9901
vn 0.9880 -0.1390 -0.0676
vn 0.8773 -0.0375 0.4784
vn 0.8047 -0.0453 0.5919
vn -0.9057 -0.0149 -0.4237
vn -0.3343 0.0335 -0.9419
vn -0.2172 -0.0884 0.9721
vn -0.9362 -0.1747 0.3050
vn 0.5159 0.1802 0.8375
vn 0.7396 0.4010 0.5405
vn 0.7646 0.4104 0.4969
vn -0.6606 -0.2999 0.6882
vn 0.0957 0.0680 0.9931
vn -0.8179 -0.5472 -0.1777
vn -0.2756 -0.2076 -0.9386
vn 0.5228 0.8452 0.1105
vn 0.0972 0.6135 0.7837
vn -0.5752 -0.7716 0.2717
vn -0.4648 -0.7764 -0.4257
vn 0.4014 0.6486 -0.6466
vn -0.1193 -0.2133 -0.9697
vn 0.2980 0.6315 -0.7158
vn -0.4042 -0.8827 -0.2399
vn 0.1646 0.9519 0.2586
vn -0.0289 -0.5690 -0.8218
vn 0.1077 0.8485 -0.5181
vn -0.0776 -0.9175 0.3901
vn 0.0296 -0.8831 -0.4683
vn -0.0300 -0.5356 -0.8440
vn -0.0704 -0.6945 -0.7160
vn -0.0399 0.3436 -0.9383
vn -0.0398 0.6999 -0.7131
vn 0.1307 -0.2820 0.9505
vn -0.3506 0.9042 -0.2441
vn 0.5492 -0.7898 0.2730
vn 0.4385 -0.7368 -0.5147
vn 0.3146 -0.6195 0.7192
vn -0.5896 0.8050 -0.0660
vn -0.5334 0.4627 0.7081
vn 0.4134 -0.3797 -0.8276
vn -0.8147 0.4826 0.3215
vn 0.8283 -0.4996 -0.2538
vn -0.2060 0.0717 0.9759
vn 0.5495 -0.1594 0.8202
vn -0.4192 0.1413 -0.8968
vn -0.7962 0.2787 -0.5370
vn -0.2682 0.0535 0.9619
vn -0.9816 0.0680 -0.1786
vn -0.3403 -0.4603 0.8200
vn 0.8640 -0.4418 -0.2414
vn 0.9094 0.3969 0.1243
vn 0.4030 0.5506 0.7311
vn 0.1210 0.6529 0.7477
vt 0.585872 0.776299
vt 0.509311 0.916667
vt 0.487982 0.776523
vt 0.590790 0.325439
vt 0.485272 0.377822
vt 0.447940 0.250000
vt 0.551150 0.416667
vt 0.529589 0.500000
vt 0.593581 0.666667
vt 0.494668 0.616481
vt 0.612977 0.463461
vt 0.553276 0.583333
vt 0.605106 0.083333
vt 0.621759 0.166667
vt 0.520224 0.125991
vt 0.625719 0.583333
vt 0.696143 0.250000
vt 0.698772 0.692885
vt 0.716512 0.916667
vt 0.628240 1.000000
vt 0.630650 0.868937
vt 0.703832 0.130497
vt 0.686830 0.372962
vt 0.677083 0.500000
vt 0.747484 0.833333
vt 0.733646 0.449265
vt 0.700900 0.583333
vt 0.775006 0.630079
vt 0.789329 0.351635
vt 0.799084 0.500000
vt 0.819558 0.750000
vt 0.772408 0.054347
vt 0.821256 0.204749
vt 0.826541 0.881301
vt 0.793142 1.000000
vt 0.840758 0.583333
vt 0.848950 0.045687
vt 0.841633 0.416667
vt 0.882750 0.666667
vt 0.887223 0.517167
vt 0.917299 0.786839
vt 0.947958 0.083333
vt 0.929941 0.166667
vt 0.955466 0.325283
vt 0.896755 0.373475
vt 0.954501 0.545940
vt 0.988371 0.682425
vt 0.984343 0.875256
vt 0.926340 0.973203
vt 1.000000 1.000000
vt 1.000000 0.000000
vt 0.935863 0.000000
vt 0.989583 0.250000
vt 1.000000 0.333333
vt 0.967565 0.416667
vt 0.018230 0.000000
vt 0.055447 0.104281
vt 0.000000 0.083333
vt 0.032941 0.385923
vt 0.015082 0.500000
vt 0.000000 0.416667
vt 0.080730 0.500000
vt 0.034234 0.583333
vt 0.102836 0.000000
vt 0.056120 0.250000
vt 0.106687 0.387526
vt 0.136368 0.134240
vt 0.181786 0.675760
vt 0.096506 0.833333
vt 0.023628 0.682425
vt 0.122774 0.553622
vt 0.163892 0.313352
vt 0.203471 0.879073
vt 0.108514 0.965873
vt 0.195216 0.468002
vt 0.264374 0.685826
vt 0.263080 0.463240
vt 0.259229 0.583333
vt 0.291790 0.882583
vt 0.312626 0.250000
vt 0.221746 0.333333
vt 0.282911 1.000000
vt 0.328346 0.550010
vt 0.364450 0.704219
vt 0.371765 0.833333
vt 0.376722 0.120015
vt 0.273595 0.166667
vt 0.352311 0.416667
vt 0.302081 0.361850
vt 0.354137 0.000000
vt 0.291420 0.036984
vt 0.404634 0.369645
vt 0.378705 0.531025
vt 0.425420 0.000000
vt 0.447689 0.128245
vt 0.446591 0.500000
vt 0.384808 0.937093
vt 0.425420 1.000000
vt 0.433022 0.628082
vt 0.520969 1.000000
vt 0.520969 0.000000
vt 0.628240 0.000000
vt 0.721741 1.000000
vt 0.721741 0.000000
vt 0.854137 1.000000
vt 0.187458 0.583333
vt 0.990669 0.500000
vt 1.000000 0.583333
vt 1.000000 0.166667
vt 0.010495 0.875256
vt 0.030714 0.969269
vt 0.103788 0.666667
vt 0.199260 1.000000
vt 0.199260 0.000000
vt 0.217690 0.116554
s 0
g Torus.006_Mat_Coral_Ponta_10.007
usemtl Mat_Coral_Ponta_10.007
f 895/1239/1404 890/1240/1404 979/1241/1404
f 898/1242/1405 893/1243/1405 975/1244/1405
f 896/1245/1406 888/1246/1406 893/1243/1406
f 897/1247/1407 979/1241/1407 889/1248/1407
f 897/1247/1408 895/1239/1408 979/1241/1408
f 900/1249/1409 894/1250/1409 888/1246/1409
f 899/1251/1410 903/1252/1410 892/1253/1410
f 903/1252/1411 898/1242/1411 892/1253/1411
f 896/1245/1412 900/1249/1412 888/1246/1412
f 900/1249/1413 904/1254/1413 894/1250/1413
f 903/1252/1414 905/1255/1414 898/1242/1414
f 897/1247/1415 908/1256/1415 895/1239/1415
f 909/1257/1416 902/1258/1416 901/1259/1416
f 912/1260/1417 903/1252/1417 899/1251/1417
f 910/1261/1418 900/1249/1418 898/1242/1418
f 910/1261/1419 906/1262/1419 900/1249/1419
f 912/1260/1420 905/1255/1420 903/1252/1420
f 913/1263/1421 909/1257/1421 901/1259/1421
f 914/1264/1422 907/1265/1422 906/1262/1422
f 907/1265/1423 915/1266/1423 908/1256/1423
f 905/1255/1424 919/1267/1424 910/1261/1424
f 919/1267/1425 914/1264/1425 910/1261/1425
f 916/1268/1426 915/1266/1426 914/1264/1426
f 915/1266/1427 917/1269/1427 908/1256/1427
f 917/1269/1428 913/1263/1428 908/1256/1428
f 918/1270/1429 921/1271/1429 912/1260/1429
f 921/1271/1430 905/1255/1430 912/1260/1430
f 913/1263/1431 920/1272/1431 909/1257/1431
f 920/1272/1432 918/1273/1432 909/1257/1432
f 921/1271/1433 919/1267/1433 905/1255/1433
f 916/1268/1434 922/1274/1434 915/1266/1434
f 923/1275/1435 921/1271/1435 918/1270/1435
f 924/1276/1436 916/1268/1436 919/1267/1436
f 922/1274/1437 925/1277/1437 915/1266/1437
f 925/1277/1438 917/1269/1438 915/1266/1438
f 929/1278/1439 922/1274/1439 916/1268/1439
f 924/1276/1440 929/1278/1440 916/1268/1440
f 929/1278/1441 925/1277/1441 922/1274/1441
f 925/1277/1442 926/1279/1442 917/1269/1442
f 930/1280/1443 928/1281/1443 923/1275/1443
f 931/1282/1444 932/1283/1444 921/1271/1444
f 932/1283/1445 929/1278/1445 924/1276/1445
f 933/1284/1446 925/1277/1446 929/1278/1446
f 933/1284/1447 935/1285/1447 925/1277/1447
f 926/1279/1448 936/1286/1448 927/1287/1448
f 935/1285/1449 936/1286/1449 926/1279/1449
f 936/1286/1450 940/1288/1450 927/1287/1450
f 940/1289/1451 930/1280/1451 927/1290/1451
f 938/1291/1452 942/1292/1452 931/1282/1452
f 942/1292/1453 934/1293/1453 931/1282/1453
f 940/1294/1454 941/1295/1454 930/1296/1454
f 942/1297/1455 937/1298/1455 934/1299/1455
f 944/1300/1456 939/1301/1456 937/1298/1456
f 948/1302/1457 941/1295/1457 940/1294/1457
f 938/1303/1458 946/1304/1458 942/1297/1458
f 942/1297/1459 944/1300/1459 937/1298/1459
f 950/1305/1460 938/1303/1460 941/1295/1460
f 946/1304/1461 944/1300/1461 942/1297/1461
f 949/1306/1462 943/1307/1462 935/1308/1462
f 946/1304/1463 947/1309/1463 944/1300/1463
f 951/1310/1464 946/1304/1464 938/1303/1464
f 949/1306/1465 954/1311/1465 943/1307/1465
f 943/1307/1466 954/1311/1466 948/1312/1466
f 952/1313/1467 947/1309/1467 946/1304/1467
f 959/1314/1468 954/1311/1468 949/1306/1468
f 961/1315/1469 958/1316/1469 952/1313/1469
f 959/1314/1470 962/1317/1470 954/1311/1470
f 964/1318/1471 957/1319/1471 951/1310/1471
f 962/1317/1472 963/1320/1472 954/1311/1472
f 961/1315/1473 966/1321/1473 958/1316/1473
f 966/1321/1474 959/1314/1474 958/1316/1474
f 966/1321/1475 967/1322/1475 959/1314/1475
f 967/1322/1476 968/1323/1476 962/1317/1476
f 970/1324/1477 964/1318/1477 960/1325/1477
f 971/1326/1478 966/1321/1478 965/1327/1478
f 969/1328/1479 970/1324/1479 963/1329/1479
f 964/1318/1480 976/1330/1480 965/1327/1480
f 976/1330/1481 971/1326/1481 965/1327/1481
f 972/1331/1482 967/1322/1482 966/1321/1482
f 974/1332/1483 970/1324/1483 969/1328/1483
f 975/1244/1484 976/1330/1484 964/1318/1484
f 976/1330/1485 972/1331/1485 971/1326/1485
f 978/1333/1486 975/1244/1486 970/1324/1486
f 976/1330/1487 977/1334/1487 972/1331/1487
f 967/1322/1488 979/1241/1488 968/1323/1488
f 979/1241/1489 969/1335/1489 968/1323/1489
f 890/1240/1490 974/1336/1490 969/1335/1490
f 977/1334/1491 889/1248/1491 973/1337/1491
f 890/1240/1492 891/1338/1492 974/1336/1492
f 891/1339/1493 978/1333/1493 974/1332/1493
f 892/1253/1494 975/1244/1494 978/1333/1494
f 888/1246/1495 889/1248/1495 977/1334/1495
f 891/1339/1496 892/1253/1496 978/1333/1496
f 888/1246/1497 894/1250/1497 889/1248/1497
f 892/1253/1498 898/1242/1498 975/1244/1498
f 894/1250/1499 897/1247/1499 889/1248/1499
f 893/1243/1500 898/1242/1500 896/1245/1500
f 891/1339/1501 899/1251/1501 892/1253/1501
f 895/1239/1502 901/1259/1502 890/1240/1502
f 908/1256/1503 904/1254/1503 907/1265/1503
f 891/1339/1504 902/1340/1504 899/1251/1504
f 894/1250/1505 904/1254/1505 897/1247/1505
f 898/1242/1506 900/1249/1506 896/1245/1506
f 900/1249/1507 906/1262/1507 904/1254/1507
f 906/1262/1508 907/1265/1508 904/1254/1508
f 933/1284/1509 932/1283/1509 934/1293/1509
f 895/1239/1510 908/1256/1510 901/1259/1510
f 902/1340/1511 912/1260/1511 899/1251/1511
f 905/1255/1512 910/1261/1512 898/1242/1512
f 909/1257/1513 911/1341/1513 902/1258/1513
f 902/1340/1514 911/1342/1514 912/1260/1514
f 908/1256/1515 913/1263/1515 901/1259/1515
f 910/1261/1516 914/1264/1516 906/1262/1516
f 911/1342/1517 918/1270/1517 912/1260/1517
f 914/1264/1518 915/1266/1518 907/1265/1518
f 909/1257/1519 918/1273/1519 911/1341/1519
f 914/1264/1520 919/1267/1520 916/1268/1520
f 917/1269/1521 920/1272/1521 913/1263/1521
f 920/1272/1522 923/1343/1522 918/1273/1522
f 921/1271/1523 932/1283/1523 919/1267/1523
f 919/1267/1524 932/1283/1524 924/1276/1524
f 917/1269/1525 926/1279/1525 920/1272/1525
f 926/1279/1526 927/1287/1526 920/1272/1526
f 920/1272/1527 927/1287/1527 923/1343/1527
f 923/1275/1528 928/1281/1528 921/1271/1528
f 891/1338/1529 901/1259/1529 902/1258/1529
f 927/1290/1530 930/1280/1530 923/1275/1530
f 928/1281/1531 931/1282/1531 921/1271/1531
f 932/1283/1532 931/1282/1532 934/1293/1532
f 949/1306/1533 947/1309/1533 953/1344/1533
f 925/1277/1534 935/1285/1534 926/1279/1534
f 928/1281/1535 938/1291/1535 931/1282/1535
f 934/1293/1536 937/1345/1536 933/1284/1536
f 937/1345/1537 939/1346/1537 933/1284/1537
f 933/1284/1538 939/1346/1538 935/1285/1538
f 930/1280/1539 941/1347/1539 928/1281/1539
f 928/1281/1540 941/1347/1540 938/1291/1540
f 935/1308/1541 943/1307/1541 936/1348/1541
f 936/1348/1542 943/1307/1542 940/1349/1542
f 939/1301/1543 945/1350/1543 935/1308/1543
f 944/1300/1544 947/1309/1544 939/1301/1544
f 939/1301/1545 947/1309/1545 945/1350/1545
f 943/1307/1546 948/1312/1546 940/1349/1546
f 945/1350/1547 949/1306/1547 935/1308/1547
f 948/1302/1548 950/1305/1548 941/1295/1548
f 950/1305/1549 951/1310/1549 938/1303/1549
f 947/1309/1550 952/1313/1550 953/1344/1550
f 949/1306/1551 958/1316/1551 959/1314/1551
f 948/1312/1552 954/1311/1552 955/1351/1552
f 948/1302/1553 955/1352/1553 950/1305/1553
f 951/1310/1554 952/1313/1554 946/1304/1554
f 950/1305/1555 956/1353/1555 951/1310/1555
f 951/1310/1556 957/1319/1556 952/1313/1556
f 955/1352/1557 956/1353/1557 950/1305/1557
f 952/1313/1558 958/1316/1558 953/1344/1558
f 956/1353/1559 960/1325/1559 951/1310/1559
f 957/1319/1560 961/1315/1560 952/1313/1560
f 954/1311/1561 963/1320/1561 955/1351/1561
f 955/1352/1562 963/1329/1562 956/1353/1562
f 960/1325/1563 964/1318/1563 951/1310/1563
f 956/1353/1564 963/1329/1564 960/1325/1564
f 964/1318/1565 965/1327/1565 957/1319/1565
f 957/1319/1566 965/1327/1566 961/1315/1566
f 959/1314/1567 967/1322/1567 962/1317/1567
f 965/1327/1568 966/1321/1568 961/1315/1568
f 962/1317/1569 969/1335/1569 963/1320/1569
f 963/1329/1570 970/1324/1570 960/1325/1570
f 968/1323/1571 969/1335/1571 962/1317/1571
f 971/1326/1572 972/1331/1572 966/1321/1572
f 972/1331/1573 973/1337/1573 967/1322/1573
f 970/1324/1574 975/1244/1574 964/1318/1574
f 977/1334/1575 973/1337/1575 972/1331/1575
f 974/1332/1576 978/1333/1576 970/1324/1576
f 973/1337/1577 979/1241/1577 967/1322/1577
f 979/1241/1578 890/1240/1578 969/1335/1578
f 975/1244/1579 893/1243/1579 976/1330/1579
f 976/1330/1580 893/1243/1580 977/1334/1580
f 973/1337/1581 889/1248/1581 979/1241/1581
f 893/1243/1582 888/1246/1582 977/1334/1582
f 908/1256/1583 897/1247/1583 904/1254/1583
f 933/1284/1584 929/1278/1584 932/1283/1584
f 891/1338/1585 890/1240/1585 901/1259/1585
f 949/1306/1586 945/1350/1586 947/1309/1586
f 949/1306/1587 953/1344/1587 958/1316/1587
o Cylinder.005
v -2.460000 -0.329768 0.000000
v -2.460000 -0.329768 1.560000
v -2.505000 -0.317710 0.000000
v -2.505000 -0.317710 1.560000
v -2.537942 -0.284768 0.000000
v -2.537942 -0.284768 1.560000
v -2.550000 -0.239768 0.000000
v -2.550000 -0.239768 1.560000
v -2.537942 -0.194768 0.000000
v -2.537942 -0.194768 1.560000
v -2.505000 -0.161825 0.000000
v -2.505000 -0.161825 1.560000
v -2.460000 -0.149768 0.000000
v -2.460000 -0.149768 1.560000
v -2.415000 -0.161825 0.000000
v -2.415000 -0.161825 1.560000
v -2.382058 -0.194768 0.000000
v -2.382058 -0.194768 1.560000
v -2.370000 -0.239768 0.000000
v -2.370000 -0.239768 1.560000
v -2.382058 -0.284768 0.000000
v -2.382058 -0.284768 1.560000
v -2.415000 -0.317710 0.000000
v -2.415000 -0.317710 1.560000
vn -0.0000 -0.7572 -0.6532
vn -0.0000 -0.7572 0.6532
vn -0.3786 -0.6557 -0.6532
vn -0.3786 -0.6557 0.6532
vn -0.6557 -0.3786 -0.6532
vn -0.6557 -0.3786 0.6532
vn -0.7572 -0.0000 -0.6532
vn -0.7572 -0.0000 0.6532
vn -0.6557 0.3786 -0.6532
vn -0.6557 0.3786 0.6532
vn -0.3786 0.6557 -0.6532
vn -0.3786 0.6557 0.6532
vn -0.0000 0.7572 -0.6532
vn -0.0000 0.7572 0.6532
vn 0.3786 0.6557 -0.6532
vn 0.3786 0.6557 0.6532
vn 0.6557 0.3786 -0.6532
vn 0.6557 0.3786 0.6532
vn 0.7572 -0.0000 -0.6532
vn 0.7572 -0.0000 0.6532
vn 0.6557 -0.3786 -0.6532
vn 0.6557 -0.3786 0.6532
vn 0.3786 -0.6557 -0.6532
vn 0.3786 -0.6557 0.6532
vt 1.000000 1.000000
vt 0.916667 0.500000
vt 1.000000 0.500000
vt 0.916667 1.000000
vt 0.833333 0.500000
vt 0.833333 1.000000
vt 0.750000 0.500000
vt 0.750000 1.000000
vt 0.666667 0.500000
vt 0.666667 1.000000
vt 0.583333 0.500000
vt 0.583333 1.000000
vt 0.500000 0.500000
vt 0.500000 1.000000
vt 0.416667 0.500000
vt 0.416667 1.000000
vt 0.333333 0.500000
vt 0.333333 1.000000
vt 0.250000 0.500000
vt 0.250000 1.000000
vt 0.166667 0.500000
vt 0.042154 0.370000
vt 0.250000 0.010000
vt 0.457846 0.370000
vt 0.166667 1.000000
vt 0.083333 0.500000
vt 0.083333 1.000000
vt 0.000000 0.500000
vt 0.990000 0.250000
vt 0.630000 0.042154
vt 0.630000 0.457846
vt 0.370000 0.457846
vt 0.250000 0.490000
vt 0.130000 0.457846
vt 0.010000 0.250000
vt 0.042154 0.130000
vt 0.130000 0.042154
vt 0.370000 0.042154
vt 0.457846 0.130000
vt 0.490000 0.250000
vt 0.000000 1.000000
vt 0.750000 0.490000
vt 0.870000 0.457846
vt 0.957846 0.370000
vt 0.957846 0.130000
vt 0.870000 0.042154
vt 0.750000 0.010000
vt 0.542154 0.130000
vt 0.510000 0.250000
vt 0.542154 0.370000
s 1
g Cylinder.005_Mat_Coral_Teal_60.005
usemtl Mat_Coral_Teal_60.005
f 981/1354/1589 982/1355/1590 980/1356/1588
f 983/1357/1591 984/1358/1592 982/1355/1590
f 985/1359/1593 986/1360/1594 984/1358/1592
f 987/1361/1595 988/1362/1596 986/1360/1594
f 989/1363/1597 990/1364/1598 988/1362/1596
f 991/1365/1599 992/1366/1600 990/1364/1598
f 993/1367/1601 994/1368/1602 992/1366/1600
f 995/1369/1603 996/1370/1604 994/1368/1602
f 997/1371/1605 998/1372/1606 996/1370/1604
f 999/1373/1607 1000/1374/1608 998/1372/1606
f 1001/1375/1609 993/1376/1601 985/1377/1593
f 1001/1378/1609 1002/1379/1610 1000/1374/1608
f 1003/1380/1611 980/1381/1588 1002/1379/1610
f 986/1382/1594 994/1383/1602 1002/1384/1610
f 981/1354/1589 983/1357/1591 982/1355/1590
f 983/1357/1591 985/1359/1593 984/1358/1592
f 985/1359/1593 987/1361/1595 986/1360/1594
f 987/1361/1595 989/1363/1597 988/1362/1596
f 989/1363/1597 991/1365/1599 990/1364/1598
f 991/1365/1599 993/1367/1601 992/1366/1600
f 993/1367/1601 995/1369/1603 994/1368/1602
f 995/1369/1603 997/1371/1605 996/1370/1604
f 997/1371/1605 999/1373/1607 998/1372/1606
f 999/1373/1607 1001/1378/1609 1000/1374/1608
f 985/1377/1593 983/1385/1591 981/1386/1589
f 981/1386/1589 1003/1387/1611 1001/1375/1609
f 1001/1375/1609 999/1388/1607 997/1389/1605
f 997/1389/1605 995/1390/1603 993/1376/1601
f 993/1376/1601 991/1391/1599 989/1392/1597
f 989/1392/1597 987/1393/1595 985/1377/1593
f 985/1377/1593 981/1386/1589 1001/1375/1609
f 1001/1375/1609 997/1389/1605 993/1376/1601
f 993/1376/1601 989/1392/1597 985/1377/1593
f 1001/1378/1609 1003/1380/1611 1002/1379/1610
f 1003/1380/1611 981/1394/1589 980/1381/1588
f 1002/1384/1610 980/1395/1588 982/1396/1590
f 982/1396/1590 984/1397/1592 986/1382/1594
f 986/1382/1594 988/1398/1596 990/1399/1598
f 990/1399/1598 992/1400/1600 994/1383/1602
f 994/1383/1602 996/1401/1604 998/1402/1606
f 998/1402/1606 1000/1403/1608 1002/1384/1610
f 1002/1384/1610 982/1396/1590 986/1382/1594
f 986/1382/1594 990/1399/1598 994/1383/1602
f 994/1383/1602 998/1402/1606 1002/1384/1610
o Torus.007
v -2.569140 -0.260301 1.560358
v -2.564596 -0.234431 1.574831
v -2.534216 -0.244144 1.569757
v -2.530729 -0.249079 1.560000
v -2.535714 -0.249359 1.545272
v -2.564157 -0.228940 1.544901
v -2.562146 -0.275289 1.570330
v -2.535097 -0.285322 1.579802
v -2.562847 -0.274013 1.549886
v -2.544675 -0.296346 1.577620
v -2.541187 -0.294541 1.540230
v -2.518298 -0.285083 1.550139
v -2.544356 -0.311585 1.554609
v -2.512100 -0.296370 1.574690
v -2.509323 -0.291079 1.560000
v -2.518596 -0.296093 1.542726
v -2.536067 -0.316557 1.569848
v -2.491143 -0.328260 1.540046
v -2.509074 -0.339280 1.560000
v -2.492924 -0.343044 1.570073
v -2.493587 -0.330044 1.579909
v -2.475554 -0.312557 1.570064
v -2.501218 -0.335833 1.544677
v -2.472503 -0.309381 1.560000
v -2.481457 -0.313166 1.545305
v -2.461241 -0.321016 1.577253
v -2.471965 -0.349185 1.554044
v -2.444418 -0.343210 1.575227
v -2.426242 -0.345660 1.560000
v -2.420914 -0.323279 1.580000
v -2.450788 -0.310356 1.554109
v -2.434497 -0.340309 1.543796
v -2.426042 -0.307729 1.574273
v -2.422928 -0.317640 1.540170
v -2.401468 -0.331004 1.570073
v -2.419385 -0.297731 1.554485
v -2.400929 -0.330743 1.550174
v -2.384386 -0.308496 1.577544
v -2.385191 -0.281961 1.579977
v -2.395935 -0.270758 1.564832
v -2.386053 -0.274613 1.542858
v -2.376271 -0.312987 1.564111
v -2.389931 -0.263553 1.550757
v -2.367162 -0.263620 1.540066
v -2.376143 -0.302059 1.544569
v -2.354296 -0.271135 1.566169
v -2.354091 -0.261652 1.549670
v -2.362567 -0.238227 1.579933
v -2.383955 -0.244917 1.574546
v -2.349283 -0.232511 1.560000
v -2.371508 -0.208624 1.540046
v -2.354098 -0.216642 1.570073
v -2.390551 -0.226730 1.564712
v -2.388515 -0.212685 1.545938
v -2.357398 -0.216961 1.545217
v -2.392740 -0.193010 1.577303
v -2.363321 -0.186052 1.560000
v -2.379471 -0.178315 1.577457
v -2.378223 -0.173024 1.545057
v -2.380604 -0.162963 1.566520
v -2.404021 -0.195783 1.565267
v -2.420910 -0.150786 1.579565
v -2.409044 -0.181731 1.545121
v -2.409197 -0.158802 1.540096
v -2.423203 -0.135127 1.555151
v -2.418617 -0.139859 1.569652
v -2.439412 -0.166204 1.574339
v -2.437801 -0.172540 1.559758
v -2.445053 -0.165474 1.545975
v -2.442145 -0.140355 1.542652
v -2.466273 -0.131803 1.570330
v -2.470334 -0.143290 1.579826
v -2.472057 -0.159327 1.542667
v -2.469491 -0.129362 1.554970
v -2.480480 -0.166317 1.574388
v -2.477849 -0.171256 1.554809
v -2.495608 -0.153803 1.540000
v -2.493368 -0.141468 1.544422
v -2.512179 -0.142876 1.566216
v -2.522393 -0.166812 1.580003
v -2.516325 -0.181171 1.577274
v -2.514517 -0.192693 1.566559
v -2.514863 -0.186797 1.545518
v -2.524696 -0.153363 1.550144
v -2.539068 -0.162693 1.564751
v -2.555974 -0.198208 1.575222
v -2.523055 -0.207854 1.560228
v -2.547332 -0.210122 1.540000
v -2.547107 -0.181057 1.544473
v -2.565048 -0.203131 1.559619
v -2.531908 -0.214986 1.545380
v -2.546453 -0.234240 1.579880
vn 0.7011 0.1548 0.6960
vn -0.2575 -0.0214 -0.9660
vn -0.8949 -0.0747 -0.4400
vn -0.2674 -0.0427 0.9626
vn -0.1770 -0.0409 0.9834
vn -0.9010 -0.4333 -0.0193
vn 0.7994 0.3205 -0.5082
vn 0.1158 0.0963 -0.9886
vn -0.8984 -0.4379 0.0335
vn -0.8118 -0.5162 0.2731
vn 0.1204 0.1841 -0.9755
vn -0.1102 -0.0999 0.9889
vn 0.4146 0.8284 0.3767
vn 0.2978 0.5276 -0.7956
vn -0.4588 -0.5215 -0.7194
vn -0.5155 -0.7406 -0.4309
vn 0.1701 0.2251 -0.9594
vn 0.4180 0.8843 0.2082
vn -0.2514 -0.9670 0.0417
vn -0.0863 -0.6039 0.7924
vn -0.0437 -0.4782 -0.8771
vn -0.0536 -0.6495 -0.7585
vn 0.0474 -0.9758 0.2136
vn 0.0228 -0.2582 0.9658
vn -0.0392 0.4086 0.9119
vn 0.0338 0.9119 -0.4090
vn -0.0543 0.3594 -0.9316
vn -0.1223 0.5144 0.8488
vn -0.0960 0.9953 -0.0118
vn 0.0286 -0.1721 -0.9847
vn 0.2926 -0.8258 0.4821
vn -0.2299 0.5948 -0.7703
vn 0.3225 -0.8376 -0.4409
vn 0.2339 -0.4615 0.8557
vn 0.2590 -0.5029 0.8247
vn 0.5495 -0.8205 -0.1575
vn 0.5370 -0.8357 0.1146
vn 0.5684 -0.6134 0.5484
vn 0.1021 -0.0877 0.9909
vn -0.5227 0.3665 -0.7698
vn 0.1412 -0.1477 -0.9789
vn 0.6704 -0.6494 -0.3588
vn 0.7168 -0.4043 0.5681
vn 0.5532 -0.1993 0.8088
vn -0.7666 0.1181 0.6312
vn -0.2849 0.1484 0.9470
vn -0.7396 0.0923 0.6667
vn -0.9335 0.1132 -0.3402
vn 0.3585 0.0280 -0.9331
vn 0.5953 -0.0359 -0.8027
vn -0.9954 0.0188 -0.0939
vn 0.8848 0.0191 -0.4656
vn 0.9573 0.2892 0.0019
vn -0.8555 -0.3658 -0.3664
vn 0.4418 0.2062 -0.8731
vn 0.9346 0.2824 -0.2160
vn -0.2756 -0.2075 -0.9386
vn 0.7991 0.3771 -0.4682
vn -0.8318 -0.5550 0.0013
vn 0.7538 0.6231 -0.2085
vn 0.2351 0.1788 -0.9554
vn -0.1493 -0.1520 0.9770
vn -0.4363 -0.6967 0.5694
vn 0.5766 0.7625 -0.2935
vn -0.0374 -0.2802 0.9592
vn 0.1220 0.9839 0.1308
vn 0.0018 -0.2306 0.9731
vn 0.0101 0.1549 -0.9879
vn 0.0030 -0.9695 0.2450
vn -0.2467 0.9477 0.2023
vn -0.2245 0.6668 0.7106
vn -0.2509 0.5614 0.7886
vn 0.1332 -0.1305 0.9825
vn 0.0636 -0.2006 -0.9776
vn -0.3848 0.8810 -0.2752
vn 0.4276 -0.8686 -0.2504
vn -0.2720 0.3681 -0.8891
vn -0.3177 0.4301 -0.8450
vn -0.4656 0.5825 0.6663
vn 0.8865 -0.4415 -0.1383
vn -0.1647 0.1513 -0.9747
vn -0.7126 0.6369 -0.2943
vn 0.2785 -0.1638 -0.9464
vn -0.8188 0.5478 -0.1715
vn 0.2339 -0.0852 0.9685
vn 0.7392 -0.3928 0.5471
vn 0.8750 -0.3554 -0.3288
vn -0.8729 0.2030 0.4436
vn 0.8978 -0.1694 0.4065
vn 0.8798 -0.1613 -0.4471
vn 0.3201 -0.0324 -0.9468
vn -0.9813 0.0725 0.1784
vn 0.9427 -0.1034 -0.3171
vn -0.8808 -0.1037 0.4619
vn 0.5075 0.0346 -0.8610
vn -0.5060 -0.1244 0.8535
vn -0.4897 -0.1099 -0.8649
vn 0.8723 0.3841 -0.3025
vn 0.3108 0.2190 0.9249
vn -0.3569 -0.5751 0.7361
vn 0.7857 0.4004 -0.4716
vn -0.7641 -0.4878 0.4222
vn -0.6644 -0.4059 -0.6276
vn -0.6232 -0.7774 0.0854
vn -0.4652 -0.7538 0.4641
vn 0.8641 -0.4409 -0.2427
vn 0.3531 0.3298 0.8755
vn 0.6000 0.7976 -0.0611
vn -0.2044 -0.2982 -0.9324
vn 0.4108 0.8264 0.3852
vn 0.3978 0.8003 -0.4485
vn 0.0332 0.1709 0.9847
vn -0.2936 -0.8893 -0.3506
vn -0.0208 0.9712 -0.2374
vn -0.0367 -0.9483 0.3152
vn 0.1326 0.9330 0.3346
vn 0.1188 -0.9232 -0.3654
vn -0.0455 0.3320 0.9422
vn -0.3564 0.8767 0.3231
vn 0.1697 -0.2395 -0.9560
vn 0.2822 -0.4131 -0.8658
vn -0.2851 0.2470 0.9261
vn -0.4418 0.5423 0.7146
vn -0.7654 0.6401 0.0660
vn -0.5853 0.5394 -0.6054
vn 0.8456 0.4310 0.3151
vn -0.7568 0.6535 0.0117
vn -0.3251 0.3339 -0.8848
vn 0.5985 -0.2298 -0.7675
vn 0.4037 0.5668 0.7182
vn 0.1662 -0.0850 0.9824
vn -0.1397 -0.0114 -0.9901
vn 0.9880 -0.1390 -0.0676
vn 0.8773 -0.0375 0.4784
vn 0.8047 -0.0453 0.5919
vn -0.9057 -0.0149 -0.4237
vn -0.3343 0.0335 -0.9419
vn -0.2172 -0.0884 0.9721
vn -0.9362 -0.1747 0.3050
vn 0.5159 0.1802 0.8375
vn 0.7396 0.4010 0.5405
vn 0.7646 0.4104 0.4969
vn -0.6606 -0.2999 0.6882
vn 0.0957 0.0680 0.9931
vn -0.8179 -0.5472 -0.1777
vn -0.2756 -0.2076 -0.9386
vn 0.5228 0.8452 0.1105
vn 0.0972 0.6135 0.7837
vn -0.5752 -0.7716 0.2717
vn -0.4648 -0.7764 -0.4257
vn 0.4014 0.6486 -0.6466
vn -0.1193 -0.2133 -0.9697
vn 0.2980 0.6315 -0.7158
vn -0.4042 -0.8827 -0.2399
vn 0.1646 0.9519 0.2586
vn -0.0289 -0.5690 -0.8218
vn 0.1077 0.8485 -0.5181
vn -0.0776 -0.9175 0.3901
vn 0.0296 -0.8831 -0.4683
vn -0.0300 -0.5356 -0.8440
vn -0.0704 -0.6945 -0.7160
vn -0.0399 0.3436 -0.9383
vn -0.0398 0.6999 -0.7131
vn 0.1307 -0.2820 0.9505
vn -0.3506 0.9042 -0.2441
vn 0.5492 -0.7898 0.2730
vn 0.4385 -0.7368 -0.5147
vn 0.3146 -0.6195 0.7192
vn -0.5896 0.8050 -0.0660
vn -0.5334 0.4627 0.7081
vn 0.4134 -0.3797 -0.8276
vn -0.8147 0.4826 0.3215
vn 0.8283 -0.4996 -0.2538
vn -0.2060 0.0717 0.9759
vn 0.5495 -0.1594 0.8202
vn -0.4192 0.1413 -0.8968
vn -0.7962 0.2787 -0.5370
vn -0.2682 0.0535 0.9619
vn -0.9816 0.0680 -0.1786
vn -0.3403 -0.4603 0.8200
vn 0.8640 -0.4418 -0.2414
vn 0.9094 0.3969 0.1243
vn 0.4030 0.5506 0.7311
vn 0.1210 0.6529 0.7477
vt 0.585872 0.776299
vt 0.509311 0.916667
vt 0.487982 0.776523
vt 0.590790 0.325439
vt 0.485272 0.377822
vt 0.447940 0.250000
vt 0.551150 0.416667
vt 0.529589 0.500000
vt 0.593581 0.666667
vt 0.494668 0.616481
vt 0.612977 0.463461
vt 0.553276 0.583333
vt 0.605106 0.083333
vt 0.621759 0.166667
vt 0.520224 0.125991
vt 0.625719 0.583333
vt 0.696143 0.250000
vt 0.698772 0.692885
vt 0.716512 0.916667
vt 0.628240 1.000000
vt 0.630650 0.868937
vt 0.703832 0.130497
vt 0.686830 0.372962
vt 0.677083 0.500000
vt 0.747484 0.833333
vt 0.733646 0.449265
vt 0.700900 0.583333
vt 0.775006 0.630079
vt 0.789329 0.351635
vt 0.799084 0.500000
vt 0.819558 0.750000
vt 0.772408 0.054347
vt 0.821256 0.204749
vt 0.826541 0.881301
vt 0.793142 1.000000
vt 0.840758 0.583333
vt 0.848950 0.045687
vt 0.841633 0.416667
vt 0.882750 0.666667
vt 0.887223 0.517167
vt 0.917299 0.786839
vt 0.947958 0.083333
vt 0.929941 0.166667
vt 0.955466 0.325283
vt 0.896755 0.373475
vt 0.954501 0.545940
vt 0.988371 0.682425
vt 0.984343 0.875256
vt 0.926340 0.973203
vt 1.000000 1.000000
vt 1.000000 0.000000
vt 0.935863 0.000000
vt 0.989583 0.250000
vt 1.000000 0.333333
vt 0.967565 0.416667
vt 0.018230 0.000000
vt 0.055447 0.104281
vt 0.000000 0.083333
vt 0.032941 0.385923
vt 0.015082 0.500000
vt 0.000000 0.416667
vt 0.080730 0.500000
vt 0.034234 0.583333
vt 0.102836 0.000000
vt 0.056120 0.250000
vt 0.106687 0.387526
vt 0.136368 0.134240
vt 0.181786 0.675760
vt 0.096506 0.833333
vt 0.023628 0.682425
vt 0.122774 0.553622
vt 0.163892 0.313352
vt 0.203471 0.879073
vt 0.108514 0.965873
vt 0.195216 0.468002
vt 0.264374 0.685826
vt 0.263080 0.463240
vt 0.259229 0.583333
vt 0.291790 0.882583
vt 0.312626 0.250000
vt 0.221746 0.333333
vt 0.282911 1.000000
vt 0.328346 0.550010
vt 0.364450 0.704219
vt 0.371765 0.833333
vt 0.376722 0.120015
vt 0.273595 0.166667
vt 0.352311 0.416667
vt 0.302081 0.361850
vt 0.354137 0.000000
vt 0.291420 0.036984
vt 0.404634 0.369645
vt 0.378705 0.531025
vt 0.425420 0.000000
vt 0.447689 0.128245
vt 0.446591 0.500000
vt 0.384808 0.937093
vt 0.425420 1.000000
vt 0.433022 0.628082
vt 0.520969 1.000000
vt 0.520969 0.000000
vt 0.628240 0.000000
vt 0.721741 1.000000
vt 0.721741 0.000000
vt 0.854137 1.000000
vt 0.187458 0.583333
vt 0.990669 0.500000
vt 1.000000 0.583333
vt 1.000000 0.166667
vt 0.010495 0.875256
vt 0.030714 0.969269
vt 0.103788 0.666667
vt 0.199260 1.000000
vt 0.199260 0.000000
vt 0.217690 0.116554
s 0
g Torus.007_Mat_Coral_Ponta_10.008
usemtl Mat_Coral_Ponta_10.008
f 1011/1404/1612 1006/1405/1612 1095/1406/1612
f 1014/1407/1613 1009/1408/1613 1091/1409/1613
f 1012/1410/1614 1004/1411/1614 1009/1408/1614
f 1013/1412/1615 1095/1406/1615 1005/1413/1615
f 1013/1412/1616 1011/1404/1616 1095/1406/1616
f 1016/1414/1617 1010/1415/1617 1004/1411/1617
f 1015/1416/1618 1019/1417/1618 1008/1418/1618
f 1019/1417/1619 1014/1407/1619 1008/1418/1619
f 1012/1410/1620 1016/1414/1620 1004/1411/1620
f 1016/1414/1621 1020/1419/1621 1010/1415/1621
f 1019/1417/1622 1021/1420/1622 1014/1407/1622
f 1013/1412/1623 1024/1421/1623 1011/1404/1623
f 1025/1422/1624 1018/1423/1624 1017/1424/1624
f 1028/1425/1625 1019/1417/1625 1015/1416/1625
f 1026/1426/1626 1016/1414/1626 1014/1407/1626
f 1026/1426/1627 1022/1427/1627 1016/1414/1627
f 1028/1425/1628 1021/1420/1628 1019/1417/1628
f 1029/1428/1629 1025/1422/1629 1017/1424/1629
f 1030/1429/1630 1023/1430/1630 1022/1427/1630
f 1023/1430/1631 1031/1431/1631 1024/1421/1631
f 1021/1420/1632 1035/1432/1632 1026/1426/1632
f 1035/1432/1633 1030/1429/1633 1026/1426/1633
f 1032/1433/1634 1031/1431/1634 1030/1429/1634
f 1031/1431/1635 1033/1434/1635 1024/1421/1635
f 1033/1434/1636 1029/1428/1636 1024/1421/1636
f 1034/1435/1637 1037/1436/1637 1028/1425/1637
f 1037/1436/1638 1021/1420/1638 1028/1425/1638
f 1029/1428/1639 1036/1437/1639 1025/1422/1639
f 1036/1437/1640 1034/1438/1640 1025/1422/1640
f 1037/1436/1641 1035/1432/1641 1021/1420/1641
f 1032/1433/1642 1038/1439/1642 1031/1431/1642
f 1039/1440/1643 1037/1436/1643 1034/1435/1643
f 1040/1441/1644 1032/1433/1644 1035/1432/1644
f 1038/1439/1645 1041/1442/1645 1031/1431/1645
f 1041/1442/1646 1033/1434/1646 1031/1431/1646
f 1045/1443/1647 1038/1439/1647 1032/1433/1647
f 1040/1441/1648 1045/1443/1648 1032/1433/1648
f 1045/1443/1649 1041/1442/1649 1038/1439/1649
f 1041/1442/1650 1042/1444/1650 1033/1434/1650
f 1046/1445/1651 1044/1446/1651 1039/1440/1651
f 1047/1447/1652 1048/1448/1652 1037/1436/1652
f 1048/1448/1653 1045/1443/1653 1040/1441/1653
f 1049/1449/1654 1041/1442/1654 1045/1443/1654
f 1049/1449/1655 1051/1450/1655 1041/1442/1655
f 1042/1444/1656 1052/1451/1656 1043/1452/1656
f 1051/1450/1657 1052/1451/1657 1042/1444/1657
f 1052/1451/1658 1056/1453/1658 1043/1452/1658
f 1056/1454/1659 1046/1445/1659 1043/1455/1659
f 1054/1456/1660 1058/1457/1660 1047/1447/1660
f 1058/1457/1661 1050/1458/1661 1047/1447/1661
f 1056/1459/1662 1057/1460/1662 1046/1461/1662
f 1058/1462/1663 1053/1463/1663 1050/1464/1663
f 1060/1465/1664 1055/1466/1664 1053/1463/1664
f 1064/1467/1665 1057/1460/1665 1056/1459/1665
f 1054/1468/1666 1062/1469/1666 1058/1462/1666
f 1058/1462/1667 1060/1465/1667 1053/1463/1667
f 1066/1470/1668 1054/1468/1668 1057/1460/1668
f 1062/1469/1669 1060/1465/1669 1058/1462/1669
f 1065/1471/1670 1059/1472/1670 1051/1473/1670
f 1062/1469/1671 1063/1474/1671 1060/1465/1671
f 1067/1475/1672 1062/1469/1672 1054/1468/1672
f 1065/1471/1673 1070/1476/1673 1059/1472/1673
f 1059/1472/1674 1070/1476/1674 1064/1477/1674
f 1068/1478/1675 1063/1474/1675 1062/1469/1675
f 1075/1479/1676 1070/1476/1676 1065/1471/1676
f 1077/1480/1677 1074/1481/1677 1068/1478/1677
f 1075/1479/1678 1078/1482/1678 1070/1476/1678
f 1080/1483/1679 1073/1484/1679 1067/1475/1679
f 1078/1482/1680 1079/1485/1680 1070/1476/1680
f 1077/1480/1681 1082/1486/1681 1074/1481/1681
f 1082/1486/1682 1075/1479/1682 1074/1481/1682
f 1082/1486/1683 1083/1487/1683 1075/1479/1683
f 1083/1487/1684 1084/1488/1684 1078/1482/1684
f 1086/1489/1685 1080/1483/1685 1076/1490/1685
f 1087/1491/1686 1082/1486/1686 1081/1492/1686
f 1085/1493/1687 1086/1489/1687 1079/1494/1687
f 1080/1483/1688 1092/1495/1688 1081/1492/1688
f 1092/1495/1689 1087/1491/1689 1081/1492/1689
f 1088/1496/1690 1083/1487/1690 1082/1486/1690
f 1090/1497/1691 1086/1489/1691 1085/1493/1691
f 1091/1409/1692 1092/1495/1692 1080/1483/1692
f 1092/1495/1693 1088/1496/1693 1087/1491/1693
f 1094/1498/1694 1091/1409/1694 1086/1489/1694
f 1092/1495/1695 1093/1499/1695 1088/1496/1695
f 1083/1487/1696 1095/1406/1696 1084/1488/1696
f 1095/1406/1697 1085/1500/1697 1084/1488/1697
f 1006/1405/1698 1090/1501/1698 1085/1500/1698
f 1093/1499/1699 1005/1413/1699 1089/1502/1699
f 1006/1405/1700 1007/1503/1700 1090/1501/1700
f 1007/1504/1701 1094/1498/1701 1090/1497/1701
f 1008/1418/1702 1091/1409/1702 1094/1498/1702
f 1004/1411/1703 1005/1413/1703 1093/1499/1703
f 1007/1504/1704 1008/1418/1704 1094/1498/1704
f 1004/1411/1705 1010/1415/1705 1005/1413/1705
f 1008/1418/1706 1014/1407/1706 1091/1409/1706
f 1010/1415/1707 1013/1412/1707 1005/1413/1707
f 1009/1408/1708 1014/1407/1708 1012/1410/1708
f 1007/1504/1709 1015/1416/1709 1008/1418/1709
f 1011/1404/1710 1017/1424/1710 1006/1405/1710
f 1024/1421/1711 1020/1419/1711 1023/1430/1711
f 1007/1504/1712 1018/1505/1712 1015/1416/1712
f 1010/1415/1713 1020/1419/1713 1013/1412/1713
f 1014/1407/1714 1016/1414/1714 1012/1410/1714
f 1016/1414/1715 1022/1427/1715 1020/1419/1715
f 1022/1427/1716 1023/1430/1716 1020/1419/1716
f 1049/1449/1717 1048/1448/1717 1050/1458/1717
f 1011/1404/1718 1024/1421/1718 1017/1424/1718
f 1018/1505/1719 1028/1425/1719 1015/1416/1719
f 1021/1420/1720 1026/1426/1720 1014/1407/1720
f 1025/1422/1721 1027/1506/1721 1018/1423/1721
f 1018/1505/1722 1027/1507/1722 1028/1425/1722
f 1024/1421/1723 1029/1428/1723 1017/1424/1723
f 1026/1426/1724 1030/1429/1724 1022/1427/1724
f 1027/1507/1725 1034/1435/1725 1028/1425/1725
f 1030/1429/1726 1031/1431/1726 1023/1430/1726
f 1025/1422/1727 1034/1438/1727 1027/1506/1727
f 1030/1429/1728 1035/1432/1728 1032/1433/1728
f 1033/1434/1729 1036/1437/1729 1029/1428/1729
f 1036/1437/1730 1039/1508/1730 1034/1438/1730
f 1037/1436/1731 1048/1448/1731 1035/1432/1731
f 1035/1432/1732 1048/1448/1732 1040/1441/1732
f 1033/1434/1733 1042/1444/1733 1036/1437/1733
f 1042/1444/1734 1043/1452/1734 1036/1437/1734
f 1036/1437/1735 1043/1452/1735 1039/1508/1735
f 1039/1440/1736 1044/1446/1736 1037/1436/1736
f 1007/1503/1737 1017/1424/1737 1018/1423/1737
f 1043/1455/1738 1046/1445/1738 1039/1440/1738
f 1044/1446/1739 1047/1447/1739 1037/1436/1739
f 1048/1448/1740 1047/1447/1740 1050/1458/1740
f 1065/1471/1741 1063/1474/1741 1069/1509/1741
f 1041/1442/1742 1051/1450/1742 1042/1444/1742
f 1044/1446/1743 1054/1456/1743 1047/1447/1743
f 1050/1458/1744 1053/1510/1744 1049/1449/1744
f 1053/1510/1745 1055/1511/1745 1049/1449/1745
f 1049/1449/1746 1055/1511/1746 1051/1450/1746
f 1046/1445/1747 1057/1512/1747 1044/1446/1747
f 1044/1446/1748 1057/1512/1748 1054/1456/1748
f 1051/1473/1749 1059/1472/1749 1052/1513/1749
f 1052/1513/1750 1059/1472/1750 1056/1514/1750
f 1055/1466/1751 1061/1515/1751 1051/1473/1751
f 1060/1465/1752 1063/1474/1752 1055/1466/1752
f 1055/1466/1753 1063/1474/1753 1061/1515/1753
f 1059/1472/1754 1064/1477/1754 1056/1514/1754
f 1061/1515/1755 1065/1471/1755 1051/1473/1755
f 1064/1467/1756 1066/1470/1756 1057/1460/1756
f 1066/1470/1757 1067/1475/1757 1054/1468/1757
f 1063/1474/1758 1068/1478/1758 1069/1509/1758
f 1065/1471/1759 1074/1481/1759 1075/1479/1759
f 1064/1477/1760 1070/1476/1760 1071/1516/1760
f 1064/1467/1761 1071/1517/1761 1066/1470/1761
f 1067/1475/1762 1068/1478/1762 1062/1469/1762
f 1066/1470/1763 1072/1518/1763 1067/1475/1763
f 1067/1475/1764 1073/1484/1764 1068/1478/1764
f 1071/1517/1765 1072/1518/1765 1066/1470/1765
f 1068/1478/1766 1074/1481/1766 1069/1509/1766
f 1072/1518/1767 1076/1490/1767 1067/1475/1767
f 1073/1484/1768 1077/1480/1768 1068/1478/1768
f 1070/1476/1769 1079/1485/1769 1071/1516/1769
f 1071/1517/1770 1079/1494/1770 1072/1518/1770
f 1076/1490/1771 1080/1483/1771 1067/1475/1771
f 1072/1518/1772 1079/1494/1772 1076/1490/1772
f 1080/1483/1773 1081/1492/1773 1073/1484/1773
f 1073/1484/1774 1081/1492/1774 1077/1480/1774
f 1075/1479/1775 1083/1487/1775 1078/1482/1775
f 1081/1492/1776 1082/1486/1776 1077/1480/1776
f 1078/1482/1777 1085/1500/1777 1079/1485/1777
f 1079/1494/1778 1086/1489/1778 1076/1490/1778
f 1084/1488/1779 1085/1500/1779 1078/1482/1779
f 1087/1491/1780 1088/1496/1780 1082/1486/1780
f 1088/1496/1781 1089/1502/1781 1083/1487/1781
f 1086/1489/1782 1091/1409/1782 1080/1483/1782
f 1093/1499/1783 1089/1502/1783 1088/1496/1783
f 1090/1497/1784 1094/1498/1784 1086/1489/1784
f 1089/1502/1785 1095/1406/1785 1083/1487/1785
f 1095/1406/1786 1006/1405/1786 1085/1500/1786
f 1091/1409/1787 1009/1408/1787 1092/1495/1787
f 1092/1495/1788 1009/1408/1788 1093/1499/1788
f 1089/1502/1789 1005/1413/1789 1095/1406/1789
f 1009/1408/1790 1004/1411/1790 1093/1499/1790
f 1024/1421/1791 1013/1412/1791 1020/1419/1791
f 1049/1449/1792 1045/1443/1792 1048/1448/1792
f 1007/1503/1793 1006/1405/1793 1017/1424/1793
f 1065/1471/1794 1061/1515/1794 1063/1474/1794
f 1065/1471/1795 1069/1509/1795 1074/1481/1795
o Icosphere.001
v 1.727554 -0.782388 0.017576
v 1.900876 -0.641278 0.116983
v 1.686808 -1.023115 0.033118
v 1.922615 -0.972678 0.017583
v 1.484103 -0.798043 0.122977
v 1.634183 -0.596783 0.244513
v 2.009208 -1.180438 0.232497
v 2.195215 -0.927042 0.253396
v 1.661061 -1.210299 0.208208
v 1.708461 -0.697464 0.435103
v 1.663864 -0.972724 0.470335
v 1.924051 -0.875937 0.478031
v 2.075527 -1.011117 0.391160
v 1.802164 -1.129794 0.421876
v 2.119452 -0.806808 0.368396
v 1.917019 -0.671239 0.398751
v 1.520086 -1.125772 0.292775
v 1.934237 -1.172922 0.342405
v 1.921121 -0.589357 0.248977
v 1.456071 -0.789223 0.341497
v 2.102030 -1.029585 0.114877
v 2.096458 -0.689504 0.231067
v 1.425487 -0.950593 0.302679
v 1.480548 -0.993191 0.121604
v 1.853487 -1.135876 0.082220
v 2.039599 -0.784879 0.073044
v 1.652212 -0.674647 0.102078
vn -0.1169 0.2531 -0.9604
vn 0.1830 0.7320 -0.6563
vn -0.2304 -0.3007 -0.9255
vn 0.1964 -0.1457 -0.9696
vn -0.6957 0.3118 -0.6471
vn -0.3592 0.9331 0.0191
vn 0.4624 -0.8837 -0.0727
vn 0.9940 -0.1092 0.0108
vn -0.2676 -0.9394 -0.2144
vn -0.1764 0.5103 0.8417
vn -0.2566 -0.1645 0.9524
vn 0.1969 0.0434 0.9795
vn 0.5543 -0.3543 0.7532
vn -0.0119 -0.5950 0.8036
vn 0.6674 0.3074 0.6783
vn 0.2340 0.6540 0.7194
vn -0.6183 -0.7110 0.3351
vn 0.2670 -0.8190 0.5079
vn 0.2319 0.9703 0.0691
vn -0.7529 0.3682 0.5455
vn 0.6417 -0.3700 -0.6718
vn 0.7200 0.6873 -0.0955
vn -0.9132 -0.1854 0.3628
vn -0.6696 -0.2927 -0.6826
vn 0.0861 -0.6617 -0.7448
vn 0.4722 0.3101 -0.8251
vn -0.2866 0.6679 -0.6868
vt 0.765735 0.157683
vt 0.900116 0.125988
vt 0.803941 0.234785
vt 0.650421 0.118585
vt 0.747679 0.157683
vt 0.670803 0.230326
vt 0.404358 0.160746
vt 0.545398 0.214045
vt 0.470704 0.262431
vt 0.386364 0.354286
vt 0.386797 0.273584
vt 0.445577 0.402471
vt 0.577874 0.357643
vt 0.624350 0.451573
vt 0.670845 0.412658
vt 0.725582 0.336575
vt 0.647103 0.294818
vt 0.763507 0.336575
vt 0.858903 0.311636
vt 0.824017 0.409384
vt 0.068273 0.406129
vt 0.139978 0.378549
vt 0.090910 0.472382
vt 0.012502 0.336574
vt 0.080170 0.335024
vt 0.222645 0.363007
vt 0.306033 0.294875
vt 0.293297 0.436755
vt 0.034482 0.255197
vt 0.090910 0.237598
vt 0.196597 0.234268
vt 0.287961 0.157362
vt 0.922802 0.228227
vt 0.982333 0.147261
vt 0.977273 0.196826
vt 0.114264 0.137060
vt 0.204034 0.143939
vt 0.456237 0.135807
vt 0.522779 0.079482
vt 0.597997 0.123137
vt 0.557469 0.020809
vt 0.731974 0.066153
vt 0.888522 0.035627
vt 0.943572 0.059724
vt 0.308962 0.135807
vt 0.341000 0.066253
vt 0.398118 0.059724
vt 0.363637 0.000000
vt 0.185400 0.070405
s 1
g Icosphere.001_Mat_Coral_Laranja_30.005
usemtl Mat_Coral_Laranja_30.005
f 1116/1519/1816 1121/1520/1821 1103/1521/1803
f 1120/1522/1820 1116/1523/1816 1102/1524/1802
f 1119/1525/1819 1104/1526/1804 1112/1527/1812
f 1115/1528/1815 1118/1529/1818 1106/1530/1806
f 1118/1529/1818 1112/1527/1812 1106/1530/1806
f 1106/1530/1806 1112/1527/1812 1109/1531/1809
f 1106/1532/1806 1109/1531/1809 1107/1533/1807
f 1109/1531/1809 1108/1534/1808 1107/1533/1807
f 1109/1531/1809 1113/1535/1813 1108/1534/1808
f 1108/1536/1808 1110/1537/1810 1107/1538/1807
f 1107/1539/1807 1105/1540/1805 1106/1541/1806
f 1110/1542/1810 1111/1543/1811 1107/1539/1807
f 1107/1539/1807 1111/1543/1811 1105/1540/1805
f 1105/1544/1805 1115/1545/1815 1106/1546/1806
f 1119/1525/1819 1112/1527/1812 1118/1529/1818
f 1104/1526/1804 1109/1531/1809 1112/1527/1812
f 1104/1526/1804 1113/1535/1813 1109/1531/1809
f 1104/1526/1804 1102/1524/1802 1113/1535/1813
f 1102/1524/1802 1108/1536/1808 1113/1535/1813
f 1103/1521/1803 1110/1537/1810 1108/1536/1808
f 1117/1547/1817 1111/1543/1811 1110/1542/1810
f 1117/1547/1817 1114/1548/1814 1111/1543/1811
f 1114/1548/1814 1105/1544/1805 1111/1543/1811
f 1114/1548/1814 1101/1549/1801 1105/1544/1805
f 1101/1549/1801 1115/1545/1815 1105/1544/1805
f 1101/1549/1801 1100/1550/1800 1115/1545/1815
f 1104/1526/1804 1120/1522/1820 1102/1524/1802
f 1102/1524/1802 1103/1521/1803 1108/1536/1808
f 1102/1524/1802 1116/1523/1816 1103/1521/1803
f 1103/1521/1803 1117/1551/1817 1110/1537/1810
f 1103/1521/1803 1121/1520/1821 1117/1551/1817
f 1121/1520/1821 1097/1552/1797 1117/1551/1817
f 1117/1551/1817 1097/1552/1797 1114/1553/1814
f 1114/1548/1814 1097/1554/1797 1101/1549/1801
f 1097/1554/1797 1122/1555/1822 1101/1549/1801
f 1122/1555/1822 1100/1550/1800 1101/1549/1801
f 1115/1545/1815 1100/1550/1800 1118/1529/1818
f 1100/1550/1800 1119/1525/1819 1118/1529/1818
f 1119/1556/1819 1098/1557/1798 1104/1526/1804
f 1098/1557/1798 1120/1558/1820 1104/1526/1804
f 1099/1559/1799 1120/1558/1820 1098/1557/1798
f 1120/1522/1820 1099/1560/1799 1116/1523/1816
f 1099/1561/1799 1121/1520/1821 1116/1519/1816
f 1099/1561/1799 1096/1562/1796 1121/1520/1821
f 1096/1562/1796 1097/1552/1797 1121/1520/1821
f 1100/1563/1800 1096/1564/1796 1119/1525/1819
f 1119/1525/1819 1096/1564/1796 1098/1565/1798
f 1096/1564/1796 1099/1566/1799 1098/1565/1798
f 1096/1567/1796 1122/1555/1822 1097/1554/1797
f 1096/1567/1796 1100/1550/1800 1122/1555/1822
o Cone.002
v -1.052807 -1.260224 0.012580
v -1.207262 -1.108976 1.201221
v -1.184309 -1.300894 0.006877
v -1.236485 -1.118014 1.199954
v -1.305845 -1.236647 -0.002100
v -1.263493 -1.103737 1.197959
v -1.346222 -1.105116 -0.009092
v -1.272465 -1.074508 1.196405
v -1.281786 -0.983351 -0.010003
v -1.258146 -1.047449 1.196203
v -1.150283 -0.942680 -0.004300
v -1.228923 -1.038411 1.197470
v -1.028747 -1.006928 0.004677
v -1.201915 -1.052688 1.199465
v -0.988371 -1.138459 0.011669
v -1.192943 -1.081918 1.201019
vn 0.5473 -0.6444 -0.5341
vn 0.4336 -0.5442 0.7183
vn -0.0446 -0.8274 -0.5598
vn -0.1066 -0.7112 0.6948
vn -0.5917 -0.5383 -0.6002
vn -0.6058 -0.4473 0.6580
vn -0.7734 0.0538 -0.6317
vn -0.7716 0.0929 0.6293
vn -0.4834 0.6018 -0.6357
vn -0.5070 0.5931 0.6255
vn 0.1085 0.7849 -0.6101
vn 0.0332 0.7601 0.6489
vn 0.6556 0.4957 -0.5697
vn 0.5324 0.4962 0.6858
vn 0.8373 -0.0963 -0.5382
vn 0.6982 -0.0440 0.7145
vt 1.000000 1.000000
vt 0.875000 0.500000
vt 1.000000 0.500000
vt 0.875000 1.000000
vt 0.750000 0.500000
vt 0.750000 1.000000
vt 0.625000 0.500000
vt 0.625000 1.000000
vt 0.500000 0.500000
vt 0.500000 1.000000
vt 0.375000 0.500000
vt 0.375000 1.000000
vt 0.250000 0.500000
vt 0.010000 0.250000
vt 0.250000 0.010000
vt 0.490000 0.250000
vt 0.250000 1.000000
vt 0.125000 0.500000
vt 0.125000 1.000000
vt 0.000000 0.500000
vt 0.919706 0.080294
vt 0.580294 0.080294
vt 0.580294 0.419706
vt 0.419706 0.419706
vt 0.250000 0.490000
vt 0.080294 0.419706
vt 0.080294 0.080294
vt 0.419706 0.080294
vt 0.000000 1.000000
vt 0.750000 0.490000
vt 0.919706 0.419706
vt 0.990000 0.250000
vt 0.750000 0.010000
vt 0.510000 0.250000
s 1
g Cone.002_Mat_Coral_Magenta_30.003
usemtl Mat_Coral_Magenta_30.003
f 1124/1568/1824 1125/1569/1825 1123/1570/1823
f 1126/1571/1826 1127/1572/1827 1125/1569/1825
f 1128/1573/1828 1129/1574/1829 1127/1572/1827
f 1130/1575/1830 1131/1576/1831 1129/1574/1829
f 1132/1577/1832 1133/1578/1833 1131/1576/1831
f 1134/1579/1834 1135/1580/1835 1133/1578/1833
f 1136/1581/1836 1132/1582/1832 1128/1583/1828
f 1136/1584/1836 1137/1585/1837 1135/1580/1835
f 1138/1586/1838 1123/1587/1823 1137/1585/1837
f 1129/1588/1829 1133/1589/1833 1137/1590/1837
f 1124/1568/1824 1126/1571/1826 1125/1569/1825
f 1126/1571/1826 1128/1573/1828 1127/1572/1827
f 1128/1573/1828 1130/1575/1830 1129/1574/1829
f 1130/1575/1830 1132/1577/1832 1131/1576/1831
f 1132/1577/1832 1134/1579/1834 1133/1578/1833
f 1134/1579/1834 1136/1584/1836 1135/1580/1835
f 1128/1583/1828 1126/1591/1826 1124/1592/1824
f 1124/1592/1824 1138/1593/1838 1136/1581/1836
f 1136/1581/1836 1134/1594/1834 1132/1582/1832
f 1132/1582/1832 1130/1595/1830 1128/1583/1828
f 1128/1583/1828 1124/1592/1824 1136/1581/1836
f 1136/1584/1836 1138/1586/1838 1137/1585/1837
f 1138/1586/1838 1124/1596/1824 1123/1587/1823
f 1137/1590/1837 1123/1597/1823 1125/1598/1825
f 1125/1598/1825 1127/1599/1827 1129/1588/1829
f 1129/1588/1829 1131/1600/1831 1133/1589/1833
f 1133/1589/1833 1135/1601/1835 1137/1590/1837
f 1137/1590/1837 1125/1598/1825 1129/1588/1829
o Sphere.002
v -1.193569 -1.154331 1.260046
v -1.207345 -1.175001 1.168732
v -1.221327 -1.177390 1.208422
v -1.205825 -1.150498 1.137038
v -1.221602 -1.146008 1.263048
v -1.227134 -1.166213 1.238321
v -1.251020 -1.162096 1.207924
v -1.204307 -1.116434 1.120436
v -1.242580 -1.168530 1.189282
v -1.241532 -1.156814 1.160082
v -1.233372 -1.138856 1.137344
v -1.191231 -1.095313 1.280361
v -1.207271 -1.121629 1.277526
v -1.259347 -1.139979 1.238321
v -1.272218 -1.137701 1.200643
v -1.262639 -1.133742 1.161965
v -1.237744 -1.125707 1.267525
v -1.247179 -1.118101 1.137135
v -1.276729 -1.108902 1.223433
v -1.271192 -1.106480 1.162482
v -1.220740 -1.108998 1.122477
v -1.262634 -1.099636 1.251345
v -1.280970 -1.098667 1.191989
v -1.274295 -1.078862 1.223433
v -1.265342 -1.073888 1.159844
v -1.242548 -1.086614 1.267117
v -1.270104 -1.058720 1.197694
v -1.243987 -1.089954 1.132232
v -1.246996 -1.043997 1.235728
v -1.258778 -1.050885 1.174667
v -1.237997 -1.066790 1.137115
v -1.222427 -1.094894 1.277281
v -1.245580 -1.065530 1.258298
v -1.257021 -1.043208 1.208014
v -1.237587 -1.032518 1.176567
v -1.232816 -1.045756 1.149815
v -1.227523 -1.023782 1.193968
v -1.209758 -1.072897 1.124145
v -1.210787 -1.065046 1.272492
v -1.214620 -1.040395 1.252515
v -1.217306 -1.023326 1.219271
v -1.207066 -1.032752 1.154901
v -1.191514 -1.024042 1.225538
v -1.190794 -1.020171 1.192082
v -1.182213 -1.034513 1.244668
v -1.181704 -1.039686 1.149745
v -1.185883 -1.066328 1.127472
v -1.163005 -1.050434 1.251997
v -1.170763 -1.028157 1.176636
v -1.168006 -1.061015 1.137238
v -1.156020 -1.033187 1.216190
v -1.154781 -1.044900 1.161985
v -1.177023 -1.070054 1.271636
v -1.137846 -1.049051 1.192076
v -1.132518 -1.062413 1.223433
v -1.123978 -1.075308 1.189238
v -1.137292 -1.067146 1.161451
v -1.152511 -1.082138 1.136937
v -1.139673 -1.082113 1.251828
v -1.123271 -1.091098 1.223433
v -1.128808 -1.093520 1.162482
v -1.161387 -1.096994 1.270900
v -1.119172 -1.103322 1.194790
v -1.177942 -1.096919 1.122223
v -1.135828 -1.116847 1.246655
v -1.124216 -1.130986 1.200819
v -1.132315 -1.121941 1.161989
v -1.145864 -1.146173 1.161989
v -1.149140 -1.119290 1.139439
v -1.140820 -1.148401 1.228485
v -1.154302 -1.167772 1.199209
v -1.172252 -1.125506 1.271610
v -1.158780 -1.145757 1.252954
v -1.175199 -1.130220 1.129247
v -1.185081 -1.170336 1.237295
v -1.170863 -1.171591 1.176316
v -1.174894 -1.157404 1.148688
v -1.192138 -1.179827 1.209244
vn -0.0514 -0.4874 0.8716
vn -0.1530 -0.7482 0.6456
vn -0.2624 -0.9532 -0.1498
vn -0.3002 -0.6932 -0.6552
vn -0.4481 -0.8624 0.2354
vn -0.4570 -0.8840 0.0982
vn -0.3664 -0.8589 -0.3578
vn -0.2650 -0.3376 -0.9032
vn -0.7677 -0.5996 0.2260
vn -0.7356 -0.6697 -0.1019
vn -0.6255 -0.4227 -0.6558
vn -0.9767 -0.2045 0.0651
vn -0.0988 -0.0469 0.9940
vn -0.2892 -0.1553 0.9446
vn -0.4660 -0.0481 0.8835
vn -0.7335 -0.0351 -0.6788
vn -0.8998 0.0729 0.4302
vn -0.9285 0.1388 -0.3444
vn -0.6813 0.1969 0.7050
vn -0.9656 0.2564 0.0434
vn -0.7689 0.4378 0.4659
vn -0.2897 0.1319 -0.9480
vn -0.0902 0.0733 -0.9932
vn -0.8610 0.4253 -0.2788
vn -0.6538 0.3142 -0.6884
vn -0.3623 0.3149 0.8773
vn -0.6359 0.5380 -0.5533
vn -0.3503 0.2791 -0.8941
vn -0.8184 0.4841 0.3098
vn -0.7182 0.6855 -0.1200
vn -0.2498 0.5449 -0.8005
vn -0.4832 0.8526 0.1991
vn -0.3269 0.8297 0.4524
vn -0.0575 0.6096 -0.7906
vn -0.0967 0.9951 0.0212
vn 0.0675 0.2917 0.9541
vn 0.0957 0.9294 -0.3564
vn 0.0711 0.6347 0.7695
vn 0.3165 0.8885 0.3324
vn 0.0841 0.1897 -0.9782
vn 0.0043 0.0854 -0.9963
vn 0.4165 0.6439 -0.6419
vn 0.5684 0.8156 -0.1081
vn 0.7372 0.5875 -0.3338
vn 0.5263 0.3836 0.7589
vn 0.3720 0.2499 -0.8940
vn 0.8854 0.4625 0.0467
vn 0.3065 0.1522 0.9396
vn 0.8961 0.2746 -0.3487
vn 0.8671 0.2795 0.4124
vn 0.7376 0.0215 -0.6749
vn 0.6731 -0.0355 0.7387
vn 0.8688 0.0225 0.4947
vn 0.9427 -0.1108 -0.3148
vn 0.2964 -0.0893 0.9509
vn 0.5866 -0.3020 0.7514
vn 0.8370 -0.4680 -0.2836
vn 0.2029 -0.1861 -0.9614
vn 0.7711 -0.6335 0.0640
vn 0.5136 -0.5138 -0.6872
vn 0.5894 -0.7495 -0.3013
vn 0.4683 -0.7734 0.4273
vn 0.1744 -0.5715 -0.8019
vn 0.0631 -0.4395 -0.8960
vn 0.3487 -0.9109 0.2205
vn 0.1255 -0.9785 -0.1637
vn -0.0804 -0.9929 -0.0881
vn -0.0676 -0.8277 0.5571
vn -0.5162 -0.5544 0.6528
vn -0.2525 -0.7596 -0.5994
vn -0.1888 -0.4234 -0.8860
vn -0.2403 -0.3873 0.8901
vn -0.7424 -0.6225 -0.2476
vn -0.5881 -0.7221 0.3643
vn -0.6059 -0.5040 -0.6155
vn -0.3938 -0.2708 -0.8784
vn -0.9345 -0.2627 -0.2401
vn -0.7069 -0.2688 0.6543
vn -0.8362 -0.2290 0.4983
vn -0.8886 -0.3621 0.2817
vn -0.5738 0.8153 -0.0775
vn -0.7568 -0.2258 -0.6134
vn -0.5903 -0.0641 0.8046
vn -0.4551 -0.1025 -0.8845
vn -0.9841 0.0797 0.1587
vn -0.7635 0.0852 -0.6401
vn -0.9298 0.2860 -0.2316
vn -0.7905 0.2847 0.5422
vn -0.8011 0.5277 0.2824
vn -0.3401 0.2768 0.8987
vn -0.6241 0.5108 -0.5913
vn -0.0381 0.8687 0.4939
vn -0.5634 0.6961 -0.4450
vn -0.3180 0.5666 0.7602
vn -0.4061 0.6483 0.6440
vn -0.4805 0.8587 0.1786
vn -0.0938 0.1933 0.9766
vn -0.2266 0.9167 -0.3292
vn -0.3241 0.8237 -0.4654
vn -0.1528 0.6074 -0.7795
vn 0.1105 0.6109 0.7839
vn -0.1081 0.9551 -0.2759
vn -0.0004 0.9934 0.1149
vn 0.1522 0.8845 -0.4411
vn 0.0187 0.6396 -0.7685
vn 0.2764 0.9540 0.1163
vn 0.3599 0.9328 -0.0155
vn 0.6058 0.4537 -0.6536
vn 0.3751 0.7869 -0.4900
vn 0.2384 0.6006 -0.7632
vn 0.4579 0.7627 0.4567
vn 0.5960 0.7695 -0.2293
vn 0.6877 0.5037 0.5228
vn 0.9448 0.3046 0.1211
vn 0.3882 0.2972 -0.8723
vn 0.7531 0.6416 0.1455
vn 0.8408 0.4726 -0.2640
vn 0.5187 0.2789 0.8082
vn 0.7621 0.2214 -0.6085
vn 0.9609 0.1150 -0.2517
vn 0.7935 -0.0874 -0.6023
vn 0.5060 -0.0122 -0.8624
vn 0.9362 -0.1898 0.2957
vn 0.9713 -0.1343 0.1963
vn 0.8868 -0.3279 0.3258
vn 0.9418 -0.2260 -0.2491
vn 0.5858 -0.2037 0.7844
vn 0.7122 -0.3982 -0.5782
vn 0.7027 -0.4353 0.5628
vn 0.4155 -0.1548 -0.8963
vn 0.7647 -0.6173 -0.1849
vn 0.4896 -0.5036 -0.7118
vn -0.0839 -0.9386 0.3346
vn 0.4945 -0.7418 -0.4530
vn 0.1428 -0.1917 0.9710
vn 0.2933 -0.5349 0.7924
vn 0.4711 -0.8198 0.3255
vn 0.3046 -0.7218 0.6214
vn 0.2909 -0.9554 -0.0510
vn 0.1029 -0.4350 0.8945
vn 0.1785 -0.8645 -0.4699
vn 0.0528 -0.7913 -0.6092
vn -0.4992 -0.6129 0.6125
vn -0.7195 -0.6353 -0.2807
vn -0.9233 -0.2848 -0.2578
vn -0.6413 0.7544 -0.1399
vn -0.0874 0.8833 0.4606
vn 0.2147 0.6101 0.7627
vn 0.5988 0.4860 -0.6365
vn 0.6490 0.6282 0.4292
vn 0.9815 0.1809 0.0632
vn -0.0878 -0.9367 0.3390
vt 0.769306 0.764834
vt 0.696781 0.910746
vt 0.678899 0.784174
vt 0.687626 0.656458
vt 0.708670 0.536310
vt 0.661950 0.450596
vt 0.734731 0.374714
vt 0.647916 0.337532
vt 0.640773 0.222061
vt 0.735871 0.219861
vt 0.640702 0.528508
vt 0.788803 0.072343
vt 0.564670 0.089050
vt 0.594174 0.656457
vt 0.577679 0.501584
vt 0.578164 0.344177
vt 0.557111 0.212578
vt 0.516974 0.595733
vt 0.497714 0.467425
vt 0.546875 1.000000
vt 0.457829 0.908588
vt 0.585013 0.803330
vt 0.451480 0.812500
vt 0.514823 0.345229
vt 0.458799 0.188084
vt 0.499777 0.717324
vt 0.454401 0.593079
vt 0.441740 0.335389
vt 0.391875 0.748693
vt 0.421981 0.490903
vt 0.361793 0.643469
vt 0.313944 0.113007
vt 0.421875 0.000000
vt 0.387194 0.396148
vt 0.383029 0.216732
vt 0.301644 0.850100
vt 0.335915 0.291024
vt 0.375050 0.531126
vt 0.284666 0.577825
vt 0.288706 0.725069
vt 0.265887 0.314456
vt 0.186481 0.146965
vt 0.304861 0.485483
vt 0.233032 0.469165
vt 0.088892 0.950885
vt 0.147783 0.846091
vt 0.189353 0.406074
vt 0.207319 0.685740
vt 0.229928 0.603350
vt 0.155157 0.563383
vt 0.045669 0.087485
vt 0.203125 0.000000
vt 0.203125 0.282719
vt 0.140450 0.344103
vt 0.140350 0.216413
vt 0.109364 0.468871
vt 0.077383 0.342591
vt 0.046687 0.718339
vt 0.148074 0.722186
vt 0.055952 0.216483
vt 0.079401 0.593078
vt 0.052586 0.456926
vt 0.021909 0.841310
vt 0.015008 0.347251
vt 0.016901 0.593078
vt 0.000000 0.250000
vt 0.982835 0.841310
vt 0.956450 0.696292
vt 1.000000 0.718339
vt 1.000000 0.593078
vt 1.000000 0.347251
vt 0.987434 0.478108
vt 0.951773 0.342242
vt 0.882945 0.963395
vt 0.880325 0.845728
vt 0.867237 0.722004
vt 0.935643 0.506741
vt 0.889275 0.346242
vt 0.858422 0.159163
vt 0.960374 0.087485
vt 0.890352 0.606638
vt 0.845867 0.497595
vt 0.814470 0.281348
vt 0.941157 0.235559
vt 0.812346 0.406627
vt 0.785904 0.648523
vt 0.765625 0.536451
vt 0.329601 0.406417
vt 0.005171 0.462713
vt 1.000000 0.187500
s 0
g Sphere.002_Mat_Coral_Ponta_10.009
usemtl Mat_Coral_Ponta_10.009
f 1139/1602/1839 1151/1603/1839 1143/1604/1839
f 1139/1602/1840 1143/1604/1840 1144/1605/1840
f 1141/1606/1841 1147/1607/1841 1140/1608/1841
f 1148/1609/1842 1149/1610/1842 1142/1611/1842
f 1144/1605/1843 1145/1612/1843 1141/1606/1843
f 1141/1606/1844 1145/1612/1844 1147/1607/1844
f 1147/1607/1845 1148/1609/1845 1140/1608/1845
f 1146/1613/1846 1149/1610/1846 1159/1614/1846
f 1152/1615/1847 1153/1616/1847 1145/1612/1847
f 1145/1612/1848 1153/1616/1848 1147/1607/1848
f 1154/1617/1849 1156/1618/1849 1149/1610/1849
f 1153/1616/1850 1157/1619/1850 1161/1620/1850
f 1151/1603/1851 1150/1621/1851 1170/1622/1851
f 1151/1603/1852 1170/1622/1852 1155/1623/1852
f 1170/1622/1853 1164/1624/1853 1155/1623/1853
f 1158/1625/1854 1166/1626/1854 1156/1618/1854
f 1160/1627/1855 1162/1628/1855 1157/1619/1855
f 1158/1625/1856 1161/1620/1856 1163/1629/1856
f 1164/1624/1857 1171/1630/1857 1160/1627/1857
f 1161/1620/1858 1162/1628/1858 1165/1631/1858
f 1171/1630/1859 1167/1632/1859 1162/1628/1859
f 1166/1626/1860 1176/1633/1860 1159/1614/1860
f 1146/1634/1861 1159/1614/1861 1176/1633/1861
f 1165/1631/1862 1168/1635/1862 1163/1629/1862
f 1163/1629/1863 1169/1636/1863 1166/1626/1863
f 1177/1637/1864 1171/1630/1864 1164/1624/1864
f 1163/1629/1865 1168/1635/1865 1174/1638/1865
f 1166/1626/1866 1169/1636/1866 1176/1633/1866
f 1167/1632/1867 1172/1639/1867 1165/1631/1867
f 1172/1639/1868 1168/1635/1868 1165/1631/1868
f 1174/1638/1869 1176/1633/1869 1169/1636/1869
f 1167/1632/1870 1179/1640/1870 1172/1639/1870
f 1178/1641/1871 1179/1640/1871 1167/1632/1871
f 1180/1642/1872 1185/1643/1872 1176/1633/1872
f 1175/1644/1873 1179/1640/1873 1182/1645/1873
f 1150/1646/1874 1191/1647/1874 1177/1637/1874
f 1182/1645/1875 1187/1648/1875 1180/1642/1875
f 1177/1637/1876 1183/1649/1876 1178/1641/1876
f 1181/1650/1877 1183/1649/1877 1189/1651/1877
f 1176/1633/1878 1185/1643/1878 1202/1652/1878
f 1146/1653/1879 1176/1633/1879 1202/1652/1879
f 1184/1654/1880 1190/1655/1880 1188/1656/1880
f 1189/1651/1881 1192/1657/1881 1187/1648/1881
f 1190/1655/1882 1192/1657/1882 1195/1658/1882
f 1191/1647/1883 1197/1659/1883 1186/1660/1883
f 1185/1643/1884 1196/1661/1884 1202/1652/1884
f 1192/1657/1885 1193/1662/1885 1194/1663/1885
f 1191/1647/1886 1150/1646/1886 1200/1664/1886
f 1194/1663/1887 1199/1665/1887 1195/1658/1887
f 1197/1659/1888 1198/1666/1888 1193/1662/1888
f 1199/1665/1889 1207/1667/1889 1196/1661/1889
f 1200/1668/1890 1203/1669/1890 1197/1670/1890
f 1197/1670/1891 1203/1669/1891 1198/1671/1891
f 1199/1672/1892 1201/1673/1892 1205/1674/1892
f 1150/1675/1893 1210/1676/1893 1200/1668/1893
f 1210/1676/1894 1211/1677/1894 1203/1669/1894
f 1205/1674/1895 1204/1678/1895 1206/1679/1895
f 1212/1680/1896 1146/1613/1896 1202/1681/1896
f 1204/1678/1897 1208/1682/1897 1209/1683/1897
f 1206/1679/1898 1215/1684/1898 1207/1685/1898
f 1206/1679/1899 1209/1683/1899 1214/1686/1899
f 1211/1677/1900 1213/1687/1900 1208/1682/1900
f 1212/1680/1901 1215/1684/1901 1142/1611/1901
f 1212/1680/1902 1142/1611/1902 1146/1613/1902
f 1213/1687/1903 1216/1688/1903 1209/1683/1903
f 1216/1688/1904 1140/1608/1904 1214/1686/1904
f 1140/1608/1905 1216/1688/1905 1141/1606/1905
f 1213/1687/1906 1139/1602/1906 1144/1605/1906
f 1152/1615/1907 1143/1604/1907 1155/1623/1907
f 1140/1608/1908 1148/1609/1908 1142/1611/1908
f 1142/1611/1909 1149/1610/1909 1146/1613/1909
f 1151/1603/1910 1155/1623/1910 1143/1604/1910
f 1154/1617/1911 1147/1607/1911 1153/1616/1911
f 1145/1612/1912 1144/1605/1912 1152/1615/1912
f 1148/1609/1913 1154/1617/1913 1149/1610/1913
f 1149/1610/1914 1156/1618/1914 1159/1614/1914
f 1158/1625/1915 1153/1616/1915 1161/1620/1915
f 1152/1615/1916 1155/1623/1916 1160/1627/1916
f 1152/1615/1917 1160/1627/1917 1157/1619/1917
f 1153/1616/1918 1152/1615/1918 1157/1619/1918
f 1173/1689/1919 1172/1639/1919 1175/1644/1919
f 1154/1617/1920 1158/1625/1920 1156/1618/1920
f 1155/1623/1921 1164/1624/1921 1160/1627/1921
f 1159/1614/1922 1156/1618/1922 1166/1626/1922
f 1161/1620/1923 1157/1619/1923 1162/1628/1923
f 1158/1625/1924 1163/1629/1924 1166/1626/1924
f 1161/1620/1925 1165/1631/1925 1163/1629/1925
f 1160/1627/1926 1171/1630/1926 1162/1628/1926
f 1162/1628/1927 1167/1632/1927 1165/1631/1927
f 1170/1622/1928 1177/1637/1928 1164/1624/1928
f 1163/1629/1929 1174/1638/1929 1169/1636/1929
f 1181/1650/1930 1178/1641/1930 1183/1649/1930
f 1174/1638/1931 1168/1635/1931 1173/1689/1931
f 1171/1630/1932 1177/1637/1932 1178/1641/1932
f 1167/1632/1933 1171/1630/1933 1178/1641/1933
f 1175/1644/1934 1172/1639/1934 1179/1640/1934
f 1177/1637/1935 1170/1622/1935 1150/1646/1935
f 1173/1689/1936 1175/1644/1936 1180/1642/1936
f 1174/1638/1937 1173/1689/1937 1180/1642/1937
f 1174/1638/1938 1180/1642/1938 1176/1633/1938
f 1191/1647/1939 1183/1649/1939 1177/1637/1939
f 1175/1644/1940 1182/1645/1940 1180/1642/1940
f 1182/1645/1941 1179/1640/1941 1181/1650/1941
f 1180/1642/1942 1187/1648/1942 1184/1654/1942
f 1180/1642/1943 1184/1654/1943 1185/1643/1943
f 1182/1645/1944 1181/1650/1944 1189/1651/1944
f 1182/1645/1945 1189/1651/1945 1187/1648/1945
f 1188/1656/1946 1195/1658/1946 1196/1661/1946
f 1184/1654/1947 1187/1648/1947 1190/1655/1947
f 1185/1643/1948 1184/1654/1948 1188/1656/1948
f 1183/1649/1949 1186/1660/1949 1189/1651/1949
f 1190/1655/1950 1187/1648/1950 1192/1657/1950
f 1193/1662/1951 1186/1660/1951 1197/1659/1951
f 1198/1666/1952 1194/1663/1952 1193/1662/1952
f 1188/1656/1953 1196/1661/1953 1185/1643/1953
f 1192/1657/1954 1189/1651/1954 1193/1662/1954
f 1195/1658/1955 1192/1657/1955 1194/1663/1955
f 1191/1647/1956 1200/1664/1956 1197/1659/1956
f 1195/1658/1957 1199/1665/1957 1196/1661/1957
f 1194/1663/1958 1201/1690/1958 1199/1665/1958
f 1199/1672/1959 1205/1674/1959 1207/1685/1959
f 1202/1681/1960 1196/1691/1960 1207/1685/1960
f 1198/1671/1961 1203/1669/1961 1204/1678/1961
f 1201/1673/1962 1198/1671/1962 1204/1678/1962
f 1203/1669/1963 1208/1682/1963 1204/1678/1963
f 1205/1674/1964 1201/1673/1964 1204/1678/1964
f 1200/1668/1965 1210/1676/1965 1203/1669/1965
f 1205/1674/1966 1206/1679/1966 1207/1685/1966
f 1203/1669/1967 1211/1677/1967 1208/1682/1967
f 1202/1681/1968 1207/1685/1968 1212/1680/1968
f 1206/1679/1969 1204/1678/1969 1209/1683/1969
f 1212/1680/1970 1207/1685/1970 1215/1684/1970
f 1141/1606/1971 1213/1687/1971 1144/1605/1971
f 1206/1679/1972 1214/1686/1972 1215/1684/1972
f 1150/1675/1973 1151/1603/1973 1210/1676/1973
f 1210/1676/1974 1139/1602/1974 1211/1677/1974
f 1208/1682/1975 1213/1687/1975 1209/1683/1975
f 1213/1687/1976 1211/1677/1976 1139/1602/1976
f 1209/1683/1977 1216/1688/1977 1214/1686/1977
f 1210/1676/1978 1151/1603/1978 1139/1602/1978
f 1214/1686/1979 1140/1608/1979 1215/1684/1979
f 1215/1684/1980 1140/1608/1980 1142/1611/1980
f 1152/1615/1981 1144/1605/1981 1143/1604/1981
f 1154/1617/1982 1148/1609/1982 1147/1607/1982
f 1158/1625/1983 1154/1617/1983 1153/1616/1983
f 1173/1689/1984 1168/1635/1984 1172/1639/1984
f 1181/1650/1985 1179/1640/1985 1178/1641/1985
f 1191/1647/1986 1186/1660/1986 1183/1649/1986
f 1188/1656/1987 1190/1655/1987 1195/1658/1987
f 1193/1662/1988 1189/1651/1988 1186/1660/1988
f 1198/1666/1989 1201/1690/1989 1194/1663/1989
f 1141/1606/1990 1216/1688/1990 1213/1687/1990
o Cylinder.006
v 0.360000 -1.407853 0.000000
v 0.360000 -1.407853 0.800000
v 0.315000 -1.395795 0.000000
v 0.315000 -1.395795 0.800000
v 0.282058 -1.362853 0.000000
v 0.282058 -1.362853 0.800000
v 0.270000 -1.317853 0.000000
v 0.270000 -1.317853 0.800000
v 0.282058 -1.272853 0.000000
v 0.282058 -1.272853 0.800000
v 0.315000 -1.239911 0.000000
v 0.315000 -1.239911 0.800000
v 0.360000 -1.227853 0.000000
v 0.360000 -1.227853 0.800000
v 0.405000 -1.239911 0.000000
v 0.405000 -1.239911 0.800000
v 0.437942 -1.272853 0.000000
v 0.437942 -1.272853 0.800000
v 0.450000 -1.317853 0.000000
v 0.450000 -1.317853 0.800000
v 0.437942 -1.362853 0.000000
v 0.437942 -1.362853 0.800000
v 0.405000 -1.395795 0.000000
v 0.405000 -1.395795 0.800000
vn -0.0000 -0.7572 -0.6532
vn -0.0000 -0.7572 0.6532
vn -0.3786 -0.6557 -0.6532
vn -0.3786 -0.6557 0.6532
vn -0.6557 -0.3786 -0.6532
vn -0.6557 -0.3786 0.6532
vn -0.7572 -0.0000 -0.6532
vn -0.7572 -0.0000 0.6532
vn -0.6557 0.3786 -0.6532
vn -0.6557 0.3786 0.6532
vn -0.3786 0.6557 -0.6532
vn -0.3786 0.6557 0.6532
vn -0.0000 0.7572 -0.6532
vn -0.0000 0.7572 0.6532
vn 0.3786 0.6557 -0.6532
vn 0.3786 0.6557 0.6532
vn 0.6557 0.3786 -0.6532
vn 0.6557 0.3786 0.6532
vn 0.7572 -0.0000 -0.6532
vn 0.7572 -0.0000 0.6532
vn 0.6557 -0.3786 -0.6532
vn 0.6557 -0.3786 0.6532
vn 0.3786 -0.6557 -0.6532
vn 0.3786 -0.6557 0.6532
vt 1.000000 1.000000
vt 0.916667 0.500000
vt 1.000000 0.500000
vt 0.916667 1.000000
vt 0.833333 0.500000
vt 0.833333 1.000000
vt 0.750000 0.500000
vt 0.750000 1.000000
vt 0.666667 0.500000
vt 0.666667 1.000000
vt 0.583333 0.500000
vt 0.583333 1.000000
vt 0.500000 0.500000
vt 0.500000 1.000000
vt 0.416667 0.500000
vt 0.416667 1.000000
vt 0.333333 0.500000
vt 0.333333 1.000000
vt 0.250000 0.500000
vt 0.250000 1.000000
vt 0.166667 0.500000
vt 0.042154 0.370000
vt 0.250000 0.010000
vt 0.457846 0.370000
vt 0.166667 1.000000
vt 0.083333 0.500000
vt 0.083333 1.000000
vt 0.000000 0.500000
vt 0.990000 0.250000
vt 0.630000 0.042154
vt 0.630000 0.457846
vt 0.370000 0.457846
vt 0.250000 0.490000
vt 0.130000 0.457846
vt 0.010000 0.250000
vt 0.042154 0.130000
vt 0.130000 0.042154
vt 0.370000 0.042154
vt 0.457846 0.130000
vt 0.490000 0.250000
vt 0.000000 1.000000
vt 0.750000 0.490000
vt 0.870000 0.457846
vt 0.957846 0.370000
vt 0.957846 0.130000
vt 0.870000 0.042154
vt 0.750000 0.010000
vt 0.542154 0.130000
vt 0.510000 0.250000
vt 0.542154 0.370000
s 1
g Cylinder.006_Mat_Coral_Teal_60.006
usemtl Mat_Coral_Teal_60.006
f 1218/1692/1992 1219/1693/1993 1217/1694/1991
f 1220/1695/1994 1221/1696/1995 1219/1693/1993
f 1222/1697/1996 1223/1698/1997 1221/1696/1995
f 1224/1699/1998 1225/1700/1999 1223/1698/1997
f 1226/1701/2000 1227/1702/2001 1225/1700/1999
f 1228/1703/2002 1229/1704/2003 1227/1702/2001
f 1230/1705/2004 1231/1706/2005 1229/1704/2003
f 1232/1707/2006 1233/1708/2007 1231/1706/2005
f 1234/1709/2008 1235/1710/2009 1233/1708/2007
f 1236/1711/2010 1237/1712/2011 1235/1710/2009
f 1238/1713/2012 1230/1714/2004 1222/1715/1996
f 1238/1716/2012 1239/1717/2013 1237/1712/2011
f 1240/1718/2014 1217/1719/1991 1239/1717/2013
f 1223/1720/1997 1231/1721/2005 1239/1722/2013
f 1218/1692/1992 1220/1695/1994 1219/1693/1993
f 1220/1695/1994 1222/1697/1996 1221/1696/1995
f 1222/1697/1996 1224/1699/1998 1223/1698/1997
f 1224/1699/1998 1226/1701/2000 1225/1700/1999
f 1226/1701/2000 1228/1703/2002 1227/1702/2001
f 1228/1703/2002 1230/1705/2004 1229/1704/2003
f 1230/1705/2004 1232/1707/2006 1231/1706/2005
f 1232/1707/2006 1234/1709/2008 1233/1708/2007
f 1234/1709/2008 1236/1711/2010 1235/1710/2009
f 1236/1711/2010 1238/1716/2012 1237/1712/2011
f 1222/1715/1996 1220/1723/1994 1218/1724/1992
f 1218/1724/1992 1240/1725/2014 1238/1713/2012
f 1238/1713/2012 1236/1726/2010 1234/1727/2008
f 1234/1727/2008 1232/1728/2006 1230/1714/2004
f 1230/1714/2004 1228/1729/2002 1226/1730/2000
f 1226/1730/2000 1224/1731/1998 1222/1715/1996
f 1222/1715/1996 1218/1724/1992 1238/1713/2012
f 1238/1713/2012 1234/1727/2008 1230/1714/2004
f 1230/1714/2004 1226/1730/2000 1222/1715/1996
f 1238/1716/2012 1240/1718/2014 1239/1717/2013
f 1240/1718/2014 1218/1732/1992 1217/1719/1991
f 1239/1722/2013 1217/1733/1991 1219/1734/1993
f 1219/1734/1993 1221/1735/1995 1223/1720/1997
f 1223/1720/1997 1225/1736/1999 1227/1737/2001
f 1227/1737/2001 1229/1738/2003 1231/1721/2005
f 1231/1721/2005 1233/1739/2007 1235/1740/2009
f 1235/1740/2009 1237/1741/2011 1239/1722/2013
f 1239/1722/2013 1219/1734/1993 1223/1720/1997
f 1223/1720/1997 1227/1737/2001 1231/1721/2005
f 1231/1721/2005 1235/1740/2009 1239/1722/2013
o Torus.008
v 0.250860 -1.338387 0.800358
v 0.255404 -1.312516 0.814832
v 0.285784 -1.322230 0.809757
v 0.289271 -1.327165 0.800000
v 0.284286 -1.327445 0.785272
v 0.255843 -1.307025 0.784901
v 0.257854 -1.353374 0.810330
v 0.284903 -1.363408 0.819802
v 0.257153 -1.352098 0.789886
v 0.275325 -1.374431 0.817620
v 0.278813 -1.372626 0.780230
v 0.301702 -1.363168 0.790139
v 0.275644 -1.389671 0.794609
v 0.307901 -1.374455 0.814690
v 0.310677 -1.369165 0.800000
v 0.301404 -1.374178 0.782726
v 0.283933 -1.394642 0.809848
v 0.328857 -1.406345 0.780046
v 0.310926 -1.417365 0.800000
v 0.327076 -1.421130 0.810073
v 0.326414 -1.408130 0.819909
v 0.344446 -1.390642 0.810064
v 0.318782 -1.413919 0.784677
v 0.347497 -1.387467 0.800000
v 0.338543 -1.391252 0.785305
v 0.358759 -1.399101 0.817253
v 0.348035 -1.427270 0.794044
v 0.375582 -1.421295 0.815227
v 0.393758 -1.423746 0.800000
v 0.399086 -1.401365 0.820000
v 0.369212 -1.388441 0.794109
v 0.385503 -1.418395 0.783796
v 0.393958 -1.385815 0.814273
v 0.397072 -1.395726 0.780170
v 0.418532 -1.409089 0.810073
v 0.400615 -1.375816 0.794485
v 0.419071 -1.408828 0.790174
v 0.435615 -1.386582 0.817544
v 0.434809 -1.360047 0.819977
v 0.424065 -1.348843 0.804832
v 0.433947 -1.352699 0.782858
v 0.443729 -1.391072 0.804111
v 0.430069 -1.341638 0.790757
v 0.452838 -1.341705 0.780066
v 0.443857 -1.380144 0.784569
v 0.465704 -1.349221 0.806169
v 0.465909 -1.339737 0.789670
v 0.457433 -1.316312 0.819933
v 0.436046 -1.323003 0.814546
v 0.470717 -1.310596 0.800000
v 0.448492 -1.286710 0.780046
v 0.465902 -1.294728 0.810073
v 0.429449 -1.304816 0.804712
v 0.431485 -1.290771 0.785938
v 0.462602 -1.295047 0.785217
v 0.427260 -1.271096 0.817303
v 0.456679 -1.264138 0.800000
v 0.440529 -1.256401 0.817457
v 0.441777 -1.251109 0.785057
v 0.439396 -1.241048 0.806520
v 0.415979 -1.273869 0.805267
v 0.399090 -1.228871 0.819565
v 0.410956 -1.259816 0.785121
v 0.410803 -1.236888 0.780096
v 0.396797 -1.213212 0.795151
v 0.401383 -1.217945 0.809652
v 0.380588 -1.244289 0.814339
v 0.382199 -1.250626 0.799758
v 0.374947 -1.243560 0.785975
v 0.377855 -1.218440 0.782653
v 0.353728 -1.209889 0.810330
v 0.349666 -1.221376 0.819826
v 0.347943 -1.237412 0.782667
v 0.350509 -1.207448 0.794970
v 0.339520 -1.244403 0.814388
v 0.342151 -1.249342 0.794809
v 0.324392 -1.231889 0.780000
v 0.326632 -1.219553 0.784422
v 0.307821 -1.220962 0.806216
v 0.297607 -1.244897 0.820003
v 0.303675 -1.259257 0.817274
v 0.305483 -1.270778 0.806559
v 0.305137 -1.264882 0.785518
v 0.295304 -1.231448 0.790145
v 0.280932 -1.240779 0.804751
v 0.264026 -1.276293 0.815222
v 0.296945 -1.285939 0.800228
v 0.272669 -1.288208 0.780000
v 0.272893 -1.259142 0.784473
v 0.254952 -1.281217 0.799619
v 0.288092 -1.293072 0.785380
v 0.273547 -1.312326 0.819880
vn 0.7011 0.1548 0.6960
vn -0.2575 -0.0214 -0.9660
vn -0.8949 -0.0747 -0.4400
vn -0.2674 -0.0427 0.9626
vn -0.1770 -0.0409 0.9834
vn -0.9010 -0.4333 -0.0193
vn 0.7994 0.3205 -0.5082
vn 0.1158 0.0963 -0.9886
vn -0.8984 -0.4379 0.0335
vn -0.8118 -0.5162 0.2731
vn 0.1204 0.1841 -0.9755
vn -0.1102 -0.0999 0.9889
vn 0.4146 0.8284 0.3767
vn 0.2978 0.5276 -0.7956
vn -0.4588 -0.5215 -0.7194
vn -0.5155 -0.7406 -0.4309
vn 0.1701 0.2251 -0.9594
vn 0.4180 0.8843 0.2082
vn -0.2514 -0.9670 0.0417
vn -0.0863 -0.6039 0.7924
vn -0.0437 -0.4782 -0.8771
vn -0.0536 -0.6495 -0.7585
vn 0.0474 -0.9758 0.2136
vn 0.0228 -0.2582 0.9658
vn -0.0392 0.4086 0.9119
vn 0.0338 0.9119 -0.4090
vn -0.0543 0.3594 -0.9316
vn -0.1223 0.5144 0.8488
vn -0.0960 0.9953 -0.0118
vn 0.0286 -0.1721 -0.9847
vn 0.2926 -0.8258 0.4821
vn -0.2299 0.5948 -0.7703
vn 0.3225 -0.8376 -0.4409
vn 0.2339 -0.4615 0.8557
vn 0.2590 -0.5029 0.8247
vn 0.5495 -0.8205 -0.1575
vn 0.5370 -0.8357 0.1146
vn 0.5684 -0.6134 0.5484
vn 0.1021 -0.0877 0.9909
vn -0.5227 0.3665 -0.7698
vn 0.1412 -0.1477 -0.9789
vn 0.6704 -0.6494 -0.3588
vn 0.7168 -0.4043 0.5681
vn 0.5532 -0.1993 0.8088
vn -0.7666 0.1181 0.6312
vn -0.2849 0.1484 0.9470
vn -0.7396 0.0923 0.6667
vn -0.9335 0.1132 -0.3402
vn 0.3585 0.0280 -0.9331
vn 0.5953 -0.0359 -0.8027
vn -0.9954 0.0188 -0.0939
vn 0.8848 0.0191 -0.4656
vn 0.9573 0.2892 0.0019
vn -0.8555 -0.3658 -0.3664
vn 0.4418 0.2062 -0.8731
vn 0.9346 0.2824 -0.2160
vn -0.2756 -0.2075 -0.9386
vn 0.7991 0.3771 -0.4682
vn -0.8318 -0.5550 0.0013
vn 0.7538 0.6231 -0.2085
vn 0.2351 0.1788 -0.9554
vn -0.1493 -0.1520 0.9770
vn -0.4363 -0.6967 0.5694
vn 0.5766 0.7625 -0.2935
vn -0.0374 -0.2802 0.9592
vn 0.1220 0.9839 0.1308
vn 0.0018 -0.2306 0.9731
vn 0.0101 0.1549 -0.9879
vn 0.0030 -0.9695 0.2450
vn -0.2467 0.9477 0.2023
vn -0.2245 0.6668 0.7106
vn -0.2509 0.5614 0.7886
vn 0.1332 -0.1305 0.9825
vn 0.0636 -0.2006 -0.9776
vn -0.3848 0.8810 -0.2752
vn 0.4276 -0.8686 -0.2504
vn -0.2720 0.3681 -0.8891
vn -0.3177 0.4301 -0.8450
vn -0.4656 0.5825 0.6663
vn 0.8865 -0.4415 -0.1383
vn -0.1647 0.1513 -0.9747
vn -0.7126 0.6369 -0.2943
vn 0.2785 -0.1638 -0.9464
vn -0.8188 0.5478 -0.1715
vn 0.2339 -0.0852 0.9685
vn 0.7392 -0.3928 0.5471
vn 0.8750 -0.3554 -0.3288
vn -0.8729 0.2030 0.4436
vn 0.8978 -0.1694 0.4065
vn 0.8798 -0.1613 -0.4471
vn 0.3201 -0.0324 -0.9468
vn -0.9813 0.0725 0.1784
vn 0.9427 -0.1034 -0.3171
vn -0.8808 -0.1037 0.4619
vn 0.5075 0.0346 -0.8610
vn -0.5060 -0.1244 0.8535
vn -0.4897 -0.1099 -0.8649
vn 0.8723 0.3841 -0.3025
vn 0.3108 0.2190 0.9249
vn -0.3569 -0.5751 0.7361
vn 0.7857 0.4004 -0.4716
vn -0.7641 -0.4878 0.4222
vn -0.6644 -0.4059 -0.6276
vn -0.6232 -0.7774 0.0854
vn -0.4652 -0.7538 0.4641
vn 0.8641 -0.4409 -0.2427
vn 0.3531 0.3298 0.8755
vn 0.6000 0.7976 -0.0611
vn -0.2044 -0.2982 -0.9324
vn 0.4108 0.8264 0.3852
vn 0.3978 0.8003 -0.4485
vn 0.0332 0.1709 0.9847
vn -0.2936 -0.8893 -0.3506
vn -0.0208 0.9712 -0.2374
vn -0.0367 -0.9483 0.3152
vn 0.1326 0.9330 0.3346
vn 0.1188 -0.9232 -0.3654
vn -0.0455 0.3320 0.9422
vn -0.3564 0.8767 0.3231
vn 0.1697 -0.2395 -0.9560
vn 0.2822 -0.4131 -0.8658
vn -0.2851 0.2470 0.9261
vn -0.4418 0.5423 0.7146
vn -0.7654 0.6401 0.0660
vn -0.5853 0.5394 -0.6054
vn 0.8456 0.4310 0.3151
vn -0.7568 0.6535 0.0117
vn -0.3251 0.3339 -0.8848
vn 0.5985 -0.2298 -0.7675
vn 0.4037 0.5668 0.7182
vn 0.1662 -0.0850 0.9824
vn -0.1397 -0.0114 -0.9901
vn 0.9880 -0.1390 -0.0676
vn 0.8773 -0.0375 0.4784
vn 0.8047 -0.0453 0.5919
vn -0.9057 -0.0149 -0.4237
vn -0.3343 0.0335 -0.9419
vn -0.2172 -0.0884 0.9721
vn -0.9362 -0.1747 0.3050
vn 0.5159 0.1802 0.8375
vn 0.7396 0.4010 0.5405
vn 0.7646 0.4104 0.4969
vn -0.6606 -0.2999 0.6882
vn 0.0957 0.0680 0.9931
vn -0.8179 -0.5472 -0.1777
vn -0.2756 -0.2076 -0.9386
vn 0.5228 0.8452 0.1105
vn 0.0972 0.6135 0.7837
vn -0.5752 -0.7716 0.2717
vn -0.4648 -0.7764 -0.4257
vn 0.4014 0.6486 -0.6466
vn -0.1193 -0.2133 -0.9697
vn 0.2980 0.6315 -0.7158
vn -0.4042 -0.8827 -0.2399
vn 0.1646 0.9519 0.2586
vn -0.0289 -0.5690 -0.8218
vn 0.1077 0.8485 -0.5181
vn -0.0776 -0.9175 0.3901
vn 0.0296 -0.8831 -0.4683
vn -0.0300 -0.5356 -0.8440
vn -0.0704 -0.6945 -0.7160
vn -0.0399 0.3436 -0.9383
vn -0.0398 0.6999 -0.7131
vn 0.1307 -0.2820 0.9505
vn -0.3506 0.9042 -0.2441
vn 0.5492 -0.7898 0.2730
vn 0.4385 -0.7368 -0.5147
vn 0.3146 -0.6195 0.7192
vn -0.5896 0.8050 -0.0660
vn -0.5334 0.4627 0.7081
vn 0.4134 -0.3797 -0.8276
vn -0.8147 0.4826 0.3215
vn 0.8283 -0.4996 -0.2538
vn -0.2060 0.0717 0.9759
vn 0.5495 -0.1594 0.8202
vn -0.4192 0.1413 -0.8968
vn -0.7962 0.2787 -0.5370
vn -0.2682 0.0535 0.9619
vn -0.9816 0.0680 -0.1786
vn -0.3403 -0.4603 0.8200
vn 0.8640 -0.4418 -0.2414
vn 0.9094 0.3969 0.1243
vn 0.4030 0.5506 0.7311
vn 0.1210 0.6529 0.7477
vt 0.585872 0.776299
vt 0.509311 0.916667
vt 0.487982 0.776523
vt 0.590790 0.325439
vt 0.485272 0.377822
vt 0.447940 0.250000
vt 0.551150 0.416667
vt 0.529589 0.500000
vt 0.593581 0.666667
vt 0.494668 0.616481
vt 0.612977 0.463461
vt 0.553276 0.583333
vt 0.605106 0.083333
vt 0.621759 0.166667
vt 0.520224 0.125991
vt 0.625719 0.583333
vt 0.696143 0.250000
vt 0.698772 0.692885
vt 0.716512 0.916667
vt 0.628240 1.000000
vt 0.630650 0.868937
vt 0.703832 0.130497
vt 0.686830 0.372962
vt 0.677083 0.500000
vt 0.747484 0.833333
vt 0.733646 0.449265
vt 0.700900 0.583333
vt 0.775006 0.630079
vt 0.789329 0.351635
vt 0.799084 0.500000
vt 0.819558 0.750000
vt 0.772408 0.054347
vt 0.821256 0.204749
vt 0.826541 0.881301
vt 0.793142 1.000000
vt 0.840758 0.583333
vt 0.848950 0.045687
vt 0.841633 0.416667
vt 0.882750 0.666667
vt 0.887223 0.517167
vt 0.917299 0.786839
vt 0.947958 0.083333
vt 0.929941 0.166667
vt 0.955466 0.325283
vt 0.896755 0.373475
vt 0.954501 0.545940
vt 0.988371 0.682425
vt 0.984343 0.875256
vt 0.926340 0.973203
vt 1.000000 1.000000
vt 1.000000 0.000000
vt 0.935863 0.000000
vt 0.989583 0.250000
vt 1.000000 0.333333
vt 0.967565 0.416667
vt 0.018230 0.000000
vt 0.055447 0.104281
vt 0.000000 0.083333
vt 0.032941 0.385923
vt 0.015082 0.500000
vt 0.000000 0.416667
vt 0.080730 0.500000
vt 0.034234 0.583333
vt 0.102836 0.000000
vt 0.056120 0.250000
vt 0.106687 0.387526
vt 0.136368 0.134240
vt 0.181786 0.675760
vt 0.096506 0.833333
vt 0.023628 0.682425
vt 0.122774 0.553622
vt 0.163892 0.313352
vt 0.203471 0.879073
vt 0.108514 0.965873
vt 0.195216 0.468002
vt 0.264374 0.685826
vt 0.263080 0.463240
vt 0.259229 0.583333
vt 0.291790 0.882583
vt 0.312626 0.250000
vt 0.221746 0.333333
vt 0.282911 1.000000
vt 0.328346 0.550010
vt 0.364450 0.704219
vt 0.371765 0.833333
vt 0.376722 0.120015
vt 0.273595 0.166667
vt 0.352311 0.416667
vt 0.302081 0.361850
vt 0.354137 0.000000
vt 0.291420 0.036984
vt 0.404634 0.369645
vt 0.378705 0.531025
vt 0.425420 0.000000
vt 0.447689 0.128245
vt 0.446591 0.500000
vt 0.384808 0.937093
vt 0.425420 1.000000
vt 0.433022 0.628082
vt 0.520969 1.000000
vt 0.520969 0.000000
vt 0.628240 0.000000
vt 0.721741 1.000000
vt 0.721741 0.000000
vt 0.854137 1.000000
vt 0.187458 0.583333
vt 0.990669 0.500000
vt 1.000000 0.583333
vt 1.000000 0.166667
vt 0.010495 0.875256
vt 0.030714 0.969269
vt 0.103788 0.666667
vt 0.199260 1.000000
vt 0.199260 0.000000
vt 0.217690 0.116554
s 0
g Torus.008_Mat_Coral_Ponta_10.010
usemtl Mat_Coral_Ponta_10.010
f 1248/1742/2015 1243/1743/2015 1332/1744/2015
f 1251/1745/2016 1246/1746/2016 1328/1747/2016
f 1249/1748/2017 1241/1749/2017 1246/1746/2017
f 1250/1750/2018 1332/1744/2018 1242/1751/2018
f 1250/1750/2019 1248/1742/2019 1332/1744/2019
f 1253/1752/2020 1247/1753/2020 1241/1749/2020
f 1252/1754/2021 1256/1755/2021 1245/1756/2021
f 1256/1755/2022 1251/1745/2022 1245/1756/2022
f 1249/1748/2023 1253/1752/2023 1241/1749/2023
f 1253/1752/2024 1257/1757/2024 1247/1753/2024
f 1256/1755/2025 1258/1758/2025 1251/1745/2025
f 1250/1750/2026 1261/1759/2026 1248/1742/2026
f 1262/1760/2027 1255/1761/2027 1254/1762/2027
f 1265/1763/2028 1256/1755/2028 1252/1754/2028
f 1263/1764/2029 1253/1752/2029 1251/1745/2029
f 1263/1764/2030 1259/1765/2030 1253/1752/2030
f 1265/1763/2031 1258/1758/2031 1256/1755/2031
f 1266/1766/2032 1262/1760/2032 1254/1762/2032
f 1267/1767/2033 1260/1768/2033 1259/1765/2033
f 1260/1768/2034 1268/1769/2034 1261/1759/2034
f 1258/1758/2035 1272/1770/2035 1263/1764/2035
f 1272/1770/2036 1267/1767/2036 1263/1764/2036
f 1269/1771/2037 1268/1769/2037 1267/1767/2037
f 1268/1769/2038 1270/1772/2038 1261/1759/2038
f 1270/1772/2039 1266/1766/2039 1261/1759/2039
f 1271/1773/2040 1274/1774/2040 1265/1763/2040
f 1274/1774/2041 1258/1758/2041 1265/1763/2041
f 1266/1766/2042 1273/1775/2042 1262/1760/2042
f 1273/1775/2043 1271/1776/2043 1262/1760/2043
f 1274/1774/2044 1272/1770/2044 1258/1758/2044
f 1269/1771/2045 1275/1777/2045 1268/1769/2045
f 1276/1778/2046 1274/1774/2046 1271/1773/2046
f 1277/1779/2047 1269/1771/2047 1272/1770/2047
f 1275/1777/2048 1278/1780/2048 1268/1769/2048
f 1278/1780/2049 1270/1772/2049 1268/1769/2049
f 1282/1781/2050 1275/1777/2050 1269/1771/2050
f 1277/1779/2051 1282/1781/2051 1269/1771/2051
f 1282/1781/2052 1278/1780/2052 1275/1777/2052
f 1278/1780/2053 1279/1782/2053 1270/1772/2053
f 1283/1783/2054 1281/1784/2054 1276/1778/2054
f 1284/1785/2055 1285/1786/2055 1274/1774/2055
f 1285/1786/2056 1282/1781/2056 1277/1779/2056
f 1286/1787/2057 1278/1780/2057 1282/1781/2057
f 1286/1787/2058 1288/1788/2058 1278/1780/2058
f 1279/1782/2059 1289/1789/2059 1280/1790/2059
f 1288/1788/2060 1289/1789/2060 1279/1782/2060
f 1289/1789/2061 1293/1791/2061 1280/1790/2061
f 1293/1792/2062 1283/1783/2062 1280/1793/2062
f 1291/1794/2063 1295/1795/2063 1284/1785/2063
f 1295/1795/2064 1287/1796/2064 1284/1785/2064
f 1293/1797/2065 1294/1798/2065 1283/1799/2065
f 1295/1800/2066 1290/1801/2066 1287/1802/2066
f 1297/1803/2067 1292/1804/2067 1290/1801/2067
f 1301/1805/2068 1294/1798/2068 1293/1797/2068
f 1291/1806/2069 1299/1807/2069 1295/1800/2069
f 1295/1800/2070 1297/1803/2070 1290/1801/2070
f 1303/1808/2071 1291/1806/2071 1294/1798/2071
f 1299/1807/2072 1297/1803/2072 1295/1800/2072
f 1302/1809/2073 1296/1810/2073 1288/1811/2073
f 1299/1807/2074 1300/1812/2074 1297/1803/2074
f 1304/1813/2075 1299/1807/2075 1291/1806/2075
f 1302/1809/2076 1307/1814/2076 1296/1810/2076
f 1296/1810/2077 1307/1814/2077 1301/1815/2077
f 1305/1816/2078 1300/1812/2078 1299/1807/2078
f 1312/1817/2079 1307/1814/2079 1302/1809/2079
f 1314/1818/2080 1311/1819/2080 1305/1816/2080
f 1312/1817/2081 1315/1820/2081 1307/1814/2081
f 1317/1821/2082 1310/1822/2082 1304/1813/2082
f 1315/1820/2083 1316/1823/2083 1307/1814/2083
f 1314/1818/2084 1319/1824/2084 1311/1819/2084
f 1319/1824/2085 1312/1817/2085 1311/1819/2085
f 1319/1824/2086 1320/1825/2086 1312/1817/2086
f 1320/1825/2087 1321/1826/2087 1315/1820/2087
f 1323/1827/2088 1317/1821/2088 1313/1828/2088
f 1324/1829/2089 1319/1824/2089 1318/1830/2089
f 1322/1831/2090 1323/1827/2090 1316/1832/2090
f 1317/1821/2091 1329/1833/2091 1318/1830/2091
f 1329/1833/2092 1324/1829/2092 1318/1830/2092
f 1325/1834/2093 1320/1825/2093 1319/1824/2093
f 1327/1835/2094 1323/1827/2094 1322/1831/2094
f 1328/1747/2095 1329/1833/2095 1317/1821/2095
f 1329/1833/2096 1325/1834/2096 1324/1829/2096
f 1331/1836/2097 1328/1747/2097 1323/1827/2097
f 1329/1833/2098 1330/1837/2098 1325/1834/2098
f 1320/1825/2099 1332/1744/2099 1321/1826/2099
f 1332/1744/2100 1322/1838/2100 1321/1826/2100
f 1243/1743/2101 1327/1839/2101 1322/1838/2101
f 1330/1837/2102 1242/1751/2102 1326/1840/2102
f 1243/1743/2103 1244/1841/2103 1327/1839/2103
f 1244/1842/2104 1331/1836/2104 1327/1835/2104
f 1245/1756/2105 1328/1747/2105 1331/1836/2105
f 1241/1749/2106 1242/1751/2106 1330/1837/2106
f 1244/1842/2107 1245/1756/2107 1331/1836/2107
f 1241/1749/2108 1247/1753/2108 1242/1751/2108
f 1245/1756/2109 1251/1745/2109 1328/1747/2109
f 1247/1753/2110 1250/1750/2110 1242/1751/2110
f 1246/1746/2111 1251/1745/2111 1249/1748/2111
f 1244/1842/2112 1252/1754/2112 1245/1756/2112
f 1248/1742/2113 1254/1762/2113 1243/1743/2113
f 1261/1759/2114 1257/1757/2114 1260/1768/2114
f 1244/1842/2115 1255/1843/2115 1252/1754/2115
f 1247/1753/2116 1257/1757/2116 1250/1750/2116
f 1251/1745/2117 1253/1752/2117 1249/1748/2117
f 1253/1752/2118 1259/1765/2118 1257/1757/2118
f 1259/1765/2119 1260/1768/2119 1257/1757/2119
f 1286/1787/2120 1285/1786/2120 1287/1796/2120
f 1248/1742/2121 1261/1759/2121 1254/1762/2121
f 1255/1843/2122 1265/1763/2122 1252/1754/2122
f 1258/1758/2123 1263/1764/2123 1251/1745/2123
f 1262/1760/2124 1264/1844/2124 1255/1761/2124
f 1255/1843/2125 1264/1845/2125 1265/1763/2125
f 1261/1759/2126 1266/1766/2126 1254/1762/2126
f 1263/1764/2127 1267/1767/2127 1259/1765/2127
f 1264/1845/2128 1271/1773/2128 1265/1763/2128
f 1267/1767/2129 1268/1769/2129 1260/1768/2129
f 1262/1760/2130 1271/1776/2130 1264/1844/2130
f 1267/1767/2131 1272/1770/2131 1269/1771/2131
f 1270/1772/2132 1273/1775/2132 1266/1766/2132
f 1273/1775/2133 1276/1846/2133 1271/1776/2133
f 1274/1774/2134 1285/1786/2134 1272/1770/2134
f 1272/1770/2135 1285/1786/2135 1277/1779/2135
f 1270/1772/2136 1279/1782/2136 1273/1775/2136
f 1279/1782/2137 1280/1790/2137 1273/1775/2137
f 1273/1775/2138 1280/1790/2138 1276/1846/2138
f 1276/1778/2139 1281/1784/2139 1274/1774/2139
f 1244/1841/2140 1254/1762/2140 1255/1761/2140
f 1280/1793/2141 1283/1783/2141 1276/1778/2141
f 1281/1784/2142 1284/1785/2142 1274/1774/2142
f 1285/1786/2143 1284/1785/2143 1287/1796/2143
f 1302/1809/2144 1300/1812/2144 1306/1847/2144
f 1278/1780/2145 1288/1788/2145 1279/1782/2145
f 1281/1784/2146 1291/1794/2146 1284/1785/2146
f 1287/1796/2147 1290/1848/2147 1286/1787/2147
f 1290/1848/2148 1292/1849/2148 1286/1787/2148
f 1286/1787/2149 1292/1849/2149 1288/1788/2149
f 1283/1783/2150 1294/1850/2150 1281/1784/2150
f 1281/1784/2151 1294/1850/2151 1291/1794/2151
f 1288/1811/2152 1296/1810/2152 1289/1851/2152
f 1289/1851/2153 1296/1810/2153 1293/1852/2153
f 1292/1804/2154 1298/1853/2154 1288/1811/2154
f 1297/1803/2155 1300/1812/2155 1292/1804/2155
f 1292/1804/2156 1300/1812/2156 1298/1853/2156
f 1296/1810/2157 1301/1815/2157 1293/1852/2157
f 1298/1853/2158 1302/1809/2158 1288/1811/2158
f 1301/1805/2159 1303/1808/2159 1294/1798/2159
f 1303/1808/2160 1304/1813/2160 1291/1806/2160
f 1300/1812/2161 1305/1816/2161 1306/1847/2161
f 1302/1809/2162 1311/1819/2162 1312/1817/2162
f 1301/1815/2163 1307/1814/2163 1308/1854/2163
f 1301/1805/2164 1308/1855/2164 1303/1808/2164
f 1304/1813/2165 1305/1816/2165 1299/1807/2165
f 1303/1808/2166 1309/1856/2166 1304/1813/2166
f 1304/1813/2167 1310/1822/2167 1305/1816/2167
f 1308/1855/2168 1309/1856/2168 1303/1808/2168
f 1305/1816/2169 1311/1819/2169 1306/1847/2169
f 1309/1856/2170 1313/1828/2170 1304/1813/2170
f 1310/1822/2171 1314/1818/2171 1305/1816/2171
f 1307/1814/2172 1316/1823/2172 1308/1854/2172
f 1308/1855/2173 1316/1832/2173 1309/1856/2173
f 1313/1828/2174 1317/1821/2174 1304/1813/2174
f 1309/1856/2175 1316/1832/2175 1313/1828/2175
f 1317/1821/2176 1318/1830/2176 1310/1822/2176
f 1310/1822/2177 1318/1830/2177 1314/1818/2177
f 1312/1817/2178 1320/1825/2178 1315/1820/2178
f 1318/1830/2179 1319/1824/2179 1314/1818/2179
f 1315/1820/2180 1322/1838/2180 1316/1823/2180
f 1316/1832/2181 1323/1827/2181 1313/1828/2181
f 1321/1826/2182 1322/1838/2182 1315/1820/2182
f 1324/1829/2183 1325/1834/2183 1319/1824/2183
f 1325/1834/2184 1326/1840/2184 1320/1825/2184
f 1323/1827/2185 1328/1747/2185 1317/1821/2185
f 1330/1837/2186 1326/1840/2186 1325/1834/2186
f 1327/1835/2187 1331/1836/2187 1323/1827/2187
f 1326/1840/2188 1332/1744/2188 1320/1825/2188
f 1332/1744/2189 1243/1743/2189 1322/1838/2189
f 1328/1747/2190 1246/1746/2190 1329/1833/2190
f 1329/1833/2191 1246/1746/2191 1330/1837/2191
f 1326/1840/2192 1242/1751/2192 1332/1744/2192
f 1246/1746/2193 1241/1749/2193 1330/1837/2193
f 1261/1759/2194 1250/1750/2194 1257/1757/2194
f 1286/1787/2195 1282/1781/2195 1285/1786/2195
f 1244/1841/2196 1243/1743/2196 1254/1762/2196
f 1302/1809/2197 1298/1853/2197 1300/1812/2197
f 1302/1809/2198 1306/1847/2198 1311/1819/2198
o Cylinder.007
v 0.200000 -1.451886 0.000000
v 0.200000 -1.451886 1.000000
v 0.155000 -1.439828 0.000000
v 0.155000 -1.439828 1.000000
v 0.122058 -1.406886 0.000000
v 0.122058 -1.406886 1.000000
v 0.110000 -1.361886 0.000000
v 0.110000 -1.361886 1.000000
v 0.122058 -1.316886 0.000000
v 0.122058 -1.316886 1.000000
v 0.155000 -1.283944 0.000000
v 0.155000 -1.283944 1.000000
v 0.200000 -1.271886 0.000000
v 0.200000 -1.271886 1.000000
v 0.245000 -1.283944 0.000000
v 0.245000 -1.283944 1.000000
v 0.277942 -1.316886 0.000000
v 0.277942 -1.316886 1.000000
v 0.290000 -1.361886 0.000000
v 0.290000 -1.361886 1.000000
v 0.277942 -1.406886 0.000000
v 0.277942 -1.406886 1.000000
v 0.245000 -1.439828 0.000000
v 0.245000 -1.439828 1.000000
vn -0.0000 -0.7572 -0.6532
vn -0.0000 -0.7572 0.6532
vn -0.3786 -0.6557 -0.6532
vn -0.3786 -0.6557 0.6532
vn -0.6557 -0.3786 -0.6532
vn -0.6557 -0.3786 0.6532
vn -0.7572 -0.0000 -0.6532
vn -0.7572 -0.0000 0.6532
vn -0.6557 0.3786 -0.6532
vn -0.6557 0.3786 0.6532
vn -0.3786 0.6557 -0.6532
vn -0.3786 0.6557 0.6532
vn -0.0000 0.7572 -0.6532
vn -0.0000 0.7572 0.6532
vn 0.3786 0.6557 -0.6532
vn 0.3786 0.6557 0.6532
vn 0.6557 0.3786 -0.6532
vn 0.6557 0.3786 0.6532
vn 0.7572 -0.0000 -0.6532
vn 0.7572 -0.0000 0.6532
vn 0.6557 -0.3786 -0.6532
vn 0.6557 -0.3786 0.6532
vn 0.3786 -0.6557 -0.6532
vn 0.3786 -0.6557 0.6532
vt 1.000000 1.000000
vt 0.916667 0.500000
vt 1.000000 0.500000
vt 0.916667 1.000000
vt 0.833333 0.500000
vt 0.833333 1.000000
vt 0.750000 0.500000
vt 0.750000 1.000000
vt 0.666667 0.500000
vt 0.666667 1.000000
vt 0.583333 0.500000
vt 0.583333 1.000000
vt 0.500000 0.500000
vt 0.500000 1.000000
vt 0.416667 0.500000
vt 0.416667 1.000000
vt 0.333333 0.500000
vt 0.333333 1.000000
vt 0.250000 0.500000
vt 0.250000 1.000000
vt 0.166667 0.500000
vt 0.042154 0.370000
vt 0.250000 0.010000
vt 0.457846 0.370000
vt 0.166667 1.000000
vt 0.083333 0.500000
vt 0.083333 1.000000
vt 0.000000 0.500000
vt 0.990000 0.250000
vt 0.630000 0.042154
vt 0.630000 0.457846
vt 0.370000 0.457846
vt 0.250000 0.490000
vt 0.130000 0.457846
vt 0.010000 0.250000
vt 0.042154 0.130000
vt 0.130000 0.042154
vt 0.370000 0.042154
vt 0.457846 0.130000
vt 0.490000 0.250000
vt 0.000000 1.000000
vt 0.750000 0.490000
vt 0.870000 0.457846
vt 0.957846 0.370000
vt 0.957846 0.130000
vt 0.870000 0.042154
vt 0.750000 0.010000
vt 0.542154 0.130000
vt 0.510000 0.250000
vt 0.542154 0.370000
s 1
g Cylinder.007_Mat_Coral_Teal_60.007
usemtl Mat_Coral_Teal_60.007
f 1334/1857/2200 1335/1858/2201 1333/1859/2199
f 1336/1860/2202 1337/1861/2203 1335/1858/2201
f 1338/1862/2204 1339/1863/2205 1337/1861/2203
f 1340/1864/2206 1341/1865/2207 1339/1863/2205
f 1342/1866/2208 1343/1867/2209 1341/1865/2207
f 1344/1868/2210 1345/1869/2211 1343/1867/2209
f 1346/1870/2212 1347/1871/2213 1345/1869/2211
f 1348/1872/2214 1349/1873/2215 1347/1871/2213
f 1350/1874/2216 1351/1875/2217 1349/1873/2215
f 1352/1876/2218 1353/1877/2219 1351/1875/2217
f 1354/1878/2220 1346/1879/2212 1338/1880/2204
f 1354/1881/2220 1355/1882/2221 1353/1877/2219
f 1356/1883/2222 1333/1884/2199 1355/1882/2221
f 1339/1885/2205 1347/1886/2213 1355/1887/2221
f 1334/1857/2200 1336/1860/2202 1335/1858/2201
f 1336/1860/2202 1338/1862/2204 1337/1861/2203
f 1338/1862/2204 1340/1864/2206 1339/1863/2205
f 1340/1864/2206 1342/1866/2208 1341/1865/2207
f 1342/1866/2208 1344/1868/2210 1343/1867/2209
f 1344/1868/2210 1346/1870/2212 1345/1869/2211
f 1346/1870/2212 1348/1872/2214 1347/1871/2213
f 1348/1872/2214 1350/1874/2216 1349/1873/2215
f 1350/1874/2216 1352/1876/2218 1351/1875/2217
f 1352/1876/2218 1354/1881/2220 1353/1877/2219
f 1338/1880/2204 1336/1888/2202 1334/1889/2200
f 1334/1889/2200 1356/1890/2222 1354/1878/2220
f 1354/1878/2220 1352/1891/2218 1350/1892/2216
f 1350/1892/2216 1348/1893/2214 1346/1879/2212
f 1346/1879/2212 1344/1894/2210 1342/1895/2208
f 1342/1895/2208 1340/1896/2206 1338/1880/2204
f 1338/1880/2204 1334/1889/2200 1354/1878/2220
f 1354/1878/2220 1350/1892/2216 1346/1879/2212
f 1346/1879/2212 1342/1895/2208 1338/1880/2204
f 1354/1881/2220 1356/1883/2222 1355/1882/2221
f 1356/1883/2222 1334/1897/2200 1333/1884/2199
f 1355/1887/2221 1333/1898/2199 1335/1899/2201
f 1335/1899/2201 1337/1900/2203 1339/1885/2205
f 1339/1885/2205 1341/1901/2207 1343/1902/2209
f 1343/1902/2209 1345/1903/2211 1347/1886/2213
f 1347/1886/2213 1349/1904/2215 1351/1905/2217
f 1351/1905/2217 1353/1906/2219 1355/1887/2221
f 1355/1887/2221 1335/1899/2201 1339/1885/2205
f 1339/1885/2205 1343/1902/2209 1347/1886/2213
f 1347/1886/2213 1351/1905/2217 1355/1887/2221
o Torus.009
v 0.090860 -1.382420 1.000358
v 0.095404 -1.356549 1.014832
v 0.125784 -1.366263 1.009757
v 0.129271 -1.371198 1.000000
v 0.124286 -1.371478 0.985272
v 0.095843 -1.351058 0.984901
v 0.097854 -1.397407 1.010330
v 0.124903 -1.407441 1.019802
v 0.097153 -1.396131 0.989886
v 0.115325 -1.418464 1.017620
v 0.118813 -1.416659 0.980230
v 0.141702 -1.407201 0.990139
v 0.115644 -1.433704 0.994609
v 0.147901 -1.418489 1.014690
v 0.150677 -1.413198 1.000000
v 0.141404 -1.418211 0.982726
v 0.123933 -1.438675 1.009848
v 0.168857 -1.450378 0.980046
v 0.150926 -1.461398 1.000000
v 0.167076 -1.465163 1.010073
v 0.166413 -1.452163 1.019909
v 0.184446 -1.434675 1.010064
v 0.158782 -1.457952 0.984677
v 0.187497 -1.431500 1.000000
v 0.178543 -1.435285 0.985305
v 0.198759 -1.443134 1.017253
v 0.188035 -1.471303 0.994044
v 0.215582 -1.465328 1.015227
v 0.233758 -1.467779 1.000000
v 0.239086 -1.445398 1.020000
v 0.209212 -1.432474 0.994109
v 0.225503 -1.462428 0.983796
v 0.233958 -1.429848 1.014273
v 0.237072 -1.439759 0.980170
v 0.258532 -1.453122 1.010073
v 0.240615 -1.419849 0.994485
v 0.259071 -1.452861 0.990174
v 0.275615 -1.430615 1.017544
v 0.274809 -1.404080 1.019977
v 0.264065 -1.392877 1.004832
v 0.273947 -1.396732 0.982858
v 0.283729 -1.435105 1.004111
v 0.270069 -1.385671 0.990757
v 0.292838 -1.385738 0.980066
v 0.283857 -1.424177 0.984569
v 0.305704 -1.393254 1.006169
v 0.305909 -1.383770 0.989670
v 0.297433 -1.360345 1.019933
v 0.276046 -1.367036 1.014546
v 0.310717 -1.354629 1.000000
v 0.288492 -1.330743 0.980046
v 0.305902 -1.338761 1.010073
v 0.269449 -1.348849 1.004712
v 0.271485 -1.334804 0.985938
v 0.302602 -1.339080 0.985217
v 0.267260 -1.315129 1.017303
v 0.296679 -1.308171 1.000000
v 0.280529 -1.300434 1.017457
v 0.281777 -1.295143 0.985057
v 0.279396 -1.285081 1.006520
v 0.255979 -1.317902 1.005267
v 0.239090 -1.272904 1.019565
v 0.250956 -1.303849 0.985121
v 0.250803 -1.280921 0.980096
v 0.236797 -1.257245 0.995151
v 0.241383 -1.261978 1.009652
v 0.220588 -1.288322 1.014339
v 0.222199 -1.294659 0.999758
v 0.214947 -1.287593 0.985975
v 0.217855 -1.262473 0.982653
v 0.193728 -1.253922 1.010330
v 0.189666 -1.265409 1.019826
v 0.187943 -1.281445 0.982667
v 0.190508 -1.251481 0.994970
v 0.179520 -1.288436 1.014388
v 0.182151 -1.293375 0.994809
v 0.164392 -1.275922 0.980000
v 0.166632 -1.263586 0.984422
v 0.147821 -1.264995 1.006216
v 0.137607 -1.288930 1.020003
v 0.143675 -1.303290 1.017274
v 0.145483 -1.314811 1.006559
v 0.145137 -1.308915 0.985518
v 0.135304 -1.275481 0.990144
v 0.120932 -1.284812 1.004751
v 0.104026 -1.320326 1.015222
v 0.136945 -1.329972 1.000228
v 0.112669 -1.332241 0.980000
v 0.112893 -1.303175 0.984473
v 0.094952 -1.325250 0.999619
v 0.128092 -1.337105 0.985380
v 0.113547 -1.356359 1.019880
vn 0.7011 0.1548 0.6960
vn -0.2575 -0.0214 -0.9660
vn -0.8949 -0.0747 -0.4400
vn -0.2674 -0.0427 0.9626
vn -0.1770 -0.0409 0.9834
vn -0.9010 -0.4333 -0.0193
vn 0.7994 0.3205 -0.5082
vn 0.1158 0.0963 -0.9886
vn -0.8984 -0.4379 0.0335
vn -0.8118 -0.5162 0.2731
vn 0.1204 0.1841 -0.9755
vn -0.1102 -0.0999 0.9889
vn 0.4146 0.8284 0.3767
vn 0.2978 0.5276 -0.7956
vn -0.4588 -0.5215 -0.7194
vn -0.5155 -0.7406 -0.4309
vn 0.1701 0.2251 -0.9594
vn 0.4180 0.8843 0.2082
vn -0.2514 -0.9670 0.0417
vn -0.0863 -0.6039 0.7924
vn -0.0437 -0.4782 -0.8771
vn -0.0536 -0.6495 -0.7585
vn 0.0474 -0.9758 0.2136
vn 0.0228 -0.2582 0.9658
vn -0.0392 0.4086 0.9119
vn 0.0338 0.9119 -0.4090
vn -0.0543 0.3594 -0.9316
vn -0.1223 0.5144 0.8488
vn -0.0960 0.9953 -0.0118
vn 0.0286 -0.1721 -0.9847
vn 0.2926 -0.8258 0.4821
vn -0.2299 0.5948 -0.7703
vn 0.3225 -0.8376 -0.4409
vn 0.2339 -0.4615 0.8557
vn 0.2590 -0.5029 0.8247
vn 0.5495 -0.8205 -0.1575
vn 0.5370 -0.8357 0.1146
vn 0.5684 -0.6134 0.5484
vn 0.1021 -0.0877 0.9909
vn -0.5227 0.3665 -0.7698
vn 0.1412 -0.1477 -0.9789
vn 0.6704 -0.6494 -0.3588
vn 0.7168 -0.4043 0.5681
vn 0.5532 -0.1993 0.8088
vn -0.7666 0.1181 0.6312
vn -0.2849 0.1484 0.9470
vn -0.7396 0.0923 0.6667
vn -0.9335 0.1132 -0.3402
vn 0.3585 0.0280 -0.9331
vn 0.5953 -0.0359 -0.8027
vn -0.9954 0.0188 -0.0939
vn 0.8848 0.0191 -0.4656
vn 0.9573 0.2892 0.0019
vn -0.8555 -0.3658 -0.3664
vn 0.4418 0.2062 -0.8731
vn 0.9346 0.2824 -0.2160
vn -0.2756 -0.2075 -0.9386
vn 0.7991 0.3771 -0.4682
vn -0.8318 -0.5550 0.0013
vn 0.7538 0.6231 -0.2085
vn 0.2351 0.1788 -0.9554
vn -0.1493 -0.1520 0.9770
vn -0.4363 -0.6967 0.5694
vn 0.5766 0.7625 -0.2935
vn -0.0374 -0.2802 0.9592
vn 0.1220 0.9839 0.1308
vn 0.0018 -0.2306 0.9731
vn 0.0101 0.1549 -0.9879
vn 0.0030 -0.9695 0.2450
vn -0.2467 0.9477 0.2023
vn -0.2245 0.6668 0.7106
vn -0.2509 0.5614 0.7886
vn 0.1332 -0.1305 0.9825
vn 0.0636 -0.2006 -0.9776
vn -0.3848 0.8810 -0.2752
vn 0.4276 -0.8686 -0.2504
vn -0.2720 0.3681 -0.8891
vn -0.3177 0.4301 -0.8450
vn -0.4656 0.5825 0.6663
vn 0.8865 -0.4415 -0.1383
vn -0.1647 0.1513 -0.9747
vn -0.7126 0.6369 -0.2943
vn 0.2785 -0.1638 -0.9464
vn -0.8188 0.5478 -0.1715
vn 0.2339 -0.0852 0.9685
vn 0.7392 -0.3928 0.5471
vn 0.8750 -0.3554 -0.3288
vn -0.8729 0.2030 0.4436
vn 0.8978 -0.1694 0.4065
vn 0.8798 -0.1613 -0.4471
vn 0.3201 -0.0324 -0.9468
vn -0.9813 0.0725 0.1784
vn 0.9427 -0.1034 -0.3171
vn -0.8808 -0.1037 0.4619
vn 0.5075 0.0346 -0.8610
vn -0.5060 -0.1244 0.8535
vn -0.4897 -0.1099 -0.8649
vn 0.8723 0.3841 -0.3025
vn 0.3108 0.2190 0.9249
vn -0.3569 -0.5751 0.7361
vn 0.7857 0.4004 -0.4716
vn -0.7641 -0.4878 0.4222
vn -0.6644 -0.4059 -0.6276
vn -0.6232 -0.7774 0.0854
vn -0.4652 -0.7538 0.4641
vn 0.8641 -0.4409 -0.2427
vn 0.3531 0.3298 0.8755
vn 0.6000 0.7976 -0.0611
vn -0.2044 -0.2982 -0.9324
vn 0.4108 0.8264 0.3852
vn 0.3978 0.8003 -0.4485
vn 0.0332 0.1709 0.9847
vn -0.2936 -0.8893 -0.3506
vn -0.0208 0.9712 -0.2374
vn -0.0367 -0.9483 0.3152
vn 0.1326 0.9330 0.3346
vn 0.1188 -0.9232 -0.3654
vn -0.0455 0.3320 0.9422
vn -0.3564 0.8767 0.3231
vn 0.1697 -0.2395 -0.9560
vn 0.2822 -0.4131 -0.8658
vn -0.2851 0.2470 0.9261
vn -0.4418 0.5423 0.7146
vn -0.7654 0.6401 0.0660
vn -0.5853 0.5394 -0.6054
vn 0.8456 0.4310 0.3151
vn -0.7568 0.6535 0.0117
vn -0.3251 0.3339 -0.8848
vn 0.5985 -0.2298 -0.7675
vn 0.4037 0.5668 0.7182
vn 0.1662 -0.0850 0.9824
vn -0.1397 -0.0114 -0.9901
vn 0.9880 -0.1390 -0.0676
vn 0.8773 -0.0375 0.4784
vn 0.8047 -0.0453 0.5919
vn -0.9057 -0.0149 -0.4237
vn -0.3343 0.0335 -0.9419
vn -0.2172 -0.0884 0.9721
vn -0.9362 -0.1747 0.3050
vn 0.5159 0.1802 0.8375
vn 0.7396 0.4010 0.5405
vn 0.7646 0.4104 0.4969
vn -0.6606 -0.2999 0.6882
vn 0.0957 0.0680 0.9931
vn -0.8179 -0.5472 -0.1777
vn -0.2756 -0.2076 -0.9386
vn 0.5228 0.8452 0.1105
vn 0.0972 0.6135 0.7837
vn -0.5752 -0.7716 0.2717
vn -0.4648 -0.7764 -0.4257
vn 0.4014 0.6486 -0.6466
vn -0.1193 -0.2133 -0.9697
vn 0.2980 0.6315 -0.7158
vn -0.4042 -0.8827 -0.2399
vn 0.1646 0.9519 0.2586
vn -0.0289 -0.5690 -0.8218
vn 0.1077 0.8485 -0.5181
vn -0.0776 -0.9175 0.3901
vn 0.0296 -0.8831 -0.4683
vn -0.0300 -0.5356 -0.8440
vn -0.0704 -0.6945 -0.7160
vn -0.0399 0.3436 -0.9383
vn -0.0398 0.6999 -0.7131
vn 0.1307 -0.2820 0.9505
vn -0.3506 0.9042 -0.2441
vn 0.5492 -0.7898 0.2730
vn 0.4385 -0.7368 -0.5147
vn 0.3146 -0.6195 0.7192
vn -0.5896 0.8050 -0.0660
vn -0.5334 0.4627 0.7081
vn 0.4134 -0.3797 -0.8276
vn -0.8147 0.4826 0.3215
vn 0.8283 -0.4996 -0.2538
vn -0.2060 0.0717 0.9759
vn 0.5495 -0.1594 0.8202
vn -0.4192 0.1413 -0.8968
vn -0.7962 0.2787 -0.5370
vn -0.2682 0.0535 0.9619
vn -0.9816 0.0680 -0.1786
vn -0.3403 -0.4603 0.8200
vn 0.8640 -0.4418 -0.2414
vn 0.9094 0.3969 0.1243
vn 0.4030 0.5506 0.7311
vn 0.1210 0.6529 0.7477
vt 0.585872 0.776299
vt 0.509311 0.916667
vt 0.487982 0.776523
vt 0.590790 0.325439
vt 0.485272 0.377822
vt 0.447940 0.250000
vt 0.551150 0.416667
vt 0.529589 0.500000
vt 0.593581 0.666667
vt 0.494668 0.616481
vt 0.612977 0.463461
vt 0.553276 0.583333
vt 0.605106 0.083333
vt 0.621759 0.166667
vt 0.520224 0.125991
vt 0.625719 0.583333
vt 0.696143 0.250000
vt 0.698772 0.692885
vt 0.716512 0.916667
vt 0.628240 1.000000
vt 0.630650 0.868937
vt 0.703832 0.130497
vt 0.686830 0.372962
vt 0.677083 0.500000
vt 0.747484 0.833333
vt 0.733646 0.449265
vt 0.700900 0.583333
vt 0.775006 0.630079
vt 0.789329 0.351635
vt 0.799084 0.500000
vt 0.819558 0.750000
vt 0.772408 0.054347
vt 0.821256 0.204749
vt 0.826541 0.881301
vt 0.793142 1.000000
vt 0.840758 0.583333
vt 0.848950 0.045687
vt 0.841633 0.416667
vt 0.882750 0.666667
vt 0.887223 0.517167
vt 0.917299 0.786839
vt 0.947958 0.083333
vt 0.929941 0.166667
vt 0.955466 0.325283
vt 0.896755 0.373475
vt 0.954501 0.545940
vt 0.988371 0.682425
vt 0.984343 0.875256
vt 0.926340 0.973203
vt 1.000000 1.000000
vt 1.000000 0.000000
vt 0.935863 0.000000
vt 0.989583 0.250000
vt 1.000000 0.333333
vt 0.967565 0.416667
vt 0.018230 0.000000
vt 0.055447 0.104281
vt 0.000000 0.083333
vt 0.032941 0.385923
vt 0.015082 0.500000
vt 0.000000 0.416667
vt 0.080730 0.500000
vt 0.034234 0.583333
vt 0.102836 0.000000
vt 0.056120 0.250000
vt 0.106687 0.387526
vt 0.136368 0.134240
vt 0.181786 0.675760
vt 0.096506 0.833333
vt 0.023628 0.682425
vt 0.122774 0.553622
vt 0.163892 0.313352
vt 0.203471 0.879073
vt 0.108514 0.965873
vt 0.195216 0.468002
vt 0.264374 0.685826
vt 0.263080 0.463240
vt 0.259229 0.583333
vt 0.291790 0.882583
vt 0.312626 0.250000
vt 0.221746 0.333333
vt 0.282911 1.000000
vt 0.328346 0.550010
vt 0.364450 0.704219
vt 0.371765 0.833333
vt 0.376722 0.120015
vt 0.273595 0.166667
vt 0.352311 0.416667
vt 0.302081 0.361850
vt 0.354137 0.000000
vt 0.291420 0.036984
vt 0.404634 0.369645
vt 0.378705 0.531025
vt 0.425420 0.000000
vt 0.447689 0.128245
vt 0.446591 0.500000
vt 0.384808 0.937093
vt 0.425420 1.000000
vt 0.433022 0.628082
vt 0.520969 1.000000
vt 0.520969 0.000000
vt 0.628240 0.000000
vt 0.721741 1.000000
vt 0.721741 0.000000
vt 0.854137 1.000000
vt 0.187458 0.583333
vt 0.990669 0.500000
vt 1.000000 0.583333
vt 1.000000 0.166667
vt 0.010495 0.875256
vt 0.030714 0.969269
vt 0.103788 0.666667
vt 0.199260 1.000000
vt 0.199260 0.000000
vt 0.217690 0.116554
s 0
g Torus.009_Mat_Coral_Ponta_10.011
usemtl Mat_Coral_Ponta_10.011
f 1364/1907/2223 1359/1908/2223 1448/1909/2223
f 1367/1910/2224 1362/1911/2224 1444/1912/2224
f 1365/1913/2225 1357/1914/2225 1362/1911/2225
f 1366/1915/2226 1448/1909/2226 1358/1916/2226
f 1366/1915/2227 1364/1907/2227 1448/1909/2227
f 1369/1917/2228 1363/1918/2228 1357/1914/2228
f 1368/1919/2229 1372/1920/2229 1361/1921/2229
f 1372/1920/2230 1367/1910/2230 1361/1921/2230
f 1365/1913/2231 1369/1917/2231 1357/1914/2231
f 1369/1917/2232 1373/1922/2232 1363/1918/2232
f 1372/1920/2233 1374/1923/2233 1367/1910/2233
f 1366/1915/2234 1377/1924/2234 1364/1907/2234
f 1378/1925/2235 1371/1926/2235 1370/1927/2235
f 1381/1928/2236 1372/1920/2236 1368/1919/2236
f 1379/1929/2237 1369/1917/2237 1367/1910/2237
f 1379/1929/2238 1375/1930/2238 1369/1917/2238
f 1381/1928/2239 1374/1923/2239 1372/1920/2239
f 1382/1931/2240 1378/1925/2240 1370/1927/2240
f 1383/1932/2241 1376/1933/2241 1375/1930/2241
f 1376/1933/2242 1384/1934/2242 1377/1924/2242
f 1374/1923/2243 1388/1935/2243 1379/1929/2243
f 1388/1935/2244 1383/1932/2244 1379/1929/2244
f 1385/1936/2245 1384/1934/2245 1383/1932/2245
f 1384/1934/2246 1386/1937/2246 1377/1924/2246
f 1386/1937/2247 1382/1931/2247 1377/1924/2247
f 1387/1938/2248 1390/1939/2248 1381/1928/2248
f 1390/1939/2249 1374/1923/2249 1381/1928/2249
f 1382/1931/2250 1389/1940/2250 1378/1925/2250
f 1389/1940/2251 1387/1941/2251 1378/1925/2251
f 1390/1939/2252 1388/1935/2252 1374/1923/2252
f 1385/1936/2253 1391/1942/2253 1384/1934/2253
f 1392/1943/2254 1390/1939/2254 1387/1938/2254
f 1393/1944/2255 1385/1936/2255 1388/1935/2255
f 1391/1942/2256 1394/1945/2256 1384/1934/2256
f 1394/1945/2257 1386/1937/2257 1384/1934/2257
f 1398/1946/2258 1391/1942/2258 1385/1936/2258
f 1393/1944/2259 1398/1946/2259 1385/1936/2259
f 1398/1946/2260 1394/1945/2260 1391/1942/2260
f 1394/1945/2261 1395/1947/2261 1386/1937/2261
f 1399/1948/2262 1397/1949/2262 1392/1943/2262
f 1400/1950/2263 1401/1951/2263 1390/1939/2263
f 1401/1951/2264 1398/1946/2264 1393/1944/2264
f 1402/1952/2265 1394/1945/2265 1398/1946/2265
f 1402/1952/2266 1404/1953/2266 1394/1945/2266
f 1395/1947/2267 1405/1954/2267 1396/1955/2267
f 1404/1953/2268 1405/1954/2268 1395/1947/2268
f 1405/1954/2269 1409/1956/2269 1396/1955/2269
f 1409/1957/2270 1399/1948/2270 1396/1958/2270
f 1407/1959/2271 1411/1960/2271 1400/1950/2271
f 1411/1960/2272 1403/1961/2272 1400/1950/2272
f 1409/1962/2273 1410/1963/2273 1399/1964/2273
f 1411/1965/2274 1406/1966/2274 1403/1967/2274
f 1413/1968/2275 1408/1969/2275 1406/1966/2275
f 1417/1970/2276 1410/1963/2276 1409/1962/2276
f 1407/1971/2277 1415/1972/2277 1411/1965/2277
f 1411/1965/2278 1413/1968/2278 1406/1966/2278
f 1419/1973/2279 1407/1971/2279 1410/1963/2279
f 1415/1972/2280 1413/1968/2280 1411/1965/2280
f 1418/1974/2281 1412/1975/2281 1404/1976/2281
f 1415/1972/2282 1416/1977/2282 1413/1968/2282
f 1420/1978/2283 1415/1972/2283 1407/1971/2283
f 1418/1974/2284 1423/1979/2284 1412/1975/2284
f 1412/1975/2285 1423/1979/2285 1417/1980/2285
f 1421/1981/2286 1416/1977/2286 1415/1972/2286
f 1428/1982/2287 1423/1979/2287 1418/1974/2287
f 1430/1983/2288 1427/1984/2288 1421/1981/2288
f 1428/1982/2289 1431/1985/2289 1423/1979/2289
f 1433/1986/2290 1426/1987/2290 1420/1978/2290
f 1431/1985/2291 1432/1988/2291 1423/1979/2291
f 1430/1983/2292 1435/1989/2292 1427/1984/2292
f 1435/1989/2293 1428/1982/2293 1427/1984/2293
f 1435/1989/2294 1436/1990/2294 1428/1982/2294
f 1436/1990/2295 1437/1991/2295 1431/1985/2295
f 1439/1992/2296 1433/1986/2296 1429/1993/2296
f 1440/1994/2297 1435/1989/2297 1434/1995/2297
f 1438/1996/2298 1439/1992/2298 1432/1997/2298
f 1433/1986/2299 1445/1998/2299 1434/1995/2299
f 1445/1998/2300 1440/1994/2300 1434/1995/2300
f 1441/1999/2301 1436/1990/2301 1435/1989/2301
f 1443/2000/2302 1439/1992/2302 1438/1996/2302
f 1444/1912/2303 1445/1998/2303 1433/1986/2303
f 1445/1998/2304 1441/1999/2304 1440/1994/2304
f 1447/2001/2305 1444/1912/2305 1439/1992/2305
f 1445/1998/2306 1446/2002/2306 1441/1999/2306
f 1436/1990/2307 1448/1909/2307 1437/1991/2307
f 1448/1909/2308 1438/2003/2308 1437/1991/2308
f 1359/1908/2309 1443/2004/2309 1438/2003/2309
f 1446/2002/2310 1358/1916/2310 1442/2005/2310
f 1359/1908/2311 1360/2006/2311 1443/2004/2311
f 1360/2007/2312 1447/2001/2312 1443/2000/2312
f 1361/1921/2313 1444/1912/2313 1447/2001/2313
f 1357/1914/2314 1358/1916/2314 1446/2002/2314
f 1360/2007/2315 1361/1921/2315 1447/2001/2315
f 1357/1914/2316 1363/1918/2316 1358/1916/2316
f 1361/1921/2317 1367/1910/2317 1444/1912/2317
f 1363/1918/2318 1366/1915/2318 1358/1916/2318
f 1362/1911/2319 1367/1910/2319 1365/1913/2319
f 1360/2007/2320 1368/1919/2320 1361/1921/2320
f 1364/1907/2321 1370/1927/2321 1359/1908/2321
f 1377/1924/2322 1373/1922/2322 1376/1933/2322
f 1360/2007/2323 1371/2008/2323 1368/1919/2323
f 1363/1918/2324 1373/1922/2324 1366/1915/2324
f 1367/1910/2325 1369/1917/2325 1365/1913/2325
f 1369/1917/2326 1375/1930/2326 1373/1922/2326
f 1375/1930/2327 1376/1933/2327 1373/1922/2327
f 1402/1952/2328 1401/1951/2328 1403/1961/2328
f 1364/1907/2329 1377/1924/2329 1370/1927/2329
f 1371/2008/2330 1381/1928/2330 1368/1919/2330
f 1374/1923/2331 1379/1929/2331 1367/1910/2331
f 1378/1925/2332 1380/2009/2332 1371/1926/2332
f 1371/2008/2333 1380/2010/2333 1381/1928/2333
f 1377/1924/2334 1382/1931/2334 1370/1927/2334
f 1379/1929/2335 1383/1932/2335 1375/1930/2335
f 1380/2010/2336 1387/1938/2336 1381/1928/2336
f 1383/1932/2337 1384/1934/2337 1376/1933/2337
f 1378/1925/2338 1387/1941/2338 1380/2009/2338
f 1383/1932/2339 1388/1935/2339 1385/1936/2339
f 1386/1937/2340 1389/1940/2340 1382/1931/2340
f 1389/1940/2341 1392/2011/2341 1387/1941/2341
f 1390/1939/2342 1401/1951/2342 1388/1935/2342
f 1388/1935/2343 1401/1951/2343 1393/1944/2343
f 1386/1937/2344 1395/1947/2344 1389/1940/2344
f 1395/1947/2345 1396/1955/2345 1389/1940/2345
f 1389/1940/2346 1396/1955/2346 1392/2011/2346
f 1392/1943/2347 1397/1949/2347 1390/1939/2347
f 1360/2006/2348 1370/1927/2348 1371/1926/2348
f 1396/1958/2349 1399/1948/2349 1392/1943/2349
f 1397/1949/2350 1400/1950/2350 1390/1939/2350
f 1401/1951/2351 1400/1950/2351 1403/1961/2351
f 1418/1974/2352 1416/1977/2352 1422/2012/2352
f 1394/1945/2353 1404/1953/2353 1395/1947/2353
f 1397/1949/2354 1407/1959/2354 1400/1950/2354
f 1403/1961/2355 1406/2013/2355 1402/1952/2355
f 1406/2013/2356 1408/2014/2356 1402/1952/2356
f 1402/1952/2357 1408/2014/2357 1404/1953/2357
f 1399/1948/2358 1410/2015/2358 1397/1949/2358
f 1397/1949/2359 1410/2015/2359 1407/1959/2359
f 1404/1976/2360 1412/1975/2360 1405/2016/2360
f 1405/2016/2361 1412/1975/2361 1409/2017/2361
f 1408/1969/2362 1414/2018/2362 1404/1976/2362
f 1413/1968/2363 1416/1977/2363 1408/1969/2363
f 1408/1969/2364 1416/1977/2364 1414/2018/2364
f 1412/1975/2365 1417/1980/2365 1409/2017/2365
f 1414/2018/2366 1418/1974/2366 1404/1976/2366
f 1417/1970/2367 1419/1973/2367 1410/1963/2367
f 1419/1973/2368 1420/1978/2368 1407/1971/2368
f 1416/1977/2369 1421/1981/2369 1422/2012/2369
f 1418/1974/2370 1427/1984/2370 1428/1982/2370
f 1417/1980/2371 1423/1979/2371 1424/2019/2371
f 1417/1970/2372 1424/2020/2372 1419/1973/2372
f 1420/1978/2373 1421/1981/2373 1415/1972/2373
f 1419/1973/2374 1425/2021/2374 1420/1978/2374
f 1420/1978/2375 1426/1987/2375 1421/1981/2375
f 1424/2020/2376 1425/2021/2376 1419/1973/2376
f 1421/1981/2377 1427/1984/2377 1422/2012/2377
f 1425/2021/2378 1429/1993/2378 1420/1978/2378
f 1426/1987/2379 1430/1983/2379 1421/1981/2379
f 1423/1979/2380 1432/1988/2380 1424/2019/2380
f 1424/2020/2381 1432/1997/2381 1425/2021/2381
f 1429/1993/2382 1433/1986/2382 1420/1978/2382
f 1425/2021/2383 1432/1997/2383 1429/1993/2383
f 1433/1986/2384 1434/1995/2384 1426/1987/2384
f 1426/1987/2385 1434/1995/2385 1430/1983/2385
f 1428/1982/2386 1436/1990/2386 1431/1985/2386
f 1434/1995/2387 1435/1989/2387 1430/1983/2387
f 1431/1985/2388 1438/2003/2388 1432/1988/2388
f 1432/1997/2389 1439/1992/2389 1429/1993/2389
f 1437/1991/2390 1438/2003/2390 1431/1985/2390
f 1440/1994/2391 1441/1999/2391 1435/1989/2391
f 1441/1999/2392 1442/2005/2392 1436/1990/2392
f 1439/1992/2393 1444/1912/2393 1433/1986/2393
f 1446/2002/2394 1442/2005/2394 1441/1999/2394
f 1443/2000/2395 1447/2001/2395 1439/1992/2395
f 1442/2005/2396 1448/1909/2396 1436/1990/2396
f 1448/1909/2397 1359/1908/2397 1438/2003/2397
f 1444/1912/2398 1362/1911/2398 1445/1998/2398
f 1445/1998/2399 1362/1911/2399 1446/2002/2399
f 1442/2005/2400 1358/1916/2400 1448/1909/2400
f 1362/1911/2401 1357/1914/2401 1446/2002/2401
f 1377/1924/2402 1366/1915/2402 1373/1922/2402
f 1402/1952/2403 1398/1946/2403 1401/1951/2403
f 1360/2006/2404 1359/1908/2404 1370/1927/2404
f 1418/1974/2405 1414/2018/2405 1416/1977/2405
f 1418/1974/2406 1422/2012/2406 1427/1984/2406
o Cylinder.008
v 0.040000 -1.291300 0.000000
v 0.040000 -1.291300 1.200000
v -0.005000 -1.279242 0.000000
v -0.005000 -1.279242 1.200000
v -0.037942 -1.246300 0.000000
v -0.037942 -1.246300 1.200000
v -0.050000 -1.201300 0.000000
v -0.050000 -1.201300 1.200000
v -0.037942 -1.156300 0.000000
v -0.037942 -1.156300 1.200000
v -0.005000 -1.123358 0.000000
v -0.005000 -1.123358 1.200000
v 0.040000 -1.111300 0.000000
v 0.040000 -1.111300 1.200000
v 0.085000 -1.123358 0.000000
v 0.085000 -1.123358 1.200000
v 0.117942 -1.156300 0.000000
v 0.117942 -1.156300 1.200000
v 0.130000 -1.201300 0.000000
v 0.130000 -1.201300 1.200000
v 0.117942 -1.246300 0.000000
v 0.117942 -1.246300 1.200000
v 0.085000 -1.279242 0.000000
v 0.085000 -1.279242 1.200000
vn -0.0000 -0.7572 -0.6532
vn -0.0000 -0.7572 0.6532
vn -0.3786 -0.6557 -0.6532
vn -0.3786 -0.6557 0.6532
vn -0.6557 -0.3786 -0.6532
vn -0.6557 -0.3786 0.6532
vn -0.7572 -0.0000 -0.6532
vn -0.7572 -0.0000 0.6532
vn -0.6557 0.3786 -0.6532
vn -0.6557 0.3786 0.6532
vn -0.3786 0.6557 -0.6532
vn -0.3786 0.6557 0.6532
vn -0.0000 0.7572 -0.6532
vn -0.0000 0.7572 0.6532
vn 0.3786 0.6557 -0.6532
vn 0.3786 0.6557 0.6532
vn 0.6557 0.3786 -0.6532
vn 0.6557 0.3786 0.6532
vn 0.7572 -0.0000 -0.6532
vn 0.7572 -0.0000 0.6532
vn 0.6557 -0.3786 -0.6532
vn 0.6557 -0.3786 0.6532
vn 0.3786 -0.6557 -0.6532
vn 0.3786 -0.6557 0.6532
vt 1.000000 1.000000
vt 0.916667 0.500000
vt 1.000000 0.500000
vt 0.916667 1.000000
vt 0.833333 0.500000
vt 0.833333 1.000000
vt 0.750000 0.500000
vt 0.750000 1.000000
vt 0.666667 0.500000
vt 0.666667 1.000000
vt 0.583333 0.500000
vt 0.583333 1.000000
vt 0.500000 0.500000
vt 0.500000 1.000000
vt 0.416667 0.500000
vt 0.416667 1.000000
vt 0.333333 0.500000
vt 0.333333 1.000000
vt 0.250000 0.500000
vt 0.250000 1.000000
vt 0.166667 0.500000
vt 0.042154 0.370000
vt 0.250000 0.010000
vt 0.457846 0.370000
vt 0.166667 1.000000
vt 0.083333 0.500000
vt 0.083333 1.000000
vt 0.000000 0.500000
vt 0.990000 0.250000
vt 0.630000 0.042154
vt 0.630000 0.457846
vt 0.370000 0.457846
vt 0.250000 0.490000
vt 0.130000 0.457846
vt 0.010000 0.250000
vt 0.042154 0.130000
vt 0.130000 0.042154
vt 0.370000 0.042154
vt 0.457846 0.130000
vt 0.490000 0.250000
vt 0.000000 1.000000
vt 0.750000 0.490000
vt 0.870000 0.457846
vt 0.957846 0.370000
vt 0.957846 0.130000
vt 0.870000 0.042154
vt 0.750000 0.010000
vt 0.542154 0.130000
vt 0.510000 0.250000
vt 0.542154 0.370000
s 1
g Cylinder.008_Mat_Coral_Teal_60.008
usemtl Mat_Coral_Teal_60.008
f 1450/2022/2408 1451/2023/2409 1449/2024/2407
f 1452/2025/2410 1453/2026/2411 1451/2023/2409
f 1454/2027/2412 1455/2028/2413 1453/2026/2411
f 1456/2029/2414 1457/2030/2415 1455/2028/2413
f 1458/2031/2416 1459/2032/2417 1457/2030/2415
f 1460/2033/2418 1461/2034/2419 1459/2032/2417
f 1462/2035/2420 1463/2036/2421 1461/2034/2419
f 1464/2037/2422 1465/2038/2423 1463/2036/2421
f 1466/2039/2424 1467/2040/2425 1465/2038/2423
f 1468/2041/2426 1469/2042/2427 1467/2040/2425
f 1470/2043/2428 1462/2044/2420 1454/2045/2412
f 1470/2046/2428 1471/2047/2429 1469/2042/2427
f 1472/2048/2430 1449/2049/2407 1471/2047/2429
f 1455/2050/2413 1463/2051/2421 1471/2052/2429
f 1450/2022/2408 1452/2025/2410 1451/2023/2409
f 1452/2025/2410 1454/2027/2412 1453/2026/2411
f 1454/2027/2412 1456/2029/2414 1455/2028/2413
f 1456/2029/2414 1458/2031/2416 1457/2030/2415
f 1458/2031/2416 1460/2033/2418 1459/2032/2417
f 1460/2033/2418 1462/2035/2420 1461/2034/2419
f 1462/2035/2420 1464/2037/2422 1463/2036/2421
f 1464/2037/2422 1466/2039/2424 1465/2038/2423
f 1466/2039/2424 1468/2041/2426 1467/2040/2425
f 1468/2041/2426 1470/2046/2428 1469/2042/2427
f 1454/2045/2412 1452/2053/2410 1450/2054/2408
f 1450/2054/2408 1472/2055/2430 1470/2043/2428
f 1470/2043/2428 1468/2056/2426 1466/2057/2424
f 1466/2057/2424 1464/2058/2422 1462/2044/2420
f 1462/2044/2420 1460/2059/2418 1458/2060/2416
f 1458/2060/2416 1456/2061/2414 1454/2045/2412
f 1454/2045/2412 1450/2054/2408 1470/2043/2428
f 1470/2043/2428 1466/2057/2424 1462/2044/2420
f 1462/2044/2420 1458/2060/2416 1454/2045/2412
f 1470/2046/2428 1472/2048/2430 1471/2047/2429
f 1472/2048/2430 1450/2062/2408 1449/2049/2407
f 1471/2052/2429 1449/2063/2407 1451/2064/2409
f 1451/2064/2409 1453/2065/2411 1455/2050/2413
f 1455/2050/2413 1457/2066/2415 1459/2067/2417
f 1459/2067/2417 1461/2068/2419 1463/2051/2421
f 1463/2051/2421 1465/2069/2423 1467/2070/2425
f 1467/2070/2425 1469/2071/2427 1471/2052/2429
f 1471/2052/2429 1451/2064/2409 1455/2050/2413
f 1455/2050/2413 1459/2067/2417 1463/2051/2421
f 1463/2051/2421 1467/2070/2425 1471/2052/2429
o Torus.010
v -0.069140 -1.221833 1.200358
v -0.064596 -1.195963 1.214832
v -0.034216 -1.205677 1.209757
v -0.030729 -1.210611 1.200000
v -0.035714 -1.210891 1.185272
v -0.064157 -1.190472 1.184901
v -0.062146 -1.236821 1.210330
v -0.035097 -1.246854 1.219802
v -0.062847 -1.235545 1.189886
v -0.044675 -1.257878 1.217620
v -0.041187 -1.256073 1.180230
v -0.018298 -1.246615 1.190139
v -0.044356 -1.273118 1.194609
v -0.012099 -1.257902 1.214690
v -0.009323 -1.252611 1.200000
v -0.018596 -1.257625 1.182726
v -0.036067 -1.278089 1.209848
v 0.008857 -1.289792 1.180046
v -0.009074 -1.300812 1.200000
v 0.007076 -1.304576 1.210073
v 0.006413 -1.291577 1.219909
v 0.024446 -1.274089 1.210065
v -0.001218 -1.297366 1.184677
v 0.027497 -1.270914 1.200000
v 0.018543 -1.274698 1.185305
v 0.038759 -1.282548 1.217253
v 0.028035 -1.310717 1.194044
v 0.055582 -1.304742 1.215227
v 0.073758 -1.307193 1.200000
v 0.079086 -1.284812 1.220000
v 0.049212 -1.271888 1.194109
v 0.065503 -1.301841 1.183796
v 0.073958 -1.269262 1.214273
v 0.077072 -1.279172 1.180170
v 0.098532 -1.292536 1.210073
v 0.080615 -1.259263 1.194485
v 0.099071 -1.292275 1.190174
v 0.115615 -1.270028 1.217544
v 0.114809 -1.243493 1.219977
v 0.104065 -1.232290 1.204832
v 0.113947 -1.236146 1.182858
v 0.123729 -1.274519 1.204111
v 0.110069 -1.225085 1.190758
v 0.132838 -1.225152 1.180066
v 0.123857 -1.263591 1.184569
v 0.145704 -1.232667 1.206169
v 0.145909 -1.223184 1.189670
v 0.137433 -1.199759 1.219933
v 0.116046 -1.206449 1.214546
v 0.150717 -1.194043 1.200000
v 0.128492 -1.170157 1.180046
v 0.145902 -1.178175 1.210073
v 0.109449 -1.188263 1.204712
v 0.111485 -1.174218 1.185938
v 0.142602 -1.178494 1.185217
v 0.107260 -1.154542 1.217303
v 0.136679 -1.147584 1.200000
v 0.120529 -1.139848 1.217457
v 0.121777 -1.134556 1.185057
v 0.119396 -1.124495 1.206520
v 0.095979 -1.157316 1.205267
v 0.079090 -1.112318 1.219565
v 0.090956 -1.143263 1.185121
v 0.090803 -1.120334 1.180096
v 0.076797 -1.096659 1.195151
v 0.081383 -1.101392 1.209652
v 0.060588 -1.127736 1.214339
v 0.062199 -1.134072 1.199758
v 0.054947 -1.127007 1.185975
v 0.057855 -1.101887 1.182653
v 0.033728 -1.093336 1.210330
v 0.029666 -1.104822 1.219826
v 0.027943 -1.120859 1.182667
v 0.030508 -1.090894 1.194970
v 0.019520 -1.127850 1.214388
v 0.022151 -1.132789 1.194809
v 0.004392 -1.115335 1.180000
v 0.006632 -1.103000 1.184422
v -0.012179 -1.104409 1.206216
v -0.022393 -1.128344 1.220003
v -0.016325 -1.142703 1.217274
v -0.014517 -1.154225 1.206559
v -0.014863 -1.148329 1.185518
v -0.024696 -1.114895 1.190145
v -0.039068 -1.124225 1.204751
v -0.055974 -1.159740 1.215222
v -0.023055 -1.169386 1.200228
v -0.047331 -1.171655 1.180000
v -0.047107 -1.142589 1.184473
v -0.065048 -1.164664 1.199619
v -0.031908 -1.176519 1.185380
v -0.046453 -1.195773 1.219880
vn 0.7011 0.1548 0.6960
vn -0.2575 -0.0214 -0.9660
vn -0.8949 -0.0747 -0.4400
vn -0.2674 -0.0427 0.9626
vn -0.1770 -0.0409 0.9834
vn -0.9010 -0.4333 -0.0193
vn 0.7994 0.3205 -0.5082
vn 0.1158 0.0963 -0.9886
vn -0.8984 -0.4379 0.0335
vn -0.8118 -0.5162 0.2731
vn 0.1204 0.1841 -0.9755
vn -0.1102 -0.0999 0.9889
vn 0.4146 0.8284 0.3767
vn 0.2978 0.5276 -0.7956
vn -0.4588 -0.5215 -0.7194
vn -0.5155 -0.7406 -0.4309
vn 0.1701 0.2251 -0.9594
vn 0.4180 0.8843 0.2082
vn -0.2514 -0.9670 0.0417
vn -0.0863 -0.6039 0.7924
vn -0.0437 -0.4782 -0.8771
vn -0.0536 -0.6495 -0.7585
vn 0.0474 -0.9758 0.2136
vn 0.0228 -0.2582 0.9658
vn -0.0392 0.4086 0.9119
vn 0.0338 0.9119 -0.4090
vn -0.0543 0.3594 -0.9316
vn -0.1223 0.5144 0.8488
vn -0.0960 0.9953 -0.0118
vn 0.0286 -0.1721 -0.9847
vn 0.2926 -0.8258 0.4821
vn -0.2299 0.5948 -0.7703
vn 0.3225 -0.8376 -0.4409
vn 0.2339 -0.4615 0.8557
vn 0.2590 -0.5029 0.8247
vn 0.5495 -0.8205 -0.1575
vn 0.5370 -0.8357 0.1146
vn 0.5684 -0.6134 0.5484
vn 0.1021 -0.0877 0.9909
vn -0.5227 0.3665 -0.7698
vn 0.1412 -0.1477 -0.9789
vn 0.6704 -0.6494 -0.3588
vn 0.7168 -0.4043 0.5681
vn 0.5532 -0.1993 0.8088
vn -0.7666 0.1181 0.6312
vn -0.2849 0.1484 0.9470
vn -0.7396 0.0923 0.6667
vn -0.9335 0.1132 -0.3402
vn 0.3585 0.0280 -0.9331
vn 0.5953 -0.0359 -0.8027
vn -0.9954 0.0188 -0.0939
vn 0.8848 0.0191 -0.4656
vn 0.9573 0.2892 0.0019
vn -0.8555 -0.3658 -0.3664
vn 0.4418 0.2062 -0.8731
vn 0.9346 0.2824 -0.2160
vn -0.2756 -0.2075 -0.9386
vn 0.7991 0.3771 -0.4682
vn -0.8318 -0.5550 0.0013
vn 0.7538 0.6231 -0.2085
vn 0.2351 0.1788 -0.9554
vn -0.1493 -0.1520 0.9770
vn -0.4363 -0.6967 0.5694
vn 0.5766 0.7625 -0.2935
vn -0.0374 -0.2802 0.9592
vn 0.1220 0.9839 0.1308
vn 0.0018 -0.2306 0.9731
vn 0.0101 0.1549 -0.9879
vn 0.0030 -0.9695 0.2450
vn -0.2467 0.9477 0.2023
vn -0.2245 0.6668 0.7106
vn -0.2509 0.5614 0.7886
vn 0.1332 -0.1305 0.9825
vn 0.0636 -0.2006 -0.9776
vn -0.3848 0.8810 -0.2752
vn 0.4276 -0.8686 -0.2504
vn -0.2720 0.3681 -0.8891
vn -0.3177 0.4301 -0.8450
vn -0.4656 0.5825 0.6663
vn 0.8865 -0.4415 -0.1383
vn -0.1647 0.1513 -0.9747
vn -0.7126 0.6369 -0.2943
vn 0.2785 -0.1638 -0.9464
vn -0.8188 0.5478 -0.1715
vn 0.2339 -0.0852 0.9685
vn 0.7392 -0.3928 0.5471
vn 0.8750 -0.3554 -0.3288
vn -0.8729 0.2030 0.4436
vn 0.8978 -0.1694 0.4065
vn 0.8798 -0.1613 -0.4471
vn 0.3201 -0.0324 -0.9468
vn -0.9813 0.0725 0.1784
vn 0.9427 -0.1034 -0.3171
vn -0.8808 -0.1037 0.4619
vn 0.5075 0.0346 -0.8610
vn -0.5060 -0.1244 0.8535
vn -0.4897 -0.1099 -0.8649
vn 0.8723 0.3841 -0.3025
vn 0.3108 0.2190 0.9249
vn -0.3569 -0.5751 0.7361
vn 0.7857 0.4004 -0.4716
vn -0.7641 -0.4878 0.4222
vn -0.6644 -0.4059 -0.6276
vn -0.6232 -0.7774 0.0854
vn -0.4652 -0.7538 0.4641
vn 0.8641 -0.4409 -0.2427
vn 0.3531 0.3298 0.8755
vn 0.6000 0.7976 -0.0611
vn -0.2044 -0.2982 -0.9324
vn 0.4108 0.8264 0.3852
vn 0.3978 0.8003 -0.4485
vn 0.0332 0.1709 0.9847
vn -0.2936 -0.8893 -0.3506
vn -0.0208 0.9712 -0.2374
vn -0.0367 -0.9483 0.3152
vn 0.1326 0.9330 0.3346
vn 0.1188 -0.9232 -0.3654
vn -0.0455 0.3320 0.9422
vn -0.3564 0.8767 0.3231
vn 0.1697 -0.2395 -0.9560
vn 0.2822 -0.4131 -0.8658
vn -0.2851 0.2470 0.9261
vn -0.4418 0.5423 0.7146
vn -0.7654 0.6401 0.0660
vn -0.5853 0.5394 -0.6054
vn 0.8456 0.4310 0.3151
vn -0.7568 0.6535 0.0117
vn -0.3251 0.3339 -0.8848
vn 0.5985 -0.2298 -0.7675
vn 0.4037 0.5668 0.7182
vn 0.1662 -0.0850 0.9824
vn -0.1397 -0.0114 -0.9901
vn 0.9880 -0.1390 -0.0676
vn 0.8773 -0.0375 0.4784
vn 0.8047 -0.0453 0.5919
vn -0.9057 -0.0149 -0.4237
vn -0.3343 0.0335 -0.9419
vn -0.2172 -0.0884 0.9721
vn -0.9362 -0.1747 0.3050
vn 0.5159 0.1802 0.8375
vn 0.7396 0.4010 0.5405
vn 0.7646 0.4104 0.4969
vn -0.6606 -0.2999 0.6882
vn 0.0957 0.0680 0.9931
vn -0.8179 -0.5472 -0.1777
vn -0.2756 -0.2076 -0.9386
vn 0.5228 0.8452 0.1105
vn 0.0972 0.6135 0.7837
vn -0.5752 -0.7716 0.2717
vn -0.4648 -0.7764 -0.4257
vn 0.4014 0.6486 -0.6466
vn -0.1193 -0.2133 -0.9697
vn 0.2980 0.6315 -0.7158
vn -0.4042 -0.8827 -0.2399
vn 0.1646 0.9519 0.2586
vn -0.0289 -0.5690 -0.8218
vn 0.1077 0.8485 -0.5181
vn -0.0776 -0.9175 0.3901
vn 0.0296 -0.8831 -0.4683
vn -0.0300 -0.5356 -0.8440
vn -0.0704 -0.6945 -0.7160
vn -0.0399 0.3436 -0.9383
vn -0.0398 0.6999 -0.7131
vn 0.1307 -0.2820 0.9505
vn -0.3506 0.9042 -0.2441
vn 0.5492 -0.7898 0.2730
vn 0.4385 -0.7368 -0.5147
vn 0.3146 -0.6195 0.7192
vn -0.5896 0.8050 -0.0660
vn -0.5334 0.4627 0.7081
vn 0.4134 -0.3797 -0.8276
vn -0.8147 0.4826 0.3215
vn 0.8283 -0.4996 -0.2538
vn -0.2060 0.0717 0.9759
vn 0.5495 -0.1594 0.8202
vn -0.4192 0.1413 -0.8968
vn -0.7962 0.2787 -0.5370
vn -0.2682 0.0535 0.9619
vn -0.9816 0.0680 -0.1786
vn -0.3403 -0.4603 0.8200
vn 0.8640 -0.4418 -0.2414
vn 0.9094 0.3969 0.1243
vn 0.4030 0.5506 0.7311
vn 0.1210 0.6529 0.7477
vt 0.585872 0.776299
vt 0.509311 0.916667
vt 0.487982 0.776523
vt 0.590790 0.325439
vt 0.485272 0.377822
vt 0.447940 0.250000
vt 0.551150 0.416667
vt 0.529589 0.500000
vt 0.593581 0.666667
vt 0.494668 0.616481
vt 0.612977 0.463461
vt 0.553276 0.583333
vt 0.605106 0.083333
vt 0.621759 0.166667
vt 0.520224 0.125991
vt 0.625719 0.583333
vt 0.696143 0.250000
vt 0.698772 0.692885
vt 0.716512 0.916667
vt 0.628240 1.000000
vt 0.630650 0.868937
vt 0.703832 0.130497
vt 0.686830 0.372962
vt 0.677083 0.500000
vt 0.747484 0.833333
vt 0.733646 0.449265
vt 0.700900 0.583333
vt 0.775006 0.630079
vt 0.789329 0.351635
vt 0.799084 0.500000
vt 0.819558 0.750000
vt 0.772408 0.054347
vt 0.821256 0.204749
vt 0.826541 0.881301
vt 0.793142 1.000000
vt 0.840758 0.583333
vt 0.848950 0.045687
vt 0.841633 0.416667
vt 0.882750 0.666667
vt 0.887223 0.517167
vt 0.917299 0.786839
vt 0.947958 0.083333
vt 0.929941 0.166667
vt 0.955466 0.325283
vt 0.896755 0.373475
vt 0.954501 0.545940
vt 0.988371 0.682425
vt 0.984343 0.875256
vt 0.926340 0.973203
vt 1.000000 1.000000
vt 1.000000 0.000000
vt 0.935863 0.000000
vt 0.989583 0.250000
vt 1.000000 0.333333
vt 0.967565 0.416667
vt 0.018230 0.000000
vt 0.055447 0.104281
vt 0.000000 0.083333
vt 0.032941 0.385923
vt 0.015082 0.500000
vt 0.000000 0.416667
vt 0.080730 0.500000
vt 0.034234 0.583333
vt 0.102836 0.000000
vt 0.056120 0.250000
vt 0.106687 0.387526
vt 0.136368 0.134240
vt 0.181786 0.675760
vt 0.096506 0.833333
vt 0.023628 0.682425
vt 0.122774 0.553622
vt 0.163892 0.313352
vt 0.203471 0.879073
vt 0.108514 0.965873
vt 0.195216 0.468002
vt 0.264374 0.685826
vt 0.263080 0.463240
vt 0.259229 0.583333
vt 0.291790 0.882583
vt 0.312626 0.250000
vt 0.221746 0.333333
vt 0.282911 1.000000
vt 0.328346 0.550010
vt 0.364450 0.704219
vt 0.371765 0.833333
vt 0.376722 0.120015
vt 0.273595 0.166667
vt 0.352311 0.416667
vt 0.302081 0.361850
vt 0.354137 0.000000
vt 0.291420 0.036984
vt 0.404634 0.369645
vt 0.378705 0.531025
vt 0.425420 0.000000
vt 0.447689 0.128245
vt 0.446591 0.500000
vt 0.384808 0.937093
vt 0.425420 1.000000
vt 0.433022 0.628082
vt 0.520969 1.000000
vt 0.520969 0.000000
vt 0.628240 0.000000
vt 0.721741 1.000000
vt 0.721741 0.000000
vt 0.854137 1.000000
vt 0.187458 0.583333
vt 0.990669 0.500000
vt 1.000000 0.583333
vt 1.000000 0.166667
vt 0.010495 0.875256
vt 0.030714 0.969269
vt 0.103788 0.666667
vt 0.199260 1.000000
vt 0.199260 0.000000
vt 0.217690 0.116554
s 0
g Torus.010_Mat_Coral_Ponta_10.012
usemtl Mat_Coral_Ponta_10.012
f 1480/2072/2431 1475/2073/2431 1564/2074/2431
f 1483/2075/2432 1478/2076/2432 1560/2077/2432
f 1481/2078/2433 1473/2079/2433 1478/2076/2433
f 1482/2080/2434 1564/2074/2434 1474/2081/2434
f 1482/2080/2435 1480/2072/2435 1564/2074/2435
f 1485/2082/2436 1479/2083/2436 1473/2079/2436
f 1484/2084/2437 1488/2085/2437 1477/2086/2437
f 1488/2085/2438 1483/2075/2438 1477/2086/2438
f 1481/2078/2439 1485/2082/2439 1473/2079/2439
f 1485/2082/2440 1489/2087/2440 1479/2083/2440
f 1488/2085/2441 1490/2088/2441 1483/2075/2441
f 1482/2080/2442 1493/2089/2442 1480/2072/2442
f 1494/2090/2443 1487/2091/2443 1486/2092/2443
f 1497/2093/2444 1488/2085/2444 1484/2084/2444
f 1495/2094/2445 1485/2082/2445 1483/2075/2445
f 1495/2094/2446 1491/2095/2446 1485/2082/2446
f 1497/2093/2447 1490/2088/2447 1488/2085/2447
f 1498/2096/2448 1494/2090/2448 1486/2092/2448
f 1499/2097/2449 1492/2098/2449 1491/2095/2449
f 1492/2098/2450 1500/2099/2450 1493/2089/2450
f 1490/2088/2451 1504/2100/2451 1495/2094/2451
f 1504/2100/2452 1499/2097/2452 1495/2094/2452
f 1501/2101/2453 1500/2099/2453 1499/2097/2453
f 1500/2099/2454 1502/2102/2454 1493/2089/2454
f 1502/2102/2455 1498/2096/2455 1493/2089/2455
f 1503/2103/2456 1506/2104/2456 1497/2093/2456
f 1506/2104/2457 1490/2088/2457 1497/2093/2457
f 1498/2096/2458 1505/2105/2458 1494/2090/2458
f 1505/2105/2459 1503/2106/2459 1494/2090/2459
f 1506/2104/2460 1504/2100/2460 1490/2088/2460
f 1501/2101/2461 1507/2107/2461 1500/2099/2461
f 1508/2108/2462 1506/2104/2462 1503/2103/2462
f 1509/2109/2463 1501/2101/2463 1504/2100/2463
f 1507/2107/2464 1510/2110/2464 1500/2099/2464
f 1510/2110/2465 1502/2102/2465 1500/2099/2465
f 1514/2111/2466 1507/2107/2466 1501/2101/2466
f 1509/2109/2467 1514/2111/2467 1501/2101/2467
f 1514/2111/2468 1510/2110/2468 1507/2107/2468
f 1510/2110/2469 1511/2112/2469 1502/2102/2469
f 1515/2113/2470 1513/2114/2470 1508/2108/2470
f 1516/2115/2471 1517/2116/2471 1506/2104/2471
f 1517/2116/2472 1514/2111/2472 1509/2109/2472
f 1518/2117/2473 1510/2110/2473 1514/2111/2473
f 1518/2117/2474 1520/2118/2474 1510/2110/2474
f 1511/2112/2475 1521/2119/2475 1512/2120/2475
f 1520/2118/2476 1521/2119/2476 1511/2112/2476
f 1521/2119/2477 1525/2121/2477 1512/2120/2477
f 1525/2122/2478 1515/2113/2478 1512/2123/2478
f 1523/2124/2479 1527/2125/2479 1516/2115/2479
f 1527/2125/2480 1519/2126/2480 1516/2115/2480
f 1525/2127/2481 1526/2128/2481 1515/2129/2481
f 1527/2130/2482 1522/2131/2482 1519/2132/2482
f 1529/2133/2483 1524/2134/2483 1522/2131/2483
f 1533/2135/2484 1526/2128/2484 1525/2127/2484
f 1523/2136/2485 1531/2137/2485 1527/2130/2485
f 1527/2130/2486 1529/2133/2486 1522/2131/2486
f 1535/2138/2487 1523/2136/2487 1526/2128/2487
f 1531/2137/2488 1529/2133/2488 1527/2130/2488
f 1534/2139/2489 1528/2140/2489 1520/2141/2489
f 1531/2137/2490 1532/2142/2490 1529/2133/2490
f 1536/2143/2491 1531/2137/2491 1523/2136/2491
f 1534/2139/2492 1539/2144/2492 1528/2140/2492
f 1528/2140/2493 1539/2144/2493 1533/2145/2493
f 1537/2146/2494 1532/2142/2494 1531/2137/2494
f 1544/2147/2495 1539/2144/2495 1534/2139/2495
f 1546/2148/2496 1543/2149/2496 1537/2146/2496
f 1544/2147/2497 1547/2150/2497 1539/2144/2497
f 1549/2151/2498 1542/2152/2498 1536/2143/2498
f 1547/2150/2499 1548/2153/2499 1539/2144/2499
f 1546/2148/2500 1551/2154/2500 1543/2149/2500
f 1551/2154/2501 1544/2147/2501 1543/2149/2501
f 1551/2154/2502 1552/2155/2502 1544/2147/2502
f 1552/2155/2503 1553/2156/2503 1547/2150/2503
f 1555/2157/2504 1549/2151/2504 1545/2158/2504
f 1556/2159/2505 1551/2154/2505 1550/2160/2505
f 1554/2161/2506 1555/2157/2506 1548/2162/2506
f 1549/2151/2507 1561/2163/2507 1550/2160/2507
f 1561/2163/2508 1556/2159/2508 1550/2160/2508
f 1557/2164/2509 1552/2155/2509 1551/2154/2509
f 1559/2165/2510 1555/2157/2510 1554/2161/2510
f 1560/2077/2511 1561/2163/2511 1549/2151/2511
f 1561/2163/2512 1557/2164/2512 1556/2159/2512
f 1563/2166/2513 1560/2077/2513 1555/2157/2513
f 1561/2163/2514 1562/2167/2514 1557/2164/2514
f 1552/2155/2515 1564/2074/2515 1553/2156/2515
f 1564/2074/2516 1554/2168/2516 1553/2156/2516
f 1475/2073/2517 1559/2169/2517 1554/2168/2517
f 1562/2167/2518 1474/2081/2518 1558/2170/2518
f 1475/2073/2519 1476/2171/2519 1559/2169/2519
f 1476/2172/2520 1563/2166/2520 1559/2165/2520
f 1477/2086/2521 1560/2077/2521 1563/2166/2521
f 1473/2079/2522 1474/2081/2522 1562/2167/2522
f 1476/2172/2523 1477/2086/2523 1563/2166/2523
f 1473/2079/2524 1479/2083/2524 1474/2081/2524
f 1477/2086/2525 1483/2075/2525 1560/2077/2525
f 1479/2083/2526 1482/2080/2526 1474/2081/2526
f 1478/2076/2527 1483/2075/2527 1481/2078/2527
f 1476/2172/2528 1484/2084/2528 1477/2086/2528
f 1480/2072/2529 1486/2092/2529 1475/2073/2529
f 1493/2089/2530 1489/2087/2530 1492/2098/2530
f 1476/2172/2531 1487/2173/2531 1484/2084/2531
f 1479/2083/2532 1489/2087/2532 1482/2080/2532
f 1483/2075/2533 1485/2082/2533 1481/2078/2533
f 1485/2082/2534 1491/2095/2534 1489/2087/2534
f 1491/2095/2535 1492/2098/2535 1489/2087/2535
f 1518/2117/2536 1517/2116/2536 1519/2126/2536
f 1480/2072/2537 1493/2089/2537 1486/2092/2537
f 1487/2173/2538 1497/2093/2538 1484/2084/2538
f 1490/2088/2539 1495/2094/2539 1483/2075/2539
f 1494/2090/2540 1496/2174/2540 1487/2091/2540
f 1487/2173/2541 1496/2175/2541 1497/2093/2541
f 1493/2089/2542 1498/2096/2542 1486/2092/2542
f 1495/2094/2543 1499/2097/2543 1491/2095/2543
f 1496/2175/2544 1503/2103/2544 1497/2093/2544
f 1499/2097/2545 1500/2099/2545 1492/2098/2545
f 1494/2090/2546 1503/2106/2546 1496/2174/2546
f 1499/2097/2547 1504/2100/2547 1501/2101/2547
f 1502/2102/2548 1505/2105/2548 1498/2096/2548
f 1505/2105/2549 1508/2176/2549 1503/2106/2549
f 1506/2104/2550 1517/2116/2550 1504/2100/2550
f 1504/2100/2551 1517/2116/2551 1509/2109/2551
f 1502/2102/2552 1511/2112/2552 1505/2105/2552
f 1511/2112/2553 1512/2120/2553 1505/2105/2553
f 1505/2105/2554 1512/2120/2554 1508/2176/2554
f 1508/2108/2555 1513/2114/2555 1506/2104/2555
f 1476/2171/2556 1486/2092/2556 1487/2091/2556
f 1512/2123/2557 1515/2113/2557 1508/2108/2557
f 1513/2114/2558 1516/2115/2558 1506/2104/2558
f 1517/2116/2559 1516/2115/2559 1519/2126/2559
f 1534/2139/2560 1532/2142/2560 1538/2177/2560
f 1510/2110/2561 1520/2118/2561 1511/2112/2561
f 1513/2114/2562 1523/2124/2562 1516/2115/2562
f 1519/2126/2563 1522/2178/2563 1518/2117/2563
f 1522/2178/2564 1524/2179/2564 1518/2117/2564
f 1518/2117/2565 1524/2179/2565 1520/2118/2565
f 1515/2113/2566 1526/2180/2566 1513/2114/2566
f 1513/2114/2567 1526/2180/2567 1523/2124/2567
f 1520/2141/2568 1528/2140/2568 1521/2181/2568
f 1521/2181/2569 1528/2140/2569 1525/2182/2569
f 1524/2134/2570 1530/2183/2570 1520/2141/2570
f 1529/2133/2571 1532/2142/2571 1524/2134/2571
f 1524/2134/2572 1532/2142/2572 1530/2183/2572
f 1528/2140/2573 1533/2145/2573 1525/2182/2573
f 1530/2183/2574 1534/2139/2574 1520/2141/2574
f 1533/2135/2575 1535/2138/2575 1526/2128/2575
f 1535/2138/2576 1536/2143/2576 1523/2136/2576
f 1532/2142/2577 1537/2146/2577 1538/2177/2577
f 1534/2139/2578 1543/2149/2578 1544/2147/2578
f 1533/2145/2579 1539/2144/2579 1540/2184/2579
f 1533/2135/2580 1540/2185/2580 1535/2138/2580
f 1536/2143/2581 1537/2146/2581 1531/2137/2581
f 1535/2138/2582 1541/2186/2582 1536/2143/2582
f 1536/2143/2583 1542/2152/2583 1537/2146/2583
f 1540/2185/2584 1541/2186/2584 1535/2138/2584
f 1537/2146/2585 1543/2149/2585 1538/2177/2585
f 1541/2186/2586 1545/2158/2586 1536/2143/2586
f 1542/2152/2587 1546/2148/2587 1537/2146/2587
f 1539/2144/2588 1548/2153/2588 1540/2184/2588
f 1540/2185/2589 1548/2162/2589 1541/2186/2589
f 1545/2158/2590 1549/2151/2590 1536/2143/2590
f 1541/2186/2591 1548/2162/2591 1545/2158/2591
f 1549/2151/2592 1550/2160/2592 1542/2152/2592
f 1542/2152/2593 1550/2160/2593 1546/2148/2593
f 1544/2147/2594 1552/2155/2594 1547/2150/2594
f 1550/2160/2595 1551/2154/2595 1546/2148/2595
f 1547/2150/2596 1554/2168/2596 1548/2153/2596
f 1548/2162/2597 1555/2157/2597 1545/2158/2597
f 1553/2156/2598 1554/2168/2598 1547/2150/2598
f 1556/2159/2599 1557/2164/2599 1551/2154/2599
f 1557/2164/2600 1558/2170/2600 1552/2155/2600
f 1555/2157/2601 1560/2077/2601 1549/2151/2601
f 1562/2167/2602 1558/2170/2602 1557/2164/2602
f 1559/2165/2603 1563/2166/2603 1555/2157/2603
f 1558/2170/2604 1564/2074/2604 1552/2155/2604
f 1564/2074/2605 1475/2073/2605 1554/2168/2605
f 1560/2077/2606 1478/2076/2606 1561/2163/2606
f 1561/2163/2607 1478/2076/2607 1562/2167/2607
f 1558/2170/2608 1474/2081/2608 1564/2074/2608
f 1478/2076/2609 1473/2079/2609 1562/2167/2609
f 1493/2089/2610 1482/2080/2610 1489/2087/2610
f 1518/2117/2611 1514/2111/2611 1517/2116/2611
f 1476/2171/2612 1475/2073/2612 1486/2092/2612
f 1534/2139/2613 1530/2183/2613 1532/2142/2613
f 1534/2139/2614 1538/2177/2614 1543/2149/2614
o Sphere.003
v -2.015297 -1.961915 1.117271
v -2.065647 -2.017708 1.309191
v -2.018279 -2.065686 1.226691
v -2.043968 -2.053562 1.126134
v -2.200000 -2.000000 1.064644
v -2.262456 -2.088641 1.229655
v -2.238169 -2.043204 1.318356
v -2.257536 -2.076688 1.130278
v -2.435571 -2.017272 1.266542
v -2.390053 -2.027023 1.120955
v -2.159784 -1.966373 1.323917
v -2.459322 -1.975688 1.198654
v -2.322826 -1.926497 1.132442
v -2.187060 -1.910896 1.260205
v -1.948014 -1.975886 1.220595
vn 0.3630 0.6915 -0.6245
vn 0.3249 -0.3200 0.8900
vn 0.3206 -0.9304 0.1778
vn 0.3025 -0.7876 -0.5368
vn -0.0060 0.0248 -0.9997
vn -0.0930 -0.9853 0.1434
vn -0.0720 -0.5919 0.8028
vn -0.0865 -0.9161 -0.3915
vn -0.6156 -0.3135 0.7231
vn -0.4704 -0.5236 -0.7103
vn 0.0424 0.5193 0.8536
vn -0.7329 0.6796 0.0319
vn -0.1646 0.9029 -0.3971
vn 0.0089 0.9576 0.2880
vn 0.7433 0.6239 0.2412
vt 0.683247 0.810082
vt 0.624371 0.562957
vt 0.791281 0.556926
vt 0.431343 0.809960
vt 0.459915 0.566263
vt 0.541667 1.000000
vt 0.280654 0.657389
vt 0.209572 0.498083
vt 0.086642 0.350307
vt 0.308727 0.296507
vt 0.144242 0.941469
vt 0.024631 0.621900
vt 1.000000 0.311258
vt 0.976174 0.641405
vt 0.834722 0.311257
vt 0.931902 0.861723
vt 0.628130 0.317726
vt 0.684032 0.113171
vt 0.458333 0.315699
vt 0.157620 0.097343
s 1
g Sphere.003_Mat_Cardume_Corpo_60.001
usemtl Mat_Cardume_Corpo_60.001
f 1566/2187/2616 1567/2188/2617 1579/2189/2629
f 1571/2190/2621 1570/2191/2620 1567/2188/2617
f 1566/2187/2616 1575/2192/2625 1571/2190/2621
f 1571/2190/2621 1573/2193/2623 1570/2191/2620
f 1576/2194/2626 1577/2195/2627 1574/2196/2624
f 1575/2197/2625 1578/2198/2628 1573/2193/2623
f 1573/2193/2623 1578/2198/2628 1576/2194/2626
f 1577/2199/2627 1578/2200/2628 1565/2201/2615
f 1578/2200/2628 1575/2202/2625 1579/2189/2629
f 1565/2201/2615 1568/2203/2618 1569/2204/2619
f 1572/2205/2622 1567/2188/2617 1570/2191/2620
f 1566/2187/2616 1571/2190/2621 1567/2188/2617
f 1574/2196/2624 1570/2191/2620 1573/2193/2623
f 1568/2203/2618 1572/2205/2622 1569/2204/2619
f 1569/2206/2619 1572/2205/2622 1574/2196/2624
f 1574/2196/2624 1573/2193/2623 1576/2194/2626
f 1571/2190/2621 1575/2197/2625 1573/2193/2623
f 1569/2206/2619 1574/2196/2624 1577/2195/2627
f 1576/2194/2626 1578/2198/2628 1577/2195/2627
f 1569/2204/2619 1577/2199/2627 1565/2201/2615
f 1568/2203/2618 1579/2189/2629 1567/2188/2617
f 1565/2201/2615 1578/2200/2628 1579/2189/2629
f 1579/2189/2629 1575/2202/2625 1566/2187/2616
f 1572/2205/2622 1568/2203/2618 1567/2188/2617
f 1574/2196/2624 1572/2205/2622 1570/2191/2620
f 1568/2203/2618 1565/2201/2615 1579/2189/2629
o Cone.003
v -2.502400 -2.000000 1.074000
v -2.502400 -2.005456 1.263000
v -2.502400 -1.994544 1.263000
v -2.329600 -2.000000 1.200000
vn -0.4394 -0.0000 -0.8983
vn -0.0282 -0.9992 0.0288
vn -0.0282 0.9992 0.0288
vn 1.0000 -0.0000 -0.0000
vt 0.250000 0.490000
vt 0.250000 0.250000
vt 0.457846 0.130000
vt 0.750000 0.490000
vt 0.957846 0.130000
vt 0.542154 0.130000
vt 0.042154 0.130000
s 1
g Cone.003_Mat_Cardume_Barbatana_30.001
usemtl Mat_Cardume_Barbatana_30.001
f 1580/2207/2630 1583/2208/2633 1581/2209/2631
f 1580/2210/2630 1581/2211/2631 1582/2212/2632
f 1581/2209/2631 1583/2208/2633 1582/2213/2632
f 1582/2213/2632 1583/2208/2633 1580/2207/2630
o Sphere.004
v -2.038503 -2.055879 1.207147
v -2.037982 -2.059775 1.203253
v -2.068186 -2.055941 1.235381
v -2.044574 -2.062820 1.178203
v -2.044814 -2.070975 1.220850
v -2.039368 -2.073191 1.203874
v -2.039501 -2.070718 1.190841
v -2.057204 -2.065735 1.167892
v -2.056313 -2.071316 1.230969
v -2.049196 -2.086155 1.213771
v -2.047044 -2.084758 1.189169
v -2.050652 -2.079041 1.177104
v -2.047587 -2.087958 1.203464
v -2.067005 -2.065122 1.164609
v -2.063110 -2.095758 1.211320
v -2.063993 -2.085758 1.227113
v -2.058587 -2.095385 1.192175
v -2.071013 -2.091068 1.222821
v -2.071055 -2.099041 1.203563
v -2.065670 -2.089841 1.176481
v -2.065698 -2.078866 1.168077
v -2.070958 -2.072926 1.234752
v -2.074160 -2.097884 1.189309
v -2.081684 -2.094539 1.216611
v -2.086903 -2.096848 1.204281
v -2.080476 -2.085081 1.172002
v -2.086392 -2.087088 1.224497
v -2.087655 -2.093797 1.185272
v -2.082383 -2.078144 1.231982
v -2.090704 -2.078380 1.171475
v -2.096768 -2.085417 1.217495
v -2.099613 -2.088690 1.203617
v -2.098684 -2.083391 1.182884
v -2.077938 -2.073241 1.165294
v -2.104660 -2.082306 1.195309
v -2.105263 -2.074872 1.214762
v -2.108535 -2.066401 1.210544
v -2.102126 -2.072528 1.178295
v -2.096157 -2.068703 1.228590
v -2.106703 -2.051341 1.211234
v -2.110112 -2.063420 1.193281
v -2.091206 -2.061861 1.167931
v -2.102430 -2.056957 1.221832
v -2.101796 -2.058587 1.176989
v -2.107288 -2.048720 1.196003
v -2.078304 -2.062576 1.164019
v -2.092030 -2.049450 1.228604
v -2.102843 -2.042733 1.210827
v -2.101694 -2.045924 1.183606
v -2.084976 -2.062400 1.234773
v -2.096472 -2.034669 1.196437
v -2.093050 -2.037918 1.182104
v -2.090719 -2.046817 1.172086
v -2.083890 -2.053110 1.166581
v -2.077022 -2.065781 1.235990
v -2.087079 -2.036927 1.222049
v -2.088951 -2.031211 1.209877
v -2.083725 -2.028421 1.192867
v -2.078835 -2.047086 1.232363
v -2.073185 -2.035237 1.223551
v -2.076923 -2.028731 1.211492
v -2.078208 -2.035269 1.176543
v -2.070083 -2.027271 1.193175
v -2.076143 -2.042825 1.169909
v -2.064488 -2.029567 1.210545
v -2.057016 -2.031349 1.192864
v -2.064357 -2.045396 1.230203
v -2.053458 -2.035334 1.211284
v -2.062136 -2.039892 1.174015
v -2.056311 -2.041162 1.223519
v -2.045669 -2.040528 1.196437
v -2.072498 -2.053194 1.165007
v -2.045253 -2.043325 1.210829
v -2.049354 -2.045157 1.179578
v -2.058631 -2.055777 1.167923
v -2.047383 -2.054534 1.223172
v -2.040753 -2.052850 1.189447
v -2.058403 -2.057335 1.232293
vn 0.2947 -0.0463 0.9545
vn 0.8212 -0.2738 -0.5007
vn 0.4838 -0.3244 -0.8128
vn 0.8564 -0.3997 0.3269
vn 0.1332 -0.0584 0.9894
vn 0.6501 -0.7464 -0.1424
vn 0.4306 -0.7515 0.4999
vn 0.5261 -0.8199 0.2255
vn 0.1126 -0.2330 -0.9659
vn 0.0253 -0.1178 -0.9927
vn 0.3308 -0.9418 0.0598
vn 0.0572 -0.9101 0.4104
vn 0.1785 -0.9768 -0.1182
vn 0.0203 -0.5032 0.8639
vn -0.0790 -0.8202 -0.5666
vn -0.1263 -0.7576 0.6404
vn -0.1229 -0.9647 0.2328
vn -0.2472 -0.9582 -0.1441
vn -0.3957 -0.6547 -0.6441
vn -0.4379 -0.7692 0.4654
vn -0.5269 -0.7968 0.2959
vn -0.6265 -0.7537 -0.1986
vn -0.2333 -0.2069 0.9501
vn -0.3734 -0.2212 0.9009
vn -0.4807 -0.4260 0.7665
vn -0.6172 -0.4640 -0.6354
vn -0.3579 -0.2062 -0.9107
vn -0.8325 -0.4176 -0.3640
vn -0.6810 -0.3876 0.6213
vn -0.5729 -0.1885 -0.7977
vn -0.8099 -0.1000 0.5779
vn -0.9059 0.0912 0.4136
vn -0.5287 0.1128 0.8413
vn -0.6049 0.1291 0.7858
vn -0.6644 0.3503 -0.6601
vn -0.6898 0.4304 0.5822
vn -0.9055 0.4110 0.1055
vn -0.1332 0.1849 -0.9737
vn -0.7923 0.6101 -0.0089
vn -0.6104 0.5431 0.5765
vn -0.5619 0.7122 0.4208
vn -0.6741 0.6692 -0.3127
vn -0.4371 0.8993 0.0132
vn -0.0903 0.1421 0.9857
vn -0.4864 0.8199 -0.3020
vn -0.3653 0.6521 -0.6643
vn -0.2377 0.8646 0.4426
vn -0.1233 0.3884 -0.9132
vn -0.1590 0.6369 0.7544
vn 0.0940 0.8881 0.4500
vn 0.0870 0.4135 0.9063
vn 0.1681 0.8538 -0.4927
vn 0.2357 0.6673 0.7065
vn 0.2985 0.9539 0.0300
vn 0.3844 0.7954 0.4686
vn 0.2590 0.3951 -0.8814
vn 0.6365 0.6280 0.4476
vn 0.3263 0.3185 0.8900
vn 0.4998 0.4041 -0.7661
vn 0.8072 0.5000 -0.3137
vn 0.5452 0.3442 0.7644
vn 0.2283 0.1372 -0.9639
vn 0.0663 0.0637 -0.9958
vn 0.8193 0.2615 -0.5102
vn 0.8391 0.3227 0.4378
vn 0.6171 0.0909 -0.7816
vn 0.9839 0.0557 -0.1696
vn 0.8722 -0.4834 -0.0751
vn 0.9941 -0.1041 -0.0299
vn 0.6468 -0.1924 -0.7380
vn 0.2991 -0.2066 -0.9316
vn 0.8505 -0.4794 0.2166
vn 0.5791 -0.4833 0.6566
vn 0.2573 -0.0777 0.9632
vn 0.8165 -0.3877 -0.4279
vn 0.5213 -0.7031 -0.4837
vn 0.2703 -0.3799 0.8847
vn -0.0753 -0.6199 0.7811
vn 0.4250 -0.5496 -0.7192
vn 0.4859 -0.8685 0.0979
vn 0.2177 -0.8853 -0.4110
vn 0.2864 -0.8022 0.5239
vn 0.0397 -0.9341 0.3547
vn -0.1391 -0.9890 -0.0500
vn -0.9611 -0.2731 0.0407
vn -0.0856 -0.8109 -0.5789
vn 0.0447 -0.6073 -0.7932
vn -0.0262 -0.4885 -0.8722
vn -0.1129 -0.2618 0.9585
vn -0.5325 -0.8388 -0.1136
vn -0.2426 -0.4384 -0.8655
vn -0.4695 -0.8104 0.3506
vn -0.4703 -0.6384 -0.6093
vn -0.6374 -0.7313 -0.2428
vn -0.5484 -0.4485 0.7058
vn -0.7805 -0.5535 0.2906
vn -0.2942 -0.1233 -0.9478
vn -0.8636 -0.4792 0.1564
vn -0.9061 -0.2942 -0.3040
vn -0.9872 0.1150 0.1101
vn -0.8516 -0.0703 0.5194
vn -0.8878 -0.0221 -0.4597
vn -0.6587 -0.0547 -0.7504
vn -0.2132 0.9725 0.0940
vn -0.2843 0.0905 -0.9544
vn -0.9041 0.2392 -0.3540
vn -0.8944 0.2128 -0.3934
vn -0.5896 0.2327 -0.7735
vn -0.7757 0.3719 0.5099
vn -0.4571 0.2505 -0.8534
vn -0.7711 0.6001 -0.2126
vn -0.3080 0.2672 0.9131
vn -0.5942 0.5277 -0.6070
vn -0.6247 0.7658 0.1526
vn -0.1114 0.1980 0.9739
vn -0.3193 0.8306 -0.4563
vn -0.3187 0.5354 0.7821
vn -0.2751 0.5907 -0.7585
vn -0.2541 0.4657 -0.8477
vn -0.0677 0.9117 -0.4053
vn -0.1579 0.8478 0.5063
vn 0.6962 0.7081 0.1175
vn 0.0748 0.9914 0.1070
vn 0.0538 0.5793 0.8134
vn 0.2553 0.8527 -0.4558
vn 0.0764 0.6695 -0.7389
vn 0.2808 0.7968 0.5351
vn 0.1574 0.4668 -0.8703
vn 0.4554 0.8843 0.1033
vn 0.6543 0.6805 -0.3299
vn 0.5028 0.7278 -0.4664
vn 0.9457 -0.0832 0.3142
vn 0.6342 0.0216 0.7729
vn 0.4684 0.3737 0.8006
vn 0.7073 0.4583 0.5382
vn 0.8866 0.4581 0.0634
vn 0.9178 0.3941 -0.0492
vn 0.3200 0.0488 -0.9462
vn 0.9724 0.2167 -0.0865
vn 0.6472 0.2317 -0.7263
vn 0.8751 0.0691 0.4790
vn 0.9354 0.0381 -0.3516
vn 0.8815 -0.4621 -0.0967
vn 0.5893 -0.4749 0.6536
vn 0.5229 -0.6991 -0.4876
vn -0.0362 -0.5989 0.8000
vn -0.9435 -0.3183 0.0924
vn -0.9820 0.1761 0.0680
vn -0.0850 0.9952 0.0476
vn 0.6185 0.7842 0.0501
vn 0.9501 -0.1475 0.2750
vn 0.6607 -0.0028 0.7507
vt 0.804249 0.848025
vt 0.884756 0.915970
vt 0.676250 0.821957
vt 0.749488 0.292930
vt 0.714279 0.417909
vt 0.655131 0.286873
vt 0.726935 0.152922
vt 0.580987 0.167366
vt 0.708567 0.690602
vt 0.634035 0.624964
vt 0.703830 0.532515
vt 0.671875 1.000000
vt 0.551942 0.909231
vt 0.628052 0.526469
vt 0.572016 0.435152
vt 0.641194 0.402575
vt 0.567931 0.766799
vt 0.552187 0.600548
vt 0.445463 0.098320
vt 0.703139 0.062500
vt 0.578125 0.000000
vt 0.514217 0.531352
vt 0.516468 0.717289
vt 0.460577 0.645915
vt 0.500003 0.406724
vt 0.420900 0.840798
vt 0.428121 0.370061
vt 0.546665 0.280866
vt 0.424241 0.735141
vt 0.444278 0.535980
vt 0.369858 0.210550
vt 0.453152 0.219058
vt 0.371877 0.656890
vt 0.375018 0.531130
vt 0.338128 0.458811
vt 0.406426 0.964763
vt 0.231094 0.896800
vt 0.287226 0.781475
vt 0.359779 0.344269
vt 0.299187 0.300430
vt 0.247508 0.161055
vt 0.310446 0.634411
vt 0.216770 0.702232
vt 0.194451 0.596355
vt 0.265625 0.595977
vt 0.147102 0.785900
vt 0.162916 0.351922
vt 0.126242 0.222916
vt 0.221046 0.284353
vt 0.142699 0.590547
vt 0.185535 0.466154
vt 0.273129 0.036605
vt 0.125103 0.125000
vt 0.043730 0.087141
vt 0.108032 0.469166
vt 0.073101 0.705107
vt 0.070976 0.585164
vt 0.102589 0.336191
vt 0.046075 0.436626
vt 0.078125 1.000000
vt 0.014102 0.903265
vt 0.027220 0.279821
vt 0.010454 0.605198
vt 0.024431 0.187500
vt 0.054564 0.846020
vt 0.007229 0.724317
vt 0.984384 0.724317
vt 0.954401 0.593080
vt 1.000000 0.605198
vt 0.920301 0.812500
vt 1.000000 0.812500
vt 0.992303 0.277267
vt 0.983864 0.441679
vt 0.917049 0.253482
vt 0.891522 0.719830
vt 0.921917 0.437747
vt 0.897990 0.598987
vt 0.827645 0.158907
vt 0.954872 0.087141
vt 0.844657 0.593400
vt 0.845287 0.316638
vt 0.858032 0.469167
vt 0.797116 0.406654
vt 0.797589 0.718022
vt 0.828125 0.000000
vt 0.789540 0.577180
vt 0.764830 0.532292
vt 0.250838 0.440922
vt 0.000000 0.441679
vt 0.985117 0.187500
s 0
g Sphere.004_Mat_Cardume_Olho_10.001
usemtl Mat_Cardume_Olho_10.001
f 1661/2214/2634 1586/2215/2634 1592/2216/2634
f 1587/2217/2635 1590/2218/2635 1595/2219/2635
f 1591/2220/2636 1595/2219/2636 1604/2221/2636
f 1588/2222/2637 1593/2223/2637 1589/2224/2637
f 1586/2215/2638 1638/2225/2638 1605/2226/2638
f 1596/2227/2639 1600/2228/2639 1594/2229/2639
f 1599/2230/2640 1598/2231/2640 1593/2223/2640
f 1593/2223/2641 1598/2231/2641 1596/2227/2641
f 1604/2221/2642 1617/2232/2642 1597/2233/2642
f 1629/2234/2643 1597/2233/2643 1617/2232/2643
f 1598/2231/2644 1602/2235/2644 1600/2228/2644
f 1598/2231/2645 1601/2236/2645 1607/2237/2645
f 1602/2235/2646 1606/2238/2646 1600/2228/2646
f 1605/2226/2647 1612/2239/2647 1599/2230/2647
f 1606/2238/2648 1611/2240/2648 1603/2241/2648
f 1601/2236/2649 1610/2242/2649 1607/2237/2649
f 1602/2235/2650 1607/2237/2650 1608/2243/2650
f 1608/2243/2651 1611/2240/2651 1606/2238/2651
f 1611/2240/2652 1613/2244/2652 1609/2245/2652
f 1607/2237/2653 1610/2242/2653 1614/2246/2653
f 1614/2246/2654 1615/2247/2654 1608/2243/2654
f 1615/2247/2655 1618/2248/2655 1611/2240/2655
f 1638/2249/2656 1633/2250/2656 1612/2239/2656
f 1612/2239/2657 1633/2250/2657 1622/2251/2657
f 1612/2239/2658 1622/2251/2658 1610/2242/2658
f 1616/2252/2659 1621/2253/2659 1613/2244/2659
f 1613/2244/2660 1625/2254/2660 1617/2232/2660
f 1618/2248/2661 1621/2253/2661 1616/2252/2661
f 1614/2246/2662 1622/2251/2662 1619/2255/2662
f 1613/2244/2663 1621/2253/2663 1625/2254/2663
f 1622/2251/2664 1626/2256/2664 1619/2255/2664
f 1626/2256/2665 1623/2257/2665 1620/2258/2665
f 1633/2250/2666 1630/2259/2666 1622/2251/2666
f 1622/2251/2667 1630/2259/2667 1626/2256/2667
f 1632/2260/2668 1636/2261/2668 1627/2262/2668
f 1626/2256/2669 1630/2259/2669 1631/2263/2669
f 1623/2257/2670 1631/2263/2670 1628/2264/2670
f 1629/2265/2671 1637/2266/2671 1655/2267/2671
f 1631/2263/2672 1634/2268/2672 1628/2264/2672
f 1631/2263/2673 1630/2259/2673 1639/2269/2673
f 1639/2269/2674 1640/2270/2674 1631/2263/2674
f 1634/2268/2675 1635/2271/2675 1632/2260/2675
f 1634/2268/2676 1640/2270/2676 1641/2272/2676
f 1633/2250/2677 1638/2273/2677 1586/2274/2677
f 1634/2268/2678 1641/2272/2678 1635/2271/2678
f 1635/2271/2679 1645/2275/2679 1636/2261/2679
f 1639/2269/2680 1644/2276/2680 1640/2270/2680
f 1637/2266/2681 1647/2277/2681 1655/2267/2681
f 1642/2278/2682 1643/2279/2682 1639/2269/2682
f 1643/2280/2683 1648/2281/2683 1644/2282/2683
f 1586/2215/2684 1650/2283/2684 1642/2284/2684
f 1645/2285/2685 1646/2286/2685 1652/2287/2685
f 1650/2283/2686 1653/2288/2686 1643/2280/2686
f 1646/2286/2687 1648/2281/2687 1649/2289/2687
f 1653/2288/2688 1651/2290/2688 1648/2281/2688
f 1652/2287/2689 1658/2291/2689 1655/2292/2689
f 1653/2288/2690 1656/2293/2690 1651/2290/2690
f 1586/2215/2691 1661/2214/2691 1650/2283/2691
f 1652/2287/2692 1657/2294/2692 1658/2291/2692
f 1654/2295/2693 1660/2296/2693 1657/2294/2693
f 1661/2214/2694 1659/2297/2694 1653/2288/2694
f 1655/2292/2695 1658/2291/2695 1597/2233/2695
f 1629/2298/2696 1655/2292/2696 1597/2233/2696
f 1660/2296/2697 1587/2217/2697 1657/2294/2697
f 1656/2293/2698 1659/2297/2698 1584/2299/2698
f 1587/2217/2699 1591/2220/2699 1658/2291/2699
f 1585/2300/2700 1590/2218/2700 1660/2296/2700
f 1594/2229/2701 1589/2224/2701 1596/2227/2701
f 1585/2300/2702 1589/2224/2702 1590/2218/2702
f 1587/2217/2703 1595/2219/2703 1591/2220/2703
f 1591/2220/2704 1604/2221/2704 1597/2233/2704
f 1589/2224/2705 1593/2223/2705 1596/2227/2705
f 1593/2223/2706 1592/2216/2706 1599/2230/2706
f 1586/2215/2707 1605/2226/2707 1592/2216/2707
f 1595/2219/2708 1590/2218/2708 1594/2229/2708
f 1603/2241/2709 1594/2229/2709 1600/2228/2709
f 1592/2216/2710 1605/2226/2710 1599/2230/2710
f 1601/2236/2711 1612/2239/2711 1610/2242/2711
f 1604/2221/2712 1595/2219/2712 1603/2241/2712
f 1600/2228/2713 1596/2227/2713 1598/2231/2713
f 1600/2228/2714 1606/2238/2714 1603/2241/2714
f 1598/2231/2715 1599/2230/2715 1601/2236/2715
f 1598/2231/2716 1607/2237/2716 1602/2235/2716
f 1602/2235/2717 1608/2243/2717 1606/2238/2717
f 1618/2248/2718 1620/2258/2718 1624/2301/2718
f 1603/2241/2719 1611/2240/2719 1609/2245/2719
f 1604/2221/2720 1603/2241/2720 1609/2245/2720
f 1604/2221/2721 1609/2245/2721 1617/2232/2721
f 1605/2226/2722 1638/2249/2722 1612/2239/2722
f 1608/2243/2723 1615/2247/2723 1611/2240/2723
f 1609/2245/2724 1613/2244/2724 1617/2232/2724
f 1607/2237/2725 1614/2246/2725 1608/2243/2725
f 1611/2240/2726 1616/2252/2726 1613/2244/2726
f 1611/2240/2727 1618/2248/2727 1616/2252/2727
f 1614/2246/2728 1610/2242/2728 1622/2251/2728
f 1614/2246/2729 1619/2255/2729 1615/2247/2729
f 1617/2232/2730 1625/2254/2730 1629/2265/2730
f 1615/2247/2731 1619/2255/2731 1618/2248/2731
f 1618/2248/2732 1624/2301/2732 1621/2253/2732
f 1623/2257/2733 1624/2301/2733 1620/2258/2733
f 1619/2255/2734 1626/2256/2734 1620/2258/2734
f 1621/2253/2735 1624/2301/2735 1627/2262/2735
f 1625/2254/2736 1621/2253/2736 1627/2262/2736
f 1644/2276/2737 1641/2272/2737 1640/2270/2737
f 1629/2265/2738 1625/2254/2738 1637/2266/2738
f 1624/2301/2739 1628/2264/2739 1632/2260/2739
f 1627/2262/2740 1624/2301/2740 1632/2260/2740
f 1625/2254/2741 1627/2262/2741 1636/2261/2741
f 1626/2256/2742 1631/2263/2742 1623/2257/2742
f 1625/2254/2743 1636/2261/2743 1637/2266/2743
f 1628/2264/2744 1634/2268/2744 1632/2260/2744
f 1633/2250/2745 1642/2278/2745 1630/2259/2745
f 1632/2260/2746 1635/2271/2746 1636/2261/2746
f 1634/2268/2747 1631/2263/2747 1640/2270/2747
f 1633/2250/2748 1586/2274/2748 1642/2278/2748
f 1635/2271/2749 1641/2272/2749 1645/2275/2749
f 1630/2259/2750 1642/2278/2750 1639/2269/2750
f 1636/2261/2751 1645/2275/2751 1647/2277/2751
f 1637/2266/2752 1636/2261/2752 1647/2277/2752
f 1641/2272/2753 1646/2302/2753 1645/2275/2753
f 1639/2269/2754 1643/2279/2754 1644/2276/2754
f 1654/2295/2755 1651/2290/2755 1656/2293/2755
f 1646/2286/2756 1644/2282/2756 1648/2281/2756
f 1642/2284/2757 1650/2283/2757 1643/2280/2757
f 1652/2287/2758 1646/2286/2758 1649/2289/2758
f 1647/2303/2759 1645/2285/2759 1652/2287/2759
f 1643/2280/2760 1653/2288/2760 1648/2281/2760
f 1655/2292/2761 1647/2303/2761 1652/2287/2761
f 1649/2289/2762 1648/2281/2762 1651/2290/2762
f 1649/2289/2763 1654/2295/2763 1657/2294/2763
f 1652/2287/2764 1649/2289/2764 1657/2294/2764
f 1585/2300/2765 1588/2222/2765 1589/2224/2765
f 1592/2216/2766 1659/2297/2766 1661/2214/2766
f 1650/2283/2767 1661/2214/2767 1653/2288/2767
f 1656/2293/2768 1653/2288/2768 1659/2297/2768
f 1654/2295/2769 1656/2293/2769 1584/2299/2769
f 1654/2295/2770 1584/2299/2770 1660/2296/2770
f 1658/2291/2771 1591/2220/2771 1597/2233/2771
f 1584/2299/2772 1585/2300/2772 1660/2296/2772
f 1658/2291/2773 1657/2294/2773 1587/2217/2773
f 1584/2299/2774 1659/2297/2774 1588/2222/2774
f 1660/2296/2775 1590/2218/2775 1587/2217/2775
f 1594/2229/2776 1590/2218/2776 1589/2224/2776
f 1593/2223/2777 1588/2222/2777 1592/2216/2777
f 1603/2241/2778 1595/2219/2778 1594/2229/2778
f 1601/2236/2779 1599/2230/2779 1612/2239/2779
f 1618/2248/2780 1619/2255/2780 1620/2258/2780
f 1623/2257/2781 1628/2264/2781 1624/2301/2781
f 1644/2276/2782 1646/2302/2782 1641/2272/2782
f 1654/2295/2783 1649/2289/2783 1651/2290/2783
f 1585/2300/2784 1584/2299/2784 1588/2222/2784
f 1592/2216/2785 1588/2222/2785 1659/2297/2785
o Sphere.005
v -1.883647 -2.466379 1.222388
v -1.888141 -2.559296 1.406310
v -1.828205 -2.568370 1.318690
v -1.862451 -2.560433 1.220288
v -2.027827 -2.586059 1.165604
v -2.028097 -2.710502 1.318903
v -2.024347 -2.668424 1.412378
v -2.035679 -2.687529 1.221653
v -2.211257 -2.739491 1.364015
v -2.175653 -2.710122 1.218302
v -1.994275 -2.563739 1.427037
v -2.256507 -2.708617 1.301555
v -2.166656 -2.591252 1.241663
v -2.049227 -2.523112 1.370374
v -1.812298 -2.455392 1.323316
vn -0.0661 0.8404 -0.5379
vn 0.4932 -0.2044 0.8456
vn 0.7501 -0.6580 0.0659
vn 0.6211 -0.4707 -0.6267
vn -0.0770 0.1213 -0.9896
vn 0.4171 -0.9085 0.0252
vn 0.2792 -0.6276 0.7267
vn 0.3566 -0.7907 -0.4977
vn -0.3345 -0.6518 0.6806
vn -0.1897 -0.6123 -0.7675
vn -0.1704 0.3798 0.9093
vn -0.9702 0.2146 0.1125
vn -0.6144 0.7350 -0.2869
vn -0.4506 0.7982 0.3998
vn 0.3484 0.8833 0.3137
vt 0.683247 0.810082
vt 0.624371 0.562957
vt 0.791281 0.556926
vt 0.431343 0.809960
vt 0.459915 0.566263
vt 0.541667 1.000000
vt 0.280654 0.657389
vt 0.209572 0.498083
vt 0.086642 0.350307
vt 0.308727 0.296507
vt 0.144242 0.941469
vt 0.024631 0.621900
vt 1.000000 0.311258
vt 0.976174 0.641405
vt 0.834722 0.311257
vt 0.931902 0.861723
vt 0.628130 0.317726
vt 0.684032 0.113171
vt 0.458333 0.315699
vt 0.157620 0.097343
s 1
g Sphere.005_Mat_Cardume_Corpo_60.002
usemtl Mat_Cardume_Corpo_60.002
f 1663/2304/2787 1664/2305/2788 1676/2306/2800
f 1668/2307/2792 1667/2308/2791 1664/2305/2788
f 1663/2304/2787 1672/2309/2796 1668/2307/2792
f 1668/2307/2792 1670/2310/2794 1667/2308/2791
f 1673/2311/2797 1674/2312/2798 1671/2313/2795
f 1672/2314/2796 1675/2315/2799 1670/2310/2794
f 1670/2310/2794 1675/2315/2799 1673/2311/2797
f 1674/2316/2798 1675/2317/2799 1662/2318/2786
f 1675/2317/2799 1672/2319/2796 1676/2306/2800
f 1662/2318/2786 1665/2320/2789 1666/2321/2790
f 1669/2322/2793 1664/2305/2788 1667/2308/2791
f 1663/2304/2787 1668/2307/2792 1664/2305/2788
f 1671/2313/2795 1667/2308/2791 1670/2310/2794
f 1665/2320/2789 1669/2322/2793 1666/2321/2790
f 1666/2323/2790 1669/2322/2793 1671/2313/2795
f 1671/2313/2795 1670/2310/2794 1673/2311/2797
f 1668/2307/2792 1672/2314/2796 1670/2310/2794
f 1666/2323/2790 1671/2313/2795 1674/2312/2798
f 1673/2311/2797 1675/2315/2799 1674/2312/2798
f 1666/2321/2790 1674/2316/2798 1662/2318/2786
f 1665/2320/2789 1676/2306/2800 1664/2305/2788
f 1662/2318/2786 1675/2317/2799 1676/2306/2800
f 1676/2306/2800 1672/2319/2796 1663/2304/2787
f 1669/2322/2793 1665/2320/2789 1664/2305/2788
f 1671/2313/2795 1669/2322/2793 1667/2308/2791
f 1665/2320/2789 1662/2318/2786 1676/2306/2800
o Cone.004
v -2.302709 -2.714749 1.181238
v -2.268570 -2.773879 1.357558
v -2.273713 -2.764972 1.361204
v -2.132015 -2.664800 1.300000
vn -0.5306 0.0402 -0.8467
vn 0.4513 -0.8381 -0.3066
vn -0.4905 0.7932 0.3610
vn 0.8660 0.5000 -0.0000
vt 0.250000 0.490000
vt 0.250000 0.250000
vt 0.457846 0.130000
vt 0.750000 0.490000
vt 0.957846 0.130000
vt 0.542154 0.130000
vt 0.042154 0.130000
s 1
g Cone.004_Mat_Cardume_Barbatana_30.002
usemtl Mat_Cardume_Barbatana_30.002
f 1677/2324/2801 1680/2325/2804 1678/2326/2802
f 1677/2327/2801 1678/2328/2802 1679/2329/2803
f 1678/2326/2802 1680/2325/2804 1679/2330/2803
f 1679/2330/2803 1680/2325/2804 1677/2324/2801
o Sphere.006
v -1.851978 -2.567644 1.307147
v -1.853765 -2.576691 1.278203
v -1.877653 -2.582539 1.335381
v -1.849895 -2.583873 1.320850
v -1.844071 -2.583069 1.303874
v -1.845423 -2.580994 1.290841
v -1.863246 -2.585530 1.267892
v -1.846100 -2.599211 1.313771
v -1.859683 -2.589917 1.330969
v -1.844935 -2.596925 1.289169
v -1.850918 -2.593777 1.277104
v -1.843806 -2.599967 1.303464
v -1.872040 -2.589900 1.264609
v -1.859114 -2.606265 1.327113
v -1.853349 -2.614483 1.311320
v -1.849618 -2.611899 1.292175
v -1.862538 -2.614373 1.322821
v -1.858588 -2.621299 1.303563
v -1.858524 -2.610639 1.276481
v -1.864036 -2.601149 1.268077
v -1.871562 -2.598634 1.334752
v -1.873409 -2.627325 1.304281
v -1.861856 -2.621850 1.289309
v -1.877846 -2.618616 1.324497
v -1.870044 -2.622715 1.316610
v -1.873727 -2.613920 1.272002
v -1.875586 -2.625058 1.285272
v -1.878847 -2.608866 1.331981
v -1.887668 -2.622357 1.317495
v -1.885935 -2.613231 1.271475
v -1.888495 -2.626615 1.303617
v -1.890340 -2.621561 1.282884
v -1.877449 -2.602397 1.265294
v -1.900297 -2.617473 1.314762
v -1.896058 -2.623610 1.295309
v -1.907366 -2.611772 1.310544
v -1.898753 -2.613874 1.278295
v -1.895496 -2.607577 1.328590
v -1.910223 -2.609979 1.293281
v -1.894629 -2.599175 1.267931
v -1.906801 -2.600541 1.321832
v -1.913310 -2.597814 1.311234
v -1.905437 -2.601636 1.276989
v -1.915127 -2.595837 1.296003
v -1.911680 -2.590618 1.283606
v -1.883098 -2.593344 1.264019
v -1.901548 -2.588839 1.328604
v -1.914271 -2.588429 1.310827
v -1.892669 -2.587940 1.266581
v -1.888964 -2.596527 1.334773
v -1.903522 -2.575519 1.322049
v -1.912786 -2.578260 1.296437
v -1.908197 -2.579363 1.282104
v -1.901729 -2.585904 1.272086
v -1.880385 -2.595479 1.335990
v -1.892334 -2.567109 1.323551
v -1.908001 -2.571505 1.309876
v -1.904870 -2.566476 1.292867
v -1.891303 -2.580195 1.332363
v -1.898825 -2.563343 1.311492
v -1.893632 -2.558659 1.293175
v -1.896669 -2.569647 1.276543
v -1.891102 -2.575159 1.269909
v -1.887637 -2.557850 1.310545
v -1.880276 -2.555657 1.292864
v -1.879609 -2.571493 1.330203
v -1.875202 -2.557328 1.311284
v -1.880439 -2.565615 1.274015
v -1.874759 -2.563802 1.323519
v -1.864100 -2.560147 1.310829
v -1.865860 -2.557933 1.296437
v -1.882761 -2.582316 1.265006
v -1.866736 -2.563784 1.279577
v -1.869461 -2.577620 1.267923
v -1.860340 -2.570919 1.323172
v -1.849578 -2.570757 1.303253
v -1.855441 -2.566146 1.289447
v -1.868484 -2.578855 1.332293
vn 0.2784 0.1072 0.9545
vn 0.8481 0.1735 -0.5007
vn 0.5812 -0.0390 -0.8128
vn 0.9415 0.0821 0.3269
vn 0.1446 0.0161 0.9894
vn 0.9362 -0.3213 -0.1424
vn 0.8656 -0.4470 0.2255
vn 0.2140 -0.1455 -0.9659
vn 0.0808 -0.0893 -0.9927
vn 0.7486 -0.4355 0.4999
vn 0.7574 -0.6502 0.0598
vn 0.6430 -0.7567 -0.1182
vn 0.5046 -0.7596 0.4104
vn 0.2694 -0.7192 0.6404
vn 0.3759 -0.8969 0.2328
vn 0.2692 -0.4256 0.8639
vn 0.3417 -0.7498 -0.5666
vn 0.2651 -0.9534 -0.1441
vn -0.0153 -0.7648 -0.6441
vn 0.0054 -0.8851 0.4654
vn -0.1657 -0.9660 -0.1986
vn -0.0579 -0.9535 0.2959
vn -0.0986 -0.2958 0.9501
vn -0.2128 -0.3783 0.9009
vn -0.2033 -0.6093 0.7665
vn -0.3025 -0.7104 -0.6354
vn -0.5122 -0.7779 -0.3640
vn -0.3960 -0.6761 0.6213
vn -0.2069 -0.3576 -0.9107
vn -0.4019 -0.4497 -0.7977
vn -0.6514 -0.4916 0.5779
vn -0.8301 -0.3740 0.4136
vn -0.5143 -0.1667 0.8413
vn -0.5884 -0.1906 0.7858
vn -0.9897 -0.0968 0.1055
vn -0.7506 -0.0288 -0.6601
vn -0.8126 0.0278 0.5822
vn -0.8002 0.1651 0.5765
vn -0.2078 0.0935 -0.9737
vn -0.9912 0.1322 -0.0089
vn -0.9184 0.2425 -0.3127
vn -0.8427 0.3358 0.4208
vn -0.6425 0.3821 -0.6643
vn -0.8282 0.5603 0.0132
vn -0.1493 0.0779 0.9857
vn -0.8312 0.4668 -0.3020
vn -0.4562 0.4720 0.7544
vn -0.6382 0.6299 0.4426
vn -0.3010 0.2747 -0.9132
vn -0.1314 0.4016 0.9063
vn -0.2813 0.8235 -0.4927
vn -0.3626 0.8161 0.4500
vn -0.2185 0.9754 0.0300
vn -0.1296 0.6958 0.7065
vn -0.0648 0.8811 0.4686
vn 0.0267 0.4717 -0.8814
vn 0.1233 0.4390 0.8900
vn 0.2308 0.5999 -0.7661
vn 0.2372 0.8622 0.4476
vn 0.1291 0.2330 -0.9639
vn 0.0256 0.0884 -0.9958
vn 0.4491 0.8366 -0.3137
vn 0.3000 0.5707 0.7644
vn 0.5788 0.6361 -0.5102
vn 0.5653 0.6991 0.4378
vn 0.8242 0.5402 -0.1696
vn 0.4890 0.3872 -0.7816
vn 0.9970 0.0175 -0.0751
vn 0.9130 0.4069 -0.0299
vn 0.6563 0.1568 -0.7380
vn 0.9009 0.0725 -0.4279
vn 0.3624 -0.0294 -0.9316
vn 0.9762 0.0101 0.2166
vn 0.7431 -0.1290 0.6566
vn 0.2617 0.0614 0.9632
vn 0.8030 -0.3482 -0.4837
vn 0.4240 -0.1939 0.8847
vn 0.2447 -0.5745 0.7811
vn 0.6429 -0.2635 -0.7192
vn 0.8551 -0.5092 0.0979
vn 0.6312 -0.6578 -0.4110
vn 0.6491 -0.5515 0.5239
vn 0.5015 -0.7891 0.3547
vn -0.6958 -0.7170 0.0407
vn 0.3314 -0.7450 -0.5789
vn 0.3424 -0.5036 -0.7932
vn 0.2216 -0.4362 -0.8722
vn 0.3741 -0.9261 -0.0500
vn 0.0332 -0.2832 0.9585
vn 0.0091 -0.5009 -0.8655
vn -0.0014 -0.9365 0.3506
vn -0.0417 -0.9926 -0.1136
vn -0.1864 -0.9520 -0.2428
vn -0.0882 -0.7880 -0.6093
vn -0.3992 -0.8696 0.2906
vn -0.2507 -0.6626 0.7058
vn -0.1931 -0.2539 -0.9478
vn -0.5083 -0.8469 0.1564
vn -0.9125 -0.3940 0.1101
vn -0.6376 -0.7078 -0.3040
vn -0.7578 -0.4630 -0.4597
vn -0.7024 -0.4867 0.5194
vn -0.6708 0.7356 0.0940
vn -0.5431 -0.3767 -0.7504
vn -0.8810 -0.2629 -0.3934
vn -0.2915 -0.0638 -0.9544
vn -0.9026 -0.2449 -0.3540
vn -0.6269 -0.0933 -0.7735
vn -0.8577 -0.0657 0.5099
vn -0.5211 -0.0116 -0.8534
vn -0.7785 0.1599 -0.6070
vn -0.9679 0.1342 -0.2126
vn -0.4003 0.0774 0.9131
vn -0.9239 0.3508 0.1526
vn -0.5336 0.3741 -0.7585
vn -0.4530 0.2763 -0.8477
vn -0.1954 0.1158 0.9739
vn -0.6918 0.5597 -0.4563
vn -0.5437 0.3043 0.7821
vn -0.5606 0.6552 0.5063
vn 0.2489 0.9614 0.1175
vn -0.5145 0.7557 -0.4053
vn -0.2431 0.5285 0.8134
vn -0.4309 0.8960 0.1070
vn -0.2686 0.6180 -0.7389
vn -0.1552 0.8304 0.5351
vn -0.0971 0.4829 -0.8703
vn -0.2052 0.8661 -0.4558
vn -0.0478 0.9935 0.1033
vn 0.5384 0.3358 0.7729
vn 0.2264 0.9165 -0.3299
vn 0.0715 0.8817 -0.4664
vn 0.8606 0.4008 0.3142
vn 0.2188 0.5579 0.8006
vn 0.5388 0.8400 0.0634
vn 0.5978 0.8002 -0.0492
vn 0.3834 0.7506 0.5382
vn 0.4446 0.5242 -0.7263
vn 0.2527 0.2023 -0.9462
vn 0.7337 0.6739 -0.0865
vn 0.7910 0.5007 -0.3516
vn 0.7233 0.4973 0.4790
vn 0.9945 0.0406 -0.0967
vn 0.7478 -0.1167 0.6536
vn 0.8024 -0.3440 -0.4876
vn 0.2681 -0.5368 0.8000
vn -0.6579 -0.7474 0.0924
vn -0.9385 -0.3385 0.0680
vn -0.5713 0.8194 0.0476
vn 0.1436 0.9884 0.0501
vn 0.5736 0.3279 0.7507
vn 0.8966 0.3473 0.2750
vt 0.804249 0.848025
vt 0.884756 0.915970
vt 0.676250 0.821957
vt 0.749488 0.292930
vt 0.714279 0.417909
vt 0.655131 0.286873
vt 0.726935 0.152922
vt 0.580987 0.167366
vt 0.708567 0.690602
vt 0.634035 0.624964
vt 0.703830 0.532515
vt 0.671875 1.000000
vt 0.551942 0.909231
vt 0.628052 0.526469
vt 0.572016 0.435152
vt 0.641194 0.402575
vt 0.552187 0.600548
vt 0.445463 0.098320
vt 0.703139 0.062500
vt 0.578125 0.000000
vt 0.567931 0.766799
vt 0.514217 0.531352
vt 0.500003 0.406724
vt 0.516468 0.717289
vt 0.460577 0.645915
vt 0.424241 0.735141
vt 0.444278 0.535980
vt 0.420900 0.840798
vt 0.428121 0.370061
vt 0.546665 0.280866
vt 0.369858 0.210550
vt 0.453152 0.219058
vt 0.371877 0.656890
vt 0.375018 0.531130
vt 0.338128 0.458811
vt 0.338270 0.964763
vt 0.231094 0.896800
vt 0.287226 0.781475
vt 0.359779 0.344269
vt 0.299187 0.300430
vt 0.310446 0.634411
vt 0.247508 0.161055
vt 0.216770 0.702232
vt 0.194451 0.596355
vt 0.265625 0.595977
vt 0.147102 0.785900
vt 0.142699 0.590547
vt 0.185535 0.466154
vt 0.162916 0.351922
vt 0.126242 0.222916
vt 0.221046 0.284353
vt 0.073101 0.705107
vt 0.273129 0.036605
vt 0.125103 0.125000
vt 0.043730 0.087141
vt 0.108032 0.469166
vt 0.102589 0.336191
vt 0.070976 0.585164
vt 0.027220 0.279821
vt 0.046075 0.436626
vt 0.078125 1.000000
vt 0.014102 0.903265
vt 0.054564 0.846020
vt 0.007229 0.724317
vt 0.010454 0.605198
vt 0.024431 0.187500
vt 0.920301 0.812500
vt 1.000000 0.812500
vt 0.992303 0.277267
vt 0.983864 0.441679
vt 0.917049 0.253482
vt 0.984384 0.724317
vt 0.954401 0.593080
vt 1.000000 0.605198
vt 0.921917 0.437747
vt 0.891522 0.719830
vt 0.897990 0.598987
vt 0.827645 0.158907
vt 0.954872 0.087141
vt 0.845287 0.316638
vt 0.844657 0.593400
vt 0.828125 0.000000
vt 0.858032 0.469167
vt 0.797116 0.406654
vt 0.797589 0.718022
vt 0.789540 0.577180
vt 0.764830 0.532292
vt 0.250838 0.440922
vt 0.000000 0.441679
vt 0.985117 0.187500
s 0
g Sphere.006_Mat_Cardume_Olho_10.002
usemtl Mat_Cardume_Olho_10.002
f 1758/2331/2805 1683/2332/2805 1689/2333/2805
f 1682/2334/2806 1686/2335/2806 1691/2336/2806
f 1687/2337/2807 1691/2336/2807 1700/2338/2807
f 1684/2339/2808 1688/2340/2808 1685/2341/2808
f 1683/2332/2809 1735/2342/2809 1701/2343/2809
f 1692/2344/2810 1696/2345/2810 1690/2346/2810
f 1688/2340/2811 1695/2347/2811 1692/2344/2811
f 1700/2338/2812 1713/2348/2812 1693/2349/2812
f 1726/2350/2813 1693/2349/2813 1713/2348/2813
f 1694/2351/2814 1695/2347/2814 1688/2340/2814
f 1695/2347/2815 1698/2352/2815 1696/2345/2815
f 1698/2352/2816 1703/2353/2816 1696/2345/2816
f 1695/2347/2817 1697/2354/2817 1705/2355/2817
f 1697/2354/2818 1704/2356/2818 1705/2355/2818
f 1698/2352/2819 1705/2355/2819 1702/2357/2819
f 1701/2343/2820 1708/2358/2820 1694/2351/2820
f 1703/2353/2821 1707/2359/2821 1699/2360/2821
f 1702/2357/2822 1707/2359/2822 1703/2353/2822
f 1707/2359/2823 1710/2361/2823 1706/2362/2823
f 1705/2355/2824 1704/2356/2824 1709/2363/2824
f 1711/2364/2825 1715/2365/2825 1707/2359/2825
f 1709/2363/2826 1711/2364/2826 1702/2357/2826
f 1735/2366/2827 1730/2367/2827 1708/2358/2827
f 1708/2358/2828 1730/2367/2828 1718/2368/2828
f 1708/2358/2829 1718/2368/2829 1704/2356/2829
f 1712/2369/2830 1717/2370/2830 1710/2361/2830
f 1715/2365/2831 1717/2370/2831 1712/2369/2831
f 1709/2363/2832 1718/2368/2832 1714/2371/2832
f 1710/2361/2833 1720/2372/2833 1713/2348/2833
f 1710/2361/2834 1717/2370/2834 1720/2372/2834
f 1718/2368/2835 1721/2373/2835 1714/2371/2835
f 1721/2373/2836 1722/2374/2836 1716/2375/2836
f 1730/2367/2837 1727/2376/2837 1718/2368/2837
f 1718/2368/2838 1727/2376/2838 1721/2373/2838
f 1722/2374/2839 1728/2377/2839 1724/2378/2839
f 1725/2379/2840 1734/2380/2840 1723/2381/2840
f 1721/2373/2841 1727/2376/2841 1728/2377/2841
f 1728/2377/2842 1727/2376/2842 1731/2382/2842
f 1726/2383/2843 1729/2384/2843 1752/2385/2843
f 1728/2377/2844 1732/2386/2844 1724/2378/2844
f 1732/2386/2845 1733/2387/2845 1725/2379/2845
f 1731/2382/2846 1737/2388/2846 1728/2377/2846
f 1733/2387/2847 1742/2389/2847 1734/2380/2847
f 1732/2386/2848 1737/2388/2848 1738/2390/2848
f 1730/2367/2849 1735/2391/2849 1683/2392/2849
f 1732/2386/2850 1738/2390/2850 1733/2387/2850
f 1739/2393/2851 1736/2394/2851 1731/2382/2851
f 1731/2382/2852 1740/2395/2852 1737/2388/2852
f 1729/2384/2853 1743/2396/2853 1752/2385/2853
f 1683/2332/2854 1746/2397/2854 1739/2398/2854
f 1742/2399/2855 1741/2400/2855 1748/2401/2855
f 1736/2402/2856 1744/2403/2856 1740/2404/2856
f 1741/2400/2857 1744/2403/2857 1745/2405/2857
f 1746/2397/2858 1749/2406/2858 1736/2402/2858
f 1749/2406/2859 1747/2407/2859 1744/2403/2859
f 1748/2401/2860 1754/2408/2860 1752/2409/2860
f 1683/2332/2861 1758/2331/2861 1746/2397/2861
f 1748/2401/2862 1753/2410/2862 1754/2408/2862
f 1749/2406/2863 1750/2411/2863 1747/2407/2863
f 1752/2409/2864 1754/2408/2864 1693/2349/2864
f 1726/2412/2865 1752/2409/2865 1693/2349/2865
f 1751/2413/2866 1757/2414/2866 1753/2410/2866
f 1758/2331/2867 1755/2415/2867 1749/2406/2867
f 1757/2414/2868 1682/2334/2868 1753/2410/2868
f 1750/2411/2869 1755/2415/2869 1681/2416/2869
f 1756/2417/2870 1686/2335/2870 1757/2414/2870
f 1682/2334/2871 1687/2337/2871 1754/2408/2871
f 1690/2346/2872 1685/2341/2872 1692/2344/2872
f 1756/2417/2873 1685/2341/2873 1686/2335/2873
f 1682/2334/2874 1691/2336/2874 1687/2337/2874
f 1691/2336/2875 1686/2335/2875 1690/2346/2875
f 1687/2337/2876 1700/2338/2876 1693/2349/2876
f 1685/2341/2877 1688/2340/2877 1692/2344/2877
f 1688/2340/2878 1689/2333/2878 1694/2351/2878
f 1683/2332/2879 1701/2343/2879 1689/2333/2879
f 1699/2360/2880 1690/2346/2880 1696/2345/2880
f 1689/2333/2881 1701/2343/2881 1694/2351/2881
f 1697/2354/2882 1708/2358/2882 1704/2356/2882
f 1700/2338/2883 1691/2336/2883 1699/2360/2883
f 1696/2345/2884 1692/2344/2884 1695/2347/2884
f 1696/2345/2885 1703/2353/2885 1699/2360/2885
f 1695/2347/2886 1694/2351/2886 1697/2354/2886
f 1695/2347/2887 1705/2355/2887 1698/2352/2887
f 1715/2365/2888 1716/2375/2888 1719/2418/2888
f 1699/2360/2889 1707/2359/2889 1706/2362/2889
f 1700/2338/2890 1699/2360/2890 1706/2362/2890
f 1700/2338/2891 1706/2362/2891 1713/2348/2891
f 1698/2352/2892 1702/2357/2892 1703/2353/2892
f 1701/2343/2893 1735/2366/2893 1708/2358/2893
f 1706/2362/2894 1710/2361/2894 1713/2348/2894
f 1705/2355/2895 1709/2363/2895 1702/2357/2895
f 1702/2357/2896 1711/2364/2896 1707/2359/2896
f 1707/2359/2897 1715/2365/2897 1712/2369/2897
f 1707/2359/2898 1712/2369/2898 1710/2361/2898
f 1709/2363/2899 1714/2371/2899 1711/2364/2899
f 1709/2363/2900 1704/2356/2900 1718/2368/2900
f 1713/2348/2901 1720/2372/2901 1726/2383/2901
f 1711/2364/2902 1714/2371/2902 1715/2365/2902
f 1722/2374/2903 1719/2418/2903 1716/2375/2903
f 1715/2365/2904 1719/2418/2904 1717/2370/2904
f 1717/2370/2905 1719/2418/2905 1723/2381/2905
f 1714/2371/2906 1721/2373/2906 1716/2375/2906
f 1740/2395/2907 1738/2390/2907 1737/2388/2907
f 1720/2372/2908 1717/2370/2908 1723/2381/2908
f 1723/2381/2909 1719/2418/2909 1725/2379/2909
f 1726/2383/2910 1720/2372/2910 1729/2384/2910
f 1719/2418/2911 1724/2378/2911 1725/2379/2911
f 1720/2372/2912 1723/2381/2912 1734/2380/2912
f 1721/2373/2913 1728/2377/2913 1722/2374/2913
f 1720/2372/2914 1734/2380/2914 1729/2384/2914
f 1725/2379/2915 1733/2387/2915 1734/2380/2915
f 1724/2378/2916 1732/2386/2916 1725/2379/2916
f 1730/2367/2917 1739/2393/2917 1727/2376/2917
f 1732/2386/2918 1728/2377/2918 1737/2388/2918
f 1734/2380/2919 1742/2389/2919 1743/2396/2919
f 1729/2384/2920 1734/2380/2920 1743/2396/2920
f 1730/2367/2921 1683/2392/2921 1739/2393/2921
f 1733/2387/2922 1738/2390/2922 1742/2389/2922
f 1727/2376/2923 1739/2393/2923 1731/2382/2923
f 1731/2382/2924 1736/2394/2924 1740/2395/2924
f 1751/2413/2925 1747/2407/2925 1750/2411/2925
f 1738/2390/2926 1741/2419/2926 1742/2389/2926
f 1739/2398/2927 1746/2397/2927 1736/2402/2927
f 1741/2400/2928 1740/2404/2928 1744/2403/2928
f 1743/2420/2929 1742/2399/2929 1748/2401/2929
f 1736/2402/2930 1749/2406/2930 1744/2403/2930
f 1752/2409/2931 1743/2420/2931 1748/2401/2931
f 1748/2401/2932 1741/2400/2932 1745/2405/2932
f 1745/2405/2933 1744/2403/2933 1747/2407/2933
f 1689/2333/2934 1755/2415/2934 1758/2331/2934
f 1745/2405/2935 1751/2413/2935 1753/2410/2935
f 1748/2401/2936 1745/2405/2936 1753/2410/2936
f 1756/2417/2937 1684/2339/2937 1685/2341/2937
f 1746/2397/2938 1758/2331/2938 1749/2406/2938
f 1751/2413/2939 1750/2411/2939 1681/2416/2939
f 1751/2413/2940 1681/2416/2940 1757/2414/2940
f 1750/2411/2941 1749/2406/2941 1755/2415/2941
f 1754/2408/2942 1753/2410/2942 1682/2334/2942
f 1754/2408/2943 1687/2337/2943 1693/2349/2943
f 1681/2416/2944 1756/2417/2944 1757/2414/2944
f 1757/2414/2945 1686/2335/2945 1682/2334/2945
f 1681/2416/2946 1755/2415/2946 1684/2339/2946
f 1690/2346/2947 1686/2335/2947 1685/2341/2947
f 1688/2340/2948 1684/2339/2948 1689/2333/2948
f 1699/2360/2949 1691/2336/2949 1690/2346/2949
f 1697/2354/2950 1694/2351/2950 1708/2358/2950
f 1715/2365/2951 1714/2371/2951 1716/2375/2951
f 1722/2374/2952 1724/2378/2952 1719/2418/2952
f 1740/2395/2953 1741/2419/2953 1738/2390/2953
f 1751/2413/2954 1745/2405/2954 1747/2407/2954
f 1689/2333/2955 1684/2339/2955 1755/2415/2955
f 1756/2417/2956 1681/2416/2956 1684/2339/2956
o Sphere.007
v -1.141561 -2.934569 1.508118
v -1.080111 -2.915350 1.423227
v -1.107986 -2.928920 1.323439
v -1.182214 -3.138353 1.424988
v -1.205357 -3.096947 1.515940
v -1.194583 -3.125530 1.326370
v -1.304215 -3.215252 1.319653
v -1.328827 -3.253602 1.465550
v -1.379735 -3.251635 1.399925
v -1.296857 -2.985104 1.464773
v -1.357022 -3.107137 1.336371
v -1.235105 -3.035698 1.264828
v -1.232360 -2.990846 1.525503
v -1.122918 -2.809501 1.421825
v -1.173312 -2.858097 1.319372
vn 0.4795 0.0984 0.8720
vn 0.9730 -0.1916 0.1290
vn 0.8082 -0.1172 -0.5772
vn 0.8121 -0.5762 0.0918
vn 0.5122 -0.3788 0.7708
vn 0.7313 -0.5221 -0.4388
vn 0.1855 -0.6503 -0.7367
vn -0.0040 -0.7085 0.7057
vn -0.9527 -0.2963 0.0673
vn -0.8107 0.4783 0.3376
vn -0.8811 0.3186 -0.3494
vn -0.0697 0.0333 -0.9970
vn -0.3893 0.2737 0.8795
vn -0.1570 0.9490 0.2734
vn -0.4448 0.6759 -0.5876
vt 0.683247 0.810082
vt 0.624371 0.562957
vt 0.791281 0.556926
vt 0.431343 0.809960
vt 0.459915 0.566263
vt 0.541667 1.000000
vt 0.280654 0.657389
vt 0.209572 0.498083
vt 0.086642 0.350307
vt 0.308727 0.296507
vt 0.144242 0.941469
vt 0.024631 0.621900
vt 1.000000 0.311258
vt 0.976174 0.641405
vt 0.834722 0.311257
vt 0.904300 0.861723
vt 0.628130 0.317726
vt 0.684032 0.113171
vt 0.458333 0.315699
vt 0.157620 0.097343
s 1
g Sphere.007_Mat_Cardume_Corpo_60.003
usemtl Mat_Cardume_Corpo_60.003
f 1759/2421/2957 1760/2422/2958 1772/2423/2970
f 1763/2424/2961 1762/2425/2960 1760/2422/2958
f 1759/2421/2957 1771/2426/2969 1763/2424/2961
f 1763/2424/2961 1766/2427/2964 1762/2425/2960
f 1767/2428/2965 1769/2429/2967 1765/2430/2963
f 1771/2431/2969 1768/2432/2966 1766/2427/2964
f 1766/2427/2964 1768/2432/2966 1767/2428/2965
f 1769/2433/2967 1768/2434/2966 1773/2435/2971
f 1768/2434/2966 1771/2436/2969 1772/2423/2970
f 1773/2435/2971 1761/2437/2959 1770/2438/2968
f 1764/2439/2962 1760/2422/2958 1762/2425/2960
f 1759/2421/2957 1763/2424/2961 1760/2422/2958
f 1761/2437/2959 1764/2439/2962 1770/2438/2968
f 1765/2430/2963 1762/2425/2960 1766/2427/2964
f 1770/2440/2968 1764/2439/2962 1765/2430/2963
f 1765/2430/2963 1766/2427/2964 1767/2428/2965
f 1763/2424/2961 1771/2431/2969 1766/2427/2964
f 1770/2440/2968 1765/2430/2963 1769/2429/2967
f 1767/2428/2965 1768/2432/2966 1769/2429/2967
f 1761/2437/2959 1772/2423/2970 1760/2422/2958
f 1770/2438/2968 1769/2433/2967 1773/2435/2971
f 1773/2435/2971 1768/2434/2966 1772/2423/2970
f 1772/2423/2970 1771/2436/2969 1759/2421/2957
f 1764/2439/2962 1761/2437/2959 1760/2422/2958
f 1765/2430/2963 1764/2439/2962 1762/2425/2960
f 1761/2437/2959 1773/2435/2971 1772/2423/2970
o Cone.005
v -1.396405 -3.291753 1.275399
v -1.367405 -3.308496 1.461489
v -1.376750 -3.303101 1.463111
v -1.293787 -3.151468 1.400000
vn -0.3353 -0.3138 -0.8883
vn 0.8453 -0.5206 -0.1200
vn -0.8661 0.4675 0.1770
vn 0.5000 0.8660 -0.0000
vt 0.250000 0.490000
vt 0.250000 0.250000
vt 0.457846 0.130000
vt 0.750000 0.490000
vt 0.957846 0.130000
vt 0.542154 0.130000
vt 0.042154 0.130000
s 1
g Cone.005_Mat_Cardume_Barbatana_30.003
usemtl Mat_Cardume_Barbatana_30.003
f 1774/2441/2972 1777/2442/2975 1775/2443/2973
f 1774/2444/2972 1775/2445/2973 1776/2446/2974
f 1775/2443/2973 1777/2442/2975 1776/2447/2974
f 1776/2447/2974 1777/2442/2975 1774/2441/2972
o Sphere.008
v -1.099846 -2.927310 1.407147
v -1.096870 -2.936038 1.378203
v -1.100661 -2.948433 1.367892
v -1.114633 -2.953046 1.435381
v -1.089928 -2.940323 1.420850
v -1.085285 -2.936714 1.403874
v -1.087494 -2.935593 1.390841
v -1.078972 -2.951708 1.413771
v -1.095382 -2.950451 1.430969
v -1.079106 -2.949146 1.389169
v -1.085861 -2.949412 1.377104
v -1.076607 -2.951216 1.403464
v -1.106092 -2.956614 1.364609
v -1.086715 -2.964324 1.427113
v -1.084018 -2.967817 1.376481
v -1.077613 -2.968559 1.411320
v -1.075674 -2.964455 1.392175
v -1.085627 -2.973058 1.422821
v -1.078742 -2.977081 1.403563
v -1.093536 -2.962355 1.368077
v -1.101310 -2.963940 1.434752
v -1.081297 -2.979192 1.389309
v -1.087956 -2.984035 1.416610
v -1.095543 -2.978260 1.372002
v -1.088565 -2.989710 1.404281
v -1.091584 -2.988835 1.385272
v -1.102504 -2.976443 1.431981
v -1.096763 -2.984387 1.424497
v -1.103397 -2.992537 1.417495
v -1.106460 -2.983767 1.371475
v -1.101985 -2.996638 1.403617
v -1.106110 -2.993184 1.382884
v -1.104528 -2.970142 1.365294
v -1.110037 -2.997817 1.395309
v -1.116777 -2.994622 1.414762
v -1.125749 -2.993220 1.410544
v -1.117239 -2.990733 1.378295
v -1.117567 -2.983652 1.428590
v -1.129120 -2.993095 1.393281
v -1.130875 -2.983211 1.421832
v -1.129147 -2.983477 1.376989
v -1.121017 -2.975942 1.367931
v -1.137876 -2.984103 1.411234
v -1.140438 -2.983300 1.396003
v -1.113946 -2.965126 1.364019
v -1.143400 -2.976457 1.410827
v -1.140062 -2.977057 1.383606
v -1.117435 -2.970816 1.434773
v -1.132177 -2.970450 1.428604
v -1.140546 -2.959902 1.422049
v -1.147198 -2.966908 1.396437
v -1.142674 -2.965568 1.382104
v -1.133801 -2.967999 1.372086
v -1.110529 -2.965618 1.435990
v -1.124937 -2.965231 1.366581
v -1.146433 -2.958665 1.409876
v -1.146236 -2.952744 1.392867
v -1.127627 -2.957841 1.432363
v -1.142567 -2.947008 1.411492
v -1.135063 -2.947024 1.423551
v -1.140411 -2.940355 1.393175
v -1.137547 -2.951390 1.376543
v -1.129970 -2.953380 1.369909
v -1.135625 -2.936657 1.410545
v -1.125116 -2.929988 1.411284
v -1.130346 -2.931077 1.392864
v -1.121851 -2.944458 1.430203
v -1.125507 -2.939783 1.374015
v -1.121495 -2.935373 1.423519
v -1.116723 -2.925840 1.396437
v -1.119168 -2.955407 1.365006
v -1.114092 -2.926878 1.410829
v -1.114557 -2.931346 1.379578
v -1.105451 -2.934327 1.423172
v -1.096211 -2.928806 1.403253
v -1.103594 -2.927744 1.389447
v -1.109998 -2.944690 1.367923
v -1.108535 -2.945271 1.432293
vn 0.1875 0.2320 0.9545
vn 0.6477 0.5743 -0.5007
vn 0.5229 0.2568 -0.8128
vn 0.7743 0.5418 0.3269
vn 0.1172 0.0862 0.9894
vn 0.9714 0.1898 -0.1424
vn 0.2581 -0.0190 -0.9659
vn 0.1146 -0.0370 -0.9927
vn 0.8661 -0.0029 0.4999
vn 0.9732 0.0457 0.2255
vn 0.9810 -0.1844 0.0598
vn 0.9352 -0.3338 -0.1182
vn 0.8168 -0.4055 0.4104
vn 0.5929 -0.4881 0.6404
vn 0.7740 -0.5888 0.2328
vn 0.4460 -0.2340 0.8639
vn 0.6708 -0.4785 -0.5666
vn 0.7063 -0.6931 -0.1441
vn 0.4472 -0.7638 0.4654
vn 0.3691 -0.6700 -0.6441
vn 0.4266 -0.8547 0.2959
vn 0.3395 -0.9194 -0.1986
vn 0.0625 -0.3055 0.9501
vn 0.0049 -0.4340 0.9009
vn 0.1286 -0.6293 0.7665
vn 0.0933 -0.7665 -0.6354
vn -0.0546 -0.9298 -0.3640
vn -0.0049 -0.7835 0.6213
vn -0.0004 -0.4131 -0.9107
vn -0.1232 -0.5904 -0.7977
vn -0.3184 -0.7514 0.5779
vn -0.5319 -0.7389 0.4136
vn -0.4143 -0.4593 0.7858
vn -0.3620 -0.4015 0.8413
vn -0.8087 -0.5787 0.1055
vn -0.6356 -0.4002 -0.6601
vn -0.7176 -0.3822 0.5822
vn -0.7756 -0.2571 0.5765
vn -0.2267 -0.0229 -0.9737
vn -0.9245 -0.3811 -0.0089
vn -0.9166 -0.2492 -0.3127
vn -0.8977 -0.1305 0.4208
vn -0.9974 0.0711 0.0132
vn -0.1683 -0.0072 0.9857
vn -0.9532 -0.0113 -0.3020
vn -0.7474 0.0097 -0.6643
vn -0.6311 0.1807 0.7544
vn -0.8677 0.2264 0.4426
vn -0.3980 0.0874 -0.9132
vn -0.3146 0.2821 0.9063
vn -0.6554 0.5725 -0.4927
vn -0.7221 0.5254 0.4500
vn -0.6769 0.7355 0.0300
vn -0.4601 0.5378 0.7065
vn -0.4966 0.7306 0.4686
vn -0.2127 0.4219 -0.8814
vn -0.1000 0.6349 -0.7661
vn -0.2256 0.8653 0.4476
vn -0.1127 0.4419 0.8900
vn -0.0047 0.2663 -0.9639
vn -0.0220 0.0893 -0.9958
vn -0.0294 0.9491 -0.3137
vn -0.0255 0.6442 0.7644
vn 0.1401 0.8881 0.4378
vn 0.1832 0.8403 -0.5102
vn 0.4437 0.8800 -0.1696
vn 0.2299 0.5799 -0.7816
vn 0.5872 0.8089 -0.0299
vn 0.8547 0.5136 -0.0751
vn 0.4900 0.4640 -0.7380
vn 0.7440 0.5132 -0.4279
vn 0.3285 0.1557 -0.9316
vn 0.8404 0.4968 0.2166
vn 0.7081 0.2599 0.6566
vn 0.1959 0.1840 0.9632
vn 0.8695 0.0999 -0.4837
vn 0.4992 -0.3752 0.7811
vn 0.6885 0.0933 -0.7192
vn 0.4642 0.0441 0.8847
vn 0.9951 -0.0134 0.0979
vn 0.8379 -0.1531 0.5239
vn 0.8755 -0.2541 -0.4110
vn 0.8289 -0.4327 0.3547
vn 0.6595 -0.4795 -0.5789
vn 0.5483 -0.2649 -0.7932
vn 0.4100 -0.2669 -0.8722
vn 0.7870 -0.6150 -0.0500
vn -0.2441 -0.9689 0.0407
vn 0.1703 -0.2287 0.9585
vn 0.2583 -0.4292 -0.8655
vn 0.4671 -0.8118 0.3506
vn 0.4602 -0.8805 -0.1136
vn 0.3146 -0.9176 -0.2428
vn 0.3177 -0.7265 -0.6093
vn 0.0891 -0.9527 0.2906
vn 0.1142 -0.6992 0.7058
vn -0.0403 -0.3164 -0.9478
vn -0.0168 -0.9876 0.1564
vn -0.5932 -0.7975 0.1101
vn -0.1983 -0.9318 -0.3040
vn -0.4248 -0.7799 -0.4597
vn -0.3649 -0.7727 0.5194
vn -0.9488 0.3016 0.0940
vn -0.2820 -0.5978 -0.7504
vn -0.6315 -0.6682 -0.3934
vn -0.2205 -0.2010 -0.9544
vn -0.6592 -0.6634 -0.3540
vn -0.4963 -0.3943 -0.7735
vn -0.7100 -0.4858 0.5099
vn -0.4455 -0.2706 -0.8534
vn -0.7541 -0.2507 -0.6070
vn -0.9053 -0.3677 -0.2126
vn -0.3854 -0.1331 0.9131
vn -0.9756 -0.1581 0.1526
vn -0.6491 0.0572 -0.7585
vn -0.5304 0.0128 -0.8477
vn -0.2271 0.0025 0.9739
vn -0.8789 0.1388 -0.4563
vn -0.6231 -0.0083 0.7821
vn -0.8131 0.2872 0.5063
vn -0.2651 0.9570 0.1175
vn -0.8234 0.3972 -0.4053
vn -0.4748 0.3362 0.8134
vn -0.8212 0.5605 0.1070
vn -0.5496 0.6415 0.5351
vn -0.3256 0.3697 -0.8703
vn -0.6108 0.6474 -0.4558
vn -0.5416 0.4009 -0.7389
vn -0.5381 0.8365 0.1033
vn 0.2983 0.5600 0.7729
vn -0.2622 0.9069 -0.3299
vn -0.3789 0.7993 -0.4664
vn 0.5449 0.7774 0.3142
vn -0.0895 0.5925 0.8006
vn 0.0466 0.9969 0.0634
vn 0.1176 0.9918 -0.0492
vn -0.0433 0.8417 0.5382
vn 0.1230 0.6763 -0.7263
vn 0.1177 0.3015 -0.9462
vn 0.2985 0.9505 -0.0865
vn 0.4347 0.8291 -0.3516
vn 0.3777 0.7924 0.4790
vn 0.8410 0.5324 -0.0967
vn 0.7059 0.2729 0.6536
vn 0.8669 0.1033 -0.4876
vn 0.5006 -0.3308 0.8000
vn -0.1960 -0.9762 0.0924
vn -0.6435 -0.7624 0.0680
vn -0.9044 0.4240 0.0476
vn -0.3698 0.9277 0.0501
vn 0.3328 0.5708 0.7507
vn 0.6028 0.7490 0.2750
vt 0.804249 0.848025
vt 0.884756 0.915970
vt 0.676250 0.821957
vt 0.749488 0.292930
vt 0.714279 0.417909
vt 0.655131 0.286873
vt 0.726935 0.152922
vt 0.580987 0.167366
vt 0.708567 0.690602
vt 0.634035 0.624964
vt 0.703830 0.532515
vt 0.671875 1.000000
vt 0.551942 0.909231
vt 0.628052 0.526469
vt 0.572016 0.435152
vt 0.641194 0.402575
vt 0.445463 0.098320
vt 0.703139 0.062500
vt 0.578125 0.000000
vt 0.567931 0.766799
vt 0.552187 0.600548
vt 0.514217 0.531352
vt 0.500003 0.406724
vt 0.516468 0.717289
vt 0.460577 0.645915
vt 0.424241 0.735141
vt 0.444278 0.535980
vt 0.420900 0.840798
vt 0.428121 0.370061
vt 0.546665 0.280866
vt 0.371877 0.656890
vt 0.369858 0.210550
vt 0.453152 0.219058
vt 0.375018 0.531130
vt 0.338128 0.458811
vt 0.338270 0.964763
vt 0.231094 0.896800
vt 0.287226 0.781475
vt 0.359779 0.344269
vt 0.299187 0.300430
vt 0.310446 0.634411
vt 0.247508 0.161055
vt 0.216770 0.702232
vt 0.194451 0.596355
vt 0.265625 0.595977
vt 0.147102 0.785900
vt 0.142699 0.590547
vt 0.185535 0.466154
vt 0.162916 0.351922
vt 0.126242 0.222916
vt 0.221046 0.284353
vt 0.073101 0.705107
vt 0.273129 0.036605
vt 0.125103 0.125000
vt 0.043730 0.087141
vt 0.108032 0.469166
vt 0.102589 0.336191
vt 0.070976 0.585164
vt 0.046075 0.436626
vt 0.078125 1.000000
vt 0.014102 0.903265
vt 0.027220 0.279821
vt 0.054564 0.846020
vt 0.007229 0.724317
vt 0.010454 0.605198
vt 0.024431 0.187500
vt 0.920301 0.812500
vt 1.000000 0.812500
vt 0.992303 0.277267
vt 0.983864 0.441679
vt 0.917049 0.253482
vt 0.984384 0.724317
vt 0.954401 0.593080
vt 1.000000 0.605198
vt 0.921917 0.437747
vt 0.891522 0.719830
vt 0.897990 0.598987
vt 0.827645 0.158907
vt 0.954872 0.087141
vt 0.845287 0.316638
vt 0.844657 0.593400
vt 0.828125 0.000000
vt 0.858032 0.469167
vt 0.797116 0.406654
vt 0.797589 0.718022
vt 0.789540 0.577180
vt 0.764830 0.532292
vt 0.250838 0.440922
vt 0.000000 0.441679
vt 0.985117 0.187500
s 0
g Sphere.008_Mat_Cardume_Olho_10.003
usemtl Mat_Cardume_Olho_10.003
f 1855/2448/2976 1781/2449/2976 1786/2450/2976
f 1779/2451/2977 1784/2452/2977 1788/2453/2977
f 1780/2454/2978 1788/2453/2978 1797/2455/2978
f 1782/2456/2979 1785/2457/2979 1783/2458/2979
f 1781/2449/2980 1831/2459/2980 1798/2460/2980
f 1789/2461/2981 1794/2462/2981 1787/2463/2981
f 1797/2455/2982 1810/2464/2982 1790/2465/2982
f 1822/2466/2983 1790/2465/2983 1810/2464/2983
f 1791/2467/2984 1793/2468/2984 1785/2457/2984
f 1785/2457/2985 1793/2468/2985 1789/2461/2985
f 1793/2468/2986 1796/2469/2986 1794/2462/2986
f 1796/2469/2987 1799/2470/2987 1794/2462/2987
f 1793/2468/2988 1795/2471/2988 1800/2472/2988
f 1795/2471/2989 1805/2473/2989 1800/2472/2989
f 1796/2469/2990 1800/2472/2990 1802/2474/2990
f 1798/2460/2991 1804/2475/2991 1791/2467/2991
f 1799/2470/2992 1803/2476/2992 1792/2477/2992
f 1802/2474/2993 1803/2476/2993 1799/2470/2993
f 1800/2472/2994 1805/2473/2994 1806/2478/2994
f 1803/2476/2995 1807/2479/2995 1801/2480/2995
f 1806/2478/2996 1808/2481/2996 1802/2474/2996
f 1808/2481/2997 1811/2482/2997 1803/2476/2997
f 1831/2483/2998 1825/2484/2998 1804/2475/2998
f 1804/2475/2999 1825/2484/2999 1815/2485/2999
f 1804/2475/3000 1815/2485/3000 1805/2473/3000
f 1809/2486/3001 1814/2487/3001 1807/2479/3001
f 1811/2482/3002 1814/2487/3002 1809/2486/3002
f 1806/2478/3003 1815/2485/3003 1812/2488/3003
f 1807/2479/3004 1819/2489/3004 1810/2464/3004
f 1807/2479/3005 1814/2487/3005 1819/2489/3005
f 1815/2485/3006 1817/2490/3006 1812/2488/3006
f 1817/2490/3007 1820/2491/3007 1813/2492/3007
f 1815/2485/3008 1826/2493/3008 1817/2490/3008
f 1825/2484/3009 1826/2493/3009 1815/2485/3009
f 1820/2491/3010 1823/2494/3010 1821/2495/3010
f 1824/2496/3011 1830/2497/3011 1818/2498/3011
f 1817/2490/3012 1826/2493/3012 1823/2494/3012
f 1823/2494/3013 1826/2493/3013 1827/2499/3013
f 1822/2500/3014 1832/2501/3014 1848/2502/3014
f 1823/2494/3015 1828/2503/3015 1821/2495/3015
f 1828/2503/3016 1829/2504/3016 1824/2496/3016
f 1827/2499/3017 1833/2505/3017 1823/2494/3017
f 1828/2503/3018 1833/2505/3018 1834/2506/3018
f 1825/2484/3019 1831/2507/3019 1781/2508/3019
f 1828/2503/3020 1834/2506/3020 1829/2504/3020
f 1829/2504/3021 1839/2509/3021 1830/2497/3021
f 1835/2510/3022 1837/2511/3022 1827/2499/3022
f 1827/2499/3023 1836/2512/3023 1833/2505/3023
f 1832/2501/3024 1840/2513/3024 1848/2502/3024
f 1781/2449/3025 1844/2514/3025 1835/2515/3025
f 1839/2516/3026 1838/2517/3026 1845/2518/3026
f 1837/2519/3027 1841/2520/3027 1836/2521/3027
f 1838/2517/3028 1841/2520/3028 1843/2522/3028
f 1844/2514/3029 1846/2523/3029 1837/2519/3029
f 1846/2523/3030 1842/2524/3030 1841/2520/3030
f 1845/2518/3031 1854/2525/3031 1848/2526/3031
f 1845/2518/3032 1850/2527/3032 1854/2525/3032
f 1846/2523/3033 1849/2528/3033 1842/2524/3033
f 1781/2449/3034 1855/2448/3034 1844/2514/3034
f 1848/2526/3035 1854/2525/3035 1790/2465/3035
f 1822/2529/3036 1848/2526/3036 1790/2465/3036
f 1847/2530/3037 1853/2531/3037 1850/2527/3037
f 1855/2448/3038 1851/2532/3038 1846/2523/3038
f 1849/2528/3039 1851/2532/3039 1778/2533/3039
f 1853/2531/3040 1779/2451/3040 1850/2527/3040
f 1852/2534/3041 1784/2452/3041 1853/2531/3041
f 1779/2451/3042 1780/2454/3042 1854/2525/3042
f 1852/2534/3043 1783/2458/3043 1784/2452/3043
f 1787/2463/3044 1783/2458/3044 1789/2461/3044
f 1779/2451/3045 1788/2453/3045 1780/2454/3045
f 1788/2453/3046 1784/2452/3046 1787/2463/3046
f 1780/2454/3047 1797/2455/3047 1790/2465/3047
f 1783/2458/3048 1785/2457/3048 1789/2461/3048
f 1785/2457/3049 1786/2450/3049 1791/2467/3049
f 1781/2449/3050 1798/2460/3050 1786/2450/3050
f 1792/2477/3051 1787/2463/3051 1794/2462/3051
f 1795/2471/3052 1804/2475/3052 1805/2473/3052
f 1797/2455/3053 1788/2453/3053 1792/2477/3053
f 1786/2450/3054 1798/2460/3054 1791/2467/3054
f 1794/2462/3055 1789/2461/3055 1793/2468/3055
f 1793/2468/3056 1791/2467/3056 1795/2471/3056
f 1794/2462/3057 1799/2470/3057 1792/2477/3057
f 1793/2468/3058 1800/2472/3058 1796/2469/3058
f 1792/2477/3059 1803/2476/3059 1801/2480/3059
f 1797/2455/3060 1792/2477/3060 1801/2480/3060
f 1797/2455/3061 1801/2480/3061 1810/2464/3061
f 1796/2469/3062 1802/2474/3062 1799/2470/3062
f 1811/2482/3063 1813/2492/3063 1816/2535/3063
f 1798/2460/3064 1831/2483/3064 1804/2475/3064
f 1801/2480/3065 1807/2479/3065 1810/2464/3065
f 1800/2472/3066 1806/2478/3066 1802/2474/3066
f 1802/2474/3067 1808/2481/3067 1803/2476/3067
f 1803/2476/3068 1811/2482/3068 1809/2486/3068
f 1803/2476/3069 1809/2486/3069 1807/2479/3069
f 1806/2478/3070 1812/2488/3070 1808/2481/3070
f 1806/2478/3071 1805/2473/3071 1815/2485/3071
f 1810/2464/3072 1819/2489/3072 1822/2500/3072
f 1808/2481/3073 1812/2488/3073 1811/2482/3073
f 1820/2491/3074 1816/2535/3074 1813/2492/3074
f 1811/2482/3075 1816/2535/3075 1814/2487/3075
f 1814/2487/3076 1816/2535/3076 1818/2498/3076
f 1812/2488/3077 1817/2490/3077 1813/2492/3077
f 1836/2512/3078 1834/2506/3078 1833/2505/3078
f 1819/2489/3079 1814/2487/3079 1818/2498/3079
f 1818/2498/3080 1816/2535/3080 1824/2496/3080
f 1822/2500/3081 1819/2489/3081 1832/2501/3081
f 1816/2535/3082 1821/2495/3082 1824/2496/3082
f 1819/2489/3083 1818/2498/3083 1830/2497/3083
f 1817/2490/3084 1823/2494/3084 1820/2491/3084
f 1819/2489/3085 1830/2497/3085 1832/2501/3085
f 1824/2496/3086 1829/2504/3086 1830/2497/3086
f 1821/2495/3087 1828/2503/3087 1824/2496/3087
f 1825/2484/3088 1835/2510/3088 1826/2493/3088
f 1828/2503/3089 1823/2494/3089 1833/2505/3089
f 1830/2497/3090 1839/2509/3090 1840/2513/3090
f 1832/2501/3091 1830/2497/3091 1840/2513/3091
f 1825/2484/3092 1781/2508/3092 1835/2510/3092
f 1829/2504/3093 1834/2506/3093 1839/2509/3093
f 1826/2493/3094 1835/2510/3094 1827/2499/3094
f 1827/2499/3095 1837/2511/3095 1836/2512/3095
f 1847/2530/3096 1842/2524/3096 1849/2528/3096
f 1834/2506/3097 1838/2536/3097 1839/2509/3097
f 1835/2515/3098 1844/2514/3098 1837/2519/3098
f 1838/2517/3099 1836/2521/3099 1841/2520/3099
f 1837/2519/3100 1846/2523/3100 1841/2520/3100
f 1848/2526/3101 1840/2537/3101 1845/2518/3101
f 1845/2518/3102 1838/2517/3102 1843/2522/3102
f 1840/2537/3103 1839/2516/3103 1845/2518/3103
f 1843/2522/3104 1841/2520/3104 1842/2524/3104
f 1786/2450/3105 1851/2532/3105 1855/2448/3105
f 1843/2522/3106 1847/2530/3106 1850/2527/3106
f 1845/2518/3107 1843/2522/3107 1850/2527/3107
f 1852/2534/3108 1782/2456/3108 1783/2458/3108
f 1844/2514/3109 1855/2448/3109 1846/2523/3109
f 1847/2530/3110 1849/2528/3110 1778/2533/3110
f 1847/2530/3111 1778/2533/3111 1853/2531/3111
f 1849/2528/3112 1846/2523/3112 1851/2532/3112
f 1854/2525/3113 1850/2527/3113 1779/2451/3113
f 1854/2525/3114 1780/2454/3114 1790/2465/3114
f 1778/2533/3115 1852/2534/3115 1853/2531/3115
f 1853/2531/3116 1784/2452/3116 1779/2451/3116
f 1778/2533/3117 1851/2532/3117 1782/2456/3117
f 1787/2463/3118 1784/2452/3118 1783/2458/3118
f 1785/2457/3119 1782/2456/3119 1786/2450/3119
f 1792/2477/3120 1788/2453/3120 1787/2463/3120
f 1795/2471/3121 1791/2467/3121 1804/2475/3121
f 1811/2482/3122 1812/2488/3122 1813/2492/3122
f 1820/2491/3123 1821/2495/3123 1816/2535/3123
f 1836/2512/3124 1838/2536/3124 1834/2506/3124
f 1847/2530/3125 1843/2522/3125 1842/2524/3125
f 1786/2450/3126 1782/2456/3126 1851/2532/3126
f 1852/2534/3127 1778/2533/3127 1782/2456/3127
o Sphere.009
v -0.029951 -3.015297 1.413991
v 0.007123 -3.065647 1.610388
v 0.062814 -3.018279 1.532886
v 0.060419 -3.043968 1.431628
v 0.085377 -3.262456 1.538044
v 0.083039 -3.257536 1.437977
v 0.031619 -3.238169 1.621963
v 0.010791 -3.435571 1.567895
v -0.024070 -3.459322 1.496322
v 0.034501 -3.390053 1.423921
v -0.045390 -3.159784 1.620108
v -0.066664 -3.322826 1.425686
v -0.094482 -3.187060 1.551355
v 0.013020 -3.200000 1.365271
v -0.025983 -2.948014 1.518180
vn -0.6283 0.3630 -0.6881
vn 0.2329 0.3249 0.9166
vn 0.9090 0.3206 0.2665
vn 0.8356 0.3025 -0.4586
vn 0.9669 -0.0930 0.2375
vn 0.9495 -0.0865 -0.3016
vn 0.5119 -0.0720 0.8560
vn 0.2425 -0.6156 0.7499
vn -0.6795 -0.7329 -0.0336
vn 0.5895 -0.4704 -0.6567
vn -0.5990 0.0424 0.7997
vn -0.8605 -0.1646 -0.4821
vn -0.9809 0.0089 0.1945
vn 0.0714 -0.0060 -0.9974
vn -0.6442 0.7433 0.1800
vt 0.683247 0.810082
vt 0.624371 0.562957
vt 0.791281 0.556926
vt 0.431343 0.809960
vt 0.459915 0.566263
vt 0.541667 1.000000
vt 0.280654 0.657389
vt 0.209572 0.498083
vt 0.086642 0.350307
vt 0.308727 0.296507
vt 0.024631 0.621900
vt 0.144242 0.941469
vt 1.000000 0.311258
vt 0.976174 0.641405
vt 0.834722 0.311257
vt 0.931902 0.861723
vt 0.628130 0.317726
vt 0.699803 0.113171
vt 0.458333 0.315699
vt 0.157620 0.097343
s 1
g Sphere.009_Mat_Cardume_Corpo_60.004
usemtl Mat_Cardume_Corpo_60.004
f 1857/2538/3129 1858/2539/3130 1870/2540/3142
f 1862/2541/3134 1860/2542/3132 1858/2539/3130
f 1857/2538/3129 1866/2543/3138 1862/2541/3134
f 1862/2541/3134 1863/2544/3135 1860/2542/3132
f 1864/2545/3136 1867/2546/3139 1865/2547/3137
f 1863/2544/3135 1868/2548/3140 1864/2545/3136
f 1866/2549/3138 1868/2548/3140 1863/2544/3135
f 1867/2550/3139 1868/2551/3140 1856/2552/3128
f 1868/2551/3140 1866/2553/3138 1870/2540/3142
f 1856/2552/3128 1859/2554/3131 1869/2555/3141
f 1861/2556/3133 1858/2539/3130 1860/2542/3132
f 1857/2538/3129 1862/2541/3134 1858/2539/3130
f 1859/2554/3131 1861/2556/3133 1869/2555/3141
f 1865/2547/3137 1860/2542/3132 1863/2544/3135
f 1869/2557/3141 1861/2556/3133 1865/2547/3137
f 1865/2547/3137 1863/2544/3135 1864/2545/3136
f 1862/2541/3134 1866/2549/3138 1863/2544/3135
f 1869/2557/3141 1865/2547/3137 1867/2546/3139
f 1864/2545/3136 1868/2548/3140 1867/2546/3139
f 1869/2555/3141 1867/2550/3139 1856/2552/3128
f 1859/2554/3131 1870/2540/3142 1858/2539/3130
f 1856/2552/3128 1868/2551/3140 1870/2540/3142
f 1870/2540/3142 1866/2553/3138 1857/2538/3129
f 1861/2556/3133 1859/2554/3131 1858/2539/3130
f 1865/2547/3137 1861/2556/3133 1860/2542/3132
f 1859/2554/3131 1856/2552/3128 1870/2540/3142
o Cone.006
v 0.034245 -3.502400 1.378743
v -0.011872 -3.502400 1.562111
v -0.022373 -3.502400 1.559146
v 0.000000 -3.329600 1.500000
vn 0.2441 -0.4394 -0.8645
vn 0.9537 -0.0282 0.2993
vn -0.9694 -0.0282 -0.2438
vn -0.0000 1.0000 -0.0000
vt 0.250000 0.490000
vt 0.250000 0.250000
vt 0.457846 0.130000
vt 0.750000 0.490000
vt 0.957846 0.130000
vt 0.542154 0.130000
vt 0.042154 0.130000
s 1
g Cone.006_Mat_Cardume_Barbatana_30.004
usemtl Mat_Cardume_Barbatana_30.004
f 1871/2558/3143 1874/2559/3146 1872/2560/3144
f 1871/2561/3143 1872/2562/3144 1873/2563/3145
f 1872/2560/3144 1874/2559/3146 1873/2564/3145
f 1873/2564/3145 1874/2559/3146 1871/2558/3143
o Sphere.010
v 0.070975 -3.044814 1.520850
v 0.055879 -3.038503 1.507147
v 0.059775 -3.037982 1.503253
v 0.062820 -3.044574 1.478203
v 0.055941 -3.068186 1.535381
v 0.073191 -3.039368 1.503874
v 0.070718 -3.039501 1.490841
v 0.065735 -3.057204 1.467892
v 0.071316 -3.056313 1.530969
v 0.087958 -3.047587 1.503464
v 0.084758 -3.047044 1.489169
v 0.079041 -3.050652 1.477104
v 0.065122 -3.067005 1.464609
v 0.086156 -3.049196 1.513771
v 0.095758 -3.063110 1.511320
v 0.095385 -3.058587 1.492175
v 0.072926 -3.070958 1.534752
v 0.085758 -3.063993 1.527113
v 0.091068 -3.071013 1.522821
v 0.099041 -3.071055 1.503563
v 0.097884 -3.074160 1.489309
v 0.089841 -3.065670 1.476481
v 0.078866 -3.065698 1.468077
v 0.094539 -3.081684 1.516611
v 0.085081 -3.080476 1.472002
v 0.096849 -3.086903 1.504281
v 0.093797 -3.087655 1.485272
v 0.078144 -3.082383 1.531981
v 0.087088 -3.086392 1.524497
v 0.078380 -3.090704 1.471475
v 0.085417 -3.096768 1.517495
v 0.088690 -3.099613 1.503617
v 0.083391 -3.098684 1.482884
v 0.073241 -3.077938 1.465294
v 0.082307 -3.104660 1.495309
v 0.074873 -3.105263 1.514762
v 0.066401 -3.108535 1.510544
v 0.072528 -3.102126 1.478295
v 0.068703 -3.096157 1.528590
v 0.063420 -3.110112 1.493281
v 0.062576 -3.078304 1.464019
v 0.056957 -3.102430 1.521832
v 0.058587 -3.101796 1.476989
v 0.061861 -3.091206 1.467931
v 0.062400 -3.084976 1.534773
v 0.051341 -3.106703 1.511234
v 0.048720 -3.107288 1.496003
v 0.042733 -3.102843 1.510827
v 0.045924 -3.101694 1.483606
v 0.046817 -3.090719 1.472086
v 0.049450 -3.092030 1.528604
v 0.034669 -3.096472 1.496437
v 0.037918 -3.093050 1.482104
v 0.065781 -3.077022 1.535990
v 0.036927 -3.087079 1.522049
v 0.053110 -3.083890 1.466581
v 0.031211 -3.088951 1.509876
v 0.028421 -3.083725 1.492867
v 0.047086 -3.078835 1.532363
v 0.028731 -3.076923 1.511492
v 0.042826 -3.076143 1.469909
v 0.035237 -3.073185 1.523551
v 0.027271 -3.070083 1.493175
v 0.035269 -3.078208 1.476543
v 0.029567 -3.064488 1.510545
v 0.045396 -3.064357 1.530203
v 0.031349 -3.057016 1.492864
v 0.035334 -3.053458 1.511284
v 0.039892 -3.062136 1.474015
v 0.053194 -3.072498 1.465006
v 0.041162 -3.056311 1.523519
v 0.040528 -3.045669 1.496437
v 0.043326 -3.045253 1.510829
v 0.045157 -3.049354 1.479578
v 0.054534 -3.047383 1.523172
v 0.052850 -3.040753 1.489447
v 0.055777 -3.058631 1.467923
v 0.057335 -3.058403 1.532293
vn 0.0463 0.2947 0.9545
vn 0.2738 0.8212 -0.5007
vn 0.0584 0.1332 0.9894
vn 0.3244 0.4838 -0.8128
vn 0.3997 0.8564 0.3269
vn 0.7464 0.6501 -0.1424
vn 0.7515 0.4306 0.4999
vn 0.8199 0.5261 0.2255
vn 0.2330 0.1126 -0.9659
vn 0.1178 0.0253 -0.9927
vn 0.9418 0.3308 0.0598
vn 0.9101 0.0572 0.4104
vn 0.9768 0.1785 -0.1182
vn 0.5032 0.0203 0.8639
vn 0.8202 -0.0790 -0.5666
vn 0.7576 -0.1263 0.6404
vn 0.9647 -0.1229 0.2328
vn 0.9582 -0.2472 -0.1441
vn 0.6547 -0.3957 -0.6441
vn 0.7692 -0.4379 0.4654
vn 0.7968 -0.5269 0.2959
vn 0.7537 -0.6265 -0.1986
vn 0.2212 -0.3734 0.9009
vn 0.4260 -0.4807 0.7665
vn 0.4640 -0.6172 -0.6354
vn 0.2069 -0.2333 0.9501
vn 0.4176 -0.8325 -0.3640
vn 0.3876 -0.6810 0.6213
vn 0.2062 -0.3579 -0.9107
vn 0.1885 -0.5729 -0.7977
vn 0.1000 -0.8099 0.5779
vn -0.0912 -0.9059 0.4136
vn -0.1128 -0.5287 0.8413
vn -0.1291 -0.6049 0.7858
vn -0.4304 -0.6898 0.5822
vn -0.4110 -0.9055 0.1055
vn -0.3503 -0.6644 -0.6601
vn -0.6101 -0.7923 -0.0089
vn -0.5431 -0.6104 0.5765
vn -0.1849 -0.1332 -0.9737
vn -0.7122 -0.5619 0.4208
vn -0.6692 -0.6741 -0.3127
vn -0.8199 -0.4864 -0.3020
vn -0.6521 -0.3653 -0.6643
vn -0.8993 -0.4371 0.0132
vn -0.1421 -0.0903 0.9857
vn -0.8646 -0.2377 0.4426
vn -0.3884 -0.1233 -0.9132
vn -0.6369 -0.1590 0.7544
vn -0.4135 0.0870 0.9063
vn -0.8538 0.1681 -0.4927
vn -0.8881 0.0940 0.4500
vn -0.6673 0.2357 0.7065
vn -0.9539 0.2985 0.0300
vn -0.7954 0.3844 0.4686
vn -0.3951 0.2590 -0.8814
vn -0.3185 0.3263 0.8900
vn -0.4041 0.4998 -0.7661
vn -0.6280 0.6365 0.4476
vn -0.1372 0.2283 -0.9639
vn -0.0637 0.0663 -0.9958
vn -0.5000 0.8072 -0.3137
vn -0.3442 0.5452 0.7644
vn -0.2615 0.8193 -0.5102
vn -0.3227 0.8391 0.4378
vn -0.0909 0.6171 -0.7816
vn -0.0557 0.9839 -0.1696
vn 0.4834 0.8722 -0.0751
vn 0.1041 0.9941 -0.0299
vn 0.1924 0.6468 -0.7380
vn 0.2066 0.2991 -0.9316
vn 0.4794 0.8505 0.2166
vn 0.4833 0.5791 0.6566
vn 0.0777 0.2573 0.9632
vn 0.3877 0.8165 -0.4279
vn 0.7031 0.5213 -0.4837
vn 0.3799 0.2703 0.8847
vn 0.6199 -0.0753 0.7811
vn 0.5496 0.4250 -0.7192
vn 0.8685 0.4859 0.0979
vn 0.8853 0.2177 -0.4110
vn 0.8022 0.2864 0.5239
vn 0.9341 0.0397 0.3547
vn 0.2731 -0.9611 0.0407
vn 0.8109 -0.0856 -0.5789
vn 0.6073 0.0447 -0.7932
vn 0.4885 -0.0262 -0.8722
vn 0.9890 -0.1391 -0.0500
vn 0.2618 -0.1129 0.9585
vn 0.4384 -0.2426 -0.8655
vn 0.8104 -0.4695 0.3506
vn 0.8388 -0.5325 -0.1136
vn 0.7313 -0.6374 -0.2428
vn 0.6384 -0.4703 -0.6093
vn 0.4485 -0.5484 0.7058
vn 0.5535 -0.7805 0.2906
vn 0.1233 -0.2942 -0.9478
vn 0.4792 -0.8636 0.1564
vn -0.1150 -0.9872 0.1101
vn 0.2942 -0.9061 -0.3040
vn 0.0221 -0.8878 -0.4597
vn 0.0703 -0.8516 0.5194
vn 0.0547 -0.6587 -0.7504
vn -0.9725 -0.2132 0.0940
vn -0.2392 -0.9041 -0.3540
vn -0.2128 -0.8944 -0.3934
vn -0.0905 -0.2843 -0.9544
vn -0.2327 -0.5896 -0.7735
vn -0.3719 -0.7757 0.5099
vn -0.2505 -0.4571 -0.8534
vn -0.6001 -0.7711 -0.2126
vn -0.2672 -0.3080 0.9131
vn -0.5277 -0.5942 -0.6070
vn -0.7658 -0.6247 0.1526
vn -0.1980 -0.1114 0.9739
vn -0.8306 -0.3193 -0.4563
vn -0.5354 -0.3187 0.7821
vn -0.5907 -0.2751 -0.7585
vn -0.4657 -0.2541 -0.8477
vn -0.9117 -0.0677 -0.4053
vn -0.8478 -0.1579 0.5063
vn -0.7081 0.6962 0.1175
vn -0.9914 0.0748 0.1070
vn -0.5793 0.0538 0.8134
vn -0.8527 0.2553 -0.4558
vn -0.6695 0.0764 -0.7389
vn -0.7968 0.2808 0.5351
vn -0.4668 0.1574 -0.8703
vn -0.8843 0.4554 0.1033
vn 0.0832 0.9457 0.3142
vn -0.0216 0.6342 0.7729
vn -0.6805 0.6543 -0.3299
vn -0.7278 0.5028 -0.4664
vn -0.3737 0.4684 0.8006
vn -0.4583 0.7073 0.5382
vn -0.4581 0.8866 0.0634
vn -0.3941 0.9178 -0.0492
vn -0.2167 0.9724 -0.0865
vn -0.2317 0.6472 -0.7263
vn -0.0488 0.3200 -0.9462
vn -0.0691 0.8751 0.4790
vn -0.0381 0.9354 -0.3516
vn 0.4621 0.8815 -0.0967
vn 0.4749 0.5893 0.6536
vn 0.6991 0.5229 -0.4876
vn 0.5989 -0.0362 0.8000
vn 0.3183 -0.9435 0.0924
vn -0.1761 -0.9820 0.0680
vn -0.9952 -0.0850 0.0476
vn -0.7842 0.6185 0.0501
vn 0.1475 0.9501 0.2750
vn 0.0028 0.6607 0.7507
vt 0.804249 0.848025
vt 0.884756 0.915970
vt 0.676250 0.821957
vt 0.749488 0.292930
vt 0.714279 0.417909
vt 0.655131 0.286873
vt 0.671875 1.000000
vt 0.551942 0.909231
vt 0.726935 0.152922
vt 0.580987 0.167366
vt 0.708567 0.690602
vt 0.634035 0.624964
vt 0.703830 0.532515
vt 0.628052 0.526469
vt 0.572016 0.435152
vt 0.641194 0.402575
vt 0.567931 0.766799
vt 0.552187 0.600548
vt 0.445463 0.098320
vt 0.703139 0.062500
vt 0.578125 0.000000
vt 0.514217 0.531352
vt 0.516468 0.717289
vt 0.460577 0.645915
vt 0.500003 0.406724
vt 0.420901 0.840798
vt 0.428121 0.370061
vt 0.546665 0.280866
vt 0.424241 0.735141
vt 0.444278 0.535980
vt 0.369858 0.210550
vt 0.453152 0.219058
vt 0.371877 0.656890
vt 0.375018 0.531130
vt 0.338128 0.458811
vt 0.231094 0.896800
vt 0.287226 0.781475
vt 0.359779 0.344269
vt 0.299187 0.300430
vt 0.406426 0.964763
vt 0.310446 0.634411
vt 0.247508 0.161055
vt 0.216770 0.702232
vt 0.194451 0.596355
vt 0.265625 0.595977
vt 0.147102 0.785900
vt 0.142699 0.590547
vt 0.185535 0.466154
vt 0.162916 0.351922
vt 0.126242 0.222916
vt 0.221046 0.284353
vt 0.108032 0.469166
vt 0.073101 0.705107
vt 0.273129 0.036605
vt 0.125103 0.125000
vt 0.043730 0.087141
vt 0.070976 0.585164
vt 0.102589 0.336191
vt 0.046075 0.436626
vt 0.027220 0.279821
vt 0.078125 1.000000
vt 0.014102 0.903265
vt 0.010454 0.605198
vt 0.024431 0.187500
vt 0.054564 0.846020
vt 0.007229 0.724317
vt 0.920301 0.812500
vt 1.000000 0.812500
vt 0.992303 0.277267
vt 0.983864 0.441679
vt 0.917049 0.253482
vt 0.984384 0.724317
vt 0.954401 0.593080
vt 1.000000 0.605198
vt 0.891522 0.719830
vt 0.921917 0.437747
vt 0.897990 0.598987
vt 0.827645 0.158907
vt 0.954872 0.087141
vt 0.845287 0.316638
vt 0.844657 0.593400
vt 0.828125 0.000000
vt 0.858032 0.469167
vt 0.797116 0.406654
vt 0.797589 0.718022
vt 0.789540 0.577180
vt 0.764830 0.532292
vt 0.250838 0.440922
vt 0.000000 0.441679
vt 0.985117 0.187500
s 0
g Sphere.010_Mat_Cardume_Olho_10.004
usemtl Mat_Cardume_Olho_10.004
f 1952/2565/3147 1879/2566/3147 1883/2567/3147
f 1878/2568/3148 1881/2569/3148 1886/2570/3148
f 1879/2566/3149 1928/2571/3149 1891/2572/3149
f 1882/2573/3150 1886/2570/3150 1897/2574/3150
f 1875/2575/3151 1888/2576/3151 1880/2577/3151
f 1884/2578/3152 1890/2579/3152 1885/2580/3152
f 1892/2581/3153 1889/2582/3153 1888/2576/3153
f 1888/2576/3154 1889/2582/3154 1884/2578/3154
f 1897/2574/3155 1908/2583/3155 1887/2584/3155
f 1915/2585/3156 1887/2584/3156 1908/2583/3156
f 1889/2582/3157 1894/2586/3157 1890/2579/3157
f 1889/2582/3158 1893/2587/3158 1898/2588/3158
f 1894/2586/3159 1895/2589/3159 1890/2579/3159
f 1891/2572/3160 1902/2590/3160 1892/2581/3160
f 1895/2589/3161 1901/2591/3161 1896/2592/3161
f 1893/2587/3162 1903/2593/3162 1898/2588/3162
f 1894/2586/3163 1898/2588/3163 1900/2594/3163
f 1900/2594/3164 1901/2591/3164 1895/2589/3164
f 1901/2591/3165 1904/2595/3165 1899/2596/3165
f 1898/2588/3166 1903/2593/3166 1905/2597/3166
f 1905/2597/3167 1906/2598/3167 1900/2594/3167
f 1906/2598/3168 1909/2599/3168 1901/2591/3168
f 1902/2590/3169 1919/2600/3169 1913/2601/3169
f 1902/2590/3170 1913/2601/3170 1903/2593/3170
f 1907/2602/3171 1912/2603/3171 1904/2595/3171
f 1928/2604/3172 1919/2600/3172 1902/2590/3172
f 1909/2599/3173 1912/2603/3173 1907/2602/3173
f 1905/2597/3174 1913/2601/3174 1910/2605/3174
f 1904/2595/3175 1918/2606/3175 1908/2583/3175
f 1904/2595/3176 1912/2603/3176 1918/2606/3176
f 1913/2601/3177 1916/2607/3177 1910/2605/3177
f 1916/2607/3178 1920/2608/3178 1911/2609/3178
f 1919/2600/3179 1925/2610/3179 1913/2601/3179
f 1913/2601/3180 1925/2610/3180 1916/2607/3180
f 1916/2607/3181 1925/2610/3181 1922/2611/3181
f 1920/2608/3182 1922/2611/3182 1921/2612/3182
f 1923/2613/3183 1924/2614/3183 1917/2615/3183
f 1922/2611/3184 1926/2616/3184 1921/2612/3184
f 1922/2611/3185 1925/2610/3185 1929/2617/3185
f 1915/2618/3186 1930/2619/3186 1944/2620/3186
f 1929/2617/3187 1931/2621/3187 1922/2611/3187
f 1926/2616/3188 1927/2622/3188 1923/2613/3188
f 1926/2616/3189 1932/2623/3189 1927/2622/3189
f 1927/2622/3190 1938/2624/3190 1924/2614/3190
f 1926/2616/3191 1931/2621/3191 1932/2623/3191
f 1919/2600/3192 1928/2625/3192 1879/2626/3192
f 1929/2617/3193 1934/2627/3193 1931/2621/3193
f 1930/2619/3194 1935/2628/3194 1944/2620/3194
f 1933/2629/3195 1936/2630/3195 1929/2617/3195
f 1879/2566/3196 1940/2631/3196 1933/2632/3196
f 1938/2633/3197 1937/2634/3197 1943/2635/3197
f 1936/2636/3198 1939/2637/3198 1934/2638/3198
f 1940/2631/3199 1945/2639/3199 1936/2636/3199
f 1937/2634/3200 1939/2637/3200 1941/2640/3200
f 1945/2639/3201 1942/2641/3201 1939/2637/3201
f 1943/2635/3202 1951/2642/3202 1944/2643/3202
f 1879/2566/3203 1952/2565/3203 1940/2631/3203
f 1943/2635/3204 1948/2644/3204 1951/2642/3204
f 1945/2639/3205 1947/2645/3205 1942/2641/3205
f 1944/2643/3206 1951/2642/3206 1887/2584/3206
f 1915/2646/3207 1944/2643/3207 1887/2584/3207
f 1946/2647/3208 1950/2648/3208 1948/2644/3208
f 1952/2565/3209 1949/2649/3209 1945/2639/3209
f 1950/2648/3210 1878/2568/3210 1948/2644/3210
f 1947/2645/3211 1949/2649/3211 1876/2650/3211
f 1878/2568/3212 1882/2573/3212 1951/2642/3212
f 1877/2651/3213 1881/2569/3213 1950/2648/3213
f 1885/2580/3214 1880/2577/3214 1884/2578/3214
f 1877/2651/3215 1880/2577/3215 1881/2569/3215
f 1878/2568/3216 1886/2570/3216 1882/2573/3216
f 1882/2573/3217 1897/2574/3217 1887/2584/3217
f 1880/2577/3218 1888/2576/3218 1884/2578/3218
f 1888/2576/3219 1883/2567/3219 1892/2581/3219
f 1879/2566/3220 1891/2572/3220 1883/2567/3220
f 1886/2570/3221 1881/2569/3221 1885/2580/3221
f 1896/2592/3222 1885/2580/3222 1890/2579/3222
f 1883/2567/3223 1891/2572/3223 1892/2581/3223
f 1893/2587/3224 1902/2590/3224 1903/2593/3224
f 1897/2574/3225 1886/2570/3225 1896/2592/3225
f 1890/2579/3226 1884/2578/3226 1889/2582/3226
f 1890/2579/3227 1895/2589/3227 1896/2592/3227
f 1889/2582/3228 1892/2581/3228 1893/2587/3228
f 1889/2582/3229 1898/2588/3229 1894/2586/3229
f 1909/2599/3230 1911/2609/3230 1914/2652/3230
f 1896/2592/3231 1901/2591/3231 1899/2596/3231
f 1897/2574/3232 1896/2592/3232 1899/2596/3232
f 1897/2574/3233 1899/2596/3233 1908/2583/3233
f 1894/2586/3234 1900/2594/3234 1895/2589/3234
f 1891/2572/3235 1928/2604/3235 1902/2590/3235
f 1899/2596/3236 1904/2595/3236 1908/2583/3236
f 1898/2588/3237 1905/2597/3237 1900/2594/3237
f 1900/2594/3238 1906/2598/3238 1901/2591/3238
f 1901/2591/3239 1909/2599/3239 1907/2602/3239
f 1901/2591/3240 1907/2602/3240 1904/2595/3240
f 1905/2597/3241 1903/2593/3241 1913/2601/3241
f 1905/2597/3242 1910/2605/3242 1906/2598/3242
f 1908/2583/3243 1918/2606/3243 1915/2618/3243
f 1906/2598/3244 1910/2605/3244 1909/2599/3244
f 1920/2608/3245 1914/2652/3245 1911/2609/3245
f 1909/2599/3246 1914/2652/3246 1912/2603/3246
f 1912/2603/3247 1914/2652/3247 1917/2615/3247
f 1910/2605/3248 1916/2607/3248 1911/2609/3248
f 1918/2606/3249 1912/2603/3249 1917/2615/3249
f 1934/2627/3250 1932/2623/3250 1931/2621/3250
f 1914/2652/3251 1921/2612/3251 1923/2613/3251
f 1917/2615/3252 1914/2652/3252 1923/2613/3252
f 1915/2618/3253 1918/2606/3253 1930/2619/3253
f 1918/2606/3254 1917/2615/3254 1924/2614/3254
f 1916/2607/3255 1922/2611/3255 1920/2608/3255
f 1918/2606/3256 1924/2614/3256 1930/2619/3256
f 1921/2612/3257 1926/2616/3257 1923/2613/3257
f 1919/2600/3258 1933/2629/3258 1925/2610/3258
f 1923/2613/3259 1927/2622/3259 1924/2614/3259
f 1926/2616/3260 1922/2611/3260 1931/2621/3260
f 1919/2600/3261 1879/2626/3261 1933/2629/3261
f 1927/2622/3262 1932/2623/3262 1938/2624/3262
f 1925/2610/3263 1933/2629/3263 1929/2617/3263
f 1924/2614/3264 1938/2624/3264 1935/2628/3264
f 1930/2619/3265 1924/2614/3265 1935/2628/3265
f 1932/2623/3266 1937/2653/3266 1938/2624/3266
f 1929/2617/3267 1936/2630/3267 1934/2627/3267
f 1946/2647/3268 1942/2641/3268 1947/2645/3268
f 1937/2634/3269 1934/2638/3269 1939/2637/3269
f 1933/2632/3270 1940/2631/3270 1936/2636/3270
f 1943/2635/3271 1937/2634/3271 1941/2640/3271
f 1935/2654/3272 1938/2633/3272 1943/2635/3272
f 1936/2636/3273 1945/2639/3273 1939/2637/3273
f 1944/2643/3274 1935/2654/3274 1943/2635/3274
f 1941/2640/3275 1939/2637/3275 1942/2641/3275
f 1877/2651/3276 1875/2575/3276 1880/2577/3276
f 1883/2567/3277 1949/2649/3277 1952/2565/3277
f 1941/2640/3278 1946/2647/3278 1948/2644/3278
f 1943/2635/3279 1941/2640/3279 1948/2644/3279
f 1940/2631/3280 1952/2565/3280 1945/2639/3280
f 1947/2645/3281 1945/2639/3281 1949/2649/3281
f 1946/2647/3282 1947/2645/3282 1876/2650/3282
f 1946/2647/3283 1876/2650/3283 1950/2648/3283
f 1876/2650/3284 1877/2651/3284 1950/2648/3284
f 1951/2642/3285 1948/2644/3285 1878/2568/3285
f 1951/2642/3286 1882/2573/3286 1887/2584/3286
f 1876/2650/3287 1949/2649/3287 1875/2575/3287
f 1950/2648/3288 1881/2569/3288 1878/2568/3288
f 1885/2580/3289 1881/2569/3289 1880/2577/3289
f 1888/2576/3290 1875/2575/3290 1883/2567/3290
f 1896/2592/3291 1886/2570/3291 1885/2580/3291
f 1893/2587/3292 1892/2581/3292 1902/2590/3292
f 1909/2599/3293 1910/2605/3293 1911/2609/3293
f 1920/2608/3294 1921/2612/3294 1914/2652/3294
f 1934/2627/3295 1937/2653/3295 1932/2623/3295
f 1946/2647/3296 1941/2640/3296 1942/2641/3296
f 1877/2651/3297 1876/2650/3297 1875/2575/3297
f 1883/2567/3298 1875/2575/3298 1949/2649/3298
o Sphere.011
v 1.272088 -2.919210 1.710374
v 1.296504 -2.850416 1.632765
v 1.307106 -2.873959 1.531512
v 1.438142 -3.050594 1.637879
v 1.433489 -3.047598 1.537818
v 1.379583 -3.056359 1.721902
v 1.460156 -3.237780 1.667874
v 1.441721 -3.275848 1.596369
v 1.457690 -3.186644 1.523855
v 1.273695 -3.026982 1.720195
v 1.336468 -3.179004 1.525814
v 1.244704 -3.075215 1.651537
v 1.214478 -2.894331 1.514049
v 1.343962 -3.032851 1.465246
v 1.184447 -2.833978 1.618230
vn 0.0408 0.3987 0.9162
vn 0.6274 0.7324 0.2647
vn 0.5716 0.6794 -0.4602
vn 0.8843 0.4032 0.2357
vn 0.8650 0.3995 -0.3034
vn 0.4808 0.1944 0.8550
vn 0.5190 -0.4111 0.7494
vn -0.2220 -0.9745 -0.0323
vn 0.7446 -0.1133 -0.6578
vn -0.5386 -0.2620 0.8008
vn -0.6637 -0.5733 -0.4804
vn -0.8536 -0.4826 0.1964
vn -0.7267 -0.0005 -0.6869
vn 0.0632 0.0295 -0.9976
vn -0.9293 0.3218 0.1813
vt 0.683247 0.810082
vt 0.624371 0.562957
vt 0.791281 0.556926
vt 0.431343 0.809960
vt 0.459915 0.566263
vt 0.541667 1.000000
vt 0.280654 0.657389
vt 0.209572 0.498083
vt 0.086642 0.350307
vt 0.308727 0.296507
vt 0.024631 0.621900
vt 0.144242 0.941469
vt 1.000000 0.311258
vt 0.976174 0.641405
vt 0.834722 0.311257
vt 0.931902 0.861723
vt 0.458333 0.315699
vt 0.628130 0.317726
vt 0.699803 0.113171
vt 0.157620 0.097343
s 1
g Sphere.011_Mat_Cardume_Corpo_60.005
usemtl Mat_Cardume_Corpo_60.005
f 1953/2655/3299 1954/2656/3300 1967/2657/3313
f 1958/2658/3304 1956/2659/3302 1954/2656/3300
f 1953/2655/3299 1962/2660/3308 1958/2658/3304
f 1958/2658/3304 1959/2661/3305 1956/2659/3302
f 1960/2662/3306 1963/2663/3309 1961/2664/3307
f 1959/2661/3305 1964/2665/3310 1960/2662/3306
f 1962/2666/3308 1964/2665/3310 1959/2661/3305
f 1963/2667/3309 1964/2668/3310 1965/2669/3311
f 1964/2668/3310 1962/2670/3308 1967/2657/3313
f 1957/2671/3303 1954/2656/3300 1956/2659/3302
f 1965/2669/3311 1955/2672/3301 1966/2673/3312
f 1953/2655/3299 1958/2658/3304 1954/2656/3300
f 1955/2672/3301 1957/2671/3303 1966/2673/3312
f 1961/2664/3307 1956/2659/3302 1959/2661/3305
f 1966/2674/3312 1957/2671/3303 1961/2664/3307
f 1961/2664/3307 1959/2661/3305 1960/2662/3306
f 1966/2674/3312 1961/2664/3307 1963/2663/3309
f 1958/2658/3304 1962/2666/3308 1959/2661/3305
f 1960/2662/3306 1964/2665/3310 1963/2663/3309
f 1966/2673/3312 1963/2667/3309 1965/2669/3311
f 1955/2672/3301 1967/2657/3313 1954/2656/3300
f 1965/2669/3311 1964/2668/3310 1967/2657/3313
f 1967/2657/3313 1962/2670/3308 1953/2655/3299
f 1957/2671/3303 1955/2672/3301 1954/2656/3300
f 1961/2664/3307 1957/2671/3303 1956/2659/3302
f 1955/2672/3301 1965/2669/3311 1967/2657/3313
o Cone.007
v 1.513190 -3.284328 1.478556
v 1.474126 -3.306882 1.662176
v 1.465018 -3.312140 1.659268
v 1.397712 -3.151468 1.600000
vn 0.4270 -0.2608 -0.8658
vn 0.8415 0.4532 0.2941
vn -0.8266 -0.5098 -0.2385
vn -0.5000 0.8660 -0.0000
vt 0.250000 0.490000
vt 0.250000 0.250000
vt 0.457846 0.130000
vt 0.750000 0.490000
vt 0.957846 0.130000
vt 0.542154 0.130000
vt 0.042154 0.130000
s 1
g Cone.007_Mat_Cardume_Barbatana_30.005
usemtl Mat_Cardume_Barbatana_30.005
f 1968/2675/3314 1971/2676/3317 1969/2677/3315
f 1968/2678/3314 1969/2679/3315 1970/2680/3316
f 1969/2677/3315 1971/2676/3317 1970/2681/3316
f 1970/2681/3316 1971/2676/3317 1968/2675/3314
o Sphere.012
v 1.300556 -2.871431 1.607147
v 1.303669 -2.869031 1.603253
v 1.315451 -2.897105 1.635381
v 1.309603 -2.873217 1.578203
v 1.316785 -2.869348 1.620850
v 1.315981 -2.863523 1.603874
v 1.313905 -2.864875 1.590841
v 1.318442 -2.882698 1.567892
v 1.322829 -2.879136 1.630969
v 1.332123 -2.865553 1.613771
v 1.329836 -2.864388 1.589169
v 1.326689 -2.870370 1.577104
v 1.332879 -2.863258 1.603464
v 1.322811 -2.891492 1.564609
v 1.347395 -2.872801 1.611320
v 1.339177 -2.878566 1.627113
v 1.344811 -2.869070 1.592175
v 1.347285 -2.881991 1.622821
v 1.354211 -2.878040 1.603563
v 1.343551 -2.877977 1.576481
v 1.334061 -2.883489 1.568077
v 1.331546 -2.891014 1.634752
v 1.354762 -2.881308 1.589309
v 1.355627 -2.889496 1.616611
v 1.360237 -2.892861 1.604281
v 1.346832 -2.893179 1.572002
v 1.351528 -2.897299 1.624497
v 1.357969 -2.895038 1.585272
v 1.341778 -2.898299 1.631981
v 1.346143 -2.905387 1.571475
v 1.355269 -2.907120 1.617495
v 1.359526 -2.907948 1.603617
v 1.354472 -2.909792 1.582884
v 1.335309 -2.896902 1.565294
v 1.356521 -2.915510 1.595309
v 1.350385 -2.919749 1.614762
v 1.344684 -2.926818 1.610544
v 1.346785 -2.918205 1.578295
v 1.340489 -2.914948 1.628590
v 1.330725 -2.932762 1.611234
v 1.342891 -2.929675 1.593281
v 1.332087 -2.914082 1.567931
v 1.333453 -2.926253 1.621832
v 1.334548 -2.924890 1.576989
v 1.328749 -2.934579 1.596003
v 1.326256 -2.902550 1.564019
v 1.321751 -2.921000 1.628604
v 1.321341 -2.933724 1.610827
v 1.323529 -2.931133 1.583606
v 1.329439 -2.908417 1.634773
v 1.311172 -2.932238 1.596437
v 1.312274 -2.927650 1.582104
v 1.318816 -2.921181 1.572086
v 1.320851 -2.912121 1.566581
v 1.328390 -2.899837 1.635990
v 1.308431 -2.922974 1.622049
v 1.304417 -2.927454 1.609877
v 1.299388 -2.924323 1.592867
v 1.313107 -2.910756 1.632363
v 1.300020 -2.911786 1.623551
v 1.296255 -2.918278 1.611492
v 1.302559 -2.916121 1.576543
v 1.291570 -2.913084 1.593175
v 1.308071 -2.910554 1.569909
v 1.290762 -2.907090 1.610545
v 1.288569 -2.899728 1.592864
v 1.304404 -2.899062 1.630203
v 1.290240 -2.894654 1.611284
v 1.298527 -2.899891 1.574015
v 1.296714 -2.894211 1.623519
v 1.290844 -2.885312 1.596437
v 1.315228 -2.902213 1.565006
v 1.293059 -2.883553 1.610829
v 1.296696 -2.886189 1.579578
v 1.310532 -2.888913 1.567923
v 1.303830 -2.879793 1.623172
v 1.299058 -2.874894 1.589447
v 1.311767 -2.887937 1.632293
vn -0.1072 0.2784 0.9545
vn -0.1735 0.8481 -0.5007
vn 0.0390 0.5812 -0.8128
vn -0.0821 0.9415 0.3269
vn -0.0161 0.1446 0.9894
vn 0.3213 0.9362 -0.1424
vn 0.4355 0.7486 0.4999
vn 0.4470 0.8656 0.2255
vn 0.1455 0.2140 -0.9659
vn 0.0893 0.0808 -0.9927
vn 0.6502 0.7574 0.0598
vn 0.7596 0.5046 0.4104
vn 0.7567 0.6430 -0.1182
vn 0.4256 0.2692 0.8639
vn 0.7498 0.3417 -0.5666
vn 0.7192 0.2694 0.6404
vn 0.8969 0.3759 0.2328
vn 0.9534 0.2651 -0.1441
vn 0.7648 -0.0153 -0.6441
vn 0.8851 0.0054 0.4654
vn 0.9535 -0.0579 0.2959
vn 0.9660 -0.1657 -0.1986
vn 0.2958 -0.0986 0.9501
vn 0.3783 -0.2128 0.9009
vn 0.6093 -0.2033 0.7665
vn 0.7104 -0.3025 -0.6354
vn 0.3576 -0.2069 -0.9107
vn 0.7779 -0.5122 -0.3640
vn 0.6761 -0.3960 0.6213
vn 0.4497 -0.4019 -0.7977
vn 0.4916 -0.6514 0.5779
vn 0.3740 -0.8301 0.4136
vn 0.1667 -0.5143 0.8413
vn 0.1906 -0.5884 0.7858
vn 0.0288 -0.7506 -0.6601
vn -0.0278 -0.8126 0.5822
vn 0.0968 -0.9897 0.1055
vn -0.0935 -0.2078 -0.9737
vn -0.1322 -0.9912 -0.0089
vn -0.1651 -0.8002 0.5765
vn -0.3358 -0.8427 0.4208
vn -0.2425 -0.9184 -0.3127
vn -0.5603 -0.8282 0.0132
vn -0.0779 -0.1493 0.9857
vn -0.4668 -0.8312 -0.3020
vn -0.3821 -0.6425 -0.6643
vn -0.6299 -0.6382 0.4426
vn -0.2747 -0.3010 -0.9132
vn -0.4720 -0.4562 0.7544
vn -0.8161 -0.3626 0.4500
vn -0.4016 -0.1314 0.9063
vn -0.8235 -0.2813 -0.4927
vn -0.6958 -0.1296 0.7065
vn -0.9754 -0.2185 0.0300
vn -0.8811 -0.0648 0.4686
vn -0.4717 0.0267 -0.8814
vn -0.8622 0.2372 0.4476
vn -0.4390 0.1233 0.8900
vn -0.5999 0.2308 -0.7661
vn -0.8366 0.4491 -0.3137
vn -0.5707 0.3000 0.7644
vn -0.2330 0.1291 -0.9639
vn -0.0884 0.0256 -0.9958
vn -0.6361 0.5788 -0.5102
vn -0.6991 0.5653 0.4378
vn -0.3872 0.4890 -0.7816
vn -0.5402 0.8242 -0.1696
vn -0.0175 0.9970 -0.0751
vn -0.4069 0.9130 -0.0299
vn -0.1568 0.6563 -0.7380
vn 0.0294 0.3624 -0.9316
vn -0.0101 0.9762 0.2166
vn 0.1290 0.7431 0.6566
vn -0.0614 0.2617 0.9632
vn -0.0725 0.9009 -0.4279
vn 0.3482 0.8030 -0.4837
vn 0.1939 0.4240 0.8847
vn 0.5745 0.2447 0.7811
vn 0.2635 0.6429 -0.7192
vn 0.5092 0.8551 0.0979
vn 0.6578 0.6312 -0.4110
vn 0.5515 0.6491 0.5239
vn 0.7891 0.5015 0.3547
vn 0.9261 0.3741 -0.0500
vn 0.7170 -0.6958 0.0407
vn 0.7450 0.3314 -0.5789
vn 0.5036 0.3424 -0.7932
vn 0.4362 0.2216 -0.8722
vn 0.2832 0.0332 0.9585
vn 0.9926 -0.0417 -0.1136
vn 0.5009 0.0091 -0.8655
vn 0.9365 -0.0014 0.3506
vn 0.7880 -0.0882 -0.6093
vn 0.9520 -0.1864 -0.2428
vn 0.6626 -0.2507 0.7058
vn 0.8696 -0.3992 0.2906
vn 0.2539 -0.1931 -0.9478
vn 0.8469 -0.5083 0.1564
vn 0.7078 -0.6376 -0.3040
vn 0.3940 -0.9125 0.1101
vn 0.4867 -0.7024 0.5194
vn 0.4630 -0.7578 -0.4597
vn 0.3767 -0.5431 -0.7504
vn -0.7356 -0.6708 0.0940
vn 0.0638 -0.2915 -0.9544
vn 0.2449 -0.9026 -0.3540
vn 0.2629 -0.8810 -0.3934
vn 0.0933 -0.6269 -0.7735
vn 0.0657 -0.8577 0.5099
vn 0.0116 -0.5211 -0.8534
vn -0.1342 -0.9679 -0.2126
vn -0.0774 -0.4003 0.9131
vn -0.1599 -0.7785 -0.6070
vn -0.3508 -0.9239 0.1526
vn -0.1158 -0.1954 0.9739
vn -0.5597 -0.6918 -0.4563
vn -0.3043 -0.5437 0.7821
vn -0.3741 -0.5336 -0.7585
vn -0.2763 -0.4530 -0.8477
vn -0.7557 -0.5145 -0.4053
vn -0.6552 -0.5606 0.5063
vn -0.9614 0.2489 0.1175
vn -0.8960 -0.4309 0.1070
vn -0.5285 -0.2431 0.8134
vn -0.8661 -0.2052 -0.4558
vn -0.6180 -0.2686 -0.7389
vn -0.8304 -0.1552 0.5351
vn -0.4829 -0.0971 -0.8703
vn -0.9935 -0.0478 0.1033
vn -0.9165 0.2264 -0.3299
vn -0.8817 0.0715 -0.4664
vn -0.4008 0.8606 0.3142
vn -0.3358 0.5384 0.7729
vn -0.5579 0.2188 0.8006
vn -0.7506 0.3834 0.5382
vn -0.8400 0.5388 0.0634
vn -0.8002 0.5978 -0.0492
vn -0.2023 0.2527 -0.9462
vn -0.6739 0.7337 -0.0865
vn -0.5242 0.4446 -0.7263
vn -0.4973 0.7233 0.4790
vn -0.5007 0.7910 -0.3516
vn -0.0406 0.9945 -0.0967
vn 0.1167 0.7478 0.6536
vn 0.3440 0.8024 -0.4876
vn 0.5368 0.2681 0.8000
vn 0.7474 -0.6579 0.0924
vn 0.3385 -0.9385 0.0680
vn -0.8194 -0.5713 0.0476
vn -0.9884 0.1436 0.0501
vn -0.3473 0.8966 0.2750
vn -0.3279 0.5736 0.7507
vt 0.804249 0.848025
vt 0.884756 0.915970
vt 0.676250 0.821957
vt 0.749488 0.292930
vt 0.714279 0.417909
vt 0.655131 0.286873
vt 0.726935 0.152922
vt 0.580987 0.167366
vt 0.708567 0.690602
vt 0.634035 0.624964
vt 0.703830 0.532515
vt 0.671875 1.000000
vt 0.551942 0.909231
vt 0.628052 0.526469
vt 0.572016 0.435152
vt 0.641194 0.402575
vt 0.567931 0.766799
vt 0.552187 0.600548
vt 0.445463 0.098320
vt 0.703139 0.062500
vt 0.578125 0.000000
vt 0.514217 0.531352
vt 0.516468 0.717289
vt 0.460577 0.645915
vt 0.500003 0.406724
vt 0.420900 0.840798
vt 0.428121 0.370061
vt 0.546665 0.280866
vt 0.424241 0.735141
vt 0.444278 0.535980
vt 0.369858 0.210550
vt 0.453152 0.219058
vt 0.371877 0.656890
vt 0.375018 0.531130
vt 0.338128 0.458811
vt 0.406426 0.964763
vt 0.231094 0.896800
vt 0.287226 0.781475
vt 0.359779 0.344269
vt 0.299187 0.300430
vt 0.247508 0.161055
vt 0.310446 0.634411
vt 0.216770 0.702232
vt 0.194451 0.596355
vt 0.265625 0.595977
vt 0.147102 0.785900
vt 0.162916 0.351922
vt 0.126242 0.222916
vt 0.221046 0.284353
vt 0.142699 0.590547
vt 0.185535 0.466154
vt 0.273129 0.036605
vt 0.125103 0.125000
vt 0.043730 0.087141
vt 0.108032 0.469166
vt 0.073101 0.705107
vt 0.070976 0.585164
vt 0.102589 0.336191
vt 0.046075 0.436626
vt 0.078125 1.000000
vt 0.014102 0.903265
vt 0.027220 0.279821
vt 0.010454 0.605198
vt 0.024431 0.187500
vt 0.054564 0.846020
vt 0.007229 0.724317
vt 0.984384 0.724317
vt 0.954401 0.593080
vt 1.000000 0.605198
vt 0.920301 0.812500
vt 1.000000 0.812500
vt 0.992303 0.277267
vt 0.983864 0.441679
vt 0.917049 0.253482
vt 0.891522 0.719830
vt 0.921917 0.437747
vt 0.897990 0.598987
vt 0.827645 0.158907
vt 0.954872 0.087141
vt 0.844657 0.593400
vt 0.845287 0.316638
vt 0.858032 0.469167
vt 0.797116 0.406654
vt 0.797589 0.718022
vt 0.828125 0.000000
vt 0.789540 0.577180
vt 0.764830 0.532292
vt 0.250838 0.440922
vt 0.000000 0.441679
vt 0.985117 0.187500
s 0
g Sphere.012_Mat_Cardume_Olho_10.005
usemtl Mat_Cardume_Olho_10.005
f 2049/2682/3318 1974/2683/3318 1980/2684/3318
f 1975/2685/3319 1978/2686/3319 1983/2687/3319
f 1979/2688/3320 1983/2687/3320 1992/2689/3320
f 1976/2690/3321 1981/2691/3321 1977/2692/3321
f 1974/2683/3322 2026/2693/3322 1993/2694/3322
f 1984/2695/3323 1988/2696/3323 1982/2697/3323
f 1987/2698/3324 1986/2699/3324 1981/2691/3324
f 1981/2691/3325 1986/2699/3325 1984/2695/3325
f 1992/2689/3326 2005/2700/3326 1985/2701/3326
f 2017/2702/3327 1985/2701/3327 2005/2700/3327
f 1986/2699/3328 1990/2703/3328 1988/2696/3328
f 1986/2699/3329 1989/2704/3329 1995/2705/3329
f 1990/2703/3330 1994/2706/3330 1988/2696/3330
f 1993/2694/3331 2000/2707/3331 1987/2698/3331
f 1994/2706/3332 1999/2708/3332 1991/2709/3332
f 1989/2704/3333 1998/2710/3333 1995/2705/3333
f 1990/2703/3334 1995/2705/3334 1996/2711/3334
f 1996/2711/3335 1999/2708/3335 1994/2706/3335
f 1999/2708/3336 2001/2712/3336 1997/2713/3336
f 1995/2705/3337 1998/2710/3337 2002/2714/3337
f 2002/2714/3338 2003/2715/3338 1996/2711/3338
f 2003/2715/3339 2006/2716/3339 1999/2708/3339
f 2026/2717/3340 2021/2718/3340 2000/2707/3340
f 2000/2707/3341 2021/2718/3341 2010/2719/3341
f 2000/2707/3342 2010/2719/3342 1998/2710/3342
f 2004/2720/3343 2009/2721/3343 2001/2712/3343
f 2001/2712/3344 2013/2722/3344 2005/2700/3344
f 2006/2716/3345 2009/2721/3345 2004/2720/3345
f 2002/2714/3346 2010/2719/3346 2007/2723/3346
f 2001/2712/3347 2009/2721/3347 2013/2722/3347
f 2010/2719/3348 2014/2724/3348 2007/2723/3348
f 2014/2724/3349 2011/2725/3349 2008/2726/3349
f 2021/2718/3350 2018/2727/3350 2010/2719/3350
f 2010/2719/3351 2018/2727/3351 2014/2724/3351
f 2020/2728/3352 2024/2729/3352 2015/2730/3352
f 2014/2724/3353 2018/2727/3353 2019/2731/3353
f 2011/2725/3354 2019/2731/3354 2016/2732/3354
f 2017/2733/3355 2025/2734/3355 2043/2735/3355
f 2019/2731/3356 2022/2736/3356 2016/2732/3356
f 2019/2731/3357 2018/2727/3357 2027/2737/3357
f 2027/2737/3358 2028/2738/3358 2019/2731/3358
f 2022/2736/3359 2023/2739/3359 2020/2728/3359
f 2022/2736/3360 2028/2738/3360 2029/2740/3360
f 2021/2718/3361 2026/2741/3361 1974/2742/3361
f 2022/2736/3362 2029/2740/3362 2023/2739/3362
f 2023/2739/3363 2033/2743/3363 2024/2729/3363
f 2027/2737/3364 2032/2744/3364 2028/2738/3364
f 2025/2734/3365 2035/2745/3365 2043/2735/3365
f 2030/2746/3366 2031/2747/3366 2027/2737/3366
f 2031/2748/3367 2036/2749/3367 2032/2750/3367
f 1974/2683/3368 2038/2751/3368 2030/2752/3368
f 2033/2753/3369 2034/2754/3369 2040/2755/3369
f 2038/2751/3370 2041/2756/3370 2031/2748/3370
f 2034/2754/3371 2036/2749/3371 2037/2757/3371
f 2041/2756/3372 2039/2758/3372 2036/2749/3372
f 2040/2755/3373 2046/2759/3373 2043/2760/3373
f 2041/2756/3374 2044/2761/3374 2039/2758/3374
f 1974/2683/3375 2049/2682/3375 2038/2751/3375
f 2040/2755/3376 2045/2762/3376 2046/2759/3376
f 2042/2763/3377 2048/2764/3377 2045/2762/3377
f 2049/2682/3378 2047/2765/3378 2041/2756/3378
f 2043/2760/3379 2046/2759/3379 1985/2701/3379
f 2017/2766/3380 2043/2760/3380 1985/2701/3380
f 2048/2764/3381 1975/2685/3381 2045/2762/3381
f 2044/2761/3382 2047/2765/3382 1972/2767/3382
f 1975/2685/3383 1979/2688/3383 2046/2759/3383
f 1973/2768/3384 1978/2686/3384 2048/2764/3384
f 1982/2697/3385 1977/2692/3385 1984/2695/3385
f 1973/2768/3386 1977/2692/3386 1978/2686/3386
f 1975/2685/3387 1983/2687/3387 1979/2688/3387
f 1979/2688/3388 1992/2689/3388 1985/2701/3388
f 1977/2692/3389 1981/2691/3389 1984/2695/3389
f 1981/2691/3390 1980/2684/3390 1987/2698/3390
f 1974/2683/3391 1993/2694/3391 1980/2684/3391
f 1983/2687/3392 1978/2686/3392 1982/2697/3392
f 1991/2709/3393 1982/2697/3393 1988/2696/3393
f 1980/2684/3394 1993/2694/3394 1987/2698/3394
f 1989/2704/3395 2000/2707/3395 1998/2710/3395
f 1992/2689/3396 1983/2687/3396 1991/2709/3396
f 1988/2696/3397 1984/2695/3397 1986/2699/3397
f 1988/2696/3398 1994/2706/3398 1991/2709/3398
f 1986/2699/3399 1987/2698/3399 1989/2704/3399
f 1986/2699/3400 1995/2705/3400 1990/2703/3400
f 1990/2703/3401 1996/2711/3401 1994/2706/3401
f 2006/2716/3402 2008/2726/3402 2012/2769/3402
f 1991/2709/3403 1999/2708/3403 1997/2713/3403
f 1992/2689/3404 1991/2709/3404 1997/2713/3404
f 1992/2689/3405 1997/2713/3405 2005/2700/3405
f 1993/2694/3406 2026/2717/3406 2000/2707/3406
f 1996/2711/3407 2003/2715/3407 1999/2708/3407
f 1997/2713/3408 2001/2712/3408 2005/2700/3408
f 1995/2705/3409 2002/2714/3409 1996/2711/3409
f 1999/2708/3410 2004/2720/3410 2001/2712/3410
f 1999/2708/3411 2006/2716/3411 2004/2720/3411
f 2002/2714/3412 1998/2710/3412 2010/2719/3412
f 2002/2714/3413 2007/2723/3413 2003/2715/3413
f 2005/2700/3414 2013/2722/3414 2017/2733/3414
f 2003/2715/3415 2007/2723/3415 2006/2716/3415
f 2006/2716/3416 2012/2769/3416 2009/2721/3416
f 2011/2725/3417 2012/2769/3417 2008/2726/3417
f 2007/2723/3418 2014/2724/3418 2008/2726/3418
f 2009/2721/3419 2012/2769/3419 2015/2730/3419
f 2013/2722/3420 2009/2721/3420 2015/2730/3420
f 2032/2744/3421 2029/2740/3421 2028/2738/3421
f 2017/2733/3422 2013/2722/3422 2025/2734/3422
f 2012/2769/3423 2016/2732/3423 2020/2728/3423
f 2015/2730/3424 2012/2769/3424 2020/2728/3424
f 2013/2722/3425 2015/2730/3425 2024/2729/3425
f 2014/2724/3426 2019/2731/3426 2011/2725/3426
f 2013/2722/3427 2024/2729/3427 2025/2734/3427
f 2016/2732/3428 2022/2736/3428 2020/2728/3428
f 2021/2718/3429 2030/2746/3429 2018/2727/3429
f 2020/2728/3430 2023/2739/3430 2024/2729/3430
f 2022/2736/3431 2019/2731/3431 2028/2738/3431
f 2021/2718/3432 1974/2742/3432 2030/2746/3432
f 2023/2739/3433 2029/2740/3433 2033/2743/3433
f 2018/2727/3434 2030/2746/3434 2027/2737/3434
f 2024/2729/3435 2033/2743/3435 2035/2745/3435
f 2025/2734/3436 2024/2729/3436 2035/2745/3436
f 2029/2740/3437 2034/2770/3437 2033/2743/3437
f 2027/2737/3438 2031/2747/3438 2032/2744/3438
f 2042/2763/3439 2039/2758/3439 2044/2761/3439
f 2034/2754/3440 2032/2750/3440 2036/2749/3440
f 2030/2752/3441 2038/2751/3441 2031/2748/3441
f 2040/2755/3442 2034/2754/3442 2037/2757/3442
f 2035/2771/3443 2033/2753/3443 2040/2755/3443
f 2031/2748/3444 2041/2756/3444 2036/2749/3444
f 2043/2760/3445 2035/2771/3445 2040/2755/3445
f 2037/2757/3446 2036/2749/3446 2039/2758/3446
f 2037/2757/3447 2042/2763/3447 2045/2762/3447
f 2040/2755/3448 2037/2757/3448 2045/2762/3448
f 1973/2768/3449 1976/2690/3449 1977/2692/3449
f 1980/2684/3450 2047/2765/3450 2049/2682/3450
f 2038/2751/3451 2049/2682/3451 2041/2756/3451
f 2044/2761/3452 2041/2756/3452 2047/2765/3452
f 2042/2763/3453 2044/2761/3453 1972/2767/3453
f 2042/2763/3454 1972/2767/3454 2048/2764/3454
f 2046/2759/3455 1979/2688/3455 1985/2701/3455
f 1972/2767/3456 1973/2768/3456 2048/2764/3456
f 2046/2759/3457 2045/2762/3457 1975/2685/3457
f 1972/2767/3458 2047/2765/3458 1976/2690/3458
f 2048/2764/3459 1978/2686/3459 1975/2685/3459
f 1982/2697/3460 1978/2686/3460 1977/2692/3460
f 1981/2691/3461 1976/2690/3461 1980/2684/3461
f 1991/2709/3462 1983/2687/3462 1982/2697/3462
f 1989/2704/3463 1987/2698/3463 2000/2707/3463
f 2006/2716/3464 2007/2723/3464 2008/2726/3464
f 2011/2725/3465 2016/2732/3465 2012/2769/3465
f 2032/2744/3466 2034/2770/3466 2029/2740/3466
f 2042/2763/3467 2037/2757/3467 2039/2758/3467
f 1973/2768/3468 1972/2767/3468 1976/2690/3468
f 1980/2684/3469 1976/2690/3469 2047/2765/3469
o Sphere.013
v 2.266419 -2.512314 1.808053
v 2.247082 -2.451069 1.723041
v 2.260514 -2.479183 1.623302
v 2.470088 -2.553167 1.724739
v 2.428808 -2.576092 1.815803
v 2.457128 -2.565773 1.626169
v 2.367212 -2.606442 1.564848
v 2.546841 -2.675421 1.619590
v 2.585393 -2.699683 1.765492
v 2.583336 -2.750748 1.699993
v 2.438749 -2.728187 1.636584
v 2.316894 -2.667714 1.765011
v 2.322720 -2.603072 1.825578
v 2.189686 -2.544518 1.619489
v 2.141231 -2.493878 1.721889
vn -0.0972 0.4815 0.8710
vn 0.1918 0.9733 0.1264
vn 0.1164 0.8068 -0.5793
vn 0.5764 0.8123 0.0890
vn 0.3799 0.5140 0.7691
vn 0.5215 0.7303 -0.4413
vn -0.0347 -0.0721 -0.9968
vn 0.6493 0.1838 -0.7380
vn 0.7095 -0.0023 0.7047
vn 0.2963 -0.9526 0.0692
vn -0.3191 -0.8819 -0.3469
vn -0.4778 -0.8099 0.3402
vn -0.2725 -0.3872 0.8808
vn -0.6767 -0.4462 -0.5856
vn -0.9486 -0.1564 0.2751
vt 0.683247 0.810082
vt 0.624371 0.562957
vt 0.791281 0.556926
vt 0.431343 0.809960
vt 0.459915 0.566263
vt 0.541667 1.000000
vt 0.280654 0.657389
vt 0.209572 0.498083
vt 0.086642 0.350307
vt 0.308727 0.296507
vt 0.144242 0.941469
vt 0.024631 0.621900
vt 1.000000 0.311258
vt 0.976174 0.641405
vt 0.834722 0.311257
vt 0.904300 0.861723
vt 0.628130 0.317726
vt 0.684032 0.113171
vt 0.458333 0.315699
vt 0.157620 0.097343
s 1
g Sphere.013_Mat_Cardume_Corpo_60.006
usemtl Mat_Cardume_Corpo_60.006
f 2050/2772/3470 2051/2773/3471 2064/2774/3484
f 2054/2775/3474 2053/2776/3473 2051/2773/3471
f 2050/2772/3470 2062/2777/3482 2054/2775/3474
f 2054/2775/3474 2058/2778/3478 2053/2776/3473
f 2059/2779/3479 2060/2780/3480 2057/2781/3477
f 2062/2782/3482 2061/2783/3481 2058/2778/3478
f 2058/2778/3478 2061/2783/3481 2059/2779/3479
f 2060/2784/3480 2061/2785/3481 2063/2786/3483
f 2061/2785/3481 2062/2787/3482 2064/2774/3484
f 2063/2786/3483 2052/2788/3472 2056/2789/3476
f 2055/2790/3475 2051/2773/3471 2053/2776/3473
f 2050/2772/3470 2054/2775/3474 2051/2773/3471
f 2052/2788/3472 2055/2790/3475 2056/2789/3476
f 2057/2781/3477 2053/2776/3473 2058/2778/3478
f 2056/2791/3476 2055/2790/3475 2057/2781/3477
f 2057/2781/3477 2058/2778/3478 2059/2779/3479
f 2054/2775/3474 2062/2782/3482 2058/2778/3478
f 2056/2791/3476 2057/2781/3477 2060/2780/3480
f 2059/2779/3479 2061/2783/3481 2060/2780/3480
f 2056/2789/3476 2060/2784/3480 2063/2786/3483
f 2052/2788/3472 2064/2774/3484 2051/2773/3471
f 2063/2786/3483 2061/2785/3481 2064/2774/3484
f 2064/2774/3484 2062/2787/3482 2050/2772/3470
f 2055/2790/3475 2052/2788/3472 2051/2773/3471
f 2057/2781/3477 2055/2790/3475 2053/2776/3473
f 2052/2788/3472 2063/2786/3483 2064/2774/3484
o Cone.008
v 2.622961 -2.768272 1.575552
v 2.640440 -2.737997 1.761371
v 2.635051 -2.747331 1.763078
v 2.483168 -2.664800 1.700000
vn 0.3102 -0.3414 -0.8872
vn 0.5201 0.8445 -0.1278
vn -0.4667 -0.8649 0.1848
vn -0.8660 0.5000 -0.0000
vt 0.250000 0.490000
vt 0.250000 0.250000
vt 0.457846 0.130000
vt 0.750000 0.490000
vt 0.957846 0.130000
vt 0.542154 0.130000
vt 0.042154 0.130000
s 1
g Cone.008_Mat_Cardume_Barbatana_30.006
usemtl Mat_Cardume_Barbatana_30.006
f 2065/2792/3485 2068/2793/3488 2066/2794/3486
f 2065/2795/3485 2066/2796/3486 2067/2797/3487
f 2066/2794/3486 2068/2793/3488 2067/2798/3487
f 2067/2798/3487 2068/2793/3488 2065/2792/3485
o Sphere.014
v 2.259010 -2.470859 1.707147
v 2.260506 -2.467224 1.703253
v 2.267738 -2.467883 1.678203
v 2.284747 -2.485646 1.735381
v 2.272023 -2.460941 1.720850
v 2.268415 -2.456298 1.703874
v 2.267293 -2.458507 1.690841
v 2.280133 -2.471674 1.667892
v 2.282152 -2.466395 1.730969
v 2.280846 -2.450119 1.689169
v 2.281112 -2.456874 1.677104
v 2.283409 -2.449985 1.713771
v 2.282916 -2.447620 1.703464
v 2.288315 -2.477105 1.664609
v 2.300259 -2.448626 1.711320
v 2.296156 -2.446687 1.692175
v 2.295640 -2.472323 1.734752
v 2.296024 -2.457728 1.727113
v 2.304759 -2.456640 1.722821
v 2.308781 -2.449755 1.703563
v 2.299518 -2.455030 1.676481
v 2.294055 -2.464549 1.668077
v 2.310893 -2.452310 1.689309
v 2.315735 -2.458969 1.716611
v 2.309960 -2.466556 1.672002
v 2.308143 -2.473517 1.731982
v 2.321410 -2.459578 1.704281
v 2.320535 -2.462597 1.685272
v 2.316087 -2.467776 1.724497
v 2.315468 -2.477473 1.671475
v 2.324238 -2.474410 1.717495
v 2.328338 -2.472998 1.703617
v 2.324884 -2.477123 1.682884
v 2.301842 -2.475541 1.665294
v 2.329517 -2.481050 1.695309
v 2.326322 -2.487790 1.714762
v 2.324920 -2.496762 1.710544
v 2.322433 -2.488252 1.678295
v 2.296827 -2.484959 1.664019
v 2.315352 -2.488580 1.728590
v 2.324795 -2.500133 1.693281
v 2.314911 -2.501888 1.721832
v 2.315177 -2.500160 1.676989
v 2.307642 -2.492030 1.667931
v 2.315803 -2.508889 1.711234
v 2.315000 -2.511451 1.696003
v 2.302516 -2.488448 1.734773
v 2.308157 -2.514413 1.710827
v 2.308757 -2.511075 1.683606
v 2.302150 -2.503190 1.728604
v 2.298608 -2.518211 1.696437
v 2.297268 -2.513687 1.682104
v 2.299699 -2.504814 1.672086
v 2.297319 -2.481542 1.735990
v 2.291602 -2.511559 1.722049
v 2.296932 -2.495950 1.666581
v 2.290365 -2.517446 1.709877
v 2.284444 -2.517249 1.692867
v 2.285080 -2.500983 1.669909
v 2.289542 -2.498640 1.732363
v 2.278708 -2.513580 1.711492
v 2.278724 -2.506076 1.723551
v 2.272055 -2.511425 1.693175
v 2.283090 -2.508560 1.676543
v 2.287108 -2.490181 1.665007
v 2.276159 -2.492864 1.730203
v 2.268358 -2.506638 1.710545
v 2.262778 -2.501359 1.692864
v 2.261688 -2.496129 1.711284
v 2.271483 -2.496521 1.674015
v 2.267073 -2.492508 1.723519
v 2.257540 -2.487736 1.696437
v 2.266027 -2.476464 1.723172
v 2.258578 -2.485105 1.710829
v 2.263046 -2.485570 1.679578
v 2.259444 -2.474607 1.689447
v 2.276391 -2.481011 1.667923
v 2.276972 -2.479548 1.732293
vn -0.2320 0.1875 0.9545
vn -0.5743 0.6477 -0.5007
vn -0.2568 0.5229 -0.8128
vn -0.5418 0.7743 0.3269
vn -0.0862 0.1172 0.9894
vn -0.1898 0.9714 -0.1424
vn 0.0370 0.1146 -0.9927
vn 0.0029 0.8661 0.4999
vn -0.0457 0.9732 0.2255
vn 0.0190 0.2581 -0.9659
vn 0.1844 0.9810 0.0598
vn 0.3338 0.9352 -0.1182
vn 0.4055 0.8168 0.4104
vn 0.5888 0.7740 0.2328
vn 0.2340 0.4460 0.8639
vn 0.4785 0.6708 -0.5666
vn 0.4881 0.5929 0.6404
vn 0.6931 0.7063 -0.1441
vn 0.7638 0.4472 0.4654
vn 0.6700 0.3691 -0.6441
vn 0.8547 0.4266 0.2959
vn 0.9194 0.3395 -0.1986
vn 0.3055 0.0625 0.9501
vn 0.4340 0.0049 0.9009
vn 0.6293 0.1286 0.7665
vn 0.7665 0.0933 -0.6354
vn 0.7835 -0.0049 0.6213
vn 0.4131 -0.0004 -0.9107
vn 0.9298 -0.0546 -0.3640
vn 0.5904 -0.1232 -0.7977
vn 0.7514 -0.3184 0.5779
vn 0.7389 -0.5319 0.4136
vn 0.4015 -0.3620 0.8413
vn 0.4593 -0.4143 0.7858
vn 0.4002 -0.6356 -0.6601
vn 0.3822 -0.7176 0.5822
vn 0.5787 -0.8087 0.1055
vn 0.2571 -0.7756 0.5765
vn 0.0229 -0.2267 -0.9737
vn 0.3811 -0.9245 -0.0089
vn 0.2492 -0.9166 -0.3127
vn 0.1305 -0.8977 0.4208
vn -0.0711 -0.9974 0.0132
vn 0.0072 -0.1683 0.9857
vn 0.0113 -0.9532 -0.3020
vn -0.0097 -0.7474 -0.6643
vn -0.1807 -0.6311 0.7544
vn -0.2264 -0.8677 0.4426
vn -0.0874 -0.3980 -0.9132
vn -0.2821 -0.3146 0.9063
vn -0.5725 -0.6554 -0.4927
vn -0.5254 -0.7221 0.4500
vn -0.7355 -0.6769 0.0300
vn -0.5378 -0.4601 0.7065
vn -0.7306 -0.4966 0.4686
vn -0.4219 -0.2127 -0.8814
vn -0.6349 -0.1000 -0.7661
vn -0.8653 -0.2256 0.4476
vn -0.4419 -0.1127 0.8900
vn -0.0893 -0.0220 -0.9958
vn -0.9491 -0.0294 -0.3137
vn -0.6442 -0.0255 0.7644
vn -0.2663 -0.0047 -0.9639
vn -0.8881 0.1401 0.4378
vn -0.8403 0.1832 -0.5102
vn -0.8800 0.4437 -0.1696
vn -0.5799 0.2299 -0.7816
vn -0.8089 0.5872 -0.0299
vn -0.5136 0.8547 -0.0751
vn -0.4640 0.4900 -0.7380
vn -0.5132 0.7440 -0.4279
vn -0.1557 0.3285 -0.9316
vn -0.4968 0.8404 0.2166
vn -0.2599 0.7081 0.6566
vn -0.1840 0.1959 0.9632
vn -0.0999 0.8695 -0.4837
vn -0.0933 0.6885 -0.7192
vn -0.0441 0.4642 0.8847
vn 0.3752 0.4992 0.7811
vn 0.0134 0.9951 0.0979
vn 0.1531 0.8379 0.5239
vn 0.2541 0.8755 -0.4110
vn 0.4327 0.8289 0.3547
vn 0.2649 0.5483 -0.7932
vn 0.2669 0.4100 -0.8722
vn 0.6150 0.7870 -0.0500
vn 0.9689 -0.2441 0.0407
vn 0.4795 0.6595 -0.5789
vn 0.2287 0.1703 0.9585
vn 0.4292 0.2583 -0.8655
vn 0.8118 0.4671 0.3506
vn 0.8805 0.4602 -0.1136
vn 0.9176 0.3146 -0.2428
vn 0.7265 0.3177 -0.6093
vn 0.9527 0.0891 0.2906
vn 0.6992 0.1142 0.7058
vn 0.3164 -0.0403 -0.9478
vn 0.9876 -0.0168 0.1564
vn 0.7975 -0.5932 0.1101
vn 0.9318 -0.1983 -0.3040
vn 0.7727 -0.3649 0.5194
vn 0.7799 -0.4248 -0.4597
vn -0.3016 -0.9488 0.0940
vn 0.5978 -0.2820 -0.7504
vn 0.2010 -0.2205 -0.9544
vn 0.6634 -0.6592 -0.3540
vn 0.6682 -0.6315 -0.3934
vn 0.3943 -0.4963 -0.7735
vn 0.4858 -0.7100 0.5099
vn 0.2706 -0.4455 -0.8534
vn 0.3677 -0.9053 -0.2126
vn 0.1331 -0.3854 0.9131
vn 0.2507 -0.7541 -0.6070
vn 0.1581 -0.9756 0.1526
vn -0.0572 -0.6491 -0.7585
vn -0.0128 -0.5304 -0.8477
vn -0.0025 -0.2271 0.9739
vn -0.1388 -0.8789 -0.4563
vn 0.0083 -0.6231 0.7821
vn -0.9570 -0.2651 0.1175
vn -0.3972 -0.8234 -0.4053
vn -0.2872 -0.8131 0.5063
vn -0.3362 -0.4748 0.8134
vn -0.5605 -0.8212 0.1070
vn -0.6474 -0.6108 -0.4558
vn -0.4009 -0.5416 -0.7389
vn -0.6415 -0.5496 0.5351
vn -0.3697 -0.3256 -0.8703
vn -0.8365 -0.5381 0.1033
vn -0.5600 0.2983 0.7729
vn -0.9069 -0.2622 -0.3299
vn -0.7993 -0.3789 -0.4664
vn -0.7774 0.5449 0.3142
vn -0.5925 -0.0895 0.8006
vn -0.9969 0.0466 0.0634
vn -0.9918 0.1176 -0.0492
vn -0.8417 -0.0433 0.5382
vn -0.6763 0.1229 -0.7263
vn -0.3015 0.1177 -0.9462
vn -0.9505 0.2985 -0.0865
vn -0.8291 0.4347 -0.3516
vn -0.7924 0.3777 0.4790
vn -0.5324 0.8410 -0.0967
vn -0.2729 0.7059 0.6536
vn -0.1033 0.8669 -0.4876
vn 0.3308 0.5006 0.8000
vn 0.9762 -0.1960 0.0924
vn 0.7624 -0.6435 0.0680
vn -0.4240 -0.9044 0.0476
vn -0.9277 -0.3698 0.0501
vn -0.5708 0.3328 0.7507
vn -0.7490 0.6028 0.2750
vt 0.804249 0.848025
vt 0.884756 0.915970
vt 0.676250 0.821957
vt 0.749488 0.292930
vt 0.714279 0.417909
vt 0.655131 0.286873
vt 0.726935 0.152922
vt 0.580987 0.167366
vt 0.708567 0.690602
vt 0.634035 0.624964
vt 0.703830 0.532515
vt 0.671875 1.000000
vt 0.551942 0.909231
vt 0.628052 0.526469
vt 0.572016 0.435152
vt 0.641194 0.402575
vt 0.578125 0.000000
vt 0.703139 0.062500
vt 0.445463 0.098320
vt 0.567931 0.766799
vt 0.552187 0.600548
vt 0.514217 0.531352
vt 0.500003 0.406724
vt 0.516468 0.717289
vt 0.460577 0.645915
vt 0.444278 0.535980
vt 0.420900 0.840798
vt 0.428121 0.370061
vt 0.546665 0.280866
vt 0.424241 0.735141
vt 0.371877 0.656890
vt 0.369858 0.210550
vt 0.453152 0.219058
vt 0.375018 0.531130
vt 0.338128 0.458811
vt 0.406426 0.964763
vt 0.231094 0.896800
vt 0.287226 0.781475
vt 0.359779 0.344269
vt 0.299187 0.300430
vt 0.310446 0.634411
vt 0.247508 0.161055
vt 0.216770 0.702232
vt 0.194451 0.596355
vt 0.265625 0.595977
vt 0.147102 0.785900
vt 0.162916 0.351922
vt 0.126242 0.222916
vt 0.221046 0.284353
vt 0.142699 0.590547
vt 0.185535 0.466154
vt 0.073101 0.705107
vt 0.195445 0.036605
vt 0.125103 0.125000
vt 0.043730 0.087141
vt 0.108032 0.469166
vt 0.102589 0.336191
vt 0.070976 0.585164
vt 0.046075 0.436626
vt 0.078125 1.000000
vt 0.014102 0.903265
vt 0.027220 0.279821
vt 0.054564 0.846020
vt 0.007229 0.724317
vt 0.010454 0.605198
vt 0.024431 0.187500
vt 0.920301 0.812500
vt 1.000000 0.812500
vt 0.992303 0.277267
vt 0.983864 0.441679
vt 0.917049 0.253482
vt 0.984384 0.724317
vt 0.954401 0.593080
vt 1.000000 0.605198
vt 0.921917 0.437747
vt 0.891522 0.719830
vt 0.897990 0.598987
vt 0.827645 0.158907
vt 0.954872 0.087141
vt 0.845287 0.316638
vt 0.844657 0.593400
vt 0.828125 0.000000
vt 0.858032 0.469167
vt 0.797116 0.406654
vt 0.797589 0.718022
vt 0.789540 0.577180
vt 0.764830 0.532292
vt 0.250838 0.440922
vt 0.000000 0.441679
vt 0.985117 0.187500
s 0
g Sphere.014_Mat_Cardume_Olho_10.006
usemtl Mat_Cardume_Olho_10.006
f 2146/2799/3489 2072/2800/3489 2077/2801/3489
f 2071/2802/3490 2075/2803/3490 2079/2804/3490
f 2076/2805/3491 2079/2804/3491 2090/2806/3491
f 2073/2807/3492 2080/2808/3492 2074/2809/3492
f 2072/2800/3493 2122/2810/3493 2085/2811/3493
f 2081/2812/3494 2084/2813/3494 2078/2814/3494
f 2107/2815/3495 2082/2816/3495 2102/2817/3495
f 2086/2818/3496 2083/2819/3496 2080/2808/3496
f 2080/2808/3497 2083/2819/3497 2081/2812/3497
f 2090/2806/3498 2102/2817/3498 2082/2816/3498
f 2083/2819/3499 2088/2820/3499 2084/2813/3499
f 2088/2820/3500 2091/2821/3500 2084/2813/3500
f 2083/2819/3501 2087/2822/3501 2092/2823/3501
f 2088/2820/3502 2092/2823/3502 2095/2824/3502
f 2085/2811/3503 2094/2825/3503 2086/2818/3503
f 2091/2821/3504 2096/2826/3504 2089/2827/3504
f 2087/2822/3505 2097/2828/3505 2092/2823/3505
f 2095/2824/3506 2096/2826/3506 2091/2821/3506
f 2092/2823/3507 2097/2828/3507 2099/2829/3507
f 2096/2826/3508 2098/2830/3508 2093/2831/3508
f 2099/2829/3509 2100/2832/3509 2095/2824/3509
f 2100/2832/3510 2103/2833/3510 2096/2826/3510
f 2122/2834/3511 2115/2835/3511 2094/2825/3511
f 2094/2825/3512 2115/2835/3512 2108/2836/3512
f 2094/2825/3513 2108/2836/3513 2097/2828/3513
f 2101/2837/3514 2106/2838/3514 2098/2830/3514
f 2099/2829/3515 2108/2836/3515 2104/2839/3515
f 2098/2830/3516 2112/2840/3516 2102/2817/3516
f 2103/2833/3517 2106/2838/3517 2101/2837/3517
f 2098/2830/3518 2106/2838/3518 2112/2840/3518
f 2108/2836/3519 2110/2841/3519 2104/2839/3519
f 2110/2841/3520 2113/2842/3520 2105/2843/3520
f 2115/2835/3521 2118/2844/3521 2108/2836/3521
f 2108/2836/3522 2118/2844/3522 2110/2841/3522
f 2117/2845/3523 2121/2846/3523 2111/2847/3523
f 2110/2841/3524 2118/2844/3524 2116/2848/3524
f 2113/2842/3525 2116/2848/3525 2114/2849/3525
f 2116/2848/3526 2118/2844/3526 2123/2850/3526
f 2107/2851/3527 2124/2852/3527 2133/2853/3527
f 2116/2848/3528 2119/2854/3528 2114/2849/3528
f 2119/2854/3529 2120/2855/3529 2117/2845/3529
f 2123/2850/3530 2125/2856/3530 2116/2848/3530
f 2119/2854/3531 2125/2856/3531 2126/2857/3531
f 2115/2835/3532 2122/2858/3532 2072/2859/3532
f 2119/2854/3533 2126/2857/3533 2120/2855/3533
f 2120/2855/3534 2132/2860/3534 2121/2846/3534
f 2128/2861/3535 2130/2862/3535 2123/2850/3535
f 2123/2850/3536 2129/2863/3536 2125/2856/3536
f 2124/2852/3537 2127/2864/3537 2133/2853/3537
f 2072/2800/3538 2134/2865/3538 2128/2866/3538
f 2132/2867/3539 2131/2868/3539 2138/2869/3539
f 2130/2870/3540 2135/2871/3540 2129/2872/3540
f 2131/2868/3541 2135/2871/3541 2136/2873/3541
f 2134/2865/3542 2139/2874/3542 2130/2870/3542
f 2139/2874/3543 2137/2875/3543 2135/2871/3543
f 2138/2869/3544 2145/2876/3544 2133/2877/3544
f 2138/2869/3545 2143/2878/3545 2145/2876/3545
f 2139/2874/3546 2142/2879/3546 2137/2875/3546
f 2072/2800/3547 2146/2799/3547 2134/2865/3547
f 2107/2880/3548 2133/2877/3548 2082/2816/3548
f 2140/2881/3549 2144/2882/3549 2143/2878/3549
f 2146/2799/3550 2141/2883/3550 2139/2874/3550
f 2133/2877/3551 2145/2876/3551 2082/2816/3551
f 2142/2879/3552 2141/2883/3552 2069/2884/3552
f 2144/2882/3553 2071/2802/3553 2143/2878/3553
f 2070/2885/3554 2075/2803/3554 2144/2882/3554
f 2071/2802/3555 2076/2805/3555 2145/2876/3555
f 2070/2885/3556 2074/2809/3556 2075/2803/3556
f 2078/2814/3557 2074/2809/3557 2081/2812/3557
f 2071/2802/3558 2079/2804/3558 2076/2805/3558
f 2079/2804/3559 2075/2803/3559 2078/2814/3559
f 2076/2805/3560 2090/2806/3560 2082/2816/3560
f 2074/2809/3561 2080/2808/3561 2081/2812/3561
f 2080/2808/3562 2077/2801/3562 2086/2818/3562
f 2072/2800/3563 2085/2811/3563 2077/2801/3563
f 2089/2827/3564 2078/2814/3564 2084/2813/3564
f 2090/2806/3565 2079/2804/3565 2089/2827/3565
f 2077/2801/3566 2085/2811/3566 2086/2818/3566
f 2087/2822/3567 2094/2825/3567 2097/2828/3567
f 2084/2813/3568 2081/2812/3568 2083/2819/3568
f 2083/2819/3569 2086/2818/3569 2087/2822/3569
f 2084/2813/3570 2091/2821/3570 2089/2827/3570
f 2083/2819/3571 2092/2823/3571 2088/2820/3571
f 2090/2806/3572 2089/2827/3572 2093/2831/3572
f 2090/2806/3573 2093/2831/3573 2102/2817/3573
f 2088/2820/3574 2095/2824/3574 2091/2821/3574
f 2103/2833/3575 2105/2843/3575 2109/2886/3575
f 2089/2827/3576 2096/2826/3576 2093/2831/3576
f 2085/2811/3577 2122/2834/3577 2094/2825/3577
f 2093/2831/3578 2098/2830/3578 2102/2817/3578
f 2092/2823/3579 2099/2829/3579 2095/2824/3579
f 2095/2824/3580 2100/2832/3580 2096/2826/3580
f 2096/2826/3581 2103/2833/3581 2101/2837/3581
f 2096/2826/3582 2101/2837/3582 2098/2830/3582
f 2099/2829/3583 2104/2839/3583 2100/2832/3583
f 2099/2829/3584 2097/2828/3584 2108/2836/3584
f 2102/2817/3585 2112/2840/3585 2107/2851/3585
f 2100/2832/3586 2104/2839/3586 2103/2833/3586
f 2113/2842/3587 2109/2886/3587 2105/2843/3587
f 2103/2833/3588 2109/2886/3588 2106/2838/3588
f 2104/2839/3589 2110/2841/3589 2105/2843/3589
f 2106/2838/3590 2109/2886/3590 2111/2847/3590
f 2129/2863/3591 2126/2857/3591 2125/2856/3591
f 2112/2840/3592 2106/2838/3592 2111/2847/3592
f 2107/2851/3593 2112/2840/3593 2124/2852/3593
f 2109/2886/3594 2114/2849/3594 2117/2845/3594
f 2111/2847/3595 2109/2886/3595 2117/2845/3595
f 2112/2840/3596 2111/2847/3596 2121/2846/3596
f 2110/2841/3597 2116/2848/3597 2113/2842/3597
f 2112/2840/3598 2121/2846/3598 2124/2852/3598
f 2114/2849/3599 2119/2854/3599 2117/2845/3599
f 2115/2835/3600 2128/2861/3600 2118/2844/3600
f 2117/2845/3601 2120/2855/3601 2121/2846/3601
f 2119/2854/3602 2116/2848/3602 2125/2856/3602
f 2121/2846/3603 2132/2860/3603 2127/2864/3603
f 2124/2852/3604 2121/2846/3604 2127/2864/3604
f 2115/2835/3605 2072/2859/3605 2128/2861/3605
f 2120/2855/3606 2126/2857/3606 2132/2860/3606
f 2118/2844/3607 2128/2861/3607 2123/2850/3607
f 2140/2881/3608 2137/2875/3608 2142/2879/3608
f 2126/2857/3609 2131/2887/3609 2132/2860/3609
f 2123/2850/3610 2130/2862/3610 2129/2863/3610
f 2128/2866/3611 2134/2865/3611 2130/2870/3611
f 2131/2868/3612 2129/2872/3612 2135/2871/3612
f 2138/2869/3613 2131/2868/3613 2136/2873/3613
f 2127/2888/3614 2132/2867/3614 2138/2869/3614
f 2130/2870/3615 2139/2874/3615 2135/2871/3615
f 2133/2877/3616 2127/2888/3616 2138/2869/3616
f 2136/2873/3617 2135/2871/3617 2137/2875/3617
f 2077/2801/3618 2141/2883/3618 2146/2799/3618
f 2136/2873/3619 2140/2881/3619 2143/2878/3619
f 2138/2869/3620 2136/2873/3620 2143/2878/3620
f 2070/2885/3621 2073/2807/3621 2074/2809/3621
f 2134/2865/3622 2146/2799/3622 2139/2874/3622
f 2140/2881/3623 2142/2879/3623 2069/2884/3623
f 2140/2881/3624 2069/2884/3624 2144/2882/3624
f 2142/2879/3625 2139/2874/3625 2141/2883/3625
f 2145/2876/3626 2143/2878/3626 2071/2802/3626
f 2145/2876/3627 2076/2805/3627 2082/2816/3627
f 2069/2884/3628 2070/2885/3628 2144/2882/3628
f 2144/2882/3629 2075/2803/3629 2071/2802/3629
f 2069/2884/3630 2141/2883/3630 2073/2807/3630
f 2078/2814/3631 2075/2803/3631 2074/2809/3631
f 2080/2808/3632 2073/2807/3632 2077/2801/3632
f 2089/2827/3633 2079/2804/3633 2078/2814/3633
f 2087/2822/3634 2086/2818/3634 2094/2825/3634
f 2103/2833/3635 2104/2839/3635 2105/2843/3635
f 2113/2842/3636 2114/2849/3636 2109/2886/3636
f 2129/2863/3637 2131/2887/3637 2126/2857/3637
f 2140/2881/3638 2136/2873/3638 2137/2875/3638
f 2077/2801/3639 2073/2807/3639 2141/2883/3639
f 2070/2885/3640 2069/2884/3640 2073/2807/3640
o Sphere.015
v 2.648810 -1.969508 1.906332
v 2.601441 -1.931619 1.818739
v 2.627131 -1.955545 1.720320
v 2.845619 -1.908475 1.818968
v 2.821332 -1.943107 1.912419
v 2.840698 -1.932092 1.721701
v 2.783163 -2.016001 1.665593
v 2.973216 -1.982511 1.718315
v 3.018734 -1.974983 1.864033
v 3.042485 -2.024301 1.801538
v 2.905989 -2.080974 1.741605
v 2.770222 -2.081362 1.870316
v 2.742947 -2.018742 1.927023
v 2.598459 -2.047598 1.722354
v 2.531176 -2.021510 1.823301
vn -0.3249 0.4230 0.8459
vn -0.3206 0.9449 0.0666
vn -0.3025 0.7186 -0.6261
vn 0.0930 0.9953 0.0259
vn 0.0720 0.6826 0.7272
vn 0.0865 0.8634 -0.4971
vn 0.0060 -0.1428 -0.9897
vn 0.4704 0.4360 -0.7672
vn 0.6156 0.3968 0.6809
vn 0.7329 -0.6710 0.1120
vn 0.1646 -0.9435 -0.2876
vn -0.0089 -0.9168 0.3992
vn -0.0424 -0.4147 0.9090
vn -0.3630 -0.7605 -0.5384
vn -0.7433 -0.5910 0.3132
vt 0.683247 0.810082
vt 0.624371 0.562957
vt 0.791281 0.556926
vt 0.431343 0.809960
vt 0.459915 0.566263
vt 0.541667 1.000000
vt 0.280654 0.657389
vt 0.209572 0.498083
vt 0.086642 0.350307
vt 0.308727 0.296507
vt 0.144242 0.941469
vt 0.024631 0.621900
vt 1.000000 0.311258
vt 0.976174 0.641405
vt 0.834722 0.311257
vt 0.904300 0.861723
vt 0.628130 0.317726
vt 0.684032 0.113171
vt 0.458333 0.315699
vt 0.157620 0.097343
s 1
g Sphere.015_Mat_Cardume_Corpo_60.007
usemtl Mat_Cardume_Corpo_60.007
f 2147/2889/3641 2148/2890/3642 2161/2891/3655
f 2151/2892/3645 2150/2893/3644 2148/2890/3642
f 2147/2889/3641 2159/2894/3653 2151/2892/3645
f 2151/2892/3645 2155/2895/3649 2150/2893/3644
f 2156/2896/3650 2157/2897/3651 2154/2898/3648
f 2159/2899/3653 2158/2900/3652 2155/2895/3649
f 2155/2895/3649 2158/2900/3652 2156/2896/3650
f 2157/2901/3651 2158/2902/3652 2160/2903/3654
f 2158/2902/3652 2159/2904/3653 2161/2891/3655
f 2160/2903/3654 2149/2905/3643 2153/2906/3647
f 2152/2907/3646 2148/2890/3642 2150/2893/3644
f 2147/2889/3641 2151/2892/3645 2148/2890/3642
f 2149/2905/3643 2152/2907/3646 2153/2906/3647
f 2154/2898/3648 2150/2893/3644 2155/2895/3649
f 2153/2908/3647 2152/2907/3646 2154/2898/3648
f 2154/2898/3648 2155/2895/3649 2156/2896/3650
f 2151/2892/3645 2159/2899/3653 2155/2895/3649
f 2153/2908/3647 2154/2898/3648 2157/2897/3651
f 2156/2896/3650 2158/2900/3652 2157/2897/3651
f 2153/2906/3647 2157/2901/3651 2160/2903/3654
f 2149/2905/3643 2161/2891/3655 2148/2890/3642
f 2160/2903/3654 2158/2902/3652 2161/2891/3655
f 2161/2891/3655 2159/2904/3653 2147/2889/3641
f 2152/2907/3646 2149/2905/3643 2148/2890/3642
f 2154/2898/3648 2152/2907/3646 2150/2893/3644
f 2149/2905/3643 2160/2903/3654 2161/2891/3655
o Cone.009
v 3.085563 -2.041848 1.681152
v 3.085563 -1.973930 1.857612
v 3.085563 -1.984222 1.861236
v 2.912763 -2.000000 1.800000
vn 0.4394 -0.2983 -0.8473
vn 0.0282 0.9520 -0.3046
vn 0.0282 -0.9329 0.3591
vn -1.0000 -0.0000 -0.0000
vt 0.250000 0.490000
vt 0.250000 0.250000
vt 0.457846 0.130000
vt 0.750000 0.490000
vt 0.957846 0.130000
vt 0.542154 0.130000
vt 0.042154 0.130000
s 1
g Cone.009_Mat_Cardume_Barbatana_30.007
usemtl Mat_Cardume_Barbatana_30.007
f 2162/2909/3656 2165/2910/3659 2163/2911/3657
f 2162/2912/3656 2163/2913/3657 2164/2914/3658
f 2163/2911/3657 2165/2910/3659 2164/2915/3658
f 2164/2915/3658 2165/2910/3659 2162/2909/3656
o Sphere.016
v 2.621666 -1.944121 1.807147
v 2.627737 -1.937180 1.778203
v 2.640367 -1.934265 1.767892
v 2.651349 -1.944059 1.835381
v 2.627977 -1.929025 1.820850
v 2.622531 -1.926809 1.803874
v 2.622664 -1.929282 1.790841
v 2.632359 -1.913844 1.813771
v 2.639475 -1.928684 1.830969
v 2.630207 -1.915242 1.789169
v 2.633815 -1.920959 1.777104
v 2.630750 -1.912042 1.803464
v 2.650168 -1.934878 1.764609
v 2.647156 -1.914242 1.827113
v 2.646273 -1.904242 1.811320
v 2.641749 -1.904615 1.792175
v 2.654176 -1.908932 1.822821
v 2.654218 -1.900959 1.803563
v 2.648833 -1.910159 1.776481
v 2.648861 -1.921134 1.768077
v 2.654121 -1.927074 1.834752
v 2.657323 -1.902116 1.789309
v 2.669554 -1.912912 1.824497
v 2.664847 -1.905461 1.816610
v 2.663639 -1.914919 1.772002
v 2.670066 -1.903151 1.804281
v 2.670817 -1.906203 1.785272
v 2.665546 -1.921856 1.831981
v 2.679931 -1.914583 1.817495
v 2.673867 -1.921620 1.771475
v 2.682776 -1.911310 1.803617
v 2.681847 -1.916609 1.782884
v 2.661101 -1.926759 1.765294
v 2.688426 -1.925127 1.814762
v 2.687823 -1.917693 1.795309
v 2.691697 -1.933599 1.810544
v 2.685289 -1.927472 1.778295
v 2.679320 -1.931297 1.828590
v 2.693275 -1.936580 1.793281
v 2.674368 -1.938139 1.767931
v 2.685592 -1.943043 1.821832
v 2.684959 -1.941413 1.776989
v 2.689866 -1.948659 1.811234
v 2.690451 -1.951280 1.796003
v 2.661466 -1.937424 1.764019
v 2.675193 -1.950550 1.828604
v 2.686006 -1.957267 1.810827
v 2.684856 -1.954076 1.783606
v 2.668139 -1.937600 1.834773
v 2.670242 -1.963073 1.822049
v 2.679635 -1.965331 1.796437
v 2.676213 -1.962082 1.782104
v 2.673882 -1.953183 1.772086
v 2.660184 -1.934219 1.835990
v 2.667053 -1.946890 1.766581
v 2.656348 -1.964763 1.823551
v 2.672114 -1.968789 1.809876
v 2.666888 -1.971579 1.792867
v 2.661998 -1.952914 1.832363
v 2.660086 -1.971269 1.811492
v 2.653246 -1.972729 1.793175
v 2.661371 -1.964731 1.776543
v 2.659306 -1.957174 1.769909
v 2.647651 -1.970433 1.810545
v 2.636621 -1.964666 1.811284
v 2.640179 -1.968651 1.792864
v 2.647520 -1.954604 1.830203
v 2.645299 -1.960108 1.774015
v 2.639474 -1.958838 1.823519
v 2.628415 -1.956674 1.810829
v 2.628832 -1.959472 1.796437
v 2.655661 -1.946806 1.765006
v 2.632517 -1.954843 1.779577
v 2.630545 -1.945466 1.823172
v 2.621144 -1.940225 1.803253
v 2.623916 -1.947150 1.789447
v 2.641794 -1.944223 1.767923
v 2.641566 -1.942665 1.832293
vn -0.2947 0.0463 0.9545
vn -0.8212 0.2738 -0.5007
vn -0.4838 0.3244 -0.8128
vn -0.8564 0.3997 0.3269
vn -0.1332 0.0584 0.9894
vn -0.6501 0.7464 -0.1424
vn -0.5261 0.8199 0.2255
vn -0.1126 0.2330 -0.9659
vn -0.0253 0.1178 -0.9927
vn -0.4306 0.7515 0.4999
vn -0.3308 0.9418 0.0598
vn -0.1785 0.9768 -0.1182
vn -0.0572 0.9101 0.4104
vn 0.1263 0.7576 0.6404
vn 0.1229 0.9647 0.2328
vn -0.0203 0.5032 0.8639
vn 0.0790 0.8202 -0.5666
vn 0.2472 0.9582 -0.1441
vn 0.4379 0.7692 0.4654
vn 0.3957 0.6547 -0.6441
vn 0.6265 0.7537 -0.1986
vn 0.5269 0.7968 0.2959
vn 0.2333 0.2069 0.9501
vn 0.3734 0.2212 0.9009
vn 0.4807 0.4260 0.7665
vn 0.6172 0.4640 -0.6354
vn 0.8325 0.4176 -0.3640
vn 0.6810 0.3876 0.6213
vn 0.3579 0.2062 -0.9107
vn 0.5729 0.1885 -0.7977
vn 0.8099 0.1000 0.5779
vn 0.9059 -0.0912 0.4136
vn 0.6049 -0.1291 0.7858
vn 0.5287 -0.1128 0.8413
vn 0.9055 -0.4110 0.1055
vn 0.6644 -0.3503 -0.6601
vn 0.6898 -0.4304 0.5822
vn 0.6104 -0.5431 0.5765
vn 0.1332 -0.1849 -0.9737
vn 0.7923 -0.6101 -0.0089
vn 0.6741 -0.6692 -0.3127
vn 0.5619 -0.7122 0.4208
vn 0.3653 -0.6521 -0.6643
vn 0.4371 -0.8993 0.0132
vn 0.0903 -0.1421 0.9857
vn 0.4864 -0.8199 -0.3020
vn 0.1590 -0.6369 0.7544
vn 0.2377 -0.8646 0.4426
vn 0.1233 -0.3884 -0.9132
vn -0.0870 -0.4135 0.9063
vn -0.1681 -0.8538 -0.4927
vn -0.0940 -0.8881 0.4500
vn -0.2985 -0.9539 0.0300
vn -0.2357 -0.6673 0.7065
vn -0.3844 -0.7954 0.4686
vn -0.2590 -0.3951 -0.8814
vn -0.3263 -0.3185 0.8900
vn -0.4998 -0.4041 -0.7661
vn -0.6365 -0.6280 0.4476
vn -0.2283 -0.1372 -0.9639
vn -0.0663 -0.0637 -0.9958
vn -0.8072 -0.5000 -0.3137
vn -0.5452 -0.3442 0.7644
vn -0.8193 -0.2615 -0.5102
vn -0.8391 -0.3227 0.4378
vn -0.9839 -0.0557 -0.1696
vn -0.6171 -0.0909 -0.7816
vn -0.8722 0.4834 -0.0751
vn -0.9941 0.1041 -0.0299
vn -0.6468 0.1924 -0.7380
vn -0.8165 0.3877 -0.4279
vn -0.2991 0.2066 -0.9316
vn -0.8505 0.4794 0.2166
vn -0.5791 0.4833 0.6566
vn -0.2573 0.0777 0.9632
vn -0.5213 0.7031 -0.4837
vn -0.2703 0.3799 0.8847
vn 0.0753 0.6199 0.7811
vn -0.4250 0.5496 -0.7192
vn -0.4859 0.8685 0.0979
vn -0.2177 0.8853 -0.4110
vn -0.2864 0.8022 0.5239
vn -0.0397 0.9341 0.3547
vn 0.0856 0.8109 -0.5789
vn -0.0447 0.6073 -0.7932
vn 0.0262 0.4885 -0.8722
vn 0.1391 0.9890 -0.0500
vn 0.9611 0.2731 0.0407
vn 0.1129 0.2618 0.9585
vn 0.2426 0.4384 -0.8655
vn 0.4695 0.8104 0.3506
vn 0.5325 0.8388 -0.1136
vn 0.6374 0.7313 -0.2428
vn 0.4703 0.6384 -0.6093
vn 0.7805 0.5535 0.2906
vn 0.5484 0.4485 0.7058
vn 0.2942 0.1233 -0.9478
vn 0.8636 0.4792 0.1564
vn 0.9872 -0.1150 0.1101
vn 0.9061 0.2942 -0.3040
vn 0.8878 0.0221 -0.4597
vn 0.8516 0.0703 0.5194
vn 0.2132 -0.9725 0.0940
vn 0.6587 0.0547 -0.7504
vn 0.8944 -0.2128 -0.3934
vn 0.2843 -0.0905 -0.9544
vn 0.9041 -0.2392 -0.3540
vn 0.5896 -0.2327 -0.7735
vn 0.7757 -0.3719 0.5099
vn 0.4571 -0.2505 -0.8534
vn 0.5942 -0.5277 -0.6070
vn 0.7711 -0.6001 -0.2126
vn 0.3080 -0.2672 0.9131
vn 0.6247 -0.7658 0.1526
vn 0.2751 -0.5907 -0.7585
vn 0.2541 -0.4657 -0.8477
vn 0.1114 -0.1980 0.9739
vn 0.3193 -0.8306 -0.4563
vn 0.3187 -0.5354 0.7821
vn 0.1579 -0.8478 0.5063
vn -0.6962 -0.7081 0.1175
vn 0.0677 -0.9117 -0.4053
vn -0.0538 -0.5793 0.8134
vn -0.0748 -0.9914 0.1070
vn -0.0764 -0.6695 -0.7389
vn -0.2808 -0.7968 0.5351
vn -0.1574 -0.4668 -0.8703
vn -0.2553 -0.8527 -0.4558
vn -0.4554 -0.8843 0.1033
vn -0.6342 -0.0216 0.7729
vn -0.6543 -0.6805 -0.3299
vn -0.5028 -0.7278 -0.4664
vn -0.9457 0.0832 0.3142
vn -0.4684 -0.3737 0.8006
vn -0.8866 -0.4581 0.0634
vn -0.9178 -0.3941 -0.0492
vn -0.7073 -0.4583 0.5382
vn -0.6472 -0.2317 -0.7263
vn -0.3200 -0.0488 -0.9462
vn -0.9724 -0.2167 -0.0865
vn -0.9354 -0.0381 -0.3516
vn -0.8751 -0.0691 0.4790
vn -0.8815 0.4621 -0.0967
vn -0.5893 0.4749 0.6536
vn -0.5229 0.6991 -0.4876
vn 0.0362 0.5989 0.8000
vn 0.9435 0.3183 0.0924
vn 0.9820 -0.1761 0.0680
vn 0.0850 -0.9952 0.0476
vn -0.6185 -0.7842 0.0501
vn -0.6607 0.0028 0.7507
vn -0.9501 0.1475 0.2750
vt 0.804249 0.848025
vt 0.884756 0.915970
vt 0.676250 0.821957
vt 0.749488 0.292930
vt 0.714279 0.417909
vt 0.655131 0.286873
vt 0.726935 0.152922
vt 0.580987 0.167366
vt 0.708567 0.690602
vt 0.634035 0.624964
vt 0.703830 0.532515
vt 0.671875 1.000000
vt 0.551942 0.909231
vt 0.628052 0.526469
vt 0.572016 0.435152
vt 0.641194 0.402575
vt 0.552187 0.600548
vt 0.445463 0.098320
vt 0.703139 0.062500
vt 0.578125 0.000000
vt 0.567931 0.766799
vt 0.514217 0.531352
vt 0.500003 0.406724
vt 0.516468 0.717289
vt 0.460577 0.645915
vt 0.424241 0.735141
vt 0.444278 0.535980
vt 0.420900 0.840798
vt 0.428121 0.370061
vt 0.546665 0.280866
vt 0.371877 0.656890
vt 0.369858 0.210550
vt 0.453152 0.219058
vt 0.375018 0.531130
vt 0.338128 0.458811
vt 0.338270 0.964763
vt 0.231094 0.896800
vt 0.287226 0.781475
vt 0.359779 0.344269
vt 0.299187 0.300430
vt 0.310446 0.634411
vt 0.247508 0.161055
vt 0.216770 0.702232
vt 0.194451 0.596355
vt 0.265625 0.595977
vt 0.147102 0.785900
vt 0.142699 0.590547
vt 0.185535 0.466154
vt 0.162916 0.351922
vt 0.126242 0.222916
vt 0.221046 0.284353
vt 0.073101 0.705107
vt 0.273129 0.036605
vt 0.125103 0.125000
vt 0.043730 0.087141
vt 0.108032 0.469166
vt 0.102589 0.336191
vt 0.070976 0.585164
vt 0.027220 0.279821
vt 0.046075 0.436626
vt 0.078125 1.000000
vt 0.014102 0.903265
vt 0.054564 0.846020
vt 0.007229 0.724317
vt 0.010454 0.605198
vt 0.024431 0.187500
vt 0.920301 0.812500
vt 1.000000 0.812500
vt 0.992303 0.277267
vt 0.983864 0.441679
vt 0.917049 0.253482
vt 0.984384 0.724317
vt 0.954401 0.593080
vt 1.000000 0.605198
vt 0.921917 0.437747
vt 0.891522 0.719830
vt 0.897990 0.598987
vt 0.827645 0.158907
vt 0.954872 0.087141
vt 0.845287 0.316638
vt 0.844657 0.593400
vt 0.828125 0.000000
vt 0.858032 0.469167
vt 0.797116 0.406654
vt 0.797589 0.718022
vt 0.789540 0.577180
vt 0.764830 0.532292
vt 0.250838 0.440922
vt 0.000000 0.441679
vt 0.985117 0.187500
s 0
g Sphere.016_Mat_Cardume_Olho_10.007
usemtl Mat_Cardume_Olho_10.007
f 2243/2916/3660 2169/2917/3660 2174/2918/3660
f 2167/2919/3661 2172/2920/3661 2176/2921/3661
f 2168/2922/3662 2176/2921/3662 2185/2923/3662
f 2170/2924/3663 2173/2925/3663 2171/2926/3663
f 2169/2917/3664 2219/2927/3664 2186/2928/3664
f 2177/2929/3665 2181/2930/3665 2175/2931/3665
f 2173/2925/3666 2180/2932/3666 2177/2929/3666
f 2185/2923/3667 2198/2933/3667 2178/2934/3667
f 2210/2935/3668 2178/2934/3668 2198/2933/3668
f 2179/2936/3669 2180/2932/3669 2173/2925/3669
f 2180/2932/3670 2183/2937/3670 2181/2930/3670
f 2183/2937/3671 2187/2938/3671 2181/2930/3671
f 2180/2932/3672 2182/2939/3672 2189/2940/3672
f 2182/2939/3673 2188/2941/3673 2189/2940/3673
f 2183/2937/3674 2189/2940/3674 2191/2942/3674
f 2186/2928/3675 2193/2943/3675 2179/2936/3675
f 2187/2938/3676 2192/2944/3676 2184/2945/3676
f 2191/2942/3677 2192/2944/3677 2187/2938/3677
f 2189/2940/3678 2188/2941/3678 2194/2946/3678
f 2192/2944/3679 2195/2947/3679 2190/2948/3679
f 2196/2949/3680 2200/2950/3680 2192/2944/3680
f 2194/2946/3681 2196/2949/3681 2191/2942/3681
f 2219/2951/3682 2214/2952/3682 2193/2943/3682
f 2193/2943/3683 2214/2952/3683 2203/2953/3683
f 2193/2943/3684 2203/2953/3684 2188/2941/3684
f 2197/2954/3685 2202/2955/3685 2195/2947/3685
f 2200/2950/3686 2202/2955/3686 2197/2954/3686
f 2194/2946/3687 2203/2953/3687 2199/2956/3687
f 2195/2947/3688 2205/2957/3688 2198/2933/3688
f 2195/2947/3689 2202/2955/3689 2205/2957/3689
f 2203/2953/3690 2206/2958/3690 2199/2956/3690
f 2206/2958/3691 2208/2959/3691 2201/2960/3691
f 2203/2953/3692 2211/2961/3692 2206/2958/3692
f 2214/2952/3693 2211/2961/3693 2203/2953/3693
f 2208/2959/3694 2212/2962/3694 2209/2963/3694
f 2213/2964/3695 2218/2965/3695 2207/2966/3695
f 2206/2958/3696 2211/2961/3696 2212/2962/3696
f 2212/2962/3697 2211/2961/3697 2215/2967/3697
f 2210/2968/3698 2220/2969/3698 2237/2970/3698
f 2212/2962/3699 2216/2971/3699 2209/2963/3699
f 2216/2971/3700 2217/2972/3700 2213/2964/3700
f 2215/2967/3701 2222/2973/3701 2212/2962/3701
f 2217/2972/3702 2227/2974/3702 2218/2965/3702
f 2216/2971/3703 2222/2973/3703 2223/2975/3703
f 2214/2952/3704 2219/2976/3704 2169/2977/3704
f 2216/2971/3705 2223/2975/3705 2217/2972/3705
f 2224/2978/3706 2221/2979/3706 2215/2967/3706
f 2215/2967/3707 2225/2980/3707 2222/2973/3707
f 2220/2969/3708 2228/2981/3708 2237/2970/3708
f 2169/2917/3709 2232/2982/3709 2224/2983/3709
f 2227/2984/3710 2226/2985/3710 2233/2986/3710
f 2221/2987/3711 2229/2988/3711 2225/2989/3711
f 2226/2985/3712 2229/2988/3712 2231/2990/3712
f 2232/2982/3713 2234/2991/3713 2221/2987/3713
f 2234/2991/3714 2230/2992/3714 2229/2988/3714
f 2233/2986/3715 2242/2993/3715 2237/2994/3715
f 2169/2917/3716 2243/2916/3716 2232/2982/3716
f 2233/2986/3717 2238/2995/3717 2242/2993/3717
f 2234/2991/3718 2235/2996/3718 2230/2992/3718
f 2237/2994/3719 2242/2993/3719 2178/2934/3719
f 2210/2997/3720 2237/2994/3720 2178/2934/3720
f 2236/2998/3721 2241/2999/3721 2238/2995/3721
f 2243/2916/3722 2239/3000/3722 2234/2991/3722
f 2241/2999/3723 2167/2919/3723 2238/2995/3723
f 2235/2996/3724 2239/3000/3724 2166/3001/3724
f 2240/3002/3725 2172/2920/3725 2241/2999/3725
f 2167/2919/3726 2168/2922/3726 2242/2993/3726
f 2175/2931/3727 2171/2926/3727 2177/2929/3727
f 2240/3002/3728 2171/2926/3728 2172/2920/3728
f 2167/2919/3729 2176/2921/3729 2168/2922/3729
f 2176/2921/3730 2172/2920/3730 2175/2931/3730
f 2168/2922/3731 2185/2923/3731 2178/2934/3731
f 2171/2926/3732 2173/2925/3732 2177/2929/3732
f 2173/2925/3733 2174/2918/3733 2179/2936/3733
f 2169/2917/3734 2186/2928/3734 2174/2918/3734
f 2184/2945/3735 2175/2931/3735 2181/2930/3735
f 2174/2918/3736 2186/2928/3736 2179/2936/3736
f 2182/2939/3737 2193/2943/3737 2188/2941/3737
f 2185/2923/3738 2176/2921/3738 2184/2945/3738
f 2181/2930/3739 2177/2929/3739 2180/2932/3739
f 2181/2930/3740 2187/2938/3740 2184/2945/3740
f 2180/2932/3741 2179/2936/3741 2182/2939/3741
f 2180/2932/3742 2189/2940/3742 2183/2937/3742
f 2184/2945/3743 2192/2944/3743 2190/2948/3743
f 2185/2923/3744 2184/2945/3744 2190/2948/3744
f 2185/2923/3745 2190/2948/3745 2198/2933/3745
f 2183/2937/3746 2191/2942/3746 2187/2938/3746
f 2200/2950/3747 2201/2960/3747 2204/3003/3747
f 2186/2928/3748 2219/2951/3748 2193/2943/3748
f 2190/2948/3749 2195/2947/3749 2198/2933/3749
f 2189/2940/3750 2194/2946/3750 2191/2942/3750
f 2191/2942/3751 2196/2949/3751 2192/2944/3751
f 2192/2944/3752 2200/2950/3752 2197/2954/3752
f 2192/2944/3753 2197/2954/3753 2195/2947/3753
f 2194/2946/3754 2199/2956/3754 2196/2949/3754
f 2194/2946/3755 2188/2941/3755 2203/2953/3755
f 2198/2933/3756 2205/2957/3756 2210/2968/3756
f 2196/2949/3757 2199/2956/3757 2200/2950/3757
f 2208/2959/3758 2204/3003/3758 2201/2960/3758
f 2200/2950/3759 2204/3003/3759 2202/2955/3759
f 2202/2955/3760 2204/3003/3760 2207/2966/3760
f 2199/2956/3761 2206/2958/3761 2201/2960/3761
f 2225/2980/3762 2223/2975/3762 2222/2973/3762
f 2205/2957/3763 2202/2955/3763 2207/2966/3763
f 2207/2966/3764 2204/3003/3764 2213/2964/3764
f 2210/2968/3765 2205/2957/3765 2220/2969/3765
f 2204/3003/3766 2209/2963/3766 2213/2964/3766
f 2205/2957/3767 2207/2966/3767 2218/2965/3767
f 2206/2958/3768 2212/2962/3768 2208/2959/3768
f 2205/2957/3769 2218/2965/3769 2220/2969/3769
f 2213/2964/3770 2217/2972/3770 2218/2965/3770
f 2209/2963/3771 2216/2971/3771 2213/2964/3771
f 2214/2952/3772 2224/2978/3772 2211/2961/3772
f 2216/2971/3773 2212/2962/3773 2222/2973/3773
f 2218/2965/3774 2227/2974/3774 2228/2981/3774
f 2220/2969/3775 2218/2965/3775 2228/2981/3775
f 2214/2952/3776 2169/2977/3776 2224/2978/3776
f 2217/2972/3777 2223/2975/3777 2227/2974/3777
f 2211/2961/3778 2224/2978/3778 2215/2967/3778
f 2215/2967/3779 2221/2979/3779 2225/2980/3779
f 2236/2998/3780 2230/2992/3780 2235/2996/3780
f 2223/2975/3781 2226/3004/3781 2227/2974/3781
f 2224/2983/3782 2232/2982/3782 2221/2987/3782
f 2226/2985/3783 2225/2989/3783 2229/2988/3783
f 2228/3005/3784 2227/2984/3784 2233/2986/3784
f 2221/2987/3785 2234/2991/3785 2229/2988/3785
f 2237/2994/3786 2228/3005/3786 2233/2986/3786
f 2233/2986/3787 2226/2985/3787 2231/2990/3787
f 2231/2990/3788 2229/2988/3788 2230/2992/3788
f 2174/2918/3789 2239/3000/3789 2243/2916/3789
f 2231/2990/3790 2236/2998/3790 2238/2995/3790
f 2233/2986/3791 2231/2990/3791 2238/2995/3791
f 2240/3002/3792 2170/2924/3792 2171/2926/3792
f 2232/2982/3793 2243/2916/3793 2234/2991/3793
f 2236/2998/3794 2235/2996/3794 2166/3001/3794
f 2236/2998/3795 2166/3001/3795 2241/2999/3795
f 2235/2996/3796 2234/2991/3796 2239/3000/3796
f 2242/2993/3797 2238/2995/3797 2167/2919/3797
f 2242/2993/3798 2168/2922/3798 2178/2934/3798
f 2166/3001/3799 2240/3002/3799 2241/2999/3799
f 2241/2999/3800 2172/2920/3800 2167/2919/3800
f 2166/3001/3801 2239/3000/3801 2170/2924/3801
f 2175/2931/3802 2172/2920/3802 2171/2926/3802
f 2173/2925/3803 2170/2924/3803 2174/2918/3803
f 2184/2945/3804 2176/2921/3804 2175/2931/3804
f 2182/2939/3805 2179/2936/3805 2193/2943/3805
f 2200/2950/3806 2199/2956/3806 2201/2960/3806
f 2208/2959/3807 2209/2963/3807 2204/3003/3807
f 2225/2980/3808 2226/3004/3808 2223/2975/3808
f 2236/2998/3809 2231/2990/3809 2230/2992/3809
f 2174/2918/3810 2170/2924/3810 2239/3000/3810
f 2240/3002/3811 2166/3001/3811 2170/2924/3811
o Sphere.017
v 2.283768 -1.525113 1.817154
v 2.299772 -1.452132 2.009245
v 2.234634 -1.434046 1.926893
v 2.262788 -1.431433 1.826299
v 2.434625 -1.292086 1.929928
v 2.436187 -1.304633 1.830514
v 2.436446 -1.343816 2.018489
v 2.620288 -1.267434 1.966595
v 2.661544 -1.291390 1.898579
v 2.575768 -1.281360 1.821039
v 2.406987 -1.449560 2.023813
v 2.567828 -1.402062 1.832216
v 2.458249 -1.483797 1.959930
v 2.424602 -1.399639 1.764644
v 2.218673 -1.546932 1.920520
vn 0.0305 -0.7787 -0.6267
vn -0.4400 0.1123 0.8909
vn -0.7425 0.6450 0.1807
vn -0.6566 0.5322 -0.5344
vn -0.4119 0.8994 0.1464
vn -0.3837 0.8377 -0.3887
vn -0.2324 0.5464 0.8046
vn 0.3775 0.5773 0.7240
vn 0.9746 -0.2221 0.0298
vn 0.1445 0.6906 -0.7087
vn 0.2243 -0.4732 0.8520
vn 0.5934 -0.6986 -0.3999
vn 0.4716 -0.8345 0.2850
vn 0.0161 -0.0158 -0.9997
vn -0.3314 -0.9126 0.2392
vt 0.683247 0.810082
vt 0.624371 0.562957
vt 0.791281 0.556926
vt 0.431343 0.809960
vt 0.459915 0.566263
vt 0.541667 1.000000
vt 0.280654 0.657389
vt 0.209572 0.498083
vt 0.086642 0.350307
vt 0.308727 0.296507
vt 0.024631 0.621900
vt 0.144242 0.941469
vt 1.000000 0.311258
vt 0.976174 0.641405
vt 0.834722 0.311257
vt 0.931902 0.861723
vt 0.628130 0.317726
vt 0.699803 0.113171
vt 0.458333 0.315699
vt 0.157620 0.097343
s 1
g Sphere.017_Mat_Cardume_Corpo_60.008
usemtl Mat_Cardume_Corpo_60.008
f 2245/3006/3813 2246/3007/3814 2258/3008/3826
f 2250/3009/3818 2248/3010/3816 2246/3007/3814
f 2245/3006/3813 2254/3011/3822 2250/3009/3818
f 2250/3009/3818 2251/3012/3819 2248/3010/3816
f 2252/3013/3820 2255/3014/3823 2253/3015/3821
f 2251/3012/3819 2256/3016/3824 2252/3013/3820
f 2254/3017/3822 2256/3016/3824 2251/3012/3819
f 2255/3018/3823 2256/3019/3824 2244/3020/3812
f 2256/3019/3824 2254/3021/3822 2258/3008/3826
f 2244/3020/3812 2247/3022/3815 2257/3023/3825
f 2249/3024/3817 2246/3007/3814 2248/3010/3816
f 2245/3006/3813 2250/3009/3818 2246/3007/3814
f 2247/3022/3815 2249/3024/3817 2257/3023/3825
f 2253/3015/3821 2248/3010/3816 2251/3012/3819
f 2257/3025/3825 2249/3024/3817 2253/3015/3821
f 2253/3015/3821 2251/3012/3819 2252/3013/3820
f 2250/3009/3818 2254/3017/3822 2251/3012/3819
f 2257/3025/3825 2253/3015/3821 2255/3014/3823
f 2252/3013/3820 2256/3016/3824 2255/3014/3823
f 2257/3023/3825 2255/3018/3823 2244/3020/3812
f 2247/3022/3815 2258/3008/3826 2246/3007/3814
f 2244/3020/3812 2256/3019/3824 2258/3008/3826
f 2258/3008/3826 2254/3021/3822 2245/3006/3813
f 2249/3024/3817 2247/3022/3815 2246/3007/3814
f 2253/3015/3821 2249/3024/3817 2248/3010/3816
f 2247/3022/3815 2244/3020/3812 2258/3008/3826
o Cone.010
v 2.686142 -1.247839 1.774005
v 2.684247 -1.244556 1.963046
v 2.689702 -1.254005 1.962950
v 2.537048 -1.335200 1.900000
vn 0.3766 0.2265 -0.8983
vn -0.4750 0.8792 0.0376
vn 0.5241 -0.8514 0.0200
vn -0.8660 -0.5000 -0.0000
vt 0.250000 0.490000
vt 0.250000 0.250000
vt 0.457846 0.130000
vt 0.750000 0.490000
vt 0.957846 0.130000
vt 0.542154 0.130000
vt 0.042154 0.130000
s 1
g Cone.010_Mat_Cardume_Barbatana_30.008
usemtl Mat_Cardume_Barbatana_30.008
f 2259/3026/3827 2262/3027/3830 2260/3028/3828
f 2259/3029/3827 2260/3030/3828 2261/3031/3829
f 2260/3028/3828 2262/3027/3830 2261/3032/3829
f 2261/3032/3829 2262/3027/3830 2259/3026/3827
o Sphere.018
v 2.254611 -1.429243 1.903253
v 2.258798 -1.423309 1.878203
v 2.282686 -1.417461 1.935381
v 2.254928 -1.416127 1.920850
v 2.249104 -1.416931 1.903874
v 2.250456 -1.419006 1.890841
v 2.268279 -1.414470 1.867892
v 2.264716 -1.410083 1.930969
v 2.249968 -1.403075 1.889169
v 2.255951 -1.406222 1.877104
v 2.251133 -1.400789 1.913771
v 2.248838 -1.400033 1.903464
v 2.277073 -1.410100 1.864609
v 2.264147 -1.393735 1.927113
v 2.258382 -1.385516 1.911320
v 2.254651 -1.388101 1.892175
v 2.267571 -1.385626 1.922821
v 2.263620 -1.378700 1.903563
v 2.263557 -1.389361 1.876481
v 2.269069 -1.398851 1.868077
v 2.276594 -1.401365 1.934752
v 2.278442 -1.372675 1.904281
v 2.266888 -1.378150 1.889309
v 2.282879 -1.381384 1.924497
v 2.275076 -1.377285 1.916610
v 2.278759 -1.386080 1.872002
v 2.280618 -1.374942 1.885272
v 2.283880 -1.391134 1.931981
v 2.290968 -1.386769 1.871475
v 2.292701 -1.377642 1.917495
v 2.293528 -1.373385 1.903617
v 2.295373 -1.378439 1.882884
v 2.282482 -1.397603 1.865294
v 2.305330 -1.382527 1.914762
v 2.301091 -1.376390 1.895309
v 2.303786 -1.386126 1.878295
v 2.312399 -1.388228 1.910544
v 2.300529 -1.392423 1.928590
v 2.315255 -1.390021 1.893281
v 2.299662 -1.400824 1.867931
v 2.311834 -1.399459 1.921832
v 2.318342 -1.402186 1.911234
v 2.310470 -1.398364 1.876989
v 2.320160 -1.404163 1.896003
v 2.316713 -1.409382 1.883606
v 2.288130 -1.406656 1.864019
v 2.306581 -1.411160 1.928604
v 2.319304 -1.411570 1.910827
v 2.297702 -1.412060 1.866581
v 2.293997 -1.403473 1.934773
v 2.317818 -1.421739 1.896437
v 2.313230 -1.420637 1.882104
v 2.306762 -1.414096 1.872086
v 2.285418 -1.404521 1.935990
v 2.308555 -1.424480 1.922049
v 2.313034 -1.428495 1.909876
v 2.297367 -1.432891 1.923551
v 2.309903 -1.433524 1.892867
v 2.296336 -1.419805 1.932363
v 2.303858 -1.436657 1.911492
v 2.298664 -1.441341 1.893175
v 2.301701 -1.430353 1.876543
v 2.296134 -1.424841 1.869909
v 2.292670 -1.442150 1.910545
v 2.285308 -1.444342 1.892864
v 2.287793 -1.417683 1.865006
v 2.284642 -1.428507 1.930203
v 2.280235 -1.442671 1.911284
v 2.285471 -1.434384 1.874015
v 2.279792 -1.436197 1.923519
v 2.269133 -1.439853 1.910829
v 2.270893 -1.442067 1.896437
v 2.271769 -1.436216 1.879578
v 2.274493 -1.422380 1.867923
v 2.273517 -1.421145 1.932293
v 2.265373 -1.429081 1.923172
v 2.257011 -1.432356 1.907147
v 2.260474 -1.433854 1.889447
vn -0.2784 -0.1072 0.9545
vn -0.8481 -0.1735 -0.5007
vn -0.5812 0.0390 -0.8128
vn -0.9415 -0.0821 0.3269
vn -0.1446 -0.0161 0.9894
vn -0.9362 0.3213 -0.1424
vn -0.8656 0.4470 0.2255
vn -0.2140 0.1455 -0.9659
vn -0.0808 0.0893 -0.9927
vn -0.7486 0.4355 0.4999
vn -0.7574 0.6502 0.0598
vn -0.6430 0.7567 -0.1182
vn -0.5046 0.7596 0.4104
vn -0.2694 0.7192 0.6404
vn -0.3759 0.8969 0.2328
vn -0.2692 0.4256 0.8639
vn -0.3417 0.7498 -0.5666
vn -0.2651 0.9534 -0.1441
vn 0.0153 0.7648 -0.6441
vn -0.0054 0.8851 0.4654
vn 0.1657 0.9660 -0.1986
vn 0.0579 0.9535 0.2959
vn 0.0986 0.2958 0.9501
vn 0.2128 0.3783 0.9009
vn 0.2033 0.6093 0.7665
vn 0.3025 0.7104 -0.6354
vn 0.5122 0.7779 -0.3640
vn 0.3960 0.6761 0.6213
vn 0.2069 0.3576 -0.9107
vn 0.4019 0.4497 -0.7977
vn 0.6514 0.4916 0.5779
vn 0.8301 0.3740 0.4136
vn 0.5143 0.1667 0.8413
vn 0.5884 0.1906 0.7858
vn 0.9897 0.0968 0.1055
vn 0.7506 0.0288 -0.6601
vn 0.8126 -0.0278 0.5822
vn 0.8002 -0.1651 0.5765
vn 0.2078 -0.0935 -0.9737
vn 0.9912 -0.1322 -0.0089
vn 0.9184 -0.2425 -0.3127
vn 0.8427 -0.3358 0.4208
vn 0.6425 -0.3821 -0.6643
vn 0.8282 -0.5603 0.0132
vn 0.1493 -0.0779 0.9857
vn 0.8312 -0.4668 -0.3020
vn 0.4562 -0.4720 0.7544
vn 0.6382 -0.6299 0.4426
vn 0.3010 -0.2747 -0.9132
vn 0.1314 -0.4016 0.9063
vn 0.2813 -0.8235 -0.4927
vn 0.3626 -0.8161 0.4500
vn 0.2185 -0.9754 0.0300
vn 0.1296 -0.6958 0.7065
vn 0.0648 -0.8811 0.4686
vn -0.0267 -0.4717 -0.8814
vn -0.1233 -0.4390 0.8900
vn -0.2308 -0.5999 -0.7661
vn -0.2372 -0.8622 0.4476
vn -0.1291 -0.2330 -0.9639
vn -0.0256 -0.0884 -0.9958
vn -0.4491 -0.8366 -0.3137
vn -0.3000 -0.5707 0.7644
vn -0.5788 -0.6361 -0.5102
vn -0.5653 -0.6991 0.4378
vn -0.8242 -0.5402 -0.1696
vn -0.4890 -0.3872 -0.7816
vn -0.9970 -0.0175 -0.0751
vn -0.9130 -0.4069 -0.0299
vn -0.6563 -0.1568 -0.7380
vn -0.2617 -0.0614 0.9632
vn -0.9009 -0.0725 -0.4279
vn -0.3624 0.0294 -0.9316
vn -0.9762 -0.0101 0.2166
vn -0.7431 0.1290 0.6566
vn -0.8030 0.3482 -0.4837
vn -0.4240 0.1939 0.8847
vn -0.2447 0.5745 0.7811
vn -0.6429 0.2635 -0.7192
vn -0.8551 0.5092 0.0979
vn -0.6312 0.6578 -0.4110
vn -0.6491 0.5515 0.5239
vn -0.5015 0.7891 0.3547
vn 0.6958 0.7170 0.0407
vn -0.3314 0.7450 -0.5789
vn -0.3424 0.5036 -0.7932
vn -0.2216 0.4362 -0.8722
vn -0.3741 0.9261 -0.0500
vn -0.0332 0.2832 0.9585
vn -0.0091 0.5009 -0.8655
vn 0.0014 0.9365 0.3506
vn 0.0417 0.9926 -0.1136
vn 0.1864 0.9520 -0.2428
vn 0.0882 0.7880 -0.6093
vn 0.2507 0.6626 0.7058
vn 0.3992 0.8696 0.2906
vn 0.1931 0.2539 -0.9478
vn 0.5083 0.8469 0.1564
vn 0.9125 0.3940 0.1101
vn 0.6376 0.7078 -0.3040
vn 0.7578 0.4630 -0.4597
vn 0.7024 0.4867 0.5194
vn 0.6708 -0.7356 0.0940
vn 0.5431 0.3767 -0.7504
vn 0.8810 0.2629 -0.3934
vn 0.2915 0.0638 -0.9544
vn 0.9026 0.2449 -0.3540
vn 0.6269 0.0933 -0.7735
vn 0.8577 0.0657 0.5099
vn 0.5211 0.0116 -0.8534
vn 0.7785 -0.1599 -0.6070
vn 0.9679 -0.1342 -0.2126
vn 0.4003 -0.0774 0.9131
vn 0.9239 -0.3508 0.1526
vn 0.5437 -0.3043 0.7821
vn 0.5336 -0.3741 -0.7585
vn 0.4530 -0.2763 -0.8477
vn 0.1954 -0.1158 0.9739
vn 0.6918 -0.5597 -0.4563
vn 0.5606 -0.6552 0.5063
vn -0.2489 -0.9614 0.1175
vn 0.5145 -0.7557 -0.4053
vn 0.2431 -0.5285 0.8134
vn 0.4309 -0.8960 0.1070
vn 0.2686 -0.6180 -0.7389
vn 0.1552 -0.8304 0.5351
vn 0.0971 -0.4829 -0.8703
vn 0.2052 -0.8661 -0.4558
vn 0.0478 -0.9935 0.1033
vn -0.5384 -0.3358 0.7729
vn -0.2264 -0.9165 -0.3299
vn -0.0715 -0.8817 -0.4664
vn -0.8606 -0.4008 0.3142
vn -0.2188 -0.5579 0.8006
vn -0.5388 -0.8400 0.0634
vn -0.5978 -0.8002 -0.0492
vn -0.3834 -0.7506 0.5382
vn -0.4446 -0.5242 -0.7263
vn -0.2527 -0.2023 -0.9462
vn -0.7337 -0.6739 -0.0865
vn -0.7910 -0.5007 -0.3516
vn -0.7233 -0.4973 0.4790
vn -0.9945 -0.0406 -0.0967
vn -0.7478 0.1167 0.6536
vn -0.8024 0.3440 -0.4876
vn -0.2681 0.5368 0.8000
vn 0.6579 0.7474 0.0924
vn 0.9385 0.3385 0.0680
vn 0.5713 -0.8194 0.0476
vn -0.1436 -0.9884 0.0501
vn -0.5736 -0.3279 0.7507
vn -0.8966 -0.3473 0.2750
vt 0.804249 0.848025
vt 0.884756 0.915970
vt 0.676250 0.821957
vt 0.749488 0.292930
vt 0.714279 0.417909
vt 0.655131 0.286873
vt 0.726935 0.152922
vt 0.580987 0.167366
vt 0.708567 0.690602
vt 0.634035 0.624964
vt 0.703830 0.532515
vt 0.671875 1.000000
vt 0.551942 0.909231
vt 0.628052 0.526469
vt 0.572016 0.435152
vt 0.641194 0.402575
vt 0.552187 0.600548
vt 0.445463 0.098320
vt 0.703139 0.062500
vt 0.578125 0.000000
vt 0.567931 0.766799
vt 0.514217 0.531352
vt 0.500003 0.406724
vt 0.516468 0.717289
vt 0.460577 0.645915
vt 0.424241 0.735141
vt 0.444278 0.535980
vt 0.420900 0.840798
vt 0.428121 0.370061
vt 0.546665 0.280866
vt 0.369858 0.210550
vt 0.453152 0.219058
vt 0.371877 0.656890
vt 0.375018 0.531130
vt 0.338128 0.458811
vt 0.406426 0.964763
vt 0.231094 0.896800
vt 0.287226 0.781475
vt 0.359779 0.344269
vt 0.299187 0.300430
vt 0.310446 0.634411
vt 0.247508 0.161055
vt 0.216770 0.702232
vt 0.194451 0.596355
vt 0.265625 0.595977
vt 0.147102 0.785900
vt 0.142699 0.590547
vt 0.185535 0.466154
vt 0.162916 0.351922
vt 0.126242 0.222916
vt 0.221046 0.284353
vt 0.073101 0.705107
vt 0.273129 0.036605
vt 0.125103 0.125000
vt 0.043730 0.087141
vt 0.108032 0.469166
vt 0.102589 0.336191
vt 0.070976 0.585164
vt 0.027220 0.279821
vt 0.046075 0.436626
vt 0.078125 1.000000
vt 0.014102 0.903265
vt 0.054564 0.846020
vt 0.007229 0.724317
vt 0.010454 0.605198
vt 0.024431 0.187500
vt 0.920301 0.812500
vt 1.000000 0.812500
vt 0.992303 0.277267
vt 0.983864 0.441679
vt 0.917049 0.253482
vt 0.984384 0.724317
vt 0.954401 0.593080
vt 1.000000 0.605198
vt 0.921917 0.437747
vt 0.891522 0.719830
vt 0.897990 0.598987
vt 0.827645 0.158907
vt 0.954872 0.087141
vt 0.845287 0.316638
vt 0.844657 0.593400
vt 0.828125 0.000000
vt 0.858032 0.469167
vt 0.797116 0.406654
vt 0.797589 0.718022
vt 0.789540 0.577180
vt 0.764830 0.532292
vt 0.250838 0.440922
vt 0.000000 0.441679
vt 0.985117 0.187500
s 0
g Sphere.018_Mat_Cardume_Olho_10.008
usemtl Mat_Cardume_Olho_10.008
f 2337/3033/3831 2265/3034/3831 2270/3035/3831
f 2264/3036/3832 2268/3037/3832 2272/3038/3832
f 2269/3039/3833 2272/3038/3833 2282/3040/3833
f 2266/3041/3834 2273/3042/3834 2267/3043/3834
f 2265/3034/3835 2316/3044/3835 2283/3045/3835
f 2274/3046/3836 2278/3047/3836 2271/3048/3836
f 2273/3042/3837 2277/3049/3837 2274/3046/3837
f 2282/3040/3838 2295/3050/3838 2275/3051/3838
f 2308/3052/3839 2275/3051/3839 2295/3050/3839
f 2276/3053/3840 2277/3049/3840 2273/3042/3840
f 2277/3049/3841 2280/3054/3841 2278/3047/3841
f 2280/3054/3842 2285/3055/3842 2278/3047/3842
f 2277/3049/3843 2279/3056/3843 2287/3057/3843
f 2279/3056/3844 2286/3058/3844 2287/3057/3844
f 2280/3054/3845 2287/3057/3845 2284/3059/3845
f 2283/3045/3846 2290/3060/3846 2276/3053/3846
f 2285/3055/3847 2289/3061/3847 2281/3062/3847
f 2284/3059/3848 2289/3061/3848 2285/3055/3848
f 2289/3061/3849 2291/3063/3849 2288/3064/3849
f 2287/3057/3850 2286/3058/3850 2292/3065/3850
f 2293/3066/3851 2297/3067/3851 2289/3061/3851
f 2292/3065/3852 2293/3066/3852 2284/3059/3852
f 2316/3068/3853 2312/3069/3853 2290/3060/3853
f 2290/3060/3854 2312/3069/3854 2300/3070/3854
f 2290/3060/3855 2300/3070/3855 2286/3058/3855
f 2294/3071/3856 2298/3072/3856 2291/3063/3856
f 2297/3067/3857 2298/3072/3857 2294/3071/3857
f 2292/3065/3858 2300/3070/3858 2296/3073/3858
f 2291/3063/3859 2302/3074/3859 2295/3050/3859
f 2291/3063/3860 2298/3072/3860 2302/3074/3860
f 2300/3070/3861 2303/3075/3861 2296/3073/3861
f 2303/3075/3862 2304/3076/3862 2299/3077/3862
f 2312/3069/3863 2309/3078/3863 2300/3070/3863
f 2300/3070/3864 2309/3078/3864 2303/3075/3864
f 2304/3076/3865 2310/3079/3865 2306/3080/3865
f 2307/3081/3866 2315/3082/3866 2305/3083/3866
f 2303/3075/3867 2309/3078/3867 2310/3079/3867
f 2310/3079/3868 2309/3078/3868 2317/3084/3868
f 2308/3085/3869 2311/3086/3869 2328/3087/3869
f 2310/3079/3870 2313/3088/3870 2306/3080/3870
f 2313/3088/3871 2314/3089/3871 2307/3081/3871
f 2317/3084/3872 2318/3090/3872 2310/3079/3872
f 2314/3089/3873 2324/3091/3873 2315/3082/3873
f 2313/3088/3874 2318/3090/3874 2320/3092/3874
f 2312/3069/3875 2316/3093/3875 2265/3094/3875
f 2313/3088/3876 2320/3092/3876 2314/3089/3876
f 2321/3095/3877 2319/3096/3877 2317/3084/3877
f 2317/3084/3878 2322/3097/3878 2318/3090/3878
f 2311/3086/3879 2325/3098/3879 2328/3087/3879
f 2265/3034/3880 2329/3099/3880 2321/3100/3880
f 2324/3101/3881 2323/3102/3881 2331/3103/3881
f 2319/3104/3882 2326/3105/3882 2322/3106/3882
f 2323/3102/3883 2326/3105/3883 2327/3107/3883
f 2329/3099/3884 2332/3108/3884 2319/3104/3884
f 2332/3108/3885 2330/3109/3885 2326/3105/3885
f 2331/3103/3886 2336/3110/3886 2328/3111/3886
f 2265/3034/3887 2337/3033/3887 2329/3099/3887
f 2331/3103/3888 2335/3112/3888 2336/3110/3888
f 2332/3108/3889 2333/3113/3889 2330/3109/3889
f 2328/3111/3890 2336/3110/3890 2275/3051/3890
f 2308/3114/3891 2328/3111/3891 2275/3051/3891
f 2334/3115/3892 2340/3116/3892 2335/3112/3892
f 2337/3033/3893 2338/3117/3893 2332/3108/3893
f 2340/3116/3894 2264/3036/3894 2335/3112/3894
f 2333/3113/3895 2338/3117/3895 2339/3118/3895
f 2263/3119/3896 2268/3037/3896 2340/3116/3896
f 2264/3036/3897 2269/3039/3897 2336/3110/3897
f 2271/3048/3898 2267/3043/3898 2274/3046/3898
f 2263/3119/3899 2267/3043/3899 2268/3037/3899
f 2264/3036/3900 2272/3038/3900 2269/3039/3900
f 2265/3034/3901 2283/3045/3901 2270/3035/3901
f 2272/3038/3902 2268/3037/3902 2271/3048/3902
f 2269/3039/3903 2282/3040/3903 2275/3051/3903
f 2267/3043/3904 2273/3042/3904 2274/3046/3904
f 2273/3042/3905 2270/3035/3905 2276/3053/3905
f 2281/3062/3906 2271/3048/3906 2278/3047/3906
f 2270/3035/3907 2283/3045/3907 2276/3053/3907
f 2279/3056/3908 2290/3060/3908 2286/3058/3908
f 2282/3040/3909 2272/3038/3909 2281/3062/3909
f 2278/3047/3910 2274/3046/3910 2277/3049/3910
f 2278/3047/3911 2285/3055/3911 2281/3062/3911
f 2277/3049/3912 2276/3053/3912 2279/3056/3912
f 2277/3049/3913 2287/3057/3913 2280/3054/3913
f 2297/3067/3914 2299/3077/3914 2301/3120/3914
f 2281/3062/3915 2289/3061/3915 2288/3064/3915
f 2282/3040/3916 2281/3062/3916 2288/3064/3916
f 2282/3040/3917 2288/3064/3917 2295/3050/3917
f 2280/3054/3918 2284/3059/3918 2285/3055/3918
f 2283/3045/3919 2316/3068/3919 2290/3060/3919
f 2288/3064/3920 2291/3063/3920 2295/3050/3920
f 2287/3057/3921 2292/3065/3921 2284/3059/3921
f 2284/3059/3922 2293/3066/3922 2289/3061/3922
f 2289/3061/3923 2297/3067/3923 2294/3071/3923
f 2289/3061/3924 2294/3071/3924 2291/3063/3924
f 2292/3065/3925 2286/3058/3925 2300/3070/3925
f 2292/3065/3926 2296/3073/3926 2293/3066/3926
f 2295/3050/3927 2302/3074/3927 2308/3085/3927
f 2293/3066/3928 2296/3073/3928 2297/3067/3928
f 2304/3076/3929 2301/3120/3929 2299/3077/3929
f 2297/3067/3930 2301/3120/3930 2298/3072/3930
f 2298/3072/3931 2301/3120/3931 2305/3083/3931
f 2296/3073/3932 2303/3075/3932 2299/3077/3932
f 2322/3097/3933 2320/3092/3933 2318/3090/3933
f 2302/3074/3934 2298/3072/3934 2305/3083/3934
f 2305/3083/3935 2301/3120/3935 2307/3081/3935
f 2308/3085/3936 2302/3074/3936 2311/3086/3936
f 2301/3120/3937 2306/3080/3937 2307/3081/3937
f 2302/3074/3938 2305/3083/3938 2315/3082/3938
f 2303/3075/3939 2310/3079/3939 2304/3076/3939
f 2302/3074/3940 2315/3082/3940 2311/3086/3940
f 2307/3081/3941 2314/3089/3941 2315/3082/3941
f 2306/3080/3942 2313/3088/3942 2307/3081/3942
f 2312/3069/3943 2321/3095/3943 2309/3078/3943
f 2313/3088/3944 2310/3079/3944 2318/3090/3944
f 2309/3078/3945 2321/3095/3945 2317/3084/3945
f 2315/3082/3946 2324/3091/3946 2325/3098/3946
f 2311/3086/3947 2315/3082/3947 2325/3098/3947
f 2312/3069/3948 2265/3094/3948 2321/3095/3948
f 2314/3089/3949 2320/3092/3949 2324/3091/3949
f 2317/3084/3950 2319/3096/3950 2322/3097/3950
f 2334/3115/3951 2330/3109/3951 2333/3113/3951
f 2320/3092/3952 2323/3121/3952 2324/3091/3952
f 2321/3100/3953 2329/3099/3953 2319/3104/3953
f 2323/3102/3954 2322/3106/3954 2326/3105/3954
f 2325/3122/3955 2324/3101/3955 2331/3103/3955
f 2319/3104/3956 2332/3108/3956 2326/3105/3956
f 2328/3111/3957 2325/3122/3957 2331/3103/3957
f 2331/3103/3958 2323/3102/3958 2327/3107/3958
f 2327/3107/3959 2326/3105/3959 2330/3109/3959
f 2270/3035/3960 2338/3117/3960 2337/3033/3960
f 2327/3107/3961 2334/3115/3961 2335/3112/3961
f 2331/3103/3962 2327/3107/3962 2335/3112/3962
f 2263/3119/3963 2266/3041/3963 2267/3043/3963
f 2329/3099/3964 2337/3033/3964 2332/3108/3964
f 2334/3115/3965 2333/3113/3965 2339/3118/3965
f 2334/3115/3966 2339/3118/3966 2340/3116/3966
f 2333/3113/3967 2332/3108/3967 2338/3117/3967
f 2336/3110/3968 2335/3112/3968 2264/3036/3968
f 2336/3110/3969 2269/3039/3969 2275/3051/3969
f 2339/3118/3970 2263/3119/3970 2340/3116/3970
f 2340/3116/3971 2268/3037/3971 2264/3036/3971
f 2339/3118/3972 2338/3117/3972 2266/3041/3972
f 2271/3048/3973 2268/3037/3973 2267/3043/3973
f 2273/3042/3974 2266/3041/3974 2270/3035/3974
f 2281/3062/3975 2272/3038/3975 2271/3048/3975
f 2279/3056/3976 2276/3053/3976 2290/3060/3976
f 2297/3067/3977 2296/3073/3977 2299/3077/3977
f 2304/3076/3978 2306/3080/3978 2301/3120/3978
f 2322/3097/3979 2323/3121/3979 2320/3092/3979
f 2334/3115/3980 2327/3107/3980 2330/3109/3980
f 2270/3035/3981 2266/3041/3981 2338/3117/3981
f 2263/3119/3982 2339/3118/3982 2266/3041/3982
o Sphere.019
v 1.325426 -1.134688 1.913311
v 1.322500 -1.074859 2.110525
v 1.249022 -1.087133 2.034353
v 1.261879 -1.064893 1.933067
v 1.351681 -0.864452 2.040040
v 1.349208 -0.868706 1.939946
v 1.387788 -0.913342 2.122673
v 1.503421 -0.752163 2.068130
v 1.544022 -0.748179 1.995757
v 1.457204 -0.778039 1.924753
v 1.415232 -1.019698 2.119008
v 1.511213 -0.886848 1.924139
v 1.469973 -1.019808 2.049120
v 1.379582 -0.952678 1.865615
v 1.290470 -1.192198 2.017564
vn 0.3485 -0.6203 -0.7027
vn -0.3455 -0.1757 0.9218
vn -0.9418 0.1736 0.2877
vn -0.8840 0.1611 -0.4388
vn -0.7858 0.5611 0.2602
vn -0.7849 0.5531 -0.2792
vn -0.3898 0.3082 0.8678
vn 0.1131 0.6455 0.7553
vn 0.9541 0.2955 -0.0496
vn -0.2886 0.7098 -0.6426
vn 0.5137 -0.3455 0.7854
vn 0.8175 -0.2819 -0.5022
vn 0.8487 -0.5003 0.1714
vn -0.0791 0.0526 -0.9955
vn 0.1897 -0.9679 0.1648
vt 0.683247 0.810082
vt 0.624371 0.562957
vt 0.791281 0.556926
vt 0.431343 0.809960
vt 0.459915 0.566263
vt 0.541667 1.000000
vt 0.280654 0.657389
vt 0.209572 0.498083
vt 0.086642 0.350307
vt 0.308727 0.296507
vt 0.024631 0.621900
vt 0.144242 0.941469
vt 1.000000 0.311258
vt 0.976174 0.641405
vt 0.834722 0.311257
vt 0.931902 0.861723
vt 0.628130 0.317726
vt 0.699803 0.113171
vt 0.458333 0.315699
vt 0.157620 0.097343
s 1
g Sphere.019_Mat_Cardume_Corpo_60.009
usemtl Mat_Cardume_Corpo_60.009
f 2342/3123/3984 2343/3124/3985 2355/3125/3997
f 2347/3126/3989 2345/3127/3987 2343/3124/3985
f 2342/3123/3984 2351/3128/3993 2347/3126/3989
f 2347/3126/3989 2348/3129/3990 2345/3127/3987
f 2349/3130/3991 2352/3131/3994 2350/3132/3992
f 2348/3129/3990 2353/3133/3995 2349/3130/3991
f 2351/3134/3993 2353/3133/3995 2348/3129/3990
f 2352/3135/3994 2353/3136/3995 2341/3137/3983
f 2353/3136/3995 2351/3138/3993 2355/3125/3997
f 2341/3137/3983 2344/3139/3986 2354/3140/3996
f 2346/3141/3988 2343/3124/3985 2345/3127/3987
f 2342/3123/3984 2347/3126/3989 2343/3124/3985
f 2344/3139/3986 2346/3141/3988 2354/3140/3996
f 2350/3132/3992 2345/3127/3987 2348/3129/3990
f 2354/3142/3996 2346/3141/3988 2350/3132/3992
f 2350/3132/3992 2348/3129/3990 2349/3130/3991
f 2347/3126/3989 2351/3134/3993 2348/3129/3990
f 2354/3142/3996 2350/3132/3992 2352/3131/3994
f 2349/3130/3991 2353/3133/3995 2352/3131/3994
f 2354/3140/3996 2352/3135/3994 2341/3137/3983
f 2344/3139/3986 2355/3125/3997 2343/3124/3985
f 2341/3137/3983 2353/3136/3995 2355/3125/3997
f 2355/3125/3997 2351/3138/3993 2342/3123/3984
f 2346/3141/3988 2344/3139/3986 2343/3124/3985
f 2350/3132/3992 2346/3141/3988 2345/3127/3987
f 2344/3139/3986 2341/3137/3983 2355/3125/3997
o Cone.011
v 1.508159 -0.677731 1.881315
v 1.558665 -0.706890 2.061175
v 1.567566 -0.712030 2.057511
v 1.458397 -0.848533 2.000000
vn -0.0415 0.5313 -0.8462
vn -0.7926 0.4902 0.3627
vn 0.8376 -0.4510 -0.3083
vn -0.5000 -0.8660 -0.0000
vt 0.250000 0.490000
vt 0.250000 0.250000
vt 0.457846 0.130000
vt 0.750000 0.490000
vt 0.957846 0.130000
vt 0.542154 0.130000
vt 0.042154 0.130000
s 1
g Cone.011_Mat_Cardume_Barbatana_30.009
usemtl Mat_Cardume_Barbatana_30.009
f 2356/3143/3998 2359/3144/4001 2357/3145/3999
f 2356/3146/3998 2357/3147/3999 2358/3148/4000
f 2357/3145/3999 2359/3144/4001 2358/3149/4000
f 2358/3149/4000 2359/3144/4001 2356/3143/3998
o Sphere.020
v 1.264456 -1.072690 2.007147
v 1.260821 -1.071194 2.003253
v 1.261480 -1.063962 1.978203
v 1.279243 -1.046954 2.035381
v 1.254537 -1.059677 2.020850
v 1.249895 -1.063285 2.003874
v 1.252104 -1.064407 1.990841
v 1.265271 -1.051567 1.967892
v 1.259992 -1.049549 2.030969
v 1.243716 -1.050854 1.989169
v 1.250471 -1.050588 1.977104
v 1.243582 -1.048292 2.013771
v 1.241216 -1.048784 2.003464
v 1.270702 -1.043386 1.964609
v 1.242223 -1.031441 2.011320
v 1.240284 -1.035545 1.992175
v 1.265920 -1.036060 2.034752
v 1.251325 -1.035676 2.027113
v 1.250236 -1.026942 2.022821
v 1.243352 -1.022919 2.003563
v 1.248627 -1.032183 1.976481
v 1.258146 -1.037645 1.968077
v 1.245907 -1.020808 1.989309
v 1.252566 -1.015965 2.016611
v 1.260153 -1.021740 1.972002
v 1.267114 -1.023557 2.031981
v 1.253175 -1.010290 2.004281
v 1.256193 -1.011165 1.985272
v 1.261372 -1.015613 2.024497
v 1.271070 -1.016233 1.971475
v 1.268007 -1.007462 2.017495
v 1.266595 -1.003362 2.003617
v 1.270720 -1.006816 1.982884
v 1.269138 -1.029858 1.965294
v 1.274647 -1.002183 1.995309
v 1.281386 -1.005378 2.014761
v 1.290359 -1.006781 2.010544
v 1.281849 -1.009267 1.978295
v 1.278556 -1.034874 1.964019
v 1.282177 -1.016348 2.028590
v 1.293729 -1.006905 1.993281
v 1.295485 -1.016789 2.021832
v 1.293757 -1.016523 1.976989
v 1.285627 -1.024058 1.967931
v 1.302486 -1.015897 2.011234
v 1.305048 -1.016700 1.996003
v 1.282045 -1.029184 2.034773
v 1.308010 -1.023543 2.010827
v 1.304672 -1.022944 1.983606
v 1.296787 -1.029550 2.028604
v 1.311808 -1.033093 1.996437
v 1.307283 -1.034432 1.982104
v 1.298411 -1.032001 1.972086
v 1.275139 -1.034382 2.035990
v 1.305156 -1.040098 2.022049
v 1.289547 -1.034769 1.966581
v 1.311043 -1.041335 2.009876
v 1.310845 -1.047256 1.992867
v 1.294580 -1.046620 1.969909
v 1.292237 -1.042159 2.032363
v 1.307177 -1.052992 2.011492
v 1.299672 -1.052976 2.023551
v 1.305021 -1.059645 1.993175
v 1.302157 -1.048610 1.976543
v 1.283778 -1.044593 1.965006
v 1.286461 -1.055542 2.030203
v 1.300235 -1.063343 2.010545
v 1.294955 -1.068923 1.992864
v 1.289726 -1.070012 2.011284
v 1.290117 -1.060217 1.974015
v 1.286105 -1.064627 2.023519
v 1.281333 -1.074160 1.996437
v 1.270060 -1.065673 2.023172
v 1.278702 -1.073122 2.010828
v 1.279167 -1.068654 1.979578
v 1.268204 -1.072256 1.989447
v 1.274608 -1.055310 1.967923
v 1.273145 -1.054729 2.032293
vn -0.1875 -0.2320 0.9545
vn -0.6477 -0.5743 -0.5007
vn -0.5229 -0.2568 -0.8128
vn -0.7743 -0.5418 0.3269
vn -0.1172 -0.0862 0.9894
vn -0.9714 -0.1898 -0.1424
vn -0.1146 0.0370 -0.9927
vn -0.8661 0.0029 0.4999
vn -0.9732 -0.0457 0.2255
vn -0.2581 0.0190 -0.9659
vn -0.9810 0.1844 0.0598
vn -0.9352 0.3338 -0.1182
vn -0.8168 0.4055 0.4104
vn -0.7740 0.5888 0.2328
vn -0.4460 0.2340 0.8639
vn -0.6708 0.4785 -0.5666
vn -0.5929 0.4881 0.6404
vn -0.7063 0.6931 -0.1441
vn -0.4472 0.7638 0.4654
vn -0.3691 0.6700 -0.6441
vn -0.4266 0.8547 0.2959
vn -0.3395 0.9194 -0.1986
vn -0.0625 0.3055 0.9501
vn -0.0049 0.4340 0.9009
vn -0.1286 0.6293 0.7665
vn -0.0933 0.7665 -0.6354
vn 0.0049 0.7835 0.6213
vn 0.0004 0.4131 -0.9107
vn 0.0546 0.9298 -0.3640
vn 0.1232 0.5904 -0.7977
vn 0.3184 0.7514 0.5779
vn 0.5319 0.7389 0.4136
vn 0.3620 0.4015 0.8413
vn 0.4143 0.4593 0.7858
vn 0.6356 0.4002 -0.6601
vn 0.7176 0.3822 0.5822
vn 0.8087 0.5787 0.1055
vn 0.7756 0.2571 0.5765
vn 0.2267 0.0229 -0.9737
vn 0.9245 0.3811 -0.0089
vn 0.9166 0.2492 -0.3127
vn 0.8977 0.1305 0.4208
vn 0.9974 -0.0711 0.0132
vn 0.1683 0.0072 0.9857
vn 0.9532 0.0113 -0.3020
vn 0.7474 -0.0097 -0.6643
vn 0.6311 -0.1807 0.7544
vn 0.8677 -0.2264 0.4426
vn 0.3980 -0.0874 -0.9132
vn 0.3146 -0.2821 0.9063
vn 0.6554 -0.5725 -0.4927
vn 0.7221 -0.5254 0.4500
vn 0.6769 -0.7355 0.0300
vn 0.4601 -0.5378 0.7065
vn 0.4966 -0.7306 0.4686
vn 0.2127 -0.4219 -0.8814
vn 0.1000 -0.6349 -0.7661
vn 0.2256 -0.8653 0.4476
vn 0.1127 -0.4419 0.8900
vn 0.0220 -0.0893 -0.9958
vn 0.0294 -0.9491 -0.3137
vn 0.0255 -0.6442 0.7644
vn 0.0047 -0.2663 -0.9639
vn -0.1401 -0.8881 0.4378
vn -0.1832 -0.8403 -0.5102
vn -0.4437 -0.8800 -0.1696
vn -0.2299 -0.5799 -0.7816
vn -0.5872 -0.8089 -0.0299
vn -0.8547 -0.5136 -0.0751
vn -0.4900 -0.4640 -0.7380
vn -0.7440 -0.5132 -0.4279
vn -0.3285 -0.1557 -0.9316
vn -0.8404 -0.4968 0.2166
vn -0.7081 -0.2599 0.6566
vn -0.1959 -0.1840 0.9632
vn -0.8695 -0.0999 -0.4837
vn -0.6885 -0.0933 -0.7192
vn -0.4642 -0.0441 0.8847
vn -0.4992 0.3752 0.7811
vn -0.9951 0.0134 0.0979
vn -0.8379 0.1531 0.5239
vn -0.8755 0.2541 -0.4110
vn -0.8289 0.4327 0.3547
vn -0.5483 0.2649 -0.7932
vn -0.4100 0.2669 -0.8722
vn -0.7870 0.6150 -0.0500
vn 0.2441 0.9689 0.0407
vn -0.6595 0.4795 -0.5789
vn -0.1703 0.2287 0.9585
vn -0.2583 0.4292 -0.8655
vn -0.4671 0.8118 0.3506
vn -0.4602 0.8805 -0.1136
vn -0.3146 0.9176 -0.2428
vn -0.3177 0.7265 -0.6093
vn -0.0891 0.9527 0.2906
vn -0.1142 0.6992 0.7058
vn 0.0403 0.3164 -0.9478
vn 0.0168 0.9876 0.1564
vn 0.5932 0.7975 0.1101
vn 0.1983 0.9318 -0.3040
vn 0.3649 0.7727 0.5194
vn 0.4248 0.7799 -0.4597
vn 0.9488 -0.3016 0.0940
vn 0.2820 0.5978 -0.7504
vn 0.2205 0.2010 -0.9544
vn 0.6592 0.6634 -0.3540
vn 0.6315 0.6682 -0.3934
vn 0.4963 0.3943 -0.7735
vn 0.7100 0.4858 0.5099
vn 0.4455 0.2706 -0.8534
vn 0.9053 0.3677 -0.2126
vn 0.3854 0.1331 0.9131
vn 0.7541 0.2507 -0.6070
vn 0.9756 0.1581 0.1526
vn 0.6491 -0.0572 -0.7585
vn 0.5304 -0.0128 -0.8477
vn 0.2271 -0.0025 0.9739
vn 0.8789 -0.1388 -0.4563
vn 0.6231 0.0083 0.7821
vn 0.2651 -0.9570 0.1175
vn 0.8234 -0.3972 -0.4053
vn 0.8131 -0.2872 0.5063
vn 0.4748 -0.3362 0.8134
vn 0.8212 -0.5605 0.1070
vn 0.6108 -0.6474 -0.4558
vn 0.5416 -0.4009 -0.7389
vn 0.5496 -0.6415 0.5351
vn 0.3256 -0.3697 -0.8703
vn 0.5381 -0.8365 0.1033
vn -0.2983 -0.5600 0.7729
vn 0.2622 -0.9069 -0.3299
vn 0.3789 -0.7993 -0.4664
vn -0.5449 -0.7774 0.3142
vn 0.0895 -0.5925 0.8006
vn -0.0466 -0.9969 0.0634
vn -0.1176 -0.9918 -0.0492
vn 0.0433 -0.8417 0.5382
vn -0.1230 -0.6763 -0.7263
vn -0.1177 -0.3015 -0.9462
vn -0.2985 -0.9505 -0.0865
vn -0.4347 -0.8291 -0.3516
vn -0.3777 -0.7924 0.4790
vn -0.8410 -0.5324 -0.0967
vn -0.7059 -0.2729 0.6536
vn -0.8669 -0.1033 -0.4876
vn -0.5006 0.3308 0.8000
vn 0.1960 0.9762 0.0924
vn 0.6435 0.7624 0.0680
vn 0.9044 -0.4240 0.0476
vn 0.3698 -0.9277 0.0501
vn -0.3328 -0.5708 0.7507
vn -0.6028 -0.7490 0.2750
vt 0.804249 0.848025
vt 0.884756 0.915970
vt 0.676250 0.821957
vt 0.749488 0.292930
vt 0.714279 0.417909
vt 0.655131 0.286873
vt 0.726935 0.152922
vt 0.580987 0.167366
vt 0.708567 0.690602
vt 0.634035 0.624964
vt 0.703830 0.532515
vt 0.671875 1.000000
vt 0.551942 0.909231
vt 0.628052 0.526469
vt 0.572016 0.435152
vt 0.641194 0.402575
vt 0.578125 0.000000
vt 0.703139 0.062500
vt 0.445463 0.098320
vt 0.567931 0.766799
vt 0.552187 0.600548
vt 0.514217 0.531352
vt 0.500003 0.406724
vt 0.516468 0.717289
vt 0.460577 0.645915
vt 0.444278 0.535980
vt 0.420900 0.840798
vt 0.428121 0.370061
vt 0.546665 0.280866
vt 0.424241 0.735141
vt 0.371877 0.656890
vt 0.369858 0.210550
vt 0.453152 0.219058
vt 0.375018 0.531130
vt 0.338128 0.458811
vt 0.406426 0.964763
vt 0.231094 0.896800
vt 0.287226 0.781475
vt 0.359779 0.344269
vt 0.299187 0.300430
vt 0.310446 0.634411
vt 0.247508 0.161055
vt 0.216770 0.702232
vt 0.194451 0.596355
vt 0.265625 0.595977
vt 0.147102 0.785900
vt 0.162916 0.351922
vt 0.126242 0.222916
vt 0.221046 0.284353
vt 0.142699 0.590547
vt 0.185535 0.466154
vt 0.073101 0.705107
vt 0.195445 0.036605
vt 0.125103 0.125000
vt 0.043730 0.087141
vt 0.108032 0.469166
vt 0.102589 0.336191
vt 0.070976 0.585164
vt 0.046075 0.436626
vt 0.078125 1.000000
vt 0.014102 0.903265
vt 0.027220 0.279821
vt 0.054564 0.846020
vt 0.007229 0.724317
vt 0.010454 0.605198
vt 0.024431 0.187500
vt 0.920301 0.812500
vt 1.000000 0.812500
vt 0.992303 0.277267
vt 0.983864 0.441679
vt 0.917049 0.253482
vt 0.984384 0.724317
vt 0.954401 0.593080
vt 1.000000 0.605198
vt 0.921917 0.437747
vt 0.891522 0.719830
vt 0.897990 0.598987
vt 0.827645 0.158907
vt 0.954872 0.087141
vt 0.845287 0.316638
vt 0.844657 0.593400
vt 0.828125 0.000000
vt 0.858032 0.469167
vt 0.797116 0.406654
vt 0.797589 0.718022
vt 0.789540 0.577180
vt 0.764830 0.532292
vt 0.250838 0.440922
vt 0.000000 0.441679
vt 0.985117 0.187500
s 0
g Sphere.020_Mat_Cardume_Olho_10.009
usemtl Mat_Cardume_Olho_10.009
f 2437/3150/4002 2363/3151/4002 2368/3152/4002
f 2362/3153/4003 2366/3154/4003 2370/3155/4003
f 2367/3156/4004 2370/3155/4004 2381/3157/4004
f 2364/3158/4005 2371/3159/4005 2365/3160/4005
f 2363/3151/4006 2413/3161/4006 2376/3162/4006
f 2372/3163/4007 2375/3164/4007 2369/3165/4007
f 2398/3166/4008 2373/3167/4008 2393/3168/4008
f 2377/3169/4009 2374/3170/4009 2371/3159/4009
f 2371/3159/4010 2374/3170/4010 2372/3163/4010
f 2381/3157/4011 2393/3168/4011 2373/3167/4011
f 2374/3170/4012 2379/3171/4012 2375/3164/4012
f 2379/3171/4013 2382/3172/4013 2375/3164/4013
f 2374/3170/4014 2378/3173/4014 2383/3174/4014
f 2379/3171/4015 2383/3174/4015 2386/3175/4015
f 2376/3162/4016 2385/3176/4016 2377/3169/4016
f 2382/3172/4017 2387/3177/4017 2380/3178/4017
f 2378/3173/4018 2388/3179/4018 2383/3174/4018
f 2386/3175/4019 2387/3177/4019 2382/3172/4019
f 2383/3174/4020 2388/3179/4020 2390/3180/4020
f 2387/3177/4021 2389/3181/4021 2384/3182/4021
f 2390/3180/4022 2391/3183/4022 2386/3175/4022
f 2391/3183/4023 2394/3184/4023 2387/3177/4023
f 2413/3185/4024 2406/3186/4024 2385/3176/4024
f 2385/3176/4025 2406/3186/4025 2399/3187/4025
f 2385/3176/4026 2399/3187/4026 2388/3179/4026
f 2392/3188/4027 2397/3189/4027 2389/3181/4027
f 2390/3180/4028 2399/3187/4028 2395/3190/4028
f 2389/3181/4029 2403/3191/4029 2393/3168/4029
f 2394/3184/4030 2397/3189/4030 2392/3188/4030
f 2389/3181/4031 2397/3189/4031 2403/3191/4031
f 2399/3187/4032 2401/3192/4032 2395/3190/4032
f 2401/3192/4033 2404/3193/4033 2396/3194/4033
f 2406/3186/4034 2409/3195/4034 2399/3187/4034
f 2399/3187/4035 2409/3195/4035 2401/3192/4035
f 2408/3196/4036 2412/3197/4036 2402/3198/4036
f 2401/3192/4037 2409/3195/4037 2407/3199/4037
f 2404/3193/4038 2407/3199/4038 2405/3200/4038
f 2407/3199/4039 2409/3195/4039 2414/3201/4039
f 2398/3202/4040 2415/3203/4040 2424/3204/4040
f 2407/3199/4041 2410/3205/4041 2405/3200/4041
f 2410/3205/4042 2411/3206/4042 2408/3196/4042
f 2414/3201/4043 2416/3207/4043 2407/3199/4043
f 2410/3205/4044 2416/3207/4044 2417/3208/4044
f 2406/3186/4045 2413/3209/4045 2363/3210/4045
f 2410/3205/4046 2417/3208/4046 2411/3206/4046
f 2411/3206/4047 2423/3211/4047 2412/3197/4047
f 2419/3212/4048 2421/3213/4048 2414/3201/4048
f 2414/3201/4049 2420/3214/4049 2416/3207/4049
f 2415/3203/4050 2418/3215/4050 2424/3204/4050
f 2363/3151/4051 2425/3216/4051 2419/3217/4051
f 2423/3218/4052 2422/3219/4052 2429/3220/4052
f 2421/3221/4053 2426/3222/4053 2420/3223/4053
f 2422/3219/4054 2426/3222/4054 2427/3224/4054
f 2425/3216/4055 2430/3225/4055 2421/3221/4055
f 2430/3225/4056 2428/3226/4056 2426/3222/4056
f 2429/3220/4057 2436/3227/4057 2424/3228/4057
f 2429/3220/4058 2434/3229/4058 2436/3227/4058
f 2430/3225/4059 2433/3230/4059 2428/3226/4059
f 2363/3151/4060 2437/3150/4060 2425/3216/4060
f 2398/3231/4061 2424/3228/4061 2373/3167/4061
f 2431/3232/4062 2435/3233/4062 2434/3229/4062
f 2437/3150/4063 2432/3234/4063 2430/3225/4063
f 2424/3228/4064 2436/3227/4064 2373/3167/4064
f 2433/3230/4065 2432/3234/4065 2360/3235/4065
f 2435/3233/4066 2362/3153/4066 2434/3229/4066
f 2361/3236/4067 2366/3154/4067 2435/3233/4067
f 2362/3153/4068 2367/3156/4068 2436/3227/4068
f 2361/3236/4069 2365/3160/4069 2366/3154/4069
f 2369/3165/4070 2365/3160/4070 2372/3163/4070
f 2362/3153/4071 2370/3155/4071 2367/3156/4071
f 2370/3155/4072 2366/3154/4072 2369/3165/4072
f 2367/3156/4073 2381/3157/4073 2373/3167/4073
f 2365/3160/4074 2371/3159/4074 2372/3163/4074
f 2371/3159/4075 2368/3152/4075 2377/3169/4075
f 2363/3151/4076 2376/3162/4076 2368/3152/4076
f 2380/3178/4077 2369/3165/4077 2375/3164/4077
f 2381/3157/4078 2370/3155/4078 2380/3178/4078
f 2368/3152/4079 2376/3162/4079 2377/3169/4079
f 2378/3173/4080 2385/3176/4080 2388/3179/4080
f 2375/3164/4081 2372/3163/4081 2374/3170/4081
f 2374/3170/4082 2377/3169/4082 2378/3173/4082
f 2375/3164/4083 2382/3172/4083 2380/3178/4083
f 2374/3170/4084 2383/3174/4084 2379/3171/4084
f 2381/3157/4085 2380/3178/4085 2384/3182/4085
f 2381/3157/4086 2384/3182/4086 2393/3168/4086
f 2379/3171/4087 2386/3175/4087 2382/3172/4087
f 2394/3184/4088 2396/3194/4088 2400/3237/4088
f 2380/3178/4089 2387/3177/4089 2384/3182/4089
f 2376/3162/4090 2413/3185/4090 2385/3176/4090
f 2384/3182/4091 2389/3181/4091 2393/3168/4091
f 2383/3174/4092 2390/3180/4092 2386/3175/4092
f 2386/3175/4093 2391/3183/4093 2387/3177/4093
f 2387/3177/4094 2394/3184/4094 2392/3188/4094
f 2387/3177/4095 2392/3188/4095 2389/3181/4095
f 2390/3180/4096 2395/3190/4096 2391/3183/4096
f 2390/3180/4097 2388/3179/4097 2399/3187/4097
f 2393/3168/4098 2403/3191/4098 2398/3202/4098
f 2391/3183/4099 2395/3190/4099 2394/3184/4099
f 2404/3193/4100 2400/3237/4100 2396/3194/4100
f 2394/3184/4101 2400/3237/4101 2397/3189/4101
f 2395/3190/4102 2401/3192/4102 2396/3194/4102
f 2397/3189/4103 2400/3237/4103 2402/3198/4103
f 2420/3214/4104 2417/3208/4104 2416/3207/4104
f 2403/3191/4105 2397/3189/4105 2402/3198/4105
f 2398/3202/4106 2403/3191/4106 2415/3203/4106
f 2400/3237/4107 2405/3200/4107 2408/3196/4107
f 2402/3198/4108 2400/3237/4108 2408/3196/4108
f 2403/3191/4109 2402/3198/4109 2412/3197/4109
f 2401/3192/4110 2407/3199/4110 2404/3193/4110
f 2403/3191/4111 2412/3197/4111 2415/3203/4111
f 2405/3200/4112 2410/3205/4112 2408/3196/4112
f 2406/3186/4113 2419/3212/4113 2409/3195/4113
f 2408/3196/4114 2411/3206/4114 2412/3197/4114
f 2410/3205/4115 2407/3199/4115 2416/3207/4115
f 2412/3197/4116 2423/3211/4116 2418/3215/4116
f 2415/3203/4117 2412/3197/4117 2418/3215/4117
f 2406/3186/4118 2363/3210/4118 2419/3212/4118
f 2411/3206/4119 2417/3208/4119 2423/3211/4119
f 2409/3195/4120 2419/3212/4120 2414/3201/4120
f 2431/3232/4121 2428/3226/4121 2433/3230/4121
f 2417/3208/4122 2422/3238/4122 2423/3211/4122
f 2414/3201/4123 2421/3213/4123 2420/3214/4123
f 2419/3217/4124 2425/3216/4124 2421/3221/4124
f 2422/3219/4125 2420/3223/4125 2426/3222/4125
f 2429/3220/4126 2422/3219/4126 2427/3224/4126
f 2418/3239/4127 2423/3218/4127 2429/3220/4127
f 2421/3221/4128 2430/3225/4128 2426/3222/4128
f 2424/3228/4129 2418/3239/4129 2429/3220/4129
f 2427/3224/4130 2426/3222/4130 2428/3226/4130
f 2368/3152/4131 2432/3234/4131 2437/3150/4131
f 2427/3224/4132 2431/3232/4132 2434/3229/4132
f 2429/3220/4133 2427/3224/4133 2434/3229/4133
f 2361/3236/4134 2364/3158/4134 2365/3160/4134
f 2425/3216/4135 2437/3150/4135 2430/3225/4135
f 2431/3232/4136 2433/3230/4136 2360/3235/4136
f 2431/3232/4137 2360/3235/4137 2435/3233/4137
f 2433/3230/4138 2430/3225/4138 2432/3234/4138
f 2436/3227/4139 2434/3229/4139 2362/3153/4139
f 2436/3227/4140 2367/3156/4140 2373/3167/4140
f 2360/3235/4141 2361/3236/4141 2435/3233/4141
f 2435/3233/4142 2366/3154/4142 2362/3153/4142
f 2360/3235/4143 2432/3234/4143 2364/3158/4143
f 2369/3165/4144 2366/3154/4144 2365/3160/4144
f 2371/3159/4145 2364/3158/4145 2368/3152/4145
f 2380/3178/4146 2370/3155/4146 2369/3165/4146
f 2378/3173/4147 2377/3169/4147 2385/3176/4147
f 2394/3184/4148 2395/3190/4148 2396/3194/4148
f 2404/3193/4149 2405/3200/4149 2400/3237/4149
f 2420/3214/4150 2422/3238/4150 2417/3208/4150
f 2431/3232/4151 2427/3224/4151 2428/3226/4151
f 2368/3152/4152 2364/3158/4152 2432/3234/4152
f 2361/3236/4153 2360/3235/4153 2364/3158/4153
o Sphere.021
v 0.033953 -0.984703 2.015491
v -0.012293 -0.934353 2.209932
v -0.064288 -0.981722 2.129903
v -0.057145 -0.956032 2.028869
v -0.087068 -0.737544 2.133997
v -0.080038 -0.742464 2.034151
v -0.037306 -0.761831 2.220346
v -0.013964 -0.564429 2.167314
v 0.024216 -0.540678 2.097455
v -0.030894 -0.609947 2.022386
v 0.039706 -0.840216 2.222105
v 0.070076 -0.677174 2.028894
v 0.091969 -0.812941 2.155730
v -0.006686 -0.800000 1.964809
v 0.025102 -1.051986 2.119378
vn 0.6599 -0.3630 -0.6579
vn -0.2757 -0.3249 0.9047
vn -0.9205 -0.3206 0.2235
vn -0.8132 -0.3025 -0.4972
vn -0.9770 0.0930 0.1919
vn -0.9343 0.0865 -0.3458
vn -0.5515 0.0720 0.8311
vn -0.2774 0.6156 0.7377
vn 0.6803 0.7329 -0.0017
vn -0.5581 0.4704 -0.6836
vn 0.5608 -0.0424 0.8269
vn 0.8822 0.1646 -0.4412
vn 0.9707 -0.0089 0.2403
vn -0.0246 0.0060 -0.9997
vn 0.6351 -0.7433 0.2101
vt 0.683247 0.810082
vt 0.624371 0.562957
vt 0.791281 0.556926
vt 0.431343 0.809960
vt 0.459915 0.566263
vt 0.541667 1.000000
vt 0.280654 0.657389
vt 0.209572 0.498083
vt 0.086642 0.350307
vt 0.308727 0.296507
vt 0.024631 0.621900
vt 0.144242 0.941469
vt 1.000000 0.311258
vt 0.976174 0.641405
vt 0.834722 0.311257
vt 0.931902 0.861723
vt 0.628130 0.317726
vt 0.699803 0.113171
vt 0.458333 0.315699
vt 0.157620 0.097343
s 1
g Sphere.021_Mat_Cardume_Corpo_60.010
usemtl Mat_Cardume_Corpo_60.010
f 2439/3240/4155 2440/3241/4156 2452/3242/4168
f 2444/3243/4160 2442/3244/4158 2440/3241/4156
f 2439/3240/4155 2448/3245/4164 2444/3243/4160
f 2444/3243/4160 2445/3246/4161 2442/3244/4158
f 2446/3247/4162 2449/3248/4165 2447/3249/4163
f 2445/3246/4161 2450/3250/4166 2446/3247/4162
f 2448/3251/4164 2450/3250/4166 2445/3246/4161
f 2449/3252/4165 2450/3253/4166 2438/3254/4154
f 2450/3253/4166 2448/3255/4164 2452/3242/4168
f 2438/3254/4154 2441/3256/4157 2451/3257/4167
f 2443/3258/4159 2440/3241/4156 2442/3244/4158
f 2439/3240/4155 2444/3243/4160 2440/3241/4156
f 2441/3256/4157 2443/3258/4159 2451/3257/4167
f 2447/3249/4163 2442/3244/4158 2445/3246/4161
f 2451/3259/4167 2443/3258/4159 2447/3249/4163
f 2447/3249/4163 2445/3246/4161 2446/3247/4162
f 2444/3243/4160 2448/3251/4164 2445/3246/4161
f 2451/3259/4167 2447/3249/4163 2449/3248/4165
f 2446/3247/4162 2450/3250/4166 2449/3248/4165
f 2451/3257/4167 2449/3252/4165 2438/3254/4154
f 2441/3256/4157 2452/3242/4168 2440/3241/4156
f 2438/3254/4154 2450/3253/4166 2452/3242/4168
f 2452/3242/4168 2448/3255/4164 2439/3240/4155
f 2443/3258/4159 2441/3256/4157 2440/3241/4156
f 2447/3249/4163 2443/3258/4159 2442/3244/4158
f 2441/3256/4157 2438/3254/4154 2452/3242/4168
o Cone.012
v -0.017729 -0.497600 1.975253
v 0.003463 -0.497600 2.163141
v 0.014266 -0.497600 2.161605
v -0.000000 -0.670400 2.100000
vn -0.1264 0.4394 -0.8894
vn -0.9852 0.0282 0.1692
vn 0.9933 0.0282 -0.1120
vn -0.0000 -1.0000 -0.0000
vt 0.250000 0.490000
vt 0.250000 0.250000
vt 0.457846 0.130000
vt 0.750000 0.490000
vt 0.957846 0.130000
vt 0.542154 0.130000
vt 0.042154 0.130000
s 1
g Cone.012_Mat_Cardume_Barbatana_30.010
usemtl Mat_Cardume_Barbatana_30.010
f 2453/3260/4169 2456/3261/4172 2454/3262/4170
f 2453/3263/4169 2454/3264/4170 2455/3265/4171
f 2454/3262/4170 2456/3261/4172 2455/3266/4171
f 2455/3266/4171 2456/3261/4172 2453/3260/4169
o Sphere.022
v -0.055879 -0.961497 2.107147
v -0.059775 -0.962019 2.103253
v -0.062820 -0.955426 2.078202
v -0.065122 -0.932995 2.064609
v -0.055941 -0.931814 2.135381
v -0.070975 -0.955186 2.120850
v -0.073191 -0.960632 2.103873
v -0.070718 -0.960499 2.090841
v -0.065735 -0.942796 2.067892
v -0.071316 -0.943687 2.130969
v -0.084758 -0.952956 2.089169
v -0.079041 -0.949348 2.077104
v -0.086156 -0.950804 2.113770
v -0.087958 -0.952413 2.103464
v -0.095758 -0.936890 2.111320
v -0.078866 -0.934302 2.068077
v -0.095385 -0.941413 2.092175
v -0.085758 -0.936007 2.127113
v -0.091068 -0.928987 2.122821
v -0.099041 -0.928945 2.103563
v -0.089841 -0.934330 2.076481
v -0.072926 -0.929042 2.134752
v -0.097884 -0.925840 2.089309
v -0.094539 -0.918316 2.116611
v -0.096849 -0.913097 2.104281
v -0.085081 -0.919524 2.072002
v -0.093797 -0.912345 2.085272
v -0.078144 -0.917617 2.131981
v -0.087088 -0.913608 2.124496
v -0.088690 -0.900387 2.103616
v -0.078380 -0.909296 2.071475
v -0.085417 -0.903232 2.117495
v -0.083391 -0.901316 2.082884
v -0.073241 -0.922062 2.065294
v -0.082307 -0.895340 2.095309
v -0.074873 -0.894737 2.114761
v -0.072528 -0.897874 2.078295
v -0.066401 -0.891466 2.110543
v -0.068703 -0.903843 2.128590
v -0.056957 -0.897570 2.121832
v -0.063420 -0.889888 2.093281
v -0.061861 -0.908794 2.067931
v -0.048720 -0.892712 2.096003
v -0.058587 -0.898204 2.076989
v -0.051341 -0.893297 2.111234
v -0.062576 -0.921697 2.064019
v -0.042733 -0.897157 2.110827
v -0.045924 -0.898307 2.083606
v -0.062400 -0.915025 2.134773
v -0.049450 -0.907970 2.128604
v -0.034669 -0.903528 2.096437
v -0.037918 -0.906950 2.082104
v -0.046817 -0.909281 2.072086
v -0.053110 -0.916110 2.066581
v -0.065781 -0.922979 2.135990
v -0.036927 -0.912921 2.122049
v -0.031211 -0.911049 2.109876
v -0.028421 -0.916275 2.092867
v -0.047086 -0.921165 2.132363
v -0.035237 -0.926815 2.123551
v -0.028731 -0.923077 2.111492
v -0.027271 -0.929917 2.093175
v -0.035269 -0.921792 2.076543
v -0.042826 -0.923857 2.069909
v -0.029567 -0.935512 2.110545
v -0.031349 -0.942984 2.092864
v -0.045396 -0.935643 2.130203
v -0.035334 -0.946542 2.111284
v -0.039892 -0.937864 2.074015
v -0.041162 -0.943689 2.123518
v -0.040528 -0.954331 2.096437
v -0.053194 -0.927502 2.065006
v -0.043326 -0.954748 2.110828
v -0.045157 -0.950646 2.079577
v -0.055777 -0.941369 2.067923
v -0.057335 -0.941597 2.132293
v -0.054534 -0.952618 2.123172
v -0.052850 -0.959247 2.089447
vn -0.0463 -0.2947 0.9545
vn -0.2738 -0.8212 -0.5007
vn -0.3244 -0.4838 -0.8128
vn -0.3997 -0.8564 0.3269
vn -0.0584 -0.1332 0.9894
vn -0.7464 -0.6501 -0.1424
vn -0.7515 -0.4306 0.4999
vn -0.8199 -0.5261 0.2255
vn -0.2330 -0.1126 -0.9659
vn -0.1178 -0.0253 -0.9927
vn -0.9418 -0.3308 0.0598
vn -0.9101 -0.0572 0.4104
vn -0.9768 -0.1785 -0.1182
vn -0.9647 0.1229 0.2328
vn -0.5032 -0.0203 0.8639
vn -0.8202 0.0790 -0.5666
vn -0.7576 0.1263 0.6404
vn -0.9582 0.2472 -0.1441
vn -0.6547 0.3957 -0.6441
vn -0.7692 0.4379 0.4654
vn -0.7968 0.5269 0.2959
vn -0.7537 0.6265 -0.1986
vn -0.2069 0.2333 0.9501
vn -0.2212 0.3734 0.9009
vn -0.4260 0.4807 0.7665
vn -0.4640 0.6172 -0.6354
vn -0.3876 0.6810 0.6213
vn -0.2062 0.3579 -0.9107
vn -0.4176 0.8325 -0.3640
vn -0.1885 0.5729 -0.7977
vn -0.1000 0.8099 0.5779
vn 0.0912 0.9059 0.4136
vn 0.1128 0.5287 0.8413
vn 0.1291 0.6049 0.7858
vn 0.3503 0.6644 -0.6601
vn 0.4304 0.6898 0.5822
vn 0.4110 0.9055 0.1055
vn 0.1849 0.1332 -0.9737
vn 0.6101 0.7923 -0.0089
vn 0.5431 0.6104 0.5765
vn 0.7122 0.5619 0.4208
vn 0.6692 0.6741 -0.3127
vn 0.8993 0.4371 0.0132
vn 0.1421 0.0903 0.9857
vn 0.8199 0.4864 -0.3020
vn 0.6521 0.3653 -0.6643
vn 0.6369 0.1590 0.7544
vn 0.8646 0.2377 0.4426
vn 0.3884 0.1233 -0.9132
vn 0.8881 -0.0940 0.4500
vn 0.4135 -0.0870 0.9063
vn 0.8538 -0.1681 -0.4927
vn 0.6673 -0.2357 0.7065
vn 0.9539 -0.2985 0.0300
vn 0.7954 -0.3844 0.4686
vn 0.3951 -0.2590 -0.8814
vn 0.4041 -0.4998 -0.7661
vn 0.6280 -0.6365 0.4476
vn 0.3185 -0.3263 0.8900
vn 0.5000 -0.8072 -0.3137
vn 0.3442 -0.5452 0.7644
vn 0.1372 -0.2283 -0.9639
vn 0.0637 -0.0663 -0.9958
vn 0.3227 -0.8391 0.4378
vn 0.2615 -0.8193 -0.5102
vn 0.0909 -0.6171 -0.7816
vn 0.0557 -0.9839 -0.1696
vn -0.4834 -0.8722 -0.0751
vn -0.1041 -0.9941 -0.0299
vn -0.1924 -0.6468 -0.7380
vn -0.2066 -0.2991 -0.9316
vn -0.4794 -0.8505 0.2166
vn -0.4833 -0.5791 0.6566
vn -0.0777 -0.2573 0.9632
vn -0.3877 -0.8165 -0.4279
vn -0.7031 -0.5213 -0.4837
vn -0.5496 -0.4250 -0.7192
vn -0.3799 -0.2703 0.8847
vn -0.6199 0.0753 0.7811
vn -0.8685 -0.4859 0.0979
vn -0.8853 -0.2177 -0.4110
vn -0.8022 -0.2864 0.5239
vn -0.9341 -0.0397 0.3547
vn -0.9890 0.1391 -0.0500
vn -0.2731 0.9611 0.0407
vn -0.8109 0.0856 -0.5789
vn -0.6073 -0.0447 -0.7932
vn -0.4885 0.0262 -0.8722
vn -0.2618 0.1129 0.9585
vn -0.8388 0.5325 -0.1136
vn -0.4384 0.2426 -0.8655
vn -0.8104 0.4695 0.3506
vn -0.6384 0.4703 -0.6093
vn -0.7313 0.6374 -0.2428
vn -0.4485 0.5484 0.7058
vn -0.5535 0.7805 0.2906
vn -0.1233 0.2942 -0.9478
vn -0.4792 0.8636 0.1564
vn -0.2942 0.9061 -0.3040
vn 0.1150 0.9872 0.1101
vn -0.0703 0.8516 0.5194
vn -0.0221 0.8878 -0.4597
vn -0.0547 0.6587 -0.7504
vn 0.9725 0.2132 0.0940
vn 0.0905 0.2843 -0.9544
vn 0.2392 0.9041 -0.3540
vn 0.2128 0.8944 -0.3934
vn 0.2327 0.5896 -0.7735
vn 0.3719 0.7757 0.5099
vn 0.2505 0.4571 -0.8534
vn 0.6001 0.7711 -0.2126
vn 0.2672 0.3080 0.9131
vn 0.5277 0.5942 -0.6070
vn 0.7658 0.6247 0.1526
vn 0.1980 0.1114 0.9739
vn 0.8306 0.3193 -0.4563
vn 0.5354 0.3187 0.7821
vn 0.5907 0.2751 -0.7585
vn 0.4657 0.2541 -0.8477
vn 0.7081 -0.6962 0.1175
vn 0.9117 0.0677 -0.4053
vn 0.8478 0.1579 0.5063
vn 0.9914 -0.0748 0.1070
vn 0.5793 -0.0538 0.8134
vn 0.8527 -0.2553 -0.4558
vn 0.6695 -0.0764 -0.7389
vn 0.7968 -0.2808 0.5351
vn 0.4668 -0.1574 -0.8703
vn 0.8843 -0.4554 0.1033
vn 0.6805 -0.6543 -0.3299
vn 0.7278 -0.5028 -0.4664
vn -0.0832 -0.9457 0.3142
vn 0.0216 -0.6342 0.7729
vn 0.3737 -0.4684 0.8006
vn 0.4583 -0.7073 0.5382
vn 0.4581 -0.8866 0.0634
vn 0.3941 -0.9178 -0.0492
vn 0.0488 -0.3200 -0.9462
vn 0.2167 -0.9724 -0.0865
vn 0.2317 -0.6472 -0.7263
vn 0.0381 -0.9354 -0.3516
vn 0.0691 -0.8751 0.4790
vn -0.4621 -0.8815 -0.0967
vn -0.4749 -0.5893 0.6536
vn -0.6991 -0.5229 -0.4876
vn -0.5989 0.0362 0.8000
vn -0.3183 0.9435 0.0924
vn 0.1761 0.9820 0.0680
vn 0.9952 0.0850 0.0476
vn 0.7842 -0.6185 0.0501
vn -0.1475 -0.9501 0.2750
vn -0.0028 -0.6607 0.7507
vt 0.804249 0.848025
vt 0.884756 0.915970
vt 0.676250 0.821957
vt 0.749488 0.292930
vt 0.714279 0.417909
vt 0.655131 0.286873
vt 0.726935 0.152922
vt 0.580987 0.167366
vt 0.708567 0.690602
vt 0.634035 0.624964
vt 0.703830 0.532515
vt 0.671875 1.000000
vt 0.551942 0.909231
vt 0.628052 0.526469
vt 0.572016 0.435152
vt 0.641194 0.402575
vt 0.567931 0.766799
vt 0.552187 0.600548
vt 0.445463 0.098320
vt 0.703139 0.062500
vt 0.578125 0.000000
vt 0.514217 0.531352
vt 0.516468 0.717289
vt 0.460577 0.645915
vt 0.500003 0.406724
vt 0.444278 0.535980
vt 0.420900 0.840798
vt 0.428121 0.370061
vt 0.546665 0.280866
vt 0.424241 0.735141
vt 0.369858 0.210550
vt 0.453152 0.219058
vt 0.371877 0.656890
vt 0.375018 0.531130
vt 0.338128 0.458811
vt 0.406426 0.964763
vt 0.231094 0.896800
vt 0.287226 0.781475
vt 0.359779 0.344269
vt 0.299187 0.300430
vt 0.310446 0.634411
vt 0.247508 0.161055
vt 0.216770 0.702232
vt 0.194451 0.596355
vt 0.265625 0.595977
vt 0.147102 0.785900
vt 0.162916 0.351922
vt 0.126242 0.222916
vt 0.221046 0.284353
vt 0.142699 0.590547
vt 0.185535 0.466154
vt 0.273129 0.036605
vt 0.125103 0.125000
vt 0.043730 0.087141
vt 0.108032 0.469166
vt 0.073101 0.705107
vt 0.070976 0.585164
vt 0.102589 0.336191
vt 0.046075 0.436626
vt 0.078125 1.000000
vt 0.014102 0.903265
vt 0.027220 0.279821
vt 0.054564 0.846020
vt 0.007229 0.724317
vt 0.010454 0.605198
vt 0.024431 0.187500
vt 0.984384 0.724317
vt 0.954401 0.593080
vt 1.000000 0.605198
vt 0.920301 0.812500
vt 1.000000 0.812500
vt 0.992303 0.277267
vt 0.983864 0.441679
vt 0.917049 0.253482
vt 0.891522 0.719830
vt 0.921917 0.437747
vt 0.897990 0.598987
vt 0.827645 0.158907
vt 0.954872 0.087141
vt 0.845287 0.316638
vt 0.844657 0.593400
vt 0.858032 0.469167
vt 0.797116 0.406654
vt 0.797589 0.718022
vt 0.828125 0.000000
vt 0.789540 0.577180
vt 0.764830 0.532292
vt 0.250838 0.440922
vt 0.000000 0.441679
vt 0.985117 0.187500
s 0
g Sphere.022_Mat_Cardume_Olho_10.010
usemtl Mat_Cardume_Olho_10.010
f 2532/3267/4173 2461/3268/4173 2466/3269/4173
f 2459/3270/4174 2464/3271/4174 2468/3272/4174
f 2465/3273/4175 2468/3272/4175 2472/3274/4175
f 2462/3275/4176 2469/3276/4176 2463/3277/4176
f 2461/3268/4177 2511/3278/4177 2478/3279/4177
f 2470/3280/4178 2473/3281/4178 2467/3282/4178
f 2474/3283/4179 2471/3284/4179 2469/3276/4179
f 2469/3276/4180 2471/3284/4180 2470/3280/4180
f 2472/3274/4181 2490/3285/4181 2460/3286/4181
f 2502/3287/4182 2460/3286/4182 2490/3285/4182
f 2471/3284/4183 2476/3288/4183 2473/3281/4183
f 2471/3284/4184 2475/3289/4184 2480/3290/4184
f 2476/3288/4185 2479/3291/4185 2473/3281/4185
f 2476/3288/4186 2480/3290/4186 2481/3292/4186
f 2478/3279/4187 2484/3293/4187 2474/3283/4187
f 2479/3291/4188 2483/3294/4188 2477/3295/4188
f 2475/3289/4189 2485/3296/4189 2480/3290/4189
f 2481/3292/4190 2483/3294/4190 2479/3291/4190
f 2483/3294/4191 2487/3297/4191 2482/3298/4191
f 2480/3290/4192 2485/3296/4192 2488/3299/4192
f 2488/3299/4193 2486/3300/4193 2481/3292/4193
f 2486/3300/4194 2491/3301/4194 2483/3294/4194
f 2511/3302/4195 2505/3303/4195 2484/3293/4195
f 2484/3293/4196 2505/3303/4196 2495/3304/4196
f 2484/3293/4197 2495/3304/4197 2485/3296/4197
f 2489/3305/4198 2493/3306/4198 2487/3297/4198
f 2488/3299/4199 2495/3304/4199 2492/3307/4199
f 2487/3297/4200 2498/3308/4200 2490/3285/4200
f 2491/3301/4201 2493/3306/4201 2489/3305/4201
f 2487/3297/4202 2493/3306/4202 2498/3308/4202
f 2495/3304/4203 2496/3309/4203 2492/3307/4203
f 2496/3309/4204 2501/3310/4204 2494/3311/4204
f 2505/3303/4205 2506/3312/4205 2495/3304/4205
f 2495/3304/4206 2506/3312/4206 2496/3309/4206
f 2504/3313/4207 2509/3314/4207 2500/3315/4207
f 2496/3309/4208 2506/3312/4208 2503/3316/4208
f 2501/3310/4209 2503/3316/4209 2499/3317/4209
f 2502/3318/4210 2510/3319/4210 2528/3320/4210
f 2503/3316/4211 2507/3321/4211 2499/3317/4211
f 2503/3316/4212 2506/3312/4212 2512/3322/4212
f 2512/3322/4213 2513/3323/4213 2503/3316/4213
f 2507/3321/4214 2508/3324/4214 2504/3313/4214
f 2507/3321/4215 2513/3323/4215 2514/3325/4215
f 2505/3303/4216 2511/3326/4216 2461/3327/4216
f 2507/3321/4217 2514/3325/4217 2508/3324/4217
f 2508/3324/4218 2519/3328/4218 2509/3314/4218
f 2515/3329/4219 2516/3330/4219 2512/3322/4219
f 2512/3322/4220 2517/3331/4220 2513/3323/4220
f 2510/3319/4221 2520/3332/4221 2528/3320/4221
f 2516/3333/4222 2521/3334/4222 2517/3335/4222
f 2461/3268/4223 2523/3336/4223 2515/3337/4223
f 2519/3338/4224 2518/3339/4224 2525/3340/4224
f 2523/3336/4225 2526/3341/4225 2516/3333/4225
f 2518/3339/4226 2521/3334/4226 2522/3342/4226
f 2526/3341/4227 2524/3343/4227 2521/3334/4227
f 2525/3340/4228 2531/3344/4228 2528/3345/4228
f 2525/3340/4229 2530/3346/4229 2531/3344/4229
f 2526/3341/4230 2529/3347/4230 2524/3343/4230
f 2461/3268/4231 2532/3267/4231 2523/3336/4231
f 2527/3348/4232 2534/3349/4232 2530/3346/4232
f 2532/3267/4233 2533/3350/4233 2526/3341/4233
f 2528/3345/4234 2531/3344/4234 2460/3286/4234
f 2502/3351/4235 2528/3345/4235 2460/3286/4235
f 2529/3347/4236 2533/3350/4236 2457/3352/4236
f 2534/3349/4237 2459/3270/4237 2530/3346/4237
f 2459/3270/4238 2465/3273/4238 2531/3344/4238
f 2458/3353/4239 2464/3271/4239 2534/3349/4239
f 2467/3282/4240 2463/3277/4240 2470/3280/4240
f 2458/3353/4241 2463/3277/4241 2464/3271/4241
f 2459/3270/4242 2468/3272/4242 2465/3273/4242
f 2465/3273/4243 2472/3274/4243 2460/3286/4243
f 2463/3277/4244 2469/3276/4244 2470/3280/4244
f 2469/3276/4245 2466/3269/4245 2474/3283/4245
f 2461/3268/4246 2478/3279/4246 2466/3269/4246
f 2468/3272/4247 2464/3271/4247 2467/3282/4247
f 2477/3295/4248 2467/3282/4248 2473/3281/4248
f 2472/3274/4249 2468/3272/4249 2477/3295/4249
f 2466/3269/4250 2478/3279/4250 2474/3283/4250
f 2475/3289/4251 2484/3293/4251 2485/3296/4251
f 2473/3281/4252 2470/3280/4252 2471/3284/4252
f 2473/3281/4253 2479/3291/4253 2477/3295/4253
f 2471/3284/4254 2474/3283/4254 2475/3289/4254
f 2471/3284/4255 2480/3290/4255 2476/3288/4255
f 2476/3288/4256 2481/3292/4256 2479/3291/4256
f 2491/3301/4257 2494/3311/4257 2497/3354/4257
f 2477/3295/4258 2483/3294/4258 2482/3298/4258
f 2472/3274/4259 2477/3295/4259 2482/3298/4259
f 2472/3274/4260 2482/3298/4260 2490/3285/4260
f 2478/3279/4261 2511/3302/4261 2484/3293/4261
f 2481/3292/4262 2486/3300/4262 2483/3294/4262
f 2482/3298/4263 2487/3297/4263 2490/3285/4263
f 2480/3290/4264 2488/3299/4264 2481/3292/4264
f 2483/3294/4265 2489/3305/4265 2487/3297/4265
f 2483/3294/4266 2491/3301/4266 2489/3305/4266
f 2488/3299/4267 2485/3296/4267 2495/3304/4267
f 2488/3299/4268 2492/3307/4268 2486/3300/4268
f 2490/3285/4269 2498/3308/4269 2502/3318/4269
f 2486/3300/4270 2492/3307/4270 2491/3301/4270
f 2491/3301/4271 2497/3354/4271 2493/3306/4271
f 2501/3310/4272 2497/3354/4272 2494/3311/4272
f 2492/3307/4273 2496/3309/4273 2494/3311/4273
f 2493/3306/4274 2497/3354/4274 2500/3315/4274
f 2498/3308/4275 2493/3306/4275 2500/3315/4275
f 2517/3331/4276 2514/3325/4276 2513/3323/4276
f 2502/3318/4277 2498/3308/4277 2510/3319/4277
f 2497/3354/4278 2499/3317/4278 2504/3313/4278
f 2500/3315/4279 2497/3354/4279 2504/3313/4279
f 2498/3308/4280 2500/3315/4280 2509/3314/4280
f 2496/3309/4281 2503/3316/4281 2501/3310/4281
f 2498/3308/4282 2509/3314/4282 2510/3319/4282
f 2499/3317/4283 2507/3321/4283 2504/3313/4283
f 2505/3303/4284 2515/3329/4284 2506/3312/4284
f 2504/3313/4285 2508/3324/4285 2509/3314/4285
f 2507/3321/4286 2503/3316/4286 2513/3323/4286
f 2505/3303/4287 2461/3327/4287 2515/3329/4287
f 2508/3324/4288 2514/3325/4288 2519/3328/4288
f 2506/3312/4289 2515/3329/4289 2512/3322/4289
f 2509/3314/4290 2519/3328/4290 2520/3332/4290
f 2510/3319/4291 2509/3314/4291 2520/3332/4291
f 2527/3348/4292 2524/3343/4292 2529/3347/4292
f 2514/3325/4293 2518/3355/4293 2519/3328/4293
f 2512/3322/4294 2516/3330/4294 2517/3331/4294
f 2518/3339/4295 2517/3335/4295 2521/3334/4295
f 2515/3337/4296 2523/3336/4296 2516/3333/4296
f 2525/3340/4297 2518/3339/4297 2522/3342/4297
f 2520/3356/4298 2519/3338/4298 2525/3340/4298
f 2516/3333/4299 2526/3341/4299 2521/3334/4299
f 2528/3345/4300 2520/3356/4300 2525/3340/4300
f 2522/3342/4301 2521/3334/4301 2524/3343/4301
f 2522/3342/4302 2527/3348/4302 2530/3346/4302
f 2525/3340/4303 2522/3342/4303 2530/3346/4303
f 2458/3353/4304 2462/3275/4304 2463/3277/4304
f 2466/3269/4305 2533/3350/4305 2532/3267/4305
f 2523/3336/4306 2532/3267/4306 2526/3341/4306
f 2529/3347/4307 2526/3341/4307 2533/3350/4307
f 2527/3348/4308 2529/3347/4308 2457/3352/4308
f 2527/3348/4309 2457/3352/4309 2534/3349/4309
f 2531/3344/4310 2465/3273/4310 2460/3286/4310
f 2457/3352/4311 2458/3353/4311 2534/3349/4311
f 2531/3344/4312 2530/3346/4312 2459/3270/4312
f 2534/3349/4313 2464/3271/4313 2459/3270/4313
f 2457/3352/4314 2533/3350/4314 2462/3275/4314
f 2467/3282/4315 2464/3271/4315 2463/3277/4315
f 2469/3276/4316 2462/3275/4316 2466/3269/4316
f 2477/3295/4317 2468/3272/4317 2467/3282/4317
f 2475/3289/4318 2474/3283/4318 2484/3293/4318
f 2491/3301/4319 2492/3307/4319 2494/3311/4319
f 2501/3310/4320 2499/3317/4320 2497/3354/4320
f 2517/3331/4321 2518/3355/4321 2514/3325/4321
f 2527/3348/4322 2522/3342/4322 2524/3343/4322
f 2458/3353/4323 2457/3352/4323 2462/3275/4323
f 2466/3269/4324 2462/3275/4324 2533/3350/4324
o Sphere.023
v -1.295922 -1.091287 2.306929
v -1.306583 -1.152138 2.220123
v -1.300441 -1.118928 2.121238
v -1.448707 -0.952242 2.220822
v -1.427507 -0.945684 2.123095
v -1.404935 -0.955014 2.313550
v -1.476887 -0.768615 2.264528
v -1.447159 -0.724027 2.201045
v -1.450171 -0.805750 2.118687
v -1.299998 -0.984940 2.326617
v -1.330894 -0.814513 2.139974
v -1.260413 -0.930590 2.268651
v -1.206366 -1.097721 2.121404
v -1.327073 -0.954134 2.065296
v -1.193539 -1.168007 2.222860
vn -0.1889 -0.4842 0.8543
vn -0.6567 -0.7493 0.0857
vn -0.4819 -0.6276 -0.6114
vn -0.9078 -0.4168 0.0461
vn -0.7996 -0.3617 -0.4795
vn -0.6143 -0.2715 0.7409
vn -0.6394 0.3417 0.6888
vn 0.2165 0.9713 0.0984
vn -0.6262 0.1817 -0.7582
vn 0.3962 0.1799 0.9004
vn 0.7296 0.6113 -0.3067
vn 0.8053 0.4547 0.3805
vn 0.8305 0.0604 -0.5537
vn 0.1033 0.0666 -0.9924
vn 0.8889 -0.3451 0.3012
vt 0.683247 0.810082
vt 0.624371 0.562957
vt 0.791281 0.556926
vt 0.431343 0.809960
vt 0.459915 0.566263
vt 0.541667 1.000000
vt 0.280654 0.657389
vt 0.209572 0.498083
vt 0.086642 0.350307
vt 0.308727 0.296507
vt 0.024631 0.621900
vt 0.144242 0.941469
vt 1.000000 0.311258
vt 0.976174 0.641405
vt 0.834722 0.311257
vt 0.931902 0.861723
vt 0.458333 0.315699
vt 0.628130 0.317726
vt 0.699803 0.113171
vt 0.157620 0.097343
s 1
g Sphere.023_Mat_Cardume_Corpo_60.011
usemtl Mat_Cardume_Corpo_60.011
f 2535/3357/4325 2536/3358/4326 2549/3359/4339
f 2540/3360/4330 2538/3361/4328 2536/3358/4326
f 2535/3357/4325 2544/3362/4334 2540/3360/4330
f 2540/3360/4330 2541/3363/4331 2538/3361/4328
f 2542/3364/4332 2545/3365/4335 2543/3366/4333
f 2541/3363/4331 2546/3367/4336 2542/3364/4332
f 2544/3368/4334 2546/3367/4336 2541/3363/4331
f 2545/3369/4335 2546/3370/4336 2547/3371/4337
f 2546/3370/4336 2544/3372/4334 2549/3359/4339
f 2539/3373/4329 2536/3358/4326 2538/3361/4328
f 2547/3371/4337 2537/3374/4327 2548/3375/4338
f 2535/3357/4325 2540/3360/4330 2536/3358/4326
f 2537/3374/4327 2539/3373/4329 2548/3375/4338
f 2543/3366/4333 2538/3361/4328 2541/3363/4331
f 2548/3376/4338 2539/3373/4329 2543/3366/4333
f 2543/3366/4333 2541/3363/4331 2542/3364/4332
f 2548/3376/4338 2543/3366/4333 2545/3365/4335
f 2540/3360/4330 2544/3368/4334 2541/3363/4331
f 2542/3364/4332 2546/3367/4336 2545/3365/4335
f 2548/3375/4338 2545/3369/4335 2547/3371/4337
f 2537/3374/4327 2549/3359/4339 2536/3358/4326
f 2547/3371/4337 2546/3370/4336 2549/3359/4339
f 2549/3359/4339 2544/3372/4334 2535/3357/4325
f 2539/3373/4329 2537/3374/4327 2536/3358/4326
f 2543/3366/4333 2539/3373/4329 2538/3361/4328
f 2537/3374/4327 2547/3371/4337 2549/3359/4339
o Cone.013
v -1.459550 -0.681438 2.078927
v -1.509414 -0.710227 2.259026
v -1.500334 -0.704985 2.262047
v -1.403366 -0.848533 2.200000
vn -0.0043 0.5049 -0.8632
vn -0.8525 -0.4596 -0.2490
vn 0.8105 0.5005 0.3044
vn 0.5000 -0.8660 -0.0000
vt 0.250000 0.490000
vt 0.250000 0.250000
vt 0.457846 0.130000
vt 0.750000 0.490000
vt 0.957846 0.130000
vt 0.542154 0.130000
vt 0.042154 0.130000
s 1
g Cone.013_Mat_Cardume_Barbatana_30.011
usemtl Mat_Cardume_Barbatana_30.011
f 2550/3377/4340 2553/3378/4343 2551/3379/4341
f 2550/3380/4340 2551/3381/4341 2552/3382/4342
f 2551/3379/4341 2553/3378/4343 2552/3383/4342
f 2552/3383/4342 2553/3378/4343 2550/3377/4340
o Sphere.024
v -1.306211 -1.128569 2.207147
v -1.309323 -1.130969 2.203253
v -1.321105 -1.102895 2.235381
v -1.319560 -1.135125 2.190841
v -1.315257 -1.126783 2.178203
v -1.322439 -1.130652 2.220850
v -1.321635 -1.136477 2.203874
v -1.324096 -1.117302 2.167892
v -1.328483 -1.120864 2.230969
v -1.337777 -1.134447 2.213771
v -1.335491 -1.135612 2.189169
v -1.332344 -1.129630 2.177104
v -1.338534 -1.136742 2.203464
v -1.328466 -1.108508 2.164609
v -1.344831 -1.121434 2.227113
v -1.353050 -1.127199 2.211320
v -1.350465 -1.130930 2.192175
v -1.352940 -1.118009 2.222821
v -1.359865 -1.121960 2.203563
v -1.349205 -1.122023 2.176481
v -1.339715 -1.116511 2.168077
v -1.337201 -1.108986 2.234752
v -1.360417 -1.118692 2.189309
v -1.361281 -1.110504 2.216611
v -1.352486 -1.106821 2.172002
v -1.357182 -1.102701 2.224497
v -1.365891 -1.107139 2.204281
v -1.363624 -1.104962 2.185272
v -1.351797 -1.094613 2.171475
v -1.347432 -1.101701 2.231982
v -1.360924 -1.092880 2.217495
v -1.365181 -1.092052 2.203617
v -1.360127 -1.090208 2.182884
v -1.340963 -1.103098 2.165294
v -1.362176 -1.084489 2.195309
v -1.356039 -1.080251 2.214761
v -1.350338 -1.073182 2.210544
v -1.352440 -1.081795 2.178295
v -1.346143 -1.085051 2.228590
v -1.336380 -1.067238 2.211234
v -1.348545 -1.070325 2.193281
v -1.339108 -1.073747 2.221832
v -1.340202 -1.075110 2.176989
v -1.337742 -1.085919 2.167931
v -1.334403 -1.065421 2.196003
v -1.331910 -1.097450 2.164019
v -1.327406 -1.078999 2.228604
v -1.326996 -1.066276 2.210827
v -1.329184 -1.068867 2.183606
v -1.335093 -1.091583 2.234773
v -1.316827 -1.067762 2.196437
v -1.317929 -1.072350 2.182104
v -1.324470 -1.078819 2.172086
v -1.334045 -1.100163 2.235990
v -1.314086 -1.077026 2.222049
v -1.326506 -1.087879 2.166581
v -1.310071 -1.072546 2.209877
v -1.305042 -1.075677 2.192867
v -1.318761 -1.089244 2.232363
v -1.301909 -1.081722 2.211492
v -1.308213 -1.083879 2.176543
v -1.305675 -1.088214 2.223551
v -1.297225 -1.086916 2.193175
v -1.313725 -1.089446 2.169909
v -1.296416 -1.092910 2.210545
v -1.294224 -1.100272 2.192864
v -1.310059 -1.100938 2.230203
v -1.295895 -1.105346 2.211284
v -1.304182 -1.100109 2.174015
v -1.302369 -1.105789 2.223519
v -1.296499 -1.114688 2.196437
v -1.320883 -1.097787 2.165007
v -1.298713 -1.116448 2.210829
v -1.302350 -1.113811 2.179578
v -1.309485 -1.120207 2.223172
v -1.304712 -1.125106 2.189447
v -1.316186 -1.111087 2.167923
v -1.317421 -1.112063 2.232293
vn 0.1072 -0.2784 0.9545
vn 0.1735 -0.8481 -0.5007
vn 0.0821 -0.9415 0.3269
vn 0.0161 -0.1446 0.9894
vn -0.0390 -0.5812 -0.8128
vn -0.3213 -0.9362 -0.1424
vn -0.4355 -0.7486 0.4999
vn -0.4470 -0.8656 0.2255
vn -0.1455 -0.2140 -0.9659
vn -0.0893 -0.0808 -0.9927
vn -0.6502 -0.7574 0.0598
vn -0.7596 -0.5046 0.4104
vn -0.7567 -0.6430 -0.1182
vn -0.4256 -0.2692 0.8639
vn -0.7498 -0.3417 -0.5666
vn -0.7192 -0.2694 0.6404
vn -0.8969 -0.3759 0.2328
vn -0.9534 -0.2651 -0.1441
vn -0.7648 0.0153 -0.6441
vn -0.8851 -0.0054 0.4654
vn -0.9535 0.0579 0.2959
vn -0.9660 0.1657 -0.1986
vn -0.2958 0.0986 0.9501
vn -0.3783 0.2128 0.9009
vn -0.6093 0.2033 0.7665
vn -0.7104 0.3025 -0.6354
vn -0.3576 0.2069 -0.9107
vn -0.7779 0.5122 -0.3640
vn -0.6761 0.3960 0.6213
vn -0.4497 0.4019 -0.7977
vn -0.4916 0.6514 0.5779
vn -0.3740 0.8301 0.4136
vn -0.1667 0.5143 0.8413
vn -0.1906 0.5884 0.7858
vn -0.0288 0.7506 -0.6601
vn 0.0278 0.8126 0.5822
vn -0.0968 0.9897 0.1055
vn 0.0935 0.2078 -0.9737
vn 0.1322 0.9912 -0.0089
vn 0.1651 0.8002 0.5765
vn 0.3358 0.8427 0.4208
vn 0.2425 0.9184 -0.3127
vn 0.5603 0.8282 0.0132
vn 0.0779 0.1493 0.9857
vn 0.4668 0.8312 -0.3020
vn 0.3821 0.6425 -0.6643
vn 0.6299 0.6382 0.4426
vn 0.2747 0.3010 -0.9132
vn 0.4720 0.4562 0.7544
vn 0.8161 0.3626 0.4500
vn 0.4016 0.1314 0.9063
vn 0.8235 0.2813 -0.4927
vn 0.6958 0.1296 0.7065
vn 0.9754 0.2185 0.0300
vn 0.8811 0.0648 0.4686
vn 0.4717 -0.0267 -0.8814
vn 0.4390 -0.1233 0.8900
vn 0.5999 -0.2308 -0.7661
vn 0.8622 -0.2372 0.4476
vn 0.5707 -0.3000 0.7644
vn 0.2330 -0.1291 -0.9639
vn 0.0884 -0.0256 -0.9958
vn 0.8366 -0.4491 -0.3137
vn 0.6361 -0.5788 -0.5102
vn 0.6991 -0.5653 0.4378
vn 0.3872 -0.4890 -0.7816
vn 0.5402 -0.8242 -0.1696
vn 0.0175 -0.9970 -0.0751
vn 0.4069 -0.9130 -0.0299
vn 0.1568 -0.6563 -0.7380
vn -0.0294 -0.3624 -0.9316
vn 0.0101 -0.9762 0.2166
vn -0.1290 -0.7431 0.6566
vn 0.0614 -0.2617 0.9632
vn 0.0725 -0.9009 -0.4279
vn -0.3482 -0.8030 -0.4837
vn -0.1939 -0.4240 0.8847
vn -0.5745 -0.2447 0.7811
vn -0.2635 -0.6429 -0.7192
vn -0.5092 -0.8551 0.0979
vn -0.6578 -0.6312 -0.4110
vn -0.5515 -0.6491 0.5239
vn -0.7891 -0.5015 0.3547
vn -0.9261 -0.3741 -0.0500
vn -0.7170 0.6958 0.0407
vn -0.7450 -0.3314 -0.5789
vn -0.5036 -0.3424 -0.7932
vn -0.4362 -0.2216 -0.8722
vn -0.2832 -0.0332 0.9585
vn -0.9926 0.0417 -0.1136
vn -0.5009 -0.0091 -0.8655
vn -0.9365 0.0014 0.3506
vn -0.9520 0.1864 -0.2428
vn -0.7880 0.0882 -0.6093
vn -0.6626 0.2507 0.7058
vn -0.8696 0.3992 0.2906
vn -0.2539 0.1931 -0.9478
vn -0.8469 0.5083 0.1564
vn -0.7078 0.6376 -0.3040
vn -0.3940 0.9125 0.1101
vn -0.4630 0.7578 -0.4597
vn -0.4867 0.7024 0.5194
vn -0.3767 0.5431 -0.7504
vn 0.7356 0.6708 0.0940
vn -0.0638 0.2915 -0.9544
vn -0.2449 0.9026 -0.3540
vn -0.2629 0.8810 -0.3934
vn -0.0933 0.6269 -0.7735
vn -0.0657 0.8577 0.5099
vn -0.0116 0.5211 -0.8534
vn 0.1342 0.9679 -0.2126
vn 0.0774 0.4003 0.9131
vn 0.1599 0.7785 -0.6070
vn 0.3508 0.9239 0.1526
vn 0.1158 0.1954 0.9739
vn 0.5597 0.6918 -0.4563
vn 0.3043 0.5437 0.7821
vn 0.3741 0.5336 -0.7585
vn 0.2763 0.4530 -0.8477
vn 0.7557 0.5145 -0.4053
vn 0.6552 0.5606 0.5063
vn 0.9614 -0.2489 0.1175
vn 0.8960 0.4309 0.1070
vn 0.5285 0.2431 0.8134
vn 0.8661 0.2052 -0.4558
vn 0.6180 0.2686 -0.7389
vn 0.8304 0.1552 0.5351
vn 0.4829 0.0971 -0.8703
vn 0.9935 0.0478 0.1033
vn 0.9165 -0.2264 -0.3299
vn 0.8817 -0.0715 -0.4664
vn 0.4008 -0.8606 0.3142
vn 0.3358 -0.5384 0.7729
vn 0.5579 -0.2188 0.8006
vn 0.7506 -0.3834 0.5382
vn 0.8400 -0.5388 0.0634
vn 0.8002 -0.5978 -0.0492
vn 0.2023 -0.2527 -0.9462
vn 0.6739 -0.7337 -0.0865
vn 0.5242 -0.4446 -0.7263
vn 0.4973 -0.7233 0.4790
vn 0.5007 -0.7910 -0.3516
vn 0.0406 -0.9945 -0.0967
vn -0.1167 -0.7478 0.6536
vn -0.3440 -0.8024 -0.4876
vn -0.5368 -0.2681 0.8000
vn -0.7474 0.6579 0.0924
vn -0.3385 0.9385 0.0680
vn 0.8194 0.5713 0.0476
vn 0.9884 -0.1436 0.0501
vn 0.3473 -0.8966 0.2750
vn 0.3279 -0.5736 0.7507
vt 0.804249 0.848025
vt 0.884756 0.915970
vt 0.676250 0.821957
vt 0.749488 0.292930
vt 0.714279 0.417909
vt 0.655131 0.286873
vt 0.708567 0.690602
vt 0.634035 0.624964
vt 0.703830 0.532515
vt 0.671875 1.000000
vt 0.551942 0.909231
vt 0.726935 0.152922
vt 0.580987 0.167366
vt 0.628052 0.526469
vt 0.572016 0.435152
vt 0.641194 0.402575
vt 0.567931 0.766799
vt 0.552187 0.600548
vt 0.445463 0.098320
vt 0.703139 0.062500
vt 0.578125 0.000000
vt 0.514217 0.531352
vt 0.516468 0.717289
vt 0.460577 0.645915
vt 0.500003 0.406724
vt 0.420900 0.840798
vt 0.428121 0.370061
vt 0.546665 0.280866
vt 0.424241 0.735141
vt 0.444278 0.535980
vt 0.369858 0.210550
vt 0.453152 0.219058
vt 0.371877 0.656890
vt 0.375018 0.531130
vt 0.338128 0.458811
vt 0.406426 0.964763
vt 0.231094 0.896800
vt 0.287226 0.781475
vt 0.359779 0.344269
vt 0.299187 0.300430
vt 0.247508 0.161055
vt 0.310446 0.634411
vt 0.216770 0.702232
vt 0.194451 0.596355
vt 0.265625 0.595977
vt 0.147102 0.785900
vt 0.162916 0.351922
vt 0.126242 0.222916
vt 0.221046 0.284353
vt 0.142699 0.590547
vt 0.185535 0.466154
vt 0.273129 0.036605
vt 0.125103 0.125000
vt 0.043730 0.087141
vt 0.108032 0.469166
vt 0.073101 0.705107
vt 0.070976 0.585164
vt 0.102589 0.336191
vt 0.046075 0.436626
vt 0.078125 1.000000
vt 0.014102 0.903265
vt 0.027220 0.279821
vt 0.010454 0.605198
vt 0.024431 0.187500
vt 0.054564 0.846020
vt 0.007229 0.724317
vt 0.984384 0.724317
vt 0.954401 0.593080
vt 1.000000 0.605198
vt 0.920301 0.812500
vt 1.000000 0.812500
vt 0.992303 0.277267
vt 0.983864 0.441679
vt 0.917049 0.253482
vt 0.891522 0.719830
vt 0.921917 0.437747
vt 0.897990 0.598987
vt 0.827645 0.158907
vt 0.954872 0.087141
vt 0.845287 0.316638
vt 0.844657 0.593400
vt 0.797589 0.718022
vt 0.828125 0.000000
vt 0.858032 0.469167
vt 0.797116 0.406654
vt 0.789540 0.577180
vt 0.764830 0.532292
vt 0.250838 0.440922
vt 0.000000 0.441679
vt 0.985117 0.187500
s 0
g Sphere.024_Mat_Cardume_Olho_10.011
usemtl Mat_Cardume_Olho_10.011
f 2631/3384/4344 2556/3385/4344 2562/3386/4344
f 2558/3387/4345 2557/3388/4345 2565/3389/4345
f 2559/3390/4346 2563/3391/4346 2560/3392/4346
f 2556/3385/4347 2607/3393/4347 2575/3394/4347
f 2561/3395/4348 2565/3389/4348 2574/3396/4348
f 2566/3397/4349 2570/3398/4349 2564/3399/4349
f 2568/3400/4350 2569/3401/4350 2563/3391/4350
f 2563/3391/4351 2569/3401/4351 2566/3397/4351
f 2574/3396/4352 2587/3402/4352 2567/3403/4352
f 2599/3404/4353 2567/3403/4353 2587/3402/4353
f 2569/3401/4354 2572/3405/4354 2570/3398/4354
f 2569/3401/4355 2571/3406/4355 2577/3407/4355
f 2572/3405/4356 2576/3408/4356 2570/3398/4356
f 2575/3394/4357 2583/3409/4357 2568/3400/4357
f 2576/3408/4358 2581/3410/4358 2573/3411/4358
f 2571/3406/4359 2579/3412/4359 2577/3407/4359
f 2572/3405/4360 2577/3407/4360 2580/3413/4360
f 2580/3413/4361 2581/3410/4361 2576/3408/4361
f 2581/3410/4362 2582/3414/4362 2578/3415/4362
f 2577/3407/4363 2579/3412/4363 2584/3416/4363
f 2584/3416/4364 2585/3417/4364 2580/3413/4364
f 2585/3417/4365 2588/3418/4365 2581/3410/4365
f 2607/3419/4366 2603/3420/4366 2583/3409/4366
f 2583/3409/4367 2603/3420/4367 2592/3421/4367
f 2583/3409/4368 2592/3421/4368 2579/3412/4368
f 2586/3422/4369 2591/3423/4369 2582/3414/4369
f 2582/3414/4370 2597/3424/4370 2587/3402/4370
f 2588/3418/4371 2591/3423/4371 2586/3422/4371
f 2584/3416/4372 2592/3421/4372 2589/3425/4372
f 2582/3414/4373 2591/3423/4373 2597/3424/4373
f 2592/3421/4374 2595/3426/4374 2589/3425/4374
f 2595/3426/4375 2593/3427/4375 2590/3428/4375
f 2603/3420/4376 2600/3429/4376 2592/3421/4376
f 2592/3421/4377 2600/3429/4377 2595/3426/4377
f 2602/3430/4378 2606/3431/4378 2596/3432/4378
f 2595/3426/4379 2600/3429/4379 2601/3433/4379
f 2593/3427/4380 2601/3433/4380 2598/3434/4380
f 2599/3435/4381 2609/3436/4381 2625/3437/4381
f 2601/3433/4382 2604/3438/4382 2598/3434/4382
f 2601/3433/4383 2600/3429/4383 2608/3439/4383
f 2608/3439/4384 2610/3440/4384 2601/3433/4384
f 2604/3438/4385 2605/3441/4385 2602/3430/4385
f 2604/3438/4386 2610/3440/4386 2611/3442/4386
f 2603/3420/4387 2607/3443/4387 2556/3444/4387
f 2604/3438/4388 2611/3442/4388 2605/3441/4388
f 2605/3441/4389 2614/3445/4389 2606/3431/4389
f 2608/3439/4390 2613/3446/4390 2610/3440/4390
f 2609/3436/4391 2617/3447/4391 2625/3437/4391
f 2612/3448/4392 2615/3449/4392 2608/3439/4392
f 2615/3450/4393 2618/3451/4393 2613/3452/4393
f 2556/3385/4394 2620/3453/4394 2612/3454/4394
f 2614/3455/4395 2616/3456/4395 2622/3457/4395
f 2620/3453/4396 2623/3458/4396 2615/3450/4396
f 2616/3456/4397 2618/3451/4397 2619/3459/4397
f 2623/3458/4398 2621/3460/4398 2618/3451/4398
f 2622/3457/4399 2630/3461/4399 2625/3462/4399
f 2556/3385/4400 2631/3384/4400 2620/3453/4400
f 2622/3457/4401 2627/3463/4401 2630/3461/4401
f 2623/3458/4402 2626/3464/4402 2621/3460/4402
f 2631/3384/4403 2628/3465/4403 2623/3458/4403
f 2625/3462/4404 2630/3461/4404 2567/3403/4404
f 2599/3466/4405 2625/3462/4405 2567/3403/4405
f 2624/3467/4406 2629/3468/4406 2627/3463/4406
f 2629/3468/4407 2558/3387/4407 2627/3463/4407
f 2626/3464/4408 2628/3465/4408 2554/3469/4408
f 2558/3387/4409 2561/3395/4409 2630/3461/4409
f 2555/3470/4410 2557/3388/4410 2629/3468/4410
f 2564/3399/4411 2560/3392/4411 2566/3397/4411
f 2555/3470/4412 2560/3392/4412 2557/3388/4412
f 2558/3387/4413 2565/3389/4413 2561/3395/4413
f 2561/3395/4414 2574/3396/4414 2567/3403/4414
f 2560/3392/4415 2563/3391/4415 2566/3397/4415
f 2563/3391/4416 2562/3386/4416 2568/3400/4416
f 2556/3385/4417 2575/3394/4417 2562/3386/4417
f 2565/3389/4418 2557/3388/4418 2564/3399/4418
f 2573/3411/4419 2564/3399/4419 2570/3398/4419
f 2562/3386/4420 2575/3394/4420 2568/3400/4420
f 2571/3406/4421 2583/3409/4421 2579/3412/4421
f 2574/3396/4422 2565/3389/4422 2573/3411/4422
f 2570/3398/4423 2566/3397/4423 2569/3401/4423
f 2570/3398/4424 2576/3408/4424 2573/3411/4424
f 2569/3401/4425 2568/3400/4425 2571/3406/4425
f 2569/3401/4426 2577/3407/4426 2572/3405/4426
f 2572/3405/4427 2580/3413/4427 2576/3408/4427
f 2588/3418/4428 2590/3428/4428 2594/3471/4428
f 2573/3411/4429 2581/3410/4429 2578/3415/4429
f 2574/3396/4430 2573/3411/4430 2578/3415/4430
f 2574/3396/4431 2578/3415/4431 2587/3402/4431
f 2575/3394/4432 2607/3419/4432 2583/3409/4432
f 2580/3413/4433 2585/3417/4433 2581/3410/4433
f 2578/3415/4434 2582/3414/4434 2587/3402/4434
f 2577/3407/4435 2584/3416/4435 2580/3413/4435
f 2581/3410/4436 2588/3418/4436 2586/3422/4436
f 2581/3410/4437 2586/3422/4437 2582/3414/4437
f 2584/3416/4438 2579/3412/4438 2592/3421/4438
f 2584/3416/4439 2589/3425/4439 2585/3417/4439
f 2587/3402/4440 2597/3424/4440 2599/3435/4440
f 2585/3417/4441 2589/3425/4441 2588/3418/4441
f 2588/3418/4442 2594/3471/4442 2591/3423/4442
f 2593/3427/4443 2594/3471/4443 2590/3428/4443
f 2591/3423/4444 2594/3471/4444 2596/3432/4444
f 2589/3425/4445 2595/3426/4445 2590/3428/4445
f 2597/3424/4446 2591/3423/4446 2596/3432/4446
f 2613/3446/4447 2611/3442/4447 2610/3440/4447
f 2599/3435/4448 2597/3424/4448 2609/3436/4448
f 2594/3471/4449 2598/3434/4449 2602/3430/4449
f 2596/3432/4450 2594/3471/4450 2602/3430/4450
f 2597/3424/4451 2596/3432/4451 2606/3431/4451
f 2595/3426/4452 2601/3433/4452 2593/3427/4452
f 2597/3424/4453 2606/3431/4453 2609/3436/4453
f 2598/3434/4454 2604/3438/4454 2602/3430/4454
f 2603/3420/4455 2612/3448/4455 2600/3429/4455
f 2602/3430/4456 2605/3441/4456 2606/3431/4456
f 2604/3438/4457 2601/3433/4457 2610/3440/4457
f 2603/3420/4458 2556/3444/4458 2612/3448/4458
f 2605/3441/4459 2611/3442/4459 2614/3445/4459
f 2600/3429/4460 2612/3448/4460 2608/3439/4460
f 2606/3431/4461 2614/3445/4461 2617/3447/4461
f 2609/3436/4462 2606/3431/4462 2617/3447/4462
f 2611/3442/4463 2616/3472/4463 2614/3445/4463
f 2608/3439/4464 2615/3449/4464 2613/3446/4464
f 2624/3467/4465 2621/3460/4465 2626/3464/4465
f 2616/3456/4466 2613/3452/4466 2618/3451/4466
f 2612/3454/4467 2620/3453/4467 2615/3450/4467
f 2622/3457/4468 2616/3456/4468 2619/3459/4468
f 2617/3473/4469 2614/3455/4469 2622/3457/4469
f 2615/3450/4470 2623/3458/4470 2618/3451/4470
f 2625/3462/4471 2617/3473/4471 2622/3457/4471
f 2619/3459/4472 2618/3451/4472 2621/3460/4472
f 2619/3459/4473 2624/3467/4473 2627/3463/4473
f 2622/3457/4474 2619/3459/4474 2627/3463/4474
f 2555/3470/4475 2559/3390/4475 2560/3392/4475
f 2562/3386/4476 2628/3465/4476 2631/3384/4476
f 2620/3453/4477 2631/3384/4477 2623/3458/4477
f 2626/3464/4478 2623/3458/4478 2628/3465/4478
f 2624/3467/4479 2626/3464/4479 2554/3469/4479
f 2624/3467/4480 2554/3469/4480 2629/3468/4480
f 2630/3461/4481 2561/3395/4481 2567/3403/4481
f 2554/3469/4482 2555/3470/4482 2629/3468/4482
f 2630/3461/4483 2627/3463/4483 2558/3387/4483
f 2554/3469/4484 2628/3465/4484 2559/3390/4484
f 2629/3468/4485 2557/3388/4485 2558/3387/4485
f 2564/3399/4486 2557/3388/4486 2560/3392/4486
f 2563/3391/4487 2559/3390/4487 2562/3386/4487
f 2573/3411/4488 2565/3389/4488 2564/3399/4488
f 2571/3406/4489 2568/3400/4489 2583/3409/4489
f 2588/3418/4490 2589/3425/4490 2590/3428/4490
f 2593/3427/4491 2598/3434/4491 2594/3471/4491
f 2613/3446/4492 2616/3472/4492 2611/3442/4492
f 2624/3467/4493 2619/3459/4493 2621/3460/4493
f 2555/3470/4494 2554/3469/4494 2559/3390/4494
f 2562/3386/4495 2559/3390/4495 2628/3465/4495
o Sphere.025
v -2.056130 -1.452897 2.221139
v -2.115426 -1.549637 2.320515
v -2.136369 -1.491174 2.407090
v -2.126997 -1.518300 2.221505
v -2.338454 -1.447580 2.321347
v -2.323657 -1.431789 2.223498
v -2.298893 -1.427632 2.413864
v -2.454547 -1.302427 2.364664
v -2.413263 -1.321958 2.218799
v -2.451280 -1.249267 2.300904
v -2.186076 -1.334445 2.368171
v -2.305525 -1.269804 2.239515
v -2.232620 -1.389181 2.165221
v -2.193015 -1.401015 2.426492
v -2.009585 -1.506845 2.322732
vn 0.6874 0.4648 -0.5580
vn -0.1938 -0.9768 0.0912
vn 0.0810 -0.5096 0.8566
vn -0.1053 -0.7875 -0.6072
vn -0.5777 -0.8146 0.0519
vn -0.5129 -0.7154 -0.4744
vn -0.3941 -0.5386 0.7447
vn -0.7225 -0.0203 0.6910
vn -0.6353 -0.1595 -0.7556
vn -0.2979 0.9499 0.0945
vn 0.4712 0.7983 0.3751
vn 0.3253 0.8926 -0.3121
vn 0.0533 0.1043 -0.9931
vn 0.2558 0.3584 0.8978
vn 0.9433 0.1471 0.2977
vt 0.683247 0.810082
vt 0.624371 0.562957
vt 0.791281 0.556926
vt 0.431343 0.809960
vt 0.459915 0.566263
vt 0.541667 1.000000
vt 0.280654 0.657389
vt 0.209572 0.498083
vt 0.086642 0.350307
vt 0.308727 0.296507
vt 0.024631 0.621900
vt 0.144242 0.941469
vt 1.000000 0.311258
vt 0.976174 0.641405
vt 0.834722 0.311257
vt 0.904300 0.861723
vt 0.628130 0.317726
vt 0.699803 0.113171
vt 0.458333 0.315699
vt 0.157620 0.097343
s 1
g Sphere.025_Mat_Cardume_Corpo_60.012
usemtl Mat_Cardume_Corpo_60.012
f 2634/3474/4498 2633/3475/4497 2646/3476/4510
f 2638/3477/4502 2636/3478/4500 2633/3475/4497
f 2634/3474/4498 2645/3479/4509 2638/3477/4502
f 2638/3477/4502 2639/3480/4503 2636/3478/4500
f 2641/3481/4505 2643/3482/4507 2640/3483/4504
f 2639/3480/4503 2642/3484/4506 2641/3481/4505
f 2645/3485/4509 2642/3484/4506 2639/3480/4503
f 2643/3486/4507 2642/3487/4506 2632/3488/4496
f 2642/3487/4506 2645/3489/4509 2646/3476/4510
f 2632/3488/4496 2635/3490/4499 2644/3491/4508
f 2637/3492/4501 2633/3475/4497 2636/3478/4500
f 2634/3474/4498 2638/3477/4502 2633/3475/4497
f 2635/3490/4499 2637/3492/4501 2644/3491/4508
f 2640/3483/4504 2636/3478/4500 2639/3480/4503
f 2644/3493/4508 2637/3492/4501 2640/3483/4504
f 2640/3483/4504 2639/3480/4503 2641/3481/4505
f 2638/3477/4502 2645/3485/4509 2639/3480/4503
f 2644/3493/4508 2640/3483/4504 2643/3482/4507
f 2641/3481/4505 2642/3484/4506 2643/3482/4507
f 2644/3491/4508 2643/3486/4507 2632/3488/4496
f 2635/3490/4499 2646/3476/4510 2633/3475/4497
f 2632/3488/4496 2642/3487/4506 2646/3476/4510
f 2646/3476/4510 2645/3489/4509 2634/3474/4498
f 2637/3492/4501 2635/3490/4499 2633/3475/4497
f 2640/3483/4504 2637/3492/4501 2636/3478/4500
f 2635/3490/4499 2632/3488/4496 2646/3476/4510
o Cone.014
v -2.484309 -1.220318 2.178368
v -2.511608 -1.267602 2.359392
v -2.506341 -1.258480 2.362240
v -2.351104 -1.335200 2.300000
vn -0.2633 0.4227 -0.8672
vn -0.5105 -0.8277 -0.2330
vn 0.4541 0.8429 0.2886
vn 0.8660 -0.5000 -0.0000
vt 0.250000 0.490000
vt 0.250000 0.250000
vt 0.457846 0.130000
vt 0.750000 0.490000
vt 0.957846 0.130000
vt 0.542154 0.130000
vt 0.042154 0.130000
s 1
g Cone.014_Mat_Cardume_Barbatana_30.012
usemtl Mat_Cardume_Barbatana_30.012
f 2647/3494/4511 2650/3495/4514 2648/3496/4512
f 2647/3497/4511 2648/3498/4512 2649/3499/4513
f 2648/3496/4512 2650/3495/4514 2649/3500/4513
f 2649/3500/4513 2650/3495/4514 2647/3494/4511
o Sphere.026
v -2.128442 -1.532776 2.303253
v -2.135674 -1.532117 2.278203
v -2.152682 -1.514353 2.335381
v -2.136350 -1.543702 2.303874
v -2.135229 -1.541493 2.290841
v -2.148069 -1.528326 2.267892
v -2.139959 -1.539059 2.320850
v -2.150087 -1.533605 2.330969
v -2.148782 -1.549881 2.289169
v -2.149048 -1.543126 2.277104
v -2.151344 -1.550015 2.313771
v -2.150852 -1.552380 2.303464
v -2.156250 -1.522895 2.264609
v -2.163576 -1.527677 2.334752
v -2.164091 -1.553313 2.292175
v -2.168195 -1.551374 2.311320
v -2.161991 -1.535451 2.268077
v -2.163960 -1.542272 2.327113
v -2.172694 -1.543360 2.322821
v -2.176717 -1.550245 2.303563
v -2.167453 -1.544969 2.276481
v -2.189346 -1.540422 2.304281
v -2.178828 -1.547690 2.289309
v -2.169778 -1.524459 2.265294
v -2.183671 -1.541031 2.316611
v -2.177896 -1.533444 2.272002
v -2.188471 -1.537403 2.285272
v -2.176079 -1.526483 2.331981
v -2.184023 -1.532224 2.324497
v -2.183403 -1.522527 2.271475
v -2.192173 -1.525590 2.317495
v -2.196274 -1.527002 2.303617
v -2.192820 -1.522877 2.282884
v -2.197453 -1.518949 2.295309
v -2.194258 -1.512210 2.314761
v -2.190369 -1.511748 2.278295
v -2.192856 -1.503238 2.310544
v -2.183288 -1.511420 2.328590
v -2.192731 -1.499867 2.293281
v -2.182847 -1.498112 2.321832
v -2.183739 -1.491111 2.311234
v -2.183113 -1.499840 2.276989
v -2.175578 -1.507970 2.267931
v -2.182936 -1.488549 2.296003
v -2.176692 -1.488924 2.283606
v -2.164762 -1.515041 2.264019
v -2.176093 -1.485586 2.310827
v -2.164867 -1.504049 2.266581
v -2.170452 -1.511552 2.334773
v -2.170086 -1.496810 2.328604
v -2.166543 -1.481788 2.296437
v -2.165204 -1.486313 2.282104
v -2.167635 -1.495185 2.272086
v -2.165254 -1.518457 2.335990
v -2.159538 -1.488441 2.322049
v -2.158301 -1.482554 2.309876
v -2.157477 -1.501360 2.332363
v -2.152380 -1.482751 2.292867
v -2.146644 -1.486420 2.311492
v -2.146660 -1.493924 2.323551
v -2.139991 -1.488575 2.293175
v -2.151026 -1.491440 2.276543
v -2.153016 -1.499017 2.269909
v -2.136293 -1.493362 2.310545
v -2.130713 -1.498641 2.292864
v -2.139419 -1.503479 2.274015
v -2.155043 -1.509819 2.265007
v -2.144094 -1.507136 2.330203
v -2.129624 -1.503871 2.311284
v -2.135009 -1.507492 2.323519
v -2.125476 -1.512263 2.296437
v -2.126514 -1.514895 2.310828
v -2.130982 -1.514430 2.279577
v -2.144326 -1.518988 2.267923
v -2.144907 -1.520452 2.332293
v -2.133963 -1.523536 2.323172
v -2.126946 -1.529141 2.307147
v -2.127380 -1.525393 2.289447
vn 0.2320 -0.1875 0.9545
vn 0.5743 -0.6477 -0.5007
vn 0.2568 -0.5229 -0.8128
vn 0.5418 -0.7743 0.3269
vn 0.0862 -0.1172 0.9894
vn 0.1898 -0.9714 -0.1424
vn -0.0029 -0.8661 0.4999
vn 0.0457 -0.9732 0.2255
vn -0.0190 -0.2581 -0.9659
vn -0.0370 -0.1146 -0.9927
vn -0.1844 -0.9810 0.0598
vn -0.3338 -0.9352 -0.1182
vn -0.4055 -0.8168 0.4104
vn -0.4785 -0.6708 -0.5666
vn -0.4881 -0.5929 0.6404
vn -0.5888 -0.7740 0.2328
vn -0.2340 -0.4460 0.8639
vn -0.6931 -0.7063 -0.1441
vn -0.6700 -0.3691 -0.6441
vn -0.7638 -0.4472 0.4654
vn -0.9194 -0.3395 -0.1986
vn -0.8547 -0.4266 0.2959
vn -0.7665 -0.0933 -0.6354
vn -0.3055 -0.0625 0.9501
vn -0.4340 -0.0049 0.9009
vn -0.6293 -0.1286 0.7665
vn -0.9298 0.0546 -0.3640
vn -0.7835 0.0049 0.6213
vn -0.4131 0.0004 -0.9107
vn -0.5904 0.1232 -0.7977
vn -0.7514 0.3184 0.5779
vn -0.7389 0.5319 0.4136
vn -0.4015 0.3620 0.8413
vn -0.4593 0.4143 0.7858
vn -0.5787 0.8087 0.1055
vn -0.4002 0.6356 -0.6601
vn -0.3822 0.7176 0.5822
vn -0.2571 0.7756 0.5765
vn -0.0229 0.2267 -0.9737
vn -0.3811 0.9245 -0.0089
vn -0.2492 0.9166 -0.3127
vn -0.1305 0.8977 0.4208
vn 0.0097 0.7474 -0.6643
vn 0.0711 0.9974 0.0132
vn -0.0072 0.1683 0.9857
vn -0.0113 0.9532 -0.3020
vn 0.1807 0.6311 0.7544
vn 0.2264 0.8677 0.4426
vn 0.0874 0.3980 -0.9132
vn 0.2821 0.3146 0.9063
vn 0.5725 0.6554 -0.4927
vn 0.5254 0.7221 0.4500
vn 0.7355 0.6769 0.0300
vn 0.5378 0.4601 0.7065
vn 0.7306 0.4966 0.4686
vn 0.4219 0.2127 -0.8814
vn 0.4419 0.1127 0.8900
vn 0.6349 0.1000 -0.7661
vn 0.8653 0.2256 0.4476
vn 0.2663 0.0047 -0.9639
vn 0.0893 0.0220 -0.9958
vn 0.9491 0.0294 -0.3137
vn 0.6442 0.0255 0.7644
vn 0.8403 -0.1832 -0.5102
vn 0.8881 -0.1401 0.4378
vn 0.8800 -0.4437 -0.1696
vn 0.5799 -0.2299 -0.7816
vn 0.5136 -0.8547 -0.0751
vn 0.8089 -0.5872 -0.0299
vn 0.4640 -0.4900 -0.7380
vn 0.2599 -0.7081 0.6566
vn 0.1840 -0.1959 0.9632
vn 0.5132 -0.7440 -0.4279
vn 0.1557 -0.3285 -0.9316
vn 0.4968 -0.8404 0.2166
vn 0.0999 -0.8695 -0.4837
vn 0.0441 -0.4642 0.8847
vn -0.3752 -0.4992 0.7811
vn 0.0933 -0.6885 -0.7192
vn -0.0134 -0.9951 0.0979
vn -0.2541 -0.8755 -0.4110
vn -0.1531 -0.8379 0.5239
vn -0.4327 -0.8289 0.3547
vn -0.9689 0.2441 0.0407
vn -0.4795 -0.6595 -0.5789
vn -0.2649 -0.5483 -0.7932
vn -0.2669 -0.4100 -0.8722
vn -0.6150 -0.7870 -0.0500
vn -0.2287 -0.1703 0.9585
vn -0.4292 -0.2583 -0.8655
vn -0.8118 -0.4671 0.3506
vn -0.8805 -0.4602 -0.1136
vn -0.9176 -0.3146 -0.2428
vn -0.7265 -0.3177 -0.6093
vn -0.6992 -0.1142 0.7058
vn -0.9527 -0.0891 0.2906
vn -0.3164 0.0403 -0.9478
vn -0.9876 0.0168 0.1564
vn -0.7975 0.5932 0.1101
vn -0.9318 0.1983 -0.3040
vn -0.7799 0.4248 -0.4597
vn -0.7727 0.3649 0.5194
vn -0.5978 0.2820 -0.7504
vn 0.3016 0.9488 0.0940
vn -0.6634 0.6592 -0.3540
vn -0.6682 0.6315 -0.3934
vn -0.2010 0.2205 -0.9544
vn -0.2706 0.4455 -0.8534
vn -0.3943 0.4963 -0.7735
vn -0.4858 0.7100 0.5099
vn -0.1331 0.3854 0.9131
vn -0.2507 0.7541 -0.6070
vn -0.3677 0.9053 -0.2126
vn -0.1581 0.9756 0.1526
vn 0.1388 0.8789 -0.4563
vn -0.0083 0.6231 0.7821
vn 0.0572 0.6491 -0.7585
vn 0.0128 0.5304 -0.8477
vn 0.0025 0.2271 0.9739
vn 0.2872 0.8131 0.5063
vn 0.9570 0.2651 0.1175
vn 0.3972 0.8234 -0.4053
vn 0.5605 0.8212 0.1070
vn 0.3362 0.4748 0.8134
vn 0.4009 0.5416 -0.7389
vn 0.6415 0.5496 0.5351
vn 0.3697 0.3256 -0.8703
vn 0.6474 0.6108 -0.4558
vn 0.8365 0.5381 0.1033
vn 0.5600 -0.2983 0.7729
vn 0.9069 0.2622 -0.3299
vn 0.7993 0.3789 -0.4664
vn 0.7774 -0.5449 0.3142
vn 0.5925 0.0895 0.8006
vn 0.8417 0.0433 0.5382
vn 0.9969 -0.0466 0.0634
vn 0.9918 -0.1176 -0.0492
vn 0.6763 -0.1230 -0.7263
vn 0.3015 -0.1177 -0.9462
vn 0.9505 -0.2985 -0.0865
vn 0.8291 -0.4347 -0.3516
vn 0.7924 -0.3777 0.4790
vn 0.5324 -0.8410 -0.0967
vn 0.2729 -0.7059 0.6536
vn 0.1033 -0.8669 -0.4876
vn -0.3308 -0.5006 0.8000
vn -0.9762 0.1960 0.0924
vn -0.7624 0.6435 0.0680
vn 0.4240 0.9044 0.0476
vn 0.9277 0.3698 0.0501
vn 0.5708 -0.3328 0.7507
vn 0.7490 -0.6028 0.2750
vt 0.804249 0.848025
vt 0.884756 0.915970
vt 0.676250 0.821957
vt 0.749488 0.292930
vt 0.714279 0.417909
vt 0.655131 0.286873
vt 0.726935 0.152922
vt 0.580987 0.167366
vt 0.708567 0.690602
vt 0.634035 0.624964
vt 0.703830 0.532515
vt 0.671875 1.000000
vt 0.551942 0.909231
vt 0.628052 0.526469
vt 0.572016 0.435152
vt 0.641194 0.402575
vt 0.567931 0.766799
vt 0.552187 0.600548
vt 0.445463 0.098320
vt 0.703139 0.062500
vt 0.578125 0.000000
vt 0.514217 0.531352
vt 0.500003 0.406724
vt 0.516468 0.717289
vt 0.460577 0.645915
vt 0.428121 0.370061
vt 0.546665 0.280866
vt 0.424241 0.735141
vt 0.444278 0.535980
vt 0.420900 0.840798
vt 0.369858 0.210550
vt 0.453152 0.219058
vt 0.371877 0.656890
vt 0.375018 0.531130
vt 0.338128 0.458811
vt 0.359779 0.344269
vt 0.299187 0.300430
vt 0.406426 0.964763
vt 0.231094 0.896800
vt 0.287226 0.781475
vt 0.310446 0.634411
vt 0.247508 0.161055
vt 0.216770 0.702232
vt 0.194451 0.596355
vt 0.265625 0.595977
vt 0.147102 0.785900
vt 0.142699 0.590547
vt 0.185535 0.466154
vt 0.162916 0.351922
vt 0.126242 0.222916
vt 0.221046 0.284353
vt 0.073101 0.705107
vt 0.273129 0.036605
vt 0.125103 0.125000
vt 0.043730 0.087141
vt 0.108032 0.469166
vt 0.102589 0.336191
vt 0.070976 0.585164
vt 0.027220 0.279821
vt 0.046075 0.436626
vt 0.078125 1.000000
vt 0.014102 0.903265
vt 0.054564 0.846020
vt 0.007229 0.724317
vt 0.010454 0.605198
vt 0.024431 0.187500
vt 0.920301 0.812500
vt 1.000000 0.812500
vt 0.992303 0.277267
vt 0.983864 0.441679
vt 0.917049 0.253482
vt 0.984384 0.724317
vt 0.954401 0.593080
vt 1.000000 0.605198
vt 0.921917 0.437747
vt 0.891522 0.719830
vt 0.897990 0.598987
vt 0.827645 0.158907
vt 0.954872 0.087141
vt 0.845287 0.316638
vt 0.844657 0.593400
vt 0.828125 0.000000
vt 0.858032 0.469167
vt 0.797116 0.406654
vt 0.797589 0.718022
vt 0.789540 0.577180
vt 0.764830 0.532292
vt 0.250838 0.440922
vt 0.000000 0.441679
vt 0.985117 0.187500
s 0
g Sphere.026_Mat_Cardume_Olho_10.012
usemtl Mat_Cardume_Olho_10.012
f 2725/3501/4515 2653/3502/4515 2658/3503/4515
f 2652/3504/4516 2655/3505/4516 2660/3506/4516
f 2656/3507/4517 2660/3506/4517 2667/3508/4517
f 2657/3509/4518 2661/3510/4518 2654/3511/4518
f 2653/3502/4519 2704/3512/4519 2664/3513/4519
f 2662/3514/4520 2665/3515/4520 2659/3516/4520
f 2668/3517/4521 2666/3518/4521 2661/3510/4521
f 2661/3510/4522 2666/3518/4522 2662/3514/4522
f 2667/3508/4523 2674/3519/4523 2663/3520/4523
f 2696/3521/4524 2663/3520/4524 2674/3519/4524
f 2666/3518/4525 2670/3522/4525 2665/3515/4525
f 2670/3522/4526 2673/3523/4526 2665/3515/4526
f 2666/3518/4527 2669/3524/4527 2675/3525/4527
f 2673/3523/4528 2677/3526/4528 2671/3527/4528
f 2669/3524/4529 2679/3528/4529 2675/3525/4529
f 2670/3522/4530 2675/3525/4530 2672/3529/4530
f 2664/3513/4531 2678/3530/4531 2668/3517/4531
f 2672/3529/4532 2677/3526/4532 2673/3523/4532
f 2677/3526/4533 2680/3531/4533 2676/3532/4533
f 2675/3525/4534 2679/3528/4534 2681/3533/4534
f 2682/3534/4535 2684/3535/4535 2677/3526/4535
f 2681/3533/4536 2682/3534/4536 2672/3529/4536
f 2683/3536/4537 2686/3537/4537 2680/3531/4537
f 2704/3538/4538 2699/3539/4538 2678/3530/4538
f 2678/3530/4539 2699/3539/4539 2688/3540/4539
f 2678/3530/4540 2688/3540/4540 2679/3528/4540
f 2684/3535/4541 2686/3537/4541 2683/3536/4541
f 2681/3533/4542 2688/3540/4542 2685/3541/4542
f 2680/3531/4543 2693/3542/4543 2674/3519/4543
f 2680/3531/4544 2686/3537/4544 2693/3542/4544
f 2688/3540/4545 2690/3543/4545 2685/3541/4545
f 2690/3543/4546 2691/3544/4546 2687/3545/4546
f 2699/3539/4547 2700/3546/4547 2688/3540/4547
f 2688/3540/4548 2700/3546/4548 2690/3543/4548
f 2691/3544/4549 2697/3547/4549 2694/3548/4549
f 2695/3549/4550 2703/3550/4550 2692/3551/4550
f 2690/3543/4551 2700/3546/4551 2697/3547/4551
f 2697/3547/4552 2700/3546/4552 2705/3552/4552
f 2696/3553/4553 2698/3554/4553 2717/3555/4553
f 2697/3547/4554 2701/3556/4554 2694/3548/4554
f 2701/3556/4555 2702/3557/4555 2695/3549/4555
f 2705/3552/4556 2706/3558/4556 2697/3547/4556
f 2702/3557/4557 2712/3559/4557 2703/3550/4557
f 2701/3556/4558 2706/3558/4558 2708/3560/4558
f 2699/3539/4559 2704/3561/4559 2653/3562/4559
f 2701/3556/4560 2708/3560/4560 2702/3557/4560
f 2707/3563/4561 2710/3564/4561 2705/3552/4561
f 2705/3552/4562 2709/3565/4562 2706/3558/4562
f 2698/3554/4563 2713/3566/4563 2717/3555/4563
f 2653/3502/4564 2718/3567/4564 2707/3568/4564
f 2712/3569/4565 2711/3570/4565 2716/3571/4565
f 2710/3572/4566 2714/3573/4566 2709/3574/4566
f 2711/3570/4567 2714/3573/4567 2715/3575/4567
f 2718/3567/4568 2720/3576/4568 2710/3572/4568
f 2720/3576/4569 2719/3577/4569 2714/3573/4569
f 2716/3571/4570 2724/3578/4570 2717/3579/4570
f 2653/3502/4571 2725/3501/4571 2718/3567/4571
f 2716/3571/4572 2723/3580/4572 2724/3578/4572
f 2720/3576/4573 2722/3581/4573 2719/3577/4573
f 2717/3579/4574 2724/3578/4574 2663/3520/4574
f 2696/3582/4575 2717/3579/4575 2663/3520/4575
f 2721/3583/4576 2728/3584/4576 2723/3580/4576
f 2725/3501/4577 2726/3585/4577 2720/3576/4577
f 2728/3584/4578 2652/3504/4578 2723/3580/4578
f 2722/3581/4579 2726/3585/4579 2727/3586/4579
f 2651/3587/4580 2655/3505/4580 2728/3584/4580
f 2652/3504/4581 2656/3507/4581 2724/3578/4581
f 2659/3516/4582 2654/3511/4582 2662/3514/4582
f 2651/3587/4583 2654/3511/4583 2655/3505/4583
f 2652/3504/4584 2660/3506/4584 2656/3507/4584
f 2661/3510/4585 2658/3503/4585 2668/3517/4585
f 2653/3502/4586 2664/3513/4586 2658/3503/4586
f 2660/3506/4587 2655/3505/4587 2659/3516/4587
f 2656/3507/4588 2667/3508/4588 2663/3520/4588
f 2654/3511/4589 2661/3510/4589 2662/3514/4589
f 2671/3527/4590 2659/3516/4590 2665/3515/4590
f 2658/3503/4591 2664/3513/4591 2668/3517/4591
f 2669/3524/4592 2678/3530/4592 2679/3528/4592
f 2667/3508/4593 2660/3506/4593 2671/3527/4593
f 2665/3515/4594 2662/3514/4594 2666/3518/4594
f 2665/3515/4595 2673/3523/4595 2671/3527/4595
f 2666/3518/4596 2668/3517/4596 2669/3524/4596
f 2666/3518/4597 2675/3525/4597 2670/3522/4597
f 2684/3535/4598 2687/3545/4598 2689/3588/4598
f 2671/3527/4599 2677/3526/4599 2676/3532/4599
f 2667/3508/4600 2671/3527/4600 2676/3532/4600
f 2667/3508/4601 2676/3532/4601 2674/3519/4601
f 2670/3522/4602 2672/3529/4602 2673/3523/4602
f 2664/3513/4603 2704/3538/4603 2678/3530/4603
f 2676/3532/4604 2680/3531/4604 2674/3519/4604
f 2675/3525/4605 2681/3533/4605 2672/3529/4605
f 2672/3529/4606 2682/3534/4606 2677/3526/4606
f 2677/3526/4607 2684/3535/4607 2683/3536/4607
f 2677/3526/4608 2683/3536/4608 2680/3531/4608
f 2681/3533/4609 2679/3528/4609 2688/3540/4609
f 2681/3533/4610 2685/3541/4610 2682/3534/4610
f 2674/3519/4611 2693/3542/4611 2696/3553/4611
f 2682/3534/4612 2685/3541/4612 2684/3535/4612
f 2691/3544/4613 2689/3588/4613 2687/3545/4613
f 2684/3535/4614 2689/3588/4614 2686/3537/4614
f 2686/3537/4615 2689/3588/4615 2692/3551/4615
f 2685/3541/4616 2690/3543/4616 2687/3545/4616
f 2693/3542/4617 2686/3537/4617 2692/3551/4617
f 2709/3565/4618 2708/3560/4618 2706/3558/4618
f 2689/3588/4619 2694/3548/4619 2695/3549/4619
f 2692/3551/4620 2689/3588/4620 2695/3549/4620
f 2696/3553/4621 2693/3542/4621 2698/3554/4621
f 2693/3542/4622 2703/3550/4622 2698/3554/4622
f 2693/3542/4623 2692/3551/4623 2703/3550/4623
f 2690/3543/4624 2697/3547/4624 2691/3544/4624
f 2699/3539/4625 2707/3563/4625 2700/3546/4625
f 2695/3549/4626 2702/3557/4626 2703/3550/4626
f 2694/3548/4627 2701/3556/4627 2695/3549/4627
f 2701/3556/4628 2697/3547/4628 2706/3558/4628
f 2702/3557/4629 2708/3560/4629 2712/3559/4629
f 2700/3546/4630 2707/3563/4630 2705/3552/4630
f 2703/3550/4631 2712/3559/4631 2713/3566/4631
f 2698/3554/4632 2703/3550/4632 2713/3566/4632
f 2699/3539/4633 2653/3562/4633 2707/3563/4633
f 2705/3552/4634 2710/3564/4634 2709/3565/4634
f 2721/3583/4635 2719/3577/4635 2722/3581/4635
f 2708/3560/4636 2711/3589/4636 2712/3559/4636
f 2711/3570/4637 2709/3574/4637 2714/3573/4637
f 2707/3568/4638 2718/3567/4638 2710/3572/4638
f 2713/3590/4639 2712/3569/4639 2716/3571/4639
f 2710/3572/4640 2720/3576/4640 2714/3573/4640
f 2717/3579/4641 2713/3590/4641 2716/3571/4641
f 2716/3571/4642 2711/3570/4642 2715/3575/4642
f 2715/3575/4643 2714/3573/4643 2719/3577/4643
f 2658/3503/4644 2726/3585/4644 2725/3501/4644
f 2715/3575/4645 2721/3583/4645 2723/3580/4645
f 2716/3571/4646 2715/3575/4646 2723/3580/4646
f 2651/3587/4647 2657/3509/4647 2654/3511/4647
f 2718/3567/4648 2725/3501/4648 2720/3576/4648
f 2722/3581/4649 2720/3576/4649 2726/3585/4649
f 2721/3583/4650 2722/3581/4650 2727/3586/4650
f 2721/3583/4651 2727/3586/4651 2728/3584/4651
f 2724/3578/4652 2723/3580/4652 2652/3504/4652
f 2724/3578/4653 2656/3507/4653 2663/3520/4653
f 2727/3586/4654 2651/3587/4654 2728/3584/4654
f 2728/3584/4655 2655/3505/4655 2652/3504/4655
f 2727/3586/4656 2726/3585/4656 2657/3509/4656
f 2659/3516/4657 2655/3505/4657 2654/3511/4657
f 2661/3510/4658 2657/3509/4658 2658/3503/4658
f 2671/3527/4659 2660/3506/4659 2659/3516/4659
f 2669/3524/4660 2668/3517/4660 2678/3530/4660
f 2684/3535/4661 2685/3541/4661 2687/3545/4661
f 2691/3544/4662 2694/3548/4662 2689/3588/4662
f 2709/3565/4663 2711/3589/4663 2708/3560/4663
f 2721/3583/4664 2715/3575/4664 2719/3577/4664
f 2658/3503/4665 2657/3509/4665 2726/3585/4665
f 2651/3587/4666 2727/3586/4666 2657/3509/4666
o Sphere.027
v -2.289660 -1.966751 2.315212
v -2.340011 -2.011380 2.510031
v -2.292642 -2.064037 2.430436
v -2.318331 -2.057734 2.329346
v -2.536819 -2.086782 2.434719
v -2.474364 -2.007808 2.264869
v -2.512532 -2.036305 2.520652
v -2.531899 -2.080582 2.334818
v -2.709934 -2.013405 2.467427
v -2.664417 -2.031538 2.322646
v -2.733685 -1.975806 2.397254
v -2.434147 -1.959281 2.521771
v -2.597189 -1.930517 2.328315
v -2.461423 -1.907571 2.454965
v -2.222377 -1.974738 2.419169
vn 0.3630 0.6544 -0.6634
vn 0.3249 -0.2682 0.9069
vn 0.3206 -0.9186 0.2312
vn 0.3025 -0.8173 -0.4905
vn -0.0930 -0.9754 0.2000
vn -0.0060 -0.0329 -0.9994
vn -0.0720 -0.5446 0.8356
vn -0.0865 -0.9371 -0.3380
vn -0.6156 -0.2713 0.7399
vn -0.4704 -0.5637 -0.6789
vn -0.7329 0.6803 -0.0074
vn 0.0424 0.5676 0.8222
vn -0.1646 0.8785 -0.4485
vn 0.0089 0.9726 0.2323
vn 0.7433 0.6368 0.2048
vt 0.683247 0.810082
vt 0.624371 0.562957
vt 0.791281 0.556926
vt 0.431343 0.809960
vt 0.459915 0.566263
vt 0.541667 1.000000
vt 0.280654 0.657389
vt 0.209572 0.498083
vt 0.086642 0.350307
vt 0.308727 0.296507
vt 0.144242 0.941469
vt 0.024631 0.621900
vt 1.000000 0.311258
vt 0.976174 0.641405
vt 0.834722 0.311257
vt 0.931902 0.861723
vt 0.628130 0.317726
vt 0.699803 0.113171
vt 0.458333 0.315699
vt 0.157620 0.097343
s 1
g Sphere.027_Mat_Cardume_Corpo_60.013
usemtl Mat_Cardume_Corpo_60.013
f 2730/3591/4668 2731/3592/4669 2743/3593/4681
f 2735/3594/4673 2733/3595/4671 2731/3592/4669
f 2730/3591/4668 2740/3596/4678 2735/3594/4673
f 2735/3594/4673 2737/3597/4675 2733/3595/4671
f 2739/3598/4677 2741/3599/4679 2738/3600/4676
f 2740/3601/4678 2742/3602/4680 2737/3597/4675
f 2737/3597/4675 2742/3602/4680 2739/3598/4677
f 2741/3603/4679 2742/3604/4680 2729/3605/4667
f 2742/3604/4680 2740/3606/4678 2743/3593/4681
f 2729/3605/4667 2732/3607/4670 2734/3608/4672
f 2736/3609/4674 2731/3592/4669 2733/3595/4671
f 2730/3591/4668 2735/3594/4673 2731/3592/4669
f 2732/3607/4670 2736/3609/4674 2734/3608/4672
f 2738/3600/4676 2733/3595/4671 2737/3597/4675
f 2734/3610/4672 2736/3609/4674 2738/3600/4676
f 2738/3600/4676 2737/3597/4675 2739/3598/4677
f 2735/3594/4673 2740/3601/4678 2737/3597/4675
f 2734/3610/4672 2738/3600/4676 2741/3599/4679
f 2739/3598/4677 2742/3602/4680 2741/3599/4679
f 2734/3608/4672 2741/3603/4679 2729/3605/4667
f 2732/3607/4670 2743/3593/4681 2731/3592/4669
f 2729/3605/4667 2742/3604/4680 2743/3593/4681
f 2743/3593/4681 2740/3606/4678 2730/3591/4668
f 2736/3609/4674 2732/3607/4670 2731/3592/4669
f 2738/3600/4676 2736/3609/4674 2733/3595/4671
f 2732/3607/4670 2729/3605/4667 2743/3593/4681
o Cone.015
v -2.776764 -2.020684 2.275709
v -2.776764 -1.995040 2.463041
v -2.776764 -1.984276 2.461250
v -2.603964 -2.000000 2.400000
vn -0.4394 -0.1475 -0.8861
vn -0.0282 -0.9809 0.1925
vn -0.0282 0.9904 -0.1356
vn 1.0000 -0.0000 -0.0000
vt 0.250000 0.490000
vt 0.250000 0.250000
vt 0.457846 0.130000
vt 0.750000 0.490000
vt 0.957846 0.130000
vt 0.542154 0.130000
vt 0.042154 0.130000
s 1
g Cone.015_Mat_Cardume_Barbatana_30.013
usemtl Mat_Cardume_Barbatana_30.013
f 2744/3611/4682 2747/3612/4685 2745/3613/4683
f 2744/3614/4682 2745/3615/4683 2746/3616/4684
f 2745/3613/4683 2747/3612/4685 2746/3617/4684
f 2746/3617/4684 2747/3612/4685 2744/3611/4682
o Sphere.028
v -2.312345 -2.059775 2.403253
v -2.318938 -2.062820 2.378203
v -2.342549 -2.055941 2.435381
v -2.319177 -2.070975 2.420850
v -2.313731 -2.073191 2.403874
v -2.313864 -2.070718 2.390841
v -2.331568 -2.065735 2.367893
v -2.330676 -2.071316 2.430969
v -2.321408 -2.084758 2.389169
v -2.325015 -2.079041 2.377104
v -2.323560 -2.086155 2.413771
v -2.321951 -2.087958 2.403464
v -2.341369 -2.065122 2.364609
v -2.338357 -2.085758 2.427114
v -2.337473 -2.095758 2.411320
v -2.332950 -2.095385 2.392175
v -2.345377 -2.091068 2.422821
v -2.345418 -2.099041 2.403563
v -2.340033 -2.089841 2.376482
v -2.340062 -2.078866 2.368077
v -2.345322 -2.072926 2.434752
v -2.361267 -2.096848 2.404281
v -2.348524 -2.097884 2.389309
v -2.360755 -2.087088 2.424497
v -2.356047 -2.094539 2.416611
v -2.354840 -2.085081 2.372002
v -2.362018 -2.093797 2.385272
v -2.356747 -2.078144 2.431982
v -2.365067 -2.078380 2.371475
v -2.371132 -2.085417 2.417495
v -2.373977 -2.088690 2.403617
v -2.373047 -2.083391 2.382885
v -2.352302 -2.073241 2.365294
v -2.379626 -2.074872 2.414762
v -2.379024 -2.082306 2.395309
v -2.376490 -2.072528 2.378295
v -2.382898 -2.066401 2.410544
v -2.370521 -2.068703 2.428590
v -2.384475 -2.063420 2.393281
v -2.365569 -2.061861 2.367931
v -2.376793 -2.056957 2.421832
v -2.381066 -2.051341 2.411234
v -2.376160 -2.058587 2.376989
v -2.381652 -2.048720 2.396003
v -2.376057 -2.045924 2.383606
v -2.352667 -2.062576 2.364019
v -2.366393 -2.049450 2.428604
v -2.377207 -2.042733 2.410827
v -2.358254 -2.053110 2.366581
v -2.359339 -2.062400 2.434773
v -2.370836 -2.034669 2.396437
v -2.367413 -2.037918 2.382104
v -2.365082 -2.046817 2.372086
v -2.351385 -2.065781 2.435990
v -2.361443 -2.036927 2.422049
v -2.363314 -2.031211 2.409877
v -2.347548 -2.035237 2.423551
v -2.358088 -2.028421 2.392867
v -2.353199 -2.047086 2.432363
v -2.351287 -2.028731 2.411492
v -2.344447 -2.027271 2.393175
v -2.352571 -2.035269 2.376543
v -2.350506 -2.042825 2.369909
v -2.338851 -2.029567 2.410545
v -2.331380 -2.031349 2.392864
v -2.346861 -2.053194 2.365007
v -2.338720 -2.045396 2.430203
v -2.327821 -2.035334 2.411284
v -2.336500 -2.039892 2.374015
v -2.330675 -2.041162 2.423519
v -2.319616 -2.043325 2.410829
v -2.320033 -2.040528 2.396437
v -2.323718 -2.045157 2.379578
v -2.332995 -2.055777 2.367923
v -2.332767 -2.057335 2.432293
v -2.321746 -2.054534 2.423172
v -2.312867 -2.055879 2.407147
v -2.315117 -2.052850 2.389447
vn 0.2947 -0.0463 0.9545
vn 0.8212 -0.2738 -0.5007
vn 0.4838 -0.3244 -0.8128
vn 0.8564 -0.3997 0.3269
vn 0.1332 -0.0584 0.9894
vn 0.6501 -0.7464 -0.1424
vn 0.5261 -0.8199 0.2255
vn 0.1126 -0.2330 -0.9659
vn 0.0253 -0.1178 -0.9927
vn 0.4306 -0.7515 0.4999
vn 0.3308 -0.9418 0.0598
vn 0.1785 -0.9768 -0.1182
vn 0.0572 -0.9101 0.4104
vn -0.1263 -0.7576 0.6404
vn -0.1229 -0.9647 0.2328
vn 0.0203 -0.5032 0.8639
vn -0.0790 -0.8202 -0.5666
vn -0.2472 -0.9582 -0.1441
vn -0.3957 -0.6547 -0.6441
vn -0.4379 -0.7692 0.4654
vn -0.6265 -0.7537 -0.1986
vn -0.5269 -0.7968 0.2959
vn -0.2333 -0.2069 0.9501
vn -0.3734 -0.2212 0.9009
vn -0.4807 -0.4260 0.7665
vn -0.6172 -0.4640 -0.6354
vn -0.8325 -0.4176 -0.3640
vn -0.6810 -0.3876 0.6213
vn -0.3579 -0.2062 -0.9107
vn -0.5729 -0.1885 -0.7977
vn -0.8099 -0.1000 0.5779
vn -0.9059 0.0912 0.4136
vn -0.5287 0.1128 0.8413
vn -0.6049 0.1291 0.7858
vn -0.9055 0.4110 0.1055
vn -0.6644 0.3503 -0.6601
vn -0.6898 0.4304 0.5822
vn -0.6104 0.5431 0.5765
vn -0.1332 0.1849 -0.9737
vn -0.7923 0.6101 -0.0089
vn -0.6741 0.6692 -0.3127
vn -0.5619 0.7122 0.4208
vn -0.3653 0.6521 -0.6643
vn -0.4371 0.8993 0.0132
vn -0.0903 0.1421 0.9857
vn -0.4864 0.8199 -0.3020
vn -0.1590 0.6369 0.7544
vn -0.2377 0.8646 0.4426
vn -0.1233 0.3884 -0.9132
vn 0.0870 0.4135 0.9063
vn 0.1681 0.8538 -0.4927
vn 0.0940 0.8881 0.4500
vn 0.2985 0.9539 0.0300
vn 0.2357 0.6673 0.7065
vn 0.3844 0.7954 0.4686
vn 0.2590 0.3951 -0.8814
vn 0.3263 0.3185 0.8900
vn 0.4998 0.4041 -0.7661
vn 0.6365 0.6280 0.4476
vn 0.2283 0.1372 -0.9639
vn 0.0663 0.0637 -0.9958
vn 0.8072 0.5000 -0.3137
vn 0.5452 0.3442 0.7644
vn 0.8193 0.2615 -0.5102
vn 0.8391 0.3227 0.4378
vn 0.9839 0.0557 -0.1696
vn 0.6171 0.0909 -0.7816
vn 0.8722 -0.4834 -0.0751
vn 0.9941 -0.1041 -0.0299
vn 0.6468 -0.1924 -0.7380
vn 0.2573 -0.0777 0.9632
vn 0.8165 -0.3877 -0.4279
vn 0.2991 -0.2066 -0.9316
vn 0.8505 -0.4794 0.2166
vn 0.5791 -0.4833 0.6566
vn 0.5213 -0.7031 -0.4837
vn 0.2703 -0.3799 0.8847
vn -0.0753 -0.6199 0.7811
vn 0.4250 -0.5496 -0.7192
vn 0.4859 -0.8685 0.0979
vn 0.2177 -0.8853 -0.4110
vn 0.2864 -0.8022 0.5239
vn 0.0397 -0.9341 0.3547
vn -0.9611 -0.2731 0.0407
vn -0.0856 -0.8109 -0.5789
vn 0.0447 -0.6073 -0.7932
vn -0.0262 -0.4885 -0.8722
vn -0.1391 -0.9890 -0.0500
vn -0.1129 -0.2618 0.9585
vn -0.2426 -0.4384 -0.8655
vn -0.4695 -0.8104 0.3506
vn -0.5325 -0.8388 -0.1136
vn -0.6374 -0.7313 -0.2428
vn -0.4703 -0.6384 -0.6093
vn -0.5484 -0.4485 0.7058
vn -0.7805 -0.5535 0.2906
vn -0.2942 -0.1233 -0.9478
vn -0.8636 -0.4792 0.1564
vn -0.9872 0.1150 0.1101
vn -0.9061 -0.2942 -0.3040
vn -0.8878 -0.0221 -0.4597
vn -0.8516 -0.0703 0.5194
vn -0.2132 0.9725 0.0940
vn -0.6587 -0.0547 -0.7504
vn -0.8944 0.2128 -0.3934
vn -0.2843 0.0905 -0.9544
vn -0.9041 0.2392 -0.3540
vn -0.5896 0.2327 -0.7735
vn -0.7757 0.3719 0.5099
vn -0.4571 0.2505 -0.8534
vn -0.5942 0.5277 -0.6070
vn -0.7711 0.6001 -0.2126
vn -0.3080 0.2672 0.9131
vn -0.6247 0.7658 0.1526
vn -0.3187 0.5354 0.7821
vn -0.2751 0.5907 -0.7585
vn -0.2541 0.4657 -0.8477
vn -0.1114 0.1980 0.9739
vn -0.3193 0.8306 -0.4563
vn -0.1579 0.8478 0.5063
vn 0.6962 0.7081 0.1175
vn -0.0677 0.9117 -0.4053
vn 0.0538 0.5793 0.8134
vn 0.0748 0.9914 0.1070
vn 0.0764 0.6695 -0.7389
vn 0.2808 0.7968 0.5351
vn 0.1574 0.4668 -0.8703
vn 0.2553 0.8527 -0.4558
vn 0.4554 0.8843 0.1033
vn 0.6342 0.0216 0.7729
vn 0.6543 0.6805 -0.3299
vn 0.5028 0.7278 -0.4664
vn 0.9457 -0.0832 0.3142
vn 0.4684 0.3737 0.8006
vn 0.8866 0.4581 0.0634
vn 0.9178 0.3941 -0.0492
vn 0.7073 0.4583 0.5382
vn 0.6472 0.2317 -0.7263
vn 0.3200 0.0488 -0.9462
vn 0.9724 0.2167 -0.0865
vn 0.9354 0.0381 -0.3516
vn 0.8751 0.0691 0.4790
vn 0.8815 -0.4621 -0.0967
vn 0.5893 -0.4749 0.6536
vn 0.5229 -0.6991 -0.4876
vn -0.0362 -0.5989 0.8000
vn -0.9435 -0.3183 0.0924
vn -0.9820 0.1761 0.0680
vn -0.0850 0.9952 0.0476
vn 0.6185 0.7842 0.0501
vn 0.6607 -0.0028 0.7507
vn 0.9501 -0.1475 0.2750
vt 0.804249 0.848025
vt 0.884756 0.915970
vt 0.676250 0.821957
vt 0.749488 0.292930
vt 0.714279 0.417909
vt 0.655131 0.286873
vt 0.726935 0.152922
vt 0.580987 0.167366
vt 0.708567 0.690602
vt 0.634035 0.624964
vt 0.703830 0.532515
vt 0.671875 1.000000
vt 0.551942 0.909231
vt 0.628052 0.526469
vt 0.572016 0.435152
vt 0.641194 0.402575
vt 0.552187 0.600548
vt 0.445463 0.098320
vt 0.703139 0.062500
vt 0.578125 0.000000
vt 0.567931 0.766799
vt 0.514217 0.531352
vt 0.500003 0.406724
vt 0.516468 0.717289
vt 0.460577 0.645915
vt 0.424241 0.735141
vt 0.444278 0.535980
vt 0.420900 0.840798
vt 0.428121 0.370061
vt 0.546665 0.280866
vt 0.369858 0.210550
vt 0.453152 0.219058
vt 0.371877 0.656890
vt 0.375018 0.531130
vt 0.338128 0.458811
vt 0.406426 0.964763
vt 0.231094 0.896800
vt 0.287226 0.781475
vt 0.359779 0.344269
vt 0.299187 0.300430
vt 0.310446 0.634411
vt 0.247508 0.161055
vt 0.216770 0.702232
vt 0.194451 0.596355
vt 0.265625 0.595977
vt 0.147102 0.785900
vt 0.142699 0.590547
vt 0.185535 0.466154
vt 0.162916 0.351922
vt 0.126242 0.222916
vt 0.221046 0.284353
vt 0.073101 0.705107
vt 0.273129 0.036605
vt 0.125103 0.125000
vt 0.043730 0.087141
vt 0.108032 0.469166
vt 0.102589 0.336191
vt 0.070976 0.585164
vt 0.027220 0.279821
vt 0.046075 0.436626
vt 0.078125 1.000000
vt 0.014102 0.903265
vt 0.054564 0.846020
vt 0.007229 0.724317
vt 0.010454 0.605198
vt 0.024431 0.187500
vt 0.920301 0.812500
vt 1.000000 0.812500
vt 0.992303 0.277267
vt 0.983864 0.441679
vt 0.917049 0.253482
vt 0.984384 0.724317
vt 0.954401 0.593080
vt 1.000000 0.605198
vt 0.921917 0.437747
vt 0.891522 0.719830
vt 0.897990 0.598987
vt 0.827645 0.158907
vt 0.954872 0.087141
vt 0.845287 0.316638
vt 0.844657 0.593400
vt 0.828125 0.000000
vt 0.858032 0.469167
vt 0.797116 0.406654
vt 0.797589 0.718022
vt 0.789540 0.577180
vt 0.764830 0.532292
vt 0.250838 0.440922
vt 0.000000 0.441679
vt 0.985117 0.187500
s 0
g Sphere.028_Mat_Cardume_Olho_10.013
usemtl Mat_Cardume_Olho_10.013
f 2822/3618/4686 2750/3619/4686 2755/3620/4686
f 2749/3621/4687 2753/3622/4687 2757/3623/4687
f 2754/3624/4688 2757/3623/4688 2767/3625/4688
f 2751/3626/4689 2758/3627/4689 2752/3628/4689
f 2750/3619/4690 2801/3629/4690 2768/3630/4690
f 2759/3631/4691 2763/3632/4691 2756/3633/4691
f 2758/3627/4692 2762/3634/4692 2759/3631/4692
f 2767/3625/4693 2780/3635/4693 2760/3636/4693
f 2793/3637/4694 2760/3636/4694 2780/3635/4694
f 2761/3638/4695 2762/3634/4695 2758/3627/4695
f 2762/3634/4696 2765/3639/4696 2763/3632/4696
f 2765/3639/4697 2770/3640/4697 2763/3632/4697
f 2762/3634/4698 2764/3641/4698 2772/3642/4698
f 2764/3641/4699 2771/3643/4699 2772/3642/4699
f 2765/3639/4700 2772/3642/4700 2769/3644/4700
f 2768/3630/4701 2775/3645/4701 2761/3638/4701
f 2770/3640/4702 2774/3646/4702 2766/3647/4702
f 2769/3644/4703 2774/3646/4703 2770/3640/4703
f 2774/3646/4704 2776/3648/4704 2773/3649/4704
f 2772/3642/4705 2771/3643/4705 2777/3650/4705
f 2778/3651/4706 2782/3652/4706 2774/3646/4706
f 2777/3650/4707 2778/3651/4707 2769/3644/4707
f 2801/3653/4708 2797/3654/4708 2775/3645/4708
f 2775/3645/4709 2797/3654/4709 2785/3655/4709
f 2775/3645/4710 2785/3655/4710 2771/3643/4710
f 2779/3656/4711 2783/3657/4711 2776/3648/4711
f 2782/3652/4712 2783/3657/4712 2779/3656/4712
f 2777/3650/4713 2785/3655/4713 2781/3658/4713
f 2776/3648/4714 2787/3659/4714 2780/3635/4714
f 2776/3648/4715 2783/3657/4715 2787/3659/4715
f 2785/3655/4716 2788/3660/4716 2781/3658/4716
f 2788/3660/4717 2789/3661/4717 2784/3662/4717
f 2797/3654/4718 2794/3663/4718 2785/3655/4718
f 2785/3655/4719 2794/3663/4719 2788/3660/4719
f 2789/3661/4720 2795/3664/4720 2791/3665/4720
f 2792/3666/4721 2800/3667/4721 2790/3668/4721
f 2788/3660/4722 2794/3663/4722 2795/3664/4722
f 2795/3664/4723 2794/3663/4723 2802/3669/4723
f 2793/3670/4724 2796/3671/4724 2813/3672/4724
f 2795/3664/4725 2798/3673/4725 2791/3665/4725
f 2798/3673/4726 2799/3674/4726 2792/3666/4726
f 2802/3669/4727 2803/3675/4727 2795/3664/4727
f 2799/3674/4728 2809/3676/4728 2800/3667/4728
f 2798/3673/4729 2803/3675/4729 2805/3677/4729
f 2797/3654/4730 2801/3678/4730 2750/3679/4730
f 2798/3673/4731 2805/3677/4731 2799/3674/4731
f 2806/3680/4732 2804/3681/4732 2802/3669/4732
f 2802/3669/4733 2807/3682/4733 2803/3675/4733
f 2796/3671/4734 2810/3683/4734 2813/3672/4734
f 2750/3619/4735 2814/3684/4735 2806/3685/4735
f 2809/3686/4736 2808/3687/4736 2816/3688/4736
f 2804/3689/4737 2811/3690/4737 2807/3691/4737
f 2808/3687/4738 2811/3690/4738 2812/3692/4738
f 2814/3684/4739 2817/3693/4739 2804/3689/4739
f 2817/3693/4740 2815/3694/4740 2811/3690/4740
f 2816/3688/4741 2821/3695/4741 2813/3696/4741
f 2750/3619/4742 2822/3618/4742 2814/3684/4742
f 2816/3688/4743 2820/3697/4743 2821/3695/4743
f 2817/3693/4744 2818/3698/4744 2815/3694/4744
f 2813/3696/4745 2821/3695/4745 2760/3636/4745
f 2793/3699/4746 2813/3696/4746 2760/3636/4746
f 2819/3700/4747 2825/3701/4747 2820/3697/4747
f 2822/3618/4748 2823/3702/4748 2817/3693/4748
f 2825/3701/4749 2749/3621/4749 2820/3697/4749
f 2818/3698/4750 2823/3702/4750 2824/3703/4750
f 2748/3704/4751 2753/3622/4751 2825/3701/4751
f 2749/3621/4752 2754/3624/4752 2821/3695/4752
f 2756/3633/4753 2752/3628/4753 2759/3631/4753
f 2748/3704/4754 2752/3628/4754 2753/3622/4754
f 2749/3621/4755 2757/3623/4755 2754/3624/4755
f 2750/3619/4756 2768/3630/4756 2755/3620/4756
f 2757/3623/4757 2753/3622/4757 2756/3633/4757
f 2754/3624/4758 2767/3625/4758 2760/3636/4758
f 2752/3628/4759 2758/3627/4759 2759/3631/4759
f 2758/3627/4760 2755/3620/4760 2761/3638/4760
f 2766/3647/4761 2756/3633/4761 2763/3632/4761
f 2755/3620/4762 2768/3630/4762 2761/3638/4762
f 2764/3641/4763 2775/3645/4763 2771/3643/4763
f 2767/3625/4764 2757/3623/4764 2766/3647/4764
f 2763/3632/4765 2759/3631/4765 2762/3634/4765
f 2763/3632/4766 2770/3640/4766 2766/3647/4766
f 2762/3634/4767 2761/3638/4767 2764/3641/4767
f 2762/3634/4768 2772/3642/4768 2765/3639/4768
f 2782/3652/4769 2784/3662/4769 2786/3705/4769
f 2766/3647/4770 2774/3646/4770 2773/3649/4770
f 2767/3625/4771 2766/3647/4771 2773/3649/4771
f 2767/3625/4772 2773/3649/4772 2780/3635/4772
f 2765/3639/4773 2769/3644/4773 2770/3640/4773
f 2768/3630/4774 2801/3653/4774 2775/3645/4774
f 2773/3649/4775 2776/3648/4775 2780/3635/4775
f 2772/3642/4776 2777/3650/4776 2769/3644/4776
f 2769/3644/4777 2778/3651/4777 2774/3646/4777
f 2774/3646/4778 2782/3652/4778 2779/3656/4778
f 2774/3646/4779 2779/3656/4779 2776/3648/4779
f 2777/3650/4780 2771/3643/4780 2785/3655/4780
f 2777/3650/4781 2781/3658/4781 2778/3651/4781
f 2780/3635/4782 2787/3659/4782 2793/3670/4782
f 2778/3651/4783 2781/3658/4783 2782/3652/4783
f 2789/3661/4784 2786/3705/4784 2784/3662/4784
f 2782/3652/4785 2786/3705/4785 2783/3657/4785
f 2783/3657/4786 2786/3705/4786 2790/3668/4786
f 2781/3658/4787 2788/3660/4787 2784/3662/4787
f 2807/3682/4788 2805/3677/4788 2803/3675/4788
f 2787/3659/4789 2783/3657/4789 2790/3668/4789
f 2790/3668/4790 2786/3705/4790 2792/3666/4790
f 2793/3670/4791 2787/3659/4791 2796/3671/4791
f 2786/3705/4792 2791/3665/4792 2792/3666/4792
f 2787/3659/4793 2790/3668/4793 2800/3667/4793
f 2788/3660/4794 2795/3664/4794 2789/3661/4794
f 2787/3659/4795 2800/3667/4795 2796/3671/4795
f 2792/3666/4796 2799/3674/4796 2800/3667/4796
f 2791/3665/4797 2798/3673/4797 2792/3666/4797
f 2797/3654/4798 2806/3680/4798 2794/3663/4798
f 2798/3673/4799 2795/3664/4799 2803/3675/4799
f 2794/3663/4800 2806/3680/4800 2802/3669/4800
f 2800/3667/4801 2809/3676/4801 2810/3683/4801
f 2796/3671/4802 2800/3667/4802 2810/3683/4802
f 2797/3654/4803 2750/3679/4803 2806/3680/4803
f 2799/3674/4804 2805/3677/4804 2809/3676/4804
f 2802/3669/4805 2804/3681/4805 2807/3682/4805
f 2819/3700/4806 2815/3694/4806 2818/3698/4806
f 2805/3677/4807 2808/3706/4807 2809/3676/4807
f 2806/3685/4808 2814/3684/4808 2804/3689/4808
f 2808/3687/4809 2807/3691/4809 2811/3690/4809
f 2810/3707/4810 2809/3686/4810 2816/3688/4810
f 2804/3689/4811 2817/3693/4811 2811/3690/4811
f 2813/3696/4812 2810/3707/4812 2816/3688/4812
f 2816/3688/4813 2808/3687/4813 2812/3692/4813
f 2812/3692/4814 2811/3690/4814 2815/3694/4814
f 2755/3620/4815 2823/3702/4815 2822/3618/4815
f 2812/3692/4816 2819/3700/4816 2820/3697/4816
f 2816/3688/4817 2812/3692/4817 2820/3697/4817
f 2748/3704/4818 2751/3626/4818 2752/3628/4818
f 2814/3684/4819 2822/3618/4819 2817/3693/4819
f 2819/3700/4820 2818/3698/4820 2824/3703/4820
f 2819/3700/4821 2824/3703/4821 2825/3701/4821
f 2818/3698/4822 2817/3693/4822 2823/3702/4822
f 2821/3695/4823 2820/3697/4823 2749/3621/4823
f 2821/3695/4824 2754/3624/4824 2760/3636/4824
f 2824/3703/4825 2748/3704/4825 2825/3701/4825
f 2825/3701/4826 2753/3622/4826 2749/3621/4826
f 2824/3703/4827 2823/3702/4827 2751/3626/4827
f 2756/3633/4828 2753/3622/4828 2752/3628/4828
f 2758/3627/4829 2751/3626/4829 2755/3620/4829
f 2766/3647/4830 2757/3623/4830 2756/3633/4830
f 2764/3641/4831 2761/3638/4831 2775/3645/4831
f 2782/3652/4832 2781/3658/4832 2784/3662/4832
f 2789/3661/4833 2791/3665/4833 2786/3705/4833
f 2807/3682/4834 2808/3706/4834 2805/3677/4834
f 2819/3700/4835 2812/3692/4835 2815/3694/4835
f 2755/3620/4836 2751/3626/4836 2823/3702/4836
f 2748/3704/4837 2824/3703/4837 2751/3626/4837
o Sphere.029
v -1.916437 -2.536948 2.610515
v -1.846748 -2.562917 2.534220
v -1.869111 -2.575562 2.432935
v -2.027224 -2.613766 2.365580
v -2.053724 -2.644204 2.622611
v -2.046987 -2.704446 2.539859
v -2.042826 -2.701813 2.439766
v -2.181703 -2.726306 2.424676
v -2.234513 -2.725873 2.568110
v -2.271744 -2.708889 2.495809
v -2.024316 -2.538369 2.619111
v -2.174072 -2.605069 2.424278
v -2.071743 -2.510774 2.549324
v -1.830128 -2.451173 2.517620
v -1.889267 -2.483307 2.413371
vn 0.3880 -0.0223 0.9214
vn 0.7292 -0.6218 0.2858
vn 0.6846 -0.5807 -0.4406
vn 0.0411 -0.0833 -0.9957
vn 0.1844 -0.4634 0.8668
vn 0.4003 -0.8793 0.2581
vn 0.4029 -0.8709 -0.2812
vn -0.1057 -0.7578 -0.6439
vn -0.4199 -0.5039 0.7549
vn -0.9740 0.2212 -0.0481
vn -0.2713 0.5546 0.7867
vn -0.5676 0.6538 -0.5004
vn -0.4847 0.8573 0.1735
vn 0.3198 0.9328 0.1662
vn 0.0076 0.7127 -0.7014
vt 0.683247 0.810082
vt 0.624371 0.562957
vt 0.791281 0.556926
vt 0.431343 0.809960
vt 0.459915 0.566263
vt 0.541667 1.000000
vt 0.280654 0.657389
vt 0.209572 0.498083
vt 0.086642 0.350307
vt 0.308727 0.296507
vt 0.144242 0.941469
vt 0.024631 0.621900
vt 1.000000 0.311258
vt 0.976174 0.641405
vt 0.834722 0.311257
vt 0.931902 0.861723
vt 0.628130 0.317726
vt 0.699803 0.113171
vt 0.458333 0.315699
vt 0.157620 0.097343
s 1
g Sphere.029_Mat_Cardume_Corpo_60.014
usemtl Mat_Cardume_Corpo_60.014
f 2826/3708/4838 2827/3709/4839 2839/3710/4851
f 2830/3711/4842 2831/3712/4843 2827/3709/4839
f 2826/3708/4838 2836/3713/4848 2830/3711/4842
f 2830/3711/4842 2834/3714/4846 2831/3712/4843
f 2835/3715/4847 2837/3716/4849 2833/3717/4845
f 2836/3718/4848 2838/3719/4850 2834/3714/4846
f 2834/3714/4846 2838/3719/4850 2835/3715/4847
f 2837/3720/4849 2838/3721/4850 2840/3722/4852
f 2838/3721/4850 2836/3723/4848 2839/3710/4851
f 2840/3722/4852 2828/3724/4840 2829/3725/4841
f 2832/3726/4844 2827/3709/4839 2831/3712/4843
f 2826/3708/4838 2830/3711/4842 2827/3709/4839
f 2828/3724/4840 2832/3726/4844 2829/3725/4841
f 2833/3717/4845 2831/3712/4843 2834/3714/4846
f 2829/3727/4841 2832/3726/4844 2833/3717/4845
f 2833/3717/4845 2834/3714/4846 2835/3715/4847
f 2829/3727/4841 2833/3717/4845 2837/3716/4849
f 2830/3711/4842 2836/3718/4848 2834/3714/4846
f 2835/3715/4847 2838/3719/4850 2837/3716/4849
f 2829/3725/4841 2837/3720/4849 2840/3722/4852
f 2828/3724/4840 2839/3710/4851 2827/3709/4839
f 2840/3722/4852 2838/3721/4850 2839/3710/4851
f 2839/3710/4851 2836/3723/4848 2826/3708/4838
f 2832/3726/4844 2828/3724/4840 2827/3709/4839
f 2833/3717/4845 2832/3726/4844 2831/3712/4843
f 2828/3724/4840 2840/3722/4852 2839/3710/4851
o Cone.016
v -2.276268 -2.787209 2.381058
v -2.304878 -2.737656 2.561271
v -2.310028 -2.728735 2.557670
v -2.147408 -2.664800 2.500000
vn -0.2323 -0.4764 -0.8480
vn 0.4424 -0.8227 0.3570
vn -0.5008 0.8110 -0.3025
vn 0.8660 0.5000 -0.0000
vt 0.250000 0.490000
vt 0.250000 0.250000
vt 0.457846 0.130000
vt 0.750000 0.490000
vt 0.957846 0.130000
vt 0.542154 0.130000
vt 0.042154 0.130000
s 1
g Cone.016_Mat_Cardume_Barbatana_30.014
usemtl Mat_Cardume_Barbatana_30.014
f 2841/3728/4853 2844/3729/4856 2842/3730/4854
f 2841/3731/4853 2842/3732/4854 2843/3733/4855
f 2842/3730/4854 2844/3729/4856 2843/3734/4855
f 2843/3734/4855 2844/3729/4856 2841/3728/4853
o Sphere.030
v -1.867372 -2.567644 2.507147
v -1.864972 -2.570757 2.503253
v -1.860816 -2.580994 2.490841
v -1.869159 -2.576691 2.478203
v -1.893046 -2.582539 2.535381
v -1.865289 -2.583873 2.520850
v -1.859464 -2.583069 2.503874
v -1.878639 -2.585530 2.467892
v -1.875077 -2.589917 2.530969
v -1.859199 -2.599967 2.503464
v -1.860329 -2.596925 2.489169
v -1.866311 -2.593777 2.477104
v -1.861494 -2.599211 2.513771
v -1.887434 -2.589900 2.464609
v -1.874507 -2.606265 2.527113
v -1.877932 -2.614373 2.522821
v -1.868742 -2.614483 2.511320
v -1.865011 -2.611899 2.492175
v -1.873981 -2.621299 2.503563
v -1.873918 -2.610639 2.476481
v -1.879430 -2.601149 2.468077
v -1.886955 -2.598634 2.534752
v -1.877249 -2.621850 2.489309
v -1.889120 -2.613920 2.472002
v -1.885437 -2.622715 2.516611
v -1.888803 -2.627325 2.504281
v -1.890979 -2.625057 2.485272
v -1.901328 -2.613231 2.471475
v -1.894240 -2.608866 2.531981
v -1.893240 -2.618616 2.524497
v -1.903061 -2.622357 2.517495
v -1.903889 -2.626615 2.503617
v -1.905733 -2.621561 2.482884
v -1.892843 -2.602397 2.465294
v -1.911451 -2.623610 2.495309
v -1.915690 -2.617473 2.514761
v -1.910890 -2.607577 2.528590
v -1.922759 -2.611772 2.510544
v -1.914146 -2.613874 2.478295
v -1.925616 -2.609979 2.493281
v -1.922194 -2.600541 2.521832
v -1.920831 -2.601636 2.476989
v -1.910022 -2.599175 2.467931
v -1.928703 -2.597814 2.511234
v -1.930520 -2.595837 2.496003
v -1.898491 -2.593344 2.464019
v -1.929665 -2.588429 2.510827
v -1.927074 -2.590618 2.483606
v -1.904358 -2.596527 2.534773
v -1.916942 -2.588839 2.528604
v -1.928179 -2.578260 2.496437
v -1.923591 -2.579363 2.482104
v -1.917122 -2.585904 2.472086
v -1.895778 -2.595479 2.535990
v -1.918915 -2.575519 2.522049
v -1.908062 -2.587940 2.466581
v -1.923395 -2.571505 2.509876
v -1.920264 -2.566476 2.492867
v -1.906697 -2.580195 2.532363
v -1.914219 -2.563343 2.511492
v -1.906495 -2.575159 2.469909
v -1.907727 -2.567109 2.523551
v -1.909025 -2.558659 2.493175
v -1.912062 -2.569647 2.476543
v -1.903031 -2.557850 2.510545
v -1.895669 -2.555657 2.492864
v -1.895003 -2.571493 2.530203
v -1.890595 -2.557328 2.511284
v -1.895832 -2.565616 2.474015
v -1.890152 -2.563802 2.523519
v -1.881253 -2.557933 2.496437
v -1.898154 -2.582316 2.465007
v -1.879493 -2.560147 2.510828
v -1.882130 -2.563784 2.479578
v -1.875734 -2.570919 2.523172
v -1.870835 -2.566146 2.489447
v -1.884854 -2.577620 2.467923
v -1.883878 -2.578855 2.532293
vn 0.2784 0.1072 0.9545
vn 0.8481 0.1735 -0.5007
vn 0.9415 0.0821 0.3269
vn 0.1446 0.0161 0.9894
vn 0.5812 -0.0390 -0.8128
vn 0.9362 -0.3213 -0.1424
vn 0.7486 -0.4355 0.4999
vn 0.8656 -0.4470 0.2255
vn 0.2140 -0.1455 -0.9659
vn 0.0808 -0.0893 -0.9927
vn 0.7574 -0.6502 0.0598
vn 0.5046 -0.7596 0.4104
vn 0.6430 -0.7567 -0.1182
vn 0.2692 -0.4256 0.8639
vn 0.3417 -0.7498 -0.5666
vn 0.2694 -0.7192 0.6404
vn 0.3759 -0.8969 0.2328
vn 0.2651 -0.9534 -0.1441
vn -0.0153 -0.7648 -0.6441
vn 0.0054 -0.8851 0.4654
vn -0.0579 -0.9535 0.2959
vn -0.1657 -0.9660 -0.1986
vn -0.2128 -0.3783 0.9009
vn -0.2033 -0.6093 0.7665
vn -0.3025 -0.7104 -0.6354
vn -0.0986 -0.2958 0.9501
vn -0.2069 -0.3576 -0.9107
vn -0.5122 -0.7779 -0.3640
vn -0.3960 -0.6761 0.6213
vn -0.4019 -0.4497 -0.7977
vn -0.6514 -0.4916 0.5779
vn -0.8301 -0.3740 0.4136
vn -0.5143 -0.1667 0.8413
vn -0.5884 -0.1906 0.7858
vn -0.7506 -0.0288 -0.6601
vn -0.8126 0.0278 0.5822
vn -0.9897 -0.0968 0.1055
vn -0.9912 0.1322 -0.0089
vn -0.8002 0.1651 0.5765
vn -0.2078 0.0935 -0.9737
vn -0.8427 0.3358 0.4208
vn -0.9184 0.2425 -0.3127
vn -0.8312 0.4668 -0.3020
vn -0.6425 0.3821 -0.6643
vn -0.8282 0.5603 0.0132
vn -0.1493 0.0779 0.9857
vn -0.6382 0.6299 0.4426
vn -0.3010 0.2747 -0.9132
vn -0.4562 0.4720 0.7544
vn -0.3626 0.8161 0.4500
vn -0.1314 0.4016 0.9063
vn -0.2813 0.8235 -0.4927
vn -0.1296 0.6958 0.7065
vn -0.2185 0.9754 0.0300
vn -0.0648 0.8811 0.4686
vn 0.0267 0.4717 -0.8814
vn 0.1233 0.4390 0.8900
vn 0.2308 0.5999 -0.7661
vn 0.2372 0.8622 0.4476
vn 0.3000 0.5707 0.7644
vn 0.1291 0.2330 -0.9639
vn 0.0256 0.0884 -0.9958
vn 0.4491 0.8366 -0.3137
vn 0.5788 0.6361 -0.5102
vn 0.5653 0.6991 0.4378
vn 0.4890 0.3872 -0.7816
vn 0.8242 0.5402 -0.1696
vn 0.9970 0.0175 -0.0751
vn 0.9130 0.4069 -0.0299
vn 0.6563 0.1568 -0.7380
vn 0.3624 -0.0294 -0.9316
vn 0.9762 0.0101 0.2166
vn 0.7431 -0.1290 0.6566
vn 0.2617 0.0614 0.9632
vn 0.9009 0.0725 -0.4279
vn 0.8030 -0.3482 -0.4837
vn 0.4240 -0.1939 0.8847
vn 0.2447 -0.5745 0.7811
vn 0.6429 -0.2635 -0.7192
vn 0.8551 -0.5092 0.0979
vn 0.6312 -0.6578 -0.4110
vn 0.6491 -0.5515 0.5239
vn 0.5015 -0.7891 0.3547
vn 0.3741 -0.9261 -0.0500
vn -0.6958 -0.7170 0.0407
vn 0.3314 -0.7450 -0.5789
vn 0.3424 -0.5036 -0.7932
vn 0.2216 -0.4362 -0.8722
vn 0.0332 -0.2832 0.9585
vn -0.0417 -0.9926 -0.1136
vn 0.0091 -0.5009 -0.8655
vn -0.0014 -0.9365 0.3506
vn -0.1864 -0.9520 -0.2428
vn -0.0882 -0.7880 -0.6093
vn -0.2507 -0.6626 0.7058
vn -0.3992 -0.8696 0.2906
vn -0.1931 -0.2539 -0.9478
vn -0.5083 -0.8469 0.1564
vn -0.9125 -0.3940 0.1101
vn -0.6376 -0.7078 -0.3040
vn -0.7578 -0.4630 -0.4597
vn -0.7024 -0.4867 0.5194
vn -0.5431 -0.3767 -0.7504
vn -0.6708 0.7356 0.0940
vn -0.2915 -0.0638 -0.9544
vn -0.9026 -0.2449 -0.3540
vn -0.8810 -0.2629 -0.3934
vn -0.6269 -0.0933 -0.7735
vn -0.8577 -0.0657 0.5099
vn -0.5211 -0.0116 -0.8534
vn -0.9679 0.1342 -0.2126
vn -0.4003 0.0774 0.9131
vn -0.7785 0.1599 -0.6070
vn -0.9239 0.3508 0.1526
vn -0.1954 0.1158 0.9739
vn -0.6918 0.5597 -0.4563
vn -0.5437 0.3043 0.7821
vn -0.5336 0.3741 -0.7585
vn -0.4530 0.2763 -0.8477
vn -0.5145 0.7557 -0.4053
vn -0.5606 0.6552 0.5063
vn 0.2489 0.9614 0.1175
vn -0.4309 0.8960 0.1070
vn -0.2431 0.5285 0.8134
vn -0.2052 0.8661 -0.4558
vn -0.2686 0.6180 -0.7389
vn -0.1552 0.8304 0.5351
vn -0.0971 0.4829 -0.8703
vn -0.0478 0.9935 0.1033
vn 0.0715 0.8817 -0.4664
vn 0.8606 0.4008 0.3142
vn 0.5384 0.3358 0.7729
vn 0.2264 0.9165 -0.3299
vn 0.2188 0.5579 0.8006
vn 0.3834 0.7506 0.5382
vn 0.5388 0.8400 0.0634
vn 0.5978 0.8002 -0.0492
vn 0.2527 0.2023 -0.9462
vn 0.7337 0.6739 -0.0865
vn 0.4446 0.5242 -0.7263
vn 0.7233 0.4973 0.4790
vn 0.7910 0.5007 -0.3516
vn 0.9945 0.0406 -0.0967
vn 0.7478 -0.1167 0.6536
vn 0.8024 -0.3440 -0.4876
vn 0.2681 -0.5368 0.8000
vn -0.6579 -0.7474 0.0924
vn -0.9385 -0.3385 0.0680
vn -0.5713 0.8194 0.0476
vn 0.1436 0.9884 0.0501
vn 0.8966 0.3473 0.2750
vn 0.5736 0.3279 0.7507
vt 0.804249 0.848025
vt 0.884756 0.915970
vt 0.676250 0.821957
vt 0.749488 0.292930
vt 0.714279 0.417909
vt 0.655131 0.286873
vt 0.708567 0.690602
vt 0.634035 0.624964
vt 0.703830 0.532515
vt 0.671875 1.000000
vt 0.551942 0.909231
vt 0.726935 0.152922
vt 0.580987 0.167366
vt 0.628052 0.526469
vt 0.572016 0.435152
vt 0.641194 0.402575
vt 0.567931 0.766799
vt 0.552187 0.600548
vt 0.445463 0.098320
vt 0.703139 0.062500
vt 0.578125 0.000000
vt 0.514217 0.531352
vt 0.516468 0.717289
vt 0.460577 0.645915
vt 0.500003 0.406724
vt 0.420900 0.840798
vt 0.428121 0.370061
vt 0.546665 0.280866
vt 0.424241 0.735141
vt 0.444278 0.535980
vt 0.369858 0.210550
vt 0.453152 0.219058
vt 0.371877 0.656890
vt 0.375018 0.531130
vt 0.338128 0.458811
vt 0.231094 0.896800
vt 0.287226 0.781475
vt 0.359779 0.344269
vt 0.299187 0.300430
vt 0.406426 0.964763
vt 0.247508 0.161055
vt 0.310446 0.634411
vt 0.216770 0.702232
vt 0.194451 0.596355
vt 0.265625 0.595977
vt 0.147102 0.785900
vt 0.162916 0.351922
vt 0.126242 0.222916
vt 0.221046 0.284353
vt 0.142699 0.590547
vt 0.185535 0.466154
vt 0.108032 0.469166
vt 0.073101 0.705107
vt 0.273129 0.036605
vt 0.125103 0.125000
vt 0.043730 0.087141
vt 0.070976 0.585164
vt 0.102589 0.336191
vt 0.046075 0.436626
vt 0.027220 0.279821
vt 0.078125 1.000000
vt 0.014102 0.903265
vt 0.010454 0.605198
vt 0.024431 0.187500
vt 0.054564 0.846020
vt 0.007229 0.724317
vt 0.984384 0.724317
vt 0.954401 0.593080
vt 1.000000 0.605198
vt 0.920301 0.812500
vt 1.000000 0.812500
vt 0.992303 0.277267
vt 0.983864 0.441679
vt 0.917049 0.253482
vt 0.891522 0.719830
vt 0.921917 0.437747
vt 0.897990 0.598987
vt 0.827645 0.158907
vt 0.954872 0.087141
vt 0.845287 0.316638
vt 0.844657 0.593400
vt 0.797589 0.718022
vt 0.828125 0.000000
vt 0.858032 0.469167
vt 0.797116 0.406654
vt 0.789540 0.577180
vt 0.764830 0.532292
vt 0.250838 0.440922
vt 0.000000 0.441679
vt 0.985117 0.187500
s 0
g Sphere.030_Mat_Cardume_Olho_10.014
usemtl Mat_Cardume_Olho_10.014
f 2922/3735/4857 2849/3736/4857 2853/3737/4857
f 2848/3738/4858 2847/3739/4858 2856/3740/4858
f 2850/3741/4859 2857/3742/4859 2851/3743/4859
f 2849/3736/4860 2898/3744/4860 2866/3745/4860
f 2852/3746/4861 2856/3740/4861 2865/3747/4861
f 2854/3748/4862 2862/3749/4862 2855/3750/4862
f 2859/3751/4863 2861/3752/4863 2857/3742/4863
f 2857/3742/4864 2861/3752/4864 2854/3748/4864
f 2865/3747/4865 2878/3753/4865 2858/3754/4865
f 2890/3755/4866 2858/3754/4866 2878/3753/4866
f 2861/3752/4867 2863/3756/4867 2862/3749/4867
f 2861/3752/4868 2860/3757/4868 2869/3758/4868
f 2863/3756/4869 2867/3759/4869 2862/3749/4869
f 2866/3745/4870 2873/3760/4870 2859/3751/4870
f 2867/3759/4871 2871/3761/4871 2864/3762/4871
f 2860/3757/4872 2874/3763/4872 2869/3758/4872
f 2863/3756/4873 2869/3758/4873 2870/3764/4873
f 2870/3764/4874 2871/3761/4874 2867/3759/4874
f 2871/3761/4875 2872/3765/4875 2868/3766/4875
f 2869/3758/4876 2874/3763/4876 2875/3767/4876
f 2875/3767/4877 2876/3768/4877 2870/3764/4877
f 2876/3768/4878 2879/3769/4878 2871/3761/4878
f 2873/3760/4879 2893/3770/4879 2881/3771/4879
f 2873/3760/4880 2881/3771/4880 2874/3763/4880
f 2877/3772/4881 2883/3773/4881 2872/3765/4881
f 2898/3774/4882 2893/3770/4882 2873/3760/4882
f 2872/3765/4883 2887/3775/4883 2878/3753/4883
f 2879/3769/4884 2883/3773/4884 2877/3772/4884
f 2875/3767/4885 2881/3771/4885 2880/3776/4885
f 2872/3765/4886 2883/3773/4886 2887/3775/4886
f 2881/3771/4887 2885/3777/4887 2880/3776/4887
f 2885/3777/4888 2888/3778/4888 2882/3779/4888
f 2893/3770/4889 2894/3780/4889 2881/3771/4889
f 2881/3771/4890 2894/3780/4890 2885/3777/4890
f 2892/3781/4891 2897/3782/4891 2886/3783/4891
f 2885/3777/4892 2894/3780/4892 2891/3784/4892
f 2888/3778/4893 2891/3784/4893 2889/3785/4893
f 2891/3784/4894 2895/3786/4894 2889/3785/4894
f 2891/3784/4895 2894/3780/4895 2899/3787/4895
f 2890/3788/4896 2900/3789/4896 2916/3790/4896
f 2899/3787/4897 2901/3791/4897 2891/3784/4897
f 2895/3786/4898 2896/3792/4898 2892/3781/4898
f 2895/3786/4899 2902/3793/4899 2896/3792/4899
f 2896/3792/4900 2908/3794/4900 2897/3782/4900
f 2895/3786/4901 2901/3791/4901 2902/3793/4901
f 2893/3770/4902 2898/3795/4902 2849/3796/4902
f 2899/3787/4903 2904/3797/4903 2901/3791/4903
f 2900/3789/4904 2905/3798/4904 2916/3790/4904
f 2903/3799/4905 2906/3800/4905 2899/3787/4905
f 2906/3801/4906 2909/3802/4906 2904/3803/4906
f 2849/3736/4907 2911/3804/4907 2903/3805/4907
f 2908/3806/4908 2907/3807/4908 2913/3808/4908
f 2911/3804/4909 2914/3809/4909 2906/3801/4909
f 2907/3807/4910 2909/3802/4910 2910/3810/4910
f 2914/3809/4911 2912/3811/4911 2909/3802/4911
f 2913/3808/4912 2921/3812/4912 2916/3813/4912
f 2849/3736/4913 2922/3735/4913 2911/3804/4913
f 2913/3808/4914 2918/3814/4914 2921/3812/4914
f 2914/3809/4915 2917/3815/4915 2912/3811/4915
f 2922/3735/4916 2919/3816/4916 2914/3809/4916
f 2916/3813/4917 2921/3812/4917 2858/3754/4917
f 2890/3817/4918 2916/3813/4918 2858/3754/4918
f 2915/3818/4919 2920/3819/4919 2918/3814/4919
f 2920/3819/4920 2848/3738/4920 2918/3814/4920
f 2917/3815/4921 2919/3816/4921 2845/3820/4921
f 2848/3738/4922 2852/3746/4922 2921/3812/4922
f 2846/3821/4923 2847/3739/4923 2920/3819/4923
f 2855/3750/4924 2851/3743/4924 2854/3748/4924
f 2846/3821/4925 2851/3743/4925 2847/3739/4925
f 2848/3738/4926 2856/3740/4926 2852/3746/4926
f 2852/3746/4927 2865/3747/4927 2858/3754/4927
f 2851/3743/4928 2857/3742/4928 2854/3748/4928
f 2857/3742/4929 2853/3737/4929 2859/3751/4929
f 2849/3736/4930 2866/3745/4930 2853/3737/4930
f 2856/3740/4931 2847/3739/4931 2855/3750/4931
f 2864/3762/4932 2855/3750/4932 2862/3749/4932
f 2853/3737/4933 2866/3745/4933 2859/3751/4933
f 2860/3757/4934 2873/3760/4934 2874/3763/4934
f 2865/3747/4935 2856/3740/4935 2864/3762/4935
f 2862/3749/4936 2854/3748/4936 2861/3752/4936
f 2862/3749/4937 2867/3759/4937 2864/3762/4937
f 2861/3752/4938 2859/3751/4938 2860/3757/4938
f 2861/3752/4939 2869/3758/4939 2863/3756/4939
f 2863/3756/4940 2870/3764/4940 2867/3759/4940
f 2879/3769/4941 2882/3779/4941 2884/3822/4941
f 2864/3762/4942 2871/3761/4942 2868/3766/4942
f 2865/3747/4943 2864/3762/4943 2868/3766/4943
f 2865/3747/4944 2868/3766/4944 2878/3753/4944
f 2866/3745/4945 2898/3774/4945 2873/3760/4945
f 2870/3764/4946 2876/3768/4946 2871/3761/4946
f 2868/3766/4947 2872/3765/4947 2878/3753/4947
f 2869/3758/4948 2875/3767/4948 2870/3764/4948
f 2871/3761/4949 2879/3769/4949 2877/3772/4949
f 2871/3761/4950 2877/3772/4950 2872/3765/4950
f 2875/3767/4951 2874/3763/4951 2881/3771/4951
f 2875/3767/4952 2880/3776/4952 2876/3768/4952
f 2878/3753/4953 2887/3775/4953 2890/3788/4953
f 2876/3768/4954 2880/3776/4954 2879/3769/4954
f 2888/3778/4955 2884/3822/4955 2882/3779/4955
f 2879/3769/4956 2884/3822/4956 2883/3773/4956
f 2883/3773/4957 2884/3822/4957 2886/3783/4957
f 2880/3776/4958 2885/3777/4958 2882/3779/4958
f 2887/3775/4959 2883/3773/4959 2886/3783/4959
f 2904/3797/4960 2902/3793/4960 2901/3791/4960
f 2890/3788/4961 2887/3775/4961 2900/3789/4961
f 2884/3822/4962 2889/3785/4962 2892/3781/4962
f 2886/3783/4963 2884/3822/4963 2892/3781/4963
f 2887/3775/4964 2886/3783/4964 2897/3782/4964
f 2885/3777/4965 2891/3784/4965 2888/3778/4965
f 2887/3775/4966 2897/3782/4966 2900/3789/4966
f 2889/3785/4967 2895/3786/4967 2892/3781/4967
f 2893/3770/4968 2903/3799/4968 2894/3780/4968
f 2892/3781/4969 2896/3792/4969 2897/3782/4969
f 2895/3786/4970 2891/3784/4970 2901/3791/4970
f 2893/3770/4971 2849/3796/4971 2903/3799/4971
f 2896/3792/4972 2902/3793/4972 2908/3794/4972
f 2894/3780/4973 2903/3799/4973 2899/3787/4973
f 2897/3782/4974 2908/3794/4974 2905/3798/4974
f 2900/3789/4975 2897/3782/4975 2905/3798/4975
f 2902/3793/4976 2907/3823/4976 2908/3794/4976
f 2899/3787/4977 2906/3800/4977 2904/3797/4977
f 2915/3818/4978 2912/3811/4978 2917/3815/4978
f 2907/3807/4979 2904/3803/4979 2909/3802/4979
f 2903/3805/4980 2911/3804/4980 2906/3801/4980
f 2913/3808/4981 2907/3807/4981 2910/3810/4981
f 2905/3824/4982 2908/3806/4982 2913/3808/4982
f 2906/3801/4983 2914/3809/4983 2909/3802/4983
f 2916/3813/4984 2905/3824/4984 2913/3808/4984
f 2910/3810/4985 2909/3802/4985 2912/3811/4985
f 2913/3808/4986 2910/3810/4986 2918/3814/4986
f 2846/3821/4987 2850/3741/4987 2851/3743/4987
f 2853/3737/4988 2919/3816/4988 2922/3735/4988
f 2910/3810/4989 2915/3818/4989 2918/3814/4989
f 2911/3804/4990 2922/3735/4990 2914/3809/4990
f 2917/3815/4991 2914/3809/4991 2919/3816/4991
f 2915/3818/4992 2917/3815/4992 2845/3820/4992
f 2915/3818/4993 2845/3820/4993 2920/3819/4993
f 2921/3812/4994 2852/3746/4994 2858/3754/4994
f 2845/3820/4995 2846/3821/4995 2920/3819/4995
f 2921/3812/4996 2918/3814/4996 2848/3738/4996
f 2845/3820/4997 2919/3816/4997 2850/3741/4997
f 2920/3819/4998 2847/3739/4998 2848/3738/4998
f 2855/3750/4999 2847/3739/4999 2851/3743/4999
f 2857/3742/5000 2850/3741/5000 2853/3737/5000
f 2864/3762/5001 2856/3740/5001 2855/3750/5001
f 2860/3757/5002 2859/3751/5002 2873/3760/5002
f 2879/3769/5003 2880/3776/5003 2882/3779/5003
f 2888/3778/5004 2889/3785/5004 2884/3822/5004
f 2904/3797/5005 2907/3823/5005 2902/3793/5005
f 2915/3818/5006 2910/3810/5006 2912/3811/5006
f 2846/3821/5007 2845/3820/5007 2850/3741/5007
f 2853/3737/5008 2850/3741/5008 2919/3816/5008
o Sphere.031
v -1.050215 -2.859976 2.517507
v -1.026049 -2.932068 2.709080
v -0.961255 -2.914780 2.626286
v -0.985135 -2.930656 2.525805
v -1.063449 -3.137730 2.629108
v -1.109865 -3.038814 2.464646
v -1.090181 -3.094252 2.718088
v -1.071871 -3.127186 2.529807
v -1.211616 -3.252082 2.666434
v -1.181189 -3.217089 2.520790
v -1.259865 -3.251650 2.598804
v -1.117495 -2.987971 2.724122
v -1.234570 -3.108642 2.532897
v -1.179516 -2.983658 2.660753
v -1.003923 -2.809011 2.620743
vn -0.4207 0.6620 -0.6203
vn 0.4443 0.1186 0.8880
vn 0.9670 -0.1881 0.1721
vn 0.8305 -0.1301 -0.5416
vn 0.8075 -0.5736 0.1373
vn -0.0299 0.0103 -0.9995
vn 0.4809 -0.3608 0.7991
vn 0.7480 -0.5318 -0.3972
vn -0.0324 -0.6921 0.7211
vn 0.2145 -0.6670 -0.7135
vn -0.9548 -0.2951 0.0361
vn -0.4240 0.2937 0.8567
vn -0.8663 0.3101 -0.3915
vn -0.8233 0.4856 0.2939
vn -0.1674 0.9550 0.2450
vt 0.683247 0.810082
vt 0.624371 0.562957
vt 0.791281 0.556926
vt 0.431343 0.809960
vt 0.459915 0.566263
vt 0.541667 1.000000
vt 0.280654 0.657389
vt 0.209572 0.498083
vt 0.086642 0.350307
vt 0.308727 0.296507
vt 0.144242 0.941469
vt 0.024631 0.621900
vt 1.000000 0.311258
vt 0.976174 0.641405
vt 0.834722 0.311257
vt 0.931902 0.861723
vt 0.628130 0.317726
vt 0.699803 0.113171
vt 0.458333 0.315699
vt 0.157620 0.097343
s 1
g Sphere.031_Mat_Cardume_Corpo_60.015
usemtl Mat_Cardume_Corpo_60.015
f 2924/3825/5010 2925/3826/5011 2937/3827/5023
f 2929/3828/5015 2927/3829/5013 2925/3826/5011
f 2924/3825/5010 2934/3830/5020 2929/3828/5015
f 2929/3828/5015 2931/3831/5017 2927/3829/5013
f 2933/3832/5019 2935/3833/5021 2932/3834/5018
f 2934/3835/5020 2936/3836/5022 2931/3831/5017
f 2931/3831/5017 2936/3836/5022 2933/3832/5019
f 2935/3837/5021 2936/3838/5022 2923/3839/5009
f 2936/3838/5022 2934/3840/5020 2937/3827/5023
f 2923/3839/5009 2926/3841/5012 2928/3842/5014
f 2930/3843/5016 2925/3826/5011 2927/3829/5013
f 2924/3825/5010 2929/3828/5015 2925/3826/5011
f 2926/3841/5012 2930/3843/5016 2928/3842/5014
f 2932/3834/5018 2927/3829/5013 2931/3831/5017
f 2928/3844/5014 2930/3843/5016 2932/3834/5018
f 2932/3834/5018 2931/3831/5017 2933/3832/5019
f 2929/3828/5015 2934/3835/5020 2931/3831/5017
f 2928/3844/5014 2932/3834/5018 2935/3833/5021
f 2933/3832/5019 2936/3836/5022 2935/3833/5021
f 2928/3842/5014 2935/3837/5021 2923/3839/5009
f 2926/3841/5012 2937/3827/5023 2925/3826/5011
f 2923/3839/5009 2936/3838/5022 2937/3827/5023
f 2937/3827/5023 2934/3840/5020 2924/3825/5010
f 2930/3843/5016 2926/3841/5012 2925/3826/5011
f 2932/3834/5018 2930/3843/5016 2927/3829/5013
f 2926/3841/5012 2923/3839/5009 2937/3827/5023
o Cone.017
v -1.262264 -3.300008 2.474020
v -1.254659 -3.304399 2.662894
v -1.264107 -3.298944 2.663086
v -1.173943 -3.151468 2.600000
vn -0.2334 -0.3726 -0.8982
vn 0.8515 -0.5242 0.0113
vn -0.8789 0.4748 0.0464
vn 0.5000 0.8660 -0.0000
vt 0.250000 0.490000
vt 0.250000 0.250000
vt 0.457846 0.130000
vt 0.750000 0.490000
vt 0.957846 0.130000
vt 0.542154 0.130000
vt 0.042154 0.130000
s 1
g Cone.017_Mat_Cardume_Barbatana_30.015
usemtl Mat_Cardume_Barbatana_30.015
f 2938/3845/5024 2941/3846/5027 2939/3847/5025
f 2938/3848/5024 2939/3849/5025 2940/3850/5026
f 2939/3847/5025 2941/3846/5027 2940/3851/5026
f 2940/3851/5026 2941/3846/5027 2938/3845/5024
o Sphere.032
v -0.980002 -2.927310 2.607147
v -0.976367 -2.928806 2.603253
v -0.994790 -2.953046 2.635381
v -0.977026 -2.936038 2.578202
v -0.986248 -2.956614 2.564609
v -0.970084 -2.940323 2.620850
v -0.965441 -2.936714 2.603873
v -0.967650 -2.935593 2.590841
v -0.980817 -2.948433 2.567892
v -0.975538 -2.950451 2.630969
v -0.959262 -2.949146 2.589169
v -0.966017 -2.949412 2.577104
v -0.959128 -2.951708 2.613770
v -0.956763 -2.951216 2.603464
v -0.957769 -2.968559 2.611320
v -0.973692 -2.962355 2.568077
v -0.955830 -2.964455 2.592175
v -0.966871 -2.964324 2.627113
v -0.965783 -2.973058 2.622821
v -0.958898 -2.977081 2.603563
v -0.964174 -2.967817 2.576481
v -0.981466 -2.963940 2.634752
v -0.961453 -2.979192 2.589309
v -0.968112 -2.984035 2.616611
v -0.968721 -2.989710 2.604281
v -0.975699 -2.978260 2.572002
v -0.976919 -2.984387 2.624496
v -0.971740 -2.988835 2.585272
v -0.982660 -2.976443 2.631981
v -0.986616 -2.983767 2.571475
v -0.983553 -2.992537 2.617495
v -0.982141 -2.996638 2.603616
v -0.986266 -2.993184 2.582884
v -0.984684 -2.970142 2.565294
v -0.990193 -2.997817 2.595309
v -0.996933 -2.994622 2.614761
v -0.997395 -2.990733 2.578295
v -1.005905 -2.993220 2.610543
v -0.997723 -2.983652 2.628590
v -1.011031 -2.983211 2.621832
v -1.009276 -2.993095 2.593281
v -1.001173 -2.975942 2.567931
v -1.020594 -2.983300 2.596003
v -1.009303 -2.983477 2.576989
v -1.018032 -2.984103 2.611234
v -0.994102 -2.965126 2.564019
v -1.012333 -2.970450 2.628604
v -1.023556 -2.976457 2.610827
v -1.020218 -2.977057 2.583606
v -0.997591 -2.970816 2.634773
v -1.027355 -2.966908 2.596437
v -1.022830 -2.965568 2.582104
v -1.013957 -2.967999 2.572086
v -1.005093 -2.965231 2.566581
v -0.990686 -2.965618 2.635990
v -1.020702 -2.959902 2.622049
v -1.026589 -2.958665 2.609876
v -1.026392 -2.952744 2.592867
v -1.007783 -2.957841 2.632363
v -1.015219 -2.947024 2.623551
v -1.022723 -2.947008 2.611492
v -1.020568 -2.940355 2.593175
v -1.017703 -2.951390 2.576543
v -1.010126 -2.953380 2.569909
v -1.015781 -2.936657 2.610545
v -1.010502 -2.931077 2.592864
v -1.002007 -2.944458 2.630203
v -1.005272 -2.929988 2.611284
v -1.005664 -2.939783 2.574015
v -1.001651 -2.935373 2.623518
v -0.996880 -2.925840 2.596437
v -0.999324 -2.955407 2.565006
v -0.994248 -2.926878 2.610828
v -0.994713 -2.931346 2.579577
v -0.990154 -2.944690 2.567923
v -0.988691 -2.945271 2.632293
v -0.985607 -2.934327 2.623172
v -0.983750 -2.927744 2.589447
vn 0.1875 0.2320 0.9545
vn 0.6477 0.5743 -0.5007
vn 0.5229 0.2568 -0.8128
vn 0.7743 0.5418 0.3269
vn 0.1172 0.0862 0.9894
vn 0.9714 0.1898 -0.1424
vn 0.8661 -0.0029 0.4999
vn 0.9732 0.0457 0.2255
vn 0.2581 -0.0190 -0.9659
vn 0.1146 -0.0370 -0.9927
vn 0.9810 -0.1844 0.0598
vn 0.8168 -0.4055 0.4104
vn 0.9352 -0.3338 -0.1182
vn 0.7740 -0.5888 0.2328
vn 0.4460 -0.2340 0.8639
vn 0.6708 -0.4785 -0.5666
vn 0.5929 -0.4881 0.6404
vn 0.7063 -0.6931 -0.1441
vn 0.3691 -0.6700 -0.6441
vn 0.4472 -0.7638 0.4654
vn 0.4266 -0.8547 0.2959
vn 0.3395 -0.9194 -0.1986
vn 0.0625 -0.3055 0.9501
vn 0.0049 -0.4340 0.9009
vn 0.1286 -0.6293 0.7665
vn 0.0933 -0.7665 -0.6354
vn -0.0049 -0.7835 0.6213
vn -0.0004 -0.4131 -0.9107
vn -0.0546 -0.9298 -0.3640
vn -0.1232 -0.5904 -0.7977
vn -0.3184 -0.7514 0.5779
vn -0.5319 -0.7389 0.4136
vn -0.3620 -0.4015 0.8413
vn -0.4143 -0.4593 0.7858
vn -0.6356 -0.4002 -0.6601
vn -0.7176 -0.3822 0.5822
vn -0.8087 -0.5787 0.1055
vn -0.2267 -0.0229 -0.9737
vn -0.9245 -0.3811 -0.0089
vn -0.7756 -0.2571 0.5765
vn -0.8977 -0.1305 0.4208
vn -0.9166 -0.2492 -0.3127
vn -0.9974 0.0711 0.0132
vn -0.1683 -0.0072 0.9857
vn -0.9532 -0.0113 -0.3020
vn -0.7474 0.0097 -0.6643
vn -0.6311 0.1807 0.7544
vn -0.8677 0.2264 0.4426
vn -0.3980 0.0874 -0.9132
vn -0.7221 0.5254 0.4500
vn -0.3146 0.2821 0.9063
vn -0.6554 0.5725 -0.4927
vn -0.4601 0.5378 0.7065
vn -0.6769 0.7355 0.0300
vn -0.4966 0.7306 0.4686
vn -0.2127 0.4219 -0.8814
vn -0.1000 0.6349 -0.7661
vn -0.2256 0.8653 0.4476
vn -0.1127 0.4419 0.8900
vn -0.0294 0.9491 -0.3137
vn -0.0255 0.6442 0.7644
vn -0.0047 0.2663 -0.9639
vn -0.0220 0.0893 -0.9958
vn 0.1832 0.8403 -0.5102
vn 0.1401 0.8881 0.4378
vn 0.2299 0.5799 -0.7816
vn 0.4437 0.8800 -0.1696
vn 0.8547 0.5136 -0.0751
vn 0.5872 0.8089 -0.0299
vn 0.4900 0.4640 -0.7380
vn 0.3285 0.1557 -0.9316
vn 0.8404 0.4968 0.2166
vn 0.7081 0.2599 0.6566
vn 0.1959 0.1840 0.9632
vn 0.7440 0.5132 -0.4279
vn 0.8695 0.0999 -0.4837
vn 0.4642 0.0441 0.8847
vn 0.4992 -0.3752 0.7811
vn 0.6885 0.0933 -0.7192
vn 0.9951 -0.0134 0.0979
vn 0.8755 -0.2541 -0.4110
vn 0.8379 -0.1531 0.5239
vn 0.8289 -0.4327 0.3547
vn 0.7870 -0.6150 -0.0500
vn -0.2441 -0.9689 0.0407
vn 0.6595 -0.4795 -0.5789
vn 0.5483 -0.2649 -0.7932
vn 0.4100 -0.2669 -0.8722
vn 0.1703 -0.2287 0.9585
vn 0.4602 -0.8805 -0.1136
vn 0.2583 -0.4292 -0.8655
vn 0.4671 -0.8118 0.3506
vn 0.3177 -0.7265 -0.6093
vn 0.3146 -0.9176 -0.2428
vn 0.1142 -0.6992 0.7058
vn 0.0891 -0.9527 0.2906
vn -0.0403 -0.3164 -0.9478
vn -0.0168 -0.9876 0.1564
vn -0.1983 -0.9318 -0.3040
vn -0.5932 -0.7975 0.1101
vn -0.3649 -0.7727 0.5194
vn -0.4248 -0.7799 -0.4597
vn -0.2820 -0.5978 -0.7504
vn -0.9488 0.3016 0.0940
vn -0.2205 -0.2010 -0.9544
vn -0.6592 -0.6634 -0.3540
vn -0.6315 -0.6682 -0.3934
vn -0.4963 -0.3943 -0.7735
vn -0.7100 -0.4858 0.5099
vn -0.4455 -0.2706 -0.8534
vn -0.9053 -0.3677 -0.2126
vn -0.3854 -0.1331 0.9131
vn -0.7541 -0.2507 -0.6070
vn -0.9756 -0.1581 0.1526
vn -0.2271 0.0025 0.9739
vn -0.8789 0.1388 -0.4563
vn -0.6231 -0.0083 0.7821
vn -0.6491 0.0572 -0.7585
vn -0.5304 0.0128 -0.8477
vn -0.2651 0.9570 0.1175
vn -0.8234 0.3972 -0.4053
vn -0.8131 0.2872 0.5063
vn -0.8212 0.5605 0.1070
vn -0.4748 0.3362 0.8134
vn -0.6108 0.6474 -0.4558
vn -0.5416 0.4009 -0.7389
vn -0.5496 0.6415 0.5351
vn -0.3256 0.3697 -0.8703
vn -0.5381 0.8365 0.1033
vn -0.2622 0.9069 -0.3299
vn -0.3789 0.7993 -0.4664
vn 0.5449 0.7774 0.3142
vn 0.2983 0.5600 0.7729
vn -0.0895 0.5925 0.8006
vn -0.0433 0.8417 0.5382
vn 0.0466 0.9969 0.0634
vn 0.1176 0.9918 -0.0492
vn 0.1177 0.3015 -0.9462
vn 0.2985 0.9505 -0.0865
vn 0.1229 0.6763 -0.7263
vn 0.3777 0.7924 0.4790
vn 0.4347 0.8291 -0.3516
vn 0.8410 0.5324 -0.0967
vn 0.7059 0.2729 0.6536
vn 0.8669 0.1033 -0.4876
vn 0.5006 -0.3308 0.8000
vn -0.1960 -0.9762 0.0924
vn -0.6435 -0.7624 0.0680
vn -0.9044 0.4240 0.0476
vn -0.3698 0.9277 0.0501
vn 0.6028 0.7490 0.2750
vn 0.3328 0.5708 0.7507
vt 0.804249 0.848025
vt 0.884756 0.915970
vt 0.676250 0.821957
vt 0.749488 0.292930
vt 0.714279 0.417909
vt 0.655131 0.286873
vt 0.726935 0.152922
vt 0.580987 0.167366
vt 0.708567 0.690602
vt 0.634035 0.624964
vt 0.703830 0.532515
vt 0.671875 1.000000
vt 0.551942 0.909231
vt 0.628052 0.526469
vt 0.572016 0.435152
vt 0.641194 0.402575
vt 0.567931 0.766799
vt 0.552187 0.600548
vt 0.445463 0.098320
vt 0.703139 0.062500
vt 0.578125 0.000000
vt 0.514217 0.531352
vt 0.516468 0.717289
vt 0.460577 0.645915
vt 0.500003 0.406724
vt 0.444278 0.535980
vt 0.420900 0.840798
vt 0.428121 0.370061
vt 0.546665 0.280866
vt 0.424241 0.735141
vt 0.369858 0.210550
vt 0.453152 0.219058
vt 0.371877 0.656890
vt 0.375018 0.531130
vt 0.338128 0.458811
vt 0.406426 0.964763
vt 0.231094 0.896800
vt 0.287226 0.781475
vt 0.359779 0.344269
vt 0.299187 0.300430
vt 0.310446 0.634411
vt 0.247508 0.161055
vt 0.216770 0.702232
vt 0.194451 0.596355
vt 0.265625 0.595977
vt 0.147102 0.785900
vt 0.162916 0.351922
vt 0.126242 0.222916
vt 0.221046 0.284353
vt 0.142699 0.590547
vt 0.185535 0.466154
vt 0.273129 0.036605
vt 0.125103 0.125000
vt 0.043730 0.087141
vt 0.108032 0.469166
vt 0.073101 0.705107
vt 0.070976 0.585164
vt 0.102589 0.336191
vt 0.046075 0.436626
vt 0.078125 1.000000
vt 0.014102 0.903265
vt 0.027220 0.279821
vt 0.054564 0.846020
vt 0.007229 0.724317
vt 0.010454 0.605198
vt 0.024431 0.187500
vt 0.984384 0.724317
vt 0.954401 0.593080
vt 1.000000 0.605198
vt 0.920301 0.812500
vt 1.000000 0.812500
vt 0.992303 0.277267
vt 0.983864 0.441679
vt 0.917049 0.253482
vt 0.891522 0.719830
vt 0.921917 0.437747
vt 0.897990 0.598987
vt 0.827645 0.158907
vt 0.954872 0.087141
vt 0.845287 0.316638
vt 0.844657 0.593400
vt 0.858032 0.469167
vt 0.797116 0.406654
vt 0.797589 0.718022
vt 0.828125 0.000000
vt 0.789540 0.577180
vt 0.764830 0.532292
vt 0.250838 0.440922
vt 0.000000 0.441679
vt 0.985117 0.187500
s 0
g Sphere.032_Mat_Cardume_Olho_10.015
usemtl Mat_Cardume_Olho_10.015
f 3017/3852/5028 2944/3853/5028 2951/3854/5028
f 2945/3855/5029 2949/3856/5029 2953/3857/5029
f 2950/3858/5030 2953/3857/5030 2957/3859/5030
f 2947/3860/5031 2954/3861/5031 2948/3862/5031
f 2944/3853/5032 2996/3863/5032 2963/3864/5032
f 2955/3865/5033 2958/3866/5033 2952/3867/5033
f 2959/3868/5034 2956/3869/5034 2954/3861/5034
f 2954/3861/5035 2956/3869/5035 2955/3865/5035
f 2957/3859/5036 2975/3870/5036 2946/3871/5036
f 2987/3872/5037 2946/3871/5037 2975/3870/5037
f 2956/3869/5038 2961/3873/5038 2958/3866/5038
f 2956/3869/5039 2960/3874/5039 2965/3875/5039
f 2961/3873/5040 2964/3876/5040 2958/3866/5040
f 2961/3873/5041 2965/3875/5041 2966/3877/5041
f 2963/3864/5042 2970/3878/5042 2959/3868/5042
f 2964/3876/5043 2969/3879/5043 2962/3880/5043
f 2960/3874/5044 2968/3881/5044 2965/3875/5044
f 2966/3877/5045 2969/3879/5045 2964/3876/5045
f 2969/3879/5046 2971/3882/5046 2967/3883/5046
f 2965/3875/5047 2968/3881/5047 2972/3884/5047
f 2972/3884/5048 2973/3885/5048 2966/3877/5048
f 2973/3885/5049 2976/3886/5049 2969/3879/5049
f 2996/3887/5050 2991/3888/5050 2970/3878/5050
f 2970/3878/5051 2991/3888/5051 2980/3889/5051
f 2970/3878/5052 2980/3889/5052 2968/3881/5052
f 2974/3890/5053 2978/3891/5053 2971/3882/5053
f 2972/3884/5054 2980/3889/5054 2977/3892/5054
f 2971/3882/5055 2983/3893/5055 2975/3870/5055
f 2976/3886/5056 2978/3891/5056 2974/3890/5056
f 2971/3882/5057 2978/3891/5057 2983/3893/5057
f 2980/3889/5058 2981/3894/5058 2977/3892/5058
f 2981/3894/5059 2986/3895/5059 2979/3896/5059
f 2991/3888/5060 2988/3897/5060 2980/3889/5060
f 2980/3889/5061 2988/3897/5061 2981/3894/5061
f 2990/3898/5062 2994/3899/5062 2985/3900/5062
f 2981/3894/5063 2988/3897/5063 2989/3901/5063
f 2986/3895/5064 2989/3901/5064 2984/3902/5064
f 2987/3903/5065 2995/3904/5065 3013/3905/5065
f 2989/3901/5066 2992/3906/5066 2984/3902/5066
f 2989/3901/5067 2988/3897/5067 2997/3907/5067
f 2997/3907/5068 2998/3908/5068 2989/3901/5068
f 2992/3906/5069 2993/3909/5069 2990/3898/5069
f 2992/3906/5070 2998/3908/5070 2999/3910/5070
f 2991/3888/5071 2996/3911/5071 2944/3912/5071
f 2992/3906/5072 2999/3910/5072 2993/3909/5072
f 2993/3909/5073 3004/3913/5073 2994/3899/5073
f 3000/3914/5074 3001/3915/5074 2997/3907/5074
f 2997/3907/5075 3002/3916/5075 2998/3908/5075
f 2995/3904/5076 3005/3917/5076 3013/3905/5076
f 3001/3918/5077 3006/3919/5077 3002/3920/5077
f 2944/3853/5078 3008/3921/5078 3000/3922/5078
f 3004/3923/5079 3003/3924/5079 3010/3925/5079
f 3008/3921/5080 3011/3926/5080 3001/3918/5080
f 3003/3924/5081 3006/3919/5081 3007/3927/5081
f 3011/3926/5082 3009/3928/5082 3006/3919/5082
f 3010/3925/5083 3016/3929/5083 3013/3930/5083
f 3010/3925/5084 3015/3931/5084 3016/3929/5084
f 3011/3926/5085 3014/3932/5085 3009/3928/5085
f 2944/3853/5086 3017/3852/5086 3008/3921/5086
f 3012/3933/5087 3019/3934/5087 3015/3931/5087
f 3017/3852/5088 3018/3935/5088 3011/3926/5088
f 3013/3930/5089 3016/3929/5089 2946/3871/5089
f 2987/3936/5090 3013/3930/5090 2946/3871/5090
f 3019/3934/5091 2945/3855/5091 3015/3931/5091
f 3014/3932/5092 3018/3935/5092 2942/3937/5092
f 2945/3855/5093 2950/3858/5093 3016/3929/5093
f 2943/3938/5094 2949/3856/5094 3019/3934/5094
f 2952/3867/5095 2948/3862/5095 2955/3865/5095
f 2943/3938/5096 2948/3862/5096 2949/3856/5096
f 2945/3855/5097 2953/3857/5097 2950/3858/5097
f 2950/3858/5098 2957/3859/5098 2946/3871/5098
f 2948/3862/5099 2954/3861/5099 2955/3865/5099
f 2954/3861/5100 2951/3854/5100 2959/3868/5100
f 2944/3853/5101 2963/3864/5101 2951/3854/5101
f 2953/3857/5102 2949/3856/5102 2952/3867/5102
f 2962/3880/5103 2952/3867/5103 2958/3866/5103
f 2951/3854/5104 2963/3864/5104 2959/3868/5104
f 2960/3874/5105 2970/3878/5105 2968/3881/5105
f 2957/3859/5106 2953/3857/5106 2962/3880/5106
f 2958/3866/5107 2955/3865/5107 2956/3869/5107
f 2958/3866/5108 2964/3876/5108 2962/3880/5108
f 2956/3869/5109 2959/3868/5109 2960/3874/5109
f 2956/3869/5110 2965/3875/5110 2961/3873/5110
f 2961/3873/5111 2966/3877/5111 2964/3876/5111
f 2976/3886/5112 2979/3896/5112 2982/3939/5112
f 2962/3880/5113 2969/3879/5113 2967/3883/5113
f 2957/3859/5114 2962/3880/5114 2967/3883/5114
f 2957/3859/5115 2967/3883/5115 2975/3870/5115
f 2963/3864/5116 2996/3887/5116 2970/3878/5116
f 2966/3877/5117 2973/3885/5117 2969/3879/5117
f 2967/3883/5118 2971/3882/5118 2975/3870/5118
f 2965/3875/5119 2972/3884/5119 2966/3877/5119
f 2969/3879/5120 2974/3890/5120 2971/3882/5120
f 2969/3879/5121 2976/3886/5121 2974/3890/5121
f 2972/3884/5122 2968/3881/5122 2980/3889/5122
f 2972/3884/5123 2977/3892/5123 2973/3885/5123
f 2975/3870/5124 2983/3893/5124 2987/3903/5124
f 2973/3885/5125 2977/3892/5125 2976/3886/5125
f 2976/3886/5126 2982/3939/5126 2978/3891/5126
f 2986/3895/5127 2982/3939/5127 2979/3896/5127
f 2977/3892/5128 2981/3894/5128 2979/3896/5128
f 2978/3891/5129 2982/3939/5129 2985/3900/5129
f 2983/3893/5130 2978/3891/5130 2985/3900/5130
f 3002/3916/5131 2999/3910/5131 2998/3908/5131
f 2987/3903/5132 2983/3893/5132 2995/3904/5132
f 2982/3939/5133 2984/3902/5133 2990/3898/5133
f 2985/3900/5134 2982/3939/5134 2990/3898/5134
f 2983/3893/5135 2985/3900/5135 2994/3899/5135
f 2981/3894/5136 2989/3901/5136 2986/3895/5136
f 2983/3893/5137 2994/3899/5137 2995/3904/5137
f 2984/3902/5138 2992/3906/5138 2990/3898/5138
f 2991/3888/5139 3000/3914/5139 2988/3897/5139
f 2990/3898/5140 2993/3909/5140 2994/3899/5140
f 2992/3906/5141 2989/3901/5141 2998/3908/5141
f 2991/3888/5142 2944/3912/5142 3000/3914/5142
f 2993/3909/5143 2999/3910/5143 3004/3913/5143
f 2988/3897/5144 3000/3914/5144 2997/3907/5144
f 2994/3899/5145 3004/3913/5145 3005/3917/5145
f 2995/3904/5146 2994/3899/5146 3005/3917/5146
f 3012/3933/5147 3009/3928/5147 3014/3932/5147
f 2999/3910/5148 3003/3940/5148 3004/3913/5148
f 2997/3907/5149 3001/3915/5149 3002/3916/5149
f 3003/3924/5150 3002/3920/5150 3006/3919/5150
f 3000/3922/5151 3008/3921/5151 3001/3918/5151
f 3010/3925/5152 3003/3924/5152 3007/3927/5152
f 3005/3941/5153 3004/3923/5153 3010/3925/5153
f 3001/3918/5154 3011/3926/5154 3006/3919/5154
f 3013/3930/5155 3005/3941/5155 3010/3925/5155
f 3007/3927/5156 3006/3919/5156 3009/3928/5156
f 3007/3927/5157 3012/3933/5157 3015/3931/5157
f 3010/3925/5158 3007/3927/5158 3015/3931/5158
f 2943/3938/5159 2947/3860/5159 2948/3862/5159
f 2951/3854/5160 3018/3935/5160 3017/3852/5160
f 3008/3921/5161 3017/3852/5161 3011/3926/5161
f 3014/3932/5162 3011/3926/5162 3018/3935/5162
f 3012/3933/5163 3014/3932/5163 2942/3937/5163
f 3012/3933/5164 2942/3937/5164 3019/3934/5164
f 3016/3929/5165 2950/3858/5165 2946/3871/5165
f 2942/3937/5166 2943/3938/5166 3019/3934/5166
f 3016/3929/5167 3015/3931/5167 2945/3855/5167
f 2942/3937/5168 3018/3935/5168 2947/3860/5168
f 3019/3934/5169 2949/3856/5169 2945/3855/5169
f 2952/3867/5170 2949/3856/5170 2948/3862/5170
f 2954/3861/5171 2947/3860/5171 2951/3854/5171
f 2962/3880/5172 2953/3857/5172 2952/3867/5172
f 2960/3874/5173 2959/3868/5173 2970/3878/5173
f 2976/3886/5174 2977/3892/5174 2979/3896/5174
f 2986/3895/5175 2984/3902/5175 2982/3939/5175
f 3002/3916/5176 3003/3940/5176 2999/3910/5176
f 3012/3933/5177 3007/3927/5177 3009/3928/5177
f 2943/3938/5178 2942/3937/5178 2947/3860/5178
f 2951/3854/5179 2947/3860/5179 3018/3935/5179
o Sphere.033
v 0.030695 -3.065647 2.806273
v 0.068417 -3.018279 2.718608
v 0.044302 -3.043968 2.620235
v 0.091561 -3.262456 2.718793
v 0.067758 -3.257536 2.621571
v 0.057108 -3.238169 2.812310
v 0.025140 -3.435571 2.763985
v -0.024298 -3.459322 2.701584
v 0.017333 -3.390053 2.618282
v -0.018499 -3.159784 2.827059
v -0.081085 -3.322826 2.641760
v -0.081227 -3.187060 2.770472
v -0.047746 -3.015297 2.622445
v -0.016258 -3.200000 2.565624
v -0.021466 -2.948014 2.723342
vn 0.4246 0.3249 0.8451
vn 0.9450 0.3206 0.0647
vn 0.7174 0.3025 -0.6275
vn 0.9954 -0.0930 0.0240
vn 0.8624 -0.0865 -0.4987
vn 0.6840 -0.0720 0.7259
vn 0.3981 -0.6156 0.6802
vn -0.6708 -0.7329 0.1133
vn 0.4345 -0.4704 -0.7681
vn -0.4130 0.0424 0.9098
vn -0.9441 -0.1646 -0.2858
vn -0.9161 0.0089 0.4009
vn -0.7615 0.3630 -0.5369
vn -0.1447 -0.0060 -0.9895
vn -0.5904 0.7433 0.3144
vt 0.683247 0.810082
vt 0.624371 0.562957
vt 0.791281 0.556926
vt 0.431343 0.809960
vt 0.459915 0.566263
vt 0.541667 1.000000
vt 0.280654 0.657389
vt 0.209572 0.498083
vt 0.086642 0.350307
vt 0.308727 0.296507
vt 0.024631 0.621900
vt 0.144242 0.941469
vt 1.000000 0.311258
vt 0.976174 0.641405
vt 0.834722 0.311257
vt 0.931902 0.861723
vt 0.458333 0.315699
vt 0.628130 0.317726
vt 0.699803 0.113171
vt 0.157620 0.097343
s 1
g Sphere.033_Mat_Cardume_Corpo_60.016
usemtl Mat_Cardume_Corpo_60.016
f 3020/3942/5180 3021/3943/5181 3034/3944/5194
f 3025/3945/5185 3023/3946/5183 3021/3943/5181
f 3020/3942/5180 3029/3947/5189 3025/3945/5185
f 3025/3945/5185 3026/3948/5186 3023/3946/5183
f 3027/3949/5187 3030/3950/5190 3028/3951/5188
f 3026/3948/5186 3031/3952/5191 3027/3949/5187
f 3029/3953/5189 3031/3952/5191 3026/3948/5186
f 3030/3954/5190 3031/3955/5191 3032/3956/5192
f 3031/3955/5191 3029/3957/5189 3034/3944/5194
f 3024/3958/5184 3021/3943/5181 3023/3946/5183
f 3032/3956/5192 3022/3959/5182 3033/3960/5193
f 3020/3942/5180 3025/3945/5185 3021/3943/5181
f 3022/3959/5182 3024/3958/5184 3033/3960/5193
f 3028/3951/5188 3023/3946/5183 3026/3948/5186
f 3033/3961/5193 3024/3958/5184 3028/3951/5188
f 3028/3951/5188 3026/3948/5186 3027/3949/5187
f 3033/3961/5193 3028/3951/5188 3030/3950/5190
f 3025/3945/5185 3029/3953/5189 3026/3948/5186
f 3027/3949/5187 3031/3952/5191 3030/3950/5190
f 3033/3960/5193 3030/3954/5190 3032/3956/5192
f 3022/3959/5182 3034/3944/5194 3021/3943/5181
f 3032/3956/5192 3031/3955/5191 3034/3944/5194
f 3034/3944/5194 3029/3957/5189 3020/3942/5180
f 3024/3958/5184 3022/3959/5182 3021/3943/5181
f 3028/3951/5188 3024/3958/5184 3023/3946/5183
f 3022/3959/5182 3032/3956/5192 3034/3944/5194
o Cone.018
v -0.042496 -3.502400 2.581383
v 0.026384 -3.502400 2.757469
v 0.016112 -3.502400 2.761149
v 0.000000 -3.329600 2.700000
vn -0.3030 -0.4394 -0.8457
vn 0.9504 -0.0282 -0.3098
vn -0.9309 -0.0282 0.3641
vn -0.0000 1.0000 -0.0000
vt 0.250000 0.490000
vt 0.250000 0.250000
vt 0.457846 0.130000
vt 0.750000 0.490000
vt 0.957846 0.130000
vt 0.542154 0.130000
vt 0.042154 0.130000
s 1
g Cone.018_Mat_Cardume_Barbatana_30.016
usemtl Mat_Cardume_Barbatana_30.016
f 3035/3962/5195 3038/3963/5198 3036/3964/5196
f 3035/3965/5195 3036/3966/5196 3037/3967/5197
f 3036/3964/5196 3038/3963/5198 3037/3968/5197
f 3037/3968/5197 3038/3963/5198 3035/3962/5195
o Sphere.034
v 0.055879 -3.038503 2.707147
v 0.062820 -3.044574 2.678203
v 0.065735 -3.057204 2.667892
v 0.055941 -3.068186 2.735381
v 0.070975 -3.044814 2.720850
v 0.073191 -3.039368 2.703874
v 0.070718 -3.039501 2.690841
v 0.086156 -3.049196 2.713771
v 0.071316 -3.056313 2.730969
v 0.084758 -3.047044 2.689169
v 0.079041 -3.050652 2.677104
v 0.087958 -3.047587 2.703464
v 0.065122 -3.067005 2.664609
v 0.085758 -3.063993 2.727113
v 0.089841 -3.065670 2.676481
v 0.095758 -3.063110 2.711320
v 0.095385 -3.058587 2.692175
v 0.091068 -3.071013 2.722821
v 0.099041 -3.071055 2.703563
v 0.078866 -3.065698 2.668077
v 0.072926 -3.070958 2.734752
v 0.097884 -3.074160 2.689309
v 0.094539 -3.081684 2.716611
v 0.085081 -3.080476 2.672002
v 0.096849 -3.086903 2.704281
v 0.093797 -3.087655 2.685272
v 0.078144 -3.082383 2.731982
v 0.087088 -3.086392 2.724497
v 0.085417 -3.096768 2.717495
v 0.078380 -3.090704 2.671475
v 0.088690 -3.099613 2.703617
v 0.083391 -3.098684 2.682884
v 0.073241 -3.077938 2.665294
v 0.082307 -3.104660 2.695309
v 0.074873 -3.105263 2.714761
v 0.066401 -3.108535 2.710544
v 0.072528 -3.102126 2.678295
v 0.068703 -3.096157 2.728590
v 0.063420 -3.110112 2.693281
v 0.056957 -3.102430 2.721832
v 0.058587 -3.101796 2.676989
v 0.061861 -3.091206 2.667931
v 0.051341 -3.106703 2.711234
v 0.048720 -3.107288 2.696003
v 0.062576 -3.078304 2.664019
v 0.042733 -3.102843 2.710827
v 0.045924 -3.101694 2.683606
v 0.062400 -3.084976 2.734773
v 0.049450 -3.092030 2.728604
v 0.036927 -3.087079 2.722049
v 0.034669 -3.096472 2.696437
v 0.037918 -3.093050 2.682104
v 0.046817 -3.090719 2.672086
v 0.065781 -3.077022 2.735990
v 0.053110 -3.083890 2.666581
v 0.031211 -3.088951 2.709877
v 0.028421 -3.083725 2.692867
v 0.047086 -3.078835 2.732363
v 0.028731 -3.076923 2.711492
v 0.035237 -3.073185 2.723551
v 0.027271 -3.070083 2.693175
v 0.035269 -3.078208 2.676543
v 0.042826 -3.076143 2.669909
v 0.029567 -3.064488 2.710545
v 0.035334 -3.053458 2.711284
v 0.031349 -3.057016 2.692864
v 0.045396 -3.064357 2.730203
v 0.039892 -3.062136 2.674015
v 0.041162 -3.056311 2.723519
v 0.040528 -3.045669 2.696437
v 0.053194 -3.072498 2.665007
v 0.043326 -3.045253 2.710829
v 0.045157 -3.049354 2.679578
v 0.054534 -3.047383 2.723172
v 0.059775 -3.037982 2.703253
v 0.052850 -3.040753 2.689447
v 0.055777 -3.058631 2.667923
v 0.057335 -3.058403 2.732293
vn 0.0463 0.2947 0.9545
vn 0.2738 0.8212 -0.5007
vn 0.3244 0.4838 -0.8128
vn 0.3997 0.8564 0.3269
vn 0.0584 0.1332 0.9894
vn 0.7464 0.6501 -0.1424
vn 0.2330 0.1126 -0.9659
vn 0.1178 0.0253 -0.9927
vn 0.7515 0.4306 0.4999
vn 0.8199 0.5261 0.2255
vn 0.9418 0.3308 0.0598
vn 0.9768 0.1785 -0.1182
vn 0.9101 0.0572 0.4104
vn 0.7576 -0.1263 0.6404
vn 0.9647 -0.1229 0.2328
vn 0.5032 0.0203 0.8639
vn 0.8202 -0.0790 -0.5666
vn 0.9582 -0.2472 -0.1441
vn 0.7692 -0.4379 0.4654
vn 0.6547 -0.3957 -0.6441
vn 0.7968 -0.5269 0.2959
vn 0.7537 -0.6265 -0.1986
vn 0.2069 -0.2333 0.9501
vn 0.2212 -0.3734 0.9009
vn 0.4260 -0.4807 0.7665
vn 0.4640 -0.6172 -0.6354
vn 0.4176 -0.8325 -0.3640
vn 0.3876 -0.6810 0.6213
vn 0.2062 -0.3579 -0.9107
vn 0.1885 -0.5729 -0.7977
vn 0.1000 -0.8099 0.5779
vn -0.0912 -0.9059 0.4136
vn -0.1291 -0.6049 0.7858
vn -0.1128 -0.5287 0.8413
vn -0.4110 -0.9055 0.1055
vn -0.3503 -0.6644 -0.6601
vn -0.4304 -0.6898 0.5822
vn -0.5431 -0.6104 0.5765
vn -0.1849 -0.1332 -0.9737
vn -0.6101 -0.7923 -0.0089
vn -0.6692 -0.6741 -0.3127
vn -0.7122 -0.5619 0.4208
vn -0.8993 -0.4371 0.0132
vn -0.1421 -0.0903 0.9857
vn -0.8199 -0.4864 -0.3020
vn -0.6521 -0.3653 -0.6643
vn -0.6369 -0.1590 0.7544
vn -0.8646 -0.2377 0.4426
vn -0.3884 -0.1233 -0.9132
vn -0.4135 0.0870 0.9063
vn -0.8538 0.1681 -0.4927
vn -0.8881 0.0940 0.4500
vn -0.9539 0.2985 0.0300
vn -0.6673 0.2357 0.7065
vn -0.7954 0.3844 0.4686
vn -0.3951 0.2590 -0.8814
vn -0.4041 0.4998 -0.7661
vn -0.6280 0.6365 0.4476
vn -0.3185 0.3263 0.8900
vn -0.1372 0.2283 -0.9639
vn -0.0637 0.0663 -0.9958
vn -0.5000 0.8072 -0.3137
vn -0.3442 0.5452 0.7644
vn -0.3227 0.8391 0.4378
vn -0.2615 0.8193 -0.5102
vn -0.0557 0.9839 -0.1696
vn -0.0909 0.6171 -0.7816
vn 0.1041 0.9941 -0.0299
vn 0.4834 0.8722 -0.0751
vn 0.1924 0.6468 -0.7380
vn 0.3877 0.8165 -0.4279
vn 0.2066 0.2991 -0.9316
vn 0.4794 0.8505 0.2166
vn 0.4833 0.5791 0.6566
vn 0.0777 0.2573 0.9632
vn 0.7031 0.5213 -0.4837
vn 0.6199 -0.0753 0.7811
vn 0.5496 0.4250 -0.7192
vn 0.3799 0.2703 0.8847
vn 0.8685 0.4859 0.0979
vn 0.8022 0.2864 0.5239
vn 0.8853 0.2177 -0.4110
vn 0.9341 0.0397 0.3547
vn 0.8109 -0.0856 -0.5789
vn 0.6073 0.0447 -0.7932
vn 0.4885 -0.0262 -0.8722
vn 0.9890 -0.1391 -0.0500
vn 0.2731 -0.9611 0.0407
vn 0.2618 -0.1129 0.9585
vn 0.4384 -0.2426 -0.8655
vn 0.8104 -0.4695 0.3506
vn 0.8388 -0.5325 -0.1136
vn 0.7313 -0.6374 -0.2428
vn 0.6384 -0.4703 -0.6093
vn 0.5535 -0.7805 0.2906
vn 0.4485 -0.5484 0.7058
vn 0.1233 -0.2942 -0.9478
vn 0.4792 -0.8636 0.1564
vn -0.1150 -0.9872 0.1101
vn 0.2942 -0.9061 -0.3040
vn 0.0221 -0.8878 -0.4597
vn 0.0703 -0.8516 0.5194
vn -0.9725 -0.2132 0.0940
vn 0.0547 -0.6587 -0.7504
vn -0.2128 -0.8944 -0.3934
vn -0.0905 -0.2843 -0.9544
vn -0.2392 -0.9041 -0.3540
vn -0.2327 -0.5896 -0.7735
vn -0.3719 -0.7757 0.5099
vn -0.2505 -0.4571 -0.8534
vn -0.5277 -0.5942 -0.6070
vn -0.6001 -0.7711 -0.2126
vn -0.2672 -0.3080 0.9131
vn -0.7658 -0.6247 0.1526
vn -0.5907 -0.2751 -0.7585
vn -0.4657 -0.2541 -0.8477
vn -0.1980 -0.1114 0.9739
vn -0.8306 -0.3193 -0.4563
vn -0.5354 -0.3187 0.7821
vn -0.8478 -0.1579 0.5063
vn -0.7081 0.6962 0.1175
vn -0.9117 -0.0677 -0.4053
vn -0.5793 0.0538 0.8134
vn -0.9914 0.0748 0.1070
vn -0.7968 0.2808 0.5351
vn -0.4668 0.1574 -0.8703
vn -0.8527 0.2553 -0.4558
vn -0.6695 0.0764 -0.7389
vn -0.8843 0.4554 0.1033
vn -0.0216 0.6342 0.7729
vn -0.6805 0.6543 -0.3299
vn -0.7278 0.5028 -0.4664
vn 0.0832 0.9457 0.3142
vn -0.3737 0.4684 0.8006
vn -0.4581 0.8866 0.0634
vn -0.3941 0.9178 -0.0492
vn -0.4583 0.7073 0.5382
vn -0.2317 0.6472 -0.7263
vn -0.0488 0.3200 -0.9462
vn -0.2167 0.9724 -0.0865
vn -0.0381 0.9354 -0.3516
vn -0.0691 0.8751 0.4790
vn 0.4621 0.8815 -0.0967
vn 0.4749 0.5893 0.6536
vn 0.6991 0.5229 -0.4876
vn 0.5989 -0.0362 0.8000
vn 0.3183 -0.9435 0.0924
vn -0.1761 -0.9820 0.0680
vn -0.9952 -0.0850 0.0476
vn -0.7842 0.6185 0.0501
vn 0.0028 0.6607 0.7507
vn 0.1475 0.9501 0.2750
vt 0.804249 0.848025
vt 0.884756 0.915970
vt 0.676250 0.821957
vt 0.749488 0.292930
vt 0.714279 0.417909
vt 0.655131 0.286873
vt 0.726935 0.152922
vt 0.580987 0.167366
vt 0.708567 0.690602
vt 0.634035 0.624964
vt 0.703830 0.532515
vt 0.671875 1.000000
vt 0.551942 0.909231
vt 0.628052 0.526469
vt 0.572016 0.435152
vt 0.641194 0.402575
vt 0.445463 0.098320
vt 0.703139 0.062500
vt 0.578125 0.000000
vt 0.567931 0.766799
vt 0.552187 0.600548
vt 0.514217 0.531352
vt 0.500003 0.406724
vt 0.516468 0.717289
vt 0.460577 0.645915
vt 0.424241 0.735141
vt 0.444278 0.535980
vt 0.420900 0.840798
vt 0.428121 0.370061
vt 0.546665 0.280866
vt 0.371877 0.656890
vt 0.369858 0.210550
vt 0.453152 0.219058
vt 0.375018 0.531130
vt 0.338128 0.458811
vt 0.338270 0.964763
vt 0.231094 0.896800
vt 0.287226 0.781475
vt 0.359779 0.344269
vt 0.299187 0.300430
vt 0.310446 0.634411
vt 0.247508 0.161055
vt 0.216770 0.702232
vt 0.194451 0.596355
vt 0.265625 0.595977
vt 0.147102 0.785900
vt 0.142699 0.590547
vt 0.185535 0.466154
vt 0.162916 0.351922
vt 0.126242 0.222916
vt 0.221046 0.284353
vt 0.073101 0.705107
vt 0.273129 0.036605
vt 0.125103 0.125000
vt 0.043730 0.087141
vt 0.108032 0.469166
vt 0.102589 0.336191
vt 0.070976 0.585164
vt 0.046075 0.436626
vt 0.078125 1.000000
vt 0.014102 0.903265
vt 0.027220 0.279821
vt 0.054564 0.846020
vt 0.007229 0.724317
vt 0.010454 0.605198
vt 0.024431 0.187500
vt 0.920301 0.812500
vt 1.000000 0.812500
vt 0.992303 0.277267
vt 0.983864 0.441679
vt 0.917049 0.253482
vt 0.984384 0.724317
vt 0.954401 0.593080
vt 1.000000 0.605198
vt 0.921917 0.437747
vt 0.891522 0.719830
vt 0.897990 0.598987
vt 0.827645 0.158907
vt 0.954872 0.087141
vt 0.845287 0.316638
vt 0.844657 0.593400
vt 0.828125 0.000000
vt 0.858032 0.469167
vt 0.797116 0.406654
vt 0.797589 0.718022
vt 0.789540 0.577180
vt 0.764830 0.532292
vt 0.250838 0.440922
vt 0.000000 0.441679
vt 0.985117 0.187500
s 0
g Sphere.034_Mat_Cardume_Olho_10.016
usemtl Mat_Cardume_Olho_10.016
f 3116/3969/5199 3042/3970/5199 3047/3971/5199
f 3040/3972/5200 3045/3973/5200 3049/3974/5200
f 3041/3975/5201 3049/3974/5201 3058/3976/5201
f 3043/3977/5202 3046/3978/5202 3044/3979/5202
f 3042/3970/5203 3092/3980/5203 3059/3981/5203
f 3050/3982/5204 3055/3983/5204 3048/3984/5204
f 3058/3976/5205 3071/3985/5205 3051/3986/5205
f 3083/3987/5206 3051/3986/5206 3071/3985/5206
f 3052/3988/5207 3054/3989/5207 3046/3978/5207
f 3046/3978/5208 3054/3989/5208 3050/3982/5208
f 3054/3989/5209 3057/3990/5209 3055/3983/5209
f 3057/3990/5210 3060/3991/5210 3055/3983/5210
f 3054/3989/5211 3056/3992/5211 3061/3993/5211
f 3056/3992/5212 3066/3994/5212 3061/3993/5212
f 3057/3990/5213 3061/3993/5213 3063/3995/5213
f 3059/3981/5214 3065/3996/5214 3052/3988/5214
f 3060/3991/5215 3064/3997/5215 3053/3998/5215
f 3063/3995/5216 3064/3997/5216 3060/3991/5216
f 3061/3993/5217 3066/3994/5217 3067/3999/5217
f 3064/3997/5218 3068/4000/5218 3062/4001/5218
f 3067/3999/5219 3069/4002/5219 3063/3995/5219
f 3069/4002/5220 3072/4003/5220 3064/3997/5220
f 3092/4004/5221 3086/4005/5221 3065/3996/5221
f 3065/3996/5222 3086/4005/5222 3076/4006/5222
f 3065/3996/5223 3076/4006/5223 3066/3994/5223
f 3070/4007/5224 3075/4008/5224 3068/4000/5224
f 3072/4003/5225 3075/4008/5225 3070/4007/5225
f 3067/3999/5226 3076/4006/5226 3073/4009/5226
f 3068/4000/5227 3080/4010/5227 3071/3985/5227
f 3068/4000/5228 3075/4008/5228 3080/4010/5228
f 3076/4006/5229 3078/4011/5229 3073/4009/5229
f 3078/4011/5230 3081/4012/5230 3074/4013/5230
f 3076/4006/5231 3087/4014/5231 3078/4011/5231
f 3086/4005/5232 3087/4014/5232 3076/4006/5232
f 3081/4012/5233 3084/4015/5233 3082/4016/5233
f 3085/4017/5234 3091/4018/5234 3079/4019/5234
f 3078/4011/5235 3087/4014/5235 3084/4015/5235
f 3084/4015/5236 3087/4014/5236 3088/4020/5236
f 3083/4021/5237 3093/4022/5237 3109/4023/5237
f 3084/4015/5238 3089/4024/5238 3082/4016/5238
f 3089/4024/5239 3090/4025/5239 3085/4017/5239
f 3088/4020/5240 3094/4026/5240 3084/4015/5240
f 3089/4024/5241 3094/4026/5241 3095/4027/5241
f 3086/4005/5242 3092/4028/5242 3042/4029/5242
f 3089/4024/5243 3095/4027/5243 3090/4025/5243
f 3090/4025/5244 3100/4030/5244 3091/4018/5244
f 3096/4031/5245 3098/4032/5245 3088/4020/5245
f 3088/4020/5246 3097/4033/5246 3094/4026/5246
f 3093/4022/5247 3101/4034/5247 3109/4023/5247
f 3042/3970/5248 3105/4035/5248 3096/4036/5248
f 3100/4037/5249 3099/4038/5249 3106/4039/5249
f 3098/4040/5250 3102/4041/5250 3097/4042/5250
f 3099/4038/5251 3102/4041/5251 3104/4043/5251
f 3105/4035/5252 3107/4044/5252 3098/4040/5252
f 3107/4044/5253 3103/4045/5253 3102/4041/5253
f 3106/4039/5254 3115/4046/5254 3109/4047/5254
f 3106/4039/5255 3111/4048/5255 3115/4046/5255
f 3107/4044/5256 3110/4049/5256 3103/4045/5256
f 3042/3970/5257 3116/3969/5257 3105/4035/5257
f 3109/4047/5258 3115/4046/5258 3051/3986/5258
f 3083/4050/5259 3109/4047/5259 3051/3986/5259
f 3108/4051/5260 3114/4052/5260 3111/4048/5260
f 3116/3969/5261 3112/4053/5261 3107/4044/5261
f 3110/4049/5262 3112/4053/5262 3039/4054/5262
f 3114/4052/5263 3040/3972/5263 3111/4048/5263
f 3113/4055/5264 3045/3973/5264 3114/4052/5264
f 3040/3972/5265 3041/3975/5265 3115/4046/5265
f 3113/4055/5266 3044/3979/5266 3045/3973/5266
f 3048/3984/5267 3044/3979/5267 3050/3982/5267
f 3040/3972/5268 3049/3974/5268 3041/3975/5268
f 3049/3974/5269 3045/3973/5269 3048/3984/5269
f 3041/3975/5270 3058/3976/5270 3051/3986/5270
f 3044/3979/5271 3046/3978/5271 3050/3982/5271
f 3046/3978/5272 3047/3971/5272 3052/3988/5272
f 3042/3970/5273 3059/3981/5273 3047/3971/5273
f 3053/3998/5274 3048/3984/5274 3055/3983/5274
f 3056/3992/5275 3065/3996/5275 3066/3994/5275
f 3058/3976/5276 3049/3974/5276 3053/3998/5276
f 3047/3971/5277 3059/3981/5277 3052/3988/5277
f 3055/3983/5278 3050/3982/5278 3054/3989/5278
f 3054/3989/5279 3052/3988/5279 3056/3992/5279
f 3055/3983/5280 3060/3991/5280 3053/3998/5280
f 3054/3989/5281 3061/3993/5281 3057/3990/5281
f 3053/3998/5282 3064/3997/5282 3062/4001/5282
f 3058/3976/5283 3053/3998/5283 3062/4001/5283
f 3058/3976/5284 3062/4001/5284 3071/3985/5284
f 3057/3990/5285 3063/3995/5285 3060/3991/5285
f 3072/4003/5286 3074/4013/5286 3077/4056/5286
f 3059/3981/5287 3092/4004/5287 3065/3996/5287
f 3062/4001/5288 3068/4000/5288 3071/3985/5288
f 3061/3993/5289 3067/3999/5289 3063/3995/5289
f 3063/3995/5290 3069/4002/5290 3064/3997/5290
f 3064/3997/5291 3072/4003/5291 3070/4007/5291
f 3064/3997/5292 3070/4007/5292 3068/4000/5292
f 3067/3999/5293 3073/4009/5293 3069/4002/5293
f 3067/3999/5294 3066/3994/5294 3076/4006/5294
f 3071/3985/5295 3080/4010/5295 3083/4021/5295
f 3069/4002/5296 3073/4009/5296 3072/4003/5296
f 3081/4012/5297 3077/4056/5297 3074/4013/5297
f 3072/4003/5298 3077/4056/5298 3075/4008/5298
f 3075/4008/5299 3077/4056/5299 3079/4019/5299
f 3073/4009/5300 3078/4011/5300 3074/4013/5300
f 3097/4033/5301 3095/4027/5301 3094/4026/5301
f 3080/4010/5302 3075/4008/5302 3079/4019/5302
f 3079/4019/5303 3077/4056/5303 3085/4017/5303
f 3083/4021/5304 3080/4010/5304 3093/4022/5304
f 3077/4056/5305 3082/4016/5305 3085/4017/5305
f 3080/4010/5306 3079/4019/5306 3091/4018/5306
f 3078/4011/5307 3084/4015/5307 3081/4012/5307
f 3080/4010/5308 3091/4018/5308 3093/4022/5308
f 3085/4017/5309 3090/4025/5309 3091/4018/5309
f 3082/4016/5310 3089/4024/5310 3085/4017/5310
f 3086/4005/5311 3096/4031/5311 3087/4014/5311
f 3089/4024/5312 3084/4015/5312 3094/4026/5312
f 3091/4018/5313 3100/4030/5313 3101/4034/5313
f 3093/4022/5314 3091/4018/5314 3101/4034/5314
f 3086/4005/5315 3042/4029/5315 3096/4031/5315
f 3090/4025/5316 3095/4027/5316 3100/4030/5316
f 3087/4014/5317 3096/4031/5317 3088/4020/5317
f 3088/4020/5318 3098/4032/5318 3097/4033/5318
f 3108/4051/5319 3103/4045/5319 3110/4049/5319
f 3095/4027/5320 3099/4057/5320 3100/4030/5320
f 3096/4036/5321 3105/4035/5321 3098/4040/5321
f 3099/4038/5322 3097/4042/5322 3102/4041/5322
f 3098/4040/5323 3107/4044/5323 3102/4041/5323
f 3109/4047/5324 3101/4058/5324 3106/4039/5324
f 3106/4039/5325 3099/4038/5325 3104/4043/5325
f 3101/4058/5326 3100/4037/5326 3106/4039/5326
f 3104/4043/5327 3102/4041/5327 3103/4045/5327
f 3047/3971/5328 3112/4053/5328 3116/3969/5328
f 3104/4043/5329 3108/4051/5329 3111/4048/5329
f 3106/4039/5330 3104/4043/5330 3111/4048/5330
f 3113/4055/5331 3043/3977/5331 3044/3979/5331
f 3105/4035/5332 3116/3969/5332 3107/4044/5332
f 3108/4051/5333 3110/4049/5333 3039/4054/5333
f 3108/4051/5334 3039/4054/5334 3114/4052/5334
f 3110/4049/5335 3107/4044/5335 3112/4053/5335
f 3115/4046/5336 3111/4048/5336 3040/3972/5336
f 3115/4046/5337 3041/3975/5337 3051/3986/5337
f 3039/4054/5338 3113/4055/5338 3114/4052/5338
f 3114/4052/5339 3045/3973/5339 3040/3972/5339
f 3039/4054/5340 3112/4053/5340 3043/3977/5340
f 3048/3984/5341 3045/3973/5341 3044/3979/5341
f 3046/3978/5342 3043/3977/5342 3047/3971/5342
f 3053/3998/5343 3049/3974/5343 3048/3984/5343
f 3056/3992/5344 3052/3988/5344 3065/3996/5344
f 3072/4003/5345 3073/4009/5345 3074/4013/5345
f 3081/4012/5346 3082/4016/5346 3077/4056/5346
f 3097/4033/5347 3099/4057/5347 3095/4027/5347
f 3108/4051/5348 3104/4043/5348 3103/4045/5348
f 3047/3971/5349 3043/3977/5349 3112/4053/5349
f 3113/4055/5350 3039/4054/5350 3043/3977/5350
o Sphere.035
v 0.850693 -2.900221 2.719134
v 0.931873 -2.911491 2.908248
v 0.946367 -2.848426 2.823604
v 0.944669 -2.879070 2.723720
v 0.973870 -3.042382 2.664790
v 1.088433 -3.048356 2.825495
v 1.040560 -3.047952 2.916216
v 1.071626 -3.052379 2.726783
v 1.114738 -3.233065 2.865665
v 1.094544 -3.192165 2.719783
v 0.935126 -3.018312 2.925349
v 1.087903 -3.275984 2.799788
v 0.974430 -3.183885 2.735938
v 0.898203 -3.071126 2.864288
v 0.833304 -2.832568 2.821695
vn -0.8049 -0.0456 -0.5916
vn 0.1503 0.4619 0.8741
vn 0.6518 0.7465 0.1343
vn 0.5084 0.6429 -0.5729
vn -0.0588 -0.0409 -0.9974
vn 0.9046 0.4149 0.0974
vn 0.5804 0.2520 0.7744
vn 0.8200 0.3735 -0.4338
vn 0.6081 -0.3597 0.7077
vn 0.6595 -0.1624 -0.7339
vn -0.4360 -0.2028 0.8768
vn -0.2201 -0.9734 0.0635
vn -0.7148 -0.6028 -0.3546
vn -0.8212 -0.4639 0.3323
vn -0.9017 0.3378 0.2700
vt 0.683247 0.810082
vt 0.624371 0.562957
vt 0.791281 0.556926
vt 0.431343 0.809960
vt 0.459915 0.566263
vt 0.541667 1.000000
vt 0.280654 0.657389
vt 0.209572 0.498083
vt 0.086642 0.350307
vt 0.308727 0.296507
vt 0.144242 0.941469
vt 0.024631 0.621900
vt 1.000000 0.311258
vt 0.976174 0.641405
vt 0.834722 0.311257
vt 0.931902 0.861723
vt 0.628130 0.317726
vt 0.684032 0.113171
vt 0.458333 0.315699
vt 0.157620 0.097343
s 1
g Sphere.035_Mat_Cardume_Corpo_60.017
usemtl Mat_Cardume_Corpo_60.017
f 3118/4059/5352 3119/4060/5353 3131/4061/5365
f 3123/4062/5357 3122/4063/5356 3119/4060/5353
f 3118/4059/5352 3127/4064/5361 3123/4062/5357
f 3123/4062/5357 3125/4065/5359 3122/4063/5356
f 3128/4066/5362 3129/4067/5363 3126/4068/5360
f 3127/4069/5361 3130/4070/5364 3125/4065/5359
f 3125/4065/5359 3130/4070/5364 3128/4066/5362
f 3129/4071/5363 3130/4072/5364 3117/4073/5351
f 3130/4072/5364 3127/4074/5361 3131/4061/5365
f 3117/4073/5351 3120/4075/5354 3121/4076/5355
f 3124/4077/5358 3119/4060/5353 3122/4063/5356
f 3118/4059/5352 3123/4062/5357 3119/4060/5353
f 3126/4068/5360 3122/4063/5356 3125/4065/5359
f 3120/4075/5354 3124/4077/5358 3121/4076/5355
f 3121/4078/5355 3124/4077/5358 3126/4068/5360
f 3126/4068/5360 3125/4065/5359 3128/4066/5362
f 3123/4062/5357 3127/4069/5361 3125/4065/5359
f 3121/4078/5355 3126/4068/5360 3129/4067/5363
f 3128/4066/5362 3130/4070/5364 3129/4067/5363
f 3121/4076/5355 3129/4071/5363 3117/4073/5351
f 3120/4075/5354 3131/4061/5365 3119/4060/5353
f 3117/4073/5351 3130/4072/5364 3131/4061/5365
f 3131/4061/5365 3127/4074/5361 3118/4059/5352
f 3124/4077/5358 3120/4075/5354 3119/4060/5353
f 3126/4068/5360 3124/4077/5358 3122/4063/5356
f 3120/4075/5354 3117/4073/5351 3131/4061/5365
o Cone.019
v 1.116049 -3.309476 2.675114
v 1.142451 -3.294233 2.861719
v 1.133084 -3.299641 2.863167
v 1.044128 -3.151468 2.800000
vn 0.1165 -0.4401 -0.8904
vn 0.8751 0.4727 -0.1040
vn -0.8402 -0.5177 0.1612
vn -0.5000 0.8660 -0.0000
vt 0.250000 0.490000
vt 0.250000 0.250000
vt 0.457846 0.130000
vt 0.750000 0.490000
vt 0.957846 0.130000
vt 0.542154 0.130000
vt 0.042154 0.130000
s 1
g Cone.019_Mat_Cardume_Barbatana_30.017
usemtl Mat_Cardume_Barbatana_30.017
f 3132/4079/5366 3135/4080/5369 3133/4081/5367
f 3132/4082/5366 3133/4083/5367 3134/4084/5368
f 3133/4081/5367 3135/4080/5369 3134/4085/5368
f 3134/4085/5368 3135/4080/5369 3132/4079/5366
o Sphere.036
v 0.963201 -2.869348 2.820850
v 0.946972 -2.871431 2.807147
v 0.950085 -2.869031 2.803253
v 0.956019 -2.873217 2.778203
v 0.961867 -2.897105 2.835381
v 0.962397 -2.863523 2.803874
v 0.960322 -2.864875 2.790841
v 0.964858 -2.882698 2.767892
v 0.969245 -2.879136 2.830969
v 0.979295 -2.863258 2.803464
v 0.976253 -2.864388 2.789169
v 0.973105 -2.870370 2.777104
v 0.969228 -2.891492 2.764609
v 0.978539 -2.865553 2.813771
v 0.993701 -2.881991 2.822821
v 0.993811 -2.872801 2.811320
v 0.991227 -2.869070 2.792175
v 0.977963 -2.891014 2.834752
v 0.985593 -2.878566 2.827113
v 1.000627 -2.878040 2.803563
v 0.989967 -2.877977 2.776481
v 0.980477 -2.883489 2.768077
v 1.002043 -2.889496 2.816611
v 1.001178 -2.881308 2.789309
v 0.993248 -2.893179 2.772002
v 1.006653 -2.892861 2.804281
v 1.004386 -2.895038 2.785272
v 0.988194 -2.898299 2.831981
v 0.997944 -2.897299 2.824497
v 0.992559 -2.905387 2.771475
v 1.001685 -2.907120 2.817495
v 1.005943 -2.907948 2.803617
v 1.000889 -2.909792 2.782884
v 0.981725 -2.896902 2.765294
v 1.002937 -2.915510 2.795309
v 0.996801 -2.919749 2.814761
v 0.986905 -2.914948 2.828590
v 0.991100 -2.926818 2.810544
v 0.993202 -2.918205 2.778295
v 0.989307 -2.929675 2.793281
v 0.972672 -2.902550 2.764019
v 0.979869 -2.926253 2.821832
v 0.980964 -2.924890 2.776989
v 0.978503 -2.914082 2.767931
v 0.975855 -2.908417 2.834773
v 0.977142 -2.932762 2.811234
v 0.975165 -2.934579 2.796003
v 0.967758 -2.933724 2.810827
v 0.969946 -2.931133 2.783606
v 0.965232 -2.921181 2.772086
v 0.968167 -2.921000 2.828604
v 0.957588 -2.932238 2.796437
v 0.958691 -2.927650 2.782104
v 0.974807 -2.899837 2.835990
v 0.954847 -2.922974 2.822049
v 0.967267 -2.912121 2.766581
v 0.950833 -2.927454 2.809876
v 0.945804 -2.924323 2.792867
v 0.959523 -2.910756 2.832363
v 0.942671 -2.918278 2.811492
v 0.954487 -2.910554 2.769909
v 0.946437 -2.911786 2.823551
v 0.937986 -2.913084 2.793175
v 0.948975 -2.916121 2.776543
v 0.937178 -2.907090 2.810545
v 0.950821 -2.899062 2.830203
v 0.934985 -2.899728 2.792864
v 0.936657 -2.894654 2.811284
v 0.944944 -2.899891 2.774015
v 0.943130 -2.894211 2.823519
v 0.937261 -2.885312 2.796437
v 0.961644 -2.902213 2.765007
v 0.939475 -2.883553 2.810828
v 0.943112 -2.886189 2.779577
v 0.950247 -2.879793 2.823172
v 0.945474 -2.874894 2.789447
v 0.956948 -2.888913 2.767923
v 0.958183 -2.887937 2.832293
vn -0.1072 0.2784 0.9545
vn -0.1735 0.8481 -0.5007
vn -0.0161 0.1446 0.9894
vn 0.0390 0.5812 -0.8128
vn -0.0821 0.9415 0.3269
vn 0.3213 0.9362 -0.1424
vn 0.4355 0.7486 0.4999
vn 0.4470 0.8656 0.2255
vn 0.1455 0.2140 -0.9659
vn 0.0893 0.0808 -0.9927
vn 0.6502 0.7574 0.0598
vn 0.7596 0.5046 0.4104
vn 0.7567 0.6430 -0.1182
vn 0.4256 0.2692 0.8639
vn 0.7498 0.3417 -0.5666
vn 0.7192 0.2694 0.6404
vn 0.8969 0.3759 0.2328
vn 0.9534 0.2651 -0.1441
vn 0.7648 -0.0153 -0.6441
vn 0.8851 0.0054 0.4654
vn 0.9535 -0.0579 0.2959
vn 0.9660 -0.1657 -0.1986
vn 0.3783 -0.2128 0.9009
vn 0.6093 -0.2033 0.7665
vn 0.7104 -0.3025 -0.6354
vn 0.2958 -0.0986 0.9501
vn 0.7779 -0.5122 -0.3640
vn 0.6761 -0.3960 0.6213
vn 0.3576 -0.2069 -0.9107
vn 0.4497 -0.4019 -0.7977
vn 0.4916 -0.6514 0.5779
vn 0.3740 -0.8301 0.4136
vn 0.1667 -0.5143 0.8413
vn 0.1906 -0.5884 0.7858
vn 0.0288 -0.7506 -0.6601
vn -0.0278 -0.8126 0.5822
vn 0.0968 -0.9897 0.1055
vn -0.1322 -0.9912 -0.0089
vn -0.1651 -0.8002 0.5765
vn -0.0935 -0.2078 -0.9737
vn -0.3358 -0.8427 0.4208
vn -0.2425 -0.9184 -0.3127
vn -0.4668 -0.8312 -0.3020
vn -0.3821 -0.6425 -0.6643
vn -0.5603 -0.8282 0.0132
vn -0.0779 -0.1493 0.9857
vn -0.6299 -0.6382 0.4426
vn -0.2747 -0.3010 -0.9132
vn -0.4720 -0.4562 0.7544
vn -0.4016 -0.1314 0.9063
vn -0.8235 -0.2813 -0.4927
vn -0.8161 -0.3626 0.4500
vn -0.6958 -0.1296 0.7065
vn -0.9754 -0.2185 0.0300
vn -0.8811 -0.0648 0.4686
vn -0.4717 0.0267 -0.8814
vn -0.4390 0.1233 0.8900
vn -0.5999 0.2308 -0.7661
vn -0.8622 0.2372 0.4476
vn -0.2330 0.1291 -0.9639
vn -0.0884 0.0256 -0.9958
vn -0.8366 0.4491 -0.3137
vn -0.5707 0.3000 0.7644
vn -0.6361 0.5788 -0.5102
vn -0.6991 0.5653 0.4378
vn -0.3872 0.4890 -0.7816
vn -0.5402 0.8242 -0.1696
vn -0.0175 0.9970 -0.0751
vn -0.4069 0.9130 -0.0299
vn -0.1568 0.6563 -0.7380
vn 0.0294 0.3624 -0.9316
vn -0.0101 0.9762 0.2166
vn 0.1290 0.7431 0.6566
vn -0.0614 0.2617 0.9632
vn -0.0725 0.9009 -0.4279
vn 0.3482 0.8030 -0.4837
vn 0.1939 0.4240 0.8847
vn 0.5745 0.2447 0.7811
vn 0.2635 0.6429 -0.7192
vn 0.5092 0.8551 0.0979
vn 0.6578 0.6312 -0.4110
vn 0.5515 0.6491 0.5239
vn 0.7891 0.5015 0.3547
vn 0.9261 0.3741 -0.0500
vn 0.7170 -0.6958 0.0407
vn 0.7450 0.3314 -0.5789
vn 0.5036 0.3424 -0.7932
vn 0.4362 0.2216 -0.8722
vn 0.2832 0.0332 0.9585
vn 0.5009 0.0091 -0.8655
vn 0.9365 -0.0014 0.3506
vn 0.9926 -0.0417 -0.1136
vn 0.9520 -0.1864 -0.2428
vn 0.7880 -0.0882 -0.6093
vn 0.6626 -0.2507 0.7058
vn 0.8696 -0.3992 0.2906
vn 0.2539 -0.1931 -0.9478
vn 0.8469 -0.5083 0.1564
vn 0.3940 -0.9125 0.1101
vn 0.7078 -0.6376 -0.3040
vn 0.4630 -0.7578 -0.4597
vn 0.4867 -0.7024 0.5194
vn 0.3767 -0.5431 -0.7504
vn -0.7356 -0.6708 0.0940
vn 0.2449 -0.9026 -0.3540
vn 0.2629 -0.8810 -0.3934
vn 0.0638 -0.2915 -0.9544
vn 0.0933 -0.6269 -0.7735
vn 0.0657 -0.8577 0.5099
vn 0.0116 -0.5211 -0.8534
vn -0.1342 -0.9679 -0.2126
vn -0.0774 -0.4003 0.9131
vn -0.1599 -0.7785 -0.6070
vn -0.3508 -0.9239 0.1526
vn -0.1158 -0.1954 0.9739
vn -0.5597 -0.6918 -0.4563
vn -0.3043 -0.5437 0.7821
vn -0.3741 -0.5336 -0.7585
vn -0.2763 -0.4530 -0.8477
vn -0.7557 -0.5145 -0.4053
vn -0.6552 -0.5606 0.5063
vn -0.9614 0.2489 0.1175
vn -0.8960 -0.4309 0.1070
vn -0.5285 -0.2431 0.8134
vn -0.8661 -0.2052 -0.4558
vn -0.6180 -0.2686 -0.7389
vn -0.8304 -0.1552 0.5351
vn -0.4829 -0.0971 -0.8703
vn -0.9935 -0.0478 0.1033
vn -0.8817 0.0715 -0.4664
vn -0.4008 0.8606 0.3142
vn -0.3358 0.5384 0.7729
vn -0.9165 0.2264 -0.3299
vn -0.5579 0.2188 0.8006
vn -0.7506 0.3834 0.5382
vn -0.8400 0.5388 0.0634
vn -0.8002 0.5978 -0.0492
vn -0.6739 0.7337 -0.0865
vn -0.5242 0.4446 -0.7263
vn -0.2023 0.2527 -0.9462
vn -0.4973 0.7233 0.4790
vn -0.5007 0.7910 -0.3516
vn -0.0406 0.9945 -0.0967
vn 0.1167 0.7478 0.6536
vn 0.3440 0.8024 -0.4876
vn 0.5368 0.2681 0.8000
vn 0.7474 -0.6579 0.0924
vn 0.3385 -0.9385 0.0680
vn -0.8194 -0.5713 0.0476
vn -0.9884 0.1436 0.0501
vn -0.3473 0.8966 0.2750
vn -0.3279 0.5736 0.7507
vt 0.804249 0.848025
vt 0.884756 0.915970
vt 0.676250 0.821957
vt 0.749488 0.292930
vt 0.714279 0.417909
vt 0.655131 0.286873
vt 0.671875 1.000000
vt 0.551942 0.909231
vt 0.726935 0.152922
vt 0.580987 0.167366
vt 0.708567 0.690602
vt 0.634035 0.624964
vt 0.703830 0.532515
vt 0.628052 0.526469
vt 0.572016 0.435152
vt 0.641194 0.402575
vt 0.567931 0.766799
vt 0.552187 0.600548
vt 0.445463 0.098320
vt 0.703139 0.062500
vt 0.578125 0.000000
vt 0.514217 0.531352
vt 0.516468 0.717289
vt 0.460577 0.645915
vt 0.500003 0.406724
vt 0.420901 0.840798
vt 0.428121 0.370061
vt 0.546665 0.280866
vt 0.424241 0.735141
vt 0.444278 0.535980
vt 0.369858 0.210550
vt 0.453152 0.219058
vt 0.371877 0.656890
vt 0.375018 0.531130
vt 0.338128 0.458811
vt 0.231094 0.896800
vt 0.287226 0.781475
vt 0.359779 0.344269
vt 0.299187 0.300430
vt 0.406426 0.964763
vt 0.310446 0.634411
vt 0.247508 0.161055
vt 0.216770 0.702232
vt 0.194451 0.596355
vt 0.265625 0.595977
vt 0.147102 0.785900
vt 0.162916 0.351922
vt 0.126242 0.222916
vt 0.221046 0.284353
vt 0.142699 0.590547
vt 0.185535 0.466154
vt 0.108032 0.469166
vt 0.073101 0.705107
vt 0.273129 0.036605
vt 0.125103 0.125000
vt 0.043730 0.087141
vt 0.070976 0.585164
vt 0.102589 0.336191
vt 0.046075 0.436626
vt 0.027220 0.279821
vt 0.078125 1.000000
vt 0.014102 0.903265
vt 0.010454 0.605198
vt 0.024431 0.187500
vt 0.054564 0.846020
vt 0.007229 0.724317
vt 0.920301 0.812500
vt 1.000000 0.812500
vt 0.992303 0.277267
vt 0.983864 0.441679
vt 0.917049 0.253482
vt 0.984384 0.724317
vt 0.954401 0.593080
vt 1.000000 0.605198
vt 0.891522 0.719830
vt 0.921917 0.437747
vt 0.897990 0.598987
vt 0.827645 0.158907
vt 0.954872 0.087141
vt 0.845287 0.316638
vt 0.844657 0.593400
vt 0.828125 0.000000
vt 0.858032 0.469167
vt 0.797116 0.406654
vt 0.797589 0.718022
vt 0.789540 0.577180
vt 0.764830 0.532292
vt 0.250838 0.440922
vt 0.000000 0.441679
vt 0.985117 0.187500
s 0
g Sphere.036_Mat_Cardume_Olho_10.017
usemtl Mat_Cardume_Olho_10.017
f 3213/4086/5370 3140/4087/5370 3144/4088/5370
f 3139/4089/5371 3142/4090/5371 3147/4091/5371
f 3140/4087/5372 3189/4092/5372 3153/4093/5372
f 3143/4094/5373 3147/4091/5373 3157/4095/5373
f 3136/4096/5374 3149/4097/5374 3141/4098/5374
f 3145/4099/5375 3152/4100/5375 3146/4101/5375
f 3154/4102/5376 3151/4103/5376 3149/4097/5376
f 3149/4097/5377 3151/4103/5377 3145/4099/5377
f 3157/4095/5378 3169/4104/5378 3148/4105/5378
f 3176/4106/5379 3148/4105/5379 3169/4104/5379
f 3151/4103/5380 3155/4107/5380 3152/4100/5380
f 3151/4103/5381 3150/4108/5381 3158/4109/5381
f 3155/4107/5382 3159/4110/5382 3152/4100/5382
f 3153/4093/5383 3163/4111/5383 3154/4102/5383
f 3159/4110/5384 3162/4112/5384 3156/4113/5384
f 3150/4108/5385 3164/4114/5385 3158/4109/5385
f 3155/4107/5386 3158/4109/5386 3161/4115/5386
f 3161/4115/5387 3162/4112/5387 3159/4110/5387
f 3162/4112/5388 3165/4116/5388 3160/4117/5388
f 3158/4109/5389 3164/4114/5389 3166/4118/5389
f 3166/4118/5390 3167/4119/5390 3161/4115/5390
f 3167/4119/5391 3170/4120/5391 3162/4112/5391
f 3163/4111/5392 3180/4121/5392 3172/4122/5392
f 3163/4111/5393 3172/4122/5393 3164/4114/5393
f 3168/4123/5394 3174/4124/5394 3165/4116/5394
f 3189/4125/5395 3180/4121/5395 3163/4111/5395
f 3170/4120/5396 3174/4124/5396 3168/4123/5396
f 3166/4118/5397 3172/4122/5397 3171/4126/5397
f 3165/4116/5398 3179/4127/5398 3169/4104/5398
f 3165/4116/5399 3174/4124/5399 3179/4127/5399
f 3172/4122/5400 3177/4128/5400 3171/4126/5400
f 3177/4128/5401 3181/4129/5401 3173/4130/5401
f 3180/4121/5402 3186/4131/5402 3172/4122/5402
f 3172/4122/5403 3186/4131/5403 3177/4128/5403
f 3184/4132/5404 3185/4133/5404 3178/4134/5404
f 3177/4128/5405 3186/4131/5405 3183/4135/5405
f 3181/4129/5406 3183/4135/5406 3182/4136/5406
f 3183/4135/5407 3187/4137/5407 3182/4136/5407
f 3183/4135/5408 3186/4131/5408 3190/4138/5408
f 3176/4139/5409 3191/4140/5409 3207/4141/5409
f 3190/4138/5410 3192/4142/5410 3183/4135/5410
f 3187/4137/5411 3188/4143/5411 3184/4132/5411
f 3187/4137/5412 3193/4144/5412 3188/4143/5412
f 3188/4143/5413 3199/4145/5413 3185/4133/5413
f 3187/4137/5414 3192/4142/5414 3193/4144/5414
f 3180/4121/5415 3189/4146/5415 3140/4147/5415
f 3190/4138/5416 3195/4148/5416 3192/4142/5416
f 3191/4140/5417 3196/4149/5417 3207/4141/5417
f 3194/4150/5418 3197/4151/5418 3190/4138/5418
f 3140/4087/5419 3201/4152/5419 3194/4153/5419
f 3199/4154/5420 3198/4155/5420 3204/4156/5420
f 3197/4157/5421 3200/4158/5421 3195/4159/5421
f 3201/4152/5422 3205/4160/5422 3197/4157/5422
f 3198/4155/5423 3200/4158/5423 3202/4161/5423
f 3205/4160/5424 3203/4162/5424 3200/4158/5424
f 3204/4156/5425 3212/4163/5425 3207/4164/5425
f 3140/4087/5426 3213/4086/5426 3201/4152/5426
f 3204/4156/5427 3209/4165/5427 3212/4163/5427
f 3205/4160/5428 3208/4166/5428 3203/4162/5428
f 3207/4164/5429 3212/4163/5429 3148/4105/5429
f 3176/4167/5430 3207/4164/5430 3148/4105/5430
f 3206/4168/5431 3211/4169/5431 3209/4165/5431
f 3213/4086/5432 3210/4170/5432 3205/4160/5432
f 3211/4169/5433 3139/4089/5433 3209/4165/5433
f 3208/4166/5434 3210/4170/5434 3137/4171/5434
f 3139/4089/5435 3143/4094/5435 3212/4163/5435
f 3138/4172/5436 3142/4090/5436 3211/4169/5436
f 3146/4101/5437 3141/4098/5437 3145/4099/5437
f 3138/4172/5438 3141/4098/5438 3142/4090/5438
f 3139/4089/5439 3147/4091/5439 3143/4094/5439
f 3143/4094/5440 3157/4095/5440 3148/4105/5440
f 3141/4098/5441 3149/4097/5441 3145/4099/5441
f 3149/4097/5442 3144/4088/5442 3154/4102/5442
f 3140/4087/5443 3153/4093/5443 3144/4088/5443
f 3147/4091/5444 3142/4090/5444 3146/4101/5444
f 3156/4113/5445 3146/4101/5445 3152/4100/5445
f 3144/4088/5446 3153/4093/5446 3154/4102/5446
f 3150/4108/5447 3163/4111/5447 3164/4114/5447
f 3157/4095/5448 3147/4091/5448 3156/4113/5448
f 3152/4100/5449 3145/4099/5449 3151/4103/5449
f 3152/4100/5450 3159/4110/5450 3156/4113/5450
f 3151/4103/5451 3154/4102/5451 3150/4108/5451
f 3151/4103/5452 3158/4109/5452 3155/4107/5452
f 3155/4107/5453 3161/4115/5453 3159/4110/5453
f 3170/4120/5454 3173/4130/5454 3175/4173/5454
f 3156/4113/5455 3162/4112/5455 3160/4117/5455
f 3157/4095/5456 3156/4113/5456 3160/4117/5456
f 3157/4095/5457 3160/4117/5457 3169/4104/5457
f 3153/4093/5458 3189/4125/5458 3163/4111/5458
f 3160/4117/5459 3165/4116/5459 3169/4104/5459
f 3158/4109/5460 3166/4118/5460 3161/4115/5460
f 3161/4115/5461 3167/4119/5461 3162/4112/5461
f 3162/4112/5462 3170/4120/5462 3168/4123/5462
f 3162/4112/5463 3168/4123/5463 3165/4116/5463
f 3166/4118/5464 3164/4114/5464 3172/4122/5464
f 3166/4118/5465 3171/4126/5465 3167/4119/5465
f 3169/4104/5466 3179/4127/5466 3176/4139/5466
f 3167/4119/5467 3171/4126/5467 3170/4120/5467
f 3181/4129/5468 3175/4173/5468 3173/4130/5468
f 3170/4120/5469 3175/4173/5469 3174/4124/5469
f 3174/4124/5470 3175/4173/5470 3178/4134/5470
f 3171/4126/5471 3177/4128/5471 3173/4130/5471
f 3179/4127/5472 3174/4124/5472 3178/4134/5472
f 3195/4148/5473 3193/4144/5473 3192/4142/5473
f 3175/4173/5474 3182/4136/5474 3184/4132/5474
f 3178/4134/5475 3175/4173/5475 3184/4132/5475
f 3176/4139/5476 3179/4127/5476 3191/4140/5476
f 3179/4127/5477 3178/4134/5477 3185/4133/5477
f 3177/4128/5478 3183/4135/5478 3181/4129/5478
f 3179/4127/5479 3185/4133/5479 3191/4140/5479
f 3182/4136/5480 3187/4137/5480 3184/4132/5480
f 3180/4121/5481 3194/4150/5481 3186/4131/5481
f 3184/4132/5482 3188/4143/5482 3185/4133/5482
f 3187/4137/5483 3183/4135/5483 3192/4142/5483
f 3180/4121/5484 3140/4147/5484 3194/4150/5484
f 3188/4143/5485 3193/4144/5485 3199/4145/5485
f 3186/4131/5486 3194/4150/5486 3190/4138/5486
f 3185/4133/5487 3199/4145/5487 3196/4149/5487
f 3191/4140/5488 3185/4133/5488 3196/4149/5488
f 3193/4144/5489 3198/4174/5489 3199/4145/5489
f 3190/4138/5490 3197/4151/5490 3195/4148/5490
f 3206/4168/5491 3203/4162/5491 3208/4166/5491
f 3198/4155/5492 3195/4159/5492 3200/4158/5492
f 3194/4153/5493 3201/4152/5493 3197/4157/5493
f 3204/4156/5494 3198/4155/5494 3202/4161/5494
f 3196/4175/5495 3199/4154/5495 3204/4156/5495
f 3197/4157/5496 3205/4160/5496 3200/4158/5496
f 3207/4164/5497 3196/4175/5497 3204/4156/5497
f 3202/4161/5498 3200/4158/5498 3203/4162/5498
f 3204/4156/5499 3202/4161/5499 3209/4165/5499
f 3138/4172/5500 3136/4096/5500 3141/4098/5500
f 3144/4088/5501 3210/4170/5501 3213/4086/5501
f 3202/4161/5502 3206/4168/5502 3209/4165/5502
f 3201/4152/5503 3213/4086/5503 3205/4160/5503
f 3208/4166/5504 3205/4160/5504 3210/4170/5504
f 3206/4168/5505 3208/4166/5505 3137/4171/5505
f 3206/4168/5506 3137/4171/5506 3211/4169/5506
f 3137/4171/5507 3138/4172/5507 3211/4169/5507
f 3212/4163/5508 3209/4165/5508 3139/4089/5508
f 3212/4163/5509 3143/4094/5509 3148/4105/5509
f 3137/4171/5510 3210/4170/5510 3136/4096/5510
f 3211/4169/5511 3142/4090/5511 3139/4089/5511
f 3146/4101/5512 3142/4090/5512 3141/4098/5512
f 3149/4097/5513 3136/4096/5513 3144/4088/5513
f 3156/4113/5514 3147/4091/5514 3146/4101/5514
f 3150/4108/5515 3154/4102/5515 3163/4111/5515
f 3170/4120/5516 3171/4126/5516 3173/4130/5516
f 3181/4129/5517 3182/4136/5517 3175/4173/5517
f 3195/4148/5518 3198/4174/5518 3193/4144/5518
f 3206/4168/5519 3202/4161/5519 3203/4162/5519
f 3138/4172/5520 3137/4171/5520 3136/4096/5520
f 3144/4088/5521 3136/4096/5521 3210/4170/5521
o Sphere.037
v 1.483542 -2.527005 3.010413
v 1.470507 -2.454845 2.933116
v 1.491743 -2.469443 2.831850
v 1.693243 -2.557410 2.938356
v 1.645177 -2.592088 3.022079
v 1.687996 -2.556658 2.838282
v 1.603293 -2.588297 2.765320
v 1.778517 -2.664907 2.824048
v 1.805818 -2.708655 2.967934
v 1.809088 -2.750494 2.896234
v 1.669711 -2.718909 2.825442
v 1.537995 -2.675516 2.951008
v 1.538793 -2.619582 3.019941
v 1.421761 -2.533313 2.813882
v 1.365285 -2.496566 2.918084
vn -0.1666 0.3613 0.9175
vn 0.1764 0.9466 0.2698
vn 0.1566 0.8764 -0.4555
vn 0.5636 0.7901 0.2411
vn 0.3167 0.4046 0.8579
vn 0.5502 0.7800 -0.2981
vn 0.0428 0.0620 -0.9972
vn 0.7033 0.2774 -0.6545
vn 0.6530 -0.1002 0.7507
vn 0.2951 -0.9548 -0.0361
vn -0.2868 -0.8260 -0.4853
vn -0.4985 -0.8456 0.1909
vn -0.3376 -0.5001 0.7975
vn -0.6272 -0.3604 -0.6904
vn -0.9662 -0.1868 0.1777
vt 0.683247 0.810082
vt 0.624371 0.562957
vt 0.791281 0.556926
vt 0.541667 1.000000
vt 0.431343 0.809960
vt 0.459915 0.566263
vt 0.280654 0.657389
vt 0.209572 0.498083
vt 0.086642 0.350307
vt 0.308727 0.296507
vt 0.144242 0.941469
vt 0.024631 0.621900
vt 1.000000 0.311258
vt 0.976174 0.641405
vt 0.834722 0.311257
vt 0.904300 0.861723
vt 0.628130 0.317726
vt 0.684032 0.113171
vt 0.458333 0.315699
vt 0.157620 0.097343
s 1
g Sphere.037_Mat_Cardume_Corpo_60.018
usemtl Mat_Cardume_Corpo_60.018
f 3214/4176/5522 3215/4177/5523 3228/4178/5536
f 3214/4176/5522 3226/4179/5534 3218/4180/5526
f 3218/4180/5526 3217/4181/5525 3215/4177/5523
f 3218/4180/5526 3222/4182/5530 3217/4181/5525
f 3223/4183/5531 3224/4184/5532 3221/4185/5529
f 3226/4186/5534 3225/4187/5533 3222/4182/5530
f 3222/4182/5530 3225/4187/5533 3223/4183/5531
f 3224/4188/5532 3225/4189/5533 3227/4190/5535
f 3225/4189/5533 3226/4191/5534 3228/4178/5536
f 3227/4190/5535 3216/4192/5524 3220/4193/5528
f 3219/4194/5527 3215/4177/5523 3217/4181/5525
f 3214/4176/5522 3218/4180/5526 3215/4177/5523
f 3216/4192/5524 3219/4194/5527 3220/4193/5528
f 3221/4185/5529 3217/4181/5525 3222/4182/5530
f 3220/4195/5528 3219/4194/5527 3221/4185/5529
f 3221/4185/5529 3222/4182/5530 3223/4183/5531
f 3218/4180/5526 3226/4186/5534 3222/4182/5530
f 3220/4195/5528 3221/4185/5529 3224/4184/5532
f 3223/4183/5531 3225/4187/5533 3224/4184/5532
f 3216/4192/5524 3228/4178/5536 3215/4177/5523
f 3220/4193/5528 3224/4188/5532 3227/4190/5535
f 3227/4190/5535 3225/4189/5533 3228/4178/5536
f 3228/4178/5536 3226/4191/5534 3214/4176/5522
f 3219/4194/5527 3216/4192/5524 3215/4177/5523
f 3221/4185/5529 3219/4194/5527 3217/4181/5525
f 3216/4192/5524 3227/4190/5535 3228/4178/5536
o Cone.020
v 1.876179 -2.720445 2.779108
v 1.852161 -2.762044 2.961984
v 1.846927 -2.771111 2.958908
v 1.708773 -2.664800 2.900000
vn 0.5071 -0.0004 -0.8619
vn 0.4997 0.8091 0.3093
vn -0.4590 -0.8514 -0.2539
vn -0.8660 0.5000 -0.0000
vt 0.250000 0.490000
vt 0.250000 0.250000
vt 0.457846 0.130000
vt 0.750000 0.490000
vt 0.957846 0.130000
vt 0.542154 0.130000
vt 0.042154 0.130000
s 1
g Cone.020_Mat_Cardume_Barbatana_30.018
usemtl Mat_Cardume_Barbatana_30.018
f 3229/4196/5537 3232/4197/5540 3230/4198/5538
f 3229/4199/5537 3230/4200/5538 3231/4201/5539
f 3230/4198/5538 3232/4197/5540 3231/4202/5539
f 3231/4202/5539 3232/4197/5540 3229/4196/5537
o Sphere.038
v 1.484616 -2.470859 2.907147
v 1.486111 -2.467224 2.903253
v 1.493344 -2.467883 2.878203
v 1.510352 -2.485646 2.935381
v 1.497628 -2.460941 2.920850
v 1.494020 -2.456298 2.903874
v 1.492899 -2.458507 2.890841
v 1.505739 -2.471674 2.867893
v 1.513920 -2.477105 2.864609
v 1.507757 -2.466395 2.930969
v 1.506452 -2.450119 2.889169
v 1.506718 -2.456874 2.877104
v 1.509014 -2.449985 2.913771
v 1.508522 -2.447620 2.903464
v 1.525865 -2.448626 2.911320
v 1.521761 -2.446687 2.892175
v 1.521246 -2.472323 2.934752
v 1.521630 -2.457728 2.927114
v 1.530364 -2.456640 2.922821
v 1.534387 -2.449755 2.903563
v 1.525123 -2.455030 2.876482
v 1.519661 -2.464549 2.868077
v 1.536498 -2.452310 2.889309
v 1.541341 -2.458969 2.916611
v 1.535566 -2.466556 2.872002
v 1.533749 -2.473517 2.931982
v 1.547016 -2.459578 2.904281
v 1.546141 -2.462597 2.885272
v 1.541692 -2.467776 2.924497
v 1.541073 -2.477473 2.871475
v 1.549843 -2.474410 2.917495
v 1.553944 -2.472998 2.903617
v 1.550489 -2.477123 2.882885
v 1.527448 -2.475541 2.865294
v 1.555123 -2.481050 2.895309
v 1.551928 -2.487790 2.914762
v 1.550525 -2.496762 2.910544
v 1.548039 -2.488252 2.878295
v 1.522432 -2.484959 2.864019
v 1.540957 -2.488580 2.928590
v 1.550401 -2.500133 2.893281
v 1.540517 -2.501888 2.921832
v 1.540783 -2.500160 2.876989
v 1.533248 -2.492030 2.867931
v 1.528122 -2.488448 2.934773
v 1.541409 -2.508889 2.911234
v 1.540606 -2.511451 2.896003
v 1.533763 -2.514413 2.910827
v 1.534362 -2.511075 2.883606
v 1.527756 -2.503190 2.928604
v 1.524213 -2.518211 2.896437
v 1.522874 -2.513687 2.882104
v 1.525304 -2.504814 2.872086
v 1.522924 -2.481542 2.935990
v 1.517207 -2.511559 2.922049
v 1.522537 -2.495950 2.866581
v 1.515970 -2.517446 2.909877
v 1.510050 -2.517249 2.892867
v 1.510685 -2.500983 2.869909
v 1.515147 -2.498640 2.932363
v 1.504314 -2.513580 2.911492
v 1.504330 -2.506076 2.923551
v 1.497660 -2.511425 2.893175
v 1.508695 -2.508560 2.876543
v 1.512713 -2.490181 2.865007
v 1.501764 -2.492864 2.930203
v 1.493963 -2.506638 2.910545
v 1.488383 -2.501359 2.892864
v 1.492679 -2.492508 2.923519
v 1.487294 -2.496129 2.911284
v 1.497089 -2.496520 2.874015
v 1.483146 -2.487736 2.896437
v 1.491632 -2.476464 2.923172
v 1.484184 -2.485105 2.910829
v 1.488652 -2.485570 2.879578
v 1.485050 -2.474607 2.889447
v 1.501996 -2.481011 2.867923
v 1.502577 -2.479548 2.932293
vn -0.2320 0.1875 0.9545
vn -0.5743 0.6477 -0.5007
vn -0.2568 0.5229 -0.8128
vn -0.5418 0.7743 0.3269
vn -0.0862 0.1172 0.9894
vn -0.1898 0.9714 -0.1424
vn 0.0370 0.1146 -0.9927
vn 0.0029 0.8661 0.4999
vn -0.0457 0.9732 0.2255
vn 0.0190 0.2581 -0.9659
vn 0.1844 0.9810 0.0598
vn 0.3338 0.9352 -0.1182
vn 0.4055 0.8168 0.4104
vn 0.5888 0.7740 0.2328
vn 0.2340 0.4460 0.8639
vn 0.4785 0.6708 -0.5666
vn 0.4881 0.5929 0.6404
vn 0.6931 0.7063 -0.1441
vn 0.6700 0.3691 -0.6441
vn 0.7638 0.4472 0.4654
vn 0.8547 0.4266 0.2959
vn 0.9194 0.3395 -0.1986
vn 0.3055 0.0625 0.9501
vn 0.4340 0.0049 0.9009
vn 0.6293 0.1286 0.7665
vn 0.7665 0.0933 -0.6354
vn 0.7835 -0.0049 0.6213
vn 0.4131 -0.0004 -0.9107
vn 0.9298 -0.0546 -0.3640
vn 0.5904 -0.1232 -0.7977
vn 0.7514 -0.3184 0.5779
vn 0.7389 -0.5319 0.4136
vn 0.4015 -0.3620 0.8413
vn 0.4593 -0.4143 0.7858
vn 0.4002 -0.6356 -0.6601
vn 0.3822 -0.7176 0.5822
vn 0.5787 -0.8087 0.1055
vn 0.0229 -0.2267 -0.9737
vn 0.3811 -0.9245 -0.0089
vn 0.2571 -0.7756 0.5765
vn 0.2492 -0.9166 -0.3127
vn 0.1305 -0.8977 0.4208
vn -0.0711 -0.9974 0.0132
vn 0.0072 -0.1683 0.9857
vn 0.0113 -0.9532 -0.3020
vn -0.0097 -0.7474 -0.6643
vn -0.1807 -0.6311 0.7544
vn -0.2264 -0.8677 0.4426
vn -0.0874 -0.3980 -0.9132
vn -0.2821 -0.3146 0.9063
vn -0.5725 -0.6554 -0.4927
vn -0.5254 -0.7221 0.4500
vn -0.7355 -0.6769 0.0300
vn -0.5378 -0.4601 0.7065
vn -0.7306 -0.4966 0.4686
vn -0.4219 -0.2127 -0.8814
vn -0.6349 -0.1000 -0.7661
vn -0.8653 -0.2256 0.4476
vn -0.4419 -0.1127 0.8900
vn -0.0893 -0.0220 -0.9958
vn -0.9491 -0.0294 -0.3137
vn -0.6442 -0.0255 0.7644
vn -0.2663 -0.0047 -0.9639
vn -0.8881 0.1401 0.4378
vn -0.8403 0.1832 -0.5102
vn -0.8800 0.4437 -0.1696
vn -0.5799 0.2299 -0.7816
vn -0.8089 0.5872 -0.0299
vn -0.5136 0.8547 -0.0751
vn -0.4640 0.4900 -0.7380
vn -0.1557 0.3285 -0.9316
vn -0.4968 0.8404 0.2166
vn -0.2599 0.7081 0.6566
vn -0.1840 0.1959 0.9632
vn -0.5132 0.7440 -0.4279
vn -0.0999 0.8695 -0.4837
vn -0.0933 0.6885 -0.7192
vn -0.0441 0.4642 0.8847
vn 0.3752 0.4992 0.7811
vn 0.0134 0.9951 0.0979
vn 0.1531 0.8379 0.5239
vn 0.2541 0.8755 -0.4110
vn 0.4327 0.8289 0.3547
vn 0.2649 0.5483 -0.7932
vn 0.2669 0.4100 -0.8722
vn 0.6150 0.7870 -0.0500
vn 0.9689 -0.2441 0.0407
vn 0.4795 0.6595 -0.5789
vn 0.2287 0.1703 0.9585
vn 0.4292 0.2583 -0.8655
vn 0.8118 0.4671 0.3506
vn 0.8805 0.4602 -0.1136
vn 0.7265 0.3177 -0.6093
vn 0.9176 0.3146 -0.2428
vn 0.9527 0.0891 0.2906
vn 0.6992 0.1142 0.7058
vn 0.3164 -0.0403 -0.9478
vn 0.9876 -0.0168 0.1564
vn 0.7975 -0.5932 0.1101
vn 0.9318 -0.1983 -0.3040
vn 0.7727 -0.3649 0.5194
vn 0.7799 -0.4248 -0.4597
vn -0.3016 -0.9488 0.0940
vn 0.5978 -0.2820 -0.7504
vn 0.2010 -0.2205 -0.9544
vn 0.6634 -0.6592 -0.3540
vn 0.6682 -0.6315 -0.3934
vn 0.3943 -0.4963 -0.7735
vn 0.4858 -0.7100 0.5099
vn 0.2706 -0.4455 -0.8534
vn 0.3677 -0.9053 -0.2126
vn 0.1331 -0.3854 0.9131
vn 0.2507 -0.7541 -0.6070
vn 0.1581 -0.9756 0.1526
vn -0.0128 -0.5304 -0.8477
vn -0.0025 -0.2271 0.9739
vn -0.1388 -0.8789 -0.4563
vn 0.0083 -0.6231 0.7821
vn -0.0572 -0.6491 -0.7585
vn -0.9570 -0.2651 0.1175
vn -0.3972 -0.8234 -0.4053
vn -0.2872 -0.8131 0.5063
vn -0.3362 -0.4748 0.8134
vn -0.5605 -0.8212 0.1070
vn -0.6474 -0.6108 -0.4558
vn -0.4009 -0.5416 -0.7389
vn -0.6415 -0.5496 0.5351
vn -0.3697 -0.3256 -0.8703
vn -0.8365 -0.5381 0.1033
vn -0.5600 0.2983 0.7729
vn -0.9069 -0.2622 -0.3299
vn -0.7993 -0.3789 -0.4664
vn -0.7774 0.5449 0.3142
vn -0.5925 -0.0895 0.8006
vn -0.9918 0.1176 -0.0492
vn -0.8417 -0.0433 0.5382
vn -0.9969 0.0466 0.0634
vn -0.6763 0.1230 -0.7263
vn -0.3015 0.1177 -0.9462
vn -0.9505 0.2985 -0.0865
vn -0.8291 0.4347 -0.3516
vn -0.7924 0.3777 0.4790
vn -0.5324 0.8410 -0.0967
vn -0.2729 0.7059 0.6536
vn -0.1033 0.8669 -0.4876
vn 0.3308 0.5006 0.8000
vn 0.9762 -0.1960 0.0924
vn 0.7624 -0.6435 0.0680
vn -0.4240 -0.9044 0.0476
vn -0.9277 -0.3698 0.0501
vn -0.5708 0.3328 0.7507
vn -0.7490 0.6028 0.2750
vt 0.804249 0.848025
vt 0.884756 0.915970
vt 0.676250 0.821957
vt 0.749488 0.292930
vt 0.714279 0.417909
vt 0.655131 0.286873
vt 0.726935 0.152922
vt 0.580987 0.167366
vt 0.708567 0.690602
vt 0.634035 0.624964
vt 0.703830 0.532515
vt 0.671875 1.000000
vt 0.551942 0.909231
vt 0.628052 0.526469
vt 0.572016 0.435152
vt 0.641194 0.402575
vt 0.578125 0.000000
vt 0.703139 0.062500
vt 0.445463 0.098320
vt 0.567931 0.766799
vt 0.552187 0.600548
vt 0.514217 0.531352
vt 0.500003 0.406724
vt 0.516468 0.717289
vt 0.460577 0.645915
vt 0.444278 0.535980
vt 0.420900 0.840798
vt 0.428121 0.370061
vt 0.546665 0.280866
vt 0.424241 0.735141
vt 0.369858 0.210550
vt 0.453152 0.219058
vt 0.371877 0.656890
vt 0.375018 0.531130
vt 0.338128 0.458811
vt 0.406426 0.964763
vt 0.231094 0.896800
vt 0.287226 0.781475
vt 0.359779 0.344269
vt 0.299187 0.300430
vt 0.310446 0.634411
vt 0.247508 0.161055
vt 0.216770 0.702232
vt 0.194451 0.596355
vt 0.265625 0.595977
vt 0.147102 0.785900
vt 0.162916 0.351922
vt 0.126242 0.222916
vt 0.221046 0.284353
vt 0.142699 0.590547
vt 0.185535 0.466154
vt 0.195445 0.036605
vt 0.125103 0.125000
vt 0.043730 0.087141
vt 0.108032 0.469166
vt 0.073101 0.705107
vt 0.102589 0.336191
vt 0.070976 0.585164
vt 0.046075 0.436626
vt 0.078125 1.000000
vt 0.014102 0.903265
vt 0.027220 0.279821
vt 0.054564 0.846020
vt 0.007229 0.724317
vt 0.010454 0.605198
vt 0.024431 0.187500
vt 0.920301 0.812500
vt 1.000000 0.812500
vt 0.992303 0.277267
vt 0.983864 0.441679
vt 0.917049 0.253482
vt 0.984384 0.724317
vt 0.954401 0.593080
vt 1.000000 0.605198
vt 0.921917 0.437747
vt 0.891522 0.719830
vt 0.897990 0.598987
vt 0.827645 0.158907
vt 0.954872 0.087141
vt 0.845287 0.316638
vt 0.844657 0.593400
vt 0.828125 0.000000
vt 0.858032 0.469167
vt 0.797116 0.406654
vt 0.797589 0.718022
vt 0.789540 0.577180
vt 0.764830 0.532292
vt 0.250838 0.440922
vt 0.000000 0.441679
vt 0.985117 0.187500
s 0
g Sphere.038_Mat_Cardume_Olho_10.018
usemtl Mat_Cardume_Olho_10.018
f 3310/4203/5541 3236/4204/5541 3242/4205/5541
f 3235/4206/5542 3239/4207/5542 3244/4208/5542
f 3240/4209/5543 3244/4208/5543 3254/4210/5543
f 3237/4211/5544 3245/4212/5544 3238/4213/5544
f 3236/4204/5545 3286/4214/5545 3249/4215/5545
f 3246/4216/5546 3248/4217/5546 3243/4218/5546
f 3271/4219/5547 3241/4220/5547 3266/4221/5547
f 3250/4222/5548 3247/4223/5548 3245/4212/5548
f 3245/4212/5549 3247/4223/5549 3246/4216/5549
f 3254/4210/5550 3266/4221/5550 3241/4220/5550
f 3247/4223/5551 3252/4224/5551 3248/4217/5551
f 3252/4224/5552 3255/4225/5552 3248/4217/5552
f 3247/4223/5553 3251/4226/5553 3256/4227/5553
f 3252/4224/5554 3256/4227/5554 3259/4228/5554
f 3249/4215/5555 3258/4229/5555 3250/4222/5555
f 3255/4225/5556 3260/4230/5556 3253/4231/5556
f 3251/4226/5557 3261/4232/5557 3256/4227/5557
f 3259/4228/5558 3260/4230/5558 3255/4225/5558
f 3260/4230/5559 3262/4233/5559 3257/4234/5559
f 3256/4227/5560 3261/4232/5560 3263/4235/5560
f 3263/4235/5561 3264/4236/5561 3259/4228/5561
f 3264/4236/5562 3267/4237/5562 3260/4230/5562
f 3286/4238/5563 3277/4239/5563 3258/4229/5563
f 3258/4229/5564 3277/4239/5564 3272/4240/5564
f 3258/4229/5565 3272/4240/5565 3261/4232/5565
f 3265/4241/5566 3270/4242/5566 3262/4233/5566
f 3263/4235/5567 3272/4240/5567 3268/4243/5567
f 3262/4233/5568 3276/4244/5568 3266/4221/5568
f 3267/4237/5569 3270/4242/5569 3265/4241/5569
f 3262/4233/5570 3270/4242/5570 3276/4244/5570
f 3272/4240/5571 3274/4245/5571 3268/4243/5571
f 3274/4245/5572 3278/4246/5572 3269/4247/5572
f 3277/4239/5573 3282/4248/5573 3272/4240/5573
f 3272/4240/5574 3282/4248/5574 3274/4245/5574
f 3281/4249/5575 3285/4250/5575 3275/4251/5575
f 3274/4245/5576 3282/4248/5576 3280/4252/5576
f 3278/4246/5577 3280/4252/5577 3279/4253/5577
f 3271/4254/5578 3288/4255/5578 3297/4256/5578
f 3280/4252/5579 3283/4257/5579 3279/4253/5579
f 3280/4252/5580 3282/4248/5580 3287/4258/5580
f 3283/4257/5581 3284/4259/5581 3281/4249/5581
f 3287/4258/5582 3289/4260/5582 3280/4252/5582
f 3283/4257/5583 3289/4260/5583 3290/4261/5583
f 3277/4239/5584 3286/4262/5584 3236/4263/5584
f 3283/4257/5585 3290/4261/5585 3284/4259/5585
f 3284/4259/5586 3296/4264/5586 3285/4250/5586
f 3292/4265/5587 3294/4266/5587 3287/4258/5587
f 3287/4258/5588 3293/4267/5588 3289/4260/5588
f 3288/4255/5589 3291/4268/5589 3297/4256/5589
f 3236/4204/5590 3298/4269/5590 3292/4270/5590
f 3296/4271/5591 3295/4272/5591 3303/4273/5591
f 3294/4274/5592 3299/4275/5592 3293/4276/5592
f 3295/4272/5593 3299/4275/5593 3300/4277/5593
f 3298/4269/5594 3301/4278/5594 3294/4274/5594
f 3301/4278/5595 3302/4279/5595 3299/4275/5595
f 3303/4273/5596 3309/4280/5596 3297/4281/5596
f 3303/4273/5597 3307/4282/5597 3309/4280/5597
f 3301/4278/5598 3306/4283/5598 3302/4279/5598
f 3236/4204/5599 3310/4203/5599 3298/4269/5599
f 3271/4284/5600 3297/4281/5600 3241/4220/5600
f 3304/4285/5601 3308/4286/5601 3307/4282/5601
f 3310/4203/5602 3305/4287/5602 3301/4278/5602
f 3297/4281/5603 3309/4280/5603 3241/4220/5603
f 3306/4283/5604 3305/4287/5604 3233/4288/5604
f 3308/4286/5605 3235/4206/5605 3307/4282/5605
f 3234/4289/5606 3239/4207/5606 3308/4286/5606
f 3235/4206/5607 3240/4209/5607 3309/4280/5607
f 3234/4289/5608 3238/4213/5608 3239/4207/5608
f 3243/4218/5609 3238/4213/5609 3246/4216/5609
f 3235/4206/5610 3244/4208/5610 3240/4209/5610
f 3240/4209/5611 3254/4210/5611 3241/4220/5611
f 3238/4213/5612 3245/4212/5612 3246/4216/5612
f 3245/4212/5613 3242/4205/5613 3250/4222/5613
f 3236/4204/5614 3249/4215/5614 3242/4205/5614
f 3244/4208/5615 3239/4207/5615 3243/4218/5615
f 3253/4231/5616 3243/4218/5616 3248/4217/5616
f 3254/4210/5617 3244/4208/5617 3253/4231/5617
f 3242/4205/5618 3249/4215/5618 3250/4222/5618
f 3251/4226/5619 3258/4229/5619 3261/4232/5619
f 3248/4217/5620 3246/4216/5620 3247/4223/5620
f 3247/4223/5621 3250/4222/5621 3251/4226/5621
f 3248/4217/5622 3255/4225/5622 3253/4231/5622
f 3247/4223/5623 3256/4227/5623 3252/4224/5623
f 3254/4210/5624 3253/4231/5624 3257/4234/5624
f 3254/4210/5625 3257/4234/5625 3266/4221/5625
f 3252/4224/5626 3259/4228/5626 3255/4225/5626
f 3267/4237/5627 3269/4247/5627 3273/4290/5627
f 3253/4231/5628 3260/4230/5628 3257/4234/5628
f 3249/4215/5629 3286/4238/5629 3258/4229/5629
f 3257/4234/5630 3262/4233/5630 3266/4221/5630
f 3256/4227/5631 3263/4235/5631 3259/4228/5631
f 3259/4228/5632 3264/4236/5632 3260/4230/5632
f 3260/4230/5633 3265/4241/5633 3262/4233/5633
f 3260/4230/5634 3267/4237/5634 3265/4241/5634
f 3263/4235/5635 3268/4243/5635 3264/4236/5635
f 3263/4235/5636 3261/4232/5636 3272/4240/5636
f 3266/4221/5637 3276/4244/5637 3271/4254/5637
f 3264/4236/5638 3268/4243/5638 3267/4237/5638
f 3278/4246/5639 3273/4290/5639 3269/4247/5639
f 3267/4237/5640 3273/4290/5640 3270/4242/5640
f 3268/4243/5641 3274/4245/5641 3269/4247/5641
f 3270/4242/5642 3273/4290/5642 3275/4251/5642
f 3293/4267/5643 3290/4261/5643 3289/4260/5643
f 3276/4244/5644 3270/4242/5644 3275/4251/5644
f 3271/4254/5645 3276/4244/5645 3288/4255/5645
f 3273/4290/5646 3279/4253/5646 3281/4249/5646
f 3275/4251/5647 3273/4290/5647 3281/4249/5647
f 3276/4244/5648 3275/4251/5648 3285/4250/5648
f 3274/4245/5649 3280/4252/5649 3278/4246/5649
f 3276/4244/5650 3285/4250/5650 3288/4255/5650
f 3279/4253/5651 3283/4257/5651 3281/4249/5651
f 3277/4239/5652 3292/4265/5652 3282/4248/5652
f 3281/4249/5653 3284/4259/5653 3285/4250/5653
f 3283/4257/5654 3280/4252/5654 3289/4260/5654
f 3288/4255/5655 3285/4250/5655 3291/4268/5655
f 3277/4239/5656 3236/4263/5656 3292/4265/5656
f 3284/4259/5657 3290/4261/5657 3296/4264/5657
f 3282/4248/5658 3292/4265/5658 3287/4258/5658
f 3285/4250/5659 3296/4264/5659 3291/4268/5659
f 3304/4285/5660 3302/4279/5660 3306/4283/5660
f 3290/4261/5661 3295/4291/5661 3296/4264/5661
f 3287/4258/5662 3294/4266/5662 3293/4267/5662
f 3292/4270/5663 3298/4269/5663 3294/4274/5663
f 3295/4272/5664 3293/4276/5664 3299/4275/5664
f 3303/4273/5665 3295/4272/5665 3300/4277/5665
f 3291/4292/5666 3296/4271/5666 3303/4273/5666
f 3294/4274/5667 3301/4278/5667 3299/4275/5667
f 3297/4281/5668 3291/4292/5668 3303/4273/5668
f 3300/4277/5669 3299/4275/5669 3302/4279/5669
f 3242/4205/5670 3305/4287/5670 3310/4203/5670
f 3300/4277/5671 3304/4285/5671 3307/4282/5671
f 3303/4273/5672 3300/4277/5672 3307/4282/5672
f 3234/4289/5673 3237/4211/5673 3238/4213/5673
f 3298/4269/5674 3310/4203/5674 3301/4278/5674
f 3304/4285/5675 3233/4288/5675 3308/4286/5675
f 3306/4283/5676 3301/4278/5676 3305/4287/5676
f 3304/4285/5677 3306/4283/5677 3233/4288/5677
f 3309/4280/5678 3307/4282/5678 3235/4206/5678
f 3309/4280/5679 3240/4209/5679 3241/4220/5679
f 3233/4288/5680 3234/4289/5680 3308/4286/5680
f 3308/4286/5681 3239/4207/5681 3235/4206/5681
f 3233/4288/5682 3305/4287/5682 3237/4211/5682
f 3243/4218/5683 3239/4207/5683 3238/4213/5683
f 3245/4212/5684 3237/4211/5684 3242/4205/5684
f 3253/4231/5685 3244/4208/5685 3243/4218/5685
f 3251/4226/5686 3250/4222/5686 3258/4229/5686
f 3267/4237/5687 3268/4243/5687 3269/4247/5687
f 3278/4246/5688 3279/4253/5688 3273/4290/5688
f 3293/4267/5689 3295/4291/5689 3290/4261/5689
f 3304/4285/5690 3300/4277/5690 3302/4279/5690
f 3242/4205/5691 3237/4211/5691 3305/4287/5691
f 3234/4289/5692 3233/4288/5692 3237/4211/5692
