# Blender 4.5.5 LTS
# www.blender.org
mtllib 05_guardiao_atlante_npc.mtl
o Cylinder
v 0.000000 -1.050000 0.000000
v 0.000000 -1.050000 0.520000
v -0.525000 -0.909327 0.000000
v -0.525000 -0.909327 0.520000
v -0.909327 -0.525000 0.000000
v -0.909327 -0.525000 0.520000
v -1.050000 0.000000 0.000000
v -1.050000 0.000000 0.520000
v -0.909327 0.525000 0.000000
v -0.909327 0.525000 0.520000
v -0.525000 0.909327 0.000000
v -0.525000 0.909327 0.520000
v 0.000000 1.050000 0.000000
v 0.000000 1.050000 0.520000
v 0.525000 0.909327 0.000000
v 0.525000 0.909327 0.520000
v 0.909327 0.525000 0.000000
v 0.909327 0.525000 0.520000
v 1.050000 0.000000 0.000000
v 1.050000 0.000000 0.520000
v 0.909327 -0.525000 0.000000
v 0.909327 -0.525000 0.520000
v 0.525000 -0.909327 0.000000
v 0.525000 -0.909327 0.520000
vn -0.0000 -0.7572 -0.6532
vn -0.0000 -0.7572 0.6532
vn -0.3786 -0.6557 -0.6532
vn -0.3786 -0.6557 0.6532
vn -0.6557 -0.3786 -0.6532
vn -0.6557 -0.3786 0.6532
vn -0.7572 -0.0000 -0.6532
vn -0.7572 -0.0000 0.6532
vn -0.6557 0.3786 -0.6532
vn -0.6557 0.3786 0.6532
vn -0.3786 0.6557 -0.6532
vn -0.3786 0.6557 0.6532
vn -0.0000 0.7572 -0.6532
vn -0.0000 0.7572 0.6532
vn 0.3786 0.6557 -0.6532
vn 0.3786 0.6557 0.6532
vn 0.6557 0.3786 -0.6532
vn 0.6557 0.3786 0.6532
vn 0.7572 -0.0000 -0.6532
vn 0.7572 -0.0000 0.6532
vn 0.6557 -0.3786 -0.6532
vn 0.6557 -0.3786 0.6532
vn 0.3786 -0.6557 -0.6532
vn 0.3786 -0.6557 0.6532
vt 1.000000 1.000000
vt 0.916667 0.500000
vt 1.000000 0.500000
vt 0.916667 1.000000
vt 0.833333 0.500000
vt 0.833333 1.000000
vt 0.750000 0.500000
vt 0.750000 1.000000
vt 0.666667 0.500000
vt 0.666667 1.000000
vt 0.583333 0.500000
vt 0.583333 1.000000
vt 0.500000 0.500000
vt 0.500000 1.000000
vt 0.416667 0.500000
vt 0.416667 1.000000
vt 0.333333 0.500000
vt 0.333333 1.000000
vt 0.250000 0.500000
vt 0.250000 1.000000
vt 0.166667 0.500000
vt 0.042154 0.370000
vt 0.250000 0.010000
vt 0.457846 0.370000
vt 0.166667 1.000000
vt 0.083333 0.500000
vt 0.083333 1.000000
vt 0.000000 0.500000
vt 0.990000 0.250000
vt 0.630000 0.042154
vt 0.630000 0.457846
vt 0.370000 0.457846
vt 0.250000 0.490000
vt 0.130000 0.457846
vt 0.010000 0.250000
vt 0.042154 0.130000
vt 0.130000 0.042154
vt 0.370000 0.042154
vt 0.457846 0.130000
vt 0.490000 0.250000
vt 0.000000 1.000000
vt 0.750000 0.490000
vt 0.870000 0.457846
vt 0.957846 0.370000
vt 0.957846 0.130000
vt 0.870000 0.042154
vt 0.750000 0.010000
vt 0.542154 0.130000
vt 0.510000 0.250000
vt 0.542154 0.370000
s 1
g Cylinder_M_Ped.001
usemtl M_Ped.001
f 2/1/2 3/2/3 1/3/1
f 4/4/4 5/5/5 3/2/3
f 6/6/6 7/7/7 5/5/5
f 8/8/8 9/9/9 7/7/7
f 10/10/10 11/11/11 9/9/9
f 12/12/12 13/13/13 11/11/11
f 14/14/14 15/15/15 13/13/13
f 16/16/16 17/17/17 15/15/15
f 18/18/18 19/19/19 17/17/17
f 20/20/20 21/21/21 19/19/19
f 22/22/22 14/23/14 6/24/6
f 22/25/22 23/26/23 21/21/21
f 24/27/24 1/28/1 23/26/23
f 7/29/7 15/30/15 23/31/23
f 2/1/2 4/4/4 3/2/3
f 4/4/4 6/6/6 5/5/5
f 6/6/6 8/8/8 7/7/7
f 8/8/8 10/10/10 9/9/9
f 10/10/10 12/12/12 11/11/11
f 12/12/12 14/14/14 13/13/13
f 14/14/14 16/16/16 15/15/15
f 16/16/16 18/18/18 17/17/17
f 18/18/18 20/20/20 19/19/19
f 20/20/20 22/25/22 21/21/21
f 6/24/6 4/32/4 2/33/2
f 2/33/2 24/34/24 22/22/22
f 22/22/22 20/35/20 18/36/18
f 18/36/18 16/37/16 14/23/14
f 14/23/14 12/38/12 10/39/10
f 10/39/10 8/40/8 6/24/6
f 6/24/6 2/33/2 22/22/22
f 22/22/22 18/36/18 14/23/14
f 14/23/14 10/39/10 6/24/6
f 22/25/22 24/27/24 23/26/23
f 24/27/24 2/41/2 1/28/1
f 23/31/23 1/42/1 3/43/3
f 3/43/3 5/44/5 7/29/7
f 7/29/7 9/45/9 11/46/11
f 11/46/11 13/47/13 15/30/15
f 15/30/15 17/48/17 19/49/19
f 19/49/19 21/50/21 23/31/23
f 23/31/23 3/43/3 7/29/7
f 7/29/7 11/46/11 15/30/15
f 15/30/15 19/49/19 23/31/23
o Cylinder.001
v 0.000000 -0.880000 0.520000
v 0.000000 -0.880000 0.800000
v -0.440000 -0.762102 0.520000
v -0.440000 -0.762102 0.800000
v -0.762102 -0.440000 0.520000
v -0.762102 -0.440000 0.800000
v -0.880000 0.000000 0.520000
v -0.880000 0.000000 0.800000
v -0.762102 0.440000 0.520000
v -0.762102 0.440000 0.800000
v -0.440000 0.762102 0.520000
v -0.440000 0.762102 0.800000
v 0.000000 0.880000 0.520000
v 0.000000 0.880000 0.800000
v 0.440000 0.762102 0.520000
v 0.440000 0.762102 0.800000
v 0.762102 0.440000 0.520000
v 0.762102 0.440000 0.800000
v 0.880000 0.000000 0.520000
v 0.880000 0.000000 0.800000
v 0.762102 -0.440000 0.520000
v 0.762102 -0.440000 0.800000
v 0.440000 -0.762102 0.520000
v 0.440000 -0.762102 0.800000
vn -0.0000 -0.7572 -0.6532
vn -0.0000 -0.7572 0.6532
vn -0.3786 -0.6557 -0.6532
vn -0.3786 -0.6557 0.6532
vn -0.6557 -0.3786 -0.6532
vn -0.6557 -0.3786 0.6532
vn -0.7572 -0.0000 -0.6532
vn -0.7572 -0.0000 0.6532
vn -0.6557 0.3786 -0.6532
vn -0.6557 0.3786 0.6532
vn -0.3786 0.6557 -0.6532
vn -0.3786 0.6557 0.6532
vn -0.0000 0.7572 -0.6532
vn -0.0000 0.7572 0.6532
vn 0.3786 0.6557 -0.6532
vn 0.3786 0.6557 0.6532
vn 0.6557 0.3786 -0.6532
vn 0.6557 0.3786 0.6532
vn 0.7572 -0.0000 -0.6532
vn 0.7572 -0.0000 0.6532
vn 0.6557 -0.3786 -0.6532
vn 0.6557 -0.3786 0.6532
vn 0.3786 -0.6557 -0.6532
vn 0.3786 -0.6557 0.6532
vt 1.000000 1.000000
vt 0.916667 0.500000
vt 1.000000 0.500000
vt 0.916667 1.000000
vt 0.833333 0.500000
vt 0.833333 1.000000
vt 0.750000 0.500000
vt 0.750000 1.000000
vt 0.666667 0.500000
vt 0.666667 1.000000
vt 0.583333 0.500000
vt 0.583333 1.000000
vt 0.500000 0.500000
vt 0.500000 1.000000
vt 0.416667 0.500000
vt 0.416667 1.000000
vt 0.333333 0.500000
vt 0.333333 1.000000
vt 0.250000 0.500000
vt 0.250000 1.000000
vt 0.166667 0.500000
vt 0.042154 0.370000
vt 0.250000 0.010000
vt 0.457846 0.370000
vt 0.166667 1.000000
vt 0.083333 0.500000
vt 0.083333 1.000000
vt 0.000000 0.500000
vt 0.990000 0.250000
vt 0.630000 0.042154
vt 0.630000 0.457846
vt 0.370000 0.457846
vt 0.250000 0.490000
vt 0.130000 0.457846
vt 0.010000 0.250000
vt 0.042154 0.130000
vt 0.130000 0.042154
vt 0.370000 0.042154
vt 0.457846 0.130000
vt 0.490000 0.250000
vt 0.000000 1.000000
vt 0.750000 0.490000
vt 0.870000 0.457846
vt 0.957846 0.370000
vt 0.957846 0.130000
vt 0.870000 0.042154
vt 0.750000 0.010000
vt 0.542154 0.130000
vt 0.510000 0.250000
vt 0.542154 0.370000
s 1
g Cylinder.001_M_Ped.002
usemtl M_Ped.002
f 26/51/26 27/52/27 25/53/25
f 28/54/28 29/55/29 27/52/27
f 30/56/30 31/57/31 29/55/29
f 32/58/32 33/59/33 31/57/31
f 34/60/34 35/61/35 33/59/33
f 36/62/36 37/63/37 35/61/35
f 38/64/38 39/65/39 37/63/37
f 40/66/40 41/67/41 39/65/39
f 42/68/42 43/69/43 41/67/41
f 44/70/44 45/71/45 43/69/43
f 46/72/46 38/73/38 30/74/30
f 46/75/46 47/76/47 45/71/45
f 48/77/48 25/78/25 47/76/47
f 31/79/31 39/80/39 47/81/47
f 26/51/26 28/54/28 27/52/27
f 28/54/28 30/56/30 29/55/29
f 30/56/30 32/58/32 31/57/31
f 32/58/32 34/60/34 33/59/33
f 34/60/34 36/62/36 35/61/35
f 36/62/36 38/64/38 37/63/37
f 38/64/38 40/66/40 39/65/39
f 40/66/40 42/68/42 41/67/41
f 42/68/42 44/70/44 43/69/43
f 44/70/44 46/75/46 45/71/45
f 30/74/30 28/82/28 26/83/26
f 26/83/26 48/84/48 46/72/46
f 46/72/46 44/85/44 42/86/42
f 42/86/42 40/87/40 38/73/38
f 38/73/38 36/88/36 34/89/34
f 34/89/34 32/90/32 30/74/30
f 30/74/30 26/83/26 46/72/46
f 46/72/46 42/86/42 38/73/38
f 38/73/38 34/89/34 30/74/30
f 46/75/46 48/77/48 47/76/47
f 48/77/48 26/91/26 25/78/25
f 47/81/47 25/92/25 27/93/27
f 27/93/27 29/94/29 31/79/31
f 31/79/31 33/95/33 35/96/35
f 35/96/35 37/97/37 39/80/39
f 39/80/39 41/98/41 43/99/43
f 43/99/43 45/100/45 47/81/47
f 47/81/47 27/93/27 31/79/31
f 31/79/31 35/96/35 39/80/39
f 39/80/39 43/99/43 47/81/47
o Cylinder.002
v 0.000000 -0.483600 0.800000
v 0.000000 -0.483600 3.400000
v -0.269008 -0.435708 0.800000
v -0.269008 -0.435708 3.400000
v -0.484735 -0.301520 0.800000
v -0.484735 -0.301520 3.400000
v -0.604455 -0.107611 0.800000
v -0.604455 -0.107611 3.400000
v -0.604455 0.107611 0.800000
v -0.604455 0.107611 3.400000
v -0.484735 0.301520 0.800000
v -0.484735 0.301520 3.400000
v -0.269008 0.435708 0.800000
v -0.269008 0.435708 3.400000
v 0.000000 0.483600 0.800000
v 0.000000 0.483600 3.400000
v 0.269008 0.435708 0.800000
v 0.269008 0.435708 3.400000
v 0.484735 0.301520 0.800000
v 0.484735 0.301520 3.400000
v 0.604455 0.107611 0.800000
v 0.604455 0.107611 3.400000
v 0.604455 -0.107611 0.800000
v 0.604455 -0.107611 3.400000
v 0.484735 -0.301520 0.800000
v 0.484735 -0.301520 3.400000
v 0.269008 -0.435708 0.800000
v 0.269008 -0.435708 3.400000
vn -0.0000 -0.8247 -0.5656
vn -0.0000 -0.8247 0.5655
vn -0.2864 -0.7624 -0.5803
vn -0.2864 -0.7624 0.5803
vn -0.5497 -0.5620 -0.6181
vn -0.5497 -0.5620 0.6181
vn -0.7257 -0.2124 -0.6544
vn -0.7257 -0.2124 0.6544
vn -0.7257 0.2124 -0.6544
vn -0.7257 0.2124 0.6544
vn -0.5497 0.5620 -0.6181
vn -0.5497 0.5620 0.6181
vn -0.2864 0.7624 -0.5803
vn -0.2864 0.7624 0.5803
vn -0.0000 0.8247 -0.5655
vn -0.0000 0.8247 0.5656
vn 0.2864 0.7624 -0.5803
vn 0.2864 0.7624 0.5803
vn 0.5497 0.5620 -0.6181
vn 0.5497 0.5620 0.6181
vn 0.7257 0.2124 -0.6544
vn 0.7257 0.2124 0.6544
vn 0.7257 -0.2124 -0.6544
vn 0.7257 -0.2124 0.6544
vn 0.5497 -0.5620 -0.6181
vn 0.5497 -0.5620 0.6181
vn 0.2864 -0.7624 -0.5803
vn 0.2864 -0.7624 0.5803
vt 1.000000 1.000000
vt 0.928571 0.500000
vt 1.000000 0.500000
vt 0.928571 1.000000
vt 0.857143 0.500000
vt 0.857143 1.000000
vt 0.785714 0.500000
vt 0.785714 1.000000
vt 0.714286 0.500000
vt 0.714286 1.000000
vt 0.642857 0.500000
vt 0.642857 1.000000
vt 0.571428 0.500000
vt 0.571428 1.000000
vt 0.500000 0.500000
vt 0.500000 1.000000
vt 0.428571 0.500000
vt 0.428571 1.000000
vt 0.357143 0.500000
vt 0.357143 1.000000
vt 0.285714 0.500000
vt 0.285714 1.000000
vt 0.214286 0.500000
vt 0.214286 1.000000
vt 0.142857 0.500000
vt 0.062360 0.399638
vt 0.145868 0.033767
vt 0.483983 0.196595
vt 0.142857 1.000000
vt 0.071428 0.500000
vt 0.071428 1.000000
vt -0.000000 0.500000
vt 0.983983 0.303405
vt 0.750000 0.010000
vt 0.516017 0.303405
vt 0.437640 0.399638
vt 0.354132 0.466233
vt 0.250000 0.490000
vt 0.145868 0.466233
vt 0.016017 0.303405
vt 0.016017 0.196595
vt 0.062360 0.100362
vt 0.250000 0.010000
vt 0.354132 0.033767
vt 0.437640 0.100362
vt 0.483983 0.303405
vt -0.000000 1.000000
vt 0.645868 0.466233
vt 0.750000 0.490000
vt 0.854132 0.466233
vt 0.937640 0.399638
vt 0.983983 0.196595
vt 0.937640 0.100362
vt 0.854132 0.033767
vt 0.645868 0.033767
vt 0.562360 0.100362
vt 0.516017 0.196595
vt 0.562360 0.399638
s 1
g Cylinder.002_M_Ped.003
usemtl M_Ped.003
f 50/101/50 51/102/51 49/103/49
f 52/104/52 53/105/53 51/102/51
f 54/106/54 55/107/55 53/105/53
f 56/108/56 57/109/57 55/107/55
f 58/110/58 59/111/59 57/109/57
f 60/112/60 61/113/61 59/111/59
f 62/114/62 63/115/63 61/113/61
f 64/116/64 65/117/65 63/115/63
f 66/118/66 67/119/67 65/117/65
f 68/120/68 69/121/69 67/119/67
f 70/122/70 71/123/71 69/121/69
f 72/124/72 73/125/73 71/123/71
f 74/126/74 66/127/66 58/128/58
f 74/129/74 75/130/75 73/125/73
f 76/131/76 49/132/49 75/130/75
f 55/133/55 63/134/63 71/135/71
f 50/101/50 52/104/52 51/102/51
f 52/104/52 54/106/54 53/105/53
f 54/106/54 56/108/56 55/107/55
f 56/108/56 58/110/58 57/109/57
f 58/110/58 60/112/60 59/111/59
f 60/112/60 62/114/62 61/113/61
f 62/114/62 64/116/64 63/115/63
f 64/116/64 66/118/66 65/117/65
f 66/118/66 68/120/68 67/119/67
f 68/120/68 70/122/70 69/121/69
f 70/122/70 72/124/72 71/123/71
f 72/124/72 74/129/74 73/125/73
f 54/136/54 52/137/52 50/138/50
f 50/138/50 76/139/76 74/126/74
f 74/126/74 72/140/72 70/141/70
f 70/141/70 68/142/68 66/127/66
f 66/127/66 64/143/64 62/144/62
f 62/144/62 60/145/60 58/128/58
f 58/128/58 56/146/56 54/136/54
f 54/136/54 50/138/50 74/126/74
f 74/126/74 70/141/70 66/127/66
f 66/127/66 62/144/62 58/128/58
f 58/128/58 54/136/54 74/126/74
f 74/129/74 76/131/76 75/130/75
f 76/131/76 50/147/50 49/132/49
f 75/148/75 49/149/49 51/150/51
f 51/150/51 53/151/53 55/133/55
f 55/133/55 57/152/57 59/153/59
f 59/153/59 61/154/61 63/134/63
f 63/134/63 65/155/65 67/156/67
f 67/156/67 69/157/69 71/135/71
f 71/135/71 73/158/73 75/148/75
f 75/148/75 51/150/51 55/133/55
f 55/133/55 59/153/59 63/134/63
f 63/134/63 67/156/67 71/135/71
f 71/135/71 75/148/75 55/133/55
o Torus
v -0.755000 0.000000 2.150000
v -0.739593 0.000000 2.207500
v -0.697500 0.000000 2.249593
v -0.640000 0.000000 2.265000
v -0.582500 0.000000 2.249593
v -0.540407 0.000000 2.207500
v -0.525000 0.000000 2.150000
v -0.540407 0.000000 2.092500
v -0.582500 0.000000 2.050407
v -0.640000 0.000000 2.035000
v -0.697500 0.000000 2.050407
v -0.739593 0.000000 2.092500
v -0.748541 -0.076867 2.150000
v -0.733266 -0.075298 2.207500
v -0.691533 -0.071013 2.249593
v -0.634525 -0.065159 2.265000
v -0.577517 -0.059305 2.249593
v -0.535784 -0.055019 2.207500
v -0.520509 -0.053450 2.150000
v -0.535784 -0.055019 2.092500
v -0.577517 -0.059305 2.050407
v -0.634525 -0.065159 2.035000
v -0.691533 -0.071013 2.050407
v -0.733266 -0.075298 2.092500
v -0.729274 -0.152418 2.150000
v -0.714392 -0.149308 2.207500
v -0.673733 -0.140810 2.249593
v -0.618192 -0.129202 2.265000
v -0.562652 -0.117594 2.249593
v -0.521993 -0.109097 2.207500
v -0.507111 -0.105986 2.150000
v -0.521993 -0.109097 2.092500
v -0.562652 -0.117594 2.050407
v -0.618192 -0.129202 2.035000
v -0.673733 -0.140810 2.050407
v -0.714392 -0.149308 2.092500
v -0.697529 -0.225362 2.150000
v -0.683295 -0.220763 2.207500
v -0.644406 -0.208199 2.249593
v -0.591283 -0.191036 2.265000
v -0.538160 -0.173872 2.249593
v -0.499271 -0.161308 2.207500
v -0.485037 -0.156709 2.150000
v -0.499271 -0.161308 2.092500
v -0.538160 -0.173872 2.050407
v -0.591283 -0.191036 2.035000
v -0.644406 -0.208199 2.050407
v -0.683295 -0.220763 2.092500
v -0.653849 -0.294450 2.150000
v -0.640506 -0.288441 2.207500
v -0.604053 -0.272025 2.249593
v -0.554256 -0.249600 2.265000
v -0.504460 -0.227175 2.249593
v -0.468006 -0.210759 2.207500
v -0.454663 -0.204750 2.150000
v -0.468006 -0.210759 2.092500
v -0.504460 -0.227175 2.050407
v -0.554256 -0.249600 2.035000
v -0.604053 -0.272025 2.050407
v -0.640506 -0.288441 2.092500
v -0.598982 -0.358500 2.150000
v -0.586759 -0.351184 2.207500
v -0.553364 -0.331197 2.249593
v -0.507746 -0.303894 2.265000
v -0.462128 -0.276591 2.249593
v -0.428734 -0.256604 2.207500
v -0.416511 -0.249288 2.150000
v -0.428734 -0.256604 2.092500
v -0.462128 -0.276591 2.050407
v -0.507746 -0.303894 2.035000
v -0.553364 -0.331197 2.050407
v -0.586759 -0.351184 2.092500
v -0.533866 -0.416415 2.150000
v -0.522971 -0.407918 2.207500
v -0.493207 -0.384701 2.249593
v -0.452548 -0.352988 2.265000
v -0.411890 -0.321274 2.249593
v -0.382125 -0.298058 2.207500
v -0.371231 -0.289560 2.150000
v -0.382125 -0.298058 2.092500
v -0.411890 -0.321274 2.050407
v -0.452548 -0.352988 2.035000
v -0.493207 -0.384701 2.050407
v -0.522971 -0.407918 2.092500
v -0.459615 -0.467206 2.150000
v -0.450236 -0.457672 2.207500
v -0.424611 -0.431624 2.249593
v -0.389607 -0.396042 2.265000
v -0.354604 -0.360460 2.249593
v -0.328979 -0.334412 2.207500
v -0.319600 -0.324878 2.150000
v -0.328979 -0.334412 2.092500
v -0.354604 -0.360460 2.050407
v -0.389607 -0.396042 2.035000
v -0.424611 -0.431624 2.050407
v -0.450236 -0.457672 2.092500
v -0.377500 -0.510002 2.150000
v -0.369796 -0.499595 2.207500
v -0.348750 -0.471161 2.249593
v -0.320000 -0.432320 2.265000
v -0.291250 -0.393479 2.249593
v -0.270204 -0.365045 2.207500
v -0.262500 -0.354637 2.150000
v -0.270204 -0.365045 2.092500
v -0.291250 -0.393479 2.050407
v -0.320000 -0.432320 2.035000
v -0.348750 -0.471161 2.050407
v -0.369796 -0.499595 2.092500
v -0.288926 -0.544073 2.150000
v -0.283030 -0.532970 2.207500
v -0.266922 -0.502637 2.249593
v -0.244918 -0.461201 2.265000
v -0.222913 -0.419765 2.249593
v -0.206805 -0.389431 2.207500
v -0.200909 -0.378329 2.150000
v -0.206805 -0.389431 2.092500
v -0.222913 -0.419765 2.050407
v -0.244918 -0.461201 2.035000
v -0.266922 -0.502637 2.050407
v -0.283030 -0.532970 2.092500
v -0.195408 -0.568834 2.150000
v -0.191421 -0.557226 2.207500
v -0.180526 -0.525512 2.249593
v -0.165644 -0.482190 2.265000
v -0.150762 -0.438868 2.249593
v -0.139868 -0.407155 2.207500
v -0.135880 -0.395547 2.150000
v -0.139868 -0.407155 2.092500
v -0.150762 -0.438868 2.050407
v -0.165644 -0.482190 2.035000
v -0.180526 -0.525512 2.050407
v -0.191421 -0.557226 2.092500
v -0.098547 -0.583862 2.150000
v -0.096536 -0.571947 2.207500
v -0.091042 -0.539396 2.249593
v -0.083537 -0.494929 2.265000
v -0.076031 -0.450463 2.249593
v -0.070537 -0.417911 2.207500
v -0.068526 -0.405997 2.150000
v -0.070537 -0.417911 2.092500
v -0.076031 -0.450463 2.050407
v -0.083537 -0.494929 2.035000
v -0.091042 -0.539396 2.050407
v -0.096536 -0.571947 2.092500
v -0.000000 -0.588900 2.150000
v -0.000000 -0.576882 2.207500
v -0.000000 -0.544050 2.249593
v -0.000000 -0.499200 2.265000
v -0.000000 -0.454350 2.249593
v -0.000000 -0.421517 2.207500
v -0.000000 -0.409500 2.150000
v -0.000000 -0.421517 2.092500
v -0.000000 -0.454350 2.050407
v -0.000000 -0.499200 2.035000
v -0.000000 -0.544050 2.050407
v -0.000000 -0.576882 2.092500
v 0.098547 -0.583862 2.150000
v 0.096536 -0.571947 2.207500
v 0.091042 -0.539396 2.249593
v 0.083537 -0.494929 2.265000
v 0.076032 -0.450463 2.249593
v 0.070537 -0.417911 2.207500
v 0.068526 -0.405997 2.150000
v 0.070537 -0.417911 2.092500
v 0.076032 -0.450463 2.050407
v 0.083537 -0.494929 2.035000
v 0.091042 -0.539396 2.050407
v 0.096536 -0.571947 2.092500
v 0.195408 -0.568834 2.150000
v 0.191421 -0.557226 2.207500
v 0.180526 -0.525512 2.249593
v 0.165644 -0.482190 2.265000
v 0.150762 -0.438868 2.249593
v 0.139868 -0.407155 2.207500
v 0.135880 -0.395547 2.150000
v 0.139868 -0.407155 2.092500
v 0.150762 -0.438868 2.050407
v 0.165644 -0.482190 2.035000
v 0.180526 -0.525512 2.050407
v 0.191421 -0.557226 2.092500
v 0.288926 -0.544073 2.150000
v 0.283030 -0.532970 2.207500
v 0.266922 -0.502637 2.249593
v 0.244917 -0.461201 2.265000
v 0.222913 -0.419765 2.249593
v 0.206805 -0.389431 2.207500
v 0.200909 -0.378329 2.150000
v 0.206805 -0.389431 2.092500
v 0.222913 -0.419765 2.050407
v 0.244917 -0.461201 2.035000
v 0.266922 -0.502637 2.050407
v 0.283030 -0.532970 2.092500
v 0.377500 -0.510002 2.150000
v 0.369796 -0.499595 2.207500
v 0.348750 -0.471161 2.249593
v 0.320000 -0.432320 2.265000
v 0.291250 -0.393479 2.249593
v 0.270203 -0.365045 2.207500
v 0.262500 -0.354637 2.150000
v 0.270203 -0.365045 2.092500
v 0.291250 -0.393479 2.050407
v 0.320000 -0.432320 2.035000
v 0.348750 -0.471161 2.050407
v 0.369796 -0.499595 2.092500
v 0.459615 -0.467206 2.150000
v 0.450236 -0.457672 2.207500
v 0.424611 -0.431624 2.249593
v 0.389607 -0.396042 2.265000
v 0.354604 -0.360460 2.249593
v 0.328979 -0.334412 2.207500
v 0.319600 -0.324878 2.150000
v 0.328979 -0.334412 2.092500
v 0.354604 -0.360460 2.050407
v 0.389607 -0.396042 2.035000
v 0.424611 -0.431624 2.050407
v 0.450236 -0.457672 2.092500
v 0.533866 -0.416415 2.150000
v 0.522971 -0.407917 2.207500
v 0.493207 -0.384701 2.249593
v 0.452548 -0.352988 2.265000
v 0.411890 -0.321274 2.249593
v 0.382126 -0.298058 2.207500
v 0.371231 -0.289560 2.150000
v 0.382126 -0.298058 2.092500
v 0.411890 -0.321274 2.050407
v 0.452548 -0.352988 2.035000
v 0.493207 -0.384701 2.050407
v 0.522971 -0.407917 2.092500
v 0.598982 -0.358500 2.150000
v 0.586758 -0.351184 2.207500
v 0.553364 -0.331197 2.249593
v 0.507746 -0.303894 2.265000
v 0.462128 -0.276591 2.249593
v 0.428734 -0.256604 2.207500
v 0.416510 -0.249288 2.150000
v 0.428734 -0.256604 2.092500
v 0.462128 -0.276591 2.050407
v 0.507746 -0.303894 2.035000
v 0.553364 -0.331197 2.050407
v 0.586758 -0.351184 2.092500
v 0.653849 -0.294450 2.150000
v 0.640506 -0.288441 2.207500
v 0.604053 -0.272025 2.249593
v 0.554256 -0.249600 2.265000
v 0.504460 -0.227175 2.249593
v 0.468006 -0.210759 2.207500
v 0.454663 -0.204750 2.150000
v 0.468006 -0.210759 2.092500
v 0.504460 -0.227175 2.050407
v 0.554256 -0.249600 2.035000
v 0.604053 -0.272025 2.050407
v 0.640506 -0.288441 2.092500
v 0.697529 -0.225362 2.150000
v 0.683295 -0.220763 2.207500
v 0.644406 -0.208199 2.249593
v 0.591283 -0.191036 2.265000
v 0.538160 -0.173872 2.249593
v 0.499271 -0.161308 2.207500
v 0.485037 -0.156709 2.150000
v 0.499271 -0.161308 2.092500
v 0.538160 -0.173872 2.050407
v 0.591283 -0.191036 2.035000
v 0.644406 -0.208199 2.050407
v 0.683295 -0.220763 2.092500
v 0.729274 -0.152418 2.150000
v 0.714392 -0.149308 2.207500
v 0.673733 -0.140810 2.249593
v 0.618193 -0.129202 2.265000
v 0.562652 -0.117594 2.249593
v 0.521993 -0.109097 2.207500
v 0.507111 -0.105986 2.150000
v 0.521993 -0.109097 2.092500
v 0.562652 -0.117594 2.050407
v 0.618193 -0.129202 2.035000
v 0.673733 -0.140810 2.050407
v 0.714392 -0.149308 2.092500
v 0.748541 -0.076867 2.150000
v 0.733266 -0.075298 2.207500
v 0.691533 -0.071013 2.249593
v 0.634525 -0.065159 2.265000
v 0.577517 -0.059305 2.249593
v 0.535784 -0.055019 2.207500
v 0.520509 -0.053451 2.150000
v 0.535784 -0.055019 2.092500
v 0.577517 -0.059305 2.050407
v 0.634525 -0.065159 2.035000
v 0.691533 -0.071013 2.050407
v 0.733266 -0.075298 2.092500
v 0.755000 -0.000000 2.150000
v 0.739593 -0.000000 2.207500
v 0.697500 -0.000000 2.249593
v 0.640000 -0.000000 2.265000
v 0.582500 -0.000000 2.249593
v 0.540407 -0.000000 2.207500
v 0.525000 -0.000000 2.150000
v 0.540407 -0.000000 2.092500
v 0.582500 -0.000000 2.050407
v 0.640000 -0.000000 2.035000
v 0.697500 -0.000000 2.050407
v 0.739593 -0.000000 2.092500
v 0.748541 0.076867 2.150000
v 0.733266 0.075298 2.207500
v 0.691533 0.071013 2.249593
v 0.634525 0.065159 2.265000
v 0.577517 0.059305 2.249593
v 0.535784 0.055019 2.207500
v 0.520509 0.053451 2.150000
v 0.535784 0.055019 2.092500
v 0.577517 0.059305 2.050407
v 0.634525 0.065159 2.035000
v 0.691533 0.071013 2.050407
v 0.733266 0.075298 2.092500
v 0.729274 0.152418 2.150000
v 0.714392 0.149308 2.207500
v 0.673733 0.140810 2.249593
v 0.618193 0.129202 2.265000
v 0.562652 0.117594 2.249593
v 0.521993 0.109097 2.207500
v 0.507111 0.105986 2.150000
v 0.521993 0.109097 2.092500
v 0.562652 0.117594 2.050407
v 0.618193 0.129202 2.035000
v 0.673733 0.140810 2.050407
v 0.714392 0.149308 2.092500
v 0.697529 0.225362 2.150000
v 0.683295 0.220763 2.207500
v 0.644406 0.208199 2.249593
v 0.591283 0.191035 2.265000
v 0.538160 0.173872 2.249593
v 0.499271 0.161308 2.207500
v 0.485037 0.156709 2.150000
v 0.499271 0.161308 2.092500
v 0.538160 0.173872 2.050407
v 0.591283 0.191035 2.035000
v 0.644406 0.208199 2.050407
v 0.683295 0.220763 2.092500
v 0.653849 0.294450 2.150000
v 0.640506 0.288441 2.207500
v 0.604053 0.272025 2.249593
v 0.554256 0.249600 2.265000
v 0.504460 0.227175 2.249593
v 0.468006 0.210759 2.207500
v 0.454663 0.204750 2.150000
v 0.468006 0.210759 2.092500
v 0.504460 0.227175 2.050407
v 0.554256 0.249600 2.035000
v 0.604053 0.272025 2.050407
v 0.640506 0.288441 2.092500
v 0.598982 0.358500 2.150000
v 0.586758 0.351184 2.207500
v 0.553364 0.331197 2.249593
v 0.507746 0.303894 2.265000
v 0.462128 0.276591 2.249593
v 0.428734 0.256604 2.207500
v 0.416510 0.249288 2.150000
v 0.428734 0.256604 2.092500
v 0.462128 0.276591 2.050407
v 0.507746 0.303894 2.035000
v 0.553364 0.331197 2.050407
v 0.586758 0.351184 2.092500
v 0.533866 0.416415 2.150000
v 0.522971 0.407917 2.207500
v 0.493207 0.384701 2.249593
v 0.452548 0.352988 2.265000
v 0.411890 0.321274 2.249593
v 0.382126 0.298058 2.207500
v 0.371231 0.289560 2.150000
v 0.382126 0.298058 2.092500
v 0.411890 0.321274 2.050407
v 0.452548 0.352988 2.035000
v 0.493207 0.384701 2.050407
v 0.522971 0.407917 2.092500
v 0.459615 0.467206 2.150000
v 0.450236 0.457671 2.207500
v 0.424611 0.431624 2.249593
v 0.389608 0.396042 2.265000
v 0.354604 0.360460 2.249593
v 0.328979 0.334412 2.207500
v 0.319600 0.324878 2.150000
v 0.328979 0.334412 2.092500
v 0.354604 0.360460 2.050407
v 0.389608 0.396042 2.035000
v 0.424611 0.431624 2.050407
v 0.450236 0.457671 2.092500
v 0.377500 0.510002 2.150000
v 0.369796 0.499595 2.207500
v 0.348750 0.471161 2.249593
v 0.320000 0.432320 2.265000
v 0.291250 0.393479 2.249593
v 0.270203 0.365045 2.207500
v 0.262500 0.354637 2.150000
v 0.270203 0.365045 2.092500
v 0.291250 0.393479 2.050407
v 0.320000 0.432320 2.035000
v 0.348750 0.471161 2.050407
v 0.369796 0.499595 2.092500
v 0.288926 0.544073 2.150000
v 0.283030 0.532970 2.207500
v 0.266922 0.502637 2.249593
v 0.244917 0.461201 2.265000
v 0.222913 0.419765 2.249593
v 0.206805 0.389431 2.207500
v 0.200909 0.378329 2.150000
v 0.206805 0.389431 2.092500
v 0.222913 0.419765 2.050407
v 0.244917 0.461201 2.035000
v 0.266922 0.502637 2.050407
v 0.283030 0.532970 2.092500
v 0.195409 0.568834 2.150000
v 0.191421 0.557226 2.207500
v 0.180527 0.525512 2.249593
v 0.165644 0.482190 2.265000
v 0.150762 0.438868 2.249593
v 0.139868 0.407155 2.207500
v 0.135880 0.395547 2.150000
v 0.139868 0.407155 2.092500
v 0.150762 0.438868 2.050407
v 0.165644 0.482190 2.035000
v 0.180527 0.525512 2.050407
v 0.191421 0.557226 2.092500
v 0.098548 0.583862 2.150000
v 0.096537 0.571947 2.207500
v 0.091042 0.539396 2.249593
v 0.083537 0.494929 2.265000
v 0.076032 0.450463 2.249593
v 0.070538 0.417911 2.207500
v 0.068527 0.405997 2.150000
v 0.070538 0.417911 2.092500
v 0.076032 0.450463 2.050407
v 0.083537 0.494929 2.035000
v 0.091042 0.539396 2.050407
v 0.096537 0.571947 2.092500
v -0.000000 0.588900 2.150000
v -0.000000 0.576882 2.207500
v -0.000000 0.544050 2.249593
v -0.000000 0.499200 2.265000
v -0.000000 0.454350 2.249593
v -0.000000 0.421517 2.207500
v -0.000000 0.409500 2.150000
v -0.000000 0.421517 2.092500
v -0.000000 0.454350 2.050407
v -0.000000 0.499200 2.035000
v -0.000000 0.544050 2.050407
v -0.000000 0.576882 2.092500
v -0.098547 0.583862 2.150000
v -0.096536 0.571947 2.207500
v -0.091042 0.539396 2.249593
v -0.083537 0.494929 2.265000
v -0.076031 0.450463 2.249593
v -0.070537 0.417911 2.207500
v -0.068526 0.405997 2.150000
v -0.070537 0.417911 2.092500
v -0.076031 0.450463 2.050407
v -0.083537 0.494929 2.035000
v -0.091042 0.539396 2.050407
v -0.096536 0.571947 2.092500
v -0.195408 0.568834 2.150000
v -0.191420 0.557226 2.207500
v -0.180526 0.525512 2.249593
v -0.165644 0.482190 2.265000
v -0.150762 0.438868 2.249593
v -0.139867 0.407155 2.207500
v -0.135880 0.395547 2.150000
v -0.139867 0.407155 2.092500
v -0.150762 0.438868 2.050407
v -0.165644 0.482190 2.035000
v -0.180526 0.525512 2.050407
v -0.191420 0.557226 2.092500
v -0.288926 0.544073 2.150000
v -0.283030 0.532970 2.207500
v -0.266922 0.502637 2.249593
v -0.244918 0.461201 2.265000
v -0.222913 0.419765 2.249593
v -0.206805 0.389431 2.207500
v -0.200909 0.378329 2.150000
v -0.206805 0.389431 2.092500
v -0.222913 0.419765 2.050407
v -0.244918 0.461201 2.035000
v -0.266922 0.502637 2.050407
v -0.283030 0.532970 2.092500
v -0.377500 0.510002 2.150000
v -0.369796 0.499595 2.207500
v -0.348750 0.471161 2.249593
v -0.320000 0.432320 2.265000
v -0.291250 0.393479 2.249593
v -0.270204 0.365045 2.207500
v -0.262500 0.354637 2.150000
v -0.270204 0.365045 2.092500
v -0.291250 0.393479 2.050407
v -0.320000 0.432320 2.035000
v -0.348750 0.471161 2.050407
v -0.369796 0.499595 2.092500
v -0.459615 0.467206 2.150000
v -0.450235 0.457672 2.207500
v -0.424611 0.431624 2.249593
v -0.389607 0.396042 2.265000
v -0.354603 0.360460 2.249593
v -0.328979 0.334412 2.207500
v -0.319600 0.324878 2.150000
v -0.328979 0.334412 2.092500
v -0.354603 0.360460 2.050407
v -0.389607 0.396042 2.035000
v -0.424611 0.431624 2.050407
v -0.450235 0.457672 2.092500
v -0.533865 0.416415 2.150000
v -0.522971 0.407918 2.207500
v -0.493207 0.384702 2.249593
v -0.452548 0.352988 2.265000
v -0.411889 0.321274 2.249593
v -0.382125 0.298058 2.207500
v -0.371231 0.289560 2.150000
v -0.382125 0.298058 2.092500
v -0.411889 0.321274 2.050407
v -0.452548 0.352988 2.035000
v -0.493207 0.384702 2.050407
v -0.522971 0.407918 2.092500
v -0.598982 0.358500 2.150000
v -0.586759 0.351184 2.207500
v -0.553364 0.331197 2.249593
v -0.507746 0.303894 2.265000
v -0.462128 0.276591 2.249593
v -0.428734 0.256604 2.207500
v -0.416511 0.249288 2.150000
v -0.428734 0.256604 2.092500
v -0.462128 0.276591 2.050407
v -0.507746 0.303894 2.035000
v -0.553364 0.331197 2.050407
v -0.586759 0.351184 2.092500
v -0.653849 0.294450 2.150000
v -0.640506 0.288441 2.207500
v -0.604053 0.272025 2.249593
v -0.554256 0.249600 2.265000
v -0.504460 0.227175 2.249593
v -0.468006 0.210759 2.207500
v -0.454663 0.204750 2.150000
v -0.468006 0.210759 2.092500
v -0.504460 0.227175 2.050407
v -0.554256 0.249600 2.035000
v -0.604053 0.272025 2.050407
v -0.640506 0.288441 2.092500
v -0.697529 0.225362 2.150000
v -0.683295 0.220764 2.207500
v -0.644406 0.208199 2.249593
v -0.591283 0.191036 2.265000
v -0.538160 0.173872 2.249593
v -0.499271 0.161308 2.207500
v -0.485037 0.156709 2.150000
v -0.499271 0.161308 2.092500
v -0.538160 0.173872 2.050407
v -0.591283 0.191036 2.035000
v -0.644406 0.208199 2.050407
v -0.683295 0.220764 2.092500
v -0.729274 0.152418 2.150000
v -0.714392 0.149308 2.207500
v -0.673733 0.140810 2.249593
v -0.618193 0.129202 2.265000
v -0.562652 0.117594 2.249593
v -0.521993 0.109097 2.207500
v -0.507111 0.105986 2.150000
v -0.521993 0.109097 2.092500
v -0.562652 0.117594 2.050407
v -0.618193 0.129202 2.035000
v -0.673733 0.140810 2.050407
v -0.714392 0.149308 2.092500
v -0.748541 0.076867 2.150000
v -0.733266 0.075298 2.207500
v -0.691533 0.071013 2.249593
v -0.634525 0.065159 2.265000
v -0.577517 0.059305 2.249593
v -0.535784 0.055019 2.207500
v -0.520509 0.053450 2.150000
v -0.535784 0.055019 2.092500
v -0.577517 0.059305 2.050407
v -0.634525 0.065159 2.035000
v -0.691533 0.071013 2.050407
v -0.733266 0.075298 2.092500
vn -1.0000 -0.0000 -0.0000
vn -0.8687 -0.0000 0.4954
vn -0.5080 -0.0000 0.8614
vn -0.0108 -0.0000 0.9999
vn 0.4918 -0.0000 0.8707
vn 0.8633 -0.0000 0.5047
vn 1.0000 -0.0000 -0.0000
vn 0.8633 -0.0000 -0.5047
vn 0.4918 -0.0000 -0.8707
vn -0.0108 -0.0000 -0.9999
vn -0.5080 -0.0000 -0.8614
vn -0.8687 -0.0000 -0.4954
vn -0.9861 -0.1664 -0.0000
vn -0.8577 -0.1448 0.4934
vn -0.5029 -0.0849 0.8601
vn -0.0107 -0.0018 0.9999
vn 0.4870 0.0822 0.8695
vn 0.8524 0.1439 0.5027
vn 0.9861 0.1664 -0.0000
vn 0.8524 0.1439 -0.5027
vn 0.4870 0.0822 -0.8695
vn -0.0107 -0.0018 -0.9999
vn -0.5029 -0.0849 -0.8601
vn -0.8577 -0.1448 -0.4934
vn -0.9458 -0.3249 -0.0000
vn -0.8257 -0.2837 0.4875
vn -0.4880 -0.1676 0.8566
vn -0.0104 -0.0036 0.9999
vn 0.4726 0.1624 0.8662
vn 0.8208 0.2820 0.4968
vn 0.9458 0.3249 -0.0000
vn 0.8208 0.2820 -0.4968
vn 0.4726 0.1624 -0.8662
vn -0.0104 -0.0036 -0.9999
vn -0.4880 -0.1676 -0.8566
vn -0.8257 -0.2837 -0.4875
vn -0.8832 -0.4690 -0.0000
vn -0.7754 -0.4118 0.4787
vn -0.4637 -0.2463 0.8511
vn -0.0100 -0.0053 0.9999
vn 0.4493 0.2386 0.8609
vn 0.7709 0.4094 0.4879
vn 0.8832 0.4690 -0.0000
vn 0.7709 0.4094 -0.4879
vn 0.4493 0.2386 -0.8609
vn -0.0100 -0.0053 -0.9999
vn -0.4637 -0.2463 -0.8511
vn -0.7754 -0.4118 -0.4787
vn -0.8038 -0.5949 -0.0000
vn -0.7104 -0.5258 0.4678
vn -0.4311 -0.3191 0.8440
vn -0.0093 -0.0069 0.9999
vn 0.4179 0.3093 0.8542
vn 0.7065 0.5229 0.4769
vn 0.8038 0.5949 -0.0000
vn 0.7065 0.5229 -0.4769
vn 0.4179 0.3093 -0.8542
vn -0.0093 -0.0069 -0.9999
vn -0.4311 -0.3191 -0.8440
vn -0.7104 -0.5258 -0.4678
vn -0.7129 -0.7013 -0.0000
vn -0.6344 -0.6241 0.4560
vn -0.3912 -0.3848 0.8360
vn -0.0085 -0.0084 0.9999
vn 0.3794 0.3732 0.8466
vn 0.6311 0.6208 0.4651
vn 0.7129 0.7013 -0.0000
vn 0.6311 0.6208 -0.4651
vn 0.3794 0.3732 -0.8466
vn -0.0085 -0.0084 -0.9999
vn -0.3912 -0.3848 -0.8360
vn -0.6344 -0.6241 -0.4560
vn -0.6150 -0.7885 -0.0000
vn -0.5510 -0.7064 0.4444
vn -0.3452 -0.4425 0.8277
vn -0.0076 -0.0098 0.9999
vn 0.3350 0.4295 0.8387
vn 0.5482 0.7028 0.4533
vn 0.6150 0.7885 -0.0000
vn 0.5482 0.7028 -0.4533
vn 0.3350 0.4295 -0.8387
vn -0.0076 -0.0098 -0.9999
vn -0.3452 -0.4425 -0.8277
vn -0.5510 -0.7064 -0.4444
vn -0.5136 -0.8581 -0.0000
vn -0.4628 -0.7732 0.4335
vn -0.2942 -0.4916 0.8196
vn -0.0066 -0.0110 0.9999
vn 0.2857 0.4774 0.8309
vn 0.4606 0.7695 0.4423
vn 0.5136 0.8581 -0.0000
vn 0.4606 0.7695 -0.4423
vn 0.2857 0.4774 -0.8309
vn -0.0066 -0.0110 -0.9999
vn -0.2942 -0.4916 -0.8196
vn -0.4628 -0.7732 -0.4335
vn -0.4106 -0.9118 -0.0000
vn -0.3719 -0.8257 0.4241
vn -0.2395 -0.5319 0.8123
vn -0.0054 -0.0120 0.9999
vn 0.2327 0.5167 0.8239
vn 0.3702 0.8220 0.4328
vn 0.4106 0.9118 -0.0000
vn 0.3702 0.8220 -0.4328
vn 0.2327 0.5167 -0.8239
vn -0.0054 -0.0120 -0.9999
vn -0.2395 -0.5319 -0.8123
vn -0.3719 -0.8257 -0.4241
vn -0.3074 -0.9516 -0.0000
vn -0.2795 -0.8651 0.4165
vn -0.1819 -0.5631 0.8061
vn -0.0041 -0.0128 0.9999
vn 0.1768 0.5473 0.8180
vn 0.2783 0.8613 0.4251
vn 0.3074 0.9516 -0.0000
vn 0.2783 0.8613 -0.4251
vn 0.1768 0.5473 -0.8180
vn -0.0041 -0.0128 -0.9999
vn -0.1819 -0.5631 -0.8061
vn -0.2795 -0.8651 -0.4165
vn -0.2046 -0.9788 -0.0000
vn -0.1865 -0.8924 0.4110
vn -0.1223 -0.5854 0.8015
vn -0.0028 -0.0133 0.9999
vn 0.1189 0.5691 0.8136
vn 0.1857 0.8886 0.4195
vn 0.2046 0.9788 -0.0000
vn 0.1857 0.8886 -0.4195
vn 0.1189 0.5691 -0.8136
vn -0.0028 -0.0133 -0.9999
vn -0.1223 -0.5854 -0.8015
vn -0.1865 -0.8924 -0.4110
vn -0.1022 -0.9948 -0.0000
vn -0.0933 -0.9084 0.4076
vn -0.0615 -0.5987 0.7986
vn -0.0014 -0.0137 0.9999
vn 0.0598 0.5822 0.8109
vn 0.0929 0.9046 0.4161
vn 0.1022 0.9948 -0.0000
vn 0.0929 0.9046 -0.4161
vn 0.0598 0.5822 -0.8109
vn -0.0014 -0.0137 -0.9999
vn -0.0615 -0.5987 -0.7986
vn -0.0933 -0.9084 -0.4076
vn -0.0000 -1.0000 -0.0000
vn -0.0000 -0.9137 0.4064
vn -0.0000 -0.6031 0.7977
vn -0.0000 -0.0138 0.9999
vn -0.0000 0.5865 0.8099
vn -0.0000 0.9099 0.4149
vn -0.0000 1.0000 -0.0000
vn -0.0000 0.9099 -0.4149
vn -0.0000 0.5865 -0.8099
vn -0.0000 -0.0138 -0.9999
vn -0.0000 -0.6031 -0.7977
vn -0.0000 -0.9137 -0.4064
vn 0.1022 -0.9948 -0.0000
vn 0.0933 -0.9084 0.4076
vn 0.0615 -0.5987 0.7986
vn 0.0014 -0.0137 0.9999
vn -0.0598 0.5822 0.8109
vn -0.0929 0.9046 0.4161
vn -0.1022 0.9948 -0.0000
vn -0.0929 0.9046 -0.4161
vn -0.0598 0.5822 -0.8109
vn 0.0014 -0.0137 -0.9999
vn 0.0615 -0.5987 -0.7986
vn 0.0933 -0.9084 -0.4076
vn 0.2046 -0.9788 -0.0000
vn 0.1865 -0.8924 0.4110
vn 0.1223 -0.5854 0.8015
vn 0.0028 -0.0133 0.9999
vn -0.1189 0.5691 0.8136
vn -0.1857 0.8886 0.4195
vn -0.2046 0.9788 -0.0000
vn -0.1857 0.8886 -0.4195
vn -0.1189 0.5691 -0.8136
vn 0.0028 -0.0133 -0.9999
vn 0.1223 -0.5854 -0.8015
vn 0.1865 -0.8924 -0.4110
vn 0.3074 -0.9516 -0.0000
vn 0.2795 -0.8651 0.4165
vn 0.1819 -0.5631 0.8061
vn 0.0041 -0.0128 0.9999
vn -0.1768 0.5473 0.8180
vn -0.2783 0.8613 0.4251
vn -0.3074 0.9516 -0.0000
vn -0.2783 0.8613 -0.4251
vn -0.1768 0.5473 -0.8180
vn 0.0041 -0.0128 -0.9999
vn 0.1819 -0.5631 -0.8061
vn 0.2795 -0.8651 -0.4165
vn 0.4106 -0.9118 -0.0000
vn 0.3719 -0.8257 0.4241
vn 0.2395 -0.5319 0.8123
vn 0.0054 -0.0120 0.9999
vn -0.2327 0.5167 0.8239
vn -0.3702 0.8220 0.4328
vn -0.4106 0.9118 -0.0000
vn -0.3702 0.8220 -0.4328
vn -0.2327 0.5167 -0.8239
vn 0.0054 -0.0120 -0.9999
vn 0.2395 -0.5319 -0.8123
vn 0.3719 -0.8257 -0.4241
vn 0.5136 -0.8581 -0.0000
vn 0.4628 -0.7732 0.4335
vn 0.2942 -0.4916 0.8196
vn 0.0066 -0.0110 0.9999
vn -0.2857 0.4774 0.8309
vn -0.4606 0.7695 0.4423
vn -0.5136 0.8581 -0.0000
vn -0.4606 0.7695 -0.4423
vn -0.2857 0.4774 -0.8309
vn 0.0066 -0.0110 -0.9999
vn 0.2942 -0.4916 -0.8196
vn 0.4628 -0.7732 -0.4335
vn 0.6150 -0.7885 -0.0000
vn 0.5510 -0.7064 0.4444
vn 0.3452 -0.4425 0.8277
vn 0.0076 -0.0098 0.9999
vn -0.3350 0.4295 0.8387
vn -0.5482 0.7028 0.4533
vn -0.6150 0.7885 -0.0000
vn -0.5482 0.7028 -0.4533
vn -0.3350 0.4295 -0.8387
vn 0.0076 -0.0098 -0.9999
vn 0.3452 -0.4425 -0.8277
vn 0.5510 -0.7064 -0.4444
vn 0.7129 -0.7013 -0.0000
vn 0.6344 -0.6241 0.4560
vn 0.3912 -0.3848 0.8360
vn 0.0086 -0.0084 0.9999
vn -0.3794 0.3732 0.8466
vn -0.6311 0.6208 0.4651
vn -0.7129 0.7013 -0.0000
vn -0.6311 0.6208 -0.4651
vn -0.3794 0.3732 -0.8466
vn 0.0086 -0.0084 -0.9999
vn 0.3912 -0.3848 -0.8360
vn 0.6344 -0.6241 -0.4560
vn 0.8038 -0.5949 -0.0000
vn 0.7104 -0.5258 0.4678
vn 0.4311 -0.3191 0.8440
vn 0.0093 -0.0069 0.9999
vn -0.4179 0.3093 0.8542
vn -0.7065 0.5229 0.4769
vn -0.8038 0.5949 -0.0000
vn -0.7065 0.5229 -0.4769
vn -0.4179 0.3093 -0.8542
vn 0.0093 -0.0069 -0.9999
vn 0.4311 -0.3191 -0.8440
vn 0.7104 -0.5258 -0.4678
vn 0.8832 -0.4690 -0.0000
vn 0.7754 -0.4118 0.4787
vn 0.4637 -0.2463 0.8511
vn 0.0100 -0.0053 0.9999
vn -0.4493 0.2386 0.8609
vn -0.7710 0.4094 0.4879
vn -0.8832 0.4690 -0.0000
vn -0.7710 0.4094 -0.4879
vn -0.4493 0.2386 -0.8609
vn 0.0100 -0.0053 -0.9999
vn 0.4637 -0.2463 -0.8511
vn 0.7754 -0.4118 -0.4787
vn 0.9458 -0.3249 -0.0000
vn 0.8257 -0.2837 0.4875
vn 0.4880 -0.1676 0.8566
vn 0.0104 -0.0036 0.9999
vn -0.4726 0.1624 0.8662
vn -0.8208 0.2820 0.4968
vn -0.9458 0.3249 -0.0000
vn -0.8208 0.2820 -0.4968
vn -0.4726 0.1624 -0.8662
vn 0.0104 -0.0036 -0.9999
vn 0.4880 -0.1676 -0.8566
vn 0.8257 -0.2837 -0.4875
vn 0.9861 -0.1664 -0.0000
vn 0.8577 -0.1448 0.4934
vn 0.5029 -0.0849 0.8601
vn 0.0107 -0.0018 0.9999
vn -0.4870 0.0822 0.8695
vn -0.8524 0.1439 0.5027
vn -0.9861 0.1664 -0.0000
vn -0.8524 0.1439 -0.5027
vn -0.4870 0.0822 -0.8695
vn 0.0107 -0.0018 -0.9999
vn 0.5029 -0.0849 -0.8601
vn 0.8577 -0.1448 -0.4934
vn 0.8687 -0.0000 0.4954
vn 0.5080 -0.0000 0.8614
vn 0.0108 -0.0000 0.9999
vn -0.4918 -0.0000 0.8707
vn -0.8633 -0.0000 0.5047
vn -0.8633 -0.0000 -0.5047
vn -0.4918 -0.0000 -0.8707
vn 0.0108 -0.0000 -0.9999
vn 0.5080 -0.0000 -0.8614
vn 0.8687 -0.0000 -0.4954
vn 0.8577 0.1448 0.4934
vn 0.5029 0.0849 0.8601
vn 0.0107 0.0018 0.9999
vn -0.4870 -0.0822 0.8695
vn -0.8524 -0.1439 0.5027
vn -0.8524 -0.1439 -0.5027
vn -0.4870 -0.0822 -0.8695
vn 0.0107 0.0018 -0.9999
vn 0.5029 0.0849 -0.8601
vn 0.8577 0.1448 -0.4934
vn 0.8257 0.2837 0.4875
vn 0.4880 0.1676 0.8566
vn 0.0104 0.0036 0.9999
vn -0.4726 -0.1624 0.8662
vn -0.8208 -0.2820 0.4968
vn -0.8208 -0.2820 -0.4968
vn -0.4726 -0.1624 -0.8662
vn 0.0104 0.0036 -0.9999
vn 0.4880 0.1676 -0.8566
vn 0.8257 0.2837 -0.4875
vn 0.7754 0.4118 0.4787
vn 0.4637 0.2463 0.8511
vn 0.0100 0.0053 0.9999
vn -0.4493 -0.2386 0.8609
vn -0.7709 -0.4094 0.4879
vn -0.7709 -0.4094 -0.4879
vn -0.4493 -0.2386 -0.8609
vn 0.0100 0.0053 -0.9999
vn 0.4637 0.2463 -0.8511
vn 0.7754 0.4118 -0.4787
vn 0.7104 0.5258 0.4678
vn 0.4311 0.3191 0.8440
vn 0.0093 0.0069 0.9999
vn -0.4179 -0.3093 0.8542
vn -0.7065 -0.5229 0.4769
vn -0.7065 -0.5229 -0.4769
vn -0.4179 -0.3093 -0.8542
vn 0.0093 0.0069 -0.9999
vn 0.4311 0.3191 -0.8440
vn 0.7104 0.5258 -0.4678
vn 0.6344 0.6241 0.4560
vn 0.3912 0.3848 0.8360
vn 0.0086 0.0084 0.9999
vn -0.3794 -0.3732 0.8466
vn -0.6311 -0.6208 0.4651
vn -0.6311 -0.6208 -0.4651
vn -0.3794 -0.3732 -0.8466
vn 0.0086 0.0084 -0.9999
vn 0.3912 0.3848 -0.8360
vn 0.6344 0.6241 -0.4560
vn 0.5510 0.7064 0.4444
vn 0.3452 0.4425 0.8277
vn 0.0076 0.0098 0.9999
vn -0.3350 -0.4295 0.8387
vn -0.5482 -0.7028 0.4533
vn -0.5482 -0.7028 -0.4533
vn -0.3350 -0.4295 -0.8387
vn 0.0076 0.0098 -0.9999
vn 0.3452 0.4425 -0.8277
vn 0.5510 0.7064 -0.4444
vn 0.4628 0.7732 0.4335
vn 0.2942 0.4916 0.8196
vn 0.0066 0.0110 0.9999
vn -0.2857 -0.4774 0.8309
vn -0.4606 -0.7695 0.4423
vn -0.4606 -0.7695 -0.4423
vn -0.2857 -0.4774 -0.8309
vn 0.0066 0.0110 -0.9999
vn 0.2942 0.4916 -0.8196
vn 0.4628 0.7732 -0.4335
vn 0.3719 0.8257 0.4241
vn 0.2395 0.5319 0.8123
vn 0.0054 0.0120 0.9999
vn -0.2327 -0.5167 0.8239
vn -0.3702 -0.8220 0.4328
vn -0.3702 -0.8220 -0.4328
vn -0.2327 -0.5167 -0.8239
vn 0.0054 0.0120 -0.9999
vn 0.2395 0.5319 -0.8123
vn 0.3719 0.8257 -0.4241
vn 0.2795 0.8651 0.4165
vn 0.1819 0.5631 0.8061
vn 0.0041 0.0128 0.9999
vn -0.1768 -0.5473 0.8180
vn -0.2783 -0.8613 0.4251
vn -0.2783 -0.8613 -0.4251
vn -0.1768 -0.5473 -0.8180
vn 0.0041 0.0128 -0.9999
vn 0.1819 0.5631 -0.8061
vn 0.2795 0.8651 -0.4165
vn 0.1865 0.8924 0.4110
vn 0.1223 0.5854 0.8015
vn 0.0028 0.0133 0.9999
vn -0.1189 -0.5691 0.8136
vn -0.1857 -0.8886 0.4195
vn -0.1857 -0.8886 -0.4195
vn -0.1189 -0.5691 -0.8136
vn 0.0028 0.0133 -0.9999
vn 0.1223 0.5854 -0.8015
vn 0.1865 0.8924 -0.4110
vn 0.0933 0.9084 0.4076
vn 0.0615 0.5987 0.7986
vn 0.0014 0.0137 0.9999
vn -0.0598 -0.5822 0.8108
vn -0.0929 -0.9046 0.4161
vn -0.0929 -0.9046 -0.4161
vn -0.0598 -0.5822 -0.8108
vn 0.0014 0.0137 -0.9999
vn 0.0615 0.5987 -0.7986
vn 0.0933 0.9084 -0.4076
vn -0.0000 0.9137 0.4064
vn -0.0000 0.6031 0.7977
vn -0.0000 0.0138 0.9999
vn -0.0000 -0.5865 0.8099
vn -0.0000 -0.9099 0.4149
vn -0.0000 -0.9099 -0.4149
vn -0.0000 -0.5865 -0.8099
vn -0.0000 0.0138 -0.9999
vn -0.0000 0.6031 -0.7977
vn -0.0000 0.9137 -0.4064
vn -0.0933 0.9084 0.4076
vn -0.0615 0.5987 0.7986
vn -0.0014 0.0137 0.9999
vn 0.0598 -0.5822 0.8108
vn 0.0929 -0.9046 0.4161
vn 0.0929 -0.9046 -0.4161
vn 0.0598 -0.5822 -0.8109
vn -0.0014 0.0137 -0.9999
vn -0.0615 0.5987 -0.7986
vn -0.0933 0.9084 -0.4076
vn -0.1865 0.8924 0.4110
vn -0.1223 0.5854 0.8015
vn -0.0028 0.0133 0.9999
vn 0.1189 -0.5691 0.8136
vn 0.1857 -0.8886 0.4195
vn 0.2046 -0.9789 -0.0000
vn 0.1857 -0.8886 -0.4195
vn 0.1189 -0.5691 -0.8136
vn -0.0028 0.0133 -0.9999
vn -0.1223 0.5854 -0.8015
vn -0.1865 0.8924 -0.4110
vn -0.2795 0.8651 0.4165
vn -0.1819 0.5631 0.8061
vn -0.0041 0.0128 0.9999
vn 0.1768 -0.5473 0.8180
vn 0.2783 -0.8613 0.4251
vn 0.2783 -0.8613 -0.4251
vn 0.1768 -0.5473 -0.8180
vn -0.0041 0.0128 -0.9999
vn -0.1819 0.5631 -0.8061
vn -0.2795 0.8651 -0.4165
vn -0.3719 0.8257 0.4241
vn -0.2395 0.5319 0.8123
vn -0.0054 0.0120 0.9999
vn 0.2327 -0.5167 0.8239
vn 0.3702 -0.8220 0.4328
vn 0.3702 -0.8220 -0.4328
vn 0.2327 -0.5167 -0.8239
vn -0.0054 0.0120 -0.9999
vn -0.2395 0.5319 -0.8123
vn -0.3719 0.8257 -0.4241
vn -0.4628 0.7732 0.4335
vn -0.2942 0.4916 0.8196
vn -0.0066 0.0110 0.9999
vn 0.2857 -0.4774 0.8309
vn 0.4606 -0.7695 0.4423
vn 0.4606 -0.7695 -0.4423
vn 0.2857 -0.4774 -0.8309
vn -0.0066 0.0110 -0.9999
vn -0.2942 0.4916 -0.8196
vn -0.4628 0.7732 -0.4335
vn -0.5510 0.7064 0.4444
vn -0.3452 0.4425 0.8277
vn -0.0076 0.0098 0.9999
vn 0.3350 -0.4295 0.8387
vn 0.5482 -0.7028 0.4533
vn 0.5482 -0.7028 -0.4533
vn 0.3350 -0.4295 -0.8387
vn -0.0076 0.0098 -0.9999
vn -0.3452 0.4425 -0.8277
vn -0.5510 0.7064 -0.4444
vn -0.6344 0.6241 0.4560
vn -0.3912 0.3848 0.8360
vn -0.0085 0.0084 0.9999
vn 0.3794 -0.3732 0.8466
vn 0.6311 -0.6208 0.4651
vn 0.6311 -0.6208 -0.4651
vn 0.3794 -0.3732 -0.8466
vn -0.0085 0.0084 -0.9999
vn -0.3912 0.3848 -0.8360
vn -0.6344 0.6241 -0.4560
vn -0.7104 0.5258 0.4678
vn -0.4311 0.3191 0.8440
vn -0.0093 0.0069 0.9999
vn 0.4179 -0.3093 0.8542
vn 0.7065 -0.5229 0.4769
vn 0.7065 -0.5229 -0.4769
vn 0.4179 -0.3093 -0.8542
vn -0.0093 0.0069 -0.9999
vn -0.4311 0.3191 -0.8440
vn -0.7104 0.5258 -0.4678
vn -0.7754 0.4118 0.4787
vn -0.4637 0.2463 0.8511
vn -0.0100 0.0053 0.9999
vn 0.4493 -0.2386 0.8609
vn 0.7709 -0.4094 0.4879
vn 0.7709 -0.4094 -0.4879
vn 0.4493 -0.2386 -0.8609
vn -0.0100 0.0053 -0.9999
vn -0.4637 0.2463 -0.8511
vn -0.7754 0.4118 -0.4787
vn -0.8257 0.2837 0.4875
vn -0.4880 0.1676 0.8566
vn -0.0104 0.0036 0.9999
vn 0.4726 -0.1624 0.8662
vn 0.8208 -0.2820 0.4968
vn 0.8208 -0.2820 -0.4968
vn 0.4726 -0.1624 -0.8662
vn -0.0104 0.0036 -0.9999
vn -0.4880 0.1676 -0.8566
vn -0.8257 0.2837 -0.4875
vn -0.8577 0.1448 0.4934
vn -0.5029 0.0849 0.8601
vn -0.0107 0.0018 0.9999
vn 0.4870 -0.0822 0.8695
vn 0.8524 -0.1439 0.5027
vn 0.8524 -0.1439 -0.5027
vn 0.4870 -0.0822 -0.8695
vn -0.0107 0.0018 -0.9999
vn -0.5029 0.0849 -0.8601
vn -0.8577 0.1448 -0.4934
vt 0.520833 0.500000
vt 0.500000 0.583333
vt 0.500000 0.500000
vt 0.520833 0.666667
vt 0.500000 0.666667
vt 0.500000 0.750000
vt 0.520833 0.750000
vt 0.500000 0.833333
vt 0.520833 0.916667
vt 0.500000 0.916667
vt 0.500000 1.000000
vt 0.520833 0.000000
vt 0.500000 0.083333
vt 0.500000 0.000000
vt 0.520833 0.083333
vt 0.500000 0.166667
vt 0.520833 0.166667
vt 0.500000 0.250000
vt 0.520833 0.250000
vt 0.500000 0.333333
vt 0.520833 0.333333
vt 0.500000 0.416667
vt 0.520833 0.416667
vt 0.541667 0.500000
vt 0.520833 0.583333
vt 0.541667 0.666667
vt 0.541667 0.750000
vt 0.520833 0.833333
vt 0.541667 0.833333
vt 0.541667 0.916667
vt 0.520833 1.000000
vt 0.541667 0.000000
vt 0.541667 0.166667
vt 0.541667 0.250000
vt 0.541667 0.333333
vt 0.562500 0.500000
vt 0.541667 0.583333
vt 0.562500 0.583333
vt 0.562500 0.750000
vt 0.562500 0.833333
vt 0.562500 0.916667
vt 0.541667 1.000000
vt 0.562500 0.000000
vt 0.541667 0.083333
vt 0.562500 0.083333
vt 0.562500 0.166667
vt 0.562500 0.250000
vt 0.562500 0.333333
vt 0.541667 0.416667
vt 0.562500 0.416667
vt 0.583333 0.500000
vt 0.583333 0.666667
vt 0.562500 0.666667
vt 0.583333 0.750000
vt 0.583333 0.833333
vt 0.583333 1.000000
vt 0.562500 1.000000
vt 0.583333 0.000000
vt 0.583333 0.166667
vt 0.583333 0.250000
vt 0.583333 0.333333
vt 0.583333 0.416667
vt 0.604167 0.500000
vt 0.583333 0.583333
vt 0.604167 0.666667
vt 0.604167 0.833333
vt 0.583333 0.916667
vt 0.604167 0.916667
vt 0.604167 0.000000
vt 0.583333 0.083333
vt 0.604167 0.083333
vt 0.604167 0.166667
vt 0.604167 0.333333
vt 0.604167 0.416667
vt 0.625000 0.500000
vt 0.604167 0.583333
vt 0.625000 0.666667
vt 0.604167 0.750000
vt 0.625000 0.833333
vt 0.625000 0.916667
vt 0.604167 1.000000
vt 0.625000 0.000000
vt 0.625000 0.166667
vt 0.604167 0.250000
vt 0.625000 0.333333
vt 0.645833 0.500000
vt 0.625000 0.583333
vt 0.645833 0.583333
vt 0.645833 0.666667
vt 0.625000 0.750000
vt 0.645833 0.750000
vt 0.645833 0.833333
vt 0.645833 0.916667
vt 0.625000 1.000000
vt 0.645833 0.083333
vt 0.625000 0.083333
vt 0.645833 0.166667
vt 0.645833 0.250000
vt 0.625000 0.250000
vt 0.645833 0.333333
vt 0.625000 0.416667
vt 0.645833 0.416667
vt 0.666667 0.500000
vt 0.666667 0.583333
vt 0.666667 0.666667
vt 0.666667 0.833333
vt 0.666667 0.916667
vt 0.645833 1.000000
vt 0.666667 0.000000
vt 0.645833 0.000000
vt 0.666667 0.083333
vt 0.666667 0.166667
vt 0.666667 0.333333
vt 0.666667 0.416667
vt 0.687500 0.500000
vt 0.687500 0.666667
vt 0.666667 0.750000
vt 0.687500 0.750000
vt 0.687500 0.916667
vt 0.666667 1.000000
vt 0.687500 0.083333
vt 0.687500 0.250000
vt 0.666667 0.250000
vt 0.687500 0.333333
vt 0.708333 0.500000
vt 0.687500 0.583333
vt 0.708333 0.583333
vt 0.708333 0.666667
vt 0.708333 0.750000
vt 0.687500 0.833333
vt 0.708333 0.833333
vt 0.708333 0.916667
vt 0.687500 1.000000
vt 0.687500 0.000000
vt 0.708333 0.083333
vt 0.708333 0.166667
vt 0.687500 0.166667
vt 0.708333 0.250000
vt 0.708333 0.333333
vt 0.687500 0.416667
vt 0.729167 0.500000
vt 0.729167 0.583333
vt 0.729167 0.666667
vt 0.729167 0.750000
vt 0.729167 0.916667
vt 0.729167 1.000000
vt 0.708333 1.000000
vt 0.729167 0.000000
vt 0.708333 0.000000
vt 0.729167 0.083333
vt 0.729167 0.166667
vt 0.729167 0.250000
vt 0.729167 0.416667
vt 0.708333 0.416667
vt 0.750000 0.583333
vt 0.750000 0.666667
vt 0.750000 0.750000
vt 0.729167 0.833333
vt 0.750000 0.833333
vt 0.750000 0.916667
vt 0.750000 0.083333
vt 0.750000 0.250000
vt 0.729167 0.333333
vt 0.750000 0.333333
vt 0.750000 0.416667
vt 0.770833 0.500000
vt 0.750000 0.500000
vt 0.770833 0.583333
vt 0.770833 0.666667
vt 0.770833 0.833333
vt 0.770833 0.916667
vt 0.750000 1.000000
vt 0.770833 0.000000
vt 0.750000 0.000000
vt 0.770833 0.083333
vt 0.750000 0.166667
vt 0.770833 0.166667
vt 0.770833 0.333333
vt 0.791667 0.500000
vt 0.791667 0.583333
vt 0.791667 0.750000
vt 0.770833 0.750000
vt 0.791667 0.833333
vt 0.791667 0.916667
vt 0.770833 1.000000
vt 0.791667 0.000000
vt 0.791667 0.166667
vt 0.791667 0.250000
vt 0.770833 0.250000
vt 0.791667 0.416667
vt 0.770833 0.416667
vt 0.812500 0.583333
vt 0.791667 0.666667
vt 0.812500 0.666667
vt 0.812500 0.750000
vt 0.812500 0.916667
vt 0.791667 1.000000
vt 0.812500 0.000000
vt 0.791667 0.083333
vt 0.812500 0.083333
vt 0.812500 0.250000
vt 0.791667 0.333333
vt 0.812500 0.416667
vt 0.812500 0.500000
vt 0.833333 0.583333
vt 0.833333 0.750000
vt 0.833333 0.833333
vt 0.812500 0.833333
vt 0.833333 0.916667
vt 0.812500 1.000000
vt 0.833333 0.000000
vt 0.833333 0.083333
vt 0.812500 0.166667
vt 0.833333 0.166667
vt 0.833333 0.250000
vt 0.812500 0.333333
vt 0.833333 0.416667
vt 0.833333 0.500000
vt 0.854167 0.583333
vt 0.833333 0.666667
vt 0.854167 0.666667
vt 0.854167 0.750000
vt 0.854167 0.833333
vt 0.854167 0.916667
vt 0.833333 1.000000
vt 0.854167 0.083333
vt 0.854167 0.166667
vt 0.854167 0.250000
vt 0.854167 0.333333
vt 0.833333 0.333333
vt 0.854167 0.416667
vt 0.875000 0.500000
vt 0.854167 0.500000
vt 0.875000 0.583333
vt 0.875000 0.750000
vt 0.875000 0.916667
vt 0.854167 1.000000
vt 0.854167 0.000000
vt 0.875000 0.083333
vt 0.875000 0.166667
vt 0.875000 0.250000
vt 0.875000 0.416667
vt 0.895833 0.583333
vt 0.895833 0.666667
vt 0.875000 0.666667
vt 0.895833 0.750000
vt 0.875000 0.833333
vt 0.895833 0.833333
vt 0.895833 0.916667
vt 0.875000 1.000000
vt 0.875000 0.000000
vt 0.895833 0.083333
vt 0.895833 0.166667
vt 0.895833 0.250000
vt 0.875000 0.333333
vt 0.895833 0.333333
vt 0.895833 0.416667
vt 0.916667 0.500000
vt 0.895833 0.500000
vt 0.916667 0.666667
vt 0.916667 0.833333
vt 0.916667 1.000000
vt 0.895833 1.000000
vt 0.916667 0.000000
vt 0.895833 0.000000
vt 0.916667 0.166667
vt 0.916667 0.333333
vt 0.916667 0.416667
vt 0.937500 0.583333
vt 0.916667 0.583333
vt 0.937500 0.666667
vt 0.916667 0.750000
vt 0.937500 0.750000
vt 0.937500 0.833333
vt 0.916667 0.916667
vt 0.937500 0.916667
vt 0.937500 0.000000
vt 0.916667 0.083333
vt 0.937500 0.166667
vt 0.916667 0.250000
vt 0.937500 0.333333
vt 0.937500 0.416667
vt 0.958333 0.500000
vt 0.937500 0.500000
vt 0.958333 0.583333
vt 0.958333 0.750000
vt 0.958333 0.833333
vt 0.958333 0.916667
vt 0.937500 1.000000
vt 0.958333 0.000000
vt 0.937500 0.083333
vt 0.958333 0.083333
vt 0.958333 0.166667
vt 0.937500 0.250000
vt 0.958333 0.250000
vt 0.958333 0.333333
vt 0.979167 0.500000
vt 0.979167 0.583333
vt 0.958333 0.666667
vt 0.979167 0.666667
vt 0.979167 0.833333
vt 0.979167 0.916667
vt 0.958333 1.000000
vt 0.979167 0.000000
vt 0.979167 0.166667
vt 0.979167 0.333333
vt 0.958333 0.416667
vt 1.000000 0.500000
vt 1.000000 0.583333
vt 1.000000 0.666667
vt 0.979167 0.750000
vt 1.000000 0.750000
vt 1.000000 0.833333
vt 1.000000 0.916667
vt 0.979167 1.000000
vt 1.000000 0.000000
vt 0.979167 0.083333
vt 1.000000 0.083333
vt 1.000000 0.166667
vt 0.979167 0.250000
vt 1.000000 0.250000
vt 1.000000 0.333333
vt 0.979167 0.416667
vt 0.020833 0.500000
vt 0.000000 0.583333
vt 0.000000 0.500000
vt 0.020833 0.583333
vt 0.000000 0.666667
vt 0.020833 0.666667
vt 0.000000 0.750000
vt 0.020833 0.750000
vt 0.000000 0.833333
vt 0.020833 0.833333
vt 0.000000 0.916667
vt 0.020833 0.916667
vt 0.000000 1.000000
vt 0.020833 0.000000
vt 0.000000 0.083333
vt 0.000000 0.000000
vt 0.020833 0.083333
vt 0.000000 0.166667
vt 0.020833 0.166667
vt 0.000000 0.250000
vt 0.020833 0.333333
vt 0.000000 0.333333
vt 0.000000 0.416667
vt 0.041667 0.583333
vt 0.041667 0.666667
vt 0.041667 0.750000
vt 0.041667 0.916667
vt 0.020833 1.000000
vt 0.041667 0.000000
vt 0.041667 0.083333
vt 0.041667 0.250000
vt 0.020833 0.250000
vt 0.041667 0.333333
vt 0.020833 0.416667
vt 0.041667 0.416667
vt 0.062500 0.500000
vt 0.041667 0.500000
vt 0.062500 0.583333
vt 0.062500 0.666667
vt 0.062500 0.750000
vt 0.041667 0.833333
vt 0.062500 0.916667
vt 0.041667 1.000000
vt 0.062500 0.000000
vt 0.062500 0.083333
vt 0.041667 0.166667
vt 0.062500 0.250000
vt 0.062500 0.333333
vt 0.062500 0.416667
vt 0.083333 0.583333
vt 0.083333 0.750000
vt 0.083333 0.833333
vt 0.062500 0.833333
vt 0.083333 0.916667
vt 0.062500 1.000000
vt 0.083333 0.000000
vt 0.083333 0.083333
vt 0.062500 0.166667
vt 0.083333 0.166667
vt 0.083333 0.250000
vt 0.083333 0.416667
vt 0.104167 0.500000
vt 0.083333 0.500000
vt 0.104167 0.583333
vt 0.083333 0.666667
vt 0.104167 0.750000
vt 0.104167 0.833333
vt 0.104167 0.916667
vt 0.083333 1.000000
vt 0.104167 0.083333
vt 0.104167 0.166667
vt 0.104167 0.250000
vt 0.083333 0.333333
vt 0.104167 0.333333
vt 0.125000 0.583333
vt 0.104167 0.666667
vt 0.125000 0.666667
vt 0.125000 0.833333
vt 0.125000 1.000000
vt 0.104167 1.000000
vt 0.125000 0.000000
vt 0.104167 0.000000
vt 0.125000 0.083333
vt 0.125000 0.166667
vt 0.125000 0.333333
vt 0.125000 0.416667
vt 0.104167 0.416667
vt 0.145833 0.500000
vt 0.125000 0.500000
vt 0.145833 0.666667
vt 0.125000 0.750000
vt 0.145833 0.833333
vt 0.125000 0.916667
vt 0.145833 1.000000
vt 0.145833 0.000000
vt 0.145833 0.166667
vt 0.125000 0.250000
vt 0.145833 0.250000
vt 0.145833 0.333333
vt 0.166667 0.500000
vt 0.145833 0.583333
vt 0.166667 0.666667
vt 0.166667 0.750000
vt 0.145833 0.750000
vt 0.166667 0.833333
vt 0.145833 0.916667
vt 0.166667 1.000000
vt 0.166667 0.000000
vt 0.145833 0.083333
vt 0.166667 0.166667
vt 0.166667 0.250000
vt 0.166667 0.333333
vt 0.145833 0.416667
vt 0.187500 0.500000
vt 0.166667 0.583333
vt 0.187500 0.666667
vt 0.187500 0.750000
vt 0.187500 0.833333
vt 0.166667 0.916667
vt 0.187500 0.916667
vt 0.187500 0.000000
vt 0.166667 0.083333
vt 0.187500 0.083333
vt 0.187500 0.250000
vt 0.187500 0.333333
vt 0.166667 0.416667
vt 0.208333 0.500000
vt 0.187500 0.583333
vt 0.208333 0.666667
vt 0.208333 0.833333
vt 0.208333 0.916667
vt 0.187500 1.000000
vt 0.208333 0.000000
vt 0.208333 0.083333
vt 0.187500 0.166667
vt 0.208333 0.166667
vt 0.208333 0.333333
vt 0.187500 0.416667
vt 0.229167 0.500000
vt 0.208333 0.583333
vt 0.229167 0.583333
vt 0.229167 0.666667
vt 0.208333 0.750000
vt 0.229167 0.750000
vt 0.229167 0.833333
vt 0.229167 0.916667
vt 0.208333 1.000000
vt 0.229167 0.000000
vt 0.229167 0.166667
vt 0.229167 0.250000
vt 0.208333 0.250000
vt 0.229167 0.333333
vt 0.208333 0.416667
vt 0.229167 0.416667
vt 0.250000 0.500000
vt 0.250000 0.666667
vt 0.250000 0.833333
vt 0.250000 1.000000
vt 0.229167 1.000000
vt 0.250000 0.000000
vt 0.229167 0.083333
vt 0.250000 0.166667
vt 0.250000 0.333333
vt 0.250000 0.416667
vt 0.270833 0.500000
vt 0.250000 0.583333
vt 0.270833 0.666667
vt 0.250000 0.750000
vt 0.270833 0.750000
vt 0.270833 0.833333
vt 0.250000 0.916667
vt 0.270833 0.916667
vt 0.270833 0.000000
vt 0.250000 0.083333
vt 0.270833 0.083333
vt 0.270833 0.166667
vt 0.250000 0.250000
vt 0.270833 0.250000
vt 0.270833 0.333333
vt 0.291667 0.500000
vt 0.270833 0.583333
vt 0.291667 0.666667
vt 0.291667 0.750000
vt 0.291667 0.833333
vt 0.291667 1.000000
vt 0.270833 1.000000
vt 0.291667 0.000000
vt 0.291667 0.083333
vt 0.291667 0.250000
vt 0.291667 0.333333
vt 0.270833 0.416667
vt 0.312500 0.583333
vt 0.291667 0.583333
vt 0.312500 0.666667
vt 0.312500 0.750000
vt 0.312500 0.833333
vt 0.312500 0.916667
vt 0.291667 0.916667
vt 0.312500 0.000000
vt 0.312500 0.083333
vt 0.291667 0.166667
vt 0.312500 0.166667
vt 0.312500 0.250000
vt 0.312500 0.333333
vt 0.291667 0.416667
vt 0.312500 0.416667
vt 0.312500 0.500000
vt 0.333333 0.583333
vt 0.333333 0.666667
vt 0.333333 0.833333
vt 0.333333 1.000000
vt 0.312500 1.000000
vt 0.333333 0.000000
vt 0.333333 0.166667
vt 0.333333 0.250000
vt 0.333333 0.416667
vt 0.354167 0.500000
vt 0.333333 0.500000
vt 0.354167 0.666667
vt 0.333333 0.750000
vt 0.354167 0.833333
vt 0.333333 0.916667
vt 0.354167 0.916667
vt 0.354167 0.000000
vt 0.333333 0.083333
vt 0.354167 0.166667
vt 0.354167 0.333333
vt 0.333333 0.333333
vt 0.354167 0.416667
vt 0.375000 0.500000
vt 0.354167 0.583333
vt 0.375000 0.666667
vt 0.375000 0.750000
vt 0.354167 0.750000
vt 0.375000 0.916667
vt 0.375000 1.000000
vt 0.354167 1.000000
vt 0.375000 0.000000
vt 0.354167 0.083333
vt 0.375000 0.083333
vt 0.375000 0.166667
vt 0.354167 0.250000
vt 0.375000 0.250000
vt 0.375000 0.333333
vt 0.395833 0.583333
vt 0.375000 0.583333
vt 0.395833 0.666667
vt 0.395833 0.750000
vt 0.375000 0.833333
vt 0.395833 0.833333
vt 0.395833 1.000000
vt 0.395833 0.000000
vt 0.395833 0.083333
vt 0.395833 0.250000
vt 0.395833 0.333333
vt 0.375000 0.416667
vt 0.395833 0.416667
vt 0.395833 0.500000
vt 0.416667 0.583333
vt 0.416667 0.750000
vt 0.416667 0.916667
vt 0.395833 0.916667
vt 0.416667 0.000000
vt 0.416667 0.083333
vt 0.395833 0.166667
vt 0.416667 0.250000
vt 0.416667 0.416667
vt 0.416667 0.500000
vt 0.437500 0.583333
vt 0.437500 0.666667
vt 0.416667 0.666667
vt 0.437500 0.750000
vt 0.416667 0.833333
vt 0.437500 0.916667
vt 0.416667 1.000000
vt 0.437500 0.000000
vt 0.437500 0.083333
vt 0.416667 0.166667
vt 0.437500 0.166667
vt 0.437500 0.250000
vt 0.416667 0.333333
vt 0.437500 0.333333
vt 0.437500 0.416667
vt 0.458333 0.500000
vt 0.437500 0.500000
vt 0.458333 0.666667
vt 0.458333 0.750000
vt 0.437500 0.833333
vt 0.458333 0.833333
vt 0.458333 0.916667
vt 0.437500 1.000000
vt 0.458333 0.083333
vt 0.458333 0.166667
vt 0.458333 0.250000
vt 0.458333 0.333333
vt 0.458333 0.416667
vt 0.479167 0.583333
vt 0.458333 0.583333
vt 0.479167 0.666667
vt 0.479167 0.750000
vt 0.479167 0.916667
vt 0.458333 1.000000
vt 0.458333 0.000000
vt 0.479167 0.083333
vt 0.479167 0.166667
vt 0.479167 0.250000
vt 0.479167 0.416667
vt 0.479167 0.500000
vt 0.479167 0.833333
vt 0.479167 1.000000
vt 0.479167 0.000000
vt 0.479167 0.333333
vt 1.000000 1.000000
vt 1.000000 0.416667
s 1
g Torus_M_Pat.001
usemtl M_Pat.001
f 89/159/89 78/160/78 77/161/77
f 78/160/78 91/162/91 79/163/79
f 91/162/91 80/164/80 79/163/79
f 92/165/92 81/166/81 80/164/80
f 81/166/81 94/167/94 82/168/82
f 94/167/94 83/169/83 82/168/82
f 95/170/95 84/171/84 83/172/83
f 96/173/96 85/174/85 84/171/84
f 97/175/97 86/176/86 85/174/85
f 98/177/98 87/178/87 86/176/86
f 99/179/99 88/180/88 87/178/87
f 100/181/100 77/161/77 88/180/88
f 101/182/101 90/183/90 89/159/89
f 90/183/90 103/184/103 91/162/91
f 103/184/103 92/165/92 91/162/91
f 104/185/104 93/186/93 92/165/92
f 105/187/105 94/167/94 93/186/93
f 106/188/106 95/189/95 94/167/94
f 107/190/107 96/173/96 95/170/95
f 96/173/96 109/191/109 97/175/97
f 97/175/97 110/192/110 98/177/98
f 98/177/98 111/193/111 99/179/99
f 111/193/111 100/181/100 99/179/99
f 100/181/100 101/182/101 89/159/89
f 113/194/113 102/195/102 101/182/101
f 114/196/114 103/184/103 102/195/102
f 103/184/103 116/197/116 104/185/104
f 104/185/104 117/198/117 105/187/105
f 105/187/105 118/199/118 106/188/106
f 118/199/118 107/200/107 106/188/106
f 119/201/119 108/202/108 107/190/107
f 120/203/120 109/191/109 108/202/108
f 121/204/121 110/192/110 109/191/109
f 122/205/122 111/193/111 110/192/110
f 123/206/123 112/207/112 111/193/111
f 124/208/124 101/182/101 112/207/112
f 125/209/125 114/196/114 113/194/113
f 114/196/114 127/210/127 115/211/115
f 115/211/115 128/212/128 116/197/116
f 128/212/128 117/198/117 116/197/116
f 129/213/129 118/199/118 117/198/117
f 118/199/118 131/214/131 119/215/119
f 131/216/131 120/203/120 119/201/119
f 120/203/120 133/217/133 121/204/121
f 121/204/121 134/218/134 122/205/122
f 134/218/134 123/206/123 122/205/122
f 135/219/135 124/208/124 123/206/123
f 136/220/136 113/194/113 124/208/124
f 137/221/137 126/222/126 125/209/125
f 126/222/126 139/223/139 127/210/127
f 139/223/139 128/212/128 127/210/127
f 128/212/128 141/224/141 129/213/129
f 141/224/141 130/225/130 129/213/129
f 142/226/142 131/214/131 130/225/130
f 143/227/143 132/228/132 131/216/131
f 144/229/144 133/217/133 132/228/132
f 145/230/145 134/218/134 133/217/133
f 134/218/134 147/231/147 135/219/135
f 147/231/147 136/220/136 135/219/135
f 148/232/148 125/209/125 136/220/136
f 149/233/149 138/234/138 137/221/137
f 138/234/138 151/235/151 139/223/139
f 151/235/151 140/236/140 139/223/139
f 140/236/140 153/237/153 141/224/141
f 153/237/153 142/226/142 141/224/141
f 154/238/154 143/239/143 142/226/142
f 155/240/155 144/229/144 143/227/143
f 144/229/144 157/241/157 145/230/145
f 157/241/157 146/242/146 145/230/145
f 146/242/146 159/243/159 147/231/147
f 159/243/159 148/232/148 147/231/147
f 148/232/148 149/233/149 137/221/137
f 161/244/161 150/245/150 149/233/149
f 162/246/162 151/235/151 150/245/150
f 163/247/163 152/248/152 151/235/151
f 164/249/164 153/237/153 152/248/152
f 165/250/165 154/238/154 153/237/153
f 166/251/166 155/252/155 154/238/154
f 155/240/155 168/253/168 156/254/156
f 156/254/156 169/255/169 157/241/157
f 157/241/157 170/256/170 158/257/158
f 170/256/170 159/243/159 158/257/158
f 171/258/171 160/259/160 159/243/159
f 172/260/172 149/233/149 160/259/160
f 173/261/173 162/246/162 161/244/161
f 174/262/174 163/247/163 162/246/162
f 175/263/175 164/249/164 163/247/163
f 164/249/164 177/264/177 165/250/165
f 165/250/165 178/265/178 166/251/166
f 178/265/178 167/266/167 166/251/166
f 179/267/179 168/253/168 167/268/167
f 180/269/180 169/255/169 168/253/168
f 181/270/181 170/256/170 169/255/169
f 170/256/170 183/271/183 171/258/171
f 183/271/183 172/260/172 171/258/171
f 184/272/184 161/244/161 172/260/172
f 185/273/185 174/262/174 173/261/173
f 174/262/174 187/274/187 175/263/175
f 187/274/187 176/275/176 175/263/175
f 188/276/188 177/264/177 176/275/176
f 177/264/177 190/277/190 178/265/178
f 190/277/190 179/278/179 178/265/178
f 179/267/179 192/279/192 180/269/180
f 192/279/192 181/270/181 180/269/180
f 181/270/181 194/280/194 182/281/182
f 194/280/194 183/271/183 182/281/182
f 195/282/195 184/272/184 183/271/183
f 184/272/184 185/273/185 173/261/173
f 197/283/197 186/284/186 185/273/185
f 198/285/198 187/274/187 186/284/186
f 199/286/199 188/276/188 187/274/187
f 200/287/200 189/288/189 188/276/188
f 201/289/201 190/277/190 189/288/189
f 202/290/202 191/291/191 190/277/190
f 191/292/191 204/293/204 192/279/192
f 192/279/192 205/294/205 193/295/193
f 193/295/193 206/296/206 194/280/194
f 194/280/194 207/297/207 195/282/195
f 207/297/207 196/298/196 195/282/195
f 196/298/196 197/283/197 185/273/185
f 209/299/209 198/285/198 197/283/197
f 210/300/210 199/286/199 198/285/198
f 211/301/211 200/287/200 199/286/199
f 212/302/212 201/289/201 200/287/200
f 201/289/201 214/303/214 202/290/202
f 202/290/202 215/304/215 203/305/203
f 215/306/215 204/293/204 203/307/203
f 216/308/216 205/294/205 204/293/204
f 217/309/217 206/296/206 205/294/205
f 218/310/218 207/297/207 206/296/206
f 207/297/207 220/311/220 208/312/208
f 208/312/208 209/299/209 197/283/197
f 209/299/209 222/313/222 210/300/210
f 210/300/210 223/314/223 211/301/211
f 223/314/223 212/302/212 211/301/211
f 224/315/224 213/316/213 212/302/212
f 225/317/225 214/303/214 213/316/213
f 226/318/226 215/304/215 214/303/214
f 215/306/215 228/319/228 216/308/216
f 228/319/228 217/309/217 216/308/216
f 217/309/217 230/320/230 218/310/218
f 230/320/230 219/321/219 218/310/218
f 231/322/231 220/311/220 219/321/219
f 232/323/232 209/299/209 220/311/220
f 233/324/233 222/313/222 221/325/221
f 234/326/234 223/314/223 222/313/222
f 235/327/235 224/315/224 223/314/223
f 224/315/224 237/328/237 225/317/225
f 237/328/237 226/318/226 225/317/225
f 238/329/238 227/330/227 226/318/226
f 239/331/239 228/319/228 227/332/227
f 240/333/240 229/334/229 228/319/228
f 241/335/241 230/320/230 229/334/229
f 230/320/230 243/336/243 231/322/231
f 243/336/243 232/323/232 231/322/231
f 232/323/232 233/324/233 221/325/221
f 245/337/245 234/326/234 233/324/233
f 246/338/246 235/327/235 234/326/234
f 235/327/235 248/339/248 236/340/236
f 248/339/248 237/328/237 236/340/236
f 249/341/249 238/329/238 237/328/237
f 250/342/250 239/343/239 238/329/238
f 251/344/251 240/333/240 239/331/239
f 240/333/240 253/345/253 241/335/241
f 241/335/241 254/346/254 242/347/242
f 254/346/254 243/336/243 242/347/242
f 243/336/243 256/348/256 244/349/244
f 256/348/256 233/324/233 244/349/244
f 245/337/245 258/350/258 246/338/246
f 258/350/258 247/351/247 246/338/246
f 259/352/259 248/339/248 247/351/247
f 260/353/260 249/341/249 248/339/248
f 249/341/249 262/354/262 250/342/250
f 262/354/262 251/355/251 250/342/250
f 263/356/263 252/357/252 251/344/251
f 264/358/264 253/345/253 252/357/252
f 253/345/253 266/359/266 254/346/254
f 266/359/266 255/360/255 254/346/254
f 255/360/255 268/361/268 256/348/256
f 268/361/268 245/337/245 256/348/256
f 257/362/257 270/363/270 258/350/258
f 270/363/270 259/352/259 258/350/258
f 259/352/259 272/364/272 260/353/260
f 260/353/260 273/365/273 261/366/261
f 273/365/273 262/354/262 261/366/261
f 274/367/274 263/368/263 262/354/262
f 275/369/275 264/358/264 263/356/263
f 276/370/276 265/371/265 264/358/264
f 277/372/277 266/359/266 265/371/265
f 278/373/278 267/374/267 266/359/266
f 267/374/267 280/375/280 268/361/268
f 280/375/280 257/362/257 268/361/268
f 269/376/269 282/377/282 270/363/270
f 282/377/282 271/378/271 270/363/270
f 283/379/283 272/364/272 271/378/271
f 284/380/284 273/365/273 272/364/272
f 285/381/285 274/367/274 273/365/273
f 286/382/286 275/383/275 274/367/274
f 275/369/275 288/384/288 276/370/276
f 276/370/276 289/385/289 277/372/277
f 277/372/277 290/386/290 278/373/278
f 278/373/278 291/387/291 279/388/279
f 279/388/279 292/389/292 280/375/280
f 292/389/292 269/376/269 280/375/280
f 293/390/293 282/377/282 281/391/281
f 294/392/294 283/379/283 282/377/282
f 283/379/283 296/393/296 284/380/284
f 296/393/296 285/381/285 284/380/284
f 285/381/285 298/394/298 286/382/286
f 298/394/298 287/395/287 286/382/286
f 287/396/287 300/397/300 288/384/288
f 300/397/300 289/385/289 288/384/288
f 301/398/301 290/386/290 289/385/289
f 302/399/302 291/387/291 290/386/290
f 291/387/291 304/400/304 292/389/292
f 304/400/304 281/391/281 292/389/292
f 293/390/293 306/401/306 294/392/294
f 294/392/294 307/402/307 295/403/295
f 295/403/295 308/404/308 296/393/296
f 308/404/308 297/405/297 296/393/296
f 309/406/309 298/394/298 297/405/297
f 310/407/310 299/408/299 298/394/298
f 299/409/299 312/410/312 300/397/300
f 312/410/312 301/398/301 300/397/300
f 313/411/313 302/399/302 301/398/301
f 314/412/314 303/413/303 302/399/302
f 315/414/315 304/400/304 303/413/303
f 316/415/316 293/390/293 304/400/304
f 317/416/317 306/401/306 305/417/305
f 306/401/306 319/418/319 307/402/307
f 319/418/319 308/404/308 307/402/307
f 308/404/308 321/419/321 309/406/309
f 321/419/321 310/407/310 309/406/309
f 310/407/310 323/420/323 311/421/311
f 323/422/323 312/410/312 311/423/311
f 312/410/312 325/424/325 313/411/313
f 325/424/325 314/412/314 313/411/313
f 314/412/314 327/425/327 315/414/315
f 327/425/327 316/415/316 315/414/315
f 328/426/328 305/417/305 316/415/316
f 317/416/317 330/427/330 318/428/318
f 330/427/330 319/418/319 318/428/318
f 331/429/331 320/430/320 319/418/319
f 332/431/332 321/419/321 320/430/320
f 333/432/333 322/433/322 321/419/321
f 334/434/334 323/420/323 322/433/322
f 335/435/335 324/436/324 323/422/323
f 324/436/324 337/437/337 325/424/325
f 337/437/337 326/438/326 325/424/325
f 326/438/326 339/439/339 327/425/327
f 327/425/327 340/440/340 328/426/328
f 340/440/340 317/416/317 328/426/328
f 341/441/341 330/427/330 329/442/329
f 342/443/342 331/429/331 330/427/330
f 331/429/331 344/444/344 332/431/332
f 332/431/332 345/445/345 333/432/333
f 333/432/333 346/446/346 334/434/334
f 346/446/346 335/447/335 334/434/334
f 347/448/347 336/449/336 335/435/335
f 348/450/348 337/437/337 336/449/336
f 349/451/349 338/452/338 337/437/337
f 350/453/350 339/439/339 338/452/338
f 351/454/351 340/440/340 339/439/339
f 340/440/340 341/441/341 329/442/329
f 353/455/353 342/443/342 341/441/341
f 354/456/354 343/457/343 342/443/342
f 355/458/355 344/444/344 343/457/343
f 344/444/344 357/459/357 345/445/345
f 357/459/357 346/446/346 345/445/345
f 358/460/358 347/461/347 346/446/346
f 359/462/359 348/450/348 347/448/347
f 348/450/348 361/463/361 349/451/349
f 361/463/361 350/453/350 349/451/349
f 350/453/350 363/464/363 351/454/351
f 363/464/363 352/465/352 351/454/351
f 352/465/352 353/455/353 341/441/341
f 365/466/83 354/456/354 353/455/353
f 366/467/365 355/458/355 354/456/354
f 367/468/366 356/469/356 355/458/355
f 368/470/367 357/459/357 356/469/356
f 369/471/368 358/460/358 357/459/357
f 370/472/369 359/473/359 358/460/358
f 371/474/77 360/475/360 359/462/359
f 372/476/370 361/463/361 360/475/360
f 373/477/371 362/478/362 361/463/361
f 374/479/372 363/464/363 362/478/362
f 375/480/373 364/481/364 363/464/363
f 364/481/364 365/466/83 353/455/353
f 377/482/95 366/483/365 365/484/83
f 378/485/375 367/486/366 366/483/365
f 379/487/376 368/488/367 367/486/366
f 380/489/377 369/490/368 368/488/367
f 381/491/378 370/492/369 369/490/368
f 382/493/379 371/494/77 370/492/369
f 383/495/89 372/496/370 371/497/77
f 384/498/380 373/499/371 372/496/370
f 385/500/381 374/501/372 373/499/371
f 374/501/372 387/502/383 375/503/373
f 387/502/383 376/504/374 375/503/373
f 376/504/374 377/482/95 365/484/83
f 377/482/95 390/505/385 378/485/375
f 390/505/385 379/487/376 378/485/375
f 391/506/386 380/489/377 379/487/376
f 392/507/387 381/491/378 380/489/377
f 381/491/378 394/508/389 382/493/379
f 394/508/389 383/509/89 382/493/379
f 395/510/101 384/498/380 383/495/89
f 396/511/390 385/500/381 384/498/380
f 385/500/381 398/512/392 386/513/382
f 398/512/392 387/502/383 386/513/382
f 399/514/393 388/515/384 387/502/383
f 400/516/394 377/482/95 388/515/384
f 401/517/119 390/505/385 389/518/107
f 402/519/395 391/506/386 390/505/385
f 403/520/396 392/507/387 391/506/386
f 404/521/397 393/522/388 392/507/387
f 393/522/388 406/523/399 394/508/389
f 406/523/399 395/524/101 394/508/389
f 407/525/113 396/511/390 395/510/101
f 408/526/400 397/527/391 396/511/390
f 397/527/391 410/528/402 398/512/392
f 398/512/392 411/529/403 399/514/393
f 411/529/403 400/516/394 399/514/393
f 412/530/404 389/518/107 400/516/394
f 401/517/119 414/531/405 402/519/395
f 414/531/405 403/520/396 402/519/395
f 403/520/396 416/532/407 404/521/397
f 404/521/397 417/533/408 405/534/398
f 417/533/408 406/523/399 405/534/398
f 418/535/409 407/536/113 406/523/399
f 419/537/125 408/526/400 407/525/113
f 420/538/410 409/539/401 408/526/400
f 421/540/411 410/528/402 409/539/401
f 422/541/412 411/529/403 410/528/402
f 411/529/403 424/542/414 412/530/404
f 424/542/414 401/517/119 412/530/404
f 425/543/143 414/531/405 413/544/131
f 426/545/415 415/546/406 414/531/405
f 415/546/406 428/547/417 416/532/407
f 428/547/417 417/533/408 416/532/407
f 429/548/418 418/535/409 417/533/408
f 430/549/419 419/550/125 418/535/409
f 419/537/125 432/551/420 420/538/410
f 420/538/410 433/552/421 421/540/411
f 421/540/411 434/553/422 422/541/412
f 434/553/422 423/554/413 422/541/412
f 435/555/423 424/542/414 423/554/413
f 424/542/414 425/543/143 413/544/131
f 425/543/143 438/556/425 426/545/415
f 438/556/425 427/557/416 426/545/415
f 439/558/426 428/547/417 427/557/416
f 428/547/417 441/559/428 429/548/418
f 441/559/428 430/549/419 429/548/418
f 430/549/419 443/560/149 431/561/137
f 443/562/149 432/551/420 431/563/137
f 444/564/430 433/552/421 432/551/420
f 445/565/431 434/553/422 433/552/421
f 434/553/422 447/566/433 435/555/423
f 435/555/423 448/567/434 436/568/424
f 448/567/434 425/543/143 436/568/424
f 449/569/167 438/556/425 437/570/155
f 438/556/425 451/571/436 439/558/426
f 451/571/436 440/572/427 439/558/426
f 440/572/427 453/573/438 441/559/428
f 453/573/438 442/574/429 441/559/428
f 442/574/429 455/575/161 443/560/149
f 455/576/161 444/564/430 443/562/149
f 444/564/430 457/577/441 445/565/431
f 457/577/441 446/578/432 445/565/431
f 458/579/442 447/566/433 446/578/432
f 459/580/443 448/567/434 447/566/433
f 448/567/434 449/569/167 437/570/155
f 461/581/179 450/582/435 449/569/167
f 450/582/435 463/583/446 451/571/436
f 451/571/436 464/584/447 452/585/437
f 464/584/447 453/573/438 452/585/437
f 465/586/448 454/587/439 453/573/438
f 454/587/439 467/588/173 455/575/161
f 467/589/173 456/590/440 455/576/161
f 456/590/440 469/591/451 457/577/441
f 457/577/441 470/592/452 458/579/442
f 470/592/452 459/580/443 458/579/442
f 471/593/453 460/594/444 459/580/443
f 460/594/444 461/581/179 449/569/167
f 473/595/191 462/596/445 461/581/179
f 462/596/445 475/597/456 463/583/446
f 475/597/456 464/584/447 463/583/446
f 476/598/457 465/586/448 464/584/447
f 477/599/458 466/600/449 465/586/448
f 478/601/459 467/588/173 466/600/449
f 479/602/185 468/603/450 467/589/173
f 480/604/460 469/591/451 468/603/450
f 469/591/451 482/605/462 470/592/452
f 470/592/452 483/606/463 471/593/453
f 483/606/463 472/607/454 471/593/453
f 472/607/454 473/595/191 461/581/179
f 485/608/203 474/609/455 473/595/191
f 474/609/455 487/610/466 475/597/456
f 487/610/466 476/598/457 475/597/456
f 476/598/457 489/611/468 477/599/458
f 477/599/458 490/612/469 478/601/459
f 490/612/469 479/613/185 478/601/459
f 491/614/197 480/604/460 479/602/185
f 492/615/470 481/616/461 480/604/460
f 493/617/471 482/605/462 481/616/461
f 482/605/462 495/618/473 483/606/463
f 495/618/473 484/619/464 483/606/463
f 484/619/464 485/608/203 473/595/191
f 497/620/215 486/621/465 485/608/203
f 498/622/475 487/610/466 486/621/465
f 499/623/476 488/624/467 487/610/466
f 500/625/477 489/611/468 488/624/467
f 501/626/478 490/612/469 489/611/468
f 502/627/479 491/628/197 490/612/469
f 503/629/209 492/615/470 491/614/197
f 492/615/470 505/630/481 493/617/471
f 493/617/471 506/631/482 494/632/472
f 506/631/482 495/618/473 494/632/472
f 507/633/483 496/634/474 495/618/473
f 508/635/484 485/608/203 496/634/474
f 509/636/227 498/622/475 497/620/215
f 498/622/475 511/637/486 499/623/476
f 511/637/486 500/625/477 499/623/476
f 500/625/477 513/638/488 501/626/478
f 513/638/488 502/627/479 501/626/478
f 502/627/479 515/639/221 503/640/209
f 515/641/221 504/642/480 503/629/209
f 504/642/480 517/643/491 505/630/481
f 517/643/491 506/631/482 505/630/481
f 506/631/482 519/644/493 507/633/483
f 519/644/493 508/635/484 507/633/483
f 520/645/494 497/620/215 508/635/484
f 521/646/239 510/647/485 509/636/227
f 510/647/485 523/648/496 511/637/486
f 523/648/496 512/649/487 511/637/486
f 524/650/497 513/638/488 512/649/487
f 525/651/498 514/652/489 513/638/488
f 526/653/499 515/639/221 514/652/489
f 527/654/233 516/655/490 515/641/221
f 528/656/500 517/643/491 516/655/490
f 529/657/501 518/658/492 517/643/491
f 530/659/502 519/644/493 518/658/492
f 531/660/503 520/645/494 519/644/493
f 520/645/494 521/646/239 509/636/227
f 533/661/251 522/662/495 521/646/239
f 522/662/495 535/663/506 523/648/496
f 535/663/506 524/650/497 523/648/496
f 536/664/507 525/651/498 524/650/497
f 537/665/508 526/653/499 525/651/498
f 526/653/499 539/666/510 527/667/233
f 539/668/510 528/656/500 527/654/233
f 540/669/511 529/657/501 528/656/500
f 529/657/501 542/670/513 530/659/502
f 542/670/513 531/660/503 530/659/502
f 543/671/514 532/672/504 531/660/503
f 532/672/504 533/661/251 521/646/239
f 533/661/251 546/673/516 534/674/505
f 534/674/505 547/675/517 535/663/506
f 535/663/506 548/676/518 536/664/507
f 536/664/507 549/677/519 537/665/508
f 537/665/508 550/678/520 538/679/509
f 550/678/520 539/666/510 538/679/509
f 551/680/257 540/669/511 539/668/510
f 552/681/521 541/682/512 540/669/511
f 553/683/522 542/670/513 541/682/512
f 554/684/523 543/671/514 542/670/513
f 555/685/524 544/686/515 543/671/514
f 556/687/525 533/661/251 544/686/515
f 545/688/263 558/689/526 546/673/516
f 558/689/526 547/675/517 546/673/516
f 559/690/527 548/676/518 547/675/517
f 548/676/518 561/691/529 549/677/519
f 561/691/529 550/678/520 549/677/519
f 550/678/520 563/692/269 551/693/257
f 563/694/269 552/681/521 551/680/257
f 552/681/521 565/695/532 553/683/522
f 565/695/532 554/684/523 553/683/522
f 566/696/533 555/685/524 554/684/523
f 555/685/524 568/697/535 556/687/525
f 568/697/535 545/688/263 556/687/525
f 569/698/287 558/689/526 557/699/275
f 558/689/526 571/700/537 559/690/527
f 571/700/537 560/701/528 559/690/527
f 560/701/528 573/702/539 561/691/529
f 573/702/539 562/703/530 561/691/529
f 574/704/540 563/692/269 562/703/530
f 575/705/281 564/706/531 563/694/269
f 564/706/531 577/707/542 565/695/532
f 577/707/542 566/696/533 565/695/532
f 566/696/533 579/708/544 567/709/534
f 579/708/544 568/697/535 567/709/534
f 580/710/545 557/699/275 568/697/535
f 581/711/299 570/712/536 569/698/287
f 570/712/536 583/713/547 571/700/537
f 571/700/537 584/714/548 572/715/538
f 584/714/548 573/702/539 572/715/538
f 573/702/539 586/716/550 574/704/540
f 574/704/540 587/717/293 575/718/281
f 587/719/293 576/720/541 575/705/281
f 588/721/551 577/707/542 576/720/541
f 589/722/552 578/723/543 577/707/542
f 590/724/553 579/708/544 578/723/543
f 591/725/554 580/710/545 579/708/544
f 580/710/545 581/711/299 569/698/287
f 581/711/299 594/726/556 582/727/546
f 594/726/556 583/713/547 582/727/546
f 595/728/557 584/714/548 583/713/547
f 596/729/558 585/730/549 584/714/548
f 597/731/559 586/716/550 585/730/549
f 586/716/550 599/732/305 587/717/293
f 599/733/305 588/721/551 587/719/293
f 600/734/561 589/722/552 588/721/551
f 589/722/552 602/735/563 590/724/553
f 602/735/563 591/725/554 590/724/553
f 603/736/564 592/737/555 591/725/554
f 604/738/565 581/711/299 592/737/555
f 593/739/311 606/740/566 594/726/556
f 606/740/566 595/728/557 594/726/556
f 595/728/557 608/741/568 596/729/558
f 608/741/568 597/731/559 596/729/558
f 597/731/559 610/742/570 598/743/560
f 610/742/570 599/732/305 598/743/560
f 611/744/317 600/734/561 599/733/305
f 612/745/571 601/746/562 600/734/561
f 601/746/562 614/747/573 602/735/563
f 614/747/573 603/736/564 602/735/563
f 603/736/564 616/748/575 604/738/565
f 616/748/575 593/739/311 604/738/565
f 605/749/323 618/750/576 606/740/566
f 606/740/566 619/751/577 607/752/567
f 619/751/577 608/741/568 607/752/567
f 620/753/578 609/754/569 608/741/568
f 609/754/569 622/755/580 610/742/570
f 622/755/580 611/756/317 610/742/570
f 623/757/329 612/745/571 611/744/317
f 624/758/581 613/759/572 612/745/571
f 625/760/582 614/747/573 613/759/572
f 626/761/583 615/762/574 614/747/573
f 627/763/584 616/748/575 615/762/574
f 628/764/585 605/749/323 616/748/575
f 629/765/347 618/750/576 617/766/335
f 618/750/576 631/767/587 619/751/577
f 631/767/587 620/753/578 619/751/577
f 632/768/588 621/769/579 620/753/578
f 633/770/589 622/755/580 621/769/579
f 634/771/590 623/772/329 622/755/580
f 623/757/329 636/773/591 624/758/581
f 624/758/581 637/774/592 625/760/582
f 625/760/582 638/775/593 626/761/583
f 626/761/583 639/776/594 627/763/584
f 639/776/594 628/764/585 627/763/584
f 640/777/595 617/766/335 628/764/585
f 629/765/347 642/778/596 630/779/586
f 642/778/596 631/767/587 630/779/586
f 643/780/597 632/768/588 631/767/587
f 644/781/598 633/770/589 632/768/588
f 633/770/589 646/782/600 634/771/590
f 646/782/600 635/783/341 634/771/590
f 635/784/341 648/785/601 636/773/591
f 648/785/601 637/774/592 636/773/591
f 649/786/602 638/775/593 637/774/592
f 650/787/603 639/776/594 638/775/593
f 639/776/594 652/788/605 640/777/595
f 652/788/605 629/765/347 640/777/595
f 77/161/77 642/778/596 641/789/359
f 78/160/78 643/780/597 642/778/596
f 79/163/79 644/781/598 643/780/597
f 80/164/80 645/790/599 644/781/598
f 645/790/599 82/168/82 646/782/600
f 82/168/82 647/791/353 646/782/600
f 83/172/83 648/785/601 647/792/353
f 648/785/601 85/174/85 649/786/602
f 85/174/85 650/787/603 649/786/602
f 86/176/86 651/793/604 650/787/603
f 651/793/604 88/180/88 652/788/605
f 88/180/88 641/789/359 652/788/605
f 89/159/89 90/183/90 78/160/78
f 78/160/78 90/183/90 91/162/91
f 91/162/91 92/165/92 80/164/80
f 92/165/92 93/186/93 81/166/81
f 81/166/81 93/186/93 94/167/94
f 94/167/94 95/189/95 83/169/83
f 95/170/95 96/173/96 84/171/84
f 96/173/96 97/175/97 85/174/85
f 97/175/97 98/177/98 86/176/86
f 98/177/98 99/179/99 87/178/87
f 99/179/99 100/181/100 88/180/88
f 100/181/100 89/159/89 77/161/77
f 101/182/101 102/195/102 90/183/90
f 90/183/90 102/195/102 103/184/103
f 103/184/103 104/185/104 92/165/92
f 104/185/104 105/187/105 93/186/93
f 105/187/105 106/188/106 94/167/94
f 106/188/106 107/200/107 95/189/95
f 107/190/107 108/202/108 96/173/96
f 96/173/96 108/202/108 109/191/109
f 97/175/97 109/191/109 110/192/110
f 98/177/98 110/192/110 111/193/111
f 111/193/111 112/207/112 100/181/100
f 100/181/100 112/207/112 101/182/101
f 113/194/113 114/196/114 102/195/102
f 114/196/114 115/211/115 103/184/103
f 103/184/103 115/211/115 116/197/116
f 104/185/104 116/197/116 117/198/117
f 105/187/105 117/198/117 118/199/118
f 118/199/118 119/215/119 107/200/107
f 119/201/119 120/203/120 108/202/108
f 120/203/120 121/204/121 109/191/109
f 121/204/121 122/205/122 110/192/110
f 122/205/122 123/206/123 111/193/111
f 123/206/123 124/208/124 112/207/112
f 124/208/124 113/194/113 101/182/101
f 125/209/125 126/222/126 114/196/114
f 114/196/114 126/222/126 127/210/127
f 115/211/115 127/210/127 128/212/128
f 128/212/128 129/213/129 117/198/117
f 129/213/129 130/225/130 118/199/118
f 118/199/118 130/225/130 131/214/131
f 131/216/131 132/228/132 120/203/120
f 120/203/120 132/228/132 133/217/133
f 121/204/121 133/217/133 134/218/134
f 134/218/134 135/219/135 123/206/123
f 135/219/135 136/220/136 124/208/124
f 136/220/136 125/209/125 113/194/113
f 137/221/137 138/234/138 126/222/126
f 126/222/126 138/234/138 139/223/139
f 139/223/139 140/236/140 128/212/128
f 128/212/128 140/236/140 141/224/141
f 141/224/141 142/226/142 130/225/130
f 142/226/142 143/239/143 131/214/131
f 143/227/143 144/229/144 132/228/132
f 144/229/144 145/230/145 133/217/133
f 145/230/145 146/242/146 134/218/134
f 134/218/134 146/242/146 147/231/147
f 147/231/147 148/232/148 136/220/136
f 148/232/148 137/221/137 125/209/125
f 149/233/149 150/245/150 138/234/138
f 138/234/138 150/245/150 151/235/151
f 151/235/151 152/248/152 140/236/140
f 140/236/140 152/248/152 153/237/153
f 153/237/153 154/238/154 142/226/142
f 154/238/154 155/252/155 143/239/143
f 155/240/155 156/254/156 144/229/144
f 144/229/144 156/254/156 157/241/157
f 157/241/157 158/257/158 146/242/146
f 146/242/146 158/257/158 159/243/159
f 159/243/159 160/259/160 148/232/148
f 148/232/148 160/259/160 149/233/149
f 161/244/161 162/246/162 150/245/150
f 162/246/162 163/247/163 151/235/151
f 163/247/163 164/249/164 152/248/152
f 164/249/164 165/250/165 153/237/153
f 165/250/165 166/251/166 154/238/154
f 166/251/166 167/266/167 155/252/155
f 155/240/155 167/268/167 168/253/168
f 156/254/156 168/253/168 169/255/169
f 157/241/157 169/255/169 170/256/170
f 170/256/170 171/258/171 159/243/159
f 171/258/171 172/260/172 160/259/160
f 172/260/172 161/244/161 149/233/149
f 173/261/173 174/262/174 162/246/162
f 174/262/174 175/263/175 163/247/163
f 175/263/175 176/275/176 164/249/164
f 164/249/164 176/275/176 177/264/177
f 165/250/165 177/264/177 178/265/178
f 178/265/178 179/278/179 167/266/167
f 179/267/179 180/269/180 168/253/168
f 180/269/180 181/270/181 169/255/169
f 181/270/181 182/281/182 170/256/170
f 170/256/170 182/281/182 183/271/183
f 183/271/183 184/272/184 172/260/172
f 184/272/184 173/261/173 161/244/161
f 185/273/185 186/284/186 174/262/174
f 174/262/174 186/284/186 187/274/187
f 187/274/187 188/276/188 176/275/176
f 188/276/188 189/288/189 177/264/177
f 177/264/177 189/288/189 190/277/190
f 190/277/190 191/291/191 179/278/179
f 179/267/179 191/292/191 192/279/192
f 192/279/192 193/295/193 181/270/181
f 181/270/181 193/295/193 194/280/194
f 194/280/194 195/282/195 183/271/183
f 195/282/195 196/298/196 184/272/184
f 184/272/184 196/298/196 185/273/185
f 197/283/197 198/285/198 186/284/186
f 198/285/198 199/286/199 187/274/187
f 199/286/199 200/287/200 188/276/188
f 200/287/200 201/289/201 189/288/189
f 201/289/201 202/290/202 190/277/190
f 202/290/202 203/305/203 191/291/191
f 191/292/191 203/307/203 204/293/204
f 192/279/192 204/293/204 205/294/205
f 193/295/193 205/294/205 206/296/206
f 194/280/194 206/296/206 207/297/207
f 207/297/207 208/312/208 196/298/196
f 196/298/196 208/312/208 197/283/197
f 209/299/209 210/300/210 198/285/198
f 210/300/210 211/301/211 199/286/199
f 211/301/211 212/302/212 200/287/200
f 212/302/212 213/316/213 201/289/201
f 201/289/201 213/316/213 214/303/214
f 202/290/202 214/303/214 215/304/215
f 215/306/215 216/308/216 204/293/204
f 216/308/216 217/309/217 205/294/205
f 217/309/217 218/310/218 206/296/206
f 218/310/218 219/321/219 207/297/207
f 207/297/207 219/321/219 220/311/220
f 208/312/208 220/311/220 209/299/209
f 209/299/209 221/325/221 222/313/222
f 210/300/210 222/313/222 223/314/223
f 223/314/223 224/315/224 212/302/212
f 224/315/224 225/317/225 213/316/213
f 225/317/225 226/318/226 214/303/214
f 226/318/226 227/330/227 215/304/215
f 215/306/215 227/332/227 228/319/228
f 228/319/228 229/334/229 217/309/217
f 217/309/217 229/334/229 230/320/230
f 230/320/230 231/322/231 219/321/219
f 231/322/231 232/323/232 220/311/220
f 232/323/232 221/325/221 209/299/209
f 233/324/233 234/326/234 222/313/222
f 234/326/234 235/327/235 223/314/223
f 235/327/235 236/340/236 224/315/224
f 224/315/224 236/340/236 237/328/237
f 237/328/237 238/329/238 226/318/226
f 238/329/238 239/343/239 227/330/227
f 239/331/239 240/333/240 228/319/228
f 240/333/240 241/335/241 229/334/229
f 241/335/241 242/347/242 230/320/230
f 230/320/230 242/347/242 243/336/243
f 243/336/243 244/349/244 232/323/232
f 232/323/232 244/349/244 233/324/233
f 245/337/245 246/338/246 234/326/234
f 246/338/246 247/351/247 235/327/235
f 235/327/235 247/351/247 248/339/248
f 248/339/248 249/341/249 237/328/237
f 249/341/249 250/342/250 238/329/238
f 250/342/250 251/355/251 239/343/239
f 251/344/251 252/357/252 240/333/240
f 240/333/240 252/357/252 253/345/253
f 241/335/241 253/345/253 254/346/254
f 254/346/254 255/360/255 243/336/243
f 243/336/243 255/360/255 256/348/256
f 256/348/256 245/337/245 233/324/233
f 245/337/245 257/362/257 258/350/258
f 258/350/258 259/352/259 247/351/247
f 259/352/259 260/353/260 248/339/248
f 260/353/260 261/366/261 249/341/249
f 249/341/249 261/366/261 262/354/262
f 262/354/262 263/368/263 251/355/251
f 263/356/263 264/358/264 252/357/252
f 264/358/264 265/371/265 253/345/253
f 253/345/253 265/371/265 266/359/266
f 266/359/266 267/374/267 255/360/255
f 255/360/255 267/374/267 268/361/268
f 268/361/268 257/362/257 245/337/245
f 257/362/257 269/376/269 270/363/270
f 270/363/270 271/378/271 259/352/259
f 259/352/259 271/378/271 272/364/272
f 260/353/260 272/364/272 273/365/273
f 273/365/273 274/367/274 262/354/262
f 274/367/274 275/383/275 263/368/263
f 275/369/275 276/370/276 264/358/264
f 276/370/276 277/372/277 265/371/265
f 277/372/277 278/373/278 266/359/266
f 278/373/278 279/388/279 267/374/267
f 267/374/267 279/388/279 280/375/280
f 280/375/280 269/376/269 257/362/257
f 269/376/269 281/391/281 282/377/282
f 282/377/282 283/379/283 271/378/271
f 283/379/283 284/380/284 272/364/272
f 284/380/284 285/381/285 273/365/273
f 285/381/285 286/382/286 274/367/274
f 286/382/286 287/395/287 275/383/275
f 275/369/275 287/396/287 288/384/288
f 276/370/276 288/384/288 289/385/289
f 277/372/277 289/385/289 290/386/290
f 278/373/278 290/386/290 291/387/291
f 279/388/279 291/387/291 292/389/292
f 292/389/292 281/391/281 269/376/269
f 293/390/293 294/392/294 282/377/282
f 294/392/294 295/403/295 283/379/283
f 283/379/283 295/403/295 296/393/296
f 296/393/296 297/405/297 285/381/285
f 285/381/285 297/405/297 298/394/298
f 298/394/298 299/408/299 287/395/287
f 287/396/287 299/409/299 300/397/300
f 300/397/300 301/398/301 289/385/289
f 301/398/301 302/399/302 290/386/290
f 302/399/302 303/413/303 291/387/291
f 291/387/291 303/413/303 304/400/304
f 304/400/304 293/390/293 281/391/281
f 293/390/293 305/417/305 306/401/306
f 294/392/294 306/401/306 307/402/307
f 295/403/295 307/402/307 308/404/308
f 308/404/308 309/406/309 297/405/297
f 309/406/309 310/407/310 298/394/298
f 310/407/310 311/421/311 299/408/299
f 299/409/299 311/423/311 312/410/312
f 312/410/312 313/411/313 301/398/301
f 313/411/313 314/412/314 302/399/302
f 314/412/314 315/414/315 303/413/303
f 315/414/315 316/415/316 304/400/304
f 316/415/316 305/417/305 293/390/293
f 317/416/317 318/428/318 306/401/306
f 306/401/306 318/428/318 319/418/319
f 319/418/319 320/430/320 308/404/308
f 308/404/308 320/430/320 321/419/321
f 321/419/321 322/433/322 310/407/310
f 310/407/310 322/433/322 323/420/323
f 323/422/323 324/436/324 312/410/312
f 312/410/312 324/436/324 325/424/325
f 325/424/325 326/438/326 314/412/314
f 314/412/314 326/438/326 327/425/327
f 327/425/327 328/426/328 316/415/316
f 328/426/328 317/416/317 305/417/305
f 317/416/317 329/442/329 330/427/330
f 330/427/330 331/429/331 319/418/319
f 331/429/331 332/431/332 320/430/320
f 332/431/332 333/432/333 321/419/321
f 333/432/333 334/434/334 322/433/322
f 334/434/334 335/447/335 323/420/323
f 335/435/335 336/449/336 324/436/324
f 324/436/324 336/449/336 337/437/337
f 337/437/337 338/452/338 326/438/326
f 326/438/326 338/452/338 339/439/339
f 327/425/327 339/439/339 340/440/340
f 340/440/340 329/442/329 317/416/317
f 341/441/341 342/443/342 330/427/330
f 342/443/342 343/457/343 331/429/331
f 331/429/331 343/457/343 344/444/344
f 332/431/332 344/444/344 345/445/345
f 333/432/333 345/445/345 346/446/346
f 346/446/346 347/461/347 335/447/335
f 347/448/347 348/450/348 336/449/336
f 348/450/348 349/451/349 337/437/337
f 349/451/349 350/453/350 338/452/338
f 350/453/350 351/454/351 339/439/339
f 351/454/351 352/465/352 340/440/340
f 340/440/340 352/465/352 341/441/341
f 353/455/353 354/456/354 342/443/342
f 354/456/354 355/458/355 343/457/343
f 355/458/355 356/469/356 344/444/344
f 344/444/344 356/469/356 357/459/357
f 357/459/357 358/460/358 346/446/346
f 358/460/358 359/473/359 347/461/347
f 359/462/359 360/475/360 348/450/348
f 348/450/348 360/475/360 361/463/361
f 361/463/361 362/478/362 350/453/350
f 350/453/350 362/478/362 363/464/363
f 363/464/363 364/481/364 352/465/352
f 352/465/352 364/481/364 353/455/353
f 365/466/83 366/467/365 354/456/354
f 366/467/365 367/468/366 355/458/355
f 367/468/366 368/470/367 356/469/356
f 368/470/367 369/471/368 357/459/357
f 369/471/368 370/472/369 358/460/358
f 370/472/369 371/794/77 359/473/359
f 371/474/77 372/476/370 360/475/360
f 372/476/370 373/477/371 361/463/361
f 373/477/371 374/479/372 362/478/362
f 374/479/372 375/480/373 363/464/363
f 375/480/373 376/795/374 364/481/364
f 364/481/364 376/795/374 365/466/83
f 377/482/95 378/485/375 366/483/365
f 378/485/375 379/487/376 367/486/366
f 379/487/376 380/489/377 368/488/367
f 380/489/377 381/491/378 369/490/368
f 381/491/378 382/493/379 370/492/369
f 382/493/379 383/509/89 371/494/77
f 383/495/89 384/498/380 372/496/370
f 384/498/380 385/500/381 373/499/371
f 385/500/381 386/513/382 374/501/372
f 374/501/372 386/513/382 387/502/383
f 387/502/383 388/515/384 376/504/374
f 376/504/374 388/515/384 377/482/95
f 377/482/95 389/518/107 390/505/385
f 390/505/385 391/506/386 379/487/376
f 391/506/386 392/507/387 380/489/377
f 392/507/387 393/522/388 381/491/378
f 381/491/378 393/522/388 394/508/389
f 394/508/389 395/524/101 383/509/89
f 395/510/101 396/511/390 384/498/380
f 396/511/390 397/527/391 385/500/381
f 385/500/381 397/527/391 398/512/392
f 398/512/392 399/514/393 387/502/383
f 399/514/393 400/516/394 388/515/384
f 400/516/394 389/518/107 377/482/95
f 401/517/119 402/519/395 390/505/385
f 402/519/395 403/520/396 391/506/386
f 403/520/396 404/521/397 392/507/387
f 404/521/397 405/534/398 393/522/388
f 393/522/388 405/534/398 406/523/399
f 406/523/399 407/536/113 395/524/101
f 407/525/113 408/526/400 396/511/390
f 408/526/400 409/539/401 397/527/391
f 397/527/391 409/539/401 410/528/402
f 398/512/392 410/528/402 411/529/403
f 411/529/403 412/530/404 400/516/394
f 412/530/404 401/517/119 389/518/107
f 401/517/119 413/544/131 414/531/405
f 414/531/405 415/546/406 403/520/396
f 403/520/396 415/546/406 416/532/407
f 404/521/397 416/532/407 417/533/408
f 417/533/408 418/535/409 406/523/399
f 418/535/409 419/550/125 407/536/113
f 419/537/125 420/538/410 408/526/400
f 420/538/410 421/540/411 409/539/401
f 421/540/411 422/541/412 410/528/402
f 422/541/412 423/554/413 411/529/403
f 411/529/403 423/554/413 424/542/414
f 424/542/414 413/544/131 401/517/119
f 425/543/143 426/545/415 414/531/405
f 426/545/415 427/557/416 415/546/406
f 415/546/406 427/557/416 428/547/417
f 428/547/417 429/548/418 417/533/408
f 429/548/418 430/549/419 418/535/409
f 430/549/419 431/561/137 419/550/125
f 419/537/125 431/563/137 432/551/420
f 420/538/410 432/551/420 433/552/421
f 421/540/411 433/552/421 434/553/422
f 434/553/422 435/555/423 423/554/413
f 435/555/423 436/568/424 424/542/414
f 424/542/414 436/568/424 425/543/143
f 425/543/143 437/570/155 438/556/425
f 438/556/425 439/558/426 427/557/416
f 439/558/426 440/572/427 428/547/417
f 428/547/417 440/572/427 441/559/428
f 441/559/428 442/574/429 430/549/419
f 430/549/419 442/574/429 443/560/149
f 443/562/149 444/564/430 432/551/420
f 444/564/430 445/565/431 433/552/421
f 445/565/431 446/578/432 434/553/422
f 434/553/422 446/578/432 447/566/433
f 435/555/423 447/566/433 448/567/434
f 448/567/434 437/570/155 425/543/143
f 449/569/167 450/582/435 438/556/425
f 438/556/425 450/582/435 451/571/436
f 451/571/436 452/585/437 440/572/427
f 440/572/427 452/585/437 453/573/438
f 453/573/438 454/587/439 442/574/429
f 442/574/429 454/587/439 455/575/161
f 455/576/161 456/590/440 444/564/430
f 444/564/430 456/590/440 457/577/441
f 457/577/441 458/579/442 446/578/432
f 458/579/442 459/580/443 447/566/433
f 459/580/443 460/594/444 448/567/434
f 448/567/434 460/594/444 449/569/167
f 461/581/179 462/596/445 450/582/435
f 450/582/435 462/596/445 463/583/446
f 451/571/436 463/583/446 464/584/447
f 464/584/447 465/586/448 453/573/438
f 465/586/448 466/600/449 454/587/439
f 454/587/439 466/600/449 467/588/173
f 467/589/173 468/603/450 456/590/440
f 456/590/440 468/603/450 469/591/451
f 457/577/441 469/591/451 470/592/452
f 470/592/452 471/593/453 459/580/443
f 471/593/453 472/607/454 460/594/444
f 460/594/444 472/607/454 461/581/179
f 473/595/191 474/609/455 462/596/445
f 462/596/445 474/609/455 475/597/456
f 475/597/456 476/598/457 464/584/447
f 476/598/457 477/599/458 465/586/448
f 477/599/458 478/601/459 466/600/449
f 478/601/459 479/613/185 467/588/173
f 479/602/185 480/604/460 468/603/450
f 480/604/460 481/616/461 469/591/451
f 469/591/451 481/616/461 482/605/462
f 470/592/452 482/605/462 483/606/463
f 483/606/463 484/619/464 472/607/454
f 472/607/454 484/619/464 473/595/191
f 485/608/203 486/621/465 474/609/455
f 474/609/455 486/621/465 487/610/466
f 487/610/466 488/624/467 476/598/457
f 476/598/457 488/624/467 489/611/468
f 477/599/458 489/611/468 490/612/469
f 490/612/469 491/628/197 479/613/185
f 491/614/197 492/615/470 480/604/460
f 492/615/470 493/617/471 481/616/461
f 493/617/471 494/632/472 482/605/462
f 482/605/462 494/632/472 495/618/473
f 495/618/473 496/634/474 484/619/464
f 484/619/464 496/634/474 485/608/203
f 497/620/215 498/622/475 486/621/465
f 498/622/475 499/623/476 487/610/466
f 499/623/476 500/625/477 488/624/467
f 500/625/477 501/626/478 489/611/468
f 501/626/478 502/627/479 490/612/469
f 502/627/479 503/640/209 491/628/197
f 503/629/209 504/642/480 492/615/470
f 492/615/470 504/642/480 505/630/481
f 493/617/471 505/630/481 506/631/482
f 506/631/482 507/633/483 495/618/473
f 507/633/483 508/635/484 496/634/474
f 508/635/484 497/620/215 485/608/203
f 509/636/227 510/647/485 498/622/475
f 498/622/475 510/647/485 511/637/486
f 511/637/486 512/649/487 500/625/477
f 500/625/477 512/649/487 513/638/488
f 513/638/488 514/652/489 502/627/479
f 502/627/479 514/652/489 515/639/221
f 515/641/221 516/655/490 504/642/480
f 504/642/480 516/655/490 517/643/491
f 517/643/491 518/658/492 506/631/482
f 506/631/482 518/658/492 519/644/493
f 519/644/493 520/645/494 508/635/484
f 520/645/494 509/636/227 497/620/215
f 521/646/239 522/662/495 510/647/485
f 510/647/485 522/662/495 523/648/496
f 523/648/496 524/650/497 512/649/487
f 524/650/497 525/651/498 513/638/488
f 525/651/498 526/653/499 514/652/489
f 526/653/499 527/667/233 515/639/221
f 527/654/233 528/656/500 516/655/490
f 528/656/500 529/657/501 517/643/491
f 529/657/501 530/659/502 518/658/492
f 530/659/502 531/660/503 519/644/493
f 531/660/503 532/672/504 520/645/494
f 520/645/494 532/672/504 521/646/239
f 533/661/251 534/674/505 522/662/495
f 522/662/495 534/674/505 535/663/506
f 535/663/506 536/664/507 524/650/497
f 536/664/507 537/665/508 525/651/498
f 537/665/508 538/679/509 526/653/499
f 526/653/499 538/679/509 539/666/510
f 539/668/510 540/669/511 528/656/500
f 540/669/511 541/682/512 529/657/501
f 529/657/501 541/682/512 542/670/513
f 542/670/513 543/671/514 531/660/503
f 543/671/514 544/686/515 532/672/504
f 532/672/504 544/686/515 533/661/251
f 533/661/251 545/688/263 546/673/516
f 534/674/505 546/673/516 547/675/517
f 535/663/506 547/675/517 548/676/518
f 536/664/507 548/676/518 549/677/519
f 537/665/508 549/677/519 550/678/520
f 550/678/520 551/693/257 539/666/510
f 551/680/257 552/681/521 540/669/511
f 552/681/521 553/683/522 541/682/512
f 553/683/522 554/684/523 542/670/513
f 554/684/523 555/685/524 543/671/514
f 555/685/524 556/687/525 544/686/515
f 556/687/525 545/688/263 533/661/251
f 545/688/263 557/699/275 558/689/526
f 558/689/526 559/690/527 547/675/517
f 559/690/527 560/701/528 548/676/518
f 548/676/518 560/701/528 561/691/529
f 561/691/529 562/703/530 550/678/520
f 550/678/520 562/703/530 563/692/269
f 563/694/269 564/706/531 552/681/521
f 552/681/521 564/706/531 565/695/532
f 565/695/532 566/696/533 554/684/523
f 566/696/533 567/709/534 555/685/524
f 555/685/524 567/709/534 568/697/535
f 568/697/535 557/699/275 545/688/263
f 569/698/287 570/712/536 558/689/526
f 558/689/526 570/712/536 571/700/537
f 571/700/537 572/715/538 560/701/528
f 560/701/528 572/715/538 573/702/539
f 573/702/539 574/704/540 562/703/530
f 574/704/540 575/718/281 563/692/269
f 575/705/281 576/720/541 564/706/531
f 564/706/531 576/720/541 577/707/542
f 577/707/542 578/723/543 566/696/533
f 566/696/533 578/723/543 579/708/544
f 579/708/544 580/710/545 568/697/535
f 580/710/545 569/698/287 557/699/275
f 581/711/299 582/727/546 570/712/536
f 570/712/536 582/727/546 583/713/547
f 571/700/537 583/713/547 584/714/548
f 584/714/548 585/730/549 573/702/539
f 573/702/539 585/730/549 586/716/550
f 574/704/540 586/716/550 587/717/293
f 587/719/293 588/721/551 576/720/541
f 588/721/551 589/722/552 577/707/542
f 589/722/552 590/724/553 578/723/543
f 590/724/553 591/725/554 579/708/544
f 591/725/554 592/737/555 580/710/545
f 580/710/545 592/737/555 581/711/299
f 581/711/299 593/739/311 594/726/556
f 594/726/556 595/728/557 583/713/547
f 595/728/557 596/729/558 584/714/548
f 596/729/558 597/731/559 585/730/549
f 597/731/559 598/743/560 586/716/550
f 586/716/550 598/743/560 599/732/305
f 599/733/305 600/734/561 588/721/551
f 600/734/561 601/746/562 589/722/552
f 589/722/552 601/746/562 602/735/563
f 602/735/563 603/736/564 591/725/554
f 603/736/564 604/738/565 592/737/555
f 604/738/565 593/739/311 581/711/299
f 593/739/311 605/749/323 606/740/566
f 606/740/566 607/752/567 595/728/557
f 595/728/557 607/752/567 608/741/568
f 608/741/568 609/754/569 597/731/559
f 597/731/559 609/754/569 610/742/570
f 610/742/570 611/756/317 599/732/305
f 611/744/317 612/745/571 600/734/561
f 612/745/571 613/759/572 601/746/562
f 601/746/562 613/759/572 614/747/573
f 614/747/573 615/762/574 603/736/564
f 603/736/564 615/762/574 616/748/575
f 616/748/575 605/749/323 593/739/311
f 605/749/323 617/766/335 618/750/576
f 606/740/566 618/750/576 619/751/577
f 619/751/577 620/753/578 608/741/568
f 620/753/578 621/769/579 609/754/569
f 609/754/569 621/769/579 622/755/580
f 622/755/580 623/772/329 611/756/317
f 623/757/329 624/758/581 612/745/571
f 624/758/581 625/760/582 613/759/572
f 625/760/582 626/761/583 614/747/573
f 626/761/583 627/763/584 615/762/574
f 627/763/584 628/764/585 616/748/575
f 628/764/585 617/766/335 605/749/323
f 629/765/347 630/779/586 618/750/576
f 618/750/576 630/779/586 631/767/587
f 631/767/587 632/768/588 620/753/578
f 632/768/588 633/770/589 621/769/579
f 633/770/589 634/771/590 622/755/580
f 634/771/590 635/783/341 623/772/329
f 623/757/329 635/784/341 636/773/591
f 624/758/581 636/773/591 637/774/592
f 625/760/582 637/774/592 638/775/593
f 626/761/583 638/775/593 639/776/594
f 639/776/594 640/777/595 628/764/585
f 640/777/595 629/765/347 617/766/335
f 629/765/347 641/789/359 642/778/596
f 642/778/596 643/780/597 631/767/587
f 643/780/597 644/781/598 632/768/588
f 644/781/598 645/790/599 633/770/589
f 633/770/589 645/790/599 646/782/600
f 646/782/600 647/791/353 635/783/341
f 635/784/341 647/792/353 648/785/601
f 648/785/601 649/786/602 637/774/592
f 649/786/602 650/787/603 638/775/593
f 650/787/603 651/793/604 639/776/594
f 639/776/594 651/793/604 652/788/605
f 652/788/605 641/789/359 629/765/347
f 77/161/77 78/160/78 642/778/596
f 78/160/78 79/163/79 643/780/597
f 79/163/79 80/164/80 644/781/598
f 80/164/80 81/166/81 645/790/599
f 645/790/599 81/166/81 82/168/82
f 82/168/82 83/169/83 647/791/353
f 83/172/83 84/171/84 648/785/601
f 648/785/601 84/171/84 85/174/85
f 85/174/85 86/176/86 650/787/603
f 86/176/86 87/178/87 651/793/604
f 651/793/604 87/178/87 88/180/88
f 88/180/88 77/161/77 641/789/359
o Torus.001
v -0.695000 0.000000 1.500000
v -0.684952 0.000000 1.537500
v -0.657500 0.000000 1.564952
v -0.620000 0.000000 1.575000
v -0.582500 0.000000 1.564952
v -0.555048 0.000000 1.537500
v -0.545000 0.000000 1.500000
v -0.555048 0.000000 1.462500
v -0.582500 0.000000 1.435048
v -0.620000 0.000000 1.425000
v -0.657500 0.000000 1.435048
v -0.684952 0.000000 1.462500
v -0.689054 -0.070758 1.500000
v -0.679092 -0.069735 1.537500
v -0.651875 -0.066940 1.564952
v -0.614696 -0.063122 1.575000
v -0.577517 -0.059305 1.564952
v -0.550300 -0.056510 1.537500
v -0.540338 -0.055487 1.500000
v -0.550300 -0.056510 1.462500
v -0.577517 -0.059305 1.435048
v -0.614696 -0.063122 1.425000
v -0.651875 -0.066940 1.435048
v -0.679092 -0.069735 1.462500
v -0.671318 -0.140306 1.500000
v -0.661613 -0.138277 1.537500
v -0.635096 -0.132735 1.564952
v -0.598874 -0.125165 1.575000
v -0.562652 -0.117594 1.564952
v -0.536135 -0.112052 1.537500
v -0.526430 -0.110024 1.500000
v -0.536135 -0.112052 1.462500
v -0.562652 -0.117594 1.435048
v -0.598874 -0.125165 1.425000
v -0.635096 -0.132735 1.435048
v -0.661613 -0.138277 1.462500
v -0.642096 -0.207453 1.500000
v -0.632813 -0.204453 1.537500
v -0.607451 -0.196259 1.564952
v -0.572805 -0.185066 1.575000
v -0.538160 -0.173872 1.564952
v -0.512798 -0.165678 1.537500
v -0.503514 -0.162679 1.500000
v -0.512798 -0.165678 1.462500
v -0.538160 -0.173872 1.435048
v -0.572805 -0.185066 1.425000
v -0.607451 -0.196259 1.435048
v -0.632813 -0.204453 1.462500
v -0.601888 -0.271050 1.500000
v -0.593186 -0.267131 1.537500
v -0.569412 -0.256425 1.564952
v -0.536936 -0.241800 1.575000
v -0.504460 -0.227175 1.564952
v -0.480686 -0.216469 1.537500
v -0.471984 -0.212550 1.500000
v -0.480686 -0.216469 1.462500
v -0.504460 -0.227175 1.435048
v -0.536936 -0.241800 1.425000
v -0.569412 -0.256425 1.435048
v -0.593186 -0.267131 1.462500
v -0.551381 -0.330009 1.500000
v -0.543409 -0.325238 1.537500
v -0.521630 -0.312203 1.564952
v -0.491879 -0.294397 1.575000
v -0.462128 -0.276591 1.564952
v -0.440349 -0.263556 1.537500
v -0.432378 -0.258784 1.500000
v -0.440349 -0.263556 1.462500
v -0.462128 -0.276591 1.435048
v -0.491879 -0.294397 1.425000
v -0.521630 -0.312203 1.435048
v -0.543409 -0.325238 1.462500
v -0.491439 -0.383323 1.500000
v -0.484334 -0.377781 1.537500
v -0.464923 -0.362640 1.564952
v -0.438406 -0.341957 1.575000
v -0.411890 -0.321274 1.564952
v -0.392478 -0.306133 1.537500
v -0.385373 -0.300591 1.500000
v -0.392478 -0.306133 1.462500
v -0.411890 -0.321274 1.435048
v -0.438406 -0.341957 1.425000
v -0.464923 -0.362640 1.435048
v -0.484334 -0.377781 1.462500
v -0.423089 -0.430077 1.500000
v -0.416972 -0.423859 1.537500
v -0.400261 -0.406871 1.564952
v -0.377432 -0.383666 1.575000
v -0.354604 -0.360460 1.564952
v -0.337892 -0.343472 1.537500
v -0.331775 -0.337254 1.500000
v -0.337892 -0.343472 1.462500
v -0.354604 -0.360460 1.435048
v -0.377432 -0.383666 1.425000
v -0.400261 -0.406871 1.435048
v -0.416972 -0.423859 1.462500
v -0.347500 -0.469472 1.500000
v -0.342476 -0.462685 1.537500
v -0.328750 -0.444141 1.564952
v -0.310000 -0.418810 1.575000
v -0.291250 -0.393479 1.564952
v -0.277524 -0.374935 1.537500
v -0.272500 -0.368147 1.500000
v -0.277524 -0.374935 1.462500
v -0.291250 -0.393479 1.435048
v -0.310000 -0.418810 1.425000
v -0.328750 -0.444141 1.435048
v -0.342476 -0.462685 1.462500
v -0.265965 -0.500835 1.500000
v -0.262120 -0.493594 1.537500
v -0.251615 -0.473812 1.564952
v -0.237264 -0.446788 1.575000
v -0.222913 -0.419765 1.564952
v -0.212408 -0.399982 1.537500
v -0.208563 -0.392741 1.500000
v -0.212408 -0.399982 1.462500
v -0.222913 -0.419765 1.435048
v -0.237264 -0.446788 1.425000
v -0.251615 -0.473812 1.435048
v -0.262120 -0.493594 1.462500
v -0.179879 -0.523628 1.500000
v -0.177279 -0.516058 1.537500
v -0.170174 -0.495375 1.564952
v -0.160468 -0.467122 1.575000
v -0.150762 -0.438868 1.564952
v -0.143657 -0.418186 1.537500
v -0.141056 -0.410615 1.500000
v -0.143657 -0.418186 1.462500
v -0.150762 -0.438868 1.435048
v -0.160468 -0.467122 1.425000
v -0.170174 -0.495375 1.435048
v -0.177279 -0.516058 1.462500
v -0.090716 -0.537462 1.500000
v -0.089404 -0.529692 1.537500
v -0.085821 -0.508462 1.564952
v -0.080926 -0.479463 1.575000
v -0.076031 -0.450463 1.564952
v -0.072448 -0.429234 1.537500
v -0.071137 -0.421463 1.500000
v -0.072448 -0.429234 1.462500
v -0.076031 -0.450463 1.435048
v -0.080926 -0.479463 1.425000
v -0.085821 -0.508462 1.435048
v -0.089404 -0.529692 1.462500
v -0.000000 -0.542100 1.500000
v -0.000000 -0.534262 1.537500
v -0.000000 -0.512850 1.564952
v -0.000000 -0.483600 1.575000
v -0.000000 -0.454350 1.564952
v -0.000000 -0.432938 1.537500
v -0.000000 -0.425100 1.500000
v -0.000000 -0.432938 1.462500
v -0.000000 -0.454350 1.435048
v -0.000000 -0.483600 1.425000
v -0.000000 -0.512850 1.435048
v -0.000000 -0.534262 1.462500
v 0.090716 -0.537462 1.500000
v 0.089404 -0.529692 1.537500
v 0.085821 -0.508462 1.564952
v 0.080926 -0.479463 1.575000
v 0.076032 -0.450463 1.564952
v 0.072448 -0.429234 1.537500
v 0.071137 -0.421463 1.500000
v 0.072448 -0.429234 1.462500
v 0.076032 -0.450463 1.435048
v 0.080926 -0.479463 1.425000
v 0.085821 -0.508462 1.435048
v 0.089404 -0.529692 1.462500
v 0.179879 -0.523628 1.500000
v 0.177279 -0.516058 1.537500
v 0.170173 -0.495375 1.564952
v 0.160468 -0.467122 1.575000
v 0.150762 -0.438868 1.564952
v 0.143657 -0.418186 1.537500
v 0.141056 -0.410615 1.500000
v 0.143657 -0.418186 1.462500
v 0.150762 -0.438868 1.435048
v 0.160468 -0.467122 1.425000
v 0.170173 -0.495375 1.435048
v 0.177279 -0.516058 1.462500
v 0.265965 -0.500835 1.500000
v 0.262120 -0.493594 1.537500
v 0.251614 -0.473812 1.564952
v 0.237264 -0.446788 1.575000
v 0.222913 -0.419765 1.564952
v 0.212408 -0.399982 1.537500
v 0.208563 -0.392741 1.500000
v 0.212408 -0.399982 1.462500
v 0.222913 -0.419765 1.435048
v 0.237264 -0.446788 1.425000
v 0.251614 -0.473812 1.435048
v 0.262120 -0.493594 1.462500
v 0.347500 -0.469472 1.500000
v 0.342476 -0.462685 1.537500
v 0.328750 -0.444141 1.564952
v 0.310000 -0.418810 1.575000
v 0.291250 -0.393479 1.564952
v 0.277524 -0.374935 1.537500
v 0.272500 -0.368147 1.500000
v 0.277524 -0.374935 1.462500
v 0.291250 -0.393479 1.435048
v 0.310000 -0.418810 1.425000
v 0.328750 -0.444141 1.435048
v 0.342476 -0.462685 1.462500
v 0.423089 -0.430077 1.500000
v 0.416972 -0.423859 1.537500
v 0.400261 -0.406871 1.564952
v 0.377432 -0.383666 1.575000
v 0.354604 -0.360460 1.564952
v 0.337892 -0.343472 1.537500
v 0.331775 -0.337254 1.500000
v 0.337892 -0.343472 1.462500
v 0.354604 -0.360460 1.435048
v 0.377432 -0.383666 1.425000
v 0.400261 -0.406871 1.435048
v 0.416972 -0.423859 1.462500
v 0.491439 -0.383322 1.500000
v 0.484334 -0.377780 1.537500
v 0.464923 -0.362640 1.564952
v 0.438406 -0.341957 1.575000
v 0.411890 -0.321274 1.564952
v 0.392478 -0.306133 1.537500
v 0.385373 -0.300591 1.500000
v 0.392478 -0.306133 1.462500
v 0.411890 -0.321274 1.435048
v 0.438406 -0.341957 1.425000
v 0.464923 -0.362640 1.435048
v 0.484334 -0.377780 1.462500
v 0.551381 -0.330010 1.500000
v 0.543409 -0.325238 1.537500
v 0.521630 -0.312203 1.564952
v 0.491879 -0.294397 1.575000
v 0.462128 -0.276591 1.564952
v 0.440349 -0.263556 1.537500
v 0.432378 -0.258784 1.500000
v 0.440349 -0.263556 1.462500
v 0.462128 -0.276591 1.435048
v 0.491879 -0.294397 1.425000
v 0.521630 -0.312203 1.435048
v 0.543409 -0.325238 1.462500
v 0.601888 -0.271050 1.500000
v 0.593186 -0.267131 1.537500
v 0.569412 -0.256425 1.564952
v 0.536936 -0.241800 1.575000
v 0.504460 -0.227175 1.564952
v 0.480686 -0.216469 1.537500
v 0.471984 -0.212550 1.500000
v 0.480686 -0.216469 1.462500
v 0.504460 -0.227175 1.435048
v 0.536936 -0.241800 1.425000
v 0.569412 -0.256425 1.435048
v 0.593186 -0.267131 1.462500
v 0.642096 -0.207453 1.500000
v 0.632813 -0.204453 1.537500
v 0.607451 -0.196259 1.564952
v 0.572805 -0.185066 1.575000
v 0.538160 -0.173872 1.564952
v 0.512798 -0.165678 1.537500
v 0.503514 -0.162679 1.500000
v 0.512798 -0.165678 1.462500
v 0.538160 -0.173872 1.435048
v 0.572805 -0.185066 1.425000
v 0.607451 -0.196259 1.435048
v 0.632813 -0.204453 1.462500
v 0.671318 -0.140306 1.500000
v 0.661613 -0.138277 1.537500
v 0.635096 -0.132735 1.564952
v 0.598874 -0.125165 1.575000
v 0.562652 -0.117594 1.564952
v 0.536135 -0.112052 1.537500
v 0.526430 -0.110024 1.500000
v 0.536135 -0.112052 1.462500
v 0.562652 -0.117594 1.435048
v 0.598874 -0.125165 1.425000
v 0.635096 -0.132735 1.435048
v 0.661613 -0.138277 1.462500
v 0.689054 -0.070758 1.500000
v 0.679092 -0.069735 1.537500
v 0.651875 -0.066940 1.564952
v 0.614696 -0.063123 1.575000
v 0.577517 -0.059305 1.564952
v 0.550300 -0.056510 1.537500
v 0.540337 -0.055487 1.500000
v 0.550300 -0.056510 1.462500
v 0.577517 -0.059305 1.435048
v 0.614696 -0.063123 1.425000
v 0.651875 -0.066940 1.435048
v 0.679092 -0.069735 1.462500
v 0.695000 -0.000000 1.500000
v 0.684952 -0.000000 1.537500
v 0.657500 -0.000000 1.564952
v 0.620000 -0.000000 1.575000
v 0.582500 -0.000000 1.564952
v 0.555048 -0.000000 1.537500
v 0.545000 -0.000000 1.500000
v 0.555048 -0.000000 1.462500
v 0.582500 -0.000000 1.435048
v 0.620000 -0.000000 1.425000
v 0.657500 -0.000000 1.435048
v 0.684952 -0.000000 1.462500
v 0.689054 0.070758 1.500000
v 0.679092 0.069735 1.537500
v 0.651875 0.066940 1.564952
v 0.614696 0.063123 1.575000
v 0.577517 0.059305 1.564952
v 0.550300 0.056510 1.537500
v 0.540337 0.055487 1.500000
v 0.550300 0.056510 1.462500
v 0.577517 0.059305 1.435048
v 0.614696 0.063123 1.425000
v 0.651875 0.066940 1.435048
v 0.679092 0.069735 1.462500
v 0.671318 0.140306 1.500000
v 0.661613 0.138277 1.537500
v 0.635096 0.132735 1.564952
v 0.598874 0.125165 1.575000
v 0.562652 0.117594 1.564952
v 0.536135 0.112052 1.537500
v 0.526430 0.110024 1.500000
v 0.536135 0.112052 1.462500
v 0.562652 0.117594 1.435048
v 0.598874 0.125165 1.425000
v 0.635096 0.132735 1.435048
v 0.661613 0.138277 1.462500
v 0.642096 0.207452 1.500000
v 0.632813 0.204453 1.537500
v 0.607451 0.196259 1.564952
v 0.572805 0.185066 1.575000
v 0.538160 0.173872 1.564952
v 0.512798 0.165678 1.537500
v 0.503514 0.162679 1.500000
v 0.512798 0.165678 1.462500
v 0.538160 0.173872 1.435048
v 0.572805 0.185066 1.425000
v 0.607451 0.196259 1.435048
v 0.632813 0.204453 1.462500
v 0.601888 0.271050 1.500000
v 0.593186 0.267131 1.537500
v 0.569412 0.256425 1.564952
v 0.536936 0.241800 1.575000
v 0.504460 0.227175 1.564952
v 0.480686 0.216469 1.537500
v 0.471984 0.212550 1.500000
v 0.480686 0.216469 1.462500
v 0.504460 0.227175 1.435048
v 0.536936 0.241800 1.425000
v 0.569412 0.256425 1.435048
v 0.593186 0.267131 1.462500
v 0.551381 0.330010 1.500000
v 0.543409 0.325238 1.537500
v 0.521630 0.312203 1.564952
v 0.491879 0.294397 1.575000
v 0.462128 0.276591 1.564952
v 0.440349 0.263556 1.537500
v 0.432378 0.258784 1.500000
v 0.440349 0.263556 1.462500
v 0.462128 0.276591 1.435048
v 0.491879 0.294397 1.425000
v 0.521630 0.312203 1.435048
v 0.543409 0.325238 1.462500
v 0.491439 0.383322 1.500000
v 0.484334 0.377780 1.537500
v 0.464923 0.362640 1.564952
v 0.438406 0.341957 1.575000
v 0.411890 0.321274 1.564952
v 0.392478 0.306133 1.537500
v 0.385373 0.300591 1.500000
v 0.392478 0.306133 1.462500
v 0.411890 0.321274 1.435048
v 0.438406 0.341957 1.425000
v 0.464923 0.362640 1.435048
v 0.484334 0.377780 1.462500
v 0.423089 0.430077 1.500000
v 0.416973 0.423859 1.537500
v 0.400261 0.406871 1.564952
v 0.377432 0.383666 1.575000
v 0.354604 0.360460 1.564952
v 0.337892 0.343472 1.537500
v 0.331775 0.337254 1.500000
v 0.337892 0.343472 1.462500
v 0.354604 0.360460 1.435048
v 0.377432 0.383666 1.425000
v 0.400261 0.406871 1.435048
v 0.416973 0.423859 1.462500
v 0.347500 0.469472 1.500000
v 0.342476 0.462685 1.537500
v 0.328750 0.444141 1.564952
v 0.310000 0.418810 1.575000
v 0.291250 0.393479 1.564952
v 0.277524 0.374935 1.537500
v 0.272500 0.368147 1.500000
v 0.277524 0.374935 1.462500
v 0.291250 0.393479 1.435048
v 0.310000 0.418810 1.425000
v 0.328750 0.444141 1.435048
v 0.342476 0.462685 1.462500
v 0.265965 0.500835 1.500000
v 0.262120 0.493594 1.537500
v 0.251614 0.473812 1.564952
v 0.237264 0.446788 1.575000
v 0.222913 0.419765 1.564952
v 0.212408 0.399982 1.537500
v 0.208563 0.392741 1.500000
v 0.212408 0.399982 1.462500
v 0.222913 0.419765 1.435048
v 0.237264 0.446788 1.425000
v 0.251614 0.473812 1.435048
v 0.262120 0.493594 1.462500
v 0.179879 0.523628 1.500000
v 0.177279 0.516058 1.537500
v 0.170174 0.495375 1.564952
v 0.160468 0.467122 1.575000
v 0.150762 0.438868 1.564952
v 0.143657 0.418185 1.537500
v 0.141057 0.410615 1.500000
v 0.143657 0.418185 1.462500
v 0.150762 0.438868 1.435048
v 0.160468 0.467122 1.425000
v 0.170174 0.495375 1.435048
v 0.177279 0.516058 1.462500
v 0.090716 0.537462 1.500000
v 0.089405 0.529692 1.537500
v 0.085821 0.508462 1.564952
v 0.080927 0.479463 1.575000
v 0.076032 0.450463 1.564952
v 0.072449 0.429234 1.537500
v 0.071137 0.421463 1.500000
v 0.072449 0.429234 1.462500
v 0.076032 0.450463 1.435048
v 0.080927 0.479463 1.425000
v 0.085821 0.508462 1.435048
v 0.089405 0.529692 1.462500
v -0.000000 0.542100 1.500000
v -0.000000 0.534262 1.537500
v -0.000000 0.512850 1.564952
v -0.000000 0.483600 1.575000
v -0.000000 0.454350 1.564952
v -0.000000 0.432938 1.537500
v -0.000000 0.425100 1.500000
v -0.000000 0.432938 1.462500
v -0.000000 0.454350 1.435048
v -0.000000 0.483600 1.425000
v -0.000000 0.512850 1.435048
v -0.000000 0.534262 1.462500
v -0.090716 0.537462 1.500000
v -0.089404 0.529692 1.537500
v -0.085821 0.508462 1.564952
v -0.080926 0.479463 1.575000
v -0.076031 0.450463 1.564952
v -0.072448 0.429234 1.537500
v -0.071137 0.421463 1.500000
v -0.072448 0.429234 1.462500
v -0.076031 0.450463 1.435048
v -0.080926 0.479463 1.425000
v -0.085821 0.508462 1.435048
v -0.089404 0.529692 1.462500
v -0.179879 0.523628 1.500000
v -0.177278 0.516058 1.537500
v -0.170173 0.495375 1.564952
v -0.160468 0.467122 1.575000
v -0.150762 0.438868 1.564952
v -0.143657 0.418186 1.537500
v -0.141056 0.410615 1.500000
v -0.143657 0.418186 1.462500
v -0.150762 0.438868 1.435048
v -0.160468 0.467122 1.425000
v -0.170173 0.495375 1.435048
v -0.177278 0.516058 1.462500
v -0.265965 0.500835 1.500000
v -0.262120 0.493594 1.537500
v -0.251615 0.473812 1.564952
v -0.237264 0.446788 1.575000
v -0.222913 0.419765 1.564952
v -0.212408 0.399982 1.537500
v -0.208563 0.392741 1.500000
v -0.212408 0.399982 1.462500
v -0.222913 0.419765 1.435048
v -0.237264 0.446788 1.425000
v -0.251615 0.473812 1.435048
v -0.262120 0.493594 1.462500
v -0.347500 0.469472 1.500000
v -0.342476 0.462685 1.537500
v -0.328750 0.444141 1.564952
v -0.310000 0.418810 1.575000
v -0.291250 0.393479 1.564952
v -0.277524 0.374935 1.537500
v -0.272500 0.368147 1.500000
v -0.277524 0.374935 1.462500
v -0.291250 0.393479 1.435048
v -0.310000 0.418810 1.425000
v -0.328750 0.444141 1.435048
v -0.342476 0.462685 1.462500
v -0.423089 0.430077 1.500000
v -0.416972 0.423859 1.537500
v -0.400261 0.406871 1.564952
v -0.377432 0.383666 1.575000
v -0.354603 0.360460 1.564952
v -0.337892 0.343473 1.537500
v -0.331775 0.337255 1.500000
v -0.337892 0.343473 1.462500
v -0.354603 0.360460 1.435048
v -0.377432 0.383666 1.425000
v -0.400261 0.406871 1.435048
v -0.416972 0.423859 1.462500
v -0.491439 0.383323 1.500000
v -0.484334 0.377781 1.537500
v -0.464922 0.362640 1.564952
v -0.438406 0.341957 1.575000
v -0.411889 0.321274 1.564952
v -0.392478 0.306133 1.537500
v -0.385373 0.300591 1.500000
v -0.392478 0.306133 1.462500
v -0.411889 0.321274 1.435048
v -0.438406 0.341957 1.425000
v -0.464922 0.362640 1.435048
v -0.484334 0.377781 1.462500
v -0.551381 0.330009 1.500000
v -0.543409 0.325238 1.537500
v -0.521630 0.312203 1.564952
v -0.491879 0.294397 1.575000
v -0.462128 0.276591 1.564952
v -0.440349 0.263556 1.537500
v -0.432378 0.258784 1.500000
v -0.440349 0.263556 1.462500
v -0.462128 0.276591 1.435048
v -0.491879 0.294397 1.425000
v -0.521630 0.312203 1.435048
v -0.543409 0.325238 1.462500
v -0.601888 0.271050 1.500000
v -0.593186 0.267131 1.537500
v -0.569412 0.256425 1.564952
v -0.536936 0.241800 1.575000
v -0.504460 0.227175 1.564952
v -0.480686 0.216469 1.537500
v -0.471984 0.212550 1.500000
v -0.480686 0.216469 1.462500
v -0.504460 0.227175 1.435048
v -0.536936 0.241800 1.425000
v -0.569412 0.256425 1.435048
v -0.593186 0.267131 1.462500
v -0.642096 0.207453 1.500000
v -0.632813 0.204454 1.537500
v -0.607451 0.196259 1.564952
v -0.572805 0.185066 1.575000
v -0.538160 0.173872 1.564952
v -0.512798 0.165678 1.537500
v -0.503514 0.162679 1.500000
v -0.512798 0.165678 1.462500
v -0.538160 0.173872 1.435048
v -0.572805 0.185066 1.425000
v -0.607451 0.196259 1.435048
v -0.632813 0.204454 1.462500
v -0.671318 0.140306 1.500000
v -0.661613 0.138277 1.537500
v -0.635096 0.132735 1.564952
v -0.598874 0.125165 1.575000
v -0.562652 0.117594 1.564952
v -0.536135 0.112052 1.537500
v -0.526430 0.110024 1.500000
v -0.536135 0.112052 1.462500
v -0.562652 0.117594 1.435048
v -0.598874 0.125165 1.425000
v -0.635096 0.132735 1.435048
v -0.661613 0.138277 1.462500
v -0.689054 0.070758 1.500000
v -0.679092 0.069735 1.537500
v -0.651875 0.066940 1.564952
v -0.614696 0.063122 1.575000
v -0.577517 0.059305 1.564952
v -0.550300 0.056510 1.537500
v -0.540338 0.055487 1.500000
v -0.550300 0.056510 1.462500
v -0.577517 0.059305 1.435048
v -0.614696 0.063122 1.425000
v -0.651875 0.066940 1.435048
v -0.679092 0.069735 1.462500
vn -1.0000 -0.0000 -0.0000
vn -0.8687 -0.0000 0.4954
vn -0.5080 -0.0000 0.8614
vn -0.0108 -0.0000 0.9999
vn 0.4918 -0.0000 0.8707
vn 0.8633 -0.0000 0.5047
vn 1.0000 -0.0000 -0.0000
vn 0.8633 -0.0000 -0.5047
vn 0.4918 -0.0000 -0.8707
vn -0.0108 -0.0000 -0.9999
vn -0.5080 -0.0000 -0.8614
vn -0.8687 -0.0000 -0.4954
vn -0.9861 -0.1664 -0.0000
vn -0.8577 -0.1448 0.4934
vn -0.5029 -0.0849 0.8601
vn -0.0107 -0.0018 0.9999
vn 0.4870 0.0822 0.8695
vn 0.8524 0.1439 0.5027
vn 0.9861 0.1664 -0.0000
vn 0.8524 0.1439 -0.5027
vn 0.4870 0.0822 -0.8695
vn -0.0107 -0.0018 -0.9999
vn -0.5029 -0.0849 -0.8601
vn -0.8577 -0.1448 -0.4934
vn -0.9458 -0.3249 -0.0000
vn -0.8257 -0.2837 0.4875
vn -0.4880 -0.1676 0.8566
vn -0.0104 -0.0036 0.9999
vn 0.4726 0.1624 0.8662
vn 0.8208 0.2820 0.4968
vn 0.9458 0.3249 -0.0000
vn 0.8208 0.2820 -0.4968
vn 0.4726 0.1624 -0.8662
vn -0.0104 -0.0036 -0.9999
vn -0.4880 -0.1676 -0.8566
vn -0.8257 -0.2837 -0.4875
vn -0.8832 -0.4690 -0.0000
vn -0.7754 -0.4118 0.4787
vn -0.4637 -0.2463 0.8511
vn -0.0100 -0.0053 0.9999
vn 0.4493 0.2386 0.8609
vn 0.7709 0.4094 0.4879
vn 0.8832 0.4690 -0.0000
vn 0.7710 0.4094 -0.4879
vn 0.4493 0.2386 -0.8609
vn -0.0100 -0.0053 -0.9999
vn -0.4637 -0.2463 -0.8511
vn -0.7754 -0.4118 -0.4787
vn -0.8038 -0.5949 -0.0000
vn -0.7104 -0.5258 0.4678
vn -0.4311 -0.3191 0.8440
vn -0.0093 -0.0069 0.9999
vn 0.4179 0.3093 0.8542
vn 0.7065 0.5229 0.4769
vn 0.8038 0.5949 -0.0000
vn 0.7065 0.5229 -0.4769
vn 0.4179 0.3093 -0.8542
vn -0.0093 -0.0069 -0.9999
vn -0.4311 -0.3191 -0.8440
vn -0.7104 -0.5258 -0.4678
vn -0.7129 -0.7013 -0.0000
vn -0.6344 -0.6241 0.4560
vn -0.3912 -0.3848 0.8360
vn -0.0086 -0.0084 0.9999
vn 0.3794 0.3732 0.8466
vn 0.6311 0.6208 0.4651
vn 0.7129 0.7013 -0.0000
vn 0.6311 0.6208 -0.4651
vn 0.3794 0.3732 -0.8466
vn -0.0086 -0.0084 -0.9999
vn -0.3912 -0.3848 -0.8360
vn -0.6344 -0.6241 -0.4560
vn -0.6150 -0.7885 -0.0000
vn -0.5510 -0.7064 0.4444
vn -0.3452 -0.4425 0.8277
vn -0.0076 -0.0098 0.9999
vn 0.3350 0.4295 0.8387
vn 0.5482 0.7028 0.4533
vn 0.6150 0.7885 -0.0000
vn 0.5482 0.7028 -0.4533
vn 0.3350 0.4295 -0.8387
vn -0.0076 -0.0098 -0.9999
vn -0.3452 -0.4425 -0.8277
vn -0.5510 -0.7064 -0.4444
vn -0.5136 -0.8581 -0.0000
vn -0.4628 -0.7732 0.4335
vn -0.2942 -0.4916 0.8196
vn -0.0066 -0.0110 0.9999
vn 0.2857 0.4774 0.8309
vn 0.4606 0.7695 0.4423
vn 0.5136 0.8581 -0.0000
vn 0.4606 0.7695 -0.4423
vn 0.2857 0.4774 -0.8309
vn -0.0066 -0.0110 -0.9999
vn -0.2943 -0.4916 -0.8196
vn -0.4628 -0.7732 -0.4335
vn -0.4106 -0.9118 -0.0000
vn -0.3719 -0.8257 0.4241
vn -0.2395 -0.5319 0.8123
vn -0.0054 -0.0120 0.9999
vn 0.2327 0.5167 0.8239
vn 0.3702 0.8220 0.4328
vn 0.4106 0.9118 -0.0000
vn 0.3702 0.8220 -0.4328
vn 0.2327 0.5167 -0.8239
vn -0.0054 -0.0120 -0.9999
vn -0.2395 -0.5319 -0.8123
vn -0.3719 -0.8257 -0.4241
vn -0.3074 -0.9516 -0.0000
vn -0.2795 -0.8651 0.4165
vn -0.1819 -0.5631 0.8061
vn -0.0041 -0.0128 0.9999
vn 0.1768 0.5473 0.8180
vn 0.2783 0.8613 0.4251
vn 0.3074 0.9516 -0.0000
vn 0.2783 0.8613 -0.4251
vn 0.1768 0.5473 -0.8180
vn -0.0041 -0.0128 -0.9999
vn -0.1819 -0.5631 -0.8061
vn -0.2795 -0.8651 -0.4165
vn -0.2046 -0.9788 -0.0000
vn -0.1865 -0.8924 0.4110
vn -0.1223 -0.5854 0.8015
vn -0.0028 -0.0133 0.9999
vn 0.1189 0.5691 0.8136
vn 0.1857 0.8886 0.4195
vn 0.2046 0.9788 -0.0000
vn 0.1857 0.8886 -0.4195
vn 0.1189 0.5691 -0.8136
vn -0.0028 -0.0133 -0.9999
vn -0.1223 -0.5854 -0.8015
vn -0.1865 -0.8924 -0.4110
vn -0.1022 -0.9948 -0.0000
vn -0.0933 -0.9084 0.4076
vn -0.0615 -0.5987 0.7986
vn -0.0014 -0.0137 0.9999
vn 0.0598 0.5822 0.8109
vn 0.0929 0.9046 0.4161
vn 0.1022 0.9948 -0.0000
vn 0.0929 0.9046 -0.4161
vn 0.0598 0.5822 -0.8109
vn -0.0014 -0.0137 -0.9999
vn -0.0615 -0.5987 -0.7986
vn -0.0933 -0.9084 -0.4076
vn -0.0000 -1.0000 -0.0000
vn -0.0000 -0.9137 0.4064
vn -0.0000 -0.6031 0.7977
vn -0.0000 -0.0138 0.9999
vn -0.0000 0.5865 0.8099
vn -0.0000 0.9099 0.4149
vn -0.0000 1.0000 -0.0000
vn -0.0000 0.9099 -0.4149
vn -0.0000 0.5865 -0.8099
vn -0.0000 -0.0138 -0.9999
vn -0.0000 -0.6031 -0.7977
vn -0.0000 -0.9137 -0.4064
vn 0.1022 -0.9948 -0.0000
vn 0.0933 -0.9084 0.4076
vn 0.0615 -0.5987 0.7986
vn 0.0014 -0.0137 0.9999
vn -0.0598 0.5822 0.8109
vn -0.0929 0.9046 0.4161
vn -0.1022 0.9948 -0.0000
vn -0.0929 0.9046 -0.4161
vn -0.0598 0.5822 -0.8109
vn 0.0014 -0.0137 -0.9999
vn 0.0615 -0.5987 -0.7986
vn 0.0933 -0.9084 -0.4076
vn 0.2046 -0.9789 -0.0000
vn 0.1865 -0.8924 0.4110
vn 0.1223 -0.5854 0.8015
vn 0.0028 -0.0133 0.9999
vn -0.1189 0.5691 0.8136
vn -0.1857 0.8886 0.4195
vn -0.2046 0.9788 -0.0000
vn -0.1857 0.8886 -0.4195
vn -0.1189 0.5691 -0.8136
vn 0.0028 -0.0133 -0.9999
vn 0.1223 -0.5854 -0.8015
vn 0.1865 -0.8924 -0.4110
vn 0.3074 -0.9516 -0.0000
vn 0.2795 -0.8651 0.4165
vn 0.1819 -0.5631 0.8061
vn 0.0041 -0.0128 0.9999
vn -0.1768 0.5473 0.8180
vn -0.2783 0.8613 0.4251
vn -0.3074 0.9516 -0.0000
vn -0.2783 0.8613 -0.4251
vn -0.1768 0.5473 -0.8180
vn 0.0041 -0.0128 -0.9999
vn 0.1819 -0.5631 -0.8061
vn 0.2795 -0.8651 -0.4165
vn 0.4106 -0.9118 -0.0000
vn 0.3719 -0.8257 0.4241
vn 0.2395 -0.5319 0.8122
vn 0.0054 -0.0120 0.9999
vn -0.2327 0.5167 0.8239
vn -0.3702 0.8220 0.4328
vn -0.4106 0.9118 -0.0000
vn -0.3702 0.8220 -0.4328
vn -0.2327 0.5167 -0.8239
vn 0.0054 -0.0120 -0.9999
vn 0.2395 -0.5319 -0.8122
vn 0.3719 -0.8257 -0.4241
vn 0.5136 -0.8581 -0.0000
vn 0.4628 -0.7732 0.4335
vn 0.2942 -0.4916 0.8196
vn 0.0066 -0.0110 0.9999
vn -0.2857 0.4774 0.8309
vn -0.4606 0.7695 0.4423
vn -0.5136 0.8581 -0.0000
vn -0.4606 0.7695 -0.4423
vn -0.2857 0.4774 -0.8309
vn 0.0066 -0.0110 -0.9999
vn 0.2943 -0.4916 -0.8196
vn 0.4628 -0.7732 -0.4335
vn 0.6150 -0.7885 -0.0000
vn 0.5510 -0.7064 0.4444
vn 0.3452 -0.4425 0.8277
vn 0.0076 -0.0098 0.9999
vn -0.3350 0.4295 0.8387
vn -0.5482 0.7028 0.4533
vn -0.6150 0.7885 -0.0000
vn -0.5482 0.7028 -0.4533
vn -0.3350 0.4295 -0.8387
vn 0.0076 -0.0098 -0.9999
vn 0.3452 -0.4425 -0.8277
vn 0.5510 -0.7064 -0.4444
vn 0.7129 -0.7013 -0.0000
vn 0.6344 -0.6241 0.4560
vn 0.3912 -0.3848 0.8360
vn 0.0086 -0.0084 0.9999
vn -0.3794 0.3732 0.8466
vn -0.6311 0.6208 0.4651
vn -0.7129 0.7013 -0.0000
vn -0.6311 0.6208 -0.4651
vn -0.3794 0.3732 -0.8466
vn 0.0086 -0.0084 -0.9999
vn 0.3912 -0.3848 -0.8360
vn 0.6344 -0.6241 -0.4560
vn 0.8038 -0.5949 -0.0000
vn 0.7104 -0.5258 0.4678
vn 0.4311 -0.3191 0.8440
vn 0.0093 -0.0069 0.9999
vn -0.4179 0.3093 0.8542
vn -0.7065 0.5229 0.4769
vn -0.8038 0.5949 -0.0000
vn -0.7065 0.5229 -0.4769
vn -0.4179 0.3093 -0.8542
vn 0.0093 -0.0069 -0.9999
vn 0.4311 -0.3191 -0.8440
vn 0.7104 -0.5258 -0.4678
vn 0.8832 -0.4690 -0.0000
vn 0.7754 -0.4118 0.4787
vn 0.4637 -0.2463 0.8511
vn 0.0100 -0.0053 0.9999
vn -0.4493 0.2386 0.8609
vn -0.7710 0.4094 0.4879
vn -0.8832 0.4690 -0.0000
vn -0.7709 0.4094 -0.4879
vn -0.4493 0.2386 -0.8609
vn 0.0100 -0.0053 -0.9999
vn 0.4637 -0.2463 -0.8511
vn 0.7754 -0.4118 -0.4787
vn 0.9458 -0.3249 -0.0000
vn 0.8257 -0.2837 0.4875
vn 0.4880 -0.1676 0.8566
vn 0.0104 -0.0036 0.9999
vn -0.4726 0.1624 0.8662
vn -0.8208 0.2820 0.4968
vn -0.9458 0.3249 -0.0000
vn -0.8208 0.2820 -0.4968
vn -0.4726 0.1624 -0.8662
vn 0.0104 -0.0036 -0.9999
vn 0.4880 -0.1676 -0.8566
vn 0.8257 -0.2837 -0.4875
vn 0.9861 -0.1664 -0.0000
vn 0.8577 -0.1448 0.4934
vn 0.5029 -0.0849 0.8601
vn 0.0107 -0.0018 0.9999
vn -0.4870 0.0822 0.8695
vn -0.8524 0.1439 0.5027
vn -0.9861 0.1664 -0.0000
vn -0.8524 0.1439 -0.5027
vn -0.4870 0.0822 -0.8695
vn 0.0107 -0.0018 -0.9999
vn 0.5029 -0.0849 -0.8601
vn 0.8577 -0.1448 -0.4934
vn 0.8687 -0.0000 0.4954
vn 0.5080 -0.0000 0.8614
vn 0.0108 -0.0000 0.9999
vn -0.4918 -0.0000 0.8707
vn -0.8633 -0.0000 0.5047
vn -0.8633 -0.0000 -0.5047
vn -0.4918 -0.0000 -0.8707
vn 0.0108 -0.0000 -0.9999
vn 0.5080 -0.0000 -0.8614
vn 0.8687 -0.0000 -0.4954
vn 0.8577 0.1448 0.4934
vn 0.5029 0.0849 0.8601
vn 0.0107 0.0018 0.9999
vn -0.4870 -0.0822 0.8695
vn -0.8524 -0.1439 0.5027
vn -0.8524 -0.1439 -0.5027
vn -0.4870 -0.0822 -0.8695
vn 0.0107 0.0018 -0.9999
vn 0.5029 0.0849 -0.8601
vn 0.8577 0.1448 -0.4933
vn 0.8257 0.2837 0.4875
vn 0.4880 0.1676 0.8566
vn 0.0104 0.0036 0.9999
vn -0.4726 -0.1624 0.8662
vn -0.8208 -0.2820 0.4968
vn -0.8208 -0.2820 -0.4968
vn -0.4726 -0.1624 -0.8662
vn 0.0104 0.0036 -0.9999
vn 0.4880 0.1676 -0.8566
vn 0.8257 0.2837 -0.4875
vn 0.7754 0.4118 0.4787
vn 0.4637 0.2463 0.8511
vn 0.0100 0.0053 0.9999
vn -0.4493 -0.2386 0.8609
vn -0.7709 -0.4094 0.4879
vn -0.7710 -0.4094 -0.4879
vn -0.4493 -0.2386 -0.8609
vn 0.0100 0.0053 -0.9999
vn 0.4637 0.2463 -0.8511
vn 0.7754 0.4118 -0.4787
vn 0.7104 0.5258 0.4678
vn 0.4311 0.3191 0.8440
vn 0.0093 0.0069 0.9999
vn -0.4179 -0.3093 0.8542
vn -0.7065 -0.5229 0.4769
vn -0.7065 -0.5229 -0.4769
vn -0.4179 -0.3093 -0.8542
vn 0.0093 0.0069 -0.9999
vn 0.4311 0.3191 -0.8440
vn 0.7104 0.5258 -0.4678
vn 0.6344 0.6241 0.4560
vn 0.3912 0.3848 0.8360
vn 0.0086 0.0084 0.9999
vn -0.3794 -0.3732 0.8466
vn -0.6311 -0.6208 0.4651
vn -0.6311 -0.6208 -0.4651
vn -0.3794 -0.3732 -0.8466
vn 0.0086 0.0084 -0.9999
vn 0.3912 0.3848 -0.8360
vn 0.6344 0.6241 -0.4560
vn 0.5510 0.7064 0.4444
vn 0.3452 0.4425 0.8277
vn 0.0076 0.0098 0.9999
vn -0.3350 -0.4295 0.8387
vn -0.5482 -0.7028 0.4533
vn -0.5482 -0.7028 -0.4533
vn -0.3350 -0.4295 -0.8387
vn 0.0076 0.0098 -0.9999
vn 0.3452 0.4425 -0.8277
vn 0.5510 0.7064 -0.4444
vn 0.4628 0.7732 0.4335
vn 0.2943 0.4916 0.8196
vn 0.0066 0.0110 0.9999
vn -0.2857 -0.4774 0.8309
vn -0.4606 -0.7695 0.4423
vn -0.4606 -0.7695 -0.4423
vn -0.2857 -0.4774 -0.8309
vn 0.0066 0.0110 -0.9999
vn 0.2943 0.4916 -0.8196
vn 0.4628 0.7732 -0.4335
vn 0.3719 0.8257 0.4241
vn 0.2395 0.5319 0.8122
vn 0.0054 0.0120 0.9999
vn -0.2327 -0.5167 0.8239
vn -0.3702 -0.8220 0.4328
vn -0.3702 -0.8220 -0.4328
vn -0.2327 -0.5167 -0.8239
vn 0.0054 0.0120 -0.9999
vn 0.2395 0.5319 -0.8122
vn 0.3719 0.8257 -0.4241
vn 0.2795 0.8651 0.4165
vn 0.1819 0.5631 0.8061
vn 0.0041 0.0128 0.9999
vn -0.1768 -0.5473 0.8180
vn -0.2783 -0.8613 0.4251
vn -0.2783 -0.8613 -0.4251
vn -0.1768 -0.5473 -0.8180
vn 0.0041 0.0128 -0.9999
vn 0.1819 0.5631 -0.8061
vn 0.2795 0.8651 -0.4165
vn 0.1865 0.8924 0.4110
vn 0.1223 0.5854 0.8015
vn 0.0028 0.0133 0.9999
vn -0.1189 -0.5691 0.8136
vn -0.1857 -0.8886 0.4195
vn -0.1857 -0.8886 -0.4195
vn -0.1189 -0.5691 -0.8136
vn 0.0028 0.0133 -0.9999
vn 0.1223 0.5854 -0.8015
vn 0.1865 0.8924 -0.4110
vn 0.0933 0.9084 0.4076
vn 0.0615 0.5987 0.7986
vn 0.0014 0.0137 0.9999
vn -0.0598 -0.5822 0.8109
vn -0.0929 -0.9046 0.4161
vn -0.0929 -0.9046 -0.4161
vn -0.0598 -0.5822 -0.8108
vn 0.0014 0.0137 -0.9999
vn 0.0615 0.5987 -0.7986
vn 0.0933 0.9084 -0.4076
vn -0.0000 0.9137 0.4064
vn -0.0000 0.6031 0.7977
vn -0.0000 0.0138 0.9999
vn -0.0000 -0.5865 0.8099
vn -0.0000 -0.9099 0.4149
vn -0.0000 -0.9099 -0.4149
vn -0.0000 -0.5865 -0.8099
vn -0.0000 0.0138 -0.9999
vn -0.0000 0.6031 -0.7977
vn -0.0000 0.9137 -0.4064
vn -0.0933 0.9084 0.4076
vn -0.0615 0.5987 0.7986
vn -0.0014 0.0137 0.9999
vn 0.0598 -0.5822 0.8108
vn 0.0929 -0.9046 0.4161
vn 0.0929 -0.9046 -0.4161
vn 0.0598 -0.5822 -0.8109
vn -0.0014 0.0137 -0.9999
vn -0.0615 0.5987 -0.7986
vn -0.0933 0.9084 -0.4076
vn -0.1865 0.8924 0.4110
vn -0.1223 0.5854 0.8015
vn -0.0028 0.0133 0.9999
vn 0.1189 -0.5691 0.8136
vn 0.1857 -0.8886 0.4195
vn 0.2046 -0.9788 -0.0000
vn 0.1857 -0.8886 -0.4195
vn 0.1189 -0.5691 -0.8136
vn -0.0028 0.0133 -0.9999
vn -0.1223 0.5854 -0.8015
vn -0.1865 0.8924 -0.4110
vn -0.2795 0.8651 0.4165
vn -0.1819 0.5631 0.8061
vn -0.0041 0.0128 0.9999
vn 0.1768 -0.5473 0.8180
vn 0.2783 -0.8613 0.4251
vn 0.2783 -0.8613 -0.4251
vn 0.1768 -0.5473 -0.8180
vn -0.0041 0.0128 -0.9999
vn -0.1819 0.5631 -0.8061
vn -0.2795 0.8651 -0.4165
vn -0.3719 0.8257 0.4241
vn -0.2395 0.5319 0.8123
vn -0.0054 0.0120 0.9999
vn 0.2327 -0.5167 0.8239
vn 0.3702 -0.8220 0.4328
vn 0.3702 -0.8220 -0.4328
vn 0.2327 -0.5167 -0.8239
vn -0.0054 0.0120 -0.9999
vn -0.2395 0.5319 -0.8123
vn -0.3719 0.8257 -0.4241
vn -0.4628 0.7732 0.4335
vn -0.2943 0.4916 0.8196
vn -0.0066 0.0110 0.9999
vn 0.2857 -0.4774 0.8309
vn 0.4606 -0.7695 0.4423
vn 0.4606 -0.7695 -0.4423
vn 0.2857 -0.4774 -0.8309
vn -0.0066 0.0110 -0.9999
vn -0.2943 0.4916 -0.8196
vn -0.4628 0.7732 -0.4335
vn -0.5510 0.7064 0.4444
vn -0.3452 0.4425 0.8277
vn -0.0076 0.0098 0.9999
vn 0.3350 -0.4295 0.8387
vn 0.5482 -0.7028 0.4533
vn 0.5482 -0.7028 -0.4533
vn 0.3350 -0.4295 -0.8387
vn -0.0076 0.0098 -0.9999
vn -0.3452 0.4425 -0.8277
vn -0.5510 0.7064 -0.4444
vn -0.6344 0.6241 0.4560
vn -0.3912 0.3848 0.8360
vn -0.0086 0.0084 0.9999
vn 0.3794 -0.3732 0.8466
vn 0.6311 -0.6208 0.4651
vn 0.6311 -0.6208 -0.4651
vn 0.3794 -0.3732 -0.8466
vn -0.0085 0.0084 -0.9999
vn -0.3912 0.3848 -0.8360
vn -0.6344 0.6241 -0.4560
vn -0.7104 0.5258 0.4678
vn -0.4311 0.3191 0.8440
vn -0.0093 0.0069 0.9999
vn 0.4179 -0.3093 0.8542
vn 0.7065 -0.5229 0.4769
vn 0.7065 -0.5229 -0.4769
vn 0.4179 -0.3093 -0.8542
vn -0.0093 0.0069 -0.9999
vn -0.4311 0.3191 -0.8440
vn -0.7104 0.5258 -0.4678
vn -0.7754 0.4118 0.4787
vn -0.4637 0.2463 0.8511
vn -0.0100 0.0053 0.9999
vn 0.4493 -0.2386 0.8609
vn 0.7709 -0.4094 0.4879
vn 0.7709 -0.4094 -0.4879
vn 0.4493 -0.2386 -0.8609
vn -0.0100 0.0053 -0.9999
vn -0.4637 0.2463 -0.8511
vn -0.7754 0.4118 -0.4787
vn -0.8257 0.2837 0.4875
vn -0.4880 0.1676 0.8566
vn -0.0104 0.0036 0.9999
vn 0.4726 -0.1624 0.8662
vn 0.8208 -0.2820 0.4968
vn 0.8208 -0.2820 -0.4968
vn 0.4726 -0.1624 -0.8662
vn -0.0104 0.0036 -0.9999
vn -0.4880 0.1676 -0.8566
vn -0.8257 0.2837 -0.4875
vn -0.8577 0.1448 0.4934
vn -0.5029 0.0849 0.8601
vn -0.0107 0.0018 0.9999
vn 0.4870 -0.0822 0.8695
vn 0.8524 -0.1439 0.5027
vn 0.8524 -0.1439 -0.5027
vn 0.4870 -0.0822 -0.8695
vn -0.0107 0.0018 -0.9999
vn -0.5029 0.0849 -0.8601
vn -0.8577 0.1448 -0.4933
vt 0.520833 0.500000
vt 0.500000 0.583333
vt 0.500000 0.500000
vt 0.520833 0.583333
vt 0.500000 0.666667
vt 0.520833 0.750000
vt 0.500000 0.750000
vt 0.520833 0.833333
vt 0.500000 0.833333
vt 0.500000 0.916667
vt 0.520833 0.916667
vt 0.500000 1.000000
vt 0.500000 0.000000
vt 0.520833 0.083333
vt 0.500000 0.083333
vt 0.500000 0.166667
vt 0.520833 0.166667
vt 0.500000 0.250000
vt 0.520833 0.250000
vt 0.500000 0.333333
vt 0.520833 0.416667
vt 0.500000 0.416667
vt 0.541667 0.500000
vt 0.541667 0.583333
vt 0.520833 0.666667
vt 0.541667 0.666667
vt 0.541667 0.750000
vt 0.541667 0.833333
vt 0.541667 1.000000
vt 0.520833 1.000000
vt 0.541667 0.000000
vt 0.520833 0.000000
vt 0.541667 0.166667
vt 0.541667 0.250000
vt 0.520833 0.333333
vt 0.541667 0.333333
vt 0.562500 0.500000
vt 0.562500 0.583333
vt 0.562500 0.750000
vt 0.562500 0.833333
vt 0.562500 0.916667
vt 0.541667 0.916667
vt 0.562500 0.000000
vt 0.541667 0.083333
vt 0.562500 0.083333
vt 0.562500 0.166667
vt 0.562500 0.250000
vt 0.562500 0.333333
vt 0.541667 0.416667
vt 0.583333 0.500000
vt 0.583333 0.583333
vt 0.562500 0.666667
vt 0.583333 0.666667
vt 0.583333 0.750000
vt 0.583333 0.833333
vt 0.583333 0.916667
vt 0.562500 1.000000
vt 0.583333 0.083333
vt 0.583333 0.166667
vt 0.583333 0.250000
vt 0.583333 0.333333
vt 0.562500 0.416667
vt 0.583333 0.416667
vt 0.604167 0.500000
vt 0.604167 0.666667
vt 0.604167 0.833333
vt 0.604167 1.000000
vt 0.583333 1.000000
vt 0.604167 0.000000
vt 0.583333 0.000000
vt 0.604167 0.166667
vt 0.604167 0.333333
vt 0.604167 0.416667
vt 0.625000 0.500000
vt 0.604167 0.583333
vt 0.625000 0.666667
vt 0.604167 0.750000
vt 0.625000 0.833333
vt 0.604167 0.916667
vt 0.625000 1.000000
vt 0.625000 0.000000
vt 0.604167 0.083333
vt 0.625000 0.166667
vt 0.604167 0.250000
vt 0.625000 0.333333
vt 0.625000 0.416667
vt 0.645833 0.500000
vt 0.625000 0.583333
vt 0.645833 0.666667
vt 0.625000 0.750000
vt 0.645833 0.750000
vt 0.645833 0.833333
vt 0.625000 0.916667
vt 0.645833 0.916667
vt 0.645833 0.000000
vt 0.625000 0.083333
vt 0.645833 0.166667
vt 0.625000 0.250000
vt 0.645833 0.250000
vt 0.645833 0.333333
vt 0.666667 0.500000
vt 0.645833 0.583333
vt 0.666667 0.666667
vt 0.666667 0.833333
vt 0.666667 0.916667
vt 0.645833 1.000000
vt 0.666667 0.000000
vt 0.645833 0.083333
vt 0.666667 0.083333
vt 0.666667 0.166667
vt 0.666667 0.250000
vt 0.666667 0.333333
vt 0.645833 0.416667
vt 0.687500 0.583333
vt 0.666667 0.583333
vt 0.687500 0.666667
vt 0.666667 0.750000
vt 0.687500 0.750000
vt 0.687500 0.916667
vt 0.666667 1.000000
vt 0.687500 0.083333
vt 0.687500 0.250000
vt 0.687500 0.416667
vt 0.666667 0.416667
vt 0.708333 0.500000
vt 0.687500 0.500000
vt 0.708333 0.666667
vt 0.708333 0.750000
vt 0.687500 0.833333
vt 0.708333 0.833333
vt 0.708333 1.000000
vt 0.687500 1.000000
vt 0.708333 0.000000
vt 0.687500 0.000000
vt 0.708333 0.083333
vt 0.687500 0.166667
vt 0.708333 0.166667
vt 0.708333 0.250000
vt 0.687500 0.333333
vt 0.708333 0.333333
vt 0.708333 0.416667
vt 0.729167 0.583333
vt 0.708333 0.583333
vt 0.729167 0.666667
vt 0.729167 0.833333
vt 0.708333 0.916667
vt 0.729167 0.916667
vt 0.729167 0.083333
vt 0.729167 0.166667
vt 0.729167 0.333333
vt 0.729167 0.416667
vt 0.729167 0.500000
vt 0.750000 0.583333
vt 0.750000 0.666667
vt 0.729167 0.750000
vt 0.750000 0.750000
vt 0.750000 0.916667
vt 0.729167 1.000000
vt 0.750000 0.000000
vt 0.729167 0.000000
vt 0.750000 0.083333
vt 0.750000 0.166667
vt 0.729167 0.250000
vt 0.750000 0.333333
vt 0.750000 0.416667
vt 0.770833 0.500000
vt 0.750000 0.500000
vt 0.770833 0.666667
vt 0.770833 0.750000
vt 0.750000 0.833333
vt 0.770833 0.833333
vt 0.770833 1.000000
vt 0.750000 1.000000
vt 0.770833 0.000000
vt 0.770833 0.166667
vt 0.770833 0.250000
vt 0.750000 0.250000
vt 0.770833 0.333333
vt 0.770833 0.416667
vt 0.791667 0.500000
vt 0.770833 0.583333
vt 0.791667 0.666667
vt 0.791667 0.750000
vt 0.791667 0.833333
vt 0.770833 0.916667
vt 0.791667 0.916667
vt 0.791667 0.000000
vt 0.770833 0.083333
vt 0.791667 0.083333
vt 0.791667 0.166667
vt 0.791667 0.250000
vt 0.791667 0.333333
vt 0.791667 0.416667
vt 0.812500 0.583333
vt 0.791667 0.583333
vt 0.812500 0.666667
vt 0.812500 0.833333
vt 0.812500 0.916667
vt 0.812500 1.000000
vt 0.791667 1.000000
vt 0.812500 0.000000
vt 0.812500 0.083333
vt 0.812500 0.166667
vt 0.812500 0.333333
vt 0.812500 0.416667
vt 0.833333 0.500000
vt 0.812500 0.500000
vt 0.833333 0.583333
vt 0.833333 0.666667
vt 0.812500 0.750000
vt 0.833333 0.833333
vt 0.833333 0.916667
vt 0.833333 0.083333
vt 0.833333 0.166667
vt 0.812500 0.250000
vt 0.833333 0.333333
vt 0.833333 0.416667
vt 0.854167 0.500000
vt 0.854167 0.583333
vt 0.854167 0.750000
vt 0.833333 0.750000
vt 0.854167 0.833333
vt 0.854167 0.916667
vt 0.833333 1.000000
vt 0.854167 0.000000
vt 0.833333 0.000000
vt 0.854167 0.083333
vt 0.854167 0.250000
vt 0.833333 0.250000
vt 0.854167 0.416667
vt 0.875000 0.500000
vt 0.875000 0.583333
vt 0.854167 0.666667
vt 0.875000 0.750000
vt 0.875000 0.916667
vt 0.875000 1.000000
vt 0.854167 1.000000
vt 0.875000 0.000000
vt 0.875000 0.083333
vt 0.854167 0.166667
vt 0.875000 0.250000
vt 0.854167 0.333333
vt 0.875000 0.333333
vt 0.895833 0.500000
vt 0.895833 0.666667
vt 0.875000 0.666667
vt 0.895833 0.833333
vt 0.875000 0.833333
vt 0.895833 0.916667
vt 0.895833 0.083333
vt 0.895833 0.166667
vt 0.875000 0.166667
vt 0.895833 0.333333
vt 0.875000 0.416667
vt 0.895833 0.416667
vt 0.916667 0.500000
vt 0.895833 0.583333
vt 0.916667 0.583333
vt 0.916667 0.666667
vt 0.895833 0.750000
vt 0.916667 0.833333
vt 0.916667 0.916667
vt 0.895833 1.000000
vt 0.895833 0.000000
vt 0.916667 0.083333
vt 0.916667 0.166667
vt 0.895833 0.250000
vt 0.916667 0.250000
vt 0.916667 0.333333
vt 0.937500 0.500000
vt 0.937500 0.666667
vt 0.916667 0.750000
vt 0.937500 0.833333
vt 0.937500 1.000000
vt 0.916667 1.000000
vt 0.937500 0.000000
vt 0.916667 0.000000
vt 0.937500 0.166667
vt 0.937500 0.250000
vt 0.937500 0.333333
vt 0.916667 0.416667
vt 0.958333 0.500000
vt 0.937500 0.583333
vt 0.958333 0.666667
vt 0.937500 0.750000
vt 0.958333 0.750000
vt 0.958333 0.833333
vt 0.937500 0.916667
vt 0.958333 0.916667
vt 0.958333 0.000000
vt 0.937500 0.083333
vt 0.958333 0.166667
vt 0.958333 0.250000
vt 0.958333 0.333333
vt 0.937500 0.416667
vt 0.958333 0.416667
vt 0.979167 0.500000
vt 0.958333 0.583333
vt 0.979167 0.583333
vt 0.979167 0.750000
vt 0.979167 0.833333
vt 0.979167 1.000000
vt 0.958333 1.000000
vt 0.979167 0.000000
vt 0.958333 0.083333
vt 0.979167 0.083333
vt 0.979167 0.250000
vt 0.979167 0.416667
vt 1.000000 0.583333
vt 0.979167 0.666667
vt 1.000000 0.750000
vt 1.000000 0.833333
vt 0.979167 0.916667
vt 1.000000 0.916667
vt 1.000000 0.000000
vt 1.000000 0.083333
vt 0.979167 0.166667
vt 1.000000 0.250000
vt 0.979167 0.333333
vt 1.000000 0.333333
vt 1.000000 0.416667
vt 0.020833 0.500000
vt 0.000000 0.583333
vt 0.000000 0.500000
vt 0.020833 0.666667
vt 0.000000 0.666667
vt 0.000000 0.750000
vt 0.020833 0.750000
vt 0.000000 0.833333
vt 0.020833 0.833333
vt 0.000000 0.916667
vt 0.020833 0.916667
vt 0.000000 1.000000
vt 0.000000 0.000000
vt 0.020833 0.083333
vt 0.000000 0.083333
vt 0.020833 0.166667
vt 0.000000 0.166667
vt 0.020833 0.250000
vt 0.000000 0.250000
vt 0.020833 0.333333
vt 0.000000 0.333333
vt 0.020833 0.416667
vt 0.000000 0.416667
vt 0.041667 0.500000
vt 0.020833 0.583333
vt 0.041667 0.666667
vt 0.041667 0.750000
vt 0.041667 0.833333
vt 0.041667 0.916667
vt 0.020833 1.000000
vt 0.041667 0.000000
vt 0.020833 0.000000
vt 0.041667 0.166667
vt 0.041667 0.250000
vt 0.041667 0.333333
vt 0.041667 0.416667
vt 0.062500 0.500000
vt 0.041667 0.583333
vt 0.062500 0.666667
vt 0.062500 0.833333
vt 0.062500 1.000000
vt 0.041667 1.000000
vt 0.062500 0.000000
vt 0.041667 0.083333
vt 0.062500 0.083333
vt 0.062500 0.166667
vt 0.062500 0.333333
vt 0.083333 0.500000
vt 0.062500 0.583333
vt 0.083333 0.666667
vt 0.062500 0.750000
vt 0.083333 0.750000
vt 0.083333 0.833333
vt 0.062500 0.916667
vt 0.083333 1.000000
vt 0.083333 0.000000
vt 0.083333 0.166667
vt 0.062500 0.250000
vt 0.083333 0.250000
vt 0.083333 0.333333
vt 0.062500 0.416667
vt 0.083333 0.416667
vt 0.104167 0.500000
vt 0.083333 0.583333
vt 0.104167 0.583333
vt 0.104167 0.666667
vt 0.104167 0.750000
vt 0.104167 0.833333
vt 0.083333 0.916667
vt 0.104167 0.916667
vt 0.104167 0.000000
vt 0.083333 0.083333
vt 0.104167 0.083333
vt 0.104167 0.250000
vt 0.104167 0.416667
vt 0.125000 0.500000
vt 0.125000 0.583333
vt 0.125000 0.750000
vt 0.125000 0.916667
vt 0.125000 1.000000
vt 0.104167 1.000000
vt 0.125000 0.000000
vt 0.125000 0.083333
vt 0.104167 0.166667
vt 0.125000 0.250000
vt 0.104167 0.333333
vt 0.125000 0.416667
vt 0.145833 0.583333
vt 0.125000 0.666667
vt 0.145833 0.666667
vt 0.145833 0.750000
vt 0.125000 0.833333
vt 0.145833 0.916667
vt 0.145833 0.083333
vt 0.125000 0.166667
vt 0.145833 0.166667
vt 0.145833 0.250000
vt 0.125000 0.333333
vt 0.145833 0.416667
vt 0.166667 0.500000
vt 0.145833 0.500000
vt 0.166667 0.666667
vt 0.166667 0.750000
vt 0.145833 0.833333
vt 0.166667 0.833333
vt 0.166667 1.000000
vt 0.145833 1.000000
vt 0.166667 0.000000
vt 0.145833 0.000000
vt 0.166667 0.166667
vt 0.166667 0.250000
vt 0.145833 0.333333
vt 0.166667 0.333333
vt 0.166667 0.416667
vt 0.187500 0.583333
vt 0.166667 0.583333
vt 0.187500 0.666667
vt 0.187500 0.750000
vt 0.187500 0.833333
vt 0.166667 0.916667
vt 0.187500 1.000000
vt 0.187500 0.000000
vt 0.166667 0.083333
vt 0.187500 0.083333
vt 0.187500 0.250000
vt 0.187500 0.333333
vt 0.187500 0.416667
vt 0.187500 0.500000
vt 0.208333 0.583333
vt 0.208333 0.666667
vt 0.208333 0.833333
vt 0.187500 0.916667
vt 0.208333 0.916667
vt 0.208333 0.083333
vt 0.187500 0.166667
vt 0.208333 0.166667
vt 0.208333 0.250000
vt 0.208333 0.333333
vt 0.208333 0.500000
vt 0.229167 0.500000
vt 0.229167 0.666667
vt 0.208333 0.750000
vt 0.229167 0.750000
vt 0.229167 0.833333
vt 0.229167 0.916667
vt 0.208333 1.000000
vt 0.208333 0.000000
vt 0.229167 0.083333
vt 0.229167 0.166667
vt 0.229167 0.250000
vt 0.229167 0.333333
vt 0.208333 0.416667
vt 0.229167 0.416667
vt 0.250000 0.500000
vt 0.229167 0.583333
vt 0.250000 0.666667
vt 0.250000 0.833333
vt 0.250000 0.916667
vt 0.229167 1.000000
vt 0.250000 0.000000
vt 0.229167 0.000000
vt 0.250000 0.083333
vt 0.250000 0.166667
vt 0.250000 0.333333
vt 0.270833 0.500000
vt 0.250000 0.583333
vt 0.270833 0.666667
vt 0.270833 0.750000
vt 0.250000 0.750000
vt 0.270833 0.833333
vt 0.270833 0.916667
vt 0.250000 1.000000
vt 0.270833 0.083333
vt 0.270833 0.166667
vt 0.250000 0.250000
vt 0.270833 0.250000
vt 0.270833 0.333333
vt 0.250000 0.416667
vt 0.291667 0.500000
vt 0.270833 0.583333
vt 0.291667 0.666667
vt 0.291667 0.833333
vt 0.291667 0.916667
vt 0.270833 1.000000
vt 0.291667 0.000000
vt 0.270833 0.000000
vt 0.291667 0.083333
vt 0.291667 0.166667
vt 0.291667 0.333333
vt 0.270833 0.416667
vt 0.312500 0.500000
vt 0.291667 0.583333
vt 0.312500 0.666667
vt 0.312500 0.750000
vt 0.291667 0.750000
vt 0.312500 0.833333
vt 0.312500 0.916667
vt 0.312500 1.000000
vt 0.291667 1.000000
vt 0.312500 0.000000
vt 0.312500 0.083333
vt 0.312500 0.166667
vt 0.291667 0.250000
vt 0.312500 0.250000
vt 0.312500 0.333333
vt 0.291667 0.416667
vt 0.333333 0.500000
vt 0.312500 0.583333
vt 0.333333 0.666667
vt 0.333333 0.750000
vt 0.333333 0.833333
vt 0.333333 1.000000
vt 0.333333 0.000000
vt 0.333333 0.166667
vt 0.333333 0.250000
vt 0.333333 0.333333
vt 0.312500 0.416667
vt 0.354167 0.500000
vt 0.333333 0.583333
vt 0.354167 0.583333
vt 0.354167 0.750000
vt 0.354167 0.833333
vt 0.333333 0.916667
vt 0.354167 0.916667
vt 0.354167 0.000000
vt 0.333333 0.083333
vt 0.354167 0.083333
vt 0.354167 0.250000
vt 0.354167 0.416667
vt 0.333333 0.416667
vt 0.375000 0.583333
vt 0.375000 0.666667
vt 0.354167 0.666667
vt 0.375000 0.750000
vt 0.375000 0.833333
vt 0.375000 1.000000
vt 0.354167 1.000000
vt 0.375000 0.000000
vt 0.375000 0.083333
vt 0.354167 0.166667
vt 0.375000 0.166667
vt 0.375000 0.250000
vt 0.354167 0.333333
vt 0.375000 0.333333
vt 0.375000 0.416667
vt 0.375000 0.500000
vt 0.395833 0.583333
vt 0.395833 0.666667
vt 0.395833 0.750000
vt 0.395833 0.833333
vt 0.375000 0.916667
vt 0.395833 0.916667
vt 0.395833 0.083333
vt 0.395833 0.166667
vt 0.395833 0.250000
vt 0.395833 0.416667
vt 0.395833 0.500000
vt 0.416667 0.583333
vt 0.416667 0.750000
vt 0.416667 0.916667
vt 0.395833 1.000000
vt 0.395833 0.000000
vt 0.416667 0.083333
vt 0.416667 0.250000
vt 0.395833 0.333333
vt 0.416667 0.333333
vt 0.416667 0.416667
vt 0.437500 0.500000
vt 0.416667 0.500000
vt 0.437500 0.583333
vt 0.416667 0.666667
vt 0.437500 0.666667
vt 0.437500 0.833333
vt 0.416667 0.833333
vt 0.437500 0.916667
vt 0.416667 1.000000
vt 0.437500 0.000000
vt 0.416667 0.000000
vt 0.437500 0.083333
vt 0.416667 0.166667
vt 0.437500 0.166667
vt 0.437500 0.250000
vt 0.437500 0.416667
vt 0.458333 0.500000
vt 0.458333 0.583333
vt 0.458333 0.666667
vt 0.437500 0.750000
vt 0.458333 0.750000
vt 0.458333 0.833333
vt 0.458333 1.000000
vt 0.437500 1.000000
vt 0.458333 0.000000
vt 0.458333 0.166667
vt 0.458333 0.250000
vt 0.458333 0.333333
vt 0.437500 0.333333
vt 0.479167 0.500000
vt 0.479167 0.583333
vt 0.479167 0.750000
vt 0.479167 0.833333
vt 0.458333 0.916667
vt 0.479167 1.000000
vt 0.479167 0.000000
vt 0.458333 0.083333
vt 0.479167 0.083333
vt 0.479167 0.166667
vt 0.479167 0.250000
vt 0.479167 0.416667
vt 0.458333 0.416667
vt 0.479167 0.666667
vt 0.479167 0.916667
vt 0.479167 0.333333
vt 1.000000 0.500000
vt 1.000000 0.666667
vt 1.000000 1.000000
vt 1.000000 0.166667
s 1
g Torus.001_M_Pat.002
usemtl M_Pat.002
f 665/796/618 654/797/607 653/798/606
f 666/799/619 655/800/608 654/797/607
f 655/800/608 668/801/621 656/802/609
f 656/802/609 669/803/622 657/804/610
f 669/803/622 658/805/611 657/804/610
f 670/806/623 659/807/612 658/805/611
f 659/808/612 672/809/625 660/810/613
f 672/809/625 661/811/614 660/810/613
f 673/812/626 662/813/615 661/811/614
f 674/814/627 663/815/616 662/813/615
f 663/815/616 676/816/629 664/817/617
f 664/817/617 665/796/618 653/798/606
f 677/818/630 666/799/619 665/796/618
f 678/819/631 667/820/620 666/799/619
f 679/821/632 668/801/621 667/820/620
f 680/822/633 669/803/622 668/801/621
f 681/823/634 670/806/623 669/803/622
f 670/806/623 683/824/636 671/825/624
f 683/826/636 672/809/625 671/827/624
f 672/809/625 685/828/638 673/812/626
f 673/812/626 686/829/639 674/814/627
f 686/829/639 675/830/628 674/814/627
f 687/831/640 676/816/629 675/830/628
f 676/816/629 677/818/630 665/796/618
f 689/832/642 678/819/631 677/818/630
f 690/833/643 679/821/632 678/819/631
f 679/821/632 692/834/645 680/822/633
f 680/822/633 693/835/646 681/823/634
f 681/823/634 694/836/647 682/837/635
f 694/836/647 683/824/636 682/837/635
f 695/838/648 684/839/637 683/826/636
f 696/840/649 685/828/638 684/839/637
f 697/841/650 686/829/639 685/828/638
f 698/842/651 687/831/640 686/829/639
f 699/843/652 688/844/641 687/831/640
f 688/844/641 689/832/642 677/818/630
f 701/845/654 690/833/643 689/832/642
f 702/846/655 691/847/644 690/833/643
f 703/848/656 692/834/645 691/847/644
f 704/849/657 693/835/646 692/834/645
f 705/850/658 694/836/647 693/835/646
f 706/851/659 695/852/648 694/836/647
f 695/838/648 708/853/661 696/840/649
f 696/840/649 709/854/662 697/841/650
f 697/841/650 710/855/663 698/842/651
f 698/842/651 711/856/664 699/843/652
f 711/856/664 700/857/653 699/843/652
f 712/858/665 689/832/642 700/857/653
f 713/859/666 702/846/655 701/845/654
f 702/846/655 715/860/668 703/848/656
f 715/860/668 704/849/657 703/848/656
f 704/849/657 717/861/670 705/850/658
f 717/861/670 706/851/659 705/850/658
f 706/851/659 719/862/672 707/863/660
f 719/864/672 708/853/661 707/865/660
f 708/853/661 721/866/674 709/854/662
f 721/866/674 710/855/663 709/854/662
f 710/855/663 723/867/676 711/856/664
f 723/867/676 712/858/665 711/856/664
f 724/868/677 701/845/654 712/858/665
f 725/869/678 714/870/667 713/859/666
f 714/870/667 727/871/680 715/860/668
f 727/871/680 716/872/669 715/860/668
f 716/872/669 729/873/682 717/861/670
f 729/873/682 718/874/671 717/861/670
f 718/874/671 731/875/684 719/862/672
f 731/876/684 720/877/673 719/864/672
f 720/877/673 733/878/686 721/866/674
f 733/878/686 722/879/675 721/866/674
f 722/879/675 735/880/688 723/867/676
f 735/880/688 724/868/677 723/867/676
f 736/881/689 713/859/666 724/868/677
f 737/882/690 726/883/679 725/869/678
f 726/883/679 739/884/692 727/871/680
f 739/884/692 728/885/681 727/871/680
f 740/886/693 729/873/682 728/885/681
f 741/887/694 730/888/683 729/873/682
f 742/889/695 731/875/684 730/888/683
f 743/890/696 732/891/685 731/876/684
f 732/891/685 745/892/698 733/878/686
f 745/892/698 734/893/687 733/878/686
f 746/894/699 735/880/688 734/893/687
f 747/895/700 736/881/689 735/880/688
f 736/881/689 737/882/690 725/869/678
f 749/896/702 738/897/691 737/882/690
f 738/897/691 751/898/704 739/884/692
f 751/898/704 740/886/693 739/884/692
f 740/886/693 753/899/706 741/887/694
f 741/887/694 754/900/707 742/889/695
f 754/900/707 743/901/696 742/889/695
f 755/902/708 744/903/697 743/890/696
f 756/904/709 745/892/698 744/903/697
f 757/905/710 746/894/699 745/892/698
f 758/906/711 747/895/700 746/894/699
f 759/907/712 748/908/701 747/895/700
f 748/908/701 749/896/702 737/882/690
f 749/896/702 762/909/715 750/910/703
f 762/909/715 751/898/704 750/910/703
f 763/911/716 752/912/705 751/898/704
f 764/913/717 753/899/706 752/912/705
f 753/899/706 766/914/719 754/900/707
f 766/914/719 755/915/708 754/900/707
f 755/902/708 768/916/721 756/904/709
f 768/916/721 757/905/710 756/904/709
f 757/905/710 770/917/723 758/906/711
f 770/917/723 759/907/712 758/906/711
f 759/907/712 772/918/725 760/919/713
f 772/918/725 749/896/702 760/919/713
f 773/920/726 762/909/715 761/921/714
f 762/909/715 775/922/728 763/911/716
f 763/911/716 776/923/729 764/913/717
f 776/923/729 765/924/718 764/913/717
f 777/925/730 766/914/719 765/924/718
f 766/914/719 779/926/732 767/927/720
f 779/928/732 768/916/721 767/929/720
f 780/930/733 769/931/722 768/916/721
f 781/932/734 770/917/723 769/931/722
f 782/933/735 771/934/724 770/917/723
f 783/935/736 772/918/725 771/934/724
f 784/936/737 761/921/714 772/918/725
f 773/920/726 786/937/739 774/938/727
f 786/937/739 775/922/728 774/938/727
f 787/939/740 776/923/729 775/922/728
f 776/923/729 789/940/742 777/925/730
f 789/940/742 778/941/731 777/925/730
f 790/942/743 779/926/732 778/941/731
f 779/928/732 792/943/745 780/930/733
f 792/943/745 781/932/734 780/930/733
f 793/944/746 782/933/735 781/932/734
f 782/933/735 795/945/748 783/935/736
f 783/935/736 796/946/749 784/936/737
f 796/946/749 773/920/726 784/936/737
f 785/947/738 798/948/751 786/937/739
f 798/948/751 787/939/740 786/937/739
f 799/949/752 788/950/741 787/939/740
f 800/951/753 789/940/742 788/950/741
f 789/940/742 802/952/755 790/942/743
f 802/952/755 791/953/744 790/942/743
f 803/954/756 792/943/745 791/955/744
f 804/956/757 793/944/746 792/943/745
f 805/957/758 794/958/747 793/944/746
f 794/958/747 807/959/760 795/945/748
f 795/945/748 808/960/761 796/946/749
f 808/960/761 785/947/738 796/946/749
f 809/961/762 798/948/751 797/962/750
f 798/948/751 811/963/764 799/949/752
f 811/963/764 800/951/753 799/949/752
f 812/964/765 801/965/754 800/951/753
f 813/966/766 802/952/755 801/965/754
f 802/952/755 815/967/768 803/968/756
f 815/969/768 804/956/757 803/954/756
f 804/956/757 817/970/770 805/957/758
f 805/957/758 818/971/771 806/972/759
f 806/972/759 819/973/772 807/959/760
f 819/973/772 808/960/761 807/959/760
f 820/974/773 797/962/750 808/960/761
f 821/975/774 810/976/763 809/961/762
f 810/976/763 823/977/776 811/963/764
f 811/963/764 824/978/777 812/964/765
f 812/964/765 825/979/778 813/966/766
f 825/979/778 814/980/767 813/966/766
f 826/981/779 815/967/768 814/980/767
f 827/982/780 816/983/769 815/969/768
f 828/984/781 817/970/770 816/983/769
f 829/985/782 818/971/771 817/970/770
f 830/986/783 819/973/772 818/971/771
f 831/987/784 820/974/773 819/973/772
f 832/988/785 809/961/762 820/974/773
f 821/975/774 834/989/787 822/990/775
f 822/990/775 835/991/788 823/977/776
f 835/991/788 824/978/777 823/977/776
f 824/978/777 837/992/790 825/979/778
f 825/979/778 838/993/791 826/981/779
f 826/981/779 839/994/792 827/995/780
f 839/996/792 828/984/781 827/982/780
f 840/997/793 829/985/782 828/984/781
f 841/998/794 830/986/783 829/985/782
f 830/986/783 843/999/796 831/987/784
f 843/999/796 832/988/785 831/987/784
f 844/1000/797 821/975/774 832/988/785
f 845/1001/798 834/989/787 833/1002/786
f 846/1003/799 835/991/788 834/989/787
f 847/1004/800 836/1005/789 835/991/788
f 836/1005/789 849/1006/802 837/992/790
f 849/1006/802 838/993/791 837/992/790
f 850/1007/803 839/994/792 838/993/791
f 839/996/792 852/1008/805 840/997/793
f 852/1008/805 841/998/794 840/997/793
f 853/1009/806 842/1010/795 841/998/794
f 842/1010/795 855/1011/808 843/999/796
f 843/999/796 856/1012/809 844/1000/797
f 844/1000/797 845/1001/798 833/1002/786
f 857/1013/810 846/1003/799 845/1001/798
f 858/1014/811 847/1004/800 846/1003/799
f 847/1004/800 860/1015/813 848/1016/801
f 860/1015/813 849/1006/802 848/1016/801
f 861/1017/814 850/1007/803 849/1006/802
f 862/1018/815 851/1019/804 850/1007/803
f 863/1020/816 852/1008/805 851/1021/804
f 864/1022/817 853/1009/806 852/1008/805
f 853/1009/806 866/1023/819 854/1024/807
f 866/1023/819 855/1011/808 854/1024/807
f 855/1011/808 868/1025/821 856/1012/809
f 856/1012/809 857/1013/810 845/1001/798
f 869/1026/822 858/1014/811 857/1013/810
f 870/1027/823 859/1028/812 858/1014/811
f 859/1028/812 872/1029/825 860/1015/813
f 872/1029/825 861/1017/814 860/1015/813
f 861/1017/814 874/1030/827 862/1018/815
f 862/1018/815 875/1031/828 863/1032/816
f 875/1033/828 864/1022/817 863/1020/816
f 876/1034/829 865/1035/818 864/1022/817
f 865/1035/818 878/1036/831 866/1023/819
f 878/1036/831 867/1037/820 866/1023/819
f 879/1038/832 868/1025/821 867/1037/820
f 868/1025/821 869/1026/822 857/1013/810
f 881/1039/834 870/1027/823 869/1026/822
f 870/1027/823 883/1040/836 871/1041/824
f 883/1040/836 872/1029/825 871/1041/824
f 872/1029/825 885/1042/838 873/1043/826
f 885/1042/838 874/1030/827 873/1043/826
f 886/1044/839 875/1031/828 874/1030/827
f 875/1033/828 888/1045/841 876/1034/829
f 876/1034/829 889/1046/842 877/1047/830
f 889/1046/842 878/1036/831 877/1047/830
f 878/1036/831 891/1048/844 879/1038/832
f 891/1048/844 880/1049/833 879/1038/832
f 892/1050/845 869/1026/822 880/1049/833
f 893/1051/846 882/1052/835 881/1039/834
f 894/1053/847 883/1040/836 882/1052/835
f 895/1054/848 884/1055/837 883/1040/836
f 884/1055/837 897/1056/850 885/1042/838
f 885/1042/838 898/1057/851 886/1044/839
f 898/1057/851 887/1058/840 886/1044/839
f 887/1059/840 900/1060/853 888/1045/841
f 900/1060/853 889/1046/842 888/1045/841
f 901/1061/854 890/1062/843 889/1046/842
f 902/1063/855 891/1048/844 890/1062/843
f 903/1064/856 892/1050/845 891/1048/844
f 892/1050/845 893/1051/846 881/1039/834
f 905/1065/858 894/1053/847 893/1051/846
f 894/1053/847 907/1066/860 895/1054/848
f 907/1066/860 896/1067/849 895/1054/848
f 896/1067/849 909/1068/862 897/1056/850
f 909/1068/862 898/1057/851 897/1056/850
f 898/1057/851 911/1069/864 899/1070/852
f 911/1071/864 900/1060/853 899/1072/852
f 900/1060/853 913/1073/866 901/1061/854
f 913/1073/866 902/1063/855 901/1061/854
f 914/1074/867 903/1064/856 902/1063/855
f 915/1075/868 904/1076/857 903/1064/856
f 904/1076/857 905/1065/858 893/1051/846
f 917/1077/870 906/1078/859 905/1065/858
f 906/1078/859 919/1079/872 907/1066/860
f 919/1079/872 908/1080/861 907/1066/860
f 920/1081/873 909/1068/862 908/1080/861
f 921/1082/874 910/1083/863 909/1068/862
f 922/1084/875 911/1069/864 910/1083/863
f 923/1085/876 912/1086/865 911/1071/864
f 912/1086/865 925/1087/878 913/1073/866
f 925/1087/878 914/1074/867 913/1073/866
f 926/1088/879 915/1075/868 914/1074/867
f 927/1089/880 916/1090/869 915/1075/868
f 928/1091/881 905/1065/858 916/1090/869
f 929/1092/882 918/1093/871 917/1077/870
f 930/1094/883 919/1079/872 918/1093/871
f 919/1079/872 932/1095/885 920/1081/873
f 932/1095/885 921/1082/874 920/1081/873
f 933/1096/886 922/1084/875 921/1082/874
f 922/1084/875 935/1097/888 923/1098/876
f 935/1099/888 924/1100/877 923/1085/876
f 936/1101/889 925/1087/878 924/1100/877
f 925/1087/878 938/1102/891 926/1088/879
f 938/1102/891 927/1089/880 926/1088/879
f 927/1089/880 940/1103/893 928/1091/881
f 940/1103/893 917/1077/870 928/1091/881
f 929/1092/882 942/1104/894 930/1094/883
f 942/1104/894 931/1105/884 930/1094/883
f 931/1105/884 944/1106/896 932/1095/885
f 944/1106/896 933/1096/886 932/1095/885
f 945/1107/897 934/1108/887 933/1096/886
f 946/1109/898 935/1097/888 934/1108/887
f 947/1110/606 936/1101/889 935/1099/888
f 948/1111/899 937/1112/890 936/1101/889
f 937/1112/890 950/1113/901 938/1102/891
f 950/1113/901 939/1114/892 938/1102/891
f 951/1115/902 940/1103/893 939/1114/892
f 952/1116/903 929/1092/882 940/1103/893
f 953/1117/624 942/1118/894 941/1119/612
f 942/1118/894 955/1120/905 943/1121/895
f 955/1120/905 944/1122/896 943/1121/895
f 956/1123/906 945/1124/897 944/1122/896
f 957/1125/907 946/1126/898 945/1124/897
f 958/1127/908 947/1128/606 946/1126/898
f 947/1129/606 960/1130/909 948/1131/899
f 948/1131/899 961/1132/910 949/1133/900
f 949/1133/900 962/1134/911 950/1135/901
f 950/1135/901 963/1136/912 951/1137/902
f 951/1137/902 964/1138/913 952/1139/903
f 952/1139/903 953/1117/624 941/1119/612
f 965/1140/636 954/1141/904 953/1117/624
f 954/1141/904 967/1142/915 955/1120/905
f 955/1120/905 968/1143/916 956/1123/906
f 956/1123/906 969/1144/917 957/1125/907
f 969/1144/917 958/1127/908 957/1125/907
f 970/1145/918 959/1146/618 958/1127/908
f 971/1147/630 960/1130/909 959/1148/618
f 960/1130/909 973/1149/920 961/1132/910
f 973/1149/920 962/1134/911 961/1132/910
f 974/1150/921 963/1136/912 962/1134/911
f 975/1151/922 964/1138/913 963/1136/912
f 976/1152/923 953/1117/624 964/1138/913
f 977/1153/648 966/1154/914 965/1140/636
f 966/1154/914 979/1155/925 967/1142/915
f 979/1155/925 968/1143/916 967/1142/915
f 968/1143/916 981/1156/927 969/1144/917
f 981/1156/927 970/1145/918 969/1144/917
f 970/1145/918 983/1157/642 971/1158/630
f 983/1159/642 972/1160/919 971/1147/630
f 984/1161/929 973/1149/920 972/1160/919
f 985/1162/930 974/1150/921 973/1149/920
f 974/1150/921 987/1163/932 975/1151/922
f 987/1163/932 976/1152/923 975/1151/922
f 976/1152/923 977/1153/648 965/1140/636
f 989/1164/660 978/1165/924 977/1153/648
f 978/1165/924 991/1166/935 979/1155/925
f 991/1166/935 980/1167/926 979/1155/925
f 992/1168/936 981/1156/927 980/1167/926
f 993/1169/937 982/1170/928 981/1156/927
f 982/1170/928 995/1171/654 983/1157/642
f 995/1172/654 984/1161/929 983/1159/642
f 984/1161/929 997/1173/940 985/1162/930
f 997/1173/940 986/1174/931 985/1162/930
f 998/1175/941 987/1163/932 986/1174/931
f 999/1176/942 988/1177/933 987/1163/932
f 1000/1178/943 977/1153/648 988/1177/933
f 1001/1179/672 990/1180/934 989/1164/660
f 1002/1181/944 991/1166/935 990/1180/934
f 1003/1182/945 992/1168/936 991/1166/935
f 1004/1183/946 993/1169/937 992/1168/936
f 1005/1184/947 994/1185/938 993/1169/937
f 1006/1186/948 995/1171/654 994/1185/938
f 1007/1187/666 996/1188/939 995/1172/654
f 1008/1189/949 997/1173/940 996/1188/939
f 997/1173/940 1010/1190/951 998/1175/941
f 1010/1190/951 999/1176/942 998/1175/941
f 999/1176/942 1012/1191/953 1000/1178/943
f 1000/1178/943 1001/1179/672 989/1164/660
f 1013/1192/684 1002/1181/944 1001/1179/672
f 1014/1193/954 1003/1182/945 1002/1181/944
f 1003/1182/945 1016/1194/956 1004/1183/946
f 1016/1194/956 1005/1184/947 1004/1183/946
f 1005/1184/947 1018/1195/958 1006/1186/948
f 1006/1186/948 1019/1196/678 1007/1197/666
f 1019/1198/678 1008/1189/949 1007/1187/666
f 1020/1199/959 1009/1200/950 1008/1189/949
f 1009/1200/950 1022/1201/961 1010/1190/951
f 1022/1201/961 1011/1202/952 1010/1190/951
f 1011/1202/952 1024/1203/963 1012/1191/953
f 1024/1203/963 1001/1179/672 1012/1191/953
f 1013/1192/684 1026/1204/964 1014/1193/954
f 1026/1204/964 1015/1205/955 1014/1193/954
f 1027/1206/965 1016/1194/956 1015/1205/955
f 1028/1207/966 1017/1208/957 1016/1194/956
f 1017/1208/957 1030/1209/968 1018/1195/958
f 1030/1209/968 1019/1196/678 1018/1195/958
f 1019/1198/678 1032/1210/969 1020/1199/959
f 1032/1210/969 1021/1211/960 1020/1199/959
f 1033/1212/970 1022/1201/961 1021/1211/960
f 1034/1213/971 1023/1214/962 1022/1201/961
f 1023/1214/962 1036/1215/973 1024/1203/963
f 1036/1215/973 1013/1192/684 1024/1203/963
f 1037/1216/708 1026/1204/964 1025/1217/696
f 1026/1204/964 1039/1218/975 1027/1206/965
f 1039/1218/975 1028/1207/966 1027/1206/965
f 1040/1219/976 1029/1220/967 1028/1207/966
f 1041/1221/977 1030/1209/968 1029/1220/967
f 1030/1209/968 1043/1222/702 1031/1223/690
f 1043/1224/702 1032/1210/969 1031/1225/690
f 1032/1210/969 1045/1226/980 1033/1212/970
f 1045/1226/980 1034/1213/971 1033/1212/970
f 1046/1227/981 1035/1228/972 1034/1213/971
f 1047/1229/982 1036/1215/973 1035/1228/972
f 1048/1230/983 1025/1217/696 1036/1215/973
f 1037/1216/708 1050/1231/984 1038/1232/974
f 1038/1232/974 1051/1233/985 1039/1218/975
f 1039/1218/975 1052/1234/986 1040/1219/976
f 1052/1234/986 1041/1221/977 1040/1219/976
f 1053/1235/987 1042/1236/978 1041/1221/977
f 1042/1236/978 1055/1237/714 1043/1222/702
f 1055/1238/714 1044/1239/979 1043/1224/702
f 1056/1240/989 1045/1226/980 1044/1239/979
f 1045/1226/980 1058/1241/991 1046/1227/981
f 1058/1241/991 1047/1229/982 1046/1227/981
f 1059/1242/992 1048/1230/983 1047/1229/982
f 1060/1243/993 1037/1216/708 1048/1230/983
f 1049/1244/720 1062/1245/994 1050/1231/984
f 1062/1245/994 1051/1233/985 1050/1231/984
f 1063/1246/995 1052/1234/986 1051/1233/985
f 1052/1234/986 1065/1247/997 1053/1235/987
f 1065/1247/997 1054/1248/988 1053/1235/987
f 1066/1249/998 1055/1237/714 1054/1248/988
f 1055/1238/714 1068/1250/999 1056/1240/989
f 1068/1250/999 1057/1251/990 1056/1240/989
f 1069/1252/1000 1058/1241/991 1057/1251/990
f 1070/1253/1001 1059/1242/992 1058/1241/991
f 1071/1254/1002 1060/1243/993 1059/1242/992
f 1060/1243/993 1061/1255/732 1049/1244/720
f 1073/1256/744 1062/1245/994 1061/1255/732
f 1062/1245/994 1075/1257/1005 1063/1246/995
f 1075/1257/1005 1064/1258/996 1063/1246/995
f 1076/1259/1006 1065/1247/997 1064/1258/996
f 1077/1260/1007 1066/1249/998 1065/1247/997
f 1078/1261/1008 1067/1262/726 1066/1249/998
f 1067/1263/726 1080/1264/1009 1068/1250/999
f 1080/1264/1009 1069/1252/1000 1068/1250/999
f 1081/1265/1010 1070/1253/1001 1069/1252/1000
f 1082/1266/1011 1071/1254/1002 1070/1253/1001
f 1083/1267/1012 1072/1268/1003 1071/1254/1002
f 1084/1269/1013 1061/1255/732 1072/1268/1003
f 1085/1270/756 1074/1271/1004 1073/1256/744
f 1074/1271/1004 1087/1272/1015 1075/1257/1005
f 1087/1272/1015 1076/1259/1006 1075/1257/1005
f 1076/1259/1006 1089/1273/1017 1077/1260/1007
f 1077/1260/1007 1090/1274/1018 1078/1261/1008
f 1090/1274/1018 1079/1275/738 1078/1261/1008
f 1091/1276/750 1080/1264/1009 1079/1277/738
f 1092/1278/1019 1081/1265/1010 1080/1264/1009
f 1093/1279/1020 1082/1266/1011 1081/1265/1010
f 1082/1266/1011 1095/1280/1022 1083/1267/1012
f 1095/1280/1022 1084/1269/1013 1083/1267/1012
f 1084/1269/1013 1085/1270/756 1073/1256/744
f 1097/1281/768 1086/1282/1014 1085/1270/756
f 1086/1282/1014 1099/1283/1025 1087/1272/1015
f 1087/1272/1015 1100/1284/1026 1088/1285/1016
f 1088/1285/1016 1101/1286/1027 1089/1273/1017
f 1101/1286/1027 1090/1274/1018 1089/1273/1017
f 1102/1287/1028 1091/1288/750 1090/1274/1018
f 1091/1276/750 1104/1289/1029 1092/1278/1019
f 1092/1278/1019 1105/1290/1030 1093/1279/1020
f 1105/1290/1030 1094/1291/1021 1093/1279/1020
f 1106/1292/1031 1095/1280/1022 1094/1291/1021
f 1107/1293/1032 1096/1294/1023 1095/1280/1022
f 1096/1294/1023 1097/1281/768 1085/1270/756
f 1109/1295/780 1098/1296/1024 1097/1281/768
f 1098/1296/1024 1111/1297/1035 1099/1283/1025
f 1111/1297/1035 1100/1284/1026 1099/1283/1025
f 1100/1284/1026 1113/1298/1037 1101/1286/1027
f 1113/1298/1037 1102/1287/1028 1101/1286/1027
f 1114/1299/1038 1103/1300/762 1102/1287/1028
f 1115/1301/1039 1104/1289/1029 1103/1302/762
f 1116/1303/1040 1105/1290/1030 1104/1289/1029
f 1117/1304/1041 1106/1292/1031 1105/1290/1030
f 1106/1292/1031 1119/1305/1043 1107/1293/1032
f 1119/1305/1043 1108/1306/1033 1107/1293/1032
f 1108/1306/1033 1109/1295/780 1097/1281/768
f 1121/1307/792 1110/1308/1034 1109/1295/780
f 1110/1308/1034 1123/1309/1046 1111/1297/1035
f 1111/1297/1035 1124/1310/1047 1112/1311/1036
f 1112/1311/1036 1125/1312/1048 1113/1298/1037
f 1113/1298/1037 1126/1313/1049 1114/1299/1038
f 1114/1299/1038 1127/1314/786 1115/1315/1039
f 1127/1316/786 1116/1303/1040 1115/1301/1039
f 1128/1317/1050 1117/1304/1041 1116/1303/1040
f 1129/1318/1051 1118/1319/1042 1117/1304/1041
f 1130/1320/1052 1119/1305/1043 1118/1319/1042
f 1131/1321/1053 1120/1322/1044 1119/1305/1043
f 1120/1322/1044 1121/1307/792 1109/1295/780
f 1133/1323/804 1122/1324/1045 1121/1307/792
f 1122/1324/1045 1135/1325/1056 1123/1309/1046
f 1123/1309/1046 1136/1326/1057 1124/1310/1047
f 1124/1310/1047 1137/1327/1058 1125/1312/1048
f 1137/1327/1058 1126/1313/1049 1125/1312/1048
f 1126/1313/1049 1139/1328/798 1127/1314/786
f 1139/1329/798 1128/1317/1050 1127/1316/786
f 1128/1317/1050 1141/1330/1061 1129/1318/1051
f 1141/1330/1061 1130/1320/1052 1129/1318/1051
f 1142/1331/1062 1131/1321/1053 1130/1320/1052
f 1143/1332/1063 1132/1333/1054 1131/1321/1053
f 1132/1333/1054 1133/1323/804 1121/1307/792
f 1145/1334/816 1134/1335/1055 1133/1323/804
f 1146/1336/1065 1135/1325/1056 1134/1335/1055
f 1135/1325/1056 1148/1337/1067 1136/1326/1057
f 1148/1337/1067 1137/1327/1058 1136/1326/1057
f 1149/1338/1068 1138/1339/1059 1137/1327/1058
f 1150/1340/1069 1139/1328/798 1138/1339/1059
f 1151/1341/810 1140/1342/1060 1139/1329/798
f 1152/1343/1070 1141/1330/1061 1140/1342/1060
f 1141/1330/1061 1154/1344/1072 1142/1331/1062
f 1154/1344/1072 1143/1332/1063 1142/1331/1062
f 1143/1332/1063 1156/1345/1074 1144/1346/1064
f 1144/1346/1064 1145/1334/816 1133/1323/804
f 1145/1334/816 1158/1347/1075 1146/1336/1065
f 1146/1336/1065 1159/1348/1076 1147/1349/1066
f 1147/1349/1066 1160/1350/1077 1148/1337/1067
f 1148/1337/1067 1161/1351/1078 1149/1338/1068
f 1161/1351/1078 1150/1340/1069 1149/1338/1068
f 1150/1340/1069 1163/1352/822 1151/1353/810
f 1163/1354/822 1152/1343/1070 1151/1341/810
f 1164/1355/1080 1153/1356/1071 1152/1343/1070
f 1165/1357/1081 1154/1344/1072 1153/1356/1071
f 1166/1358/1082 1155/1359/1073 1154/1344/1072
f 1167/1360/1083 1156/1345/1074 1155/1359/1073
f 1168/1361/1084 1145/1334/816 1156/1345/1074
f 1157/1362/828 1170/1363/1085 1158/1347/1075
f 1170/1363/1085 1159/1348/1076 1158/1347/1075
f 1171/1364/1086 1160/1350/1077 1159/1348/1076
f 1172/1365/1087 1161/1351/1078 1160/1350/1077
f 1173/1366/1088 1162/1367/1079 1161/1351/1078
f 1174/1368/1089 1163/1352/822 1162/1367/1079
f 1163/1354/822 1176/1369/1090 1164/1355/1080
f 1176/1369/1090 1165/1357/1081 1164/1355/1080
f 1177/1370/1091 1166/1358/1082 1165/1357/1081
f 1178/1371/1092 1167/1360/1083 1166/1358/1082
f 1167/1360/1083 1180/1372/1094 1168/1361/1084
f 1180/1372/1094 1157/1362/828 1168/1361/1084
f 1169/1373/840 1182/1374/1095 1170/1363/1085
f 1182/1374/1095 1171/1364/1086 1170/1363/1085
f 1171/1364/1086 1184/1375/1097 1172/1365/1087
f 1184/1375/1097 1173/1366/1088 1172/1365/1087
f 1173/1366/1088 1186/1376/1099 1174/1368/1089
f 1186/1376/1099 1175/1377/834 1174/1368/1089
f 1175/1378/834 1188/1379/1100 1176/1369/1090
f 1188/1379/1100 1177/1370/1091 1176/1369/1090
f 1177/1370/1091 1190/1380/1102 1178/1371/1092
f 1190/1380/1102 1179/1381/1093 1178/1371/1092
f 1191/1382/1103 1180/1372/1094 1179/1381/1093
f 1192/1383/1104 1169/1373/840 1180/1372/1094
f 1193/1384/864 1182/1374/1095 1181/1385/852
f 1194/1386/1105 1183/1387/1096 1182/1374/1095
f 1195/1388/1106 1184/1375/1097 1183/1387/1096
f 1184/1375/1097 1197/1389/1108 1185/1390/1098
f 1197/1389/1108 1186/1376/1099 1185/1390/1098
f 1198/1391/1109 1187/1392/846 1186/1376/1099
f 1199/1393/858 1188/1379/1100 1187/1394/846
f 1200/1395/1110 1189/1396/1101 1188/1379/1100
f 1201/1397/1111 1190/1380/1102 1189/1396/1101
f 1202/1398/1112 1191/1382/1103 1190/1380/1102
f 1191/1382/1103 1204/1399/1114 1192/1383/1104
f 1192/1383/1104 1193/1384/864 1181/1385/852
f 1205/1400/876 1194/1386/1105 1193/1384/864
f 1206/1401/1115 1195/1388/1106 1194/1386/1105
f 1207/1402/1116 1196/1403/1107 1195/1388/1106
f 1208/1404/1117 1197/1389/1108 1196/1403/1107
f 1209/1405/1118 1198/1391/1109 1197/1389/1108
f 1198/1391/1109 1211/1406/870 1199/1407/858
f 1211/1408/870 1200/1395/1110 1199/1393/858
f 1200/1395/1110 1213/1409/1121 1201/1397/1111
f 1201/1397/1111 1214/1410/1122 1202/1398/1112
f 1202/1398/1112 1215/1411/1123 1203/1412/1113
f 1215/1411/1123 1204/1399/1114 1203/1412/1113
f 1204/1399/1114 1205/1400/876 1193/1384/864
f 1217/1413/888 1206/1401/1115 1205/1400/876
f 1218/1414/1125 1207/1402/1116 1206/1401/1115
f 1207/1402/1116 1220/1415/1127 1208/1404/1117
f 1208/1404/1117 1221/1416/1128 1209/1405/1118
f 1221/1416/1128 1210/1417/1119 1209/1405/1118
f 1210/1417/1119 1223/1418/882 1211/1406/870
f 1223/1419/882 1212/1420/1120 1211/1408/870
f 1224/1421/1130 1213/1409/1121 1212/1420/1120
f 1225/1422/1131 1214/1410/1122 1213/1409/1121
f 1226/1423/1132 1215/1411/1123 1214/1410/1122
f 1215/1411/1123 1228/1424/1134 1216/1425/1124
f 1216/1425/1124 1217/1413/888 1205/1400/876
f 653/798/606 1218/1414/1125 1217/1413/888
f 1218/1414/1125 655/800/608 1219/1426/1126
f 655/800/608 1220/1415/1127 1219/1426/1126
f 1220/1415/1127 657/804/610 1221/1416/1128
f 657/804/610 1222/1427/1129 1221/1416/1128
f 1222/1427/1129 659/807/612 1223/1418/882
f 659/808/612 1224/1421/1130 1223/1419/882
f 660/810/613 1225/1422/1131 1224/1421/1130
f 661/811/614 1226/1423/1132 1225/1422/1131
f 1226/1423/1132 663/815/616 1227/1428/1133
f 663/815/616 1228/1424/1134 1227/1428/1133
f 664/817/617 1217/1413/888 1228/1424/1134
f 665/796/618 666/799/619 654/797/607
f 666/799/619 667/820/620 655/800/608
f 655/800/608 667/820/620 668/801/621
f 656/802/609 668/801/621 669/803/622
f 669/803/622 670/806/623 658/805/611
f 670/806/623 671/825/624 659/807/612
f 659/808/612 671/827/624 672/809/625
f 672/809/625 673/812/626 661/811/614
f 673/812/626 674/814/627 662/813/615
f 674/814/627 675/830/628 663/815/616
f 663/815/616 675/830/628 676/816/629
f 664/817/617 676/816/629 665/796/618
f 677/818/630 678/819/631 666/799/619
f 678/819/631 679/821/632 667/820/620
f 679/821/632 680/822/633 668/801/621
f 680/822/633 681/823/634 669/803/622
f 681/823/634 682/837/635 670/806/623
f 670/806/623 682/837/635 683/824/636
f 683/826/636 684/839/637 672/809/625
f 672/809/625 684/839/637 685/828/638
f 673/812/626 685/828/638 686/829/639
f 686/829/639 687/831/640 675/830/628
f 687/831/640 688/844/641 676/816/629
f 676/816/629 688/844/641 677/818/630
f 689/832/642 690/833/643 678/819/631
f 690/833/643 691/847/644 679/821/632
f 679/821/632 691/847/644 692/834/645
f 680/822/633 692/834/645 693/835/646
f 681/823/634 693/835/646 694/836/647
f 694/836/647 695/852/648 683/824/636
f 695/838/648 696/840/649 684/839/637
f 696/840/649 697/841/650 685/828/638
f 697/841/650 698/842/651 686/829/639
f 698/842/651 699/843/652 687/831/640
f 699/843/652 700/857/653 688/844/641
f 688/844/641 700/857/653 689/832/642
f 701/845/654 702/846/655 690/833/643
f 702/846/655 703/848/656 691/847/644
f 703/848/656 704/849/657 692/834/645
f 704/849/657 705/850/658 693/835/646
f 705/850/658 706/851/659 694/836/647
f 706/851/659 707/863/660 695/852/648
f 695/838/648 707/865/660 708/853/661
f 696/840/649 708/853/661 709/854/662
f 697/841/650 709/854/662 710/855/663
f 698/842/651 710/855/663 711/856/664
f 711/856/664 712/858/665 700/857/653
f 712/858/665 701/845/654 689/832/642
f 713/859/666 714/870/667 702/846/655
f 702/846/655 714/870/667 715/860/668
f 715/860/668 716/872/669 704/849/657
f 704/849/657 716/872/669 717/861/670
f 717/861/670 718/874/671 706/851/659
f 706/851/659 718/874/671 719/862/672
f 719/864/672 720/877/673 708/853/661
f 708/853/661 720/877/673 721/866/674
f 721/866/674 722/879/675 710/855/663
f 710/855/663 722/879/675 723/867/676
f 723/867/676 724/868/677 712/858/665
f 724/868/677 713/859/666 701/845/654
f 725/869/678 726/883/679 714/870/667
f 714/870/667 726/883/679 727/871/680
f 727/871/680 728/885/681 716/872/669
f 716/872/669 728/885/681 729/873/682
f 729/873/682 730/888/683 718/874/671
f 718/874/671 730/888/683 731/875/684
f 731/876/684 732/891/685 720/877/673
f 720/877/673 732/891/685 733/878/686
f 733/878/686 734/893/687 722/879/675
f 722/879/675 734/893/687 735/880/688
f 735/880/688 736/881/689 724/868/677
f 736/881/689 725/869/678 713/859/666
f 737/882/690 738/897/691 726/883/679
f 726/883/679 738/897/691 739/884/692
f 739/884/692 740/886/693 728/885/681
f 740/886/693 741/887/694 729/873/682
f 741/887/694 742/889/695 730/888/683
f 742/889/695 743/901/696 731/875/684
f 743/890/696 744/903/697 732/891/685
f 732/891/685 744/903/697 745/892/698
f 745/892/698 746/894/699 734/893/687
f 746/894/699 747/895/700 735/880/688
f 747/895/700 748/908/701 736/881/689
f 736/881/689 748/908/701 737/882/690
f 749/896/702 750/910/703 738/897/691
f 738/897/691 750/910/703 751/898/704
f 751/898/704 752/912/705 740/886/693
f 740/886/693 752/912/705 753/899/706
f 741/887/694 753/899/706 754/900/707
f 754/900/707 755/915/708 743/901/696
f 755/902/708 756/904/709 744/903/697
f 756/904/709 757/905/710 745/892/698
f 757/905/710 758/906/711 746/894/699
f 758/906/711 759/907/712 747/895/700
f 759/907/712 760/919/713 748/908/701
f 748/908/701 760/919/713 749/896/702
f 749/896/702 761/921/714 762/909/715
f 762/909/715 763/911/716 751/898/704
f 763/911/716 764/913/717 752/912/705
f 764/913/717 765/924/718 753/899/706
f 753/899/706 765/924/718 766/914/719
f 766/914/719 767/927/720 755/915/708
f 755/902/708 767/929/720 768/916/721
f 768/916/721 769/931/722 757/905/710
f 757/905/710 769/931/722 770/917/723
f 770/917/723 771/934/724 759/907/712
f 759/907/712 771/934/724 772/918/725
f 772/918/725 761/921/714 749/896/702
f 773/920/726 774/938/727 762/909/715
f 762/909/715 774/938/727 775/922/728
f 763/911/716 775/922/728 776/923/729
f 776/923/729 777/925/730 765/924/718
f 777/925/730 778/941/731 766/914/719
f 766/914/719 778/941/731 779/926/732
f 779/928/732 780/930/733 768/916/721
f 780/930/733 781/932/734 769/931/722
f 781/932/734 782/933/735 770/917/723
f 782/933/735 783/935/736 771/934/724
f 783/935/736 784/936/737 772/918/725
f 784/936/737 773/920/726 761/921/714
f 773/920/726 785/947/738 786/937/739
f 786/937/739 787/939/740 775/922/728
f 787/939/740 788/950/741 776/923/729
f 776/923/729 788/950/741 789/940/742
f 789/940/742 790/942/743 778/941/731
f 790/942/743 791/953/744 779/926/732
f 779/928/732 791/955/744 792/943/745
f 792/943/745 793/944/746 781/932/734
f 793/944/746 794/958/747 782/933/735
f 782/933/735 794/958/747 795/945/748
f 783/935/736 795/945/748 796/946/749
f 796/946/749 785/947/738 773/920/726
f 785/947/738 797/962/750 798/948/751
f 798/948/751 799/949/752 787/939/740
f 799/949/752 800/951/753 788/950/741
f 800/951/753 801/965/754 789/940/742
f 789/940/742 801/965/754 802/952/755
f 802/952/755 803/968/756 791/953/744
f 803/954/756 804/956/757 792/943/745
f 804/956/757 805/957/758 793/944/746
f 805/957/758 806/972/759 794/958/747
f 794/958/747 806/972/759 807/959/760
f 795/945/748 807/959/760 808/960/761
f 808/960/761 797/962/750 785/947/738
f 809/961/762 810/976/763 798/948/751
f 798/948/751 810/976/763 811/963/764
f 811/963/764 812/964/765 800/951/753
f 812/964/765 813/966/766 801/965/754
f 813/966/766 814/980/767 802/952/755
f 802/952/755 814/980/767 815/967/768
f 815/969/768 816/983/769 804/956/757
f 804/956/757 816/983/769 817/970/770
f 805/957/758 817/970/770 818/971/771
f 806/972/759 818/971/771 819/973/772
f 819/973/772 820/974/773 808/960/761
f 820/974/773 809/961/762 797/962/750
f 821/975/774 822/990/775 810/976/763
f 810/976/763 822/990/775 823/977/776
f 811/963/764 823/977/776 824/978/777
f 812/964/765 824/978/777 825/979/778
f 825/979/778 826/981/779 814/980/767
f 826/981/779 827/995/780 815/967/768
f 827/982/780 828/984/781 816/983/769
f 828/984/781 829/985/782 817/970/770
f 829/985/782 830/986/783 818/971/771
f 830/986/783 831/987/784 819/973/772
f 831/987/784 832/988/785 820/974/773
f 832/988/785 821/975/774 809/961/762
f 821/975/774 833/1002/786 834/989/787
f 822/990/775 834/989/787 835/991/788
f 835/991/788 836/1005/789 824/978/777
f 824/978/777 836/1005/789 837/992/790
f 825/979/778 837/992/790 838/993/791
f 826/981/779 838/993/791 839/994/792
f 839/996/792 840/997/793 828/984/781
f 840/997/793 841/998/794 829/985/782
f 841/998/794 842/1010/795 830/986/783
f 830/986/783 842/1010/795 843/999/796
f 843/999/796 844/1000/797 832/988/785
f 844/1000/797 833/1002/786 821/975/774
f 845/1001/798 846/1003/799 834/989/787
f 846/1003/799 847/1004/800 835/991/788
f 847/1004/800 848/1016/801 836/1005/789
f 836/1005/789 848/1016/801 849/1006/802
f 849/1006/802 850/1007/803 838/993/791
f 850/1007/803 851/1019/804 839/994/792
f 839/996/792 851/1021/804 852/1008/805
f 852/1008/805 853/1009/806 841/998/794
f 853/1009/806 854/1024/807 842/1010/795
f 842/1010/795 854/1024/807 855/1011/808
f 843/999/796 855/1011/808 856/1012/809
f 844/1000/797 856/1012/809 845/1001/798
f 857/1013/810 858/1014/811 846/1003/799
f 858/1014/811 859/1028/812 847/1004/800
f 847/1004/800 859/1028/812 860/1015/813
f 860/1015/813 861/1017/814 849/1006/802
f 861/1017/814 862/1018/815 850/1007/803
f 862/1018/815 863/1032/816 851/1019/804
f 863/1020/816 864/1022/817 852/1008/805
f 864/1022/817 865/1035/818 853/1009/806
f 853/1009/806 865/1035/818 866/1023/819
f 866/1023/819 867/1037/820 855/1011/808
f 855/1011/808 867/1037/820 868/1025/821
f 856/1012/809 868/1025/821 857/1013/810
f 869/1026/822 870/1027/823 858/1014/811
f 870/1027/823 871/1041/824 859/1028/812
f 859/1028/812 871/1041/824 872/1029/825
f 872/1029/825 873/1043/826 861/1017/814
f 861/1017/814 873/1043/826 874/1030/827
f 862/1018/815 874/1030/827 875/1031/828
f 875/1033/828 876/1034/829 864/1022/817
f 876/1034/829 877/1047/830 865/1035/818
f 865/1035/818 877/1047/830 878/1036/831
f 878/1036/831 879/1038/832 867/1037/820
f 879/1038/832 880/1049/833 868/1025/821
f 868/1025/821 880/1049/833 869/1026/822
f 881/1039/834 882/1052/835 870/1027/823
f 870/1027/823 882/1052/835 883/1040/836
f 883/1040/836 884/1055/837 872/1029/825
f 872/1029/825 884/1055/837 885/1042/838
f 885/1042/838 886/1044/839 874/1030/827
f 886/1044/839 887/1058/840 875/1031/828
f 875/1033/828 887/1059/840 888/1045/841
f 876/1034/829 888/1045/841 889/1046/842
f 889/1046/842 890/1062/843 878/1036/831
f 878/1036/831 890/1062/843 891/1048/844
f 891/1048/844 892/1050/845 880/1049/833
f 892/1050/845 881/1039/834 869/1026/822
f 893/1051/846 894/1053/847 882/1052/835
f 894/1053/847 895/1054/848 883/1040/836
f 895/1054/848 896/1067/849 884/1055/837
f 884/1055/837 896/1067/849 897/1056/850
f 885/1042/838 897/1056/850 898/1057/851
f 898/1057/851 899/1070/852 887/1058/840
f 887/1059/840 899/1072/852 900/1060/853
f 900/1060/853 901/1061/854 889/1046/842
f 901/1061/854 902/1063/855 890/1062/843
f 902/1063/855 903/1064/856 891/1048/844
f 903/1064/856 904/1076/857 892/1050/845
f 892/1050/845 904/1076/857 893/1051/846
f 905/1065/858 906/1078/859 894/1053/847
f 894/1053/847 906/1078/859 907/1066/860
f 907/1066/860 908/1080/861 896/1067/849
f 896/1067/849 908/1080/861 909/1068/862
f 909/1068/862 910/1083/863 898/1057/851
f 898/1057/851 910/1083/863 911/1069/864
f 911/1071/864 912/1086/865 900/1060/853
f 900/1060/853 912/1086/865 913/1073/866
f 913/1073/866 914/1074/867 902/1063/855
f 914/1074/867 915/1075/868 903/1064/856
f 915/1075/868 916/1090/869 904/1076/857
f 904/1076/857 916/1090/869 905/1065/858
f 917/1077/870 918/1093/871 906/1078/859
f 906/1078/859 918/1093/871 919/1079/872
f 919/1079/872 920/1081/873 908/1080/861
f 920/1081/873 921/1082/874 909/1068/862
f 921/1082/874 922/1084/875 910/1083/863
f 922/1084/875 923/1098/876 911/1069/864
f 923/1085/876 924/1100/877 912/1086/865
f 912/1086/865 924/1100/877 925/1087/878
f 925/1087/878 926/1088/879 914/1074/867
f 926/1088/879 927/1089/880 915/1075/868
f 927/1089/880 928/1091/881 916/1090/869
f 928/1091/881 917/1077/870 905/1065/858
f 929/1092/882 930/1094/883 918/1093/871
f 930/1094/883 931/1105/884 919/1079/872
f 919/1079/872 931/1105/884 932/1095/885
f 932/1095/885 933/1096/886 921/1082/874
f 933/1096/886 934/1108/887 922/1084/875
f 922/1084/875 934/1108/887 935/1097/888
f 935/1099/888 936/1101/889 924/1100/877
f 936/1101/889 937/1112/890 925/1087/878
f 925/1087/878 937/1112/890 938/1102/891
f 938/1102/891 939/1114/892 927/1089/880
f 927/1089/880 939/1114/892 940/1103/893
f 940/1103/893 929/1092/882 917/1077/870
f 929/1092/882 941/1429/612 942/1104/894
f 942/1104/894 943/1430/895 931/1105/884
f 931/1105/884 943/1430/895 944/1106/896
f 944/1106/896 945/1107/897 933/1096/886
f 945/1107/897 946/1109/898 934/1108/887
f 946/1109/898 947/1431/606 935/1097/888
f 947/1110/606 948/1111/899 936/1101/889
f 948/1111/899 949/1432/900 937/1112/890
f 937/1112/890 949/1432/900 950/1113/901
f 950/1113/901 951/1115/902 939/1114/892
f 951/1115/902 952/1116/903 940/1103/893
f 952/1116/903 941/1429/612 929/1092/882
f 953/1117/624 954/1141/904 942/1118/894
f 942/1118/894 954/1141/904 955/1120/905
f 955/1120/905 956/1123/906 944/1122/896
f 956/1123/906 957/1125/907 945/1124/897
f 957/1125/907 958/1127/908 946/1126/898
f 958/1127/908 959/1146/618 947/1128/606
f 947/1129/606 959/1148/618 960/1130/909
f 948/1131/899 960/1130/909 961/1132/910
f 949/1133/900 961/1132/910 962/1134/911
f 950/1135/901 962/1134/911 963/1136/912
f 951/1137/902 963/1136/912 964/1138/913
f 952/1139/903 964/1138/913 953/1117/624
f 965/1140/636 966/1154/914 954/1141/904
f 954/1141/904 966/1154/914 967/1142/915
f 955/1120/905 967/1142/915 968/1143/916
f 956/1123/906 968/1143/916 969/1144/917
f 969/1144/917 970/1145/918 958/1127/908
f 970/1145/918 971/1158/630 959/1146/618
f 971/1147/630 972/1160/919 960/1130/909
f 960/1130/909 972/1160/919 973/1149/920
f 973/1149/920 974/1150/921 962/1134/911
f 974/1150/921 975/1151/922 963/1136/912
f 975/1151/922 976/1152/923 964/1138/913
f 976/1152/923 965/1140/636 953/1117/624
f 977/1153/648 978/1165/924 966/1154/914
f 966/1154/914 978/1165/924 979/1155/925
f 979/1155/925 980/1167/926 968/1143/916
f 968/1143/916 980/1167/926 981/1156/927
f 981/1156/927 982/1170/928 970/1145/918
f 970/1145/918 982/1170/928 983/1157/642
f 983/1159/642 984/1161/929 972/1160/919
f 984/1161/929 985/1162/930 973/1149/920
f 985/1162/930 986/1174/931 974/1150/921
f 974/1150/921 986/1174/931 987/1163/932
f 987/1163/932 988/1177/933 976/1152/923
f 976/1152/923 988/1177/933 977/1153/648
f 989/1164/660 990/1180/934 978/1165/924
f 978/1165/924 990/1180/934 991/1166/935
f 991/1166/935 992/1168/936 980/1167/926
f 992/1168/936 993/1169/937 981/1156/927
f 993/1169/937 994/1185/938 982/1170/928
f 982/1170/928 994/1185/938 995/1171/654
f 995/1172/654 996/1188/939 984/1161/929
f 984/1161/929 996/1188/939 997/1173/940
f 997/1173/940 998/1175/941 986/1174/931
f 998/1175/941 999/1176/942 987/1163/932
f 999/1176/942 1000/1178/943 988/1177/933
f 1000/1178/943 989/1164/660 977/1153/648
f 1001/1179/672 1002/1181/944 990/1180/934
f 1002/1181/944 1003/1182/945 991/1166/935
f 1003/1182/945 1004/1183/946 992/1168/936
f 1004/1183/946 1005/1184/947 993/1169/937
f 1005/1184/947 1006/1186/948 994/1185/938
f 1006/1186/948 1007/1197/666 995/1171/654
f 1007/1187/666 1008/1189/949 996/1188/939
f 1008/1189/949 1009/1200/950 997/1173/940
f 997/1173/940 1009/1200/950 1010/1190/951
f 1010/1190/951 1011/1202/952 999/1176/942
f 999/1176/942 1011/1202/952 1012/1191/953
f 1000/1178/943 1012/1191/953 1001/1179/672
f 1013/1192/684 1014/1193/954 1002/1181/944
f 1014/1193/954 1015/1205/955 1003/1182/945
f 1003/1182/945 1015/1205/955 1016/1194/956
f 1016/1194/956 1017/1208/957 1005/1184/947
f 1005/1184/947 1017/1208/957 1018/1195/958
f 1006/1186/948 1018/1195/958 1019/1196/678
f 1019/1198/678 1020/1199/959 1008/1189/949
f 1020/1199/959 1021/1211/960 1009/1200/950
f 1009/1200/950 1021/1211/960 1022/1201/961
f 1022/1201/961 1023/1214/962 1011/1202/952
f 1011/1202/952 1023/1214/962 1024/1203/963
f 1024/1203/963 1013/1192/684 1001/1179/672
f 1013/1192/684 1025/1217/696 1026/1204/964
f 1026/1204/964 1027/1206/965 1015/1205/955
f 1027/1206/965 1028/1207/966 1016/1194/956
f 1028/1207/966 1029/1220/967 1017/1208/957
f 1017/1208/957 1029/1220/967 1030/1209/968
f 1030/1209/968 1031/1223/690 1019/1196/678
f 1019/1198/678 1031/1225/690 1032/1210/969
f 1032/1210/969 1033/1212/970 1021/1211/960
f 1033/1212/970 1034/1213/971 1022/1201/961
f 1034/1213/971 1035/1228/972 1023/1214/962
f 1023/1214/962 1035/1228/972 1036/1215/973
f 1036/1215/973 1025/1217/696 1013/1192/684
f 1037/1216/708 1038/1232/974 1026/1204/964
f 1026/1204/964 1038/1232/974 1039/1218/975
f 1039/1218/975 1040/1219/976 1028/1207/966
f 1040/1219/976 1041/1221/977 1029/1220/967
f 1041/1221/977 1042/1236/978 1030/1209/968
f 1030/1209/968 1042/1236/978 1043/1222/702
f 1043/1224/702 1044/1239/979 1032/1210/969
f 1032/1210/969 1044/1239/979 1045/1226/980
f 1045/1226/980 1046/1227/981 1034/1213/971
f 1046/1227/981 1047/1229/982 1035/1228/972
f 1047/1229/982 1048/1230/983 1036/1215/973
f 1048/1230/983 1037/1216/708 1025/1217/696
f 1037/1216/708 1049/1244/720 1050/1231/984
f 1038/1232/974 1050/1231/984 1051/1233/985
f 1039/1218/975 1051/1233/985 1052/1234/986
f 1052/1234/986 1053/1235/987 1041/1221/977
f 1053/1235/987 1054/1248/988 1042/1236/978
f 1042/1236/978 1054/1248/988 1055/1237/714
f 1055/1238/714 1056/1240/989 1044/1239/979
f 1056/1240/989 1057/1251/990 1045/1226/980
f 1045/1226/980 1057/1251/990 1058/1241/991
f 1058/1241/991 1059/1242/992 1047/1229/982
f 1059/1242/992 1060/1243/993 1048/1230/983
f 1060/1243/993 1049/1244/720 1037/1216/708
f 1049/1244/720 1061/1255/732 1062/1245/994
f 1062/1245/994 1063/1246/995 1051/1233/985
f 1063/1246/995 1064/1258/996 1052/1234/986
f 1052/1234/986 1064/1258/996 1065/1247/997
f 1065/1247/997 1066/1249/998 1054/1248/988
f 1066/1249/998 1067/1262/726 1055/1237/714
f 1055/1238/714 1067/1263/726 1068/1250/999
f 1068/1250/999 1069/1252/1000 1057/1251/990
f 1069/1252/1000 1070/1253/1001 1058/1241/991
f 1070/1253/1001 1071/1254/1002 1059/1242/992
f 1071/1254/1002 1072/1268/1003 1060/1243/993
f 1060/1243/993 1072/1268/1003 1061/1255/732
f 1073/1256/744 1074/1271/1004 1062/1245/994
f 1062/1245/994 1074/1271/1004 1075/1257/1005
f 1075/1257/1005 1076/1259/1006 1064/1258/996
f 1076/1259/1006 1077/1260/1007 1065/1247/997
f 1077/1260/1007 1078/1261/1008 1066/1249/998
f 1078/1261/1008 1079/1275/738 1067/1262/726
f 1067/1263/726 1079/1277/738 1080/1264/1009
f 1080/1264/1009 1081/1265/1010 1069/1252/1000
f 1081/1265/1010 1082/1266/1011 1070/1253/1001
f 1082/1266/1011 1083/1267/1012 1071/1254/1002
f 1083/1267/1012 1084/1269/1013 1072/1268/1003
f 1084/1269/1013 1073/1256/744 1061/1255/732
f 1085/1270/756 1086/1282/1014 1074/1271/1004
f 1074/1271/1004 1086/1282/1014 1087/1272/1015
f 1087/1272/1015 1088/1285/1016 1076/1259/1006
f 1076/1259/1006 1088/1285/1016 1089/1273/1017
f 1077/1260/1007 1089/1273/1017 1090/1274/1018
f 1090/1274/1018 1091/1288/750 1079/1275/738
f 1091/1276/750 1092/1278/1019 1080/1264/1009
f 1092/1278/1019 1093/1279/1020 1081/1265/1010
f 1093/1279/1020 1094/1291/1021 1082/1266/1011
f 1082/1266/1011 1094/1291/1021 1095/1280/1022
f 1095/1280/1022 1096/1294/1023 1084/1269/1013
f 1084/1269/1013 1096/1294/1023 1085/1270/756
f 1097/1281/768 1098/1296/1024 1086/1282/1014
f 1086/1282/1014 1098/1296/1024 1099/1283/1025
f 1087/1272/1015 1099/1283/1025 1100/1284/1026
f 1088/1285/1016 1100/1284/1026 1101/1286/1027
f 1101/1286/1027 1102/1287/1028 1090/1274/1018
f 1102/1287/1028 1103/1300/762 1091/1288/750
f 1091/1276/750 1103/1302/762 1104/1289/1029
f 1092/1278/1019 1104/1289/1029 1105/1290/1030
f 1105/1290/1030 1106/1292/1031 1094/1291/1021
f 1106/1292/1031 1107/1293/1032 1095/1280/1022
f 1107/1293/1032 1108/1306/1033 1096/1294/1023
f 1096/1294/1023 1108/1306/1033 1097/1281/768
f 1109/1295/780 1110/1308/1034 1098/1296/1024
f 1098/1296/1024 1110/1308/1034 1111/1297/1035
f 1111/1297/1035 1112/1311/1036 1100/1284/1026
f 1100/1284/1026 1112/1311/1036 1113/1298/1037
f 1113/1298/1037 1114/1299/1038 1102/1287/1028
f 1114/1299/1038 1115/1315/1039 1103/1300/762
f 1115/1301/1039 1116/1303/1040 1104/1289/1029
f 1116/1303/1040 1117/1304/1041 1105/1290/1030
f 1117/1304/1041 1118/1319/1042 1106/1292/1031
f 1106/1292/1031 1118/1319/1042 1119/1305/1043
f 1119/1305/1043 1120/1322/1044 1108/1306/1033
f 1108/1306/1033 1120/1322/1044 1109/1295/780
f 1121/1307/792 1122/1324/1045 1110/1308/1034
f 1110/1308/1034 1122/1324/1045 1123/1309/1046
f 1111/1297/1035 1123/1309/1046 1124/1310/1047
f 1112/1311/1036 1124/1310/1047 1125/1312/1048
f 1113/1298/1037 1125/1312/1048 1126/1313/1049
f 1114/1299/1038 1126/1313/1049 1127/1314/786
f 1127/1316/786 1128/1317/1050 1116/1303/1040
f 1128/1317/1050 1129/1318/1051 1117/1304/1041
f 1129/1318/1051 1130/1320/1052 1118/1319/1042
f 1130/1320/1052 1131/1321/1053 1119/1305/1043
f 1131/1321/1053 1132/1333/1054 1120/1322/1044
f 1120/1322/1044 1132/1333/1054 1121/1307/792
f 1133/1323/804 1134/1335/1055 1122/1324/1045
f 1122/1324/1045 1134/1335/1055 1135/1325/1056
f 1123/1309/1046 1135/1325/1056 1136/1326/1057
f 1124/1310/1047 1136/1326/1057 1137/1327/1058
f 1137/1327/1058 1138/1339/1059 1126/1313/1049
f 1126/1313/1049 1138/1339/1059 1139/1328/798
f 1139/1329/798 1140/1342/1060 1128/1317/1050
f 1128/1317/1050 1140/1342/1060 1141/1330/1061
f 1141/1330/1061 1142/1331/1062 1130/1320/1052
f 1142/1331/1062 1143/1332/1063 1131/1321/1053
f 1143/1332/1063 1144/1346/1064 1132/1333/1054
f 1132/1333/1054 1144/1346/1064 1133/1323/804
f 1145/1334/816 1146/1336/1065 1134/1335/1055
f 1146/1336/1065 1147/1349/1066 1135/1325/1056
f 1135/1325/1056 1147/1349/1066 1148/1337/1067
f 1148/1337/1067 1149/1338/1068 1137/1327/1058
f 1149/1338/1068 1150/1340/1069 1138/1339/1059
f 1150/1340/1069 1151/1353/810 1139/1328/798
f 1151/1341/810 1152/1343/1070 1140/1342/1060
f 1152/1343/1070 1153/1356/1071 1141/1330/1061
f 1141/1330/1061 1153/1356/1071 1154/1344/1072
f 1154/1344/1072 1155/1359/1073 1143/1332/1063
f 1143/1332/1063 1155/1359/1073 1156/1345/1074
f 1144/1346/1064 1156/1345/1074 1145/1334/816
f 1145/1334/816 1157/1362/828 1158/1347/1075
f 1146/1336/1065 1158/1347/1075 1159/1348/1076
f 1147/1349/1066 1159/1348/1076 1160/1350/1077
f 1148/1337/1067 1160/1350/1077 1161/1351/1078
f 1161/1351/1078 1162/1367/1079 1150/1340/1069
f 1150/1340/1069 1162/1367/1079 1163/1352/822
f 1163/1354/822 1164/1355/1080 1152/1343/1070
f 1164/1355/1080 1165/1357/1081 1153/1356/1071
f 1165/1357/1081 1166/1358/1082 1154/1344/1072
f 1166/1358/1082 1167/1360/1083 1155/1359/1073
f 1167/1360/1083 1168/1361/1084 1156/1345/1074
f 1168/1361/1084 1157/1362/828 1145/1334/816
f 1157/1362/828 1169/1373/840 1170/1363/1085
f 1170/1363/1085 1171/1364/1086 1159/1348/1076
f 1171/1364/1086 1172/1365/1087 1160/1350/1077
f 1172/1365/1087 1173/1366/1088 1161/1351/1078
f 1173/1366/1088 1174/1368/1089 1162/1367/1079
f 1174/1368/1089 1175/1377/834 1163/1352/822
f 1163/1354/822 1175/1378/834 1176/1369/1090
f 1176/1369/1090 1177/1370/1091 1165/1357/1081
f 1177/1370/1091 1178/1371/1092 1166/1358/1082
f 1178/1371/1092 1179/1381/1093 1167/1360/1083
f 1167/1360/1083 1179/1381/1093 1180/1372/1094
f 1180/1372/1094 1169/1373/840 1157/1362/828
f 1169/1373/840 1181/1385/852 1182/1374/1095
f 1182/1374/1095 1183/1387/1096 1171/1364/1086
f 1171/1364/1086 1183/1387/1096 1184/1375/1097
f 1184/1375/1097 1185/1390/1098 1173/1366/1088
f 1173/1366/1088 1185/1390/1098 1186/1376/1099
f 1186/1376/1099 1187/1392/846 1175/1377/834
f 1175/1378/834 1187/1394/846 1188/1379/1100
f 1188/1379/1100 1189/1396/1101 1177/1370/1091
f 1177/1370/1091 1189/1396/1101 1190/1380/1102
f 1190/1380/1102 1191/1382/1103 1179/1381/1093
f 1191/1382/1103 1192/1383/1104 1180/1372/1094
f 1192/1383/1104 1181/1385/852 1169/1373/840
f 1193/1384/864 1194/1386/1105 1182/1374/1095
f 1194/1386/1105 1195/1388/1106 1183/1387/1096
f 1195/1388/1106 1196/1403/1107 1184/1375/1097
f 1184/1375/1097 1196/1403/1107 1197/1389/1108
f 1197/1389/1108 1198/1391/1109 1186/1376/1099
f 1198/1391/1109 1199/1407/858 1187/1392/846
f 1199/1393/858 1200/1395/1110 1188/1379/1100
f 1200/1395/1110 1201/1397/1111 1189/1396/1101
f 1201/1397/1111 1202/1398/1112 1190/1380/1102
f 1202/1398/1112 1203/1412/1113 1191/1382/1103
f 1191/1382/1103 1203/1412/1113 1204/1399/1114
f 1192/1383/1104 1204/1399/1114 1193/1384/864
f 1205/1400/876 1206/1401/1115 1194/1386/1105
f 1206/1401/1115 1207/1402/1116 1195/1388/1106
f 1207/1402/1116 1208/1404/1117 1196/1403/1107
f 1208/1404/1117 1209/1405/1118 1197/1389/1108
f 1209/1405/1118 1210/1417/1119 1198/1391/1109
f 1198/1391/1109 1210/1417/1119 1211/1406/870
f 1211/1408/870 1212/1420/1120 1200/1395/1110
f 1200/1395/1110 1212/1420/1120 1213/1409/1121
f 1201/1397/1111 1213/1409/1121 1214/1410/1122
f 1202/1398/1112 1214/1410/1122 1215/1411/1123
f 1215/1411/1123 1216/1425/1124 1204/1399/1114
f 1204/1399/1114 1216/1425/1124 1205/1400/876
f 1217/1413/888 1218/1414/1125 1206/1401/1115
f 1218/1414/1125 1219/1426/1126 1207/1402/1116
f 1207/1402/1116 1219/1426/1126 1220/1415/1127
f 1208/1404/1117 1220/1415/1127 1221/1416/1128
f 1221/1416/1128 1222/1427/1129 1210/1417/1119
f 1210/1417/1119 1222/1427/1129 1223/1418/882
f 1223/1419/882 1224/1421/1130 1212/1420/1120
f 1224/1421/1130 1225/1422/1131 1213/1409/1121
f 1225/1422/1131 1226/1423/1132 1214/1410/1122
f 1226/1423/1132 1227/1428/1133 1215/1411/1123
f 1215/1411/1123 1227/1428/1133 1228/1424/1134
f 1216/1425/1124 1228/1424/1134 1217/1413/888
f 653/798/606 654/797/607 1218/1414/1125
f 1218/1414/1125 654/797/607 655/800/608
f 655/800/608 656/802/609 1220/1415/1127
f 1220/1415/1127 656/802/609 657/804/610
f 657/804/610 658/805/611 1222/1427/1129
f 1222/1427/1129 658/805/611 659/807/612
f 659/808/612 660/810/613 1224/1421/1130
f 660/810/613 661/811/614 1225/1422/1131
f 661/811/614 662/813/615 1226/1423/1132
f 1226/1423/1132 662/813/615 663/815/616
f 663/815/616 664/817/617 1228/1424/1134
f 664/817/617 653/798/606 1217/1413/888
o Cube
v 0.360000 0.295200 3.246800
v 0.360000 0.295200 4.053200
v 0.360000 -0.295200 3.246800
v 0.360000 -0.295200 4.053200
v -0.360000 0.295200 3.246800
v -0.360000 0.295200 4.053200
v -0.360000 -0.295200 3.246800
v -0.360000 -0.295200 4.053200
vn 0.5518 0.6729 -0.4927
vn 0.5518 0.6729 0.4927
vn 0.5518 -0.6729 -0.4927
vn 0.5518 -0.6729 0.4927
vn -0.5518 0.6729 -0.4927
vn -0.5518 0.6729 0.4927
vn -0.5518 -0.6729 -0.4927
vn -0.5518 -0.6729 0.4927
vt 0.625000 0.000000
vt 0.375000 0.250000
vt 0.375000 0.000000
vt 0.625000 0.250000
vt 0.375000 0.500000
vt 0.625000 0.500000
vt 0.375000 0.750000
vt 0.625000 0.750000
vt 0.375000 1.000000
vt 0.125000 0.750000
vt 0.125000 0.500000
vt 0.875000 0.500000
vt 0.625000 1.000000
vt 0.875000 0.750000
s 1
g Cube_M_Ped.004
usemtl M_Ped.004
f 1230/1433/1136 1231/1434/1137 1229/1435/1135
f 1232/1436/1138 1235/1437/1141 1231/1434/1137
f 1236/1438/1142 1233/1439/1139 1235/1437/1141
f 1234/1440/1140 1229/1441/1135 1233/1439/1139
f 1235/1437/1141 1229/1442/1135 1231/1443/1137
f 1232/1444/1138 1234/1440/1140 1236/1438/1142
f 1230/1433/1136 1232/1436/1138 1231/1434/1137
f 1232/1436/1138 1236/1438/1142 1235/1437/1141
f 1236/1438/1142 1234/1440/1140 1233/1439/1139
f 1234/1440/1140 1230/1445/1136 1229/1441/1135
f 1235/1437/1141 1233/1439/1139 1229/1442/1135
f 1232/1444/1138 1230/1446/1136 1234/1440/1140
o Sphere
v 0.200000 0.464003 3.800424
v 0.200000 0.422017 3.777983
v 0.200000 0.411819 3.765557
v 0.200000 0.399576 3.735997
v 0.200000 0.399576 3.704003
v 0.200000 0.411819 3.674443
v 0.196879 0.464310 3.800424
v 0.193878 0.449223 3.795758
v 0.191112 0.435319 3.788181
v 0.188688 0.423131 3.777983
v 0.186699 0.413130 3.765557
v 0.185220 0.405698 3.751380
v 0.184310 0.401121 3.735997
v 0.184003 0.399576 3.720000
v 0.184310 0.401121 3.704003
v 0.185220 0.405698 3.688620
v 0.186699 0.413130 3.674443
v 0.188688 0.423131 3.662017
v 0.191112 0.435319 3.651819
v 0.193878 0.449223 3.644242
v 0.196879 0.464310 3.639576
v 0.193878 0.465220 3.800424
v 0.187991 0.451009 3.795758
v 0.182566 0.437911 3.788181
v 0.177811 0.426431 3.777983
v 0.173908 0.417009 3.765557
v 0.171009 0.410009 3.751380
v 0.169223 0.405698 3.735997
v 0.168620 0.404242 3.720000
v 0.169223 0.405698 3.704003
v 0.171009 0.410009 3.688620
v 0.173908 0.417009 3.674443
v 0.177811 0.426431 3.662017
v 0.182566 0.437911 3.651819
v 0.187991 0.451009 3.644242
v 0.193878 0.465220 3.639576
v 0.191112 0.466699 3.800424
v 0.182566 0.453908 3.795758
v 0.174690 0.442121 3.788181
v 0.167787 0.431789 3.777983
v 0.162121 0.423310 3.765557
v 0.157911 0.417009 3.751380
v 0.155319 0.413130 3.735997
v 0.154443 0.411819 3.720000
v 0.155319 0.413130 3.704003
v 0.157911 0.417009 3.688620
v 0.162121 0.423310 3.674443
v 0.167787 0.431789 3.662017
v 0.174690 0.442121 3.651819
v 0.182566 0.453908 3.644242
v 0.191112 0.466699 3.639576
v 0.200000 0.480000 3.638000
v 0.188688 0.468688 3.800424
v 0.177811 0.457811 3.795758
v 0.167787 0.447787 3.788181
v 0.159000 0.439000 3.777983
v 0.151789 0.431789 3.765557
v 0.146431 0.426431 3.751380
v 0.143131 0.423131 3.735997
v 0.142017 0.422017 3.720000
v 0.143131 0.423131 3.704003
v 0.146431 0.426431 3.688620
v 0.151789 0.431789 3.674443
v 0.159000 0.439000 3.662017
v 0.167787 0.447787 3.651819
v 0.177811 0.457811 3.644242
v 0.188688 0.468688 3.639576
v 0.186699 0.471112 3.800424
v 0.173908 0.462566 3.795758
v 0.162121 0.454690 3.788181
v 0.151789 0.447787 3.777983
v 0.143310 0.442121 3.765557
v 0.137009 0.437911 3.751380
v 0.133130 0.435319 3.735997
v 0.131819 0.434443 3.720000
v 0.133130 0.435319 3.704003
v 0.137009 0.437911 3.688620
v 0.143310 0.442121 3.674443
v 0.151789 0.447787 3.662017
v 0.162121 0.454690 3.651819
v 0.173908 0.462566 3.644242
v 0.186699 0.471112 3.639576
v 0.185220 0.473878 3.800424
v 0.171009 0.467991 3.795758
v 0.157911 0.462566 3.788181
v 0.146431 0.457811 3.777983
v 0.137009 0.453908 3.765557
v 0.130009 0.451009 3.751380
v 0.125698 0.449223 3.735997
v 0.124242 0.448620 3.720000
v 0.125698 0.449223 3.704003
v 0.130009 0.451009 3.688620
v 0.137009 0.453908 3.674443
v 0.146431 0.457811 3.662017
v 0.157911 0.462566 3.651819
v 0.171009 0.467991 3.644242
v 0.185220 0.473878 3.639576
v 0.184310 0.476879 3.800424
v 0.169223 0.473878 3.795758
v 0.155319 0.471112 3.788181
v 0.143131 0.468688 3.777983
v 0.133130 0.466699 3.765557
v 0.125698 0.465220 3.751380
v 0.121121 0.464310 3.735997
v 0.119576 0.464003 3.720000
v 0.121121 0.464310 3.704003
v 0.125698 0.465220 3.688620
v 0.133130 0.466699 3.674443
v 0.143131 0.468688 3.662017
v 0.155319 0.471112 3.651819
v 0.169223 0.473878 3.644242
v 0.184310 0.476879 3.639576
v 0.184003 0.480000 3.800424
v 0.168620 0.480000 3.795758
v 0.154443 0.480000 3.788181
v 0.142017 0.480000 3.777983
v 0.131820 0.480000 3.765557
v 0.124242 0.480000 3.751380
v 0.119576 0.480000 3.735997
v 0.118000 0.480000 3.720000
v 0.119576 0.480000 3.704003
v 0.124242 0.480000 3.688620
v 0.131820 0.480000 3.674443
v 0.142017 0.480000 3.662017
v 0.154443 0.480000 3.651819
v 0.168620 0.480000 3.644242
v 0.184003 0.480000 3.639576
v 0.184310 0.483121 3.800424
v 0.169223 0.486122 3.795758
v 0.155319 0.488888 3.788181
v 0.143131 0.491312 3.777983
v 0.133130 0.493301 3.765557
v 0.125698 0.494780 3.751380
v 0.121121 0.495690 3.735997
v 0.119576 0.495997 3.720000
v 0.121121 0.495690 3.704003
v 0.125698 0.494780 3.688620
v 0.133130 0.493301 3.674443
v 0.143131 0.491312 3.662017
v 0.155319 0.488888 3.651819
v 0.169223 0.486122 3.644242
v 0.184310 0.483121 3.639576
v 0.185220 0.486122 3.800424
v 0.171009 0.492009 3.795758
v 0.157911 0.497434 3.788181
v 0.146431 0.502189 3.777983
v 0.137009 0.506092 3.765557
v 0.130009 0.508991 3.751380
v 0.125698 0.510777 3.735997
v 0.124242 0.511380 3.720000
v 0.125698 0.510777 3.704003
v 0.130009 0.508991 3.688620
v 0.137009 0.506092 3.674443
v 0.146431 0.502189 3.662017
v 0.157911 0.497434 3.651819
v 0.171009 0.492009 3.644242
v 0.185220 0.486122 3.639576
v 0.186699 0.488888 3.800424
v 0.173908 0.497434 3.795758
v 0.162121 0.505310 3.788181
v 0.151789 0.512213 3.777983
v 0.143310 0.517879 3.765557
v 0.137009 0.522089 3.751380
v 0.133130 0.524681 3.735997
v 0.131820 0.525557 3.720000
v 0.133130 0.524681 3.704003
v 0.137009 0.522089 3.688620
v 0.143310 0.517879 3.674443
v 0.151789 0.512213 3.662017
v 0.162121 0.505310 3.651819
v 0.173908 0.497434 3.644242
v 0.186699 0.488888 3.639576
v 0.188688 0.491312 3.800424
v 0.177811 0.502189 3.795758
v 0.167787 0.512213 3.788181
v 0.159000 0.521000 3.777983
v 0.151789 0.528211 3.765557
v 0.146431 0.533569 3.751380
v 0.143131 0.536869 3.735997
v 0.142017 0.537983 3.720000
v 0.143131 0.536869 3.704003
v 0.146431 0.533569 3.688620
v 0.151789 0.528211 3.674443
v 0.159000 0.521000 3.662017
v 0.167787 0.512213 3.651819
v 0.177811 0.502189 3.644242
v 0.188688 0.491312 3.639576
v 0.191112 0.493301 3.800424
v 0.182566 0.506092 3.795758
v 0.174690 0.517879 3.788181
v 0.167787 0.528211 3.777983
v 0.162121 0.536690 3.765557
v 0.157911 0.542991 3.751380
v 0.155319 0.546870 3.735997
v 0.154443 0.548180 3.720000
v 0.155319 0.546870 3.704003
v 0.157911 0.542991 3.688620
v 0.162121 0.536690 3.674443
v 0.167787 0.528211 3.662017
v 0.174690 0.517879 3.651819
v 0.182566 0.506092 3.644242
v 0.191112 0.493301 3.639576
v 0.193878 0.494780 3.800424
v 0.187991 0.508991 3.795758
v 0.182566 0.522089 3.788181
v 0.177811 0.533569 3.777983
v 0.173908 0.542991 3.765557
v 0.171009 0.549991 3.751380
v 0.169223 0.554302 3.735997
v 0.168620 0.555758 3.720000
v 0.169223 0.554302 3.704003
v 0.171009 0.549991 3.688620
v 0.173908 0.542991 3.674443
v 0.177811 0.533569 3.662017
v 0.182566 0.522089 3.651819
v 0.187991 0.508991 3.644242
v 0.193878 0.494780 3.639576
v 0.196879 0.495690 3.800424
v 0.193878 0.510777 3.795758
v 0.191112 0.524681 3.788181
v 0.188688 0.536869 3.777983
v 0.186699 0.546870 3.765557
v 0.185220 0.554302 3.751380
v 0.184310 0.558879 3.735997
v 0.184003 0.560424 3.720000
v 0.184310 0.558879 3.704003
v 0.185220 0.554302 3.688620
v 0.186699 0.546870 3.674443
v 0.188688 0.536869 3.662017
v 0.191112 0.524681 3.651819
v 0.193878 0.510777 3.644242
v 0.196879 0.495690 3.639576
v 0.200000 0.495997 3.800424
v 0.200000 0.511380 3.795758
v 0.200000 0.525557 3.788181
v 0.200000 0.537983 3.777983
v 0.200000 0.548180 3.765557
v 0.200000 0.555758 3.751380
v 0.200000 0.560424 3.735997
v 0.200000 0.562000 3.720000
v 0.200000 0.560424 3.704003
v 0.200000 0.555758 3.688620
v 0.200000 0.548180 3.674443
v 0.200000 0.537983 3.662017
v 0.200000 0.525557 3.651819
v 0.200000 0.511380 3.644242
v 0.200000 0.495997 3.639576
v 0.203121 0.495690 3.800424
v 0.206122 0.510777 3.795758
v 0.208888 0.524681 3.788181
v 0.211312 0.536869 3.777983
v 0.213301 0.546870 3.765557
v 0.214780 0.554302 3.751380
v 0.215690 0.558879 3.735997
v 0.215997 0.560424 3.720000
v 0.215690 0.558879 3.704003
v 0.214780 0.554302 3.688620
v 0.213301 0.546870 3.674443
v 0.211312 0.536869 3.662017
v 0.208888 0.524681 3.651819
v 0.206122 0.510777 3.644242
v 0.203121 0.495690 3.639576
v 0.206122 0.494780 3.800424
v 0.212009 0.508991 3.795758
v 0.217434 0.522089 3.788181
v 0.222189 0.533569 3.777983
v 0.226092 0.542991 3.765557
v 0.228991 0.549991 3.751380
v 0.230777 0.554302 3.735997
v 0.231380 0.555758 3.720000
v 0.230777 0.554302 3.704003
v 0.228991 0.549991 3.688620
v 0.226092 0.542991 3.674443
v 0.222189 0.533569 3.662017
v 0.217434 0.522089 3.651819
v 0.212009 0.508991 3.644242
v 0.206122 0.494780 3.639576
v 0.208888 0.493301 3.800424
v 0.217434 0.506092 3.795758
v 0.225310 0.517879 3.788181
v 0.232213 0.528211 3.777983
v 0.237879 0.536690 3.765557
v 0.242089 0.542991 3.751380
v 0.244681 0.546870 3.735997
v 0.245557 0.548180 3.720000
v 0.244681 0.546870 3.704003
v 0.242089 0.542991 3.688620
v 0.237879 0.536690 3.674443
v 0.232213 0.528211 3.662017
v 0.225310 0.517879 3.651819
v 0.217434 0.506092 3.644242
v 0.208888 0.493301 3.639576
v 0.211312 0.491312 3.800424
v 0.222189 0.502189 3.795758
v 0.232213 0.512213 3.788181
v 0.241000 0.521000 3.777983
v 0.248211 0.528211 3.765557
v 0.253569 0.533569 3.751380
v 0.256869 0.536869 3.735997
v 0.257983 0.537983 3.720000
v 0.256869 0.536869 3.704003
v 0.253569 0.533569 3.688620
v 0.248211 0.528211 3.674443
v 0.241000 0.521000 3.662017
v 0.232213 0.512213 3.651819
v 0.222189 0.502189 3.644242
v 0.211312 0.491312 3.639576
v 0.200000 0.480000 3.802000
v 0.213301 0.488888 3.800424
v 0.226092 0.497434 3.795758
v 0.237879 0.505310 3.788181
v 0.248211 0.512213 3.777983
v 0.256690 0.517879 3.765557
v 0.262991 0.522089 3.751380
v 0.266870 0.524681 3.735997
v 0.268180 0.525557 3.720000
v 0.266870 0.524681 3.704003
v 0.262991 0.522089 3.688620
v 0.256690 0.517879 3.674443
v 0.248211 0.512213 3.662017
v 0.237879 0.505310 3.651819
v 0.226092 0.497434 3.644242
v 0.213301 0.488888 3.639576
v 0.214780 0.486122 3.800424
v 0.228991 0.492009 3.795758
v 0.242089 0.497434 3.788181
v 0.253569 0.502189 3.777983
v 0.262991 0.506092 3.765557
v 0.269991 0.508991 3.751380
v 0.274302 0.510777 3.735997
v 0.275758 0.511380 3.720000
v 0.274302 0.510777 3.704003
v 0.269991 0.508991 3.688620
v 0.262991 0.506092 3.674443
v 0.253569 0.502189 3.662017
v 0.242089 0.497434 3.651819
v 0.228991 0.492009 3.644242
v 0.214780 0.486122 3.639576
v 0.215690 0.483121 3.800424
v 0.230777 0.486122 3.795758
v 0.244681 0.488888 3.788181
v 0.256869 0.491312 3.777983
v 0.266870 0.493301 3.765557
v 0.274302 0.494780 3.751380
v 0.278879 0.495690 3.735997
v 0.280424 0.495997 3.720000
v 0.278879 0.495690 3.704003
v 0.274302 0.494780 3.688620
v 0.266870 0.493301 3.674443
v 0.256869 0.491312 3.662017
v 0.244681 0.488888 3.651819
v 0.230777 0.486122 3.644242
v 0.215690 0.483121 3.639576
v 0.215997 0.480000 3.800424
v 0.231380 0.480000 3.795758
v 0.245557 0.480000 3.788181
v 0.257983 0.480000 3.777983
v 0.268180 0.480000 3.765557
v 0.275758 0.480000 3.751380
v 0.280424 0.480000 3.735997
v 0.282000 0.480000 3.720000
v 0.280424 0.480000 3.704003
v 0.275758 0.480000 3.688620
v 0.268180 0.480000 3.674443
v 0.257983 0.480000 3.662017
v 0.245557 0.480000 3.651819
v 0.231380 0.480000 3.644242
v 0.215997 0.480000 3.639576
v 0.215690 0.476879 3.800424
v 0.230777 0.473878 3.795758
v 0.244681 0.471112 3.788181
v 0.256869 0.468688 3.777983
v 0.266870 0.466699 3.765557
v 0.274302 0.465220 3.751380
v 0.278879 0.464310 3.735997
v 0.280424 0.464003 3.720000
v 0.278879 0.464310 3.704003
v 0.274302 0.465220 3.688620
v 0.266870 0.466699 3.674443
v 0.256869 0.468688 3.662017
v 0.244681 0.471112 3.651819
v 0.230777 0.473878 3.644242
v 0.215690 0.476879 3.639576
v 0.214780 0.473878 3.800424
v 0.228991 0.467991 3.795758
v 0.242089 0.462566 3.788181
v 0.253569 0.457811 3.777983
v 0.262991 0.453908 3.765557
v 0.269991 0.451009 3.751380
v 0.274302 0.449223 3.735997
v 0.275758 0.448620 3.720000
v 0.274302 0.449223 3.704003
v 0.269991 0.451009 3.688620
v 0.262991 0.453908 3.674443
v 0.253569 0.457811 3.662017
v 0.242089 0.462566 3.651819
v 0.228991 0.467991 3.644242
v 0.214780 0.473878 3.639576
v 0.213301 0.471112 3.800424
v 0.226092 0.462566 3.795758
v 0.237879 0.454690 3.788181
v 0.248211 0.447787 3.777983
v 0.256690 0.442121 3.765557
v 0.262991 0.437911 3.751380
v 0.266870 0.435319 3.735997
v 0.268180 0.434443 3.720000
v 0.266870 0.435319 3.704003
v 0.262991 0.437911 3.688620
v 0.256690 0.442121 3.674443
v 0.248211 0.447787 3.662017
v 0.237879 0.454690 3.651819
v 0.226092 0.462566 3.644242
v 0.213301 0.471112 3.639576
v 0.211312 0.468688 3.800424
v 0.222189 0.457811 3.795758
v 0.232213 0.447787 3.788181
v 0.241000 0.439000 3.777983
v 0.248211 0.431789 3.765557
v 0.253569 0.426431 3.751380
v 0.256869 0.423131 3.735997
v 0.257983 0.422017 3.720000
v 0.256869 0.423131 3.704003
v 0.253569 0.426431 3.688620
v 0.248211 0.431789 3.674443
v 0.241000 0.439000 3.662017
v 0.232213 0.447787 3.651819
v 0.222189 0.457811 3.644242
v 0.211312 0.468688 3.639576
v 0.208888 0.466699 3.800424
v 0.217434 0.453908 3.795758
v 0.225310 0.442121 3.788181
v 0.232213 0.431789 3.777983
v 0.237879 0.423310 3.765557
v 0.242089 0.417009 3.751380
v 0.244681 0.413130 3.735997
v 0.245557 0.411820 3.720000
v 0.244681 0.413130 3.704003
v 0.242089 0.417009 3.688620
v 0.237879 0.423310 3.674443
v 0.232213 0.431789 3.662017
v 0.225310 0.442121 3.651819
v 0.217434 0.453908 3.644242
v 0.208888 0.466699 3.639576
v 0.206122 0.465220 3.800424
v 0.212009 0.451009 3.795758
v 0.217434 0.437911 3.788181
v 0.222189 0.426431 3.777983
v 0.226092 0.417009 3.765557
v 0.228991 0.410009 3.751380
v 0.230777 0.405698 3.735997
v 0.231380 0.404242 3.720000
v 0.230777 0.405698 3.704003
v 0.228991 0.410009 3.688620
v 0.226092 0.417009 3.674443
v 0.222189 0.426431 3.662017
v 0.217434 0.437911 3.651819
v 0.212009 0.451009 3.644242
v 0.206122 0.465220 3.639576
v 0.203121 0.464310 3.800424
v 0.206122 0.449223 3.795758
v 0.208888 0.435319 3.788181
v 0.211312 0.423131 3.777983
v 0.213301 0.413130 3.765557
v 0.214780 0.405698 3.751380
v 0.215690 0.401121 3.735997
v 0.215997 0.399576 3.720000
v 0.215690 0.401121 3.704003
v 0.214780 0.405698 3.688620
v 0.213301 0.413130 3.674443
v 0.211312 0.423131 3.662017
v 0.208888 0.435319 3.651819
v 0.206122 0.449223 3.644242
v 0.203121 0.464310 3.639576
v 0.200000 0.448620 3.795758
v 0.200000 0.434443 3.788181
v 0.200000 0.404242 3.751380
v 0.200000 0.398000 3.720000
v 0.200000 0.404242 3.688620
v 0.200000 0.422017 3.662017
v 0.200000 0.434443 3.651819
v 0.200000 0.448620 3.644242
v 0.200000 0.464003 3.639576
vn -0.0000 -0.2010 0.9796
vn -0.0000 -0.7101 0.7041
vn -0.0000 -0.8333 0.5528
vn -0.0000 -0.9810 0.1939
vn -0.0000 -0.9810 -0.1939
vn -0.0000 -0.8333 -0.5528
vn -0.0392 -0.1971 0.9796
vn -0.0757 -0.3804 0.9217
vn -0.1092 -0.5490 0.8286
vn -0.1385 -0.6965 0.7041
vn -0.1626 -0.8173 0.5528
vn -0.1804 -0.9070 0.3805
vn -0.1914 -0.9622 0.1939
vn -0.1951 -0.9808 -0.0000
vn -0.1914 -0.9622 -0.1939
vn -0.1804 -0.9070 -0.3805
vn -0.1626 -0.8173 -0.5528
vn -0.1385 -0.6965 -0.7041
vn -0.1092 -0.5490 -0.8286
vn -0.0757 -0.3804 -0.9217
vn -0.0392 -0.1971 -0.9796
vn -0.0769 -0.1857 0.9796
vn -0.1484 -0.3584 0.9217
vn -0.2142 -0.5172 0.8286
vn -0.2718 -0.6561 0.7041
vn -0.3189 -0.7699 0.5528
vn -0.3539 -0.8544 0.3805
vn -0.3754 -0.9063 0.1939
vn -0.3827 -0.9239 -0.0000
vn -0.3754 -0.9063 -0.1939
vn -0.3539 -0.8544 -0.3805
vn -0.3189 -0.7699 -0.5528
vn -0.2718 -0.6561 -0.7041
vn -0.2142 -0.5172 -0.8286
vn -0.1484 -0.3584 -0.9217
vn -0.0769 -0.1857 -0.9796
vn -0.1117 -0.1671 0.9796
vn -0.2155 -0.3225 0.9217
vn -0.3110 -0.4654 0.8286
vn -0.3945 -0.5905 0.7041
vn -0.4630 -0.6929 0.5528
vn -0.5138 -0.7689 0.3805
vn -0.5450 -0.8157 0.1939
vn -0.5556 -0.8315 -0.0000
vn -0.5450 -0.8157 -0.1939
vn -0.5138 -0.7689 -0.3805
vn -0.4630 -0.6929 -0.5528
vn -0.3945 -0.5905 -0.7041
vn -0.3110 -0.4654 -0.8286
vn -0.2155 -0.3225 -0.9217
vn -0.1117 -0.1671 -0.9796
vn -0.0000 -0.0000 -1.0000
vn -0.1421 -0.1421 0.9796
vn -0.2743 -0.2743 0.9217
vn -0.3958 -0.3958 0.8286
vn -0.5021 -0.5021 0.7041
vn -0.5893 -0.5893 0.5528
vn -0.6539 -0.6539 0.3805
vn -0.6937 -0.6937 0.1939
vn -0.7071 -0.7071 -0.0000
vn -0.6937 -0.6937 -0.1939
vn -0.6539 -0.6539 -0.3805
vn -0.5893 -0.5893 -0.5528
vn -0.5021 -0.5021 -0.7041
vn -0.3958 -0.3958 -0.8286
vn -0.2743 -0.2743 -0.9217
vn -0.1421 -0.1421 -0.9796
vn -0.1671 -0.1117 0.9796
vn -0.3225 -0.2155 0.9217
vn -0.4654 -0.3110 0.8286
vn -0.5905 -0.3945 0.7041
vn -0.6929 -0.4630 0.5528
vn -0.7689 -0.5138 0.3805
vn -0.8157 -0.5450 0.1939
vn -0.8315 -0.5556 -0.0000
vn -0.8157 -0.5450 -0.1939
vn -0.7689 -0.5138 -0.3805
vn -0.6929 -0.4630 -0.5528
vn -0.5905 -0.3945 -0.7041
vn -0.4654 -0.3110 -0.8286
vn -0.3225 -0.2155 -0.9217
vn -0.1671 -0.1117 -0.9796
vn -0.1857 -0.0769 0.9796
vn -0.3584 -0.1484 0.9217
vn -0.5172 -0.2142 0.8286
vn -0.6561 -0.2718 0.7041
vn -0.7699 -0.3189 0.5528
vn -0.8544 -0.3539 0.3805
vn -0.9063 -0.3754 0.1939
vn -0.9239 -0.3827 -0.0000
vn -0.9063 -0.3754 -0.1939
vn -0.8544 -0.3539 -0.3805
vn -0.7699 -0.3189 -0.5528
vn -0.6561 -0.2718 -0.7041
vn -0.5172 -0.2142 -0.8286
vn -0.3584 -0.1484 -0.9217
vn -0.1857 -0.0769 -0.9796
vn -0.1971 -0.0392 0.9796
vn -0.3804 -0.0757 0.9217
vn -0.5490 -0.1092 0.8286
vn -0.6965 -0.1385 0.7041
vn -0.8173 -0.1626 0.5528
vn -0.9070 -0.1804 0.3805
vn -0.9622 -0.1914 0.1939
vn -0.9808 -0.1951 -0.0000
vn -0.9622 -0.1914 -0.1939
vn -0.9070 -0.1804 -0.3805
vn -0.8173 -0.1626 -0.5528
vn -0.6965 -0.1385 -0.7041
vn -0.5490 -0.1092 -0.8286
vn -0.3804 -0.0757 -0.9217
vn -0.1971 -0.0392 -0.9796
vn -0.2010 -0.0000 0.9796
vn -0.3879 -0.0000 0.9217
vn -0.5598 -0.0000 0.8286
vn -0.7101 -0.0000 0.7041
vn -0.8333 -0.0000 0.5528
vn -0.9248 -0.0000 0.3805
vn -0.9810 -0.0000 0.1939
vn -1.0000 -0.0000 -0.0000
vn -0.9810 -0.0000 -0.1939
vn -0.9248 -0.0000 -0.3805
vn -0.8333 -0.0000 -0.5528
vn -0.7101 -0.0000 -0.7041
vn -0.5598 -0.0000 -0.8286
vn -0.3879 -0.0000 -0.9217
vn -0.2010 -0.0000 -0.9796
vn -0.1971 0.0392 0.9796
vn -0.3804 0.0757 0.9217
vn -0.5490 0.1092 0.8286
vn -0.6965 0.1385 0.7041
vn -0.8173 0.1626 0.5528
vn -0.9070 0.1804 0.3805
vn -0.9622 0.1914 0.1939
vn -0.9808 0.1951 -0.0000
vn -0.9622 0.1914 -0.1939
vn -0.9070 0.1804 -0.3805
vn -0.8173 0.1626 -0.5528
vn -0.6965 0.1385 -0.7041
vn -0.5490 0.1092 -0.8286
vn -0.3804 0.0757 -0.9217
vn -0.1971 0.0392 -0.9796
vn -0.1857 0.0769 0.9796
vn -0.3584 0.1484 0.9217
vn -0.5172 0.2142 0.8286
vn -0.6561 0.2718 0.7041
vn -0.7699 0.3189 0.5528
vn -0.8544 0.3539 0.3805
vn -0.9063 0.3754 0.1939
vn -0.9239 0.3827 -0.0000
vn -0.9063 0.3754 -0.1939
vn -0.8544 0.3539 -0.3805
vn -0.7699 0.3189 -0.5528
vn -0.6561 0.2718 -0.7041
vn -0.5172 0.2142 -0.8286
vn -0.3584 0.1484 -0.9217
vn -0.1857 0.0769 -0.9796
vn -0.1671 0.1117 0.9796
vn -0.3225 0.2155 0.9217
vn -0.4654 0.3110 0.8286
vn -0.5905 0.3945 0.7041
vn -0.6929 0.4630 0.5528
vn -0.7689 0.5138 0.3805
vn -0.8157 0.5450 0.1939
vn -0.8315 0.5556 -0.0000
vn -0.8157 0.5450 -0.1939
vn -0.7689 0.5138 -0.3805
vn -0.6929 0.4630 -0.5528
vn -0.5905 0.3945 -0.7041
vn -0.4654 0.3110 -0.8286
vn -0.3225 0.2155 -0.9217
vn -0.1671 0.1117 -0.9796
vn -0.1421 0.1421 0.9796
vn -0.2743 0.2743 0.9217
vn -0.3958 0.3958 0.8286
vn -0.5021 0.5021 0.7041
vn -0.5893 0.5893 0.5528
vn -0.6539 0.6539 0.3805
vn -0.6937 0.6937 0.1939
vn -0.7071 0.7071 -0.0000
vn -0.6937 0.6937 -0.1939
vn -0.6539 0.6539 -0.3805
vn -0.5893 0.5893 -0.5528
vn -0.5021 0.5021 -0.7041
vn -0.3958 0.3958 -0.8286
vn -0.2743 0.2743 -0.9217
vn -0.1421 0.1421 -0.9796
vn -0.1116 0.1671 0.9796
vn -0.2155 0.3225 0.9217
vn -0.3110 0.4654 0.8286
vn -0.3945 0.5905 0.7041
vn -0.4630 0.6929 0.5528
vn -0.5138 0.7689 0.3805
vn -0.5450 0.8157 0.1939
vn -0.5556 0.8315 -0.0000
vn -0.5450 0.8157 -0.1939
vn -0.5138 0.7689 -0.3805
vn -0.4630 0.6929 -0.5528
vn -0.3945 0.5905 -0.7041
vn -0.3110 0.4654 -0.8286
vn -0.2155 0.3225 -0.9217
vn -0.1117 0.1671 -0.9796
vn -0.0769 0.1857 0.9796
vn -0.1484 0.3584 0.9217
vn -0.2142 0.5172 0.8286
vn -0.2718 0.6561 0.7041
vn -0.3189 0.7699 0.5528
vn -0.3539 0.8544 0.3805
vn -0.3754 0.9063 0.1939
vn -0.3827 0.9239 -0.0000
vn -0.3754 0.9063 -0.1939
vn -0.3539 0.8544 -0.3805
vn -0.3189 0.7699 -0.5528
vn -0.2718 0.6561 -0.7041
vn -0.2142 0.5172 -0.8286
vn -0.1484 0.3584 -0.9217
vn -0.0769 0.1857 -0.9796
vn -0.0392 0.1971 0.9796
vn -0.0757 0.3804 0.9217
vn -0.1092 0.5490 0.8286
vn -0.1385 0.6965 0.7041
vn -0.1626 0.8173 0.5528
vn -0.1804 0.9070 0.3805
vn -0.1914 0.9622 0.1939
vn -0.1951 0.9808 -0.0000
vn -0.1914 0.9622 -0.1939
vn -0.1804 0.9070 -0.3805
vn -0.1626 0.8173 -0.5528
vn -0.1385 0.6965 -0.7041
vn -0.1092 0.5490 -0.8286
vn -0.0757 0.3804 -0.9217
vn -0.0392 0.1971 -0.9796
vn -0.0000 0.2010 0.9796
vn -0.0000 0.3879 0.9217
vn -0.0000 0.5598 0.8286
vn -0.0000 0.7101 0.7041
vn -0.0000 0.8333 0.5528
vn -0.0000 0.9248 0.3805
vn -0.0000 0.9810 0.1939
vn -0.0000 1.0000 -0.0000
vn -0.0000 0.9810 -0.1939
vn -0.0000 0.9248 -0.3805
vn -0.0000 0.8333 -0.5528
vn -0.0000 0.7101 -0.7041
vn -0.0000 0.5598 -0.8286
vn -0.0000 0.3879 -0.9217
vn -0.0000 0.2010 -0.9796
vn 0.0392 0.1971 0.9796
vn 0.0757 0.3804 0.9217
vn 0.1092 0.5490 0.8286
vn 0.1385 0.6965 0.7041
vn 0.1626 0.8173 0.5528
vn 0.1804 0.9070 0.3805
vn 0.1914 0.9622 0.1939
vn 0.1951 0.9808 -0.0000
vn 0.1914 0.9622 -0.1939
vn 0.1804 0.9070 -0.3805
vn 0.1626 0.8173 -0.5528
vn 0.1385 0.6965 -0.7041
vn 0.1092 0.5490 -0.8286
vn 0.0757 0.3804 -0.9217
vn 0.0392 0.1971 -0.9796
vn 0.0769 0.1857 0.9796
vn 0.1484 0.3584 0.9217
vn 0.2142 0.5172 0.8286
vn 0.2718 0.6561 0.7041
vn 0.3189 0.7699 0.5528
vn 0.3539 0.8544 0.3805
vn 0.3754 0.9063 0.1939
vn 0.3827 0.9239 -0.0000
vn 0.3754 0.9063 -0.1939
vn 0.3539 0.8544 -0.3805
vn 0.3189 0.7699 -0.5528
vn 0.2718 0.6561 -0.7041
vn 0.2142 0.5172 -0.8286
vn 0.1484 0.3584 -0.9217
vn 0.0769 0.1857 -0.9796
vn 0.1117 0.1671 0.9796
vn 0.2155 0.3225 0.9217
vn 0.3110 0.4654 0.8286
vn 0.3945 0.5905 0.7041
vn 0.4630 0.6929 0.5528
vn 0.5138 0.7689 0.3805
vn 0.5450 0.8157 0.1939
vn 0.5556 0.8315 -0.0000
vn 0.5450 0.8157 -0.1939
vn 0.5138 0.7689 -0.3805
vn 0.4630 0.6929 -0.5528
vn 0.3945 0.5905 -0.7041
vn 0.3110 0.4654 -0.8286
vn 0.2155 0.3225 -0.9217
vn 0.1117 0.1671 -0.9796
vn 0.1421 0.1421 0.9796
vn 0.2743 0.2743 0.9217
vn 0.3958 0.3958 0.8286
vn 0.5021 0.5021 0.7041
vn 0.5893 0.5893 0.5528
vn 0.6539 0.6539 0.3805
vn 0.6937 0.6937 0.1939
vn 0.7071 0.7071 -0.0000
vn 0.6937 0.6937 -0.1939
vn 0.6539 0.6539 -0.3805
vn 0.5893 0.5893 -0.5528
vn 0.5021 0.5021 -0.7041
vn 0.3958 0.3958 -0.8286
vn 0.2743 0.2743 -0.9217
vn 0.1421 0.1421 -0.9796
vn -0.0000 -0.0000 1.0000
vn 0.1671 0.1117 0.9796
vn 0.3225 0.2155 0.9217
vn 0.4654 0.3110 0.8286
vn 0.5905 0.3945 0.7041
vn 0.6929 0.4630 0.5528
vn 0.7689 0.5138 0.3805
vn 0.8157 0.5450 0.1939
vn 0.8315 0.5556 -0.0000
vn 0.8157 0.5450 -0.1939
vn 0.7689 0.5138 -0.3805
vn 0.6929 0.4630 -0.5528
vn 0.5905 0.3945 -0.7041
vn 0.4654 0.3110 -0.8286
vn 0.3225 0.2155 -0.9217
vn 0.1671 0.1117 -0.9796
vn 0.1857 0.0769 0.9796
vn 0.3584 0.1484 0.9217
vn 0.5172 0.2142 0.8286
vn 0.6561 0.2718 0.7041
vn 0.7699 0.3189 0.5528
vn 0.8544 0.3539 0.3805
vn 0.9063 0.3754 0.1939
vn 0.9239 0.3827 -0.0000
vn 0.9063 0.3754 -0.1939
vn 0.8544 0.3539 -0.3805
vn 0.7699 0.3189 -0.5528
vn 0.6561 0.2718 -0.7041
vn 0.5172 0.2142 -0.8286
vn 0.3584 0.1484 -0.9217
vn 0.1857 0.0769 -0.9796
vn 0.1971 0.0392 0.9796
vn 0.3804 0.0757 0.9217
vn 0.5490 0.1092 0.8286
vn 0.6965 0.1385 0.7041
vn 0.8173 0.1626 0.5528
vn 0.9070 0.1804 0.3805
vn 0.9622 0.1914 0.1939
vn 0.9808 0.1951 -0.0000
vn 0.9622 0.1914 -0.1939
vn 0.9070 0.1804 -0.3805
vn 0.8173 0.1626 -0.5528
vn 0.6965 0.1385 -0.7041
vn 0.5490 0.1092 -0.8286
vn 0.3804 0.0757 -0.9217
vn 0.1971 0.0392 -0.9796
vn 0.2010 -0.0000 0.9796
vn 0.3879 -0.0000 0.9217
vn 0.5598 -0.0000 0.8286
vn 0.7101 -0.0000 0.7041
vn 0.8333 -0.0000 0.5528
vn 0.9248 -0.0000 0.3805
vn 0.9810 -0.0000 0.1939
vn 1.0000 -0.0000 -0.0000
vn 0.9810 -0.0000 -0.1939
vn 0.9248 -0.0000 -0.3805
vn 0.8333 -0.0000 -0.5528
vn 0.7101 -0.0000 -0.7041
vn 0.5598 -0.0000 -0.8286
vn 0.3879 -0.0000 -0.9217
vn 0.2010 -0.0000 -0.9796
vn 0.1971 -0.0392 0.9796
vn 0.3804 -0.0757 0.9217
vn 0.5490 -0.1092 0.8286
vn 0.6965 -0.1385 0.7041
vn 0.8173 -0.1626 0.5528
vn 0.9070 -0.1804 0.3805
vn 0.9622 -0.1914 0.1939
vn 0.9808 -0.1951 -0.0000
vn 0.9622 -0.1914 -0.1939
vn 0.9070 -0.1804 -0.3805
vn 0.8173 -0.1626 -0.5528
vn 0.6965 -0.1385 -0.7041
vn 0.5490 -0.1092 -0.8286
vn 0.3804 -0.0757 -0.9217
vn 0.1971 -0.0392 -0.9796
vn 0.1857 -0.0769 0.9796
vn 0.3584 -0.1484 0.9217
vn 0.5172 -0.2142 0.8286
vn 0.6561 -0.2718 0.7041
vn 0.7699 -0.3189 0.5528
vn 0.8544 -0.3539 0.3805
vn 0.9063 -0.3754 0.1939
vn 0.9239 -0.3827 -0.0000
vn 0.9063 -0.3754 -0.1939
vn 0.8544 -0.3539 -0.3805
vn 0.7699 -0.3189 -0.5528
vn 0.6561 -0.2718 -0.7041
vn 0.5172 -0.2142 -0.8286
vn 0.3584 -0.1484 -0.9217
vn 0.1857 -0.0769 -0.9796
vn 0.1671 -0.1117 0.9796
vn 0.3225 -0.2155 0.9217
vn 0.4654 -0.3110 0.8286
vn 0.5905 -0.3945 0.7041
vn 0.6929 -0.4630 0.5528
vn 0.7689 -0.5138 0.3805
vn 0.8157 -0.5450 0.1939
vn 0.8315 -0.5556 -0.0000
vn 0.8157 -0.5450 -0.1939
vn 0.7689 -0.5138 -0.3805
vn 0.6929 -0.4630 -0.5528
vn 0.5905 -0.3945 -0.7041
vn 0.4654 -0.3110 -0.8286
vn 0.3225 -0.2155 -0.9217
vn 0.1671 -0.1117 -0.9796
vn 0.1421 -0.1421 0.9796
vn 0.2743 -0.2743 0.9217
vn 0.3958 -0.3958 0.8286
vn 0.5021 -0.5021 0.7041
vn 0.5893 -0.5893 0.5528
vn 0.6539 -0.6539 0.3805
vn 0.6937 -0.6937 0.1939
vn 0.7071 -0.7071 -0.0000
vn 0.6937 -0.6937 -0.1939
vn 0.6539 -0.6539 -0.3805
vn 0.5893 -0.5893 -0.5528
vn 0.5021 -0.5021 -0.7041
vn 0.3958 -0.3958 -0.8286
vn 0.2743 -0.2743 -0.9217
vn 0.1421 -0.1421 -0.9796
vn 0.1117 -0.1671 0.9796
vn 0.2155 -0.3225 0.9217
vn 0.3110 -0.4654 0.8286
vn 0.3945 -0.5905 0.7041
vn 0.4630 -0.6929 0.5528
vn 0.5138 -0.7689 0.3805
vn 0.5450 -0.8157 0.1939
vn 0.5556 -0.8315 -0.0000
vn 0.5450 -0.8157 -0.1939
vn 0.5138 -0.7689 -0.3805
vn 0.4630 -0.6929 -0.5528
vn 0.3945 -0.5905 -0.7041
vn 0.3110 -0.4654 -0.8286
vn 0.2155 -0.3225 -0.9217
vn 0.1117 -0.1671 -0.9796
vn 0.0769 -0.1857 0.9796
vn 0.1484 -0.3584 0.9217
vn 0.2142 -0.5172 0.8286
vn 0.2718 -0.6561 0.7041
vn 0.3189 -0.7699 0.5528
vn 0.3539 -0.8544 0.3805
vn 0.3754 -0.9063 0.1939
vn 0.3827 -0.9239 -0.0000
vn 0.3754 -0.9063 -0.1939
vn 0.3539 -0.8544 -0.3805
vn 0.3189 -0.7699 -0.5528
vn 0.2718 -0.6561 -0.7041
vn 0.2142 -0.5172 -0.8286
vn 0.1484 -0.3584 -0.9217
vn 0.0769 -0.1857 -0.9796
vn 0.0392 -0.1971 0.9796
vn 0.0757 -0.3804 0.9217
vn 0.1092 -0.5490 0.8286
vn 0.1385 -0.6965 0.7041
vn 0.1626 -0.8173 0.5528
vn 0.1804 -0.9070 0.3805
vn 0.1914 -0.9622 0.1939
vn 0.1951 -0.9808 -0.0000
vn 0.1914 -0.9622 -0.1939
vn 0.1804 -0.9070 -0.3805
vn 0.1626 -0.8173 -0.5528
vn 0.1385 -0.6965 -0.7041
vn 0.1092 -0.5490 -0.8286
vn 0.0757 -0.3804 -0.9217
vn 0.0392 -0.1971 -0.9796
vn -0.0000 -0.3879 0.9217
vn -0.0000 -0.5598 0.8286
vn -0.0000 -0.9248 0.3805
vn -0.0000 -1.0000 -0.0000
vn -0.0000 -0.9248 -0.3805
vn -0.0000 -0.7101 -0.7041
vn -0.0000 -0.5598 -0.8286
vn -0.0000 -0.3879 -0.9217
vn -0.0000 -0.2010 -0.9796
vt 0.750000 0.875000
vt 0.718750 0.937500
vt 0.718750 0.875000
vt 0.750000 0.437500
vt 0.718750 0.375000
vt 0.750000 0.375000
vt 0.750000 0.812500
vt 0.718750 0.812500
vt 0.718750 0.312500
vt 0.750000 0.312500
vt 0.750000 0.750000
vt 0.718750 0.750000
vt 0.718750 0.250000
vt 0.750000 0.250000
vt 0.718750 0.687500
vt 0.750000 0.687500
vt 0.718750 0.187500
vt 0.750000 0.187500
vt 0.750000 0.625000
vt 0.718750 0.625000
vt 0.718750 0.125000
vt 0.750000 0.125000
vt 0.718750 0.562500
vt 0.750000 0.562500
vt 0.718750 0.062500
vt 0.750000 0.062500
vt 0.750000 0.500000
vt 0.718750 0.500000
vt 0.750000 0.937500
vt 0.734375 1.000000
vt 0.734375 0.000000
vt 0.718750 0.437500
vt 0.703125 1.000000
vt 0.687500 0.937500
vt 0.703125 0.000000
vt 0.687500 0.062500
vt 0.687500 0.437500
vt 0.687500 0.875000
vt 0.687500 0.375000
vt 0.687500 0.812500
vt 0.687500 0.312500
vt 0.687500 0.750000
vt 0.687500 0.250000
vt 0.687500 0.687500
vt 0.687500 0.187500
vt 0.687500 0.625000
vt 0.687500 0.125000
vt 0.687500 0.562500
vt 0.687500 0.500000
vt 0.656250 0.687500
vt 0.656250 0.250000
vt 0.656250 0.187500
vt 0.656250 0.625000
vt 0.656250 0.125000
vt 0.656250 0.562500
vt 0.656250 0.062500
vt 0.656250 0.500000
vt 0.671875 1.000000
vt 0.656250 0.937500
vt 0.671875 0.000000
vt 0.656250 0.437500
vt 0.656250 0.875000
vt 0.656250 0.375000
vt 0.656250 0.812500
vt 0.656250 0.312500
vt 0.656250 0.750000
vt 0.625000 0.437500
vt 0.625000 0.875000
vt 0.625000 0.375000
vt 0.625000 0.812500
vt 0.625000 0.312500
vt 0.625000 0.750000
vt 0.625000 0.250000
vt 0.625000 0.687500
vt 0.625000 0.187500
vt 0.625000 0.625000
vt 0.625000 0.125000
vt 0.625000 0.562500
vt 0.625000 0.062500
vt 0.625000 0.500000
vt 0.640625 1.000000
vt 0.625000 0.937500
vt 0.640625 0.000000
vt 0.593750 0.250000
vt 0.593750 0.187500
vt 0.593750 0.687500
vt 0.593750 0.625000
vt 0.593750 0.125000
vt 0.593750 0.562500
vt 0.593750 0.062500
vt 0.593750 0.500000
vt 0.609375 1.000000
vt 0.593750 0.937500
vt 0.609375 0.000000
vt 0.593750 0.437500
vt 0.593750 0.875000
vt 0.593750 0.375000
vt 0.593750 0.812500
vt 0.593750 0.312500
vt 0.593750 0.750000
vt 0.562500 0.937500
vt 0.562500 0.875000
vt 0.562500 0.437500
vt 0.562500 0.375000
vt 0.562500 0.812500
vt 0.562500 0.312500
vt 0.562500 0.750000
vt 0.562500 0.250000
vt 0.562500 0.687500
vt 0.562500 0.187500
vt 0.562500 0.625000
vt 0.562500 0.125000
vt 0.562500 0.562500
vt 0.562500 0.062500
vt 0.562500 0.500000
vt 0.578125 1.000000
vt 0.578125 0.000000
vt 0.531250 0.687500
vt 0.531250 0.625000
vt 0.531250 0.125000
vt 0.531250 0.562500
vt 0.531250 0.062500
vt 0.531250 0.500000
vt 0.546875 1.000000
vt 0.531250 0.937500
vt 0.546875 0.000000
vt 0.531250 0.437500
vt 0.531250 0.875000
vt 0.531250 0.375000
vt 0.531250 0.812500
vt 0.531250 0.312500
vt 0.531250 0.750000
vt 0.531250 0.250000
vt 0.531250 0.187500
vt 0.500000 0.375000
vt 0.500000 0.812500
vt 0.500000 0.312500
vt 0.500000 0.750000
vt 0.500000 0.250000
vt 0.500000 0.687500
vt 0.500000 0.187500
vt 0.500000 0.625000
vt 0.500000 0.125000
vt 0.500000 0.562500
vt 0.500000 0.062500
vt 0.500000 0.500000
vt 0.515625 1.000000
vt 0.500000 0.937500
vt 0.515625 0.000000
vt 0.500000 0.437500
vt 0.500000 0.875000
vt 0.468750 0.187500
vt 0.468750 0.125000
vt 0.468750 0.625000
vt 0.468750 0.562500
vt 0.468750 0.062500
vt 0.468750 0.500000
vt 0.484375 1.000000
vt 0.468750 0.937500
vt 0.484375 0.000000
vt 0.468750 0.437500
vt 0.468750 0.875000
vt 0.468750 0.375000
vt 0.468750 0.812500
vt 0.468750 0.312500
vt 0.468750 0.750000
vt 0.468750 0.250000
vt 0.468750 0.687500
vt 0.437500 0.312500
vt 0.437500 0.750000
vt 0.437500 0.250000
vt 0.437500 0.687500
vt 0.437500 0.187500
vt 0.437500 0.625000
vt 0.437500 0.125000
vt 0.437500 0.562500
vt 0.437500 0.062500
vt 0.437500 0.500000
vt 0.453125 1.000000
vt 0.437500 0.937500
vt 0.453125 0.000000
vt 0.437500 0.437500
vt 0.437500 0.875000
vt 0.437500 0.375000
vt 0.437500 0.812500
vt 0.406250 0.062500
vt 0.406250 0.500000
vt 0.421875 1.000000
vt 0.406250 0.937500
vt 0.421875 0.000000
vt 0.406250 0.437500
vt 0.406250 0.875000
vt 0.406250 0.375000
vt 0.406250 0.812500
vt 0.406250 0.312500
vt 0.406250 0.750000
vt 0.406250 0.250000
vt 0.406250 0.687500
vt 0.406250 0.187500
vt 0.406250 0.625000
vt 0.406250 0.125000
vt 0.406250 0.562500
vt 0.375000 0.750000
vt 0.375000 0.312500
vt 0.375000 0.250000
vt 0.375000 0.687500
vt 0.375000 0.187500
vt 0.375000 0.625000
vt 0.375000 0.125000
vt 0.375000 0.562500
vt 0.375000 0.062500
vt 0.375000 0.500000
vt 0.390625 1.000000
vt 0.375000 0.937500
vt 0.390625 0.000000
vt 0.375000 0.437500
vt 0.375000 0.875000
vt 0.375000 0.375000
vt 0.375000 0.812500
vt 0.343750 0.500000
vt 0.359375 1.000000
vt 0.343750 0.937500
vt 0.359375 0.000000
vt 0.343750 0.062500
vt 0.343750 0.437500
vt 0.343750 0.875000
vt 0.343750 0.375000
vt 0.343750 0.812500
vt 0.343750 0.312500
vt 0.343750 0.750000
vt 0.343750 0.250000
vt 0.343750 0.687500
vt 0.343750 0.187500
vt 0.343750 0.625000
vt 0.343750 0.125000
vt 0.343750 0.562500
vt 0.312500 0.250000
vt 0.312500 0.687500
vt 0.312500 0.187500
vt 0.312500 0.625000
vt 0.312500 0.125000
vt 0.312500 0.562500
vt 0.312500 0.062500
vt 0.312500 0.500000
vt 0.328125 1.000000
vt 0.312500 0.937500
vt 0.328125 0.000000
vt 0.312500 0.437500
vt 0.312500 0.875000
vt 0.312500 0.375000
vt 0.312500 0.812500
vt 0.312500 0.312500
vt 0.312500 0.750000
vt 0.296875 1.000000
vt 0.281250 0.937500
vt 0.296875 0.000000
vt 0.281250 0.062500
vt 0.281250 0.500000
vt 0.281250 0.437500
vt 0.281250 0.875000
vt 0.281250 0.375000
vt 0.281250 0.812500
vt 0.281250 0.312500
vt 0.281250 0.750000
vt 0.281250 0.250000
vt 0.281250 0.687500
vt 0.281250 0.187500
vt 0.281250 0.625000
vt 0.281250 0.125000
vt 0.281250 0.562500
vt 0.250000 0.687500
vt 0.250000 0.187500
vt 0.250000 0.625000
vt 0.250000 0.125000
vt 0.250000 0.562500
vt 0.250000 0.062500
vt 0.250000 0.500000
vt 0.265625 1.000000
vt 0.250000 0.937500
vt 0.265625 0.000000
vt 0.250000 0.437500
vt 0.250000 0.875000
vt 0.250000 0.375000
vt 0.250000 0.812500
vt 0.250000 0.312500
vt 0.250000 0.750000
vt 0.250000 0.250000
vt 0.218750 0.500000
vt 0.218750 0.437500
vt 0.218750 0.875000
vt 0.218750 0.375000
vt 0.218750 0.812500
vt 0.218750 0.312500
vt 0.218750 0.750000
vt 0.218750 0.250000
vt 0.218750 0.687500
vt 0.218750 0.187500
vt 0.218750 0.625000
vt 0.218750 0.125000
vt 0.218750 0.562500
vt 0.218750 0.062500
vt 0.234375 1.000000
vt 0.218750 0.937500
vt 0.234375 0.000000
vt 0.187500 0.250000
vt 0.187500 0.187500
vt 0.187500 0.687500
vt 0.187500 0.625000
vt 0.187500 0.125000
vt 0.187500 0.562500
vt 0.187500 0.062500
vt 0.187500 0.500000
vt 0.203125 1.000000
vt 0.187500 0.937500
vt 0.203125 0.000000
vt 0.187500 0.437500
vt 0.187500 0.875000
vt 0.187500 0.375000
vt 0.187500 0.812500
vt 0.187500 0.312500
vt 0.187500 0.750000
vt 0.156250 0.437500
vt 0.156250 0.375000
vt 0.156250 0.812500
vt 0.156250 0.312500
vt 0.156250 0.750000
vt 0.156250 0.250000
vt 0.156250 0.687500
vt 0.156250 0.187500
vt 0.156250 0.625000
vt 0.156250 0.125000
vt 0.156250 0.562500
vt 0.156250 0.062500
vt 0.156250 0.500000
vt 0.171875 1.000000
vt 0.156250 0.937500
vt 0.171875 0.000000
vt 0.156250 0.875000
vt 0.125000 0.187500
vt 0.125000 0.125000
vt 0.125000 0.562500
vt 0.125000 0.062500
vt 0.125000 0.500000
vt 0.140625 1.000000
vt 0.125000 0.937500
vt 0.140625 0.000000
vt 0.125000 0.437500
vt 0.125000 0.875000
vt 0.125000 0.375000
vt 0.125000 0.812500
vt 0.125000 0.312500
vt 0.125000 0.750000
vt 0.125000 0.250000
vt 0.125000 0.687500
vt 0.125000 0.625000
vt 0.093750 0.812500
vt 0.093750 0.312500
vt 0.093750 0.750000
vt 0.093750 0.250000
vt 0.093750 0.687500
vt 0.093750 0.187500
vt 0.093750 0.625000
vt 0.093750 0.125000
vt 0.093750 0.562500
vt 0.093750 0.062500
vt 0.093750 0.500000
vt 0.109375 1.000000
vt 0.093750 0.937500
vt 0.109375 0.000000
vt 0.093750 0.437500
vt 0.093750 0.875000
vt 0.093750 0.375000
vt 0.062500 0.562500
vt 0.062500 0.062500
vt 0.062500 0.500000
vt 0.078125 1.000000
vt 0.062500 0.937500
vt 0.078125 0.000000
vt 0.062500 0.437500
vt 0.062500 0.875000
vt 0.062500 0.375000
vt 0.062500 0.812500
vt 0.062500 0.312500
vt 0.062500 0.750000
vt 0.062500 0.250000
vt 0.062500 0.687500
vt 0.062500 0.187500
vt 0.062500 0.625000
vt 0.062500 0.125000
vt 0.031250 0.312500
vt 0.031250 0.750000
vt 0.031250 0.250000
vt 0.031250 0.687500
vt 0.031250 0.187500
vt 0.031250 0.625000
vt 0.031250 0.125000
vt 0.031250 0.562500
vt 0.031250 0.062500
vt 0.031250 0.500000
vt 0.046875 1.000000
vt 0.031250 0.937500
vt 0.046875 0.000000
vt 0.031250 0.437500
vt 0.031250 0.875000
vt 0.031250 0.375000
vt 0.031250 0.812500
vt 0.000000 0.062500
vt 0.000000 0.500000
vt 0.015625 1.000000
vt 0.000000 0.937500
vt 0.015625 0.000000
vt 0.000000 0.437500
vt 0.000000 0.875000
vt 0.000000 0.375000
vt 0.000000 0.812500
vt 0.000000 0.312500
vt 0.000000 0.750000
vt 0.000000 0.250000
vt 0.000000 0.687500
vt 0.000000 0.187500
vt 0.000000 0.625000
vt 0.000000 0.125000
vt 0.000000 0.562500
vt 1.000000 0.812500
vt 0.968750 0.750000
vt 1.000000 0.750000
vt 1.000000 0.250000
vt 0.968750 0.312500
vt 0.968750 0.250000
vt 0.968750 0.687500
vt 1.000000 0.687500
vt 0.968750 0.187500
vt 1.000000 0.187500
vt 1.000000 0.625000
vt 0.968750 0.625000
vt 1.000000 0.125000
vt 0.968750 0.125000
vt 0.968750 0.562500
vt 1.000000 0.562500
vt 0.968750 0.062500
vt 1.000000 0.062500
vt 0.968750 0.500000
vt 1.000000 0.500000
vt 1.000000 0.937500
vt 0.984375 1.000000
vt 0.968750 0.937500
vt 0.984375 0.000000
vt 1.000000 0.437500
vt 0.968750 0.437500
vt 0.968750 0.875000
vt 1.000000 0.875000
vt 0.968750 0.375000
vt 1.000000 0.375000
vt 0.968750 0.812500
vt 1.000000 0.312500
vt 0.937500 0.500000
vt 0.953125 1.000000
vt 0.937500 0.937500
vt 0.953125 0.000000
vt 0.937500 0.062500
vt 0.937500 0.437500
vt 0.937500 0.875000
vt 0.937500 0.375000
vt 0.937500 0.812500
vt 0.937500 0.312500
vt 0.937500 0.750000
vt 0.937500 0.250000
vt 0.937500 0.687500
vt 0.937500 0.187500
vt 0.937500 0.625000
vt 0.937500 0.125000
vt 0.937500 0.562500
vt 0.906250 0.312500
vt 0.906250 0.250000
vt 0.906250 0.687500
vt 0.906250 0.187500
vt 0.906250 0.625000
vt 0.906250 0.125000
vt 0.906250 0.562500
vt 0.906250 0.062500
vt 0.906250 0.500000
vt 0.921875 1.000000
vt 0.906250 0.937500
vt 0.921875 0.000000
vt 0.906250 0.437500
vt 0.906250 0.875000
vt 0.906250 0.375000
vt 0.906250 0.812500
vt 0.906250 0.750000
vt 0.890625 0.000000
vt 0.875000 0.062500
vt 0.875000 0.500000
vt 0.875000 0.437500
vt 0.875000 0.875000
vt 0.875000 0.375000
vt 0.875000 0.812500
vt 0.875000 0.312500
vt 0.875000 0.750000
vt 0.875000 0.250000
vt 0.875000 0.687500
vt 0.875000 0.187500
vt 0.875000 0.625000
vt 0.875000 0.125000
vt 0.875000 0.562500
vt 0.890625 1.000000
vt 0.875000 0.937500
vt 0.843750 0.187500
vt 0.843750 0.687500
vt 0.843750 0.625000
vt 0.843750 0.125000
vt 0.843750 0.562500
vt 0.843750 0.062500
vt 0.843750 0.500000
vt 0.859375 1.000000
vt 0.843750 0.937500
vt 0.859375 0.000000
vt 0.843750 0.437500
vt 0.843750 0.875000
vt 0.843750 0.375000
vt 0.843750 0.812500
vt 0.843750 0.312500
vt 0.843750 0.750000
vt 0.843750 0.250000
vt 0.812500 0.875000
vt 0.812500 0.375000
vt 0.812500 0.812500
vt 0.812500 0.312500
vt 0.812500 0.750000
vt 0.812500 0.250000
vt 0.812500 0.687500
vt 0.812500 0.187500
vt 0.812500 0.625000
vt 0.812500 0.125000
vt 0.812500 0.562500
vt 0.812500 0.062500
vt 0.812500 0.500000
vt 0.828125 1.000000
vt 0.812500 0.937500
vt 0.828125 0.000000
vt 0.812500 0.437500
vt 0.781250 0.687500
vt 0.781250 0.625000
vt 0.781250 0.187500
vt 0.781250 0.125000
vt 0.781250 0.562500
vt 0.781250 0.062500
vt 0.781250 0.500000
vt 0.796875 1.000000
vt 0.781250 0.937500
vt 0.796875 0.000000
vt 0.781250 0.437500
vt 0.781250 0.875000
vt 0.781250 0.375000
vt 0.781250 0.812500
vt 0.781250 0.312500
vt 0.781250 0.750000
vt 0.781250 0.250000
vt 0.765625 1.000000
vt 0.765625 0.000000
s 1
g Sphere_M_Run.001
usemtl M_Run.001
f 1710/1447/1616 1243/1448/1149 1244/1449/1150
f 1241/1450/1147 1252/1451/1158 1714/1452/1620
f 1711/1453/1617 1244/1449/1150 1245/1454/1151
f 1714/1452/1620 1253/1455/1159 1242/1456/1148
f 1238/1457/1144 1245/1454/1151 1246/1458/1152
f 1242/1456/1148 1254/1459/1160 1715/1460/1621
f 1238/1457/1144 1247/1461/1153 1239/1462/1145
f 1715/1460/1621 1255/1463/1161 1716/1464/1622
f 1712/1465/1618 1247/1461/1153 1248/1466/1154
f 1716/1464/1622 1256/1467/1162 1717/1468/1623
f 1712/1465/1618 1249/1469/1155 1240/1470/1146
f 1717/1468/1623 1257/1471/1163 1718/1472/1624
f 1713/1473/1619 1249/1469/1155 1250/1474/1156
f 1237/1475/1143 1544/1476/1450 1243/1448/1149
f 1288/1477/1194 1718/1472/1624 1257/1471/1163
f 1713/1473/1619 1251/1478/1157 1241/1450/1147
f 1243/1448/1149 1544/1479/1450 1258/1480/1164
f 1288/1481/1194 1257/1471/1163 1272/1482/1178
f 1250/1474/1156 1266/1483/1172 1251/1478/1157
f 1243/1448/1149 1259/1484/1165 1244/1449/1150
f 1252/1451/1158 1266/1483/1172 1267/1485/1173
f 1244/1449/1150 1260/1486/1166 1245/1454/1151
f 1252/1451/1158 1268/1487/1174 1253/1455/1159
f 1245/1454/1151 1261/1488/1167 1246/1458/1152
f 1253/1455/1159 1269/1489/1175 1254/1459/1160
f 1247/1461/1153 1261/1488/1167 1262/1490/1168
f 1255/1463/1161 1269/1489/1175 1270/1491/1176
f 1247/1461/1153 1263/1492/1169 1248/1466/1154
f 1256/1467/1162 1270/1491/1176 1271/1493/1177
f 1248/1466/1154 1264/1494/1170 1249/1469/1155
f 1256/1467/1162 1272/1482/1178 1257/1471/1163
f 1250/1474/1156 1264/1494/1170 1265/1495/1171
f 1261/1488/1167 1277/1496/1183 1262/1490/1168
f 1270/1491/1176 1284/1497/1190 1285/1498/1191
f 1263/1492/1169 1277/1496/1183 1278/1499/1184
f 1270/1491/1176 1286/1500/1192 1271/1493/1177
f 1263/1492/1169 1279/1501/1185 1264/1494/1170
f 1272/1482/1178 1286/1500/1192 1287/1502/1193
f 1264/1494/1170 1280/1503/1186 1265/1495/1171
f 1258/1480/1164 1544/1504/1450 1273/1505/1179
f 1288/1506/1194 1272/1482/1178 1287/1502/1193
f 1265/1495/1171 1281/1507/1187 1266/1483/1172
f 1258/1480/1164 1274/1508/1180 1259/1484/1165
f 1266/1483/1172 1282/1509/1188 1267/1485/1173
f 1259/1484/1165 1275/1510/1181 1260/1486/1166
f 1267/1485/1173 1283/1511/1189 1268/1487/1174
f 1260/1486/1166 1276/1512/1182 1261/1488/1167
f 1269/1489/1175 1283/1511/1189 1284/1497/1190
f 1280/1503/1186 1297/1513/1203 1281/1507/1187
f 1273/1505/1179 1290/1514/1196 1274/1508/1180
f 1281/1507/1187 1298/1515/1204 1282/1509/1188
f 1275/1510/1181 1290/1514/1196 1291/1516/1197
f 1282/1509/1188 1299/1517/1205 1283/1511/1189
f 1275/1510/1181 1292/1518/1198 1276/1512/1182
f 1283/1511/1189 1300/1519/1206 1284/1497/1190
f 1276/1512/1182 1293/1520/1199 1277/1496/1183
f 1285/1498/1191 1300/1519/1206 1301/1521/1207
f 1278/1499/1184 1293/1520/1199 1294/1522/1200
f 1285/1498/1191 1302/1523/1208 1286/1500/1192
f 1278/1499/1184 1295/1524/1201 1279/1501/1185
f 1287/1502/1193 1302/1523/1208 1303/1525/1209
f 1279/1501/1185 1296/1526/1202 1280/1503/1186
f 1273/1505/1179 1544/1527/1450 1289/1528/1195
f 1288/1529/1194 1287/1502/1193 1303/1525/1209
f 1301/1521/1207 1315/1530/1221 1316/1531/1222
f 1294/1522/1200 1308/1532/1214 1309/1533/1215
f 1301/1521/1207 1317/1534/1223 1302/1523/1208
f 1294/1522/1200 1310/1535/1216 1295/1524/1201
f 1303/1525/1209 1317/1534/1223 1318/1536/1224
f 1296/1526/1202 1310/1535/1216 1311/1537/1217
f 1289/1528/1195 1544/1538/1450 1304/1539/1210
f 1288/1540/1194 1303/1525/1209 1318/1536/1224
f 1296/1526/1202 1312/1541/1218 1297/1513/1203
f 1289/1528/1195 1305/1542/1211 1290/1514/1196
f 1297/1513/1203 1313/1543/1219 1298/1515/1204
f 1290/1514/1196 1306/1544/1212 1291/1516/1197
f 1298/1515/1204 1314/1545/1220 1299/1517/1205
f 1291/1516/1197 1307/1546/1213 1292/1518/1198
f 1299/1517/1205 1315/1530/1221 1300/1519/1206
f 1293/1520/1199 1307/1546/1213 1308/1532/1214
f 1305/1542/1211 1319/1547/1225 1320/1548/1226
f 1313/1543/1219 1327/1549/1233 1328/1550/1234
f 1305/1542/1211 1321/1551/1227 1306/1544/1212
f 1313/1543/1219 1329/1552/1235 1314/1545/1220
f 1306/1544/1212 1322/1553/1228 1307/1546/1213
f 1314/1545/1220 1330/1554/1236 1315/1530/1221
f 1308/1532/1214 1322/1553/1228 1323/1555/1229
f 1316/1531/1222 1330/1554/1236 1331/1556/1237
f 1309/1533/1215 1323/1555/1229 1324/1557/1230
f 1317/1534/1223 1331/1556/1237 1332/1558/1238
f 1309/1533/1215 1325/1559/1231 1310/1535/1216
f 1318/1536/1224 1332/1558/1238 1333/1560/1239
f 1310/1535/1216 1326/1561/1232 1311/1537/1217
f 1304/1539/1210 1544/1562/1450 1319/1547/1225
f 1288/1563/1194 1318/1536/1224 1333/1560/1239
f 1311/1537/1217 1327/1549/1233 1312/1541/1218
f 1324/1557/1230 1338/1564/1244 1339/1565/1245
f 1331/1556/1237 1347/1566/1253 1332/1558/1238
f 1324/1557/1230 1340/1567/1246 1325/1559/1231
f 1332/1558/1238 1348/1568/1254 1333/1560/1239
f 1325/1559/1231 1341/1569/1247 1326/1561/1232
f 1319/1547/1225 1544/1570/1450 1334/1571/1240
f 1288/1572/1194 1333/1560/1239 1348/1568/1254
f 1327/1549/1233 1341/1569/1247 1342/1573/1248
f 1319/1547/1225 1335/1574/1241 1320/1548/1226
f 1327/1549/1233 1343/1575/1249 1328/1550/1234
f 1320/1548/1226 1336/1576/1242 1321/1551/1227
f 1328/1550/1234 1344/1577/1250 1329/1552/1235
f 1321/1551/1227 1337/1578/1243 1322/1553/1228
f 1329/1552/1235 1345/1579/1251 1330/1554/1236
f 1322/1553/1228 1338/1564/1244 1323/1555/1229
f 1330/1554/1236 1346/1580/1252 1331/1556/1237
f 1342/1573/1248 1358/1581/1264 1343/1575/1249
f 1335/1574/1241 1351/1582/1257 1336/1576/1242
f 1343/1575/1249 1359/1583/1265 1344/1577/1250
f 1336/1576/1242 1352/1584/1258 1337/1578/1243
f 1344/1577/1250 1360/1585/1266 1345/1579/1251
f 1337/1578/1243 1353/1586/1259 1338/1564/1244
f 1346/1580/1252 1360/1585/1266 1361/1587/1267
f 1338/1564/1244 1354/1588/1260 1339/1565/1245
f 1347/1566/1253 1361/1587/1267 1362/1589/1268
f 1340/1567/1246 1354/1588/1260 1355/1590/1261
f 1347/1566/1253 1363/1591/1269 1348/1568/1254
f 1341/1569/1247 1355/1590/1261 1356/1592/1262
f 1334/1571/1240 1544/1593/1450 1349/1594/1255
f 1288/1595/1194 1348/1568/1254 1363/1591/1269
f 1341/1569/1247 1357/1596/1263 1342/1573/1248
f 1335/1574/1241 1349/1594/1255 1350/1597/1256
f 1362/1589/1268 1376/1598/1282 1377/1599/1283
f 1355/1590/1261 1369/1600/1275 1370/1601/1276
f 1363/1591/1269 1377/1599/1283 1378/1602/1284
f 1355/1590/1261 1371/1603/1277 1356/1592/1262
f 1349/1594/1255 1544/1604/1450 1364/1605/1270
f 1288/1606/1194 1363/1591/1269 1378/1602/1284
f 1356/1592/1262 1372/1607/1278 1357/1596/1263
f 1349/1594/1255 1365/1608/1271 1350/1597/1256
f 1357/1596/1263 1373/1609/1279 1358/1581/1264
f 1350/1597/1256 1366/1610/1272 1351/1582/1257
f 1358/1581/1264 1374/1611/1280 1359/1583/1265
f 1351/1582/1257 1367/1612/1273 1352/1584/1258
f 1360/1585/1266 1374/1611/1280 1375/1613/1281
f 1352/1584/1258 1368/1614/1274 1353/1586/1259
f 1360/1585/1266 1376/1598/1282 1361/1587/1267
f 1354/1588/1260 1368/1614/1274 1369/1600/1275
f 1373/1609/1279 1389/1615/1295 1374/1611/1280
f 1366/1610/1272 1382/1616/1288 1367/1612/1273
f 1374/1611/1280 1390/1617/1296 1375/1613/1281
f 1367/1612/1273 1383/1618/1289 1368/1614/1274
f 1376/1598/1282 1390/1617/1296 1391/1619/1297
f 1368/1614/1274 1384/1620/1290 1369/1600/1275
f 1376/1598/1282 1392/1621/1298 1377/1599/1283
f 1369/1600/1275 1385/1622/1291 1370/1601/1276
f 1378/1602/1284 1392/1621/1298 1393/1623/1299
f 1371/1603/1277 1385/1622/1291 1386/1624/1292
f 1364/1605/1270 1544/1625/1450 1379/1626/1285
f 1288/1627/1194 1378/1602/1284 1393/1623/1299
f 1371/1603/1277 1387/1628/1293 1372/1607/1278
f 1364/1605/1270 1380/1629/1286 1365/1608/1271
f 1372/1607/1278 1388/1630/1294 1373/1609/1279
f 1365/1608/1271 1381/1631/1287 1366/1610/1272
f 1392/1621/1298 1408/1632/1314 1393/1623/1299
f 1385/1622/1291 1401/1633/1307 1386/1624/1292
f 1379/1626/1285 1544/1634/1450 1394/1635/1300
f 1288/1636/1194 1393/1623/1299 1408/1632/1314
f 1387/1628/1293 1401/1633/1307 1402/1637/1308
f 1379/1626/1285 1395/1638/1301 1380/1629/1286
f 1387/1628/1293 1403/1639/1309 1388/1630/1294
f 1380/1629/1286 1396/1640/1302 1381/1631/1287
f 1388/1630/1294 1404/1641/1310 1389/1615/1295
f 1381/1631/1287 1397/1642/1303 1382/1616/1288
f 1390/1617/1296 1404/1641/1310 1405/1643/1311
f 1382/1616/1288 1398/1644/1304 1383/1618/1289
f 1390/1617/1296 1406/1645/1312 1391/1619/1297
f 1384/1620/1290 1398/1644/1304 1399/1646/1305
f 1391/1619/1297 1407/1647/1313 1392/1621/1298
f 1384/1620/1290 1400/1648/1306 1385/1622/1291
f 1396/1640/1302 1412/1649/1318 1397/1642/1303
f 1405/1643/1311 1419/1650/1325 1420/1651/1326
f 1397/1642/1303 1413/1652/1319 1398/1644/1304
f 1406/1645/1312 1420/1651/1326 1421/1653/1327
f 1399/1646/1305 1413/1652/1319 1414/1654/1320
f 1407/1647/1313 1421/1653/1327 1422/1655/1328
f 1399/1646/1305 1415/1656/1321 1400/1648/1306
f 1407/1647/1313 1423/1657/1329 1408/1632/1314
f 1400/1648/1306 1416/1658/1322 1401/1633/1307
f 1394/1635/1300 1544/1659/1450 1409/1660/1315
f 1288/1661/1194 1408/1632/1314 1423/1657/1329
f 1402/1637/1308 1416/1658/1322 1417/1662/1323
f 1394/1635/1300 1410/1663/1316 1395/1638/1301
f 1402/1637/1308 1418/1664/1324 1403/1639/1309
f 1395/1638/1301 1411/1665/1317 1396/1640/1302
f 1403/1639/1309 1419/1650/1325 1404/1641/1310
f 1415/1656/1321 1431/1666/1337 1416/1658/1322
f 1409/1660/1315 1544/1667/1450 1424/1668/1330
f 1288/1669/1194 1423/1657/1329 1438/1670/1344
f 1416/1658/1322 1432/1671/1338 1417/1662/1323
f 1409/1660/1315 1425/1672/1331 1410/1663/1316
f 1418/1664/1324 1432/1671/1338 1433/1673/1339
f 1410/1663/1316 1426/1674/1332 1411/1665/1317
f 1418/1664/1324 1434/1675/1340 1419/1650/1325
f 1411/1665/1317 1427/1676/1333 1412/1649/1318
f 1420/1651/1326 1434/1675/1340 1435/1677/1341
f 1412/1649/1318 1428/1678/1334 1413/1652/1319
f 1421/1653/1327 1435/1677/1341 1436/1679/1342
f 1414/1654/1320 1428/1678/1334 1429/1680/1335
f 1422/1655/1328 1436/1679/1342 1437/1681/1343
f 1414/1654/1320 1430/1682/1336 1415/1656/1321
f 1422/1655/1328 1438/1670/1344 1423/1657/1329
f 1434/1675/1340 1450/1683/1356 1435/1677/1341
f 1427/1676/1333 1443/1684/1349 1428/1678/1334
f 1435/1677/1341 1451/1685/1357 1436/1679/1342
f 1429/1680/1335 1443/1684/1349 1444/1686/1350
f 1437/1681/1343 1451/1685/1357 1452/1687/1358
f 1429/1680/1335 1445/1688/1351 1430/1682/1336
f 1438/1670/1344 1452/1687/1358 1453/1689/1359
f 1430/1682/1336 1446/1690/1352 1431/1666/1337
f 1424/1668/1330 1544/1691/1450 1439/1692/1345
f 1288/1693/1194 1438/1670/1344 1453/1689/1359
f 1432/1671/1338 1446/1690/1352 1447/1694/1353
f 1424/1668/1330 1440/1695/1346 1425/1672/1331
f 1433/1673/1339 1447/1694/1353 1448/1696/1354
f 1425/1672/1331 1441/1697/1347 1426/1674/1332
f 1433/1673/1339 1449/1698/1355 1434/1675/1340
f 1426/1674/1332 1442/1699/1348 1427/1676/1333
f 1439/1692/1345 1544/1700/1450 1454/1701/1360
f 1288/1702/1194 1453/1689/1359 1468/1703/1374
f 1447/1694/1353 1461/1704/1367 1462/1705/1368
f 1439/1692/1345 1455/1706/1361 1440/1695/1346
f 1448/1696/1354 1462/1705/1368 1463/1707/1369
f 1440/1695/1346 1456/1708/1362 1441/1697/1347
f 1448/1696/1354 1464/1709/1370 1449/1698/1355
f 1441/1697/1347 1457/1710/1363 1442/1699/1348
f 1450/1683/1356 1464/1709/1370 1465/1711/1371
f 1442/1699/1348 1458/1712/1364 1443/1684/1349
f 1451/1685/1357 1465/1711/1371 1466/1713/1372
f 1444/1686/1350 1458/1712/1364 1459/1714/1365
f 1452/1687/1358 1466/1713/1372 1467/1715/1373
f 1444/1686/1350 1460/1716/1366 1445/1688/1351
f 1452/1687/1358 1468/1703/1374 1453/1689/1359
f 1445/1688/1351 1461/1704/1367 1446/1690/1352
f 1457/1710/1363 1473/1717/1379 1458/1712/1364
f 1465/1711/1371 1481/1718/1387 1466/1713/1372
f 1459/1714/1365 1473/1717/1379 1474/1719/1380
f 1467/1715/1373 1481/1718/1387 1482/1720/1388
f 1459/1714/1365 1475/1721/1381 1460/1716/1366
f 1467/1715/1373 1483/1722/1389 1468/1703/1374
f 1460/1716/1366 1476/1723/1382 1461/1704/1367
f 1454/1701/1360 1544/1724/1450 1469/1725/1375
f 1288/1726/1194 1468/1703/1374 1483/1722/1389
f 1462/1705/1368 1476/1723/1382 1477/1727/1383
f 1455/1706/1361 1469/1725/1375 1470/1728/1376
f 1463/1707/1369 1477/1727/1383 1478/1729/1384
f 1455/1706/1361 1471/1730/1377 1456/1708/1362
f 1463/1707/1369 1479/1731/1385 1464/1709/1370
f 1456/1708/1362 1472/1732/1378 1457/1710/1363
f 1465/1711/1371 1479/1731/1385 1480/1733/1386
f 1477/1727/1383 1491/1734/1397 1492/1735/1398
f 1469/1725/1375 1485/1736/1391 1470/1728/1376
f 1478/1729/1384 1492/1735/1398 1493/1737/1399
f 1470/1728/1376 1486/1738/1392 1471/1730/1377
f 1478/1729/1384 1494/1739/1400 1479/1731/1385
f 1471/1730/1377 1487/1740/1393 1472/1732/1378
f 1480/1733/1386 1494/1739/1400 1495/1741/1401
f 1472/1732/1378 1488/1742/1394 1473/1717/1379
f 1481/1718/1387 1495/1741/1401 1496/1743/1402
f 1474/1719/1380 1488/1742/1394 1489/1744/1395
f 1481/1718/1387 1497/1745/1403 1482/1720/1388
f 1474/1719/1380 1490/1746/1396 1475/1721/1381
f 1483/1722/1389 1497/1745/1403 1498/1747/1404
f 1475/1721/1381 1491/1734/1397 1476/1723/1382
f 1469/1725/1375 1544/1748/1450 1484/1749/1390
f 1288/1750/1194 1483/1722/1389 1498/1747/1404
f 1496/1743/1402 1510/1751/1416 1511/1752/1417
f 1489/1744/1395 1503/1753/1409 1504/1754/1410
f 1497/1745/1403 1511/1752/1417 1512/1755/1418
f 1489/1744/1395 1505/1756/1411 1490/1746/1396
f 1497/1745/1403 1513/1757/1419 1498/1747/1404
f 1490/1746/1396 1506/1758/1412 1491/1734/1397
f 1484/1749/1390 1544/1759/1450 1499/1760/1405
f 1288/1761/1194 1498/1747/1404 1513/1757/1419
f 1492/1735/1398 1506/1758/1412 1507/1762/1413
f 1484/1749/1390 1500/1763/1406 1485/1736/1391
f 1493/1737/1399 1507/1762/1413 1508/1764/1414
f 1485/1736/1391 1501/1765/1407 1486/1738/1392
f 1493/1737/1399 1509/1766/1415 1494/1739/1400
f 1486/1738/1392 1502/1767/1408 1487/1740/1393
f 1494/1739/1400 1510/1751/1416 1495/1741/1401
f 1487/1740/1393 1503/1753/1409 1488/1742/1394
f 1508/1764/1414 1522/1768/1428 1523/1769/1429
f 1500/1763/1406 1516/1770/1422 1501/1765/1407
f 1508/1764/1414 1524/1771/1430 1509/1766/1415
f 1501/1765/1407 1517/1772/1423 1502/1767/1408
f 1509/1766/1415 1525/1773/1431 1510/1751/1416
f 1502/1767/1408 1518/1774/1424 1503/1753/1409
f 1510/1751/1416 1526/1775/1432 1511/1752/1417
f 1504/1754/1410 1518/1774/1424 1519/1776/1425
f 1511/1752/1417 1527/1777/1433 1512/1755/1418
f 1504/1754/1410 1520/1778/1426 1505/1756/1411
f 1512/1755/1418 1528/1779/1434 1513/1757/1419
f 1505/1756/1411 1521/1780/1427 1506/1758/1412
f 1499/1760/1405 1544/1781/1450 1514/1782/1420
f 1288/1783/1194 1513/1757/1419 1528/1779/1434
f 1507/1762/1413 1521/1780/1427 1522/1768/1428
f 1499/1760/1405 1515/1784/1421 1500/1763/1406
f 1527/1777/1433 1541/1785/1447 1542/1786/1448
f 1519/1776/1425 1535/1787/1441 1520/1778/1426
f 1527/1777/1433 1543/1788/1449 1528/1779/1434
f 1520/1778/1426 1536/1789/1442 1521/1780/1427
f 1514/1782/1420 1544/1790/1450 1529/1791/1435
f 1288/1792/1194 1528/1779/1434 1543/1788/1449
f 1522/1768/1428 1536/1789/1442 1537/1793/1443
f 1514/1782/1420 1530/1794/1436 1515/1784/1421
f 1523/1769/1429 1537/1793/1443 1538/1795/1444
f 1515/1784/1421 1531/1796/1437 1516/1770/1422
f 1523/1769/1429 1539/1797/1445 1524/1771/1430
f 1516/1770/1422 1532/1798/1438 1517/1772/1423
f 1524/1771/1430 1540/1799/1446 1525/1773/1431
f 1517/1772/1423 1533/1800/1439 1518/1774/1424
f 1525/1773/1431 1541/1785/1447 1526/1775/1432
f 1519/1776/1425 1533/1800/1439 1534/1801/1440
f 1530/1794/1436 1547/1802/1453 1531/1796/1437
f 1538/1795/1444 1555/1803/1461 1539/1797/1445
f 1532/1798/1438 1547/1802/1453 1548/1804/1454
f 1540/1799/1446 1555/1803/1461 1556/1805/1462
f 1532/1798/1438 1549/1806/1455 1533/1800/1439
f 1540/1799/1446 1557/1807/1463 1541/1785/1447
f 1534/1801/1440 1549/1806/1455 1550/1808/1456
f 1542/1786/1448 1557/1807/1463 1558/1809/1464
f 1534/1801/1440 1551/1810/1457 1535/1787/1441
f 1543/1788/1449 1558/1809/1464 1559/1811/1465
f 1535/1787/1441 1552/1812/1458 1536/1789/1442
f 1529/1791/1435 1544/1813/1450 1545/1814/1451
f 1288/1815/1194 1543/1788/1449 1559/1811/1465
f 1537/1793/1443 1552/1812/1458 1553/1816/1459
f 1529/1791/1435 1546/1817/1452 1530/1794/1436
f 1538/1795/1444 1553/1816/1459 1554/1818/1460
f 1550/1808/1456 1566/1819/1472 1551/1810/1457
f 1558/1809/1464 1574/1820/1480 1559/1811/1465
f 1551/1810/1457 1567/1821/1473 1552/1812/1458
f 1545/1814/1451 1544/1822/1450 1560/1823/1466
f 1288/1824/1194 1559/1811/1465 1574/1820/1480
f 1553/1816/1459 1567/1821/1473 1568/1825/1474
f 1545/1814/1451 1561/1826/1467 1546/1817/1452
f 1553/1816/1459 1569/1827/1475 1554/1818/1460
f 1546/1817/1452 1562/1828/1468 1547/1802/1453
f 1554/1818/1460 1570/1829/1476 1555/1803/1461
f 1547/1802/1453 1563/1830/1469 1548/1804/1454
f 1556/1805/1462 1570/1829/1476 1571/1831/1477
f 1549/1806/1455 1563/1830/1469 1564/1832/1470
f 1556/1805/1462 1572/1833/1478 1557/1807/1463
f 1550/1808/1456 1564/1832/1470 1565/1834/1471
f 1557/1807/1463 1573/1835/1479 1558/1809/1464
f 1569/1827/1475 1585/1836/1491 1570/1829/1476
f 1562/1828/1468 1578/1837/1484 1563/1830/1469
f 1570/1829/1476 1586/1838/1492 1571/1831/1477
f 1563/1830/1469 1579/1839/1485 1564/1832/1470
f 1572/1833/1478 1586/1838/1492 1587/1840/1493
f 1565/1834/1471 1579/1839/1485 1580/1841/1486
f 1573/1835/1479 1587/1840/1493 1588/1842/1494
f 1565/1834/1471 1581/1843/1487 1566/1819/1472
f 1573/1835/1479 1589/1844/1495 1574/1820/1480
f 1566/1819/1472 1582/1845/1488 1567/1821/1473
f 1560/1823/1466 1544/1846/1450 1575/1847/1481
f 1288/1848/1194 1574/1820/1480 1589/1844/1495
f 1568/1825/1474 1582/1845/1488 1583/1849/1489
f 1560/1823/1466 1576/1850/1482 1561/1826/1467
f 1569/1827/1475 1583/1849/1489 1584/1851/1490
f 1561/1826/1467 1577/1852/1483 1562/1828/1468
f 1588/1842/1494 1604/1853/1510 1589/1844/1495
f 1581/1843/1487 1597/1854/1503 1582/1845/1488
f 1575/1847/1481 1544/1855/1450 1590/1856/1496
f 1288/1857/1194 1589/1844/1495 1604/1853/1510
f 1583/1849/1489 1597/1854/1503 1598/1858/1504
f 1576/1850/1482 1590/1856/1496 1591/1859/1497
f 1583/1849/1489 1599/1860/1505 1584/1851/1490
f 1576/1850/1482 1592/1861/1498 1577/1852/1483
f 1584/1851/1490 1600/1862/1506 1585/1836/1491
f 1577/1852/1483 1593/1863/1499 1578/1837/1484
f 1585/1836/1491 1601/1864/1507 1586/1838/1492
f 1578/1837/1484 1594/1865/1500 1579/1839/1485
f 1586/1838/1492 1602/1866/1508 1587/1840/1493
f 1580/1841/1486 1594/1865/1500 1595/1867/1501
f 1588/1842/1494 1602/1866/1508 1603/1868/1509
f 1580/1841/1486 1596/1869/1502 1581/1843/1487
f 1592/1870/1498 1608/1871/1514 1593/1872/1499
f 1601/1873/1507 1615/1874/1521 1616/1875/1522
f 1593/1872/1499 1609/1876/1515 1594/1877/1500
f 1601/1873/1507 1617/1878/1523 1602/1879/1508
f 1595/1880/1501 1609/1876/1515 1610/1881/1516
f 1603/1882/1509 1617/1878/1523 1618/1883/1524
f 1595/1880/1501 1611/1884/1517 1596/1885/1502
f 1603/1882/1509 1619/1886/1525 1604/1887/1510
f 1596/1885/1502 1612/1888/1518 1597/1889/1503
f 1590/1890/1496 1544/1891/1450 1605/1892/1511
f 1288/1893/1194 1604/1887/1510 1619/1886/1525
f 1598/1894/1504 1612/1888/1518 1613/1895/1519
f 1590/1890/1496 1606/1896/1512 1591/1897/1497
f 1598/1894/1504 1614/1898/1520 1599/1899/1505
f 1591/1897/1497 1607/1900/1513 1592/1870/1498
f 1599/1899/1505 1615/1874/1521 1600/1901/1506
f 1611/1884/1517 1627/1902/1533 1612/1888/1518
f 1605/1892/1511 1544/1903/1450 1620/1904/1526
f 1288/1905/1194 1619/1886/1525 1634/1906/1540
f 1613/1895/1519 1627/1902/1533 1628/1907/1534
f 1605/1892/1511 1621/1908/1527 1606/1896/1512
f 1613/1895/1519 1629/1909/1535 1614/1898/1520
f 1606/1896/1512 1622/1910/1528 1607/1900/1513
f 1614/1898/1520 1630/1911/1536 1615/1874/1521
f 1608/1871/1514 1622/1910/1528 1623/1912/1529
f 1615/1874/1521 1631/1913/1537 1616/1875/1522
f 1608/1871/1514 1624/1914/1530 1609/1876/1515
f 1616/1875/1522 1632/1915/1538 1617/1878/1523
f 1610/1881/1516 1624/1914/1530 1625/1916/1531
f 1618/1883/1524 1632/1915/1538 1633/1917/1539
f 1610/1881/1516 1626/1918/1532 1611/1884/1517
f 1618/1883/1524 1634/1906/1540 1619/1886/1525
f 1631/1913/1537 1645/1919/1551 1646/1920/1552
f 1623/1912/1529 1639/1921/1545 1624/1914/1530
f 1631/1913/1537 1647/1922/1553 1632/1915/1538
f 1625/1916/1531 1639/1921/1545 1640/1923/1546
f 1632/1915/1538 1648/1924/1554 1633/1917/1539
f 1625/1916/1531 1641/1925/1547 1626/1918/1532
f 1633/1917/1539 1649/1926/1555 1634/1906/1540
f 1626/1918/1532 1642/1927/1548 1627/1902/1533
f 1620/1904/1526 1544/1928/1450 1635/1929/1541
f 1288/1930/1194 1634/1906/1540 1649/1926/1555
f 1628/1907/1534 1642/1927/1548 1643/1931/1549
f 1620/1904/1526 1636/1932/1542 1621/1908/1527
f 1628/1907/1534 1644/1933/1550 1629/1909/1535
f 1621/1908/1527 1637/1934/1543 1622/1910/1528
f 1629/1909/1535 1645/1919/1551 1630/1911/1536
f 1622/1910/1528 1638/1935/1544 1623/1912/1529
f 1288/1936/1194 1649/1926/1555 1664/1937/1570
f 1643/1931/1549 1657/1938/1563 1658/1939/1564
f 1635/1929/1541 1651/1940/1557 1636/1932/1542
f 1644/1933/1550 1658/1939/1564 1659/1941/1565
f 1636/1932/1542 1652/1942/1558 1637/1934/1543
f 1644/1933/1550 1660/1943/1566 1645/1919/1551
f 1637/1934/1543 1653/1944/1559 1638/1935/1544
f 1645/1919/1551 1661/1945/1567 1646/1920/1552
f 1638/1935/1544 1654/1946/1560 1639/1921/1545
f 1646/1920/1552 1662/1947/1568 1647/1922/1553
f 1640/1923/1546 1654/1946/1560 1655/1948/1561
f 1648/1924/1554 1662/1947/1568 1663/1949/1569
f 1640/1923/1546 1656/1950/1562 1641/1925/1547
f 1648/1924/1554 1664/1937/1570 1649/1926/1555
f 1641/1925/1547 1657/1938/1563 1642/1927/1548
f 1635/1929/1541 1544/1951/1450 1650/1952/1556
f 1661/1945/1567 1677/1953/1583 1662/1947/1568
f 1655/1948/1561 1669/1954/1575 1670/1955/1576
f 1663/1949/1569 1677/1953/1583 1678/1956/1584
f 1655/1948/1561 1671/1957/1577 1656/1950/1562
f 1663/1949/1569 1679/1958/1585 1664/1937/1570
f 1656/1950/1562 1672/1959/1578 1657/1938/1563
f 1650/1952/1556 1544/1960/1450 1665/1961/1571
f 1288/1962/1194 1664/1937/1570 1679/1958/1585
f 1658/1939/1564 1672/1959/1578 1673/1963/1579
f 1650/1952/1556 1666/1964/1572 1651/1940/1557
f 1658/1939/1564 1674/1965/1580 1659/1941/1565
f 1651/1940/1557 1667/1966/1573 1652/1942/1558
f 1659/1941/1565 1675/1967/1581 1660/1943/1566
f 1653/1944/1559 1667/1966/1573 1668/1968/1574
f 1661/1945/1567 1675/1967/1581 1676/1969/1582
f 1653/1944/1559 1669/1954/1575 1654/1946/1560
f 1665/1961/1571 1681/1970/1587 1666/1964/1572
f 1673/1963/1579 1689/1971/1595 1674/1965/1580
f 1666/1964/1572 1682/1972/1588 1667/1966/1573
f 1674/1965/1580 1690/1973/1596 1675/1967/1581
f 1668/1968/1574 1682/1972/1588 1683/1974/1589
f 1675/1967/1581 1691/1975/1597 1676/1969/1582
f 1668/1968/1574 1684/1976/1590 1669/1954/1575
f 1676/1969/1582 1692/1977/1598 1677/1953/1583
f 1670/1955/1576 1684/1976/1590 1685/1978/1591
f 1678/1956/1584 1692/1977/1598 1693/1979/1599
f 1670/1955/1576 1686/1980/1592 1671/1957/1577
f 1678/1956/1584 1694/1981/1600 1679/1958/1585
f 1671/1957/1577 1687/1982/1593 1672/1959/1578
f 1665/1961/1571 1544/1983/1450 1680/1984/1586
f 1288/1985/1194 1679/1958/1585 1694/1981/1600
f 1673/1963/1579 1687/1982/1593 1688/1986/1594
f 1685/1978/1591 1699/1987/1605 1700/1988/1606
f 1693/1979/1599 1707/1989/1613 1708/1990/1614
f 1685/1978/1591 1701/1991/1607 1686/1980/1592
f 1693/1979/1599 1709/1992/1615 1694/1981/1600
f 1686/1980/1592 1702/1993/1608 1687/1982/1593
f 1680/1984/1586 1544/1994/1450 1695/1995/1601
f 1288/1996/1194 1694/1981/1600 1709/1992/1615
f 1688/1986/1594 1702/1993/1608 1703/1997/1609
f 1681/1970/1587 1695/1995/1601 1696/1998/1602
f 1688/1986/1594 1704/1999/1610 1689/1971/1595
f 1681/1970/1587 1697/2000/1603 1682/1972/1588
f 1689/1971/1595 1705/2001/1611 1690/1973/1596
f 1683/1974/1589 1697/2000/1603 1698/2002/1604
f 1690/1973/1596 1706/2003/1612 1691/1975/1597
f 1683/1974/1589 1699/1987/1605 1684/1976/1590
f 1691/1975/1597 1707/1989/1613 1692/1977/1598
f 1703/1997/1609 1714/1452/1620 1704/1999/1610
f 1696/1998/1602 1711/1453/1617 1697/2000/1603
f 1704/1999/1610 1242/1456/1148 1705/2001/1611
f 1698/2002/1604 1711/1453/1617 1238/1457/1144
f 1705/2001/1611 1715/1460/1621 1706/2003/1612
f 1699/1987/1605 1238/1457/1144 1239/1462/1145
f 1706/2003/1612 1716/1464/1622 1707/1989/1613
f 1700/1988/1606 1239/1462/1145 1712/1465/1618
f 1708/1990/1614 1716/1464/1622 1717/1468/1623
f 1701/1991/1607 1712/1465/1618 1240/1470/1146
f 1708/1990/1614 1718/1472/1624 1709/1992/1615
f 1701/1991/1607 1713/1473/1619 1702/1993/1608
f 1695/1995/1601 1544/2004/1450 1237/1475/1143
f 1288/2005/1194 1709/1992/1615 1718/1472/1624
f 1703/1997/1609 1713/1473/1619 1241/1450/1147
f 1696/1998/1602 1237/1475/1143 1710/1447/1616
f 1710/1447/1616 1237/1475/1143 1243/1448/1149
f 1241/1450/1147 1251/1478/1157 1252/1451/1158
f 1711/1453/1617 1710/1447/1616 1244/1449/1150
f 1714/1452/1620 1252/1451/1158 1253/1455/1159
f 1238/1457/1144 1711/1453/1617 1245/1454/1151
f 1242/1456/1148 1253/1455/1159 1254/1459/1160
f 1238/1457/1144 1246/1458/1152 1247/1461/1153
f 1715/1460/1621 1254/1459/1160 1255/1463/1161
f 1712/1465/1618 1239/1462/1145 1247/1461/1153
f 1716/1464/1622 1255/1463/1161 1256/1467/1162
f 1712/1465/1618 1248/1466/1154 1249/1469/1155
f 1717/1468/1623 1256/1467/1162 1257/1471/1163
f 1713/1473/1619 1240/1470/1146 1249/1469/1155
f 1713/1473/1619 1250/1474/1156 1251/1478/1157
f 1250/1474/1156 1265/1495/1171 1266/1483/1172
f 1243/1448/1149 1258/1480/1164 1259/1484/1165
f 1252/1451/1158 1251/1478/1157 1266/1483/1172
f 1244/1449/1150 1259/1484/1165 1260/1486/1166
f 1252/1451/1158 1267/1485/1173 1268/1487/1174
f 1245/1454/1151 1260/1486/1166 1261/1488/1167
f 1253/1455/1159 1268/1487/1174 1269/1489/1175
f 1247/1461/1153 1246/1458/1152 1261/1488/1167
f 1255/1463/1161 1254/1459/1160 1269/1489/1175
f 1247/1461/1153 1262/1490/1168 1263/1492/1169
f 1256/1467/1162 1255/1463/1161 1270/1491/1176
f 1248/1466/1154 1263/1492/1169 1264/1494/1170
f 1256/1467/1162 1271/1493/1177 1272/1482/1178
f 1250/1474/1156 1249/1469/1155 1264/1494/1170
f 1261/1488/1167 1276/1512/1182 1277/1496/1183
f 1270/1491/1176 1269/1489/1175 1284/1497/1190
f 1263/1492/1169 1262/1490/1168 1277/1496/1183
f 1270/1491/1176 1285/1498/1191 1286/1500/1192
f 1263/1492/1169 1278/1499/1184 1279/1501/1185
f 1272/1482/1178 1271/1493/1177 1286/1500/1192
f 1264/1494/1170 1279/1501/1185 1280/1503/1186
f 1265/1495/1171 1280/1503/1186 1281/1507/1187
f 1258/1480/1164 1273/1505/1179 1274/1508/1180
f 1266/1483/1172 1281/1507/1187 1282/1509/1188
f 1259/1484/1165 1274/1508/1180 1275/1510/1181
f 1267/1485/1173 1282/1509/1188 1283/1511/1189
f 1260/1486/1166 1275/1510/1181 1276/1512/1182
f 1269/1489/1175 1268/1487/1174 1283/1511/1189
f 1280/1503/1186 1296/1526/1202 1297/1513/1203
f 1273/1505/1179 1289/1528/1195 1290/1514/1196
f 1281/1507/1187 1297/1513/1203 1298/1515/1204
f 1275/1510/1181 1274/1508/1180 1290/1514/1196
f 1282/1509/1188 1298/1515/1204 1299/1517/1205
f 1275/1510/1181 1291/1516/1197 1292/1518/1198
f 1283/1511/1189 1299/1517/1205 1300/1519/1206
f 1276/1512/1182 1292/1518/1198 1293/1520/1199
f 1285/1498/1191 1284/1497/1190 1300/1519/1206
f 1278/1499/1184 1277/1496/1183 1293/1520/1199
f 1285/1498/1191 1301/1521/1207 1302/1523/1208
f 1278/1499/1184 1294/1522/1200 1295/1524/1201
f 1287/1502/1193 1286/1500/1192 1302/1523/1208
f 1279/1501/1185 1295/1524/1201 1296/1526/1202
f 1301/1521/1207 1300/1519/1206 1315/1530/1221
f 1294/1522/1200 1293/1520/1199 1308/1532/1214
f 1301/1521/1207 1316/1531/1222 1317/1534/1223
f 1294/1522/1200 1309/1533/1215 1310/1535/1216
f 1303/1525/1209 1302/1523/1208 1317/1534/1223
f 1296/1526/1202 1295/1524/1201 1310/1535/1216
f 1296/1526/1202 1311/1537/1217 1312/1541/1218
f 1289/1528/1195 1304/1539/1210 1305/1542/1211
f 1297/1513/1203 1312/1541/1218 1313/1543/1219
f 1290/1514/1196 1305/1542/1211 1306/1544/1212
f 1298/1515/1204 1313/1543/1219 1314/1545/1220
f 1291/1516/1197 1306/1544/1212 1307/1546/1213
f 1299/1517/1205 1314/1545/1220 1315/1530/1221
f 1293/1520/1199 1292/1518/1198 1307/1546/1213
f 1305/1542/1211 1304/1539/1210 1319/1547/1225
f 1313/1543/1219 1312/1541/1218 1327/1549/1233
f 1305/1542/1211 1320/1548/1226 1321/1551/1227
f 1313/1543/1219 1328/1550/1234 1329/1552/1235
f 1306/1544/1212 1321/1551/1227 1322/1553/1228
f 1314/1545/1220 1329/1552/1235 1330/1554/1236
f 1308/1532/1214 1307/1546/1213 1322/1553/1228
f 1316/1531/1222 1315/1530/1221 1330/1554/1236
f 1309/1533/1215 1308/1532/1214 1323/1555/1229
f 1317/1534/1223 1316/1531/1222 1331/1556/1237
f 1309/1533/1215 1324/1557/1230 1325/1559/1231
f 1318/1536/1224 1317/1534/1223 1332/1558/1238
f 1310/1535/1216 1325/1559/1231 1326/1561/1232
f 1311/1537/1217 1326/1561/1232 1327/1549/1233
f 1324/1557/1230 1323/1555/1229 1338/1564/1244
f 1331/1556/1237 1346/1580/1252 1347/1566/1253
f 1324/1557/1230 1339/1565/1245 1340/1567/1246
f 1332/1558/1238 1347/1566/1253 1348/1568/1254
f 1325/1559/1231 1340/1567/1246 1341/1569/1247
f 1327/1549/1233 1326/1561/1232 1341/1569/1247
f 1319/1547/1225 1334/1571/1240 1335/1574/1241
f 1327/1549/1233 1342/1573/1248 1343/1575/1249
f 1320/1548/1226 1335/1574/1241 1336/1576/1242
f 1328/1550/1234 1343/1575/1249 1344/1577/1250
f 1321/1551/1227 1336/1576/1242 1337/1578/1243
f 1329/1552/1235 1344/1577/1250 1345/1579/1251
f 1322/1553/1228 1337/1578/1243 1338/1564/1244
f 1330/1554/1236 1345/1579/1251 1346/1580/1252
f 1342/1573/1248 1357/1596/1263 1358/1581/1264
f 1335/1574/1241 1350/1597/1256 1351/1582/1257
f 1343/1575/1249 1358/1581/1264 1359/1583/1265
f 1336/1576/1242 1351/1582/1257 1352/1584/1258
f 1344/1577/1250 1359/1583/1265 1360/1585/1266
f 1337/1578/1243 1352/1584/1258 1353/1586/1259
f 1346/1580/1252 1345/1579/1251 1360/1585/1266
f 1338/1564/1244 1353/1586/1259 1354/1588/1260
f 1347/1566/1253 1346/1580/1252 1361/1587/1267
f 1340/1567/1246 1339/1565/1245 1354/1588/1260
f 1347/1566/1253 1362/1589/1268 1363/1591/1269
f 1341/1569/1247 1340/1567/1246 1355/1590/1261
f 1341/1569/1247 1356/1592/1262 1357/1596/1263
f 1335/1574/1241 1334/1571/1240 1349/1594/1255
f 1362/1589/1268 1361/1587/1267 1376/1598/1282
f 1355/1590/1261 1354/1588/1260 1369/1600/1275
f 1363/1591/1269 1362/1589/1268 1377/1599/1283
f 1355/1590/1261 1370/1601/1276 1371/1603/1277
f 1356/1592/1262 1371/1603/1277 1372/1607/1278
f 1349/1594/1255 1364/1605/1270 1365/1608/1271
f 1357/1596/1263 1372/1607/1278 1373/1609/1279
f 1350/1597/1256 1365/1608/1271 1366/1610/1272
f 1358/1581/1264 1373/1609/1279 1374/1611/1280
f 1351/1582/1257 1366/1610/1272 1367/1612/1273
f 1360/1585/1266 1359/1583/1265 1374/1611/1280
f 1352/1584/1258 1367/1612/1273 1368/1614/1274
f 1360/1585/1266 1375/1613/1281 1376/1598/1282
f 1354/1588/1260 1353/1586/1259 1368/1614/1274
f 1373/1609/1279 1388/1630/1294 1389/1615/1295
f 1366/1610/1272 1381/1631/1287 1382/1616/1288
f 1374/1611/1280 1389/1615/1295 1390/1617/1296
f 1367/1612/1273 1382/1616/1288 1383/1618/1289
f 1376/1598/1282 1375/1613/1281 1390/1617/1296
f 1368/1614/1274 1383/1618/1289 1384/1620/1290
f 1376/1598/1282 1391/1619/1297 1392/1621/1298
f 1369/1600/1275 1384/1620/1290 1385/1622/1291
f 1378/1602/1284 1377/1599/1283 1392/1621/1298
f 1371/1603/1277 1370/1601/1276 1385/1622/1291
f 1371/1603/1277 1386/1624/1292 1387/1628/1293
f 1364/1605/1270 1379/1626/1285 1380/1629/1286
f 1372/1607/1278 1387/1628/1293 1388/1630/1294
f 1365/1608/1271 1380/1629/1286 1381/1631/1287
f 1392/1621/1298 1407/1647/1313 1408/1632/1314
f 1385/1622/1291 1400/1648/1306 1401/1633/1307
f 1387/1628/1293 1386/1624/1292 1401/1633/1307
f 1379/1626/1285 1394/1635/1300 1395/1638/1301
f 1387/1628/1293 1402/1637/1308 1403/1639/1309
f 1380/1629/1286 1395/1638/1301 1396/1640/1302
f 1388/1630/1294 1403/1639/1309 1404/1641/1310
f 1381/1631/1287 1396/1640/1302 1397/1642/1303
f 1390/1617/1296 1389/1615/1295 1404/1641/1310
f 1382/1616/1288 1397/1642/1303 1398/1644/1304
f 1390/1617/1296 1405/1643/1311 1406/1645/1312
f 1384/1620/1290 1383/1618/1289 1398/1644/1304
f 1391/1619/1297 1406/1645/1312 1407/1647/1313
f 1384/1620/1290 1399/1646/1305 1400/1648/1306
f 1396/1640/1302 1411/1665/1317 1412/1649/1318
f 1405/1643/1311 1404/1641/1310 1419/1650/1325
f 1397/1642/1303 1412/1649/1318 1413/1652/1319
f 1406/1645/1312 1405/1643/1311 1420/1651/1326
f 1399/1646/1305 1398/1644/1304 1413/1652/1319
f 1407/1647/1313 1406/1645/1312 1421/1653/1327
f 1399/1646/1305 1414/1654/1320 1415/1656/1321
f 1407/1647/1313 1422/1655/1328 1423/1657/1329
f 1400/1648/1306 1415/1656/1321 1416/1658/1322
f 1402/1637/1308 1401/1633/1307 1416/1658/1322
f 1394/1635/1300 1409/1660/1315 1410/1663/1316
f 1402/1637/1308 1417/1662/1323 1418/1664/1324
f 1395/1638/1301 1410/1663/1316 1411/1665/1317
f 1403/1639/1309 1418/1664/1324 1419/1650/1325
f 1415/1656/1321 1430/1682/1336 1431/1666/1337
f 1416/1658/1322 1431/1666/1337 1432/1671/1338
f 1409/1660/1315 1424/1668/1330 1425/1672/1331
f 1418/1664/1324 1417/1662/1323 1432/1671/1338
f 1410/1663/1316 1425/1672/1331 1426/1674/1332
f 1418/1664/1324 1433/1673/1339 1434/1675/1340
f 1411/1665/1317 1426/1674/1332 1427/1676/1333
f 1420/1651/1326 1419/1650/1325 1434/1675/1340
f 1412/1649/1318 1427/1676/1333 1428/1678/1334
f 1421/1653/1327 1420/1651/1326 1435/1677/1341
f 1414/1654/1320 1413/1652/1319 1428/1678/1334
f 1422/1655/1328 1421/1653/1327 1436/1679/1342
f 1414/1654/1320 1429/1680/1335 1430/1682/1336
f 1422/1655/1328 1437/1681/1343 1438/1670/1344
f 1434/1675/1340 1449/1698/1355 1450/1683/1356
f 1427/1676/1333 1442/1699/1348 1443/1684/1349
f 1435/1677/1341 1450/1683/1356 1451/1685/1357
f 1429/1680/1335 1428/1678/1334 1443/1684/1349
f 1437/1681/1343 1436/1679/1342 1451/1685/1357
f 1429/1680/1335 1444/1686/1350 1445/1688/1351
f 1438/1670/1344 1437/1681/1343 1452/1687/1358
f 1430/1682/1336 1445/1688/1351 1446/1690/1352
f 1432/1671/1338 1431/1666/1337 1446/1690/1352
f 1424/1668/1330 1439/1692/1345 1440/1695/1346
f 1433/1673/1339 1432/1671/1338 1447/1694/1353
f 1425/1672/1331 1440/1695/1346 1441/1697/1347
f 1433/1673/1339 1448/1696/1354 1449/1698/1355
f 1426/1674/1332 1441/1697/1347 1442/1699/1348
f 1447/1694/1353 1446/1690/1352 1461/1704/1367
f 1439/1692/1345 1454/1701/1360 1455/1706/1361
f 1448/1696/1354 1447/1694/1353 1462/1705/1368
f 1440/1695/1346 1455/1706/1361 1456/1708/1362
f 1448/1696/1354 1463/1707/1369 1464/1709/1370
f 1441/1697/1347 1456/1708/1362 1457/1710/1363
f 1450/1683/1356 1449/1698/1355 1464/1709/1370
f 1442/1699/1348 1457/1710/1363 1458/1712/1364
f 1451/1685/1357 1450/1683/1356 1465/1711/1371
f 1444/1686/1350 1443/1684/1349 1458/1712/1364
f 1452/1687/1358 1451/1685/1357 1466/1713/1372
f 1444/1686/1350 1459/1714/1365 1460/1716/1366
f 1452/1687/1358 1467/1715/1373 1468/1703/1374
f 1445/1688/1351 1460/1716/1366 1461/1704/1367
f 1457/1710/1363 1472/1732/1378 1473/1717/1379
f 1465/1711/1371 1480/1733/1386 1481/1718/1387
f 1459/1714/1365 1458/1712/1364 1473/1717/1379
f 1467/1715/1373 1466/1713/1372 1481/1718/1387
f 1459/1714/1365 1474/1719/1380 1475/1721/1381
f 1467/1715/1373 1482/1720/1388 1483/1722/1389
f 1460/1716/1366 1475/1721/1381 1476/1723/1382
f 1462/1705/1368 1461/1704/1367 1476/1723/1382
f 1455/1706/1361 1454/1701/1360 1469/1725/1375
f 1463/1707/1369 1462/1705/1368 1477/1727/1383
f 1455/1706/1361 1470/1728/1376 1471/1730/1377
f 1463/1707/1369 1478/1729/1384 1479/1731/1385
f 1456/1708/1362 1471/1730/1377 1472/1732/1378
f 1465/1711/1371 1464/1709/1370 1479/1731/1385
f 1477/1727/1383 1476/1723/1382 1491/1734/1397
f 1469/1725/1375 1484/1749/1390 1485/1736/1391
f 1478/1729/1384 1477/1727/1383 1492/1735/1398
f 1470/1728/1376 1485/1736/1391 1486/1738/1392
f 1478/1729/1384 1493/1737/1399 1494/1739/1400
f 1471/1730/1377 1486/1738/1392 1487/1740/1393
f 1480/1733/1386 1479/1731/1385 1494/1739/1400
f 1472/1732/1378 1487/1740/1393 1488/1742/1394
f 1481/1718/1387 1480/1733/1386 1495/1741/1401
f 1474/1719/1380 1473/1717/1379 1488/1742/1394
f 1481/1718/1387 1496/1743/1402 1497/1745/1403
f 1474/1719/1380 1489/1744/1395 1490/1746/1396
f 1483/1722/1389 1482/1720/1388 1497/1745/1403
f 1475/1721/1381 1490/1746/1396 1491/1734/1397
f 1496/1743/1402 1495/1741/1401 1510/1751/1416
f 1489/1744/1395 1488/1742/1394 1503/1753/1409
f 1497/1745/1403 1496/1743/1402 1511/1752/1417
f 1489/1744/1395 1504/1754/1410 1505/1756/1411
f 1497/1745/1403 1512/1755/1418 1513/1757/1419
f 1490/1746/1396 1505/1756/1411 1506/1758/1412
f 1492/1735/1398 1491/1734/1397 1506/1758/1412
f 1484/1749/1390 1499/1760/1405 1500/1763/1406
f 1493/1737/1399 1492/1735/1398 1507/1762/1413
f 1485/1736/1391 1500/1763/1406 1501/1765/1407
f 1493/1737/1399 1508/1764/1414 1509/1766/1415
f 1486/1738/1392 1501/1765/1407 1502/1767/1408
f 1494/1739/1400 1509/1766/1415 1510/1751/1416
f 1487/1740/1393 1502/1767/1408 1503/1753/1409
f 1508/1764/1414 1507/1762/1413 1522/1768/1428
f 1500/1763/1406 1515/1784/1421 1516/1770/1422
f 1508/1764/1414 1523/1769/1429 1524/1771/1430
f 1501/1765/1407 1516/1770/1422 1517/1772/1423
f 1509/1766/1415 1524/1771/1430 1525/1773/1431
f 1502/1767/1408 1517/1772/1423 1518/1774/1424
f 1510/1751/1416 1525/1773/1431 1526/1775/1432
f 1504/1754/1410 1503/1753/1409 1518/1774/1424
f 1511/1752/1417 1526/1775/1432 1527/1777/1433
f 1504/1754/1410 1519/1776/1425 1520/1778/1426
f 1512/1755/1418 1527/1777/1433 1528/1779/1434
f 1505/1756/1411 1520/1778/1426 1521/1780/1427
f 1507/1762/1413 1506/1758/1412 1521/1780/1427
f 1499/1760/1405 1514/1782/1420 1515/1784/1421
f 1527/1777/1433 1526/1775/1432 1541/1785/1447
f 1519/1776/1425 1534/1801/1440 1535/1787/1441
f 1527/1777/1433 1542/1786/1448 1543/1788/1449
f 1520/1778/1426 1535/1787/1441 1536/1789/1442
f 1522/1768/1428 1521/1780/1427 1536/1789/1442
f 1514/1782/1420 1529/1791/1435 1530/1794/1436
f 1523/1769/1429 1522/1768/1428 1537/1793/1443
f 1515/1784/1421 1530/1794/1436 1531/1796/1437
f 1523/1769/1429 1538/1795/1444 1539/1797/1445
f 1516/1770/1422 1531/1796/1437 1532/1798/1438
f 1524/1771/1430 1539/1797/1445 1540/1799/1446
f 1517/1772/1423 1532/1798/1438 1533/1800/1439
f 1525/1773/1431 1540/1799/1446 1541/1785/1447
f 1519/1776/1425 1518/1774/1424 1533/1800/1439
f 1530/1794/1436 1546/1817/1452 1547/1802/1453
f 1538/1795/1444 1554/1818/1460 1555/1803/1461
f 1532/1798/1438 1531/1796/1437 1547/1802/1453
f 1540/1799/1446 1539/1797/1445 1555/1803/1461
f 1532/1798/1438 1548/1804/1454 1549/1806/1455
f 1540/1799/1446 1556/1805/1462 1557/1807/1463
f 1534/1801/1440 1533/1800/1439 1549/1806/1455
f 1542/1786/1448 1541/1785/1447 1557/1807/1463
f 1534/1801/1440 1550/1808/1456 1551/1810/1457
f 1543/1788/1449 1542/1786/1448 1558/1809/1464
f 1535/1787/1441 1551/1810/1457 1552/1812/1458
f 1537/1793/1443 1536/1789/1442 1552/1812/1458
f 1529/1791/1435 1545/1814/1451 1546/1817/1452
f 1538/1795/1444 1537/1793/1443 1553/1816/1459
f 1550/1808/1456 1565/1834/1471 1566/1819/1472
f 1558/1809/1464 1573/1835/1479 1574/1820/1480
f 1551/1810/1457 1566/1819/1472 1567/1821/1473
f 1553/1816/1459 1552/1812/1458 1567/1821/1473
f 1545/1814/1451 1560/1823/1466 1561/1826/1467
f 1553/1816/1459 1568/1825/1474 1569/1827/1475
f 1546/1817/1452 1561/1826/1467 1562/1828/1468
f 1554/1818/1460 1569/1827/1475 1570/1829/1476
f 1547/1802/1453 1562/1828/1468 1563/1830/1469
f 1556/1805/1462 1555/1803/1461 1570/1829/1476
f 1549/1806/1455 1548/1804/1454 1563/1830/1469
f 1556/1805/1462 1571/1831/1477 1572/1833/1478
f 1550/1808/1456 1549/1806/1455 1564/1832/1470
f 1557/1807/1463 1572/1833/1478 1573/1835/1479
f 1569/1827/1475 1584/1851/1490 1585/1836/1491
f 1562/1828/1468 1577/1852/1483 1578/1837/1484
f 1570/1829/1476 1585/1836/1491 1586/1838/1492
f 1563/1830/1469 1578/1837/1484 1579/1839/1485
f 1572/1833/1478 1571/1831/1477 1586/1838/1492
f 1565/1834/1471 1564/1832/1470 1579/1839/1485
f 1573/1835/1479 1572/1833/1478 1587/1840/1493
f 1565/1834/1471 1580/1841/1486 1581/1843/1487
f 1573/1835/1479 1588/1842/1494 1589/1844/1495
f 1566/1819/1472 1581/1843/1487 1582/1845/1488
f 1568/1825/1474 1567/1821/1473 1582/1845/1488
f 1560/1823/1466 1575/1847/1481 1576/1850/1482
f 1569/1827/1475 1568/1825/1474 1583/1849/1489
f 1561/1826/1467 1576/1850/1482 1577/1852/1483
f 1588/1842/1494 1603/1868/1509 1604/1853/1510
f 1581/1843/1487 1596/1869/1502 1597/1854/1503
f 1583/1849/1489 1582/1845/1488 1597/1854/1503
f 1576/1850/1482 1575/1847/1481 1590/1856/1496
f 1583/1849/1489 1598/1858/1504 1599/1860/1505
f 1576/1850/1482 1591/1859/1497 1592/1861/1498
f 1584/1851/1490 1599/1860/1505 1600/1862/1506
f 1577/1852/1483 1592/1861/1498 1593/1863/1499
f 1585/1836/1491 1600/1862/1506 1601/1864/1507
f 1578/1837/1484 1593/1863/1499 1594/1865/1500
f 1586/1838/1492 1601/1864/1507 1602/1866/1508
f 1580/1841/1486 1579/1839/1485 1594/1865/1500
f 1588/1842/1494 1587/1840/1493 1602/1866/1508
f 1580/1841/1486 1595/1867/1501 1596/1869/1502
f 1592/1870/1498 1607/1900/1513 1608/1871/1514
f 1601/1873/1507 1600/1901/1506 1615/1874/1521
f 1593/1872/1499 1608/1871/1514 1609/1876/1515
f 1601/1873/1507 1616/1875/1522 1617/1878/1523
f 1595/1880/1501 1594/1877/1500 1609/1876/1515
f 1603/1882/1509 1602/1879/1508 1617/1878/1523
f 1595/1880/1501 1610/1881/1516 1611/1884/1517
f 1603/1882/1509 1618/1883/1524 1619/1886/1525
f 1596/1885/1502 1611/1884/1517 1612/1888/1518
f 1598/1894/1504 1597/1889/1503 1612/1888/1518
f 1590/1890/1496 1605/1892/1511 1606/1896/1512
f 1598/1894/1504 1613/1895/1519 1614/1898/1520
f 1591/1897/1497 1606/1896/1512 1607/1900/1513
f 1599/1899/1505 1614/1898/1520 1615/1874/1521
f 1611/1884/1517 1626/1918/1532 1627/1902/1533
f 1613/1895/1519 1612/1888/1518 1627/1902/1533
f 1605/1892/1511 1620/1904/1526 1621/1908/1527
f 1613/1895/1519 1628/1907/1534 1629/1909/1535
f 1606/1896/1512 1621/1908/1527 1622/1910/1528
f 1614/1898/1520 1629/1909/1535 1630/1911/1536
f 1608/1871/1514 1607/1900/1513 1622/1910/1528
f 1615/1874/1521 1630/1911/1536 1631/1913/1537
f 1608/1871/1514 1623/1912/1529 1624/1914/1530
f 1616/1875/1522 1631/1913/1537 1632/1915/1538
f 1610/1881/1516 1609/1876/1515 1624/1914/1530
f 1618/1883/1524 1617/1878/1523 1632/1915/1538
f 1610/1881/1516 1625/1916/1531 1626/1918/1532
f 1618/1883/1524 1633/1917/1539 1634/1906/1540
f 1631/1913/1537 1630/1911/1536 1645/1919/1551
f 1623/1912/1529 1638/1935/1544 1639/1921/1545
f 1631/1913/1537 1646/1920/1552 1647/1922/1553
f 1625/1916/1531 1624/1914/1530 1639/1921/1545
f 1632/1915/1538 1647/1922/1553 1648/1924/1554
f 1625/1916/1531 1640/1923/1546 1641/1925/1547
f 1633/1917/1539 1648/1924/1554 1649/1926/1555
f 1626/1918/1532 1641/1925/1547 1642/1927/1548
f 1628/1907/1534 1627/1902/1533 1642/1927/1548
f 1620/1904/1526 1635/1929/1541 1636/1932/1542
f 1628/1907/1534 1643/1931/1549 1644/1933/1550
f 1621/1908/1527 1636/1932/1542 1637/1934/1543
f 1629/1909/1535 1644/1933/1550 1645/1919/1551
f 1622/1910/1528 1637/1934/1543 1638/1935/1544
f 1643/1931/1549 1642/1927/1548 1657/1938/1563
f 1635/1929/1541 1650/1952/1556 1651/1940/1557
f 1644/1933/1550 1643/1931/1549 1658/1939/1564
f 1636/1932/1542 1651/1940/1557 1652/1942/1558
f 1644/1933/1550 1659/1941/1565 1660/1943/1566
f 1637/1934/1543 1652/1942/1558 1653/1944/1559
f 1645/1919/1551 1660/1943/1566 1661/1945/1567
f 1638/1935/1544 1653/1944/1559 1654/1946/1560
f 1646/1920/1552 1661/1945/1567 1662/1947/1568
f 1640/1923/1546 1639/1921/1545 1654/1946/1560
f 1648/1924/1554 1647/1922/1553 1662/1947/1568
f 1640/1923/1546 1655/1948/1561 1656/1950/1562
f 1648/1924/1554 1663/1949/1569 1664/1937/1570
f 1641/1925/1547 1656/1950/1562 1657/1938/1563
f 1661/1945/1567 1676/1969/1582 1677/1953/1583
f 1655/1948/1561 1654/1946/1560 1669/1954/1575
f 1663/1949/1569 1662/1947/1568 1677/1953/1583
f 1655/1948/1561 1670/1955/1576 1671/1957/1577
f 1663/1949/1569 1678/1956/1584 1679/1958/1585
f 1656/1950/1562 1671/1957/1577 1672/1959/1578
f 1658/1939/1564 1657/1938/1563 1672/1959/1578
f 1650/1952/1556 1665/1961/1571 1666/1964/1572
f 1658/1939/1564 1673/1963/1579 1674/1965/1580
f 1651/1940/1557 1666/1964/1572 1667/1966/1573
f 1659/1941/1565 1674/1965/1580 1675/1967/1581
f 1653/1944/1559 1652/1942/1558 1667/1966/1573
f 1661/1945/1567 1660/1943/1566 1675/1967/1581
f 1653/1944/1559 1668/1968/1574 1669/1954/1575
f 1665/1961/1571 1680/1984/1586 1681/1970/1587
f 1673/1963/1579 1688/1986/1594 1689/1971/1595
f 1666/1964/1572 1681/1970/1587 1682/1972/1588
f 1674/1965/1580 1689/1971/1595 1690/1973/1596
f 1668/1968/1574 1667/1966/1573 1682/1972/1588
f 1675/1967/1581 1690/1973/1596 1691/1975/1597
f 1668/1968/1574 1683/1974/1589 1684/1976/1590
f 1676/1969/1582 1691/1975/1597 1692/1977/1598
f 1670/1955/1576 1669/1954/1575 1684/1976/1590
f 1678/1956/1584 1677/1953/1583 1692/1977/1598
f 1670/1955/1576 1685/1978/1591 1686/1980/1592
f 1678/1956/1584 1693/1979/1599 1694/1981/1600
f 1671/1957/1577 1686/1980/1592 1687/1982/1593
f 1673/1963/1579 1672/1959/1578 1687/1982/1593
f 1685/1978/1591 1684/1976/1590 1699/1987/1605
f 1693/1979/1599 1692/1977/1598 1707/1989/1613
f 1685/1978/1591 1700/1988/1606 1701/1991/1607
f 1693/1979/1599 1708/1990/1614 1709/1992/1615
f 1686/1980/1592 1701/1991/1607 1702/1993/1608
f 1688/1986/1594 1687/1982/1593 1702/1993/1608
f 1681/1970/1587 1680/1984/1586 1695/1995/1601
f 1688/1986/1594 1703/1997/1609 1704/1999/1610
f 1681/1970/1587 1696/1998/1602 1697/2000/1603
f 1689/1971/1595 1704/1999/1610 1705/2001/1611
f 1683/1974/1589 1682/1972/1588 1697/2000/1603
f 1690/1973/1596 1705/2001/1611 1706/2003/1612
f 1683/1974/1589 1698/2002/1604 1699/1987/1605
f 1691/1975/1597 1706/2003/1612 1707/1989/1613
f 1703/1997/1609 1241/1450/1147 1714/1452/1620
f 1696/1998/1602 1710/1447/1616 1711/1453/1617
f 1704/1999/1610 1714/1452/1620 1242/1456/1148
f 1698/2002/1604 1697/2000/1603 1711/1453/1617
f 1705/2001/1611 1242/1456/1148 1715/1460/1621
f 1699/1987/1605 1698/2002/1604 1238/1457/1144
f 1706/2003/1612 1715/1460/1621 1716/1464/1622
f 1700/1988/1606 1699/1987/1605 1239/1462/1145
f 1708/1990/1614 1707/1989/1613 1716/1464/1622
f 1701/1991/1607 1700/1988/1606 1712/1465/1618
f 1708/1990/1614 1717/1468/1623 1718/1472/1624
f 1701/1991/1607 1240/1470/1146 1713/1473/1619
f 1703/1997/1609 1702/1993/1608 1713/1473/1619
f 1696/1998/1602 1695/1995/1601 1237/1475/1143
o Sphere.001
v -0.200000 0.464003 3.800424
v -0.200000 0.422017 3.777983
v -0.200000 0.411819 3.765557
v -0.200000 0.399576 3.735997
v -0.200000 0.399576 3.704003
v -0.200000 0.411819 3.674443
v -0.203121 0.464310 3.800424
v -0.206122 0.449223 3.795758
v -0.208888 0.435319 3.788181
v -0.211312 0.423131 3.777983
v -0.213301 0.413130 3.765557
v -0.214780 0.405698 3.751380
v -0.215690 0.401121 3.735997
v -0.215997 0.399576 3.720000
v -0.215690 0.401121 3.704003
v -0.214780 0.405698 3.688620
v -0.213301 0.413130 3.674443
v -0.211312 0.423131 3.662017
v -0.208888 0.435319 3.651819
v -0.206122 0.449223 3.644242
v -0.203121 0.464310 3.639576
v -0.206122 0.465220 3.800424
v -0.212009 0.451009 3.795758
v -0.217434 0.437911 3.788181
v -0.222189 0.426431 3.777983
v -0.226092 0.417009 3.765557
v -0.228991 0.410009 3.751380
v -0.230777 0.405698 3.735997
v -0.231380 0.404242 3.720000
v -0.230777 0.405698 3.704003
v -0.228991 0.410009 3.688620
v -0.226092 0.417009 3.674443
v -0.222189 0.426431 3.662017
v -0.217434 0.437911 3.651819
v -0.212009 0.451009 3.644242
v -0.206122 0.465220 3.639576
v -0.208888 0.466699 3.800424
v -0.217434 0.453908 3.795758
v -0.225310 0.442121 3.788181
v -0.232213 0.431789 3.777983
v -0.237879 0.423310 3.765557
v -0.242089 0.417009 3.751380
v -0.244681 0.413130 3.735997
v -0.245557 0.411819 3.720000
v -0.244681 0.413130 3.704003
v -0.242089 0.417009 3.688620
v -0.237879 0.423310 3.674443
v -0.232213 0.431789 3.662017
v -0.225310 0.442121 3.651819
v -0.217434 0.453908 3.644242
v -0.208888 0.466699 3.639576
v -0.200000 0.480000 3.638000
v -0.211312 0.468688 3.800424
v -0.222189 0.457811 3.795758
v -0.232213 0.447787 3.788181
v -0.241000 0.439000 3.777983
v -0.248211 0.431789 3.765557
v -0.253569 0.426431 3.751380
v -0.256869 0.423131 3.735997
v -0.257983 0.422017 3.720000
v -0.256869 0.423131 3.704003
v -0.253569 0.426431 3.688620
v -0.248211 0.431789 3.674443
v -0.241000 0.439000 3.662017
v -0.232213 0.447787 3.651819
v -0.222189 0.457811 3.644242
v -0.211312 0.468688 3.639576
v -0.213301 0.471112 3.800424
v -0.226092 0.462566 3.795758
v -0.237879 0.454690 3.788181
v -0.248211 0.447787 3.777983
v -0.256690 0.442121 3.765557
v -0.262991 0.437911 3.751380
v -0.266870 0.435319 3.735997
v -0.268181 0.434443 3.720000
v -0.266870 0.435319 3.704003
v -0.262991 0.437911 3.688620
v -0.256690 0.442121 3.674443
v -0.248211 0.447787 3.662017
v -0.237879 0.454690 3.651819
v -0.226092 0.462566 3.644242
v -0.213301 0.471112 3.639576
v -0.214780 0.473878 3.800424
v -0.228991 0.467991 3.795758
v -0.242089 0.462566 3.788181
v -0.253569 0.457811 3.777983
v -0.262991 0.453908 3.765557
v -0.269991 0.451009 3.751380
v -0.274302 0.449223 3.735997
v -0.275758 0.448620 3.720000
v -0.274302 0.449223 3.704003
v -0.269991 0.451009 3.688620
v -0.262991 0.453908 3.674443
v -0.253569 0.457811 3.662017
v -0.242089 0.462566 3.651819
v -0.228991 0.467991 3.644242
v -0.214780 0.473878 3.639576
v -0.215690 0.476879 3.800424
v -0.230777 0.473878 3.795758
v -0.244681 0.471112 3.788181
v -0.256869 0.468688 3.777983
v -0.266870 0.466699 3.765557
v -0.274302 0.465220 3.751380
v -0.278879 0.464310 3.735997
v -0.280424 0.464003 3.720000
v -0.278879 0.464310 3.704003
v -0.274302 0.465220 3.688620
v -0.266870 0.466699 3.674443
v -0.256869 0.468688 3.662017
v -0.244681 0.471112 3.651819
v -0.230777 0.473878 3.644242
v -0.215690 0.476879 3.639576
v -0.215997 0.480000 3.800424
v -0.231380 0.480000 3.795758
v -0.245557 0.480000 3.788181
v -0.257983 0.480000 3.777983
v -0.268180 0.480000 3.765557
v -0.275758 0.480000 3.751380
v -0.280424 0.480000 3.735997
v -0.282000 0.480000 3.720000
v -0.280424 0.480000 3.704003
v -0.275758 0.480000 3.688620
v -0.268180 0.480000 3.674443
v -0.257983 0.480000 3.662017
v -0.245557 0.480000 3.651819
v -0.231380 0.480000 3.644242
v -0.215997 0.480000 3.639576
v -0.215690 0.483121 3.800424
v -0.230777 0.486122 3.795758
v -0.244681 0.488888 3.788181
v -0.256869 0.491312 3.777983
v -0.266870 0.493301 3.765557
v -0.274302 0.494780 3.751380
v -0.278879 0.495690 3.735997
v -0.280424 0.495997 3.720000
v -0.278879 0.495690 3.704003
v -0.274302 0.494780 3.688620
v -0.266870 0.493301 3.674443
v -0.256869 0.491312 3.662017
v -0.244681 0.488888 3.651819
v -0.230777 0.486122 3.644242
v -0.215690 0.483121 3.639576
v -0.214780 0.486122 3.800424
v -0.228991 0.492009 3.795758
v -0.242089 0.497434 3.788181
v -0.253569 0.502189 3.777983
v -0.262991 0.506092 3.765557
v -0.269991 0.508991 3.751380
v -0.274302 0.510777 3.735997
v -0.275758 0.511380 3.720000
v -0.274302 0.510777 3.704003
v -0.269991 0.508991 3.688620
v -0.262991 0.506092 3.674443
v -0.253569 0.502189 3.662017
v -0.242089 0.497434 3.651819
v -0.228991 0.492009 3.644242
v -0.214780 0.486122 3.639576
v -0.213301 0.488888 3.800424
v -0.226092 0.497434 3.795758
v -0.237879 0.505310 3.788181
v -0.248211 0.512213 3.777983
v -0.256690 0.517879 3.765557
v -0.262991 0.522089 3.751380
v -0.266870 0.524681 3.735997
v -0.268180 0.525557 3.720000
v -0.266870 0.524681 3.704003
v -0.262991 0.522089 3.688620
v -0.256690 0.517879 3.674443
v -0.248211 0.512213 3.662017
v -0.237879 0.505310 3.651819
v -0.226092 0.497434 3.644242
v -0.213301 0.488888 3.639576
v -0.211312 0.491312 3.800424
v -0.222189 0.502189 3.795758
v -0.232213 0.512213 3.788181
v -0.241000 0.521000 3.777983
v -0.248211 0.528211 3.765557
v -0.253569 0.533569 3.751380
v -0.256869 0.536869 3.735997
v -0.257983 0.537983 3.720000
v -0.256869 0.536869 3.704003
v -0.253569 0.533569 3.688620
v -0.248211 0.528211 3.674443
v -0.241000 0.521000 3.662017
v -0.232213 0.512213 3.651819
v -0.222189 0.502189 3.644242
v -0.211312 0.491312 3.639576
v -0.208888 0.493301 3.800424
v -0.217434 0.506092 3.795758
v -0.225310 0.517879 3.788181
v -0.232213 0.528211 3.777983
v -0.237879 0.536690 3.765557
v -0.242089 0.542991 3.751380
v -0.244681 0.546870 3.735997
v -0.245557 0.548180 3.720000
v -0.244681 0.546870 3.704003
v -0.242089 0.542991 3.688620
v -0.237879 0.536690 3.674443
v -0.232213 0.528211 3.662017
v -0.225310 0.517879 3.651819
v -0.217434 0.506092 3.644242
v -0.208888 0.493301 3.639576
v -0.206122 0.494780 3.800424
v -0.212009 0.508991 3.795758
v -0.217434 0.522089 3.788181
v -0.222189 0.533569 3.777983
v -0.226092 0.542991 3.765557
v -0.228991 0.549991 3.751380
v -0.230777 0.554302 3.735997
v -0.231380 0.555758 3.720000
v -0.230777 0.554302 3.704003
v -0.228991 0.549991 3.688620
v -0.226092 0.542991 3.674443
v -0.222189 0.533569 3.662017
v -0.217434 0.522089 3.651819
v -0.212009 0.508991 3.644242
v -0.206122 0.494780 3.639576
v -0.203121 0.495690 3.800424
v -0.206122 0.510777 3.795758
v -0.208888 0.524681 3.788181
v -0.211312 0.536869 3.777983
v -0.213301 0.546870 3.765557
v -0.214780 0.554302 3.751380
v -0.215690 0.558879 3.735997
v -0.215997 0.560424 3.720000
v -0.215690 0.558879 3.704003
v -0.214780 0.554302 3.688620
v -0.213301 0.546870 3.674443
v -0.211312 0.536869 3.662017
v -0.208888 0.524681 3.651819
v -0.206122 0.510777 3.644242
v -0.203121 0.495690 3.639576
v -0.200000 0.495997 3.800424
v -0.200000 0.511380 3.795758
v -0.200000 0.525557 3.788181
v -0.200000 0.537983 3.777983
v -0.200000 0.548180 3.765557
v -0.200000 0.555758 3.751380
v -0.200000 0.560424 3.735997
v -0.200000 0.562000 3.720000
v -0.200000 0.560424 3.704003
v -0.200000 0.555758 3.688620
v -0.200000 0.548180 3.674443
v -0.200000 0.537983 3.662017
v -0.200000 0.525557 3.651819
v -0.200000 0.511380 3.644242
v -0.200000 0.495997 3.639576
v -0.196879 0.495690 3.800424
v -0.193878 0.510777 3.795758
v -0.191112 0.524681 3.788181
v -0.188688 0.536869 3.777983
v -0.186699 0.546870 3.765557
v -0.185220 0.554302 3.751380
v -0.184310 0.558879 3.735997
v -0.184003 0.560424 3.720000
v -0.184310 0.558879 3.704003
v -0.185220 0.554302 3.688620
v -0.186699 0.546870 3.674443
v -0.188688 0.536869 3.662017
v -0.191112 0.524681 3.651819
v -0.193878 0.510777 3.644242
v -0.196879 0.495690 3.639576
v -0.193878 0.494780 3.800424
v -0.187991 0.508991 3.795758
v -0.182566 0.522089 3.788181
v -0.177811 0.533569 3.777983
v -0.173908 0.542991 3.765557
v -0.171009 0.549991 3.751380
v -0.169223 0.554302 3.735997
v -0.168620 0.555758 3.720000
v -0.169223 0.554302 3.704003
v -0.171009 0.549991 3.688620
v -0.173908 0.542991 3.674443
v -0.177811 0.533569 3.662017
v -0.182566 0.522089 3.651819
v -0.187991 0.508991 3.644242
v -0.193878 0.494780 3.639576
v -0.191112 0.493301 3.800424
v -0.182566 0.506092 3.795758
v -0.174690 0.517879 3.788181
v -0.167787 0.528211 3.777983
v -0.162121 0.536690 3.765557
v -0.157911 0.542991 3.751380
v -0.155319 0.546870 3.735997
v -0.154443 0.548180 3.720000
v -0.155319 0.546870 3.704003
v -0.157911 0.542991 3.688620
v -0.162121 0.536690 3.674443
v -0.167787 0.528211 3.662017
v -0.174690 0.517879 3.651819
v -0.182566 0.506092 3.644242
v -0.191112 0.493301 3.639576
v -0.188688 0.491312 3.800424
v -0.177811 0.502189 3.795758
v -0.167787 0.512213 3.788181
v -0.159000 0.521000 3.777983
v -0.151789 0.528211 3.765557
v -0.146431 0.533569 3.751380
v -0.143131 0.536869 3.735997
v -0.142017 0.537983 3.720000
v -0.143131 0.536869 3.704003
v -0.146431 0.533569 3.688620
v -0.151789 0.528211 3.674443
v -0.159000 0.521000 3.662017
v -0.167787 0.512213 3.651819
v -0.177811 0.502189 3.644242
v -0.188688 0.491312 3.639576
v -0.200000 0.480000 3.802000
v -0.186699 0.488888 3.800424
v -0.173908 0.497434 3.795758
v -0.162121 0.505310 3.788181
v -0.151789 0.512213 3.777983
v -0.143310 0.517879 3.765557
v -0.137009 0.522089 3.751380
v -0.133130 0.524681 3.735997
v -0.131820 0.525557 3.720000
v -0.133130 0.524681 3.704003
v -0.137009 0.522089 3.688620
v -0.143310 0.517879 3.674443
v -0.151789 0.512213 3.662017
v -0.162121 0.505310 3.651819
v -0.173908 0.497434 3.644242
v -0.186699 0.488888 3.639576
v -0.185220 0.486122 3.800424
v -0.171009 0.492009 3.795758
v -0.157911 0.497434 3.788181
v -0.146431 0.502189 3.777983
v -0.137009 0.506092 3.765557
v -0.130009 0.508991 3.751380
v -0.125698 0.510777 3.735997
v -0.124242 0.511380 3.720000
v -0.125698 0.510777 3.704003
v -0.130009 0.508991 3.688620
v -0.137009 0.506092 3.674443
v -0.146431 0.502189 3.662017
v -0.157911 0.497434 3.651819
v -0.171009 0.492009 3.644242
v -0.185220 0.486122 3.639576
v -0.184310 0.483121 3.800424
v -0.169223 0.486122 3.795758
v -0.155319 0.488888 3.788181
v -0.143131 0.491312 3.777983
v -0.133130 0.493301 3.765557
v -0.125698 0.494780 3.751380
v -0.121121 0.495690 3.735997
v -0.119576 0.495997 3.720000
v -0.121121 0.495690 3.704003
v -0.125698 0.494780 3.688620
v -0.133130 0.493301 3.674443
v -0.143131 0.491312 3.662017
v -0.155319 0.488888 3.651819
v -0.169223 0.486122 3.644242
v -0.184310 0.483121 3.639576
v -0.184003 0.480000 3.800424
v -0.168620 0.480000 3.795758
v -0.154443 0.480000 3.788181
v -0.142017 0.480000 3.777983
v -0.131820 0.480000 3.765557
v -0.124242 0.480000 3.751380
v -0.119576 0.480000 3.735997
v -0.118000 0.480000 3.720000
v -0.119576 0.480000 3.704003
v -0.124242 0.480000 3.688620
v -0.131820 0.480000 3.674443
v -0.142017 0.480000 3.662017
v -0.154443 0.480000 3.651819
v -0.168620 0.480000 3.644242
v -0.184003 0.480000 3.639576
v -0.184310 0.476879 3.800424
v -0.169223 0.473878 3.795758
v -0.155319 0.471112 3.788181
v -0.143131 0.468688 3.777983
v -0.133130 0.466699 3.765557
v -0.125698 0.465220 3.751380
v -0.121121 0.464310 3.735997
v -0.119576 0.464003 3.720000
v -0.121121 0.464310 3.704003
v -0.125698 0.465220 3.688620
v -0.133130 0.466699 3.674443
v -0.143131 0.468688 3.662017
v -0.155319 0.471112 3.651819
v -0.169223 0.473878 3.644242
v -0.184310 0.476879 3.639576
v -0.185220 0.473878 3.800424
v -0.171009 0.467991 3.795758
v -0.157911 0.462566 3.788181
v -0.146431 0.457811 3.777983
v -0.137009 0.453908 3.765557
v -0.130009 0.451009 3.751380
v -0.125698 0.449223 3.735997
v -0.124242 0.448620 3.720000
v -0.125698 0.449223 3.704003
v -0.130009 0.451009 3.688620
v -0.137009 0.453908 3.674443
v -0.146431 0.457811 3.662017
v -0.157911 0.462566 3.651819
v -0.171009 0.467991 3.644242
v -0.185220 0.473878 3.639576
v -0.186699 0.471112 3.800424
v -0.173908 0.462566 3.795758
v -0.162121 0.454690 3.788181
v -0.151789 0.447787 3.777983
v -0.143310 0.442121 3.765557
v -0.137010 0.437911 3.751380
v -0.133130 0.435319 3.735997
v -0.131820 0.434443 3.720000
v -0.133130 0.435319 3.704003
v -0.137010 0.437911 3.688620
v -0.143310 0.442121 3.674443
v -0.151789 0.447787 3.662017
v -0.162121 0.454690 3.651819
v -0.173908 0.462566 3.644242
v -0.186699 0.471112 3.639576
v -0.188688 0.468688 3.800424
v -0.177811 0.457811 3.795758
v -0.167787 0.447787 3.788181
v -0.159000 0.439000 3.777983
v -0.151789 0.431789 3.765557
v -0.146431 0.426431 3.751380
v -0.143131 0.423131 3.735997
v -0.142017 0.422017 3.720000
v -0.143131 0.423131 3.704003
v -0.146431 0.426431 3.688620
v -0.151789 0.431789 3.674443
v -0.159000 0.439000 3.662017
v -0.167787 0.447787 3.651819
v -0.177811 0.457811 3.644242
v -0.188688 0.468688 3.639576
v -0.191112 0.466699 3.800424
v -0.182566 0.453908 3.795758
v -0.174690 0.442121 3.788181
v -0.167787 0.431789 3.777983
v -0.162121 0.423310 3.765557
v -0.157911 0.417009 3.751380
v -0.155319 0.413130 3.735997
v -0.154443 0.411820 3.720000
v -0.155319 0.413130 3.704003
v -0.157911 0.417009 3.688620
v -0.162121 0.423310 3.674443
v -0.167787 0.431789 3.662017
v -0.174690 0.442121 3.651819
v -0.182566 0.453908 3.644242
v -0.191112 0.466699 3.639576
v -0.193878 0.465220 3.800424
v -0.187991 0.451009 3.795758
v -0.182566 0.437911 3.788181
v -0.177811 0.426431 3.777983
v -0.173908 0.417009 3.765557
v -0.171009 0.410009 3.751380
v -0.169223 0.405698 3.735997
v -0.168620 0.404242 3.720000
v -0.169223 0.405698 3.704003
v -0.171009 0.410009 3.688620
v -0.173908 0.417009 3.674443
v -0.177811 0.426431 3.662017
v -0.182566 0.437911 3.651819
v -0.187991 0.451009 3.644242
v -0.193878 0.465220 3.639576
v -0.196879 0.464310 3.800424
v -0.193878 0.449223 3.795758
v -0.191112 0.435319 3.788181
v -0.188688 0.423131 3.777983
v -0.186699 0.413130 3.765557
v -0.185220 0.405698 3.751380
v -0.184310 0.401121 3.735997
v -0.184003 0.399576 3.720000
v -0.184310 0.401121 3.704003
v -0.185220 0.405698 3.688620
v -0.186699 0.413130 3.674443
v -0.188688 0.423131 3.662017
v -0.191112 0.435319 3.651819
v -0.193878 0.449223 3.644242
v -0.196879 0.464310 3.639576
v -0.200000 0.448620 3.795758
v -0.200000 0.434443 3.788181
v -0.200000 0.404242 3.751380
v -0.200000 0.398000 3.720000
v -0.200000 0.404242 3.688620
v -0.200000 0.422017 3.662017
v -0.200000 0.434443 3.651819
v -0.200000 0.448620 3.644242
v -0.200000 0.464003 3.639576
vn -0.0000 -0.2010 0.9796
vn -0.0000 -0.7101 0.7041
vn -0.0000 -0.8333 0.5528
vn -0.0000 -0.9810 0.1939
vn -0.0000 -0.9810 -0.1939
vn -0.0000 -0.8333 -0.5528
vn -0.0392 -0.1971 0.9796
vn -0.0757 -0.3804 0.9217
vn -0.1092 -0.5490 0.8286
vn -0.1385 -0.6965 0.7041
vn -0.1626 -0.8173 0.5528
vn -0.1804 -0.9070 0.3805
vn -0.1914 -0.9622 0.1939
vn -0.1951 -0.9808 -0.0000
vn -0.1914 -0.9622 -0.1939
vn -0.1804 -0.9070 -0.3805
vn -0.1626 -0.8173 -0.5528
vn -0.1385 -0.6965 -0.7041
vn -0.1092 -0.5490 -0.8286
vn -0.0757 -0.3804 -0.9217
vn -0.0392 -0.1971 -0.9796
vn -0.0769 -0.1857 0.9796
vn -0.1484 -0.3584 0.9217
vn -0.2142 -0.5172 0.8286
vn -0.2718 -0.6561 0.7041
vn -0.3189 -0.7699 0.5528
vn -0.3539 -0.8544 0.3805
vn -0.3754 -0.9063 0.1939
vn -0.3827 -0.9239 -0.0000
vn -0.3754 -0.9063 -0.1939
vn -0.3539 -0.8544 -0.3805
vn -0.3189 -0.7699 -0.5528
vn -0.2718 -0.6561 -0.7041
vn -0.2142 -0.5172 -0.8286
vn -0.1484 -0.3584 -0.9217
vn -0.0769 -0.1857 -0.9796
vn -0.1117 -0.1671 0.9796
vn -0.2155 -0.3225 0.9217
vn -0.3110 -0.4654 0.8286
vn -0.3945 -0.5905 0.7041
vn -0.4630 -0.6929 0.5528
vn -0.5138 -0.7689 0.3805
vn -0.5450 -0.8157 0.1939
vn -0.5556 -0.8315 -0.0000
vn -0.5450 -0.8157 -0.1939
vn -0.5138 -0.7689 -0.3805
vn -0.4630 -0.6929 -0.5528
vn -0.3945 -0.5905 -0.7041
vn -0.3110 -0.4654 -0.8286
vn -0.2155 -0.3225 -0.9217
vn -0.1117 -0.1671 -0.9796
vn -0.0000 -0.0000 -1.0000
vn -0.1421 -0.1421 0.9796
vn -0.2743 -0.2743 0.9217
vn -0.3958 -0.3958 0.8286
vn -0.5021 -0.5021 0.7041
vn -0.5893 -0.5893 0.5528
vn -0.6539 -0.6539 0.3805
vn -0.6937 -0.6937 0.1939
vn -0.7071 -0.7071 -0.0000
vn -0.6937 -0.6937 -0.1939
vn -0.6539 -0.6539 -0.3805
vn -0.5893 -0.5893 -0.5528
vn -0.5021 -0.5021 -0.7041
vn -0.3958 -0.3958 -0.8286
vn -0.2743 -0.2743 -0.9217
vn -0.1421 -0.1421 -0.9796
vn -0.1671 -0.1117 0.9796
vn -0.3225 -0.2155 0.9217
vn -0.4654 -0.3110 0.8286
vn -0.5905 -0.3945 0.7041
vn -0.6929 -0.4630 0.5528
vn -0.7689 -0.5138 0.3805
vn -0.8157 -0.5450 0.1939
vn -0.8315 -0.5556 -0.0000
vn -0.8157 -0.5450 -0.1939
vn -0.7689 -0.5138 -0.3805
vn -0.6929 -0.4630 -0.5528
vn -0.5905 -0.3945 -0.7041
vn -0.4654 -0.3110 -0.8286
vn -0.3225 -0.2155 -0.9217
vn -0.1671 -0.1117 -0.9796
vn -0.1857 -0.0769 0.9796
vn -0.3584 -0.1484 0.9217
vn -0.5172 -0.2142 0.8286
vn -0.6561 -0.2718 0.7041
vn -0.7699 -0.3189 0.5528
vn -0.8544 -0.3539 0.3805
vn -0.9063 -0.3754 0.1939
vn -0.9239 -0.3827 -0.0000
vn -0.9063 -0.3754 -0.1939
vn -0.8544 -0.3539 -0.3805
vn -0.7699 -0.3189 -0.5528
vn -0.6561 -0.2718 -0.7041
vn -0.5172 -0.2142 -0.8286
vn -0.3584 -0.1484 -0.9217
vn -0.1857 -0.0769 -0.9796
vn -0.1971 -0.0392 0.9796
vn -0.3804 -0.0757 0.9217
vn -0.5490 -0.1092 0.8286
vn -0.6965 -0.1385 0.7041
vn -0.8173 -0.1626 0.5528
vn -0.9070 -0.1804 0.3805
vn -0.9622 -0.1914 0.1939
vn -0.9808 -0.1951 -0.0000
vn -0.9622 -0.1914 -0.1939
vn -0.9070 -0.1804 -0.3805
vn -0.8173 -0.1626 -0.5528
vn -0.6965 -0.1385 -0.7041
vn -0.5490 -0.1092 -0.8286
vn -0.3804 -0.0757 -0.9217
vn -0.1971 -0.0392 -0.9796
vn -0.2010 -0.0000 0.9796
vn -0.3879 -0.0000 0.9217
vn -0.5598 -0.0000 0.8286
vn -0.7101 -0.0000 0.7041
vn -0.8333 -0.0000 0.5528
vn -0.9248 -0.0000 0.3805
vn -0.9810 -0.0000 0.1939
vn -1.0000 -0.0000 -0.0000
vn -0.9810 -0.0000 -0.1939
vn -0.9248 -0.0000 -0.3805
vn -0.8333 -0.0000 -0.5528
vn -0.7101 -0.0000 -0.7041
vn -0.5598 -0.0000 -0.8286
vn -0.3879 -0.0000 -0.9217
vn -0.2010 -0.0000 -0.9796
vn -0.1971 0.0392 0.9796
vn -0.3804 0.0757 0.9217
vn -0.5490 0.1092 0.8286
vn -0.6965 0.1385 0.7041
vn -0.8173 0.1626 0.5528
vn -0.9070 0.1804 0.3805
vn -0.9622 0.1914 0.1939
vn -0.9808 0.1951 -0.0000
vn -0.9622 0.1914 -0.1939
vn -0.9070 0.1804 -0.3805
vn -0.8173 0.1626 -0.5528
vn -0.6965 0.1385 -0.7041
vn -0.5490 0.1092 -0.8286
vn -0.3804 0.0757 -0.9217
vn -0.1971 0.0392 -0.9796
vn -0.1857 0.0769 0.9796
vn -0.3584 0.1484 0.9217
vn -0.5172 0.2142 0.8286
vn -0.6561 0.2718 0.7041
vn -0.7699 0.3189 0.5528
vn -0.8544 0.3539 0.3805
vn -0.9063 0.3754 0.1939
vn -0.9239 0.3827 -0.0000
vn -0.9063 0.3754 -0.1939
vn -0.8544 0.3539 -0.3805
vn -0.7699 0.3189 -0.5528
vn -0.6561 0.2718 -0.7041
vn -0.5172 0.2142 -0.8286
vn -0.3584 0.1484 -0.9217
vn -0.1857 0.0769 -0.9796
vn -0.1671 0.1117 0.9796
vn -0.3225 0.2155 0.9217
vn -0.4654 0.3110 0.8286
vn -0.5905 0.3945 0.7041
vn -0.6929 0.4630 0.5528
vn -0.7689 0.5138 0.3805
vn -0.8157 0.5450 0.1939
vn -0.8315 0.5556 -0.0000
vn -0.8157 0.5450 -0.1939
vn -0.7689 0.5138 -0.3805
vn -0.6929 0.4630 -0.5528
vn -0.5905 0.3945 -0.7041
vn -0.4654 0.3110 -0.8286
vn -0.3225 0.2155 -0.9217
vn -0.1671 0.1117 -0.9796
vn -0.1421 0.1421 0.9796
vn -0.2743 0.2743 0.9217
vn -0.3958 0.3958 0.8286
vn -0.5021 0.5021 0.7041
vn -0.5893 0.5893 0.5528
vn -0.6539 0.6539 0.3805
vn -0.6937 0.6937 0.1939
vn -0.7071 0.7071 -0.0000
vn -0.6937 0.6937 -0.1939
vn -0.6539 0.6539 -0.3805
vn -0.5893 0.5893 -0.5528
vn -0.5021 0.5021 -0.7041
vn -0.3958 0.3958 -0.8286
vn -0.2743 0.2743 -0.9217
vn -0.1421 0.1421 -0.9796
vn -0.1116 0.1671 0.9796
vn -0.2155 0.3225 0.9217
vn -0.3110 0.4654 0.8286
vn -0.3945 0.5905 0.7041
vn -0.4630 0.6929 0.5528
vn -0.5138 0.7689 0.3805
vn -0.5450 0.8157 0.1939
vn -0.5556 0.8315 -0.0000
vn -0.5450 0.8157 -0.1939
vn -0.5138 0.7689 -0.3805
vn -0.4630 0.6929 -0.5528
vn -0.3945 0.5905 -0.7041
vn -0.3110 0.4654 -0.8286
vn -0.2155 0.3225 -0.9217
vn -0.1117 0.1671 -0.9796
vn -0.0769 0.1857 0.9796
vn -0.1484 0.3584 0.9217
vn -0.2142 0.5172 0.8286
vn -0.2718 0.6561 0.7041
vn -0.3189 0.7699 0.5528
vn -0.3539 0.8544 0.3805
vn -0.3754 0.9063 0.1939
vn -0.3827 0.9239 -0.0000
vn -0.3754 0.9063 -0.1939
vn -0.3539 0.8544 -0.3805
vn -0.3189 0.7699 -0.5528
vn -0.2718 0.6561 -0.7041
vn -0.2142 0.5172 -0.8286
vn -0.1484 0.3584 -0.9217
vn -0.0769 0.1857 -0.9796
vn -0.0392 0.1971 0.9796
vn -0.0757 0.3804 0.9217
vn -0.1092 0.5490 0.8286
vn -0.1385 0.6965 0.7041
vn -0.1626 0.8173 0.5528
vn -0.1804 0.9070 0.3805
vn -0.1914 0.9622 0.1939
vn -0.1951 0.9808 -0.0000
vn -0.1914 0.9622 -0.1939
vn -0.1804 0.9070 -0.3805
vn -0.1626 0.8173 -0.5528
vn -0.1385 0.6965 -0.7041
vn -0.1092 0.5490 -0.8286
vn -0.0757 0.3804 -0.9217
vn -0.0392 0.1971 -0.9796
vn -0.0000 0.2010 0.9796
vn -0.0000 0.3879 0.9217
vn -0.0000 0.5598 0.8286
vn -0.0000 0.7101 0.7041
vn -0.0000 0.8333 0.5528
vn -0.0000 0.9248 0.3805
vn -0.0000 0.9810 0.1939
vn -0.0000 1.0000 -0.0000
vn -0.0000 0.9810 -0.1939
vn -0.0000 0.9248 -0.3805
vn -0.0000 0.8333 -0.5528
vn -0.0000 0.7101 -0.7041
vn -0.0000 0.5598 -0.8286
vn -0.0000 0.3879 -0.9217
vn -0.0000 0.2010 -0.9796
vn 0.0392 0.1971 0.9796
vn 0.0757 0.3804 0.9217
vn 0.1092 0.5490 0.8286
vn 0.1385 0.6965 0.7041
vn 0.1626 0.8173 0.5528
vn 0.1804 0.9070 0.3805
vn 0.1914 0.9622 0.1939
vn 0.1951 0.9808 -0.0000
vn 0.1914 0.9622 -0.1939
vn 0.1804 0.9070 -0.3805
vn 0.1626 0.8173 -0.5528
vn 0.1385 0.6965 -0.7041
vn 0.1092 0.5490 -0.8286
vn 0.0757 0.3804 -0.9217
vn 0.0392 0.1971 -0.9796
vn 0.0769 0.1857 0.9796
vn 0.1484 0.3584 0.9217
vn 0.2142 0.5172 0.8286
vn 0.2718 0.6561 0.7041
vn 0.3189 0.7699 0.5528
vn 0.3539 0.8544 0.3805
vn 0.3754 0.9063 0.1939
vn 0.3827 0.9239 -0.0000
vn 0.3754 0.9063 -0.1939
vn 0.3539 0.8544 -0.3805
vn 0.3189 0.7699 -0.5528
vn 0.2718 0.6561 -0.7041
vn 0.2142 0.5172 -0.8286
vn 0.1484 0.3584 -0.9217
vn 0.0769 0.1857 -0.9796
vn 0.1117 0.1671 0.9796
vn 0.2155 0.3225 0.9217
vn 0.3110 0.4654 0.8286
vn 0.3945 0.5905 0.7041
vn 0.4630 0.6929 0.5528
vn 0.5138 0.7689 0.3805
vn 0.5450 0.8157 0.1939
vn 0.5556 0.8315 -0.0000
vn 0.5450 0.8157 -0.1939
vn 0.5138 0.7689 -0.3805
vn 0.4630 0.6929 -0.5528
vn 0.3945 0.5905 -0.7041
vn 0.3110 0.4654 -0.8286
vn 0.2155 0.3225 -0.9217
vn 0.1117 0.1671 -0.9796
vn 0.1421 0.1421 0.9796
vn 0.2743 0.2743 0.9217
vn 0.3958 0.3958 0.8286
vn 0.5021 0.5021 0.7041
vn 0.5893 0.5893 0.5528
vn 0.6539 0.6539 0.3805
vn 0.6937 0.6937 0.1939
vn 0.7071 0.7071 -0.0000
vn 0.6937 0.6937 -0.1939
vn 0.6539 0.6539 -0.3805
vn 0.5893 0.5893 -0.5528
vn 0.5021 0.5021 -0.7041
vn 0.3958 0.3958 -0.8286
vn 0.2743 0.2743 -0.9217
vn 0.1421 0.1421 -0.9796
vn -0.0000 -0.0000 1.0000
vn 0.1671 0.1117 0.9796
vn 0.3225 0.2155 0.9217
vn 0.4654 0.3110 0.8286
vn 0.5905 0.3945 0.7041
vn 0.6929 0.4630 0.5528
vn 0.7689 0.5138 0.3805
vn 0.8157 0.5450 0.1939
vn 0.8315 0.5556 -0.0000
vn 0.8157 0.5450 -0.1939
vn 0.7689 0.5138 -0.3805
vn 0.6929 0.4630 -0.5528
vn 0.5905 0.3945 -0.7041
vn 0.4654 0.3110 -0.8286
vn 0.3225 0.2155 -0.9217
vn 0.1671 0.1117 -0.9796
vn 0.1857 0.0769 0.9796
vn 0.3584 0.1484 0.9217
vn 0.5172 0.2142 0.8286
vn 0.6561 0.2718 0.7041
vn 0.7699 0.3189 0.5528
vn 0.8544 0.3539 0.3805
vn 0.9063 0.3754 0.1939
vn 0.9239 0.3827 -0.0000
vn 0.9063 0.3754 -0.1939
vn 0.8544 0.3539 -0.3805
vn 0.7699 0.3189 -0.5528
vn 0.6561 0.2718 -0.7041
vn 0.5172 0.2142 -0.8286
vn 0.3584 0.1484 -0.9217
vn 0.1857 0.0769 -0.9796
vn 0.1971 0.0392 0.9796
vn 0.3804 0.0757 0.9217
vn 0.5490 0.1092 0.8286
vn 0.6965 0.1385 0.7041
vn 0.8173 0.1626 0.5528
vn 0.9070 0.1804 0.3805
vn 0.9622 0.1914 0.1939
vn 0.9808 0.1951 -0.0000
vn 0.9622 0.1914 -0.1939
vn 0.9070 0.1804 -0.3805
vn 0.8173 0.1626 -0.5528
vn 0.6965 0.1385 -0.7041
vn 0.5490 0.1092 -0.8286
vn 0.3804 0.0757 -0.9217
vn 0.1971 0.0392 -0.9796
vn 0.2010 -0.0000 0.9796
vn 0.3879 -0.0000 0.9217
vn 0.5598 -0.0000 0.8286
vn 0.7101 -0.0000 0.7041
vn 0.8333 -0.0000 0.5528
vn 0.9248 -0.0000 0.3805
vn 0.9810 -0.0000 0.1939
vn 1.0000 -0.0000 -0.0000
vn 0.9810 -0.0000 -0.1939
vn 0.9248 -0.0000 -0.3805
vn 0.8333 -0.0000 -0.5528
vn 0.7101 -0.0000 -0.7041
vn 0.5598 -0.0000 -0.8286
vn 0.3879 -0.0000 -0.9217
vn 0.2010 -0.0000 -0.9796
vn 0.1971 -0.0392 0.9796
vn 0.3804 -0.0757 0.9217
vn 0.5490 -0.1092 0.8286
vn 0.6965 -0.1385 0.7041
vn 0.8173 -0.1626 0.5528
vn 0.9070 -0.1804 0.3805
vn 0.9622 -0.1914 0.1939
vn 0.9808 -0.1951 -0.0000
vn 0.9622 -0.1914 -0.1939
vn 0.9070 -0.1804 -0.3805
vn 0.8173 -0.1626 -0.5528
vn 0.6965 -0.1385 -0.7041
vn 0.5490 -0.1092 -0.8286
vn 0.3804 -0.0757 -0.9217
vn 0.1971 -0.0392 -0.9796
vn 0.1857 -0.0769 0.9796
vn 0.3584 -0.1484 0.9217
vn 0.5172 -0.2142 0.8286
vn 0.6561 -0.2718 0.7041
vn 0.7699 -0.3189 0.5528
vn 0.8544 -0.3539 0.3805
vn 0.9063 -0.3754 0.1939
vn 0.9239 -0.3827 -0.0000
vn 0.9063 -0.3754 -0.1939
vn 0.8544 -0.3539 -0.3805
vn 0.7699 -0.3189 -0.5528
vn 0.6561 -0.2718 -0.7041
vn 0.5172 -0.2142 -0.8286
vn 0.3584 -0.1484 -0.9217
vn 0.1857 -0.0769 -0.9796
vn 0.1671 -0.1117 0.9796
vn 0.3225 -0.2155 0.9217
vn 0.4654 -0.3110 0.8286
vn 0.5905 -0.3945 0.7041
vn 0.6929 -0.4630 0.5528
vn 0.7689 -0.5138 0.3805
vn 0.8157 -0.5450 0.1939
vn 0.8315 -0.5556 -0.0000
vn 0.8157 -0.5450 -0.1939
vn 0.7689 -0.5138 -0.3805
vn 0.6929 -0.4630 -0.5528
vn 0.5905 -0.3945 -0.7041
vn 0.4654 -0.3110 -0.8286
vn 0.3225 -0.2155 -0.9217
vn 0.1671 -0.1117 -0.9796
vn 0.1421 -0.1421 0.9796
vn 0.2743 -0.2743 0.9217
vn 0.3958 -0.3958 0.8286
vn 0.5021 -0.5021 0.7041
vn 0.5893 -0.5893 0.5528
vn 0.6539 -0.6539 0.3805
vn 0.6937 -0.6937 0.1939
vn 0.7071 -0.7071 -0.0000
vn 0.6937 -0.6937 -0.1939
vn 0.6539 -0.6539 -0.3805
vn 0.5893 -0.5893 -0.5528
vn 0.5021 -0.5021 -0.7041
vn 0.3958 -0.3958 -0.8286
vn 0.2743 -0.2743 -0.9217
vn 0.1421 -0.1421 -0.9796
vn 0.1117 -0.1671 0.9796
vn 0.2155 -0.3225 0.9217
vn 0.3110 -0.4654 0.8286
vn 0.3945 -0.5905 0.7041
vn 0.4630 -0.6929 0.5528
vn 0.5138 -0.7689 0.3805
vn 0.5450 -0.8157 0.1939
vn 0.5556 -0.8315 -0.0000
vn 0.5450 -0.8157 -0.1939
vn 0.5138 -0.7689 -0.3805
vn 0.4630 -0.6929 -0.5528
vn 0.3945 -0.5905 -0.7041
vn 0.3110 -0.4654 -0.8286
vn 0.2155 -0.3225 -0.9217
vn 0.1117 -0.1671 -0.9796
vn 0.0769 -0.1857 0.9796
vn 0.1484 -0.3584 0.9217
vn 0.2142 -0.5172 0.8286
vn 0.2718 -0.6561 0.7041
vn 0.3189 -0.7699 0.5528
vn 0.3539 -0.8544 0.3805
vn 0.3754 -0.9063 0.1939
vn 0.3827 -0.9239 -0.0000
vn 0.3754 -0.9063 -0.1939
vn 0.3539 -0.8544 -0.3805
vn 0.3189 -0.7699 -0.5528
vn 0.2718 -0.6561 -0.7041
vn 0.2142 -0.5172 -0.8286
vn 0.1484 -0.3584 -0.9217
vn 0.0769 -0.1857 -0.9796
vn 0.0392 -0.1971 0.9796
vn 0.0757 -0.3804 0.9217
vn 0.1092 -0.5490 0.8286
vn 0.1385 -0.6965 0.7041
vn 0.1626 -0.8173 0.5528
vn 0.1804 -0.9070 0.3805
vn 0.1914 -0.9622 0.1939
vn 0.1951 -0.9808 -0.0000
vn 0.1914 -0.9622 -0.1939
vn 0.1804 -0.9070 -0.3805
vn 0.1626 -0.8173 -0.5528
vn 0.1385 -0.6965 -0.7041
vn 0.1092 -0.5490 -0.8286
vn 0.0757 -0.3804 -0.9217
vn 0.0392 -0.1971 -0.9796
vn -0.0000 -0.3879 0.9217
vn -0.0000 -0.5598 0.8286
vn -0.0000 -0.9248 0.3805
vn -0.0000 -1.0000 -0.0000
vn -0.0000 -0.9248 -0.3805
vn -0.0000 -0.7101 -0.7041
vn -0.0000 -0.5598 -0.8286
vn -0.0000 -0.3879 -0.9217
vn -0.0000 -0.2010 -0.9796
vt 0.750000 0.625000
vt 0.718750 0.687500
vt 0.718750 0.625000
vt 0.750000 0.187500
vt 0.718750 0.125000
vt 0.750000 0.125000
vt 0.718750 0.562500
vt 0.750000 0.562500
vt 0.718750 0.062500
vt 0.750000 0.062500
vt 0.750000 0.500000
vt 0.718750 0.500000
vt 0.750000 0.937500
vt 0.734375 1.000000
vt 0.718750 0.937500
vt 0.734375 0.000000
vt 0.718750 0.437500
vt 0.750000 0.437500
vt 0.750000 0.875000
vt 0.718750 0.875000
vt 0.718750 0.375000
vt 0.750000 0.375000
vt 0.750000 0.812500
vt 0.718750 0.812500
vt 0.718750 0.312500
vt 0.750000 0.312500
vt 0.750000 0.750000
vt 0.718750 0.750000
vt 0.718750 0.250000
vt 0.750000 0.250000
vt 0.750000 0.687500
vt 0.718750 0.187500
vt 0.687500 0.750000
vt 0.687500 0.687500
vt 0.687500 0.250000
vt 0.687500 0.187500
vt 0.687500 0.625000
vt 0.687500 0.125000
vt 0.687500 0.562500
vt 0.687500 0.062500
vt 0.687500 0.500000
vt 0.703125 1.000000
vt 0.687500 0.937500
vt 0.703125 0.000000
vt 0.687500 0.437500
vt 0.687500 0.875000
vt 0.687500 0.375000
vt 0.687500 0.812500
vt 0.687500 0.312500
vt 0.656250 0.437500
vt 0.656250 0.875000
vt 0.656250 0.375000
vt 0.656250 0.812500
vt 0.656250 0.312500
vt 0.656250 0.750000
vt 0.656250 0.250000
vt 0.656250 0.687500
vt 0.656250 0.187500
vt 0.656250 0.625000
vt 0.656250 0.125000
vt 0.656250 0.562500
vt 0.656250 0.062500
vt 0.656250 0.500000
vt 0.671875 1.000000
vt 0.656250 0.937500
vt 0.671875 0.000000
vt 0.625000 0.250000
vt 0.625000 0.187500
vt 0.625000 0.687500
vt 0.625000 0.625000
vt 0.625000 0.125000
vt 0.625000 0.562500
vt 0.625000 0.062500
vt 0.625000 0.500000
vt 0.640625 1.000000
vt 0.625000 0.937500
vt 0.640625 0.000000
vt 0.625000 0.437500
vt 0.625000 0.875000
vt 0.625000 0.375000
vt 0.625000 0.812500
vt 0.625000 0.312500
vt 0.625000 0.750000
vt 0.593750 0.875000
vt 0.593750 0.375000
vt 0.593750 0.812500
vt 0.593750 0.312500
vt 0.593750 0.750000
vt 0.593750 0.250000
vt 0.593750 0.687500
vt 0.593750 0.187500
vt 0.593750 0.625000
vt 0.593750 0.125000
vt 0.593750 0.562500
vt 0.593750 0.062500
vt 0.593750 0.500000
vt 0.609375 1.000000
vt 0.593750 0.937500
vt 0.609375 0.000000
vt 0.593750 0.437500
vt 0.562500 0.687500
vt 0.562500 0.625000
vt 0.562500 0.187500
vt 0.562500 0.125000
vt 0.562500 0.562500
vt 0.562500 0.062500
vt 0.562500 0.500000
vt 0.578125 1.000000
vt 0.562500 0.937500
vt 0.578125 0.000000
vt 0.562500 0.437500
vt 0.562500 0.875000
vt 0.562500 0.375000
vt 0.562500 0.812500
vt 0.562500 0.312500
vt 0.562500 0.750000
vt 0.562500 0.250000
vt 0.531250 0.375000
vt 0.531250 0.812500
vt 0.531250 0.312500
vt 0.531250 0.750000
vt 0.531250 0.250000
vt 0.531250 0.687500
vt 0.531250 0.187500
vt 0.531250 0.625000
vt 0.531250 0.125000
vt 0.531250 0.562500
vt 0.531250 0.062500
vt 0.531250 0.500000
vt 0.546875 1.000000
vt 0.531250 0.937500
vt 0.546875 0.000000
vt 0.531250 0.437500
vt 0.531250 0.875000
vt 0.500000 0.187500
vt 0.500000 0.125000
vt 0.500000 0.625000
vt 0.500000 0.562500
vt 0.500000 0.062500
vt 0.500000 0.500000
vt 0.515625 1.000000
vt 0.500000 0.937500
vt 0.515625 0.000000
vt 0.500000 0.437500
vt 0.500000 0.875000
vt 0.500000 0.375000
vt 0.500000 0.812500
vt 0.500000 0.312500
vt 0.500000 0.750000
vt 0.500000 0.250000
vt 0.500000 0.687500
vt 0.468750 0.312500
vt 0.468750 0.750000
vt 0.468750 0.250000
vt 0.468750 0.687500
vt 0.468750 0.187500
vt 0.468750 0.625000
vt 0.468750 0.125000
vt 0.468750 0.562500
vt 0.468750 0.062500
vt 0.468750 0.500000
vt 0.484375 1.000000
vt 0.468750 0.937500
vt 0.484375 0.000000
vt 0.468750 0.437500
vt 0.468750 0.875000
vt 0.468750 0.375000
vt 0.468750 0.812500
vt 0.437500 0.125000
vt 0.437500 0.062500
vt 0.437500 0.562500
vt 0.437500 0.500000
vt 0.453125 1.000000
vt 0.437500 0.937500
vt 0.453125 0.000000
vt 0.437500 0.437500
vt 0.437500 0.875000
vt 0.437500 0.375000
vt 0.437500 0.812500
vt 0.437500 0.312500
vt 0.437500 0.750000
vt 0.437500 0.250000
vt 0.437500 0.687500
vt 0.437500 0.187500
vt 0.437500 0.625000
vt 0.406250 0.750000
vt 0.406250 0.312500
vt 0.406250 0.250000
vt 0.406250 0.687500
vt 0.406250 0.187500
vt 0.406250 0.625000
vt 0.406250 0.125000
vt 0.406250 0.562500
vt 0.406250 0.062500
vt 0.406250 0.500000
vt 0.421875 1.000000
vt 0.406250 0.937500
vt 0.421875 0.000000
vt 0.406250 0.437500
vt 0.406250 0.875000
vt 0.406250 0.375000
vt 0.406250 0.812500
vt 0.375000 0.500000
vt 0.390625 1.000000
vt 0.375000 0.937500
vt 0.390625 0.000000
vt 0.375000 0.062500
vt 0.375000 0.437500
vt 0.375000 0.875000
vt 0.375000 0.375000
vt 0.375000 0.812500
vt 0.375000 0.312500
vt 0.375000 0.750000
vt 0.375000 0.250000
vt 0.375000 0.687500
vt 0.375000 0.187500
vt 0.375000 0.625000
vt 0.375000 0.125000
vt 0.375000 0.562500
vt 0.343750 0.312500
vt 0.343750 0.250000
vt 0.343750 0.687500
vt 0.343750 0.187500
vt 0.343750 0.625000
vt 0.343750 0.125000
vt 0.343750 0.562500
vt 0.343750 0.062500
vt 0.343750 0.500000
vt 0.359375 1.000000
vt 0.343750 0.937500
vt 0.359375 0.000000
vt 0.343750 0.437500
vt 0.343750 0.875000
vt 0.343750 0.375000
vt 0.343750 0.812500
vt 0.343750 0.750000
vt 0.328125 1.000000
vt 0.312500 0.937500
vt 0.328125 0.000000
vt 0.312500 0.062500
vt 0.312500 0.500000
vt 0.312500 0.437500
vt 0.312500 0.875000
vt 0.312500 0.375000
vt 0.312500 0.812500
vt 0.312500 0.312500
vt 0.312500 0.750000
vt 0.312500 0.250000
vt 0.312500 0.687500
vt 0.312500 0.187500
vt 0.312500 0.625000
vt 0.312500 0.125000
vt 0.312500 0.562500
vt 0.281250 0.687500
vt 0.281250 0.250000
vt 0.281250 0.187500
vt 0.281250 0.625000
vt 0.281250 0.125000
vt 0.281250 0.562500
vt 0.281250 0.062500
vt 0.281250 0.500000
vt 0.296875 1.000000
vt 0.281250 0.937500
vt 0.296875 0.000000
vt 0.281250 0.437500
vt 0.281250 0.875000
vt 0.281250 0.375000
vt 0.281250 0.812500
vt 0.281250 0.312500
vt 0.281250 0.750000
vt 0.250000 0.500000
vt 0.250000 0.437500
vt 0.250000 0.937500
vt 0.250000 0.875000
vt 0.250000 0.375000
vt 0.250000 0.812500
vt 0.250000 0.312500
vt 0.250000 0.750000
vt 0.250000 0.250000
vt 0.250000 0.687500
vt 0.250000 0.187500
vt 0.250000 0.625000
vt 0.250000 0.125000
vt 0.250000 0.562500
vt 0.250000 0.062500
vt 0.265625 1.000000
vt 0.265625 0.000000
vt 0.218750 0.250000
vt 0.218750 0.187500
vt 0.218750 0.687500
vt 0.218750 0.625000
vt 0.218750 0.125000
vt 0.218750 0.562500
vt 0.218750 0.062500
vt 0.218750 0.500000
vt 0.234375 1.000000
vt 0.218750 0.937500
vt 0.234375 0.000000
vt 0.218750 0.437500
vt 0.218750 0.875000
vt 0.218750 0.375000
vt 0.218750 0.812500
vt 0.218750 0.312500
vt 0.218750 0.750000
vt 0.187500 0.437500
vt 0.187500 0.375000
vt 0.187500 0.812500
vt 0.187500 0.312500
vt 0.187500 0.750000
vt 0.187500 0.250000
vt 0.187500 0.687500
vt 0.187500 0.187500
vt 0.187500 0.625000
vt 0.187500 0.125000
vt 0.187500 0.562500
vt 0.187500 0.062500
vt 0.187500 0.500000
vt 0.203125 1.000000
vt 0.187500 0.937500
vt 0.203125 0.000000
vt 0.187500 0.875000
vt 0.156250 0.125000
vt 0.156250 0.562500
vt 0.156250 0.062500
vt 0.156250 0.500000
vt 0.171875 1.000000
vt 0.156250 0.937500
vt 0.171875 0.000000
vt 0.156250 0.437500
vt 0.156250 0.875000
vt 0.156250 0.375000
vt 0.156250 0.812500
vt 0.156250 0.312500
vt 0.156250 0.750000
vt 0.156250 0.250000
vt 0.156250 0.687500
vt 0.156250 0.187500
vt 0.156250 0.625000
vt 0.125000 0.812500
vt 0.125000 0.312500
vt 0.125000 0.750000
vt 0.125000 0.250000
vt 0.125000 0.687500
vt 0.125000 0.187500
vt 0.125000 0.625000
vt 0.125000 0.125000
vt 0.125000 0.562500
vt 0.125000 0.062500
vt 0.125000 0.500000
vt 0.140625 1.000000
vt 0.125000 0.937500
vt 0.140625 0.000000
vt 0.125000 0.437500
vt 0.125000 0.875000
vt 0.125000 0.375000
vt 0.093750 0.562500
vt 0.093750 0.125000
vt 0.093750 0.062500
vt 0.093750 0.500000
vt 0.109375 1.000000
vt 0.093750 0.937500
vt 0.109375 0.000000
vt 0.093750 0.437500
vt 0.093750 0.875000
vt 0.093750 0.375000
vt 0.093750 0.812500
vt 0.093750 0.312500
vt 0.093750 0.750000
vt 0.093750 0.250000
vt 0.093750 0.687500
vt 0.093750 0.187500
vt 0.093750 0.625000
vt 0.062500 0.312500
vt 0.062500 0.750000
vt 0.062500 0.250000
vt 0.062500 0.687500
vt 0.062500 0.187500
vt 0.062500 0.625000
vt 0.062500 0.125000
vt 0.062500 0.562500
vt 0.062500 0.062500
vt 0.062500 0.500000
vt 0.078125 1.000000
vt 0.062500 0.937500
vt 0.078125 0.000000
vt 0.062500 0.437500
vt 0.062500 0.875000
vt 0.062500 0.375000
vt 0.062500 0.812500
vt 0.031250 0.062500
vt 0.031250 0.500000
vt 0.046875 1.000000
vt 0.031250 0.937500
vt 0.046875 0.000000
vt 0.031250 0.437500
vt 0.031250 0.875000
vt 0.031250 0.375000
vt 0.031250 0.812500
vt 0.031250 0.312500
vt 0.031250 0.750000
vt 0.031250 0.250000
vt 0.031250 0.687500
vt 0.031250 0.187500
vt 0.031250 0.625000
vt 0.031250 0.125000
vt 0.031250 0.562500
vt 0.000000 0.750000
vt 0.000000 0.250000
vt 0.000000 0.687500
vt 0.000000 0.187500
vt 0.000000 0.625000
vt 0.000000 0.125000
vt 0.000000 0.562500
vt 0.000000 0.062500
vt 0.000000 0.500000
vt 0.015625 1.000000
vt 0.000000 0.937500
vt 0.015625 0.000000
vt 0.000000 0.437500
vt 0.000000 0.875000
vt 0.000000 0.375000
vt 0.000000 0.812500
vt 0.000000 0.312500
vt 1.000000 0.562500
vt 0.968750 0.500000
vt 1.000000 0.500000
vt 1.000000 0.937500
vt 0.984375 1.000000
vt 0.968750 0.937500
vt 0.984375 0.000000
vt 1.000000 0.062500
vt 0.968750 0.062500
vt 1.000000 0.437500
vt 0.968750 0.437500
vt 0.968750 0.875000
vt 1.000000 0.875000
vt 0.968750 0.375000
vt 1.000000 0.375000
vt 0.968750 0.812500
vt 1.000000 0.812500
vt 0.968750 0.312500
vt 1.000000 0.312500
vt 0.968750 0.750000
vt 1.000000 0.750000
vt 1.000000 0.250000
vt 0.968750 0.250000
vt 0.968750 0.687500
vt 1.000000 0.687500
vt 0.968750 0.187500
vt 1.000000 0.187500
vt 1.000000 0.625000
vt 0.968750 0.625000
vt 1.000000 0.125000
vt 0.968750 0.125000
vt 0.968750 0.562500
vt 0.937500 0.250000
vt 0.937500 0.687500
vt 0.937500 0.187500
vt 0.937500 0.625000
vt 0.937500 0.125000
vt 0.937500 0.562500
vt 0.937500 0.062500
vt 0.937500 0.500000
vt 0.953125 1.000000
vt 0.937500 0.937500
vt 0.953125 0.000000
vt 0.937500 0.437500
vt 0.937500 0.875000
vt 0.937500 0.375000
vt 0.937500 0.812500
vt 0.937500 0.312500
vt 0.937500 0.750000
vt 0.921875 0.000000
vt 0.906250 0.062500
vt 0.906250 0.500000
vt 0.906250 0.437500
vt 0.906250 0.875000
vt 0.906250 0.375000
vt 0.906250 0.812500
vt 0.906250 0.312500
vt 0.906250 0.750000
vt 0.906250 0.250000
vt 0.906250 0.687500
vt 0.906250 0.187500
vt 0.906250 0.625000
vt 0.906250 0.125000
vt 0.906250 0.562500
vt 0.921875 1.000000
vt 0.906250 0.937500
vt 0.875000 0.187500
vt 0.875000 0.687500
vt 0.875000 0.625000
vt 0.875000 0.125000
vt 0.875000 0.562500
vt 0.875000 0.062500
vt 0.875000 0.500000
vt 0.890625 1.000000
vt 0.875000 0.937500
vt 0.890625 0.000000
vt 0.875000 0.437500
vt 0.875000 0.875000
vt 0.875000 0.375000
vt 0.875000 0.812500
vt 0.875000 0.312500
vt 0.875000 0.750000
vt 0.875000 0.250000
vt 0.843750 0.875000
vt 0.843750 0.375000
vt 0.843750 0.812500
vt 0.843750 0.312500
vt 0.843750 0.750000
vt 0.843750 0.250000
vt 0.843750 0.687500
vt 0.843750 0.187500
vt 0.843750 0.625000
vt 0.843750 0.125000
vt 0.843750 0.562500
vt 0.843750 0.062500
vt 0.843750 0.500000
vt 0.859375 1.000000
vt 0.843750 0.937500
vt 0.859375 0.000000
vt 0.843750 0.437500
vt 0.812500 0.687500
vt 0.812500 0.625000
vt 0.812500 0.187500
vt 0.812500 0.125000
vt 0.812500 0.562500
vt 0.812500 0.062500
vt 0.812500 0.500000
vt 0.828125 1.000000
vt 0.812500 0.937500
vt 0.828125 0.000000
vt 0.812500 0.437500
vt 0.812500 0.875000
vt 0.812500 0.375000
vt 0.812500 0.812500
vt 0.812500 0.312500
vt 0.812500 0.750000
vt 0.812500 0.250000
vt 0.781250 0.375000
vt 0.781250 0.812500
vt 0.781250 0.312500
vt 0.781250 0.750000
vt 0.781250 0.250000
vt 0.781250 0.687500
vt 0.781250 0.187500
vt 0.781250 0.625000
vt 0.781250 0.125000
vt 0.781250 0.562500
vt 0.781250 0.062500
vt 0.781250 0.500000
vt 0.796875 1.000000
vt 0.781250 0.937500
vt 0.796875 0.000000
vt 0.781250 0.437500
vt 0.781250 0.875000
vt 0.765625 1.000000
vt 0.765625 0.000000
s 1
g Sphere.001_M_Run.002
usemtl M_Run.002
f 2194/2006/2100 1729/2007/1635 1730/2008/1636
f 2198/2009/2104 1738/2010/1644 2199/2011/2105
f 2194/2006/2100 1731/2012/1637 1722/2013/1628
f 2199/2011/2105 1739/2014/1645 2200/2015/2106
f 2195/2016/2101 1731/2012/1637 1732/2017/1638
f 1719/2018/1625 2026/2019/1932 1725/2020/1631
f 1770/2021/1676 2200/2015/2106 1739/2014/1645
f 2195/2016/2101 1733/2022/1639 1723/2023/1629
f 2192/2024/2098 1725/2020/1631 1726/2025/1632
f 1723/2023/1629 1734/2026/1640 2196/2027/2102
f 2193/2028/2099 1726/2025/1632 1727/2029/1633
f 2196/2027/2102 1735/2030/1641 1724/2031/1630
f 1720/2032/1626 1727/2029/1633 1728/2033/1634
f 1724/2031/1630 1736/2034/1642 2197/2035/2103
f 1720/2032/1626 1729/2007/1635 1721/2036/1627
f 2197/2035/2103 1737/2037/1643 2198/2009/2104
f 1729/2007/1635 1743/2038/1649 1744/2039/1650
f 1737/2037/1643 1751/2040/1657 1752/2041/1658
f 1729/2007/1635 1745/2042/1651 1730/2008/1636
f 1738/2010/1644 1752/2041/1658 1753/2043/1659
f 1730/2008/1636 1746/2044/1652 1731/2012/1637
f 1738/2010/1644 1754/2045/1660 1739/2014/1645
f 1732/2017/1638 1746/2044/1652 1747/2046/1653
f 1725/2020/1631 2026/2047/1932 1740/2048/1646
f 1770/2049/1676 1739/2014/1645 1754/2045/1660
f 1732/2017/1638 1748/2050/1654 1733/2022/1639
f 1725/2020/1631 1741/2051/1647 1726/2025/1632
f 1734/2026/1640 1748/2050/1654 1749/2052/1655
f 1726/2025/1632 1742/2053/1648 1727/2029/1633
f 1734/2026/1640 1750/2054/1656 1735/2030/1641
f 1727/2029/1633 1743/2038/1649 1728/2033/1634
f 1735/2030/1641 1751/2040/1657 1736/2034/1642
f 1747/2046/1653 1763/2055/1669 1748/2050/1654
f 1740/2048/1646 1756/2056/1662 1741/2051/1647
f 1748/2050/1654 1764/2057/1670 1749/2052/1655
f 1741/2051/1647 1757/2058/1663 1742/2053/1648
f 1749/2052/1655 1765/2059/1671 1750/2054/1656
f 1742/2053/1648 1758/2060/1664 1743/2038/1649
f 1751/2040/1657 1765/2059/1671 1766/2061/1672
f 1743/2038/1649 1759/2062/1665 1744/2039/1650
f 1752/2041/1658 1766/2061/1672 1767/2063/1673
f 1745/2042/1651 1759/2062/1665 1760/2064/1666
f 1752/2041/1658 1768/2065/1674 1753/2043/1659
f 1745/2042/1651 1761/2066/1667 1746/2044/1652
f 1754/2045/1660 1768/2065/1674 1769/2067/1675
f 1746/2044/1652 1762/2068/1668 1747/2046/1653
f 1740/2048/1646 2026/2069/1932 1755/2070/1661
f 1770/2071/1676 1754/2045/1660 1769/2067/1675
f 1767/2063/1673 1782/2072/1688 1783/2073/1689
f 1760/2064/1666 1775/2074/1681 1776/2075/1682
f 1767/2063/1673 1784/2076/1690 1768/2065/1674
f 1760/2064/1666 1777/2077/1683 1761/2066/1667
f 1769/2067/1675 1784/2076/1690 1785/2078/1691
f 1761/2066/1667 1778/2079/1684 1762/2068/1668
f 1755/2070/1661 2026/2080/1932 1771/2081/1677
f 1770/2082/1676 1769/2067/1675 1785/2078/1691
f 1762/2068/1668 1779/2083/1685 1763/2055/1669
f 1755/2070/1661 1772/2084/1678 1756/2056/1662
f 1763/2055/1669 1780/2085/1686 1764/2057/1670
f 1757/2058/1663 1772/2084/1678 1773/2086/1679
f 1764/2057/1670 1781/2087/1687 1765/2059/1671
f 1757/2058/1663 1774/2088/1680 1758/2060/1664
f 1765/2059/1671 1782/2072/1688 1766/2061/1672
f 1758/2060/1664 1775/2074/1681 1759/2062/1665
f 1771/2081/1677 1787/2089/1693 1772/2084/1678
f 1779/2083/1685 1795/2090/1701 1780/2085/1686
f 1772/2084/1678 1788/2091/1694 1773/2086/1679
f 1780/2085/1686 1796/2092/1702 1781/2087/1687
f 1773/2086/1679 1789/2093/1695 1774/2088/1680
f 1781/2087/1687 1797/2094/1703 1782/2072/1688
f 1775/2074/1681 1789/2093/1695 1790/2095/1696
f 1783/2073/1689 1797/2094/1703 1798/2096/1704
f 1776/2075/1682 1790/2095/1696 1791/2097/1697
f 1783/2073/1689 1799/2098/1705 1784/2076/1690
f 1776/2075/1682 1792/2099/1698 1777/2077/1683
f 1785/2078/1691 1799/2098/1705 1800/2100/1706
f 1778/2079/1684 1792/2099/1698 1793/2101/1699
f 1771/2081/1677 2026/2102/1932 1786/2103/1692
f 1770/2104/1676 1785/2078/1691 1800/2100/1706
f 1778/2079/1684 1794/2105/1700 1779/2083/1685
f 1791/2097/1697 1805/2106/1711 1806/2107/1712
f 1799/2098/1705 1813/2108/1719 1814/2109/1720
f 1791/2097/1697 1807/2110/1713 1792/2099/1698
f 1800/2100/1706 1814/2109/1720 1815/2111/1721
f 1792/2099/1698 1808/2112/1714 1793/2101/1699
f 1786/2103/1692 2026/2113/1932 1801/2114/1707
f 1770/2115/1676 1800/2100/1706 1815/2111/1721
f 1793/2101/1699 1809/2116/1715 1794/2105/1700
f 1787/2089/1693 1801/2114/1707 1802/2117/1708
f 1795/2090/1701 1809/2116/1715 1810/2118/1716
f 1787/2089/1693 1803/2119/1709 1788/2091/1694
f 1795/2090/1701 1811/2120/1717 1796/2092/1702
f 1788/2091/1694 1804/2121/1710 1789/2093/1695
f 1796/2092/1702 1812/2122/1718 1797/2094/1703
f 1790/2095/1696 1804/2121/1710 1805/2106/1711
f 1798/2096/1704 1812/2122/1718 1813/2108/1719
f 1809/2116/1715 1825/2123/1731 1810/2118/1716
f 1802/2117/1708 1818/2124/1724 1803/2119/1709
f 1810/2118/1716 1826/2125/1732 1811/2120/1717
f 1803/2119/1709 1819/2126/1725 1804/2121/1710
f 1811/2120/1717 1827/2127/1733 1812/2122/1718
f 1804/2121/1710 1820/2128/1726 1805/2106/1711
f 1812/2122/1718 1828/2129/1734 1813/2108/1719
f 1806/2107/1712 1820/2128/1726 1821/2130/1727
f 1813/2108/1719 1829/2131/1735 1814/2109/1720
f 1806/2107/1712 1822/2132/1728 1807/2110/1713
f 1814/2109/1720 1830/2133/1736 1815/2111/1721
f 1807/2110/1713 1823/2134/1729 1808/2112/1714
f 1801/2114/1707 2026/2135/1932 1816/2136/1722
f 1770/2137/1676 1815/2111/1721 1830/2133/1736
f 1809/2116/1715 1823/2134/1729 1824/2138/1730
f 1801/2114/1707 1817/2139/1723 1802/2117/1708
f 1829/2131/1735 1843/2140/1749 1844/2141/1750
f 1822/2132/1728 1836/2142/1742 1837/2143/1743
f 1829/2131/1735 1845/2144/1751 1830/2133/1736
f 1823/2134/1729 1837/2143/1743 1838/2145/1744
f 1816/2136/1722 2026/2146/1932 1831/2147/1737
f 1770/2148/1676 1830/2133/1736 1845/2144/1751
f 1823/2134/1729 1839/2149/1745 1824/2138/1730
f 1817/2139/1723 1831/2147/1737 1832/2150/1738
f 1824/2138/1730 1840/2151/1746 1825/2123/1731
f 1817/2139/1723 1833/2152/1739 1818/2124/1724
f 1825/2123/1731 1841/2153/1747 1826/2125/1732
f 1818/2124/1724 1834/2154/1740 1819/2126/1725
f 1826/2125/1732 1842/2155/1748 1827/2127/1733
f 1819/2126/1725 1835/2156/1741 1820/2128/1726
f 1828/2129/1734 1842/2155/1748 1843/2140/1749
f 1820/2128/1726 1836/2142/1742 1821/2130/1727
f 1840/2151/1746 1856/2157/1762 1841/2153/1747
f 1833/2152/1739 1849/2158/1755 1834/2154/1740
f 1842/2155/1748 1856/2157/1762 1857/2159/1763
f 1834/2154/1740 1850/2160/1756 1835/2156/1741
f 1842/2155/1748 1858/2161/1764 1843/2140/1749
f 1836/2142/1742 1850/2160/1756 1851/2162/1757
f 1844/2141/1750 1858/2161/1764 1859/2163/1765
f 1837/2143/1743 1851/2162/1757 1852/2164/1758
f 1845/2144/1751 1859/2163/1765 1860/2165/1766
f 1837/2143/1743 1853/2166/1759 1838/2145/1744
f 1831/2147/1737 2026/2167/1932 1846/2168/1752
f 1770/2169/1676 1845/2144/1751 1860/2165/1766
f 1838/2145/1744 1854/2170/1760 1839/2149/1745
f 1831/2147/1737 1847/2171/1753 1832/2150/1738
f 1839/2149/1745 1855/2172/1761 1840/2151/1746
f 1832/2150/1738 1848/2173/1754 1833/2152/1739
f 1860/2165/1766 1874/2174/1780 1875/2175/1781
f 1853/2166/1759 1867/2176/1773 1868/2177/1774
f 1846/2168/1752 2026/2178/1932 1861/2179/1767
f 1770/2180/1676 1860/2165/1766 1875/2175/1781
f 1853/2166/1759 1869/2181/1775 1854/2170/1760
f 1846/2168/1752 1862/2182/1768 1847/2171/1753
f 1854/2170/1760 1870/2183/1776 1855/2172/1761
f 1847/2171/1753 1863/2184/1769 1848/2173/1754
f 1855/2172/1761 1871/2185/1777 1856/2157/1762
f 1848/2173/1754 1864/2186/1770 1849/2158/1755
f 1856/2157/1762 1872/2187/1778 1857/2159/1763
f 1849/2158/1755 1865/2188/1771 1850/2160/1756
f 1858/2161/1764 1872/2187/1778 1873/2189/1779
f 1850/2160/1756 1866/2190/1772 1851/2162/1757
f 1858/2161/1764 1874/2174/1780 1859/2163/1765
f 1851/2162/1757 1867/2176/1773 1852/2164/1758
f 1863/2184/1769 1879/2191/1785 1864/2186/1770
f 1872/2187/1778 1886/2192/1792 1887/2193/1793
f 1864/2186/1770 1880/2194/1786 1865/2188/1771
f 1872/2187/1778 1888/2195/1794 1873/2189/1779
f 1866/2190/1772 1880/2194/1786 1881/2196/1787
f 1873/2189/1779 1889/2197/1795 1874/2174/1780
f 1866/2190/1772 1882/2198/1788 1867/2176/1773
f 1874/2174/1780 1890/2199/1796 1875/2175/1781
f 1867/2176/1773 1883/2200/1789 1868/2177/1774
f 1861/2179/1767 2026/2201/1932 1876/2202/1782
f 1770/2203/1676 1875/2175/1781 1890/2199/1796
f 1869/2181/1775 1883/2200/1789 1884/2204/1790
f 1861/2179/1767 1877/2205/1783 1862/2182/1768
f 1869/2181/1775 1885/2206/1791 1870/2183/1776
f 1862/2182/1768 1878/2207/1784 1863/2184/1769
f 1870/2183/1776 1886/2192/1792 1871/2185/1777
f 1882/2198/1788 1898/2208/1804 1883/2200/1789
f 1876/2202/1782 2026/2209/1932 1891/2210/1797
f 1770/2211/1676 1890/2199/1796 1905/2212/1811
f 1884/2204/1790 1898/2208/1804 1899/2213/1805
f 1876/2202/1782 1892/2214/1798 1877/2205/1783
f 1884/2204/1790 1900/2215/1806 1885/2206/1791
f 1877/2205/1783 1893/2216/1799 1878/2207/1784
f 1885/2206/1791 1901/2217/1807 1886/2192/1792
f 1878/2207/1784 1894/2218/1800 1879/2191/1785
f 1887/2193/1793 1901/2217/1807 1902/2219/1808
f 1879/2191/1785 1895/2220/1801 1880/2194/1786
f 1888/2195/1794 1902/2219/1808 1903/2221/1809
f 1881/2196/1787 1895/2220/1801 1896/2222/1802
f 1889/2197/1795 1903/2221/1809 1904/2223/1810
f 1881/2196/1787 1897/2224/1803 1882/2198/1788
f 1889/2197/1795 1905/2212/1811 1890/2199/1796
f 1902/2219/1808 1916/2225/1822 1917/2226/1823
f 1894/2218/1800 1910/2227/1816 1895/2220/1801
f 1903/2221/1809 1917/2226/1823 1918/2228/1824
f 1896/2222/1802 1910/2227/1816 1911/2229/1817
f 1904/2223/1810 1918/2228/1824 1919/2230/1825
f 1896/2222/1802 1912/2231/1818 1897/2224/1803
f 1904/2223/1810 1920/2232/1826 1905/2212/1811
f 1897/2224/1803 1913/2233/1819 1898/2208/1804
f 1891/2210/1797 2026/2234/1932 1906/2235/1812
f 1770/2236/1676 1905/2212/1811 1920/2232/1826
f 1898/2208/1804 1914/2237/1820 1899/2213/1805
f 1891/2210/1797 1907/2238/1813 1892/2214/1798
f 1900/2215/1806 1914/2237/1820 1915/2239/1821
f 1892/2214/1798 1908/2240/1814 1893/2216/1799
f 1900/2215/1806 1916/2225/1822 1901/2217/1807
f 1893/2216/1799 1909/2241/1815 1894/2218/1800
f 1906/2235/1812 2026/2242/1932 1921/2243/1827
f 1770/2244/1676 1920/2232/1826 1935/2245/1841
f 1914/2237/1820 1928/2246/1834 1929/2247/1835
f 1906/2235/1812 1922/2248/1828 1907/2238/1813
f 1915/2239/1821 1929/2247/1835 1930/2249/1836
f 1907/2238/1813 1923/2250/1829 1908/2240/1814
f 1915/2239/1821 1931/2251/1837 1916/2225/1822
f 1908/2240/1814 1924/2252/1830 1909/2241/1815
f 1916/2225/1822 1932/2253/1838 1917/2226/1823
f 1909/2241/1815 1925/2254/1831 1910/2227/1816
f 1917/2226/1823 1933/2255/1839 1918/2228/1824
f 1911/2229/1817 1925/2254/1831 1926/2256/1832
f 1919/2230/1825 1933/2255/1839 1934/2257/1840
f 1911/2229/1817 1927/2258/1833 1912/2231/1818
f 1920/2232/1826 1934/2257/1840 1935/2245/1841
f 1912/2231/1818 1928/2246/1834 1913/2233/1819
f 1924/2252/1830 1940/2259/1846 1925/2254/1831
f 1933/2255/1839 1947/2260/1853 1948/2261/1854
f 1926/2256/1832 1940/2259/1846 1941/2262/1847
f 1934/2257/1840 1948/2261/1854 1949/2263/1855
f 1926/2256/1832 1942/2264/1848 1927/2258/1833
f 1934/2257/1840 1950/2265/1856 1935/2245/1841
f 1927/2258/1833 1943/2266/1849 1928/2246/1834
f 1921/2243/1827 2026/2267/1932 1936/2268/1842
f 1770/2269/1676 1935/2245/1841 1950/2265/1856
f 1929/2247/1835 1943/2266/1849 1944/2270/1850
f 1921/2243/1827 1937/2271/1843 1922/2248/1828
f 1930/2249/1836 1944/2270/1850 1945/2272/1851
f 1922/2248/1828 1938/2273/1844 1923/2250/1829
f 1930/2249/1836 1946/2274/1852 1931/2251/1837
f 1923/2250/1829 1939/2275/1845 1924/2252/1830
f 1932/2253/1838 1946/2274/1852 1947/2260/1853
f 1944/2270/1850 1958/2276/1864 1959/2277/1865
f 1937/2271/1843 1951/2278/1857 1952/2279/1858
f 1945/2272/1851 1959/2277/1865 1960/2280/1866
f 1937/2271/1843 1953/2281/1859 1938/2273/1844
f 1945/2272/1851 1961/2282/1867 1946/2274/1852
f 1938/2273/1844 1954/2283/1860 1939/2275/1845
f 1947/2260/1853 1961/2282/1867 1962/2284/1868
f 1939/2275/1845 1955/2285/1861 1940/2259/1846
f 1947/2260/1853 1963/2286/1869 1948/2261/1854
f 1941/2262/1847 1955/2285/1861 1956/2287/1862
f 1949/2263/1855 1963/2286/1869 1964/2288/1870
f 1941/2262/1847 1957/2289/1863 1942/2264/1848
f 1949/2263/1855 1965/2290/1871 1950/2265/1856
f 1942/2264/1848 1958/2276/1864 1943/2266/1849
f 1936/2268/1842 2026/2291/1932 1951/2278/1857
f 1770/2292/1676 1950/2265/1856 1965/2290/1871
f 1963/2286/1869 1977/2293/1883 1978/2294/1884
f 1956/2287/1862 1970/2295/1876 1971/2296/1877
f 1963/2286/1869 1979/2297/1885 1964/2288/1870
f 1956/2287/1862 1972/2298/1878 1957/2289/1863
f 1965/2290/1871 1979/2297/1885 1980/2299/1886
f 1957/2289/1863 1973/2300/1879 1958/2276/1864
f 1951/2278/1857 2026/2301/1932 1966/2302/1872
f 1770/2303/1676 1965/2290/1871 1980/2299/1886
f 1959/2277/1865 1973/2300/1879 1974/2304/1880
f 1951/2278/1857 1967/2305/1873 1952/2279/1858
f 1960/2280/1866 1974/2304/1880 1975/2306/1881
f 1952/2279/1858 1968/2307/1874 1953/2281/1859
f 1960/2280/1866 1976/2308/1882 1961/2282/1867
f 1953/2281/1859 1969/2309/1875 1954/2283/1860
f 1962/2284/1868 1976/2308/1882 1977/2293/1883
f 1954/2283/1860 1970/2295/1876 1955/2285/1861
f 1975/2306/1881 1989/2310/1895 1990/2311/1896
f 1967/2305/1873 1983/2312/1889 1968/2307/1874
f 1975/2306/1881 1991/2313/1897 1976/2308/1882
f 1968/2307/1874 1984/2314/1890 1969/2309/1875
f 1976/2308/1882 1992/2315/1898 1977/2293/1883
f 1969/2309/1875 1985/2316/1891 1970/2295/1876
f 1978/2294/1884 1992/2315/1898 1993/2317/1899
f 1971/2296/1877 1985/2316/1891 1986/2318/1892
f 1979/2297/1885 1993/2317/1899 1994/2319/1900
f 1971/2296/1877 1987/2320/1893 1972/2298/1878
f 1979/2297/1885 1995/2321/1901 1980/2299/1886
f 1972/2298/1878 1988/2322/1894 1973/2300/1879
f 1966/2302/1872 2026/2323/1932 1981/2324/1887
f 1770/2325/1676 1980/2299/1886 1995/2321/1901
f 1974/2304/1880 1988/2322/1894 1989/2310/1895
f 1966/2302/1872 1982/2326/1888 1967/2305/1873
f 1993/2317/1899 2009/2327/1915 1994/2319/1900
f 1986/2318/1892 2002/2328/1908 1987/2320/1893
f 1994/2319/1900 2010/2329/1916 1995/2321/1901
f 1987/2320/1893 2003/2330/1909 1988/2322/1894
f 1981/2324/1887 2026/2331/1932 1996/2332/1902
f 1770/2333/1676 1995/2321/1901 2010/2329/1916
f 1989/2310/1895 2003/2330/1909 2004/2334/1910
f 1981/2324/1887 1997/2335/1903 1982/2326/1888
f 1990/2311/1896 2004/2334/1910 2005/2336/1911
f 1982/2326/1888 1998/2337/1904 1983/2312/1889
f 1990/2311/1896 2006/2338/1912 1991/2313/1897
f 1983/2312/1889 1999/2339/1905 1984/2314/1890
f 1991/2313/1897 2007/2340/1913 1992/2315/1898
f 1984/2314/1890 2000/2341/1906 1985/2316/1891
f 1992/2315/1898 2008/2342/1914 1993/2317/1899
f 1986/2318/1892 2000/2341/1906 2001/2343/1907
f 1997/2335/1903 2013/2344/1919 1998/2337/1904
f 2005/2336/1911 2021/2345/1927 2006/2338/1912
f 1998/2337/1904 2014/2346/1920 1999/2339/1905
f 2006/2338/1912 2022/2347/1928 2007/2340/1913
f 1999/2339/1905 2015/2348/1921 2000/2341/1906
f 2007/2340/1913 2023/2349/1929 2008/2342/1914
f 2001/2343/1907 2015/2348/1921 2016/2350/1922
f 2009/2327/1915 2023/2349/1929 2024/2351/1930
f 2001/2343/1907 2017/2352/1923 2002/2328/1908
f 2009/2327/1915 2025/2353/1931 2010/2329/1916
f 2002/2328/1908 2018/2354/1924 2003/2330/1909
f 1996/2332/1902 2026/2355/1932 2011/2356/1917
f 1770/2357/1676 2010/2329/1916 2025/2353/1931
f 2004/2334/1910 2018/2354/1924 2019/2358/1925
f 1996/2332/1902 2012/2359/1918 1997/2335/1903
f 2005/2336/1911 2019/2358/1925 2020/2360/1926
f 2016/2350/1922 2033/2361/1939 2017/2352/1923
f 2025/2353/1931 2040/2362/1946 2041/2363/1947
f 2017/2352/1923 2034/2364/1940 2018/2354/1924
f 2011/2356/1917 2026/2365/1932 2027/2366/1933
f 1770/2367/1676 2025/2353/1931 2041/2363/1947
f 2019/2358/1925 2034/2364/1940 2035/2368/1941
f 2011/2356/1917 2028/2369/1934 2012/2359/1918
f 2020/2360/1926 2035/2368/1941 2036/2370/1942
f 2012/2359/1918 2029/2371/1935 2013/2344/1919
f 2020/2360/1926 2037/2372/1943 2021/2345/1927
f 2014/2346/1920 2029/2371/1935 2030/2373/1936
f 2022/2347/1928 2037/2372/1943 2038/2374/1944
f 2014/2346/1920 2031/2375/1937 2015/2348/1921
f 2022/2347/1928 2039/2376/1945 2023/2349/1929
f 2016/2350/1922 2031/2375/1937 2032/2377/1938
f 2024/2351/1930 2039/2376/1945 2040/2362/1946
f 2036/2370/1942 2052/2378/1958 2037/2372/1943
f 2029/2371/1935 2045/2379/1951 2030/2373/1936
f 2038/2374/1944 2052/2378/1958 2053/2380/1959
f 2031/2375/1937 2045/2379/1951 2046/2381/1952
f 2038/2374/1944 2054/2382/1960 2039/2376/1945
f 2032/2377/1938 2046/2381/1952 2047/2383/1953
f 2039/2376/1945 2055/2384/1961 2040/2362/1946
f 2032/2377/1938 2048/2385/1954 2033/2361/1939
f 2040/2362/1946 2056/2386/1962 2041/2363/1947
f 2033/2361/1939 2049/2387/1955 2034/2364/1940
f 2027/2366/1933 2026/2388/1932 2042/2389/1948
f 1770/2390/1676 2041/2363/1947 2056/2386/1962
f 2035/2368/1941 2049/2387/1955 2050/2391/1956
f 2027/2366/1933 2043/2392/1949 2028/2369/1934
f 2035/2368/1941 2051/2393/1957 2036/2370/1942
f 2028/2369/1934 2044/2394/1950 2029/2371/1935
f 2055/2384/1961 2071/2395/1977 2056/2386/1962
f 2048/2385/1954 2064/2396/1970 2049/2387/1955
f 2042/2389/1948 2026/2397/1932 2057/2398/1963
f 1770/2399/1676 2056/2386/1962 2071/2395/1977
f 2050/2391/1956 2064/2396/1970 2065/2400/1971
f 2042/2389/1948 2058/2401/1964 2043/2392/1949
f 2051/2393/1957 2065/2400/1971 2066/2402/1972
f 2043/2392/1949 2059/2403/1965 2044/2394/1950
f 2051/2393/1957 2067/2404/1973 2052/2378/1958
f 2044/2394/1950 2060/2405/1966 2045/2379/1951
f 2052/2378/1958 2068/2406/1974 2053/2380/1959
f 2045/2379/1951 2061/2407/1967 2046/2381/1952
f 2054/2382/1960 2068/2406/1974 2069/2408/1975
f 2047/2383/1953 2061/2407/1967 2062/2409/1968
f 2055/2384/1961 2069/2408/1975 2070/2410/1976
f 2047/2383/1953 2063/2411/1969 2048/2385/1954
f 2059/2403/1965 2075/2412/1981 2060/2405/1966
f 2067/2404/1973 2083/2413/1989 2068/2406/1974
f 2060/2405/1966 2076/2414/1982 2061/2407/1967
f 2068/2406/1974 2084/2415/1990 2069/2408/1975
f 2062/2409/1968 2076/2414/1982 2077/2416/1983
f 2070/2410/1976 2084/2415/1990 2085/2417/1991
f 2062/2409/1968 2078/2418/1984 2063/2411/1969
f 2070/2410/1976 2086/2419/1992 2071/2395/1977
f 2063/2411/1969 2079/2420/1985 2064/2396/1970
f 2057/2398/1963 2026/2421/1932 2072/2422/1978
f 1770/2423/1676 2071/2395/1977 2086/2419/1992
f 2065/2400/1971 2079/2420/1985 2080/2424/1986
f 2058/2401/1964 2072/2422/1978 2073/2425/1979
f 2065/2400/1971 2081/2426/1987 2066/2402/1972
f 2058/2401/1964 2074/2427/1980 2059/2403/1965
f 2066/2402/1972 2082/2428/1988 2067/2404/1973
f 2078/2429/1984 2094/2430/2000 2079/2431/1985
f 2072/2432/1978 2026/2433/1932 2087/2434/1993
f 1770/2435/1676 2086/2436/1992 2101/2437/2007
f 2080/2438/1986 2094/2430/2000 2095/2439/2001
f 2072/2432/1978 2088/2440/1994 2073/2441/1979
f 2080/2438/1986 2096/2442/2002 2081/2443/1987
f 2073/2441/1979 2089/2444/1995 2074/2445/1980
f 2081/2443/1987 2097/2446/2003 2082/2447/1988
f 2074/2445/1980 2090/2448/1996 2075/2449/1981
f 2083/2450/1989 2097/2446/2003 2098/2451/2004
f 2075/2449/1981 2091/2452/1997 2076/2453/1982
f 2083/2450/1989 2099/2454/2005 2084/2455/1990
f 2077/2456/1983 2091/2452/1997 2092/2457/1998
f 2085/2458/1991 2099/2454/2005 2100/2459/2006
f 2077/2456/1983 2093/2460/1999 2078/2429/1984
f 2085/2458/1991 2101/2437/2007 2086/2436/1992
f 2097/2446/2003 2113/2461/2019 2098/2451/2004
f 2090/2448/1996 2106/2462/2012 2091/2452/1997
f 2098/2451/2004 2114/2463/2020 2099/2454/2005
f 2092/2457/1998 2106/2462/2012 2107/2464/2013
f 2100/2459/2006 2114/2463/2020 2115/2465/2021
f 2092/2457/1998 2108/2466/2014 2093/2460/1999
f 2100/2459/2006 2116/2467/2022 2101/2437/2007
f 2093/2460/1999 2109/2468/2015 2094/2430/2000
f 2087/2434/1993 2026/2469/1932 2102/2470/2008
f 1770/2471/1676 2101/2437/2007 2116/2467/2022
f 2095/2439/2001 2109/2468/2015 2110/2472/2016
f 2087/2434/1993 2103/2473/2009 2088/2440/1994
f 2095/2439/2001 2111/2474/2017 2096/2442/2002
f 2088/2440/1994 2104/2475/2010 2089/2444/1995
f 2096/2442/2002 2112/2476/2018 2097/2446/2003
f 2090/2448/1996 2104/2475/2010 2105/2477/2011
f 1770/2478/1676 2116/2467/2022 2131/2479/2037
f 2110/2472/2016 2124/2480/2030 2125/2481/2031
f 2102/2470/2008 2118/2482/2024 2103/2473/2009
f 2110/2472/2016 2126/2483/2032 2111/2474/2017
f 2103/2473/2009 2119/2484/2025 2104/2475/2010
f 2111/2474/2017 2127/2485/2033 2112/2476/2018
f 2104/2475/2010 2120/2486/2026 2105/2477/2011
f 2113/2461/2019 2127/2485/2033 2128/2487/2034
f 2105/2477/2011 2121/2488/2027 2106/2462/2012
f 2113/2461/2019 2129/2489/2035 2114/2463/2020
f 2107/2464/2013 2121/2488/2027 2122/2490/2028
f 2114/2463/2020 2130/2491/2036 2115/2465/2021
f 2107/2464/2013 2123/2492/2029 2108/2466/2014
f 2115/2465/2021 2131/2479/2037 2116/2467/2022
f 2108/2466/2014 2124/2480/2030 2109/2468/2015
f 2102/2470/2008 2026/2493/1932 2117/2494/2023
f 2128/2487/2034 2144/2495/2050 2129/2489/2035
f 2122/2490/2028 2136/2496/2042 2137/2497/2043
f 2130/2491/2036 2144/2495/2050 2145/2498/2051
f 2122/2490/2028 2138/2499/2044 2123/2492/2029
f 2130/2491/2036 2146/2500/2052 2131/2479/2037
f 2123/2492/2029 2139/2501/2045 2124/2480/2030
f 2117/2494/2023 2026/2502/1932 2132/2503/2038
f 1770/2504/1676 2131/2479/2037 2146/2500/2052
f 2125/2481/2031 2139/2501/2045 2140/2505/2046
f 2117/2494/2023 2133/2506/2039 2118/2482/2024
f 2126/2483/2032 2140/2505/2046 2141/2507/2047
f 2118/2482/2024 2134/2508/2040 2119/2484/2025
f 2126/2483/2032 2142/2509/2048 2127/2485/2033
f 2119/2484/2025 2135/2510/2041 2120/2486/2026
f 2127/2485/2033 2143/2511/2049 2128/2487/2034
f 2120/2486/2026 2136/2496/2042 2121/2488/2027
f 2132/2503/2038 2148/2512/2054 2133/2506/2039
f 2140/2505/2046 2156/2513/2062 2141/2507/2047
f 2133/2506/2039 2149/2514/2055 2134/2508/2040
f 2141/2507/2047 2157/2515/2063 2142/2509/2048
f 2135/2510/2041 2149/2514/2055 2150/2516/2056
f 2143/2511/2049 2157/2515/2063 2158/2517/2064
f 2135/2510/2041 2151/2518/2057 2136/2496/2042
f 2143/2511/2049 2159/2519/2065 2144/2495/2050
f 2137/2497/2043 2151/2518/2057 2152/2520/2058
f 2145/2498/2051 2159/2519/2065 2160/2521/2066
f 2137/2497/2043 2153/2522/2059 2138/2499/2044
f 2145/2498/2051 2161/2523/2067 2146/2500/2052
f 2138/2499/2044 2154/2524/2060 2139/2501/2045
f 2132/2503/2038 2026/2525/1932 2147/2526/2053
f 1770/2527/1676 2146/2500/2052 2161/2523/2067
f 2140/2505/2046 2154/2524/2060 2155/2528/2061
f 2152/2520/2058 2166/2529/2072 2167/2530/2073
f 2160/2521/2066 2174/2531/2080 2175/2532/2081
f 2152/2520/2058 2168/2533/2074 2153/2522/2059
f 2160/2521/2066 2176/2534/2082 2161/2523/2067
f 2153/2522/2059 2169/2535/2075 2154/2524/2060
f 2147/2526/2053 2026/2536/1932 2162/2537/2068
f 1770/2538/1676 2161/2523/2067 2176/2534/2082
f 2155/2528/2061 2169/2535/2075 2170/2539/2076
f 2147/2526/2053 2163/2540/2069 2148/2512/2054
f 2155/2528/2061 2171/2541/2077 2156/2513/2062
f 2148/2512/2054 2164/2542/2070 2149/2514/2055
f 2156/2513/2062 2172/2543/2078 2157/2515/2063
f 2150/2516/2056 2164/2542/2070 2165/2544/2071
f 2157/2515/2063 2173/2545/2079 2158/2517/2064
f 2150/2516/2056 2166/2529/2072 2151/2518/2057
f 2158/2517/2064 2174/2531/2080 2159/2519/2065
f 2170/2539/2076 2186/2546/2092 2171/2541/2077
f 2163/2540/2069 2179/2547/2085 2164/2542/2070
f 2171/2541/2077 2187/2548/2093 2172/2543/2078
f 2165/2544/2071 2179/2547/2085 2180/2549/2086
f 2172/2543/2078 2188/2550/2094 2173/2545/2079
f 2165/2544/2071 2181/2551/2087 2166/2529/2072
f 2173/2545/2079 2189/2552/2095 2174/2531/2080
f 2167/2530/2073 2181/2551/2087 2182/2553/2088
f 2175/2532/2081 2189/2552/2095 2190/2554/2096
f 2167/2530/2073 2183/2555/2089 2168/2533/2074
f 2175/2532/2081 2191/2556/2097 2176/2534/2082
f 2168/2533/2074 2184/2557/2090 2169/2535/2075
f 2162/2537/2068 2026/2558/1932 2177/2559/2083
f 1770/2560/1676 2176/2534/2082 2191/2556/2097
f 2170/2539/2076 2184/2557/2090 2185/2561/2091
f 2163/2540/2069 2177/2559/2083 2178/2562/2084
f 2190/2554/2096 2198/2009/2104 2199/2011/2105
f 2183/2555/2089 2194/2006/2100 1722/2013/1628
f 2190/2554/2096 2200/2015/2106 2191/2556/2097
f 2183/2555/2089 2195/2016/2101 2184/2557/2090
f 2177/2559/2083 2026/2563/1932 1719/2018/1625
f 1770/2564/1676 2191/2556/2097 2200/2015/2106
f 2185/2561/2091 2195/2016/2101 1723/2023/1629
f 2178/2562/2084 1719/2018/1625 2192/2024/2098
f 2185/2561/2091 2196/2027/2102 2186/2546/2092
f 2178/2562/2084 2193/2028/2099 2179/2547/2085
f 2186/2546/2092 1724/2031/1630 2187/2548/2093
f 2180/2549/2086 2193/2028/2099 1720/2032/1626
f 2187/2548/2093 2197/2035/2103 2188/2550/2094
f 2181/2551/2087 1720/2032/1626 1721/2036/1627
f 2188/2550/2094 2198/2009/2104 2189/2552/2095
f 2182/2553/2088 1721/2036/1627 2194/2006/2100
f 2194/2006/2100 1721/2036/1627 1729/2007/1635
f 2198/2009/2104 1737/2037/1643 1738/2010/1644
f 2194/2006/2100 1730/2008/1636 1731/2012/1637
f 2199/2011/2105 1738/2010/1644 1739/2014/1645
f 2195/2016/2101 1722/2013/1628 1731/2012/1637
f 2195/2016/2101 1732/2017/1638 1733/2022/1639
f 2192/2024/2098 1719/2018/1625 1725/2020/1631
f 1723/2023/1629 1733/2022/1639 1734/2026/1640
f 2193/2028/2099 2192/2024/2098 1726/2025/1632
f 2196/2027/2102 1734/2026/1640 1735/2030/1641
f 1720/2032/1626 2193/2028/2099 1727/2029/1633
f 1724/2031/1630 1735/2030/1641 1736/2034/1642
f 1720/2032/1626 1728/2033/1634 1729/2007/1635
f 2197/2035/2103 1736/2034/1642 1737/2037/1643
f 1729/2007/1635 1728/2033/1634 1743/2038/1649
f 1737/2037/1643 1736/2034/1642 1751/2040/1657
f 1729/2007/1635 1744/2039/1650 1745/2042/1651
f 1738/2010/1644 1737/2037/1643 1752/2041/1658
f 1730/2008/1636 1745/2042/1651 1746/2044/1652
f 1738/2010/1644 1753/2043/1659 1754/2045/1660
f 1732/2017/1638 1731/2012/1637 1746/2044/1652
f 1732/2017/1638 1747/2046/1653 1748/2050/1654
f 1725/2020/1631 1740/2048/1646 1741/2051/1647
f 1734/2026/1640 1733/2022/1639 1748/2050/1654
f 1726/2025/1632 1741/2051/1647 1742/2053/1648
f 1734/2026/1640 1749/2052/1655 1750/2054/1656
f 1727/2029/1633 1742/2053/1648 1743/2038/1649
f 1735/2030/1641 1750/2054/1656 1751/2040/1657
f 1747/2046/1653 1762/2068/1668 1763/2055/1669
f 1740/2048/1646 1755/2070/1661 1756/2056/1662
f 1748/2050/1654 1763/2055/1669 1764/2057/1670
f 1741/2051/1647 1756/2056/1662 1757/2058/1663
f 1749/2052/1655 1764/2057/1670 1765/2059/1671
f 1742/2053/1648 1757/2058/1663 1758/2060/1664
f 1751/2040/1657 1750/2054/1656 1765/2059/1671
f 1743/2038/1649 1758/2060/1664 1759/2062/1665
f 1752/2041/1658 1751/2040/1657 1766/2061/1672
f 1745/2042/1651 1744/2039/1650 1759/2062/1665
f 1752/2041/1658 1767/2063/1673 1768/2065/1674
f 1745/2042/1651 1760/2064/1666 1761/2066/1667
f 1754/2045/1660 1753/2043/1659 1768/2065/1674
f 1746/2044/1652 1761/2066/1667 1762/2068/1668
f 1767/2063/1673 1766/2061/1672 1782/2072/1688
f 1760/2064/1666 1759/2062/1665 1775/2074/1681
f 1767/2063/1673 1783/2073/1689 1784/2076/1690
f 1760/2064/1666 1776/2075/1682 1777/2077/1683
f 1769/2067/1675 1768/2065/1674 1784/2076/1690
f 1761/2066/1667 1777/2077/1683 1778/2079/1684
f 1762/2068/1668 1778/2079/1684 1779/2083/1685
f 1755/2070/1661 1771/2081/1677 1772/2084/1678
f 1763/2055/1669 1779/2083/1685 1780/2085/1686
f 1757/2058/1663 1756/2056/1662 1772/2084/1678
f 1764/2057/1670 1780/2085/1686 1781/2087/1687
f 1757/2058/1663 1773/2086/1679 1774/2088/1680
f 1765/2059/1671 1781/2087/1687 1782/2072/1688
f 1758/2060/1664 1774/2088/1680 1775/2074/1681
f 1771/2081/1677 1786/2103/1692 1787/2089/1693
f 1779/2083/1685 1794/2105/1700 1795/2090/1701
f 1772/2084/1678 1787/2089/1693 1788/2091/1694
f 1780/2085/1686 1795/2090/1701 1796/2092/1702
f 1773/2086/1679 1788/2091/1694 1789/2093/1695
f 1781/2087/1687 1796/2092/1702 1797/2094/1703
f 1775/2074/1681 1774/2088/1680 1789/2093/1695
f 1783/2073/1689 1782/2072/1688 1797/2094/1703
f 1776/2075/1682 1775/2074/1681 1790/2095/1696
f 1783/2073/1689 1798/2096/1704 1799/2098/1705
f 1776/2075/1682 1791/2097/1697 1792/2099/1698
f 1785/2078/1691 1784/2076/1690 1799/2098/1705
f 1778/2079/1684 1777/2077/1683 1792/2099/1698
f 1778/2079/1684 1793/2101/1699 1794/2105/1700
f 1791/2097/1697 1790/2095/1696 1805/2106/1711
f 1799/2098/1705 1798/2096/1704 1813/2108/1719
f 1791/2097/1697 1806/2107/1712 1807/2110/1713
f 1800/2100/1706 1799/2098/1705 1814/2109/1720
f 1792/2099/1698 1807/2110/1713 1808/2112/1714
f 1793/2101/1699 1808/2112/1714 1809/2116/1715
f 1787/2089/1693 1786/2103/1692 1801/2114/1707
f 1795/2090/1701 1794/2105/1700 1809/2116/1715
f 1787/2089/1693 1802/2117/1708 1803/2119/1709
f 1795/2090/1701 1810/2118/1716 1811/2120/1717
f 1788/2091/1694 1803/2119/1709 1804/2121/1710
f 1796/2092/1702 1811/2120/1717 1812/2122/1718
f 1790/2095/1696 1789/2093/1695 1804/2121/1710
f 1798/2096/1704 1797/2094/1703 1812/2122/1718
f 1809/2116/1715 1824/2138/1730 1825/2123/1731
f 1802/2117/1708 1817/2139/1723 1818/2124/1724
f 1810/2118/1716 1825/2123/1731 1826/2125/1732
f 1803/2119/1709 1818/2124/1724 1819/2126/1725
f 1811/2120/1717 1826/2125/1732 1827/2127/1733
f 1804/2121/1710 1819/2126/1725 1820/2128/1726
f 1812/2122/1718 1827/2127/1733 1828/2129/1734
f 1806/2107/1712 1805/2106/1711 1820/2128/1726
f 1813/2108/1719 1828/2129/1734 1829/2131/1735
f 1806/2107/1712 1821/2130/1727 1822/2132/1728
f 1814/2109/1720 1829/2131/1735 1830/2133/1736
f 1807/2110/1713 1822/2132/1728 1823/2134/1729
f 1809/2116/1715 1808/2112/1714 1823/2134/1729
f 1801/2114/1707 1816/2136/1722 1817/2139/1723
f 1829/2131/1735 1828/2129/1734 1843/2140/1749
f 1822/2132/1728 1821/2130/1727 1836/2142/1742
f 1829/2131/1735 1844/2141/1750 1845/2144/1751
f 1823/2134/1729 1822/2132/1728 1837/2143/1743
f 1823/2134/1729 1838/2145/1744 1839/2149/1745
f 1817/2139/1723 1816/2136/1722 1831/2147/1737
f 1824/2138/1730 1839/2149/1745 1840/2151/1746
f 1817/2139/1723 1832/2150/1738 1833/2152/1739
f 1825/2123/1731 1840/2151/1746 1841/2153/1747
f 1818/2124/1724 1833/2152/1739 1834/2154/1740
f 1826/2125/1732 1841/2153/1747 1842/2155/1748
f 1819/2126/1725 1834/2154/1740 1835/2156/1741
f 1828/2129/1734 1827/2127/1733 1842/2155/1748
f 1820/2128/1726 1835/2156/1741 1836/2142/1742
f 1840/2151/1746 1855/2172/1761 1856/2157/1762
f 1833/2152/1739 1848/2173/1754 1849/2158/1755
f 1842/2155/1748 1841/2153/1747 1856/2157/1762
f 1834/2154/1740 1849/2158/1755 1850/2160/1756
f 1842/2155/1748 1857/2159/1763 1858/2161/1764
f 1836/2142/1742 1835/2156/1741 1850/2160/1756
f 1844/2141/1750 1843/2140/1749 1858/2161/1764
f 1837/2143/1743 1836/2142/1742 1851/2162/1757
f 1845/2144/1751 1844/2141/1750 1859/2163/1765
f 1837/2143/1743 1852/2164/1758 1853/2166/1759
f 1838/2145/1744 1853/2166/1759 1854/2170/1760
f 1831/2147/1737 1846/2168/1752 1847/2171/1753
f 1839/2149/1745 1854/2170/1760 1855/2172/1761
f 1832/2150/1738 1847/2171/1753 1848/2173/1754
f 1860/2165/1766 1859/2163/1765 1874/2174/1780
f 1853/2166/1759 1852/2164/1758 1867/2176/1773
f 1853/2166/1759 1868/2177/1774 1869/2181/1775
f 1846/2168/1752 1861/2179/1767 1862/2182/1768
f 1854/2170/1760 1869/2181/1775 1870/2183/1776
f 1847/2171/1753 1862/2182/1768 1863/2184/1769
f 1855/2172/1761 1870/2183/1776 1871/2185/1777
f 1848/2173/1754 1863/2184/1769 1864/2186/1770
f 1856/2157/1762 1871/2185/1777 1872/2187/1778
f 1849/2158/1755 1864/2186/1770 1865/2188/1771
f 1858/2161/1764 1857/2159/1763 1872/2187/1778
f 1850/2160/1756 1865/2188/1771 1866/2190/1772
f 1858/2161/1764 1873/2189/1779 1874/2174/1780
f 1851/2162/1757 1866/2190/1772 1867/2176/1773
f 1863/2184/1769 1878/2207/1784 1879/2191/1785
f 1872/2187/1778 1871/2185/1777 1886/2192/1792
f 1864/2186/1770 1879/2191/1785 1880/2194/1786
f 1872/2187/1778 1887/2193/1793 1888/2195/1794
f 1866/2190/1772 1865/2188/1771 1880/2194/1786
f 1873/2189/1779 1888/2195/1794 1889/2197/1795
f 1866/2190/1772 1881/2196/1787 1882/2198/1788
f 1874/2174/1780 1889/2197/1795 1890/2199/1796
f 1867/2176/1773 1882/2198/1788 1883/2200/1789
f 1869/2181/1775 1868/2177/1774 1883/2200/1789
f 1861/2179/1767 1876/2202/1782 1877/2205/1783
f 1869/2181/1775 1884/2204/1790 1885/2206/1791
f 1862/2182/1768 1877/2205/1783 1878/2207/1784
f 1870/2183/1776 1885/2206/1791 1886/2192/1792
f 1882/2198/1788 1897/2224/1803 1898/2208/1804
f 1884/2204/1790 1883/2200/1789 1898/2208/1804
f 1876/2202/1782 1891/2210/1797 1892/2214/1798
f 1884/2204/1790 1899/2213/1805 1900/2215/1806
f 1877/2205/1783 1892/2214/1798 1893/2216/1799
f 1885/2206/1791 1900/2215/1806 1901/2217/1807
f 1878/2207/1784 1893/2216/1799 1894/2218/1800
f 1887/2193/1793 1886/2192/1792 1901/2217/1807
f 1879/2191/1785 1894/2218/1800 1895/2220/1801
f 1888/2195/1794 1887/2193/1793 1902/2219/1808
f 1881/2196/1787 1880/2194/1786 1895/2220/1801
f 1889/2197/1795 1888/2195/1794 1903/2221/1809
f 1881/2196/1787 1896/2222/1802 1897/2224/1803
f 1889/2197/1795 1904/2223/1810 1905/2212/1811
f 1902/2219/1808 1901/2217/1807 1916/2225/1822
f 1894/2218/1800 1909/2241/1815 1910/2227/1816
f 1903/2221/1809 1902/2219/1808 1917/2226/1823
f 1896/2222/1802 1895/2220/1801 1910/2227/1816
f 1904/2223/1810 1903/2221/1809 1918/2228/1824
f 1896/2222/1802 1911/2229/1817 1912/2231/1818
f 1904/2223/1810 1919/2230/1825 1920/2232/1826
f 1897/2224/1803 1912/2231/1818 1913/2233/1819
f 1898/2208/1804 1913/2233/1819 1914/2237/1820
f 1891/2210/1797 1906/2235/1812 1907/2238/1813
f 1900/2215/1806 1899/2213/1805 1914/2237/1820
f 1892/2214/1798 1907/2238/1813 1908/2240/1814
f 1900/2215/1806 1915/2239/1821 1916/2225/1822
f 1893/2216/1799 1908/2240/1814 1909/2241/1815
f 1914/2237/1820 1913/2233/1819 1928/2246/1834
f 1906/2235/1812 1921/2243/1827 1922/2248/1828
f 1915/2239/1821 1914/2237/1820 1929/2247/1835
f 1907/2238/1813 1922/2248/1828 1923/2250/1829
f 1915/2239/1821 1930/2249/1836 1931/2251/1837
f 1908/2240/1814 1923/2250/1829 1924/2252/1830
f 1916/2225/1822 1931/2251/1837 1932/2253/1838
f 1909/2241/1815 1924/2252/1830 1925/2254/1831
f 1917/2226/1823 1932/2253/1838 1933/2255/1839
f 1911/2229/1817 1910/2227/1816 1925/2254/1831
f 1919/2230/1825 1918/2228/1824 1933/2255/1839
f 1911/2229/1817 1926/2256/1832 1927/2258/1833
f 1920/2232/1826 1919/2230/1825 1934/2257/1840
f 1912/2231/1818 1927/2258/1833 1928/2246/1834
f 1924/2252/1830 1939/2275/1845 1940/2259/1846
f 1933/2255/1839 1932/2253/1838 1947/2260/1853
f 1926/2256/1832 1925/2254/1831 1940/2259/1846
f 1934/2257/1840 1933/2255/1839 1948/2261/1854
f 1926/2256/1832 1941/2262/1847 1942/2264/1848
f 1934/2257/1840 1949/2263/1855 1950/2265/1856
f 1927/2258/1833 1942/2264/1848 1943/2266/1849
f 1929/2247/1835 1928/2246/1834 1943/2266/1849
f 1921/2243/1827 1936/2268/1842 1937/2271/1843
f 1930/2249/1836 1929/2247/1835 1944/2270/1850
f 1922/2248/1828 1937/2271/1843 1938/2273/1844
f 1930/2249/1836 1945/2272/1851 1946/2274/1852
f 1923/2250/1829 1938/2273/1844 1939/2275/1845
f 1932/2253/1838 1931/2251/1837 1946/2274/1852
f 1944/2270/1850 1943/2266/1849 1958/2276/1864
f 1937/2271/1843 1936/2268/1842 1951/2278/1857
f 1945/2272/1851 1944/2270/1850 1959/2277/1865
f 1937/2271/1843 1952/2279/1858 1953/2281/1859
f 1945/2272/1851 1960/2280/1866 1961/2282/1867
f 1938/2273/1844 1953/2281/1859 1954/2283/1860
f 1947/2260/1853 1946/2274/1852 1961/2282/1867
f 1939/2275/1845 1954/2283/1860 1955/2285/1861
f 1947/2260/1853 1962/2284/1868 1963/2286/1869
f 1941/2262/1847 1940/2259/1846 1955/2285/1861
f 1949/2263/1855 1948/2261/1854 1963/2286/1869
f 1941/2262/1847 1956/2287/1862 1957/2289/1863
f 1949/2263/1855 1964/2288/1870 1965/2290/1871
f 1942/2264/1848 1957/2289/1863 1958/2276/1864
f 1963/2286/1869 1962/2284/1868 1977/2293/1883
f 1956/2287/1862 1955/2285/1861 1970/2295/1876
f 1963/2286/1869 1978/2294/1884 1979/2297/1885
f 1956/2287/1862 1971/2296/1877 1972/2298/1878
f 1965/2290/1871 1964/2288/1870 1979/2297/1885
f 1957/2289/1863 1972/2298/1878 1973/2300/1879
f 1959/2277/1865 1958/2276/1864 1973/2300/1879
f 1951/2278/1857 1966/2302/1872 1967/2305/1873
f 1960/2280/1866 1959/2277/1865 1974/2304/1880
f 1952/2279/1858 1967/2305/1873 1968/2307/1874
f 1960/2280/1866 1975/2306/1881 1976/2308/1882
f 1953/2281/1859 1968/2307/1874 1969/2309/1875
f 1962/2284/1868 1961/2282/1867 1976/2308/1882
f 1954/2283/1860 1969/2309/1875 1970/2295/1876
f 1975/2306/1881 1974/2304/1880 1989/2310/1895
f 1967/2305/1873 1982/2326/1888 1983/2312/1889
f 1975/2306/1881 1990/2311/1896 1991/2313/1897
f 1968/2307/1874 1983/2312/1889 1984/2314/1890
f 1976/2308/1882 1991/2313/1897 1992/2315/1898
f 1969/2309/1875 1984/2314/1890 1985/2316/1891
f 1978/2294/1884 1977/2293/1883 1992/2315/1898
f 1971/2296/1877 1970/2295/1876 1985/2316/1891
f 1979/2297/1885 1978/2294/1884 1993/2317/1899
f 1971/2296/1877 1986/2318/1892 1987/2320/1893
f 1979/2297/1885 1994/2319/1900 1995/2321/1901
f 1972/2298/1878 1987/2320/1893 1988/2322/1894
f 1974/2304/1880 1973/2300/1879 1988/2322/1894
f 1966/2302/1872 1981/2324/1887 1982/2326/1888
f 1993/2317/1899 2008/2342/1914 2009/2327/1915
f 1986/2318/1892 2001/2343/1907 2002/2328/1908
f 1994/2319/1900 2009/2327/1915 2010/2329/1916
f 1987/2320/1893 2002/2328/1908 2003/2330/1909
f 1989/2310/1895 1988/2322/1894 2003/2330/1909
f 1981/2324/1887 1996/2332/1902 1997/2335/1903
f 1990/2311/1896 1989/2310/1895 2004/2334/1910
f 1982/2326/1888 1997/2335/1903 1998/2337/1904
f 1990/2311/1896 2005/2336/1911 2006/2338/1912
f 1983/2312/1889 1998/2337/1904 1999/2339/1905
f 1991/2313/1897 2006/2338/1912 2007/2340/1913
f 1984/2314/1890 1999/2339/1905 2000/2341/1906
f 1992/2315/1898 2007/2340/1913 2008/2342/1914
f 1986/2318/1892 1985/2316/1891 2000/2341/1906
f 1997/2335/1903 2012/2359/1918 2013/2344/1919
f 2005/2336/1911 2020/2360/1926 2021/2345/1927
f 1998/2337/1904 2013/2344/1919 2014/2346/1920
f 2006/2338/1912 2021/2345/1927 2022/2347/1928
f 1999/2339/1905 2014/2346/1920 2015/2348/1921
f 2007/2340/1913 2022/2347/1928 2023/2349/1929
f 2001/2343/1907 2000/2341/1906 2015/2348/1921
f 2009/2327/1915 2008/2342/1914 2023/2349/1929
f 2001/2343/1907 2016/2350/1922 2017/2352/1923
f 2009/2327/1915 2024/2351/1930 2025/2353/1931
f 2002/2328/1908 2017/2352/1923 2018/2354/1924
f 2004/2334/1910 2003/2330/1909 2018/2354/1924
f 1996/2332/1902 2011/2356/1917 2012/2359/1918
f 2005/2336/1911 2004/2334/1910 2019/2358/1925
f 2016/2350/1922 2032/2377/1938 2033/2361/1939
f 2025/2353/1931 2024/2351/1930 2040/2362/1946
f 2017/2352/1923 2033/2361/1939 2034/2364/1940
f 2019/2358/1925 2018/2354/1924 2034/2364/1940
f 2011/2356/1917 2027/2366/1933 2028/2369/1934
f 2020/2360/1926 2019/2358/1925 2035/2368/1941
f 2012/2359/1918 2028/2369/1934 2029/2371/1935
f 2020/2360/1926 2036/2370/1942 2037/2372/1943
f 2014/2346/1920 2013/2344/1919 2029/2371/1935
f 2022/2347/1928 2021/2345/1927 2037/2372/1943
f 2014/2346/1920 2030/2373/1936 2031/2375/1937
f 2022/2347/1928 2038/2374/1944 2039/2376/1945
f 2016/2350/1922 2015/2348/1921 2031/2375/1937
f 2024/2351/1930 2023/2349/1929 2039/2376/1945
f 2036/2370/1942 2051/2393/1957 2052/2378/1958
f 2029/2371/1935 2044/2394/1950 2045/2379/1951
f 2038/2374/1944 2037/2372/1943 2052/2378/1958
f 2031/2375/1937 2030/2373/1936 2045/2379/1951
f 2038/2374/1944 2053/2380/1959 2054/2382/1960
f 2032/2377/1938 2031/2375/1937 2046/2381/1952
f 2039/2376/1945 2054/2382/1960 2055/2384/1961
f 2032/2377/1938 2047/2383/1953 2048/2385/1954
f 2040/2362/1946 2055/2384/1961 2056/2386/1962
f 2033/2361/1939 2048/2385/1954 2049/2387/1955
f 2035/2368/1941 2034/2364/1940 2049/2387/1955
f 2027/2366/1933 2042/2389/1948 2043/2392/1949
f 2035/2368/1941 2050/2391/1956 2051/2393/1957
f 2028/2369/1934 2043/2392/1949 2044/2394/1950
f 2055/2384/1961 2070/2410/1976 2071/2395/1977
f 2048/2385/1954 2063/2411/1969 2064/2396/1970
f 2050/2391/1956 2049/2387/1955 2064/2396/1970
f 2042/2389/1948 2057/2398/1963 2058/2401/1964
f 2051/2393/1957 2050/2391/1956 2065/2400/1971
f 2043/2392/1949 2058/2401/1964 2059/2403/1965
f 2051/2393/1957 2066/2402/1972 2067/2404/1973
f 2044/2394/1950 2059/2403/1965 2060/2405/1966
f 2052/2378/1958 2067/2404/1973 2068/2406/1974
f 2045/2379/1951 2060/2405/1966 2061/2407/1967
f 2054/2382/1960 2053/2380/1959 2068/2406/1974
f 2047/2383/1953 2046/2381/1952 2061/2407/1967
f 2055/2384/1961 2054/2382/1960 2069/2408/1975
f 2047/2383/1953 2062/2409/1968 2063/2411/1969
f 2059/2403/1965 2074/2427/1980 2075/2412/1981
f 2067/2404/1973 2082/2428/1988 2083/2413/1989
f 2060/2405/1966 2075/2412/1981 2076/2414/1982
f 2068/2406/1974 2083/2413/1989 2084/2415/1990
f 2062/2409/1968 2061/2407/1967 2076/2414/1982
f 2070/2410/1976 2069/2408/1975 2084/2415/1990
f 2062/2409/1968 2077/2416/1983 2078/2418/1984
f 2070/2410/1976 2085/2417/1991 2086/2419/1992
f 2063/2411/1969 2078/2418/1984 2079/2420/1985
f 2065/2400/1971 2064/2396/1970 2079/2420/1985
f 2058/2401/1964 2057/2398/1963 2072/2422/1978
f 2065/2400/1971 2080/2424/1986 2081/2426/1987
f 2058/2401/1964 2073/2425/1979 2074/2427/1980
f 2066/2402/1972 2081/2426/1987 2082/2428/1988
f 2078/2429/1984 2093/2460/1999 2094/2430/2000
f 2080/2438/1986 2079/2431/1985 2094/2430/2000
f 2072/2432/1978 2087/2434/1993 2088/2440/1994
f 2080/2438/1986 2095/2439/2001 2096/2442/2002
f 2073/2441/1979 2088/2440/1994 2089/2444/1995
f 2081/2443/1987 2096/2442/2002 2097/2446/2003
f 2074/2445/1980 2089/2444/1995 2090/2448/1996
f 2083/2450/1989 2082/2447/1988 2097/2446/2003
f 2075/2449/1981 2090/2448/1996 2091/2452/1997
f 2083/2450/1989 2098/2451/2004 2099/2454/2005
f 2077/2456/1983 2076/2453/1982 2091/2452/1997
f 2085/2458/1991 2084/2455/1990 2099/2454/2005
f 2077/2456/1983 2092/2457/1998 2093/2460/1999
f 2085/2458/1991 2100/2459/2006 2101/2437/2007
f 2097/2446/2003 2112/2476/2018 2113/2461/2019
f 2090/2448/1996 2105/2477/2011 2106/2462/2012
f 2098/2451/2004 2113/2461/2019 2114/2463/2020
f 2092/2457/1998 2091/2452/1997 2106/2462/2012
f 2100/2459/2006 2099/2454/2005 2114/2463/2020
f 2092/2457/1998 2107/2464/2013 2108/2466/2014
f 2100/2459/2006 2115/2465/2021 2116/2467/2022
f 2093/2460/1999 2108/2466/2014 2109/2468/2015
f 2095/2439/2001 2094/2430/2000 2109/2468/2015
f 2087/2434/1993 2102/2470/2008 2103/2473/2009
f 2095/2439/2001 2110/2472/2016 2111/2474/2017
f 2088/2440/1994 2103/2473/2009 2104/2475/2010
f 2096/2442/2002 2111/2474/2017 2112/2476/2018
f 2090/2448/1996 2089/2444/1995 2104/2475/2010
f 2110/2472/2016 2109/2468/2015 2124/2480/2030
f 2102/2470/2008 2117/2494/2023 2118/2482/2024
f 2110/2472/2016 2125/2481/2031 2126/2483/2032
f 2103/2473/2009 2118/2482/2024 2119/2484/2025
f 2111/2474/2017 2126/2483/2032 2127/2485/2033
f 2104/2475/2010 2119/2484/2025 2120/2486/2026
f 2113/2461/2019 2112/2476/2018 2127/2485/2033
f 2105/2477/2011 2120/2486/2026 2121/2488/2027
f 2113/2461/2019 2128/2487/2034 2129/2489/2035
f 2107/2464/2013 2106/2462/2012 2121/2488/2027
f 2114/2463/2020 2129/2489/2035 2130/2491/2036
f 2107/2464/2013 2122/2490/2028 2123/2492/2029
f 2115/2465/2021 2130/2491/2036 2131/2479/2037
f 2108/2466/2014 2123/2492/2029 2124/2480/2030
f 2128/2487/2034 2143/2511/2049 2144/2495/2050
f 2122/2490/2028 2121/2488/2027 2136/2496/2042
f 2130/2491/2036 2129/2489/2035 2144/2495/2050
f 2122/2490/2028 2137/2497/2043 2138/2499/2044
f 2130/2491/2036 2145/2498/2051 2146/2500/2052
f 2123/2492/2029 2138/2499/2044 2139/2501/2045
f 2125/2481/2031 2124/2480/2030 2139/2501/2045
f 2117/2494/2023 2132/2503/2038 2133/2506/2039
f 2126/2483/2032 2125/2481/2031 2140/2505/2046
f 2118/2482/2024 2133/2506/2039 2134/2508/2040
f 2126/2483/2032 2141/2507/2047 2142/2509/2048
f 2119/2484/2025 2134/2508/2040 2135/2510/2041
f 2127/2485/2033 2142/2509/2048 2143/2511/2049
f 2120/2486/2026 2135/2510/2041 2136/2496/2042
f 2132/2503/2038 2147/2526/2053 2148/2512/2054
f 2140/2505/2046 2155/2528/2061 2156/2513/2062
f 2133/2506/2039 2148/2512/2054 2149/2514/2055
f 2141/2507/2047 2156/2513/2062 2157/2515/2063
f 2135/2510/2041 2134/2508/2040 2149/2514/2055
f 2143/2511/2049 2142/2509/2048 2157/2515/2063
f 2135/2510/2041 2150/2516/2056 2151/2518/2057
f 2143/2511/2049 2158/2517/2064 2159/2519/2065
f 2137/2497/2043 2136/2496/2042 2151/2518/2057
f 2145/2498/2051 2144/2495/2050 2159/2519/2065
f 2137/2497/2043 2152/2520/2058 2153/2522/2059
f 2145/2498/2051 2160/2521/2066 2161/2523/2067
f 2138/2499/2044 2153/2522/2059 2154/2524/2060
f 2140/2505/2046 2139/2501/2045 2154/2524/2060
f 2152/2520/2058 2151/2518/2057 2166/2529/2072
f 2160/2521/2066 2159/2519/2065 2174/2531/2080
f 2152/2520/2058 2167/2530/2073 2168/2533/2074
f 2160/2521/2066 2175/2532/2081 2176/2534/2082
f 2153/2522/2059 2168/2533/2074 2169/2535/2075
f 2155/2528/2061 2154/2524/2060 2169/2535/2075
f 2147/2526/2053 2162/2537/2068 2163/2540/2069
f 2155/2528/2061 2170/2539/2076 2171/2541/2077
f 2148/2512/2054 2163/2540/2069 2164/2542/2070
f 2156/2513/2062 2171/2541/2077 2172/2543/2078
f 2150/2516/2056 2149/2514/2055 2164/2542/2070
f 2157/2515/2063 2172/2543/2078 2173/2545/2079
f 2150/2516/2056 2165/2544/2071 2166/2529/2072
f 2158/2517/2064 2173/2545/2079 2174/2531/2080
f 2170/2539/2076 2185/2561/2091 2186/2546/2092
f 2163/2540/2069 2178/2562/2084 2179/2547/2085
f 2171/2541/2077 2186/2546/2092 2187/2548/2093
f 2165/2544/2071 2164/2542/2070 2179/2547/2085
f 2172/2543/2078 2187/2548/2093 2188/2550/2094
f 2165/2544/2071 2180/2549/2086 2181/2551/2087
f 2173/2545/2079 2188/2550/2094 2189/2552/2095
f 2167/2530/2073 2166/2529/2072 2181/2551/2087
f 2175/2532/2081 2174/2531/2080 2189/2552/2095
f 2167/2530/2073 2182/2553/2088 2183/2555/2089
f 2175/2532/2081 2190/2554/2096 2191/2556/2097
f 2168/2533/2074 2183/2555/2089 2184/2557/2090
f 2170/2539/2076 2169/2535/2075 2184/2557/2090
f 2163/2540/2069 2162/2537/2068 2177/2559/2083
f 2190/2554/2096 2189/2552/2095 2198/2009/2104
f 2183/2555/2089 2182/2553/2088 2194/2006/2100
f 2190/2554/2096 2199/2011/2105 2200/2015/2106
f 2183/2555/2089 1722/2013/1628 2195/2016/2101
f 2185/2561/2091 2184/2557/2090 2195/2016/2101
f 2178/2562/2084 2177/2559/2083 1719/2018/1625
f 2185/2561/2091 1723/2023/1629 2196/2027/2102
f 2178/2562/2084 2192/2024/2098 2193/2028/2099
f 2186/2546/2092 2196/2027/2102 1724/2031/1630
f 2180/2549/2086 2179/2547/2085 2193/2028/2099
f 2187/2548/2093 1724/2031/1630 2197/2035/2103
f 2181/2551/2087 2180/2549/2086 1720/2032/1626
f 2188/2550/2094 2197/2035/2103 2198/2009/2104
f 2182/2553/2088 2181/2551/2087 1721/2036/1627
o Cube.001
v 0.144000 0.511500 3.399500
v 0.144000 0.511500 3.480500
v 0.144000 0.448500 3.399500
v 0.144000 0.448500 3.480500
v -0.144000 0.511500 3.399500
v -0.144000 0.511500 3.480500
v -0.144000 0.448500 3.399500
v -0.144000 0.448500 3.480500
vn 1.0000 -0.0000 -0.0000
vn -0.0000 -1.0000 -0.0000
vn -1.0000 -0.0000 -0.0000
vn -0.0000 1.0000 -0.0000
vn -0.0000 -0.0000 -1.0000
vn -0.0000 -0.0000 1.0000
vt 0.625000 0.000000
vt 0.375000 0.250000
vt 0.375000 0.000000
vt 0.625000 0.250000
vt 0.375000 0.500000
vt 0.625000 0.500000
vt 0.375000 0.750000
vt 0.625000 0.750000
vt 0.375000 1.000000
vt 0.125000 0.750000
vt 0.125000 0.500000
vt 0.875000 0.500000
vt 0.625000 1.000000
vt 0.875000 0.750000
s 0
g Cube.001_M_Pat.003
usemtl M_Pat.003
f 2202/2565/2107 2203/2566/2107 2201/2567/2107
f 2204/2568/2108 2207/2569/2108 2203/2566/2108
f 2208/2570/2109 2205/2571/2109 2207/2569/2109
f 2206/2572/2110 2201/2573/2110 2205/2571/2110
f 2207/2569/2111 2201/2574/2111 2203/2575/2111
f 2204/2576/2112 2206/2572/2112 2208/2570/2112
f 2202/2565/2107 2204/2568/2107 2203/2566/2107
f 2204/2568/2108 2208/2570/2108 2207/2569/2108
f 2208/2570/2109 2206/2572/2109 2205/2571/2109
f 2206/2572/2110 2202/2577/2110 2201/2573/2110
f 2207/2569/2111 2205/2571/2111 2201/2574/2111
f 2204/2576/2112 2202/2578/2112 2206/2572/2112
o Cylinder.003
v 0.000000 -0.550000 3.960000
v 0.000000 -0.550000 4.360000
v -0.275000 -0.476314 3.960000
v -0.275000 -0.476314 4.360000
v -0.476314 -0.275000 3.960000
v -0.476314 -0.275000 4.360000
v -0.550000 0.000000 3.960000
v -0.550000 0.000000 4.360000
v -0.476314 0.275000 3.960000
v -0.476314 0.275000 4.360000
v -0.275000 0.476314 3.960000
v -0.275000 0.476314 4.360000
v 0.000000 0.550000 3.960000
v 0.000000 0.550000 4.360000
v 0.275000 0.476314 3.960000
v 0.275000 0.476314 4.360000
v 0.476314 0.275000 3.960000
v 0.476314 0.275000 4.360000
v 0.550000 0.000000 3.960000
v 0.550000 0.000000 4.360000
v 0.476314 -0.275000 3.960000
v 0.476314 -0.275000 4.360000
v 0.275000 -0.476314 3.960000
v 0.275000 -0.476314 4.360000
vn -0.0000 -0.7572 -0.6532
vn -0.0000 -0.7572 0.6532
vn -0.3786 -0.6557 -0.6532
vn -0.3786 -0.6557 0.6532
vn -0.6557 -0.3786 -0.6532
vn -0.6557 -0.3786 0.6532
vn -0.7572 -0.0000 -0.6532
vn -0.7572 -0.0000 0.6532
vn -0.6557 0.3786 -0.6532
vn -0.6557 0.3786 0.6532
vn -0.3786 0.6557 -0.6532
vn -0.3786 0.6557 0.6532
vn -0.0000 0.7572 -0.6532
vn -0.0000 0.7572 0.6532
vn 0.3786 0.6557 -0.6532
vn 0.3786 0.6557 0.6532
vn 0.6557 0.3786 -0.6532
vn 0.6557 0.3786 0.6532
vn 0.7572 -0.0000 -0.6532
vn 0.7572 -0.0000 0.6532
vn 0.6557 -0.3786 -0.6532
vn 0.6557 -0.3786 0.6532
vn 0.3786 -0.6557 -0.6532
vn 0.3786 -0.6557 0.6532
vt 1.000000 1.000000
vt 0.916667 0.500000
vt 1.000000 0.500000
vt 0.916667 1.000000
vt 0.833333 0.500000
vt 0.833333 1.000000
vt 0.750000 0.500000
vt 0.750000 1.000000
vt 0.666667 0.500000
vt 0.666667 1.000000
vt 0.583333 0.500000
vt 0.583333 1.000000
vt 0.500000 0.500000
vt 0.500000 1.000000
vt 0.416667 0.500000
vt 0.416667 1.000000
vt 0.333333 0.500000
vt 0.333333 1.000000
vt 0.250000 0.500000
vt 0.250000 1.000000
vt 0.166667 0.500000
vt 0.042154 0.370000
vt 0.250000 0.010000
vt 0.457846 0.370000
vt 0.166667 1.000000
vt 0.083333 0.500000
vt 0.083333 1.000000
vt 0.000000 0.500000
vt 0.990000 0.250000
vt 0.630000 0.042154
vt 0.630000 0.457846
vt 0.370000 0.457846
vt 0.250000 0.490000
vt 0.130000 0.457846
vt 0.010000 0.250000
vt 0.042154 0.130000
vt 0.130000 0.042154
vt 0.370000 0.042154
vt 0.457846 0.130000
vt 0.490000 0.250000
vt 0.000000 1.000000
vt 0.750000 0.490000
vt 0.870000 0.457846
vt 0.957846 0.370000
vt 0.957846 0.130000
vt 0.870000 0.042154
vt 0.750000 0.010000
vt 0.542154 0.130000
vt 0.510000 0.250000
vt 0.542154 0.370000
s 1
g Cylinder.003_M_Pat.004
usemtl M_Pat.004
f 2210/2579/2114 2211/2580/2115 2209/2581/2113
f 2212/2582/2116 2213/2583/2117 2211/2580/2115
f 2214/2584/2118 2215/2585/2119 2213/2583/2117
f 2216/2586/2120 2217/2587/2121 2215/2585/2119
f 2218/2588/2122 2219/2589/2123 2217/2587/2121
f 2220/2590/2124 2221/2591/2125 2219/2589/2123
f 2222/2592/2126 2223/2593/2127 2221/2591/2125
f 2224/2594/2128 2225/2595/2129 2223/2593/2127
f 2226/2596/2130 2227/2597/2131 2225/2595/2129
f 2228/2598/2132 2229/2599/2133 2227/2597/2131
f 2230/2600/2134 2222/2601/2126 2214/2602/2118
f 2230/2603/2134 2231/2604/2135 2229/2599/2133
f 2232/2605/2136 2209/2606/2113 2231/2604/2135
f 2215/2607/2119 2223/2608/2127 2231/2609/2135
f 2210/2579/2114 2212/2582/2116 2211/2580/2115
f 2212/2582/2116 2214/2584/2118 2213/2583/2117
f 2214/2584/2118 2216/2586/2120 2215/2585/2119
f 2216/2586/2120 2218/2588/2122 2217/2587/2121
f 2218/2588/2122 2220/2590/2124 2219/2589/2123
f 2220/2590/2124 2222/2592/2126 2221/2591/2125
f 2222/2592/2126 2224/2594/2128 2223/2593/2127
f 2224/2594/2128 2226/2596/2130 2225/2595/2129
f 2226/2596/2130 2228/2598/2132 2227/2597/2131
f 2228/2598/2132 2230/2603/2134 2229/2599/2133
f 2214/2602/2118 2212/2610/2116 2210/2611/2114
f 2210/2611/2114 2232/2612/2136 2230/2600/2134
f 2230/2600/2134 2228/2613/2132 2226/2614/2130
f 2226/2614/2130 2224/2615/2128 2222/2601/2126
f 2222/2601/2126 2220/2616/2124 2218/2617/2122
f 2218/2617/2122 2216/2618/2120 2214/2602/2118
f 2214/2602/2118 2210/2611/2114 2230/2600/2134
f 2230/2600/2134 2226/2614/2130 2222/2601/2126
f 2222/2601/2126 2218/2617/2122 2214/2602/2118
f 2230/2603/2134 2232/2605/2136 2231/2604/2135
f 2232/2605/2136 2210/2619/2114 2209/2606/2113
f 2231/2609/2135 2209/2620/2113 2211/2621/2115
f 2211/2621/2115 2213/2622/2117 2215/2607/2119
f 2215/2607/2119 2217/2623/2121 2219/2624/2123
f 2219/2624/2123 2221/2625/2125 2223/2608/2127
f 2223/2608/2127 2225/2626/2129 2227/2627/2131
f 2227/2627/2131 2229/2628/2133 2231/2609/2135
f 2231/2609/2135 2211/2621/2115 2215/2607/2119
f 2215/2607/2119 2219/2624/2123 2223/2608/2127
f 2223/2608/2127 2227/2627/2131 2231/2609/2135
o Cone
v 0.363663 -0.105954 4.240000
v 0.305243 -0.035085 4.240000
v 0.314046 0.056337 4.240000
v 0.384915 0.114757 4.240000
v 0.476337 0.105954 4.240000
v 0.534757 0.035085 4.240000
v 0.525954 -0.056337 4.240000
v 0.455085 -0.114757 4.240000
v 0.420000 0.000000 4.760000
vn -0.3941 -0.7412 -0.5435
vn -0.8028 -0.2454 -0.5434
vn -0.7412 0.3941 -0.5435
vn -0.2454 0.8028 -0.5435
vn 0.3941 0.7412 -0.5435
vn 0.8028 0.2454 -0.5434
vn 0.7412 -0.3941 -0.5435
vn 0.2454 -0.8028 -0.5435
vn -0.0000 -0.0000 1.0000
vt 0.250000 0.490000
vt 0.250000 0.250000
vt 0.419706 0.419706
vt 0.490000 0.250000
vt 0.419706 0.080294
vt 0.250000 0.010000
vt 0.080294 0.080294
vt 0.010000 0.250000
vt 0.919706 0.080294
vt 0.580294 0.080294
vt 0.580294 0.419706
vt 0.080294 0.419706
vt 0.750000 0.490000
vt 0.919706 0.419706
vt 0.990000 0.250000
vt 0.750000 0.010000
vt 0.510000 0.250000
s 1
g Cone_M_Pat.005
usemtl M_Pat.005
f 2233/2629/2137 2241/2630/2145 2234/2631/2138
f 2234/2631/2138 2241/2630/2145 2235/2632/2139
f 2235/2632/2139 2241/2630/2145 2236/2633/2140
f 2236/2633/2140 2241/2630/2145 2237/2634/2141
f 2237/2634/2141 2241/2630/2145 2238/2635/2142
f 2238/2635/2142 2241/2630/2145 2239/2636/2143
f 2236/2637/2140 2238/2638/2142 2240/2639/2144
f 2239/2636/2143 2241/2630/2145 2240/2640/2144
f 2240/2640/2144 2241/2630/2145 2233/2629/2137
f 2240/2639/2144 2233/2641/2137 2234/2642/2138
f 2234/2642/2138 2235/2643/2139 2236/2637/2140
f 2236/2637/2140 2237/2644/2141 2238/2638/2142
f 2238/2638/2142 2239/2645/2143 2240/2639/2144
f 2240/2639/2144 2234/2642/2138 2236/2637/2140
o Cone.001
v -0.363663 -0.105954 4.240000
v -0.455085 -0.114757 4.240000
v -0.525954 -0.056337 4.240000
v -0.534757 0.035085 4.240000
v -0.476337 0.105954 4.240000
v -0.384915 0.114757 4.240000
v -0.314046 0.056337 4.240000
v -0.305243 -0.035085 4.240000
v -0.420000 0.000000 4.760000
vn 0.3941 -0.7412 -0.5435
vn -0.2454 -0.8028 -0.5434
vn -0.7412 -0.3941 -0.5435
vn -0.8028 0.2454 -0.5435
vn -0.3941 0.7412 -0.5435
vn 0.2454 0.8028 -0.5434
vn 0.7412 0.3941 -0.5435
vn 0.8028 -0.2454 -0.5435
vn -0.0000 -0.0000 1.0000
vt 0.250000 0.490000
vt 0.250000 0.250000
vt 0.419706 0.419706
vt 0.490000 0.250000
vt 0.419706 0.080294
vt 0.250000 0.010000
vt 0.080294 0.080294
vt 0.010000 0.250000
vt 0.919706 0.080294
vt 0.580294 0.080294
vt 0.580294 0.419706
vt 0.080294 0.419706
vt 0.750000 0.490000
vt 0.919706 0.419706
vt 0.990000 0.250000
vt 0.750000 0.010000
vt 0.510000 0.250000
s 1
g Cone.001_M_Pat.006
usemtl M_Pat.006
f 2242/2646/2146 2250/2647/2154 2243/2648/2147
f 2243/2648/2147 2250/2647/2154 2244/2649/2148
f 2244/2649/2148 2250/2647/2154 2245/2650/2149
f 2245/2650/2149 2250/2647/2154 2246/2651/2150
f 2246/2651/2150 2250/2647/2154 2247/2652/2151
f 2247/2652/2151 2250/2647/2154 2248/2653/2152
f 2245/2654/2149 2247/2655/2151 2249/2656/2153
f 2248/2653/2152 2250/2647/2154 2249/2657/2153
f 2249/2657/2153 2250/2647/2154 2242/2646/2146
f 2249/2656/2153 2242/2658/2146 2243/2659/2147
f 2243/2659/2147 2244/2660/2148 2245/2654/2149
f 2245/2654/2149 2246/2661/2150 2247/2655/2151
f 2247/2655/2151 2248/2662/2152 2249/2656/2153
f 2249/2656/2153 2243/2659/2147 2245/2654/2149
o Icosphere
v 0.000000 0.480000 4.120000
v -0.072361 0.532573 4.175278
v 0.027639 0.565065 4.175278
v 0.089443 0.480000 4.175278
v 0.027639 0.394935 4.175278
v -0.072361 0.427427 4.175278
v -0.027639 0.565065 4.264722
v 0.072361 0.532573 4.264722
v 0.072361 0.427427 4.264722
v -0.027639 0.394935 4.264722
v -0.089443 0.480000 4.264721
v 0.000000 0.480000 4.320000
v 0.023282 0.551656 4.154248
v 0.016246 0.529999 4.134934
v 0.007761 0.503885 4.123205
v -0.020318 0.494762 4.123205
v -0.042532 0.510901 4.134934
v -0.060955 0.524286 4.154248
v -0.053194 0.548171 4.169770
v -0.026287 0.560901 4.167426
v 0.002964 0.566418 4.169770
v -0.081273 0.450476 4.169770
v -0.085065 0.480000 4.167426
v -0.081273 0.509524 4.169770
v -0.020318 0.465238 4.123205
v -0.042532 0.449099 4.134934
v -0.060955 0.435714 4.154248
v 0.075344 0.480000 4.154248
v 0.052573 0.480000 4.134934
v 0.025115 0.480000 4.123205
v 0.048397 0.551656 4.169770
v 0.068819 0.530000 4.167426
v 0.083105 0.503885 4.169770
v 0.023282 0.408344 4.154248
v 0.016246 0.430000 4.134934
v 0.007761 0.456115 4.123205
v 0.083105 0.456115 4.169770
v 0.068819 0.430000 4.167426
v 0.048397 0.408344 4.169770
v 0.002964 0.393582 4.169770
v -0.026287 0.399099 4.167426
v -0.053194 0.411829 4.169770
v -0.095663 0.494762 4.245115
v -0.095106 0.510901 4.220000
v -0.086070 0.524286 4.194885
v -0.086070 0.435714 4.194885
v -0.095106 0.449099 4.220000
v -0.095663 0.465238 4.245115
v -0.015522 0.575542 4.245115
v 0.000000 0.580000 4.220000
v 0.015522 0.575542 4.194885
v -0.068716 0.548172 4.194885
v -0.058779 0.560902 4.220000
v -0.043601 0.566419 4.245115
v 0.086070 0.524286 4.245115
v 0.095106 0.510901 4.220000
v 0.095663 0.494762 4.194885
v 0.043601 0.566419 4.194885
v 0.058779 0.560902 4.220000
v 0.068716 0.548172 4.245115
v 0.068716 0.411828 4.245115
v 0.058779 0.399098 4.220000
v 0.043601 0.393581 4.194885
v 0.095663 0.465238 4.194885
v 0.095106 0.449099 4.220000
v 0.086070 0.435714 4.245115
v -0.043601 0.393581 4.245115
v -0.058779 0.399098 4.220000
v -0.068716 0.411828 4.194885
v 0.015522 0.384458 4.194885
v 0.000000 0.380000 4.220000
v -0.015522 0.384458 4.245115
v -0.083105 0.503885 4.270230
v -0.068819 0.530000 4.272573
v -0.048397 0.551656 4.270230
v -0.002964 0.566418 4.270230
v 0.026287 0.560901 4.272573
v 0.053194 0.548171 4.270230
v 0.081273 0.509524 4.270230
v 0.085065 0.480000 4.272573
v 0.081273 0.450476 4.270230
v 0.053194 0.411829 4.270230
v 0.026287 0.399099 4.272573
v -0.002964 0.393582 4.270230
v -0.048397 0.408344 4.270230
v -0.068819 0.430000 4.272573
v -0.083105 0.456115 4.270230
v -0.007761 0.503885 4.316795
v -0.016246 0.529999 4.305065
v -0.023282 0.551656 4.285752
v -0.075344 0.480000 4.285751
v -0.052573 0.480000 4.305065
v -0.025115 0.480000 4.316795
v 0.020318 0.494762 4.316795
v 0.042532 0.510901 4.305065
v 0.060955 0.524286 4.285752
v 0.020318 0.465238 4.316795
v 0.042532 0.449099 4.305065
v 0.060955 0.435714 4.285752
v -0.007761 0.456115 4.316795
v -0.016246 0.430000 4.305065
v -0.023282 0.408344 4.285752
v -0.036180 0.453714 4.309443
v -0.063819 0.453714 4.292361
v -0.044721 0.427427 4.292361
v 0.013820 0.437468 4.309443
v 0.005279 0.411181 4.292361
v 0.036180 0.421222 4.292361
v 0.044721 0.480000 4.309443
v 0.067082 0.463754 4.292361
v 0.067082 0.496246 4.292361
v 0.013820 0.522532 4.309443
v 0.036180 0.538778 4.292361
v 0.005279 0.548818 4.292361
v -0.036180 0.506286 4.309443
v -0.044721 0.532573 4.292361
v -0.063819 0.506286 4.292361
v -0.086180 0.437468 4.247639
v -0.080902 0.421222 4.220000
v -0.067082 0.411181 4.247640
v 0.013820 0.384894 4.247640
v 0.030902 0.384894 4.220000
v 0.044721 0.394935 4.247640
v 0.094721 0.463754 4.247639
v 0.100000 0.480000 4.220000
v 0.094721 0.496246 4.247640
v 0.044722 0.565065 4.247640
v 0.030902 0.575106 4.220000
v 0.013820 0.575105 4.247640
v -0.067082 0.548819 4.247639
v -0.080902 0.538778 4.220000
v -0.086180 0.522532 4.247639
v -0.030902 0.384894 4.220000
v -0.044722 0.394935 4.192360
v -0.013820 0.384894 4.192360
v 0.080902 0.421222 4.220000
v 0.067082 0.411181 4.192360
v 0.086180 0.437468 4.192360
v 0.080902 0.538778 4.220000
v 0.086180 0.522532 4.192360
v 0.067082 0.548819 4.192360
v -0.030902 0.575106 4.220000
v -0.013820 0.575105 4.192360
v -0.044722 0.565065 4.192360
v -0.100000 0.480000 4.220000
v -0.094721 0.496246 4.192360
v -0.094721 0.463754 4.192360
v -0.036180 0.421222 4.147639
v -0.013820 0.437468 4.130557
v -0.005279 0.411181 4.147639
v 0.044721 0.427427 4.147639
v 0.036180 0.453714 4.130557
v 0.063819 0.453714 4.147639
v 0.063819 0.506286 4.147639
v 0.036180 0.506286 4.130557
v 0.044721 0.532573 4.147639
v -0.067082 0.463754 4.147639
v -0.067082 0.496246 4.147639
v -0.044721 0.480000 4.130557
v -0.005279 0.548819 4.147639
v -0.013820 0.522532 4.130557
v -0.036180 0.538778 4.147639
vn -0.0000 -0.0000 -1.0000
vn -0.7236 0.5257 -0.4472
vn 0.2764 0.8506 -0.4472
vn 0.8944 -0.0000 -0.4472
vn 0.2764 -0.8506 -0.4472
vn -0.7236 -0.5257 -0.4472
vn -0.2764 0.8506 0.4472
vn 0.7236 0.5257 0.4472
vn 0.7236 -0.5257 0.4472
vn -0.2764 -0.8506 0.4472
vn -0.8944 -0.0000 0.4472
vn -0.0000 -0.0000 1.0000
vn 0.2308 0.7103 -0.6650
vn 0.1625 0.5000 -0.8507
vn 0.0806 0.2480 -0.9654
vn -0.2110 0.1533 -0.9654
vn -0.4253 0.3090 -0.8507
vn -0.6042 0.4390 -0.6650
vn -0.5237 0.6870 -0.5038
vn -0.2629 0.8090 -0.5257
vn 0.0198 0.8636 -0.5038
vn -0.8152 -0.2857 -0.5038
vn -0.8506 -0.0000 -0.5257
vn -0.8152 0.2857 -0.5038
vn -0.2110 -0.1533 -0.9654
vn -0.4253 -0.3090 -0.8507
vn -0.6042 -0.4390 -0.6650
vn 0.7469 -0.0000 -0.6650
vn 0.5257 -0.0000 -0.8507
vn 0.2608 -0.0000 -0.9654
vn 0.4915 0.7103 -0.5038
vn 0.6882 0.5000 -0.5257
vn 0.8274 0.2480 -0.5038
vn 0.2308 -0.7103 -0.6650
vn 0.1625 -0.5000 -0.8507
vn 0.0806 -0.2480 -0.9654
vn 0.8274 -0.2480 -0.5038
vn 0.6882 -0.5000 -0.5257
vn 0.4915 -0.7103 -0.5038
vn 0.0198 -0.8636 -0.5038
vn -0.2629 -0.8090 -0.5257
vn -0.5237 -0.6870 -0.5038
vn -0.9578 0.1533 0.2431
vn -0.9511 0.3090 -0.0000
vn -0.8650 0.4390 -0.2431
vn -0.8650 -0.4390 -0.2431
vn -0.9511 -0.3090 -0.0000
vn -0.9578 -0.1533 0.2431
vn -0.1502 0.9583 0.2431
vn -0.0000 1.0000 -0.0000
vn 0.1502 0.9583 -0.2431
vn -0.6848 0.6870 -0.2431
vn -0.5878 0.8090 -0.0000
vn -0.4417 0.8636 0.2431
vn 0.8650 0.4390 0.2431
vn 0.9511 0.3090 -0.0000
vn 0.9578 0.1533 -0.2431
vn 0.4417 0.8636 -0.2431
vn 0.5878 0.8090 -0.0000
vn 0.6848 0.6870 0.2431
vn 0.6848 -0.6870 0.2431
vn 0.5878 -0.8090 -0.0000
vn 0.4417 -0.8636 -0.2431
vn 0.9578 -0.1533 -0.2431
vn 0.9511 -0.3090 -0.0000
vn 0.8650 -0.4390 0.2431
vn -0.4417 -0.8636 0.2431
vn -0.5878 -0.8090 -0.0000
vn -0.6848 -0.6870 -0.2431
vn 0.1502 -0.9583 -0.2431
vn -0.0000 -1.0000 -0.0000
vn -0.1502 -0.9583 0.2431
vn -0.8274 0.2480 0.5038
vn -0.6882 0.5000 0.5257
vn -0.4915 0.7103 0.5038
vn -0.0198 0.8636 0.5038
vn 0.2629 0.8090 0.5257
vn 0.5237 0.6870 0.5038
vn 0.8152 0.2857 0.5038
vn 0.8506 -0.0000 0.5257
vn 0.8152 -0.2857 0.5038
vn 0.5237 -0.6870 0.5038
vn 0.2629 -0.8090 0.5257
vn -0.0198 -0.8636 0.5038
vn -0.4915 -0.7103 0.5038
vn -0.6882 -0.5000 0.5257
vn -0.8274 -0.2480 0.5038
vn -0.0806 0.2480 0.9654
vn -0.1625 0.5000 0.8507
vn -0.2308 0.7103 0.6650
vn -0.7469 -0.0000 0.6650
vn -0.5257 -0.0000 0.8507
vn -0.2608 -0.0000 0.9654
vn 0.2110 0.1533 0.9654
vn 0.4253 0.3090 0.8507
vn 0.6042 0.4390 0.6650
vn 0.2110 -0.1533 0.9654
vn 0.4253 -0.3090 0.8507
vn 0.6042 -0.4390 0.6650
vn -0.0806 -0.2480 0.9654
vn -0.1625 -0.5000 0.8507
vn -0.2308 -0.7103 0.6650
vn -0.3682 -0.2675 0.8904
vn -0.6317 -0.2675 0.7275
vn -0.4496 -0.5182 0.7276
vn 0.1406 -0.4329 0.8904
vn 0.0592 -0.6835 0.7276
vn 0.3539 -0.5878 0.7276
vn 0.4551 -0.0000 0.8904
vn 0.6683 -0.1549 0.7275
vn 0.6683 0.1549 0.7275
vn 0.1406 0.4329 0.8904
vn 0.3539 0.5878 0.7276
vn 0.0592 0.6835 0.7276
vn -0.3682 0.2675 0.8904
vn -0.4496 0.5182 0.7276
vn -0.6317 0.2675 0.7275
vn -0.8593 -0.4329 0.2724
vn -0.8090 -0.5878 0.0089
vn -0.6772 -0.6835 0.2724
vn 0.1461 -0.9510 0.2724
vn 0.3090 -0.9510 0.0089
vn 0.4408 -0.8553 0.2724
vn 0.9496 -0.1549 0.2724
vn 1.0000 -0.0000 0.0089
vn 0.9496 0.1549 0.2724
vn 0.4408 0.8553 0.2724
vn 0.3090 0.9510 0.0089
vn 0.1461 0.9510 0.2724
vn -0.6772 0.6835 0.2724
vn -0.8090 0.5878 0.0089
vn -0.8593 0.4329 0.2724
vn -0.3090 -0.9510 -0.0089
vn -0.4408 -0.8553 -0.2724
vn -0.1461 -0.9510 -0.2724
vn 0.8090 -0.5878 -0.0089
vn 0.6772 -0.6835 -0.2724
vn 0.8593 -0.4329 -0.2724
vn 0.8090 0.5878 -0.0089
vn 0.8593 0.4329 -0.2724
vn 0.6772 0.6835 -0.2724
vn -0.3090 0.9510 -0.0089
vn -0.1461 0.9510 -0.2724
vn -0.4408 0.8553 -0.2724
vn -1.0000 -0.0000 -0.0089
vn -0.9496 0.1549 -0.2724
vn -0.9496 -0.1549 -0.2724
vn -0.3539 -0.5878 -0.7276
vn -0.1406 -0.4329 -0.8904
vn -0.0592 -0.6835 -0.7276
vn 0.4496 -0.5182 -0.7276
vn 0.3682 -0.2675 -0.8904
vn 0.6317 -0.2675 -0.7275
vn 0.6317 0.2675 -0.7275
vn 0.3682 0.2675 -0.8904
vn 0.4496 0.5182 -0.7275
vn -0.6683 -0.1549 -0.7275
vn -0.6683 0.1549 -0.7275
vn -0.4551 -0.0000 -0.8904
vn -0.0592 0.6835 -0.7276
vn -0.1406 0.4329 -0.8904
vn -0.3539 0.5878 -0.7276
vt 0.181819 0.000000
vt 0.204546 0.039365
vt 0.159092 0.039365
vt 0.272728 0.157461
vt 0.295455 0.118096
vt 0.318182 0.157461
vt 0.909091 0.000000
vt 0.931818 0.039365
vt 0.886364 0.039365
vt 0.727273 0.000000
vt 0.750000 0.039365
vt 0.704546 0.039365
vt 0.545455 0.000000
vt 0.568182 0.039365
vt 0.522728 0.039365
vt 0.295455 0.196826
vt 0.090910 0.157461
vt 0.136364 0.157461
vt 0.113637 0.196826
vt 0.818182 0.157461
vt 0.863636 0.157461
vt 0.840909 0.196826
vt 0.636364 0.157461
vt 0.681818 0.157461
vt 0.659091 0.196826
vt 0.454546 0.157461
vt 0.500000 0.157461
vt 0.477273 0.196826
vt 0.250001 0.196826
vt 0.068182 0.196826
vt 0.795455 0.196826
vt 0.613637 0.196826
vt 0.431819 0.196826
vt 0.181819 0.314921
vt 0.227273 0.314921
vt 0.204546 0.354286
vt 0.000000 0.314921
vt 0.045455 0.314921
vt 0.022727 0.354286
vt 0.727273 0.314921
vt 0.772727 0.314921
vt 0.750000 0.354286
vt 0.545455 0.314921
vt 0.590909 0.314921
vt 0.568182 0.354286
vt 0.363637 0.314921
vt 0.409091 0.314921
vt 0.386364 0.354286
vt 0.431819 0.433017
vt 0.477273 0.433017
vt 0.454546 0.472382
vt 0.409091 0.393651
vt 0.454546 0.393651
vt 0.431819 0.354286
vt 0.500000 0.393651
vt 0.477273 0.354286
vt 0.522728 0.354286
vt 0.454546 0.314921
vt 0.500000 0.314921
vt 0.613637 0.433017
vt 0.659091 0.433017
vt 0.636364 0.472382
vt 0.590909 0.393651
vt 0.636364 0.393651
vt 0.613637 0.354286
vt 0.681818 0.393651
vt 0.659091 0.354286
vt 0.704546 0.354286
vt 0.636364 0.314921
vt 0.681818 0.314921
vt 0.795455 0.433017
vt 0.840909 0.433017
vt 0.818182 0.472382
vt 0.772727 0.393651
vt 0.818182 0.393651
vt 0.795455 0.354286
vt 0.863636 0.393651
vt 0.840909 0.354286
vt 0.886364 0.354286
vt 0.818182 0.314921
vt 0.863636 0.314921
vt 0.909091 0.314921
vt 0.068182 0.433017
vt 0.113637 0.433017
vt 0.090910 0.472382
vt 0.045455 0.393651
vt 0.090910 0.393651
vt 0.068182 0.354286
vt 0.136365 0.393651
vt 0.113637 0.354286
vt 0.159092 0.354286
vt 0.090909 0.314921
vt 0.136364 0.314921
vt 0.250001 0.433017
vt 0.295455 0.433017
vt 0.272728 0.472382
vt 0.227273 0.393651
vt 0.272728 0.393651
vt 0.250001 0.354286
vt 0.318182 0.393651
vt 0.295455 0.354286
vt 0.340910 0.354286
vt 0.272728 0.314921
vt 0.318182 0.314921
vt 0.386364 0.275556
vt 0.409091 0.236191
vt 0.431819 0.275556
vt 0.454546 0.236191
vt 0.477273 0.275556
vt 0.500000 0.236191
vt 0.522728 0.275556
vt 0.568182 0.275556
vt 0.590909 0.236191
vt 0.613637 0.275556
vt 0.636364 0.236191
vt 0.659091 0.275556
vt 0.681818 0.236191
vt 0.704546 0.275556
vt 0.750000 0.275556
vt 0.772727 0.236191
vt 0.795455 0.275556
vt 0.818182 0.236191
vt 0.840909 0.275556
vt 0.863636 0.236191
vt 0.886364 0.275556
vt 0.022727 0.275556
vt 0.045455 0.236191
vt 0.068182 0.275556
vt 0.090910 0.236191
vt 0.113637 0.275556
vt 0.136364 0.236191
vt 0.159092 0.275556
vt 0.204546 0.275556
vt 0.227273 0.236191
vt 0.250001 0.275556
vt 0.272728 0.236191
vt 0.295455 0.275556
vt 0.318182 0.236191
vt 0.340910 0.275556
vt 0.545455 0.236191
vt 0.522728 0.196826
vt 0.568182 0.196826
vt 0.545455 0.157461
vt 0.590909 0.157461
vt 0.727273 0.236191
vt 0.704546 0.196826
vt 0.750000 0.196826
vt 0.727273 0.157461
vt 0.772727 0.157461
vt 0.931818 0.275556
vt 0.909091 0.236191
vt 0.886364 0.196826
vt 0.954545 0.236191
vt 0.931818 0.196826
vt 0.977273 0.196826
vt 0.909091 0.157461
vt 0.954545 0.157461
vt 1.000000 0.157461
vt 0.181819 0.236191
vt 0.159092 0.196826
vt 0.204546 0.196826
vt 0.181819 0.157461
vt 0.227274 0.157461
vt 0.363637 0.236191
vt 0.340910 0.196826
vt 0.386364 0.196826
vt 0.363637 0.157461
vt 0.409092 0.157461
vt 0.477273 0.118096
vt 0.500000 0.078731
vt 0.522728 0.118096
vt 0.545455 0.078731
vt 0.568182 0.118096
vt 0.590909 0.078731
vt 0.613637 0.118096
vt 0.659091 0.118096
vt 0.681818 0.078731
vt 0.704546 0.118096
vt 0.727273 0.078731
vt 0.750000 0.118096
vt 0.772727 0.078731
vt 0.795455 0.118096
vt 0.840909 0.118096
vt 0.863636 0.078731
vt 0.886364 0.118096
vt 0.909091 0.078731
vt 0.931818 0.118096
vt 0.954545 0.078731
vt 0.977273 0.118096
vt 0.431819 0.118096
vt 0.386364 0.118096
vt 0.340910 0.118096
vt 0.409091 0.078731
vt 0.363637 0.078730
vt 0.386364 0.039365
vt 0.318182 0.078731
vt 0.340910 0.039365
vt 0.363637 0.000000
vt 0.113637 0.118096
vt 0.136365 0.078731
vt 0.159092 0.118096
vt 0.181819 0.078731
vt 0.204546 0.118096
vt 0.227273 0.078731
vt 0.250001 0.118096
s 1
g Icosphere_M_Run.003
usemtl M_Run.003
f 2251/2663/2155 2266/2664/2170 2265/2665/2169
f 2252/2666/2156 2268/2667/2172 2274/2668/2178
f 2251/2669/2155 2265/2670/2169 2280/2671/2184
f 2251/2672/2155 2280/2673/2184 2286/2674/2190
f 2251/2675/2155 2286/2676/2190 2275/2677/2179
f 2252/2666/2156 2274/2668/2178 2295/2678/2199
f 2253/2679/2157 2271/2680/2175 2301/2681/2205
f 2254/2682/2158 2283/2683/2187 2307/2684/2211
f 2255/2685/2159 2289/2686/2193 2313/2687/2217
f 2256/2688/2160 2292/2689/2196 2319/2690/2223
f 2252/2666/2156 2295/2678/2199 2302/2691/2206
f 2253/2679/2157 2301/2681/2205 2308/2692/2212
f 2254/2682/2158 2307/2684/2211 2314/2693/2218
f 2255/2685/2159 2313/2687/2217 2320/2694/2224
f 2256/2688/2160 2319/2690/2223 2296/2695/2200
f 2257/2696/2161 2325/2697/2229 2340/2698/2244
f 2258/2699/2162 2328/2700/2232 2346/2701/2250
f 2259/2702/2163 2331/2703/2235 2349/2704/2253
f 2260/2705/2164 2334/2706/2238 2352/2707/2256
f 2261/2708/2165 2337/2709/2241 2341/2710/2245
f 2343/2711/2247 2350/2712/2254 2262/2713/2166
f 2342/2714/2246 2353/2715/2257 2343/2711/2247
f 2341/2710/2245 2354/2716/2258 2342/2714/2246
f 2343/2711/2247 2353/2715/2257 2350/2712/2254
f 2353/2715/2257 2351/2717/2255 2350/2712/2254
f 2342/2714/2246 2354/2716/2258 2353/2715/2257
f 2354/2716/2258 2355/2718/2259 2353/2715/2257
f 2353/2715/2257 2355/2718/2259 2351/2717/2255
f 2355/2718/2259 2352/2719/2256 2351/2717/2255
f 2341/2710/2245 2337/2709/2241 2354/2716/2258
f 2337/2709/2241 2336/2720/2240 2354/2716/2258
f 2354/2716/2258 2336/2720/2240 2355/2718/2259
f 2336/2720/2240 2335/2721/2239 2355/2718/2259
f 2355/2718/2259 2335/2721/2239 2352/2719/2256
f 2335/2721/2239 2260/2705/2164 2352/2719/2256
f 2350/2722/2254 2347/2723/2251 2262/2724/2166
f 2351/2725/2255 2356/2726/2260 2350/2722/2254
f 2352/2707/2256 2357/2727/2261 2351/2725/2255
f 2350/2722/2254 2356/2726/2260 2347/2723/2251
f 2356/2726/2260 2348/2728/2252 2347/2723/2251
f 2351/2725/2255 2357/2727/2261 2356/2726/2260
f 2357/2727/2261 2358/2729/2262 2356/2726/2260
f 2356/2726/2260 2358/2729/2262 2348/2728/2252
f 2358/2729/2262 2349/2730/2253 2348/2728/2252
f 2352/2707/2256 2334/2706/2238 2357/2727/2261
f 2334/2706/2238 2333/2731/2237 2357/2727/2261
f 2357/2727/2261 2333/2731/2237 2358/2729/2262
f 2333/2731/2237 2332/2732/2236 2358/2729/2262
f 2358/2729/2262 2332/2732/2236 2349/2730/2253
f 2332/2732/2236 2259/2702/2163 2349/2730/2253
f 2347/2733/2251 2344/2734/2248 2262/2735/2166
f 2348/2736/2252 2359/2737/2263 2347/2733/2251
f 2349/2704/2253 2360/2738/2264 2348/2736/2252
f 2347/2733/2251 2359/2737/2263 2344/2734/2248
f 2359/2737/2263 2345/2739/2249 2344/2734/2248
f 2348/2736/2252 2360/2738/2264 2359/2737/2263
f 2360/2738/2264 2361/2740/2265 2359/2737/2263
f 2359/2737/2263 2361/2740/2265 2345/2739/2249
f 2361/2740/2265 2346/2741/2250 2345/2739/2249
f 2349/2704/2253 2331/2703/2235 2360/2738/2264
f 2331/2703/2235 2330/2742/2234 2360/2738/2264
f 2360/2738/2264 2330/2742/2234 2361/2740/2265
f 2330/2742/2234 2329/2743/2233 2361/2740/2265
f 2361/2740/2265 2329/2743/2233 2346/2741/2250
f 2329/2743/2233 2258/2744/2162 2346/2741/2250
f 2344/2745/2248 2338/2746/2242 2262/2747/2166
f 2345/2748/2249 2362/2749/2266 2344/2745/2248
f 2346/2701/2250 2363/2750/2267 2345/2748/2249
f 2344/2745/2248 2362/2749/2266 2338/2746/2242
f 2362/2749/2266 2339/2751/2243 2338/2746/2242
f 2345/2748/2249 2363/2750/2267 2362/2749/2266
f 2363/2750/2267 2364/2752/2268 2362/2749/2266
f 2362/2749/2266 2364/2752/2268 2339/2751/2243
f 2364/2752/2268 2340/2753/2244 2339/2751/2243
f 2346/2701/2250 2328/2700/2232 2363/2750/2267
f 2328/2700/2232 2327/2754/2231 2363/2750/2267
f 2363/2750/2267 2327/2754/2231 2364/2752/2268
f 2327/2754/2231 2326/2755/2230 2364/2752/2268
f 2364/2752/2268 2326/2755/2230 2340/2753/2244
f 2326/2755/2230 2257/2696/2161 2340/2753/2244
f 2338/2756/2242 2343/2757/2247 2262/2758/2166
f 2339/2759/2243 2365/2760/2269 2338/2756/2242
f 2340/2698/2244 2366/2761/2270 2339/2759/2243
f 2338/2756/2242 2365/2760/2269 2343/2757/2247
f 2365/2760/2269 2342/2762/2246 2343/2757/2247
f 2339/2759/2243 2366/2761/2270 2365/2760/2269
f 2366/2761/2270 2367/2763/2271 2365/2760/2269
f 2365/2760/2269 2367/2763/2271 2342/2762/2246
f 2367/2763/2271 2341/2764/2245 2342/2762/2246
f 2340/2698/2244 2325/2697/2229 2366/2761/2270
f 2325/2697/2229 2324/2765/2228 2366/2761/2270
f 2366/2761/2270 2324/2765/2228 2367/2763/2271
f 2324/2765/2228 2323/2766/2227 2367/2763/2271
f 2367/2763/2271 2323/2766/2227 2341/2764/2245
f 2323/2766/2227 2261/2708/2165 2341/2764/2245
f 2298/2767/2202 2337/2709/2241 2261/2708/2165
f 2297/2768/2201 2368/2769/2272 2298/2767/2202
f 2296/2695/2200 2369/2770/2273 2297/2768/2201
f 2298/2767/2202 2368/2769/2272 2337/2709/2241
f 2368/2769/2272 2336/2720/2240 2337/2709/2241
f 2297/2768/2201 2369/2770/2273 2368/2769/2272
f 2369/2770/2273 2370/2771/2274 2368/2769/2272
f 2368/2769/2272 2370/2771/2274 2336/2720/2240
f 2370/2771/2274 2335/2721/2239 2336/2720/2240
f 2296/2695/2200 2319/2690/2223 2369/2770/2273
f 2319/2690/2223 2318/2772/2222 2369/2770/2273
f 2369/2770/2273 2318/2772/2222 2370/2771/2274
f 2318/2772/2222 2317/2773/2221 2370/2771/2274
f 2370/2771/2274 2317/2773/2221 2335/2721/2239
f 2317/2773/2221 2260/2705/2164 2335/2721/2239
f 2322/2774/2226 2334/2706/2238 2260/2705/2164
f 2321/2775/2225 2371/2776/2275 2322/2774/2226
f 2320/2694/2224 2372/2777/2276 2321/2775/2225
f 2322/2774/2226 2371/2776/2275 2334/2706/2238
f 2371/2776/2275 2333/2731/2237 2334/2706/2238
f 2321/2775/2225 2372/2777/2276 2371/2776/2275
f 2372/2777/2276 2373/2778/2277 2371/2776/2275
f 2371/2776/2275 2373/2778/2277 2333/2731/2237
f 2373/2778/2277 2332/2732/2236 2333/2731/2237
f 2320/2694/2224 2313/2687/2217 2372/2777/2276
f 2313/2687/2217 2312/2779/2216 2372/2777/2276
f 2372/2777/2276 2312/2779/2216 2373/2778/2277
f 2312/2779/2216 2311/2780/2215 2373/2778/2277
f 2373/2778/2277 2311/2780/2215 2332/2732/2236
f 2311/2780/2215 2259/2702/2163 2332/2732/2236
f 2316/2781/2220 2331/2703/2235 2259/2702/2163
f 2315/2782/2219 2374/2783/2278 2316/2781/2220
f 2314/2693/2218 2375/2784/2279 2315/2782/2219
f 2316/2781/2220 2374/2783/2278 2331/2703/2235
f 2374/2783/2278 2330/2742/2234 2331/2703/2235
f 2315/2782/2219 2375/2784/2279 2374/2783/2278
f 2375/2784/2279 2376/2785/2280 2374/2783/2278
f 2374/2783/2278 2376/2785/2280 2330/2742/2234
f 2376/2785/2280 2329/2743/2233 2330/2742/2234
f 2314/2693/2218 2307/2684/2211 2375/2784/2279
f 2307/2684/2211 2306/2786/2210 2375/2784/2279
f 2375/2784/2279 2306/2786/2210 2376/2785/2280
f 2306/2786/2210 2305/2787/2209 2376/2785/2280
f 2376/2785/2280 2305/2787/2209 2329/2743/2233
f 2305/2787/2209 2258/2744/2162 2329/2743/2233
f 2310/2788/2214 2328/2700/2232 2258/2699/2162
f 2309/2789/2213 2377/2790/2281 2310/2788/2214
f 2308/2692/2212 2378/2791/2282 2309/2789/2213
f 2310/2788/2214 2377/2790/2281 2328/2700/2232
f 2377/2790/2281 2327/2754/2231 2328/2700/2232
f 2309/2789/2213 2378/2791/2282 2377/2790/2281
f 2378/2791/2282 2379/2792/2283 2377/2790/2281
f 2377/2790/2281 2379/2792/2283 2327/2754/2231
f 2379/2792/2283 2326/2755/2230 2327/2754/2231
f 2308/2692/2212 2301/2681/2205 2378/2791/2282
f 2301/2681/2205 2300/2793/2204 2378/2791/2282
f 2378/2791/2282 2300/2793/2204 2379/2792/2283
f 2300/2793/2204 2299/2794/2203 2379/2792/2283
f 2379/2792/2283 2299/2794/2203 2326/2755/2230
f 2299/2794/2203 2257/2696/2161 2326/2755/2230
f 2304/2795/2208 2325/2697/2229 2257/2696/2161
f 2303/2796/2207 2380/2797/2284 2304/2795/2208
f 2302/2691/2206 2381/2798/2285 2303/2796/2207
f 2304/2795/2208 2380/2797/2284 2325/2697/2229
f 2380/2797/2284 2324/2765/2228 2325/2697/2229
f 2303/2796/2207 2381/2798/2285 2380/2797/2284
f 2381/2798/2285 2382/2799/2286 2380/2797/2284
f 2380/2797/2284 2382/2799/2286 2324/2765/2228
f 2382/2799/2286 2323/2766/2227 2324/2765/2228
f 2302/2691/2206 2295/2678/2199 2381/2798/2285
f 2295/2678/2199 2294/2800/2198 2381/2798/2285
f 2381/2798/2285 2294/2800/2198 2382/2799/2286
f 2294/2800/2198 2293/2801/2197 2382/2799/2286
f 2382/2799/2286 2293/2801/2197 2323/2766/2227
f 2293/2801/2197 2261/2708/2165 2323/2766/2227
f 2317/2773/2221 2322/2774/2226 2260/2705/2164
f 2318/2772/2222 2383/2802/2287 2317/2773/2221
f 2319/2690/2223 2384/2803/2288 2318/2772/2222
f 2317/2773/2221 2383/2802/2287 2322/2774/2226
f 2383/2802/2287 2321/2775/2225 2322/2774/2226
f 2318/2772/2222 2384/2803/2288 2383/2802/2287
f 2384/2803/2288 2385/2804/2289 2383/2802/2287
f 2383/2802/2287 2385/2804/2289 2321/2775/2225
f 2385/2804/2289 2320/2694/2224 2321/2775/2225
f 2319/2690/2223 2292/2689/2196 2384/2803/2288
f 2292/2689/2196 2291/2805/2195 2384/2803/2288
f 2384/2803/2288 2291/2805/2195 2385/2804/2289
f 2291/2805/2195 2290/2806/2194 2385/2804/2289
f 2385/2804/2289 2290/2806/2194 2320/2694/2224
f 2290/2806/2194 2255/2685/2159 2320/2694/2224
f 2311/2780/2215 2316/2781/2220 2259/2702/2163
f 2312/2779/2216 2386/2807/2290 2311/2780/2215
f 2313/2687/2217 2387/2808/2291 2312/2779/2216
f 2311/2780/2215 2386/2807/2290 2316/2781/2220
f 2386/2807/2290 2315/2782/2219 2316/2781/2220
f 2312/2779/2216 2387/2808/2291 2386/2807/2290
f 2387/2808/2291 2388/2809/2292 2386/2807/2290
f 2386/2807/2290 2388/2809/2292 2315/2782/2219
f 2388/2809/2292 2314/2693/2218 2315/2782/2219
f 2313/2687/2217 2289/2686/2193 2387/2808/2291
f 2289/2686/2193 2288/2810/2192 2387/2808/2291
f 2387/2808/2291 2288/2810/2192 2388/2809/2292
f 2288/2810/2192 2287/2811/2191 2388/2809/2292
f 2388/2809/2292 2287/2811/2191 2314/2693/2218
f 2287/2811/2191 2254/2682/2158 2314/2693/2218
f 2305/2787/2209 2310/2812/2214 2258/2744/2162
f 2306/2786/2210 2389/2813/2293 2305/2787/2209
f 2307/2684/2211 2390/2814/2294 2306/2786/2210
f 2305/2787/2209 2389/2813/2293 2310/2812/2214
f 2389/2813/2293 2309/2815/2213 2310/2812/2214
f 2306/2786/2210 2390/2814/2294 2389/2813/2293
f 2390/2814/2294 2391/2816/2295 2389/2813/2293
f 2389/2813/2293 2391/2816/2295 2309/2815/2213
f 2391/2816/2295 2308/2817/2212 2309/2815/2213
f 2307/2684/2211 2283/2683/2187 2390/2814/2294
f 2283/2683/2187 2282/2818/2186 2390/2814/2294
f 2390/2814/2294 2282/2818/2186 2391/2816/2295
f 2282/2818/2186 2281/2819/2185 2391/2816/2295
f 2391/2816/2295 2281/2819/2185 2308/2817/2212
f 2281/2819/2185 2253/2820/2157 2308/2817/2212
f 2299/2794/2203 2304/2795/2208 2257/2696/2161
f 2300/2793/2204 2392/2821/2296 2299/2794/2203
f 2301/2681/2205 2393/2822/2297 2300/2793/2204
f 2299/2794/2203 2392/2821/2296 2304/2795/2208
f 2392/2821/2296 2303/2796/2207 2304/2795/2208
f 2300/2793/2204 2393/2822/2297 2392/2821/2296
f 2393/2822/2297 2394/2823/2298 2392/2821/2296
f 2392/2821/2296 2394/2823/2298 2303/2796/2207
f 2394/2823/2298 2302/2691/2206 2303/2796/2207
f 2301/2681/2205 2271/2680/2175 2393/2822/2297
f 2271/2680/2175 2270/2824/2174 2393/2822/2297
f 2393/2822/2297 2270/2824/2174 2394/2823/2298
f 2270/2824/2174 2269/2825/2173 2394/2823/2298
f 2394/2823/2298 2269/2825/2173 2302/2691/2206
f 2269/2825/2173 2252/2666/2156 2302/2691/2206
f 2293/2801/2197 2298/2767/2202 2261/2708/2165
f 2294/2800/2198 2395/2826/2299 2293/2801/2197
f 2295/2678/2199 2396/2827/2300 2294/2800/2198
f 2293/2801/2197 2395/2826/2299 2298/2767/2202
f 2395/2826/2299 2297/2768/2201 2298/2767/2202
f 2294/2800/2198 2396/2827/2300 2395/2826/2299
f 2396/2827/2300 2397/2828/2301 2395/2826/2299
f 2395/2826/2299 2397/2828/2301 2297/2768/2201
f 2397/2828/2301 2296/2695/2200 2297/2768/2201
f 2295/2678/2199 2274/2668/2178 2396/2827/2300
f 2274/2668/2178 2273/2829/2177 2396/2827/2300
f 2396/2827/2300 2273/2829/2177 2397/2828/2301
f 2273/2829/2177 2272/2830/2176 2397/2828/2301
f 2397/2828/2301 2272/2830/2176 2296/2695/2200
f 2272/2830/2176 2256/2688/2160 2296/2695/2200
f 2277/2831/2181 2292/2689/2196 2256/2688/2160
f 2276/2832/2180 2398/2833/2302 2277/2831/2181
f 2275/2677/2179 2399/2834/2303 2276/2832/2180
f 2277/2831/2181 2398/2833/2302 2292/2689/2196
f 2398/2833/2302 2291/2805/2195 2292/2689/2196
f 2276/2832/2180 2399/2834/2303 2398/2833/2302
f 2399/2834/2303 2400/2835/2304 2398/2833/2302
f 2398/2833/2302 2400/2835/2304 2291/2805/2195
f 2400/2835/2304 2290/2806/2194 2291/2805/2195
f 2275/2677/2179 2286/2676/2190 2399/2834/2303
f 2286/2676/2190 2285/2836/2189 2399/2834/2303
f 2399/2834/2303 2285/2836/2189 2400/2835/2304
f 2285/2836/2189 2284/2837/2188 2400/2835/2304
f 2400/2835/2304 2284/2837/2188 2290/2806/2194
f 2284/2837/2188 2255/2685/2159 2290/2806/2194
f 2284/2838/2188 2289/2686/2193 2255/2685/2159
f 2285/2839/2189 2401/2840/2305 2284/2838/2188
f 2286/2674/2190 2402/2841/2306 2285/2839/2189
f 2284/2838/2188 2401/2840/2305 2289/2686/2193
f 2401/2840/2305 2288/2810/2192 2289/2686/2193
f 2285/2839/2189 2402/2841/2306 2401/2840/2305
f 2402/2841/2306 2403/2842/2307 2401/2840/2305
f 2401/2840/2305 2403/2842/2307 2288/2810/2192
f 2403/2842/2307 2287/2811/2191 2288/2810/2192
f 2286/2674/2190 2280/2673/2184 2402/2841/2306
f 2280/2673/2184 2279/2843/2183 2402/2841/2306
f 2402/2841/2306 2279/2843/2183 2403/2842/2307
f 2279/2843/2183 2278/2844/2182 2403/2842/2307
f 2403/2842/2307 2278/2844/2182 2287/2811/2191
f 2278/2844/2182 2254/2682/2158 2287/2811/2191
f 2278/2845/2182 2283/2683/2187 2254/2682/2158
f 2279/2846/2183 2404/2847/2308 2278/2845/2182
f 2280/2671/2184 2405/2848/2309 2279/2846/2183
f 2278/2845/2182 2404/2847/2308 2283/2683/2187
f 2404/2847/2308 2282/2818/2186 2283/2683/2187
f 2279/2846/2183 2405/2848/2309 2404/2847/2308
f 2405/2848/2309 2406/2849/2310 2404/2847/2308
f 2404/2847/2308 2406/2849/2310 2282/2818/2186
f 2406/2849/2310 2281/2819/2185 2282/2818/2186
f 2280/2671/2184 2265/2670/2169 2405/2848/2309
f 2265/2670/2169 2264/2850/2168 2405/2848/2309
f 2405/2848/2309 2264/2850/2168 2406/2849/2310
f 2264/2850/2168 2263/2851/2167 2406/2849/2310
f 2406/2849/2310 2263/2851/2167 2281/2819/2185
f 2263/2851/2167 2253/2820/2157 2281/2819/2185
f 2272/2830/2176 2277/2852/2181 2256/2688/2160
f 2273/2829/2177 2407/2853/2311 2272/2830/2176
f 2274/2668/2178 2408/2854/2312 2273/2829/2177
f 2272/2830/2176 2407/2853/2311 2277/2852/2181
f 2407/2853/2311 2276/2855/2180 2277/2852/2181
f 2273/2829/2177 2408/2854/2312 2407/2853/2311
f 2408/2854/2312 2409/2856/2313 2407/2853/2311
f 2407/2853/2311 2409/2856/2313 2276/2855/2180
f 2409/2856/2313 2275/2857/2179 2276/2855/2180
f 2274/2668/2178 2268/2667/2172 2408/2854/2312
f 2268/2667/2172 2267/2858/2171 2408/2854/2312
f 2408/2854/2312 2267/2858/2171 2409/2856/2313
f 2267/2858/2171 2266/2859/2170 2409/2856/2313
f 2409/2856/2313 2266/2859/2170 2275/2857/2179
f 2266/2859/2170 2251/2860/2155 2275/2857/2179
f 2263/2861/2167 2271/2680/2175 2253/2679/2157
f 2264/2862/2168 2410/2863/2314 2263/2861/2167
f 2265/2665/2169 2411/2864/2315 2264/2862/2168
f 2263/2861/2167 2410/2863/2314 2271/2680/2175
f 2410/2863/2314 2270/2824/2174 2271/2680/2175
f 2264/2862/2168 2411/2864/2315 2410/2863/2314
f 2411/2864/2315 2412/2865/2316 2410/2863/2314
f 2410/2863/2314 2412/2865/2316 2270/2824/2174
f 2412/2865/2316 2269/2825/2173 2270/2824/2174
f 2265/2665/2169 2266/2664/2170 2411/2864/2315
f 2266/2664/2170 2267/2866/2171 2411/2864/2315
f 2411/2864/2315 2267/2866/2171 2412/2865/2316
f 2267/2866/2171 2268/2867/2172 2412/2865/2316
f 2412/2865/2316 2268/2867/2172 2269/2825/2173
f 2268/2867/2172 2252/2666/2156 2269/2825/2173
o Cylinder.004
v 0.401850 -0.473801 1.659512
v 1.315673 0.294582 2.482322
v 0.374228 -0.470542 1.687146
v 1.288051 0.297841 2.509955
v 0.344642 -0.460890 1.710992
v 1.258464 0.307493 2.533802
v 0.314226 -0.445217 1.730134
v 1.228049 0.323166 2.552944
v 0.284152 -0.424124 1.743838
v 1.197975 0.344259 2.566647
v 0.255574 -0.398422 1.751575
v 1.169396 0.369961 2.574385
v 0.229590 -0.369098 1.753049
v 1.143413 0.399285 2.575859
v 0.207200 -0.337281 1.748204
v 1.121022 0.431102 2.571013
v 0.189262 -0.304191 1.737224
v 1.103085 0.464191 2.560034
v 0.176468 -0.271102 1.720533
v 1.090291 0.497281 2.543343
v 0.169309 -0.239285 1.698772
v 1.083132 0.529098 2.521581
v 0.168059 -0.209961 1.672776
v 1.081882 0.558422 2.495586
v 0.172767 -0.184259 1.643546
v 1.086589 0.584124 2.466356
v 0.183251 -0.163166 1.612204
v 1.097074 0.605217 2.435013
v 0.199110 -0.147493 1.579954
v 1.112932 0.620890 2.402764
v 0.219732 -0.137841 1.548037
v 1.133555 0.630542 2.370847
v 0.244327 -0.134582 1.517678
v 1.158150 0.633801 2.340488
v 0.271949 -0.137841 1.490045
v 1.185772 0.630542 2.312854
v 0.301536 -0.147493 1.466198
v 1.215358 0.620890 2.289008
v 0.331951 -0.163166 1.447056
v 1.245774 0.605217 2.269866
v 0.362025 -0.184259 1.433353
v 1.275848 0.584124 2.256162
v 0.390603 -0.209961 1.425615
v 1.304426 0.558422 2.248425
v 0.416587 -0.239285 1.424141
v 1.330410 0.529098 2.246951
v 0.438978 -0.271102 1.428987
v 1.352800 0.497281 2.251796
v 0.456915 -0.304191 1.439966
v 1.370738 0.464191 2.262776
v 0.469709 -0.337281 1.456657
v 1.383532 0.431102 2.279467
v 0.476868 -0.369098 1.478419
v 1.390691 0.399285 2.301228
v 0.478118 -0.398422 1.504414
v 1.391941 0.369961 2.327224
v 0.473411 -0.424124 1.533644
v 1.387233 0.344259 2.356454
v 0.462926 -0.445217 1.564987
v 1.376749 0.323166 2.387796
v 0.447068 -0.460890 1.597236
v 1.360890 0.307493 2.420046
v 0.426445 -0.470542 1.629153
v 1.340268 0.297841 2.451963
vn -0.1455 -0.9806 -0.1310
vn 0.7188 -0.2539 0.6472
vn -0.2460 -0.9688 -0.0304
vn 0.6183 -0.2421 0.7478
vn -0.3537 -0.9337 0.0563
vn 0.5106 -0.2070 0.8346
vn -0.4644 -0.8766 0.1261
vn 0.3999 -0.1499 0.9042
vn -0.5738 -0.7998 0.1759
vn 0.2904 -0.0731 0.9541
vn -0.6779 -0.7063 0.2041
vn 0.1864 0.0204 0.9823
vn -0.7724 -0.5996 0.2094
vn 0.0918 0.1271 0.9876
vn -0.8539 -0.4838 0.1918
vn 0.0104 0.2429 0.9700
vn -0.9192 -0.3634 0.1518
vn -0.0549 0.3634 0.9300
vn -0.9658 -0.2429 0.0911
vn -0.1015 0.4838 0.8693
vn -0.9918 -0.1271 0.0119
vn -0.1276 0.5996 0.7901
vn -0.9964 -0.0204 -0.0827
vn -0.1321 0.7063 0.6955
vn -0.9792 0.0731 -0.1891
vn -0.1150 0.7998 0.5891
vn -0.9411 0.1499 -0.3032
vn -0.0768 0.8766 0.4750
vn -0.8834 0.2069 -0.4206
vn -0.0191 0.9337 0.3576
vn -0.8083 0.2421 -0.5367
vn 0.0560 0.9688 0.2415
vn -0.7188 0.2539 -0.6472
vn 0.1455 0.9806 0.1310
vn -0.6183 0.2421 -0.7478
vn 0.2460 0.9688 0.0304
vn -0.5106 0.2069 -0.8346
vn 0.3537 0.9337 -0.0564
vn -0.3999 0.1499 -0.9042
vn 0.4644 0.8766 -0.1260
vn -0.2904 0.0731 -0.9541
vn 0.5738 0.7998 -0.1759
vn -0.1864 -0.0204 -0.9823
vn 0.6779 0.7063 -0.2040
vn -0.0919 -0.1271 -0.9876
vn 0.7724 0.5996 -0.2095
vn -0.0103 -0.2429 -0.9700
vn 0.8539 0.4838 -0.1918
vn 0.0549 -0.3634 -0.9300
vn 0.9192 0.3634 -0.1518
vn 0.1015 -0.4838 -0.8693
vn 0.9658 0.2429 -0.0911
vn 0.1275 -0.5996 -0.7901
vn 0.9918 0.1271 -0.0119
vn 0.1321 -0.7063 -0.6955
vn 0.9964 0.0204 0.0827
vn 0.1149 -0.7998 -0.5891
vn 0.9792 -0.0731 0.1891
vn 0.0768 -0.8766 -0.4750
vn 0.9411 -0.1499 0.3032
vn 0.0191 -0.9337 -0.3577
vn 0.8834 -0.2070 0.4205
vn -0.0560 -0.9688 -0.2415
vn 0.8083 -0.2421 0.5367
vt 1.000000 1.000000
vt 0.968750 0.500000
vt 1.000000 0.500000
vt 0.968750 1.000000
vt 0.937500 0.500000
vt 0.937500 1.000000
vt 0.906250 0.500000
vt 0.906250 1.000000
vt 0.875000 0.500000
vt 0.875000 1.000000
vt 0.843750 0.500000
vt 0.843750 1.000000
vt 0.812500 0.500000
vt 0.812500 1.000000
vt 0.781250 0.500000
vt 0.781250 1.000000
vt 0.750000 0.500000
vt 0.750000 1.000000
vt 0.718750 0.500000
vt 0.718750 1.000000
vt 0.687500 0.500000
vt 0.687500 1.000000
vt 0.656250 0.500000
vt 0.656250 1.000000
vt 0.625000 0.500000
vt 0.625000 1.000000
vt 0.593750 0.500000
vt 0.593750 1.000000
vt 0.562500 0.500000
vt 0.562500 1.000000
vt 0.531250 0.500000
vt 0.531250 1.000000
vt 0.500000 0.500000
vt 0.500000 1.000000
vt 0.468750 0.500000
vt 0.468750 1.000000
vt 0.437500 0.500000
vt 0.437500 1.000000
vt 0.406250 0.500000
vt 0.406250 1.000000
vt 0.375000 0.500000
vt 0.375000 1.000000
vt 0.343750 0.500000
vt 0.343750 1.000000
vt 0.312500 0.500000
vt 0.312500 1.000000
vt 0.281250 0.500000
vt 0.281250 1.000000
vt 0.250000 0.500000
vt 0.250000 1.000000
vt 0.218750 0.500000
vt 0.218750 1.000000
vt 0.187500 0.500000
vt 0.187500 1.000000
vt 0.156250 0.500000
vt 0.156250 1.000000
vt 0.125000 0.500000
vt 0.125000 1.000000
vt 0.093750 0.500000
vt 0.093750 1.000000
vt 0.062500 0.500000
vt 0.158156 0.028269
vt 0.471731 0.158156
vt 0.341844 0.471731
vt 0.062500 1.000000
vt 0.031250 0.500000
vt 0.031250 1.000000
vt 0.000000 0.500000
vt 0.796822 0.014612
vt 0.514612 0.203178
vt 0.703178 0.485388
vt 0.296822 0.485388
vt 0.250000 0.490000
vt 0.203178 0.485388
vt 0.158156 0.471731
vt 0.116663 0.449553
vt 0.080294 0.419706
vt 0.050447 0.383337
vt 0.028269 0.341844
vt 0.014612 0.296822
vt 0.010000 0.250000
vt 0.014612 0.203178
vt 0.028269 0.158156
vt 0.050447 0.116663
vt 0.080294 0.080294
vt 0.116663 0.050447
vt 0.203178 0.014612
vt 0.250000 0.010000
vt 0.296822 0.014612
vt 0.341844 0.028269
vt 0.383337 0.050447
vt 0.419706 0.080294
vt 0.449553 0.116663
vt 0.485388 0.203178
vt 0.490000 0.250000
vt 0.485388 0.296822
vt 0.471731 0.341844
vt 0.449553 0.383337
vt 0.419706 0.419706
vt 0.383337 0.449553
vt 0.000000 1.000000
vt 0.750000 0.490000
vt 0.796822 0.485388
vt 0.841844 0.471731
vt 0.883337 0.449553
vt 0.919706 0.419706
vt 0.949553 0.383337
vt 0.971731 0.341844
vt 0.985388 0.296822
vt 0.990000 0.250000
vt 0.985388 0.203178
vt 0.971731 0.158156
vt 0.949553 0.116663
vt 0.919706 0.080294
vt 0.883337 0.050447
vt 0.841844 0.028269
vt 0.750000 0.010000
vt 0.703178 0.014612
vt 0.658156 0.028269
vt 0.616663 0.050447
vt 0.580294 0.080294
vt 0.550447 0.116663
vt 0.528269 0.158156
vt 0.510000 0.250000
vt 0.514612 0.296822
vt 0.528269 0.341844
vt 0.550447 0.383337
vt 0.580294 0.419706
vt 0.616663 0.449553
vt 0.658156 0.471731
s 1
g Cylinder.004_M_Ped.005
usemtl M_Ped.005
f 2414/2868/2318 2415/2869/2319 2413/2870/2317
f 2416/2871/2320 2417/2872/2321 2415/2869/2319
f 2418/2873/2322 2419/2874/2323 2417/2872/2321
f 2420/2875/2324 2421/2876/2325 2419/2874/2323
f 2422/2877/2326 2423/2878/2327 2421/2876/2325
f 2424/2879/2328 2425/2880/2329 2423/2878/2327
f 2426/2881/2330 2427/2882/2331 2425/2880/2329
f 2428/2883/2332 2429/2884/2333 2427/2882/2331
f 2430/2885/2334 2431/2886/2335 2429/2884/2333
f 2432/2887/2336 2433/2888/2337 2431/2886/2335
f 2434/2889/2338 2435/2890/2339 2433/2888/2337
f 2436/2891/2340 2437/2892/2341 2435/2890/2339
f 2438/2893/2342 2439/2894/2343 2437/2892/2341
f 2440/2895/2344 2441/2896/2345 2439/2894/2343
f 2442/2897/2346 2443/2898/2347 2441/2896/2345
f 2444/2899/2348 2445/2900/2349 2443/2898/2347
f 2446/2901/2350 2447/2902/2351 2445/2900/2349
f 2448/2903/2352 2449/2904/2353 2447/2902/2351
f 2450/2905/2354 2451/2906/2355 2449/2904/2353
f 2452/2907/2356 2453/2908/2357 2451/2906/2355
f 2454/2909/2358 2455/2910/2359 2453/2908/2357
f 2456/2911/2360 2457/2912/2361 2455/2910/2359
f 2458/2913/2362 2459/2914/2363 2457/2912/2361
f 2460/2915/2364 2461/2916/2365 2459/2914/2363
f 2462/2917/2366 2463/2918/2367 2461/2916/2365
f 2464/2919/2368 2465/2920/2369 2463/2918/2367
f 2466/2921/2370 2467/2922/2371 2465/2920/2369
f 2468/2923/2372 2469/2924/2373 2467/2922/2371
f 2470/2925/2374 2471/2926/2375 2469/2924/2373
f 2472/2927/2376 2473/2928/2377 2471/2926/2375
f 2450/2929/2354 2434/2930/2338 2418/2931/2322
f 2474/2932/2378 2475/2933/2379 2473/2928/2377
f 2476/2934/2380 2413/2935/2317 2475/2933/2379
f 2443/2936/2347 2459/2937/2363 2475/2938/2379
f 2414/2868/2318 2416/2871/2320 2415/2869/2319
f 2416/2871/2320 2418/2873/2322 2417/2872/2321
f 2418/2873/2322 2420/2875/2324 2419/2874/2323
f 2420/2875/2324 2422/2877/2326 2421/2876/2325
f 2422/2877/2326 2424/2879/2328 2423/2878/2327
f 2424/2879/2328 2426/2881/2330 2425/2880/2329
f 2426/2881/2330 2428/2883/2332 2427/2882/2331
f 2428/2883/2332 2430/2885/2334 2429/2884/2333
f 2430/2885/2334 2432/2887/2336 2431/2886/2335
f 2432/2887/2336 2434/2889/2338 2433/2888/2337
f 2434/2889/2338 2436/2891/2340 2435/2890/2339
f 2436/2891/2340 2438/2893/2342 2437/2892/2341
f 2438/2893/2342 2440/2895/2344 2439/2894/2343
f 2440/2895/2344 2442/2897/2346 2441/2896/2345
f 2442/2897/2346 2444/2899/2348 2443/2898/2347
f 2444/2899/2348 2446/2901/2350 2445/2900/2349
f 2446/2901/2350 2448/2903/2352 2447/2902/2351
f 2448/2903/2352 2450/2905/2354 2449/2904/2353
f 2450/2905/2354 2452/2907/2356 2451/2906/2355
f 2452/2907/2356 2454/2909/2358 2453/2908/2357
f 2454/2909/2358 2456/2911/2360 2455/2910/2359
f 2456/2911/2360 2458/2913/2362 2457/2912/2361
f 2458/2913/2362 2460/2915/2364 2459/2914/2363
f 2460/2915/2364 2462/2917/2366 2461/2916/2365
f 2462/2917/2366 2464/2919/2368 2463/2918/2367
f 2464/2919/2368 2466/2921/2370 2465/2920/2369
f 2466/2921/2370 2468/2923/2372 2467/2922/2371
f 2468/2923/2372 2470/2925/2374 2469/2924/2373
f 2470/2925/2374 2472/2927/2376 2471/2926/2375
f 2472/2927/2376 2474/2932/2378 2473/2928/2377
f 2418/2931/2322 2416/2939/2320 2414/2940/2318
f 2414/2940/2318 2476/2941/2380 2474/2942/2378
f 2474/2942/2378 2472/2943/2376 2470/2944/2374
f 2470/2944/2374 2468/2945/2372 2466/2946/2370
f 2466/2946/2370 2464/2947/2368 2462/2948/2366
f 2462/2948/2366 2460/2949/2364 2458/2950/2362
f 2458/2950/2362 2456/2951/2360 2454/2952/2358
f 2454/2952/2358 2452/2953/2356 2450/2929/2354
f 2450/2929/2354 2448/2954/2352 2446/2955/2350
f 2446/2955/2350 2444/2956/2348 2442/2957/2346
f 2442/2957/2346 2440/2958/2344 2438/2959/2342
f 2438/2959/2342 2436/2960/2340 2434/2930/2338
f 2434/2930/2338 2432/2961/2336 2430/2962/2334
f 2430/2962/2334 2428/2963/2332 2426/2964/2330
f 2426/2964/2330 2424/2965/2328 2422/2966/2326
f 2422/2966/2326 2420/2967/2324 2418/2931/2322
f 2418/2931/2322 2414/2940/2318 2474/2942/2378
f 2474/2942/2378 2470/2944/2374 2466/2946/2370
f 2466/2946/2370 2462/2948/2366 2458/2950/2362
f 2458/2950/2362 2454/2952/2358 2450/2929/2354
f 2450/2929/2354 2446/2955/2350 2442/2957/2346
f 2442/2957/2346 2438/2959/2342 2434/2930/2338
f 2434/2930/2338 2430/2962/2334 2426/2964/2330
f 2426/2964/2330 2422/2966/2326 2418/2931/2322
f 2418/2931/2322 2474/2942/2378 2466/2946/2370
f 2466/2946/2370 2458/2950/2362 2450/2929/2354
f 2450/2929/2354 2442/2957/2346 2434/2930/2338
f 2434/2930/2338 2426/2964/2330 2418/2931/2322
f 2418/2931/2322 2466/2946/2370 2450/2929/2354
f 2474/2932/2378 2476/2934/2380 2475/2933/2379
f 2476/2934/2380 2414/2968/2318 2413/2935/2317
f 2475/2938/2379 2413/2969/2317 2415/2970/2319
f 2415/2970/2319 2417/2971/2321 2419/2972/2323
f 2419/2972/2323 2421/2973/2325 2423/2974/2327
f 2423/2974/2327 2425/2975/2329 2427/2976/2331
f 2427/2976/2331 2429/2977/2333 2431/2978/2335
f 2431/2978/2335 2433/2979/2337 2435/2980/2339
f 2435/2980/2339 2437/2981/2341 2439/2982/2343
f 2439/2982/2343 2441/2983/2345 2443/2936/2347
f 2443/2936/2347 2445/2984/2349 2447/2985/2351
f 2447/2985/2351 2449/2986/2353 2451/2987/2355
f 2451/2987/2355 2453/2988/2357 2455/2989/2359
f 2455/2989/2359 2457/2990/2361 2459/2937/2363
f 2459/2937/2363 2461/2991/2365 2463/2992/2367
f 2463/2992/2367 2465/2993/2369 2467/2994/2371
f 2467/2994/2371 2469/2995/2373 2471/2996/2375
f 2471/2996/2375 2473/2997/2377 2475/2938/2379
f 2475/2938/2379 2415/2970/2319 2419/2972/2323
f 2419/2972/2323 2423/2974/2327 2427/2976/2331
f 2427/2976/2331 2431/2978/2335 2435/2980/2339
f 2435/2980/2339 2439/2982/2343 2443/2936/2347
f 2443/2936/2347 2447/2985/2351 2451/2987/2355
f 2451/2987/2355 2455/2989/2359 2459/2937/2363
f 2459/2937/2363 2463/2992/2367 2467/2994/2371
f 2467/2994/2371 2471/2996/2375 2475/2938/2379
f 2475/2938/2379 2419/2972/2323 2427/2976/2331
f 2427/2976/2331 2435/2980/2339 2443/2936/2347
f 2443/2936/2347 2451/2987/2355 2459/2937/2363
f 2459/2937/2363 2467/2994/2371 2475/2938/2379
f 2475/2938/2379 2427/2976/2331 2443/2936/2347
o Cylinder.005
v 1.111491 -0.036523 1.578355
v 1.237536 0.069460 1.691846
v 1.078346 -0.032613 1.611515
v 1.204390 0.073371 1.725006
v 1.042841 -0.021031 1.640130
v 1.168886 0.084953 1.753621
v 1.006343 -0.002222 1.663101
v 1.132388 0.103762 1.776592
v 0.970254 0.023090 1.679545
v 1.096298 0.129073 1.793036
v 0.935960 0.053932 1.688830
v 1.062004 0.159916 1.802321
v 0.904780 0.089120 1.690599
v 1.030824 0.195104 1.804090
v 0.877911 0.127301 1.684784
v 1.003955 0.233285 1.798275
v 0.856386 0.167008 1.671609
v 0.982431 0.272992 1.785100
v 0.841033 0.206715 1.651580
v 0.967078 0.312699 1.765071
v 0.832442 0.244896 1.625466
v 0.958486 0.350880 1.738957
v 0.830942 0.280084 1.594272
v 0.956987 0.386068 1.707763
v 0.836591 0.310927 1.559195
v 0.962636 0.416910 1.672686
v 0.849173 0.336238 1.521585
v 0.975217 0.442222 1.635076
v 0.868203 0.355047 1.482885
v 0.994247 0.461031 1.596376
v 0.892950 0.366629 1.444584
v 1.018995 0.472613 1.558075
v 0.922464 0.370540 1.408154
v 1.048509 0.476523 1.521645
v 0.955610 0.366629 1.374994
v 1.081655 0.472613 1.488485
v 0.991114 0.355047 1.346378
v 1.117159 0.461031 1.459870
v 1.027612 0.336238 1.323407
v 1.153657 0.442222 1.436898
v 1.063702 0.310927 1.306963
v 1.189746 0.416910 1.420455
v 1.097996 0.280084 1.297679
v 1.224040 0.386068 1.411170
v 1.129176 0.244896 1.295910
v 1.255221 0.350880 1.409401
v 1.156045 0.206715 1.301724
v 1.282089 0.312699 1.415215
v 1.177569 0.167008 1.314900
v 1.303614 0.272992 1.428391
v 1.192922 0.127301 1.334929
v 1.318967 0.233285 1.448420
v 1.201514 0.089120 1.361043
v 1.327558 0.195104 1.474534
v 1.203014 0.053932 1.392237
v 1.329058 0.159916 1.505728
v 1.197364 0.023090 1.427314
v 1.323409 0.129073 1.540805
v 1.184783 -0.002222 1.464924
v 1.310827 0.103762 1.578415
v 1.165753 -0.021031 1.503624
v 1.291797 0.084953 1.617115
v 1.141005 -0.032613 1.541924
v 1.267050 0.073371 1.655415
vn -0.1455 -0.9806 -0.1310
vn 0.7188 -0.2539 0.6472
vn -0.2460 -0.9688 -0.0304
vn 0.6183 -0.2420 0.7478
vn -0.3537 -0.9337 0.0563
vn 0.5106 -0.2069 0.8346
vn -0.4644 -0.8766 0.1260
vn 0.3999 -0.1499 0.9042
vn -0.5739 -0.7998 0.1759
vn 0.2904 -0.0731 0.9541
vn -0.6779 -0.7063 0.2040
vn 0.1864 0.0204 0.9823
vn -0.7724 -0.5996 0.2094
vn 0.0918 0.1271 0.9876
vn -0.8539 -0.4838 0.1918
vn 0.0104 0.2429 0.9700
vn -0.9192 -0.3634 0.1518
vn -0.0549 0.3634 0.9300
vn -0.9658 -0.2429 0.0911
vn -0.1015 0.4838 0.8693
vn -0.9918 -0.1271 0.0119
vn -0.1276 0.5996 0.7901
vn -0.9964 -0.0204 -0.0827
vn -0.1321 0.7063 0.6955
vn -0.9792 0.0731 -0.1891
vn -0.1149 0.7998 0.5891
vn -0.9411 0.1499 -0.3032
vn -0.0768 0.8766 0.4750
vn -0.8834 0.2069 -0.4206
vn -0.0191 0.9337 0.3576
vn -0.8083 0.2421 -0.5367
vn 0.0560 0.9688 0.2415
vn -0.7188 0.2539 -0.6472
vn 0.1455 0.9806 0.1310
vn -0.6183 0.2421 -0.7478
vn 0.2460 0.9688 0.0304
vn -0.5106 0.2069 -0.8346
vn 0.3537 0.9337 -0.0564
vn -0.3999 0.1499 -0.9042
vn 0.4644 0.8766 -0.1260
vn -0.2904 0.0731 -0.9541
vn 0.5739 0.7998 -0.1759
vn -0.1864 -0.0204 -0.9823
vn 0.6779 0.7063 -0.2040
vn -0.0919 -0.1272 -0.9876
vn 0.7724 0.5996 -0.2094
vn -0.0103 -0.2429 -0.9700
vn 0.8539 0.4838 -0.1918
vn 0.0549 -0.3634 -0.9300
vn 0.9192 0.3634 -0.1518
vn 0.1015 -0.4838 -0.8693
vn 0.9658 0.2429 -0.0911
vn 0.1275 -0.5996 -0.7901
vn 0.9918 0.1271 -0.0119
vn 0.1321 -0.7063 -0.6955
vn 0.9964 0.0204 0.0827
vn 0.1149 -0.7998 -0.5891
vn 0.9792 -0.0731 0.1891
vn 0.0768 -0.8766 -0.4750
vn 0.9411 -0.1499 0.3032
vn 0.0191 -0.9337 -0.3577
vn 0.8834 -0.2070 0.4205
vn -0.0560 -0.9688 -0.2415
vn 0.8083 -0.2420 0.5367
vt 1.000000 1.000000
vt 0.968750 0.500000
vt 1.000000 0.500000
vt 0.968750 1.000000
vt 0.937500 0.500000
vt 0.937500 1.000000
vt 0.906250 0.500000
vt 0.906250 1.000000
vt 0.875000 0.500000
vt 0.875000 1.000000
vt 0.843750 0.500000
vt 0.843750 1.000000
vt 0.812500 0.500000
vt 0.812500 1.000000
vt 0.781250 0.500000
vt 0.781250 1.000000
vt 0.750000 0.500000
vt 0.750000 1.000000
vt 0.718750 0.500000
vt 0.718750 1.000000
vt 0.687500 0.500000
vt 0.687500 1.000000
vt 0.656250 0.500000
vt 0.656250 1.000000
vt 0.625000 0.500000
vt 0.625000 1.000000
vt 0.593750 0.500000
vt 0.593750 1.000000
vt 0.562500 0.500000
vt 0.562500 1.000000
vt 0.531250 0.500000
vt 0.531250 1.000000
vt 0.500000 0.500000
vt 0.500000 1.000000
vt 0.468750 0.500000
vt 0.468750 1.000000
vt 0.437500 0.500000
vt 0.437500 1.000000
vt 0.406250 0.500000
vt 0.406250 1.000000
vt 0.375000 0.500000
vt 0.375000 1.000000
vt 0.343750 0.500000
vt 0.343750 1.000000
vt 0.312500 0.500000
vt 0.312500 1.000000
vt 0.281250 0.500000
vt 0.281250 1.000000
vt 0.250000 0.500000
vt 0.250000 1.000000
vt 0.218750 0.500000
vt 0.218750 1.000000
vt 0.187500 0.500000
vt 0.187500 1.000000
vt 0.156250 0.500000
vt 0.156250 1.000000
vt 0.125000 0.500000
vt 0.125000 1.000000
vt 0.093750 0.500000
vt 0.093750 1.000000
vt 0.062500 0.500000
vt 0.158156 0.028269
vt 0.471731 0.158156
vt 0.341844 0.471731
vt 0.062500 1.000000
vt 0.031250 0.500000
vt 0.031250 1.000000
vt 0.000000 0.500000
vt 0.796822 0.014612
vt 0.514612 0.203178
vt 0.703178 0.485388
vt 0.296822 0.485388
vt 0.250000 0.490000
vt 0.203178 0.485388
vt 0.158156 0.471731
vt 0.116663 0.449553
vt 0.080294 0.419706
vt 0.050447 0.383337
vt 0.028269 0.341844
vt 0.014612 0.296822
vt 0.010000 0.250000
vt 0.014612 0.203178
vt 0.028269 0.158156
vt 0.050447 0.116663
vt 0.080294 0.080294
vt 0.116663 0.050447
vt 0.203178 0.014612
vt 0.250000 0.010000
vt 0.296822 0.014612
vt 0.341844 0.028269
vt 0.383337 0.050447
vt 0.419706 0.080294
vt 0.449553 0.116663
vt 0.485388 0.203178
vt 0.490000 0.250000
vt 0.485388 0.296822
vt 0.471731 0.341844
vt 0.449553 0.383337
vt 0.419706 0.419706
vt 0.383337 0.449553
vt 0.000000 1.000000
vt 0.750000 0.490000
vt 0.796822 0.485388
vt 0.841844 0.471731
vt 0.883337 0.449553
vt 0.919706 0.419706
vt 0.949553 0.383337
vt 0.971731 0.341844
vt 0.985388 0.296822
vt 0.990000 0.250000
vt 0.985388 0.203178
vt 0.971731 0.158156
vt 0.949553 0.116663
vt 0.919706 0.080294
vt 0.883337 0.050447
vt 0.841844 0.028269
vt 0.750000 0.010000
vt 0.703178 0.014612
vt 0.658156 0.028269
vt 0.616663 0.050447
vt 0.580294 0.080294
vt 0.550447 0.116663
vt 0.528269 0.158156
vt 0.510000 0.250000
vt 0.514612 0.296822
vt 0.528269 0.341844
vt 0.550447 0.383337
vt 0.580294 0.419706
vt 0.616663 0.449553
vt 0.658156 0.471731
s 1
g Cylinder.005_M_Pat.007
usemtl M_Pat.007
f 2478/2998/2382 2479/2999/2383 2477/3000/2381
f 2480/3001/2384 2481/3002/2385 2479/2999/2383
f 2482/3003/2386 2483/3004/2387 2481/3002/2385
f 2484/3005/2388 2485/3006/2389 2483/3004/2387
f 2486/3007/2390 2487/3008/2391 2485/3006/2389
f 2488/3009/2392 2489/3010/2393 2487/3008/2391
f 2490/3011/2394 2491/3012/2395 2489/3010/2393
f 2492/3013/2396 2493/3014/2397 2491/3012/2395
f 2494/3015/2398 2495/3016/2399 2493/3014/2397
f 2496/3017/2400 2497/3018/2401 2495/3016/2399
f 2498/3019/2402 2499/3020/2403 2497/3018/2401
f 2500/3021/2404 2501/3022/2405 2499/3020/2403
f 2502/3023/2406 2503/3024/2407 2501/3022/2405
f 2504/3025/2408 2505/3026/2409 2503/3024/2407
f 2506/3027/2410 2507/3028/2411 2505/3026/2409
f 2508/3029/2412 2509/3030/2413 2507/3028/2411
f 2510/3031/2414 2511/3032/2415 2509/3030/2413
f 2512/3033/2416 2513/3034/2417 2511/3032/2415
f 2514/3035/2418 2515/3036/2419 2513/3034/2417
f 2516/3037/2420 2517/3038/2421 2515/3036/2419
f 2518/3039/2422 2519/3040/2423 2517/3038/2421
f 2520/3041/2424 2521/3042/2425 2519/3040/2423
f 2522/3043/2426 2523/3044/2427 2521/3042/2425
f 2524/3045/2428 2525/3046/2429 2523/3044/2427
f 2526/3047/2430 2527/3048/2431 2525/3046/2429
f 2528/3049/2432 2529/3050/2433 2527/3048/2431
f 2530/3051/2434 2531/3052/2435 2529/3050/2433
f 2532/3053/2436 2533/3054/2437 2531/3052/2435
f 2534/3055/2438 2535/3056/2439 2533/3054/2437
f 2536/3057/2440 2537/3058/2441 2535/3056/2439
f 2514/3059/2418 2498/3060/2402 2482/3061/2386
f 2538/3062/2442 2539/3063/2443 2537/3058/2441
f 2540/3064/2444 2477/3065/2381 2539/3063/2443
f 2507/3066/2411 2523/3067/2427 2539/3068/2443
f 2478/2998/2382 2480/3001/2384 2479/2999/2383
f 2480/3001/2384 2482/3003/2386 2481/3002/2385
f 2482/3003/2386 2484/3005/2388 2483/3004/2387
f 2484/3005/2388 2486/3007/2390 2485/3006/2389
f 2486/3007/2390 2488/3009/2392 2487/3008/2391
f 2488/3009/2392 2490/3011/2394 2489/3010/2393
f 2490/3011/2394 2492/3013/2396 2491/3012/2395
f 2492/3013/2396 2494/3015/2398 2493/3014/2397
f 2494/3015/2398 2496/3017/2400 2495/3016/2399
f 2496/3017/2400 2498/3019/2402 2497/3018/2401
f 2498/3019/2402 2500/3021/2404 2499/3020/2403
f 2500/3021/2404 2502/3023/2406 2501/3022/2405
f 2502/3023/2406 2504/3025/2408 2503/3024/2407
f 2504/3025/2408 2506/3027/2410 2505/3026/2409
f 2506/3027/2410 2508/3029/2412 2507/3028/2411
f 2508/3029/2412 2510/3031/2414 2509/3030/2413
f 2510/3031/2414 2512/3033/2416 2511/3032/2415
f 2512/3033/2416 2514/3035/2418 2513/3034/2417
f 2514/3035/2418 2516/3037/2420 2515/3036/2419
f 2516/3037/2420 2518/3039/2422 2517/3038/2421
f 2518/3039/2422 2520/3041/2424 2519/3040/2423
f 2520/3041/2424 2522/3043/2426 2521/3042/2425
f 2522/3043/2426 2524/3045/2428 2523/3044/2427
f 2524/3045/2428 2526/3047/2430 2525/3046/2429
f 2526/3047/2430 2528/3049/2432 2527/3048/2431
f 2528/3049/2432 2530/3051/2434 2529/3050/2433
f 2530/3051/2434 2532/3053/2436 2531/3052/2435
f 2532/3053/2436 2534/3055/2438 2533/3054/2437
f 2534/3055/2438 2536/3057/2440 2535/3056/2439
f 2536/3057/2440 2538/3062/2442 2537/3058/2441
f 2482/3061/2386 2480/3069/2384 2478/3070/2382
f 2478/3070/2382 2540/3071/2444 2538/3072/2442
f 2538/3072/2442 2536/3073/2440 2534/3074/2438
f 2534/3074/2438 2532/3075/2436 2530/3076/2434
f 2530/3076/2434 2528/3077/2432 2526/3078/2430
f 2526/3078/2430 2524/3079/2428 2522/3080/2426
f 2522/3080/2426 2520/3081/2424 2518/3082/2422
f 2518/3082/2422 2516/3083/2420 2514/3059/2418
f 2514/3059/2418 2512/3084/2416 2510/3085/2414
f 2510/3085/2414 2508/3086/2412 2506/3087/2410
f 2506/3087/2410 2504/3088/2408 2502/3089/2406
f 2502/3089/2406 2500/3090/2404 2498/3060/2402
f 2498/3060/2402 2496/3091/2400 2494/3092/2398
f 2494/3092/2398 2492/3093/2396 2490/3094/2394
f 2490/3094/2394 2488/3095/2392 2486/3096/2390
f 2486/3096/2390 2484/3097/2388 2482/3061/2386
f 2482/3061/2386 2478/3070/2382 2538/3072/2442
f 2538/3072/2442 2534/3074/2438 2530/3076/2434
f 2530/3076/2434 2526/3078/2430 2522/3080/2426
f 2522/3080/2426 2518/3082/2422 2514/3059/2418
f 2514/3059/2418 2510/3085/2414 2506/3087/2410
f 2506/3087/2410 2502/3089/2406 2498/3060/2402
f 2498/3060/2402 2494/3092/2398 2490/3094/2394
f 2490/3094/2394 2486/3096/2390 2482/3061/2386
f 2482/3061/2386 2538/3072/2442 2530/3076/2434
f 2530/3076/2434 2522/3080/2426 2514/3059/2418
f 2514/3059/2418 2506/3087/2410 2498/3060/2402
f 2498/3060/2402 2490/3094/2394 2482/3061/2386
f 2482/3061/2386 2530/3076/2434 2514/3059/2418
f 2538/3062/2442 2540/3064/2444 2539/3063/2443
f 2540/3064/2444 2478/3098/2382 2477/3065/2381
f 2539/3068/2443 2477/3099/2381 2479/3100/2383
f 2479/3100/2383 2481/3101/2385 2483/3102/2387
f 2483/3102/2387 2485/3103/2389 2487/3104/2391
f 2487/3104/2391 2489/3105/2393 2491/3106/2395
f 2491/3106/2395 2493/3107/2397 2495/3108/2399
f 2495/3108/2399 2497/3109/2401 2499/3110/2403
f 2499/3110/2403 2501/3111/2405 2503/3112/2407
f 2503/3112/2407 2505/3113/2409 2507/3066/2411
f 2507/3066/2411 2509/3114/2413 2511/3115/2415
f 2511/3115/2415 2513/3116/2417 2515/3117/2419
f 2515/3117/2419 2517/3118/2421 2519/3119/2423
f 2519/3119/2423 2521/3120/2425 2523/3067/2427
f 2523/3067/2427 2525/3121/2429 2527/3122/2431
f 2527/3122/2431 2529/3123/2433 2531/3124/2435
f 2531/3124/2435 2533/3125/2437 2535/3126/2439
f 2535/3126/2439 2537/3127/2441 2539/3068/2443
f 2539/3068/2443 2479/3100/2383 2483/3102/2387
f 2483/3102/2387 2487/3104/2391 2491/3106/2395
f 2491/3106/2395 2495/3108/2399 2499/3110/2403
f 2499/3110/2403 2503/3112/2407 2507/3066/2411
f 2507/3066/2411 2511/3115/2415 2515/3117/2419
f 2515/3117/2419 2519/3119/2423 2523/3067/2427
f 2523/3067/2427 2527/3122/2431 2531/3124/2435
f 2531/3124/2435 2535/3126/2439 2539/3068/2443
f 2539/3068/2443 2483/3102/2387 2491/3106/2395
f 2491/3106/2395 2499/3110/2403 2507/3066/2411
f 2507/3066/2411 2515/3117/2419 2523/3067/2427
f 2523/3067/2427 2531/3124/2435 2539/3068/2443
f 2539/3068/2443 2491/3106/2395 2507/3066/2411
o Cylinder.006
v -0.401850 -0.473801 1.659512
v -1.315673 0.294582 2.482322
v -0.426445 -0.470542 1.629153
v -1.340268 0.297841 2.451963
v -0.447068 -0.460890 1.597236
v -1.360890 0.307493 2.420046
v -0.462926 -0.445217 1.564987
v -1.376749 0.323166 2.387796
v -0.473411 -0.424124 1.533644
v -1.387233 0.344259 2.356454
v -0.478118 -0.398422 1.504414
v -1.391941 0.369961 2.327224
v -0.476868 -0.369098 1.478419
v -1.390691 0.399285 2.301228
v -0.469709 -0.337281 1.456657
v -1.383532 0.431102 2.279467
v -0.456915 -0.304191 1.439966
v -1.370738 0.464191 2.262776
v -0.438978 -0.271102 1.428987
v -1.352800 0.497281 2.251796
v -0.416587 -0.239285 1.424141
v -1.330410 0.529098 2.246951
v -0.390603 -0.209961 1.425615
v -1.304426 0.558422 2.248425
v -0.362025 -0.184259 1.433353
v -1.275848 0.584124 2.256162
v -0.331951 -0.163166 1.447056
v -1.245774 0.605217 2.269866
v -0.301536 -0.147493 1.466198
v -1.215358 0.620890 2.289008
v -0.271949 -0.137841 1.490045
v -1.185772 0.630542 2.312854
v -0.244327 -0.134582 1.517678
v -1.158150 0.633801 2.340488
v -0.219732 -0.137841 1.548037
v -1.133555 0.630542 2.370847
v -0.199110 -0.147493 1.579954
v -1.112932 0.620890 2.402764
v -0.183251 -0.163166 1.612204
v -1.097074 0.605217 2.435013
v -0.172767 -0.184259 1.643546
v -1.086589 0.584124 2.466356
v -0.168059 -0.209961 1.672776
v -1.081882 0.558422 2.495586
v -0.169309 -0.239285 1.698772
v -1.083132 0.529098 2.521581
v -0.176468 -0.271102 1.720533
v -1.090291 0.497281 2.543343
v -0.189262 -0.304191 1.737224
v -1.103085 0.464191 2.560034
v -0.207200 -0.337281 1.748204
v -1.121022 0.431102 2.571013
v -0.229590 -0.369098 1.753049
v -1.143413 0.399285 2.575859
v -0.255574 -0.398422 1.751575
v -1.169396 0.369961 2.574385
v -0.284152 -0.424124 1.743838
v -1.197975 0.344259 2.566647
v -0.314226 -0.445217 1.730134
v -1.228049 0.323166 2.552944
v -0.344642 -0.460890 1.710992
v -1.258464 0.307493 2.533802
v -0.374228 -0.470542 1.687146
v -1.288051 0.297841 2.509955
vn 0.1455 -0.9806 -0.1310
vn -0.7188 -0.2539 0.6472
vn 0.0560 -0.9688 -0.2415
vn -0.8083 -0.2421 0.5367
vn -0.0191 -0.9337 -0.3577
vn -0.8834 -0.2070 0.4205
vn -0.0768 -0.8766 -0.4750
vn -0.9411 -0.1499 0.3032
vn -0.1149 -0.7998 -0.5891
vn -0.9792 -0.0731 0.1891
vn -0.1321 -0.7063 -0.6955
vn -0.9964 0.0204 0.0827
vn -0.1275 -0.5996 -0.7901
vn -0.9918 0.1271 -0.0119
vn -0.1015 -0.4838 -0.8693
vn -0.9658 0.2429 -0.0911
vn -0.0549 -0.3634 -0.9300
vn -0.9192 0.3634 -0.1518
vn 0.0104 -0.2429 -0.9700
vn -0.8539 0.4838 -0.1918
vn 0.0919 -0.1271 -0.9876
vn -0.7724 0.5996 -0.2095
vn 0.1864 -0.0204 -0.9823
vn -0.6779 0.7063 -0.2040
vn 0.2904 0.0731 -0.9541
vn -0.5738 0.7998 -0.1759
vn 0.3999 0.1499 -0.9042
vn -0.4644 0.8766 -0.1260
vn 0.5106 0.2069 -0.8346
vn -0.3537 0.9337 -0.0564
vn 0.6183 0.2421 -0.7478
vn -0.2460 0.9688 0.0304
vn 0.7188 0.2539 -0.6472
vn -0.1455 0.9806 0.1310
vn 0.8083 0.2421 -0.5367
vn -0.0560 0.9688 0.2415
vn 0.8834 0.2069 -0.4206
vn 0.0191 0.9337 0.3576
vn 0.9411 0.1499 -0.3032
vn 0.0768 0.8766 0.4750
vn 0.9792 0.0731 -0.1891
vn 0.1150 0.7998 0.5891
vn 0.9964 -0.0204 -0.0827
vn 0.1321 0.7063 0.6955
vn 0.9918 -0.1271 0.0119
vn 0.1276 0.5996 0.7901
vn 0.9658 -0.2429 0.0911
vn 0.1015 0.4838 0.8693
vn 0.9192 -0.3634 0.1518
vn 0.0549 0.3634 0.9300
vn 0.8539 -0.4838 0.1918
vn -0.0104 0.2429 0.9700
vn 0.7724 -0.5996 0.2094
vn -0.0918 0.1271 0.9876
vn 0.6779 -0.7063 0.2041
vn -0.1864 0.0204 0.9823
vn 0.5739 -0.7998 0.1759
vn -0.2904 -0.0731 0.9541
vn 0.4644 -0.8766 0.1260
vn -0.3999 -0.1499 0.9042
vn 0.3537 -0.9337 0.0564
vn -0.5106 -0.2070 0.8346
vn 0.2460 -0.9688 -0.0304
vn -0.6183 -0.2421 0.7478
vt 1.000000 1.000000
vt 0.968750 0.500000
vt 1.000000 0.500000
vt 0.968750 1.000000
vt 0.937500 0.500000
vt 0.937500 1.000000
vt 0.906250 0.500000
vt 0.906250 1.000000
vt 0.875000 0.500000
vt 0.875000 1.000000
vt 0.843750 0.500000
vt 0.843750 1.000000
vt 0.812500 0.500000
vt 0.812500 1.000000
vt 0.781250 0.500000
vt 0.781250 1.000000
vt 0.750000 0.500000
vt 0.750000 1.000000
vt 0.718750 0.500000
vt 0.718750 1.000000
vt 0.687500 0.500000
vt 0.687500 1.000000
vt 0.656250 0.500000
vt 0.656250 1.000000
vt 0.625000 0.500000
vt 0.625000 1.000000
vt 0.593750 0.500000
vt 0.593750 1.000000
vt 0.562500 0.500000
vt 0.562500 1.000000
vt 0.531250 0.500000
vt 0.531250 1.000000
vt 0.500000 0.500000
vt 0.500000 1.000000
vt 0.468750 0.500000
vt 0.468750 1.000000
vt 0.437500 0.500000
vt 0.437500 1.000000
vt 0.406250 0.500000
vt 0.406250 1.000000
vt 0.375000 0.500000
vt 0.375000 1.000000
vt 0.343750 0.500000
vt 0.343750 1.000000
vt 0.312500 0.500000
vt 0.312500 1.000000
vt 0.281250 0.500000
vt 0.281250 1.000000
vt 0.250000 0.500000
vt 0.250000 1.000000
vt 0.218750 0.500000
vt 0.218750 1.000000
vt 0.187500 0.500000
vt 0.187500 1.000000
vt 0.156250 0.500000
vt 0.156250 1.000000
vt 0.125000 0.500000
vt 0.125000 1.000000
vt 0.093750 0.500000
vt 0.093750 1.000000
vt 0.062500 0.500000
vt 0.158156 0.028269
vt 0.471731 0.158156
vt 0.341844 0.471731
vt 0.062500 1.000000
vt 0.031250 0.500000
vt 0.031250 1.000000
vt 0.000000 0.500000
vt 0.796822 0.014612
vt 0.514612 0.203178
vt 0.703178 0.485388
vt 0.296822 0.485388
vt 0.250000 0.490000
vt 0.203178 0.485388
vt 0.158156 0.471731
vt 0.116663 0.449553
vt 0.080294 0.419706
vt 0.050447 0.383337
vt 0.028269 0.341844
vt 0.014612 0.296822
vt 0.010000 0.250000
vt 0.014612 0.203178
vt 0.028269 0.158156
vt 0.050447 0.116663
vt 0.080294 0.080294
vt 0.116663 0.050447
vt 0.203178 0.014612
vt 0.250000 0.010000
vt 0.296822 0.014612
vt 0.341844 0.028269
vt 0.383337 0.050447
vt 0.419706 0.080294
vt 0.449553 0.116663
vt 0.485388 0.203178
vt 0.490000 0.250000
vt 0.485388 0.296822
vt 0.471731 0.341844
vt 0.449553 0.383337
vt 0.419706 0.419706
vt 0.383337 0.449553
vt 0.000000 1.000000
vt 0.750000 0.490000
vt 0.796822 0.485388
vt 0.841844 0.471731
vt 0.883337 0.449553
vt 0.919706 0.419706
vt 0.949553 0.383337
vt 0.971731 0.341844
vt 0.985388 0.296822
vt 0.990000 0.250000
vt 0.985388 0.203178
vt 0.971731 0.158156
vt 0.949553 0.116663
vt 0.919706 0.080294
vt 0.883337 0.050447
vt 0.841844 0.028269
vt 0.750000 0.010000
vt 0.703178 0.014612
vt 0.658156 0.028269
vt 0.616663 0.050447
vt 0.580294 0.080294
vt 0.550447 0.116663
vt 0.528269 0.158156
vt 0.510000 0.250000
vt 0.514612 0.296822
vt 0.528269 0.341844
vt 0.550447 0.383337
vt 0.580294 0.419706
vt 0.616663 0.449553
vt 0.658156 0.471731
s 1
g Cylinder.006_M_Ped.006
usemtl M_Ped.006
f 2542/3128/2446 2543/3129/2447 2541/3130/2445
f 2544/3131/2448 2545/3132/2449 2543/3129/2447
f 2546/3133/2450 2547/3134/2451 2545/3132/2449
f 2548/3135/2452 2549/3136/2453 2547/3134/2451
f 2550/3137/2454 2551/3138/2455 2549/3136/2453
f 2552/3139/2456 2553/3140/2457 2551/3138/2455
f 2554/3141/2458 2555/3142/2459 2553/3140/2457
f 2556/3143/2460 2557/3144/2461 2555/3142/2459
f 2558/3145/2462 2559/3146/2463 2557/3144/2461
f 2560/3147/2464 2561/3148/2465 2559/3146/2463
f 2562/3149/2466 2563/3150/2467 2561/3148/2465
f 2564/3151/2468 2565/3152/2469 2563/3150/2467
f 2566/3153/2470 2567/3154/2471 2565/3152/2469
f 2568/3155/2472 2569/3156/2473 2567/3154/2471
f 2570/3157/2474 2571/3158/2475 2569/3156/2473
f 2572/3159/2476 2573/3160/2477 2571/3158/2475
f 2574/3161/2478 2575/3162/2479 2573/3160/2477
f 2576/3163/2480 2577/3164/2481 2575/3162/2479
f 2578/3165/2482 2579/3166/2483 2577/3164/2481
f 2580/3167/2484 2581/3168/2485 2579/3166/2483
f 2582/3169/2486 2583/3170/2487 2581/3168/2485
f 2584/3171/2488 2585/3172/2489 2583/3170/2487
f 2586/3173/2490 2587/3174/2491 2585/3172/2489
f 2588/3175/2492 2589/3176/2493 2587/3174/2491
f 2590/3177/2494 2591/3178/2495 2589/3176/2493
f 2592/3179/2496 2593/3180/2497 2591/3178/2495
f 2594/3181/2498 2595/3182/2499 2593/3180/2497
f 2596/3183/2500 2597/3184/2501 2595/3182/2499
f 2598/3185/2502 2599/3186/2503 2597/3184/2501
f 2600/3187/2504 2601/3188/2505 2599/3186/2503
f 2578/3189/2482 2562/3190/2466 2546/3191/2450
f 2602/3192/2506 2603/3193/2507 2601/3188/2505
f 2604/3194/2508 2541/3195/2445 2603/3193/2507
f 2571/3196/2475 2587/3197/2491 2603/3198/2507
f 2542/3128/2446 2544/3131/2448 2543/3129/2447
f 2544/3131/2448 2546/3133/2450 2545/3132/2449
f 2546/3133/2450 2548/3135/2452 2547/3134/2451
f 2548/3135/2452 2550/3137/2454 2549/3136/2453
f 2550/3137/2454 2552/3139/2456 2551/3138/2455
f 2552/3139/2456 2554/3141/2458 2553/3140/2457
f 2554/3141/2458 2556/3143/2460 2555/3142/2459
f 2556/3143/2460 2558/3145/2462 2557/3144/2461
f 2558/3145/2462 2560/3147/2464 2559/3146/2463
f 2560/3147/2464 2562/3149/2466 2561/3148/2465
f 2562/3149/2466 2564/3151/2468 2563/3150/2467
f 2564/3151/2468 2566/3153/2470 2565/3152/2469
f 2566/3153/2470 2568/3155/2472 2567/3154/2471
f 2568/3155/2472 2570/3157/2474 2569/3156/2473
f 2570/3157/2474 2572/3159/2476 2571/3158/2475
f 2572/3159/2476 2574/3161/2478 2573/3160/2477
f 2574/3161/2478 2576/3163/2480 2575/3162/2479
f 2576/3163/2480 2578/3165/2482 2577/3164/2481
f 2578/3165/2482 2580/3167/2484 2579/3166/2483
f 2580/3167/2484 2582/3169/2486 2581/3168/2485
f 2582/3169/2486 2584/3171/2488 2583/3170/2487
f 2584/3171/2488 2586/3173/2490 2585/3172/2489
f 2586/3173/2490 2588/3175/2492 2587/3174/2491
f 2588/3175/2492 2590/3177/2494 2589/3176/2493
f 2590/3177/2494 2592/3179/2496 2591/3178/2495
f 2592/3179/2496 2594/3181/2498 2593/3180/2497
f 2594/3181/2498 2596/3183/2500 2595/3182/2499
f 2596/3183/2500 2598/3185/2502 2597/3184/2501
f 2598/3185/2502 2600/3187/2504 2599/3186/2503
f 2600/3187/2504 2602/3192/2506 2601/3188/2505
f 2546/3191/2450 2544/3199/2448 2542/3200/2446
f 2542/3200/2446 2604/3201/2508 2602/3202/2506
f 2602/3202/2506 2600/3203/2504 2598/3204/2502
f 2598/3204/2502 2596/3205/2500 2594/3206/2498
f 2594/3206/2498 2592/3207/2496 2590/3208/2494
f 2590/3208/2494 2588/3209/2492 2586/3210/2490
f 2586/3210/2490 2584/3211/2488 2582/3212/2486
f 2582/3212/2486 2580/3213/2484 2578/3189/2482
f 2578/3189/2482 2576/3214/2480 2574/3215/2478
f 2574/3215/2478 2572/3216/2476 2570/3217/2474
f 2570/3217/2474 2568/3218/2472 2566/3219/2470
f 2566/3219/2470 2564/3220/2468 2562/3190/2466
f 2562/3190/2466 2560/3221/2464 2558/3222/2462
f 2558/3222/2462 2556/3223/2460 2554/3224/2458
f 2554/3224/2458 2552/3225/2456 2550/3226/2454
f 2550/3226/2454 2548/3227/2452 2546/3191/2450
f 2546/3191/2450 2542/3200/2446 2602/3202/2506
f 2602/3202/2506 2598/3204/2502 2594/3206/2498
f 2594/3206/2498 2590/3208/2494 2586/3210/2490
f 2586/3210/2490 2582/3212/2486 2578/3189/2482
f 2578/3189/2482 2574/3215/2478 2570/3217/2474
f 2570/3217/2474 2566/3219/2470 2562/3190/2466
f 2562/3190/2466 2558/3222/2462 2554/3224/2458
f 2554/3224/2458 2550/3226/2454 2546/3191/2450
f 2546/3191/2450 2602/3202/2506 2594/3206/2498
f 2594/3206/2498 2586/3210/2490 2578/3189/2482
f 2578/3189/2482 2570/3217/2474 2562/3190/2466
f 2562/3190/2466 2554/3224/2458 2546/3191/2450
f 2546/3191/2450 2594/3206/2498 2578/3189/2482
f 2602/3192/2506 2604/3194/2508 2603/3193/2507
f 2604/3194/2508 2542/3228/2446 2541/3195/2445
f 2603/3198/2507 2541/3229/2445 2543/3230/2447
f 2543/3230/2447 2545/3231/2449 2547/3232/2451
f 2547/3232/2451 2549/3233/2453 2551/3234/2455
f 2551/3234/2455 2553/3235/2457 2555/3236/2459
f 2555/3236/2459 2557/3237/2461 2559/3238/2463
f 2559/3238/2463 2561/3239/2465 2563/3240/2467
f 2563/3240/2467 2565/3241/2469 2567/3242/2471
f 2567/3242/2471 2569/3243/2473 2571/3196/2475
f 2571/3196/2475 2573/3244/2477 2575/3245/2479
f 2575/3245/2479 2577/3246/2481 2579/3247/2483
f 2579/3247/2483 2581/3248/2485 2583/3249/2487
f 2583/3249/2487 2585/3250/2489 2587/3197/2491
f 2587/3197/2491 2589/3251/2493 2591/3252/2495
f 2591/3252/2495 2593/3253/2497 2595/3254/2499
f 2595/3254/2499 2597/3255/2501 2599/3256/2503
f 2599/3256/2503 2601/3257/2505 2603/3198/2507
f 2603/3198/2507 2543/3230/2447 2547/3232/2451
f 2547/3232/2451 2551/3234/2455 2555/3236/2459
f 2555/3236/2459 2559/3238/2463 2563/3240/2467
f 2563/3240/2467 2567/3242/2471 2571/3196/2475
f 2571/3196/2475 2575/3245/2479 2579/3247/2483
f 2579/3247/2483 2583/3249/2487 2587/3197/2491
f 2587/3197/2491 2591/3252/2495 2595/3254/2499
f 2595/3254/2499 2599/3256/2503 2603/3198/2507
f 2603/3198/2507 2547/3232/2451 2555/3236/2459
f 2555/3236/2459 2563/3240/2467 2571/3196/2475
f 2571/3196/2475 2579/3247/2483 2587/3197/2491
f 2587/3197/2491 2595/3254/2499 2603/3198/2507
f 2603/3198/2507 2555/3236/2459 2571/3196/2475
o Cylinder.007
v -1.111491 -0.036523 1.578355
v -1.237536 0.069460 1.691846
v -1.141005 -0.032613 1.541924
v -1.267050 0.073371 1.655415
v -1.165753 -0.021031 1.503624
v -1.291797 0.084953 1.617115
v -1.184783 -0.002222 1.464924
v -1.310827 0.103762 1.578415
v -1.197364 0.023090 1.427314
v -1.323409 0.129073 1.540805
v -1.203014 0.053932 1.392237
v -1.329058 0.159916 1.505728
v -1.201514 0.089120 1.361043
v -1.327558 0.195104 1.474534
v -1.192922 0.127301 1.334929
v -1.318967 0.233285 1.448420
v -1.177569 0.167008 1.314900
v -1.303614 0.272992 1.428391
v -1.156045 0.206715 1.301724
v -1.282089 0.312699 1.415215
v -1.129176 0.244896 1.295910
v -1.255221 0.350880 1.409401
v -1.097996 0.280084 1.297679
v -1.224040 0.386068 1.411170
v -1.063702 0.310927 1.306963
v -1.189746 0.416910 1.420455
v -1.027612 0.336238 1.323407
v -1.153657 0.442222 1.436898
v -0.991114 0.355047 1.346378
v -1.117159 0.461031 1.459870
v -0.955610 0.366629 1.374994
v -1.081655 0.472613 1.488485
v -0.922464 0.370540 1.408154
v -1.048509 0.476523 1.521645
v -0.892950 0.366629 1.444584
v -1.018995 0.472613 1.558075
v -0.868203 0.355047 1.482885
v -0.994247 0.461031 1.596376
v -0.849173 0.336238 1.521585
v -0.975217 0.442222 1.635076
v -0.836591 0.310927 1.559195
v -0.962636 0.416910 1.672686
v -0.830942 0.280084 1.594272
v -0.956987 0.386068 1.707763
v -0.832442 0.244896 1.625466
v -0.958486 0.350880 1.738957
v -0.841033 0.206715 1.651580
v -0.967078 0.312699 1.765071
v -0.856386 0.167008 1.671609
v -0.982431 0.272992 1.785100
v -0.877911 0.127301 1.684784
v -1.003955 0.233285 1.798275
v -0.904780 0.089120 1.690599
v -1.030824 0.195104 1.804090
v -0.935960 0.053932 1.688830
v -1.062004 0.159916 1.802321
v -0.970254 0.023090 1.679545
v -1.096298 0.129073 1.793036
v -1.006343 -0.002222 1.663101
v -1.132388 0.103762 1.776592
v -1.042841 -0.021031 1.640130
v -1.168886 0.084953 1.753621
v -1.078346 -0.032613 1.611515
v -1.204390 0.073371 1.725006
vn 0.1455 -0.9806 -0.1310
vn -0.7188 -0.2539 0.6472
vn 0.0560 -0.9688 -0.2415
vn -0.8083 -0.2420 0.5367
vn -0.0191 -0.9337 -0.3577
vn -0.8834 -0.2069 0.4205
vn -0.0768 -0.8766 -0.4750
vn -0.9411 -0.1499 0.3032
vn -0.1149 -0.7998 -0.5891
vn -0.9792 -0.0731 0.1891
vn -0.1321 -0.7063 -0.6955
vn -0.9964 0.0204 0.0827
vn -0.1275 -0.5996 -0.7901
vn -0.9918 0.1271 -0.0119
vn -0.1015 -0.4838 -0.8693
vn -0.9658 0.2429 -0.0911
vn -0.0549 -0.3634 -0.9300
vn -0.9192 0.3634 -0.1518
vn 0.0104 -0.2429 -0.9700
vn -0.8539 0.4838 -0.1918
vn 0.0919 -0.1271 -0.9876
vn -0.7724 0.5996 -0.2094
vn 0.1864 -0.0204 -0.9823
vn -0.6779 0.7063 -0.2040
vn 0.2904 0.0731 -0.9541
vn -0.5739 0.7998 -0.1759
vn 0.3999 0.1499 -0.9042
vn -0.4644 0.8766 -0.1260
vn 0.5106 0.2069 -0.8346
vn -0.3537 0.9337 -0.0564
vn 0.6183 0.2421 -0.7478
vn -0.2460 0.9688 0.0304
vn 0.7188 0.2539 -0.6472
vn -0.1455 0.9806 0.1310
vn 0.8083 0.2421 -0.5367
vn -0.0560 0.9688 0.2415
vn 0.8834 0.2069 -0.4206
vn 0.0191 0.9337 0.3576
vn 0.9411 0.1499 -0.3032
vn 0.0768 0.8766 0.4750
vn 0.9792 0.0731 -0.1891
vn 0.1149 0.7998 0.5891
vn 0.9964 -0.0204 -0.0827
vn 0.1321 0.7063 0.6955
vn 0.9918 -0.1272 0.0119
vn 0.1276 0.5996 0.7901
vn 0.9658 -0.2429 0.0911
vn 0.1015 0.4838 0.8693
vn 0.9192 -0.3634 0.1518
vn 0.0549 0.3634 0.9300
vn 0.8539 -0.4838 0.1918
vn -0.0104 0.2429 0.9700
vn 0.7724 -0.5996 0.2094
vn -0.0918 0.1271 0.9876
vn 0.6779 -0.7063 0.2041
vn -0.1864 0.0204 0.9823
vn 0.5739 -0.7998 0.1759
vn -0.2904 -0.0731 0.9541
vn 0.4644 -0.8766 0.1260
vn -0.3999 -0.1499 0.9042
vn 0.3537 -0.9337 0.0563
vn -0.5106 -0.2070 0.8346
vn 0.2460 -0.9688 -0.0304
vn -0.6183 -0.2420 0.7478
vt 1.000000 1.000000
vt 0.968750 0.500000
vt 1.000000 0.500000
vt 0.968750 1.000000
vt 0.937500 0.500000
vt 0.937500 1.000000
vt 0.906250 0.500000
vt 0.906250 1.000000
vt 0.875000 0.500000
vt 0.875000 1.000000
vt 0.843750 0.500000
vt 0.843750 1.000000
vt 0.812500 0.500000
vt 0.812500 1.000000
vt 0.781250 0.500000
vt 0.781250 1.000000
vt 0.750000 0.500000
vt 0.750000 1.000000
vt 0.718750 0.500000
vt 0.718750 1.000000
vt 0.687500 0.500000
vt 0.687500 1.000000
vt 0.656250 0.500000
vt 0.656250 1.000000
vt 0.625000 0.500000
vt 0.625000 1.000000
vt 0.593750 0.500000
vt 0.593750 1.000000
vt 0.562500 0.500000
vt 0.562500 1.000000
vt 0.531250 0.500000
vt 0.531250 1.000000
vt 0.500000 0.500000
vt 0.500000 1.000000
vt 0.468750 0.500000
vt 0.468750 1.000000
vt 0.437500 0.500000
vt 0.437500 1.000000
vt 0.406250 0.500000
vt 0.406250 1.000000
vt 0.375000 0.500000
vt 0.375000 1.000000
vt 0.343750 0.500000
vt 0.343750 1.000000
vt 0.312500 0.500000
vt 0.312500 1.000000
vt 0.281250 0.500000
vt 0.281250 1.000000
vt 0.250000 0.500000
vt 0.250000 1.000000
vt 0.218750 0.500000
vt 0.218750 1.000000
vt 0.187500 0.500000
vt 0.187500 1.000000
vt 0.156250 0.500000
vt 0.156250 1.000000
vt 0.125000 0.500000
vt 0.125000 1.000000
vt 0.093750 0.500000
vt 0.093750 1.000000
vt 0.062500 0.500000
vt 0.158156 0.028269
vt 0.471731 0.158156
vt 0.341844 0.471731
vt 0.062500 1.000000
vt 0.031250 0.500000
vt 0.031250 1.000000
vt 0.000000 0.500000
vt 0.796822 0.014612
vt 0.514612 0.203178
vt 0.703178 0.485388
vt 0.296822 0.485388
vt 0.250000 0.490000
vt 0.203178 0.485388
vt 0.158156 0.471731
vt 0.116663 0.449553
vt 0.080294 0.419706
vt 0.050447 0.383337
vt 0.028269 0.341844
vt 0.014612 0.296822
vt 0.010000 0.250000
vt 0.014612 0.203178
vt 0.028269 0.158156
vt 0.050447 0.116663
vt 0.080294 0.080294
vt 0.116663 0.050447
vt 0.203178 0.014612
vt 0.250000 0.010000
vt 0.296822 0.014612
vt 0.341844 0.028269
vt 0.383337 0.050447
vt 0.419706 0.080294
vt 0.449553 0.116663
vt 0.485388 0.203178
vt 0.490000 0.250000
vt 0.485388 0.296822
vt 0.471731 0.341844
vt 0.449553 0.383337
vt 0.419706 0.419706
vt 0.383337 0.449553
vt 0.000000 1.000000
vt 0.750000 0.490000
vt 0.796822 0.485388
vt 0.841844 0.471731
vt 0.883337 0.449553
vt 0.919706 0.419706
vt 0.949553 0.383337
vt 0.971731 0.341844
vt 0.985388 0.296822
vt 0.990000 0.250000
vt 0.985388 0.203178
vt 0.971731 0.158156
vt 0.949553 0.116663
vt 0.919706 0.080294
vt 0.883337 0.050447
vt 0.841844 0.028269
vt 0.750000 0.010000
vt 0.703178 0.014612
vt 0.658156 0.028269
vt 0.616663 0.050447
vt 0.580294 0.080294
vt 0.550447 0.116663
vt 0.528269 0.158156
vt 0.510000 0.250000
vt 0.514612 0.296822
vt 0.528269 0.341844
vt 0.550447 0.383337
vt 0.580294 0.419706
vt 0.616663 0.449553
vt 0.658156 0.471731
s 1
g Cylinder.007_M_Pat.008
usemtl M_Pat.008
f 2606/3258/2510 2607/3259/2511 2605/3260/2509
f 2608/3261/2512 2609/3262/2513 2607/3259/2511
f 2610/3263/2514 2611/3264/2515 2609/3262/2513
f 2612/3265/2516 2613/3266/2517 2611/3264/2515
f 2614/3267/2518 2615/3268/2519 2613/3266/2517
f 2616/3269/2520 2617/3270/2521 2615/3268/2519
f 2618/3271/2522 2619/3272/2523 2617/3270/2521
f 2620/3273/2524 2621/3274/2525 2619/3272/2523
f 2622/3275/2526 2623/3276/2527 2621/3274/2525
f 2624/3277/2528 2625/3278/2529 2623/3276/2527
f 2626/3279/2530 2627/3280/2531 2625/3278/2529
f 2628/3281/2532 2629/3282/2533 2627/3280/2531
f 2630/3283/2534 2631/3284/2535 2629/3282/2533
f 2632/3285/2536 2633/3286/2537 2631/3284/2535
f 2634/3287/2538 2635/3288/2539 2633/3286/2537
f 2636/3289/2540 2637/3290/2541 2635/3288/2539
f 2638/3291/2542 2639/3292/2543 2637/3290/2541
f 2640/3293/2544 2641/3294/2545 2639/3292/2543
f 2642/3295/2546 2643/3296/2547 2641/3294/2545
f 2644/3297/2548 2645/3298/2549 2643/3296/2547
f 2646/3299/2550 2647/3300/2551 2645/3298/2549
f 2648/3301/2552 2649/3302/2553 2647/3300/2551
f 2650/3303/2554 2651/3304/2555 2649/3302/2553
f 2652/3305/2556 2653/3306/2557 2651/3304/2555
f 2654/3307/2558 2655/3308/2559 2653/3306/2557
f 2656/3309/2560 2657/3310/2561 2655/3308/2559
f 2658/3311/2562 2659/3312/2563 2657/3310/2561
f 2660/3313/2564 2661/3314/2565 2659/3312/2563
f 2662/3315/2566 2663/3316/2567 2661/3314/2565
f 2664/3317/2568 2665/3318/2569 2663/3316/2567
f 2642/3319/2546 2626/3320/2530 2610/3321/2514
f 2666/3322/2570 2667/3323/2571 2665/3318/2569
f 2668/3324/2572 2605/3325/2509 2667/3323/2571
f 2635/3326/2539 2651/3327/2555 2667/3328/2571
f 2606/3258/2510 2608/3261/2512 2607/3259/2511
f 2608/3261/2512 2610/3263/2514 2609/3262/2513
f 2610/3263/2514 2612/3265/2516 2611/3264/2515
f 2612/3265/2516 2614/3267/2518 2613/3266/2517
f 2614/3267/2518 2616/3269/2520 2615/3268/2519
f 2616/3269/2520 2618/3271/2522 2617/3270/2521
f 2618/3271/2522 2620/3273/2524 2619/3272/2523
f 2620/3273/2524 2622/3275/2526 2621/3274/2525
f 2622/3275/2526 2624/3277/2528 2623/3276/2527
f 2624/3277/2528 2626/3279/2530 2625/3278/2529
f 2626/3279/2530 2628/3281/2532 2627/3280/2531
f 2628/3281/2532 2630/3283/2534 2629/3282/2533
f 2630/3283/2534 2632/3285/2536 2631/3284/2535
f 2632/3285/2536 2634/3287/2538 2633/3286/2537
f 2634/3287/2538 2636/3289/2540 2635/3288/2539
f 2636/3289/2540 2638/3291/2542 2637/3290/2541
f 2638/3291/2542 2640/3293/2544 2639/3292/2543
f 2640/3293/2544 2642/3295/2546 2641/3294/2545
f 2642/3295/2546 2644/3297/2548 2643/3296/2547
f 2644/3297/2548 2646/3299/2550 2645/3298/2549
f 2646/3299/2550 2648/3301/2552 2647/3300/2551
f 2648/3301/2552 2650/3303/2554 2649/3302/2553
f 2650/3303/2554 2652/3305/2556 2651/3304/2555
f 2652/3305/2556 2654/3307/2558 2653/3306/2557
f 2654/3307/2558 2656/3309/2560 2655/3308/2559
f 2656/3309/2560 2658/3311/2562 2657/3310/2561
f 2658/3311/2562 2660/3313/2564 2659/3312/2563
f 2660/3313/2564 2662/3315/2566 2661/3314/2565
f 2662/3315/2566 2664/3317/2568 2663/3316/2567
f 2664/3317/2568 2666/3322/2570 2665/3318/2569
f 2610/3321/2514 2608/3329/2512 2606/3330/2510
f 2606/3330/2510 2668/3331/2572 2666/3332/2570
f 2666/3332/2570 2664/3333/2568 2662/3334/2566
f 2662/3334/2566 2660/3335/2564 2658/3336/2562
f 2658/3336/2562 2656/3337/2560 2654/3338/2558
f 2654/3338/2558 2652/3339/2556 2650/3340/2554
f 2650/3340/2554 2648/3341/2552 2646/3342/2550
f 2646/3342/2550 2644/3343/2548 2642/3319/2546
f 2642/3319/2546 2640/3344/2544 2638/3345/2542
f 2638/3345/2542 2636/3346/2540 2634/3347/2538
f 2634/3347/2538 2632/3348/2536 2630/3349/2534
f 2630/3349/2534 2628/3350/2532 2626/3320/2530
f 2626/3320/2530 2624/3351/2528 2622/3352/2526
f 2622/3352/2526 2620/3353/2524 2618/3354/2522
f 2618/3354/2522 2616/3355/2520 2614/3356/2518
f 2614/3356/2518 2612/3357/2516 2610/3321/2514
f 2610/3321/2514 2606/3330/2510 2666/3332/2570
f 2666/3332/2570 2662/3334/2566 2658/3336/2562
f 2658/3336/2562 2654/3338/2558 2650/3340/2554
f 2650/3340/2554 2646/3342/2550 2642/3319/2546
f 2642/3319/2546 2638/3345/2542 2634/3347/2538
f 2634/3347/2538 2630/3349/2534 2626/3320/2530
f 2626/3320/2530 2622/3352/2526 2618/3354/2522
f 2618/3354/2522 2614/3356/2518 2610/3321/2514
f 2610/3321/2514 2666/3332/2570 2658/3336/2562
f 2658/3336/2562 2650/3340/2554 2642/3319/2546
f 2642/3319/2546 2634/3347/2538 2626/3320/2530
f 2626/3320/2530 2618/3354/2522 2610/3321/2514
f 2610/3321/2514 2658/3336/2562 2642/3319/2546
f 2666/3322/2570 2668/3324/2572 2667/3323/2571
f 2668/3324/2572 2606/3358/2510 2605/3325/2509
f 2667/3328/2571 2605/3359/2509 2607/3360/2511
f 2607/3360/2511 2609/3361/2513 2611/3362/2515
f 2611/3362/2515 2613/3363/2517 2615/3364/2519
f 2615/3364/2519 2617/3365/2521 2619/3366/2523
f 2619/3366/2523 2621/3367/2525 2623/3368/2527
f 2623/3368/2527 2625/3369/2529 2627/3370/2531
f 2627/3370/2531 2629/3371/2533 2631/3372/2535
f 2631/3372/2535 2633/3373/2537 2635/3326/2539
f 2635/3326/2539 2637/3374/2541 2639/3375/2543
f 2639/3375/2543 2641/3376/2545 2643/3377/2547
f 2643/3377/2547 2645/3378/2549 2647/3379/2551
f 2647/3379/2551 2649/3380/2553 2651/3327/2555
f 2651/3327/2555 2653/3381/2557 2655/3382/2559
f 2655/3382/2559 2657/3383/2561 2659/3384/2563
f 2659/3384/2563 2661/3385/2565 2663/3386/2567
f 2663/3386/2567 2665/3387/2569 2667/3328/2571
f 2667/3328/2571 2607/3360/2511 2611/3362/2515
f 2611/3362/2515 2615/3364/2519 2619/3366/2523
f 2619/3366/2523 2623/3368/2527 2627/3370/2531
f 2627/3370/2531 2631/3372/2535 2635/3326/2539
f 2635/3326/2539 2639/3375/2543 2643/3377/2547
f 2643/3377/2547 2647/3379/2551 2651/3327/2555
f 2651/3327/2555 2655/3382/2559 2659/3384/2563
f 2659/3384/2563 2663/3386/2567 2667/3328/2571
f 2667/3328/2571 2611/3362/2515 2619/3366/2523
f 2619/3366/2523 2627/3370/2531 2635/3326/2539
f 2635/3326/2539 2643/3377/2547 2651/3327/2555
f 2651/3327/2555 2659/3384/2563 2667/3328/2571
f 2667/3328/2571 2619/3366/2523 2635/3326/2539
o Cube.002
v 0.327500 0.513300 2.517700
v 0.327500 0.513300 2.582300
v 0.327500 0.486700 2.517700
v 0.327500 0.486700 2.582300
v 0.232500 0.513300 2.517700
v 0.232500 0.513300 2.582300
v 0.232500 0.486700 2.517700
v 0.232500 0.486700 2.582300
vn 1.0000 -0.0000 -0.0000
vn -0.0000 -1.0000 -0.0000
vn -1.0000 -0.0000 -0.0000
vn -0.0000 1.0000 -0.0000
vn -0.0000 -0.0000 -1.0000
vn -0.0000 -0.0000 1.0000
vt 0.625000 0.000000
vt 0.375000 0.250000
vt 0.375000 0.000000
vt 0.625000 0.250000
vt 0.375000 0.500000
vt 0.625000 0.500000
vt 0.375000 0.750000
vt 0.625000 0.750000
vt 0.375000 1.000000
vt 0.125000 0.750000
vt 0.125000 0.500000
vt 0.875000 0.500000
vt 0.625000 1.000000
vt 0.875000 0.750000
s 0
g Cube.002_M_Run.004
usemtl M_Run.004
f 2670/3388/2573 2671/3389/2573 2669/3390/2573
f 2672/3391/2574 2675/3392/2574 2671/3389/2574
f 2676/3393/2575 2673/3394/2575 2675/3392/2575
f 2674/3395/2576 2669/3396/2576 2673/3394/2576
f 2675/3392/2577 2669/3397/2577 2671/3398/2577
f 2672/3399/2578 2674/3395/2578 2676/3393/2578
f 2670/3388/2573 2672/3391/2573 2671/3389/2573
f 2672/3391/2574 2676/3393/2574 2675/3392/2574
f 2676/3393/2575 2674/3395/2575 2673/3394/2575
f 2674/3395/2576 2670/3400/2576 2669/3396/2576
f 2675/3392/2577 2673/3394/2577 2669/3397/2577
f 2672/3399/2578 2670/3401/2578 2674/3395/2578
o Cube.003
v 0.047500 0.513300 2.517700
v 0.047500 0.513300 2.582300
v 0.047500 0.486700 2.517700
v 0.047500 0.486700 2.582300
v -0.047500 0.513300 2.517700
v -0.047500 0.513300 2.582300
v -0.047500 0.486700 2.517700
v -0.047500 0.486700 2.582300
vn 1.0000 -0.0000 -0.0000
vn -0.0000 -1.0000 -0.0000
vn -1.0000 -0.0000 -0.0000
vn -0.0000 1.0000 -0.0000
vn -0.0000 -0.0000 -1.0000
vn -0.0000 -0.0000 1.0000
vt 0.625000 0.000000
vt 0.375000 0.250000
vt 0.375000 0.000000
vt 0.625000 0.250000
vt 0.375000 0.500000
vt 0.625000 0.500000
vt 0.375000 0.750000
vt 0.625000 0.750000
vt 0.375000 1.000000
vt 0.125000 0.750000
vt 0.125000 0.500000
vt 0.875000 0.500000
vt 0.625000 1.000000
vt 0.875000 0.750000
s 0
g Cube.003_M_Run.005
usemtl M_Run.005
f 2678/3402/2579 2679/3403/2579 2677/3404/2579
f 2680/3405/2580 2683/3406/2580 2679/3403/2580
f 2684/3407/2581 2681/3408/2581 2683/3406/2581
f 2682/3409/2582 2677/3410/2582 2681/3408/2582
f 2683/3406/2583 2677/3411/2583 2679/3412/2583
f 2680/3413/2584 2682/3409/2584 2684/3407/2584
f 2678/3402/2579 2680/3405/2579 2679/3403/2579
f 2680/3405/2580 2684/3407/2580 2683/3406/2580
f 2684/3407/2581 2682/3409/2581 2681/3408/2581
f 2682/3409/2582 2678/3414/2582 2677/3410/2582
f 2683/3406/2583 2681/3408/2583 2677/3411/2583
f 2680/3413/2584 2678/3415/2584 2682/3409/2584
o Cube.004
v -0.232500 0.513300 2.517700
v -0.232500 0.513300 2.582300
v -0.232500 0.486700 2.517700
v -0.232500 0.486700 2.582300
v -0.327500 0.513300 2.517700
v -0.327500 0.513300 2.582300
v -0.327500 0.486700 2.517700
v -0.327500 0.486700 2.582300
vn 1.0000 -0.0000 -0.0000
vn -0.0000 -1.0000 -0.0000
vn -1.0000 -0.0000 -0.0000
vn -0.0000 1.0000 -0.0000
vn -0.0000 -0.0000 -1.0000
vn -0.0000 -0.0000 1.0000
vt 0.625000 0.000000
vt 0.375000 0.250000
vt 0.375000 0.000000
vt 0.625000 0.250000
vt 0.375000 0.500000
vt 0.625000 0.500000
vt 0.375000 0.750000
vt 0.625000 0.750000
vt 0.375000 1.000000
vt 0.125000 0.750000
vt 0.125000 0.500000
vt 0.875000 0.500000
vt 0.625000 1.000000
vt 0.875000 0.750000
s 0
g Cube.004_M_Run.006
usemtl M_Run.006
f 2686/3416/2585 2687/3417/2585 2685/3418/2585
f 2688/3419/2586 2691/3420/2586 2687/3417/2586
f 2692/3421/2587 2689/3422/2587 2691/3420/2587
f 2690/3423/2588 2685/3424/2588 2689/3422/2588
f 2691/3420/2589 2685/3425/2589 2687/3426/2589
f 2688/3427/2590 2690/3423/2590 2692/3421/2590
f 2686/3416/2585 2688/3419/2585 2687/3417/2585
f 2688/3419/2586 2692/3421/2586 2691/3420/2586
f 2692/3421/2587 2690/3423/2587 2689/3422/2587
f 2690/3423/2588 2686/3428/2588 2685/3424/2588
f 2691/3420/2589 2689/3422/2589 2685/3425/2589
f 2688/3427/2590 2686/3429/2590 2690/3423/2590
o Cube.005
v 0.187500 0.513300 2.267700
v 0.187500 0.513300 2.332300
v 0.187500 0.486700 2.267700
v 0.187500 0.486700 2.332300
v 0.092500 0.513300 2.267700
v 0.092500 0.513300 2.332300
v 0.092500 0.486700 2.267700
v 0.092500 0.486700 2.332300
vn 1.0000 -0.0000 -0.0000
vn -0.0000 -1.0000 -0.0000
vn -1.0000 -0.0000 -0.0000
vn -0.0000 1.0000 -0.0000
vn -0.0000 -0.0000 -1.0000
vn -0.0000 -0.0000 1.0000
vt 0.625000 0.000000
vt 0.375000 0.250000
vt 0.375000 0.000000
vt 0.625000 0.250000
vt 0.375000 0.500000
vt 0.625000 0.500000
vt 0.375000 0.750000
vt 0.625000 0.750000
vt 0.375000 1.000000
vt 0.125000 0.750000
vt 0.125000 0.500000
vt 0.875000 0.500000
vt 0.625000 1.000000
vt 0.875000 0.750000
s 0
g Cube.005_M_Run.007
usemtl M_Run.007
f 2694/3430/2591 2695/3431/2591 2693/3432/2591
f 2696/3433/2592 2699/3434/2592 2695/3431/2592
f 2700/3435/2593 2697/3436/2593 2699/3434/2593
f 2698/3437/2594 2693/3438/2594 2697/3436/2594
f 2699/3434/2595 2693/3439/2595 2695/3440/2595
f 2696/3441/2596 2698/3437/2596 2700/3435/2596
f 2694/3430/2591 2696/3433/2591 2695/3431/2591
f 2696/3433/2592 2700/3435/2592 2699/3434/2592
f 2700/3435/2593 2698/3437/2593 2697/3436/2593
f 2698/3437/2594 2694/3442/2594 2693/3438/2594
f 2699/3434/2595 2697/3436/2595 2693/3439/2595
f 2696/3441/2596 2694/3443/2596 2698/3437/2596
o Cube.006
v -0.092500 0.513300 2.267700
v -0.092500 0.513300 2.332300
v -0.092500 0.486700 2.267700
v -0.092500 0.486700 2.332300
v -0.187500 0.513300 2.267700
v -0.187500 0.513300 2.332300
v -0.187500 0.486700 2.267700
v -0.187500 0.486700 2.332300
vn 1.0000 -0.0000 -0.0000
vn -0.0000 -1.0000 -0.0000
vn -1.0000 -0.0000 -0.0000
vn -0.0000 1.0000 -0.0000
vn -0.0000 -0.0000 -1.0000
vn -0.0000 -0.0000 1.0000
vt 0.625000 0.000000
vt 0.375000 0.250000
vt 0.375000 0.000000
vt 0.625000 0.250000
vt 0.375000 0.500000
vt 0.625000 0.500000
vt 0.375000 0.750000
vt 0.625000 0.750000
vt 0.375000 1.000000
vt 0.125000 0.750000
vt 0.125000 0.500000
vt 0.875000 0.500000
vt 0.625000 1.000000
vt 0.875000 0.750000
s 0
g Cube.006_M_Run.008
usemtl M_Run.008
f 2702/3444/2597 2703/3445/2597 2701/3446/2597
f 2704/3447/2598 2707/3448/2598 2703/3445/2598
f 2708/3449/2599 2705/3450/2599 2707/3448/2599
f 2706/3451/2600 2701/3452/2600 2705/3450/2600
f 2707/3448/2601 2701/3453/2601 2703/3454/2601
f 2704/3455/2602 2706/3451/2602 2708/3449/2602
f 2702/3444/2597 2704/3447/2597 2703/3445/2597
f 2704/3447/2598 2708/3449/2598 2707/3448/2598
f 2708/3449/2599 2706/3451/2599 2705/3450/2599
f 2706/3451/2600 2702/3456/2600 2701/3452/2600
f 2707/3448/2601 2705/3450/2601 2701/3453/2601
f 2704/3455/2602 2702/3457/2602 2706/3451/2602
o Cube.007
v 0.047500 0.513300 2.017700
v 0.047500 0.513300 2.082300
v 0.047500 0.486700 2.017700
v 0.047500 0.486700 2.082300
v -0.047500 0.513300 2.017700
v -0.047500 0.513300 2.082300
v -0.047500 0.486700 2.017700
v -0.047500 0.486700 2.082300
vn 1.0000 -0.0000 -0.0000
vn -0.0000 -1.0000 -0.0000
vn -1.0000 -0.0000 -0.0000
vn -0.0000 1.0000 -0.0000
vn -0.0000 -0.0000 -1.0000
vn -0.0000 -0.0000 1.0000
vt 0.625000 0.000000
vt 0.375000 0.250000
vt 0.375000 0.000000
vt 0.625000 0.250000
vt 0.375000 0.500000
vt 0.625000 0.500000
vt 0.375000 0.750000
vt 0.625000 0.750000
vt 0.375000 1.000000
vt 0.125000 0.750000
vt 0.125000 0.500000
vt 0.875000 0.500000
vt 0.625000 1.000000
vt 0.875000 0.750000
s 0
g Cube.007_M_Run.009
usemtl M_Run.009
f 2710/3458/2603 2711/3459/2603 2709/3460/2603
f 2712/3461/2604 2715/3462/2604 2711/3459/2604
f 2716/3463/2605 2713/3464/2605 2715/3462/2605
f 2714/3465/2606 2709/3466/2606 2713/3464/2606
f 2715/3462/2607 2709/3467/2607 2711/3468/2607
f 2712/3469/2608 2714/3465/2608 2716/3463/2608
f 2710/3458/2603 2712/3461/2603 2711/3459/2603
f 2712/3461/2604 2716/3463/2604 2715/3462/2604
f 2716/3463/2605 2714/3465/2605 2713/3464/2605
f 2714/3465/2606 2710/3470/2606 2709/3466/2606
f 2715/3462/2607 2713/3464/2607 2709/3467/2607
f 2712/3469/2608 2710/3471/2608 2714/3465/2608
