# Blender 4.5.5 LTS
# www.blender.org
mtllib 05_guardiao_oraculo_correntes.mtl
o Cylinder
v 0.000000 -1.050000 0.000000
v 0.000000 -1.050000 0.520000
v -0.525000 -0.909327 0.000000
v -0.525000 -0.909327 0.520000
v -0.909327 -0.525000 0.000000
v -0.909327 -0.525000 0.520000
v -1.050000 0.000000 0.000000
v -1.050000 0.000000 0.520000
v -0.909327 0.525000 0.000000
v -0.909327 0.525000 0.520000
v -0.525000 0.909327 0.000000
v -0.525000 0.909327 0.520000
v 0.000000 1.050000 0.000000
v 0.000000 1.050000 0.520000
v 0.525000 0.909327 0.000000
v 0.525000 0.909327 0.520000
v 0.909327 0.525000 0.000000
v 0.909327 0.525000 0.520000
v 1.050000 0.000000 0.000000
v 1.050000 0.000000 0.520000
v 0.909327 -0.525000 0.000000
v 0.909327 -0.525000 0.520000
v 0.525000 -0.909327 0.000000
v 0.525000 -0.909327 0.520000
vn -0.0000 -0.7572 -0.6532
vn -0.0000 -0.7572 0.6532
vn -0.3786 -0.6557 -0.6532
vn -0.3786 -0.6557 0.6532
vn -0.6557 -0.3786 -0.6532
vn -0.6557 -0.3786 0.6532
vn -0.7572 -0.0000 -0.6532
vn -0.7572 -0.0000 0.6532
vn -0.6557 0.3786 -0.6532
vn -0.6557 0.3786 0.6532
vn -0.3786 0.6557 -0.6532
vn -0.3786 0.6557 0.6532
vn -0.0000 0.7572 -0.6532
vn -0.0000 0.7572 0.6532
vn 0.3786 0.6557 -0.6532
vn 0.3786 0.6557 0.6532
vn 0.6557 0.3786 -0.6532
vn 0.6557 0.3786 0.6532
vn 0.7572 -0.0000 -0.6532
vn 0.7572 -0.0000 0.6532
vn 0.6557 -0.3786 -0.6532
vn 0.6557 -0.3786 0.6532
vn 0.3786 -0.6557 -0.6532
vn 0.3786 -0.6557 0.6532
vt 1.000000 1.000000
vt 0.916667 0.500000
vt 1.000000 0.500000
vt 0.916667 1.000000
vt 0.833333 0.500000
vt 0.833333 1.000000
vt 0.750000 0.500000
vt 0.750000 1.000000
vt 0.666667 0.500000
vt 0.666667 1.000000
vt 0.583333 0.500000
vt 0.583333 1.000000
vt 0.500000 0.500000
vt 0.500000 1.000000
vt 0.416667 0.500000
vt 0.416667 1.000000
vt 0.333333 0.500000
vt 0.333333 1.000000
vt 0.250000 0.500000
vt 0.250000 1.000000
vt 0.166667 0.500000
vt 0.042154 0.370000
vt 0.250000 0.010000
vt 0.457846 0.370000
vt 0.166667 1.000000
vt 0.083333 0.500000
vt 0.083333 1.000000
vt 0.000000 0.500000
vt 0.990000 0.250000
vt 0.630000 0.042154
vt 0.630000 0.457846
vt 0.370000 0.457846
vt 0.250000 0.490000
vt 0.130000 0.457846
vt 0.010000 0.250000
vt 0.042154 0.130000
vt 0.130000 0.042154
vt 0.370000 0.042154
vt 0.457846 0.130000
vt 0.490000 0.250000
vt 0.000000 1.000000
vt 0.750000 0.490000
vt 0.870000 0.457846
vt 0.957846 0.370000
vt 0.957846 0.130000
vt 0.870000 0.042154
vt 0.750000 0.010000
vt 0.542154 0.130000
vt 0.510000 0.250000
vt 0.542154 0.370000
s 1
g Cylinder_M_OracPed.001
usemtl M_OracPed.001
f 2/1/2 3/2/3 1/3/1
f 4/4/4 5/5/5 3/2/3
f 6/6/6 7/7/7 5/5/5
f 8/8/8 9/9/9 7/7/7
f 10/10/10 11/11/11 9/9/9
f 12/12/12 13/13/13 11/11/11
f 14/14/14 15/15/15 13/13/13
f 16/16/16 17/17/17 15/15/15
f 18/18/18 19/19/19 17/17/17
f 20/20/20 21/21/21 19/19/19
f 22/22/22 14/23/14 6/24/6
f 22/25/22 23/26/23 21/21/21
f 24/27/24 1/28/1 23/26/23
f 7/29/7 15/30/15 23/31/23
f 2/1/2 4/4/4 3/2/3
f 4/4/4 6/6/6 5/5/5
f 6/6/6 8/8/8 7/7/7
f 8/8/8 10/10/10 9/9/9
f 10/10/10 12/12/12 11/11/11
f 12/12/12 14/14/14 13/13/13
f 14/14/14 16/16/16 15/15/15
f 16/16/16 18/18/18 17/17/17
f 18/18/18 20/20/20 19/19/19
f 20/20/20 22/25/22 21/21/21
f 6/24/6 4/32/4 2/33/2
f 2/33/2 24/34/24 22/22/22
f 22/22/22 20/35/20 18/36/18
f 18/36/18 16/37/16 14/23/14
f 14/23/14 12/38/12 10/39/10
f 10/39/10 8/40/8 6/24/6
f 6/24/6 2/33/2 22/22/22
f 22/22/22 18/36/18 14/23/14
f 14/23/14 10/39/10 6/24/6
f 22/25/22 24/27/24 23/26/23
f 24/27/24 2/41/2 1/28/1
f 23/31/23 1/42/1 3/43/3
f 3/43/3 5/44/5 7/29/7
f 7/29/7 9/45/9 11/46/11
f 11/46/11 13/47/13 15/30/15
f 15/30/15 17/48/17 19/49/19
f 19/49/19 21/50/21 23/31/23
f 23/31/23 3/43/3 7/29/7
f 7/29/7 11/46/11 15/30/15
f 15/30/15 19/49/19 23/31/23
o Cylinder.001
v 0.000000 -0.880000 0.520000
v 0.000000 -0.880000 0.800000
v -0.440000 -0.762102 0.520000
v -0.440000 -0.762102 0.800000
v -0.762102 -0.440000 0.520000
v -0.762102 -0.440000 0.800000
v -0.880000 0.000000 0.520000
v -0.880000 0.000000 0.800000
v -0.762102 0.440000 0.520000
v -0.762102 0.440000 0.800000
v -0.440000 0.762102 0.520000
v -0.440000 0.762102 0.800000
v 0.000000 0.880000 0.520000
v 0.000000 0.880000 0.800000
v 0.440000 0.762102 0.520000
v 0.440000 0.762102 0.800000
v 0.762102 0.440000 0.520000
v 0.762102 0.440000 0.800000
v 0.880000 0.000000 0.520000
v 0.880000 0.000000 0.800000
v 0.762102 -0.440000 0.520000
v 0.762102 -0.440000 0.800000
v 0.440000 -0.762102 0.520000
v 0.440000 -0.762102 0.800000
vn -0.0000 -0.7572 -0.6532
vn -0.0000 -0.7572 0.6532
vn -0.3786 -0.6557 -0.6532
vn -0.3786 -0.6557 0.6532
vn -0.6557 -0.3786 -0.6532
vn -0.6557 -0.3786 0.6532
vn -0.7572 -0.0000 -0.6532
vn -0.7572 -0.0000 0.6532
vn -0.6557 0.3786 -0.6532
vn -0.6557 0.3786 0.6532
vn -0.3786 0.6557 -0.6532
vn -0.3786 0.6557 0.6532
vn -0.0000 0.7572 -0.6532
vn -0.0000 0.7572 0.6532
vn 0.3786 0.6557 -0.6532
vn 0.3786 0.6557 0.6532
vn 0.6557 0.3786 -0.6532
vn 0.6557 0.3786 0.6532
vn 0.7572 -0.0000 -0.6532
vn 0.7572 -0.0000 0.6532
vn 0.6557 -0.3786 -0.6532
vn 0.6557 -0.3786 0.6532
vn 0.3786 -0.6557 -0.6532
vn 0.3786 -0.6557 0.6532
vt 1.000000 1.000000
vt 0.916667 0.500000
vt 1.000000 0.500000
vt 0.916667 1.000000
vt 0.833333 0.500000
vt 0.833333 1.000000
vt 0.750000 0.500000
vt 0.750000 1.000000
vt 0.666667 0.500000
vt 0.666667 1.000000
vt 0.583333 0.500000
vt 0.583333 1.000000
vt 0.500000 0.500000
vt 0.500000 1.000000
vt 0.416667 0.500000
vt 0.416667 1.000000
vt 0.333333 0.500000
vt 0.333333 1.000000
vt 0.250000 0.500000
vt 0.250000 1.000000
vt 0.166667 0.500000
vt 0.042154 0.370000
vt 0.250000 0.010000
vt 0.457846 0.370000
vt 0.166667 1.000000
vt 0.083333 0.500000
vt 0.083333 1.000000
vt 0.000000 0.500000
vt 0.990000 0.250000
vt 0.630000 0.042154
vt 0.630000 0.457846
vt 0.370000 0.457846
vt 0.250000 0.490000
vt 0.130000 0.457846
vt 0.010000 0.250000
vt 0.042154 0.130000
vt 0.130000 0.042154
vt 0.370000 0.042154
vt 0.457846 0.130000
vt 0.490000 0.250000
vt 0.000000 1.000000
vt 0.750000 0.490000
vt 0.870000 0.457846
vt 0.957846 0.370000
vt 0.957846 0.130000
vt 0.870000 0.042154
vt 0.750000 0.010000
vt 0.542154 0.130000
vt 0.510000 0.250000
vt 0.542154 0.370000
s 1
g Cylinder.001_M_OracPed.002
usemtl M_OracPed.002
f 26/51/26 27/52/27 25/53/25
f 28/54/28 29/55/29 27/52/27
f 30/56/30 31/57/31 29/55/29
f 32/58/32 33/59/33 31/57/31
f 34/60/34 35/61/35 33/59/33
f 36/62/36 37/63/37 35/61/35
f 38/64/38 39/65/39 37/63/37
f 40/66/40 41/67/41 39/65/39
f 42/68/42 43/69/43 41/67/41
f 44/70/44 45/71/45 43/69/43
f 46/72/46 38/73/38 30/74/30
f 46/75/46 47/76/47 45/71/45
f 48/77/48 25/78/25 47/76/47
f 31/79/31 39/80/39 47/81/47
f 26/51/26 28/54/28 27/52/27
f 28/54/28 30/56/30 29/55/29
f 30/56/30 32/58/32 31/57/31
f 32/58/32 34/60/34 33/59/33
f 34/60/34 36/62/36 35/61/35
f 36/62/36 38/64/38 37/63/37
f 38/64/38 40/66/40 39/65/39
f 40/66/40 42/68/42 41/67/41
f 42/68/42 44/70/44 43/69/43
f 44/70/44 46/75/46 45/71/45
f 30/74/30 28/82/28 26/83/26
f 26/83/26 48/84/48 46/72/46
f 46/72/46 44/85/44 42/86/42
f 42/86/42 40/87/40 38/73/38
f 38/73/38 36/88/36 34/89/34
f 34/89/34 32/90/32 30/74/30
f 30/74/30 26/83/26 46/72/46
f 46/72/46 42/86/42 38/73/38
f 38/73/38 34/89/34 30/74/30
f 46/75/46 48/77/48 47/76/47
f 48/77/48 26/91/26 25/78/25
f 47/81/47 25/92/25 27/93/27
f 27/93/27 29/94/29 31/79/31
f 31/79/31 33/95/33 35/96/35
f 35/96/35 37/97/37 39/80/39
f 39/80/39 41/98/41 43/99/43
f 43/99/43 45/100/45 47/81/47
f 47/81/47 27/93/27 31/79/31
f 31/79/31 35/96/35 39/80/39
f 39/80/39 43/99/43 47/81/47
o Cylinder.002
v 0.000000 -0.468000 0.800000
v 0.000000 -0.468000 3.400000
v -0.260330 -0.421653 0.800000
v -0.260330 -0.421653 3.400000
v -0.469099 -0.291793 0.800000
v -0.469099 -0.291793 3.400000
v -0.584957 -0.104140 0.800000
v -0.584957 -0.104140 3.400000
v -0.584957 0.104140 0.800000
v -0.584957 0.104140 3.400000
v -0.469099 0.291793 0.800000
v -0.469099 0.291793 3.400000
v -0.260330 0.421653 0.800000
v -0.260330 0.421653 3.400000
v 0.000000 0.468000 0.800000
v 0.000000 0.468000 3.400000
v 0.260330 0.421653 0.800000
v 0.260330 0.421653 3.400000
v 0.469099 0.291793 0.800000
v 0.469099 0.291793 3.400000
v 0.584957 0.104140 0.800000
v 0.584957 0.104140 3.400000
v 0.584957 -0.104140 0.800000
v 0.584957 -0.104140 3.400000
v 0.469099 -0.291793 0.800000
v 0.469099 -0.291793 3.400000
v 0.260330 -0.421653 0.800000
v 0.260330 -0.421653 3.400000
vn -0.0000 -0.8247 -0.5656
vn -0.0000 -0.8247 0.5655
vn -0.2864 -0.7624 -0.5803
vn -0.2864 -0.7624 0.5803
vn -0.5497 -0.5620 -0.6181
vn -0.5497 -0.5620 0.6181
vn -0.7257 -0.2124 -0.6544
vn -0.7257 -0.2124 0.6544
vn -0.7257 0.2124 -0.6544
vn -0.7257 0.2124 0.6544
vn -0.5497 0.5620 -0.6181
vn -0.5497 0.5620 0.6181
vn -0.2864 0.7624 -0.5803
vn -0.2864 0.7624 0.5803
vn -0.0000 0.8247 -0.5655
vn -0.0000 0.8247 0.5656
vn 0.2864 0.7624 -0.5803
vn 0.2864 0.7624 0.5803
vn 0.5497 0.5620 -0.6181
vn 0.5497 0.5620 0.6181
vn 0.7257 0.2124 -0.6544
vn 0.7257 0.2124 0.6544
vn 0.7257 -0.2124 -0.6544
vn 0.7257 -0.2124 0.6544
vn 0.5497 -0.5620 -0.6181
vn 0.5497 -0.5620 0.6181
vn 0.2864 -0.7624 -0.5803
vn 0.2864 -0.7624 0.5803
vt 1.000000 1.000000
vt 0.928571 0.500000
vt 1.000000 0.500000
vt 0.928571 1.000000
vt 0.857143 0.500000
vt 0.857143 1.000000
vt 0.785714 0.500000
vt 0.785714 1.000000
vt 0.714286 0.500000
vt 0.714286 1.000000
vt 0.642857 0.500000
vt 0.642857 1.000000
vt 0.571428 0.500000
vt 0.571428 1.000000
vt 0.500000 0.500000
vt 0.500000 1.000000
vt 0.428571 0.500000
vt 0.428571 1.000000
vt 0.357143 0.500000
vt 0.357143 1.000000
vt 0.285714 0.500000
vt 0.285714 1.000000
vt 0.214286 0.500000
vt 0.214286 1.000000
vt 0.142857 0.500000
vt 0.062360 0.399638
vt 0.145868 0.033767
vt 0.483983 0.196595
vt 0.142857 1.000000
vt 0.071428 0.500000
vt 0.071428 1.000000
vt -0.000000 0.500000
vt 0.983983 0.303405
vt 0.750000 0.010000
vt 0.516017 0.303405
vt 0.437640 0.399638
vt 0.354132 0.466233
vt 0.250000 0.490000
vt 0.145868 0.466233
vt 0.016017 0.303405
vt 0.016017 0.196595
vt 0.062360 0.100362
vt 0.250000 0.010000
vt 0.354132 0.033767
vt 0.437640 0.100362
vt 0.483983 0.303405
vt -0.000000 1.000000
vt 0.645868 0.466233
vt 0.750000 0.490000
vt 0.854132 0.466233
vt 0.937640 0.399638
vt 0.983983 0.196595
vt 0.937640 0.100362
vt 0.854132 0.033767
vt 0.645868 0.033767
vt 0.562360 0.100362
vt 0.516017 0.196595
vt 0.562360 0.399638
s 1
g Cylinder.002_M_OracPed.003
usemtl M_OracPed.003
f 50/101/50 51/102/51 49/103/49
f 52/104/52 53/105/53 51/102/51
f 54/106/54 55/107/55 53/105/53
f 56/108/56 57/109/57 55/107/55
f 58/110/58 59/111/59 57/109/57
f 60/112/60 61/113/61 59/111/59
f 62/114/62 63/115/63 61/113/61
f 64/116/64 65/117/65 63/115/63
f 66/118/66 67/119/67 65/117/65
f 68/120/68 69/121/69 67/119/67
f 70/122/70 71/123/71 69/121/69
f 72/124/72 73/125/73 71/123/71
f 74/126/74 66/127/66 58/128/58
f 74/129/74 75/130/75 73/125/73
f 76/131/76 49/132/49 75/130/75
f 55/133/55 63/134/63 71/135/71
f 50/101/50 52/104/52 51/102/51
f 52/104/52 54/106/54 53/105/53
f 54/106/54 56/108/56 55/107/55
f 56/108/56 58/110/58 57/109/57
f 58/110/58 60/112/60 59/111/59
f 60/112/60 62/114/62 61/113/61
f 62/114/62 64/116/64 63/115/63
f 64/116/64 66/118/66 65/117/65
f 66/118/66 68/120/68 67/119/67
f 68/120/68 70/122/70 69/121/69
f 70/122/70 72/124/72 71/123/71
f 72/124/72 74/129/74 73/125/73
f 54/136/54 52/137/52 50/138/50
f 50/138/50 76/139/76 74/126/74
f 74/126/74 72/140/72 70/141/70
f 70/141/70 68/142/68 66/127/66
f 66/127/66 64/143/64 62/144/62
f 62/144/62 60/145/60 58/128/58
f 58/128/58 56/146/56 54/136/54
f 54/136/54 50/138/50 74/126/74
f 74/126/74 70/141/70 66/127/66
f 66/127/66 62/144/62 58/128/58
f 58/128/58 54/136/54 74/126/74
f 74/129/74 76/131/76 75/130/75
f 76/131/76 50/147/50 49/132/49
f 75/148/75 49/149/49 51/150/51
f 51/150/51 53/151/53 55/133/55
f 55/133/55 57/152/57 59/153/59
f 59/153/59 61/154/61 63/134/63
f 63/134/63 65/155/65 67/156/67
f 67/156/67 69/157/69 71/135/71
f 71/135/71 73/158/73 75/148/75
f 75/148/75 51/150/51 55/133/55
f 55/133/55 59/153/59 63/134/63
f 63/134/63 67/156/67 71/135/71
f 71/135/71 75/148/75 55/133/55
o Torus
v -0.720000 0.000000 1.500000
v -0.706603 0.000000 1.550000
v -0.670000 0.000000 1.586603
v -0.620000 0.000000 1.600000
v -0.570000 0.000000 1.586603
v -0.533397 0.000000 1.550000
v -0.520000 0.000000 1.500000
v -0.533397 0.000000 1.450000
v -0.570000 0.000000 1.413397
v -0.620000 0.000000 1.400000
v -0.670000 0.000000 1.413397
v -0.706603 0.000000 1.450000
v -0.713840 -0.073303 1.500000
v -0.700558 -0.071939 1.550000
v -0.664268 -0.068213 1.586603
v -0.614696 -0.063122 1.600000
v -0.565124 -0.058032 1.586603
v -0.528834 -0.054305 1.550000
v -0.515551 -0.052941 1.500000
v -0.528834 -0.054305 1.450000
v -0.565124 -0.058032 1.413397
v -0.614696 -0.063122 1.400000
v -0.664268 -0.068213 1.413397
v -0.700558 -0.071939 1.450000
v -0.695467 -0.145353 1.500000
v -0.682526 -0.142648 1.550000
v -0.647170 -0.135259 1.586603
v -0.598874 -0.125165 1.600000
v -0.550578 -0.115071 1.586603
v -0.515222 -0.107682 1.550000
v -0.502281 -0.104977 1.500000
v -0.515222 -0.107682 1.450000
v -0.550578 -0.115071 1.413397
v -0.598874 -0.125165 1.400000
v -0.647170 -0.135259 1.413397
v -0.682526 -0.142648 1.450000
v -0.665193 -0.214915 1.500000
v -0.652816 -0.210916 1.550000
v -0.618999 -0.199990 1.586603
v -0.572805 -0.185066 1.600000
v -0.526611 -0.170141 1.586603
v -0.492795 -0.159215 1.550000
v -0.480417 -0.155216 1.500000
v -0.492795 -0.159215 1.450000
v -0.526611 -0.170141 1.413397
v -0.572805 -0.185066 1.400000
v -0.618999 -0.199990 1.413397
v -0.652816 -0.210916 1.450000
v -0.623538 -0.280800 1.500000
v -0.611936 -0.275575 1.550000
v -0.580237 -0.261300 1.586603
v -0.536936 -0.241800 1.600000
v -0.493634 -0.222300 1.586603
v -0.461936 -0.208025 1.550000
v -0.450333 -0.202800 1.500000
v -0.461936 -0.208025 1.450000
v -0.493634 -0.222300 1.413397
v -0.536936 -0.241800 1.400000
v -0.580237 -0.261300 1.413397
v -0.611936 -0.275575 1.450000
v -0.571214 -0.341880 1.500000
v -0.560586 -0.335519 1.550000
v -0.531547 -0.318139 1.586603
v -0.491879 -0.294397 1.600000
v -0.452211 -0.270655 1.586603
v -0.423173 -0.253275 1.550000
v -0.412544 -0.246914 1.500000
v -0.423173 -0.253275 1.450000
v -0.452211 -0.270655 1.413397
v -0.491879 -0.294397 1.400000
v -0.531547 -0.318139 1.413397
v -0.560586 -0.335519 1.450000
v -0.509117 -0.397111 1.500000
v -0.499643 -0.389722 1.550000
v -0.473761 -0.369534 1.586603
v -0.438406 -0.341957 1.600000
v -0.403051 -0.314380 1.586603
v -0.377169 -0.294192 1.550000
v -0.367695 -0.286803 1.500000
v -0.377169 -0.294192 1.450000
v -0.403051 -0.314380 1.413397
v -0.438406 -0.341957 1.400000
v -0.473761 -0.369534 1.413397
v -0.499643 -0.389722 1.450000
v -0.438308 -0.445547 1.500000
v -0.430152 -0.437257 1.550000
v -0.407870 -0.414606 1.586603
v -0.377432 -0.383666 1.600000
v -0.346994 -0.352725 1.586603
v -0.324712 -0.330075 1.550000
v -0.316556 -0.321784 1.500000
v -0.324712 -0.330075 1.450000
v -0.346994 -0.352725 1.413397
v -0.377432 -0.383666 1.400000
v -0.407870 -0.414606 1.413397
v -0.430152 -0.437257 1.450000
v -0.360000 -0.486360 1.500000
v -0.353301 -0.477310 1.550000
v -0.335000 -0.452585 1.586603
v -0.310000 -0.418810 1.600000
v -0.285000 -0.385035 1.586603
v -0.266699 -0.360310 1.550000
v -0.260000 -0.351260 1.500000
v -0.266699 -0.360310 1.450000
v -0.285000 -0.385035 1.413397
v -0.310000 -0.418810 1.400000
v -0.335000 -0.452585 1.413397
v -0.353301 -0.477310 1.450000
v -0.275532 -0.518851 1.500000
v -0.270405 -0.509196 1.550000
v -0.256398 -0.482819 1.586603
v -0.237264 -0.446788 1.600000
v -0.218130 -0.410757 1.586603
v -0.204122 -0.384380 1.550000
v -0.198996 -0.374725 1.500000
v -0.204122 -0.384380 1.450000
v -0.218130 -0.410757 1.413397
v -0.237264 -0.446788 1.400000
v -0.256398 -0.482819 1.413397
v -0.270405 -0.509196 1.450000
v -0.186350 -0.542464 1.500000
v -0.182882 -0.532370 1.550000
v -0.173409 -0.504793 1.586603
v -0.160468 -0.467122 1.600000
v -0.147527 -0.429451 1.586603
v -0.138053 -0.401873 1.550000
v -0.134586 -0.391780 1.500000
v -0.138053 -0.401873 1.450000
v -0.147527 -0.429451 1.413397
v -0.160468 -0.467122 1.400000
v -0.173409 -0.504793 1.413397
v -0.182882 -0.532370 1.450000
v -0.093979 -0.556795 1.500000
v -0.092230 -0.546435 1.550000
v -0.087452 -0.518129 1.586603
v -0.080926 -0.479463 1.600000
v -0.074400 -0.440796 1.586603
v -0.069622 -0.412491 1.550000
v -0.067874 -0.402130 1.500000
v -0.069622 -0.412491 1.450000
v -0.074400 -0.440796 1.413397
v -0.080926 -0.479463 1.400000
v -0.087452 -0.518129 1.413397
v -0.092230 -0.546435 1.450000
v -0.000000 -0.561600 1.500000
v -0.000000 -0.551150 1.550000
v -0.000000 -0.522600 1.586603
v -0.000000 -0.483600 1.600000
v -0.000000 -0.444600 1.586603
v -0.000000 -0.416050 1.550000
v -0.000000 -0.405600 1.500000
v -0.000000 -0.416050 1.450000
v -0.000000 -0.444600 1.413397
v -0.000000 -0.483600 1.400000
v -0.000000 -0.522600 1.413397
v -0.000000 -0.551150 1.450000
v 0.093979 -0.556795 1.500000
v 0.092230 -0.546435 1.550000
v 0.087453 -0.518129 1.586603
v 0.080926 -0.479463 1.600000
v 0.074400 -0.440796 1.586603
v 0.069622 -0.412491 1.550000
v 0.067874 -0.402130 1.500000
v 0.069622 -0.412491 1.450000
v 0.074400 -0.440796 1.413397
v 0.080926 -0.479463 1.400000
v 0.087453 -0.518129 1.413397
v 0.092230 -0.546435 1.450000
v 0.186350 -0.542464 1.500000
v 0.182882 -0.532370 1.550000
v 0.173409 -0.504793 1.586603
v 0.160468 -0.467122 1.600000
v 0.147527 -0.429451 1.586603
v 0.138053 -0.401873 1.550000
v 0.134586 -0.391780 1.500000
v 0.138053 -0.401873 1.450000
v 0.147527 -0.429451 1.413397
v 0.160468 -0.467122 1.400000
v 0.173409 -0.504793 1.413397
v 0.182882 -0.532370 1.450000
v 0.275532 -0.518851 1.500000
v 0.270405 -0.509196 1.550000
v 0.256398 -0.482819 1.586603
v 0.237264 -0.446788 1.600000
v 0.218130 -0.410757 1.586603
v 0.204122 -0.384380 1.550000
v 0.198995 -0.374725 1.500000
v 0.204122 -0.384380 1.450000
v 0.218130 -0.410757 1.413397
v 0.237264 -0.446788 1.400000
v 0.256398 -0.482819 1.413397
v 0.270405 -0.509196 1.450000
v 0.360000 -0.486360 1.500000
v 0.353301 -0.477310 1.550000
v 0.335000 -0.452585 1.586603
v 0.310000 -0.418810 1.600000
v 0.285000 -0.385035 1.586603
v 0.266699 -0.360310 1.550000
v 0.260000 -0.351260 1.500000
v 0.266699 -0.360310 1.450000
v 0.285000 -0.385035 1.413397
v 0.310000 -0.418810 1.400000
v 0.335000 -0.452585 1.413397
v 0.353301 -0.477310 1.450000
v 0.438308 -0.445547 1.500000
v 0.430152 -0.437257 1.550000
v 0.407870 -0.414606 1.586603
v 0.377432 -0.383666 1.600000
v 0.346994 -0.352725 1.586603
v 0.324712 -0.330075 1.550000
v 0.316556 -0.321784 1.500000
v 0.324712 -0.330075 1.450000
v 0.346994 -0.352725 1.413397
v 0.377432 -0.383666 1.400000
v 0.407870 -0.414606 1.413397
v 0.430152 -0.437257 1.450000
v 0.509117 -0.397111 1.500000
v 0.499644 -0.389722 1.550000
v 0.473762 -0.369534 1.586603
v 0.438406 -0.341957 1.600000
v 0.403051 -0.314380 1.586603
v 0.377169 -0.294192 1.550000
v 0.367696 -0.286802 1.500000
v 0.377169 -0.294192 1.450000
v 0.403051 -0.314380 1.413397
v 0.438406 -0.341957 1.400000
v 0.473762 -0.369534 1.413397
v 0.499644 -0.389722 1.450000
v 0.571214 -0.341880 1.500000
v 0.560585 -0.335519 1.550000
v 0.531547 -0.318139 1.586603
v 0.491879 -0.294397 1.600000
v 0.452211 -0.270655 1.586603
v 0.423173 -0.253275 1.550000
v 0.412544 -0.246914 1.500000
v 0.423173 -0.253275 1.450000
v 0.452211 -0.270655 1.413397
v 0.491879 -0.294397 1.400000
v 0.531547 -0.318139 1.413397
v 0.560585 -0.335519 1.450000
v 0.623538 -0.280800 1.500000
v 0.611936 -0.275575 1.550000
v 0.580237 -0.261300 1.586603
v 0.536936 -0.241800 1.600000
v 0.493634 -0.222300 1.586603
v 0.461936 -0.208025 1.550000
v 0.450333 -0.202800 1.500000
v 0.461936 -0.208025 1.450000
v 0.493634 -0.222300 1.413397
v 0.536936 -0.241800 1.400000
v 0.580237 -0.261300 1.413397
v 0.611936 -0.275575 1.450000
v 0.665193 -0.214915 1.500000
v 0.652816 -0.210916 1.550000
v 0.618999 -0.199990 1.586603
v 0.572805 -0.185066 1.600000
v 0.526611 -0.170141 1.586603
v 0.492795 -0.159215 1.550000
v 0.480417 -0.155216 1.500000
v 0.492795 -0.159215 1.450000
v 0.526611 -0.170141 1.413397
v 0.572805 -0.185066 1.400000
v 0.618999 -0.199990 1.413397
v 0.652816 -0.210916 1.450000
v 0.695467 -0.145353 1.500000
v 0.682526 -0.142648 1.550000
v 0.647170 -0.135259 1.586603
v 0.598874 -0.125165 1.600000
v 0.550578 -0.115071 1.586603
v 0.515222 -0.107682 1.550000
v 0.502281 -0.104977 1.500000
v 0.515222 -0.107682 1.450000
v 0.550578 -0.115071 1.413397
v 0.598874 -0.125165 1.400000
v 0.647170 -0.135259 1.413397
v 0.682526 -0.142648 1.450000
v 0.713840 -0.073304 1.500000
v 0.700557 -0.071940 1.550000
v 0.664268 -0.068213 1.586603
v 0.614696 -0.063123 1.600000
v 0.565124 -0.058032 1.586603
v 0.528834 -0.054305 1.550000
v 0.515551 -0.052941 1.500000
v 0.528834 -0.054305 1.450000
v 0.565124 -0.058032 1.413397
v 0.614696 -0.063123 1.400000
v 0.664268 -0.068213 1.413397
v 0.700557 -0.071940 1.450000
v 0.720000 -0.000000 1.500000
v 0.706603 -0.000000 1.550000
v 0.670000 -0.000000 1.586603
v 0.620000 -0.000000 1.600000
v 0.570000 -0.000000 1.586603
v 0.533397 -0.000000 1.550000
v 0.520000 -0.000000 1.500000
v 0.533397 -0.000000 1.450000
v 0.570000 -0.000000 1.413397
v 0.620000 -0.000000 1.400000
v 0.670000 -0.000000 1.413397
v 0.706603 -0.000000 1.450000
v 0.713840 0.073304 1.500000
v 0.700557 0.071940 1.550000
v 0.664268 0.068213 1.586603
v 0.614696 0.063123 1.600000
v 0.565124 0.058032 1.586603
v 0.528834 0.054305 1.550000
v 0.515551 0.052941 1.500000
v 0.528834 0.054305 1.450000
v 0.565124 0.058032 1.413397
v 0.614696 0.063123 1.400000
v 0.664268 0.068213 1.413397
v 0.700557 0.071940 1.450000
v 0.695467 0.145353 1.500000
v 0.682526 0.142648 1.550000
v 0.647170 0.135259 1.586603
v 0.598874 0.125165 1.600000
v 0.550578 0.115071 1.586603
v 0.515222 0.107682 1.550000
v 0.502281 0.104977 1.500000
v 0.515222 0.107682 1.450000
v 0.550578 0.115071 1.413397
v 0.598874 0.125165 1.400000
v 0.647170 0.135259 1.413397
v 0.682526 0.142648 1.450000
v 0.665193 0.214915 1.500000
v 0.652816 0.210916 1.550000
v 0.618999 0.199990 1.586603
v 0.572805 0.185066 1.600000
v 0.526611 0.170141 1.586603
v 0.492795 0.159215 1.550000
v 0.480417 0.155216 1.500000
v 0.492795 0.159215 1.450000
v 0.526611 0.170141 1.413397
v 0.572805 0.185066 1.400000
v 0.618999 0.199990 1.413397
v 0.652816 0.210916 1.450000
v 0.623538 0.280800 1.500000
v 0.611936 0.275575 1.550000
v 0.580237 0.261300 1.586603
v 0.536936 0.241800 1.600000
v 0.493635 0.222300 1.586603
v 0.461936 0.208025 1.550000
v 0.450333 0.202800 1.500000
v 0.461936 0.208025 1.450000
v 0.493635 0.222300 1.413397
v 0.536936 0.241800 1.400000
v 0.580237 0.261300 1.413397
v 0.611936 0.275575 1.450000
v 0.571214 0.341880 1.500000
v 0.560585 0.335519 1.550000
v 0.531547 0.318139 1.586603
v 0.491879 0.294397 1.600000
v 0.452211 0.270655 1.586603
v 0.423173 0.253275 1.550000
v 0.412544 0.246914 1.500000
v 0.423173 0.253275 1.450000
v 0.452211 0.270655 1.413397
v 0.491879 0.294397 1.400000
v 0.531547 0.318139 1.413397
v 0.560585 0.335519 1.450000
v 0.509117 0.397111 1.500000
v 0.499644 0.389722 1.550000
v 0.473762 0.369534 1.586603
v 0.438406 0.341957 1.600000
v 0.403051 0.314380 1.586603
v 0.377169 0.294192 1.550000
v 0.367696 0.286802 1.500000
v 0.377169 0.294192 1.450000
v 0.403051 0.314380 1.413397
v 0.438406 0.341957 1.400000
v 0.473762 0.369534 1.413397
v 0.499644 0.389722 1.450000
v 0.438309 0.445547 1.500000
v 0.430153 0.437256 1.550000
v 0.407870 0.414606 1.586603
v 0.377432 0.383666 1.600000
v 0.346994 0.352725 1.586603
v 0.324712 0.330075 1.550000
v 0.316556 0.321784 1.500000
v 0.324712 0.330075 1.450000
v 0.346994 0.352725 1.413397
v 0.377432 0.383666 1.400000
v 0.407870 0.414606 1.413397
v 0.430153 0.437256 1.450000
v 0.360000 0.486360 1.500000
v 0.353301 0.477310 1.550000
v 0.335000 0.452585 1.586603
v 0.310000 0.418810 1.600000
v 0.285000 0.385035 1.586603
v 0.266699 0.360310 1.550000
v 0.260000 0.351260 1.500000
v 0.266699 0.360310 1.450000
v 0.285000 0.385035 1.413397
v 0.310000 0.418810 1.400000
v 0.335000 0.452585 1.413397
v 0.353301 0.477310 1.450000
v 0.275532 0.518851 1.500000
v 0.270405 0.509196 1.550000
v 0.256398 0.482819 1.586603
v 0.237264 0.446788 1.600000
v 0.218130 0.410757 1.586603
v 0.204122 0.384380 1.550000
v 0.198995 0.374725 1.500000
v 0.204122 0.384380 1.450000
v 0.218130 0.410757 1.413397
v 0.237264 0.446788 1.400000
v 0.256398 0.482819 1.413397
v 0.270405 0.509196 1.450000
v 0.186350 0.542464 1.500000
v 0.182882 0.532370 1.550000
v 0.173409 0.504793 1.586603
v 0.160468 0.467122 1.600000
v 0.147527 0.429451 1.586603
v 0.138054 0.401873 1.550000
v 0.134586 0.391779 1.500000
v 0.138054 0.401873 1.450000
v 0.147527 0.429451 1.413397
v 0.160468 0.467122 1.400000
v 0.173409 0.504793 1.413397
v 0.182882 0.532370 1.450000
v 0.093979 0.556795 1.500000
v 0.092231 0.546435 1.550000
v 0.087453 0.518129 1.586603
v 0.080927 0.479463 1.600000
v 0.074400 0.440796 1.586603
v 0.069623 0.412491 1.550000
v 0.067874 0.402130 1.500000
v 0.069623 0.412491 1.450000
v 0.074400 0.440796 1.413397
v 0.080927 0.479463 1.400000
v 0.087453 0.518129 1.413397
v 0.092231 0.546435 1.450000
v -0.000000 0.561600 1.500000
v -0.000000 0.551150 1.550000
v -0.000000 0.522600 1.586603
v -0.000000 0.483600 1.600000
v -0.000000 0.444600 1.586603
v -0.000000 0.416050 1.550000
v -0.000000 0.405600 1.500000
v -0.000000 0.416050 1.450000
v -0.000000 0.444600 1.413397
v -0.000000 0.483600 1.400000
v -0.000000 0.522600 1.413397
v -0.000000 0.551150 1.450000
v -0.093979 0.556795 1.500000
v -0.092230 0.546435 1.550000
v -0.087452 0.518129 1.586603
v -0.080926 0.479463 1.600000
v -0.074400 0.440796 1.586603
v -0.069622 0.412491 1.550000
v -0.067874 0.402130 1.500000
v -0.069622 0.412491 1.450000
v -0.074400 0.440796 1.413397
v -0.080926 0.479463 1.400000
v -0.087452 0.518129 1.413397
v -0.092230 0.546435 1.450000
v -0.186349 0.542464 1.500000
v -0.182882 0.532370 1.550000
v -0.173408 0.504793 1.586603
v -0.160468 0.467122 1.600000
v -0.147527 0.429451 1.586603
v -0.138053 0.401873 1.550000
v -0.134586 0.391780 1.500000
v -0.138053 0.401873 1.450000
v -0.147527 0.429451 1.413397
v -0.160468 0.467122 1.400000
v -0.173408 0.504793 1.413397
v -0.182882 0.532370 1.450000
v -0.275532 0.518851 1.500000
v -0.270405 0.509196 1.550000
v -0.256398 0.482819 1.586603
v -0.237264 0.446788 1.600000
v -0.218130 0.410757 1.586603
v -0.204122 0.384380 1.550000
v -0.198996 0.374725 1.500000
v -0.204122 0.384380 1.450000
v -0.218130 0.410757 1.413397
v -0.237264 0.446788 1.400000
v -0.256398 0.482819 1.413397
v -0.270405 0.509196 1.450000
v -0.360000 0.486360 1.500000
v -0.353301 0.477310 1.550000
v -0.335000 0.452585 1.586603
v -0.310000 0.418810 1.600000
v -0.285000 0.385035 1.586603
v -0.266699 0.360310 1.550000
v -0.260000 0.351260 1.500000
v -0.266699 0.360310 1.450000
v -0.285000 0.385035 1.413397
v -0.310000 0.418810 1.400000
v -0.335000 0.452585 1.413397
v -0.353301 0.477310 1.450000
v -0.438308 0.445547 1.500000
v -0.430152 0.437257 1.550000
v -0.407870 0.414607 1.586603
v -0.377432 0.383666 1.600000
v -0.346994 0.352725 1.586603
v -0.324712 0.330075 1.550000
v -0.316556 0.321784 1.500000
v -0.324712 0.330075 1.450000
v -0.346994 0.352725 1.413397
v -0.377432 0.383666 1.400000
v -0.407870 0.414607 1.413397
v -0.430152 0.437257 1.450000
v -0.509117 0.397111 1.500000
v -0.499643 0.389722 1.550000
v -0.473761 0.369534 1.586603
v -0.438406 0.341957 1.600000
v -0.403051 0.314380 1.586603
v -0.377169 0.294192 1.550000
v -0.367695 0.286803 1.500000
v -0.377169 0.294192 1.450000
v -0.403051 0.314380 1.413397
v -0.438406 0.341957 1.400000
v -0.473761 0.369534 1.413397
v -0.499643 0.389722 1.450000
v -0.571214 0.341880 1.500000
v -0.560586 0.335519 1.550000
v -0.531547 0.318139 1.586603
v -0.491879 0.294397 1.600000
v -0.452211 0.270655 1.586603
v -0.423173 0.253275 1.550000
v -0.412544 0.246914 1.500000
v -0.423173 0.253275 1.450000
v -0.452211 0.270655 1.413397
v -0.491879 0.294397 1.400000
v -0.531547 0.318139 1.413397
v -0.560586 0.335519 1.450000
v -0.623538 0.280800 1.500000
v -0.611936 0.275575 1.550000
v -0.580237 0.261300 1.586603
v -0.536936 0.241800 1.600000
v -0.493634 0.222300 1.586603
v -0.461936 0.208025 1.550000
v -0.450333 0.202800 1.500000
v -0.461936 0.208025 1.450000
v -0.493634 0.222300 1.413397
v -0.536936 0.241800 1.400000
v -0.580237 0.261300 1.413397
v -0.611936 0.275575 1.450000
v -0.665193 0.214915 1.500000
v -0.652816 0.210916 1.550000
v -0.618999 0.199991 1.586603
v -0.572805 0.185066 1.600000
v -0.526611 0.170141 1.586603
v -0.492795 0.159216 1.550000
v -0.480417 0.155217 1.500000
v -0.492795 0.159216 1.450000
v -0.526611 0.170141 1.413397
v -0.572805 0.185066 1.400000
v -0.618999 0.199991 1.413397
v -0.652816 0.210916 1.450000
v -0.695467 0.145353 1.500000
v -0.682526 0.142648 1.550000
v -0.647170 0.135259 1.586603
v -0.598874 0.125165 1.600000
v -0.550578 0.115071 1.586603
v -0.515222 0.107682 1.550000
v -0.502281 0.104977 1.500000
v -0.515222 0.107682 1.450000
v -0.550578 0.115071 1.413397
v -0.598874 0.125165 1.400000
v -0.647170 0.135259 1.413397
v -0.682526 0.142648 1.450000
v -0.713840 0.073303 1.500000
v -0.700558 0.071939 1.550000
v -0.664268 0.068213 1.586603
v -0.614696 0.063122 1.600000
v -0.565124 0.058032 1.586603
v -0.528834 0.054305 1.550000
v -0.515551 0.052941 1.500000
v -0.528834 0.054305 1.450000
v -0.565124 0.058032 1.413397
v -0.614696 0.063122 1.400000
v -0.664268 0.068213 1.413397
v -0.700558 0.071939 1.450000
vn -1.0000 -0.0000 -0.0000
vn -0.8687 -0.0000 0.4954
vn -0.5080 -0.0000 0.8614
vn -0.0108 -0.0000 0.9999
vn 0.4918 -0.0000 0.8707
vn 0.8633 -0.0000 0.5047
vn 1.0000 -0.0000 -0.0000
vn 0.8633 -0.0000 -0.5047
vn 0.4918 -0.0000 -0.8707
vn -0.0108 -0.0000 -0.9999
vn -0.5080 -0.0000 -0.8614
vn -0.8687 -0.0000 -0.4954
vn -0.9861 -0.1664 -0.0000
vn -0.8577 -0.1448 0.4934
vn -0.5029 -0.0849 0.8601
vn -0.0107 -0.0018 0.9999
vn 0.4870 0.0822 0.8695
vn 0.8524 0.1439 0.5027
vn 0.9861 0.1664 -0.0000
vn 0.8524 0.1439 -0.5027
vn 0.4870 0.0822 -0.8695
vn -0.0107 -0.0018 -0.9999
vn -0.5029 -0.0849 -0.8601
vn -0.8577 -0.1448 -0.4934
vn -0.9458 -0.3249 -0.0000
vn -0.8257 -0.2837 0.4875
vn -0.4880 -0.1676 0.8566
vn -0.0104 -0.0036 0.9999
vn 0.4726 0.1624 0.8662
vn 0.8208 0.2820 0.4968
vn 0.9458 0.3249 -0.0000
vn 0.8208 0.2820 -0.4968
vn 0.4726 0.1624 -0.8662
vn -0.0104 -0.0036 -0.9999
vn -0.4880 -0.1676 -0.8566
vn -0.8257 -0.2837 -0.4875
vn -0.8832 -0.4690 -0.0000
vn -0.7754 -0.4118 0.4787
vn -0.4637 -0.2463 0.8511
vn -0.0100 -0.0053 0.9999
vn 0.4493 0.2386 0.8609
vn 0.7709 0.4094 0.4879
vn 0.8832 0.4690 -0.0000
vn 0.7710 0.4094 -0.4879
vn 0.4493 0.2386 -0.8609
vn -0.0100 -0.0053 -0.9999
vn -0.4637 -0.2463 -0.8511
vn -0.7754 -0.4118 -0.4787
vn -0.8038 -0.5949 -0.0000
vn -0.7104 -0.5258 0.4678
vn -0.4311 -0.3191 0.8440
vn -0.0093 -0.0069 0.9999
vn 0.4179 0.3093 0.8542
vn 0.7065 0.5229 0.4769
vn 0.8038 0.5949 -0.0000
vn 0.7065 0.5229 -0.4769
vn 0.4179 0.3093 -0.8542
vn -0.0093 -0.0069 -0.9999
vn -0.4311 -0.3191 -0.8440
vn -0.7104 -0.5258 -0.4678
vn -0.7129 -0.7013 -0.0000
vn -0.6344 -0.6241 0.4560
vn -0.3912 -0.3848 0.8360
vn -0.0086 -0.0084 0.9999
vn 0.3794 0.3732 0.8466
vn 0.6311 0.6208 0.4651
vn 0.7129 0.7013 -0.0000
vn 0.6311 0.6208 -0.4651
vn 0.3794 0.3732 -0.8466
vn -0.0086 -0.0084 -0.9999
vn -0.3912 -0.3848 -0.8360
vn -0.6344 -0.6241 -0.4560
vn -0.6150 -0.7885 -0.0000
vn -0.5510 -0.7064 0.4444
vn -0.3452 -0.4425 0.8277
vn -0.0076 -0.0098 0.9999
vn 0.3350 0.4295 0.8387
vn 0.5482 0.7028 0.4533
vn 0.6150 0.7885 -0.0000
vn 0.5482 0.7028 -0.4533
vn 0.3350 0.4295 -0.8387
vn -0.0076 -0.0098 -0.9999
vn -0.3452 -0.4425 -0.8277
vn -0.5510 -0.7064 -0.4444
vn -0.5136 -0.8581 -0.0000
vn -0.4628 -0.7732 0.4335
vn -0.2943 -0.4916 0.8196
vn -0.0066 -0.0110 0.9999
vn 0.2857 0.4774 0.8309
vn 0.4606 0.7695 0.4423
vn 0.5136 0.8581 -0.0000
vn 0.4606 0.7695 -0.4423
vn 0.2857 0.4774 -0.8309
vn -0.0066 -0.0110 -0.9999
vn -0.2942 -0.4916 -0.8196
vn -0.4628 -0.7732 -0.4335
vn -0.4106 -0.9118 -0.0000
vn -0.3719 -0.8257 0.4241
vn -0.2395 -0.5319 0.8123
vn -0.0054 -0.0120 0.9999
vn 0.2327 0.5167 0.8239
vn 0.3702 0.8220 0.4328
vn 0.4106 0.9118 -0.0000
vn 0.3702 0.8220 -0.4328
vn 0.2327 0.5167 -0.8239
vn -0.0054 -0.0120 -0.9999
vn -0.2395 -0.5319 -0.8123
vn -0.3719 -0.8257 -0.4241
vn -0.3074 -0.9516 -0.0000
vn -0.2795 -0.8651 0.4165
vn -0.1819 -0.5631 0.8061
vn -0.0041 -0.0128 0.9999
vn 0.1768 0.5473 0.8180
vn 0.2783 0.8613 0.4251
vn 0.3074 0.9516 -0.0000
vn 0.2783 0.8613 -0.4251
vn 0.1768 0.5473 -0.8180
vn -0.0041 -0.0128 -0.9999
vn -0.1819 -0.5631 -0.8061
vn -0.2795 -0.8651 -0.4165
vn -0.2046 -0.9788 -0.0000
vn -0.1865 -0.8924 0.4110
vn -0.1223 -0.5854 0.8015
vn -0.0028 -0.0133 0.9999
vn 0.1189 0.5691 0.8136
vn 0.1857 0.8886 0.4195
vn 0.2046 0.9788 -0.0000
vn 0.1857 0.8886 -0.4195
vn 0.1189 0.5691 -0.8136
vn -0.0028 -0.0133 -0.9999
vn -0.1223 -0.5854 -0.8015
vn -0.1865 -0.8924 -0.4110
vn -0.1022 -0.9948 -0.0000
vn -0.0933 -0.9084 0.4076
vn -0.0615 -0.5987 0.7986
vn -0.0014 -0.0137 0.9999
vn 0.0598 0.5822 0.8108
vn 0.0929 0.9046 0.4161
vn 0.1022 0.9948 -0.0000
vn 0.0929 0.9046 -0.4161
vn 0.0598 0.5822 -0.8108
vn -0.0014 -0.0137 -0.9999
vn -0.0615 -0.5987 -0.7986
vn -0.0933 -0.9084 -0.4076
vn -0.0000 -1.0000 -0.0000
vn -0.0000 -0.9137 0.4064
vn -0.0000 -0.6031 0.7977
vn -0.0000 -0.0138 0.9999
vn -0.0000 0.5865 0.8099
vn -0.0000 0.9099 0.4149
vn -0.0000 1.0000 -0.0000
vn -0.0000 0.9099 -0.4149
vn -0.0000 0.5865 -0.8099
vn -0.0000 -0.0138 -0.9999
vn -0.0000 -0.6031 -0.7977
vn -0.0000 -0.9137 -0.4064
vn 0.1022 -0.9948 -0.0000
vn 0.0933 -0.9084 0.4076
vn 0.0615 -0.5987 0.7986
vn 0.0014 -0.0137 0.9999
vn -0.0598 0.5822 0.8108
vn -0.0929 0.9046 0.4161
vn -0.1022 0.9948 -0.0000
vn -0.0929 0.9046 -0.4161
vn -0.0598 0.5822 -0.8108
vn 0.0014 -0.0137 -0.9999
vn 0.0615 -0.5987 -0.7986
vn 0.0933 -0.9084 -0.4076
vn 0.2046 -0.9789 -0.0000
vn 0.1865 -0.8924 0.4110
vn 0.1223 -0.5854 0.8015
vn 0.0028 -0.0133 0.9999
vn -0.1189 0.5691 0.8136
vn -0.1857 0.8886 0.4195
vn -0.2046 0.9789 -0.0000
vn -0.1857 0.8886 -0.4195
vn -0.1189 0.5691 -0.8136
vn 0.0028 -0.0133 -0.9999
vn 0.1223 -0.5854 -0.8015
vn 0.1865 -0.8924 -0.4110
vn 0.3074 -0.9516 -0.0000
vn 0.2795 -0.8651 0.4165
vn 0.1819 -0.5631 0.8061
vn 0.0041 -0.0128 0.9999
vn -0.1768 0.5473 0.8180
vn -0.2783 0.8613 0.4251
vn -0.3074 0.9516 -0.0000
vn -0.2783 0.8613 -0.4251
vn -0.1768 0.5473 -0.8180
vn 0.0041 -0.0128 -0.9999
vn 0.1819 -0.5631 -0.8061
vn 0.2795 -0.8651 -0.4165
vn 0.4106 -0.9118 -0.0000
vn 0.3719 -0.8257 0.4241
vn 0.2395 -0.5319 0.8122
vn 0.0054 -0.0120 0.9999
vn -0.2327 0.5167 0.8239
vn -0.3702 0.8220 0.4328
vn -0.4106 0.9118 -0.0000
vn -0.3702 0.8220 -0.4328
vn -0.2327 0.5167 -0.8239
vn 0.0054 -0.0120 -0.9999
vn 0.2395 -0.5319 -0.8122
vn 0.3719 -0.8257 -0.4241
vn 0.5136 -0.8581 -0.0000
vn 0.4628 -0.7732 0.4335
vn 0.2942 -0.4916 0.8196
vn 0.0066 -0.0110 0.9999
vn -0.2857 0.4774 0.8309
vn -0.4606 0.7695 0.4423
vn -0.5136 0.8581 -0.0000
vn -0.4606 0.7695 -0.4423
vn -0.2857 0.4774 -0.8309
vn 0.0066 -0.0110 -0.9999
vn 0.2942 -0.4916 -0.8196
vn 0.4628 -0.7732 -0.4335
vn 0.6150 -0.7885 -0.0000
vn 0.5510 -0.7064 0.4444
vn 0.3452 -0.4425 0.8277
vn 0.0076 -0.0098 0.9999
vn -0.3350 0.4295 0.8387
vn -0.5482 0.7028 0.4533
vn -0.6150 0.7885 -0.0000
vn -0.5482 0.7028 -0.4533
vn -0.3350 0.4295 -0.8387
vn 0.0076 -0.0098 -0.9999
vn 0.3452 -0.4425 -0.8277
vn 0.5510 -0.7064 -0.4444
vn 0.7129 -0.7013 -0.0000
vn 0.6344 -0.6241 0.4560
vn 0.3912 -0.3848 0.8360
vn 0.0085 -0.0084 0.9999
vn -0.3794 0.3732 0.8466
vn -0.6311 0.6208 0.4651
vn -0.7129 0.7013 -0.0000
vn -0.6311 0.6208 -0.4651
vn -0.3794 0.3732 -0.8466
vn 0.0085 -0.0084 -0.9999
vn 0.3912 -0.3848 -0.8360
vn 0.6344 -0.6241 -0.4560
vn 0.8038 -0.5949 -0.0000
vn 0.7104 -0.5258 0.4678
vn 0.4311 -0.3191 0.8440
vn 0.0093 -0.0069 0.9999
vn -0.4179 0.3093 0.8542
vn -0.7065 0.5229 0.4769
vn -0.8038 0.5949 -0.0000
vn -0.7065 0.5229 -0.4769
vn -0.4179 0.3093 -0.8542
vn 0.0093 -0.0069 -0.9999
vn 0.4311 -0.3191 -0.8440
vn 0.7104 -0.5258 -0.4678
vn 0.8832 -0.4690 -0.0000
vn 0.7754 -0.4118 0.4787
vn 0.4637 -0.2463 0.8511
vn 0.0100 -0.0053 0.9999
vn -0.4493 0.2386 0.8609
vn -0.7709 0.4094 0.4879
vn -0.8832 0.4690 -0.0000
vn -0.7709 0.4094 -0.4879
vn -0.4493 0.2386 -0.8609
vn 0.0100 -0.0053 -0.9999
vn 0.4637 -0.2463 -0.8511
vn 0.7754 -0.4118 -0.4787
vn 0.9458 -0.3249 -0.0000
vn 0.8257 -0.2837 0.4875
vn 0.4880 -0.1676 0.8566
vn 0.0104 -0.0036 0.9999
vn -0.4726 0.1624 0.8662
vn -0.8208 0.2820 0.4968
vn -0.9458 0.3249 -0.0000
vn -0.8208 0.2820 -0.4968
vn -0.4726 0.1624 -0.8662
vn 0.0104 -0.0036 -0.9999
vn 0.4880 -0.1676 -0.8566
vn 0.8257 -0.2837 -0.4875
vn 0.9861 -0.1664 -0.0000
vn 0.8577 -0.1448 0.4934
vn 0.5029 -0.0849 0.8601
vn 0.0107 -0.0018 0.9999
vn -0.4870 0.0822 0.8695
vn -0.8524 0.1439 0.5027
vn -0.9861 0.1664 -0.0000
vn -0.8524 0.1439 -0.5027
vn -0.4870 0.0822 -0.8695
vn 0.0107 -0.0018 -0.9999
vn 0.5029 -0.0849 -0.8601
vn 0.8577 -0.1448 -0.4934
vn 0.8687 -0.0000 0.4954
vn 0.5080 -0.0000 0.8614
vn 0.0108 -0.0000 0.9999
vn -0.4918 -0.0000 0.8707
vn -0.8633 -0.0000 0.5047
vn -0.8633 -0.0000 -0.5047
vn -0.4918 -0.0000 -0.8707
vn 0.0108 -0.0000 -0.9999
vn 0.5080 -0.0000 -0.8614
vn 0.8687 -0.0000 -0.4954
vn 0.8577 0.1448 0.4934
vn 0.5029 0.0849 0.8601
vn 0.0107 0.0018 0.9999
vn -0.4870 -0.0822 0.8695
vn -0.8524 -0.1439 0.5027
vn -0.8524 -0.1439 -0.5027
vn -0.4870 -0.0822 -0.8695
vn 0.0107 0.0018 -0.9999
vn 0.5029 0.0849 -0.8601
vn 0.8577 0.1448 -0.4934
vn 0.8257 0.2837 0.4875
vn 0.4880 0.1676 0.8566
vn 0.0104 0.0036 0.9999
vn -0.4726 -0.1624 0.8662
vn -0.8208 -0.2820 0.4968
vn -0.8208 -0.2820 -0.4968
vn -0.4726 -0.1624 -0.8662
vn 0.0104 0.0036 -0.9999
vn 0.4880 0.1676 -0.8566
vn 0.8257 0.2837 -0.4875
vn 0.7754 0.4118 0.4787
vn 0.4637 0.2463 0.8511
vn 0.0100 0.0053 0.9999
vn -0.4493 -0.2386 0.8609
vn -0.7710 -0.4094 0.4879
vn -0.7710 -0.4094 -0.4879
vn -0.4493 -0.2386 -0.8609
vn 0.0100 0.0053 -0.9999
vn 0.4637 0.2463 -0.8511
vn 0.7754 0.4118 -0.4787
vn 0.7104 0.5258 0.4678
vn 0.4311 0.3191 0.8440
vn 0.0093 0.0069 0.9999
vn -0.4179 -0.3093 0.8542
vn -0.7065 -0.5229 0.4769
vn -0.7065 -0.5229 -0.4769
vn -0.4179 -0.3093 -0.8542
vn 0.0093 0.0069 -0.9999
vn 0.4311 0.3191 -0.8440
vn 0.7104 0.5258 -0.4678
vn 0.6344 0.6241 0.4560
vn 0.3912 0.3848 0.8360
vn 0.0085 0.0084 0.9999
vn -0.3794 -0.3732 0.8466
vn -0.6311 -0.6208 0.4651
vn -0.6311 -0.6208 -0.4651
vn -0.3794 -0.3732 -0.8466
vn 0.0085 0.0084 -0.9999
vn 0.3912 0.3848 -0.8360
vn 0.6344 0.6241 -0.4560
vn 0.5510 0.7064 0.4444
vn 0.3452 0.4425 0.8277
vn 0.0076 0.0098 0.9999
vn -0.3350 -0.4295 0.8387
vn -0.5482 -0.7028 0.4533
vn -0.5482 -0.7028 -0.4533
vn -0.3350 -0.4295 -0.8387
vn 0.0076 0.0098 -0.9999
vn 0.3452 0.4425 -0.8277
vn 0.5510 0.7064 -0.4444
vn 0.4628 0.7732 0.4335
vn 0.2942 0.4916 0.8196
vn 0.0066 0.0110 0.9999
vn -0.2857 -0.4774 0.8309
vn -0.4606 -0.7695 0.4423
vn -0.4606 -0.7695 -0.4423
vn -0.2857 -0.4774 -0.8309
vn 0.0066 0.0110 -0.9999
vn 0.2942 0.4916 -0.8196
vn 0.4628 0.7732 -0.4335
vn 0.3719 0.8257 0.4241
vn 0.2395 0.5319 0.8122
vn 0.0054 0.0120 0.9999
vn -0.2327 -0.5167 0.8239
vn -0.3702 -0.8220 0.4328
vn -0.3702 -0.8220 -0.4328
vn -0.2327 -0.5167 -0.8239
vn 0.0054 0.0120 -0.9999
vn 0.2395 0.5319 -0.8123
vn 0.3719 0.8257 -0.4241
vn 0.2795 0.8651 0.4165
vn 0.1819 0.5631 0.8061
vn 0.0041 0.0128 0.9999
vn -0.1768 -0.5473 0.8180
vn -0.2783 -0.8613 0.4251
vn -0.2783 -0.8613 -0.4251
vn -0.1768 -0.5473 -0.8180
vn 0.0041 0.0128 -0.9999
vn 0.1819 0.5631 -0.8061
vn 0.2795 0.8651 -0.4165
vn 0.1865 0.8924 0.4110
vn 0.1223 0.5854 0.8015
vn 0.0028 0.0133 0.9999
vn -0.1189 -0.5691 0.8136
vn -0.1857 -0.8886 0.4195
vn -0.1857 -0.8886 -0.4195
vn -0.1189 -0.5691 -0.8136
vn 0.0028 0.0133 -0.9999
vn 0.1223 0.5854 -0.8015
vn 0.1865 0.8924 -0.4110
vn 0.0933 0.9084 0.4076
vn 0.0615 0.5987 0.7986
vn 0.0014 0.0137 0.9999
vn -0.0598 -0.5822 0.8108
vn -0.0929 -0.9046 0.4161
vn -0.0929 -0.9046 -0.4161
vn -0.0598 -0.5822 -0.8108
vn 0.0014 0.0137 -0.9999
vn 0.0615 0.5987 -0.7986
vn 0.0933 0.9084 -0.4076
vn -0.0000 0.9137 0.4064
vn -0.0000 0.6031 0.7977
vn -0.0000 0.0138 0.9999
vn -0.0000 -0.5865 0.8099
vn -0.0000 -0.9099 0.4149
vn -0.0000 -0.9099 -0.4149
vn -0.0000 -0.5865 -0.8099
vn -0.0000 0.0138 -0.9999
vn -0.0000 0.6031 -0.7977
vn -0.0000 0.9137 -0.4064
vn -0.0933 0.9084 0.4076
vn -0.0615 0.5987 0.7986
vn -0.0014 0.0137 0.9999
vn 0.0598 -0.5822 0.8108
vn 0.0929 -0.9046 0.4161
vn 0.0929 -0.9046 -0.4161
vn 0.0598 -0.5822 -0.8109
vn -0.0014 0.0137 -0.9999
vn -0.0615 0.5987 -0.7986
vn -0.0933 0.9084 -0.4076
vn -0.2046 0.9788 -0.0000
vn -0.1865 0.8924 0.4110
vn -0.1223 0.5854 0.8015
vn -0.0028 0.0133 0.9999
vn 0.1189 -0.5691 0.8136
vn 0.1857 -0.8886 0.4195
vn 0.2046 -0.9788 -0.0000
vn 0.1857 -0.8886 -0.4195
vn 0.1189 -0.5691 -0.8136
vn -0.0028 0.0133 -0.9999
vn -0.1223 0.5854 -0.8015
vn -0.1865 0.8924 -0.4110
vn -0.2795 0.8651 0.4165
vn -0.1819 0.5631 0.8061
vn -0.0041 0.0128 0.9999
vn 0.1768 -0.5473 0.8180
vn 0.2783 -0.8613 0.4251
vn 0.2783 -0.8613 -0.4251
vn 0.1768 -0.5473 -0.8180
vn -0.0041 0.0128 -0.9999
vn -0.1819 0.5631 -0.8061
vn -0.2795 0.8651 -0.4165
vn -0.3719 0.8257 0.4241
vn -0.2395 0.5319 0.8123
vn -0.0054 0.0120 0.9999
vn 0.2327 -0.5167 0.8239
vn 0.3702 -0.8220 0.4328
vn 0.3702 -0.8220 -0.4328
vn 0.2327 -0.5167 -0.8239
vn -0.0054 0.0120 -0.9999
vn -0.2395 0.5319 -0.8123
vn -0.3719 0.8257 -0.4241
vn -0.4628 0.7732 0.4335
vn -0.2942 0.4916 0.8196
vn -0.0066 0.0110 0.9999
vn 0.2857 -0.4774 0.8309
vn 0.4606 -0.7695 0.4423
vn 0.4606 -0.7695 -0.4423
vn 0.2857 -0.4774 -0.8309
vn -0.0066 0.0110 -0.9999
vn -0.2942 0.4916 -0.8196
vn -0.4628 0.7732 -0.4335
vn -0.5510 0.7064 0.4444
vn -0.3452 0.4425 0.8277
vn -0.0076 0.0098 0.9999
vn 0.3350 -0.4295 0.8387
vn 0.5482 -0.7028 0.4533
vn 0.5482 -0.7028 -0.4533
vn 0.3350 -0.4295 -0.8387
vn -0.0076 0.0098 -0.9999
vn -0.3452 0.4425 -0.8277
vn -0.5510 0.7064 -0.4444
vn -0.6344 0.6241 0.4560
vn -0.3912 0.3848 0.8360
vn -0.0085 0.0084 0.9999
vn 0.3794 -0.3732 0.8466
vn 0.6311 -0.6208 0.4651
vn 0.6311 -0.6208 -0.4651
vn 0.3794 -0.3732 -0.8466
vn -0.0086 0.0084 -0.9999
vn -0.3912 0.3848 -0.8360
vn -0.6344 0.6241 -0.4560
vn -0.7104 0.5258 0.4678
vn -0.4311 0.3191 0.8440
vn -0.0093 0.0069 0.9999
vn 0.4179 -0.3093 0.8542
vn 0.7065 -0.5229 0.4769
vn 0.7065 -0.5229 -0.4769
vn 0.4179 -0.3093 -0.8542
vn -0.0093 0.0069 -0.9999
vn -0.4311 0.3191 -0.8440
vn -0.7104 0.5258 -0.4678
vn -0.7754 0.4118 0.4787
vn -0.4637 0.2463 0.8511
vn -0.0100 0.0053 0.9999
vn 0.4493 -0.2386 0.8609
vn 0.7709 -0.4094 0.4879
vn 0.7709 -0.4094 -0.4879
vn 0.4493 -0.2386 -0.8609
vn -0.0100 0.0053 -0.9999
vn -0.4637 0.2463 -0.8511
vn -0.7754 0.4118 -0.4787
vn -0.8257 0.2837 0.4875
vn -0.4880 0.1676 0.8566
vn -0.0104 0.0036 0.9999
vn 0.4726 -0.1624 0.8662
vn 0.8208 -0.2820 0.4968
vn 0.8208 -0.2820 -0.4968
vn 0.4726 -0.1624 -0.8662
vn -0.0104 0.0036 -0.9999
vn -0.4880 0.1676 -0.8566
vn -0.8257 0.2837 -0.4875
vn -0.8577 0.1448 0.4934
vn -0.5029 0.0849 0.8601
vn -0.0107 0.0018 0.9999
vn 0.4870 -0.0822 0.8695
vn 0.8524 -0.1439 0.5027
vn 0.8524 -0.1439 -0.5027
vn 0.4870 -0.0822 -0.8695
vn -0.0107 0.0018 -0.9999
vn -0.5029 0.0849 -0.8601
vn -0.8577 0.1448 -0.4934
vt 0.500000 0.500000
vt 0.520833 0.583333
vt 0.500000 0.583333
vt 0.500000 0.666667
vt 0.520833 0.750000
vt 0.500000 0.750000
vt 0.500000 0.833333
vt 0.520833 0.833333
vt 0.500000 0.916667
vt 0.520833 1.000000
vt 0.500000 1.000000
vt 0.500000 0.000000
vt 0.520833 0.083333
vt 0.500000 0.083333
vt 0.520833 0.166667
vt 0.500000 0.166667
vt 0.500000 0.250000
vt 0.520833 0.250000
vt 0.500000 0.333333
vt 0.520833 0.333333
vt 0.500000 0.416667
vt 0.520833 0.416667
vt 0.541667 0.500000
vt 0.520833 0.500000
vt 0.541667 0.583333
vt 0.520833 0.666667
vt 0.541667 0.666667
vt 0.541667 0.833333
vt 0.541667 0.916667
vt 0.520833 0.916667
vt 0.541667 0.000000
vt 0.520833 0.000000
vt 0.541667 0.083333
vt 0.541667 0.166667
vt 0.541667 0.333333
vt 0.541667 0.416667
vt 0.562500 0.583333
vt 0.562500 0.666667
vt 0.562500 0.750000
vt 0.541667 0.750000
vt 0.562500 0.916667
vt 0.541667 1.000000
vt 0.562500 0.083333
vt 0.562500 0.166667
vt 0.541667 0.250000
vt 0.562500 0.250000
vt 0.562500 0.416667
vt 0.583333 0.500000
vt 0.562500 0.500000
vt 0.583333 0.583333
vt 0.583333 0.666667
vt 0.583333 0.750000
vt 0.562500 0.833333
vt 0.583333 0.916667
vt 0.562500 1.000000
vt 0.583333 0.000000
vt 0.562500 0.000000
vt 0.583333 0.083333
vt 0.583333 0.250000
vt 0.562500 0.333333
vt 0.583333 0.416667
vt 0.604167 0.500000
vt 0.604167 0.583333
vt 0.604167 0.750000
vt 0.583333 0.833333
vt 0.604167 0.833333
vt 0.604167 0.916667
vt 0.583333 1.000000
vt 0.604167 0.083333
vt 0.583333 0.166667
vt 0.604167 0.166667
vt 0.604167 0.250000
vt 0.583333 0.333333
vt 0.604167 0.416667
vt 0.625000 0.500000
vt 0.625000 0.583333
vt 0.604167 0.666667
vt 0.625000 0.666667
vt 0.625000 0.750000
vt 0.625000 0.916667
vt 0.625000 1.000000
vt 0.604167 1.000000
vt 0.625000 0.000000
vt 0.604167 0.000000
vt 0.625000 0.083333
vt 0.625000 0.166667
vt 0.625000 0.333333
vt 0.604167 0.333333
vt 0.645833 0.500000
vt 0.645833 0.666667
vt 0.645833 0.750000
vt 0.625000 0.833333
vt 0.645833 0.916667
vt 0.645833 0.000000
vt 0.645833 0.083333
vt 0.645833 0.250000
vt 0.625000 0.250000
vt 0.645833 0.333333
vt 0.625000 0.416667
vt 0.645833 0.416667
vt 0.666667 0.583333
vt 0.645833 0.583333
vt 0.666667 0.666667
vt 0.666667 0.750000
vt 0.666667 0.833333
vt 0.645833 0.833333
vt 0.666667 0.916667
vt 0.645833 1.000000
vt 0.666667 0.000000
vt 0.666667 0.083333
vt 0.645833 0.166667
vt 0.666667 0.166667
vt 0.666667 0.250000
vt 0.666667 0.333333
vt 0.666667 0.416667
vt 0.666667 0.500000
vt 0.687500 0.583333
vt 0.687500 0.666667
vt 0.687500 0.833333
vt 0.687500 0.916667
vt 0.666667 1.000000
vt 0.687500 0.083333
vt 0.687500 0.166667
vt 0.687500 0.333333
vt 0.687500 0.416667
vt 0.687500 0.500000
vt 0.708333 0.583333
vt 0.708333 0.666667
vt 0.687500 0.750000
vt 0.708333 0.833333
vt 0.708333 0.916667
vt 0.708333 1.000000
vt 0.687500 1.000000
vt 0.708333 0.000000
vt 0.687500 0.000000
vt 0.708333 0.083333
vt 0.708333 0.250000
vt 0.687500 0.250000
vt 0.708333 0.333333
vt 0.708333 0.416667
vt 0.708333 0.500000
vt 0.729167 0.583333
vt 0.729167 0.666667
vt 0.708333 0.750000
vt 0.729167 0.750000
vt 0.729167 0.833333
vt 0.729167 0.916667
vt 0.729167 0.000000
vt 0.729167 0.166667
vt 0.708333 0.166667
vt 0.729167 0.250000
vt 0.729167 0.333333
vt 0.729167 0.416667
vt 0.750000 0.500000
vt 0.729167 0.500000
vt 0.750000 0.583333
vt 0.750000 0.750000
vt 0.750000 0.833333
vt 0.750000 0.916667
vt 0.729167 1.000000
vt 0.750000 0.000000
vt 0.729167 0.083333
vt 0.750000 0.083333
vt 0.750000 0.250000
vt 0.750000 0.333333
vt 0.750000 0.416667
vt 0.770833 0.583333
vt 0.770833 0.666667
vt 0.750000 0.666667
vt 0.770833 0.750000
vt 0.770833 0.833333
vt 0.770833 0.916667
vt 0.750000 1.000000
vt 0.770833 0.000000
vt 0.770833 0.166667
vt 0.750000 0.166667
vt 0.770833 0.333333
vt 0.770833 0.416667
vt 0.770833 0.500000
vt 0.791667 0.583333
vt 0.791667 0.666667
vt 0.791667 0.750000
vt 0.791667 0.833333
vt 0.791667 1.000000
vt 0.770833 1.000000
vt 0.791667 0.000000
vt 0.770833 0.083333
vt 0.791667 0.083333
vt 0.791667 0.166667
vt 0.770833 0.250000
vt 0.791667 0.333333
vt 0.791667 0.416667
vt 0.791667 0.500000
vt 0.812500 0.583333
vt 0.812500 0.666667
vt 0.812500 0.750000
vt 0.812500 0.833333
vt 0.791667 0.916667
vt 0.812500 1.000000
vt 0.812500 0.000000
vt 0.812500 0.166667
vt 0.812500 0.250000
vt 0.791667 0.250000
vt 0.812500 0.333333
vt 0.812500 0.416667
vt 0.812500 0.500000
vt 0.833333 0.583333
vt 0.833333 0.666667
vt 0.833333 0.750000
vt 0.833333 0.916667
vt 0.812500 0.916667
vt 0.833333 0.083333
vt 0.812500 0.083333
vt 0.833333 0.166667
vt 0.833333 0.333333
vt 0.833333 0.416667
vt 0.854167 0.500000
vt 0.833333 0.500000
vt 0.854167 0.583333
vt 0.854167 0.750000
vt 0.833333 0.833333
vt 0.854167 0.833333
vt 0.854167 1.000000
vt 0.833333 1.000000
vt 0.854167 0.000000
vt 0.833333 0.000000
vt 0.854167 0.166667
vt 0.854167 0.250000
vt 0.833333 0.250000
vt 0.854167 0.416667
vt 0.875000 0.500000
vt 0.875000 0.666667
vt 0.854167 0.666667
vt 0.875000 0.750000
vt 0.875000 0.833333
vt 0.854167 0.916667
vt 0.875000 1.000000
vt 0.875000 0.000000
vt 0.854167 0.083333
vt 0.875000 0.166667
vt 0.875000 0.250000
vt 0.854167 0.333333
vt 0.875000 0.333333
vt 0.895833 0.500000
vt 0.875000 0.583333
vt 0.895833 0.666667
vt 0.895833 0.833333
vt 0.875000 0.916667
vt 0.895833 0.916667
vt 0.895833 0.083333
vt 0.875000 0.083333
vt 0.895833 0.166667
vt 0.895833 0.333333
vt 0.875000 0.416667
vt 0.895833 0.416667
vt 0.916667 0.500000
vt 0.895833 0.583333
vt 0.916667 0.583333
vt 0.916667 0.666667
vt 0.895833 0.750000
vt 0.916667 0.833333
vt 0.916667 1.000000
vt 0.895833 1.000000
vt 0.895833 0.000000
vt 0.916667 0.083333
vt 0.916667 0.166667
vt 0.895833 0.250000
vt 0.916667 0.333333
vt 0.916667 0.416667
vt 0.937500 0.583333
vt 0.937500 0.750000
vt 0.916667 0.750000
vt 0.937500 0.833333
vt 0.916667 0.916667
vt 0.937500 1.000000
vt 0.937500 0.000000
vt 0.916667 0.000000
vt 0.937500 0.083333
vt 0.937500 0.166667
vt 0.916667 0.250000
vt 0.937500 0.333333
vt 0.937500 0.416667
vt 0.958333 0.500000
vt 0.937500 0.500000
vt 0.958333 0.583333
vt 0.937500 0.666667
vt 0.958333 0.750000
vt 0.958333 0.833333
vt 0.937500 0.916667
vt 0.958333 1.000000
vt 0.958333 0.000000
vt 0.958333 0.083333
vt 0.958333 0.166667
vt 0.937500 0.250000
vt 0.958333 0.250000
vt 0.958333 0.333333
vt 0.958333 0.416667
vt 0.979167 0.583333
vt 0.979167 0.666667
vt 0.958333 0.666667
vt 0.979167 0.750000
vt 0.979167 0.833333
vt 0.958333 0.916667
vt 0.979167 0.916667
vt 0.979167 0.083333
vt 0.979167 0.166667
vt 0.979167 0.250000
vt 0.979167 0.333333
vt 0.979167 0.500000
vt 1.000000 0.500000
vt 1.000000 0.583333
vt 1.000000 0.666667
vt 1.000000 0.750000
vt 1.000000 0.833333
vt 1.000000 1.000000
vt 0.979167 1.000000
vt 1.000000 0.000000
vt 0.979167 0.000000
vt 1.000000 0.083333
vt 1.000000 0.166667
vt 1.000000 0.250000
vt 1.000000 0.333333
vt 0.979167 0.416667
vt 1.000000 0.416667
vt 0.000000 0.500000
vt 0.020833 0.583333
vt 0.000000 0.583333
vt 0.020833 0.666667
vt 0.000000 0.666667
vt 0.000000 0.750000
vt 0.020833 0.750000
vt 0.000000 0.833333
vt 0.020833 0.833333
vt 0.000000 0.916667
vt 0.020833 1.000000
vt 0.000000 1.000000
vt 0.020833 0.000000
vt 0.000000 0.083333
vt 0.000000 0.000000
vt 0.020833 0.083333
vt 0.000000 0.166667
vt 0.020833 0.166667
vt 0.000000 0.250000
vt 0.020833 0.333333
vt 0.000000 0.333333
vt 0.020833 0.416667
vt 0.000000 0.416667
vt 0.020833 0.500000
vt 0.041667 0.583333
vt 0.041667 0.666667
vt 0.041667 0.750000
vt 0.041667 0.833333
vt 0.020833 0.916667
vt 0.041667 1.000000
vt 0.041667 0.000000
vt 0.041667 0.083333
vt 0.041667 0.250000
vt 0.020833 0.250000
vt 0.041667 0.333333
vt 0.041667 0.416667
vt 0.062500 0.500000
vt 0.041667 0.500000
vt 0.062500 0.666667
vt 0.062500 0.750000
vt 0.062500 0.833333
vt 0.041667 0.916667
vt 0.062500 1.000000
vt 0.062500 0.000000
vt 0.062500 0.166667
vt 0.041667 0.166667
vt 0.062500 0.250000
vt 0.062500 0.333333
vt 0.083333 0.500000
vt 0.062500 0.583333
vt 0.083333 0.583333
vt 0.083333 0.666667
vt 0.083333 0.750000
vt 0.083333 0.916667
vt 0.062500 0.916667
vt 0.083333 1.000000
vt 0.083333 0.000000
vt 0.062500 0.083333
vt 0.083333 0.083333
vt 0.083333 0.166667
vt 0.083333 0.250000
vt 0.083333 0.333333
vt 0.062500 0.416667
vt 0.083333 0.416667
vt 0.104167 0.500000
vt 0.104167 0.583333
vt 0.104167 0.750000
vt 0.083333 0.833333
vt 0.104167 0.833333
vt 0.104167 1.000000
vt 0.104167 0.000000
vt 0.104167 0.166667
vt 0.104167 0.250000
vt 0.104167 0.333333
vt 0.104167 0.416667
vt 0.125000 0.500000
vt 0.125000 0.583333
vt 0.104167 0.666667
vt 0.125000 0.750000
vt 0.125000 0.916667
vt 0.104167 0.916667
vt 0.125000 0.000000
vt 0.104167 0.083333
vt 0.125000 0.083333
vt 0.125000 0.250000
vt 0.125000 0.416667
vt 0.145833 0.583333
vt 0.125000 0.666667
vt 0.145833 0.750000
vt 0.145833 0.833333
vt 0.125000 0.833333
vt 0.145833 1.000000
vt 0.125000 1.000000
vt 0.145833 0.000000
vt 0.145833 0.083333
vt 0.125000 0.166667
vt 0.145833 0.166667
vt 0.145833 0.250000
vt 0.125000 0.333333
vt 0.145833 0.416667
vt 0.145833 0.500000
vt 0.166667 0.583333
vt 0.166667 0.666667
vt 0.145833 0.666667
vt 0.166667 0.750000
vt 0.166667 0.833333
vt 0.145833 0.916667
vt 0.166667 0.916667
vt 0.166667 0.083333
vt 0.166667 0.166667
vt 0.166667 0.250000
vt 0.145833 0.333333
vt 0.166667 0.333333
vt 0.166667 0.416667
vt 0.187500 0.500000
vt 0.166667 0.500000
vt 0.187500 0.666667
vt 0.187500 0.750000
vt 0.187500 0.833333
vt 0.187500 1.000000
vt 0.166667 1.000000
vt 0.187500 0.000000
vt 0.166667 0.000000
vt 0.187500 0.166667
vt 0.187500 0.333333
vt 0.208333 0.500000
vt 0.187500 0.583333
vt 0.208333 0.583333
vt 0.208333 0.666667
vt 0.208333 0.750000
vt 0.208333 0.916667
vt 0.187500 0.916667
vt 0.208333 0.000000
vt 0.187500 0.083333
vt 0.208333 0.083333
vt 0.208333 0.166667
vt 0.187500 0.250000
vt 0.208333 0.333333
vt 0.208333 0.416667
vt 0.187500 0.416667
vt 0.229167 0.500000
vt 0.229167 0.583333
vt 0.229167 0.750000
vt 0.208333 0.833333
vt 0.229167 0.833333
vt 0.229167 0.916667
vt 0.208333 1.000000
vt 0.229167 0.083333
vt 0.229167 0.166667
vt 0.229167 0.250000
vt 0.208333 0.250000
vt 0.229167 0.333333
vt 0.250000 0.583333
vt 0.229167 0.666667
vt 0.250000 0.666667
vt 0.250000 0.750000
vt 0.250000 0.833333
vt 0.250000 1.000000
vt 0.229167 1.000000
vt 0.229167 0.000000
vt 0.250000 0.083333
vt 0.250000 0.166667
vt 0.250000 0.250000
vt 0.250000 0.333333
vt 0.229167 0.416667
vt 0.250000 0.416667
vt 0.270833 0.500000
vt 0.250000 0.500000
vt 0.270833 0.583333
vt 0.270833 0.666667
vt 0.270833 0.750000
vt 0.270833 0.833333
vt 0.250000 0.916667
vt 0.270833 0.916667
vt 0.270833 0.000000
vt 0.250000 0.000000
vt 0.270833 0.083333
vt 0.270833 0.166667
vt 0.270833 0.250000
vt 0.270833 0.416667
vt 0.291667 0.500000
vt 0.291667 0.583333
vt 0.291667 0.666667
vt 0.291667 0.750000
vt 0.291667 0.833333
vt 0.291667 0.916667
vt 0.270833 1.000000
vt 0.291667 0.083333
vt 0.291667 0.250000
vt 0.291667 0.333333
vt 0.270833 0.333333
vt 0.291667 0.416667
vt 0.312500 0.500000
vt 0.312500 0.583333
vt 0.312500 0.750000
vt 0.312500 0.833333
vt 0.312500 0.916667
vt 0.291667 1.000000
vt 0.312500 0.000000
vt 0.291667 0.000000
vt 0.312500 0.083333
vt 0.291667 0.166667
vt 0.312500 0.166667
vt 0.312500 0.250000
vt 0.312500 0.333333
vt 0.312500 0.416667
vt 0.333333 0.500000
vt 0.333333 0.666667
vt 0.312500 0.666667
vt 0.333333 0.750000
vt 0.333333 0.833333
vt 0.333333 0.916667
vt 0.312500 1.000000
vt 0.333333 0.083333
vt 0.333333 0.250000
vt 0.333333 0.333333
vt 0.354167 0.500000
vt 0.333333 0.583333
vt 0.354167 0.583333
vt 0.354167 0.666667
vt 0.354167 0.750000
vt 0.354167 0.833333
vt 0.354167 0.916667
vt 0.333333 1.000000
vt 0.354167 0.000000
vt 0.333333 0.000000
vt 0.354167 0.083333
vt 0.333333 0.166667
vt 0.354167 0.250000
vt 0.354167 0.333333
vt 0.354167 0.416667
vt 0.333333 0.416667
vt 0.375000 0.500000
vt 0.375000 0.666667
vt 0.375000 0.750000
vt 0.375000 0.916667
vt 0.354167 1.000000
vt 0.375000 0.000000
vt 0.375000 0.083333
vt 0.354167 0.166667
vt 0.375000 0.250000
vt 0.375000 0.333333
vt 0.375000 0.416667
vt 0.395833 0.583333
vt 0.375000 0.583333
vt 0.395833 0.666667
vt 0.395833 0.833333
vt 0.375000 0.833333
vt 0.395833 0.916667
vt 0.375000 1.000000
vt 0.395833 0.000000
vt 0.395833 0.166667
vt 0.375000 0.166667
vt 0.395833 0.250000
vt 0.395833 0.416667
vt 0.416667 0.500000
vt 0.395833 0.500000
vt 0.416667 0.666667
vt 0.395833 0.750000
vt 0.416667 0.750000
vt 0.416667 0.833333
vt 0.416667 1.000000
vt 0.395833 1.000000
vt 0.416667 0.000000
vt 0.395833 0.083333
vt 0.416667 0.083333
vt 0.416667 0.166667
vt 0.416667 0.333333
vt 0.395833 0.333333
vt 0.416667 0.416667
vt 0.437500 0.583333
vt 0.416667 0.583333
vt 0.437500 0.666667
vt 0.437500 0.750000
vt 0.437500 0.833333
vt 0.437500 0.916667
vt 0.416667 0.916667
vt 0.437500 0.000000
vt 0.437500 0.083333
vt 0.437500 0.166667
vt 0.416667 0.250000
vt 0.437500 0.250000
vt 0.437500 0.333333
vt 0.437500 0.416667
vt 0.458333 0.500000
vt 0.437500 0.500000
vt 0.458333 0.583333
vt 0.458333 0.666667
vt 0.458333 0.750000
vt 0.458333 0.833333
vt 0.458333 0.916667
vt 0.437500 1.000000
vt 0.458333 0.000000
vt 0.458333 0.083333
vt 0.458333 0.250000
vt 0.458333 0.333333
vt 0.458333 0.416667
vt 0.479167 0.583333
vt 0.479167 0.666667
vt 0.479167 0.750000
vt 0.479167 0.916667
vt 0.479167 1.000000
vt 0.458333 1.000000
vt 0.479167 0.000000
vt 0.479167 0.083333
vt 0.458333 0.166667
vt 0.479167 0.166667
vt 0.479167 0.250000
vt 0.479167 0.333333
vt 0.479167 0.416667
vt 0.479167 0.500000
vt 0.479167 0.833333
vt 1.000000 0.916667
s 1
g Torus_M_OracBronze.001
usemtl M_OracBronze.001
f 77/159/77 90/160/90 78/161/78
f 90/160/90 79/162/79 78/161/78
f 79/162/79 92/163/92 80/164/80
f 92/163/92 81/165/81 80/164/80
f 93/166/93 82/167/82 81/165/81
f 82/167/82 95/168/95 83/169/83
f 83/170/83 96/171/96 84/172/84
f 84/172/84 97/173/97 85/174/85
f 97/173/97 86/175/86 85/174/85
f 98/176/98 87/177/87 86/175/86
f 99/178/99 88/179/88 87/177/87
f 100/180/100 77/159/77 88/179/88
f 101/181/101 90/160/90 89/182/89
f 102/183/102 91/184/91 90/160/90
f 103/185/103 92/163/92 91/184/91
f 92/163/92 105/186/105 93/166/93
f 93/166/93 106/187/106 94/188/94
f 106/187/106 95/168/95 94/188/94
f 107/189/107 96/171/96 95/190/95
f 108/191/108 97/173/97 96/171/96
f 109/192/109 98/176/98 97/173/97
f 98/176/98 111/193/111 99/178/99
f 99/178/99 112/194/112 100/180/100
f 112/194/112 89/182/89 100/180/100
f 101/181/101 114/195/114 102/183/102
f 102/183/102 115/196/115 103/185/103
f 103/185/103 116/197/116 104/198/104
f 116/197/116 105/186/105 104/198/104
f 105/186/105 118/199/118 106/187/106
f 118/199/118 107/200/107 106/187/106
f 107/189/107 120/201/120 108/191/108
f 120/201/120 109/192/109 108/191/108
f 121/202/121 110/203/110 109/192/109
f 122/204/122 111/193/111 110/203/110
f 111/193/111 124/205/124 112/194/112
f 124/205/124 101/181/101 112/194/112
f 125/206/125 114/195/114 113/207/113
f 126/208/126 115/196/115 114/195/114
f 127/209/127 116/197/116 115/196/115
f 128/210/128 117/211/117 116/197/116
f 117/211/117 130/212/130 118/199/118
f 130/212/130 119/213/119 118/199/118
f 131/214/131 120/201/120 119/215/119
f 132/216/132 121/202/121 120/201/120
f 121/202/121 134/217/134 122/204/122
f 134/217/134 123/218/123 122/204/122
f 123/218/123 136/219/136 124/205/124
f 136/219/136 113/207/113 124/205/124
f 137/220/137 126/208/126 125/206/125
f 138/221/138 127/209/127 126/208/126
f 127/209/127 140/222/140 128/210/128
f 140/222/140 129/223/129 128/210/128
f 141/224/141 130/212/130 129/223/129
f 142/225/142 131/226/131 130/212/130
f 131/214/131 144/227/144 132/216/132
f 144/227/144 133/228/133 132/216/132
f 145/229/145 134/217/134 133/228/133
f 146/230/146 135/231/135 134/217/134
f 135/231/135 148/232/148 136/219/136
f 148/232/148 125/206/125 136/219/136
f 149/233/149 138/221/138 137/220/137
f 150/234/150 139/235/139 138/221/138
f 151/236/151 140/222/140 139/235/139
f 152/237/152 141/224/141 140/222/140
f 141/224/141 154/238/154 142/225/142
f 142/225/142 155/239/155 143/240/143
f 155/241/155 144/227/144 143/242/143
f 156/243/156 145/229/145 144/227/144
f 157/244/157 146/230/146 145/229/145
f 146/230/146 159/245/159 147/246/147
f 159/245/159 148/232/148 147/246/147
f 148/232/148 149/233/149 137/220/137
f 161/247/161 150/234/150 149/233/149
f 150/234/150 163/248/163 151/236/151
f 163/248/163 152/237/152 151/236/151
f 164/249/164 153/250/153 152/237/152
f 153/250/153 166/251/166 154/238/154
f 166/251/166 155/239/155 154/238/154
f 167/252/167 156/243/156 155/241/155
f 168/253/168 157/244/157 156/243/156
f 157/244/157 170/254/170 158/255/158
f 170/254/170 159/245/159 158/255/158
f 171/256/171 160/257/160 159/245/159
f 172/258/172 149/233/149 160/257/160
f 161/247/161 174/259/174 162/260/162
f 162/260/162 175/261/175 163/248/163
f 163/248/163 176/262/176 164/249/164
f 164/249/164 177/263/177 165/264/165
f 165/264/165 178/265/178 166/251/166
f 178/265/178 167/266/167 166/251/166
f 179/267/179 168/253/168 167/252/167
f 180/268/180 169/269/169 168/253/168
f 181/270/181 170/254/170 169/269/169
f 182/271/182 171/256/171 170/254/170
f 183/272/183 172/258/172 171/256/171
f 184/273/184 161/247/161 172/258/172
f 173/274/173 186/275/186 174/259/174
f 186/275/186 175/261/175 174/259/174
f 187/276/187 176/262/176 175/261/175
f 176/262/176 189/277/189 177/263/177
f 189/277/189 178/265/178 177/263/177
f 190/278/190 179/279/179 178/265/178
f 179/267/179 192/280/192 180/268/180
f 192/280/192 181/270/181 180/268/180
f 193/281/193 182/271/182 181/270/181
f 182/271/182 195/282/195 183/272/183
f 183/272/183 196/283/196 184/273/184
f 196/283/196 173/274/173 184/273/184
f 185/284/185 198/285/198 186/275/186
f 198/285/198 187/276/187 186/275/186
f 199/286/199 188/287/188 187/276/187
f 188/287/188 201/288/201 189/277/189
f 189/277/189 202/289/202 190/278/190
f 190/278/190 203/290/203 191/291/191
f 203/292/203 192/280/192 191/293/191
f 204/294/204 193/281/193 192/280/192
f 193/281/193 206/295/206 194/296/194
f 194/296/194 207/297/207 195/282/195
f 207/297/207 196/283/196 195/282/195
f 208/298/208 185/284/185 196/283/196
f 197/299/197 210/300/210 198/285/198
f 198/285/198 211/301/211 199/286/199
f 211/301/211 200/302/200 199/286/199
f 212/303/212 201/288/201 200/302/200
f 213/304/213 202/289/202 201/288/201
f 214/305/214 203/290/203 202/289/202
f 215/306/215 204/294/204 203/292/203
f 204/294/204 217/307/217 205/308/205
f 217/307/217 206/295/206 205/308/205
f 218/309/218 207/297/207 206/295/206
f 219/310/219 208/298/208 207/297/207
f 220/311/220 197/299/197 208/298/208
f 221/312/221 210/300/210 209/313/209
f 222/314/222 211/301/211 210/300/210
f 211/301/211 224/315/224 212/303/212
f 224/315/224 213/304/213 212/303/212
f 225/316/225 214/305/214 213/304/213
f 226/317/226 215/318/215 214/305/214
f 227/319/227 216/320/216 215/306/215
f 228/321/228 217/307/217 216/320/216
f 217/307/217 230/322/230 218/309/218
f 230/322/230 219/310/219 218/309/218
f 231/323/231 220/311/220 219/310/219
f 232/324/232 209/313/209 220/311/220
f 221/312/221 234/325/234 222/314/222
f 222/314/222 235/326/235 223/327/223
f 235/326/235 224/315/224 223/327/223
f 236/328/236 225/316/225 224/315/224
f 237/329/237 226/317/226 225/316/225
f 238/330/238 227/331/227 226/317/226
f 239/332/239 228/321/228 227/319/227
f 228/321/228 241/333/241 229/334/229
f 241/333/241 230/322/230 229/334/229
f 230/322/230 243/335/243 231/323/231
f 243/335/243 232/324/232 231/323/231
f 244/336/244 221/312/221 232/324/232
f 233/337/233 246/338/246 234/325/234
f 246/338/246 235/326/235 234/325/234
f 247/339/247 236/328/236 235/326/235
f 248/340/248 237/329/237 236/328/236
f 249/341/249 238/330/238 237/329/237
f 238/330/238 251/342/251 239/343/239
f 251/344/251 240/345/240 239/332/239
f 252/346/252 241/333/241 240/345/240
f 253/347/253 242/348/242 241/333/241
f 242/348/242 255/349/255 243/335/243
f 255/349/255 244/336/244 243/335/243
f 256/350/256 233/337/233 244/336/244
f 245/351/245 258/352/258 246/338/246
f 258/352/258 247/339/247 246/338/246
f 259/353/259 248/340/248 247/339/247
f 260/354/260 249/341/249 248/340/248
f 261/355/261 250/356/250 249/341/249
f 250/356/250 263/357/263 251/342/251
f 263/358/263 252/346/252 251/344/251
f 252/346/252 265/359/265 253/347/253
f 253/347/253 266/360/266 254/361/254
f 254/361/254 267/362/267 255/349/255
f 267/362/267 256/350/256 255/349/255
f 268/363/268 245/351/245 256/350/256
f 257/364/257 270/365/270 258/352/258
f 270/365/270 259/353/259 258/352/258
f 271/366/271 260/354/260 259/353/259
f 272/367/272 261/355/261 260/354/260
f 261/355/261 274/368/274 262/369/262
f 274/368/274 263/357/263 262/369/262
f 263/358/263 276/370/276 264/371/264
f 276/370/276 265/359/265 264/371/264
f 277/372/277 266/360/266 265/359/265
f 266/360/266 279/373/279 267/362/267
f 267/362/267 280/374/280 268/363/268
f 280/374/280 257/364/257 268/363/268
f 281/375/281 270/365/270 269/376/269
f 282/377/282 271/366/271 270/365/270
f 271/366/271 284/378/284 272/367/272
f 284/378/284 273/379/273 272/367/272
f 285/380/285 274/368/274 273/379/273
f 274/368/274 287/381/287 275/382/275
f 287/383/287 276/370/276 275/384/275
f 276/370/276 289/385/289 277/372/277
f 277/372/277 290/386/290 278/387/278
f 290/386/290 279/373/279 278/387/278
f 279/373/279 292/388/292 280/374/280
f 292/388/292 269/376/269 280/374/280
f 293/389/293 282/377/282 281/375/281
f 282/377/282 295/390/295 283/391/283
f 283/391/283 296/392/296 284/378/284
f 284/378/284 297/393/297 285/380/285
f 297/393/297 286/394/286 285/380/285
f 286/394/286 299/395/299 287/381/287
f 299/396/299 288/397/288 287/383/287
f 288/397/288 301/398/301 289/385/289
f 301/398/301 290/386/290 289/385/289
f 302/399/302 291/400/291 290/386/290
f 303/401/303 292/388/292 291/400/291
f 292/388/292 293/389/293 281/375/281
f 305/402/305 294/403/294 293/389/293
f 294/403/294 307/404/307 295/390/295
f 307/404/307 296/392/296 295/390/295
f 296/392/296 309/405/309 297/393/297
f 309/405/309 298/406/298 297/393/297
f 310/407/310 299/395/299 298/406/298
f 299/396/299 312/408/312 300/409/300
f 300/409/300 313/410/313 301/398/301
f 313/410/313 302/399/302 301/398/301
f 302/399/302 315/411/315 303/401/303
f 315/411/315 304/412/304 303/401/303
f 316/413/316 293/389/293 304/412/304
f 317/414/317 306/415/306 305/402/305
f 318/416/318 307/404/307 306/415/306
f 319/417/319 308/418/308 307/404/307
f 308/418/308 321/419/321 309/405/309
f 321/419/321 310/407/310 309/405/309
f 310/407/310 323/420/323 311/421/311
f 311/422/311 324/423/324 312/408/312
f 324/423/324 313/410/313 312/408/312
f 325/424/325 314/425/314 313/410/313
f 314/425/314 327/426/327 315/411/315
f 327/426/327 316/413/316 315/411/315
f 328/427/328 305/402/305 316/413/316
f 317/414/317 330/428/330 318/416/318
f 330/428/330 319/417/319 318/416/318
f 319/417/319 332/429/332 320/430/320
f 332/429/332 321/419/321 320/430/320
f 333/431/333 322/432/322 321/419/321
f 322/432/322 335/433/335 323/420/323
f 335/434/335 324/423/324 323/435/323
f 336/436/336 325/424/325 324/423/324
f 337/437/337 326/438/326 325/424/325
f 326/438/326 339/439/339 327/426/327
f 327/426/327 340/440/340 328/427/328
f 340/440/340 317/414/317 328/427/328
f 341/441/341 330/428/330 329/442/329
f 342/443/342 331/444/331 330/428/330
f 331/444/331 344/445/344 332/429/332
f 344/445/344 333/431/333 332/429/332
f 345/446/345 334/447/334 333/431/333
f 334/447/334 347/448/347 335/433/335
f 347/449/347 336/436/336 335/434/335
f 348/450/348 337/437/337 336/436/336
f 349/451/349 338/452/338 337/437/337
f 350/453/350 339/439/339 338/452/338
f 351/454/351 340/440/340 339/439/339
f 352/455/352 329/442/329 340/440/340
f 341/441/341 354/456/354 342/443/342
f 342/443/342 355/457/355 343/458/343
f 355/457/355 344/445/344 343/458/343
f 356/459/356 345/446/345 344/445/344
f 357/460/357 346/461/346 345/446/345
f 358/462/358 347/448/347 346/461/346
f 347/449/347 360/463/360 348/450/348
f 348/450/348 361/464/361 349/451/349
f 361/464/361 350/453/350 349/451/349
f 362/465/362 351/454/351 350/453/350
f 363/466/363 352/455/352 351/454/351
f 352/455/352 353/467/353 341/441/341
f 365/468/83 354/456/354 353/467/353
f 366/469/365 355/457/355 354/456/354
f 367/470/366 356/459/356 355/457/355
f 368/471/367 357/460/357 356/459/356
f 369/472/368 358/462/358 357/460/357
f 358/462/358 371/473/77 359/474/359
f 371/475/77 360/463/360 359/476/359
f 372/477/370 361/464/361 360/463/360
f 373/478/371 362/465/362 361/464/361
f 374/479/372 363/466/363 362/465/362
f 375/480/373 364/481/364 363/466/363
f 376/482/374 353/467/353 364/481/364
f 365/483/83 378/484/375 366/485/365
f 366/485/365 379/486/376 367/487/366
f 379/486/376 368/488/367 367/487/366
f 380/489/377 369/490/368 368/488/367
f 381/491/378 370/492/369 369/490/368
f 370/492/369 383/493/89 371/494/77
f 383/495/89 372/496/370 371/497/77
f 384/498/380 373/499/371 372/496/370
f 385/500/381 374/501/372 373/499/371
f 374/501/372 387/502/383 375/503/373
f 375/503/373 388/504/384 376/505/374
f 388/504/384 365/483/83 376/505/374
f 377/506/95 390/507/385 378/484/375
f 390/507/385 379/486/376 378/484/375
f 391/508/386 380/489/377 379/486/376
f 392/509/387 381/491/378 380/489/377
f 393/510/388 382/511/379 381/491/378
f 382/511/379 395/512/101 383/493/89
f 395/513/101 384/498/380 383/495/89
f 396/514/390 385/500/381 384/498/380
f 385/500/381 398/515/392 386/516/382
f 398/515/392 387/502/383 386/516/382
f 399/517/393 388/504/384 387/502/383
f 400/518/394 377/506/95 388/504/384
f 401/519/119 390/507/385 389/520/107
f 390/507/385 403/521/396 391/508/386
f 403/521/396 392/509/387 391/508/386
f 404/522/397 393/510/388 392/509/387
f 405/523/398 394/524/389 393/510/388
f 394/524/389 407/525/113 395/512/101
f 407/526/113 396/514/390 395/513/101
f 396/514/390 409/527/401 397/528/391
f 409/527/401 398/515/392 397/528/391
f 410/529/402 399/517/393 398/515/392
f 411/530/403 400/518/394 399/517/393
f 400/518/394 401/519/119 389/520/107
f 413/531/131 402/532/395 401/519/119
f 414/533/405 403/521/396 402/532/395
f 415/534/406 404/522/397 403/521/396
f 416/535/407 405/523/398 404/522/397
f 405/523/398 418/536/409 406/537/399
f 406/537/399 419/538/125 407/525/113
f 419/539/125 408/540/400 407/526/113
f 420/541/410 409/527/401 408/540/400
f 421/542/411 410/529/402 409/527/401
f 422/543/412 411/530/403 410/529/402
f 423/544/413 412/545/404 411/530/403
f 424/546/414 401/519/119 412/545/404
f 425/547/143 414/533/405 413/531/131
f 426/548/415 415/534/406 414/533/405
f 415/534/406 428/549/417 416/535/407
f 428/549/417 417/550/408 416/535/407
f 429/551/418 418/536/409 417/550/408
f 418/536/409 431/552/137 419/538/125
f 431/553/137 420/541/410 419/539/125
f 420/541/410 433/554/421 421/542/411
f 421/542/411 434/555/422 422/543/412
f 434/555/422 423/544/413 422/543/412
f 435/556/423 424/546/414 423/544/413
f 436/557/424 413/531/131 424/546/414
f 437/558/155 426/548/415 425/547/143
f 438/559/425 427/560/416 426/548/415
f 427/560/416 440/561/427 428/549/417
f 440/561/427 429/551/418 428/549/417
f 429/551/418 442/562/429 430/563/419
f 442/562/429 431/552/137 430/563/419
f 443/564/149 432/565/420 431/553/137
f 444/566/430 433/554/421 432/565/420
f 433/554/421 446/567/432 434/555/422
f 446/567/432 435/556/423 434/555/422
f 435/556/423 448/568/434 436/557/424
f 448/568/434 425/547/143 436/557/424
f 437/558/155 450/569/435 438/559/425
f 450/569/435 439/570/426 438/559/425
f 439/570/426 452/571/437 440/561/427
f 440/561/427 453/572/438 441/573/428
f 453/572/438 442/562/429 441/573/428
f 442/562/429 455/574/161 443/575/149
f 455/576/161 444/566/430 443/564/149
f 456/577/440 445/578/431 444/566/430
f 457/579/441 446/567/432 445/578/431
f 458/580/442 447/581/433 446/567/432
f 447/581/433 460/582/444 448/568/434
f 460/582/444 437/558/155 448/568/434
f 449/583/167 462/584/445 450/569/435
f 450/569/435 463/585/446 451/586/436
f 463/585/446 452/571/437 451/586/436
f 464/587/447 453/572/438 452/571/437
f 465/588/448 454/589/439 453/572/438
f 466/590/449 455/574/161 454/589/439
f 455/576/161 468/591/450 456/577/440
f 456/577/440 469/592/451 457/579/441
f 469/592/451 458/580/442 457/579/441
f 470/593/452 459/594/443 458/580/442
f 471/595/453 460/582/444 459/594/443
f 472/596/454 449/583/167 460/582/444
f 473/597/191 462/584/445 461/598/179
f 462/584/445 475/599/456 463/585/446
f 463/585/446 476/600/457 464/587/447
f 476/600/457 465/588/448 464/587/447
f 477/601/458 466/590/449 465/588/448
f 466/590/449 479/602/185 467/603/173
f 479/604/185 468/591/450 467/605/173
f 468/591/450 481/606/461 469/592/451
f 481/606/461 470/593/452 469/592/451
f 470/593/452 483/607/463 471/595/453
f 483/607/463 472/596/454 471/595/453
f 472/596/454 473/597/191 461/598/179
f 485/608/203 474/609/455 473/597/191
f 486/610/465 475/599/456 474/609/455
f 487/611/466 476/600/457 475/599/456
f 488/612/467 477/601/458 476/600/457
f 477/601/458 490/613/469 478/614/459
f 490/613/469 479/602/185 478/614/459
f 491/615/197 480/616/460 479/604/185
f 492/617/470 481/606/461 480/616/460
f 493/618/471 482/619/462 481/606/461
f 482/619/462 495/620/473 483/607/463
f 483/607/463 496/621/474 484/622/464
f 484/622/464 485/608/203 473/597/191
f 497/623/215 486/610/465 485/608/203
f 498/624/475 487/611/466 486/610/465
f 487/611/466 500/625/477 488/612/467
f 500/625/477 489/626/468 488/612/467
f 501/627/478 490/613/469 489/626/468
f 502/628/479 491/629/197 490/613/469
f 491/615/197 504/630/480 492/617/470
f 492/617/470 505/631/481 493/618/471
f 493/618/471 506/632/482 494/633/472
f 506/632/482 495/620/473 494/633/472
f 507/634/483 496/621/474 495/620/473
f 496/621/474 497/623/215 485/608/203
f 497/623/215 510/635/485 498/624/475
f 510/635/485 499/636/476 498/624/475
f 511/637/486 500/625/477 499/636/476
f 512/638/487 501/627/478 500/625/477
f 513/639/488 502/628/479 501/627/478
f 502/628/479 515/640/221 503/641/209
f 503/642/209 516/643/490 504/630/480
f 516/643/490 505/631/481 504/630/480
f 517/644/491 506/632/482 505/631/481
f 518/645/492 507/634/483 506/632/482
f 519/646/493 508/647/484 507/634/483
f 520/648/494 497/623/215 508/647/484
f 521/649/239 510/635/485 509/650/227
f 522/651/495 511/637/486 510/635/485
f 523/652/496 512/638/487 511/637/486
f 524/653/497 513/639/488 512/638/487
f 525/654/498 514/655/489 513/639/488
f 526/656/499 515/640/221 514/655/489
f 527/657/233 516/643/490 515/658/221
f 528/659/500 517/644/491 516/643/490
f 529/660/501 518/645/492 517/644/491
f 530/661/502 519/646/493 518/645/492
f 519/646/493 532/662/504 520/648/494
f 532/662/504 509/650/227 520/648/494
f 533/663/505 522/651/495 521/649/239
f 534/664/506 523/652/496 522/651/495
f 535/665/507 524/653/497 523/652/496
f 536/666/508 525/654/498 524/653/497
f 537/667/509 526/656/499 525/654/498
f 538/668/510 527/669/233 526/656/499
f 527/657/233 540/670/512 528/659/500
f 540/670/512 529/660/501 528/659/500
f 529/660/501 542/671/514 530/661/502
f 530/661/502 543/672/515 531/673/503
f 531/673/503 544/674/516 532/662/504
f 532/662/504 533/663/505 521/649/239
f 545/675/263 534/664/506 533/663/505
f 546/676/517 535/665/507 534/664/506
f 535/665/507 548/677/519 536/666/508
f 548/677/519 537/667/509 536/666/508
f 549/678/520 538/668/510 537/667/509
f 550/679/521 539/680/511 538/668/510
f 551/681/257 540/670/512 539/682/511
f 552/683/522 541/684/513 540/670/512
f 553/685/523 542/671/514 541/684/513
f 554/686/524 543/672/515 542/671/514
f 555/687/525 544/674/516 543/672/515
f 556/688/526 533/663/505 544/674/516
f 557/689/275 546/676/517 545/675/263
f 546/676/517 559/690/528 547/691/518
f 547/691/518 560/692/529 548/677/519
f 560/692/529 549/678/520 548/677/519
f 561/693/530 550/679/521 549/678/520
f 562/694/531 551/695/257 550/679/521
f 551/681/257 564/696/532 552/683/522
f 564/696/532 553/685/523 552/683/522
f 553/685/523 566/697/534 554/686/524
f 566/697/534 555/687/525 554/686/524
f 567/698/535 556/688/526 555/687/525
f 556/688/526 557/689/275 545/675/263
f 569/699/287 558/700/527 557/689/275
f 570/701/537 559/690/528 558/700/527
f 571/702/538 560/692/529 559/690/528
f 572/703/539 561/693/530 560/692/529
f 573/704/540 562/694/531 561/693/530
f 574/705/541 563/706/269 562/694/531
f 575/707/281 564/696/532 563/708/269
f 576/709/542 565/710/533 564/696/532
f 565/710/533 578/711/544 566/697/534
f 566/697/534 579/712/545 567/698/535
f 567/698/535 580/713/546 568/714/536
f 568/714/536 569/699/287 557/689/275
f 581/715/299 570/701/537 569/699/287
f 570/701/537 583/716/548 571/702/538
f 571/702/538 584/717/549 572/703/539
f 584/717/549 573/704/540 572/703/539
f 573/704/540 586/718/551 574/705/541
f 586/718/551 575/719/281 574/705/541
f 587/720/293 576/709/542 575/707/281
f 588/721/552 577/722/543 576/709/542
f 577/722/543 590/723/554 578/711/544
f 590/723/554 579/712/545 578/711/544
f 591/724/555 580/713/546 579/712/545
f 592/725/556 569/699/287 580/713/546
f 581/715/299 594/726/557 582/727/547
f 594/726/557 583/716/548 582/727/547
f 595/728/558 584/717/549 583/716/548
f 584/717/549 597/729/560 585/730/550
f 597/729/560 586/718/551 585/730/550
f 598/731/561 587/732/293 586/718/551
f 599/733/305 588/721/552 587/720/293
f 588/721/552 601/734/563 589/735/553
f 601/734/563 590/723/554 589/735/553
f 602/736/564 591/724/555 590/723/554
f 591/724/555 604/737/566 592/725/556
f 604/737/566 581/715/299 592/725/556
f 605/738/323 594/726/557 593/739/311
f 594/726/557 607/740/568 595/728/558
f 607/740/568 596/741/559 595/728/558
f 608/742/569 597/729/560 596/741/559
f 609/743/570 598/731/561 597/729/560
f 598/731/561 611/744/317 599/745/305
f 611/746/317 600/747/562 599/733/305
f 612/748/572 601/734/563 600/747/562
f 613/749/573 602/736/564 601/734/563
f 602/736/564 615/750/575 603/751/565
f 615/750/575 604/737/566 603/751/565
f 616/752/576 593/739/311 604/737/566
f 605/738/323 618/753/577 606/754/567
f 606/754/567 619/755/578 607/740/568
f 607/740/568 620/756/579 608/742/569
f 608/742/569 621/757/580 609/743/570
f 609/743/570 622/758/581 610/759/571
f 622/758/581 611/744/317 610/759/571
f 623/760/329 612/748/572 611/746/317
f 624/761/582 613/749/573 612/748/572
f 625/762/583 614/763/574 613/749/573
f 626/764/584 615/750/575 614/763/574
f 627/765/585 616/752/576 615/750/575
f 628/766/586 605/738/323 616/752/576
f 629/767/347 618/753/577 617/768/335
f 630/769/587 619/755/578 618/753/577
f 631/770/588 620/756/579 619/755/578
f 632/771/589 621/757/580 620/756/579
f 633/772/590 622/758/581 621/757/580
f 634/773/591 623/774/329 622/758/581
f 635/775/341 624/761/582 623/760/329
f 636/776/592 625/762/583 624/761/582
f 625/762/583 638/777/594 626/764/584
f 638/777/594 627/765/585 626/764/584
f 639/778/595 628/766/586 627/765/585
f 640/779/596 617/768/335 628/766/586
f 629/767/347 642/780/597 630/769/587
f 630/769/587 643/781/598 631/770/588
f 631/770/588 644/782/599 632/771/589
f 644/782/599 633/772/590 632/771/589
f 633/772/590 646/783/601 634/773/591
f 634/773/591 647/784/353 635/785/341
f 647/786/353 636/776/592 635/775/341
f 648/787/602 637/788/593 636/776/592
f 649/789/603 638/777/594 637/788/593
f 650/790/604 639/778/595 638/777/594
f 651/791/605 640/779/596 639/778/595
f 652/792/606 629/767/347 640/779/596
f 77/159/77 642/780/597 641/793/359
f 78/161/78 643/781/598 642/780/597
f 79/162/79 644/782/599 643/781/598
f 80/164/80 645/794/600 644/782/599
f 81/165/81 646/783/601 645/794/600
f 646/783/601 83/169/83 647/784/353
f 647/786/353 84/172/84 648/787/602
f 84/172/84 649/789/603 648/787/602
f 85/174/85 650/790/604 649/789/603
f 650/790/604 87/177/87 651/791/605
f 87/177/87 652/792/606 651/791/605
f 88/179/88 641/793/359 652/792/606
f 77/159/77 89/182/89 90/160/90
f 90/160/90 91/184/91 79/162/79
f 79/162/79 91/184/91 92/163/92
f 92/163/92 93/166/93 81/165/81
f 93/166/93 94/188/94 82/167/82
f 82/167/82 94/188/94 95/168/95
f 83/170/83 95/190/95 96/171/96
f 84/172/84 96/171/96 97/173/97
f 97/173/97 98/176/98 86/175/86
f 98/176/98 99/178/99 87/177/87
f 99/178/99 100/180/100 88/179/88
f 100/180/100 89/182/89 77/159/77
f 101/181/101 102/183/102 90/160/90
f 102/183/102 103/185/103 91/184/91
f 103/185/103 104/198/104 92/163/92
f 92/163/92 104/198/104 105/186/105
f 93/166/93 105/186/105 106/187/106
f 106/187/106 107/200/107 95/168/95
f 107/189/107 108/191/108 96/171/96
f 108/191/108 109/192/109 97/173/97
f 109/192/109 110/203/110 98/176/98
f 98/176/98 110/203/110 111/193/111
f 99/178/99 111/193/111 112/194/112
f 112/194/112 101/181/101 89/182/89
f 101/181/101 113/207/113 114/195/114
f 102/183/102 114/195/114 115/196/115
f 103/185/103 115/196/115 116/197/116
f 116/197/116 117/211/117 105/186/105
f 105/186/105 117/211/117 118/199/118
f 118/199/118 119/213/119 107/200/107
f 107/189/107 119/215/119 120/201/120
f 120/201/120 121/202/121 109/192/109
f 121/202/121 122/204/122 110/203/110
f 122/204/122 123/218/123 111/193/111
f 111/193/111 123/218/123 124/205/124
f 124/205/124 113/207/113 101/181/101
f 125/206/125 126/208/126 114/195/114
f 126/208/126 127/209/127 115/196/115
f 127/209/127 128/210/128 116/197/116
f 128/210/128 129/223/129 117/211/117
f 117/211/117 129/223/129 130/212/130
f 130/212/130 131/226/131 119/213/119
f 131/214/131 132/216/132 120/201/120
f 132/216/132 133/228/133 121/202/121
f 121/202/121 133/228/133 134/217/134
f 134/217/134 135/231/135 123/218/123
f 123/218/123 135/231/135 136/219/136
f 136/219/136 125/206/125 113/207/113
f 137/220/137 138/221/138 126/208/126
f 138/221/138 139/235/139 127/209/127
f 127/209/127 139/235/139 140/222/140
f 140/222/140 141/224/141 129/223/129
f 141/224/141 142/225/142 130/212/130
f 142/225/142 143/240/143 131/226/131
f 131/214/131 143/242/143 144/227/144
f 144/227/144 145/229/145 133/228/133
f 145/229/145 146/230/146 134/217/134
f 146/230/146 147/246/147 135/231/135
f 135/231/135 147/246/147 148/232/148
f 148/232/148 137/220/137 125/206/125
f 149/233/149 150/234/150 138/221/138
f 150/234/150 151/236/151 139/235/139
f 151/236/151 152/237/152 140/222/140
f 152/237/152 153/250/153 141/224/141
f 141/224/141 153/250/153 154/238/154
f 142/225/142 154/238/154 155/239/155
f 155/241/155 156/243/156 144/227/144
f 156/243/156 157/244/157 145/229/145
f 157/244/157 158/255/158 146/230/146
f 146/230/146 158/255/158 159/245/159
f 159/245/159 160/257/160 148/232/148
f 148/232/148 160/257/160 149/233/149
f 161/247/161 162/260/162 150/234/150
f 150/234/150 162/260/162 163/248/163
f 163/248/163 164/249/164 152/237/152
f 164/249/164 165/264/165 153/250/153
f 153/250/153 165/264/165 166/251/166
f 166/251/166 167/266/167 155/239/155
f 167/252/167 168/253/168 156/243/156
f 168/253/168 169/269/169 157/244/157
f 157/244/157 169/269/169 170/254/170
f 170/254/170 171/256/171 159/245/159
f 171/256/171 172/258/172 160/257/160
f 172/258/172 161/247/161 149/233/149
f 161/247/161 173/274/173 174/259/174
f 162/260/162 174/259/174 175/261/175
f 163/248/163 175/261/175 176/262/176
f 164/249/164 176/262/176 177/263/177
f 165/264/165 177/263/177 178/265/178
f 178/265/178 179/279/179 167/266/167
f 179/267/179 180/268/180 168/253/168
f 180/268/180 181/270/181 169/269/169
f 181/270/181 182/271/182 170/254/170
f 182/271/182 183/272/183 171/256/171
f 183/272/183 184/273/184 172/258/172
f 184/273/184 173/274/173 161/247/161
f 173/274/173 185/284/185 186/275/186
f 186/275/186 187/276/187 175/261/175
f 187/276/187 188/287/188 176/262/176
f 176/262/176 188/287/188 189/277/189
f 189/277/189 190/278/190 178/265/178
f 190/278/190 191/291/191 179/279/179
f 179/267/179 191/293/191 192/280/192
f 192/280/192 193/281/193 181/270/181
f 193/281/193 194/296/194 182/271/182
f 182/271/182 194/296/194 195/282/195
f 183/272/183 195/282/195 196/283/196
f 196/283/196 185/284/185 173/274/173
f 185/284/185 197/299/197 198/285/198
f 198/285/198 199/286/199 187/276/187
f 199/286/199 200/302/200 188/287/188
f 188/287/188 200/302/200 201/288/201
f 189/277/189 201/288/201 202/289/202
f 190/278/190 202/289/202 203/290/203
f 203/292/203 204/294/204 192/280/192
f 204/294/204 205/308/205 193/281/193
f 193/281/193 205/308/205 206/295/206
f 194/296/194 206/295/206 207/297/207
f 207/297/207 208/298/208 196/283/196
f 208/298/208 197/299/197 185/284/185
f 197/299/197 209/313/209 210/300/210
f 198/285/198 210/300/210 211/301/211
f 211/301/211 212/303/212 200/302/200
f 212/303/212 213/304/213 201/288/201
f 213/304/213 214/305/214 202/289/202
f 214/305/214 215/318/215 203/290/203
f 215/306/215 216/320/216 204/294/204
f 204/294/204 216/320/216 217/307/217
f 217/307/217 218/309/218 206/295/206
f 218/309/218 219/310/219 207/297/207
f 219/310/219 220/311/220 208/298/208
f 220/311/220 209/313/209 197/299/197
f 221/312/221 222/314/222 210/300/210
f 222/314/222 223/327/223 211/301/211
f 211/301/211 223/327/223 224/315/224
f 224/315/224 225/316/225 213/304/213
f 225/316/225 226/317/226 214/305/214
f 226/317/226 227/331/227 215/318/215
f 227/319/227 228/321/228 216/320/216
f 228/321/228 229/334/229 217/307/217
f 217/307/217 229/334/229 230/322/230
f 230/322/230 231/323/231 219/310/219
f 231/323/231 232/324/232 220/311/220
f 232/324/232 221/312/221 209/313/209
f 221/312/221 233/337/233 234/325/234
f 222/314/222 234/325/234 235/326/235
f 235/326/235 236/328/236 224/315/224
f 236/328/236 237/329/237 225/316/225
f 237/329/237 238/330/238 226/317/226
f 238/330/238 239/343/239 227/331/227
f 239/332/239 240/345/240 228/321/228
f 228/321/228 240/345/240 241/333/241
f 241/333/241 242/348/242 230/322/230
f 230/322/230 242/348/242 243/335/243
f 243/335/243 244/336/244 232/324/232
f 244/336/244 233/337/233 221/312/221
f 233/337/233 245/351/245 246/338/246
f 246/338/246 247/339/247 235/326/235
f 247/339/247 248/340/248 236/328/236
f 248/340/248 249/341/249 237/329/237
f 249/341/249 250/356/250 238/330/238
f 238/330/238 250/356/250 251/342/251
f 251/344/251 252/346/252 240/345/240
f 252/346/252 253/347/253 241/333/241
f 253/347/253 254/361/254 242/348/242
f 242/348/242 254/361/254 255/349/255
f 255/349/255 256/350/256 244/336/244
f 256/350/256 245/351/245 233/337/233
f 245/351/245 257/364/257 258/352/258
f 258/352/258 259/353/259 247/339/247
f 259/353/259 260/354/260 248/340/248
f 260/354/260 261/355/261 249/341/249
f 261/355/261 262/369/262 250/356/250
f 250/356/250 262/369/262 263/357/263
f 263/358/263 264/371/264 252/346/252
f 252/346/252 264/371/264 265/359/265
f 253/347/253 265/359/265 266/360/266
f 254/361/254 266/360/266 267/362/267
f 267/362/267 268/363/268 256/350/256
f 268/363/268 257/364/257 245/351/245
f 257/364/257 269/376/269 270/365/270
f 270/365/270 271/366/271 259/353/259
f 271/366/271 272/367/272 260/354/260
f 272/367/272 273/379/273 261/355/261
f 261/355/261 273/379/273 274/368/274
f 274/368/274 275/382/275 263/357/263
f 263/358/263 275/384/275 276/370/276
f 276/370/276 277/372/277 265/359/265
f 277/372/277 278/387/278 266/360/266
f 266/360/266 278/387/278 279/373/279
f 267/362/267 279/373/279 280/374/280
f 280/374/280 269/376/269 257/364/257
f 281/375/281 282/377/282 270/365/270
f 282/377/282 283/391/283 271/366/271
f 271/366/271 283/391/283 284/378/284
f 284/378/284 285/380/285 273/379/273
f 285/380/285 286/394/286 274/368/274
f 274/368/274 286/394/286 287/381/287
f 287/383/287 288/397/288 276/370/276
f 276/370/276 288/397/288 289/385/289
f 277/372/277 289/385/289 290/386/290
f 290/386/290 291/400/291 279/373/279
f 279/373/279 291/400/291 292/388/292
f 292/388/292 281/375/281 269/376/269
f 293/389/293 294/403/294 282/377/282
f 282/377/282 294/403/294 295/390/295
f 283/391/283 295/390/295 296/392/296
f 284/378/284 296/392/296 297/393/297
f 297/393/297 298/406/298 286/394/286
f 286/394/286 298/406/298 299/395/299
f 299/396/299 300/409/300 288/397/288
f 288/397/288 300/409/300 301/398/301
f 301/398/301 302/399/302 290/386/290
f 302/399/302 303/401/303 291/400/291
f 303/401/303 304/412/304 292/388/292
f 292/388/292 304/412/304 293/389/293
f 305/402/305 306/415/306 294/403/294
f 294/403/294 306/415/306 307/404/307
f 307/404/307 308/418/308 296/392/296
f 296/392/296 308/418/308 309/405/309
f 309/405/309 310/407/310 298/406/298
f 310/407/310 311/421/311 299/395/299
f 299/396/299 311/422/311 312/408/312
f 300/409/300 312/408/312 313/410/313
f 313/410/313 314/425/314 302/399/302
f 302/399/302 314/425/314 315/411/315
f 315/411/315 316/413/316 304/412/304
f 316/413/316 305/402/305 293/389/293
f 317/414/317 318/416/318 306/415/306
f 318/416/318 319/417/319 307/404/307
f 319/417/319 320/430/320 308/418/308
f 308/418/308 320/430/320 321/419/321
f 321/419/321 322/432/322 310/407/310
f 310/407/310 322/432/322 323/420/323
f 311/422/311 323/435/323 324/423/324
f 324/423/324 325/424/325 313/410/313
f 325/424/325 326/438/326 314/425/314
f 314/425/314 326/438/326 327/426/327
f 327/426/327 328/427/328 316/413/316
f 328/427/328 317/414/317 305/402/305
f 317/414/317 329/442/329 330/428/330
f 330/428/330 331/444/331 319/417/319
f 319/417/319 331/444/331 332/429/332
f 332/429/332 333/431/333 321/419/321
f 333/431/333 334/447/334 322/432/322
f 322/432/322 334/447/334 335/433/335
f 335/434/335 336/436/336 324/423/324
f 336/436/336 337/437/337 325/424/325
f 337/437/337 338/452/338 326/438/326
f 326/438/326 338/452/338 339/439/339
f 327/426/327 339/439/339 340/440/340
f 340/440/340 329/442/329 317/414/317
f 341/441/341 342/443/342 330/428/330
f 342/443/342 343/458/343 331/444/331
f 331/444/331 343/458/343 344/445/344
f 344/445/344 345/446/345 333/431/333
f 345/446/345 346/461/346 334/447/334
f 334/447/334 346/461/346 347/448/347
f 347/449/347 348/450/348 336/436/336
f 348/450/348 349/451/349 337/437/337
f 349/451/349 350/453/350 338/452/338
f 350/453/350 351/454/351 339/439/339
f 351/454/351 352/455/352 340/440/340
f 352/455/352 341/441/341 329/442/329
f 341/441/341 353/467/353 354/456/354
f 342/443/342 354/456/354 355/457/355
f 355/457/355 356/459/356 344/445/344
f 356/459/356 357/460/357 345/446/345
f 357/460/357 358/462/358 346/461/346
f 358/462/358 359/474/359 347/448/347
f 347/449/347 359/476/359 360/463/360
f 348/450/348 360/463/360 361/464/361
f 361/464/361 362/465/362 350/453/350
f 362/465/362 363/466/363 351/454/351
f 363/466/363 364/481/364 352/455/352
f 352/455/352 364/481/364 353/467/353
f 365/468/83 366/469/365 354/456/354
f 366/469/365 367/470/366 355/457/355
f 367/470/366 368/471/367 356/459/356
f 368/471/367 369/472/368 357/460/357
f 369/472/368 370/795/369 358/462/358
f 358/462/358 370/795/369 371/473/77
f 371/475/77 372/477/370 360/463/360
f 372/477/370 373/478/371 361/464/361
f 373/478/371 374/479/372 362/465/362
f 374/479/372 375/480/373 363/466/363
f 375/480/373 376/482/374 364/481/364
f 376/482/374 365/468/83 353/467/353
f 365/483/83 377/506/95 378/484/375
f 366/485/365 378/484/375 379/486/376
f 379/486/376 380/489/377 368/488/367
f 380/489/377 381/491/378 369/490/368
f 381/491/378 382/511/379 370/492/369
f 370/492/369 382/511/379 383/493/89
f 383/495/89 384/498/380 372/496/370
f 384/498/380 385/500/381 373/499/371
f 385/500/381 386/516/382 374/501/372
f 374/501/372 386/516/382 387/502/383
f 375/503/373 387/502/383 388/504/384
f 388/504/384 377/506/95 365/483/83
f 377/506/95 389/520/107 390/507/385
f 390/507/385 391/508/386 379/486/376
f 391/508/386 392/509/387 380/489/377
f 392/509/387 393/510/388 381/491/378
f 393/510/388 394/524/389 382/511/379
f 382/511/379 394/524/389 395/512/101
f 395/513/101 396/514/390 384/498/380
f 396/514/390 397/528/391 385/500/381
f 385/500/381 397/528/391 398/515/392
f 398/515/392 399/517/393 387/502/383
f 399/517/393 400/518/394 388/504/384
f 400/518/394 389/520/107 377/506/95
f 401/519/119 402/532/395 390/507/385
f 390/507/385 402/532/395 403/521/396
f 403/521/396 404/522/397 392/509/387
f 404/522/397 405/523/398 393/510/388
f 405/523/398 406/537/399 394/524/389
f 394/524/389 406/537/399 407/525/113
f 407/526/113 408/540/400 396/514/390
f 396/514/390 408/540/400 409/527/401
f 409/527/401 410/529/402 398/515/392
f 410/529/402 411/530/403 399/517/393
f 411/530/403 412/545/404 400/518/394
f 400/518/394 412/545/404 401/519/119
f 413/531/131 414/533/405 402/532/395
f 414/533/405 415/534/406 403/521/396
f 415/534/406 416/535/407 404/522/397
f 416/535/407 417/550/408 405/523/398
f 405/523/398 417/550/408 418/536/409
f 406/537/399 418/536/409 419/538/125
f 419/539/125 420/541/410 408/540/400
f 420/541/410 421/542/411 409/527/401
f 421/542/411 422/543/412 410/529/402
f 422/543/412 423/544/413 411/530/403
f 423/544/413 424/546/414 412/545/404
f 424/546/414 413/531/131 401/519/119
f 425/547/143 426/548/415 414/533/405
f 426/548/415 427/560/416 415/534/406
f 415/534/406 427/560/416 428/549/417
f 428/549/417 429/551/418 417/550/408
f 429/551/418 430/563/419 418/536/409
f 418/536/409 430/563/419 431/552/137
f 431/553/137 432/565/420 420/541/410
f 420/541/410 432/565/420 433/554/421
f 421/542/411 433/554/421 434/555/422
f 434/555/422 435/556/423 423/544/413
f 435/556/423 436/557/424 424/546/414
f 436/557/424 425/547/143 413/531/131
f 437/558/155 438/559/425 426/548/415
f 438/559/425 439/570/426 427/560/416
f 427/560/416 439/570/426 440/561/427
f 440/561/427 441/573/428 429/551/418
f 429/551/418 441/573/428 442/562/429
f 442/562/429 443/575/149 431/552/137
f 443/564/149 444/566/430 432/565/420
f 444/566/430 445/578/431 433/554/421
f 433/554/421 445/578/431 446/567/432
f 446/567/432 447/581/433 435/556/423
f 435/556/423 447/581/433 448/568/434
f 448/568/434 437/558/155 425/547/143
f 437/558/155 449/583/167 450/569/435
f 450/569/435 451/586/436 439/570/426
f 439/570/426 451/586/436 452/571/437
f 440/561/427 452/571/437 453/572/438
f 453/572/438 454/589/439 442/562/429
f 442/562/429 454/589/439 455/574/161
f 455/576/161 456/577/440 444/566/430
f 456/577/440 457/579/441 445/578/431
f 457/579/441 458/580/442 446/567/432
f 458/580/442 459/594/443 447/581/433
f 447/581/433 459/594/443 460/582/444
f 460/582/444 449/583/167 437/558/155
f 449/583/167 461/598/179 462/584/445
f 450/569/435 462/584/445 463/585/446
f 463/585/446 464/587/447 452/571/437
f 464/587/447 465/588/448 453/572/438
f 465/588/448 466/590/449 454/589/439
f 466/590/449 467/603/173 455/574/161
f 455/576/161 467/605/173 468/591/450
f 456/577/440 468/591/450 469/592/451
f 469/592/451 470/593/452 458/580/442
f 470/593/452 471/595/453 459/594/443
f 471/595/453 472/596/454 460/582/444
f 472/596/454 461/598/179 449/583/167
f 473/597/191 474/609/455 462/584/445
f 462/584/445 474/609/455 475/599/456
f 463/585/446 475/599/456 476/600/457
f 476/600/457 477/601/458 465/588/448
f 477/601/458 478/614/459 466/590/449
f 466/590/449 478/614/459 479/602/185
f 479/604/185 480/616/460 468/591/450
f 468/591/450 480/616/460 481/606/461
f 481/606/461 482/619/462 470/593/452
f 470/593/452 482/619/462 483/607/463
f 483/607/463 484/622/464 472/596/454
f 472/596/454 484/622/464 473/597/191
f 485/608/203 486/610/465 474/609/455
f 486/610/465 487/611/466 475/599/456
f 487/611/466 488/612/467 476/600/457
f 488/612/467 489/626/468 477/601/458
f 477/601/458 489/626/468 490/613/469
f 490/613/469 491/629/197 479/602/185
f 491/615/197 492/617/470 480/616/460
f 492/617/470 493/618/471 481/606/461
f 493/618/471 494/633/472 482/619/462
f 482/619/462 494/633/472 495/620/473
f 483/607/463 495/620/473 496/621/474
f 484/622/464 496/621/474 485/608/203
f 497/623/215 498/624/475 486/610/465
f 498/624/475 499/636/476 487/611/466
f 487/611/466 499/636/476 500/625/477
f 500/625/477 501/627/478 489/626/468
f 501/627/478 502/628/479 490/613/469
f 502/628/479 503/641/209 491/629/197
f 491/615/197 503/642/209 504/630/480
f 492/617/470 504/630/480 505/631/481
f 493/618/471 505/631/481 506/632/482
f 506/632/482 507/634/483 495/620/473
f 507/634/483 508/647/484 496/621/474
f 496/621/474 508/647/484 497/623/215
f 497/623/215 509/650/227 510/635/485
f 510/635/485 511/637/486 499/636/476
f 511/637/486 512/638/487 500/625/477
f 512/638/487 513/639/488 501/627/478
f 513/639/488 514/655/489 502/628/479
f 502/628/479 514/655/489 515/640/221
f 503/642/209 515/658/221 516/643/490
f 516/643/490 517/644/491 505/631/481
f 517/644/491 518/645/492 506/632/482
f 518/645/492 519/646/493 507/634/483
f 519/646/493 520/648/494 508/647/484
f 520/648/494 509/650/227 497/623/215
f 521/649/239 522/651/495 510/635/485
f 522/651/495 523/652/496 511/637/486
f 523/652/496 524/653/497 512/638/487
f 524/653/497 525/654/498 513/639/488
f 525/654/498 526/656/499 514/655/489
f 526/656/499 527/669/233 515/640/221
f 527/657/233 528/659/500 516/643/490
f 528/659/500 529/660/501 517/644/491
f 529/660/501 530/661/502 518/645/492
f 530/661/502 531/673/503 519/646/493
f 519/646/493 531/673/503 532/662/504
f 532/662/504 521/649/239 509/650/227
f 533/663/505 534/664/506 522/651/495
f 534/664/506 535/665/507 523/652/496
f 535/665/507 536/666/508 524/653/497
f 536/666/508 537/667/509 525/654/498
f 537/667/509 538/668/510 526/656/499
f 538/668/510 539/680/511 527/669/233
f 527/657/233 539/682/511 540/670/512
f 540/670/512 541/684/513 529/660/501
f 529/660/501 541/684/513 542/671/514
f 530/661/502 542/671/514 543/672/515
f 531/673/503 543/672/515 544/674/516
f 532/662/504 544/674/516 533/663/505
f 545/675/263 546/676/517 534/664/506
f 546/676/517 547/691/518 535/665/507
f 535/665/507 547/691/518 548/677/519
f 548/677/519 549/678/520 537/667/509
f 549/678/520 550/679/521 538/668/510
f 550/679/521 551/695/257 539/680/511
f 551/681/257 552/683/522 540/670/512
f 552/683/522 553/685/523 541/684/513
f 553/685/523 554/686/524 542/671/514
f 554/686/524 555/687/525 543/672/515
f 555/687/525 556/688/526 544/674/516
f 556/688/526 545/675/263 533/663/505
f 557/689/275 558/700/527 546/676/517
f 546/676/517 558/700/527 559/690/528
f 547/691/518 559/690/528 560/692/529
f 560/692/529 561/693/530 549/678/520
f 561/693/530 562/694/531 550/679/521
f 562/694/531 563/706/269 551/695/257
f 551/681/257 563/708/269 564/696/532
f 564/696/532 565/710/533 553/685/523
f 553/685/523 565/710/533 566/697/534
f 566/697/534 567/698/535 555/687/525
f 567/698/535 568/714/536 556/688/526
f 556/688/526 568/714/536 557/689/275
f 569/699/287 570/701/537 558/700/527
f 570/701/537 571/702/538 559/690/528
f 571/702/538 572/703/539 560/692/529
f 572/703/539 573/704/540 561/693/530
f 573/704/540 574/705/541 562/694/531
f 574/705/541 575/719/281 563/706/269
f 575/707/281 576/709/542 564/696/532
f 576/709/542 577/722/543 565/710/533
f 565/710/533 577/722/543 578/711/544
f 566/697/534 578/711/544 579/712/545
f 567/698/535 579/712/545 580/713/546
f 568/714/536 580/713/546 569/699/287
f 581/715/299 582/727/547 570/701/537
f 570/701/537 582/727/547 583/716/548
f 571/702/538 583/716/548 584/717/549
f 584/717/549 585/730/550 573/704/540
f 573/704/540 585/730/550 586/718/551
f 586/718/551 587/732/293 575/719/281
f 587/720/293 588/721/552 576/709/542
f 588/721/552 589/735/553 577/722/543
f 577/722/543 589/735/553 590/723/554
f 590/723/554 591/724/555 579/712/545
f 591/724/555 592/725/556 580/713/546
f 592/725/556 581/715/299 569/699/287
f 581/715/299 593/739/311 594/726/557
f 594/726/557 595/728/558 583/716/548
f 595/728/558 596/741/559 584/717/549
f 584/717/549 596/741/559 597/729/560
f 597/729/560 598/731/561 586/718/551
f 598/731/561 599/745/305 587/732/293
f 599/733/305 600/747/562 588/721/552
f 588/721/552 600/747/562 601/734/563
f 601/734/563 602/736/564 590/723/554
f 602/736/564 603/751/565 591/724/555
f 591/724/555 603/751/565 604/737/566
f 604/737/566 593/739/311 581/715/299
f 605/738/323 606/754/567 594/726/557
f 594/726/557 606/754/567 607/740/568
f 607/740/568 608/742/569 596/741/559
f 608/742/569 609/743/570 597/729/560
f 609/743/570 610/759/571 598/731/561
f 598/731/561 610/759/571 611/744/317
f 611/746/317 612/748/572 600/747/562
f 612/748/572 613/749/573 601/734/563
f 613/749/573 614/763/574 602/736/564
f 602/736/564 614/763/574 615/750/575
f 615/750/575 616/752/576 604/737/566
f 616/752/576 605/738/323 593/739/311
f 605/738/323 617/768/335 618/753/577
f 606/754/567 618/753/577 619/755/578
f 607/740/568 619/755/578 620/756/579
f 608/742/569 620/756/579 621/757/580
f 609/743/570 621/757/580 622/758/581
f 622/758/581 623/774/329 611/744/317
f 623/760/329 624/761/582 612/748/572
f 624/761/582 625/762/583 613/749/573
f 625/762/583 626/764/584 614/763/574
f 626/764/584 627/765/585 615/750/575
f 627/765/585 628/766/586 616/752/576
f 628/766/586 617/768/335 605/738/323
f 629/767/347 630/769/587 618/753/577
f 630/769/587 631/770/588 619/755/578
f 631/770/588 632/771/589 620/756/579
f 632/771/589 633/772/590 621/757/580
f 633/772/590 634/773/591 622/758/581
f 634/773/591 635/785/341 623/774/329
f 635/775/341 636/776/592 624/761/582
f 636/776/592 637/788/593 625/762/583
f 625/762/583 637/788/593 638/777/594
f 638/777/594 639/778/595 627/765/585
f 639/778/595 640/779/596 628/766/586
f 640/779/596 629/767/347 617/768/335
f 629/767/347 641/793/359 642/780/597
f 630/769/587 642/780/597 643/781/598
f 631/770/588 643/781/598 644/782/599
f 644/782/599 645/794/600 633/772/590
f 633/772/590 645/794/600 646/783/601
f 634/773/591 646/783/601 647/784/353
f 647/786/353 648/787/602 636/776/592
f 648/787/602 649/789/603 637/788/593
f 649/789/603 650/790/604 638/777/594
f 650/790/604 651/791/605 639/778/595
f 651/791/605 652/792/606 640/779/596
f 652/792/606 641/793/359 629/767/347
f 77/159/77 78/161/78 642/780/597
f 78/161/78 79/162/79 643/781/598
f 79/162/79 80/164/80 644/782/599
f 80/164/80 81/165/81 645/794/600
f 81/165/81 82/167/82 646/783/601
f 646/783/601 82/167/82 83/169/83
f 647/786/353 83/170/83 84/172/84
f 84/172/84 85/174/85 649/789/603
f 85/174/85 86/175/86 650/790/604
f 650/790/604 86/175/86 87/177/87
f 87/177/87 88/179/88 652/792/606
f 88/179/88 77/159/77 641/793/359
o Torus.001
v -0.720000 0.000000 2.150000
v -0.706603 0.000000 2.200000
v -0.670000 0.000000 2.236603
v -0.620000 0.000000 2.250000
v -0.570000 0.000000 2.236603
v -0.533397 0.000000 2.200000
v -0.520000 0.000000 2.150000
v -0.533397 0.000000 2.100000
v -0.570000 0.000000 2.063398
v -0.620000 0.000000 2.050000
v -0.670000 0.000000 2.063398
v -0.706603 0.000000 2.100000
v -0.713840 -0.073303 2.150000
v -0.700558 -0.071939 2.200000
v -0.664268 -0.068213 2.236603
v -0.614696 -0.063122 2.250000
v -0.565124 -0.058032 2.236603
v -0.528834 -0.054305 2.200000
v -0.515551 -0.052941 2.150000
v -0.528834 -0.054305 2.100000
v -0.565124 -0.058032 2.063398
v -0.614696 -0.063122 2.050000
v -0.664268 -0.068213 2.063398
v -0.700558 -0.071939 2.100000
v -0.695467 -0.145353 2.150000
v -0.682526 -0.142648 2.200000
v -0.647170 -0.135259 2.236603
v -0.598874 -0.125165 2.250000
v -0.550578 -0.115071 2.236603
v -0.515222 -0.107682 2.200000
v -0.502281 -0.104977 2.150000
v -0.515222 -0.107682 2.100000
v -0.550578 -0.115071 2.063398
v -0.598874 -0.125165 2.050000
v -0.647170 -0.135259 2.063398
v -0.682526 -0.142648 2.100000
v -0.665193 -0.214915 2.150000
v -0.652816 -0.210916 2.200000
v -0.618999 -0.199990 2.236603
v -0.572805 -0.185066 2.250000
v -0.526611 -0.170141 2.236603
v -0.492795 -0.159215 2.200000
v -0.480417 -0.155216 2.150000
v -0.492795 -0.159215 2.100000
v -0.526611 -0.170141 2.063398
v -0.572805 -0.185066 2.050000
v -0.618999 -0.199990 2.063398
v -0.652816 -0.210916 2.100000
v -0.623538 -0.280800 2.150000
v -0.611936 -0.275575 2.200000
v -0.580237 -0.261300 2.236603
v -0.536936 -0.241800 2.250000
v -0.493634 -0.222300 2.236603
v -0.461936 -0.208025 2.200000
v -0.450333 -0.202800 2.150000
v -0.461936 -0.208025 2.100000
v -0.493634 -0.222300 2.063398
v -0.536936 -0.241800 2.050000
v -0.580237 -0.261300 2.063398
v -0.611936 -0.275575 2.100000
v -0.571214 -0.341880 2.150000
v -0.560586 -0.335519 2.200000
v -0.531547 -0.318139 2.236603
v -0.491879 -0.294397 2.250000
v -0.452211 -0.270655 2.236603
v -0.423173 -0.253275 2.200000
v -0.412544 -0.246914 2.150000
v -0.423173 -0.253275 2.100000
v -0.452211 -0.270655 2.063398
v -0.491879 -0.294397 2.050000
v -0.531547 -0.318139 2.063398
v -0.560586 -0.335519 2.100000
v -0.509117 -0.397111 2.150000
v -0.499643 -0.389722 2.200000
v -0.473761 -0.369534 2.236603
v -0.438406 -0.341957 2.250000
v -0.403051 -0.314380 2.236603
v -0.377169 -0.294192 2.200000
v -0.367695 -0.286803 2.150000
v -0.377169 -0.294192 2.100000
v -0.403051 -0.314380 2.063398
v -0.438406 -0.341957 2.050000
v -0.473761 -0.369534 2.063398
v -0.499643 -0.389722 2.100000
v -0.438308 -0.445547 2.150000
v -0.430152 -0.437257 2.200000
v -0.407870 -0.414606 2.236603
v -0.377432 -0.383666 2.250000
v -0.346994 -0.352725 2.236603
v -0.324712 -0.330075 2.200000
v -0.316556 -0.321784 2.150000
v -0.324712 -0.330075 2.100000
v -0.346994 -0.352725 2.063398
v -0.377432 -0.383666 2.050000
v -0.407870 -0.414606 2.063398
v -0.430152 -0.437257 2.100000
v -0.360000 -0.486360 2.150000
v -0.353301 -0.477310 2.200000
v -0.335000 -0.452585 2.236603
v -0.310000 -0.418810 2.250000
v -0.285000 -0.385035 2.236603
v -0.266699 -0.360310 2.200000
v -0.260000 -0.351260 2.150000
v -0.266699 -0.360310 2.100000
v -0.285000 -0.385035 2.063398
v -0.310000 -0.418810 2.050000
v -0.335000 -0.452585 2.063398
v -0.353301 -0.477310 2.100000
v -0.275532 -0.518851 2.150000
v -0.270405 -0.509196 2.200000
v -0.256398 -0.482819 2.236603
v -0.237264 -0.446788 2.250000
v -0.218130 -0.410757 2.236603
v -0.204122 -0.384380 2.200000
v -0.198996 -0.374725 2.150000
v -0.204122 -0.384380 2.100000
v -0.218130 -0.410757 2.063398
v -0.237264 -0.446788 2.050000
v -0.256398 -0.482819 2.063398
v -0.270405 -0.509196 2.100000
v -0.186350 -0.542464 2.150000
v -0.182882 -0.532370 2.200000
v -0.173409 -0.504793 2.236603
v -0.160468 -0.467122 2.250000
v -0.147527 -0.429451 2.236603
v -0.138053 -0.401873 2.200000
v -0.134586 -0.391780 2.150000
v -0.138053 -0.401873 2.100000
v -0.147527 -0.429451 2.063398
v -0.160468 -0.467122 2.050000
v -0.173409 -0.504793 2.063398
v -0.182882 -0.532370 2.100000
v -0.093979 -0.556795 2.150000
v -0.092230 -0.546435 2.200000
v -0.087452 -0.518129 2.236603
v -0.080926 -0.479463 2.250000
v -0.074400 -0.440796 2.236603
v -0.069622 -0.412491 2.200000
v -0.067874 -0.402130 2.150000
v -0.069622 -0.412491 2.100000
v -0.074400 -0.440796 2.063398
v -0.080926 -0.479463 2.050000
v -0.087452 -0.518129 2.063398
v -0.092230 -0.546435 2.100000
v -0.000000 -0.561600 2.150000
v -0.000000 -0.551150 2.200000
v -0.000000 -0.522600 2.236603
v -0.000000 -0.483600 2.250000
v -0.000000 -0.444600 2.236603
v -0.000000 -0.416050 2.200000
v -0.000000 -0.405600 2.150000
v -0.000000 -0.416050 2.100000
v -0.000000 -0.444600 2.063398
v -0.000000 -0.483600 2.050000
v -0.000000 -0.522600 2.063398
v -0.000000 -0.551150 2.100000
v 0.093979 -0.556795 2.150000
v 0.092230 -0.546435 2.200000
v 0.087453 -0.518129 2.236603
v 0.080926 -0.479463 2.250000
v 0.074400 -0.440796 2.236603
v 0.069622 -0.412491 2.200000
v 0.067874 -0.402130 2.150000
v 0.069622 -0.412491 2.100000
v 0.074400 -0.440796 2.063398
v 0.080926 -0.479463 2.050000
v 0.087453 -0.518129 2.063398
v 0.092230 -0.546435 2.100000
v 0.186350 -0.542464 2.150000
v 0.182882 -0.532370 2.200000
v 0.173409 -0.504793 2.236603
v 0.160468 -0.467122 2.250000
v 0.147527 -0.429451 2.236603
v 0.138053 -0.401873 2.200000
v 0.134586 -0.391780 2.150000
v 0.138053 -0.401873 2.100000
v 0.147527 -0.429451 2.063398
v 0.160468 -0.467122 2.050000
v 0.173409 -0.504793 2.063398
v 0.182882 -0.532370 2.100000
v 0.275532 -0.518851 2.150000
v 0.270405 -0.509196 2.200000
v 0.256398 -0.482819 2.236603
v 0.237264 -0.446788 2.250000
v 0.218130 -0.410757 2.236603
v 0.204122 -0.384380 2.200000
v 0.198995 -0.374725 2.150000
v 0.204122 -0.384380 2.100000
v 0.218130 -0.410757 2.063398
v 0.237264 -0.446788 2.050000
v 0.256398 -0.482819 2.063398
v 0.270405 -0.509196 2.100000
v 0.360000 -0.486360 2.150000
v 0.353301 -0.477310 2.200000
v 0.335000 -0.452585 2.236603
v 0.310000 -0.418810 2.250000
v 0.285000 -0.385035 2.236603
v 0.266699 -0.360310 2.200000
v 0.260000 -0.351260 2.150000
v 0.266699 -0.360310 2.100000
v 0.285000 -0.385035 2.063398
v 0.310000 -0.418810 2.050000
v 0.335000 -0.452585 2.063398
v 0.353301 -0.477310 2.100000
v 0.438308 -0.445547 2.150000
v 0.430152 -0.437257 2.200000
v 0.407870 -0.414606 2.236603
v 0.377432 -0.383666 2.250000
v 0.346994 -0.352725 2.236603
v 0.324712 -0.330075 2.200000
v 0.316556 -0.321784 2.150000
v 0.324712 -0.330075 2.100000
v 0.346994 -0.352725 2.063398
v 0.377432 -0.383666 2.050000
v 0.407870 -0.414606 2.063398
v 0.430152 -0.437257 2.100000
v 0.509117 -0.397111 2.150000
v 0.499644 -0.389722 2.200000
v 0.473762 -0.369534 2.236603
v 0.438406 -0.341957 2.250000
v 0.403051 -0.314380 2.236603
v 0.377169 -0.294192 2.200000
v 0.367696 -0.286802 2.150000
v 0.377169 -0.294192 2.100000
v 0.403051 -0.314380 2.063398
v 0.438406 -0.341957 2.050000
v 0.473762 -0.369534 2.063398
v 0.499644 -0.389722 2.100000
v 0.571214 -0.341880 2.150000
v 0.560585 -0.335519 2.200000
v 0.531547 -0.318139 2.236603
v 0.491879 -0.294397 2.250000
v 0.452211 -0.270655 2.236603
v 0.423173 -0.253275 2.200000
v 0.412544 -0.246914 2.150000
v 0.423173 -0.253275 2.100000
v 0.452211 -0.270655 2.063398
v 0.491879 -0.294397 2.050000
v 0.531547 -0.318139 2.063398
v 0.560585 -0.335519 2.100000
v 0.623538 -0.280800 2.150000
v 0.611936 -0.275575 2.200000
v 0.580237 -0.261300 2.236603
v 0.536936 -0.241800 2.250000
v 0.493634 -0.222300 2.236603
v 0.461936 -0.208025 2.200000
v 0.450333 -0.202800 2.150000
v 0.461936 -0.208025 2.100000
v 0.493634 -0.222300 2.063398
v 0.536936 -0.241800 2.050000
v 0.580237 -0.261300 2.063398
v 0.611936 -0.275575 2.100000
v 0.665193 -0.214915 2.150000
v 0.652816 -0.210916 2.200000
v 0.618999 -0.199990 2.236603
v 0.572805 -0.185066 2.250000
v 0.526611 -0.170141 2.236603
v 0.492795 -0.159215 2.200000
v 0.480417 -0.155216 2.150000
v 0.492795 -0.159215 2.100000
v 0.526611 -0.170141 2.063398
v 0.572805 -0.185066 2.050000
v 0.618999 -0.199990 2.063398
v 0.652816 -0.210916 2.100000
v 0.695467 -0.145353 2.150000
v 0.682526 -0.142648 2.200000
v 0.647170 -0.135259 2.236603
v 0.598874 -0.125165 2.250000
v 0.550578 -0.115071 2.236603
v 0.515222 -0.107682 2.200000
v 0.502281 -0.104977 2.150000
v 0.515222 -0.107682 2.100000
v 0.550578 -0.115071 2.063398
v 0.598874 -0.125165 2.050000
v 0.647170 -0.135259 2.063398
v 0.682526 -0.142648 2.100000
v 0.713840 -0.073304 2.150000
v 0.700557 -0.071940 2.200000
v 0.664268 -0.068213 2.236603
v 0.614696 -0.063123 2.250000
v 0.565124 -0.058032 2.236603
v 0.528834 -0.054305 2.200000
v 0.515551 -0.052941 2.150000
v 0.528834 -0.054305 2.100000
v 0.565124 -0.058032 2.063398
v 0.614696 -0.063123 2.050000
v 0.664268 -0.068213 2.063398
v 0.700557 -0.071940 2.100000
v 0.720000 -0.000000 2.150000
v 0.706603 -0.000000 2.200000
v 0.670000 -0.000000 2.236603
v 0.620000 -0.000000 2.250000
v 0.570000 -0.000000 2.236603
v 0.533397 -0.000000 2.200000
v 0.520000 -0.000000 2.150000
v 0.533397 -0.000000 2.100000
v 0.570000 -0.000000 2.063398
v 0.620000 -0.000000 2.050000
v 0.670000 -0.000000 2.063398
v 0.706603 -0.000000 2.100000
v 0.713840 0.073304 2.150000
v 0.700557 0.071940 2.200000
v 0.664268 0.068213 2.236603
v 0.614696 0.063123 2.250000
v 0.565124 0.058032 2.236603
v 0.528834 0.054305 2.200000
v 0.515551 0.052941 2.150000
v 0.528834 0.054305 2.100000
v 0.565124 0.058032 2.063398
v 0.614696 0.063123 2.050000
v 0.664268 0.068213 2.063398
v 0.700557 0.071940 2.100000
v 0.695467 0.145353 2.150000
v 0.682526 0.142648 2.200000
v 0.647170 0.135259 2.236603
v 0.598874 0.125165 2.250000
v 0.550578 0.115071 2.236603
v 0.515222 0.107682 2.200000
v 0.502281 0.104977 2.150000
v 0.515222 0.107682 2.100000
v 0.550578 0.115071 2.063398
v 0.598874 0.125165 2.050000
v 0.647170 0.135259 2.063398
v 0.682526 0.142648 2.100000
v 0.665193 0.214915 2.150000
v 0.652816 0.210916 2.200000
v 0.618999 0.199990 2.236603
v 0.572805 0.185066 2.250000
v 0.526611 0.170141 2.236603
v 0.492795 0.159215 2.200000
v 0.480417 0.155216 2.150000
v 0.492795 0.159215 2.100000
v 0.526611 0.170141 2.063398
v 0.572805 0.185066 2.050000
v 0.618999 0.199990 2.063398
v 0.652816 0.210916 2.100000
v 0.623538 0.280800 2.150000
v 0.611936 0.275575 2.200000
v 0.580237 0.261300 2.236603
v 0.536936 0.241800 2.250000
v 0.493635 0.222300 2.236603
v 0.461936 0.208025 2.200000
v 0.450333 0.202800 2.150000
v 0.461936 0.208025 2.100000
v 0.493635 0.222300 2.063398
v 0.536936 0.241800 2.050000
v 0.580237 0.261300 2.063398
v 0.611936 0.275575 2.100000
v 0.571214 0.341880 2.150000
v 0.560585 0.335519 2.200000
v 0.531547 0.318139 2.236603
v 0.491879 0.294397 2.250000
v 0.452211 0.270655 2.236603
v 0.423173 0.253275 2.200000
v 0.412544 0.246914 2.150000
v 0.423173 0.253275 2.100000
v 0.452211 0.270655 2.063398
v 0.491879 0.294397 2.050000
v 0.531547 0.318139 2.063398
v 0.560585 0.335519 2.100000
v 0.509117 0.397111 2.150000
v 0.499644 0.389722 2.200000
v 0.473762 0.369534 2.236603
v 0.438406 0.341957 2.250000
v 0.403051 0.314380 2.236603
v 0.377169 0.294192 2.200000
v 0.367696 0.286802 2.150000
v 0.377169 0.294192 2.100000
v 0.403051 0.314380 2.063398
v 0.438406 0.341957 2.050000
v 0.473762 0.369534 2.063398
v 0.499644 0.389722 2.100000
v 0.438309 0.445547 2.150000
v 0.430153 0.437256 2.200000
v 0.407870 0.414606 2.236603
v 0.377432 0.383666 2.250000
v 0.346994 0.352725 2.236603
v 0.324712 0.330075 2.200000
v 0.316556 0.321784 2.150000
v 0.324712 0.330075 2.100000
v 0.346994 0.352725 2.063398
v 0.377432 0.383666 2.050000
v 0.407870 0.414606 2.063398
v 0.430153 0.437256 2.100000
v 0.360000 0.486360 2.150000
v 0.353301 0.477310 2.200000
v 0.335000 0.452585 2.236603
v 0.310000 0.418810 2.250000
v 0.285000 0.385035 2.236603
v 0.266699 0.360310 2.200000
v 0.260000 0.351260 2.150000
v 0.266699 0.360310 2.100000
v 0.285000 0.385035 2.063398
v 0.310000 0.418810 2.050000
v 0.335000 0.452585 2.063398
v 0.353301 0.477310 2.100000
v 0.275532 0.518851 2.150000
v 0.270405 0.509196 2.200000
v 0.256398 0.482819 2.236603
v 0.237264 0.446788 2.250000
v 0.218130 0.410757 2.236603
v 0.204122 0.384380 2.200000
v 0.198995 0.374725 2.150000
v 0.204122 0.384380 2.100000
v 0.218130 0.410757 2.063398
v 0.237264 0.446788 2.050000
v 0.256398 0.482819 2.063398
v 0.270405 0.509196 2.100000
v 0.186350 0.542464 2.150000
v 0.182882 0.532370 2.200000
v 0.173409 0.504793 2.236603
v 0.160468 0.467122 2.250000
v 0.147527 0.429451 2.236603
v 0.138054 0.401873 2.200000
v 0.134586 0.391779 2.150000
v 0.138054 0.401873 2.100000
v 0.147527 0.429451 2.063398
v 0.160468 0.467122 2.050000
v 0.173409 0.504793 2.063398
v 0.182882 0.532370 2.100000
v 0.093979 0.556795 2.150000
v 0.092231 0.546435 2.200000
v 0.087453 0.518129 2.236603
v 0.080927 0.479463 2.250000
v 0.074400 0.440796 2.236603
v 0.069623 0.412491 2.200000
v 0.067874 0.402130 2.150000
v 0.069623 0.412491 2.100000
v 0.074400 0.440796 2.063398
v 0.080927 0.479463 2.050000
v 0.087453 0.518129 2.063398
v 0.092231 0.546435 2.100000
v -0.000000 0.561600 2.150000
v -0.000000 0.551150 2.200000
v -0.000000 0.522600 2.236603
v -0.000000 0.483600 2.250000
v -0.000000 0.444600 2.236603
v -0.000000 0.416050 2.200000
v -0.000000 0.405600 2.150000
v -0.000000 0.416050 2.100000
v -0.000000 0.444600 2.063398
v -0.000000 0.483600 2.050000
v -0.000000 0.522600 2.063398
v -0.000000 0.551150 2.100000
v -0.093979 0.556795 2.150000
v -0.092230 0.546435 2.200000
v -0.087452 0.518129 2.236603
v -0.080926 0.479463 2.250000
v -0.074400 0.440796 2.236603
v -0.069622 0.412491 2.200000
v -0.067874 0.402130 2.150000
v -0.069622 0.412491 2.100000
v -0.074400 0.440796 2.063398
v -0.080926 0.479463 2.050000
v -0.087452 0.518129 2.063398
v -0.092230 0.546435 2.100000
v -0.186349 0.542464 2.150000
v -0.182882 0.532370 2.200000
v -0.173408 0.504793 2.236603
v -0.160468 0.467122 2.250000
v -0.147527 0.429451 2.236603
v -0.138053 0.401873 2.200000
v -0.134586 0.391780 2.150000
v -0.138053 0.401873 2.100000
v -0.147527 0.429451 2.063398
v -0.160468 0.467122 2.050000
v -0.173408 0.504793 2.063398
v -0.182882 0.532370 2.100000
v -0.275532 0.518851 2.150000
v -0.270405 0.509196 2.200000
v -0.256398 0.482819 2.236603
v -0.237264 0.446788 2.250000
v -0.218130 0.410757 2.236603
v -0.204122 0.384380 2.200000
v -0.198996 0.374725 2.150000
v -0.204122 0.384380 2.100000
v -0.218130 0.410757 2.063398
v -0.237264 0.446788 2.050000
v -0.256398 0.482819 2.063398
v -0.270405 0.509196 2.100000
v -0.360000 0.486360 2.150000
v -0.353301 0.477310 2.200000
v -0.335000 0.452585 2.236603
v -0.310000 0.418810 2.250000
v -0.285000 0.385035 2.236603
v -0.266699 0.360310 2.200000
v -0.260000 0.351260 2.150000
v -0.266699 0.360310 2.100000
v -0.285000 0.385035 2.063398
v -0.310000 0.418810 2.050000
v -0.335000 0.452585 2.063398
v -0.353301 0.477310 2.100000
v -0.438308 0.445547 2.150000
v -0.430152 0.437257 2.200000
v -0.407870 0.414607 2.236603
v -0.377432 0.383666 2.250000
v -0.346994 0.352725 2.236603
v -0.324712 0.330075 2.200000
v -0.316556 0.321784 2.150000
v -0.324712 0.330075 2.100000
v -0.346994 0.352725 2.063398
v -0.377432 0.383666 2.050000
v -0.407870 0.414607 2.063398
v -0.430152 0.437257 2.100000
v -0.509117 0.397111 2.150000
v -0.499643 0.389722 2.200000
v -0.473761 0.369534 2.236603
v -0.438406 0.341957 2.250000
v -0.403051 0.314380 2.236603
v -0.377169 0.294192 2.200000
v -0.367695 0.286803 2.150000
v -0.377169 0.294192 2.100000
v -0.403051 0.314380 2.063398
v -0.438406 0.341957 2.050000
v -0.473761 0.369534 2.063398
v -0.499643 0.389722 2.100000
v -0.571214 0.341880 2.150000
v -0.560586 0.335519 2.200000
v -0.531547 0.318139 2.236603
v -0.491879 0.294397 2.250000
v -0.452211 0.270655 2.236603
v -0.423173 0.253275 2.200000
v -0.412544 0.246914 2.150000
v -0.423173 0.253275 2.100000
v -0.452211 0.270655 2.063398
v -0.491879 0.294397 2.050000
v -0.531547 0.318139 2.063398
v -0.560586 0.335519 2.100000
v -0.623538 0.280800 2.150000
v -0.611936 0.275575 2.200000
v -0.580237 0.261300 2.236603
v -0.536936 0.241800 2.250000
v -0.493634 0.222300 2.236603
v -0.461936 0.208025 2.200000
v -0.450333 0.202800 2.150000
v -0.461936 0.208025 2.100000
v -0.493634 0.222300 2.063398
v -0.536936 0.241800 2.050000
v -0.580237 0.261300 2.063398
v -0.611936 0.275575 2.100000
v -0.665193 0.214915 2.150000
v -0.652816 0.210916 2.200000
v -0.618999 0.199991 2.236603
v -0.572805 0.185066 2.250000
v -0.526611 0.170141 2.236603
v -0.492795 0.159216 2.200000
v -0.480417 0.155217 2.150000
v -0.492795 0.159216 2.100000
v -0.526611 0.170141 2.063398
v -0.572805 0.185066 2.050000
v -0.618999 0.199991 2.063398
v -0.652816 0.210916 2.100000
v -0.695467 0.145353 2.150000
v -0.682526 0.142648 2.200000
v -0.647170 0.135259 2.236603
v -0.598874 0.125165 2.250000
v -0.550578 0.115071 2.236603
v -0.515222 0.107682 2.200000
v -0.502281 0.104977 2.150000
v -0.515222 0.107682 2.100000
v -0.550578 0.115071 2.063398
v -0.598874 0.125165 2.050000
v -0.647170 0.135259 2.063398
v -0.682526 0.142648 2.100000
v -0.713840 0.073303 2.150000
v -0.700558 0.071939 2.200000
v -0.664268 0.068213 2.236603
v -0.614696 0.063122 2.250000
v -0.565124 0.058032 2.236603
v -0.528834 0.054305 2.200000
v -0.515551 0.052941 2.150000
v -0.528834 0.054305 2.100000
v -0.565124 0.058032 2.063398
v -0.614696 0.063122 2.050000
v -0.664268 0.068213 2.063398
v -0.700558 0.071939 2.100000
vn -1.0000 -0.0000 -0.0000
vn -0.8687 -0.0000 0.4954
vn -0.5080 -0.0000 0.8614
vn -0.0108 -0.0000 0.9999
vn 0.4918 -0.0000 0.8707
vn 0.8633 -0.0000 0.5047
vn 1.0000 -0.0000 -0.0000
vn 0.8633 -0.0000 -0.5047
vn 0.4918 -0.0000 -0.8707
vn -0.0108 -0.0000 -0.9999
vn -0.5080 -0.0000 -0.8614
vn -0.8687 -0.0000 -0.4954
vn -0.9861 -0.1664 -0.0000
vn -0.8577 -0.1448 0.4934
vn -0.5029 -0.0849 0.8601
vn -0.0107 -0.0018 0.9999
vn 0.4870 0.0822 0.8695
vn 0.8524 0.1439 0.5027
vn 0.9861 0.1664 -0.0000
vn 0.8524 0.1439 -0.5027
vn 0.4870 0.0822 -0.8695
vn -0.0107 -0.0018 -0.9999
vn -0.5029 -0.0849 -0.8601
vn -0.8577 -0.1448 -0.4934
vn -0.9458 -0.3249 -0.0000
vn -0.8257 -0.2837 0.4875
vn -0.4880 -0.1676 0.8566
vn -0.0104 -0.0036 0.9999
vn 0.4726 0.1624 0.8662
vn 0.8208 0.2820 0.4968
vn 0.9458 0.3249 -0.0000
vn 0.8208 0.2820 -0.4968
vn 0.4726 0.1624 -0.8662
vn -0.0104 -0.0036 -0.9999
vn -0.4880 -0.1676 -0.8566
vn -0.8257 -0.2837 -0.4875
vn -0.8832 -0.4690 -0.0000
vn -0.7754 -0.4118 0.4787
vn -0.4637 -0.2463 0.8511
vn -0.0100 -0.0053 0.9999
vn 0.4493 0.2386 0.8609
vn 0.7709 0.4094 0.4879
vn 0.8832 0.4690 -0.0000
vn 0.7710 0.4094 -0.4879
vn 0.4493 0.2386 -0.8609
vn -0.0100 -0.0053 -0.9999
vn -0.4637 -0.2463 -0.8511
vn -0.7754 -0.4118 -0.4787
vn -0.8038 -0.5949 -0.0000
vn -0.7104 -0.5258 0.4678
vn -0.4311 -0.3191 0.8440
vn -0.0093 -0.0069 0.9999
vn 0.4179 0.3093 0.8542
vn 0.7065 0.5229 0.4769
vn 0.8038 0.5949 -0.0000
vn 0.7065 0.5229 -0.4769
vn 0.4179 0.3093 -0.8542
vn -0.0093 -0.0069 -0.9999
vn -0.4311 -0.3191 -0.8440
vn -0.7104 -0.5258 -0.4678
vn -0.7129 -0.7013 -0.0000
vn -0.6344 -0.6241 0.4560
vn -0.3912 -0.3848 0.8360
vn -0.0086 -0.0084 0.9999
vn 0.3794 0.3732 0.8466
vn 0.6311 0.6208 0.4651
vn 0.7129 0.7013 -0.0000
vn 0.6311 0.6208 -0.4651
vn 0.3794 0.3732 -0.8466
vn -0.0086 -0.0084 -0.9999
vn -0.3912 -0.3848 -0.8360
vn -0.6344 -0.6241 -0.4560
vn -0.6150 -0.7885 -0.0000
vn -0.5510 -0.7064 0.4444
vn -0.3452 -0.4425 0.8277
vn -0.0076 -0.0098 0.9999
vn 0.3350 0.4295 0.8387
vn 0.5482 0.7028 0.4533
vn 0.6150 0.7885 -0.0000
vn 0.5482 0.7028 -0.4533
vn 0.3350 0.4295 -0.8387
vn -0.0076 -0.0098 -0.9999
vn -0.3452 -0.4425 -0.8277
vn -0.5510 -0.7064 -0.4444
vn -0.5136 -0.8581 -0.0000
vn -0.4628 -0.7732 0.4335
vn -0.2943 -0.4916 0.8196
vn -0.0066 -0.0110 0.9999
vn 0.2857 0.4774 0.8309
vn 0.4606 0.7695 0.4423
vn 0.5136 0.8581 -0.0000
vn 0.4606 0.7695 -0.4423
vn 0.2857 0.4774 -0.8309
vn -0.0066 -0.0110 -0.9999
vn -0.2942 -0.4916 -0.8196
vn -0.4628 -0.7732 -0.4335
vn -0.4106 -0.9118 -0.0000
vn -0.3719 -0.8257 0.4241
vn -0.2395 -0.5319 0.8123
vn -0.0054 -0.0120 0.9999
vn 0.2327 0.5167 0.8239
vn 0.3702 0.8220 0.4328
vn 0.4106 0.9118 -0.0000
vn 0.3702 0.8220 -0.4328
vn 0.2327 0.5167 -0.8239
vn -0.0054 -0.0120 -0.9999
vn -0.2395 -0.5319 -0.8123
vn -0.3719 -0.8257 -0.4241
vn -0.3074 -0.9516 -0.0000
vn -0.2795 -0.8651 0.4165
vn -0.1819 -0.5631 0.8061
vn -0.0041 -0.0128 0.9999
vn 0.1768 0.5473 0.8180
vn 0.2783 0.8613 0.4251
vn 0.3074 0.9516 -0.0000
vn 0.2783 0.8613 -0.4251
vn 0.1768 0.5473 -0.8180
vn -0.0041 -0.0128 -0.9999
vn -0.1819 -0.5631 -0.8061
vn -0.2795 -0.8651 -0.4165
vn -0.2046 -0.9788 -0.0000
vn -0.1865 -0.8924 0.4110
vn -0.1223 -0.5854 0.8015
vn -0.0028 -0.0133 0.9999
vn 0.1189 0.5691 0.8136
vn 0.1857 0.8886 0.4195
vn 0.2046 0.9788 -0.0000
vn 0.1857 0.8886 -0.4195
vn 0.1189 0.5691 -0.8136
vn -0.0028 -0.0133 -0.9999
vn -0.1223 -0.5854 -0.8015
vn -0.1865 -0.8924 -0.4110
vn -0.1022 -0.9948 -0.0000
vn -0.0933 -0.9084 0.4076
vn -0.0615 -0.5987 0.7986
vn -0.0014 -0.0137 0.9999
vn 0.0598 0.5822 0.8108
vn 0.0929 0.9046 0.4161
vn 0.1022 0.9948 -0.0000
vn 0.0929 0.9046 -0.4161
vn 0.0598 0.5822 -0.8108
vn -0.0014 -0.0137 -0.9999
vn -0.0615 -0.5987 -0.7986
vn -0.0933 -0.9084 -0.4076
vn -0.0000 -1.0000 -0.0000
vn -0.0000 -0.9137 0.4064
vn -0.0000 -0.6031 0.7977
vn -0.0000 -0.0138 0.9999
vn -0.0000 0.5865 0.8099
vn -0.0000 0.9099 0.4149
vn -0.0000 1.0000 -0.0000
vn -0.0000 0.9099 -0.4149
vn -0.0000 0.5865 -0.8099
vn -0.0000 -0.0138 -0.9999
vn -0.0000 -0.6031 -0.7977
vn -0.0000 -0.9137 -0.4064
vn 0.1022 -0.9948 -0.0000
vn 0.0933 -0.9084 0.4076
vn 0.0615 -0.5987 0.7986
vn 0.0014 -0.0137 0.9999
vn -0.0598 0.5822 0.8108
vn -0.0929 0.9046 0.4161
vn -0.1022 0.9948 -0.0000
vn -0.0929 0.9046 -0.4161
vn -0.0598 0.5822 -0.8108
vn 0.0014 -0.0137 -0.9999
vn 0.0615 -0.5987 -0.7986
vn 0.0933 -0.9084 -0.4076
vn 0.2046 -0.9789 -0.0000
vn 0.1865 -0.8924 0.4110
vn 0.1223 -0.5854 0.8015
vn 0.0028 -0.0133 0.9999
vn -0.1189 0.5691 0.8136
vn -0.1857 0.8886 0.4195
vn -0.2046 0.9789 -0.0000
vn -0.1857 0.8886 -0.4195
vn -0.1189 0.5691 -0.8136
vn 0.0028 -0.0133 -0.9999
vn 0.1223 -0.5854 -0.8015
vn 0.1865 -0.8924 -0.4110
vn 0.3074 -0.9516 -0.0000
vn 0.2795 -0.8651 0.4165
vn 0.1819 -0.5631 0.8061
vn 0.0041 -0.0128 0.9999
vn -0.1768 0.5473 0.8180
vn -0.2783 0.8613 0.4251
vn -0.3074 0.9516 -0.0000
vn -0.2783 0.8613 -0.4251
vn -0.1768 0.5473 -0.8180
vn 0.0041 -0.0128 -0.9999
vn 0.1819 -0.5631 -0.8061
vn 0.2795 -0.8651 -0.4165
vn 0.4106 -0.9118 -0.0000
vn 0.3719 -0.8257 0.4241
vn 0.2395 -0.5319 0.8122
vn 0.0054 -0.0120 0.9999
vn -0.2327 0.5167 0.8239
vn -0.3702 0.8220 0.4328
vn -0.4106 0.9118 -0.0000
vn -0.3702 0.8220 -0.4328
vn -0.2327 0.5167 -0.8239
vn 0.0054 -0.0120 -0.9999
vn 0.2395 -0.5319 -0.8122
vn 0.3719 -0.8257 -0.4241
vn 0.5136 -0.8581 -0.0000
vn 0.4628 -0.7732 0.4335
vn 0.2942 -0.4916 0.8196
vn 0.0066 -0.0110 0.9999
vn -0.2857 0.4774 0.8309
vn -0.4606 0.7695 0.4423
vn -0.5136 0.8581 -0.0000
vn -0.4606 0.7695 -0.4423
vn -0.2857 0.4774 -0.8309
vn 0.0066 -0.0110 -0.9999
vn 0.2942 -0.4916 -0.8196
vn 0.4628 -0.7732 -0.4335
vn 0.6150 -0.7885 -0.0000
vn 0.5510 -0.7064 0.4444
vn 0.3452 -0.4425 0.8277
vn 0.0076 -0.0098 0.9999
vn -0.3350 0.4295 0.8387
vn -0.5482 0.7028 0.4533
vn -0.6150 0.7885 -0.0000
vn -0.5482 0.7028 -0.4533
vn -0.3350 0.4295 -0.8387
vn 0.0076 -0.0098 -0.9999
vn 0.3452 -0.4425 -0.8277
vn 0.5510 -0.7064 -0.4444
vn 0.7129 -0.7013 -0.0000
vn 0.6344 -0.6241 0.4560
vn 0.3912 -0.3848 0.8360
vn 0.0085 -0.0084 0.9999
vn -0.3794 0.3732 0.8466
vn -0.6311 0.6208 0.4651
vn -0.7129 0.7013 -0.0000
vn -0.6311 0.6208 -0.4651
vn -0.3794 0.3732 -0.8466
vn 0.0085 -0.0084 -0.9999
vn 0.3912 -0.3848 -0.8360
vn 0.6344 -0.6241 -0.4560
vn 0.8038 -0.5949 -0.0000
vn 0.7104 -0.5258 0.4678
vn 0.4311 -0.3191 0.8440
vn 0.0093 -0.0069 0.9999
vn -0.4179 0.3093 0.8542
vn -0.7065 0.5229 0.4769
vn -0.8038 0.5949 -0.0000
vn -0.7065 0.5229 -0.4769
vn -0.4179 0.3093 -0.8542
vn 0.0093 -0.0069 -0.9999
vn 0.4311 -0.3191 -0.8440
vn 0.7104 -0.5258 -0.4678
vn 0.8832 -0.4690 -0.0000
vn 0.7754 -0.4118 0.4787
vn 0.4637 -0.2463 0.8511
vn 0.0100 -0.0053 0.9999
vn -0.4493 0.2386 0.8609
vn -0.7709 0.4094 0.4879
vn -0.8832 0.4690 -0.0000
vn -0.7709 0.4094 -0.4879
vn -0.4493 0.2386 -0.8609
vn 0.0100 -0.0053 -0.9999
vn 0.4637 -0.2463 -0.8511
vn 0.7754 -0.4118 -0.4787
vn 0.9458 -0.3249 -0.0000
vn 0.8257 -0.2837 0.4875
vn 0.4880 -0.1676 0.8566
vn 0.0104 -0.0036 0.9999
vn -0.4726 0.1624 0.8662
vn -0.8208 0.2820 0.4968
vn -0.9458 0.3249 -0.0000
vn -0.8208 0.2820 -0.4968
vn -0.4726 0.1624 -0.8662
vn 0.0104 -0.0036 -0.9999
vn 0.4880 -0.1676 -0.8566
vn 0.8257 -0.2837 -0.4875
vn 0.9861 -0.1664 -0.0000
vn 0.8577 -0.1448 0.4934
vn 0.5029 -0.0849 0.8601
vn 0.0107 -0.0018 0.9999
vn -0.4870 0.0822 0.8695
vn -0.8524 0.1439 0.5027
vn -0.9861 0.1664 -0.0000
vn -0.8524 0.1439 -0.5027
vn -0.4870 0.0822 -0.8695
vn 0.0107 -0.0018 -0.9999
vn 0.5029 -0.0849 -0.8601
vn 0.8577 -0.1448 -0.4934
vn 0.8687 -0.0000 0.4954
vn 0.5080 -0.0000 0.8614
vn 0.0108 -0.0000 0.9999
vn -0.4918 -0.0000 0.8707
vn -0.8633 -0.0000 0.5047
vn -0.8633 -0.0000 -0.5047
vn -0.4918 -0.0000 -0.8707
vn 0.0108 -0.0000 -0.9999
vn 0.5080 -0.0000 -0.8614
vn 0.8687 -0.0000 -0.4954
vn 0.8577 0.1448 0.4934
vn 0.5029 0.0849 0.8601
vn 0.0107 0.0018 0.9999
vn -0.4870 -0.0822 0.8695
vn -0.8524 -0.1439 0.5027
vn -0.8524 -0.1439 -0.5027
vn -0.4870 -0.0822 -0.8695
vn 0.0107 0.0018 -0.9999
vn 0.5029 0.0849 -0.8601
vn 0.8577 0.1448 -0.4934
vn 0.8257 0.2837 0.4875
vn 0.4880 0.1676 0.8566
vn 0.0104 0.0036 0.9999
vn -0.4726 -0.1624 0.8662
vn -0.8208 -0.2820 0.4968
vn -0.8208 -0.2820 -0.4968
vn -0.4726 -0.1624 -0.8662
vn 0.0104 0.0036 -0.9999
vn 0.4880 0.1676 -0.8566
vn 0.8257 0.2837 -0.4875
vn 0.7754 0.4118 0.4787
vn 0.4637 0.2463 0.8511
vn 0.0100 0.0053 0.9999
vn -0.4493 -0.2386 0.8609
vn -0.7710 -0.4094 0.4879
vn -0.7710 -0.4094 -0.4879
vn -0.4493 -0.2386 -0.8609
vn 0.0100 0.0053 -0.9999
vn 0.4637 0.2463 -0.8511
vn 0.7754 0.4118 -0.4787
vn 0.7104 0.5258 0.4678
vn 0.4311 0.3191 0.8440
vn 0.0093 0.0069 0.9999
vn -0.4179 -0.3093 0.8542
vn -0.7065 -0.5229 0.4769
vn -0.7065 -0.5229 -0.4769
vn -0.4179 -0.3093 -0.8542
vn 0.0093 0.0069 -0.9999
vn 0.4311 0.3191 -0.8440
vn 0.7104 0.5258 -0.4678
vn 0.6344 0.6241 0.4560
vn 0.3912 0.3848 0.8360
vn 0.0085 0.0084 0.9999
vn -0.3794 -0.3732 0.8466
vn -0.6311 -0.6208 0.4651
vn -0.6311 -0.6208 -0.4651
vn -0.3794 -0.3732 -0.8466
vn 0.0085 0.0084 -0.9999
vn 0.3912 0.3848 -0.8360
vn 0.6344 0.6241 -0.4560
vn 0.5510 0.7064 0.4444
vn 0.3452 0.4425 0.8277
vn 0.0076 0.0098 0.9999
vn -0.3350 -0.4295 0.8387
vn -0.5482 -0.7028 0.4533
vn -0.5482 -0.7028 -0.4533
vn -0.3350 -0.4295 -0.8387
vn 0.0076 0.0098 -0.9999
vn 0.3452 0.4425 -0.8277
vn 0.5510 0.7064 -0.4444
vn 0.4628 0.7732 0.4335
vn 0.2942 0.4916 0.8196
vn 0.0066 0.0110 0.9999
vn -0.2857 -0.4774 0.8309
vn -0.4606 -0.7695 0.4423
vn -0.4606 -0.7695 -0.4423
vn -0.2857 -0.4774 -0.8309
vn 0.0066 0.0110 -0.9999
vn 0.2942 0.4916 -0.8196
vn 0.4628 0.7732 -0.4335
vn 0.3719 0.8257 0.4241
vn 0.2395 0.5319 0.8122
vn 0.0054 0.0120 0.9999
vn -0.2327 -0.5167 0.8239
vn -0.3702 -0.8220 0.4328
vn -0.3702 -0.8220 -0.4328
vn -0.2327 -0.5167 -0.8239
vn 0.0054 0.0120 -0.9999
vn 0.2395 0.5319 -0.8123
vn 0.3719 0.8257 -0.4241
vn 0.2795 0.8651 0.4165
vn 0.1819 0.5631 0.8061
vn 0.0041 0.0128 0.9999
vn -0.1768 -0.5473 0.8180
vn -0.2783 -0.8613 0.4251
vn -0.2783 -0.8613 -0.4251
vn -0.1768 -0.5473 -0.8180
vn 0.0041 0.0128 -0.9999
vn 0.1819 0.5631 -0.8061
vn 0.2795 0.8651 -0.4165
vn 0.1865 0.8924 0.4110
vn 0.1223 0.5854 0.8015
vn 0.0028 0.0133 0.9999
vn -0.1189 -0.5691 0.8136
vn -0.1857 -0.8886 0.4195
vn -0.1857 -0.8886 -0.4195
vn -0.1189 -0.5691 -0.8136
vn 0.0028 0.0133 -0.9999
vn 0.1223 0.5854 -0.8015
vn 0.1865 0.8924 -0.4110
vn 0.0933 0.9084 0.4076
vn 0.0615 0.5987 0.7986
vn 0.0014 0.0137 0.9999
vn -0.0598 -0.5822 0.8108
vn -0.0929 -0.9046 0.4161
vn -0.0929 -0.9046 -0.4161
vn -0.0598 -0.5822 -0.8108
vn 0.0014 0.0137 -0.9999
vn 0.0615 0.5987 -0.7986
vn 0.0933 0.9084 -0.4076
vn -0.0000 0.9137 0.4064
vn -0.0000 0.6031 0.7977
vn -0.0000 0.0138 0.9999
vn -0.0000 -0.5865 0.8099
vn -0.0000 -0.9099 0.4149
vn -0.0000 -0.9099 -0.4149
vn -0.0000 -0.5865 -0.8099
vn -0.0000 0.0138 -0.9999
vn -0.0000 0.6031 -0.7977
vn -0.0000 0.9137 -0.4064
vn -0.0933 0.9084 0.4076
vn -0.0615 0.5987 0.7986
vn -0.0014 0.0137 0.9999
vn 0.0598 -0.5822 0.8108
vn 0.0929 -0.9046 0.4161
vn 0.0929 -0.9046 -0.4161
vn 0.0598 -0.5822 -0.8109
vn -0.0014 0.0137 -0.9999
vn -0.0615 0.5987 -0.7986
vn -0.0933 0.9084 -0.4076
vn -0.2046 0.9788 -0.0000
vn -0.1865 0.8924 0.4110
vn -0.1223 0.5854 0.8015
vn -0.0028 0.0133 0.9999
vn 0.1189 -0.5691 0.8136
vn 0.1857 -0.8886 0.4195
vn 0.2046 -0.9788 -0.0000
vn 0.1857 -0.8886 -0.4195
vn 0.1189 -0.5691 -0.8136
vn -0.0028 0.0133 -0.9999
vn -0.1223 0.5854 -0.8015
vn -0.1865 0.8924 -0.4110
vn -0.2795 0.8651 0.4165
vn -0.1819 0.5631 0.8061
vn -0.0041 0.0128 0.9999
vn 0.1768 -0.5473 0.8180
vn 0.2783 -0.8613 0.4251
vn 0.2783 -0.8613 -0.4251
vn 0.1768 -0.5473 -0.8180
vn -0.0041 0.0128 -0.9999
vn -0.1819 0.5631 -0.8061
vn -0.2795 0.8651 -0.4165
vn -0.3719 0.8257 0.4241
vn -0.2395 0.5319 0.8123
vn -0.0054 0.0120 0.9999
vn 0.2327 -0.5167 0.8239
vn 0.3702 -0.8220 0.4328
vn 0.3702 -0.8220 -0.4328
vn 0.2327 -0.5167 -0.8239
vn -0.0054 0.0120 -0.9999
vn -0.2395 0.5319 -0.8123
vn -0.3719 0.8257 -0.4241
vn -0.4628 0.7732 0.4335
vn -0.2942 0.4916 0.8196
vn -0.0066 0.0110 0.9999
vn 0.2857 -0.4774 0.8309
vn 0.4606 -0.7695 0.4423
vn 0.4606 -0.7695 -0.4423
vn 0.2857 -0.4774 -0.8309
vn -0.0066 0.0110 -0.9999
vn -0.2942 0.4916 -0.8196
vn -0.4628 0.7732 -0.4335
vn -0.5510 0.7064 0.4444
vn -0.3452 0.4425 0.8277
vn -0.0076 0.0098 0.9999
vn 0.3350 -0.4295 0.8387
vn 0.5482 -0.7028 0.4533
vn 0.5482 -0.7028 -0.4533
vn 0.3350 -0.4295 -0.8387
vn -0.0076 0.0098 -0.9999
vn -0.3452 0.4425 -0.8277
vn -0.5510 0.7064 -0.4444
vn -0.6344 0.6241 0.4560
vn -0.3912 0.3848 0.8360
vn -0.0085 0.0084 0.9999
vn 0.3794 -0.3732 0.8466
vn 0.6311 -0.6208 0.4651
vn 0.6311 -0.6208 -0.4651
vn 0.3794 -0.3732 -0.8466
vn -0.0086 0.0084 -0.9999
vn -0.3912 0.3848 -0.8360
vn -0.6344 0.6241 -0.4560
vn -0.7104 0.5258 0.4678
vn -0.4311 0.3191 0.8440
vn -0.0093 0.0069 0.9999
vn 0.4179 -0.3093 0.8542
vn 0.7065 -0.5229 0.4769
vn 0.7065 -0.5229 -0.4769
vn 0.4179 -0.3093 -0.8542
vn -0.0093 0.0069 -0.9999
vn -0.4311 0.3191 -0.8440
vn -0.7104 0.5258 -0.4678
vn -0.7754 0.4118 0.4787
vn -0.4637 0.2463 0.8511
vn -0.0100 0.0053 0.9999
vn 0.4493 -0.2386 0.8609
vn 0.7709 -0.4094 0.4879
vn 0.7709 -0.4094 -0.4879
vn 0.4493 -0.2386 -0.8609
vn -0.0100 0.0053 -0.9999
vn -0.4637 0.2463 -0.8511
vn -0.7754 0.4118 -0.4787
vn -0.8257 0.2837 0.4875
vn -0.4880 0.1676 0.8566
vn -0.0104 0.0036 0.9999
vn 0.4726 -0.1624 0.8662
vn 0.8208 -0.2820 0.4968
vn 0.8208 -0.2820 -0.4968
vn 0.4726 -0.1624 -0.8662
vn -0.0104 0.0036 -0.9999
vn -0.4880 0.1676 -0.8566
vn -0.8257 0.2837 -0.4875
vn -0.8577 0.1448 0.4934
vn -0.5029 0.0849 0.8601
vn -0.0107 0.0018 0.9999
vn 0.4870 -0.0822 0.8695
vn 0.8524 -0.1439 0.5027
vn 0.8524 -0.1439 -0.5027
vn 0.4870 -0.0822 -0.8695
vn -0.0107 0.0018 -0.9999
vn -0.5029 0.0849 -0.8601
vn -0.8577 0.1448 -0.4934
vt 0.500000 0.500000
vt 0.520833 0.583333
vt 0.500000 0.583333
vt 0.500000 0.666667
vt 0.520833 0.750000
vt 0.500000 0.750000
vt 0.500000 0.833333
vt 0.520833 0.833333
vt 0.500000 0.916667
vt 0.520833 1.000000
vt 0.500000 1.000000
vt 0.500000 0.000000
vt 0.520833 0.083333
vt 0.500000 0.083333
vt 0.520833 0.166667
vt 0.500000 0.166667
vt 0.500000 0.250000
vt 0.520833 0.250000
vt 0.500000 0.333333
vt 0.520833 0.333333
vt 0.500000 0.416667
vt 0.520833 0.416667
vt 0.541667 0.500000
vt 0.520833 0.500000
vt 0.541667 0.583333
vt 0.520833 0.666667
vt 0.541667 0.666667
vt 0.541667 0.833333
vt 0.541667 0.916667
vt 0.520833 0.916667
vt 0.541667 0.000000
vt 0.520833 0.000000
vt 0.541667 0.083333
vt 0.541667 0.166667
vt 0.541667 0.333333
vt 0.541667 0.416667
vt 0.562500 0.583333
vt 0.562500 0.666667
vt 0.562500 0.750000
vt 0.541667 0.750000
vt 0.562500 0.916667
vt 0.541667 1.000000
vt 0.562500 0.083333
vt 0.562500 0.166667
vt 0.541667 0.250000
vt 0.562500 0.250000
vt 0.562500 0.416667
vt 0.583333 0.500000
vt 0.562500 0.500000
vt 0.583333 0.583333
vt 0.583333 0.666667
vt 0.583333 0.750000
vt 0.562500 0.833333
vt 0.583333 0.916667
vt 0.562500 1.000000
vt 0.583333 0.000000
vt 0.562500 0.000000
vt 0.583333 0.083333
vt 0.583333 0.250000
vt 0.562500 0.333333
vt 0.583333 0.416667
vt 0.604167 0.500000
vt 0.604167 0.583333
vt 0.604167 0.750000
vt 0.583333 0.833333
vt 0.604167 0.833333
vt 0.604167 0.916667
vt 0.583333 1.000000
vt 0.604167 0.083333
vt 0.583333 0.166667
vt 0.604167 0.166667
vt 0.604167 0.250000
vt 0.583333 0.333333
vt 0.604167 0.416667
vt 0.625000 0.500000
vt 0.625000 0.583333
vt 0.604167 0.666667
vt 0.625000 0.666667
vt 0.625000 0.750000
vt 0.625000 0.916667
vt 0.625000 1.000000
vt 0.604167 1.000000
vt 0.625000 0.000000
vt 0.604167 0.000000
vt 0.625000 0.083333
vt 0.625000 0.166667
vt 0.625000 0.333333
vt 0.604167 0.333333
vt 0.645833 0.500000
vt 0.645833 0.666667
vt 0.645833 0.750000
vt 0.625000 0.833333
vt 0.645833 0.916667
vt 0.645833 0.000000
vt 0.645833 0.083333
vt 0.645833 0.250000
vt 0.625000 0.250000
vt 0.645833 0.333333
vt 0.625000 0.416667
vt 0.645833 0.416667
vt 0.666667 0.583333
vt 0.645833 0.583333
vt 0.666667 0.666667
vt 0.666667 0.750000
vt 0.666667 0.833333
vt 0.645833 0.833333
vt 0.666667 0.916667
vt 0.645833 1.000000
vt 0.666667 0.000000
vt 0.666667 0.083333
vt 0.645833 0.166667
vt 0.666667 0.166667
vt 0.666667 0.250000
vt 0.666667 0.333333
vt 0.666667 0.416667
vt 0.666667 0.500000
vt 0.687500 0.583333
vt 0.687500 0.666667
vt 0.687500 0.833333
vt 0.687500 0.916667
vt 0.666667 1.000000
vt 0.687500 0.083333
vt 0.687500 0.166667
vt 0.687500 0.333333
vt 0.687500 0.416667
vt 0.687500 0.500000
vt 0.708333 0.583333
vt 0.708333 0.666667
vt 0.687500 0.750000
vt 0.708333 0.833333
vt 0.708333 0.916667
vt 0.708333 1.000000
vt 0.687500 1.000000
vt 0.708333 0.000000
vt 0.687500 0.000000
vt 0.708333 0.083333
vt 0.708333 0.250000
vt 0.687500 0.250000
vt 0.708333 0.333333
vt 0.708333 0.416667
vt 0.708333 0.500000
vt 0.729167 0.583333
vt 0.729167 0.666667
vt 0.708333 0.750000
vt 0.729167 0.750000
vt 0.729167 0.833333
vt 0.729167 0.916667
vt 0.729167 0.000000
vt 0.729167 0.166667
vt 0.708333 0.166667
vt 0.729167 0.250000
vt 0.729167 0.333333
vt 0.729167 0.416667
vt 0.750000 0.500000
vt 0.729167 0.500000
vt 0.750000 0.583333
vt 0.750000 0.750000
vt 0.750000 0.833333
vt 0.750000 0.916667
vt 0.729167 1.000000
vt 0.750000 0.000000
vt 0.729167 0.083333
vt 0.750000 0.083333
vt 0.750000 0.250000
vt 0.750000 0.333333
vt 0.750000 0.416667
vt 0.770833 0.583333
vt 0.770833 0.666667
vt 0.750000 0.666667
vt 0.770833 0.750000
vt 0.770833 0.833333
vt 0.770833 0.916667
vt 0.750000 1.000000
vt 0.770833 0.000000
vt 0.770833 0.166667
vt 0.750000 0.166667
vt 0.770833 0.333333
vt 0.770833 0.416667
vt 0.770833 0.500000
vt 0.791667 0.583333
vt 0.791667 0.666667
vt 0.791667 0.750000
vt 0.791667 0.833333
vt 0.791667 1.000000
vt 0.770833 1.000000
vt 0.791667 0.000000
vt 0.770833 0.083333
vt 0.791667 0.083333
vt 0.791667 0.166667
vt 0.770833 0.250000
vt 0.791667 0.333333
vt 0.791667 0.416667
vt 0.791667 0.500000
vt 0.812500 0.583333
vt 0.812500 0.666667
vt 0.812500 0.750000
vt 0.812500 0.833333
vt 0.791667 0.916667
vt 0.812500 1.000000
vt 0.812500 0.000000
vt 0.812500 0.166667
vt 0.812500 0.250000
vt 0.791667 0.250000
vt 0.812500 0.333333
vt 0.812500 0.416667
vt 0.812500 0.500000
vt 0.833333 0.583333
vt 0.833333 0.666667
vt 0.833333 0.750000
vt 0.833333 0.916667
vt 0.812500 0.916667
vt 0.833333 0.083333
vt 0.812500 0.083333
vt 0.833333 0.166667
vt 0.833333 0.333333
vt 0.833333 0.416667
vt 0.854167 0.500000
vt 0.833333 0.500000
vt 0.854167 0.583333
vt 0.854167 0.750000
vt 0.833333 0.833333
vt 0.854167 0.833333
vt 0.854167 1.000000
vt 0.833333 1.000000
vt 0.854167 0.000000
vt 0.833333 0.000000
vt 0.854167 0.166667
vt 0.854167 0.250000
vt 0.833333 0.250000
vt 0.854167 0.416667
vt 0.875000 0.500000
vt 0.875000 0.666667
vt 0.854167 0.666667
vt 0.875000 0.750000
vt 0.875000 0.833333
vt 0.854167 0.916667
vt 0.875000 1.000000
vt 0.875000 0.000000
vt 0.854167 0.083333
vt 0.875000 0.166667
vt 0.875000 0.250000
vt 0.854167 0.333333
vt 0.875000 0.333333
vt 0.895833 0.500000
vt 0.875000 0.583333
vt 0.895833 0.666667
vt 0.895833 0.833333
vt 0.875000 0.916667
vt 0.895833 0.916667
vt 0.895833 0.083333
vt 0.875000 0.083333
vt 0.895833 0.166667
vt 0.895833 0.333333
vt 0.875000 0.416667
vt 0.895833 0.416667
vt 0.916667 0.500000
vt 0.895833 0.583333
vt 0.916667 0.583333
vt 0.916667 0.666667
vt 0.895833 0.750000
vt 0.916667 0.833333
vt 0.916667 1.000000
vt 0.895833 1.000000
vt 0.895833 0.000000
vt 0.916667 0.083333
vt 0.916667 0.166667
vt 0.895833 0.250000
vt 0.916667 0.333333
vt 0.916667 0.416667
vt 0.937500 0.583333
vt 0.937500 0.750000
vt 0.916667 0.750000
vt 0.937500 0.833333
vt 0.916667 0.916667
vt 0.937500 1.000000
vt 0.937500 0.000000
vt 0.916667 0.000000
vt 0.937500 0.083333
vt 0.937500 0.166667
vt 0.916667 0.250000
vt 0.937500 0.333333
vt 0.937500 0.416667
vt 0.958333 0.500000
vt 0.937500 0.500000
vt 0.958333 0.583333
vt 0.937500 0.666667
vt 0.958333 0.750000
vt 0.958333 0.833333
vt 0.937500 0.916667
vt 0.958333 1.000000
vt 0.958333 0.000000
vt 0.958333 0.083333
vt 0.958333 0.166667
vt 0.937500 0.250000
vt 0.958333 0.250000
vt 0.958333 0.333333
vt 0.958333 0.416667
vt 0.979167 0.583333
vt 0.979167 0.666667
vt 0.958333 0.666667
vt 0.979167 0.750000
vt 0.979167 0.833333
vt 0.958333 0.916667
vt 0.979167 0.916667
vt 0.979167 0.083333
vt 0.979167 0.166667
vt 0.979167 0.250000
vt 0.979167 0.333333
vt 0.979167 0.500000
vt 1.000000 0.500000
vt 1.000000 0.583333
vt 1.000000 0.666667
vt 1.000000 0.750000
vt 1.000000 0.833333
vt 1.000000 1.000000
vt 0.979167 1.000000
vt 1.000000 0.000000
vt 0.979167 0.000000
vt 1.000000 0.083333
vt 1.000000 0.166667
vt 1.000000 0.250000
vt 1.000000 0.333333
vt 0.979167 0.416667
vt 1.000000 0.416667
vt 0.000000 0.500000
vt 0.020833 0.583333
vt 0.000000 0.583333
vt 0.020833 0.666667
vt 0.000000 0.666667
vt 0.000000 0.750000
vt 0.020833 0.750000
vt 0.000000 0.833333
vt 0.020833 0.833333
vt 0.000000 0.916667
vt 0.020833 1.000000
vt 0.000000 1.000000
vt 0.020833 0.000000
vt 0.000000 0.083333
vt 0.000000 0.000000
vt 0.020833 0.083333
vt 0.000000 0.166667
vt 0.020833 0.166667
vt 0.000000 0.250000
vt 0.020833 0.333333
vt 0.000000 0.333333
vt 0.020833 0.416667
vt 0.000000 0.416667
vt 0.020833 0.500000
vt 0.041667 0.583333
vt 0.041667 0.666667
vt 0.041667 0.750000
vt 0.041667 0.833333
vt 0.020833 0.916667
vt 0.041667 1.000000
vt 0.041667 0.000000
vt 0.041667 0.083333
vt 0.041667 0.250000
vt 0.020833 0.250000
vt 0.041667 0.333333
vt 0.041667 0.416667
vt 0.062500 0.500000
vt 0.041667 0.500000
vt 0.062500 0.666667
vt 0.062500 0.750000
vt 0.062500 0.833333
vt 0.041667 0.916667
vt 0.062500 1.000000
vt 0.062500 0.000000
vt 0.062500 0.166667
vt 0.041667 0.166667
vt 0.062500 0.250000
vt 0.062500 0.333333
vt 0.083333 0.500000
vt 0.062500 0.583333
vt 0.083333 0.583333
vt 0.083333 0.666667
vt 0.083333 0.750000
vt 0.083333 0.916667
vt 0.062500 0.916667
vt 0.083333 1.000000
vt 0.083333 0.000000
vt 0.062500 0.083333
vt 0.083333 0.083333
vt 0.083333 0.166667
vt 0.083333 0.250000
vt 0.083333 0.333333
vt 0.062500 0.416667
vt 0.083333 0.416667
vt 0.104167 0.500000
vt 0.104167 0.583333
vt 0.104167 0.750000
vt 0.083333 0.833333
vt 0.104167 0.833333
vt 0.104167 1.000000
vt 0.104167 0.000000
vt 0.104167 0.166667
vt 0.104167 0.250000
vt 0.104167 0.333333
vt 0.104167 0.416667
vt 0.125000 0.500000
vt 0.125000 0.583333
vt 0.104167 0.666667
vt 0.125000 0.750000
vt 0.125000 0.916667
vt 0.104167 0.916667
vt 0.125000 0.000000
vt 0.104167 0.083333
vt 0.125000 0.083333
vt 0.125000 0.250000
vt 0.125000 0.416667
vt 0.145833 0.583333
vt 0.125000 0.666667
vt 0.145833 0.750000
vt 0.145833 0.833333
vt 0.125000 0.833333
vt 0.145833 1.000000
vt 0.125000 1.000000
vt 0.145833 0.000000
vt 0.145833 0.083333
vt 0.125000 0.166667
vt 0.145833 0.166667
vt 0.145833 0.250000
vt 0.125000 0.333333
vt 0.145833 0.416667
vt 0.145833 0.500000
vt 0.166667 0.583333
vt 0.166667 0.666667
vt 0.145833 0.666667
vt 0.166667 0.750000
vt 0.166667 0.833333
vt 0.145833 0.916667
vt 0.166667 0.916667
vt 0.166667 0.083333
vt 0.166667 0.166667
vt 0.166667 0.250000
vt 0.145833 0.333333
vt 0.166667 0.333333
vt 0.166667 0.416667
vt 0.187500 0.500000
vt 0.166667 0.500000
vt 0.187500 0.666667
vt 0.187500 0.750000
vt 0.187500 0.833333
vt 0.187500 1.000000
vt 0.166667 1.000000
vt 0.187500 0.000000
vt 0.166667 0.000000
vt 0.187500 0.166667
vt 0.187500 0.333333
vt 0.208333 0.500000
vt 0.187500 0.583333
vt 0.208333 0.583333
vt 0.208333 0.666667
vt 0.208333 0.750000
vt 0.208333 0.916667
vt 0.187500 0.916667
vt 0.208333 0.000000
vt 0.187500 0.083333
vt 0.208333 0.083333
vt 0.208333 0.166667
vt 0.187500 0.250000
vt 0.208333 0.333333
vt 0.208333 0.416667
vt 0.187500 0.416667
vt 0.229167 0.500000
vt 0.229167 0.583333
vt 0.229167 0.750000
vt 0.208333 0.833333
vt 0.229167 0.833333
vt 0.229167 0.916667
vt 0.208333 1.000000
vt 0.229167 0.083333
vt 0.229167 0.166667
vt 0.229167 0.250000
vt 0.208333 0.250000
vt 0.229167 0.333333
vt 0.250000 0.583333
vt 0.229167 0.666667
vt 0.250000 0.666667
vt 0.250000 0.750000
vt 0.250000 0.833333
vt 0.250000 1.000000
vt 0.229167 1.000000
vt 0.229167 0.000000
vt 0.250000 0.083333
vt 0.250000 0.166667
vt 0.250000 0.250000
vt 0.250000 0.333333
vt 0.229167 0.416667
vt 0.250000 0.416667
vt 0.270833 0.500000
vt 0.250000 0.500000
vt 0.270833 0.583333
vt 0.270833 0.666667
vt 0.270833 0.750000
vt 0.270833 0.833333
vt 0.250000 0.916667
vt 0.270833 0.916667
vt 0.270833 0.000000
vt 0.250000 0.000000
vt 0.270833 0.083333
vt 0.270833 0.166667
vt 0.270833 0.250000
vt 0.270833 0.416667
vt 0.291667 0.500000
vt 0.291667 0.583333
vt 0.291667 0.666667
vt 0.291667 0.750000
vt 0.291667 0.833333
vt 0.291667 0.916667
vt 0.270833 1.000000
vt 0.291667 0.083333
vt 0.291667 0.250000
vt 0.291667 0.333333
vt 0.270833 0.333333
vt 0.291667 0.416667
vt 0.312500 0.500000
vt 0.312500 0.583333
vt 0.312500 0.750000
vt 0.312500 0.833333
vt 0.312500 0.916667
vt 0.291667 1.000000
vt 0.312500 0.000000
vt 0.291667 0.000000
vt 0.312500 0.083333
vt 0.291667 0.166667
vt 0.312500 0.166667
vt 0.312500 0.250000
vt 0.312500 0.333333
vt 0.312500 0.416667
vt 0.333333 0.500000
vt 0.333333 0.666667
vt 0.312500 0.666667
vt 0.333333 0.750000
vt 0.333333 0.833333
vt 0.333333 0.916667
vt 0.312500 1.000000
vt 0.333333 0.083333
vt 0.333333 0.250000
vt 0.333333 0.333333
vt 0.354167 0.500000
vt 0.333333 0.583333
vt 0.354167 0.583333
vt 0.354167 0.666667
vt 0.354167 0.750000
vt 0.354167 0.833333
vt 0.354167 0.916667
vt 0.333333 1.000000
vt 0.354167 0.000000
vt 0.333333 0.000000
vt 0.354167 0.083333
vt 0.333333 0.166667
vt 0.354167 0.250000
vt 0.354167 0.333333
vt 0.354167 0.416667
vt 0.333333 0.416667
vt 0.375000 0.500000
vt 0.375000 0.666667
vt 0.375000 0.750000
vt 0.375000 0.916667
vt 0.354167 1.000000
vt 0.375000 0.000000
vt 0.375000 0.083333
vt 0.354167 0.166667
vt 0.375000 0.250000
vt 0.375000 0.333333
vt 0.375000 0.416667
vt 0.395833 0.583333
vt 0.375000 0.583333
vt 0.395833 0.666667
vt 0.395833 0.833333
vt 0.375000 0.833333
vt 0.395833 0.916667
vt 0.375000 1.000000
vt 0.395833 0.000000
vt 0.395833 0.166667
vt 0.375000 0.166667
vt 0.395833 0.250000
vt 0.395833 0.416667
vt 0.416667 0.500000
vt 0.395833 0.500000
vt 0.416667 0.666667
vt 0.395833 0.750000
vt 0.416667 0.750000
vt 0.416667 0.833333
vt 0.416667 1.000000
vt 0.395833 1.000000
vt 0.416667 0.000000
vt 0.395833 0.083333
vt 0.416667 0.083333
vt 0.416667 0.166667
vt 0.416667 0.333333
vt 0.395833 0.333333
vt 0.416667 0.416667
vt 0.437500 0.583333
vt 0.416667 0.583333
vt 0.437500 0.666667
vt 0.437500 0.750000
vt 0.437500 0.833333
vt 0.437500 0.916667
vt 0.416667 0.916667
vt 0.437500 0.000000
vt 0.437500 0.083333
vt 0.437500 0.166667
vt 0.416667 0.250000
vt 0.437500 0.250000
vt 0.437500 0.333333
vt 0.437500 0.416667
vt 0.458333 0.500000
vt 0.437500 0.500000
vt 0.458333 0.583333
vt 0.458333 0.666667
vt 0.458333 0.750000
vt 0.458333 0.833333
vt 0.458333 0.916667
vt 0.437500 1.000000
vt 0.458333 0.000000
vt 0.458333 0.083333
vt 0.458333 0.250000
vt 0.458333 0.333333
vt 0.458333 0.416667
vt 0.479167 0.583333
vt 0.479167 0.666667
vt 0.479167 0.750000
vt 0.479167 0.916667
vt 0.479167 1.000000
vt 0.458333 1.000000
vt 0.479167 0.000000
vt 0.479167 0.083333
vt 0.458333 0.166667
vt 0.479167 0.166667
vt 0.479167 0.250000
vt 0.479167 0.333333
vt 0.479167 0.416667
vt 0.479167 0.500000
vt 0.479167 0.833333
vt 1.000000 0.916667
s 1
g Torus.001_M_OracBronze.002
usemtl M_OracBronze.002
f 653/796/607 666/797/620 654/798/608
f 666/797/620 655/799/609 654/798/608
f 655/799/609 668/800/622 656/801/610
f 668/800/622 657/802/611 656/801/610
f 669/803/623 658/804/612 657/802/611
f 658/804/612 671/805/625 659/806/613
f 659/807/613 672/808/626 660/809/614
f 660/809/614 673/810/627 661/811/615
f 673/810/627 662/812/616 661/811/615
f 674/813/628 663/814/617 662/812/616
f 675/815/629 664/816/618 663/814/617
f 676/817/630 653/796/607 664/816/618
f 677/818/631 666/797/620 665/819/619
f 678/820/632 667/821/621 666/797/620
f 679/822/633 668/800/622 667/821/621
f 668/800/622 681/823/635 669/803/623
f 669/803/623 682/824/636 670/825/624
f 682/824/636 671/805/625 670/825/624
f 683/826/637 672/808/626 671/827/625
f 684/828/638 673/810/627 672/808/626
f 685/829/639 674/813/628 673/810/627
f 674/813/628 687/830/641 675/815/629
f 675/815/629 688/831/642 676/817/630
f 688/831/642 665/819/619 676/817/630
f 677/818/631 690/832/644 678/820/632
f 678/820/632 691/833/645 679/822/633
f 679/822/633 692/834/646 680/835/634
f 692/834/646 681/823/635 680/835/634
f 681/823/635 694/836/648 682/824/636
f 694/836/648 683/837/637 682/824/636
f 683/826/637 696/838/650 684/828/638
f 696/838/650 685/829/639 684/828/638
f 697/839/651 686/840/640 685/829/639
f 698/841/652 687/830/641 686/840/640
f 687/830/641 700/842/654 688/831/642
f 700/842/654 677/818/631 688/831/642
f 701/843/655 690/832/644 689/844/643
f 702/845/656 691/833/645 690/832/644
f 703/846/657 692/834/646 691/833/645
f 704/847/658 693/848/647 692/834/646
f 693/848/647 706/849/660 694/836/648
f 706/849/660 695/850/649 694/836/648
f 707/851/661 696/838/650 695/852/649
f 708/853/662 697/839/651 696/838/650
f 697/839/651 710/854/664 698/841/652
f 710/854/664 699/855/653 698/841/652
f 699/855/653 712/856/666 700/842/654
f 712/856/666 689/844/643 700/842/654
f 713/857/667 702/845/656 701/843/655
f 714/858/668 703/846/657 702/845/656
f 703/846/657 716/859/670 704/847/658
f 716/859/670 705/860/659 704/847/658
f 717/861/671 706/849/660 705/860/659
f 718/862/672 707/863/661 706/849/660
f 707/851/661 720/864/674 708/853/662
f 720/864/674 709/865/663 708/853/662
f 721/866/675 710/854/664 709/865/663
f 722/867/676 711/868/665 710/854/664
f 711/868/665 724/869/678 712/856/666
f 724/869/678 701/843/655 712/856/666
f 725/870/679 714/858/668 713/857/667
f 726/871/680 715/872/669 714/858/668
f 727/873/681 716/859/670 715/872/669
f 728/874/682 717/861/671 716/859/670
f 717/861/671 730/875/684 718/862/672
f 718/862/672 731/876/685 719/877/673
f 731/878/685 720/864/674 719/879/673
f 732/880/686 721/866/675 720/864/674
f 733/881/687 722/867/676 721/866/675
f 722/867/676 735/882/689 723/883/677
f 735/882/689 724/869/678 723/883/677
f 724/869/678 725/870/679 713/857/667
f 737/884/691 726/871/680 725/870/679
f 726/871/680 739/885/693 727/873/681
f 739/885/693 728/874/682 727/873/681
f 740/886/694 729/887/683 728/874/682
f 729/887/683 742/888/696 730/875/684
f 742/888/696 731/876/685 730/875/684
f 743/889/697 732/880/686 731/878/685
f 744/890/698 733/881/687 732/880/686
f 733/881/687 746/891/700 734/892/688
f 746/891/700 735/882/689 734/892/688
f 747/893/701 736/894/690 735/882/689
f 748/895/702 725/870/679 736/894/690
f 737/884/691 750/896/704 738/897/692
f 738/897/692 751/898/705 739/885/693
f 739/885/693 752/899/706 740/886/694
f 740/886/694 753/900/707 741/901/695
f 741/901/695 754/902/708 742/888/696
f 754/902/708 743/903/697 742/888/696
f 755/904/709 744/890/698 743/889/697
f 756/905/710 745/906/699 744/890/698
f 757/907/711 746/891/700 745/906/699
f 758/908/712 747/893/701 746/891/700
f 759/909/713 748/895/702 747/893/701
f 760/910/714 737/884/691 748/895/702
f 749/911/703 762/912/716 750/896/704
f 762/912/716 751/898/705 750/896/704
f 763/913/717 752/899/706 751/898/705
f 752/899/706 765/914/719 753/900/707
f 765/914/719 754/902/708 753/900/707
f 766/915/720 755/916/709 754/902/708
f 755/904/709 768/917/722 756/905/710
f 768/917/722 757/907/711 756/905/710
f 769/918/723 758/908/712 757/907/711
f 758/908/712 771/919/725 759/909/713
f 759/909/713 772/920/726 760/910/714
f 772/920/726 749/911/703 760/910/714
f 761/921/715 774/922/728 762/912/716
f 774/922/728 763/913/717 762/912/716
f 775/923/729 764/924/718 763/913/717
f 764/924/718 777/925/731 765/914/719
f 765/914/719 778/926/732 766/915/720
f 766/915/720 779/927/733 767/928/721
f 779/929/733 768/917/722 767/930/721
f 780/931/734 769/918/723 768/917/722
f 769/918/723 782/932/736 770/933/724
f 770/933/724 783/934/737 771/919/725
f 783/934/737 772/920/726 771/919/725
f 784/935/738 761/921/715 772/920/726
f 773/936/727 786/937/740 774/922/728
f 774/922/728 787/938/741 775/923/729
f 787/938/741 776/939/730 775/923/729
f 788/940/742 777/925/731 776/939/730
f 789/941/743 778/926/732 777/925/731
f 790/942/744 779/927/733 778/926/732
f 791/943/745 780/931/734 779/929/733
f 780/931/734 793/944/747 781/945/735
f 793/944/747 782/932/736 781/945/735
f 794/946/748 783/934/737 782/932/736
f 795/947/749 784/935/738 783/934/737
f 796/948/750 773/936/727 784/935/738
f 797/949/751 786/937/740 785/950/739
f 798/951/752 787/938/741 786/937/740
f 787/938/741 800/952/754 788/940/742
f 800/952/754 789/941/743 788/940/742
f 801/953/755 790/942/744 789/941/743
f 802/954/756 791/955/745 790/942/744
f 803/956/757 792/957/746 791/943/745
f 804/958/758 793/944/747 792/957/746
f 793/944/747 806/959/760 794/946/748
f 806/959/760 795/947/749 794/946/748
f 807/960/761 796/948/750 795/947/749
f 808/961/762 785/950/739 796/948/750
f 797/949/751 810/962/764 798/951/752
f 798/951/752 811/963/765 799/964/753
f 811/963/765 800/952/754 799/964/753
f 812/965/766 801/953/755 800/952/754
f 813/966/767 802/954/756 801/953/755
f 814/967/768 803/968/757 802/954/756
f 815/969/769 804/958/758 803/956/757
f 804/958/758 817/970/771 805/971/759
f 817/970/771 806/959/760 805/971/759
f 806/959/760 819/972/773 807/960/761
f 819/972/773 808/961/762 807/960/761
f 820/973/774 797/949/751 808/961/762
f 809/974/763 822/975/776 810/962/764
f 822/975/776 811/963/765 810/962/764
f 823/976/777 812/965/766 811/963/765
f 824/977/778 813/966/767 812/965/766
f 825/978/779 814/967/768 813/966/767
f 814/967/768 827/979/781 815/980/769
f 827/981/781 816/982/770 815/969/769
f 828/983/782 817/970/771 816/982/770
f 829/984/783 818/985/772 817/970/771
f 818/985/772 831/986/785 819/972/773
f 831/986/785 820/973/774 819/972/773
f 832/987/786 809/974/763 820/973/774
f 821/988/775 834/989/788 822/975/776
f 834/989/788 823/976/777 822/975/776
f 835/990/789 824/977/778 823/976/777
f 836/991/790 825/978/779 824/977/778
f 837/992/791 826/993/780 825/978/779
f 826/993/780 839/994/793 827/979/781
f 839/995/793 828/983/782 827/981/781
f 828/983/782 841/996/795 829/984/783
f 829/984/783 842/997/796 830/998/784
f 830/998/784 843/999/797 831/986/785
f 843/999/797 832/987/786 831/986/785
f 844/1000/798 821/988/775 832/987/786
f 833/1001/787 846/1002/800 834/989/788
f 846/1002/800 835/990/789 834/989/788
f 847/1003/801 836/991/790 835/990/789
f 848/1004/802 837/992/791 836/991/790
f 837/992/791 850/1005/804 838/1006/792
f 850/1005/804 839/994/793 838/1006/792
f 839/995/793 852/1007/806 840/1008/794
f 852/1007/806 841/996/795 840/1008/794
f 853/1009/807 842/997/796 841/996/795
f 842/997/796 855/1010/809 843/999/797
f 843/999/797 856/1011/810 844/1000/798
f 856/1011/810 833/1001/787 844/1000/798
f 857/1012/811 846/1002/800 845/1013/799
f 858/1014/812 847/1003/801 846/1002/800
f 847/1003/801 860/1015/814 848/1004/802
f 860/1015/814 849/1016/803 848/1004/802
f 861/1017/815 850/1005/804 849/1016/803
f 850/1005/804 863/1018/817 851/1019/805
f 863/1020/817 852/1007/806 851/1021/805
f 852/1007/806 865/1022/819 853/1009/807
f 853/1009/807 866/1023/820 854/1024/808
f 866/1023/820 855/1010/809 854/1024/808
f 855/1010/809 868/1025/822 856/1011/810
f 868/1025/822 845/1013/799 856/1011/810
f 869/1026/823 858/1014/812 857/1012/811
f 858/1014/812 871/1027/825 859/1028/813
f 859/1028/813 872/1029/826 860/1015/814
f 860/1015/814 873/1030/827 861/1017/815
f 873/1030/827 862/1031/816 861/1017/815
f 862/1031/816 875/1032/829 863/1018/817
f 875/1033/829 864/1034/818 863/1020/817
f 864/1034/818 877/1035/831 865/1022/819
f 877/1035/831 866/1023/820 865/1022/819
f 878/1036/832 867/1037/821 866/1023/820
f 879/1038/833 868/1025/822 867/1037/821
f 868/1025/822 869/1026/823 857/1012/811
f 881/1039/835 870/1040/824 869/1026/823
f 870/1040/824 883/1041/837 871/1027/825
f 883/1041/837 872/1029/826 871/1027/825
f 872/1029/826 885/1042/839 873/1030/827
f 885/1042/839 874/1043/828 873/1030/827
f 886/1044/840 875/1032/829 874/1043/828
f 875/1033/829 888/1045/842 876/1046/830
f 876/1046/830 889/1047/843 877/1035/831
f 889/1047/843 878/1036/832 877/1035/831
f 878/1036/832 891/1048/845 879/1038/833
f 891/1048/845 880/1049/834 879/1038/833
f 892/1050/846 869/1026/823 880/1049/834
f 893/1051/847 882/1052/836 881/1039/835
f 894/1053/848 883/1041/837 882/1052/836
f 895/1054/849 884/1055/838 883/1041/837
f 884/1055/838 897/1056/851 885/1042/839
f 897/1056/851 886/1044/840 885/1042/839
f 886/1044/840 899/1057/853 887/1058/841
f 887/1059/841 900/1060/854 888/1045/842
f 900/1060/854 889/1047/843 888/1045/842
f 901/1061/855 890/1062/844 889/1047/843
f 890/1062/844 903/1063/857 891/1048/845
f 903/1063/857 892/1050/846 891/1048/845
f 904/1064/858 881/1039/835 892/1050/846
f 893/1051/847 906/1065/860 894/1053/848
f 906/1065/860 895/1054/849 894/1053/848
f 895/1054/849 908/1066/862 896/1067/850
f 908/1066/862 897/1056/851 896/1067/850
f 909/1068/863 898/1069/852 897/1056/851
f 898/1069/852 911/1070/865 899/1057/853
f 911/1071/865 900/1060/854 899/1072/853
f 912/1073/866 901/1061/855 900/1060/854
f 913/1074/867 902/1075/856 901/1061/855
f 902/1075/856 915/1076/869 903/1063/857
f 903/1063/857 916/1077/870 904/1064/858
f 916/1077/870 893/1051/847 904/1064/858
f 917/1078/871 906/1065/860 905/1079/859
f 918/1080/872 907/1081/861 906/1065/860
f 907/1081/861 920/1082/874 908/1066/862
f 920/1082/874 909/1068/863 908/1066/862
f 921/1083/875 910/1084/864 909/1068/863
f 910/1084/864 923/1085/877 911/1070/865
f 923/1086/877 912/1073/866 911/1071/865
f 924/1087/878 913/1074/867 912/1073/866
f 925/1088/879 914/1089/868 913/1074/867
f 926/1090/880 915/1076/869 914/1089/868
f 927/1091/881 916/1077/870 915/1076/869
f 928/1092/882 905/1079/859 916/1077/870
f 917/1078/871 930/1093/884 918/1080/872
f 918/1080/872 931/1094/885 919/1095/873
f 931/1094/885 920/1082/874 919/1095/873
f 932/1096/886 921/1083/875 920/1082/874
f 933/1097/887 922/1098/876 921/1083/875
f 934/1099/888 923/1085/877 922/1098/876
f 923/1086/877 936/1100/890 924/1087/878
f 924/1087/878 937/1101/891 925/1088/879
f 937/1101/891 926/1090/880 925/1088/879
f 938/1102/892 927/1091/881 926/1090/880
f 939/1103/893 928/1092/882 927/1091/881
f 928/1092/882 929/1104/883 917/1078/871
f 941/1105/613 930/1093/884 929/1104/883
f 942/1106/895 931/1094/885 930/1093/884
f 943/1107/896 932/1096/886 931/1094/885
f 944/1108/897 933/1097/887 932/1096/886
f 945/1109/898 934/1099/888 933/1097/887
f 934/1099/888 947/1110/607 935/1111/889
f 947/1112/607 936/1100/890 935/1113/889
f 948/1114/900 937/1101/891 936/1100/890
f 949/1115/901 938/1102/892 937/1101/891
f 950/1116/902 939/1103/893 938/1102/892
f 951/1117/903 940/1118/894 939/1103/893
f 952/1119/904 929/1104/883 940/1118/894
f 941/1120/613 954/1121/905 942/1122/895
f 942/1122/895 955/1123/906 943/1124/896
f 955/1123/906 944/1125/897 943/1124/896
f 956/1126/907 945/1127/898 944/1125/897
f 957/1128/908 946/1129/899 945/1127/898
f 946/1129/899 959/1130/619 947/1131/607
f 959/1132/619 948/1133/900 947/1134/607
f 960/1135/910 949/1136/901 948/1133/900
f 961/1137/911 950/1138/902 949/1136/901
f 950/1138/902 963/1139/913 951/1140/903
f 951/1140/903 964/1141/914 952/1142/904
f 964/1141/914 941/1120/613 952/1142/904
f 953/1143/625 966/1144/915 954/1121/905
f 966/1144/915 955/1123/906 954/1121/905
f 967/1145/916 956/1126/907 955/1123/906
f 968/1146/917 957/1128/908 956/1126/907
f 969/1147/918 958/1148/909 957/1128/908
f 958/1148/909 971/1149/631 959/1130/619
f 971/1150/631 960/1135/910 959/1132/619
f 972/1151/920 961/1137/911 960/1135/910
f 961/1137/911 974/1152/922 962/1153/912
f 974/1152/922 963/1139/913 962/1153/912
f 975/1154/923 964/1141/914 963/1139/913
f 976/1155/924 953/1143/625 964/1141/914
f 977/1156/649 966/1144/915 965/1157/637
f 966/1144/915 979/1158/926 967/1145/916
f 979/1158/926 968/1146/917 967/1145/916
f 980/1159/927 969/1147/918 968/1146/917
f 981/1160/928 970/1161/919 969/1147/918
f 970/1161/919 983/1162/643 971/1149/631
f 983/1163/643 972/1151/920 971/1150/631
f 972/1151/920 985/1164/931 973/1165/921
f 985/1164/931 974/1152/922 973/1165/921
f 986/1166/932 975/1154/923 974/1152/922
f 987/1167/933 976/1155/924 975/1154/923
f 976/1155/924 977/1156/649 965/1157/637
f 989/1168/661 978/1169/925 977/1156/649
f 990/1170/935 979/1158/926 978/1169/925
f 991/1171/936 980/1159/927 979/1158/926
f 992/1172/937 981/1160/928 980/1159/927
f 981/1160/928 994/1173/939 982/1174/929
f 982/1174/929 995/1175/655 983/1162/643
f 995/1176/655 984/1177/930 983/1163/643
f 996/1178/940 985/1164/931 984/1177/930
f 997/1179/941 986/1166/932 985/1164/931
f 998/1180/942 987/1167/933 986/1166/932
f 999/1181/943 988/1182/934 987/1167/933
f 1000/1183/944 977/1156/649 988/1182/934
f 1001/1184/673 990/1170/935 989/1168/661
f 1002/1185/945 991/1171/936 990/1170/935
f 991/1171/936 1004/1186/947 992/1172/937
f 1004/1186/947 993/1187/938 992/1172/937
f 1005/1188/948 994/1173/939 993/1187/938
f 994/1173/939 1007/1189/667 995/1175/655
f 1007/1190/667 996/1178/940 995/1176/655
f 996/1178/940 1009/1191/951 997/1179/941
f 997/1179/941 1010/1192/952 998/1180/942
f 1010/1192/952 999/1181/943 998/1180/942
f 1011/1193/953 1000/1183/944 999/1181/943
f 1012/1194/954 989/1168/661 1000/1183/944
f 1013/1195/685 1002/1185/945 1001/1184/673
f 1014/1196/955 1003/1197/946 1002/1185/945
f 1003/1197/946 1016/1198/957 1004/1186/947
f 1016/1198/957 1005/1188/948 1004/1186/947
f 1005/1188/948 1018/1199/959 1006/1200/949
f 1018/1199/959 1007/1189/667 1006/1200/949
f 1019/1201/679 1008/1202/950 1007/1190/667
f 1020/1203/960 1009/1191/951 1008/1202/950
f 1009/1191/951 1022/1204/962 1010/1192/952
f 1022/1204/962 1011/1193/953 1010/1192/952
f 1011/1193/953 1024/1205/964 1012/1194/954
f 1024/1205/964 1001/1184/673 1012/1194/954
f 1013/1195/685 1026/1206/965 1014/1196/955
f 1026/1206/965 1015/1207/956 1014/1196/955
f 1015/1207/956 1028/1208/967 1016/1198/957
f 1016/1198/957 1029/1209/968 1017/1210/958
f 1029/1209/968 1018/1199/959 1017/1210/958
f 1018/1199/959 1031/1211/691 1019/1212/679
f 1031/1213/691 1020/1203/960 1019/1201/679
f 1032/1214/970 1021/1215/961 1020/1203/960
f 1033/1216/971 1022/1204/962 1021/1215/961
f 1034/1217/972 1023/1218/963 1022/1204/962
f 1023/1218/963 1036/1219/974 1024/1205/964
f 1036/1219/974 1013/1195/685 1024/1205/964
f 1025/1220/697 1038/1221/975 1026/1206/965
f 1026/1206/965 1039/1222/976 1027/1223/966
f 1039/1222/976 1028/1208/967 1027/1223/966
f 1040/1224/977 1029/1209/968 1028/1208/967
f 1041/1225/978 1030/1226/969 1029/1209/968
f 1042/1227/979 1031/1211/691 1030/1226/969
f 1031/1213/691 1044/1228/980 1032/1214/970
f 1032/1214/970 1045/1229/981 1033/1216/971
f 1045/1229/981 1034/1217/972 1033/1216/971
f 1046/1230/982 1035/1231/973 1034/1217/972
f 1047/1232/983 1036/1219/974 1035/1231/973
f 1048/1233/984 1025/1220/697 1036/1219/974
f 1049/1234/721 1038/1221/975 1037/1235/709
f 1038/1221/975 1051/1236/986 1039/1222/976
f 1039/1222/976 1052/1237/987 1040/1224/977
f 1052/1237/987 1041/1225/978 1040/1224/977
f 1053/1238/988 1042/1227/979 1041/1225/978
f 1042/1227/979 1055/1239/715 1043/1240/703
f 1055/1241/715 1044/1228/980 1043/1242/703
f 1044/1228/980 1057/1243/991 1045/1229/981
f 1057/1243/991 1046/1230/982 1045/1229/981
f 1046/1230/982 1059/1244/993 1047/1232/983
f 1059/1244/993 1048/1233/984 1047/1232/983
f 1048/1233/984 1049/1234/721 1037/1235/709
f 1061/1245/733 1050/1246/985 1049/1234/721
f 1062/1247/995 1051/1236/986 1050/1246/985
f 1063/1248/996 1052/1237/987 1051/1236/986
f 1064/1249/997 1053/1238/988 1052/1237/987
f 1053/1238/988 1066/1250/999 1054/1251/989
f 1066/1250/999 1055/1239/715 1054/1251/989
f 1067/1252/727 1056/1253/990 1055/1241/715
f 1068/1254/1000 1057/1243/991 1056/1253/990
f 1069/1255/1001 1058/1256/992 1057/1243/991
f 1058/1256/992 1071/1257/1003 1059/1244/993
f 1059/1244/993 1072/1258/1004 1060/1259/994
f 1060/1259/994 1061/1245/733 1049/1234/721
f 1073/1260/745 1062/1247/995 1061/1245/733
f 1074/1261/1005 1063/1248/996 1062/1247/995
f 1063/1248/996 1076/1262/1007 1064/1249/997
f 1076/1262/1007 1065/1263/998 1064/1249/997
f 1077/1264/1008 1066/1250/999 1065/1263/998
f 1078/1265/1009 1067/1266/727 1066/1250/999
f 1067/1252/727 1080/1267/1010 1068/1254/1000
f 1068/1254/1000 1081/1268/1011 1069/1255/1001
f 1069/1255/1001 1082/1269/1012 1070/1270/1002
f 1082/1269/1012 1071/1257/1003 1070/1270/1002
f 1083/1271/1013 1072/1258/1004 1071/1257/1003
f 1072/1258/1004 1073/1260/745 1061/1245/733
f 1073/1260/745 1086/1272/1015 1074/1261/1005
f 1086/1272/1015 1075/1273/1006 1074/1261/1005
f 1087/1274/1016 1076/1262/1007 1075/1273/1006
f 1088/1275/1017 1077/1264/1008 1076/1262/1007
f 1089/1276/1018 1078/1265/1009 1077/1264/1008
f 1078/1265/1009 1091/1277/751 1079/1278/739
f 1079/1279/739 1092/1280/1020 1080/1267/1010
f 1092/1280/1020 1081/1268/1011 1080/1267/1010
f 1093/1281/1021 1082/1269/1012 1081/1268/1011
f 1094/1282/1022 1083/1271/1013 1082/1269/1012
f 1095/1283/1023 1084/1284/1014 1083/1271/1013
f 1096/1285/1024 1073/1260/745 1084/1284/1014
f 1097/1286/769 1086/1272/1015 1085/1287/757
f 1098/1288/1025 1087/1274/1016 1086/1272/1015
f 1099/1289/1026 1088/1275/1017 1087/1274/1016
f 1100/1290/1027 1089/1276/1018 1088/1275/1017
f 1101/1291/1028 1090/1292/1019 1089/1276/1018
f 1102/1293/1029 1091/1277/751 1090/1292/1019
f 1103/1294/763 1092/1280/1020 1091/1295/751
f 1104/1296/1030 1093/1281/1021 1092/1280/1020
f 1105/1297/1031 1094/1282/1022 1093/1281/1021
f 1106/1298/1032 1095/1283/1023 1094/1282/1022
f 1095/1283/1023 1108/1299/1034 1096/1285/1024
f 1108/1299/1034 1085/1287/757 1096/1285/1024
f 1109/1300/1035 1098/1288/1025 1097/1286/769
f 1110/1301/1036 1099/1289/1026 1098/1288/1025
f 1111/1302/1037 1100/1290/1027 1099/1289/1026
f 1112/1303/1038 1101/1291/1028 1100/1290/1027
f 1113/1304/1039 1102/1293/1029 1101/1291/1028
f 1114/1305/1040 1103/1306/763 1102/1293/1029
f 1103/1294/763 1116/1307/1042 1104/1296/1030
f 1116/1307/1042 1105/1297/1031 1104/1296/1030
f 1105/1297/1031 1118/1308/1044 1106/1298/1032
f 1106/1298/1032 1119/1309/1045 1107/1310/1033
f 1107/1310/1033 1120/1311/1046 1108/1299/1034
f 1108/1299/1034 1109/1300/1035 1097/1286/769
f 1121/1312/793 1110/1301/1036 1109/1300/1035
f 1122/1313/1047 1111/1302/1037 1110/1301/1036
f 1111/1302/1037 1124/1314/1049 1112/1303/1038
f 1124/1314/1049 1113/1304/1039 1112/1303/1038
f 1125/1315/1050 1114/1305/1040 1113/1304/1039
f 1126/1316/1051 1115/1317/1041 1114/1305/1040
f 1127/1318/787 1116/1307/1042 1115/1319/1041
f 1128/1320/1052 1117/1321/1043 1116/1307/1042
f 1129/1322/1053 1118/1308/1044 1117/1321/1043
f 1130/1323/1054 1119/1309/1045 1118/1308/1044
f 1131/1324/1055 1120/1311/1046 1119/1309/1045
f 1132/1325/1056 1109/1300/1035 1120/1311/1046
f 1133/1326/805 1122/1313/1047 1121/1312/793
f 1122/1313/1047 1135/1327/1058 1123/1328/1048
f 1123/1328/1048 1136/1329/1059 1124/1314/1049
f 1136/1329/1059 1125/1315/1050 1124/1314/1049
f 1137/1330/1060 1126/1316/1051 1125/1315/1050
f 1138/1331/1061 1127/1332/787 1126/1316/1051
f 1127/1318/787 1140/1333/1062 1128/1320/1052
f 1140/1333/1062 1129/1322/1053 1128/1320/1052
f 1129/1322/1053 1142/1334/1064 1130/1323/1054
f 1142/1334/1064 1131/1324/1055 1130/1323/1054
f 1143/1335/1065 1132/1325/1056 1131/1324/1055
f 1132/1325/1056 1133/1326/805 1121/1312/793
f 1145/1336/817 1134/1337/1057 1133/1326/805
f 1146/1338/1067 1135/1327/1058 1134/1337/1057
f 1147/1339/1068 1136/1329/1059 1135/1327/1058
f 1148/1340/1069 1137/1330/1060 1136/1329/1059
f 1149/1341/1070 1138/1331/1061 1137/1330/1060
f 1150/1342/1071 1139/1343/799 1138/1331/1061
f 1151/1344/811 1140/1333/1062 1139/1345/799
f 1152/1346/1072 1141/1347/1063 1140/1333/1062
f 1141/1347/1063 1154/1348/1074 1142/1334/1064
f 1142/1334/1064 1155/1349/1075 1143/1335/1065
f 1143/1335/1065 1156/1350/1076 1144/1351/1066
f 1144/1351/1066 1145/1336/817 1133/1326/805
f 1157/1352/829 1146/1338/1067 1145/1336/817
f 1146/1338/1067 1159/1353/1078 1147/1339/1068
f 1147/1339/1068 1160/1354/1079 1148/1340/1069
f 1160/1354/1079 1149/1341/1070 1148/1340/1069
f 1149/1341/1070 1162/1355/1081 1150/1342/1071
f 1162/1355/1081 1151/1356/811 1150/1342/1071
f 1163/1357/823 1152/1346/1072 1151/1344/811
f 1164/1358/1082 1153/1359/1073 1152/1346/1072
f 1153/1359/1073 1166/1360/1084 1154/1348/1074
f 1166/1360/1084 1155/1349/1075 1154/1348/1074
f 1167/1361/1085 1156/1350/1076 1155/1349/1075
f 1168/1362/1086 1145/1336/817 1156/1350/1076
f 1157/1352/829 1170/1363/1087 1158/1364/1077
f 1170/1363/1087 1159/1353/1078 1158/1364/1077
f 1171/1365/1088 1160/1354/1079 1159/1353/1078
f 1160/1354/1079 1173/1366/1090 1161/1367/1080
f 1173/1366/1090 1162/1355/1081 1161/1367/1080
f 1174/1368/1091 1163/1369/823 1162/1355/1081
f 1175/1370/835 1164/1358/1082 1163/1357/823
f 1164/1358/1082 1177/1371/1093 1165/1372/1083
f 1177/1371/1093 1166/1360/1084 1165/1372/1083
f 1178/1373/1094 1167/1361/1085 1166/1360/1084
f 1167/1361/1085 1180/1374/1096 1168/1362/1086
f 1180/1374/1096 1157/1352/829 1168/1362/1086
f 1181/1375/853 1170/1363/1087 1169/1376/841
f 1170/1363/1087 1183/1377/1098 1171/1365/1088
f 1183/1377/1098 1172/1378/1089 1171/1365/1088
f 1184/1379/1099 1173/1366/1090 1172/1378/1089
f 1185/1380/1100 1174/1368/1091 1173/1366/1090
f 1174/1368/1091 1187/1381/847 1175/1382/835
f 1187/1383/847 1176/1384/1092 1175/1370/835
f 1188/1385/1102 1177/1371/1093 1176/1384/1092
f 1189/1386/1103 1178/1373/1094 1177/1371/1093
f 1178/1373/1094 1191/1387/1105 1179/1388/1095
f 1191/1387/1105 1180/1374/1096 1179/1388/1095
f 1192/1389/1106 1169/1376/841 1180/1374/1096
f 1181/1375/853 1194/1390/1107 1182/1391/1097
f 1182/1391/1097 1195/1392/1108 1183/1377/1098
f 1183/1377/1098 1196/1393/1109 1184/1379/1099
f 1184/1379/1099 1197/1394/1110 1185/1380/1100
f 1185/1380/1100 1198/1395/1111 1186/1396/1101
f 1198/1395/1111 1187/1381/847 1186/1396/1101
f 1199/1397/859 1188/1385/1102 1187/1383/847
f 1200/1398/1112 1189/1386/1103 1188/1385/1102
f 1201/1399/1113 1190/1400/1104 1189/1386/1103
f 1202/1401/1114 1191/1387/1105 1190/1400/1104
f 1203/1402/1115 1192/1389/1106 1191/1387/1105
f 1204/1403/1116 1181/1375/853 1192/1389/1106
f 1205/1404/877 1194/1390/1107 1193/1405/865
f 1206/1406/1117 1195/1392/1108 1194/1390/1107
f 1207/1407/1118 1196/1393/1109 1195/1392/1108
f 1208/1408/1119 1197/1394/1110 1196/1393/1109
f 1209/1409/1120 1198/1395/1111 1197/1394/1110
f 1210/1410/1121 1199/1411/859 1198/1395/1111
f 1211/1412/871 1200/1398/1112 1199/1397/859
f 1212/1413/1122 1201/1399/1113 1200/1398/1112
f 1201/1399/1113 1214/1414/1124 1202/1401/1114
f 1214/1414/1124 1203/1402/1115 1202/1401/1114
f 1215/1415/1125 1204/1403/1116 1203/1402/1115
f 1216/1416/1126 1193/1405/865 1204/1403/1116
f 1205/1404/877 1218/1417/1127 1206/1406/1117
f 1206/1406/1117 1219/1418/1128 1207/1407/1118
f 1207/1407/1118 1220/1419/1129 1208/1408/1119
f 1220/1419/1129 1209/1409/1120 1208/1408/1119
f 1209/1409/1120 1222/1420/1131 1210/1410/1121
f 1210/1410/1121 1223/1421/883 1211/1422/871
f 1223/1423/883 1212/1413/1122 1211/1412/871
f 1224/1424/1132 1213/1425/1123 1212/1413/1122
f 1225/1426/1133 1214/1414/1124 1213/1425/1123
f 1226/1427/1134 1215/1415/1125 1214/1414/1124
f 1227/1428/1135 1216/1416/1126 1215/1415/1125
f 1228/1429/1136 1205/1404/877 1216/1416/1126
f 653/796/607 1218/1417/1127 1217/1430/889
f 654/798/608 1219/1418/1128 1218/1417/1127
f 655/799/609 1220/1419/1129 1219/1418/1128
f 656/801/610 1221/1431/1130 1220/1419/1129
f 657/802/611 1222/1420/1131 1221/1431/1130
f 1222/1420/1131 659/806/613 1223/1421/883
f 1223/1423/883 660/809/614 1224/1424/1132
f 660/809/614 1225/1426/1133 1224/1424/1132
f 661/811/615 1226/1427/1134 1225/1426/1133
f 1226/1427/1134 663/814/617 1227/1428/1135
f 663/814/617 1228/1429/1136 1227/1428/1135
f 664/816/618 1217/1430/889 1228/1429/1136
f 653/796/607 665/819/619 666/797/620
f 666/797/620 667/821/621 655/799/609
f 655/799/609 667/821/621 668/800/622
f 668/800/622 669/803/623 657/802/611
f 669/803/623 670/825/624 658/804/612
f 658/804/612 670/825/624 671/805/625
f 659/807/613 671/827/625 672/808/626
f 660/809/614 672/808/626 673/810/627
f 673/810/627 674/813/628 662/812/616
f 674/813/628 675/815/629 663/814/617
f 675/815/629 676/817/630 664/816/618
f 676/817/630 665/819/619 653/796/607
f 677/818/631 678/820/632 666/797/620
f 678/820/632 679/822/633 667/821/621
f 679/822/633 680/835/634 668/800/622
f 668/800/622 680/835/634 681/823/635
f 669/803/623 681/823/635 682/824/636
f 682/824/636 683/837/637 671/805/625
f 683/826/637 684/828/638 672/808/626
f 684/828/638 685/829/639 673/810/627
f 685/829/639 686/840/640 674/813/628
f 674/813/628 686/840/640 687/830/641
f 675/815/629 687/830/641 688/831/642
f 688/831/642 677/818/631 665/819/619
f 677/818/631 689/844/643 690/832/644
f 678/820/632 690/832/644 691/833/645
f 679/822/633 691/833/645 692/834/646
f 692/834/646 693/848/647 681/823/635
f 681/823/635 693/848/647 694/836/648
f 694/836/648 695/850/649 683/837/637
f 683/826/637 695/852/649 696/838/650
f 696/838/650 697/839/651 685/829/639
f 697/839/651 698/841/652 686/840/640
f 698/841/652 699/855/653 687/830/641
f 687/830/641 699/855/653 700/842/654
f 700/842/654 689/844/643 677/818/631
f 701/843/655 702/845/656 690/832/644
f 702/845/656 703/846/657 691/833/645
f 703/846/657 704/847/658 692/834/646
f 704/847/658 705/860/659 693/848/647
f 693/848/647 705/860/659 706/849/660
f 706/849/660 707/863/661 695/850/649
f 707/851/661 708/853/662 696/838/650
f 708/853/662 709/865/663 697/839/651
f 697/839/651 709/865/663 710/854/664
f 710/854/664 711/868/665 699/855/653
f 699/855/653 711/868/665 712/856/666
f 712/856/666 701/843/655 689/844/643
f 713/857/667 714/858/668 702/845/656
f 714/858/668 715/872/669 703/846/657
f 703/846/657 715/872/669 716/859/670
f 716/859/670 717/861/671 705/860/659
f 717/861/671 718/862/672 706/849/660
f 718/862/672 719/877/673 707/863/661
f 707/851/661 719/879/673 720/864/674
f 720/864/674 721/866/675 709/865/663
f 721/866/675 722/867/676 710/854/664
f 722/867/676 723/883/677 711/868/665
f 711/868/665 723/883/677 724/869/678
f 724/869/678 713/857/667 701/843/655
f 725/870/679 726/871/680 714/858/668
f 726/871/680 727/873/681 715/872/669
f 727/873/681 728/874/682 716/859/670
f 728/874/682 729/887/683 717/861/671
f 717/861/671 729/887/683 730/875/684
f 718/862/672 730/875/684 731/876/685
f 731/878/685 732/880/686 720/864/674
f 732/880/686 733/881/687 721/866/675
f 733/881/687 734/892/688 722/867/676
f 722/867/676 734/892/688 735/882/689
f 735/882/689 736/894/690 724/869/678
f 724/869/678 736/894/690 725/870/679
f 737/884/691 738/897/692 726/871/680
f 726/871/680 738/897/692 739/885/693
f 739/885/693 740/886/694 728/874/682
f 740/886/694 741/901/695 729/887/683
f 729/887/683 741/901/695 742/888/696
f 742/888/696 743/903/697 731/876/685
f 743/889/697 744/890/698 732/880/686
f 744/890/698 745/906/699 733/881/687
f 733/881/687 745/906/699 746/891/700
f 746/891/700 747/893/701 735/882/689
f 747/893/701 748/895/702 736/894/690
f 748/895/702 737/884/691 725/870/679
f 737/884/691 749/911/703 750/896/704
f 738/897/692 750/896/704 751/898/705
f 739/885/693 751/898/705 752/899/706
f 740/886/694 752/899/706 753/900/707
f 741/901/695 753/900/707 754/902/708
f 754/902/708 755/916/709 743/903/697
f 755/904/709 756/905/710 744/890/698
f 756/905/710 757/907/711 745/906/699
f 757/907/711 758/908/712 746/891/700
f 758/908/712 759/909/713 747/893/701
f 759/909/713 760/910/714 748/895/702
f 760/910/714 749/911/703 737/884/691
f 749/911/703 761/921/715 762/912/716
f 762/912/716 763/913/717 751/898/705
f 763/913/717 764/924/718 752/899/706
f 752/899/706 764/924/718 765/914/719
f 765/914/719 766/915/720 754/902/708
f 766/915/720 767/928/721 755/916/709
f 755/904/709 767/930/721 768/917/722
f 768/917/722 769/918/723 757/907/711
f 769/918/723 770/933/724 758/908/712
f 758/908/712 770/933/724 771/919/725
f 759/909/713 771/919/725 772/920/726
f 772/920/726 761/921/715 749/911/703
f 761/921/715 773/936/727 774/922/728
f 774/922/728 775/923/729 763/913/717
f 775/923/729 776/939/730 764/924/718
f 764/924/718 776/939/730 777/925/731
f 765/914/719 777/925/731 778/926/732
f 766/915/720 778/926/732 779/927/733
f 779/929/733 780/931/734 768/917/722
f 780/931/734 781/945/735 769/918/723
f 769/918/723 781/945/735 782/932/736
f 770/933/724 782/932/736 783/934/737
f 783/934/737 784/935/738 772/920/726
f 784/935/738 773/936/727 761/921/715
f 773/936/727 785/950/739 786/937/740
f 774/922/728 786/937/740 787/938/741
f 787/938/741 788/940/742 776/939/730
f 788/940/742 789/941/743 777/925/731
f 789/941/743 790/942/744 778/926/732
f 790/942/744 791/955/745 779/927/733
f 791/943/745 792/957/746 780/931/734
f 780/931/734 792/957/746 793/944/747
f 793/944/747 794/946/748 782/932/736
f 794/946/748 795/947/749 783/934/737
f 795/947/749 796/948/750 784/935/738
f 796/948/750 785/950/739 773/936/727
f 797/949/751 798/951/752 786/937/740
f 798/951/752 799/964/753 787/938/741
f 787/938/741 799/964/753 800/952/754
f 800/952/754 801/953/755 789/941/743
f 801/953/755 802/954/756 790/942/744
f 802/954/756 803/968/757 791/955/745
f 803/956/757 804/958/758 792/957/746
f 804/958/758 805/971/759 793/944/747
f 793/944/747 805/971/759 806/959/760
f 806/959/760 807/960/761 795/947/749
f 807/960/761 808/961/762 796/948/750
f 808/961/762 797/949/751 785/950/739
f 797/949/751 809/974/763 810/962/764
f 798/951/752 810/962/764 811/963/765
f 811/963/765 812/965/766 800/952/754
f 812/965/766 813/966/767 801/953/755
f 813/966/767 814/967/768 802/954/756
f 814/967/768 815/980/769 803/968/757
f 815/969/769 816/982/770 804/958/758
f 804/958/758 816/982/770 817/970/771
f 817/970/771 818/985/772 806/959/760
f 806/959/760 818/985/772 819/972/773
f 819/972/773 820/973/774 808/961/762
f 820/973/774 809/974/763 797/949/751
f 809/974/763 821/988/775 822/975/776
f 822/975/776 823/976/777 811/963/765
f 823/976/777 824/977/778 812/965/766
f 824/977/778 825/978/779 813/966/767
f 825/978/779 826/993/780 814/967/768
f 814/967/768 826/993/780 827/979/781
f 827/981/781 828/983/782 816/982/770
f 828/983/782 829/984/783 817/970/771
f 829/984/783 830/998/784 818/985/772
f 818/985/772 830/998/784 831/986/785
f 831/986/785 832/987/786 820/973/774
f 832/987/786 821/988/775 809/974/763
f 821/988/775 833/1001/787 834/989/788
f 834/989/788 835/990/789 823/976/777
f 835/990/789 836/991/790 824/977/778
f 836/991/790 837/992/791 825/978/779
f 837/992/791 838/1006/792 826/993/780
f 826/993/780 838/1006/792 839/994/793
f 839/995/793 840/1008/794 828/983/782
f 828/983/782 840/1008/794 841/996/795
f 829/984/783 841/996/795 842/997/796
f 830/998/784 842/997/796 843/999/797
f 843/999/797 844/1000/798 832/987/786
f 844/1000/798 833/1001/787 821/988/775
f 833/1001/787 845/1013/799 846/1002/800
f 846/1002/800 847/1003/801 835/990/789
f 847/1003/801 848/1004/802 836/991/790
f 848/1004/802 849/1016/803 837/992/791
f 837/992/791 849/1016/803 850/1005/804
f 850/1005/804 851/1019/805 839/994/793
f 839/995/793 851/1021/805 852/1007/806
f 852/1007/806 853/1009/807 841/996/795
f 853/1009/807 854/1024/808 842/997/796
f 842/997/796 854/1024/808 855/1010/809
f 843/999/797 855/1010/809 856/1011/810
f 856/1011/810 845/1013/799 833/1001/787
f 857/1012/811 858/1014/812 846/1002/800
f 858/1014/812 859/1028/813 847/1003/801
f 847/1003/801 859/1028/813 860/1015/814
f 860/1015/814 861/1017/815 849/1016/803
f 861/1017/815 862/1031/816 850/1005/804
f 850/1005/804 862/1031/816 863/1018/817
f 863/1020/817 864/1034/818 852/1007/806
f 852/1007/806 864/1034/818 865/1022/819
f 853/1009/807 865/1022/819 866/1023/820
f 866/1023/820 867/1037/821 855/1010/809
f 855/1010/809 867/1037/821 868/1025/822
f 868/1025/822 857/1012/811 845/1013/799
f 869/1026/823 870/1040/824 858/1014/812
f 858/1014/812 870/1040/824 871/1027/825
f 859/1028/813 871/1027/825 872/1029/826
f 860/1015/814 872/1029/826 873/1030/827
f 873/1030/827 874/1043/828 862/1031/816
f 862/1031/816 874/1043/828 875/1032/829
f 875/1033/829 876/1046/830 864/1034/818
f 864/1034/818 876/1046/830 877/1035/831
f 877/1035/831 878/1036/832 866/1023/820
f 878/1036/832 879/1038/833 867/1037/821
f 879/1038/833 880/1049/834 868/1025/822
f 868/1025/822 880/1049/834 869/1026/823
f 881/1039/835 882/1052/836 870/1040/824
f 870/1040/824 882/1052/836 883/1041/837
f 883/1041/837 884/1055/838 872/1029/826
f 872/1029/826 884/1055/838 885/1042/839
f 885/1042/839 886/1044/840 874/1043/828
f 886/1044/840 887/1058/841 875/1032/829
f 875/1033/829 887/1059/841 888/1045/842
f 876/1046/830 888/1045/842 889/1047/843
f 889/1047/843 890/1062/844 878/1036/832
f 878/1036/832 890/1062/844 891/1048/845
f 891/1048/845 892/1050/846 880/1049/834
f 892/1050/846 881/1039/835 869/1026/823
f 893/1051/847 894/1053/848 882/1052/836
f 894/1053/848 895/1054/849 883/1041/837
f 895/1054/849 896/1067/850 884/1055/838
f 884/1055/838 896/1067/850 897/1056/851
f 897/1056/851 898/1069/852 886/1044/840
f 886/1044/840 898/1069/852 899/1057/853
f 887/1059/841 899/1072/853 900/1060/854
f 900/1060/854 901/1061/855 889/1047/843
f 901/1061/855 902/1075/856 890/1062/844
f 890/1062/844 902/1075/856 903/1063/857
f 903/1063/857 904/1064/858 892/1050/846
f 904/1064/858 893/1051/847 881/1039/835
f 893/1051/847 905/1079/859 906/1065/860
f 906/1065/860 907/1081/861 895/1054/849
f 895/1054/849 907/1081/861 908/1066/862
f 908/1066/862 909/1068/863 897/1056/851
f 909/1068/863 910/1084/864 898/1069/852
f 898/1069/852 910/1084/864 911/1070/865
f 911/1071/865 912/1073/866 900/1060/854
f 912/1073/866 913/1074/867 901/1061/855
f 913/1074/867 914/1089/868 902/1075/856
f 902/1075/856 914/1089/868 915/1076/869
f 903/1063/857 915/1076/869 916/1077/870
f 916/1077/870 905/1079/859 893/1051/847
f 917/1078/871 918/1080/872 906/1065/860
f 918/1080/872 919/1095/873 907/1081/861
f 907/1081/861 919/1095/873 920/1082/874
f 920/1082/874 921/1083/875 909/1068/863
f 921/1083/875 922/1098/876 910/1084/864
f 910/1084/864 922/1098/876 923/1085/877
f 923/1086/877 924/1087/878 912/1073/866
f 924/1087/878 925/1088/879 913/1074/867
f 925/1088/879 926/1090/880 914/1089/868
f 926/1090/880 927/1091/881 915/1076/869
f 927/1091/881 928/1092/882 916/1077/870
f 928/1092/882 917/1078/871 905/1079/859
f 917/1078/871 929/1104/883 930/1093/884
f 918/1080/872 930/1093/884 931/1094/885
f 931/1094/885 932/1096/886 920/1082/874
f 932/1096/886 933/1097/887 921/1083/875
f 933/1097/887 934/1099/888 922/1098/876
f 934/1099/888 935/1111/889 923/1085/877
f 923/1086/877 935/1113/889 936/1100/890
f 924/1087/878 936/1100/890 937/1101/891
f 937/1101/891 938/1102/892 926/1090/880
f 938/1102/892 939/1103/893 927/1091/881
f 939/1103/893 940/1118/894 928/1092/882
f 928/1092/882 940/1118/894 929/1104/883
f 941/1105/613 942/1106/895 930/1093/884
f 942/1106/895 943/1107/896 931/1094/885
f 943/1107/896 944/1108/897 932/1096/886
f 944/1108/897 945/1109/898 933/1097/887
f 945/1109/898 946/1432/899 934/1099/888
f 934/1099/888 946/1432/899 947/1110/607
f 947/1112/607 948/1114/900 936/1100/890
f 948/1114/900 949/1115/901 937/1101/891
f 949/1115/901 950/1116/902 938/1102/892
f 950/1116/902 951/1117/903 939/1103/893
f 951/1117/903 952/1119/904 940/1118/894
f 952/1119/904 941/1105/613 929/1104/883
f 941/1120/613 953/1143/625 954/1121/905
f 942/1122/895 954/1121/905 955/1123/906
f 955/1123/906 956/1126/907 944/1125/897
f 956/1126/907 957/1128/908 945/1127/898
f 957/1128/908 958/1148/909 946/1129/899
f 946/1129/899 958/1148/909 959/1130/619
f 959/1132/619 960/1135/910 948/1133/900
f 960/1135/910 961/1137/911 949/1136/901
f 961/1137/911 962/1153/912 950/1138/902
f 950/1138/902 962/1153/912 963/1139/913
f 951/1140/903 963/1139/913 964/1141/914
f 964/1141/914 953/1143/625 941/1120/613
f 953/1143/625 965/1157/637 966/1144/915
f 966/1144/915 967/1145/916 955/1123/906
f 967/1145/916 968/1146/917 956/1126/907
f 968/1146/917 969/1147/918 957/1128/908
f 969/1147/918 970/1161/919 958/1148/909
f 958/1148/909 970/1161/919 971/1149/631
f 971/1150/631 972/1151/920 960/1135/910
f 972/1151/920 973/1165/921 961/1137/911
f 961/1137/911 973/1165/921 974/1152/922
f 974/1152/922 975/1154/923 963/1139/913
f 975/1154/923 976/1155/924 964/1141/914
f 976/1155/924 965/1157/637 953/1143/625
f 977/1156/649 978/1169/925 966/1144/915
f 966/1144/915 978/1169/925 979/1158/926
f 979/1158/926 980/1159/927 968/1146/917
f 980/1159/927 981/1160/928 969/1147/918
f 981/1160/928 982/1174/929 970/1161/919
f 970/1161/919 982/1174/929 983/1162/643
f 983/1163/643 984/1177/930 972/1151/920
f 972/1151/920 984/1177/930 985/1164/931
f 985/1164/931 986/1166/932 974/1152/922
f 986/1166/932 987/1167/933 975/1154/923
f 987/1167/933 988/1182/934 976/1155/924
f 976/1155/924 988/1182/934 977/1156/649
f 989/1168/661 990/1170/935 978/1169/925
f 990/1170/935 991/1171/936 979/1158/926
f 991/1171/936 992/1172/937 980/1159/927
f 992/1172/937 993/1187/938 981/1160/928
f 981/1160/928 993/1187/938 994/1173/939
f 982/1174/929 994/1173/939 995/1175/655
f 995/1176/655 996/1178/940 984/1177/930
f 996/1178/940 997/1179/941 985/1164/931
f 997/1179/941 998/1180/942 986/1166/932
f 998/1180/942 999/1181/943 987/1167/933
f 999/1181/943 1000/1183/944 988/1182/934
f 1000/1183/944 989/1168/661 977/1156/649
f 1001/1184/673 1002/1185/945 990/1170/935
f 1002/1185/945 1003/1197/946 991/1171/936
f 991/1171/936 1003/1197/946 1004/1186/947
f 1004/1186/947 1005/1188/948 993/1187/938
f 1005/1188/948 1006/1200/949 994/1173/939
f 994/1173/939 1006/1200/949 1007/1189/667
f 1007/1190/667 1008/1202/950 996/1178/940
f 996/1178/940 1008/1202/950 1009/1191/951
f 997/1179/941 1009/1191/951 1010/1192/952
f 1010/1192/952 1011/1193/953 999/1181/943
f 1011/1193/953 1012/1194/954 1000/1183/944
f 1012/1194/954 1001/1184/673 989/1168/661
f 1013/1195/685 1014/1196/955 1002/1185/945
f 1014/1196/955 1015/1207/956 1003/1197/946
f 1003/1197/946 1015/1207/956 1016/1198/957
f 1016/1198/957 1017/1210/958 1005/1188/948
f 1005/1188/948 1017/1210/958 1018/1199/959
f 1018/1199/959 1019/1212/679 1007/1189/667
f 1019/1201/679 1020/1203/960 1008/1202/950
f 1020/1203/960 1021/1215/961 1009/1191/951
f 1009/1191/951 1021/1215/961 1022/1204/962
f 1022/1204/962 1023/1218/963 1011/1193/953
f 1011/1193/953 1023/1218/963 1024/1205/964
f 1024/1205/964 1013/1195/685 1001/1184/673
f 1013/1195/685 1025/1220/697 1026/1206/965
f 1026/1206/965 1027/1223/966 1015/1207/956
f 1015/1207/956 1027/1223/966 1028/1208/967
f 1016/1198/957 1028/1208/967 1029/1209/968
f 1029/1209/968 1030/1226/969 1018/1199/959
f 1018/1199/959 1030/1226/969 1031/1211/691
f 1031/1213/691 1032/1214/970 1020/1203/960
f 1032/1214/970 1033/1216/971 1021/1215/961
f 1033/1216/971 1034/1217/972 1022/1204/962
f 1034/1217/972 1035/1231/973 1023/1218/963
f 1023/1218/963 1035/1231/973 1036/1219/974
f 1036/1219/974 1025/1220/697 1013/1195/685
f 1025/1220/697 1037/1235/709 1038/1221/975
f 1026/1206/965 1038/1221/975 1039/1222/976
f 1039/1222/976 1040/1224/977 1028/1208/967
f 1040/1224/977 1041/1225/978 1029/1209/968
f 1041/1225/978 1042/1227/979 1030/1226/969
f 1042/1227/979 1043/1240/703 1031/1211/691
f 1031/1213/691 1043/1242/703 1044/1228/980
f 1032/1214/970 1044/1228/980 1045/1229/981
f 1045/1229/981 1046/1230/982 1034/1217/972
f 1046/1230/982 1047/1232/983 1035/1231/973
f 1047/1232/983 1048/1233/984 1036/1219/974
f 1048/1233/984 1037/1235/709 1025/1220/697
f 1049/1234/721 1050/1246/985 1038/1221/975
f 1038/1221/975 1050/1246/985 1051/1236/986
f 1039/1222/976 1051/1236/986 1052/1237/987
f 1052/1237/987 1053/1238/988 1041/1225/978
f 1053/1238/988 1054/1251/989 1042/1227/979
f 1042/1227/979 1054/1251/989 1055/1239/715
f 1055/1241/715 1056/1253/990 1044/1228/980
f 1044/1228/980 1056/1253/990 1057/1243/991
f 1057/1243/991 1058/1256/992 1046/1230/982
f 1046/1230/982 1058/1256/992 1059/1244/993
f 1059/1244/993 1060/1259/994 1048/1233/984
f 1048/1233/984 1060/1259/994 1049/1234/721
f 1061/1245/733 1062/1247/995 1050/1246/985
f 1062/1247/995 1063/1248/996 1051/1236/986
f 1063/1248/996 1064/1249/997 1052/1237/987
f 1064/1249/997 1065/1263/998 1053/1238/988
f 1053/1238/988 1065/1263/998 1066/1250/999
f 1066/1250/999 1067/1266/727 1055/1239/715
f 1067/1252/727 1068/1254/1000 1056/1253/990
f 1068/1254/1000 1069/1255/1001 1057/1243/991
f 1069/1255/1001 1070/1270/1002 1058/1256/992
f 1058/1256/992 1070/1270/1002 1071/1257/1003
f 1059/1244/993 1071/1257/1003 1072/1258/1004
f 1060/1259/994 1072/1258/1004 1061/1245/733
f 1073/1260/745 1074/1261/1005 1062/1247/995
f 1074/1261/1005 1075/1273/1006 1063/1248/996
f 1063/1248/996 1075/1273/1006 1076/1262/1007
f 1076/1262/1007 1077/1264/1008 1065/1263/998
f 1077/1264/1008 1078/1265/1009 1066/1250/999
f 1078/1265/1009 1079/1278/739 1067/1266/727
f 1067/1252/727 1079/1279/739 1080/1267/1010
f 1068/1254/1000 1080/1267/1010 1081/1268/1011
f 1069/1255/1001 1081/1268/1011 1082/1269/1012
f 1082/1269/1012 1083/1271/1013 1071/1257/1003
f 1083/1271/1013 1084/1284/1014 1072/1258/1004
f 1072/1258/1004 1084/1284/1014 1073/1260/745
f 1073/1260/745 1085/1287/757 1086/1272/1015
f 1086/1272/1015 1087/1274/1016 1075/1273/1006
f 1087/1274/1016 1088/1275/1017 1076/1262/1007
f 1088/1275/1017 1089/1276/1018 1077/1264/1008
f 1089/1276/1018 1090/1292/1019 1078/1265/1009
f 1078/1265/1009 1090/1292/1019 1091/1277/751
f 1079/1279/739 1091/1295/751 1092/1280/1020
f 1092/1280/1020 1093/1281/1021 1081/1268/1011
f 1093/1281/1021 1094/1282/1022 1082/1269/1012
f 1094/1282/1022 1095/1283/1023 1083/1271/1013
f 1095/1283/1023 1096/1285/1024 1084/1284/1014
f 1096/1285/1024 1085/1287/757 1073/1260/745
f 1097/1286/769 1098/1288/1025 1086/1272/1015
f 1098/1288/1025 1099/1289/1026 1087/1274/1016
f 1099/1289/1026 1100/1290/1027 1088/1275/1017
f 1100/1290/1027 1101/1291/1028 1089/1276/1018
f 1101/1291/1028 1102/1293/1029 1090/1292/1019
f 1102/1293/1029 1103/1306/763 1091/1277/751
f 1103/1294/763 1104/1296/1030 1092/1280/1020
f 1104/1296/1030 1105/1297/1031 1093/1281/1021
f 1105/1297/1031 1106/1298/1032 1094/1282/1022
f 1106/1298/1032 1107/1310/1033 1095/1283/1023
f 1095/1283/1023 1107/1310/1033 1108/1299/1034
f 1108/1299/1034 1097/1286/769 1085/1287/757
f 1109/1300/1035 1110/1301/1036 1098/1288/1025
f 1110/1301/1036 1111/1302/1037 1099/1289/1026
f 1111/1302/1037 1112/1303/1038 1100/1290/1027
f 1112/1303/1038 1113/1304/1039 1101/1291/1028
f 1113/1304/1039 1114/1305/1040 1102/1293/1029
f 1114/1305/1040 1115/1317/1041 1103/1306/763
f 1103/1294/763 1115/1319/1041 1116/1307/1042
f 1116/1307/1042 1117/1321/1043 1105/1297/1031
f 1105/1297/1031 1117/1321/1043 1118/1308/1044
f 1106/1298/1032 1118/1308/1044 1119/1309/1045
f 1107/1310/1033 1119/1309/1045 1120/1311/1046
f 1108/1299/1034 1120/1311/1046 1109/1300/1035
f 1121/1312/793 1122/1313/1047 1110/1301/1036
f 1122/1313/1047 1123/1328/1048 1111/1302/1037
f 1111/1302/1037 1123/1328/1048 1124/1314/1049
f 1124/1314/1049 1125/1315/1050 1113/1304/1039
f 1125/1315/1050 1126/1316/1051 1114/1305/1040
f 1126/1316/1051 1127/1332/787 1115/1317/1041
f 1127/1318/787 1128/1320/1052 1116/1307/1042
f 1128/1320/1052 1129/1322/1053 1117/1321/1043
f 1129/1322/1053 1130/1323/1054 1118/1308/1044
f 1130/1323/1054 1131/1324/1055 1119/1309/1045
f 1131/1324/1055 1132/1325/1056 1120/1311/1046
f 1132/1325/1056 1121/1312/793 1109/1300/1035
f 1133/1326/805 1134/1337/1057 1122/1313/1047
f 1122/1313/1047 1134/1337/1057 1135/1327/1058
f 1123/1328/1048 1135/1327/1058 1136/1329/1059
f 1136/1329/1059 1137/1330/1060 1125/1315/1050
f 1137/1330/1060 1138/1331/1061 1126/1316/1051
f 1138/1331/1061 1139/1343/799 1127/1332/787
f 1127/1318/787 1139/1345/799 1140/1333/1062
f 1140/1333/1062 1141/1347/1063 1129/1322/1053
f 1129/1322/1053 1141/1347/1063 1142/1334/1064
f 1142/1334/1064 1143/1335/1065 1131/1324/1055
f 1143/1335/1065 1144/1351/1066 1132/1325/1056
f 1132/1325/1056 1144/1351/1066 1133/1326/805
f 1145/1336/817 1146/1338/1067 1134/1337/1057
f 1146/1338/1067 1147/1339/1068 1135/1327/1058
f 1147/1339/1068 1148/1340/1069 1136/1329/1059
f 1148/1340/1069 1149/1341/1070 1137/1330/1060
f 1149/1341/1070 1150/1342/1071 1138/1331/1061
f 1150/1342/1071 1151/1356/811 1139/1343/799
f 1151/1344/811 1152/1346/1072 1140/1333/1062
f 1152/1346/1072 1153/1359/1073 1141/1347/1063
f 1141/1347/1063 1153/1359/1073 1154/1348/1074
f 1142/1334/1064 1154/1348/1074 1155/1349/1075
f 1143/1335/1065 1155/1349/1075 1156/1350/1076
f 1144/1351/1066 1156/1350/1076 1145/1336/817
f 1157/1352/829 1158/1364/1077 1146/1338/1067
f 1146/1338/1067 1158/1364/1077 1159/1353/1078
f 1147/1339/1068 1159/1353/1078 1160/1354/1079
f 1160/1354/1079 1161/1367/1080 1149/1341/1070
f 1149/1341/1070 1161/1367/1080 1162/1355/1081
f 1162/1355/1081 1163/1369/823 1151/1356/811
f 1163/1357/823 1164/1358/1082 1152/1346/1072
f 1164/1358/1082 1165/1372/1083 1153/1359/1073
f 1153/1359/1073 1165/1372/1083 1166/1360/1084
f 1166/1360/1084 1167/1361/1085 1155/1349/1075
f 1167/1361/1085 1168/1362/1086 1156/1350/1076
f 1168/1362/1086 1157/1352/829 1145/1336/817
f 1157/1352/829 1169/1376/841 1170/1363/1087
f 1170/1363/1087 1171/1365/1088 1159/1353/1078
f 1171/1365/1088 1172/1378/1089 1160/1354/1079
f 1160/1354/1079 1172/1378/1089 1173/1366/1090
f 1173/1366/1090 1174/1368/1091 1162/1355/1081
f 1174/1368/1091 1175/1382/835 1163/1369/823
f 1175/1370/835 1176/1384/1092 1164/1358/1082
f 1164/1358/1082 1176/1384/1092 1177/1371/1093
f 1177/1371/1093 1178/1373/1094 1166/1360/1084
f 1178/1373/1094 1179/1388/1095 1167/1361/1085
f 1167/1361/1085 1179/1388/1095 1180/1374/1096
f 1180/1374/1096 1169/1376/841 1157/1352/829
f 1181/1375/853 1182/1391/1097 1170/1363/1087
f 1170/1363/1087 1182/1391/1097 1183/1377/1098
f 1183/1377/1098 1184/1379/1099 1172/1378/1089
f 1184/1379/1099 1185/1380/1100 1173/1366/1090
f 1185/1380/1100 1186/1396/1101 1174/1368/1091
f 1174/1368/1091 1186/1396/1101 1187/1381/847
f 1187/1383/847 1188/1385/1102 1176/1384/1092
f 1188/1385/1102 1189/1386/1103 1177/1371/1093
f 1189/1386/1103 1190/1400/1104 1178/1373/1094
f 1178/1373/1094 1190/1400/1104 1191/1387/1105
f 1191/1387/1105 1192/1389/1106 1180/1374/1096
f 1192/1389/1106 1181/1375/853 1169/1376/841
f 1181/1375/853 1193/1405/865 1194/1390/1107
f 1182/1391/1097 1194/1390/1107 1195/1392/1108
f 1183/1377/1098 1195/1392/1108 1196/1393/1109
f 1184/1379/1099 1196/1393/1109 1197/1394/1110
f 1185/1380/1100 1197/1394/1110 1198/1395/1111
f 1198/1395/1111 1199/1411/859 1187/1381/847
f 1199/1397/859 1200/1398/1112 1188/1385/1102
f 1200/1398/1112 1201/1399/1113 1189/1386/1103
f 1201/1399/1113 1202/1401/1114 1190/1400/1104
f 1202/1401/1114 1203/1402/1115 1191/1387/1105
f 1203/1402/1115 1204/1403/1116 1192/1389/1106
f 1204/1403/1116 1193/1405/865 1181/1375/853
f 1205/1404/877 1206/1406/1117 1194/1390/1107
f 1206/1406/1117 1207/1407/1118 1195/1392/1108
f 1207/1407/1118 1208/1408/1119 1196/1393/1109
f 1208/1408/1119 1209/1409/1120 1197/1394/1110
f 1209/1409/1120 1210/1410/1121 1198/1395/1111
f 1210/1410/1121 1211/1422/871 1199/1411/859
f 1211/1412/871 1212/1413/1122 1200/1398/1112
f 1212/1413/1122 1213/1425/1123 1201/1399/1113
f 1201/1399/1113 1213/1425/1123 1214/1414/1124
f 1214/1414/1124 1215/1415/1125 1203/1402/1115
f 1215/1415/1125 1216/1416/1126 1204/1403/1116
f 1216/1416/1126 1205/1404/877 1193/1405/865
f 1205/1404/877 1217/1430/889 1218/1417/1127
f 1206/1406/1117 1218/1417/1127 1219/1418/1128
f 1207/1407/1118 1219/1418/1128 1220/1419/1129
f 1220/1419/1129 1221/1431/1130 1209/1409/1120
f 1209/1409/1120 1221/1431/1130 1222/1420/1131
f 1210/1410/1121 1222/1420/1131 1223/1421/883
f 1223/1423/883 1224/1424/1132 1212/1413/1122
f 1224/1424/1132 1225/1426/1133 1213/1425/1123
f 1225/1426/1133 1226/1427/1134 1214/1414/1124
f 1226/1427/1134 1227/1428/1135 1215/1415/1125
f 1227/1428/1135 1228/1429/1136 1216/1416/1126
f 1228/1429/1136 1217/1430/889 1205/1404/877
f 653/796/607 654/798/608 1218/1417/1127
f 654/798/608 655/799/609 1219/1418/1128
f 655/799/609 656/801/610 1220/1419/1129
f 656/801/610 657/802/611 1221/1431/1130
f 657/802/611 658/804/612 1222/1420/1131
f 1222/1420/1131 658/804/612 659/806/613
f 1223/1423/883 659/807/613 660/809/614
f 660/809/614 661/811/615 1225/1426/1133
f 661/811/615 662/812/616 1226/1427/1134
f 1226/1427/1134 662/812/616 663/814/617
f 663/814/617 664/816/618 1228/1429/1136
f 664/816/618 653/796/607 1217/1430/889
o Torus.002
v -0.720000 0.000000 2.800000
v -0.706603 0.000000 2.850000
v -0.670000 0.000000 2.886602
v -0.620000 0.000000 2.900000
v -0.570000 0.000000 2.886602
v -0.533397 0.000000 2.850000
v -0.520000 0.000000 2.800000
v -0.533397 0.000000 2.750000
v -0.570000 0.000000 2.713398
v -0.620000 0.000000 2.700000
v -0.670000 0.000000 2.713398
v -0.706603 0.000000 2.750000
v -0.713840 -0.073303 2.800000
v -0.700558 -0.071939 2.850000
v -0.664268 -0.068213 2.886602
v -0.614696 -0.063122 2.900000
v -0.565124 -0.058032 2.886602
v -0.528834 -0.054305 2.850000
v -0.515551 -0.052941 2.800000
v -0.528834 -0.054305 2.750000
v -0.565124 -0.058032 2.713398
v -0.614696 -0.063122 2.700000
v -0.664268 -0.068213 2.713398
v -0.700558 -0.071939 2.750000
v -0.695467 -0.145353 2.800000
v -0.682526 -0.142648 2.850000
v -0.647170 -0.135259 2.886602
v -0.598874 -0.125165 2.900000
v -0.550578 -0.115071 2.886602
v -0.515222 -0.107682 2.850000
v -0.502281 -0.104977 2.800000
v -0.515222 -0.107682 2.750000
v -0.550578 -0.115071 2.713398
v -0.598874 -0.125165 2.700000
v -0.647170 -0.135259 2.713398
v -0.682526 -0.142648 2.750000
v -0.665193 -0.214915 2.800000
v -0.652816 -0.210916 2.850000
v -0.618999 -0.199990 2.886602
v -0.572805 -0.185066 2.900000
v -0.526611 -0.170141 2.886602
v -0.492795 -0.159215 2.850000
v -0.480417 -0.155216 2.800000
v -0.492795 -0.159215 2.750000
v -0.526611 -0.170141 2.713398
v -0.572805 -0.185066 2.700000
v -0.618999 -0.199990 2.713398
v -0.652816 -0.210916 2.750000
v -0.623538 -0.280800 2.800000
v -0.611936 -0.275575 2.850000
v -0.580237 -0.261300 2.886602
v -0.536936 -0.241800 2.900000
v -0.493634 -0.222300 2.886602
v -0.461936 -0.208025 2.850000
v -0.450333 -0.202800 2.800000
v -0.461936 -0.208025 2.750000
v -0.493634 -0.222300 2.713398
v -0.536936 -0.241800 2.700000
v -0.580237 -0.261300 2.713398
v -0.611936 -0.275575 2.750000
v -0.571214 -0.341880 2.800000
v -0.560586 -0.335519 2.850000
v -0.531547 -0.318139 2.886602
v -0.491879 -0.294397 2.900000
v -0.452211 -0.270655 2.886602
v -0.423173 -0.253275 2.850000
v -0.412544 -0.246914 2.800000
v -0.423173 -0.253275 2.750000
v -0.452211 -0.270655 2.713398
v -0.491879 -0.294397 2.700000
v -0.531547 -0.318139 2.713398
v -0.560586 -0.335519 2.750000
v -0.509117 -0.397111 2.800000
v -0.499643 -0.389722 2.850000
v -0.473761 -0.369534 2.886602
v -0.438406 -0.341957 2.900000
v -0.403051 -0.314380 2.886602
v -0.377169 -0.294192 2.850000
v -0.367695 -0.286803 2.800000
v -0.377169 -0.294192 2.750000
v -0.403051 -0.314380 2.713398
v -0.438406 -0.341957 2.700000
v -0.473761 -0.369534 2.713398
v -0.499643 -0.389722 2.750000
v -0.438308 -0.445547 2.800000
v -0.430152 -0.437257 2.850000
v -0.407870 -0.414606 2.886602
v -0.377432 -0.383666 2.900000
v -0.346994 -0.352725 2.886602
v -0.324712 -0.330075 2.850000
v -0.316556 -0.321784 2.800000
v -0.324712 -0.330075 2.750000
v -0.346994 -0.352725 2.713398
v -0.377432 -0.383666 2.700000
v -0.407870 -0.414606 2.713398
v -0.430152 -0.437257 2.750000
v -0.360000 -0.486360 2.800000
v -0.353301 -0.477310 2.850000
v -0.335000 -0.452585 2.886602
v -0.310000 -0.418810 2.900000
v -0.285000 -0.385035 2.886602
v -0.266699 -0.360310 2.850000
v -0.260000 -0.351260 2.800000
v -0.266699 -0.360310 2.750000
v -0.285000 -0.385035 2.713398
v -0.310000 -0.418810 2.700000
v -0.335000 -0.452585 2.713398
v -0.353301 -0.477310 2.750000
v -0.275532 -0.518851 2.800000
v -0.270405 -0.509196 2.850000
v -0.256398 -0.482819 2.886602
v -0.237264 -0.446788 2.900000
v -0.218130 -0.410757 2.886602
v -0.204122 -0.384380 2.850000
v -0.198996 -0.374725 2.800000
v -0.204122 -0.384380 2.750000
v -0.218130 -0.410757 2.713398
v -0.237264 -0.446788 2.700000
v -0.256398 -0.482819 2.713398
v -0.270405 -0.509196 2.750000
v -0.186350 -0.542464 2.800000
v -0.182882 -0.532370 2.850000
v -0.173409 -0.504793 2.886602
v -0.160468 -0.467122 2.900000
v -0.147527 -0.429451 2.886602
v -0.138053 -0.401873 2.850000
v -0.134586 -0.391780 2.800000
v -0.138053 -0.401873 2.750000
v -0.147527 -0.429451 2.713398
v -0.160468 -0.467122 2.700000
v -0.173409 -0.504793 2.713398
v -0.182882 -0.532370 2.750000
v -0.093979 -0.556795 2.800000
v -0.092230 -0.546435 2.850000
v -0.087452 -0.518129 2.886602
v -0.080926 -0.479463 2.900000
v -0.074400 -0.440796 2.886602
v -0.069622 -0.412491 2.850000
v -0.067874 -0.402130 2.800000
v -0.069622 -0.412491 2.750000
v -0.074400 -0.440796 2.713398
v -0.080926 -0.479463 2.700000
v -0.087452 -0.518129 2.713398
v -0.092230 -0.546435 2.750000
v -0.000000 -0.561600 2.800000
v -0.000000 -0.551150 2.850000
v -0.000000 -0.522600 2.886602
v -0.000000 -0.483600 2.900000
v -0.000000 -0.444600 2.886602
v -0.000000 -0.416050 2.850000
v -0.000000 -0.405600 2.800000
v -0.000000 -0.416050 2.750000
v -0.000000 -0.444600 2.713398
v -0.000000 -0.483600 2.700000
v -0.000000 -0.522600 2.713398
v -0.000000 -0.551150 2.750000
v 0.093979 -0.556795 2.800000
v 0.092230 -0.546435 2.850000
v 0.087453 -0.518129 2.886602
v 0.080926 -0.479463 2.900000
v 0.074400 -0.440796 2.886602
v 0.069622 -0.412491 2.850000
v 0.067874 -0.402130 2.800000
v 0.069622 -0.412491 2.750000
v 0.074400 -0.440796 2.713398
v 0.080926 -0.479463 2.700000
v 0.087453 -0.518129 2.713398
v 0.092230 -0.546435 2.750000
v 0.186350 -0.542464 2.800000
v 0.182882 -0.532370 2.850000
v 0.173409 -0.504793 2.886602
v 0.160468 -0.467122 2.900000
v 0.147527 -0.429451 2.886602
v 0.138053 -0.401873 2.850000
v 0.134586 -0.391780 2.800000
v 0.138053 -0.401873 2.750000
v 0.147527 -0.429451 2.713398
v 0.160468 -0.467122 2.700000
v 0.173409 -0.504793 2.713398
v 0.182882 -0.532370 2.750000
v 0.275532 -0.518851 2.800000
v 0.270405 -0.509196 2.850000
v 0.256398 -0.482819 2.886602
v 0.237264 -0.446788 2.900000
v 0.218130 -0.410757 2.886602
v 0.204122 -0.384380 2.850000
v 0.198995 -0.374725 2.800000
v 0.204122 -0.384380 2.750000
v 0.218130 -0.410757 2.713398
v 0.237264 -0.446788 2.700000
v 0.256398 -0.482819 2.713398
v 0.270405 -0.509196 2.750000
v 0.360000 -0.486360 2.800000
v 0.353301 -0.477310 2.850000
v 0.335000 -0.452585 2.886602
v 0.310000 -0.418810 2.900000
v 0.285000 -0.385035 2.886602
v 0.266699 -0.360310 2.850000
v 0.260000 -0.351260 2.800000
v 0.266699 -0.360310 2.750000
v 0.285000 -0.385035 2.713398
v 0.310000 -0.418810 2.700000
v 0.335000 -0.452585 2.713398
v 0.353301 -0.477310 2.750000
v 0.438308 -0.445547 2.800000
v 0.430152 -0.437257 2.850000
v 0.407870 -0.414606 2.886602
v 0.377432 -0.383666 2.900000
v 0.346994 -0.352725 2.886602
v 0.324712 -0.330075 2.850000
v 0.316556 -0.321784 2.800000
v 0.324712 -0.330075 2.750000
v 0.346994 -0.352725 2.713398
v 0.377432 -0.383666 2.700000
v 0.407870 -0.414606 2.713398
v 0.430152 -0.437257 2.750000
v 0.509117 -0.397111 2.800000
v 0.499644 -0.389722 2.850000
v 0.473762 -0.369534 2.886602
v 0.438406 -0.341957 2.900000
v 0.403051 -0.314380 2.886602
v 0.377169 -0.294192 2.850000
v 0.367696 -0.286802 2.800000
v 0.377169 -0.294192 2.750000
v 0.403051 -0.314380 2.713398
v 0.438406 -0.341957 2.700000
v 0.473762 -0.369534 2.713398
v 0.499644 -0.389722 2.750000
v 0.571214 -0.341880 2.800000
v 0.560585 -0.335519 2.850000
v 0.531547 -0.318139 2.886602
v 0.491879 -0.294397 2.900000
v 0.452211 -0.270655 2.886602
v 0.423173 -0.253275 2.850000
v 0.412544 -0.246914 2.800000
v 0.423173 -0.253275 2.750000
v 0.452211 -0.270655 2.713398
v 0.491879 -0.294397 2.700000
v 0.531547 -0.318139 2.713398
v 0.560585 -0.335519 2.750000
v 0.623538 -0.280800 2.800000
v 0.611936 -0.275575 2.850000
v 0.580237 -0.261300 2.886602
v 0.536936 -0.241800 2.900000
v 0.493634 -0.222300 2.886602
v 0.461936 -0.208025 2.850000
v 0.450333 -0.202800 2.800000
v 0.461936 -0.208025 2.750000
v 0.493634 -0.222300 2.713398
v 0.536936 -0.241800 2.700000
v 0.580237 -0.261300 2.713398
v 0.611936 -0.275575 2.750000
v 0.665193 -0.214915 2.800000
v 0.652816 -0.210916 2.850000
v 0.618999 -0.199990 2.886602
v 0.572805 -0.185066 2.900000
v 0.526611 -0.170141 2.886602
v 0.492795 -0.159215 2.850000
v 0.480417 -0.155216 2.800000
v 0.492795 -0.159215 2.750000
v 0.526611 -0.170141 2.713398
v 0.572805 -0.185066 2.700000
v 0.618999 -0.199990 2.713398
v 0.652816 -0.210916 2.750000
v 0.695467 -0.145353 2.800000
v 0.682526 -0.142648 2.850000
v 0.647170 -0.135259 2.886602
v 0.598874 -0.125165 2.900000
v 0.550578 -0.115071 2.886602
v 0.515222 -0.107682 2.850000
v 0.502281 -0.104977 2.800000
v 0.515222 -0.107682 2.750000
v 0.550578 -0.115071 2.713398
v 0.598874 -0.125165 2.700000
v 0.647170 -0.135259 2.713398
v 0.682526 -0.142648 2.750000
v 0.713840 -0.073304 2.800000
v 0.700557 -0.071940 2.850000
v 0.664268 -0.068213 2.886602
v 0.614696 -0.063123 2.900000
v 0.565124 -0.058032 2.886602
v 0.528834 -0.054305 2.850000
v 0.515551 -0.052941 2.800000
v 0.528834 -0.054305 2.750000
v 0.565124 -0.058032 2.713398
v 0.614696 -0.063123 2.700000
v 0.664268 -0.068213 2.713398
v 0.700557 -0.071940 2.750000
v 0.720000 -0.000000 2.800000
v 0.706603 -0.000000 2.850000
v 0.670000 -0.000000 2.886602
v 0.620000 -0.000000 2.900000
v 0.570000 -0.000000 2.886602
v 0.533397 -0.000000 2.850000
v 0.520000 -0.000000 2.800000
v 0.533397 -0.000000 2.750000
v 0.570000 -0.000000 2.713398
v 0.620000 -0.000000 2.700000
v 0.670000 -0.000000 2.713398
v 0.706603 -0.000000 2.750000
v 0.713840 0.073304 2.800000
v 0.700557 0.071940 2.850000
v 0.664268 0.068213 2.886602
v 0.614696 0.063123 2.900000
v 0.565124 0.058032 2.886602
v 0.528834 0.054305 2.850000
v 0.515551 0.052941 2.800000
v 0.528834 0.054305 2.750000
v 0.565124 0.058032 2.713398
v 0.614696 0.063123 2.700000
v 0.664268 0.068213 2.713398
v 0.700557 0.071940 2.750000
v 0.695467 0.145353 2.800000
v 0.682526 0.142648 2.850000
v 0.647170 0.135259 2.886602
v 0.598874 0.125165 2.900000
v 0.550578 0.115071 2.886602
v 0.515222 0.107682 2.850000
v 0.502281 0.104977 2.800000
v 0.515222 0.107682 2.750000
v 0.550578 0.115071 2.713398
v 0.598874 0.125165 2.700000
v 0.647170 0.135259 2.713398
v 0.682526 0.142648 2.750000
v 0.665193 0.214915 2.800000
v 0.652816 0.210916 2.850000
v 0.618999 0.199990 2.886602
v 0.572805 0.185066 2.900000
v 0.526611 0.170141 2.886602
v 0.492795 0.159215 2.850000
v 0.480417 0.155216 2.800000
v 0.492795 0.159215 2.750000
v 0.526611 0.170141 2.713398
v 0.572805 0.185066 2.700000
v 0.618999 0.199990 2.713398
v 0.652816 0.210916 2.750000
v 0.623538 0.280800 2.800000
v 0.611936 0.275575 2.850000
v 0.580237 0.261300 2.886602
v 0.536936 0.241800 2.900000
v 0.493635 0.222300 2.886602
v 0.461936 0.208025 2.850000
v 0.450333 0.202800 2.800000
v 0.461936 0.208025 2.750000
v 0.493635 0.222300 2.713398
v 0.536936 0.241800 2.700000
v 0.580237 0.261300 2.713398
v 0.611936 0.275575 2.750000
v 0.571214 0.341880 2.800000
v 0.560585 0.335519 2.850000
v 0.531547 0.318139 2.886602
v 0.491879 0.294397 2.900000
v 0.452211 0.270655 2.886602
v 0.423173 0.253275 2.850000
v 0.412544 0.246914 2.800000
v 0.423173 0.253275 2.750000
v 0.452211 0.270655 2.713398
v 0.491879 0.294397 2.700000
v 0.531547 0.318139 2.713398
v 0.560585 0.335519 2.750000
v 0.509117 0.397111 2.800000
v 0.499644 0.389722 2.850000
v 0.473762 0.369534 2.886602
v 0.438406 0.341957 2.900000
v 0.403051 0.314380 2.886602
v 0.377169 0.294192 2.850000
v 0.367696 0.286802 2.800000
v 0.377169 0.294192 2.750000
v 0.403051 0.314380 2.713398
v 0.438406 0.341957 2.700000
v 0.473762 0.369534 2.713398
v 0.499644 0.389722 2.750000
v 0.438309 0.445547 2.800000
v 0.430153 0.437256 2.850000
v 0.407870 0.414606 2.886602
v 0.377432 0.383666 2.900000
v 0.346994 0.352725 2.886602
v 0.324712 0.330075 2.850000
v 0.316556 0.321784 2.800000
v 0.324712 0.330075 2.750000
v 0.346994 0.352725 2.713398
v 0.377432 0.383666 2.700000
v 0.407870 0.414606 2.713398
v 0.430153 0.437256 2.750000
v 0.360000 0.486360 2.800000
v 0.353301 0.477310 2.850000
v 0.335000 0.452585 2.886602
v 0.310000 0.418810 2.900000
v 0.285000 0.385035 2.886602
v 0.266699 0.360310 2.850000
v 0.260000 0.351260 2.800000
v 0.266699 0.360310 2.750000
v 0.285000 0.385035 2.713398
v 0.310000 0.418810 2.700000
v 0.335000 0.452585 2.713398
v 0.353301 0.477310 2.750000
v 0.275532 0.518851 2.800000
v 0.270405 0.509196 2.850000
v 0.256398 0.482819 2.886602
v 0.237264 0.446788 2.900000
v 0.218130 0.410757 2.886602
v 0.204122 0.384380 2.850000
v 0.198995 0.374725 2.800000
v 0.204122 0.384380 2.750000
v 0.218130 0.410757 2.713398
v 0.237264 0.446788 2.700000
v 0.256398 0.482819 2.713398
v 0.270405 0.509196 2.750000
v 0.186350 0.542464 2.800000
v 0.182882 0.532370 2.850000
v 0.173409 0.504793 2.886602
v 0.160468 0.467122 2.900000
v 0.147527 0.429451 2.886602
v 0.138054 0.401873 2.850000
v 0.134586 0.391779 2.800000
v 0.138054 0.401873 2.750000
v 0.147527 0.429451 2.713398
v 0.160468 0.467122 2.700000
v 0.173409 0.504793 2.713398
v 0.182882 0.532370 2.750000
v 0.093979 0.556795 2.800000
v 0.092231 0.546435 2.850000
v 0.087453 0.518129 2.886602
v 0.080927 0.479463 2.900000
v 0.074400 0.440796 2.886602
v 0.069623 0.412491 2.850000
v 0.067874 0.402130 2.800000
v 0.069623 0.412491 2.750000
v 0.074400 0.440796 2.713398
v 0.080927 0.479463 2.700000
v 0.087453 0.518129 2.713398
v 0.092231 0.546435 2.750000
v -0.000000 0.561600 2.800000
v -0.000000 0.551150 2.850000
v -0.000000 0.522600 2.886602
v -0.000000 0.483600 2.900000
v -0.000000 0.444600 2.886602
v -0.000000 0.416050 2.850000
v -0.000000 0.405600 2.800000
v -0.000000 0.416050 2.750000
v -0.000000 0.444600 2.713398
v -0.000000 0.483600 2.700000
v -0.000000 0.522600 2.713398
v -0.000000 0.551150 2.750000
v -0.093979 0.556795 2.800000
v -0.092230 0.546435 2.850000
v -0.087452 0.518129 2.886602
v -0.080926 0.479463 2.900000
v -0.074400 0.440796 2.886602
v -0.069622 0.412491 2.850000
v -0.067874 0.402130 2.800000
v -0.069622 0.412491 2.750000
v -0.074400 0.440796 2.713398
v -0.080926 0.479463 2.700000
v -0.087452 0.518129 2.713398
v -0.092230 0.546435 2.750000
v -0.186349 0.542464 2.800000
v -0.182882 0.532370 2.850000
v -0.173408 0.504793 2.886602
v -0.160468 0.467122 2.900000
v -0.147527 0.429451 2.886602
v -0.138053 0.401873 2.850000
v -0.134586 0.391780 2.800000
v -0.138053 0.401873 2.750000
v -0.147527 0.429451 2.713398
v -0.160468 0.467122 2.700000
v -0.173408 0.504793 2.713398
v -0.182882 0.532370 2.750000
v -0.275532 0.518851 2.800000
v -0.270405 0.509196 2.850000
v -0.256398 0.482819 2.886602
v -0.237264 0.446788 2.900000
v -0.218130 0.410757 2.886602
v -0.204122 0.384380 2.850000
v -0.198996 0.374725 2.800000
v -0.204122 0.384380 2.750000
v -0.218130 0.410757 2.713398
v -0.237264 0.446788 2.700000
v -0.256398 0.482819 2.713398
v -0.270405 0.509196 2.750000
v -0.360000 0.486360 2.800000
v -0.353301 0.477310 2.850000
v -0.335000 0.452585 2.886602
v -0.310000 0.418810 2.900000
v -0.285000 0.385035 2.886602
v -0.266699 0.360310 2.850000
v -0.260000 0.351260 2.800000
v -0.266699 0.360310 2.750000
v -0.285000 0.385035 2.713398
v -0.310000 0.418810 2.700000
v -0.335000 0.452585 2.713398
v -0.353301 0.477310 2.750000
v -0.438308 0.445547 2.800000
v -0.430152 0.437257 2.850000
v -0.407870 0.414607 2.886602
v -0.377432 0.383666 2.900000
v -0.346994 0.352725 2.886602
v -0.324712 0.330075 2.850000
v -0.316556 0.321784 2.800000
v -0.324712 0.330075 2.750000
v -0.346994 0.352725 2.713398
v -0.377432 0.383666 2.700000
v -0.407870 0.414607 2.713398
v -0.430152 0.437257 2.750000
v -0.509117 0.397111 2.800000
v -0.499643 0.389722 2.850000
v -0.473761 0.369534 2.886602
v -0.438406 0.341957 2.900000
v -0.403051 0.314380 2.886602
v -0.377169 0.294192 2.850000
v -0.367695 0.286803 2.800000
v -0.377169 0.294192 2.750000
v -0.403051 0.314380 2.713398
v -0.438406 0.341957 2.700000
v -0.473761 0.369534 2.713398
v -0.499643 0.389722 2.750000
v -0.571214 0.341880 2.800000
v -0.560586 0.335519 2.850000
v -0.531547 0.318139 2.886602
v -0.491879 0.294397 2.900000
v -0.452211 0.270655 2.886602
v -0.423173 0.253275 2.850000
v -0.412544 0.246914 2.800000
v -0.423173 0.253275 2.750000
v -0.452211 0.270655 2.713398
v -0.491879 0.294397 2.700000
v -0.531547 0.318139 2.713398
v -0.560586 0.335519 2.750000
v -0.623538 0.280800 2.800000
v -0.611936 0.275575 2.850000
v -0.580237 0.261300 2.886602
v -0.536936 0.241800 2.900000
v -0.493634 0.222300 2.886602
v -0.461936 0.208025 2.850000
v -0.450333 0.202800 2.800000
v -0.461936 0.208025 2.750000
v -0.493634 0.222300 2.713398
v -0.536936 0.241800 2.700000
v -0.580237 0.261300 2.713398
v -0.611936 0.275575 2.750000
v -0.665193 0.214915 2.800000
v -0.652816 0.210916 2.850000
v -0.618999 0.199991 2.886602
v -0.572805 0.185066 2.900000
v -0.526611 0.170141 2.886602
v -0.492795 0.159216 2.850000
v -0.480417 0.155217 2.800000
v -0.492795 0.159216 2.750000
v -0.526611 0.170141 2.713398
v -0.572805 0.185066 2.700000
v -0.618999 0.199991 2.713398
v -0.652816 0.210916 2.750000
v -0.695467 0.145353 2.800000
v -0.682526 0.142648 2.850000
v -0.647170 0.135259 2.886602
v -0.598874 0.125165 2.900000
v -0.550578 0.115071 2.886602
v -0.515222 0.107682 2.850000
v -0.502281 0.104977 2.800000
v -0.515222 0.107682 2.750000
v -0.550578 0.115071 2.713398
v -0.598874 0.125165 2.700000
v -0.647170 0.135259 2.713398
v -0.682526 0.142648 2.750000
v -0.713840 0.073303 2.800000
v -0.700558 0.071939 2.850000
v -0.664268 0.068213 2.886602
v -0.614696 0.063122 2.900000
v -0.565124 0.058032 2.886602
v -0.528834 0.054305 2.850000
v -0.515551 0.052941 2.800000
v -0.528834 0.054305 2.750000
v -0.565124 0.058032 2.713398
v -0.614696 0.063122 2.700000
v -0.664268 0.068213 2.713398
v -0.700558 0.071939 2.750000
vn -1.0000 -0.0000 -0.0000
vn -0.8687 -0.0000 0.4954
vn -0.5080 -0.0000 0.8614
vn -0.0108 -0.0000 0.9999
vn 0.4918 -0.0000 0.8707
vn 0.8633 -0.0000 0.5047
vn 1.0000 -0.0000 -0.0000
vn 0.8633 -0.0000 -0.5047
vn 0.4918 -0.0000 -0.8707
vn -0.0108 -0.0000 -0.9999
vn -0.5080 -0.0000 -0.8614
vn -0.8687 -0.0000 -0.4954
vn -0.9861 -0.1664 -0.0000
vn -0.8577 -0.1448 0.4934
vn -0.5029 -0.0849 0.8601
vn -0.0107 -0.0018 0.9999
vn 0.4870 0.0822 0.8695
vn 0.8524 0.1439 0.5027
vn 0.9861 0.1664 -0.0000
vn 0.8524 0.1439 -0.5027
vn 0.4870 0.0822 -0.8695
vn -0.0107 -0.0018 -0.9999
vn -0.5029 -0.0849 -0.8601
vn -0.8577 -0.1448 -0.4934
vn -0.9458 -0.3249 -0.0000
vn -0.8257 -0.2837 0.4875
vn -0.4880 -0.1676 0.8566
vn -0.0104 -0.0036 0.9999
vn 0.4726 0.1624 0.8662
vn 0.8208 0.2820 0.4968
vn 0.9458 0.3249 -0.0000
vn 0.8208 0.2820 -0.4968
vn 0.4726 0.1624 -0.8662
vn -0.0104 -0.0036 -0.9999
vn -0.4880 -0.1676 -0.8566
vn -0.8257 -0.2837 -0.4875
vn -0.8832 -0.4690 -0.0000
vn -0.7754 -0.4118 0.4787
vn -0.4637 -0.2463 0.8511
vn -0.0100 -0.0053 0.9999
vn 0.4493 0.2386 0.8609
vn 0.7709 0.4094 0.4879
vn 0.8832 0.4690 -0.0000
vn 0.7710 0.4094 -0.4879
vn 0.4493 0.2386 -0.8609
vn -0.0100 -0.0053 -0.9999
vn -0.4637 -0.2463 -0.8511
vn -0.7754 -0.4118 -0.4787
vn -0.8038 -0.5949 -0.0000
vn -0.7104 -0.5258 0.4678
vn -0.4311 -0.3191 0.8440
vn -0.0093 -0.0069 0.9999
vn 0.4179 0.3093 0.8542
vn 0.7065 0.5229 0.4769
vn 0.8038 0.5949 -0.0000
vn 0.7065 0.5229 -0.4769
vn 0.4179 0.3093 -0.8542
vn -0.0093 -0.0069 -0.9999
vn -0.4311 -0.3191 -0.8440
vn -0.7104 -0.5258 -0.4678
vn -0.7129 -0.7013 -0.0000
vn -0.6344 -0.6241 0.4560
vn -0.3912 -0.3848 0.8360
vn -0.0086 -0.0084 0.9999
vn 0.3794 0.3732 0.8466
vn 0.6311 0.6208 0.4651
vn 0.7129 0.7013 -0.0000
vn 0.6311 0.6208 -0.4651
vn 0.3794 0.3732 -0.8466
vn -0.0086 -0.0084 -0.9999
vn -0.3912 -0.3848 -0.8360
vn -0.6344 -0.6241 -0.4560
vn -0.6150 -0.7885 -0.0000
vn -0.5510 -0.7064 0.4444
vn -0.3452 -0.4425 0.8277
vn -0.0076 -0.0098 0.9999
vn 0.3350 0.4295 0.8387
vn 0.5482 0.7028 0.4533
vn 0.6150 0.7885 -0.0000
vn 0.5482 0.7028 -0.4533
vn 0.3350 0.4295 -0.8387
vn -0.0076 -0.0098 -0.9999
vn -0.3452 -0.4425 -0.8277
vn -0.5510 -0.7064 -0.4444
vn -0.5136 -0.8581 -0.0000
vn -0.4628 -0.7732 0.4335
vn -0.2943 -0.4916 0.8196
vn -0.0066 -0.0110 0.9999
vn 0.2857 0.4774 0.8309
vn 0.4606 0.7695 0.4423
vn 0.5136 0.8581 -0.0000
vn 0.4606 0.7695 -0.4423
vn 0.2857 0.4774 -0.8309
vn -0.0066 -0.0110 -0.9999
vn -0.2942 -0.4916 -0.8196
vn -0.4628 -0.7732 -0.4335
vn -0.4106 -0.9118 -0.0000
vn -0.3719 -0.8257 0.4241
vn -0.2395 -0.5319 0.8123
vn -0.0054 -0.0120 0.9999
vn 0.2327 0.5167 0.8239
vn 0.3702 0.8220 0.4328
vn 0.4106 0.9118 -0.0000
vn 0.3702 0.8220 -0.4328
vn 0.2327 0.5167 -0.8239
vn -0.0054 -0.0120 -0.9999
vn -0.2395 -0.5319 -0.8123
vn -0.3719 -0.8257 -0.4241
vn -0.3074 -0.9516 -0.0000
vn -0.2795 -0.8651 0.4165
vn -0.1819 -0.5631 0.8061
vn -0.0041 -0.0128 0.9999
vn 0.1768 0.5473 0.8180
vn 0.2783 0.8613 0.4251
vn 0.3074 0.9516 -0.0000
vn 0.2783 0.8613 -0.4251
vn 0.1768 0.5473 -0.8180
vn -0.0041 -0.0128 -0.9999
vn -0.1819 -0.5631 -0.8061
vn -0.2795 -0.8651 -0.4165
vn -0.2046 -0.9788 -0.0000
vn -0.1865 -0.8924 0.4110
vn -0.1223 -0.5854 0.8015
vn -0.0028 -0.0133 0.9999
vn 0.1189 0.5691 0.8136
vn 0.1857 0.8886 0.4195
vn 0.2046 0.9788 -0.0000
vn 0.1857 0.8886 -0.4195
vn 0.1189 0.5691 -0.8136
vn -0.0028 -0.0133 -0.9999
vn -0.1223 -0.5854 -0.8015
vn -0.1865 -0.8924 -0.4110
vn -0.1022 -0.9948 -0.0000
vn -0.0933 -0.9084 0.4076
vn -0.0615 -0.5987 0.7986
vn -0.0014 -0.0137 0.9999
vn 0.0598 0.5822 0.8108
vn 0.0929 0.9046 0.4161
vn 0.1022 0.9948 -0.0000
vn 0.0929 0.9046 -0.4161
vn 0.0598 0.5822 -0.8108
vn -0.0014 -0.0137 -0.9999
vn -0.0615 -0.5987 -0.7986
vn -0.0933 -0.9084 -0.4076
vn -0.0000 -1.0000 -0.0000
vn -0.0000 -0.9137 0.4064
vn -0.0000 -0.6031 0.7977
vn -0.0000 -0.0138 0.9999
vn -0.0000 0.5865 0.8099
vn -0.0000 0.9099 0.4149
vn -0.0000 1.0000 -0.0000
vn -0.0000 0.9099 -0.4149
vn -0.0000 0.5865 -0.8099
vn -0.0000 -0.0138 -0.9999
vn -0.0000 -0.6031 -0.7977
vn -0.0000 -0.9137 -0.4064
vn 0.1022 -0.9948 -0.0000
vn 0.0933 -0.9084 0.4076
vn 0.0615 -0.5987 0.7986
vn 0.0014 -0.0137 0.9999
vn -0.0598 0.5822 0.8108
vn -0.0929 0.9046 0.4161
vn -0.1022 0.9948 -0.0000
vn -0.0929 0.9046 -0.4161
vn -0.0598 0.5822 -0.8108
vn 0.0014 -0.0137 -0.9999
vn 0.0615 -0.5987 -0.7986
vn 0.0933 -0.9084 -0.4076
vn 0.2046 -0.9789 -0.0000
vn 0.1865 -0.8924 0.4110
vn 0.1223 -0.5854 0.8015
vn 0.0028 -0.0133 0.9999
vn -0.1189 0.5691 0.8136
vn -0.1857 0.8886 0.4195
vn -0.2046 0.9789 -0.0000
vn -0.1857 0.8886 -0.4195
vn -0.1189 0.5691 -0.8136
vn 0.0028 -0.0133 -0.9999
vn 0.1223 -0.5854 -0.8015
vn 0.1865 -0.8924 -0.4110
vn 0.3074 -0.9516 -0.0000
vn 0.2795 -0.8651 0.4165
vn 0.1819 -0.5631 0.8061
vn 0.0041 -0.0128 0.9999
vn -0.1768 0.5473 0.8180
vn -0.2783 0.8613 0.4251
vn -0.3074 0.9516 -0.0000
vn -0.2783 0.8613 -0.4251
vn -0.1768 0.5473 -0.8180
vn 0.0041 -0.0128 -0.9999
vn 0.1819 -0.5631 -0.8061
vn 0.2795 -0.8651 -0.4165
vn 0.4106 -0.9118 -0.0000
vn 0.3719 -0.8257 0.4241
vn 0.2395 -0.5319 0.8122
vn 0.0054 -0.0120 0.9999
vn -0.2327 0.5167 0.8239
vn -0.3702 0.8220 0.4328
vn -0.4106 0.9118 -0.0000
vn -0.3702 0.8220 -0.4328
vn -0.2327 0.5167 -0.8239
vn 0.0054 -0.0120 -0.9999
vn 0.2395 -0.5319 -0.8122
vn 0.3719 -0.8257 -0.4241
vn 0.5136 -0.8581 -0.0000
vn 0.4628 -0.7732 0.4335
vn 0.2942 -0.4916 0.8196
vn 0.0066 -0.0110 0.9999
vn -0.2857 0.4774 0.8309
vn -0.4606 0.7695 0.4423
vn -0.5136 0.8581 -0.0000
vn -0.4606 0.7695 -0.4423
vn -0.2857 0.4774 -0.8309
vn 0.0066 -0.0110 -0.9999
vn 0.2942 -0.4916 -0.8196
vn 0.4628 -0.7732 -0.4335
vn 0.6150 -0.7885 -0.0000
vn 0.5510 -0.7064 0.4444
vn 0.3452 -0.4425 0.8277
vn 0.0076 -0.0098 0.9999
vn -0.3350 0.4295 0.8387
vn -0.5482 0.7028 0.4533
vn -0.6150 0.7885 -0.0000
vn -0.5482 0.7028 -0.4533
vn -0.3350 0.4295 -0.8387
vn 0.0076 -0.0098 -0.9999
vn 0.3452 -0.4425 -0.8277
vn 0.5510 -0.7064 -0.4444
vn 0.7129 -0.7013 -0.0000
vn 0.6344 -0.6241 0.4560
vn 0.3912 -0.3848 0.8360
vn 0.0085 -0.0084 0.9999
vn -0.3794 0.3732 0.8466
vn -0.6311 0.6208 0.4651
vn -0.7129 0.7013 -0.0000
vn -0.6311 0.6208 -0.4651
vn -0.3794 0.3732 -0.8466
vn 0.0085 -0.0084 -0.9999
vn 0.3912 -0.3848 -0.8360
vn 0.6344 -0.6241 -0.4560
vn 0.8038 -0.5949 -0.0000
vn 0.7104 -0.5258 0.4678
vn 0.4311 -0.3191 0.8440
vn 0.0093 -0.0069 0.9999
vn -0.4179 0.3093 0.8542
vn -0.7065 0.5229 0.4769
vn -0.8038 0.5949 -0.0000
vn -0.7065 0.5229 -0.4769
vn -0.4179 0.3093 -0.8542
vn 0.0093 -0.0069 -0.9999
vn 0.4311 -0.3191 -0.8440
vn 0.7104 -0.5258 -0.4678
vn 0.8832 -0.4690 -0.0000
vn 0.7754 -0.4118 0.4787
vn 0.4637 -0.2463 0.8511
vn 0.0100 -0.0053 0.9999
vn -0.4493 0.2386 0.8609
vn -0.7709 0.4094 0.4879
vn -0.8832 0.4690 -0.0000
vn -0.7709 0.4094 -0.4879
vn -0.4493 0.2386 -0.8609
vn 0.0100 -0.0053 -0.9999
vn 0.4637 -0.2463 -0.8511
vn 0.7754 -0.4118 -0.4787
vn 0.9458 -0.3249 -0.0000
vn 0.8257 -0.2837 0.4875
vn 0.4880 -0.1676 0.8566
vn 0.0104 -0.0036 0.9999
vn -0.4726 0.1624 0.8662
vn -0.8208 0.2820 0.4968
vn -0.9458 0.3249 -0.0000
vn -0.8208 0.2820 -0.4968
vn -0.4726 0.1624 -0.8662
vn 0.0104 -0.0036 -0.9999
vn 0.4880 -0.1676 -0.8566
vn 0.8257 -0.2837 -0.4875
vn 0.9861 -0.1664 -0.0000
vn 0.8577 -0.1448 0.4934
vn 0.5029 -0.0849 0.8601
vn 0.0107 -0.0018 0.9999
vn -0.4870 0.0822 0.8695
vn -0.8524 0.1439 0.5027
vn -0.9861 0.1664 -0.0000
vn -0.8524 0.1439 -0.5027
vn -0.4870 0.0822 -0.8695
vn 0.0107 -0.0018 -0.9999
vn 0.5029 -0.0849 -0.8601
vn 0.8577 -0.1448 -0.4934
vn 0.8687 -0.0000 0.4954
vn 0.5080 -0.0000 0.8614
vn 0.0108 -0.0000 0.9999
vn -0.4918 -0.0000 0.8707
vn -0.8633 -0.0000 0.5047
vn -0.8633 -0.0000 -0.5047
vn -0.4918 -0.0000 -0.8707
vn 0.0108 -0.0000 -0.9999
vn 0.5080 -0.0000 -0.8614
vn 0.8687 -0.0000 -0.4954
vn 0.8577 0.1448 0.4934
vn 0.5029 0.0849 0.8601
vn 0.0107 0.0018 0.9999
vn -0.4870 -0.0822 0.8695
vn -0.8524 -0.1439 0.5027
vn -0.8524 -0.1439 -0.5027
vn -0.4870 -0.0822 -0.8695
vn 0.0107 0.0018 -0.9999
vn 0.5029 0.0849 -0.8601
vn 0.8577 0.1448 -0.4934
vn 0.8257 0.2837 0.4875
vn 0.4880 0.1676 0.8566
vn 0.0104 0.0036 0.9999
vn -0.4726 -0.1624 0.8662
vn -0.8208 -0.2820 0.4968
vn -0.8208 -0.2820 -0.4968
vn -0.4726 -0.1624 -0.8662
vn 0.0104 0.0036 -0.9999
vn 0.4880 0.1676 -0.8566
vn 0.8257 0.2837 -0.4875
vn 0.7754 0.4118 0.4787
vn 0.4637 0.2463 0.8511
vn 0.0100 0.0053 0.9999
vn -0.4493 -0.2386 0.8609
vn -0.7710 -0.4094 0.4879
vn -0.7710 -0.4094 -0.4879
vn -0.4493 -0.2386 -0.8609
vn 0.0100 0.0053 -0.9999
vn 0.4637 0.2463 -0.8511
vn 0.7754 0.4118 -0.4787
vn 0.7104 0.5258 0.4678
vn 0.4311 0.3191 0.8440
vn 0.0093 0.0069 0.9999
vn -0.4179 -0.3093 0.8542
vn -0.7065 -0.5229 0.4769
vn -0.7065 -0.5229 -0.4769
vn -0.4179 -0.3093 -0.8542
vn 0.0093 0.0069 -0.9999
vn 0.4311 0.3191 -0.8440
vn 0.7104 0.5258 -0.4678
vn 0.6344 0.6241 0.4560
vn 0.3912 0.3848 0.8360
vn 0.0085 0.0084 0.9999
vn -0.3794 -0.3732 0.8466
vn -0.6311 -0.6208 0.4651
vn -0.6311 -0.6208 -0.4651
vn -0.3794 -0.3732 -0.8466
vn 0.0085 0.0084 -0.9999
vn 0.3912 0.3848 -0.8360
vn 0.6344 0.6241 -0.4560
vn 0.5510 0.7064 0.4444
vn 0.3452 0.4425 0.8277
vn 0.0076 0.0098 0.9999
vn -0.3350 -0.4295 0.8387
vn -0.5482 -0.7028 0.4533
vn -0.5482 -0.7028 -0.4533
vn -0.3350 -0.4295 -0.8387
vn 0.0076 0.0098 -0.9999
vn 0.3452 0.4425 -0.8277
vn 0.5510 0.7064 -0.4444
vn 0.4628 0.7732 0.4335
vn 0.2942 0.4916 0.8196
vn 0.0066 0.0110 0.9999
vn -0.2857 -0.4774 0.8309
vn -0.4606 -0.7695 0.4423
vn -0.4606 -0.7695 -0.4423
vn -0.2857 -0.4774 -0.8309
vn 0.0066 0.0110 -0.9999
vn 0.2942 0.4916 -0.8196
vn 0.4628 0.7732 -0.4335
vn 0.3719 0.8257 0.4241
vn 0.2395 0.5319 0.8122
vn 0.0054 0.0120 0.9999
vn -0.2327 -0.5167 0.8239
vn -0.3702 -0.8220 0.4328
vn -0.3702 -0.8220 -0.4328
vn -0.2327 -0.5167 -0.8239
vn 0.0054 0.0120 -0.9999
vn 0.2395 0.5319 -0.8123
vn 0.3719 0.8257 -0.4241
vn 0.2795 0.8651 0.4165
vn 0.1819 0.5631 0.8061
vn 0.0041 0.0128 0.9999
vn -0.1768 -0.5473 0.8180
vn -0.2783 -0.8613 0.4251
vn -0.2783 -0.8613 -0.4251
vn -0.1768 -0.5473 -0.8180
vn 0.0041 0.0128 -0.9999
vn 0.1819 0.5631 -0.8061
vn 0.2795 0.8651 -0.4165
vn 0.1865 0.8924 0.4110
vn 0.1223 0.5854 0.8015
vn 0.0028 0.0133 0.9999
vn -0.1189 -0.5691 0.8136
vn -0.1857 -0.8886 0.4195
vn -0.1857 -0.8886 -0.4195
vn -0.1189 -0.5691 -0.8136
vn 0.0028 0.0133 -0.9999
vn 0.1223 0.5854 -0.8015
vn 0.1865 0.8924 -0.4110
vn 0.0933 0.9084 0.4076
vn 0.0615 0.5987 0.7986
vn 0.0014 0.0137 0.9999
vn -0.0598 -0.5822 0.8108
vn -0.0929 -0.9046 0.4161
vn -0.0929 -0.9046 -0.4161
vn -0.0598 -0.5822 -0.8108
vn 0.0014 0.0137 -0.9999
vn 0.0615 0.5987 -0.7986
vn 0.0933 0.9084 -0.4076
vn -0.0000 0.9137 0.4064
vn -0.0000 0.6031 0.7977
vn -0.0000 0.0138 0.9999
vn -0.0000 -0.5865 0.8099
vn -0.0000 -0.9099 0.4149
vn -0.0000 -0.9099 -0.4149
vn -0.0000 -0.5865 -0.8099
vn -0.0000 0.0138 -0.9999
vn -0.0000 0.6031 -0.7977
vn -0.0000 0.9137 -0.4064
vn -0.0933 0.9084 0.4076
vn -0.0615 0.5987 0.7986
vn -0.0014 0.0137 0.9999
vn 0.0598 -0.5822 0.8108
vn 0.0929 -0.9046 0.4161
vn 0.0929 -0.9046 -0.4161
vn 0.0598 -0.5822 -0.8109
vn -0.0014 0.0137 -0.9999
vn -0.0615 0.5987 -0.7986
vn -0.0933 0.9084 -0.4076
vn -0.2046 0.9788 -0.0000
vn -0.1865 0.8924 0.4110
vn -0.1223 0.5854 0.8015
vn -0.0028 0.0133 0.9999
vn 0.1189 -0.5691 0.8136
vn 0.1857 -0.8886 0.4195
vn 0.2046 -0.9788 -0.0000
vn 0.1857 -0.8886 -0.4195
vn 0.1189 -0.5691 -0.8136
vn -0.0028 0.0133 -0.9999
vn -0.1223 0.5854 -0.8015
vn -0.1865 0.8924 -0.4110
vn -0.2795 0.8651 0.4165
vn -0.1819 0.5631 0.8061
vn -0.0041 0.0128 0.9999
vn 0.1768 -0.5473 0.8180
vn 0.2783 -0.8613 0.4251
vn 0.2783 -0.8613 -0.4251
vn 0.1768 -0.5473 -0.8180
vn -0.0041 0.0128 -0.9999
vn -0.1819 0.5631 -0.8061
vn -0.2795 0.8651 -0.4165
vn -0.3719 0.8257 0.4241
vn -0.2395 0.5319 0.8123
vn -0.0054 0.0120 0.9999
vn 0.2327 -0.5167 0.8239
vn 0.3702 -0.8220 0.4328
vn 0.3702 -0.8220 -0.4328
vn 0.2327 -0.5167 -0.8239
vn -0.0054 0.0120 -0.9999
vn -0.2395 0.5319 -0.8123
vn -0.3719 0.8257 -0.4241
vn -0.4628 0.7732 0.4335
vn -0.2942 0.4916 0.8196
vn -0.0066 0.0110 0.9999
vn 0.2857 -0.4774 0.8309
vn 0.4606 -0.7695 0.4423
vn 0.4606 -0.7695 -0.4423
vn 0.2857 -0.4774 -0.8309
vn -0.0066 0.0110 -0.9999
vn -0.2942 0.4916 -0.8196
vn -0.4628 0.7732 -0.4335
vn -0.5510 0.7064 0.4444
vn -0.3452 0.4425 0.8277
vn -0.0076 0.0098 0.9999
vn 0.3350 -0.4295 0.8387
vn 0.5482 -0.7028 0.4533
vn 0.5482 -0.7028 -0.4533
vn 0.3350 -0.4295 -0.8387
vn -0.0076 0.0098 -0.9999
vn -0.3452 0.4425 -0.8277
vn -0.5510 0.7064 -0.4444
vn -0.6344 0.6241 0.4560
vn -0.3912 0.3848 0.8360
vn -0.0085 0.0084 0.9999
vn 0.3794 -0.3732 0.8466
vn 0.6311 -0.6208 0.4651
vn 0.6311 -0.6208 -0.4651
vn 0.3794 -0.3732 -0.8466
vn -0.0086 0.0084 -0.9999
vn -0.3912 0.3848 -0.8360
vn -0.6344 0.6241 -0.4560
vn -0.7104 0.5258 0.4678
vn -0.4311 0.3191 0.8440
vn -0.0093 0.0069 0.9999
vn 0.4179 -0.3093 0.8542
vn 0.7065 -0.5229 0.4769
vn 0.7065 -0.5229 -0.4769
vn 0.4179 -0.3093 -0.8542
vn -0.0093 0.0069 -0.9999
vn -0.4311 0.3191 -0.8440
vn -0.7104 0.5258 -0.4678
vn -0.7754 0.4118 0.4787
vn -0.4637 0.2463 0.8511
vn -0.0100 0.0053 0.9999
vn 0.4493 -0.2386 0.8609
vn 0.7709 -0.4094 0.4879
vn 0.7709 -0.4094 -0.4879
vn 0.4493 -0.2386 -0.8609
vn -0.0100 0.0053 -0.9999
vn -0.4637 0.2463 -0.8511
vn -0.7754 0.4118 -0.4787
vn -0.8257 0.2837 0.4875
vn -0.4880 0.1676 0.8566
vn -0.0104 0.0036 0.9999
vn 0.4726 -0.1624 0.8662
vn 0.8208 -0.2820 0.4968
vn 0.8208 -0.2820 -0.4968
vn 0.4726 -0.1624 -0.8662
vn -0.0104 0.0036 -0.9999
vn -0.4880 0.1676 -0.8566
vn -0.8257 0.2837 -0.4875
vn -0.8577 0.1448 0.4934
vn -0.5029 0.0849 0.8601
vn -0.0107 0.0018 0.9999
vn 0.4870 -0.0822 0.8695
vn 0.8524 -0.1439 0.5027
vn 0.8524 -0.1439 -0.5027
vn 0.4870 -0.0822 -0.8695
vn -0.0107 0.0018 -0.9999
vn -0.5029 0.0849 -0.8601
vn -0.8577 0.1448 -0.4934
vt 0.500000 0.500000
vt 0.520833 0.583333
vt 0.500000 0.583333
vt 0.500000 0.666667
vt 0.520833 0.750000
vt 0.500000 0.750000
vt 0.500000 0.833333
vt 0.520833 0.833333
vt 0.500000 0.916667
vt 0.520833 1.000000
vt 0.500000 1.000000
vt 0.500000 0.000000
vt 0.520833 0.083333
vt 0.500000 0.083333
vt 0.520833 0.166667
vt 0.500000 0.166667
vt 0.500000 0.250000
vt 0.520833 0.250000
vt 0.500000 0.333333
vt 0.520833 0.333333
vt 0.500000 0.416667
vt 0.520833 0.416667
vt 0.541667 0.500000
vt 0.520833 0.500000
vt 0.541667 0.583333
vt 0.520833 0.666667
vt 0.541667 0.666667
vt 0.541667 0.833333
vt 0.541667 0.916667
vt 0.520833 0.916667
vt 0.541667 0.000000
vt 0.520833 0.000000
vt 0.541667 0.083333
vt 0.541667 0.166667
vt 0.541667 0.333333
vt 0.541667 0.416667
vt 0.562500 0.583333
vt 0.562500 0.666667
vt 0.562500 0.750000
vt 0.541667 0.750000
vt 0.562500 0.916667
vt 0.541667 1.000000
vt 0.562500 0.083333
vt 0.562500 0.166667
vt 0.541667 0.250000
vt 0.562500 0.250000
vt 0.562500 0.416667
vt 0.583333 0.500000
vt 0.562500 0.500000
vt 0.583333 0.583333
vt 0.583333 0.666667
vt 0.583333 0.750000
vt 0.562500 0.833333
vt 0.583333 0.916667
vt 0.562500 1.000000
vt 0.583333 0.000000
vt 0.562500 0.000000
vt 0.583333 0.083333
vt 0.583333 0.250000
vt 0.562500 0.333333
vt 0.583333 0.416667
vt 0.604167 0.500000
vt 0.604167 0.583333
vt 0.604167 0.750000
vt 0.583333 0.833333
vt 0.604167 0.833333
vt 0.604167 0.916667
vt 0.583333 1.000000
vt 0.604167 0.083333
vt 0.583333 0.166667
vt 0.604167 0.166667
vt 0.604167 0.250000
vt 0.583333 0.333333
vt 0.604167 0.416667
vt 0.625000 0.500000
vt 0.625000 0.583333
vt 0.604167 0.666667
vt 0.625000 0.666667
vt 0.625000 0.750000
vt 0.625000 0.916667
vt 0.625000 1.000000
vt 0.604167 1.000000
vt 0.625000 0.000000
vt 0.604167 0.000000
vt 0.625000 0.083333
vt 0.625000 0.166667
vt 0.625000 0.333333
vt 0.604167 0.333333
vt 0.645833 0.500000
vt 0.645833 0.666667
vt 0.645833 0.750000
vt 0.625000 0.833333
vt 0.645833 0.916667
vt 0.645833 0.000000
vt 0.645833 0.083333
vt 0.645833 0.250000
vt 0.625000 0.250000
vt 0.645833 0.333333
vt 0.625000 0.416667
vt 0.645833 0.416667
vt 0.666667 0.583333
vt 0.645833 0.583333
vt 0.666667 0.666667
vt 0.666667 0.750000
vt 0.666667 0.833333
vt 0.645833 0.833333
vt 0.666667 0.916667
vt 0.645833 1.000000
vt 0.666667 0.000000
vt 0.666667 0.083333
vt 0.645833 0.166667
vt 0.666667 0.166667
vt 0.666667 0.250000
vt 0.666667 0.333333
vt 0.666667 0.416667
vt 0.666667 0.500000
vt 0.687500 0.583333
vt 0.687500 0.666667
vt 0.687500 0.833333
vt 0.687500 0.916667
vt 0.666667 1.000000
vt 0.687500 0.083333
vt 0.687500 0.166667
vt 0.687500 0.333333
vt 0.687500 0.416667
vt 0.687500 0.500000
vt 0.708333 0.583333
vt 0.708333 0.666667
vt 0.687500 0.750000
vt 0.708333 0.833333
vt 0.708333 0.916667
vt 0.708333 1.000000
vt 0.687500 1.000000
vt 0.708333 0.000000
vt 0.687500 0.000000
vt 0.708333 0.083333
vt 0.708333 0.250000
vt 0.687500 0.250000
vt 0.708333 0.333333
vt 0.708333 0.416667
vt 0.708333 0.500000
vt 0.729167 0.583333
vt 0.729167 0.666667
vt 0.708333 0.750000
vt 0.729167 0.750000
vt 0.729167 0.833333
vt 0.729167 0.916667
vt 0.729167 0.000000
vt 0.729167 0.166667
vt 0.708333 0.166667
vt 0.729167 0.250000
vt 0.729167 0.333333
vt 0.729167 0.416667
vt 0.750000 0.500000
vt 0.729167 0.500000
vt 0.750000 0.583333
vt 0.750000 0.750000
vt 0.750000 0.833333
vt 0.750000 0.916667
vt 0.729167 1.000000
vt 0.750000 0.000000
vt 0.729167 0.083333
vt 0.750000 0.083333
vt 0.750000 0.250000
vt 0.750000 0.333333
vt 0.750000 0.416667
vt 0.770833 0.583333
vt 0.770833 0.666667
vt 0.750000 0.666667
vt 0.770833 0.750000
vt 0.770833 0.833333
vt 0.770833 0.916667
vt 0.750000 1.000000
vt 0.770833 0.000000
vt 0.770833 0.166667
vt 0.750000 0.166667
vt 0.770833 0.333333
vt 0.770833 0.416667
vt 0.770833 0.500000
vt 0.791667 0.583333
vt 0.791667 0.666667
vt 0.791667 0.750000
vt 0.791667 0.833333
vt 0.791667 1.000000
vt 0.770833 1.000000
vt 0.791667 0.000000
vt 0.770833 0.083333
vt 0.791667 0.083333
vt 0.791667 0.166667
vt 0.770833 0.250000
vt 0.791667 0.333333
vt 0.791667 0.416667
vt 0.791667 0.500000
vt 0.812500 0.583333
vt 0.812500 0.666667
vt 0.812500 0.750000
vt 0.812500 0.833333
vt 0.791667 0.916667
vt 0.812500 1.000000
vt 0.812500 0.000000
vt 0.812500 0.166667
vt 0.812500 0.250000
vt 0.791667 0.250000
vt 0.812500 0.333333
vt 0.812500 0.416667
vt 0.812500 0.500000
vt 0.833333 0.583333
vt 0.833333 0.666667
vt 0.833333 0.750000
vt 0.833333 0.916667
vt 0.812500 0.916667
vt 0.833333 0.083333
vt 0.812500 0.083333
vt 0.833333 0.166667
vt 0.833333 0.333333
vt 0.833333 0.416667
vt 0.854167 0.500000
vt 0.833333 0.500000
vt 0.854167 0.583333
vt 0.854167 0.750000
vt 0.833333 0.833333
vt 0.854167 0.833333
vt 0.854167 1.000000
vt 0.833333 1.000000
vt 0.854167 0.000000
vt 0.833333 0.000000
vt 0.854167 0.166667
vt 0.854167 0.250000
vt 0.833333 0.250000
vt 0.854167 0.416667
vt 0.875000 0.500000
vt 0.875000 0.666667
vt 0.854167 0.666667
vt 0.875000 0.750000
vt 0.875000 0.833333
vt 0.854167 0.916667
vt 0.875000 1.000000
vt 0.875000 0.000000
vt 0.854167 0.083333
vt 0.875000 0.166667
vt 0.875000 0.250000
vt 0.854167 0.333333
vt 0.875000 0.333333
vt 0.895833 0.500000
vt 0.875000 0.583333
vt 0.895833 0.666667
vt 0.895833 0.833333
vt 0.875000 0.916667
vt 0.895833 0.916667
vt 0.895833 0.083333
vt 0.875000 0.083333
vt 0.895833 0.166667
vt 0.895833 0.333333
vt 0.875000 0.416667
vt 0.895833 0.416667
vt 0.916667 0.500000
vt 0.895833 0.583333
vt 0.916667 0.583333
vt 0.916667 0.666667
vt 0.895833 0.750000
vt 0.916667 0.833333
vt 0.916667 1.000000
vt 0.895833 1.000000
vt 0.895833 0.000000
vt 0.916667 0.083333
vt 0.916667 0.166667
vt 0.895833 0.250000
vt 0.916667 0.333333
vt 0.916667 0.416667
vt 0.937500 0.583333
vt 0.937500 0.750000
vt 0.916667 0.750000
vt 0.937500 0.833333
vt 0.916667 0.916667
vt 0.937500 1.000000
vt 0.937500 0.000000
vt 0.916667 0.000000
vt 0.937500 0.083333
vt 0.937500 0.166667
vt 0.916667 0.250000
vt 0.937500 0.333333
vt 0.937500 0.416667
vt 0.958333 0.500000
vt 0.937500 0.500000
vt 0.958333 0.583333
vt 0.937500 0.666667
vt 0.958333 0.750000
vt 0.958333 0.833333
vt 0.937500 0.916667
vt 0.958333 1.000000
vt 0.958333 0.000000
vt 0.958333 0.083333
vt 0.958333 0.166667
vt 0.937500 0.250000
vt 0.958333 0.250000
vt 0.958333 0.333333
vt 0.958333 0.416667
vt 0.979167 0.583333
vt 0.979167 0.666667
vt 0.958333 0.666667
vt 0.979167 0.750000
vt 0.979167 0.833333
vt 0.958333 0.916667
vt 0.979167 0.916667
vt 0.979167 0.083333
vt 0.979167 0.166667
vt 0.979167 0.250000
vt 0.979167 0.333333
vt 0.979167 0.500000
vt 1.000000 0.500000
vt 1.000000 0.583333
vt 1.000000 0.666667
vt 1.000000 0.750000
vt 1.000000 0.833333
vt 1.000000 1.000000
vt 0.979167 1.000000
vt 1.000000 0.000000
vt 0.979167 0.000000
vt 1.000000 0.083333
vt 1.000000 0.166667
vt 1.000000 0.250000
vt 1.000000 0.333333
vt 0.979167 0.416667
vt 1.000000 0.416667
vt 0.000000 0.500000
vt 0.020833 0.583333
vt 0.000000 0.583333
vt 0.020833 0.666667
vt 0.000000 0.666667
vt 0.000000 0.750000
vt 0.020833 0.750000
vt 0.000000 0.833333
vt 0.020833 0.833333
vt 0.000000 0.916667
vt 0.020833 1.000000
vt 0.000000 1.000000
vt 0.020833 0.000000
vt 0.000000 0.083333
vt 0.000000 0.000000
vt 0.020833 0.083333
vt 0.000000 0.166667
vt 0.020833 0.166667
vt 0.000000 0.250000
vt 0.020833 0.333333
vt 0.000000 0.333333
vt 0.020833 0.416667
vt 0.000000 0.416667
vt 0.020833 0.500000
vt 0.041667 0.583333
vt 0.041667 0.666667
vt 0.041667 0.750000
vt 0.041667 0.833333
vt 0.020833 0.916667
vt 0.041667 1.000000
vt 0.041667 0.000000
vt 0.041667 0.083333
vt 0.041667 0.250000
vt 0.020833 0.250000
vt 0.041667 0.333333
vt 0.041667 0.416667
vt 0.062500 0.500000
vt 0.041667 0.500000
vt 0.062500 0.666667
vt 0.062500 0.750000
vt 0.062500 0.833333
vt 0.041667 0.916667
vt 0.062500 1.000000
vt 0.062500 0.000000
vt 0.062500 0.166667
vt 0.041667 0.166667
vt 0.062500 0.250000
vt 0.062500 0.333333
vt 0.083333 0.500000
vt 0.062500 0.583333
vt 0.083333 0.583333
vt 0.083333 0.666667
vt 0.083333 0.750000
vt 0.083333 0.916667
vt 0.062500 0.916667
vt 0.083333 1.000000
vt 0.083333 0.000000
vt 0.062500 0.083333
vt 0.083333 0.083333
vt 0.083333 0.166667
vt 0.083333 0.250000
vt 0.083333 0.333333
vt 0.062500 0.416667
vt 0.083333 0.416667
vt 0.104167 0.500000
vt 0.104167 0.583333
vt 0.104167 0.750000
vt 0.083333 0.833333
vt 0.104167 0.833333
vt 0.104167 1.000000
vt 0.104167 0.000000
vt 0.104167 0.166667
vt 0.104167 0.250000
vt 0.104167 0.333333
vt 0.104167 0.416667
vt 0.125000 0.500000
vt 0.125000 0.583333
vt 0.104167 0.666667
vt 0.125000 0.750000
vt 0.125000 0.916667
vt 0.104167 0.916667
vt 0.125000 0.000000
vt 0.104167 0.083333
vt 0.125000 0.083333
vt 0.125000 0.250000
vt 0.125000 0.416667
vt 0.145833 0.583333
vt 0.125000 0.666667
vt 0.145833 0.750000
vt 0.145833 0.833333
vt 0.125000 0.833333
vt 0.145833 1.000000
vt 0.125000 1.000000
vt 0.145833 0.000000
vt 0.145833 0.083333
vt 0.125000 0.166667
vt 0.145833 0.166667
vt 0.145833 0.250000
vt 0.125000 0.333333
vt 0.145833 0.416667
vt 0.145833 0.500000
vt 0.166667 0.583333
vt 0.166667 0.666667
vt 0.145833 0.666667
vt 0.166667 0.750000
vt 0.166667 0.833333
vt 0.145833 0.916667
vt 0.166667 0.916667
vt 0.166667 0.083333
vt 0.166667 0.166667
vt 0.166667 0.250000
vt 0.145833 0.333333
vt 0.166667 0.333333
vt 0.166667 0.416667
vt 0.187500 0.500000
vt 0.166667 0.500000
vt 0.187500 0.666667
vt 0.187500 0.750000
vt 0.187500 0.833333
vt 0.187500 1.000000
vt 0.166667 1.000000
vt 0.187500 0.000000
vt 0.166667 0.000000
vt 0.187500 0.166667
vt 0.187500 0.333333
vt 0.208333 0.500000
vt 0.187500 0.583333
vt 0.208333 0.583333
vt 0.208333 0.666667
vt 0.208333 0.750000
vt 0.208333 0.916667
vt 0.187500 0.916667
vt 0.208333 0.000000
vt 0.187500 0.083333
vt 0.208333 0.083333
vt 0.208333 0.166667
vt 0.187500 0.250000
vt 0.208333 0.333333
vt 0.208333 0.416667
vt 0.187500 0.416667
vt 0.229167 0.500000
vt 0.229167 0.583333
vt 0.229167 0.750000
vt 0.208333 0.833333
vt 0.229167 0.833333
vt 0.229167 0.916667
vt 0.208333 1.000000
vt 0.229167 0.083333
vt 0.229167 0.166667
vt 0.229167 0.250000
vt 0.208333 0.250000
vt 0.229167 0.333333
vt 0.250000 0.583333
vt 0.229167 0.666667
vt 0.250000 0.666667
vt 0.250000 0.750000
vt 0.250000 0.833333
vt 0.250000 1.000000
vt 0.229167 1.000000
vt 0.229167 0.000000
vt 0.250000 0.083333
vt 0.250000 0.166667
vt 0.250000 0.250000
vt 0.250000 0.333333
vt 0.229167 0.416667
vt 0.250000 0.416667
vt 0.270833 0.500000
vt 0.250000 0.500000
vt 0.270833 0.583333
vt 0.270833 0.666667
vt 0.270833 0.750000
vt 0.270833 0.833333
vt 0.250000 0.916667
vt 0.270833 0.916667
vt 0.270833 0.000000
vt 0.250000 0.000000
vt 0.270833 0.083333
vt 0.270833 0.166667
vt 0.270833 0.250000
vt 0.270833 0.416667
vt 0.291667 0.500000
vt 0.291667 0.583333
vt 0.291667 0.666667
vt 0.291667 0.750000
vt 0.291667 0.833333
vt 0.291667 0.916667
vt 0.270833 1.000000
vt 0.291667 0.083333
vt 0.291667 0.250000
vt 0.291667 0.333333
vt 0.270833 0.333333
vt 0.291667 0.416667
vt 0.312500 0.500000
vt 0.312500 0.583333
vt 0.312500 0.750000
vt 0.312500 0.833333
vt 0.312500 0.916667
vt 0.291667 1.000000
vt 0.312500 0.000000
vt 0.291667 0.000000
vt 0.312500 0.083333
vt 0.291667 0.166667
vt 0.312500 0.166667
vt 0.312500 0.250000
vt 0.312500 0.333333
vt 0.312500 0.416667
vt 0.333333 0.500000
vt 0.333333 0.666667
vt 0.312500 0.666667
vt 0.333333 0.750000
vt 0.333333 0.833333
vt 0.333333 0.916667
vt 0.312500 1.000000
vt 0.333333 0.083333
vt 0.333333 0.250000
vt 0.333333 0.333333
vt 0.354167 0.500000
vt 0.333333 0.583333
vt 0.354167 0.583333
vt 0.354167 0.666667
vt 0.354167 0.750000
vt 0.354167 0.833333
vt 0.354167 0.916667
vt 0.333333 1.000000
vt 0.354167 0.000000
vt 0.333333 0.000000
vt 0.354167 0.083333
vt 0.333333 0.166667
vt 0.354167 0.250000
vt 0.354167 0.333333
vt 0.354167 0.416667
vt 0.333333 0.416667
vt 0.375000 0.500000
vt 0.375000 0.666667
vt 0.375000 0.750000
vt 0.375000 0.916667
vt 0.354167 1.000000
vt 0.375000 0.000000
vt 0.375000 0.083333
vt 0.354167 0.166667
vt 0.375000 0.250000
vt 0.375000 0.333333
vt 0.375000 0.416667
vt 0.395833 0.583333
vt 0.375000 0.583333
vt 0.395833 0.666667
vt 0.395833 0.833333
vt 0.375000 0.833333
vt 0.395833 0.916667
vt 0.375000 1.000000
vt 0.395833 0.000000
vt 0.395833 0.166667
vt 0.375000 0.166667
vt 0.395833 0.250000
vt 0.395833 0.416667
vt 0.416667 0.500000
vt 0.395833 0.500000
vt 0.416667 0.666667
vt 0.395833 0.750000
vt 0.416667 0.750000
vt 0.416667 0.833333
vt 0.416667 1.000000
vt 0.395833 1.000000
vt 0.416667 0.000000
vt 0.395833 0.083333
vt 0.416667 0.083333
vt 0.416667 0.166667
vt 0.416667 0.333333
vt 0.395833 0.333333
vt 0.416667 0.416667
vt 0.437500 0.583333
vt 0.416667 0.583333
vt 0.437500 0.666667
vt 0.437500 0.750000
vt 0.437500 0.833333
vt 0.437500 0.916667
vt 0.416667 0.916667
vt 0.437500 0.000000
vt 0.437500 0.083333
vt 0.437500 0.166667
vt 0.416667 0.250000
vt 0.437500 0.250000
vt 0.437500 0.333333
vt 0.437500 0.416667
vt 0.458333 0.500000
vt 0.437500 0.500000
vt 0.458333 0.583333
vt 0.458333 0.666667
vt 0.458333 0.750000
vt 0.458333 0.833333
vt 0.458333 0.916667
vt 0.437500 1.000000
vt 0.458333 0.000000
vt 0.458333 0.083333
vt 0.458333 0.250000
vt 0.458333 0.333333
vt 0.458333 0.416667
vt 0.479167 0.583333
vt 0.479167 0.666667
vt 0.479167 0.750000
vt 0.479167 0.916667
vt 0.479167 1.000000
vt 0.458333 1.000000
vt 0.479167 0.000000
vt 0.479167 0.083333
vt 0.458333 0.166667
vt 0.479167 0.166667
vt 0.479167 0.250000
vt 0.479167 0.333333
vt 0.479167 0.416667
vt 0.479167 0.500000
vt 0.479167 0.833333
vt 1.000000 0.916667
s 1
g Torus.002_M_OracBronze.003
usemtl M_OracBronze.003
f 1229/1433/1137 1242/1434/1150 1230/1435/1138
f 1242/1434/1150 1231/1436/1139 1230/1435/1138
f 1231/1436/1139 1244/1437/1152 1232/1438/1140
f 1244/1437/1152 1233/1439/1141 1232/1438/1140
f 1245/1440/1153 1234/1441/1142 1233/1439/1141
f 1234/1441/1142 1247/1442/1155 1235/1443/1143
f 1235/1444/1143 1248/1445/1156 1236/1446/1144
f 1236/1446/1144 1249/1447/1157 1237/1448/1145
f 1249/1447/1157 1238/1449/1146 1237/1448/1145
f 1250/1450/1158 1239/1451/1147 1238/1449/1146
f 1251/1452/1159 1240/1453/1148 1239/1451/1147
f 1252/1454/1160 1229/1433/1137 1240/1453/1148
f 1253/1455/1161 1242/1434/1150 1241/1456/1149
f 1254/1457/1162 1243/1458/1151 1242/1434/1150
f 1255/1459/1163 1244/1437/1152 1243/1458/1151
f 1244/1437/1152 1257/1460/1165 1245/1440/1153
f 1245/1440/1153 1258/1461/1166 1246/1462/1154
f 1258/1461/1166 1247/1442/1155 1246/1462/1154
f 1259/1463/1167 1248/1445/1156 1247/1464/1155
f 1260/1465/1168 1249/1447/1157 1248/1445/1156
f 1261/1466/1169 1250/1450/1158 1249/1447/1157
f 1250/1450/1158 1263/1467/1171 1251/1452/1159
f 1251/1452/1159 1264/1468/1172 1252/1454/1160
f 1264/1468/1172 1241/1456/1149 1252/1454/1160
f 1253/1455/1161 1266/1469/1174 1254/1457/1162
f 1254/1457/1162 1267/1470/1175 1255/1459/1163
f 1255/1459/1163 1268/1471/1176 1256/1472/1164
f 1268/1471/1176 1257/1460/1165 1256/1472/1164
f 1257/1460/1165 1270/1473/1178 1258/1461/1166
f 1270/1473/1178 1259/1474/1167 1258/1461/1166
f 1259/1463/1167 1272/1475/1180 1260/1465/1168
f 1272/1475/1180 1261/1466/1169 1260/1465/1168
f 1273/1476/1181 1262/1477/1170 1261/1466/1169
f 1274/1478/1182 1263/1467/1171 1262/1477/1170
f 1263/1467/1171 1276/1479/1184 1264/1468/1172
f 1276/1479/1184 1253/1455/1161 1264/1468/1172
f 1277/1480/1185 1266/1469/1174 1265/1481/1173
f 1278/1482/1186 1267/1470/1175 1266/1469/1174
f 1279/1483/1187 1268/1471/1176 1267/1470/1175
f 1280/1484/1188 1269/1485/1177 1268/1471/1176
f 1269/1485/1177 1282/1486/1190 1270/1473/1178
f 1282/1486/1190 1271/1487/1179 1270/1473/1178
f 1283/1488/1191 1272/1475/1180 1271/1489/1179
f 1284/1490/1192 1273/1476/1181 1272/1475/1180
f 1273/1476/1181 1286/1491/1194 1274/1478/1182
f 1286/1491/1194 1275/1492/1183 1274/1478/1182
f 1275/1492/1183 1288/1493/1196 1276/1479/1184
f 1288/1493/1196 1265/1481/1173 1276/1479/1184
f 1289/1494/1197 1278/1482/1186 1277/1480/1185
f 1290/1495/1198 1279/1483/1187 1278/1482/1186
f 1279/1483/1187 1292/1496/1200 1280/1484/1188
f 1292/1496/1200 1281/1497/1189 1280/1484/1188
f 1293/1498/1201 1282/1486/1190 1281/1497/1189
f 1294/1499/1202 1283/1500/1191 1282/1486/1190
f 1283/1488/1191 1296/1501/1204 1284/1490/1192
f 1296/1501/1204 1285/1502/1193 1284/1490/1192
f 1297/1503/1205 1286/1491/1194 1285/1502/1193
f 1298/1504/1206 1287/1505/1195 1286/1491/1194
f 1287/1505/1195 1300/1506/1208 1288/1493/1196
f 1300/1506/1208 1277/1480/1185 1288/1493/1196
f 1301/1507/1209 1290/1495/1198 1289/1494/1197
f 1302/1508/1210 1291/1509/1199 1290/1495/1198
f 1303/1510/1211 1292/1496/1200 1291/1509/1199
f 1304/1511/1212 1293/1498/1201 1292/1496/1200
f 1293/1498/1201 1306/1512/1214 1294/1499/1202
f 1294/1499/1202 1307/1513/1215 1295/1514/1203
f 1307/1515/1215 1296/1501/1204 1295/1516/1203
f 1308/1517/1216 1297/1503/1205 1296/1501/1204
f 1309/1518/1217 1298/1504/1206 1297/1503/1205
f 1298/1504/1206 1311/1519/1219 1299/1520/1207
f 1311/1519/1219 1300/1506/1208 1299/1520/1207
f 1300/1506/1208 1301/1507/1209 1289/1494/1197
f 1313/1521/1221 1302/1508/1210 1301/1507/1209
f 1302/1508/1210 1315/1522/1223 1303/1510/1211
f 1315/1522/1223 1304/1511/1212 1303/1510/1211
f 1316/1523/1224 1305/1524/1213 1304/1511/1212
f 1305/1524/1213 1318/1525/1226 1306/1512/1214
f 1318/1525/1226 1307/1513/1215 1306/1512/1214
f 1319/1526/1227 1308/1517/1216 1307/1515/1215
f 1320/1527/1228 1309/1518/1217 1308/1517/1216
f 1309/1518/1217 1322/1528/1230 1310/1529/1218
f 1322/1528/1230 1311/1519/1219 1310/1529/1218
f 1323/1530/1231 1312/1531/1220 1311/1519/1219
f 1324/1532/1232 1301/1507/1209 1312/1531/1220
f 1313/1521/1221 1326/1533/1234 1314/1534/1222
f 1314/1534/1222 1327/1535/1235 1315/1522/1223
f 1315/1522/1223 1328/1536/1236 1316/1523/1224
f 1316/1523/1224 1329/1537/1237 1317/1538/1225
f 1317/1538/1225 1330/1539/1238 1318/1525/1226
f 1330/1539/1238 1319/1540/1227 1318/1525/1226
f 1331/1541/1239 1320/1527/1228 1319/1526/1227
f 1332/1542/1240 1321/1543/1229 1320/1527/1228
f 1333/1544/1241 1322/1528/1230 1321/1543/1229
f 1334/1545/1242 1323/1530/1231 1322/1528/1230
f 1335/1546/1243 1324/1532/1232 1323/1530/1231
f 1336/1547/1244 1313/1521/1221 1324/1532/1232
f 1325/1548/1233 1338/1549/1246 1326/1533/1234
f 1338/1549/1246 1327/1535/1235 1326/1533/1234
f 1339/1550/1247 1328/1536/1236 1327/1535/1235
f 1328/1536/1236 1341/1551/1249 1329/1537/1237
f 1341/1551/1249 1330/1539/1238 1329/1537/1237
f 1342/1552/1250 1331/1553/1239 1330/1539/1238
f 1331/1541/1239 1344/1554/1252 1332/1542/1240
f 1344/1554/1252 1333/1544/1241 1332/1542/1240
f 1345/1555/1253 1334/1545/1242 1333/1544/1241
f 1334/1545/1242 1347/1556/1255 1335/1546/1243
f 1335/1546/1243 1348/1557/1256 1336/1547/1244
f 1348/1557/1256 1325/1548/1233 1336/1547/1244
f 1337/1558/1245 1350/1559/1258 1338/1549/1246
f 1350/1559/1258 1339/1550/1247 1338/1549/1246
f 1351/1560/1259 1340/1561/1248 1339/1550/1247
f 1340/1561/1248 1353/1562/1261 1341/1551/1249
f 1341/1551/1249 1354/1563/1262 1342/1552/1250
f 1342/1552/1250 1355/1564/1263 1343/1565/1251
f 1355/1566/1263 1344/1554/1252 1343/1567/1251
f 1356/1568/1264 1345/1555/1253 1344/1554/1252
f 1345/1555/1253 1358/1569/1266 1346/1570/1254
f 1346/1570/1254 1359/1571/1267 1347/1556/1255
f 1359/1571/1267 1348/1557/1256 1347/1556/1255
f 1360/1572/1268 1337/1558/1245 1348/1557/1256
f 1349/1573/1257 1362/1574/1270 1350/1559/1258
f 1350/1559/1258 1363/1575/1271 1351/1560/1259
f 1363/1575/1271 1352/1576/1260 1351/1560/1259
f 1364/1577/1272 1353/1562/1261 1352/1576/1260
f 1365/1578/1273 1354/1563/1262 1353/1562/1261
f 1366/1579/1274 1355/1564/1263 1354/1563/1262
f 1367/1580/1275 1356/1568/1264 1355/1566/1263
f 1356/1568/1264 1369/1581/1277 1357/1582/1265
f 1369/1581/1277 1358/1569/1266 1357/1582/1265
f 1370/1583/1278 1359/1571/1267 1358/1569/1266
f 1371/1584/1279 1360/1572/1268 1359/1571/1267
f 1372/1585/1280 1349/1573/1257 1360/1572/1268
f 1373/1586/1281 1362/1574/1270 1361/1587/1269
f 1374/1588/1282 1363/1575/1271 1362/1574/1270
f 1363/1575/1271 1376/1589/1284 1364/1577/1272
f 1376/1589/1284 1365/1578/1273 1364/1577/1272
f 1377/1590/1285 1366/1579/1274 1365/1578/1273
f 1378/1591/1286 1367/1592/1275 1366/1579/1274
f 1379/1593/1287 1368/1594/1276 1367/1580/1275
f 1380/1595/1288 1369/1581/1277 1368/1594/1276
f 1369/1581/1277 1382/1596/1290 1370/1583/1278
f 1382/1596/1290 1371/1584/1279 1370/1583/1278
f 1383/1597/1291 1372/1585/1280 1371/1584/1279
f 1384/1598/1292 1361/1587/1269 1372/1585/1280
f 1373/1586/1281 1386/1599/1294 1374/1588/1282
f 1374/1588/1282 1387/1600/1295 1375/1601/1283
f 1387/1600/1295 1376/1589/1284 1375/1601/1283
f 1388/1602/1296 1377/1590/1285 1376/1589/1284
f 1389/1603/1297 1378/1591/1286 1377/1590/1285
f 1390/1604/1298 1379/1605/1287 1378/1591/1286
f 1391/1606/1299 1380/1595/1288 1379/1593/1287
f 1380/1595/1288 1393/1607/1301 1381/1608/1289
f 1393/1607/1301 1382/1596/1290 1381/1608/1289
f 1382/1596/1290 1395/1609/1303 1383/1597/1291
f 1395/1609/1303 1384/1598/1292 1383/1597/1291
f 1396/1610/1304 1373/1586/1281 1384/1598/1292
f 1385/1611/1293 1398/1612/1306 1386/1599/1294
f 1398/1612/1306 1387/1600/1295 1386/1599/1294
f 1399/1613/1307 1388/1602/1296 1387/1600/1295
f 1400/1614/1308 1389/1603/1297 1388/1602/1296
f 1401/1615/1309 1390/1604/1298 1389/1603/1297
f 1390/1604/1298 1403/1616/1311 1391/1617/1299
f 1403/1618/1311 1392/1619/1300 1391/1606/1299
f 1404/1620/1312 1393/1607/1301 1392/1619/1300
f 1405/1621/1313 1394/1622/1302 1393/1607/1301
f 1394/1622/1302 1407/1623/1315 1395/1609/1303
f 1407/1623/1315 1396/1610/1304 1395/1609/1303
f 1408/1624/1316 1385/1611/1293 1396/1610/1304
f 1397/1625/1305 1410/1626/1318 1398/1612/1306
f 1410/1626/1318 1399/1613/1307 1398/1612/1306
f 1411/1627/1319 1400/1614/1308 1399/1613/1307
f 1412/1628/1320 1401/1615/1309 1400/1614/1308
f 1413/1629/1321 1402/1630/1310 1401/1615/1309
f 1402/1630/1310 1415/1631/1323 1403/1616/1311
f 1415/1632/1323 1404/1620/1312 1403/1618/1311
f 1404/1620/1312 1417/1633/1325 1405/1621/1313
f 1405/1621/1313 1418/1634/1326 1406/1635/1314
f 1406/1635/1314 1419/1636/1327 1407/1623/1315
f 1419/1636/1327 1408/1624/1316 1407/1623/1315
f 1420/1637/1328 1397/1625/1305 1408/1624/1316
f 1409/1638/1317 1422/1639/1330 1410/1626/1318
f 1422/1639/1330 1411/1627/1319 1410/1626/1318
f 1423/1640/1331 1412/1628/1320 1411/1627/1319
f 1424/1641/1332 1413/1629/1321 1412/1628/1320
f 1413/1629/1321 1426/1642/1334 1414/1643/1322
f 1426/1642/1334 1415/1631/1323 1414/1643/1322
f 1415/1632/1323 1428/1644/1336 1416/1645/1324
f 1428/1644/1336 1417/1633/1325 1416/1645/1324
f 1429/1646/1337 1418/1634/1326 1417/1633/1325
f 1418/1634/1326 1431/1647/1339 1419/1636/1327
f 1419/1636/1327 1432/1648/1340 1420/1637/1328
f 1432/1648/1340 1409/1638/1317 1420/1637/1328
f 1433/1649/1341 1422/1639/1330 1421/1650/1329
f 1434/1651/1342 1423/1640/1331 1422/1639/1330
f 1423/1640/1331 1436/1652/1344 1424/1641/1332
f 1436/1652/1344 1425/1653/1333 1424/1641/1332
f 1437/1654/1345 1426/1642/1334 1425/1653/1333
f 1426/1642/1334 1439/1655/1347 1427/1656/1335
f 1439/1657/1347 1428/1644/1336 1427/1658/1335
f 1428/1644/1336 1441/1659/1349 1429/1646/1337
f 1429/1646/1337 1442/1660/1350 1430/1661/1338
f 1442/1660/1350 1431/1647/1339 1430/1661/1338
f 1431/1647/1339 1444/1662/1352 1432/1648/1340
f 1444/1662/1352 1421/1650/1329 1432/1648/1340
f 1445/1663/1353 1434/1651/1342 1433/1649/1341
f 1434/1651/1342 1447/1664/1355 1435/1665/1343
f 1435/1665/1343 1448/1666/1356 1436/1652/1344
f 1436/1652/1344 1449/1667/1357 1437/1654/1345
f 1449/1667/1357 1438/1668/1346 1437/1654/1345
f 1438/1668/1346 1451/1669/1359 1439/1655/1347
f 1451/1670/1359 1440/1671/1348 1439/1657/1347
f 1440/1671/1348 1453/1672/1361 1441/1659/1349
f 1453/1672/1361 1442/1660/1350 1441/1659/1349
f 1454/1673/1362 1443/1674/1351 1442/1660/1350
f 1455/1675/1363 1444/1662/1352 1443/1674/1351
f 1444/1662/1352 1445/1663/1353 1433/1649/1341
f 1457/1676/1365 1446/1677/1354 1445/1663/1353
f 1446/1677/1354 1459/1678/1367 1447/1664/1355
f 1459/1678/1367 1448/1666/1356 1447/1664/1355
f 1448/1666/1356 1461/1679/1369 1449/1667/1357
f 1461/1679/1369 1450/1680/1358 1449/1667/1357
f 1462/1681/1370 1451/1669/1359 1450/1680/1358
f 1451/1670/1359 1464/1682/1372 1452/1683/1360
f 1452/1683/1360 1465/1684/1373 1453/1672/1361
f 1465/1684/1373 1454/1673/1362 1453/1672/1361
f 1454/1673/1362 1467/1685/1375 1455/1675/1363
f 1467/1685/1375 1456/1686/1364 1455/1675/1363
f 1468/1687/1376 1445/1663/1353 1456/1686/1364
f 1469/1688/1377 1458/1689/1366 1457/1676/1365
f 1470/1690/1378 1459/1678/1367 1458/1689/1366
f 1471/1691/1379 1460/1692/1368 1459/1678/1367
f 1460/1692/1368 1473/1693/1381 1461/1679/1369
f 1473/1693/1381 1462/1681/1370 1461/1679/1369
f 1462/1681/1370 1475/1694/1383 1463/1695/1371
f 1463/1696/1371 1476/1697/1384 1464/1682/1372
f 1476/1697/1384 1465/1684/1373 1464/1682/1372
f 1477/1698/1385 1466/1699/1374 1465/1684/1373
f 1466/1699/1374 1479/1700/1387 1467/1685/1375
f 1479/1700/1387 1468/1687/1376 1467/1685/1375
f 1480/1701/1388 1457/1676/1365 1468/1687/1376
f 1469/1688/1377 1482/1702/1390 1470/1690/1378
f 1482/1702/1390 1471/1691/1379 1470/1690/1378
f 1471/1691/1379 1484/1703/1392 1472/1704/1380
f 1484/1703/1392 1473/1693/1381 1472/1704/1380
f 1485/1705/1393 1474/1706/1382 1473/1693/1381
f 1474/1706/1382 1487/1707/1395 1475/1694/1383
f 1487/1708/1395 1476/1697/1384 1475/1709/1383
f 1488/1710/1396 1477/1698/1385 1476/1697/1384
f 1489/1711/1397 1478/1712/1386 1477/1698/1385
f 1478/1712/1386 1491/1713/1399 1479/1700/1387
f 1479/1700/1387 1492/1714/1400 1480/1701/1388
f 1492/1714/1400 1469/1688/1377 1480/1701/1388
f 1493/1715/1401 1482/1702/1390 1481/1716/1389
f 1494/1717/1402 1483/1718/1391 1482/1702/1390
f 1483/1718/1391 1496/1719/1404 1484/1703/1392
f 1496/1719/1404 1485/1705/1393 1484/1703/1392
f 1497/1720/1405 1486/1721/1394 1485/1705/1393
f 1486/1721/1394 1499/1722/1407 1487/1707/1395
f 1499/1723/1407 1488/1710/1396 1487/1708/1395
f 1500/1724/1408 1489/1711/1397 1488/1710/1396
f 1501/1725/1409 1490/1726/1398 1489/1711/1397
f 1502/1727/1410 1491/1713/1399 1490/1726/1398
f 1503/1728/1411 1492/1714/1400 1491/1713/1399
f 1504/1729/1412 1481/1716/1389 1492/1714/1400
f 1493/1715/1401 1506/1730/1414 1494/1717/1402
f 1494/1717/1402 1507/1731/1415 1495/1732/1403
f 1507/1731/1415 1496/1719/1404 1495/1732/1403
f 1508/1733/1416 1497/1720/1405 1496/1719/1404
f 1509/1734/1417 1498/1735/1406 1497/1720/1405
f 1510/1736/1418 1499/1722/1407 1498/1735/1406
f 1499/1723/1407 1512/1737/1420 1500/1724/1408
f 1500/1724/1408 1513/1738/1421 1501/1725/1409
f 1513/1738/1421 1502/1727/1410 1501/1725/1409
f 1514/1739/1422 1503/1728/1411 1502/1727/1410
f 1515/1740/1423 1504/1729/1412 1503/1728/1411
f 1504/1729/1412 1505/1741/1413 1493/1715/1401
f 1517/1742/1143 1506/1730/1414 1505/1741/1413
f 1518/1743/1425 1507/1731/1415 1506/1730/1414
f 1519/1744/1426 1508/1733/1416 1507/1731/1415
f 1520/1745/1427 1509/1734/1417 1508/1733/1416
f 1521/1746/1428 1510/1736/1418 1509/1734/1417
f 1510/1736/1418 1523/1747/1137 1511/1748/1419
f 1523/1749/1137 1512/1737/1420 1511/1750/1419
f 1524/1751/1430 1513/1738/1421 1512/1737/1420
f 1525/1752/1431 1514/1739/1422 1513/1738/1421
f 1526/1753/1432 1515/1740/1423 1514/1739/1422
f 1527/1754/1433 1516/1755/1424 1515/1740/1423
f 1528/1756/1434 1505/1741/1413 1516/1755/1424
f 1517/1757/1143 1530/1758/1435 1518/1759/1425
f 1518/1759/1425 1531/1760/1436 1519/1761/1426
f 1531/1760/1436 1520/1762/1427 1519/1761/1426
f 1532/1763/1437 1521/1764/1428 1520/1762/1427
f 1533/1765/1438 1522/1766/1429 1521/1764/1428
f 1522/1766/1429 1535/1767/1149 1523/1768/1137
f 1535/1769/1149 1524/1770/1430 1523/1771/1137
f 1536/1772/1440 1525/1773/1431 1524/1770/1430
f 1537/1774/1441 1526/1775/1432 1525/1773/1431
f 1526/1775/1432 1539/1776/1443 1527/1777/1433
f 1527/1777/1433 1540/1778/1444 1528/1779/1434
f 1540/1778/1444 1517/1757/1143 1528/1779/1434
f 1529/1780/1155 1542/1781/1445 1530/1758/1435
f 1542/1781/1445 1531/1760/1436 1530/1758/1435
f 1543/1782/1446 1532/1763/1437 1531/1760/1436
f 1544/1783/1447 1533/1765/1438 1532/1763/1437
f 1545/1784/1448 1534/1785/1439 1533/1765/1438
f 1534/1785/1439 1547/1786/1161 1535/1767/1149
f 1547/1787/1161 1536/1772/1440 1535/1769/1149
f 1548/1788/1450 1537/1774/1441 1536/1772/1440
f 1537/1774/1441 1550/1789/1452 1538/1790/1442
f 1550/1789/1452 1539/1776/1443 1538/1790/1442
f 1551/1791/1453 1540/1778/1444 1539/1776/1443
f 1552/1792/1454 1529/1780/1155 1540/1778/1444
f 1553/1793/1179 1542/1781/1445 1541/1794/1167
f 1542/1781/1445 1555/1795/1456 1543/1782/1446
f 1555/1795/1456 1544/1783/1447 1543/1782/1446
f 1556/1796/1457 1545/1784/1448 1544/1783/1447
f 1557/1797/1458 1546/1798/1449 1545/1784/1448
f 1546/1798/1449 1559/1799/1173 1547/1786/1161
f 1559/1800/1173 1548/1788/1450 1547/1787/1161
f 1548/1788/1450 1561/1801/1461 1549/1802/1451
f 1561/1801/1461 1550/1789/1452 1549/1802/1451
f 1562/1803/1462 1551/1791/1453 1550/1789/1452
f 1563/1804/1463 1552/1792/1454 1551/1791/1453
f 1552/1792/1454 1553/1793/1179 1541/1794/1167
f 1565/1805/1191 1554/1806/1455 1553/1793/1179
f 1566/1807/1465 1555/1795/1456 1554/1806/1455
f 1567/1808/1466 1556/1796/1457 1555/1795/1456
f 1568/1809/1467 1557/1797/1458 1556/1796/1457
f 1557/1797/1458 1570/1810/1469 1558/1811/1459
f 1558/1811/1459 1571/1812/1185 1559/1799/1173
f 1571/1813/1185 1560/1814/1460 1559/1800/1173
f 1572/1815/1470 1561/1801/1461 1560/1814/1460
f 1573/1816/1471 1562/1803/1462 1561/1801/1461
f 1574/1817/1472 1563/1804/1463 1562/1803/1462
f 1575/1818/1473 1564/1819/1464 1563/1804/1463
f 1576/1820/1474 1553/1793/1179 1564/1819/1464
f 1577/1821/1203 1566/1807/1465 1565/1805/1191
f 1578/1822/1475 1567/1808/1466 1566/1807/1465
f 1567/1808/1466 1580/1823/1477 1568/1809/1467
f 1580/1823/1477 1569/1824/1468 1568/1809/1467
f 1581/1825/1478 1570/1810/1469 1569/1824/1468
f 1570/1810/1469 1583/1826/1197 1571/1812/1185
f 1583/1827/1197 1572/1815/1470 1571/1813/1185
f 1572/1815/1470 1585/1828/1481 1573/1816/1471
f 1573/1816/1471 1586/1829/1482 1574/1817/1472
f 1586/1829/1482 1575/1818/1473 1574/1817/1472
f 1587/1830/1483 1576/1820/1474 1575/1818/1473
f 1588/1831/1484 1565/1805/1191 1576/1820/1474
f 1589/1832/1215 1578/1822/1475 1577/1821/1203
f 1590/1833/1485 1579/1834/1476 1578/1822/1475
f 1579/1834/1476 1592/1835/1487 1580/1823/1477
f 1592/1835/1487 1581/1825/1478 1580/1823/1477
f 1581/1825/1478 1594/1836/1489 1582/1837/1479
f 1594/1836/1489 1583/1826/1197 1582/1837/1479
f 1595/1838/1209 1584/1839/1480 1583/1827/1197
f 1596/1840/1490 1585/1828/1481 1584/1839/1480
f 1585/1828/1481 1598/1841/1492 1586/1829/1482
f 1598/1841/1492 1587/1830/1483 1586/1829/1482
f 1587/1830/1483 1600/1842/1494 1588/1831/1484
f 1600/1842/1494 1577/1821/1203 1588/1831/1484
f 1589/1832/1215 1602/1843/1495 1590/1833/1485
f 1602/1843/1495 1591/1844/1486 1590/1833/1485
f 1591/1844/1486 1604/1845/1497 1592/1835/1487
f 1592/1835/1487 1605/1846/1498 1593/1847/1488
f 1605/1846/1498 1594/1836/1489 1593/1847/1488
f 1594/1836/1489 1607/1848/1221 1595/1849/1209
f 1607/1850/1221 1596/1840/1490 1595/1838/1209
f 1608/1851/1500 1597/1852/1491 1596/1840/1490
f 1609/1853/1501 1598/1841/1492 1597/1852/1491
f 1610/1854/1502 1599/1855/1493 1598/1841/1492
f 1599/1855/1493 1612/1856/1504 1600/1842/1494
f 1612/1856/1504 1589/1832/1215 1600/1842/1494
f 1601/1857/1227 1614/1858/1505 1602/1843/1495
f 1602/1843/1495 1615/1859/1506 1603/1860/1496
f 1615/1859/1506 1604/1845/1497 1603/1860/1496
f 1616/1861/1507 1605/1846/1498 1604/1845/1497
f 1617/1862/1508 1606/1863/1499 1605/1846/1498
f 1618/1864/1509 1607/1848/1221 1606/1863/1499
f 1607/1850/1221 1620/1865/1510 1608/1851/1500
f 1608/1851/1500 1621/1866/1511 1609/1853/1501
f 1621/1866/1511 1610/1854/1502 1609/1853/1501
f 1622/1867/1512 1611/1868/1503 1610/1854/1502
f 1623/1869/1513 1612/1856/1504 1611/1868/1503
f 1624/1870/1514 1601/1857/1227 1612/1856/1504
f 1625/1871/1251 1614/1858/1505 1613/1872/1239
f 1614/1858/1505 1627/1873/1516 1615/1859/1506
f 1615/1859/1506 1628/1874/1517 1616/1861/1507
f 1628/1874/1517 1617/1862/1508 1616/1861/1507
f 1629/1875/1518 1618/1864/1509 1617/1862/1508
f 1618/1864/1509 1631/1876/1245 1619/1877/1233
f 1631/1878/1245 1620/1865/1510 1619/1879/1233
f 1620/1865/1510 1633/1880/1521 1621/1866/1511
f 1633/1880/1521 1622/1867/1512 1621/1866/1511
f 1622/1867/1512 1635/1881/1523 1623/1869/1513
f 1635/1881/1523 1624/1870/1514 1623/1869/1513
f 1624/1870/1514 1625/1871/1251 1613/1872/1239
f 1637/1882/1263 1626/1883/1515 1625/1871/1251
f 1638/1884/1525 1627/1873/1516 1626/1883/1515
f 1639/1885/1526 1628/1874/1517 1627/1873/1516
f 1640/1886/1527 1629/1875/1518 1628/1874/1517
f 1629/1875/1518 1642/1887/1529 1630/1888/1519
f 1642/1887/1529 1631/1876/1245 1630/1888/1519
f 1643/1889/1257 1632/1890/1520 1631/1878/1245
f 1644/1891/1530 1633/1880/1521 1632/1890/1520
f 1645/1892/1531 1634/1893/1522 1633/1880/1521
f 1634/1893/1522 1647/1894/1533 1635/1881/1523
f 1635/1881/1523 1648/1895/1534 1636/1896/1524
f 1636/1896/1524 1637/1882/1263 1625/1871/1251
f 1649/1897/1275 1638/1884/1525 1637/1882/1263
f 1650/1898/1535 1639/1885/1526 1638/1884/1525
f 1639/1885/1526 1652/1899/1537 1640/1886/1527
f 1652/1899/1537 1641/1900/1528 1640/1886/1527
f 1653/1901/1538 1642/1887/1529 1641/1900/1528
f 1654/1902/1539 1643/1903/1257 1642/1887/1529
f 1643/1889/1257 1656/1904/1540 1644/1891/1530
f 1644/1891/1530 1657/1905/1541 1645/1892/1531
f 1645/1892/1531 1658/1906/1542 1646/1907/1532
f 1658/1906/1542 1647/1894/1533 1646/1907/1532
f 1659/1908/1543 1648/1895/1534 1647/1894/1533
f 1648/1895/1534 1649/1897/1275 1637/1882/1263
f 1649/1897/1275 1662/1909/1545 1650/1898/1535
f 1662/1909/1545 1651/1910/1536 1650/1898/1535
f 1663/1911/1546 1652/1899/1537 1651/1910/1536
f 1664/1912/1547 1653/1901/1538 1652/1899/1537
f 1665/1913/1548 1654/1902/1539 1653/1901/1538
f 1654/1902/1539 1667/1914/1281 1655/1915/1269
f 1655/1916/1269 1668/1917/1550 1656/1904/1540
f 1668/1917/1550 1657/1905/1541 1656/1904/1540
f 1669/1918/1551 1658/1906/1542 1657/1905/1541
f 1670/1919/1552 1659/1908/1543 1658/1906/1542
f 1671/1920/1553 1660/1921/1544 1659/1908/1543
f 1672/1922/1554 1649/1897/1275 1660/1921/1544
f 1673/1923/1299 1662/1909/1545 1661/1924/1287
f 1674/1925/1555 1663/1911/1546 1662/1909/1545
f 1675/1926/1556 1664/1912/1547 1663/1911/1546
f 1676/1927/1557 1665/1913/1548 1664/1912/1547
f 1677/1928/1558 1666/1929/1549 1665/1913/1548
f 1678/1930/1559 1667/1914/1281 1666/1929/1549
f 1679/1931/1293 1668/1917/1550 1667/1932/1281
f 1680/1933/1560 1669/1918/1551 1668/1917/1550
f 1681/1934/1561 1670/1919/1552 1669/1918/1551
f 1682/1935/1562 1671/1920/1553 1670/1919/1552
f 1671/1920/1553 1684/1936/1564 1672/1922/1554
f 1684/1936/1564 1661/1924/1287 1672/1922/1554
f 1685/1937/1565 1674/1925/1555 1673/1923/1299
f 1686/1938/1566 1675/1926/1556 1674/1925/1555
f 1687/1939/1567 1676/1927/1557 1675/1926/1556
f 1688/1940/1568 1677/1928/1558 1676/1927/1557
f 1689/1941/1569 1678/1930/1559 1677/1928/1558
f 1690/1942/1570 1679/1943/1293 1678/1930/1559
f 1679/1931/1293 1692/1944/1572 1680/1933/1560
f 1692/1944/1572 1681/1934/1561 1680/1933/1560
f 1681/1934/1561 1694/1945/1574 1682/1935/1562
f 1682/1935/1562 1695/1946/1575 1683/1947/1563
f 1683/1947/1563 1696/1948/1576 1684/1936/1564
f 1684/1936/1564 1685/1937/1565 1673/1923/1299
f 1697/1949/1323 1686/1938/1566 1685/1937/1565
f 1698/1950/1577 1687/1939/1567 1686/1938/1566
f 1687/1939/1567 1700/1951/1579 1688/1940/1568
f 1700/1951/1579 1689/1941/1569 1688/1940/1568
f 1701/1952/1580 1690/1942/1570 1689/1941/1569
f 1702/1953/1581 1691/1954/1571 1690/1942/1570
f 1703/1955/1317 1692/1944/1572 1691/1956/1571
f 1704/1957/1582 1693/1958/1573 1692/1944/1572
f 1705/1959/1583 1694/1945/1574 1693/1958/1573
f 1706/1960/1584 1695/1946/1575 1694/1945/1574
f 1707/1961/1585 1696/1948/1576 1695/1946/1575
f 1708/1962/1586 1685/1937/1565 1696/1948/1576
f 1709/1963/1335 1698/1950/1577 1697/1949/1323
f 1698/1950/1577 1711/1964/1588 1699/1965/1578
f 1699/1965/1578 1712/1966/1589 1700/1951/1579
f 1712/1966/1589 1701/1952/1580 1700/1951/1579
f 1713/1967/1590 1702/1953/1581 1701/1952/1580
f 1714/1968/1591 1703/1969/1317 1702/1953/1581
f 1703/1955/1317 1716/1970/1592 1704/1957/1582
f 1716/1970/1592 1705/1959/1583 1704/1957/1582
f 1705/1959/1583 1718/1971/1594 1706/1960/1584
f 1718/1971/1594 1707/1961/1585 1706/1960/1584
f 1719/1972/1595 1708/1962/1586 1707/1961/1585
f 1708/1962/1586 1709/1963/1335 1697/1949/1323
f 1721/1973/1347 1710/1974/1587 1709/1963/1335
f 1722/1975/1597 1711/1964/1588 1710/1974/1587
f 1723/1976/1598 1712/1966/1589 1711/1964/1588
f 1724/1977/1599 1713/1967/1590 1712/1966/1589
f 1725/1978/1600 1714/1968/1591 1713/1967/1590
f 1726/1979/1601 1715/1980/1329 1714/1968/1591
f 1727/1981/1341 1716/1970/1592 1715/1982/1329
f 1728/1983/1602 1717/1984/1593 1716/1970/1592
f 1717/1984/1593 1730/1985/1604 1718/1971/1594
f 1718/1971/1594 1731/1986/1605 1719/1972/1595
f 1719/1972/1595 1732/1987/1606 1720/1988/1596
f 1720/1988/1596 1721/1973/1347 1709/1963/1335
f 1733/1989/1359 1722/1975/1597 1721/1973/1347
f 1722/1975/1597 1735/1990/1608 1723/1976/1598
f 1723/1976/1598 1736/1991/1609 1724/1977/1599
f 1736/1991/1609 1725/1978/1600 1724/1977/1599
f 1725/1978/1600 1738/1992/1611 1726/1979/1601
f 1738/1992/1611 1727/1993/1341 1726/1979/1601
f 1739/1994/1353 1728/1983/1602 1727/1981/1341
f 1740/1995/1612 1729/1996/1603 1728/1983/1602
f 1729/1996/1603 1742/1997/1614 1730/1985/1604
f 1742/1997/1614 1731/1986/1605 1730/1985/1604
f 1743/1998/1615 1732/1987/1606 1731/1986/1605
f 1744/1999/1616 1721/1973/1347 1732/1987/1606
f 1733/1989/1359 1746/2000/1617 1734/2001/1607
f 1746/2000/1617 1735/1990/1608 1734/2001/1607
f 1747/2002/1618 1736/1991/1609 1735/1990/1608
f 1736/1991/1609 1749/2003/1620 1737/2004/1610
f 1749/2003/1620 1738/1992/1611 1737/2004/1610
f 1750/2005/1621 1739/2006/1353 1738/1992/1611
f 1751/2007/1365 1740/1995/1612 1739/1994/1353
f 1740/1995/1612 1753/2008/1623 1741/2009/1613
f 1753/2008/1623 1742/1997/1614 1741/2009/1613
f 1754/2010/1624 1743/1998/1615 1742/1997/1614
f 1743/1998/1615 1756/2011/1626 1744/1999/1616
f 1756/2011/1626 1733/1989/1359 1744/1999/1616
f 1757/2012/1383 1746/2000/1617 1745/2013/1371
f 1746/2000/1617 1759/2014/1628 1747/2002/1618
f 1759/2014/1628 1748/2015/1619 1747/2002/1618
f 1760/2016/1629 1749/2003/1620 1748/2015/1619
f 1761/2017/1630 1750/2005/1621 1749/2003/1620
f 1750/2005/1621 1763/2018/1377 1751/2019/1365
f 1763/2020/1377 1752/2021/1622 1751/2007/1365
f 1764/2022/1632 1753/2008/1623 1752/2021/1622
f 1765/2023/1633 1754/2010/1624 1753/2008/1623
f 1754/2010/1624 1767/2024/1635 1755/2025/1625
f 1767/2024/1635 1756/2011/1626 1755/2025/1625
f 1768/2026/1636 1745/2013/1371 1756/2011/1626
f 1757/2012/1383 1770/2027/1637 1758/2028/1627
f 1758/2028/1627 1771/2029/1638 1759/2014/1628
f 1759/2014/1628 1772/2030/1639 1760/2016/1629
f 1760/2016/1629 1773/2031/1640 1761/2017/1630
f 1761/2017/1630 1774/2032/1641 1762/2033/1631
f 1774/2032/1641 1763/2018/1377 1762/2033/1631
f 1775/2034/1389 1764/2022/1632 1763/2020/1377
f 1776/2035/1642 1765/2023/1633 1764/2022/1632
f 1777/2036/1643 1766/2037/1634 1765/2023/1633
f 1778/2038/1644 1767/2024/1635 1766/2037/1634
f 1779/2039/1645 1768/2026/1636 1767/2024/1635
f 1780/2040/1646 1757/2012/1383 1768/2026/1636
f 1781/2041/1407 1770/2027/1637 1769/2042/1395
f 1782/2043/1647 1771/2029/1638 1770/2027/1637
f 1783/2044/1648 1772/2030/1639 1771/2029/1638
f 1784/2045/1649 1773/2031/1640 1772/2030/1639
f 1785/2046/1650 1774/2032/1641 1773/2031/1640
f 1786/2047/1651 1775/2048/1389 1774/2032/1641
f 1787/2049/1401 1776/2035/1642 1775/2034/1389
f 1788/2050/1652 1777/2036/1643 1776/2035/1642
f 1777/2036/1643 1790/2051/1654 1778/2038/1644
f 1790/2051/1654 1779/2039/1645 1778/2038/1644
f 1791/2052/1655 1780/2040/1646 1779/2039/1645
f 1792/2053/1656 1769/2042/1395 1780/2040/1646
f 1781/2041/1407 1794/2054/1657 1782/2043/1647
f 1782/2043/1647 1795/2055/1658 1783/2044/1648
f 1783/2044/1648 1796/2056/1659 1784/2045/1649
f 1796/2056/1659 1785/2046/1650 1784/2045/1649
f 1785/2046/1650 1798/2057/1661 1786/2047/1651
f 1786/2047/1651 1799/2058/1413 1787/2059/1401
f 1799/2060/1413 1788/2050/1652 1787/2049/1401
f 1800/2061/1662 1789/2062/1653 1788/2050/1652
f 1801/2063/1663 1790/2051/1654 1789/2062/1653
f 1802/2064/1664 1791/2052/1655 1790/2051/1654
f 1803/2065/1665 1792/2053/1656 1791/2052/1655
f 1804/2066/1666 1781/2041/1407 1792/2053/1656
f 1229/1433/1137 1794/2054/1657 1793/2067/1419
f 1230/1435/1138 1795/2055/1658 1794/2054/1657
f 1231/1436/1139 1796/2056/1659 1795/2055/1658
f 1232/1438/1140 1797/2068/1660 1796/2056/1659
f 1233/1439/1141 1798/2057/1661 1797/2068/1660
f 1798/2057/1661 1235/1443/1143 1799/2058/1413
f 1799/2060/1413 1236/1446/1144 1800/2061/1662
f 1236/1446/1144 1801/2063/1663 1800/2061/1662
f 1237/1448/1145 1802/2064/1664 1801/2063/1663
f 1802/2064/1664 1239/1451/1147 1803/2065/1665
f 1239/1451/1147 1804/2066/1666 1803/2065/1665
f 1240/1453/1148 1793/2067/1419 1804/2066/1666
f 1229/1433/1137 1241/1456/1149 1242/1434/1150
f 1242/1434/1150 1243/1458/1151 1231/1436/1139
f 1231/1436/1139 1243/1458/1151 1244/1437/1152
f 1244/1437/1152 1245/1440/1153 1233/1439/1141
f 1245/1440/1153 1246/1462/1154 1234/1441/1142
f 1234/1441/1142 1246/1462/1154 1247/1442/1155
f 1235/1444/1143 1247/1464/1155 1248/1445/1156
f 1236/1446/1144 1248/1445/1156 1249/1447/1157
f 1249/1447/1157 1250/1450/1158 1238/1449/1146
f 1250/1450/1158 1251/1452/1159 1239/1451/1147
f 1251/1452/1159 1252/1454/1160 1240/1453/1148
f 1252/1454/1160 1241/1456/1149 1229/1433/1137
f 1253/1455/1161 1254/1457/1162 1242/1434/1150
f 1254/1457/1162 1255/1459/1163 1243/1458/1151
f 1255/1459/1163 1256/1472/1164 1244/1437/1152
f 1244/1437/1152 1256/1472/1164 1257/1460/1165
f 1245/1440/1153 1257/1460/1165 1258/1461/1166
f 1258/1461/1166 1259/1474/1167 1247/1442/1155
f 1259/1463/1167 1260/1465/1168 1248/1445/1156
f 1260/1465/1168 1261/1466/1169 1249/1447/1157
f 1261/1466/1169 1262/1477/1170 1250/1450/1158
f 1250/1450/1158 1262/1477/1170 1263/1467/1171
f 1251/1452/1159 1263/1467/1171 1264/1468/1172
f 1264/1468/1172 1253/1455/1161 1241/1456/1149
f 1253/1455/1161 1265/1481/1173 1266/1469/1174
f 1254/1457/1162 1266/1469/1174 1267/1470/1175
f 1255/1459/1163 1267/1470/1175 1268/1471/1176
f 1268/1471/1176 1269/1485/1177 1257/1460/1165
f 1257/1460/1165 1269/1485/1177 1270/1473/1178
f 1270/1473/1178 1271/1487/1179 1259/1474/1167
f 1259/1463/1167 1271/1489/1179 1272/1475/1180
f 1272/1475/1180 1273/1476/1181 1261/1466/1169
f 1273/1476/1181 1274/1478/1182 1262/1477/1170
f 1274/1478/1182 1275/1492/1183 1263/1467/1171
f 1263/1467/1171 1275/1492/1183 1276/1479/1184
f 1276/1479/1184 1265/1481/1173 1253/1455/1161
f 1277/1480/1185 1278/1482/1186 1266/1469/1174
f 1278/1482/1186 1279/1483/1187 1267/1470/1175
f 1279/1483/1187 1280/1484/1188 1268/1471/1176
f 1280/1484/1188 1281/1497/1189 1269/1485/1177
f 1269/1485/1177 1281/1497/1189 1282/1486/1190
f 1282/1486/1190 1283/1500/1191 1271/1487/1179
f 1283/1488/1191 1284/1490/1192 1272/1475/1180
f 1284/1490/1192 1285/1502/1193 1273/1476/1181
f 1273/1476/1181 1285/1502/1193 1286/1491/1194
f 1286/1491/1194 1287/1505/1195 1275/1492/1183
f 1275/1492/1183 1287/1505/1195 1288/1493/1196
f 1288/1493/1196 1277/1480/1185 1265/1481/1173
f 1289/1494/1197 1290/1495/1198 1278/1482/1186
f 1290/1495/1198 1291/1509/1199 1279/1483/1187
f 1279/1483/1187 1291/1509/1199 1292/1496/1200
f 1292/1496/1200 1293/1498/1201 1281/1497/1189
f 1293/1498/1201 1294/1499/1202 1282/1486/1190
f 1294/1499/1202 1295/1514/1203 1283/1500/1191
f 1283/1488/1191 1295/1516/1203 1296/1501/1204
f 1296/1501/1204 1297/1503/1205 1285/1502/1193
f 1297/1503/1205 1298/1504/1206 1286/1491/1194
f 1298/1504/1206 1299/1520/1207 1287/1505/1195
f 1287/1505/1195 1299/1520/1207 1300/1506/1208
f 1300/1506/1208 1289/1494/1197 1277/1480/1185
f 1301/1507/1209 1302/1508/1210 1290/1495/1198
f 1302/1508/1210 1303/1510/1211 1291/1509/1199
f 1303/1510/1211 1304/1511/1212 1292/1496/1200
f 1304/1511/1212 1305/1524/1213 1293/1498/1201
f 1293/1498/1201 1305/1524/1213 1306/1512/1214
f 1294/1499/1202 1306/1512/1214 1307/1513/1215
f 1307/1515/1215 1308/1517/1216 1296/1501/1204
f 1308/1517/1216 1309/1518/1217 1297/1503/1205
f 1309/1518/1217 1310/1529/1218 1298/1504/1206
f 1298/1504/1206 1310/1529/1218 1311/1519/1219
f 1311/1519/1219 1312/1531/1220 1300/1506/1208
f 1300/1506/1208 1312/1531/1220 1301/1507/1209
f 1313/1521/1221 1314/1534/1222 1302/1508/1210
f 1302/1508/1210 1314/1534/1222 1315/1522/1223
f 1315/1522/1223 1316/1523/1224 1304/1511/1212
f 1316/1523/1224 1317/1538/1225 1305/1524/1213
f 1305/1524/1213 1317/1538/1225 1318/1525/1226
f 1318/1525/1226 1319/1540/1227 1307/1513/1215
f 1319/1526/1227 1320/1527/1228 1308/1517/1216
f 1320/1527/1228 1321/1543/1229 1309/1518/1217
f 1309/1518/1217 1321/1543/1229 1322/1528/1230
f 1322/1528/1230 1323/1530/1231 1311/1519/1219
f 1323/1530/1231 1324/1532/1232 1312/1531/1220
f 1324/1532/1232 1313/1521/1221 1301/1507/1209
f 1313/1521/1221 1325/1548/1233 1326/1533/1234
f 1314/1534/1222 1326/1533/1234 1327/1535/1235
f 1315/1522/1223 1327/1535/1235 1328/1536/1236
f 1316/1523/1224 1328/1536/1236 1329/1537/1237
f 1317/1538/1225 1329/1537/1237 1330/1539/1238
f 1330/1539/1238 1331/1553/1239 1319/1540/1227
f 1331/1541/1239 1332/1542/1240 1320/1527/1228
f 1332/1542/1240 1333/1544/1241 1321/1543/1229
f 1333/1544/1241 1334/1545/1242 1322/1528/1230
f 1334/1545/1242 1335/1546/1243 1323/1530/1231
f 1335/1546/1243 1336/1547/1244 1324/1532/1232
f 1336/1547/1244 1325/1548/1233 1313/1521/1221
f 1325/1548/1233 1337/1558/1245 1338/1549/1246
f 1338/1549/1246 1339/1550/1247 1327/1535/1235
f 1339/1550/1247 1340/1561/1248 1328/1536/1236
f 1328/1536/1236 1340/1561/1248 1341/1551/1249
f 1341/1551/1249 1342/1552/1250 1330/1539/1238
f 1342/1552/1250 1343/1565/1251 1331/1553/1239
f 1331/1541/1239 1343/1567/1251 1344/1554/1252
f 1344/1554/1252 1345/1555/1253 1333/1544/1241
f 1345/1555/1253 1346/1570/1254 1334/1545/1242
f 1334/1545/1242 1346/1570/1254 1347/1556/1255
f 1335/1546/1243 1347/1556/1255 1348/1557/1256
f 1348/1557/1256 1337/1558/1245 1325/1548/1233
f 1337/1558/1245 1349/1573/1257 1350/1559/1258
f 1350/1559/1258 1351/1560/1259 1339/1550/1247
f 1351/1560/1259 1352/1576/1260 1340/1561/1248
f 1340/1561/1248 1352/1576/1260 1353/1562/1261
f 1341/1551/1249 1353/1562/1261 1354/1563/1262
f 1342/1552/1250 1354/1563/1262 1355/1564/1263
f 1355/1566/1263 1356/1568/1264 1344/1554/1252
f 1356/1568/1264 1357/1582/1265 1345/1555/1253
f 1345/1555/1253 1357/1582/1265 1358/1569/1266
f 1346/1570/1254 1358/1569/1266 1359/1571/1267
f 1359/1571/1267 1360/1572/1268 1348/1557/1256
f 1360/1572/1268 1349/1573/1257 1337/1558/1245
f 1349/1573/1257 1361/1587/1269 1362/1574/1270
f 1350/1559/1258 1362/1574/1270 1363/1575/1271
f 1363/1575/1271 1364/1577/1272 1352/1576/1260
f 1364/1577/1272 1365/1578/1273 1353/1562/1261
f 1365/1578/1273 1366/1579/1274 1354/1563/1262
f 1366/1579/1274 1367/1592/1275 1355/1564/1263
f 1367/1580/1275 1368/1594/1276 1356/1568/1264
f 1356/1568/1264 1368/1594/1276 1369/1581/1277
f 1369/1581/1277 1370/1583/1278 1358/1569/1266
f 1370/1583/1278 1371/1584/1279 1359/1571/1267
f 1371/1584/1279 1372/1585/1280 1360/1572/1268
f 1372/1585/1280 1361/1587/1269 1349/1573/1257
f 1373/1586/1281 1374/1588/1282 1362/1574/1270
f 1374/1588/1282 1375/1601/1283 1363/1575/1271
f 1363/1575/1271 1375/1601/1283 1376/1589/1284
f 1376/1589/1284 1377/1590/1285 1365/1578/1273
f 1377/1590/1285 1378/1591/1286 1366/1579/1274
f 1378/1591/1286 1379/1605/1287 1367/1592/1275
f 1379/1593/1287 1380/1595/1288 1368/1594/1276
f 1380/1595/1288 1381/1608/1289 1369/1581/1277
f 1369/1581/1277 1381/1608/1289 1382/1596/1290
f 1382/1596/1290 1383/1597/1291 1371/1584/1279
f 1383/1597/1291 1384/1598/1292 1372/1585/1280
f 1384/1598/1292 1373/1586/1281 1361/1587/1269
f 1373/1586/1281 1385/1611/1293 1386/1599/1294
f 1374/1588/1282 1386/1599/1294 1387/1600/1295
f 1387/1600/1295 1388/1602/1296 1376/1589/1284
f 1388/1602/1296 1389/1603/1297 1377/1590/1285
f 1389/1603/1297 1390/1604/1298 1378/1591/1286
f 1390/1604/1298 1391/1617/1299 1379/1605/1287
f 1391/1606/1299 1392/1619/1300 1380/1595/1288
f 1380/1595/1288 1392/1619/1300 1393/1607/1301
f 1393/1607/1301 1394/1622/1302 1382/1596/1290
f 1382/1596/1290 1394/1622/1302 1395/1609/1303
f 1395/1609/1303 1396/1610/1304 1384/1598/1292
f 1396/1610/1304 1385/1611/1293 1373/1586/1281
f 1385/1611/1293 1397/1625/1305 1398/1612/1306
f 1398/1612/1306 1399/1613/1307 1387/1600/1295
f 1399/1613/1307 1400/1614/1308 1388/1602/1296
f 1400/1614/1308 1401/1615/1309 1389/1603/1297
f 1401/1615/1309 1402/1630/1310 1390/1604/1298
f 1390/1604/1298 1402/1630/1310 1403/1616/1311
f 1403/1618/1311 1404/1620/1312 1392/1619/1300
f 1404/1620/1312 1405/1621/1313 1393/1607/1301
f 1405/1621/1313 1406/1635/1314 1394/1622/1302
f 1394/1622/1302 1406/1635/1314 1407/1623/1315
f 1407/1623/1315 1408/1624/1316 1396/1610/1304
f 1408/1624/1316 1397/1625/1305 1385/1611/1293
f 1397/1625/1305 1409/1638/1317 1410/1626/1318
f 1410/1626/1318 1411/1627/1319 1399/1613/1307
f 1411/1627/1319 1412/1628/1320 1400/1614/1308
f 1412/1628/1320 1413/1629/1321 1401/1615/1309
f 1413/1629/1321 1414/1643/1322 1402/1630/1310
f 1402/1630/1310 1414/1643/1322 1415/1631/1323
f 1415/1632/1323 1416/1645/1324 1404/1620/1312
f 1404/1620/1312 1416/1645/1324 1417/1633/1325
f 1405/1621/1313 1417/1633/1325 1418/1634/1326
f 1406/1635/1314 1418/1634/1326 1419/1636/1327
f 1419/1636/1327 1420/1637/1328 1408/1624/1316
f 1420/1637/1328 1409/1638/1317 1397/1625/1305
f 1409/1638/1317 1421/1650/1329 1422/1639/1330
f 1422/1639/1330 1423/1640/1331 1411/1627/1319
f 1423/1640/1331 1424/1641/1332 1412/1628/1320
f 1424/1641/1332 1425/1653/1333 1413/1629/1321
f 1413/1629/1321 1425/1653/1333 1426/1642/1334
f 1426/1642/1334 1427/1656/1335 1415/1631/1323
f 1415/1632/1323 1427/1658/1335 1428/1644/1336
f 1428/1644/1336 1429/1646/1337 1417/1633/1325
f 1429/1646/1337 1430/1661/1338 1418/1634/1326
f 1418/1634/1326 1430/1661/1338 1431/1647/1339
f 1419/1636/1327 1431/1647/1339 1432/1648/1340
f 1432/1648/1340 1421/1650/1329 1409/1638/1317
f 1433/1649/1341 1434/1651/1342 1422/1639/1330
f 1434/1651/1342 1435/1665/1343 1423/1640/1331
f 1423/1640/1331 1435/1665/1343 1436/1652/1344
f 1436/1652/1344 1437/1654/1345 1425/1653/1333
f 1437/1654/1345 1438/1668/1346 1426/1642/1334
f 1426/1642/1334 1438/1668/1346 1439/1655/1347
f 1439/1657/1347 1440/1671/1348 1428/1644/1336
f 1428/1644/1336 1440/1671/1348 1441/1659/1349
f 1429/1646/1337 1441/1659/1349 1442/1660/1350
f 1442/1660/1350 1443/1674/1351 1431/1647/1339
f 1431/1647/1339 1443/1674/1351 1444/1662/1352
f 1444/1662/1352 1433/1649/1341 1421/1650/1329
f 1445/1663/1353 1446/1677/1354 1434/1651/1342
f 1434/1651/1342 1446/1677/1354 1447/1664/1355
f 1435/1665/1343 1447/1664/1355 1448/1666/1356
f 1436/1652/1344 1448/1666/1356 1449/1667/1357
f 1449/1667/1357 1450/1680/1358 1438/1668/1346
f 1438/1668/1346 1450/1680/1358 1451/1669/1359
f 1451/1670/1359 1452/1683/1360 1440/1671/1348
f 1440/1671/1348 1452/1683/1360 1453/1672/1361
f 1453/1672/1361 1454/1673/1362 1442/1660/1350
f 1454/1673/1362 1455/1675/1363 1443/1674/1351
f 1455/1675/1363 1456/1686/1364 1444/1662/1352
f 1444/1662/1352 1456/1686/1364 1445/1663/1353
f 1457/1676/1365 1458/1689/1366 1446/1677/1354
f 1446/1677/1354 1458/1689/1366 1459/1678/1367
f 1459/1678/1367 1460/1692/1368 1448/1666/1356
f 1448/1666/1356 1460/1692/1368 1461/1679/1369
f 1461/1679/1369 1462/1681/1370 1450/1680/1358
f 1462/1681/1370 1463/1695/1371 1451/1669/1359
f 1451/1670/1359 1463/1696/1371 1464/1682/1372
f 1452/1683/1360 1464/1682/1372 1465/1684/1373
f 1465/1684/1373 1466/1699/1374 1454/1673/1362
f 1454/1673/1362 1466/1699/1374 1467/1685/1375
f 1467/1685/1375 1468/1687/1376 1456/1686/1364
f 1468/1687/1376 1457/1676/1365 1445/1663/1353
f 1469/1688/1377 1470/1690/1378 1458/1689/1366
f 1470/1690/1378 1471/1691/1379 1459/1678/1367
f 1471/1691/1379 1472/1704/1380 1460/1692/1368
f 1460/1692/1368 1472/1704/1380 1473/1693/1381
f 1473/1693/1381 1474/1706/1382 1462/1681/1370
f 1462/1681/1370 1474/1706/1382 1475/1694/1383
f 1463/1696/1371 1475/1709/1383 1476/1697/1384
f 1476/1697/1384 1477/1698/1385 1465/1684/1373
f 1477/1698/1385 1478/1712/1386 1466/1699/1374
f 1466/1699/1374 1478/1712/1386 1479/1700/1387
f 1479/1700/1387 1480/1701/1388 1468/1687/1376
f 1480/1701/1388 1469/1688/1377 1457/1676/1365
f 1469/1688/1377 1481/1716/1389 1482/1702/1390
f 1482/1702/1390 1483/1718/1391 1471/1691/1379
f 1471/1691/1379 1483/1718/1391 1484/1703/1392
f 1484/1703/1392 1485/1705/1393 1473/1693/1381
f 1485/1705/1393 1486/1721/1394 1474/1706/1382
f 1474/1706/1382 1486/1721/1394 1487/1707/1395
f 1487/1708/1395 1488/1710/1396 1476/1697/1384
f 1488/1710/1396 1489/1711/1397 1477/1698/1385
f 1489/1711/1397 1490/1726/1398 1478/1712/1386
f 1478/1712/1386 1490/1726/1398 1491/1713/1399
f 1479/1700/1387 1491/1713/1399 1492/1714/1400
f 1492/1714/1400 1481/1716/1389 1469/1688/1377
f 1493/1715/1401 1494/1717/1402 1482/1702/1390
f 1494/1717/1402 1495/1732/1403 1483/1718/1391
f 1483/1718/1391 1495/1732/1403 1496/1719/1404
f 1496/1719/1404 1497/1720/1405 1485/1705/1393
f 1497/1720/1405 1498/1735/1406 1486/1721/1394
f 1486/1721/1394 1498/1735/1406 1499/1722/1407
f 1499/1723/1407 1500/1724/1408 1488/1710/1396
f 1500/1724/1408 1501/1725/1409 1489/1711/1397
f 1501/1725/1409 1502/1727/1410 1490/1726/1398
f 1502/1727/1410 1503/1728/1411 1491/1713/1399
f 1503/1728/1411 1504/1729/1412 1492/1714/1400
f 1504/1729/1412 1493/1715/1401 1481/1716/1389
f 1493/1715/1401 1505/1741/1413 1506/1730/1414
f 1494/1717/1402 1506/1730/1414 1507/1731/1415
f 1507/1731/1415 1508/1733/1416 1496/1719/1404
f 1508/1733/1416 1509/1734/1417 1497/1720/1405
f 1509/1734/1417 1510/1736/1418 1498/1735/1406
f 1510/1736/1418 1511/1748/1419 1499/1722/1407
f 1499/1723/1407 1511/1750/1419 1512/1737/1420
f 1500/1724/1408 1512/1737/1420 1513/1738/1421
f 1513/1738/1421 1514/1739/1422 1502/1727/1410
f 1514/1739/1422 1515/1740/1423 1503/1728/1411
f 1515/1740/1423 1516/1755/1424 1504/1729/1412
f 1504/1729/1412 1516/1755/1424 1505/1741/1413
f 1517/1742/1143 1518/1743/1425 1506/1730/1414
f 1518/1743/1425 1519/1744/1426 1507/1731/1415
f 1519/1744/1426 1520/1745/1427 1508/1733/1416
f 1520/1745/1427 1521/1746/1428 1509/1734/1417
f 1521/1746/1428 1522/2069/1429 1510/1736/1418
f 1510/1736/1418 1522/2069/1429 1523/1747/1137
f 1523/1749/1137 1524/1751/1430 1512/1737/1420
f 1524/1751/1430 1525/1752/1431 1513/1738/1421
f 1525/1752/1431 1526/1753/1432 1514/1739/1422
f 1526/1753/1432 1527/1754/1433 1515/1740/1423
f 1527/1754/1433 1528/1756/1434 1516/1755/1424
f 1528/1756/1434 1517/1742/1143 1505/1741/1413
f 1517/1757/1143 1529/1780/1155 1530/1758/1435
f 1518/1759/1425 1530/1758/1435 1531/1760/1436
f 1531/1760/1436 1532/1763/1437 1520/1762/1427
f 1532/1763/1437 1533/1765/1438 1521/1764/1428
f 1533/1765/1438 1534/1785/1439 1522/1766/1429
f 1522/1766/1429 1534/1785/1439 1535/1767/1149
f 1535/1769/1149 1536/1772/1440 1524/1770/1430
f 1536/1772/1440 1537/1774/1441 1525/1773/1431
f 1537/1774/1441 1538/1790/1442 1526/1775/1432
f 1526/1775/1432 1538/1790/1442 1539/1776/1443
f 1527/1777/1433 1539/1776/1443 1540/1778/1444
f 1540/1778/1444 1529/1780/1155 1517/1757/1143
f 1529/1780/1155 1541/1794/1167 1542/1781/1445
f 1542/1781/1445 1543/1782/1446 1531/1760/1436
f 1543/1782/1446 1544/1783/1447 1532/1763/1437
f 1544/1783/1447 1545/1784/1448 1533/1765/1438
f 1545/1784/1448 1546/1798/1449 1534/1785/1439
f 1534/1785/1439 1546/1798/1449 1547/1786/1161
f 1547/1787/1161 1548/1788/1450 1536/1772/1440
f 1548/1788/1450 1549/1802/1451 1537/1774/1441
f 1537/1774/1441 1549/1802/1451 1550/1789/1452
f 1550/1789/1452 1551/1791/1453 1539/1776/1443
f 1551/1791/1453 1552/1792/1454 1540/1778/1444
f 1552/1792/1454 1541/1794/1167 1529/1780/1155
f 1553/1793/1179 1554/1806/1455 1542/1781/1445
f 1542/1781/1445 1554/1806/1455 1555/1795/1456
f 1555/1795/1456 1556/1796/1457 1544/1783/1447
f 1556/1796/1457 1557/1797/1458 1545/1784/1448
f 1557/1797/1458 1558/1811/1459 1546/1798/1449
f 1546/1798/1449 1558/1811/1459 1559/1799/1173
f 1559/1800/1173 1560/1814/1460 1548/1788/1450
f 1548/1788/1450 1560/1814/1460 1561/1801/1461
f 1561/1801/1461 1562/1803/1462 1550/1789/1452
f 1562/1803/1462 1563/1804/1463 1551/1791/1453
f 1563/1804/1463 1564/1819/1464 1552/1792/1454
f 1552/1792/1454 1564/1819/1464 1553/1793/1179
f 1565/1805/1191 1566/1807/1465 1554/1806/1455
f 1566/1807/1465 1567/1808/1466 1555/1795/1456
f 1567/1808/1466 1568/1809/1467 1556/1796/1457
f 1568/1809/1467 1569/1824/1468 1557/1797/1458
f 1557/1797/1458 1569/1824/1468 1570/1810/1469
f 1558/1811/1459 1570/1810/1469 1571/1812/1185
f 1571/1813/1185 1572/1815/1470 1560/1814/1460
f 1572/1815/1470 1573/1816/1471 1561/1801/1461
f 1573/1816/1471 1574/1817/1472 1562/1803/1462
f 1574/1817/1472 1575/1818/1473 1563/1804/1463
f 1575/1818/1473 1576/1820/1474 1564/1819/1464
f 1576/1820/1474 1565/1805/1191 1553/1793/1179
f 1577/1821/1203 1578/1822/1475 1566/1807/1465
f 1578/1822/1475 1579/1834/1476 1567/1808/1466
f 1567/1808/1466 1579/1834/1476 1580/1823/1477
f 1580/1823/1477 1581/1825/1478 1569/1824/1468
f 1581/1825/1478 1582/1837/1479 1570/1810/1469
f 1570/1810/1469 1582/1837/1479 1583/1826/1197
f 1583/1827/1197 1584/1839/1480 1572/1815/1470
f 1572/1815/1470 1584/1839/1480 1585/1828/1481
f 1573/1816/1471 1585/1828/1481 1586/1829/1482
f 1586/1829/1482 1587/1830/1483 1575/1818/1473
f 1587/1830/1483 1588/1831/1484 1576/1820/1474
f 1588/1831/1484 1577/1821/1203 1565/1805/1191
f 1589/1832/1215 1590/1833/1485 1578/1822/1475
f 1590/1833/1485 1591/1844/1486 1579/1834/1476
f 1579/1834/1476 1591/1844/1486 1592/1835/1487
f 1592/1835/1487 1593/1847/1488 1581/1825/1478
f 1581/1825/1478 1593/1847/1488 1594/1836/1489
f 1594/1836/1489 1595/1849/1209 1583/1826/1197
f 1595/1838/1209 1596/1840/1490 1584/1839/1480
f 1596/1840/1490 1597/1852/1491 1585/1828/1481
f 1585/1828/1481 1597/1852/1491 1598/1841/1492
f 1598/1841/1492 1599/1855/1493 1587/1830/1483
f 1587/1830/1483 1599/1855/1493 1600/1842/1494
f 1600/1842/1494 1589/1832/1215 1577/1821/1203
f 1589/1832/1215 1601/1857/1227 1602/1843/1495
f 1602/1843/1495 1603/1860/1496 1591/1844/1486
f 1591/1844/1486 1603/1860/1496 1604/1845/1497
f 1592/1835/1487 1604/1845/1497 1605/1846/1498
f 1605/1846/1498 1606/1863/1499 1594/1836/1489
f 1594/1836/1489 1606/1863/1499 1607/1848/1221
f 1607/1850/1221 1608/1851/1500 1596/1840/1490
f 1608/1851/1500 1609/1853/1501 1597/1852/1491
f 1609/1853/1501 1610/1854/1502 1598/1841/1492
f 1610/1854/1502 1611/1868/1503 1599/1855/1493
f 1599/1855/1493 1611/1868/1503 1612/1856/1504
f 1612/1856/1504 1601/1857/1227 1589/1832/1215
f 1601/1857/1227 1613/1872/1239 1614/1858/1505
f 1602/1843/1495 1614/1858/1505 1615/1859/1506
f 1615/1859/1506 1616/1861/1507 1604/1845/1497
f 1616/1861/1507 1617/1862/1508 1605/1846/1498
f 1617/1862/1508 1618/1864/1509 1606/1863/1499
f 1618/1864/1509 1619/1877/1233 1607/1848/1221
f 1607/1850/1221 1619/1879/1233 1620/1865/1510
f 1608/1851/1500 1620/1865/1510 1621/1866/1511
f 1621/1866/1511 1622/1867/1512 1610/1854/1502
f 1622/1867/1512 1623/1869/1513 1611/1868/1503
f 1623/1869/1513 1624/1870/1514 1612/1856/1504
f 1624/1870/1514 1613/1872/1239 1601/1857/1227
f 1625/1871/1251 1626/1883/1515 1614/1858/1505
f 1614/1858/1505 1626/1883/1515 1627/1873/1516
f 1615/1859/1506 1627/1873/1516 1628/1874/1517
f 1628/1874/1517 1629/1875/1518 1617/1862/1508
f 1629/1875/1518 1630/1888/1519 1618/1864/1509
f 1618/1864/1509 1630/1888/1519 1631/1876/1245
f 1631/1878/1245 1632/1890/1520 1620/1865/1510
f 1620/1865/1510 1632/1890/1520 1633/1880/1521
f 1633/1880/1521 1634/1893/1522 1622/1867/1512
f 1622/1867/1512 1634/1893/1522 1635/1881/1523
f 1635/1881/1523 1636/1896/1524 1624/1870/1514
f 1624/1870/1514 1636/1896/1524 1625/1871/1251
f 1637/1882/1263 1638/1884/1525 1626/1883/1515
f 1638/1884/1525 1639/1885/1526 1627/1873/1516
f 1639/1885/1526 1640/1886/1527 1628/1874/1517
f 1640/1886/1527 1641/1900/1528 1629/1875/1518
f 1629/1875/1518 1641/1900/1528 1642/1887/1529
f 1642/1887/1529 1643/1903/1257 1631/1876/1245
f 1643/1889/1257 1644/1891/1530 1632/1890/1520
f 1644/1891/1530 1645/1892/1531 1633/1880/1521
f 1645/1892/1531 1646/1907/1532 1634/1893/1522
f 1634/1893/1522 1646/1907/1532 1647/1894/1533
f 1635/1881/1523 1647/1894/1533 1648/1895/1534
f 1636/1896/1524 1648/1895/1534 1637/1882/1263
f 1649/1897/1275 1650/1898/1535 1638/1884/1525
f 1650/1898/1535 1651/1910/1536 1639/1885/1526
f 1639/1885/1526 1651/1910/1536 1652/1899/1537
f 1652/1899/1537 1653/1901/1538 1641/1900/1528
f 1653/1901/1538 1654/1902/1539 1642/1887/1529
f 1654/1902/1539 1655/1915/1269 1643/1903/1257
f 1643/1889/1257 1655/1916/1269 1656/1904/1540
f 1644/1891/1530 1656/1904/1540 1657/1905/1541
f 1645/1892/1531 1657/1905/1541 1658/1906/1542
f 1658/1906/1542 1659/1908/1543 1647/1894/1533
f 1659/1908/1543 1660/1921/1544 1648/1895/1534
f 1648/1895/1534 1660/1921/1544 1649/1897/1275
f 1649/1897/1275 1661/1924/1287 1662/1909/1545
f 1662/1909/1545 1663/1911/1546 1651/1910/1536
f 1663/1911/1546 1664/1912/1547 1652/1899/1537
f 1664/1912/1547 1665/1913/1548 1653/1901/1538
f 1665/1913/1548 1666/1929/1549 1654/1902/1539
f 1654/1902/1539 1666/1929/1549 1667/1914/1281
f 1655/1916/1269 1667/1932/1281 1668/1917/1550
f 1668/1917/1550 1669/1918/1551 1657/1905/1541
f 1669/1918/1551 1670/1919/1552 1658/1906/1542
f 1670/1919/1552 1671/1920/1553 1659/1908/1543
f 1671/1920/1553 1672/1922/1554 1660/1921/1544
f 1672/1922/1554 1661/1924/1287 1649/1897/1275
f 1673/1923/1299 1674/1925/1555 1662/1909/1545
f 1674/1925/1555 1675/1926/1556 1663/1911/1546
f 1675/1926/1556 1676/1927/1557 1664/1912/1547
f 1676/1927/1557 1677/1928/1558 1665/1913/1548
f 1677/1928/1558 1678/1930/1559 1666/1929/1549
f 1678/1930/1559 1679/1943/1293 1667/1914/1281
f 1679/1931/1293 1680/1933/1560 1668/1917/1550
f 1680/1933/1560 1681/1934/1561 1669/1918/1551
f 1681/1934/1561 1682/1935/1562 1670/1919/1552
f 1682/1935/1562 1683/1947/1563 1671/1920/1553
f 1671/1920/1553 1683/1947/1563 1684/1936/1564
f 1684/1936/1564 1673/1923/1299 1661/1924/1287
f 1685/1937/1565 1686/1938/1566 1674/1925/1555
f 1686/1938/1566 1687/1939/1567 1675/1926/1556
f 1687/1939/1567 1688/1940/1568 1676/1927/1557
f 1688/1940/1568 1689/1941/1569 1677/1928/1558
f 1689/1941/1569 1690/1942/1570 1678/1930/1559
f 1690/1942/1570 1691/1954/1571 1679/1943/1293
f 1679/1931/1293 1691/1956/1571 1692/1944/1572
f 1692/1944/1572 1693/1958/1573 1681/1934/1561
f 1681/1934/1561 1693/1958/1573 1694/1945/1574
f 1682/1935/1562 1694/1945/1574 1695/1946/1575
f 1683/1947/1563 1695/1946/1575 1696/1948/1576
f 1684/1936/1564 1696/1948/1576 1685/1937/1565
f 1697/1949/1323 1698/1950/1577 1686/1938/1566
f 1698/1950/1577 1699/1965/1578 1687/1939/1567
f 1687/1939/1567 1699/1965/1578 1700/1951/1579
f 1700/1951/1579 1701/1952/1580 1689/1941/1569
f 1701/1952/1580 1702/1953/1581 1690/1942/1570
f 1702/1953/1581 1703/1969/1317 1691/1954/1571
f 1703/1955/1317 1704/1957/1582 1692/1944/1572
f 1704/1957/1582 1705/1959/1583 1693/1958/1573
f 1705/1959/1583 1706/1960/1584 1694/1945/1574
f 1706/1960/1584 1707/1961/1585 1695/1946/1575
f 1707/1961/1585 1708/1962/1586 1696/1948/1576
f 1708/1962/1586 1697/1949/1323 1685/1937/1565
f 1709/1963/1335 1710/1974/1587 1698/1950/1577
f 1698/1950/1577 1710/1974/1587 1711/1964/1588
f 1699/1965/1578 1711/1964/1588 1712/1966/1589
f 1712/1966/1589 1713/1967/1590 1701/1952/1580
f 1713/1967/1590 1714/1968/1591 1702/1953/1581
f 1714/1968/1591 1715/1980/1329 1703/1969/1317
f 1703/1955/1317 1715/1982/1329 1716/1970/1592
f 1716/1970/1592 1717/1984/1593 1705/1959/1583
f 1705/1959/1583 1717/1984/1593 1718/1971/1594
f 1718/1971/1594 1719/1972/1595 1707/1961/1585
f 1719/1972/1595 1720/1988/1596 1708/1962/1586
f 1708/1962/1586 1720/1988/1596 1709/1963/1335
f 1721/1973/1347 1722/1975/1597 1710/1974/1587
f 1722/1975/1597 1723/1976/1598 1711/1964/1588
f 1723/1976/1598 1724/1977/1599 1712/1966/1589
f 1724/1977/1599 1725/1978/1600 1713/1967/1590
f 1725/1978/1600 1726/1979/1601 1714/1968/1591
f 1726/1979/1601 1727/1993/1341 1715/1980/1329
f 1727/1981/1341 1728/1983/1602 1716/1970/1592
f 1728/1983/1602 1729/1996/1603 1717/1984/1593
f 1717/1984/1593 1729/1996/1603 1730/1985/1604
f 1718/1971/1594 1730/1985/1604 1731/1986/1605
f 1719/1972/1595 1731/1986/1605 1732/1987/1606
f 1720/1988/1596 1732/1987/1606 1721/1973/1347
f 1733/1989/1359 1734/2001/1607 1722/1975/1597
f 1722/1975/1597 1734/2001/1607 1735/1990/1608
f 1723/1976/1598 1735/1990/1608 1736/1991/1609
f 1736/1991/1609 1737/2004/1610 1725/1978/1600
f 1725/1978/1600 1737/2004/1610 1738/1992/1611
f 1738/1992/1611 1739/2006/1353 1727/1993/1341
f 1739/1994/1353 1740/1995/1612 1728/1983/1602
f 1740/1995/1612 1741/2009/1613 1729/1996/1603
f 1729/1996/1603 1741/2009/1613 1742/1997/1614
f 1742/1997/1614 1743/1998/1615 1731/1986/1605
f 1743/1998/1615 1744/1999/1616 1732/1987/1606
f 1744/1999/1616 1733/1989/1359 1721/1973/1347
f 1733/1989/1359 1745/2013/1371 1746/2000/1617
f 1746/2000/1617 1747/2002/1618 1735/1990/1608
f 1747/2002/1618 1748/2015/1619 1736/1991/1609
f 1736/1991/1609 1748/2015/1619 1749/2003/1620
f 1749/2003/1620 1750/2005/1621 1738/1992/1611
f 1750/2005/1621 1751/2019/1365 1739/2006/1353
f 1751/2007/1365 1752/2021/1622 1740/1995/1612
f 1740/1995/1612 1752/2021/1622 1753/2008/1623
f 1753/2008/1623 1754/2010/1624 1742/1997/1614
f 1754/2010/1624 1755/2025/1625 1743/1998/1615
f 1743/1998/1615 1755/2025/1625 1756/2011/1626
f 1756/2011/1626 1745/2013/1371 1733/1989/1359
f 1757/2012/1383 1758/2028/1627 1746/2000/1617
f 1746/2000/1617 1758/2028/1627 1759/2014/1628
f 1759/2014/1628 1760/2016/1629 1748/2015/1619
f 1760/2016/1629 1761/2017/1630 1749/2003/1620
f 1761/2017/1630 1762/2033/1631 1750/2005/1621
f 1750/2005/1621 1762/2033/1631 1763/2018/1377
f 1763/2020/1377 1764/2022/1632 1752/2021/1622
f 1764/2022/1632 1765/2023/1633 1753/2008/1623
f 1765/2023/1633 1766/2037/1634 1754/2010/1624
f 1754/2010/1624 1766/2037/1634 1767/2024/1635
f 1767/2024/1635 1768/2026/1636 1756/2011/1626
f 1768/2026/1636 1757/2012/1383 1745/2013/1371
f 1757/2012/1383 1769/2042/1395 1770/2027/1637
f 1758/2028/1627 1770/2027/1637 1771/2029/1638
f 1759/2014/1628 1771/2029/1638 1772/2030/1639
f 1760/2016/1629 1772/2030/1639 1773/2031/1640
f 1761/2017/1630 1773/2031/1640 1774/2032/1641
f 1774/2032/1641 1775/2048/1389 1763/2018/1377
f 1775/2034/1389 1776/2035/1642 1764/2022/1632
f 1776/2035/1642 1777/2036/1643 1765/2023/1633
f 1777/2036/1643 1778/2038/1644 1766/2037/1634
f 1778/2038/1644 1779/2039/1645 1767/2024/1635
f 1779/2039/1645 1780/2040/1646 1768/2026/1636
f 1780/2040/1646 1769/2042/1395 1757/2012/1383
f 1781/2041/1407 1782/2043/1647 1770/2027/1637
f 1782/2043/1647 1783/2044/1648 1771/2029/1638
f 1783/2044/1648 1784/2045/1649 1772/2030/1639
f 1784/2045/1649 1785/2046/1650 1773/2031/1640
f 1785/2046/1650 1786/2047/1651 1774/2032/1641
f 1786/2047/1651 1787/2059/1401 1775/2048/1389
f 1787/2049/1401 1788/2050/1652 1776/2035/1642
f 1788/2050/1652 1789/2062/1653 1777/2036/1643
f 1777/2036/1643 1789/2062/1653 1790/2051/1654
f 1790/2051/1654 1791/2052/1655 1779/2039/1645
f 1791/2052/1655 1792/2053/1656 1780/2040/1646
f 1792/2053/1656 1781/2041/1407 1769/2042/1395
f 1781/2041/1407 1793/2067/1419 1794/2054/1657
f 1782/2043/1647 1794/2054/1657 1795/2055/1658
f 1783/2044/1648 1795/2055/1658 1796/2056/1659
f 1796/2056/1659 1797/2068/1660 1785/2046/1650
f 1785/2046/1650 1797/2068/1660 1798/2057/1661
f 1786/2047/1651 1798/2057/1661 1799/2058/1413
f 1799/2060/1413 1800/2061/1662 1788/2050/1652
f 1800/2061/1662 1801/2063/1663 1789/2062/1653
f 1801/2063/1663 1802/2064/1664 1790/2051/1654
f 1802/2064/1664 1803/2065/1665 1791/2052/1655
f 1803/2065/1665 1804/2066/1666 1792/2053/1656
f 1804/2066/1666 1793/2067/1419 1781/2041/1407
f 1229/1433/1137 1230/1435/1138 1794/2054/1657
f 1230/1435/1138 1231/1436/1139 1795/2055/1658
f 1231/1436/1139 1232/1438/1140 1796/2056/1659
f 1232/1438/1140 1233/1439/1141 1797/2068/1660
f 1233/1439/1141 1234/1441/1142 1798/2057/1661
f 1798/2057/1661 1234/1441/1142 1235/1443/1143
f 1799/2060/1413 1235/1444/1143 1236/1446/1144
f 1236/1446/1144 1237/1448/1145 1801/2063/1663
f 1237/1448/1145 1238/1449/1146 1802/2064/1664
f 1802/2064/1664 1238/1449/1146 1239/1451/1147
f 1239/1451/1147 1240/1453/1148 1804/2066/1666
f 1240/1453/1148 1229/1433/1137 1793/2067/1419
o Cube
v 0.360000 0.295200 3.246800
v 0.360000 0.295200 4.053200
v 0.360000 -0.295200 3.246800
v 0.360000 -0.295200 4.053200
v -0.360000 0.295200 3.246800
v -0.360000 0.295200 4.053200
v -0.360000 -0.295200 3.246800
v -0.360000 -0.295200 4.053200
vn 0.5518 0.6729 -0.4927
vn 0.5518 0.6729 0.4927
vn 0.5518 -0.6729 -0.4927
vn 0.5518 -0.6729 0.4927
vn -0.5518 0.6729 -0.4927
vn -0.5518 0.6729 0.4927
vn -0.5518 -0.6729 -0.4927
vn -0.5518 -0.6729 0.4927
vt 0.625000 0.000000
vt 0.375000 0.250000
vt 0.375000 0.000000
vt 0.625000 0.250000
vt 0.375000 0.500000
vt 0.625000 0.500000
vt 0.375000 0.750000
vt 0.625000 0.750000
vt 0.375000 1.000000
vt 0.125000 0.750000
vt 0.125000 0.500000
vt 0.875000 0.500000
vt 0.625000 1.000000
vt 0.875000 0.750000
s 1
g Cube_M_OracPed.004
usemtl M_OracPed.004
f 1806/2070/1668 1807/2071/1669 1805/2072/1667
f 1808/2073/1670 1811/2074/1673 1807/2071/1669
f 1812/2075/1674 1809/2076/1671 1811/2074/1673
f 1810/2077/1672 1805/2078/1667 1809/2076/1671
f 1811/2074/1673 1805/2079/1667 1807/2080/1669
f 1808/2081/1670 1810/2077/1672 1812/2075/1674
f 1806/2070/1668 1808/2073/1670 1807/2071/1669
f 1808/2073/1670 1812/2075/1674 1811/2074/1673
f 1812/2075/1674 1810/2077/1672 1809/2076/1671
f 1810/2077/1672 1806/2082/1668 1805/2078/1667
f 1811/2074/1673 1809/2076/1671 1805/2079/1667
f 1808/2081/1670 1806/2083/1668 1810/2077/1672
o Sphere
v 0.200000 0.468295 3.778847
v 0.200000 0.446666 3.769888
v 0.200000 0.424567 3.742961
v 0.200000 0.420000 3.720000
v 0.200000 0.421153 3.708295
v 0.200000 0.424567 3.697039
v 0.200000 0.430112 3.686666
v 0.200000 0.446666 3.670112
v 0.197716 0.468519 3.778847
v 0.195521 0.457480 3.775433
v 0.193497 0.447306 3.769888
v 0.191723 0.438389 3.762426
v 0.190267 0.431070 3.753334
v 0.189186 0.425632 3.742961
v 0.188520 0.422284 3.731705
v 0.188295 0.421153 3.720000
v 0.188520 0.422284 3.708295
v 0.189186 0.425632 3.697039
v 0.190267 0.431070 3.686666
v 0.191723 0.438389 3.677574
v 0.193497 0.447306 3.670112
v 0.195521 0.457480 3.664567
v 0.197716 0.468519 3.661153
v 0.195521 0.469186 3.778847
v 0.191213 0.458787 3.775433
v 0.187244 0.449203 3.769888
v 0.183764 0.440803 3.762426
v 0.180909 0.433909 3.753334
v 0.178787 0.428787 3.742961
v 0.177480 0.425632 3.731705
v 0.177039 0.424567 3.720000
v 0.177480 0.425632 3.708295
v 0.178787 0.428787 3.697039
v 0.180909 0.433909 3.686666
v 0.183764 0.440803 3.677574
v 0.187244 0.449203 3.670112
v 0.191213 0.458787 3.664567
v 0.195521 0.469186 3.661153
v 0.193497 0.470267 3.778847
v 0.187244 0.460909 3.775433
v 0.181481 0.452284 3.769888
v 0.176429 0.444724 3.762426
v 0.172284 0.438519 3.753334
v 0.169203 0.433909 3.742961
v 0.167306 0.431070 3.731705
v 0.166666 0.430112 3.720000
v 0.167306 0.431070 3.708295
v 0.169203 0.433909 3.697039
v 0.172284 0.438519 3.686666
v 0.176429 0.444724 3.677574
v 0.181481 0.452284 3.670112
v 0.187244 0.460909 3.664567
v 0.193497 0.470267 3.661153
v 0.191723 0.471723 3.778847
v 0.183764 0.463764 3.775433
v 0.176429 0.456429 3.769888
v 0.170000 0.450000 3.762426
v 0.164724 0.444724 3.753334
v 0.160803 0.440803 3.742961
v 0.158389 0.438389 3.731705
v 0.157574 0.437574 3.720000
v 0.158389 0.438389 3.708295
v 0.160803 0.440803 3.697039
v 0.164724 0.444724 3.686666
v 0.170000 0.450000 3.677574
v 0.176429 0.456429 3.670112
v 0.183764 0.463764 3.664567
v 0.191723 0.471723 3.661153
v 0.190267 0.473497 3.778847
v 0.180909 0.467244 3.775433
v 0.172284 0.461480 3.769888
v 0.164724 0.456429 3.762426
v 0.158520 0.452284 3.753334
v 0.153909 0.449203 3.742961
v 0.151070 0.447306 3.731705
v 0.150112 0.446666 3.720000
v 0.151070 0.447306 3.708295
v 0.153909 0.449203 3.697039
v 0.158520 0.452284 3.686666
v 0.164724 0.456429 3.677574
v 0.172284 0.461480 3.670112
v 0.180909 0.467244 3.664567
v 0.190267 0.473497 3.661153
v 0.200000 0.480000 3.780000
v 0.189186 0.475521 3.778847
v 0.178787 0.471213 3.775433
v 0.169203 0.467244 3.769888
v 0.160803 0.463764 3.762426
v 0.153909 0.460909 3.753334
v 0.148787 0.458787 3.742961
v 0.145632 0.457480 3.731705
v 0.144567 0.457039 3.720000
v 0.145632 0.457480 3.708295
v 0.148787 0.458787 3.697039
v 0.153909 0.460909 3.686666
v 0.160803 0.463764 3.677574
v 0.169203 0.467244 3.670112
v 0.178787 0.471213 3.664567
v 0.189186 0.475521 3.661153
v 0.188520 0.477716 3.778847
v 0.177480 0.475521 3.775433
v 0.167306 0.473497 3.769888
v 0.158389 0.471723 3.762426
v 0.151070 0.470267 3.753334
v 0.145632 0.469186 3.742961
v 0.142284 0.468519 3.731705
v 0.141153 0.468295 3.720000
v 0.142284 0.468519 3.708295
v 0.145632 0.469186 3.697039
v 0.151070 0.470267 3.686666
v 0.158389 0.471723 3.677574
v 0.167306 0.473497 3.670112
v 0.177480 0.475521 3.664567
v 0.188520 0.477716 3.661153
v 0.188295 0.480000 3.778847
v 0.177039 0.480000 3.775433
v 0.166666 0.480000 3.769888
v 0.157574 0.480000 3.762426
v 0.150112 0.480000 3.753334
v 0.144567 0.480000 3.742961
v 0.141153 0.480000 3.731705
v 0.140000 0.480000 3.720000
v 0.141153 0.480000 3.708295
v 0.144567 0.480000 3.697039
v 0.150112 0.480000 3.686666
v 0.157574 0.480000 3.677574
v 0.166666 0.480000 3.670112
v 0.177039 0.480000 3.664567
v 0.188295 0.480000 3.661153
v 0.188520 0.482284 3.778847
v 0.177480 0.484479 3.775433
v 0.167306 0.486503 3.769888
v 0.158389 0.488277 3.762426
v 0.151070 0.489733 3.753334
v 0.145632 0.490814 3.742961
v 0.142284 0.491480 3.731705
v 0.141153 0.491705 3.720000
v 0.142284 0.491480 3.708295
v 0.145632 0.490814 3.697039
v 0.151070 0.489733 3.686666
v 0.158389 0.488277 3.677574
v 0.167306 0.486503 3.670112
v 0.177480 0.484479 3.664567
v 0.188520 0.482284 3.661153
v 0.189186 0.484479 3.778847
v 0.178787 0.488787 3.775433
v 0.169203 0.492756 3.769888
v 0.160803 0.496236 3.762426
v 0.153909 0.499091 3.753334
v 0.148787 0.501213 3.742961
v 0.145632 0.502520 3.731705
v 0.144567 0.502961 3.720000
v 0.145632 0.502520 3.708295
v 0.148787 0.501213 3.697039
v 0.153909 0.499091 3.686666
v 0.160803 0.496236 3.677574
v 0.169203 0.492756 3.670112
v 0.178787 0.488787 3.664567
v 0.189186 0.484479 3.661153
v 0.190267 0.486503 3.778847
v 0.180909 0.492756 3.775433
v 0.172284 0.498519 3.769888
v 0.164724 0.503571 3.762426
v 0.158520 0.507716 3.753334
v 0.153909 0.510797 3.742961
v 0.151070 0.512694 3.731705
v 0.150112 0.513334 3.720000
v 0.151070 0.512694 3.708295
v 0.153909 0.510797 3.697039
v 0.158520 0.507716 3.686666
v 0.164724 0.503571 3.677574
v 0.172284 0.498519 3.670112
v 0.180909 0.492756 3.664567
v 0.190267 0.486503 3.661153
v 0.191723 0.488277 3.778847
v 0.183764 0.496236 3.775433
v 0.176429 0.503571 3.769888
v 0.170000 0.510000 3.762426
v 0.164724 0.515276 3.753334
v 0.160803 0.519197 3.742961
v 0.158389 0.521611 3.731705
v 0.157574 0.522426 3.720000
v 0.158389 0.521611 3.708295
v 0.160803 0.519197 3.697039
v 0.164724 0.515276 3.686666
v 0.170000 0.510000 3.677574
v 0.176429 0.503571 3.670112
v 0.183764 0.496236 3.664567
v 0.191723 0.488277 3.661153
v 0.193497 0.489733 3.778847
v 0.187244 0.499091 3.775433
v 0.181481 0.507716 3.769888
v 0.176429 0.515276 3.762426
v 0.172284 0.521481 3.753334
v 0.169203 0.526091 3.742961
v 0.167306 0.528930 3.731705
v 0.166666 0.529888 3.720000
v 0.167306 0.528930 3.708295
v 0.169203 0.526091 3.697039
v 0.172284 0.521481 3.686666
v 0.176429 0.515276 3.677574
v 0.181481 0.507716 3.670112
v 0.187244 0.499091 3.664567
v 0.193497 0.489733 3.661153
v 0.195521 0.490814 3.778847
v 0.191213 0.501213 3.775433
v 0.187244 0.510797 3.769888
v 0.183764 0.519197 3.762426
v 0.180909 0.526091 3.753334
v 0.178787 0.531213 3.742961
v 0.177480 0.534368 3.731705
v 0.177039 0.535433 3.720000
v 0.177480 0.534368 3.708295
v 0.178787 0.531213 3.697039
v 0.180909 0.526091 3.686666
v 0.183764 0.519197 3.677574
v 0.187244 0.510797 3.670112
v 0.191213 0.501213 3.664567
v 0.195521 0.490814 3.661153
v 0.197716 0.491480 3.778847
v 0.195521 0.502520 3.775433
v 0.193497 0.512694 3.769888
v 0.191723 0.521611 3.762426
v 0.190267 0.528930 3.753334
v 0.189186 0.534368 3.742961
v 0.188520 0.537716 3.731705
v 0.188295 0.538847 3.720000
v 0.188520 0.537716 3.708295
v 0.189186 0.534368 3.697039
v 0.190267 0.528930 3.686666
v 0.191723 0.521611 3.677574
v 0.193497 0.512694 3.670112
v 0.195521 0.502520 3.664567
v 0.197716 0.491480 3.661153
v 0.200000 0.491705 3.778847
v 0.200000 0.502961 3.775433
v 0.200000 0.513334 3.769888
v 0.200000 0.522426 3.762426
v 0.200000 0.529888 3.753334
v 0.200000 0.535433 3.742961
v 0.200000 0.538847 3.731705
v 0.200000 0.540000 3.720000
v 0.200000 0.538847 3.708295
v 0.200000 0.535433 3.697039
v 0.200000 0.529888 3.686666
v 0.200000 0.522426 3.677574
v 0.200000 0.513334 3.670112
v 0.200000 0.502961 3.664567
v 0.200000 0.491705 3.661153
v 0.200000 0.480000 3.660000
v 0.202284 0.491480 3.778847
v 0.204479 0.502520 3.775433
v 0.206503 0.512694 3.769888
v 0.208277 0.521611 3.762426
v 0.209733 0.528930 3.753334
v 0.210814 0.534368 3.742961
v 0.211480 0.537716 3.731705
v 0.211705 0.538847 3.720000
v 0.211480 0.537716 3.708295
v 0.210814 0.534368 3.697039
v 0.209733 0.528930 3.686666
v 0.208277 0.521611 3.677574
v 0.206503 0.512694 3.670112
v 0.204479 0.502520 3.664567
v 0.202284 0.491480 3.661153
v 0.204479 0.490814 3.778847
v 0.208787 0.501213 3.775433
v 0.212756 0.510797 3.769888
v 0.216236 0.519197 3.762426
v 0.219091 0.526091 3.753334
v 0.221213 0.531213 3.742961
v 0.222520 0.534368 3.731705
v 0.222961 0.535433 3.720000
v 0.222520 0.534368 3.708295
v 0.221213 0.531213 3.697039
v 0.219091 0.526091 3.686666
v 0.216236 0.519197 3.677574
v 0.212756 0.510797 3.670112
v 0.208787 0.501213 3.664567
v 0.204479 0.490814 3.661153
v 0.206503 0.489733 3.778847
v 0.212756 0.499091 3.775433
v 0.218519 0.507716 3.769888
v 0.223571 0.515276 3.762426
v 0.227716 0.521480 3.753334
v 0.230797 0.526091 3.742961
v 0.232694 0.528930 3.731705
v 0.233334 0.529888 3.720000
v 0.232694 0.528930 3.708295
v 0.230797 0.526091 3.697039
v 0.227716 0.521480 3.686666
v 0.223571 0.515276 3.677574
v 0.218519 0.507716 3.670112
v 0.212756 0.499091 3.664567
v 0.206503 0.489733 3.661153
v 0.208277 0.488277 3.778847
v 0.216236 0.496236 3.775433
v 0.223571 0.503571 3.769888
v 0.230000 0.510000 3.762426
v 0.235276 0.515276 3.753334
v 0.239197 0.519197 3.742961
v 0.241611 0.521611 3.731705
v 0.242426 0.522426 3.720000
v 0.241611 0.521611 3.708295
v 0.239197 0.519197 3.697039
v 0.235276 0.515276 3.686666
v 0.230000 0.510000 3.677574
v 0.223571 0.503571 3.670112
v 0.216236 0.496236 3.664567
v 0.208277 0.488277 3.661153
v 0.209733 0.486503 3.778847
v 0.219091 0.492756 3.775433
v 0.227716 0.498519 3.769888
v 0.235276 0.503571 3.762426
v 0.241480 0.507716 3.753334
v 0.246091 0.510797 3.742961
v 0.248930 0.512694 3.731705
v 0.249888 0.513334 3.720000
v 0.248930 0.512694 3.708295
v 0.246091 0.510797 3.697039
v 0.241480 0.507716 3.686666
v 0.235276 0.503571 3.677574
v 0.227716 0.498519 3.670112
v 0.219091 0.492756 3.664567
v 0.209733 0.486503 3.661153
v 0.210814 0.484479 3.778847
v 0.221213 0.488787 3.775433
v 0.230797 0.492756 3.769888
v 0.239197 0.496236 3.762426
v 0.246091 0.499091 3.753334
v 0.251213 0.501213 3.742961
v 0.254368 0.502520 3.731705
v 0.255433 0.502961 3.720000
v 0.254368 0.502520 3.708295
v 0.251213 0.501213 3.697039
v 0.246091 0.499091 3.686666
v 0.239197 0.496236 3.677574
v 0.230797 0.492756 3.670112
v 0.221213 0.488787 3.664567
v 0.210814 0.484479 3.661153
v 0.211480 0.482284 3.778847
v 0.222520 0.484479 3.775433
v 0.232694 0.486503 3.769888
v 0.241611 0.488277 3.762426
v 0.248930 0.489733 3.753334
v 0.254368 0.490814 3.742961
v 0.257716 0.491480 3.731705
v 0.258847 0.491705 3.720000
v 0.257716 0.491480 3.708295
v 0.254368 0.490814 3.697039
v 0.248930 0.489733 3.686666
v 0.241611 0.488277 3.677574
v 0.232694 0.486503 3.670112
v 0.222520 0.484479 3.664567
v 0.211480 0.482284 3.661153
v 0.211705 0.480000 3.778847
v 0.222961 0.480000 3.775433
v 0.233334 0.480000 3.769888
v 0.242426 0.480000 3.762426
v 0.249888 0.480000 3.753334
v 0.255433 0.480000 3.742961
v 0.258847 0.480000 3.731705
v 0.260000 0.480000 3.720000
v 0.258847 0.480000 3.708295
v 0.255433 0.480000 3.697039
v 0.249888 0.480000 3.686666
v 0.242426 0.480000 3.677574
v 0.233334 0.480000 3.670112
v 0.222961 0.480000 3.664567
v 0.211705 0.480000 3.661153
v 0.211480 0.477716 3.778847
v 0.222520 0.475521 3.775433
v 0.232694 0.473497 3.769888
v 0.241611 0.471723 3.762426
v 0.248930 0.470267 3.753334
v 0.254368 0.469186 3.742961
v 0.257716 0.468519 3.731705
v 0.258847 0.468295 3.720000
v 0.257716 0.468519 3.708295
v 0.254368 0.469186 3.697039
v 0.248930 0.470267 3.686666
v 0.241611 0.471723 3.677574
v 0.232694 0.473497 3.670112
v 0.222520 0.475521 3.664567
v 0.211480 0.477716 3.661153
v 0.210814 0.475521 3.778847
v 0.221213 0.471213 3.775433
v 0.230797 0.467244 3.769888
v 0.239197 0.463764 3.762426
v 0.246091 0.460909 3.753334
v 0.251213 0.458787 3.742961
v 0.254368 0.457480 3.731705
v 0.255433 0.457039 3.720000
v 0.254368 0.457480 3.708295
v 0.251213 0.458787 3.697039
v 0.246091 0.460909 3.686666
v 0.239197 0.463764 3.677574
v 0.230797 0.467244 3.670112
v 0.221213 0.471213 3.664567
v 0.210814 0.475521 3.661153
v 0.209733 0.473497 3.778847
v 0.219091 0.467244 3.775433
v 0.227716 0.461480 3.769888
v 0.235276 0.456429 3.762426
v 0.241480 0.452284 3.753334
v 0.246091 0.449203 3.742961
v 0.248930 0.447306 3.731705
v 0.249888 0.446666 3.720000
v 0.248930 0.447306 3.708295
v 0.246091 0.449203 3.697039
v 0.241480 0.452284 3.686666
v 0.235276 0.456429 3.677574
v 0.227716 0.461480 3.670112
v 0.219091 0.467244 3.664567
v 0.209733 0.473497 3.661153
v 0.208277 0.471723 3.778847
v 0.216236 0.463764 3.775433
v 0.223571 0.456429 3.769888
v 0.230000 0.450000 3.762426
v 0.235276 0.444724 3.753334
v 0.239197 0.440803 3.742961
v 0.241611 0.438389 3.731705
v 0.242426 0.437574 3.720000
v 0.241611 0.438389 3.708295
v 0.239197 0.440803 3.697039
v 0.235276 0.444724 3.686666
v 0.230000 0.450000 3.677574
v 0.223571 0.456429 3.670112
v 0.216236 0.463764 3.664567
v 0.208277 0.471723 3.661153
v 0.206503 0.470267 3.778847
v 0.212756 0.460909 3.775433
v 0.218519 0.452284 3.769888
v 0.223571 0.444724 3.762426
v 0.227716 0.438520 3.753334
v 0.230797 0.433909 3.742961
v 0.232694 0.431070 3.731705
v 0.233334 0.430112 3.720000
v 0.232694 0.431070 3.708295
v 0.230797 0.433909 3.697039
v 0.227716 0.438520 3.686666
v 0.223571 0.444724 3.677574
v 0.218519 0.452284 3.670112
v 0.212756 0.460909 3.664567
v 0.206503 0.470267 3.661153
v 0.204479 0.469186 3.778847
v 0.208787 0.458787 3.775433
v 0.212756 0.449203 3.769888
v 0.216236 0.440803 3.762426
v 0.219091 0.433909 3.753334
v 0.221213 0.428787 3.742961
v 0.222520 0.425632 3.731705
v 0.222961 0.424567 3.720000
v 0.222520 0.425632 3.708295
v 0.221213 0.428787 3.697039
v 0.219091 0.433909 3.686666
v 0.216236 0.440803 3.677574
v 0.212756 0.449203 3.670112
v 0.208787 0.458787 3.664567
v 0.204479 0.469186 3.661153
v 0.202284 0.468520 3.778847
v 0.204479 0.457480 3.775433
v 0.206503 0.447306 3.769888
v 0.208277 0.438389 3.762426
v 0.209733 0.431070 3.753334
v 0.210814 0.425632 3.742961
v 0.211480 0.422284 3.731705
v 0.211705 0.421153 3.720000
v 0.211480 0.422284 3.708295
v 0.210814 0.425632 3.697039
v 0.209733 0.431070 3.686666
v 0.208277 0.438389 3.677574
v 0.206503 0.447306 3.670112
v 0.204479 0.457480 3.664567
v 0.202284 0.468520 3.661153
v 0.200000 0.457039 3.775433
v 0.200000 0.437574 3.762426
v 0.200000 0.430112 3.753334
v 0.200000 0.421153 3.731705
v 0.200000 0.437574 3.677574
v 0.200000 0.457039 3.664567
v 0.200000 0.468295 3.661153
vn -0.0000 -0.2010 0.9796
vn -0.0000 -0.5598 0.8286
vn -0.0000 -0.9248 0.3805
vn -0.0000 -1.0000 -0.0000
vn -0.0000 -0.9810 -0.1939
vn -0.0000 -0.9248 -0.3805
vn -0.0000 -0.8333 -0.5528
vn -0.0000 -0.5598 -0.8286
vn -0.0392 -0.1971 0.9796
vn -0.0757 -0.3804 0.9217
vn -0.1092 -0.5490 0.8286
vn -0.1385 -0.6965 0.7041
vn -0.1626 -0.8173 0.5528
vn -0.1804 -0.9070 0.3805
vn -0.1914 -0.9622 0.1939
vn -0.1951 -0.9808 -0.0000
vn -0.1914 -0.9622 -0.1939
vn -0.1804 -0.9070 -0.3805
vn -0.1626 -0.8173 -0.5528
vn -0.1385 -0.6965 -0.7041
vn -0.1092 -0.5490 -0.8286
vn -0.0757 -0.3804 -0.9217
vn -0.0392 -0.1971 -0.9796
vn -0.0769 -0.1857 0.9796
vn -0.1484 -0.3584 0.9217
vn -0.2142 -0.5172 0.8286
vn -0.2718 -0.6561 0.7041
vn -0.3189 -0.7699 0.5528
vn -0.3539 -0.8544 0.3805
vn -0.3754 -0.9063 0.1939
vn -0.3827 -0.9239 -0.0000
vn -0.3754 -0.9063 -0.1939
vn -0.3539 -0.8544 -0.3805
vn -0.3189 -0.7699 -0.5528
vn -0.2718 -0.6561 -0.7041
vn -0.2142 -0.5172 -0.8286
vn -0.1484 -0.3584 -0.9217
vn -0.0769 -0.1857 -0.9796
vn -0.1116 -0.1671 0.9796
vn -0.2155 -0.3225 0.9217
vn -0.3110 -0.4654 0.8286
vn -0.3945 -0.5905 0.7041
vn -0.4630 -0.6929 0.5528
vn -0.5138 -0.7689 0.3805
vn -0.5450 -0.8157 0.1939
vn -0.5556 -0.8315 -0.0000
vn -0.5450 -0.8157 -0.1939
vn -0.5138 -0.7689 -0.3805
vn -0.4630 -0.6929 -0.5528
vn -0.3945 -0.5905 -0.7041
vn -0.3110 -0.4654 -0.8286
vn -0.2155 -0.3225 -0.9217
vn -0.1117 -0.1671 -0.9796
vn -0.1421 -0.1421 0.9796
vn -0.2743 -0.2743 0.9217
vn -0.3958 -0.3958 0.8286
vn -0.5021 -0.5021 0.7041
vn -0.5893 -0.5893 0.5528
vn -0.6539 -0.6539 0.3805
vn -0.6937 -0.6937 0.1939
vn -0.7071 -0.7071 -0.0000
vn -0.6937 -0.6937 -0.1939
vn -0.6539 -0.6539 -0.3805
vn -0.5893 -0.5893 -0.5528
vn -0.5021 -0.5021 -0.7041
vn -0.3958 -0.3958 -0.8286
vn -0.2743 -0.2743 -0.9217
vn -0.1421 -0.1421 -0.9796
vn -0.1671 -0.1117 0.9796
vn -0.3225 -0.2155 0.9217
vn -0.4654 -0.3110 0.8286
vn -0.5905 -0.3945 0.7041
vn -0.6929 -0.4630 0.5528
vn -0.7689 -0.5138 0.3805
vn -0.8157 -0.5450 0.1939
vn -0.8315 -0.5556 -0.0000
vn -0.8157 -0.5450 -0.1939
vn -0.7689 -0.5138 -0.3805
vn -0.6929 -0.4630 -0.5528
vn -0.5905 -0.3945 -0.7041
vn -0.4654 -0.3110 -0.8286
vn -0.3225 -0.2155 -0.9217
vn -0.1671 -0.1117 -0.9796
vn -0.0000 -0.0000 1.0000
vn -0.1857 -0.0769 0.9796
vn -0.3584 -0.1484 0.9217
vn -0.5172 -0.2142 0.8286
vn -0.6561 -0.2718 0.7041
vn -0.7699 -0.3189 0.5528
vn -0.8544 -0.3539 0.3805
vn -0.9063 -0.3754 0.1939
vn -0.9239 -0.3827 -0.0000
vn -0.9063 -0.3754 -0.1939
vn -0.8544 -0.3539 -0.3805
vn -0.7699 -0.3189 -0.5528
vn -0.6561 -0.2718 -0.7041
vn -0.5172 -0.2142 -0.8286
vn -0.3584 -0.1484 -0.9217
vn -0.1857 -0.0769 -0.9796
vn -0.1971 -0.0392 0.9796
vn -0.3804 -0.0757 0.9217
vn -0.5490 -0.1092 0.8286
vn -0.6965 -0.1385 0.7041
vn -0.8173 -0.1626 0.5528
vn -0.9070 -0.1804 0.3805
vn -0.9622 -0.1914 0.1939
vn -0.9808 -0.1951 -0.0000
vn -0.9622 -0.1914 -0.1939
vn -0.9070 -0.1804 -0.3805
vn -0.8173 -0.1626 -0.5528
vn -0.6965 -0.1385 -0.7041
vn -0.5490 -0.1092 -0.8286
vn -0.3804 -0.0757 -0.9217
vn -0.1971 -0.0392 -0.9796
vn -0.2010 -0.0000 0.9796
vn -0.3879 -0.0000 0.9217
vn -0.5598 -0.0000 0.8286
vn -0.7101 -0.0000 0.7041
vn -0.8333 -0.0000 0.5528
vn -0.9248 -0.0000 0.3805
vn -0.9810 -0.0000 0.1939
vn -1.0000 -0.0000 -0.0000
vn -0.9810 -0.0000 -0.1939
vn -0.9248 -0.0000 -0.3805
vn -0.8333 -0.0000 -0.5528
vn -0.7101 -0.0000 -0.7041
vn -0.5598 -0.0000 -0.8286
vn -0.3879 -0.0000 -0.9217
vn -0.2010 -0.0000 -0.9796
vn -0.1971 0.0392 0.9796
vn -0.3804 0.0757 0.9217
vn -0.5490 0.1092 0.8286
vn -0.6965 0.1385 0.7041
vn -0.8173 0.1626 0.5528
vn -0.9070 0.1804 0.3805
vn -0.9622 0.1914 0.1939
vn -0.9808 0.1951 -0.0000
vn -0.9622 0.1914 -0.1939
vn -0.9070 0.1804 -0.3805
vn -0.8173 0.1626 -0.5528
vn -0.6965 0.1385 -0.7041
vn -0.5490 0.1092 -0.8286
vn -0.3804 0.0757 -0.9217
vn -0.1971 0.0392 -0.9796
vn -0.1857 0.0769 0.9796
vn -0.3584 0.1484 0.9217
vn -0.5172 0.2142 0.8286
vn -0.6561 0.2718 0.7041
vn -0.7699 0.3189 0.5528
vn -0.8544 0.3539 0.3805
vn -0.9063 0.3754 0.1939
vn -0.9239 0.3827 -0.0000
vn -0.9063 0.3754 -0.1939
vn -0.8544 0.3539 -0.3805
vn -0.7699 0.3189 -0.5528
vn -0.6561 0.2718 -0.7041
vn -0.5172 0.2142 -0.8286
vn -0.3584 0.1484 -0.9217
vn -0.1857 0.0769 -0.9796
vn -0.1671 0.1117 0.9796
vn -0.3225 0.2155 0.9217
vn -0.4654 0.3110 0.8286
vn -0.5905 0.3945 0.7041
vn -0.6929 0.4630 0.5528
vn -0.7689 0.5138 0.3805
vn -0.8157 0.5450 0.1939
vn -0.8315 0.5556 -0.0000
vn -0.8157 0.5450 -0.1939
vn -0.7689 0.5138 -0.3805
vn -0.6929 0.4630 -0.5528
vn -0.5905 0.3945 -0.7041
vn -0.4654 0.3110 -0.8286
vn -0.3225 0.2155 -0.9217
vn -0.1671 0.1117 -0.9796
vn -0.1421 0.1421 0.9796
vn -0.2743 0.2743 0.9217
vn -0.3958 0.3958 0.8286
vn -0.5021 0.5021 0.7041
vn -0.5893 0.5893 0.5528
vn -0.6539 0.6539 0.3805
vn -0.6937 0.6937 0.1939
vn -0.7071 0.7071 -0.0000
vn -0.6937 0.6937 -0.1939
vn -0.6539 0.6539 -0.3805
vn -0.5893 0.5893 -0.5528
vn -0.5021 0.5021 -0.7041
vn -0.3958 0.3958 -0.8286
vn -0.2743 0.2743 -0.9217
vn -0.1421 0.1421 -0.9796
vn -0.1117 0.1671 0.9796
vn -0.2155 0.3225 0.9217
vn -0.3110 0.4654 0.8286
vn -0.3945 0.5905 0.7041
vn -0.4630 0.6929 0.5528
vn -0.5138 0.7689 0.3805
vn -0.5450 0.8157 0.1939
vn -0.5556 0.8315 -0.0000
vn -0.5450 0.8157 -0.1939
vn -0.5138 0.7689 -0.3805
vn -0.4630 0.6929 -0.5528
vn -0.3945 0.5905 -0.7041
vn -0.3110 0.4654 -0.8286
vn -0.2155 0.3225 -0.9217
vn -0.1117 0.1671 -0.9796
vn -0.0769 0.1857 0.9796
vn -0.1484 0.3584 0.9217
vn -0.2142 0.5172 0.8286
vn -0.2718 0.6561 0.7041
vn -0.3189 0.7699 0.5528
vn -0.3539 0.8544 0.3805
vn -0.3754 0.9063 0.1939
vn -0.3827 0.9239 -0.0000
vn -0.3754 0.9063 -0.1939
vn -0.3539 0.8544 -0.3805
vn -0.3189 0.7699 -0.5528
vn -0.2718 0.6561 -0.7041
vn -0.2142 0.5172 -0.8286
vn -0.1484 0.3584 -0.9217
vn -0.0769 0.1857 -0.9796
vn -0.0392 0.1971 0.9796
vn -0.0757 0.3804 0.9217
vn -0.1092 0.5490 0.8286
vn -0.1385 0.6965 0.7041
vn -0.1626 0.8173 0.5528
vn -0.1804 0.9070 0.3805
vn -0.1914 0.9622 0.1939
vn -0.1951 0.9808 -0.0000
vn -0.1914 0.9622 -0.1939
vn -0.1804 0.9070 -0.3805
vn -0.1626 0.8173 -0.5528
vn -0.1385 0.6965 -0.7041
vn -0.1092 0.5490 -0.8286
vn -0.0757 0.3804 -0.9217
vn -0.0392 0.1971 -0.9796
vn -0.0000 0.2010 0.9796
vn -0.0000 0.3879 0.9217
vn -0.0000 0.5598 0.8286
vn -0.0000 0.7101 0.7041
vn -0.0000 0.8333 0.5528
vn -0.0000 0.9248 0.3805
vn -0.0000 0.9810 0.1939
vn -0.0000 1.0000 -0.0000
vn -0.0000 0.9810 -0.1939
vn -0.0000 0.9248 -0.3805
vn -0.0000 0.8333 -0.5528
vn -0.0000 0.7101 -0.7041
vn -0.0000 0.5598 -0.8286
vn -0.0000 0.3879 -0.9217
vn -0.0000 0.2010 -0.9796
vn -0.0000 -0.0000 -1.0000
vn 0.0392 0.1971 0.9796
vn 0.0757 0.3804 0.9217
vn 0.1092 0.5490 0.8286
vn 0.1385 0.6965 0.7041
vn 0.1626 0.8173 0.5528
vn 0.1804 0.9070 0.3805
vn 0.1914 0.9622 0.1939
vn 0.1951 0.9808 -0.0000
vn 0.1914 0.9622 -0.1939
vn 0.1804 0.9070 -0.3805
vn 0.1626 0.8173 -0.5528
vn 0.1385 0.6965 -0.7041
vn 0.1092 0.5490 -0.8286
vn 0.0757 0.3804 -0.9217
vn 0.0392 0.1971 -0.9796
vn 0.0769 0.1857 0.9796
vn 0.1484 0.3584 0.9217
vn 0.2142 0.5172 0.8286
vn 0.2718 0.6561 0.7041
vn 0.3189 0.7699 0.5528
vn 0.3539 0.8544 0.3805
vn 0.3754 0.9063 0.1939
vn 0.3827 0.9239 -0.0000
vn 0.3754 0.9063 -0.1939
vn 0.3539 0.8544 -0.3805
vn 0.3189 0.7699 -0.5528
vn 0.2718 0.6561 -0.7041
vn 0.2142 0.5172 -0.8286
vn 0.1484 0.3584 -0.9217
vn 0.0769 0.1857 -0.9796
vn 0.1117 0.1671 0.9796
vn 0.2155 0.3225 0.9217
vn 0.3110 0.4654 0.8286
vn 0.3945 0.5905 0.7041
vn 0.4630 0.6929 0.5528
vn 0.5138 0.7689 0.3805
vn 0.5450 0.8157 0.1939
vn 0.5556 0.8315 -0.0000
vn 0.5450 0.8157 -0.1939
vn 0.5138 0.7689 -0.3805
vn 0.4630 0.6929 -0.5528
vn 0.3945 0.5905 -0.7041
vn 0.3110 0.4654 -0.8286
vn 0.2155 0.3225 -0.9217
vn 0.1117 0.1671 -0.9796
vn 0.1421 0.1421 0.9796
vn 0.2743 0.2743 0.9217
vn 0.3958 0.3958 0.8286
vn 0.5021 0.5021 0.7041
vn 0.5893 0.5893 0.5528
vn 0.6539 0.6539 0.3805
vn 0.6937 0.6937 0.1939
vn 0.7071 0.7071 -0.0000
vn 0.6937 0.6937 -0.1939
vn 0.6539 0.6539 -0.3805
vn 0.5893 0.5893 -0.5528
vn 0.5021 0.5021 -0.7041
vn 0.3958 0.3958 -0.8286
vn 0.2743 0.2743 -0.9217
vn 0.1421 0.1421 -0.9796
vn 0.1671 0.1117 0.9796
vn 0.3225 0.2155 0.9217
vn 0.4654 0.3110 0.8286
vn 0.5905 0.3945 0.7041
vn 0.6929 0.4630 0.5528
vn 0.7689 0.5138 0.3805
vn 0.8157 0.5450 0.1939
vn 0.8315 0.5556 -0.0000
vn 0.8157 0.5450 -0.1939
vn 0.7689 0.5138 -0.3805
vn 0.6929 0.4630 -0.5528
vn 0.5905 0.3945 -0.7041
vn 0.4654 0.3110 -0.8286
vn 0.3225 0.2155 -0.9217
vn 0.1671 0.1117 -0.9796
vn 0.1857 0.0769 0.9796
vn 0.3584 0.1484 0.9217
vn 0.5172 0.2142 0.8286
vn 0.6561 0.2718 0.7041
vn 0.7699 0.3189 0.5528
vn 0.8544 0.3539 0.3805
vn 0.9063 0.3754 0.1939
vn 0.9239 0.3827 -0.0000
vn 0.9063 0.3754 -0.1939
vn 0.8544 0.3539 -0.3805
vn 0.7699 0.3189 -0.5528
vn 0.6561 0.2718 -0.7041
vn 0.5172 0.2142 -0.8286
vn 0.3584 0.1484 -0.9217
vn 0.1857 0.0769 -0.9796
vn 0.1971 0.0392 0.9796
vn 0.3804 0.0757 0.9217
vn 0.5490 0.1092 0.8286
vn 0.6965 0.1385 0.7041
vn 0.8173 0.1626 0.5528
vn 0.9070 0.1804 0.3805
vn 0.9622 0.1914 0.1939
vn 0.9808 0.1951 -0.0000
vn 0.9622 0.1914 -0.1939
vn 0.9070 0.1804 -0.3805
vn 0.8173 0.1626 -0.5528
vn 0.6965 0.1385 -0.7041
vn 0.5490 0.1092 -0.8286
vn 0.3804 0.0757 -0.9217
vn 0.1971 0.0392 -0.9796
vn 0.2010 -0.0000 0.9796
vn 0.3879 -0.0000 0.9217
vn 0.5598 -0.0000 0.8286
vn 0.7101 -0.0000 0.7041
vn 0.8333 -0.0000 0.5528
vn 0.9248 -0.0000 0.3805
vn 0.9810 -0.0000 0.1939
vn 1.0000 -0.0000 -0.0000
vn 0.9810 -0.0000 -0.1939
vn 0.9248 -0.0000 -0.3805
vn 0.8333 -0.0000 -0.5528
vn 0.7101 -0.0000 -0.7041
vn 0.5598 -0.0000 -0.8286
vn 0.3879 -0.0000 -0.9217
vn 0.2010 -0.0000 -0.9796
vn 0.1971 -0.0392 0.9796
vn 0.3804 -0.0757 0.9217
vn 0.5490 -0.1092 0.8286
vn 0.6965 -0.1385 0.7041
vn 0.8173 -0.1626 0.5528
vn 0.9070 -0.1804 0.3805
vn 0.9622 -0.1914 0.1939
vn 0.9808 -0.1951 -0.0000
vn 0.9622 -0.1914 -0.1939
vn 0.9070 -0.1804 -0.3805
vn 0.8173 -0.1626 -0.5528
vn 0.6965 -0.1385 -0.7041
vn 0.5490 -0.1092 -0.8286
vn 0.3804 -0.0757 -0.9217
vn 0.1971 -0.0392 -0.9796
vn 0.1857 -0.0769 0.9796
vn 0.3584 -0.1484 0.9217
vn 0.5172 -0.2142 0.8286
vn 0.6561 -0.2718 0.7041
vn 0.7699 -0.3189 0.5528
vn 0.8544 -0.3539 0.3805
vn 0.9063 -0.3754 0.1939
vn 0.9239 -0.3827 -0.0000
vn 0.9063 -0.3754 -0.1939
vn 0.8544 -0.3539 -0.3805
vn 0.7699 -0.3189 -0.5528
vn 0.6561 -0.2718 -0.7041
vn 0.5172 -0.2142 -0.8286
vn 0.3584 -0.1484 -0.9217
vn 0.1857 -0.0769 -0.9796
vn 0.1671 -0.1117 0.9796
vn 0.3225 -0.2155 0.9217
vn 0.4654 -0.3110 0.8286
vn 0.5905 -0.3945 0.7041
vn 0.6929 -0.4630 0.5528
vn 0.7689 -0.5138 0.3805
vn 0.8157 -0.5450 0.1939
vn 0.8315 -0.5556 -0.0000
vn 0.8157 -0.5450 -0.1939
vn 0.7689 -0.5138 -0.3805
vn 0.6929 -0.4630 -0.5528
vn 0.5905 -0.3945 -0.7041
vn 0.4654 -0.3110 -0.8286
vn 0.3225 -0.2155 -0.9217
vn 0.1671 -0.1117 -0.9796
vn 0.1421 -0.1421 0.9796
vn 0.2743 -0.2743 0.9217
vn 0.3958 -0.3958 0.8286
vn 0.5021 -0.5021 0.7041
vn 0.5893 -0.5893 0.5528
vn 0.6539 -0.6539 0.3805
vn 0.6937 -0.6937 0.1939
vn 0.7071 -0.7071 -0.0000
vn 0.6937 -0.6937 -0.1939
vn 0.6539 -0.6539 -0.3805
vn 0.5893 -0.5893 -0.5528
vn 0.5021 -0.5021 -0.7041
vn 0.3958 -0.3958 -0.8286
vn 0.2743 -0.2743 -0.9217
vn 0.1421 -0.1421 -0.9796
vn 0.1117 -0.1671 0.9796
vn 0.2155 -0.3225 0.9217
vn 0.3110 -0.4654 0.8286
vn 0.3945 -0.5905 0.7041
vn 0.4630 -0.6929 0.5528
vn 0.5138 -0.7689 0.3805
vn 0.5450 -0.8157 0.1939
vn 0.5556 -0.8315 -0.0000
vn 0.5450 -0.8157 -0.1939
vn 0.5138 -0.7689 -0.3805
vn 0.4630 -0.6929 -0.5528
vn 0.3945 -0.5905 -0.7041
vn 0.3110 -0.4654 -0.8286
vn 0.2155 -0.3225 -0.9217
vn 0.1117 -0.1671 -0.9796
vn 0.0769 -0.1857 0.9796
vn 0.1484 -0.3584 0.9217
vn 0.2142 -0.5172 0.8286
vn 0.2718 -0.6561 0.7041
vn 0.3189 -0.7699 0.5528
vn 0.3539 -0.8544 0.3805
vn 0.3754 -0.9063 0.1939
vn 0.3827 -0.9239 -0.0000
vn 0.3754 -0.9063 -0.1939
vn 0.3539 -0.8544 -0.3805
vn 0.3189 -0.7699 -0.5528
vn 0.2718 -0.6561 -0.7041
vn 0.2142 -0.5172 -0.8286
vn 0.1484 -0.3584 -0.9217
vn 0.0769 -0.1857 -0.9796
vn 0.0392 -0.1971 0.9796
vn 0.0757 -0.3804 0.9217
vn 0.1092 -0.5490 0.8286
vn 0.1385 -0.6965 0.7041
vn 0.1626 -0.8173 0.5528
vn 0.1804 -0.9070 0.3805
vn 0.1914 -0.9622 0.1939
vn 0.1951 -0.9808 -0.0000
vn 0.1914 -0.9622 -0.1939
vn 0.1804 -0.9070 -0.3805
vn 0.1626 -0.8173 -0.5528
vn 0.1385 -0.6965 -0.7041
vn 0.1092 -0.5490 -0.8286
vn 0.0757 -0.3804 -0.9217
vn 0.0392 -0.1971 -0.9796
vn -0.0000 -0.3879 0.9217
vn -0.0000 -0.7101 0.7041
vn -0.0000 -0.8333 0.5528
vn -0.0000 -0.9810 0.1939
vn -0.0000 -0.7101 -0.7041
vn -0.0000 -0.3879 -0.9217
vn -0.0000 -0.2010 -0.9796
vt 0.750000 0.625000
vt 0.718750 0.687500
vt 0.718750 0.625000
vt 0.750000 0.187500
vt 0.718750 0.125000
vt 0.750000 0.125000
vt 0.750000 0.562500
vt 0.718750 0.562500
vt 0.718750 0.062500
vt 0.750000 0.062500
vt 0.718750 0.500000
vt 0.750000 0.500000
vt 0.750000 0.937500
vt 0.734375 1.000000
vt 0.718750 0.937500
vt 0.734375 0.000000
vt 0.750000 0.437500
vt 0.718750 0.437500
vt 0.750000 0.875000
vt 0.718750 0.875000
vt 0.750000 0.375000
vt 0.718750 0.375000
vt 0.750000 0.812500
vt 0.718750 0.812500
vt 0.718750 0.312500
vt 0.750000 0.312500
vt 0.718750 0.750000
vt 0.750000 0.750000
vt 0.750000 0.250000
vt 0.718750 0.250000
vt 0.750000 0.687500
vt 0.718750 0.187500
vt 0.687500 0.250000
vt 0.687500 0.750000
vt 0.687500 0.687500
vt 0.687500 0.187500
vt 0.687500 0.625000
vt 0.687500 0.125000
vt 0.687500 0.562500
vt 0.687500 0.062500
vt 0.687500 0.500000
vt 0.703125 1.000000
vt 0.687500 0.937500
vt 0.703125 0.000000
vt 0.687500 0.437500
vt 0.687500 0.875000
vt 0.687500 0.375000
vt 0.687500 0.812500
vt 0.687500 0.312500
vt 0.671875 0.000000
vt 0.656250 0.062500
vt 0.656250 0.437500
vt 0.656250 0.875000
vt 0.656250 0.375000
vt 0.656250 0.812500
vt 0.656250 0.312500
vt 0.656250 0.750000
vt 0.656250 0.250000
vt 0.656250 0.687500
vt 0.656250 0.187500
vt 0.656250 0.625000
vt 0.656250 0.125000
vt 0.656250 0.562500
vt 0.656250 0.500000
vt 0.671875 1.000000
vt 0.656250 0.937500
vt 0.625000 0.250000
vt 0.625000 0.187500
vt 0.625000 0.687500
vt 0.625000 0.625000
vt 0.625000 0.125000
vt 0.625000 0.562500
vt 0.625000 0.062500
vt 0.625000 0.500000
vt 0.640625 1.000000
vt 0.625000 0.937500
vt 0.640625 0.000000
vt 0.625000 0.437500
vt 0.625000 0.875000
vt 0.625000 0.375000
vt 0.625000 0.812500
vt 0.625000 0.312500
vt 0.625000 0.750000
vt 0.593750 0.875000
vt 0.593750 0.437500
vt 0.593750 0.375000
vt 0.593750 0.812500
vt 0.593750 0.312500
vt 0.593750 0.750000
vt 0.593750 0.250000
vt 0.593750 0.687500
vt 0.593750 0.187500
vt 0.593750 0.625000
vt 0.593750 0.125000
vt 0.593750 0.562500
vt 0.593750 0.062500
vt 0.593750 0.500000
vt 0.609375 1.000000
vt 0.593750 0.937500
vt 0.609375 0.000000
vt 0.562500 0.687500
vt 0.562500 0.625000
vt 0.562500 0.187500
vt 0.562500 0.125000
vt 0.562500 0.562500
vt 0.562500 0.062500
vt 0.562500 0.500000
vt 0.578125 1.000000
vt 0.562500 0.937500
vt 0.578125 0.000000
vt 0.562500 0.437500
vt 0.562500 0.875000
vt 0.562500 0.375000
vt 0.562500 0.812500
vt 0.562500 0.312500
vt 0.562500 0.750000
vt 0.562500 0.250000
vt 0.531250 0.437500
vt 0.531250 0.375000
vt 0.531250 0.812500
vt 0.531250 0.312500
vt 0.531250 0.750000
vt 0.531250 0.250000
vt 0.531250 0.687500
vt 0.531250 0.187500
vt 0.531250 0.625000
vt 0.531250 0.125000
vt 0.531250 0.562500
vt 0.531250 0.062500
vt 0.531250 0.500000
vt 0.546875 1.000000
vt 0.531250 0.937500
vt 0.546875 0.000000
vt 0.531250 0.875000
vt 0.500000 0.125000
vt 0.500000 0.562500
vt 0.500000 0.062500
vt 0.500000 0.500000
vt 0.515625 1.000000
vt 0.500000 0.937500
vt 0.515625 0.000000
vt 0.500000 0.437500
vt 0.500000 0.875000
vt 0.500000 0.375000
vt 0.500000 0.812500
vt 0.500000 0.312500
vt 0.500000 0.750000
vt 0.500000 0.250000
vt 0.500000 0.687500
vt 0.500000 0.187500
vt 0.500000 0.625000
vt 0.468750 0.812500
vt 0.468750 0.312500
vt 0.468750 0.750000
vt 0.468750 0.250000
vt 0.468750 0.687500
vt 0.468750 0.187500
vt 0.468750 0.625000
vt 0.468750 0.125000
vt 0.468750 0.562500
vt 0.468750 0.062500
vt 0.468750 0.500000
vt 0.484375 1.000000
vt 0.468750 0.937500
vt 0.484375 0.000000
vt 0.468750 0.437500
vt 0.468750 0.875000
vt 0.468750 0.375000
vt 0.437500 0.562500
vt 0.437500 0.062500
vt 0.437500 0.500000
vt 0.453125 1.000000
vt 0.437500 0.937500
vt 0.453125 0.000000
vt 0.437500 0.437500
vt 0.437500 0.875000
vt 0.437500 0.375000
vt 0.437500 0.812500
vt 0.437500 0.312500
vt 0.437500 0.750000
vt 0.437500 0.250000
vt 0.437500 0.687500
vt 0.437500 0.187500
vt 0.437500 0.625000
vt 0.437500 0.125000
vt 0.406250 0.312500
vt 0.406250 0.750000
vt 0.406250 0.250000
vt 0.406250 0.687500
vt 0.406250 0.187500
vt 0.406250 0.625000
vt 0.406250 0.125000
vt 0.406250 0.562500
vt 0.406250 0.062500
vt 0.406250 0.500000
vt 0.421875 1.000000
vt 0.406250 0.937500
vt 0.421875 0.000000
vt 0.406250 0.437500
vt 0.406250 0.875000
vt 0.406250 0.375000
vt 0.406250 0.812500
vt 0.375000 0.125000
vt 0.375000 0.062500
vt 0.375000 0.562500
vt 0.375000 0.500000
vt 0.390625 1.000000
vt 0.375000 0.937500
vt 0.390625 0.000000
vt 0.375000 0.437500
vt 0.375000 0.875000
vt 0.375000 0.375000
vt 0.375000 0.812500
vt 0.375000 0.312500
vt 0.375000 0.750000
vt 0.375000 0.250000
vt 0.375000 0.687500
vt 0.375000 0.187500
vt 0.375000 0.625000
vt 0.343750 0.250000
vt 0.343750 0.750000
vt 0.343750 0.687500
vt 0.343750 0.187500
vt 0.343750 0.625000
vt 0.343750 0.125000
vt 0.343750 0.562500
vt 0.343750 0.062500
vt 0.343750 0.500000
vt 0.359375 1.000000
vt 0.343750 0.937500
vt 0.359375 0.000000
vt 0.343750 0.437500
vt 0.343750 0.875000
vt 0.343750 0.375000
vt 0.343750 0.812500
vt 0.343750 0.312500
vt 0.328125 1.000000
vt 0.312500 0.937500
vt 0.328125 0.000000
vt 0.312500 0.062500
vt 0.312500 0.437500
vt 0.312500 0.875000
vt 0.312500 0.375000
vt 0.312500 0.812500
vt 0.312500 0.312500
vt 0.312500 0.750000
vt 0.312500 0.250000
vt 0.312500 0.687500
vt 0.312500 0.187500
vt 0.312500 0.625000
vt 0.312500 0.125000
vt 0.312500 0.562500
vt 0.312500 0.500000
vt 0.281250 0.750000
vt 0.281250 0.687500
vt 0.281250 0.250000
vt 0.281250 0.187500
vt 0.281250 0.625000
vt 0.281250 0.125000
vt 0.281250 0.562500
vt 0.281250 0.062500
vt 0.281250 0.500000
vt 0.296875 1.000000
vt 0.281250 0.937500
vt 0.296875 0.000000
vt 0.281250 0.437500
vt 0.281250 0.875000
vt 0.281250 0.375000
vt 0.281250 0.812500
vt 0.281250 0.312500
vt 0.250000 0.437500
vt 0.250000 0.937500
vt 0.250000 0.875000
vt 0.250000 0.375000
vt 0.250000 0.812500
vt 0.250000 0.312500
vt 0.250000 0.750000
vt 0.250000 0.250000
vt 0.250000 0.687500
vt 0.250000 0.187500
vt 0.250000 0.625000
vt 0.250000 0.125000
vt 0.250000 0.562500
vt 0.250000 0.062500
vt 0.250000 0.500000
vt 0.265625 1.000000
vt 0.265625 0.000000
vt 0.218750 0.250000
vt 0.218750 0.187500
vt 0.218750 0.687500
vt 0.218750 0.625000
vt 0.218750 0.125000
vt 0.218750 0.562500
vt 0.218750 0.062500
vt 0.218750 0.500000
vt 0.234375 1.000000
vt 0.218750 0.937500
vt 0.234375 0.000000
vt 0.218750 0.437500
vt 0.218750 0.875000
vt 0.218750 0.375000
vt 0.218750 0.812500
vt 0.218750 0.312500
vt 0.218750 0.750000
vt 0.187500 0.875000
vt 0.187500 0.437500
vt 0.187500 0.375000
vt 0.187500 0.812500
vt 0.187500 0.312500
vt 0.187500 0.750000
vt 0.187500 0.250000
vt 0.187500 0.687500
vt 0.187500 0.187500
vt 0.187500 0.625000
vt 0.187500 0.125000
vt 0.187500 0.562500
vt 0.187500 0.062500
vt 0.187500 0.500000
vt 0.203125 1.000000
vt 0.187500 0.937500
vt 0.203125 0.000000
vt 0.156250 0.687500
vt 0.156250 0.625000
vt 0.156250 0.125000
vt 0.156250 0.562500
vt 0.156250 0.062500
vt 0.156250 0.500000
vt 0.171875 1.000000
vt 0.156250 0.937500
vt 0.171875 0.000000
vt 0.156250 0.437500
vt 0.156250 0.875000
vt 0.156250 0.375000
vt 0.156250 0.812500
vt 0.156250 0.312500
vt 0.156250 0.750000
vt 0.156250 0.250000
vt 0.156250 0.187500
vt 0.125000 0.437500
vt 0.125000 0.375000
vt 0.125000 0.812500
vt 0.125000 0.312500
vt 0.125000 0.750000
vt 0.125000 0.250000
vt 0.125000 0.687500
vt 0.125000 0.187500
vt 0.125000 0.625000
vt 0.125000 0.125000
vt 0.125000 0.562500
vt 0.125000 0.062500
vt 0.125000 0.500000
vt 0.140625 1.000000
vt 0.125000 0.937500
vt 0.140625 0.000000
vt 0.125000 0.875000
vt 0.093750 0.187500
vt 0.093750 0.125000
vt 0.093750 0.562500
vt 0.093750 0.062500
vt 0.093750 0.500000
vt 0.109375 1.000000
vt 0.093750 0.937500
vt 0.109375 0.000000
vt 0.093750 0.437500
vt 0.093750 0.875000
vt 0.093750 0.375000
vt 0.093750 0.812500
vt 0.093750 0.312500
vt 0.093750 0.750000
vt 0.093750 0.250000
vt 0.093750 0.687500
vt 0.093750 0.625000
vt 0.062500 0.312500
vt 0.062500 0.750000
vt 0.062500 0.250000
vt 0.062500 0.687500
vt 0.062500 0.187500
vt 0.062500 0.625000
vt 0.062500 0.125000
vt 0.062500 0.562500
vt 0.062500 0.062500
vt 0.062500 0.500000
vt 0.078125 1.000000
vt 0.062500 0.937500
vt 0.078125 0.000000
vt 0.062500 0.437500
vt 0.062500 0.875000
vt 0.062500 0.375000
vt 0.062500 0.812500
vt 0.031250 0.062500
vt 0.031250 0.562500
vt 0.031250 0.500000
vt 0.046875 1.000000
vt 0.031250 0.937500
vt 0.046875 0.000000
vt 0.031250 0.437500
vt 0.031250 0.875000
vt 0.031250 0.375000
vt 0.031250 0.812500
vt 0.031250 0.312500
vt 0.031250 0.750000
vt 0.031250 0.250000
vt 0.031250 0.687500
vt 0.031250 0.187500
vt 0.031250 0.625000
vt 0.031250 0.125000
vt 0.000000 0.750000
vt 0.000000 0.250000
vt 0.000000 0.687500
vt 0.000000 0.187500
vt 0.000000 0.625000
vt 0.000000 0.125000
vt 0.000000 0.562500
vt 0.000000 0.062500
vt 0.000000 0.500000
vt 0.015625 1.000000
vt 0.000000 0.937500
vt 0.015625 0.000000
vt 0.000000 0.437500
vt 0.000000 0.875000
vt 0.000000 0.375000
vt 0.000000 0.812500
vt 0.000000 0.312500
vt 1.000000 0.500000
vt 0.968750 0.562500
vt 0.968750 0.500000
vt 1.000000 0.937500
vt 0.984375 1.000000
vt 0.968750 0.937500
vt 0.984375 0.000000
vt 1.000000 0.062500
vt 0.968750 0.062500
vt 0.968750 0.437500
vt 1.000000 0.437500
vt 0.968750 0.875000
vt 1.000000 0.875000
vt 1.000000 0.375000
vt 0.968750 0.375000
vt 0.968750 0.812500
vt 1.000000 0.812500
vt 0.968750 0.312500
vt 1.000000 0.312500
vt 0.968750 0.750000
vt 1.000000 0.750000
vt 0.968750 0.250000
vt 1.000000 0.250000
vt 1.000000 0.687500
vt 0.968750 0.687500
vt 1.000000 0.187500
vt 0.968750 0.187500
vt 1.000000 0.625000
vt 0.968750 0.625000
vt 0.968750 0.125000
vt 1.000000 0.125000
vt 1.000000 0.562500
vt 0.937500 0.250000
vt 0.937500 0.750000
vt 0.937500 0.687500
vt 0.937500 0.187500
vt 0.937500 0.625000
vt 0.937500 0.125000
vt 0.937500 0.562500
vt 0.937500 0.062500
vt 0.937500 0.500000
vt 0.953125 1.000000
vt 0.937500 0.937500
vt 0.953125 0.000000
vt 0.937500 0.437500
vt 0.937500 0.875000
vt 0.937500 0.375000
vt 0.937500 0.812500
vt 0.937500 0.312500
vt 0.921875 1.000000
vt 0.906250 0.937500
vt 0.921875 0.000000
vt 0.906250 0.062500
vt 0.906250 0.437500
vt 0.906250 0.875000
vt 0.906250 0.375000
vt 0.906250 0.812500
vt 0.906250 0.312500
vt 0.906250 0.750000
vt 0.906250 0.250000
vt 0.906250 0.687500
vt 0.906250 0.187500
vt 0.906250 0.625000
vt 0.906250 0.125000
vt 0.906250 0.562500
vt 0.906250 0.500000
vt 0.875000 0.750000
vt 0.875000 0.687500
vt 0.875000 0.250000
vt 0.875000 0.187500
vt 0.875000 0.625000
vt 0.875000 0.125000
vt 0.875000 0.562500
vt 0.875000 0.062500
vt 0.875000 0.500000
vt 0.890625 1.000000
vt 0.875000 0.937500
vt 0.890625 0.000000
vt 0.875000 0.437500
vt 0.875000 0.875000
vt 0.875000 0.375000
vt 0.875000 0.812500
vt 0.875000 0.312500
vt 0.843750 0.437500
vt 0.843750 0.875000
vt 0.843750 0.375000
vt 0.843750 0.812500
vt 0.843750 0.312500
vt 0.843750 0.750000
vt 0.843750 0.250000
vt 0.843750 0.687500
vt 0.843750 0.187500
vt 0.843750 0.625000
vt 0.843750 0.125000
vt 0.843750 0.562500
vt 0.843750 0.062500
vt 0.843750 0.500000
vt 0.859375 1.000000
vt 0.843750 0.937500
vt 0.859375 0.000000
vt 0.812500 0.250000
vt 0.812500 0.187500
vt 0.812500 0.687500
vt 0.812500 0.625000
vt 0.812500 0.125000
vt 0.812500 0.562500
vt 0.812500 0.062500
vt 0.812500 0.500000
vt 0.828125 1.000000
vt 0.812500 0.937500
vt 0.828125 0.000000
vt 0.812500 0.437500
vt 0.812500 0.875000
vt 0.812500 0.375000
vt 0.812500 0.812500
vt 0.812500 0.312500
vt 0.812500 0.750000
vt 0.781250 0.437500
vt 0.781250 0.375000
vt 0.781250 0.812500
vt 0.781250 0.312500
vt 0.781250 0.750000
vt 0.781250 0.250000
vt 0.781250 0.687500
vt 0.781250 0.187500
vt 0.781250 0.625000
vt 0.781250 0.125000
vt 0.781250 0.562500
vt 0.781250 0.062500
vt 0.781250 0.500000
vt 0.796875 1.000000
vt 0.781250 0.937500
vt 0.796875 0.000000
vt 0.781250 0.875000
vt 0.765625 1.000000
vt 0.765625 0.000000
s 1
g Sphere_M_OracMagma.001
usemtl M_OracMagma.001
f 1815/2084/1677 1825/2085/1687 1826/2086/1688
f 1820/2087/1682 1834/2088/1696 2293/2089/2155
f 2291/2090/2153 1826/2086/1688 1827/2091/1689
f 2293/2089/2155 1835/2092/1697 2294/2093/2156
f 2291/2090/2153 1828/2094/1690 1816/2095/1678
f 1813/2096/1675 1896/2097/1758 1821/2098/1683
f 2062/2099/1924 2294/2093/2156 1835/2092/1697
f 1817/2100/1679 1828/2094/1690 1829/2101/1691
f 2288/2102/2150 1821/2098/1683 1822/2103/1684
f 1818/2104/1680 1829/2101/1691 1830/2105/1692
f 1814/2106/1676 1822/2103/1684 1823/2107/1685
f 1818/2104/1680 1831/2108/1693 1819/2109/1681
f 1814/2106/1676 1824/2110/1686 2289/2111/2151
f 2292/2112/2154 1831/2108/1693 1832/2113/1694
f 2290/2114/2152 1824/2110/1686 1825/2085/1687
f 1820/2087/1682 1832/2113/1694 1833/2115/1695
f 1831/2108/1693 1847/2116/1709 1832/2113/1694
f 1825/2085/1687 1839/2117/1701 1840/2118/1702
f 1832/2113/1694 1848/2119/1710 1833/2115/1695
f 1825/2085/1687 1841/2120/1703 1826/2086/1688
f 1834/2088/1696 1848/2119/1710 1849/2121/1711
f 1826/2086/1688 1842/2122/1704 1827/2091/1689
f 1835/2092/1697 1849/2121/1711 1850/2123/1712
f 1827/2091/1689 1843/2124/1705 1828/2094/1690
f 1821/2098/1683 1896/2125/1758 1836/2126/1698
f 2062/2127/1924 1835/2092/1697 1850/2123/1712
f 1828/2094/1690 1844/2128/1706 1829/2101/1691
f 1821/2098/1683 1837/2129/1699 1822/2103/1684
f 1829/2101/1691 1845/2130/1707 1830/2105/1692
f 1823/2107/1685 1837/2129/1699 1838/2131/1700
f 1831/2108/1693 1845/2130/1707 1846/2132/1708
f 1824/2110/1686 1838/2131/1700 1839/2117/1701
f 2062/2133/1924 1850/2123/1712 1865/2134/1727
f 1843/2124/1705 1859/2135/1721 1844/2128/1706
f 1836/2126/1698 1852/2136/1714 1837/2129/1699
f 1845/2130/1707 1859/2135/1721 1860/2137/1722
f 1837/2129/1699 1853/2138/1715 1838/2131/1700
f 1846/2132/1708 1860/2137/1722 1861/2139/1723
f 1838/2131/1700 1854/2140/1716 1839/2117/1701
f 1846/2132/1708 1862/2141/1724 1847/2116/1709
f 1840/2118/1702 1854/2140/1716 1855/2142/1717
f 1848/2119/1710 1862/2141/1724 1863/2143/1725
f 1840/2118/1702 1856/2144/1718 1841/2120/1703
f 1848/2119/1710 1864/2145/1726 1849/2121/1711
f 1841/2120/1703 1857/2146/1719 1842/2122/1704
f 1850/2123/1712 1864/2145/1726 1865/2134/1727
f 1842/2122/1704 1858/2147/1720 1843/2124/1705
f 1836/2126/1698 1896/2148/1758 1851/2149/1713
f 1863/2143/1725 1877/2150/1739 1878/2151/1740
f 1856/2144/1718 1870/2152/1732 1871/2153/1733
f 1863/2143/1725 1879/2154/1741 1864/2145/1726
f 1856/2144/1718 1872/2155/1734 1857/2146/1719
f 1864/2145/1726 1880/2156/1742 1865/2134/1727
f 1857/2146/1719 1873/2157/1735 1858/2147/1720
f 1851/2149/1713 1896/2158/1758 1866/2159/1728
f 2062/2160/1924 1865/2134/1727 1880/2156/1742
f 1858/2147/1720 1874/2161/1736 1859/2135/1721
f 1851/2149/1713 1867/2162/1729 1852/2136/1714
f 1860/2137/1722 1874/2161/1736 1875/2163/1737
f 1853/2138/1715 1867/2162/1729 1868/2164/1730
f 1860/2137/1722 1876/2165/1738 1861/2139/1723
f 1853/2138/1715 1869/2166/1731 1854/2140/1716
f 1861/2139/1723 1877/2150/1739 1862/2141/1724
f 1854/2140/1716 1870/2152/1732 1855/2142/1717
f 1866/2159/1728 1882/2167/1744 1867/2162/1729
f 1875/2163/1737 1889/2168/1751 1890/2169/1752
f 1867/2162/1729 1883/2170/1745 1868/2164/1730
f 1875/2163/1737 1891/2171/1753 1876/2165/1738
f 1868/2164/1730 1884/2172/1746 1869/2166/1731
f 1876/2165/1738 1892/2173/1754 1877/2150/1739
f 1870/2152/1732 1884/2172/1746 1885/2174/1747
f 1877/2150/1739 1893/2175/1755 1878/2151/1740
f 1871/2153/1733 1885/2174/1747 1886/2176/1748
f 1878/2151/1740 1894/2177/1756 1879/2154/1741
f 1871/2153/1733 1887/2178/1749 1872/2155/1734
f 1880/2156/1742 1894/2177/1756 1895/2179/1757
f 1873/2157/1735 1887/2178/1749 1888/2180/1750
f 1866/2159/1728 1896/2181/1758 1881/2182/1743
f 2062/2183/1924 1880/2156/1742 1895/2179/1757
f 1873/2157/1735 1889/2168/1751 1874/2161/1736
f 1886/2176/1748 1901/2184/1763 1902/2185/1764
f 1894/2177/1756 1909/2186/1771 1910/2187/1772
f 1886/2176/1748 1903/2188/1765 1887/2178/1749
f 1894/2177/1756 1911/2189/1773 1895/2179/1757
f 1888/2180/1750 1903/2188/1765 1904/2190/1766
f 1881/2182/1743 1896/2191/1758 1897/2192/1759
f 2062/2193/1924 1895/2179/1757 1911/2189/1773
f 1888/2180/1750 1905/2194/1767 1889/2168/1751
f 1881/2182/1743 1898/2195/1760 1882/2167/1744
f 1890/2169/1752 1905/2194/1767 1906/2196/1768
f 1882/2167/1744 1899/2197/1761 1883/2170/1745
f 1890/2169/1752 1907/2198/1769 1891/2171/1753
f 1883/2170/1745 1900/2199/1762 1884/2172/1746
f 1891/2171/1753 1908/2200/1770 1892/2173/1754
f 1885/2174/1747 1900/2199/1762 1901/2184/1763
f 1893/2175/1755 1908/2200/1770 1909/2186/1771
f 1906/2196/1768 1920/2201/1782 1921/2202/1783
f 1898/2195/1760 1914/2203/1776 1899/2197/1761
f 1906/2196/1768 1922/2204/1784 1907/2198/1769
f 1899/2197/1761 1915/2205/1777 1900/2199/1762
f 1907/2198/1769 1923/2206/1785 1908/2200/1770
f 1901/2184/1763 1915/2205/1777 1916/2207/1778
f 1909/2186/1771 1923/2206/1785 1924/2208/1786
f 1901/2184/1763 1917/2209/1779 1902/2185/1764
f 1909/2186/1771 1925/2210/1787 1910/2187/1772
f 1902/2185/1764 1918/2211/1780 1903/2188/1765
f 1910/2187/1772 1926/2212/1788 1911/2189/1773
f 1904/2190/1766 1918/2211/1780 1919/2213/1781
f 1897/2192/1759 1896/2214/1758 1912/2215/1774
f 2062/2216/1924 1911/2189/1773 1926/2212/1788
f 1904/2190/1766 1920/2201/1782 1905/2194/1767
f 1897/2192/1759 1913/2217/1775 1898/2195/1760
f 1924/2208/1786 1940/2218/1802 1925/2210/1787
f 1917/2209/1779 1933/2219/1795 1918/2211/1780
f 1925/2210/1787 1941/2220/1803 1926/2212/1788
f 1919/2213/1781 1933/2219/1795 1934/2221/1796
f 1912/2215/1774 1896/2222/1758 1927/2223/1789
f 2062/2224/1924 1926/2212/1788 1941/2220/1803
f 1919/2213/1781 1935/2225/1797 1920/2201/1782
f 1912/2215/1774 1928/2226/1790 1913/2217/1775
f 1921/2202/1783 1935/2225/1797 1936/2227/1798
f 1913/2217/1775 1929/2228/1791 1914/2203/1776
f 1921/2202/1783 1937/2229/1799 1922/2204/1784
f 1914/2203/1776 1930/2230/1792 1915/2205/1777
f 1922/2204/1784 1938/2231/1800 1923/2206/1785
f 1916/2207/1778 1930/2230/1792 1931/2232/1793
f 1924/2208/1786 1938/2231/1800 1939/2233/1801
f 1917/2209/1779 1931/2232/1793 1932/2234/1794
f 1928/2226/1790 1944/2235/1806 1929/2228/1791
f 1936/2227/1798 1952/2236/1814 1937/2229/1799
f 1929/2228/1791 1945/2237/1807 1930/2230/1792
f 1937/2229/1799 1953/2238/1815 1938/2231/1800
f 1930/2230/1792 1946/2239/1808 1931/2232/1793
f 1939/2233/1801 1953/2238/1815 1954/2240/1816
f 1932/2234/1794 1946/2239/1808 1947/2241/1809
f 1939/2233/1801 1955/2242/1817 1940/2218/1802
f 1932/2234/1794 1948/2243/1810 1933/2219/1795
f 1940/2218/1802 1956/2244/1818 1941/2220/1803
f 1934/2221/1796 1948/2243/1810 1949/2245/1811
f 1927/2223/1789 1896/2246/1758 1942/2247/1804
f 2062/2248/1924 1941/2220/1803 1956/2244/1818
f 1934/2221/1796 1950/2249/1812 1935/2225/1797
f 1927/2223/1789 1943/2250/1805 1928/2226/1790
f 1936/2227/1798 1950/2249/1812 1951/2251/1813
f 1947/2241/1809 1963/2252/1825 1948/2243/1810
f 1955/2242/1817 1971/2253/1833 1956/2244/1818
f 1949/2245/1811 1963/2252/1825 1964/2254/1826
f 1942/2247/1804 1896/2255/1758 1957/2256/1819
f 2062/2257/1924 1956/2244/1818 1971/2253/1833
f 1949/2245/1811 1965/2258/1827 1950/2249/1812
f 1942/2247/1804 1958/2259/1820 1943/2250/1805
f 1951/2251/1813 1965/2258/1827 1966/2260/1828
f 1944/2235/1806 1958/2259/1820 1959/2261/1821
f 1951/2251/1813 1967/2262/1829 1952/2236/1814
f 1944/2235/1806 1960/2263/1822 1945/2237/1807
f 1952/2236/1814 1968/2264/1830 1953/2238/1815
f 1946/2239/1808 1960/2263/1822 1961/2265/1823
f 1954/2240/1816 1968/2264/1830 1969/2266/1831
f 1947/2241/1809 1961/2265/1823 1962/2267/1824
f 1955/2242/1817 1969/2266/1831 1970/2268/1832
f 1966/2260/1828 1982/2269/1844 1967/2262/1829
f 1959/2261/1821 1975/2270/1837 1960/2263/1822
f 1967/2262/1829 1983/2271/1845 1968/2264/1830
f 1961/2265/1823 1975/2270/1837 1976/2272/1838
f 1969/2266/1831 1983/2271/1845 1984/2273/1846
f 1962/2267/1824 1976/2272/1838 1977/2274/1839
f 1969/2266/1831 1985/2275/1847 1970/2268/1832
f 1962/2267/1824 1978/2276/1840 1963/2252/1825
f 1971/2253/1833 1985/2275/1847 1986/2277/1848
f 1964/2254/1826 1978/2276/1840 1979/2278/1841
f 1957/2256/1819 1896/2279/1758 1972/2280/1834
f 2062/2281/1924 1971/2253/1833 1986/2277/1848
f 1964/2254/1826 1980/2282/1842 1965/2258/1827
f 1957/2256/1819 1973/2283/1835 1958/2259/1820
f 1966/2260/1828 1980/2282/1842 1981/2284/1843
f 1958/2259/1820 1974/2285/1836 1959/2261/1821
f 1986/2277/1848 2000/2286/1862 2001/2287/1863
f 1979/2278/1841 1993/2288/1855 1994/2289/1856
f 1972/2280/1834 1896/2290/1758 1987/2291/1849
f 2062/2292/1924 1986/2277/1848 2001/2287/1863
f 1979/2278/1841 1995/2293/1857 1980/2282/1842
f 1972/2280/1834 1988/2294/1850 1973/2283/1835
f 1981/2284/1843 1995/2293/1857 1996/2295/1858
f 1973/2283/1835 1989/2296/1851 1974/2285/1836
f 1981/2284/1843 1997/2297/1859 1982/2269/1844
f 1974/2285/1836 1990/2298/1852 1975/2270/1837
f 1982/2269/1844 1998/2299/1860 1983/2271/1845
f 1975/2270/1837 1991/2300/1853 1976/2272/1838
f 1984/2273/1846 1998/2299/1860 1999/2301/1861
f 1977/2274/1839 1991/2300/1853 1992/2302/1854
f 1985/2275/1847 1999/2301/1861 2000/2286/1862
f 1977/2274/1839 1993/2288/1855 1978/2276/1840
f 1997/2297/1859 2013/2303/1875 1998/2299/1860
f 1991/2300/1853 2005/2304/1867 2006/2305/1868
f 1999/2301/1861 2013/2303/1875 2014/2306/1876
f 1992/2302/1854 2006/2305/1868 2007/2307/1869
f 2000/2286/1862 2014/2306/1876 2015/2308/1877
f 1992/2302/1854 2008/2309/1870 1993/2288/1855
f 2000/2286/1862 2016/2310/1878 2001/2287/1863
f 1993/2288/1855 2009/2311/1871 1994/2289/1856
f 1987/2291/1849 1896/2312/1758 2002/2313/1864
f 2062/2314/1924 2001/2287/1863 2016/2310/1878
f 1994/2289/1856 2010/2315/1872 1995/2293/1857
f 1987/2291/1849 2003/2316/1865 1988/2294/1850
f 1996/2295/1858 2010/2315/1872 2011/2317/1873
f 1988/2294/1850 2004/2318/1866 1989/2296/1851
f 1996/2295/1858 2012/2319/1874 1997/2297/1859
f 1989/2296/1851 2005/2304/1867 1990/2298/1852
f 2002/2313/1864 1896/2320/1758 2017/2321/1879
f 2062/2322/1924 2016/2310/1878 2031/2323/1893
f 2009/2311/1871 2025/2324/1887 2010/2315/1872
f 2002/2313/1864 2018/2325/1880 2003/2316/1865
f 2011/2317/1873 2025/2324/1887 2026/2326/1888
f 2003/2316/1865 2019/2327/1881 2004/2318/1866
f 2011/2317/1873 2027/2328/1889 2012/2319/1874
f 2004/2318/1866 2020/2329/1882 2005/2304/1867
f 2012/2319/1874 2028/2330/1890 2013/2303/1875
f 2005/2304/1867 2021/2331/1883 2006/2305/1868
f 2014/2306/1876 2028/2330/1890 2029/2332/1891
f 2007/2307/1869 2021/2331/1883 2022/2333/1884
f 2015/2308/1877 2029/2332/1891 2030/2334/1892
f 2007/2307/1869 2023/2335/1885 2008/2309/1870
f 2016/2310/1878 2030/2334/1892 2031/2323/1893
f 2009/2311/1871 2023/2335/1885 2024/2336/1886
f 2021/2331/1883 2035/2337/1897 2036/2338/1898
f 2029/2332/1891 2043/2339/1905 2044/2340/1906
f 2022/2333/1884 2036/2338/1898 2037/2341/1899
f 2029/2332/1891 2045/2342/1907 2030/2334/1892
f 2022/2333/1884 2038/2343/1900 2023/2335/1885
f 2030/2334/1892 2046/2344/1908 2031/2323/1893
f 2023/2335/1885 2039/2345/1901 2024/2336/1886
f 2017/2321/1879 1896/2346/1758 2032/2347/1894
f 2062/2348/1924 2031/2323/1893 2046/2344/1908
f 2024/2336/1886 2040/2349/1902 2025/2324/1887
f 2017/2321/1879 2033/2350/1895 2018/2325/1880
f 2026/2326/1888 2040/2349/1902 2041/2351/1903
f 2018/2325/1880 2034/2352/1896 2019/2327/1881
f 2026/2326/1888 2042/2353/1904 2027/2328/1889
f 2019/2327/1881 2035/2337/1897 2020/2329/1882
f 2027/2328/1889 2043/2339/1905 2028/2330/1890
f 2039/2345/1901 2055/2354/1917 2040/2349/1902
f 2033/2350/1895 2047/2355/1909 2048/2356/1910
f 2041/2351/1903 2055/2354/1917 2056/2357/1918
f 2033/2350/1895 2049/2358/1911 2034/2352/1896
f 2041/2351/1903 2057/2359/1919 2042/2353/1904
f 2034/2352/1896 2050/2360/1912 2035/2337/1897
f 2042/2353/1904 2058/2361/1920 2043/2339/1905
f 2035/2337/1897 2051/2362/1913 2036/2338/1898
f 2043/2339/1905 2059/2363/1921 2044/2340/1906
f 2037/2341/1899 2051/2362/1913 2052/2364/1914
f 2045/2342/1907 2059/2363/1921 2060/2365/1922
f 2037/2341/1899 2053/2366/1915 2038/2343/1900
f 2046/2344/1908 2060/2365/1922 2061/2367/1923
f 2039/2345/1901 2053/2366/1915 2054/2368/1916
f 2032/2347/1894 1896/2369/1758 2047/2355/1909
f 2062/2370/1924 2046/2344/1908 2061/2367/1923
f 2059/2363/1921 2074/2371/1936 2075/2372/1937
f 2052/2364/1914 2067/2373/1929 2068/2374/1930
f 2059/2363/1921 2076/2375/1938 2060/2365/1922
f 2052/2364/1914 2069/2376/1931 2053/2366/1915
f 2060/2365/1922 2077/2377/1939 2061/2367/1923
f 2054/2368/1916 2069/2376/1931 2070/2378/1932
f 2047/2355/1909 1896/2379/1758 2063/2380/1925
f 2062/2381/1924 2061/2367/1923 2077/2377/1939
f 2054/2368/1916 2071/2382/1933 2055/2354/1917
f 2047/2355/1909 2064/2383/1926 2048/2356/1910
f 2056/2357/1918 2071/2382/1933 2072/2384/1934
f 2048/2356/1910 2065/2385/1927 2049/2358/1911
f 2056/2357/1918 2073/2386/1935 2057/2359/1919
f 2049/2358/1911 2066/2387/1928 2050/2360/1912
f 2057/2359/1919 2074/2371/1936 2058/2361/1920
f 2051/2362/1913 2066/2387/1928 2067/2373/1929
f 2063/2380/1925 2079/2388/1941 2064/2383/1926
f 2072/2384/1934 2086/2389/1948 2087/2390/1949
f 2065/2385/1927 2079/2388/1941 2080/2391/1942
f 2072/2384/1934 2088/2392/1950 2073/2386/1935
f 2065/2385/1927 2081/2393/1943 2066/2387/1928
f 2073/2386/1935 2089/2394/1951 2074/2371/1936
f 2067/2373/1929 2081/2393/1943 2082/2395/1944
f 2075/2372/1937 2089/2394/1951 2090/2396/1952
f 2068/2374/1930 2082/2395/1944 2083/2397/1945
f 2076/2375/1938 2090/2396/1952 2091/2398/1953
f 2068/2374/1930 2084/2399/1946 2069/2376/1931
f 2076/2375/1938 2092/2400/1954 2077/2377/1939
f 2070/2378/1932 2084/2399/1946 2085/2401/1947
f 2063/2380/1925 1896/2402/1758 2078/2403/1940
f 2062/2404/1924 2077/2377/1939 2092/2400/1954
f 2070/2378/1932 2086/2389/1948 2071/2382/1933
f 2083/2397/1945 2097/2405/1959 2098/2406/1960
f 2090/2396/1952 2106/2407/1968 2091/2398/1953
f 2083/2397/1945 2099/2408/1961 2084/2399/1946
f 2092/2400/1954 2106/2407/1968 2107/2409/1969
f 2085/2401/1947 2099/2408/1961 2100/2410/1962
f 2078/2403/1940 1896/2411/1758 2093/2412/1955
f 2062/2413/1924 2092/2400/1954 2107/2409/1969
f 2085/2401/1947 2101/2414/1963 2086/2389/1948
f 2078/2403/1940 2094/2415/1956 2079/2388/1941
f 2087/2390/1949 2101/2414/1963 2102/2416/1964
f 2079/2388/1941 2095/2417/1957 2080/2391/1942
f 2087/2390/1949 2103/2418/1965 2088/2392/1950
f 2080/2391/1942 2096/2419/1958 2081/2393/1943
f 2088/2392/1950 2104/2420/1966 2089/2394/1951
f 2082/2395/1944 2096/2419/1958 2097/2405/1959
f 2090/2396/1952 2104/2420/1966 2105/2421/1967
f 2102/2416/1964 2116/2422/1978 2117/2423/1979
f 2094/2415/1956 2110/2424/1972 2095/2417/1957
f 2102/2416/1964 2118/2425/1980 2103/2418/1965
f 2095/2417/1957 2111/2426/1973 2096/2419/1958
f 2103/2418/1965 2119/2427/1981 2104/2420/1966
f 2097/2405/1959 2111/2426/1973 2112/2428/1974
f 2105/2421/1967 2119/2427/1981 2120/2429/1982
f 2098/2406/1960 2112/2428/1974 2113/2430/1975
f 2106/2407/1968 2120/2429/1982 2121/2431/1983
f 2098/2406/1960 2114/2432/1976 2099/2408/1961
f 2106/2407/1968 2122/2433/1984 2107/2409/1969
f 2100/2410/1962 2114/2432/1976 2115/2434/1977
f 2093/2412/1955 1896/2435/1758 2108/2436/1970
f 2062/2437/1924 2107/2409/1969 2122/2433/1984
f 2100/2410/1962 2116/2422/1978 2101/2414/1963
f 2093/2412/1955 2109/2438/1971 2094/2415/1956
f 2121/2431/1983 2135/2439/1997 2136/2440/1998
f 2113/2430/1975 2129/2441/1991 2114/2432/1976
f 2122/2433/1984 2136/2440/1998 2137/2442/1999
f 2115/2434/1977 2129/2441/1991 2130/2443/1992
f 2108/2436/1970 1896/2444/1758 2123/2445/1985
f 2062/2446/1924 2122/2433/1984 2137/2442/1999
f 2115/2434/1977 2131/2447/1993 2116/2422/1978
f 2108/2436/1970 2124/2448/1986 2109/2438/1971
f 2117/2423/1979 2131/2447/1993 2132/2449/1994
f 2109/2438/1971 2125/2450/1987 2110/2424/1972
f 2117/2423/1979 2133/2451/1995 2118/2425/1980
f 2110/2424/1972 2126/2452/1988 2111/2426/1973
f 2118/2425/1980 2134/2453/1996 2119/2427/1981
f 2112/2428/1974 2126/2452/1988 2127/2454/1989
f 2120/2429/1982 2134/2453/1996 2135/2439/1997
f 2113/2430/1975 2127/2454/1989 2128/2455/1990
f 2132/2449/1994 2148/2456/2010 2133/2451/1995
f 2125/2450/1987 2141/2457/2003 2126/2452/1988
f 2133/2451/1995 2149/2458/2011 2134/2453/1996
f 2127/2454/1989 2141/2457/2003 2142/2459/2004
f 2135/2439/1997 2149/2458/2011 2150/2460/2012
f 2128/2455/1990 2142/2459/2004 2143/2461/2005
f 2136/2440/1998 2150/2460/2012 2151/2462/2013
f 2128/2455/1990 2144/2463/2006 2129/2441/1991
f 2136/2440/1998 2152/2464/2014 2137/2442/1999
f 2130/2443/1992 2144/2463/2006 2145/2465/2007
f 2123/2445/1985 1896/2466/1758 2138/2467/2000
f 2062/2468/1924 2137/2442/1999 2152/2464/2014
f 2130/2443/1992 2146/2469/2008 2131/2447/1993
f 2123/2445/1985 2139/2470/2001 2124/2448/1986
f 2132/2449/1994 2146/2469/2008 2147/2471/2009
f 2124/2448/1986 2140/2472/2002 2125/2450/1987
f 2151/2462/2013 2167/2473/2029 2152/2464/2014
f 2145/2465/2007 2159/2474/2021 2160/2475/2022
f 2138/2467/2000 1896/2476/1758 2153/2477/2015
f 2062/2478/1924 2152/2464/2014 2167/2473/2029
f 2145/2465/2007 2161/2479/2023 2146/2469/2008
f 2139/2470/2001 2153/2477/2015 2154/2480/2016
f 2147/2471/2009 2161/2479/2023 2162/2481/2024
f 2139/2470/2001 2155/2482/2017 2140/2472/2002
f 2147/2471/2009 2163/2483/2025 2148/2456/2010
f 2140/2472/2002 2156/2484/2018 2141/2457/2003
f 2148/2456/2010 2164/2485/2026 2149/2458/2011
f 2142/2459/2004 2156/2484/2018 2157/2486/2019
f 2150/2460/2012 2164/2485/2026 2165/2487/2027
f 2143/2461/2005 2157/2486/2019 2158/2488/2020
f 2151/2462/2013 2165/2487/2027 2166/2489/2028
f 2143/2461/2005 2159/2474/2021 2144/2463/2006
f 2155/2482/2017 2171/2490/2033 2156/2484/2018
f 2163/2483/2025 2179/2491/2041 2164/2485/2026
f 2157/2486/2019 2171/2490/2033 2172/2492/2034
f 2165/2487/2027 2179/2491/2041 2180/2493/2042
f 2158/2488/2020 2172/2492/2034 2173/2494/2035
f 2165/2487/2027 2181/2495/2043 2166/2489/2028
f 2158/2488/2020 2174/2496/2036 2159/2474/2021
f 2166/2489/2028 2182/2497/2044 2167/2473/2029
f 2160/2475/2022 2174/2496/2036 2175/2498/2037
f 2153/2477/2015 1896/2499/1758 2168/2500/2030
f 2062/2501/1924 2167/2473/2029 2182/2497/2044
f 2160/2475/2022 2176/2502/2038 2161/2479/2023
f 2153/2477/2015 2169/2503/2031 2154/2480/2016
f 2162/2481/2024 2176/2502/2038 2177/2504/2039
f 2154/2480/2016 2170/2505/2032 2155/2482/2017
f 2162/2481/2024 2178/2506/2040 2163/2483/2025
f 2175/2507/2037 2189/2508/2051 2190/2509/2052
f 2168/2510/2030 1896/2511/1758 2183/2512/2045
f 2062/2513/1924 2182/2514/2044 2197/2515/2059
f 2175/2507/2037 2191/2516/2053 2176/2517/2038
f 2168/2510/2030 2184/2518/2046 2169/2519/2031
f 2177/2520/2039 2191/2516/2053 2192/2521/2054
f 2169/2519/2031 2185/2522/2047 2170/2523/2032
f 2177/2520/2039 2193/2524/2055 2178/2525/2040
f 2170/2523/2032 2186/2526/2048 2171/2527/2033
f 2178/2525/2040 2194/2528/2056 2179/2529/2041
f 2172/2530/2034 2186/2526/2048 2187/2531/2049
f 2180/2532/2042 2194/2528/2056 2195/2533/2057
f 2173/2534/2035 2187/2531/2049 2188/2535/2050
f 2180/2532/2042 2196/2536/2058 2181/2537/2043
f 2173/2534/2035 2189/2508/2051 2174/2538/2036
f 2181/2537/2043 2197/2515/2059 2182/2514/2044
f 2193/2524/2055 2209/2539/2071 2194/2528/2056
f 2187/2531/2049 2201/2540/2063 2202/2541/2064
f 2195/2533/2057 2209/2539/2071 2210/2542/2072
f 2188/2535/2050 2202/2541/2064 2203/2543/2065
f 2195/2533/2057 2211/2544/2073 2196/2536/2058
f 2188/2535/2050 2204/2545/2066 2189/2508/2051
f 2196/2536/2058 2212/2546/2074 2197/2515/2059
f 2190/2509/2052 2204/2545/2066 2205/2547/2067
f 2183/2512/2045 1896/2548/1758 2198/2549/2060
f 2062/2550/1924 2197/2515/2059 2212/2546/2074
f 2190/2509/2052 2206/2551/2068 2191/2516/2053
f 2183/2512/2045 2199/2552/2061 2184/2518/2046
f 2192/2521/2054 2206/2551/2068 2207/2553/2069
f 2184/2518/2046 2200/2554/2062 2185/2522/2047
f 2192/2521/2054 2208/2555/2070 2193/2524/2055
f 2185/2522/2047 2201/2540/2063 2186/2526/2048
f 2198/2549/2060 1896/2556/1758 2213/2557/2075
f 2062/2558/1924 2212/2546/2074 2227/2559/2089
f 2205/2547/2067 2221/2560/2083 2206/2551/2068
f 2199/2552/2061 2213/2557/2075 2214/2561/2076
f 2207/2553/2069 2221/2560/2083 2222/2562/2084
f 2199/2552/2061 2215/2563/2077 2200/2554/2062
f 2207/2553/2069 2223/2564/2085 2208/2555/2070
f 2200/2554/2062 2216/2565/2078 2201/2540/2063
f 2208/2555/2070 2224/2566/2086 2209/2539/2071
f 2202/2541/2064 2216/2565/2078 2217/2567/2079
f 2210/2542/2072 2224/2566/2086 2225/2568/2087
f 2203/2543/2065 2217/2567/2079 2218/2569/2080
f 2211/2544/2073 2225/2568/2087 2226/2570/2088
f 2203/2543/2065 2219/2571/2081 2204/2545/2066
f 2211/2544/2073 2227/2559/2089 2212/2546/2074
f 2205/2547/2067 2219/2571/2081 2220/2572/2082
f 2217/2567/2079 2231/2573/2093 2232/2574/2094
f 2225/2568/2087 2239/2575/2101 2240/2576/2102
f 2218/2569/2080 2232/2574/2094 2233/2577/2095
f 2226/2570/2088 2240/2576/2102 2241/2578/2103
f 2218/2569/2080 2234/2579/2096 2219/2571/2081
f 2226/2570/2088 2242/2580/2104 2227/2559/2089
f 2220/2572/2082 2234/2579/2096 2235/2581/2097
f 2213/2557/2075 1896/2582/1758 2228/2583/2090
f 2062/2584/1924 2227/2559/2089 2242/2580/2104
f 2220/2572/2082 2236/2585/2098 2221/2560/2083
f 2213/2557/2075 2229/2586/2091 2214/2561/2076
f 2222/2562/2084 2236/2585/2098 2237/2587/2099
f 2214/2561/2076 2230/2588/2092 2215/2563/2077
f 2222/2562/2084 2238/2589/2100 2223/2564/2085
f 2215/2563/2077 2231/2573/2093 2216/2565/2078
f 2223/2564/2085 2239/2575/2101 2224/2566/2086
f 2235/2581/2097 2251/2590/2113 2236/2585/2098
f 2228/2583/2090 2244/2591/2106 2229/2586/2091
f 2237/2587/2099 2251/2590/2113 2252/2592/2114
f 2229/2586/2091 2245/2593/2107 2230/2588/2092
f 2237/2587/2099 2253/2594/2115 2238/2589/2100
f 2230/2588/2092 2246/2595/2108 2231/2573/2093
f 2238/2589/2100 2254/2596/2116 2239/2575/2101
f 2232/2574/2094 2246/2595/2108 2247/2597/2109
f 2240/2576/2102 2254/2596/2116 2255/2598/2117
f 2233/2577/2095 2247/2597/2109 2248/2599/2110
f 2240/2576/2102 2256/2600/2118 2241/2578/2103
f 2233/2577/2095 2249/2601/2111 2234/2579/2096
f 2241/2578/2103 2257/2602/2119 2242/2580/2104
f 2235/2581/2097 2249/2601/2111 2250/2603/2112
f 2228/2583/2090 1896/2604/1758 2243/2605/2105
f 2062/2606/1924 2242/2580/2104 2257/2602/2119
f 2255/2598/2117 2269/2607/2131 2270/2608/2132
f 2248/2599/2110 2262/2609/2124 2263/2610/2125
f 2255/2598/2117 2271/2611/2133 2256/2600/2118
f 2248/2599/2110 2264/2612/2126 2249/2601/2111
f 2256/2600/2118 2272/2613/2134 2257/2602/2119
f 2250/2603/2112 2264/2612/2126 2265/2614/2127
f 2243/2605/2105 1896/2615/1758 2258/2616/2120
f 2062/2617/1924 2257/2602/2119 2272/2613/2134
f 2250/2603/2112 2266/2618/2128 2251/2590/2113
f 2244/2591/2106 2258/2616/2120 2259/2619/2121
f 2252/2592/2114 2266/2618/2128 2267/2620/2129
f 2244/2591/2106 2260/2621/2122 2245/2593/2107
f 2252/2592/2114 2268/2622/2130 2253/2594/2115
f 2245/2593/2107 2261/2623/2123 2246/2595/2108
f 2253/2594/2115 2269/2607/2131 2254/2596/2116
f 2247/2597/2109 2261/2623/2123 2262/2609/2124
f 2267/2620/2129 2281/2624/2143 2282/2625/2144
f 2259/2619/2121 2275/2626/2137 2260/2621/2122
f 2267/2620/2129 2283/2627/2145 2268/2622/2130
f 2260/2621/2122 2276/2628/2138 2261/2623/2123
f 2268/2622/2130 2284/2629/2146 2269/2607/2131
f 2262/2609/2124 2276/2628/2138 2277/2630/2139
f 2270/2608/2132 2284/2629/2146 2285/2631/2147
f 2263/2610/2125 2277/2630/2139 2278/2632/2140
f 2271/2611/2133 2285/2631/2147 2286/2633/2148
f 2263/2610/2125 2279/2634/2141 2264/2612/2126
f 2271/2611/2133 2287/2635/2149 2272/2613/2134
f 2265/2614/2127 2279/2634/2141 2280/2636/2142
f 2258/2616/2120 1896/2637/1758 2273/2638/2135
f 2062/2639/1924 2272/2613/2134 2287/2635/2149
f 2265/2614/2127 2281/2624/2143 2266/2618/2128
f 2258/2616/2120 2274/2640/2136 2259/2619/2121
f 2285/2631/2147 2293/2089/2155 2286/2633/2148
f 2279/2634/2141 1815/2084/1677 2291/2090/2153
f 2286/2633/2148 2294/2093/2156 2287/2635/2149
f 2280/2636/2142 2291/2090/2153 1816/2095/1678
f 2273/2638/2135 1896/2641/1758 1813/2096/1675
f 2062/2642/1924 2287/2635/2149 2294/2093/2156
f 2280/2636/2142 1817/2100/1679 2281/2624/2143
f 2274/2640/2136 1813/2096/1675 2288/2102/2150
f 2281/2624/2143 1818/2104/1680 2282/2625/2144
f 2275/2626/2137 2288/2102/2150 1814/2106/1676
f 2282/2625/2144 1819/2109/1681 2283/2627/2145
f 2276/2628/2138 1814/2106/1676 2289/2111/2151
f 2283/2627/2145 2292/2112/2154 2284/2629/2146
f 2277/2630/2139 2289/2111/2151 2290/2114/2152
f 2284/2629/2146 1820/2087/1682 2285/2631/2147
f 2278/2632/2140 2290/2114/2152 1815/2084/1677
f 1815/2084/1677 2290/2114/2152 1825/2085/1687
f 1820/2087/1682 1833/2115/1695 1834/2088/1696
f 2291/2090/2153 1815/2084/1677 1826/2086/1688
f 2293/2089/2155 1834/2088/1696 1835/2092/1697
f 2291/2090/2153 1827/2091/1689 1828/2094/1690
f 1817/2100/1679 1816/2095/1678 1828/2094/1690
f 2288/2102/2150 1813/2096/1675 1821/2098/1683
f 1818/2104/1680 1817/2100/1679 1829/2101/1691
f 1814/2106/1676 2288/2102/2150 1822/2103/1684
f 1818/2104/1680 1830/2105/1692 1831/2108/1693
f 1814/2106/1676 1823/2107/1685 1824/2110/1686
f 2292/2112/2154 1819/2109/1681 1831/2108/1693
f 2290/2114/2152 2289/2111/2151 1824/2110/1686
f 1820/2087/1682 2292/2112/2154 1832/2113/1694
f 1831/2108/1693 1846/2132/1708 1847/2116/1709
f 1825/2085/1687 1824/2110/1686 1839/2117/1701
f 1832/2113/1694 1847/2116/1709 1848/2119/1710
f 1825/2085/1687 1840/2118/1702 1841/2120/1703
f 1834/2088/1696 1833/2115/1695 1848/2119/1710
f 1826/2086/1688 1841/2120/1703 1842/2122/1704
f 1835/2092/1697 1834/2088/1696 1849/2121/1711
f 1827/2091/1689 1842/2122/1704 1843/2124/1705
f 1828/2094/1690 1843/2124/1705 1844/2128/1706
f 1821/2098/1683 1836/2126/1698 1837/2129/1699
f 1829/2101/1691 1844/2128/1706 1845/2130/1707
f 1823/2107/1685 1822/2103/1684 1837/2129/1699
f 1831/2108/1693 1830/2105/1692 1845/2130/1707
f 1824/2110/1686 1823/2107/1685 1838/2131/1700
f 1843/2124/1705 1858/2147/1720 1859/2135/1721
f 1836/2126/1698 1851/2149/1713 1852/2136/1714
f 1845/2130/1707 1844/2128/1706 1859/2135/1721
f 1837/2129/1699 1852/2136/1714 1853/2138/1715
f 1846/2132/1708 1845/2130/1707 1860/2137/1722
f 1838/2131/1700 1853/2138/1715 1854/2140/1716
f 1846/2132/1708 1861/2139/1723 1862/2141/1724
f 1840/2118/1702 1839/2117/1701 1854/2140/1716
f 1848/2119/1710 1847/2116/1709 1862/2141/1724
f 1840/2118/1702 1855/2142/1717 1856/2144/1718
f 1848/2119/1710 1863/2143/1725 1864/2145/1726
f 1841/2120/1703 1856/2144/1718 1857/2146/1719
f 1850/2123/1712 1849/2121/1711 1864/2145/1726
f 1842/2122/1704 1857/2146/1719 1858/2147/1720
f 1863/2143/1725 1862/2141/1724 1877/2150/1739
f 1856/2144/1718 1855/2142/1717 1870/2152/1732
f 1863/2143/1725 1878/2151/1740 1879/2154/1741
f 1856/2144/1718 1871/2153/1733 1872/2155/1734
f 1864/2145/1726 1879/2154/1741 1880/2156/1742
f 1857/2146/1719 1872/2155/1734 1873/2157/1735
f 1858/2147/1720 1873/2157/1735 1874/2161/1736
f 1851/2149/1713 1866/2159/1728 1867/2162/1729
f 1860/2137/1722 1859/2135/1721 1874/2161/1736
f 1853/2138/1715 1852/2136/1714 1867/2162/1729
f 1860/2137/1722 1875/2163/1737 1876/2165/1738
f 1853/2138/1715 1868/2164/1730 1869/2166/1731
f 1861/2139/1723 1876/2165/1738 1877/2150/1739
f 1854/2140/1716 1869/2166/1731 1870/2152/1732
f 1866/2159/1728 1881/2182/1743 1882/2167/1744
f 1875/2163/1737 1874/2161/1736 1889/2168/1751
f 1867/2162/1729 1882/2167/1744 1883/2170/1745
f 1875/2163/1737 1890/2169/1752 1891/2171/1753
f 1868/2164/1730 1883/2170/1745 1884/2172/1746
f 1876/2165/1738 1891/2171/1753 1892/2173/1754
f 1870/2152/1732 1869/2166/1731 1884/2172/1746
f 1877/2150/1739 1892/2173/1754 1893/2175/1755
f 1871/2153/1733 1870/2152/1732 1885/2174/1747
f 1878/2151/1740 1893/2175/1755 1894/2177/1756
f 1871/2153/1733 1886/2176/1748 1887/2178/1749
f 1880/2156/1742 1879/2154/1741 1894/2177/1756
f 1873/2157/1735 1872/2155/1734 1887/2178/1749
f 1873/2157/1735 1888/2180/1750 1889/2168/1751
f 1886/2176/1748 1885/2174/1747 1901/2184/1763
f 1894/2177/1756 1893/2175/1755 1909/2186/1771
f 1886/2176/1748 1902/2185/1764 1903/2188/1765
f 1894/2177/1756 1910/2187/1772 1911/2189/1773
f 1888/2180/1750 1887/2178/1749 1903/2188/1765
f 1888/2180/1750 1904/2190/1766 1905/2194/1767
f 1881/2182/1743 1897/2192/1759 1898/2195/1760
f 1890/2169/1752 1889/2168/1751 1905/2194/1767
f 1882/2167/1744 1898/2195/1760 1899/2197/1761
f 1890/2169/1752 1906/2196/1768 1907/2198/1769
f 1883/2170/1745 1899/2197/1761 1900/2199/1762
f 1891/2171/1753 1907/2198/1769 1908/2200/1770
f 1885/2174/1747 1884/2172/1746 1900/2199/1762
f 1893/2175/1755 1892/2173/1754 1908/2200/1770
f 1906/2196/1768 1905/2194/1767 1920/2201/1782
f 1898/2195/1760 1913/2217/1775 1914/2203/1776
f 1906/2196/1768 1921/2202/1783 1922/2204/1784
f 1899/2197/1761 1914/2203/1776 1915/2205/1777
f 1907/2198/1769 1922/2204/1784 1923/2206/1785
f 1901/2184/1763 1900/2199/1762 1915/2205/1777
f 1909/2186/1771 1908/2200/1770 1923/2206/1785
f 1901/2184/1763 1916/2207/1778 1917/2209/1779
f 1909/2186/1771 1924/2208/1786 1925/2210/1787
f 1902/2185/1764 1917/2209/1779 1918/2211/1780
f 1910/2187/1772 1925/2210/1787 1926/2212/1788
f 1904/2190/1766 1903/2188/1765 1918/2211/1780
f 1904/2190/1766 1919/2213/1781 1920/2201/1782
f 1897/2192/1759 1912/2215/1774 1913/2217/1775
f 1924/2208/1786 1939/2233/1801 1940/2218/1802
f 1917/2209/1779 1932/2234/1794 1933/2219/1795
f 1925/2210/1787 1940/2218/1802 1941/2220/1803
f 1919/2213/1781 1918/2211/1780 1933/2219/1795
f 1919/2213/1781 1934/2221/1796 1935/2225/1797
f 1912/2215/1774 1927/2223/1789 1928/2226/1790
f 1921/2202/1783 1920/2201/1782 1935/2225/1797
f 1913/2217/1775 1928/2226/1790 1929/2228/1791
f 1921/2202/1783 1936/2227/1798 1937/2229/1799
f 1914/2203/1776 1929/2228/1791 1930/2230/1792
f 1922/2204/1784 1937/2229/1799 1938/2231/1800
f 1916/2207/1778 1915/2205/1777 1930/2230/1792
f 1924/2208/1786 1923/2206/1785 1938/2231/1800
f 1917/2209/1779 1916/2207/1778 1931/2232/1793
f 1928/2226/1790 1943/2250/1805 1944/2235/1806
f 1936/2227/1798 1951/2251/1813 1952/2236/1814
f 1929/2228/1791 1944/2235/1806 1945/2237/1807
f 1937/2229/1799 1952/2236/1814 1953/2238/1815
f 1930/2230/1792 1945/2237/1807 1946/2239/1808
f 1939/2233/1801 1938/2231/1800 1953/2238/1815
f 1932/2234/1794 1931/2232/1793 1946/2239/1808
f 1939/2233/1801 1954/2240/1816 1955/2242/1817
f 1932/2234/1794 1947/2241/1809 1948/2243/1810
f 1940/2218/1802 1955/2242/1817 1956/2244/1818
f 1934/2221/1796 1933/2219/1795 1948/2243/1810
f 1934/2221/1796 1949/2245/1811 1950/2249/1812
f 1927/2223/1789 1942/2247/1804 1943/2250/1805
f 1936/2227/1798 1935/2225/1797 1950/2249/1812
f 1947/2241/1809 1962/2267/1824 1963/2252/1825
f 1955/2242/1817 1970/2268/1832 1971/2253/1833
f 1949/2245/1811 1948/2243/1810 1963/2252/1825
f 1949/2245/1811 1964/2254/1826 1965/2258/1827
f 1942/2247/1804 1957/2256/1819 1958/2259/1820
f 1951/2251/1813 1950/2249/1812 1965/2258/1827
f 1944/2235/1806 1943/2250/1805 1958/2259/1820
f 1951/2251/1813 1966/2260/1828 1967/2262/1829
f 1944/2235/1806 1959/2261/1821 1960/2263/1822
f 1952/2236/1814 1967/2262/1829 1968/2264/1830
f 1946/2239/1808 1945/2237/1807 1960/2263/1822
f 1954/2240/1816 1953/2238/1815 1968/2264/1830
f 1947/2241/1809 1946/2239/1808 1961/2265/1823
f 1955/2242/1817 1954/2240/1816 1969/2266/1831
f 1966/2260/1828 1981/2284/1843 1982/2269/1844
f 1959/2261/1821 1974/2285/1836 1975/2270/1837
f 1967/2262/1829 1982/2269/1844 1983/2271/1845
f 1961/2265/1823 1960/2263/1822 1975/2270/1837
f 1969/2266/1831 1968/2264/1830 1983/2271/1845
f 1962/2267/1824 1961/2265/1823 1976/2272/1838
f 1969/2266/1831 1984/2273/1846 1985/2275/1847
f 1962/2267/1824 1977/2274/1839 1978/2276/1840
f 1971/2253/1833 1970/2268/1832 1985/2275/1847
f 1964/2254/1826 1963/2252/1825 1978/2276/1840
f 1964/2254/1826 1979/2278/1841 1980/2282/1842
f 1957/2256/1819 1972/2280/1834 1973/2283/1835
f 1966/2260/1828 1965/2258/1827 1980/2282/1842
f 1958/2259/1820 1973/2283/1835 1974/2285/1836
f 1986/2277/1848 1985/2275/1847 2000/2286/1862
f 1979/2278/1841 1978/2276/1840 1993/2288/1855
f 1979/2278/1841 1994/2289/1856 1995/2293/1857
f 1972/2280/1834 1987/2291/1849 1988/2294/1850
f 1981/2284/1843 1980/2282/1842 1995/2293/1857
f 1973/2283/1835 1988/2294/1850 1989/2296/1851
f 1981/2284/1843 1996/2295/1858 1997/2297/1859
f 1974/2285/1836 1989/2296/1851 1990/2298/1852
f 1982/2269/1844 1997/2297/1859 1998/2299/1860
f 1975/2270/1837 1990/2298/1852 1991/2300/1853
f 1984/2273/1846 1983/2271/1845 1998/2299/1860
f 1977/2274/1839 1976/2272/1838 1991/2300/1853
f 1985/2275/1847 1984/2273/1846 1999/2301/1861
f 1977/2274/1839 1992/2302/1854 1993/2288/1855
f 1997/2297/1859 2012/2319/1874 2013/2303/1875
f 1991/2300/1853 1990/2298/1852 2005/2304/1867
f 1999/2301/1861 1998/2299/1860 2013/2303/1875
f 1992/2302/1854 1991/2300/1853 2006/2305/1868
f 2000/2286/1862 1999/2301/1861 2014/2306/1876
f 1992/2302/1854 2007/2307/1869 2008/2309/1870
f 2000/2286/1862 2015/2308/1877 2016/2310/1878
f 1993/2288/1855 2008/2309/1870 2009/2311/1871
f 1994/2289/1856 2009/2311/1871 2010/2315/1872
f 1987/2291/1849 2002/2313/1864 2003/2316/1865
f 1996/2295/1858 1995/2293/1857 2010/2315/1872
f 1988/2294/1850 2003/2316/1865 2004/2318/1866
f 1996/2295/1858 2011/2317/1873 2012/2319/1874
f 1989/2296/1851 2004/2318/1866 2005/2304/1867
f 2009/2311/1871 2024/2336/1886 2025/2324/1887
f 2002/2313/1864 2017/2321/1879 2018/2325/1880
f 2011/2317/1873 2010/2315/1872 2025/2324/1887
f 2003/2316/1865 2018/2325/1880 2019/2327/1881
f 2011/2317/1873 2026/2326/1888 2027/2328/1889
f 2004/2318/1866 2019/2327/1881 2020/2329/1882
f 2012/2319/1874 2027/2328/1889 2028/2330/1890
f 2005/2304/1867 2020/2329/1882 2021/2331/1883
f 2014/2306/1876 2013/2303/1875 2028/2330/1890
f 2007/2307/1869 2006/2305/1868 2021/2331/1883
f 2015/2308/1877 2014/2306/1876 2029/2332/1891
f 2007/2307/1869 2022/2333/1884 2023/2335/1885
f 2016/2310/1878 2015/2308/1877 2030/2334/1892
f 2009/2311/1871 2008/2309/1870 2023/2335/1885
f 2021/2331/1883 2020/2329/1882 2035/2337/1897
f 2029/2332/1891 2028/2330/1890 2043/2339/1905
f 2022/2333/1884 2021/2331/1883 2036/2338/1898
f 2029/2332/1891 2044/2340/1906 2045/2342/1907
f 2022/2333/1884 2037/2341/1899 2038/2343/1900
f 2030/2334/1892 2045/2342/1907 2046/2344/1908
f 2023/2335/1885 2038/2343/1900 2039/2345/1901
f 2024/2336/1886 2039/2345/1901 2040/2349/1902
f 2017/2321/1879 2032/2347/1894 2033/2350/1895
f 2026/2326/1888 2025/2324/1887 2040/2349/1902
f 2018/2325/1880 2033/2350/1895 2034/2352/1896
f 2026/2326/1888 2041/2351/1903 2042/2353/1904
f 2019/2327/1881 2034/2352/1896 2035/2337/1897
f 2027/2328/1889 2042/2353/1904 2043/2339/1905
f 2039/2345/1901 2054/2368/1916 2055/2354/1917
f 2033/2350/1895 2032/2347/1894 2047/2355/1909
f 2041/2351/1903 2040/2349/1902 2055/2354/1917
f 2033/2350/1895 2048/2356/1910 2049/2358/1911
f 2041/2351/1903 2056/2357/1918 2057/2359/1919
f 2034/2352/1896 2049/2358/1911 2050/2360/1912
f 2042/2353/1904 2057/2359/1919 2058/2361/1920
f 2035/2337/1897 2050/2360/1912 2051/2362/1913
f 2043/2339/1905 2058/2361/1920 2059/2363/1921
f 2037/2341/1899 2036/2338/1898 2051/2362/1913
f 2045/2342/1907 2044/2340/1906 2059/2363/1921
f 2037/2341/1899 2052/2364/1914 2053/2366/1915
f 2046/2344/1908 2045/2342/1907 2060/2365/1922
f 2039/2345/1901 2038/2343/1900 2053/2366/1915
f 2059/2363/1921 2058/2361/1920 2074/2371/1936
f 2052/2364/1914 2051/2362/1913 2067/2373/1929
f 2059/2363/1921 2075/2372/1937 2076/2375/1938
f 2052/2364/1914 2068/2374/1930 2069/2376/1931
f 2060/2365/1922 2076/2375/1938 2077/2377/1939
f 2054/2368/1916 2053/2366/1915 2069/2376/1931
f 2054/2368/1916 2070/2378/1932 2071/2382/1933
f 2047/2355/1909 2063/2380/1925 2064/2383/1926
f 2056/2357/1918 2055/2354/1917 2071/2382/1933
f 2048/2356/1910 2064/2383/1926 2065/2385/1927
f 2056/2357/1918 2072/2384/1934 2073/2386/1935
f 2049/2358/1911 2065/2385/1927 2066/2387/1928
f 2057/2359/1919 2073/2386/1935 2074/2371/1936
f 2051/2362/1913 2050/2360/1912 2066/2387/1928
f 2063/2380/1925 2078/2403/1940 2079/2388/1941
f 2072/2384/1934 2071/2382/1933 2086/2389/1948
f 2065/2385/1927 2064/2383/1926 2079/2388/1941
f 2072/2384/1934 2087/2390/1949 2088/2392/1950
f 2065/2385/1927 2080/2391/1942 2081/2393/1943
f 2073/2386/1935 2088/2392/1950 2089/2394/1951
f 2067/2373/1929 2066/2387/1928 2081/2393/1943
f 2075/2372/1937 2074/2371/1936 2089/2394/1951
f 2068/2374/1930 2067/2373/1929 2082/2395/1944
f 2076/2375/1938 2075/2372/1937 2090/2396/1952
f 2068/2374/1930 2083/2397/1945 2084/2399/1946
f 2076/2375/1938 2091/2398/1953 2092/2400/1954
f 2070/2378/1932 2069/2376/1931 2084/2399/1946
f 2070/2378/1932 2085/2401/1947 2086/2389/1948
f 2083/2397/1945 2082/2395/1944 2097/2405/1959
f 2090/2396/1952 2105/2421/1967 2106/2407/1968
f 2083/2397/1945 2098/2406/1960 2099/2408/1961
f 2092/2400/1954 2091/2398/1953 2106/2407/1968
f 2085/2401/1947 2084/2399/1946 2099/2408/1961
f 2085/2401/1947 2100/2410/1962 2101/2414/1963
f 2078/2403/1940 2093/2412/1955 2094/2415/1956
f 2087/2390/1949 2086/2389/1948 2101/2414/1963
f 2079/2388/1941 2094/2415/1956 2095/2417/1957
f 2087/2390/1949 2102/2416/1964 2103/2418/1965
f 2080/2391/1942 2095/2417/1957 2096/2419/1958
f 2088/2392/1950 2103/2418/1965 2104/2420/1966
f 2082/2395/1944 2081/2393/1943 2096/2419/1958
f 2090/2396/1952 2089/2394/1951 2104/2420/1966
f 2102/2416/1964 2101/2414/1963 2116/2422/1978
f 2094/2415/1956 2109/2438/1971 2110/2424/1972
f 2102/2416/1964 2117/2423/1979 2118/2425/1980
f 2095/2417/1957 2110/2424/1972 2111/2426/1973
f 2103/2418/1965 2118/2425/1980 2119/2427/1981
f 2097/2405/1959 2096/2419/1958 2111/2426/1973
f 2105/2421/1967 2104/2420/1966 2119/2427/1981
f 2098/2406/1960 2097/2405/1959 2112/2428/1974
f 2106/2407/1968 2105/2421/1967 2120/2429/1982
f 2098/2406/1960 2113/2430/1975 2114/2432/1976
f 2106/2407/1968 2121/2431/1983 2122/2433/1984
f 2100/2410/1962 2099/2408/1961 2114/2432/1976
f 2100/2410/1962 2115/2434/1977 2116/2422/1978
f 2093/2412/1955 2108/2436/1970 2109/2438/1971
f 2121/2431/1983 2120/2429/1982 2135/2439/1997
f 2113/2430/1975 2128/2455/1990 2129/2441/1991
f 2122/2433/1984 2121/2431/1983 2136/2440/1998
f 2115/2434/1977 2114/2432/1976 2129/2441/1991
f 2115/2434/1977 2130/2443/1992 2131/2447/1993
f 2108/2436/1970 2123/2445/1985 2124/2448/1986
f 2117/2423/1979 2116/2422/1978 2131/2447/1993
f 2109/2438/1971 2124/2448/1986 2125/2450/1987
f 2117/2423/1979 2132/2449/1994 2133/2451/1995
f 2110/2424/1972 2125/2450/1987 2126/2452/1988
f 2118/2425/1980 2133/2451/1995 2134/2453/1996
f 2112/2428/1974 2111/2426/1973 2126/2452/1988
f 2120/2429/1982 2119/2427/1981 2134/2453/1996
f 2113/2430/1975 2112/2428/1974 2127/2454/1989
f 2132/2449/1994 2147/2471/2009 2148/2456/2010
f 2125/2450/1987 2140/2472/2002 2141/2457/2003
f 2133/2451/1995 2148/2456/2010 2149/2458/2011
f 2127/2454/1989 2126/2452/1988 2141/2457/2003
f 2135/2439/1997 2134/2453/1996 2149/2458/2011
f 2128/2455/1990 2127/2454/1989 2142/2459/2004
f 2136/2440/1998 2135/2439/1997 2150/2460/2012
f 2128/2455/1990 2143/2461/2005 2144/2463/2006
f 2136/2440/1998 2151/2462/2013 2152/2464/2014
f 2130/2443/1992 2129/2441/1991 2144/2463/2006
f 2130/2443/1992 2145/2465/2007 2146/2469/2008
f 2123/2445/1985 2138/2467/2000 2139/2470/2001
f 2132/2449/1994 2131/2447/1993 2146/2469/2008
f 2124/2448/1986 2139/2470/2001 2140/2472/2002
f 2151/2462/2013 2166/2489/2028 2167/2473/2029
f 2145/2465/2007 2144/2463/2006 2159/2474/2021
f 2145/2465/2007 2160/2475/2022 2161/2479/2023
f 2139/2470/2001 2138/2467/2000 2153/2477/2015
f 2147/2471/2009 2146/2469/2008 2161/2479/2023
f 2139/2470/2001 2154/2480/2016 2155/2482/2017
f 2147/2471/2009 2162/2481/2024 2163/2483/2025
f 2140/2472/2002 2155/2482/2017 2156/2484/2018
f 2148/2456/2010 2163/2483/2025 2164/2485/2026
f 2142/2459/2004 2141/2457/2003 2156/2484/2018
f 2150/2460/2012 2149/2458/2011 2164/2485/2026
f 2143/2461/2005 2142/2459/2004 2157/2486/2019
f 2151/2462/2013 2150/2460/2012 2165/2487/2027
f 2143/2461/2005 2158/2488/2020 2159/2474/2021
f 2155/2482/2017 2170/2505/2032 2171/2490/2033
f 2163/2483/2025 2178/2506/2040 2179/2491/2041
f 2157/2486/2019 2156/2484/2018 2171/2490/2033
f 2165/2487/2027 2164/2485/2026 2179/2491/2041
f 2158/2488/2020 2157/2486/2019 2172/2492/2034
f 2165/2487/2027 2180/2493/2042 2181/2495/2043
f 2158/2488/2020 2173/2494/2035 2174/2496/2036
f 2166/2489/2028 2181/2495/2043 2182/2497/2044
f 2160/2475/2022 2159/2474/2021 2174/2496/2036
f 2160/2475/2022 2175/2498/2037 2176/2502/2038
f 2153/2477/2015 2168/2500/2030 2169/2503/2031
f 2162/2481/2024 2161/2479/2023 2176/2502/2038
f 2154/2480/2016 2169/2503/2031 2170/2505/2032
f 2162/2481/2024 2177/2504/2039 2178/2506/2040
f 2175/2507/2037 2174/2538/2036 2189/2508/2051
f 2175/2507/2037 2190/2509/2052 2191/2516/2053
f 2168/2510/2030 2183/2512/2045 2184/2518/2046
f 2177/2520/2039 2176/2517/2038 2191/2516/2053
f 2169/2519/2031 2184/2518/2046 2185/2522/2047
f 2177/2520/2039 2192/2521/2054 2193/2524/2055
f 2170/2523/2032 2185/2522/2047 2186/2526/2048
f 2178/2525/2040 2193/2524/2055 2194/2528/2056
f 2172/2530/2034 2171/2527/2033 2186/2526/2048
f 2180/2532/2042 2179/2529/2041 2194/2528/2056
f 2173/2534/2035 2172/2530/2034 2187/2531/2049
f 2180/2532/2042 2195/2533/2057 2196/2536/2058
f 2173/2534/2035 2188/2535/2050 2189/2508/2051
f 2181/2537/2043 2196/2536/2058 2197/2515/2059
f 2193/2524/2055 2208/2555/2070 2209/2539/2071
f 2187/2531/2049 2186/2526/2048 2201/2540/2063
f 2195/2533/2057 2194/2528/2056 2209/2539/2071
f 2188/2535/2050 2187/2531/2049 2202/2541/2064
f 2195/2533/2057 2210/2542/2072 2211/2544/2073
f 2188/2535/2050 2203/2543/2065 2204/2545/2066
f 2196/2536/2058 2211/2544/2073 2212/2546/2074
f 2190/2509/2052 2189/2508/2051 2204/2545/2066
f 2190/2509/2052 2205/2547/2067 2206/2551/2068
f 2183/2512/2045 2198/2549/2060 2199/2552/2061
f 2192/2521/2054 2191/2516/2053 2206/2551/2068
f 2184/2518/2046 2199/2552/2061 2200/2554/2062
f 2192/2521/2054 2207/2553/2069 2208/2555/2070
f 2185/2522/2047 2200/2554/2062 2201/2540/2063
f 2205/2547/2067 2220/2572/2082 2221/2560/2083
f 2199/2552/2061 2198/2549/2060 2213/2557/2075
f 2207/2553/2069 2206/2551/2068 2221/2560/2083
f 2199/2552/2061 2214/2561/2076 2215/2563/2077
f 2207/2553/2069 2222/2562/2084 2223/2564/2085
f 2200/2554/2062 2215/2563/2077 2216/2565/2078
f 2208/2555/2070 2223/2564/2085 2224/2566/2086
f 2202/2541/2064 2201/2540/2063 2216/2565/2078
f 2210/2542/2072 2209/2539/2071 2224/2566/2086
f 2203/2543/2065 2202/2541/2064 2217/2567/2079
f 2211/2544/2073 2210/2542/2072 2225/2568/2087
f 2203/2543/2065 2218/2569/2080 2219/2571/2081
f 2211/2544/2073 2226/2570/2088 2227/2559/2089
f 2205/2547/2067 2204/2545/2066 2219/2571/2081
f 2217/2567/2079 2216/2565/2078 2231/2573/2093
f 2225/2568/2087 2224/2566/2086 2239/2575/2101
f 2218/2569/2080 2217/2567/2079 2232/2574/2094
f 2226/2570/2088 2225/2568/2087 2240/2576/2102
f 2218/2569/2080 2233/2577/2095 2234/2579/2096
f 2226/2570/2088 2241/2578/2103 2242/2580/2104
f 2220/2572/2082 2219/2571/2081 2234/2579/2096
f 2220/2572/2082 2235/2581/2097 2236/2585/2098
f 2213/2557/2075 2228/2583/2090 2229/2586/2091
f 2222/2562/2084 2221/2560/2083 2236/2585/2098
f 2214/2561/2076 2229/2586/2091 2230/2588/2092
f 2222/2562/2084 2237/2587/2099 2238/2589/2100
f 2215/2563/2077 2230/2588/2092 2231/2573/2093
f 2223/2564/2085 2238/2589/2100 2239/2575/2101
f 2235/2581/2097 2250/2603/2112 2251/2590/2113
f 2228/2583/2090 2243/2605/2105 2244/2591/2106
f 2237/2587/2099 2236/2585/2098 2251/2590/2113
f 2229/2586/2091 2244/2591/2106 2245/2593/2107
f 2237/2587/2099 2252/2592/2114 2253/2594/2115
f 2230/2588/2092 2245/2593/2107 2246/2595/2108
f 2238/2589/2100 2253/2594/2115 2254/2596/2116
f 2232/2574/2094 2231/2573/2093 2246/2595/2108
f 2240/2576/2102 2239/2575/2101 2254/2596/2116
f 2233/2577/2095 2232/2574/2094 2247/2597/2109
f 2240/2576/2102 2255/2598/2117 2256/2600/2118
f 2233/2577/2095 2248/2599/2110 2249/2601/2111
f 2241/2578/2103 2256/2600/2118 2257/2602/2119
f 2235/2581/2097 2234/2579/2096 2249/2601/2111
f 2255/2598/2117 2254/2596/2116 2269/2607/2131
f 2248/2599/2110 2247/2597/2109 2262/2609/2124
f 2255/2598/2117 2270/2608/2132 2271/2611/2133
f 2248/2599/2110 2263/2610/2125 2264/2612/2126
f 2256/2600/2118 2271/2611/2133 2272/2613/2134
f 2250/2603/2112 2249/2601/2111 2264/2612/2126
f 2250/2603/2112 2265/2614/2127 2266/2618/2128
f 2244/2591/2106 2243/2605/2105 2258/2616/2120
f 2252/2592/2114 2251/2590/2113 2266/2618/2128
f 2244/2591/2106 2259/2619/2121 2260/2621/2122
f 2252/2592/2114 2267/2620/2129 2268/2622/2130
f 2245/2593/2107 2260/2621/2122 2261/2623/2123
f 2253/2594/2115 2268/2622/2130 2269/2607/2131
f 2247/2597/2109 2246/2595/2108 2261/2623/2123
f 2267/2620/2129 2266/2618/2128 2281/2624/2143
f 2259/2619/2121 2274/2640/2136 2275/2626/2137
f 2267/2620/2129 2282/2625/2144 2283/2627/2145
f 2260/2621/2122 2275/2626/2137 2276/2628/2138
f 2268/2622/2130 2283/2627/2145 2284/2629/2146
f 2262/2609/2124 2261/2623/2123 2276/2628/2138
f 2270/2608/2132 2269/2607/2131 2284/2629/2146
f 2263/2610/2125 2262/2609/2124 2277/2630/2139
f 2271/2611/2133 2270/2608/2132 2285/2631/2147
f 2263/2610/2125 2278/2632/2140 2279/2634/2141
f 2271/2611/2133 2286/2633/2148 2287/2635/2149
f 2265/2614/2127 2264/2612/2126 2279/2634/2141
f 2265/2614/2127 2280/2636/2142 2281/2624/2143
f 2258/2616/2120 2273/2638/2135 2274/2640/2136
f 2285/2631/2147 1820/2087/1682 2293/2089/2155
f 2279/2634/2141 2278/2632/2140 1815/2084/1677
f 2286/2633/2148 2293/2089/2155 2294/2093/2156
f 2280/2636/2142 2279/2634/2141 2291/2090/2153
f 2280/2636/2142 1816/2095/1678 1817/2100/1679
f 2274/2640/2136 2273/2638/2135 1813/2096/1675
f 2281/2624/2143 1817/2100/1679 1818/2104/1680
f 2275/2626/2137 2274/2640/2136 2288/2102/2150
f 2282/2625/2144 1818/2104/1680 1819/2109/1681
f 2276/2628/2138 2275/2626/2137 1814/2106/1676
f 2283/2627/2145 1819/2109/1681 2292/2112/2154
f 2277/2630/2139 2276/2628/2138 2289/2111/2151
f 2284/2629/2146 2292/2112/2154 1820/2087/1682
f 2278/2632/2140 2277/2630/2139 2290/2114/2152
o Sphere.001
v -0.200000 0.468295 3.778847
v -0.200000 0.446666 3.769888
v -0.200000 0.424567 3.742961
v -0.200000 0.420000 3.720000
v -0.200000 0.421153 3.708295
v -0.200000 0.424567 3.697039
v -0.200000 0.430112 3.686666
v -0.200000 0.446666 3.670112
v -0.202284 0.468519 3.778847
v -0.204479 0.457480 3.775433
v -0.206503 0.447306 3.769888
v -0.208277 0.438389 3.762426
v -0.209733 0.431070 3.753334
v -0.210814 0.425632 3.742961
v -0.211480 0.422284 3.731705
v -0.211705 0.421153 3.720000
v -0.211480 0.422284 3.708295
v -0.210814 0.425632 3.697039
v -0.209733 0.431070 3.686666
v -0.208277 0.438389 3.677574
v -0.206503 0.447306 3.670112
v -0.204479 0.457480 3.664567
v -0.202284 0.468519 3.661153
v -0.204479 0.469186 3.778847
v -0.208787 0.458787 3.775433
v -0.212756 0.449203 3.769888
v -0.216236 0.440803 3.762426
v -0.219091 0.433909 3.753334
v -0.221213 0.428787 3.742961
v -0.222520 0.425632 3.731705
v -0.222961 0.424567 3.720000
v -0.222520 0.425632 3.708295
v -0.221213 0.428787 3.697039
v -0.219091 0.433909 3.686666
v -0.216236 0.440803 3.677574
v -0.212756 0.449203 3.670112
v -0.208787 0.458787 3.664567
v -0.204479 0.469186 3.661153
v -0.206503 0.470267 3.778847
v -0.212756 0.460909 3.775433
v -0.218519 0.452284 3.769888
v -0.223571 0.444724 3.762426
v -0.227716 0.438519 3.753334
v -0.230797 0.433909 3.742961
v -0.232694 0.431070 3.731705
v -0.233334 0.430112 3.720000
v -0.232694 0.431070 3.708295
v -0.230797 0.433909 3.697039
v -0.227716 0.438519 3.686666
v -0.223571 0.444724 3.677574
v -0.218519 0.452284 3.670112
v -0.212756 0.460909 3.664567
v -0.206503 0.470267 3.661153
v -0.208277 0.471723 3.778847
v -0.216236 0.463764 3.775433
v -0.223571 0.456429 3.769888
v -0.230000 0.450000 3.762426
v -0.235276 0.444724 3.753334
v -0.239197 0.440803 3.742961
v -0.241611 0.438389 3.731705
v -0.242426 0.437574 3.720000
v -0.241611 0.438389 3.708295
v -0.239197 0.440803 3.697039
v -0.235276 0.444724 3.686666
v -0.230000 0.450000 3.677574
v -0.223571 0.456429 3.670112
v -0.216236 0.463764 3.664567
v -0.208277 0.471723 3.661153
v -0.209733 0.473497 3.778847
v -0.219091 0.467244 3.775433
v -0.227716 0.461480 3.769888
v -0.235276 0.456429 3.762426
v -0.241480 0.452284 3.753334
v -0.246091 0.449203 3.742961
v -0.248930 0.447306 3.731705
v -0.249888 0.446666 3.720000
v -0.248930 0.447306 3.708295
v -0.246091 0.449203 3.697039
v -0.241480 0.452284 3.686666
v -0.235276 0.456429 3.677574
v -0.227716 0.461480 3.670112
v -0.219091 0.467244 3.664567
v -0.209733 0.473497 3.661153
v -0.200000 0.480000 3.780000
v -0.210814 0.475521 3.778847
v -0.221213 0.471213 3.775433
v -0.230797 0.467244 3.769888
v -0.239197 0.463764 3.762426
v -0.246091 0.460909 3.753334
v -0.251213 0.458787 3.742961
v -0.254368 0.457480 3.731705
v -0.255433 0.457039 3.720000
v -0.254368 0.457480 3.708295
v -0.251213 0.458787 3.697039
v -0.246091 0.460909 3.686666
v -0.239197 0.463764 3.677574
v -0.230797 0.467244 3.670112
v -0.221213 0.471213 3.664567
v -0.210814 0.475521 3.661153
v -0.211480 0.477716 3.778847
v -0.222520 0.475521 3.775433
v -0.232694 0.473497 3.769888
v -0.241611 0.471723 3.762426
v -0.248930 0.470267 3.753334
v -0.254368 0.469186 3.742961
v -0.257716 0.468519 3.731705
v -0.258847 0.468295 3.720000
v -0.257716 0.468519 3.708295
v -0.254368 0.469186 3.697039
v -0.248930 0.470267 3.686666
v -0.241611 0.471723 3.677574
v -0.232694 0.473497 3.670112
v -0.222520 0.475521 3.664567
v -0.211480 0.477716 3.661153
v -0.211705 0.480000 3.778847
v -0.222961 0.480000 3.775433
v -0.233334 0.480000 3.769888
v -0.242426 0.480000 3.762426
v -0.249888 0.480000 3.753334
v -0.255433 0.480000 3.742961
v -0.258847 0.480000 3.731705
v -0.260000 0.480000 3.720000
v -0.258847 0.480000 3.708295
v -0.255433 0.480000 3.697039
v -0.249888 0.480000 3.686666
v -0.242426 0.480000 3.677574
v -0.233334 0.480000 3.670112
v -0.222961 0.480000 3.664567
v -0.211705 0.480000 3.661153
v -0.211480 0.482284 3.778847
v -0.222520 0.484479 3.775433
v -0.232694 0.486503 3.769888
v -0.241611 0.488277 3.762426
v -0.248930 0.489733 3.753334
v -0.254368 0.490814 3.742961
v -0.257716 0.491480 3.731705
v -0.258847 0.491705 3.720000
v -0.257716 0.491480 3.708295
v -0.254368 0.490814 3.697039
v -0.248930 0.489733 3.686666
v -0.241611 0.488277 3.677574
v -0.232694 0.486503 3.670112
v -0.222520 0.484479 3.664567
v -0.211480 0.482284 3.661153
v -0.210814 0.484479 3.778847
v -0.221213 0.488787 3.775433
v -0.230797 0.492756 3.769888
v -0.239197 0.496236 3.762426
v -0.246091 0.499091 3.753334
v -0.251213 0.501213 3.742961
v -0.254368 0.502520 3.731705
v -0.255433 0.502961 3.720000
v -0.254368 0.502520 3.708295
v -0.251213 0.501213 3.697039
v -0.246091 0.499091 3.686666
v -0.239197 0.496236 3.677574
v -0.230797 0.492756 3.670112
v -0.221213 0.488787 3.664567
v -0.210814 0.484479 3.661153
v -0.209733 0.486503 3.778847
v -0.219091 0.492756 3.775433
v -0.227716 0.498519 3.769888
v -0.235276 0.503571 3.762426
v -0.241480 0.507716 3.753334
v -0.246091 0.510797 3.742961
v -0.248930 0.512694 3.731705
v -0.249888 0.513334 3.720000
v -0.248930 0.512694 3.708295
v -0.246091 0.510797 3.697039
v -0.241480 0.507716 3.686666
v -0.235276 0.503571 3.677574
v -0.227716 0.498519 3.670112
v -0.219091 0.492756 3.664567
v -0.209733 0.486503 3.661153
v -0.208277 0.488277 3.778847
v -0.216236 0.496236 3.775433
v -0.223571 0.503571 3.769888
v -0.230000 0.510000 3.762426
v -0.235276 0.515276 3.753334
v -0.239197 0.519197 3.742961
v -0.241611 0.521611 3.731705
v -0.242426 0.522426 3.720000
v -0.241611 0.521611 3.708295
v -0.239197 0.519197 3.697039
v -0.235276 0.515276 3.686666
v -0.230000 0.510000 3.677574
v -0.223571 0.503571 3.670112
v -0.216236 0.496236 3.664567
v -0.208277 0.488277 3.661153
v -0.206503 0.489733 3.778847
v -0.212756 0.499091 3.775433
v -0.218519 0.507716 3.769888
v -0.223571 0.515276 3.762426
v -0.227716 0.521481 3.753334
v -0.230797 0.526091 3.742961
v -0.232694 0.528930 3.731705
v -0.233334 0.529888 3.720000
v -0.232694 0.528930 3.708295
v -0.230797 0.526091 3.697039
v -0.227716 0.521481 3.686666
v -0.223571 0.515276 3.677574
v -0.218519 0.507716 3.670112
v -0.212756 0.499091 3.664567
v -0.206503 0.489733 3.661153
v -0.204479 0.490814 3.778847
v -0.208787 0.501213 3.775433
v -0.212756 0.510797 3.769888
v -0.216236 0.519197 3.762426
v -0.219091 0.526091 3.753334
v -0.221213 0.531213 3.742961
v -0.222520 0.534368 3.731705
v -0.222961 0.535433 3.720000
v -0.222520 0.534368 3.708295
v -0.221213 0.531213 3.697039
v -0.219091 0.526091 3.686666
v -0.216236 0.519197 3.677574
v -0.212756 0.510797 3.670112
v -0.208787 0.501213 3.664567
v -0.204479 0.490814 3.661153
v -0.202284 0.491480 3.778847
v -0.204479 0.502520 3.775433
v -0.206503 0.512694 3.769888
v -0.208277 0.521611 3.762426
v -0.209733 0.528930 3.753334
v -0.210814 0.534368 3.742961
v -0.211480 0.537716 3.731705
v -0.211705 0.538847 3.720000
v -0.211480 0.537716 3.708295
v -0.210814 0.534368 3.697039
v -0.209733 0.528930 3.686666
v -0.208277 0.521611 3.677574
v -0.206503 0.512694 3.670112
v -0.204479 0.502520 3.664567
v -0.202284 0.491480 3.661153
v -0.200000 0.491705 3.778847
v -0.200000 0.502961 3.775433
v -0.200000 0.513334 3.769888
v -0.200000 0.522426 3.762426
v -0.200000 0.529888 3.753334
v -0.200000 0.535433 3.742961
v -0.200000 0.538847 3.731705
v -0.200000 0.540000 3.720000
v -0.200000 0.538847 3.708295
v -0.200000 0.535433 3.697039
v -0.200000 0.529888 3.686666
v -0.200000 0.522426 3.677574
v -0.200000 0.513334 3.670112
v -0.200000 0.502961 3.664567
v -0.200000 0.491705 3.661153
v -0.200000 0.480000 3.660000
v -0.197716 0.491480 3.778847
v -0.195521 0.502520 3.775433
v -0.193497 0.512694 3.769888
v -0.191723 0.521611 3.762426
v -0.190267 0.528930 3.753334
v -0.189186 0.534368 3.742961
v -0.188520 0.537716 3.731705
v -0.188295 0.538847 3.720000
v -0.188520 0.537716 3.708295
v -0.189186 0.534368 3.697039
v -0.190267 0.528930 3.686666
v -0.191723 0.521611 3.677574
v -0.193497 0.512694 3.670112
v -0.195521 0.502520 3.664567
v -0.197716 0.491480 3.661153
v -0.195521 0.490814 3.778847
v -0.191213 0.501213 3.775433
v -0.187244 0.510797 3.769888
v -0.183764 0.519197 3.762426
v -0.180909 0.526091 3.753334
v -0.178787 0.531213 3.742961
v -0.177480 0.534368 3.731705
v -0.177039 0.535433 3.720000
v -0.177480 0.534368 3.708295
v -0.178787 0.531213 3.697039
v -0.180909 0.526091 3.686666
v -0.183764 0.519197 3.677574
v -0.187244 0.510797 3.670112
v -0.191213 0.501213 3.664567
v -0.195521 0.490814 3.661153
v -0.193497 0.489733 3.778847
v -0.187244 0.499091 3.775433
v -0.181481 0.507716 3.769888
v -0.176429 0.515276 3.762426
v -0.172284 0.521480 3.753334
v -0.169203 0.526091 3.742961
v -0.167306 0.528930 3.731705
v -0.166666 0.529888 3.720000
v -0.167306 0.528930 3.708295
v -0.169203 0.526091 3.697039
v -0.172284 0.521480 3.686666
v -0.176429 0.515276 3.677574
v -0.181481 0.507716 3.670112
v -0.187244 0.499091 3.664567
v -0.193497 0.489733 3.661153
v -0.191723 0.488277 3.778847
v -0.183764 0.496236 3.775433
v -0.176429 0.503571 3.769888
v -0.170000 0.510000 3.762426
v -0.164724 0.515276 3.753334
v -0.160803 0.519197 3.742961
v -0.158389 0.521611 3.731705
v -0.157574 0.522426 3.720000
v -0.158389 0.521611 3.708295
v -0.160803 0.519197 3.697039
v -0.164724 0.515276 3.686666
v -0.170000 0.510000 3.677574
v -0.176429 0.503571 3.670112
v -0.183764 0.496236 3.664567
v -0.191723 0.488277 3.661153
v -0.190267 0.486503 3.778847
v -0.180909 0.492756 3.775433
v -0.172284 0.498519 3.769888
v -0.164724 0.503571 3.762426
v -0.158520 0.507716 3.753334
v -0.153909 0.510797 3.742961
v -0.151070 0.512694 3.731705
v -0.150112 0.513334 3.720000
v -0.151070 0.512694 3.708295
v -0.153909 0.510797 3.697039
v -0.158520 0.507716 3.686666
v -0.164724 0.503571 3.677574
v -0.172284 0.498519 3.670112
v -0.180909 0.492756 3.664567
v -0.190267 0.486503 3.661153
v -0.189186 0.484479 3.778847
v -0.178787 0.488787 3.775433
v -0.169203 0.492756 3.769888
v -0.160803 0.496236 3.762426
v -0.153909 0.499091 3.753334
v -0.148787 0.501213 3.742961
v -0.145632 0.502520 3.731705
v -0.144567 0.502961 3.720000
v -0.145632 0.502520 3.708295
v -0.148787 0.501213 3.697039
v -0.153909 0.499091 3.686666
v -0.160803 0.496236 3.677574
v -0.169203 0.492756 3.670112
v -0.178787 0.488787 3.664567
v -0.189186 0.484479 3.661153
v -0.188520 0.482284 3.778847
v -0.177480 0.484479 3.775433
v -0.167306 0.486503 3.769888
v -0.158389 0.488277 3.762426
v -0.151070 0.489733 3.753334
v -0.145632 0.490814 3.742961
v -0.142284 0.491480 3.731705
v -0.141153 0.491705 3.720000
v -0.142284 0.491480 3.708295
v -0.145632 0.490814 3.697039
v -0.151070 0.489733 3.686666
v -0.158389 0.488277 3.677574
v -0.167306 0.486503 3.670112
v -0.177480 0.484479 3.664567
v -0.188520 0.482284 3.661153
v -0.188295 0.480000 3.778847
v -0.177039 0.480000 3.775433
v -0.166666 0.480000 3.769888
v -0.157574 0.480000 3.762426
v -0.150112 0.480000 3.753334
v -0.144567 0.480000 3.742961
v -0.141153 0.480000 3.731705
v -0.140000 0.480000 3.720000
v -0.141153 0.480000 3.708295
v -0.144567 0.480000 3.697039
v -0.150112 0.480000 3.686666
v -0.157574 0.480000 3.677574
v -0.166666 0.480000 3.670112
v -0.177039 0.480000 3.664567
v -0.188295 0.480000 3.661153
v -0.188520 0.477716 3.778847
v -0.177480 0.475521 3.775433
v -0.167306 0.473497 3.769888
v -0.158389 0.471723 3.762426
v -0.151070 0.470267 3.753334
v -0.145632 0.469186 3.742961
v -0.142284 0.468519 3.731705
v -0.141153 0.468295 3.720000
v -0.142284 0.468519 3.708295
v -0.145632 0.469186 3.697039
v -0.151070 0.470267 3.686666
v -0.158389 0.471723 3.677574
v -0.167306 0.473497 3.670112
v -0.177480 0.475521 3.664567
v -0.188520 0.477716 3.661153
v -0.189186 0.475521 3.778847
v -0.178787 0.471213 3.775433
v -0.169203 0.467244 3.769888
v -0.160803 0.463764 3.762426
v -0.153909 0.460909 3.753334
v -0.148787 0.458787 3.742961
v -0.145632 0.457480 3.731705
v -0.144567 0.457039 3.720000
v -0.145632 0.457480 3.708295
v -0.148787 0.458787 3.697039
v -0.153909 0.460909 3.686666
v -0.160803 0.463764 3.677574
v -0.169203 0.467244 3.670112
v -0.178787 0.471213 3.664567
v -0.189186 0.475521 3.661153
v -0.190267 0.473497 3.778847
v -0.180909 0.467244 3.775433
v -0.172284 0.461480 3.769888
v -0.164724 0.456429 3.762426
v -0.158520 0.452284 3.753334
v -0.153909 0.449203 3.742961
v -0.151070 0.447306 3.731705
v -0.150112 0.446666 3.720000
v -0.151070 0.447306 3.708295
v -0.153909 0.449203 3.697039
v -0.158520 0.452284 3.686666
v -0.164724 0.456429 3.677574
v -0.172284 0.461480 3.670112
v -0.180909 0.467244 3.664567
v -0.190267 0.473497 3.661153
v -0.191723 0.471723 3.778847
v -0.183764 0.463764 3.775433
v -0.176429 0.456429 3.769888
v -0.170000 0.450000 3.762426
v -0.164724 0.444724 3.753334
v -0.160803 0.440803 3.742961
v -0.158389 0.438389 3.731705
v -0.157574 0.437574 3.720000
v -0.158389 0.438389 3.708295
v -0.160803 0.440803 3.697039
v -0.164724 0.444724 3.686666
v -0.170000 0.450000 3.677574
v -0.176429 0.456429 3.670112
v -0.183764 0.463764 3.664567
v -0.191723 0.471723 3.661153
v -0.193497 0.470267 3.778847
v -0.187244 0.460909 3.775433
v -0.181481 0.452284 3.769888
v -0.176429 0.444724 3.762426
v -0.172284 0.438520 3.753334
v -0.169203 0.433909 3.742961
v -0.167306 0.431070 3.731705
v -0.166666 0.430112 3.720000
v -0.167306 0.431070 3.708295
v -0.169203 0.433909 3.697039
v -0.172284 0.438520 3.686666
v -0.176429 0.444724 3.677574
v -0.181481 0.452284 3.670112
v -0.187244 0.460909 3.664567
v -0.193497 0.470267 3.661153
v -0.195521 0.469186 3.778847
v -0.191213 0.458787 3.775433
v -0.187244 0.449203 3.769888
v -0.183764 0.440803 3.762426
v -0.180909 0.433909 3.753334
v -0.178787 0.428787 3.742961
v -0.177480 0.425632 3.731705
v -0.177039 0.424567 3.720000
v -0.177480 0.425632 3.708295
v -0.178787 0.428787 3.697039
v -0.180909 0.433909 3.686666
v -0.183764 0.440803 3.677574
v -0.187244 0.449203 3.670112
v -0.191213 0.458787 3.664567
v -0.195521 0.469186 3.661153
v -0.197716 0.468520 3.778847
v -0.195521 0.457480 3.775433
v -0.193497 0.447306 3.769888
v -0.191723 0.438389 3.762426
v -0.190267 0.431070 3.753334
v -0.189186 0.425632 3.742961
v -0.188520 0.422284 3.731705
v -0.188295 0.421153 3.720000
v -0.188520 0.422284 3.708295
v -0.189186 0.425632 3.697039
v -0.190267 0.431070 3.686666
v -0.191723 0.438389 3.677574
v -0.193497 0.447306 3.670112
v -0.195521 0.457480 3.664567
v -0.197716 0.468520 3.661153
v -0.200000 0.457039 3.775433
v -0.200000 0.437574 3.762426
v -0.200000 0.430112 3.753334
v -0.200000 0.421153 3.731705
v -0.200000 0.437574 3.677574
v -0.200000 0.457039 3.664567
v -0.200000 0.468295 3.661153
vn -0.0000 -0.2010 0.9796
vn -0.0000 -0.5598 0.8286
vn -0.0000 -0.9248 0.3805
vn -0.0000 -1.0000 -0.0000
vn -0.0000 -0.9810 -0.1939
vn -0.0000 -0.9248 -0.3805
vn -0.0000 -0.8333 -0.5528
vn -0.0000 -0.5598 -0.8286
vn -0.0392 -0.1971 0.9796
vn -0.0757 -0.3804 0.9217
vn -0.1092 -0.5490 0.8286
vn -0.1385 -0.6965 0.7041
vn -0.1626 -0.8173 0.5528
vn -0.1804 -0.9070 0.3805
vn -0.1914 -0.9622 0.1939
vn -0.1951 -0.9808 -0.0000
vn -0.1914 -0.9622 -0.1939
vn -0.1804 -0.9070 -0.3805
vn -0.1626 -0.8173 -0.5528
vn -0.1385 -0.6965 -0.7041
vn -0.1092 -0.5490 -0.8286
vn -0.0757 -0.3804 -0.9217
vn -0.0392 -0.1971 -0.9796
vn -0.0769 -0.1857 0.9796
vn -0.1484 -0.3584 0.9217
vn -0.2142 -0.5172 0.8286
vn -0.2718 -0.6561 0.7041
vn -0.3189 -0.7699 0.5528
vn -0.3539 -0.8544 0.3805
vn -0.3754 -0.9063 0.1939
vn -0.3827 -0.9239 -0.0000
vn -0.3754 -0.9063 -0.1939
vn -0.3539 -0.8544 -0.3805
vn -0.3189 -0.7699 -0.5528
vn -0.2718 -0.6561 -0.7041
vn -0.2142 -0.5172 -0.8286
vn -0.1484 -0.3584 -0.9217
vn -0.0769 -0.1857 -0.9796
vn -0.1116 -0.1671 0.9796
vn -0.2155 -0.3225 0.9217
vn -0.3110 -0.4654 0.8286
vn -0.3945 -0.5905 0.7041
vn -0.4630 -0.6929 0.5528
vn -0.5138 -0.7689 0.3805
vn -0.5450 -0.8157 0.1939
vn -0.5556 -0.8315 -0.0000
vn -0.5450 -0.8157 -0.1939
vn -0.5138 -0.7689 -0.3805
vn -0.4630 -0.6929 -0.5528
vn -0.3945 -0.5905 -0.7041
vn -0.3110 -0.4654 -0.8286
vn -0.2155 -0.3225 -0.9217
vn -0.1117 -0.1671 -0.9796
vn -0.1421 -0.1421 0.9796
vn -0.2743 -0.2743 0.9217
vn -0.3958 -0.3958 0.8286
vn -0.5021 -0.5021 0.7041
vn -0.5893 -0.5893 0.5528
vn -0.6539 -0.6539 0.3805
vn -0.6937 -0.6937 0.1939
vn -0.7071 -0.7071 -0.0000
vn -0.6937 -0.6937 -0.1939
vn -0.6539 -0.6539 -0.3805
vn -0.5893 -0.5893 -0.5528
vn -0.5021 -0.5021 -0.7041
vn -0.3958 -0.3958 -0.8286
vn -0.2743 -0.2743 -0.9217
vn -0.1421 -0.1421 -0.9796
vn -0.1671 -0.1117 0.9796
vn -0.3225 -0.2155 0.9217
vn -0.4654 -0.3110 0.8286
vn -0.5905 -0.3945 0.7041
vn -0.6929 -0.4630 0.5528
vn -0.7689 -0.5138 0.3805
vn -0.8157 -0.5450 0.1939
vn -0.8315 -0.5556 -0.0000
vn -0.8157 -0.5450 -0.1939
vn -0.7689 -0.5138 -0.3805
vn -0.6929 -0.4630 -0.5528
vn -0.5905 -0.3945 -0.7041
vn -0.4654 -0.3110 -0.8286
vn -0.3225 -0.2155 -0.9217
vn -0.1671 -0.1117 -0.9796
vn -0.0000 -0.0000 1.0000
vn -0.1857 -0.0769 0.9796
vn -0.3584 -0.1484 0.9217
vn -0.5172 -0.2142 0.8286
vn -0.6561 -0.2718 0.7041
vn -0.7699 -0.3189 0.5528
vn -0.8544 -0.3539 0.3805
vn -0.9063 -0.3754 0.1939
vn -0.9239 -0.3827 -0.0000
vn -0.9063 -0.3754 -0.1939
vn -0.8544 -0.3539 -0.3805
vn -0.7699 -0.3189 -0.5528
vn -0.6561 -0.2718 -0.7041
vn -0.5172 -0.2142 -0.8286
vn -0.3584 -0.1484 -0.9217
vn -0.1857 -0.0769 -0.9796
vn -0.1971 -0.0392 0.9796
vn -0.3804 -0.0757 0.9217
vn -0.5490 -0.1092 0.8286
vn -0.6965 -0.1385 0.7041
vn -0.8173 -0.1626 0.5528
vn -0.9070 -0.1804 0.3805
vn -0.9622 -0.1914 0.1939
vn -0.9808 -0.1951 -0.0000
vn -0.9622 -0.1914 -0.1939
vn -0.9070 -0.1804 -0.3805
vn -0.8173 -0.1626 -0.5528
vn -0.6965 -0.1385 -0.7041
vn -0.5490 -0.1092 -0.8286
vn -0.3804 -0.0757 -0.9217
vn -0.1971 -0.0392 -0.9796
vn -0.2010 -0.0000 0.9796
vn -0.3879 -0.0000 0.9217
vn -0.5598 -0.0000 0.8286
vn -0.7101 -0.0000 0.7041
vn -0.8333 -0.0000 0.5528
vn -0.9248 -0.0000 0.3805
vn -0.9810 -0.0000 0.1939
vn -1.0000 -0.0000 -0.0000
vn -0.9810 -0.0000 -0.1939
vn -0.9248 -0.0000 -0.3805
vn -0.8333 -0.0000 -0.5528
vn -0.7101 -0.0000 -0.7041
vn -0.5598 -0.0000 -0.8286
vn -0.3879 -0.0000 -0.9217
vn -0.2010 -0.0000 -0.9796
vn -0.1971 0.0392 0.9796
vn -0.3804 0.0757 0.9217
vn -0.5490 0.1092 0.8286
vn -0.6965 0.1385 0.7041
vn -0.8173 0.1626 0.5528
vn -0.9070 0.1804 0.3805
vn -0.9622 0.1914 0.1939
vn -0.9808 0.1951 -0.0000
vn -0.9622 0.1914 -0.1939
vn -0.9070 0.1804 -0.3805
vn -0.8173 0.1626 -0.5528
vn -0.6965 0.1385 -0.7041
vn -0.5490 0.1092 -0.8286
vn -0.3804 0.0757 -0.9217
vn -0.1971 0.0392 -0.9796
vn -0.1857 0.0769 0.9796
vn -0.3584 0.1484 0.9217
vn -0.5172 0.2142 0.8286
vn -0.6561 0.2718 0.7041
vn -0.7699 0.3189 0.5528
vn -0.8544 0.3539 0.3805
vn -0.9063 0.3754 0.1939
vn -0.9239 0.3827 -0.0000
vn -0.9063 0.3754 -0.1939
vn -0.8544 0.3539 -0.3805
vn -0.7699 0.3189 -0.5528
vn -0.6561 0.2718 -0.7041
vn -0.5172 0.2142 -0.8286
vn -0.3584 0.1484 -0.9217
vn -0.1857 0.0769 -0.9796
vn -0.1671 0.1117 0.9796
vn -0.3225 0.2155 0.9217
vn -0.4654 0.3110 0.8286
vn -0.5905 0.3945 0.7041
vn -0.6929 0.4630 0.5528
vn -0.7689 0.5138 0.3805
vn -0.8157 0.5450 0.1939
vn -0.8315 0.5556 -0.0000
vn -0.8157 0.5450 -0.1939
vn -0.7689 0.5138 -0.3805
vn -0.6929 0.4630 -0.5528
vn -0.5905 0.3945 -0.7041
vn -0.4654 0.3110 -0.8286
vn -0.3225 0.2155 -0.9217
vn -0.1671 0.1117 -0.9796
vn -0.1421 0.1421 0.9796
vn -0.2743 0.2743 0.9217
vn -0.3958 0.3958 0.8286
vn -0.5021 0.5021 0.7041
vn -0.5893 0.5893 0.5528
vn -0.6539 0.6539 0.3805
vn -0.6937 0.6937 0.1939
vn -0.7071 0.7071 -0.0000
vn -0.6937 0.6937 -0.1939
vn -0.6539 0.6539 -0.3805
vn -0.5893 0.5893 -0.5528
vn -0.5021 0.5021 -0.7041
vn -0.3958 0.3958 -0.8286
vn -0.2743 0.2743 -0.9217
vn -0.1421 0.1421 -0.9796
vn -0.1117 0.1671 0.9796
vn -0.2155 0.3225 0.9217
vn -0.3110 0.4654 0.8286
vn -0.3945 0.5905 0.7041
vn -0.4630 0.6929 0.5528
vn -0.5138 0.7689 0.3805
vn -0.5450 0.8157 0.1939
vn -0.5556 0.8315 -0.0000
vn -0.5450 0.8157 -0.1939
vn -0.5138 0.7689 -0.3805
vn -0.4630 0.6929 -0.5528
vn -0.3945 0.5905 -0.7041
vn -0.3110 0.4654 -0.8286
vn -0.2155 0.3225 -0.9217
vn -0.1117 0.1671 -0.9796
vn -0.0769 0.1857 0.9796
vn -0.1484 0.3584 0.9217
vn -0.2142 0.5172 0.8286
vn -0.2718 0.6561 0.7041
vn -0.3189 0.7699 0.5528
vn -0.3539 0.8544 0.3805
vn -0.3754 0.9063 0.1939
vn -0.3827 0.9239 -0.0000
vn -0.3754 0.9063 -0.1939
vn -0.3539 0.8544 -0.3805
vn -0.3189 0.7699 -0.5528
vn -0.2718 0.6561 -0.7041
vn -0.2142 0.5172 -0.8286
vn -0.1484 0.3584 -0.9217
vn -0.0769 0.1857 -0.9796
vn -0.0392 0.1971 0.9796
vn -0.0757 0.3804 0.9217
vn -0.1092 0.5490 0.8286
vn -0.1385 0.6965 0.7041
vn -0.1626 0.8173 0.5528
vn -0.1804 0.9070 0.3805
vn -0.1914 0.9622 0.1939
vn -0.1951 0.9808 -0.0000
vn -0.1914 0.9622 -0.1939
vn -0.1804 0.9070 -0.3805
vn -0.1626 0.8173 -0.5528
vn -0.1385 0.6965 -0.7041
vn -0.1092 0.5490 -0.8286
vn -0.0757 0.3804 -0.9217
vn -0.0392 0.1971 -0.9796
vn -0.0000 0.2010 0.9796
vn -0.0000 0.3879 0.9217
vn -0.0000 0.5598 0.8286
vn -0.0000 0.7101 0.7041
vn -0.0000 0.8333 0.5528
vn -0.0000 0.9248 0.3805
vn -0.0000 0.9810 0.1939
vn -0.0000 1.0000 -0.0000
vn -0.0000 0.9810 -0.1939
vn -0.0000 0.9248 -0.3805
vn -0.0000 0.8333 -0.5528
vn -0.0000 0.7101 -0.7041
vn -0.0000 0.5598 -0.8286
vn -0.0000 0.3879 -0.9217
vn -0.0000 0.2010 -0.9796
vn -0.0000 -0.0000 -1.0000
vn 0.0392 0.1971 0.9796
vn 0.0757 0.3804 0.9217
vn 0.1092 0.5490 0.8286
vn 0.1385 0.6965 0.7041
vn 0.1626 0.8173 0.5528
vn 0.1804 0.9070 0.3805
vn 0.1914 0.9622 0.1939
vn 0.1951 0.9808 -0.0000
vn 0.1914 0.9622 -0.1939
vn 0.1804 0.9070 -0.3805
vn 0.1626 0.8173 -0.5528
vn 0.1385 0.6965 -0.7041
vn 0.1092 0.5490 -0.8286
vn 0.0757 0.3804 -0.9217
vn 0.0392 0.1971 -0.9796
vn 0.0769 0.1857 0.9796
vn 0.1484 0.3584 0.9217
vn 0.2142 0.5172 0.8286
vn 0.2718 0.6561 0.7041
vn 0.3189 0.7699 0.5528
vn 0.3539 0.8544 0.3805
vn 0.3754 0.9063 0.1939
vn 0.3827 0.9239 -0.0000
vn 0.3754 0.9063 -0.1939
vn 0.3539 0.8544 -0.3805
vn 0.3189 0.7699 -0.5528
vn 0.2718 0.6561 -0.7041
vn 0.2142 0.5172 -0.8286
vn 0.1484 0.3584 -0.9217
vn 0.0769 0.1857 -0.9796
vn 0.1117 0.1671 0.9796
vn 0.2155 0.3225 0.9217
vn 0.3110 0.4654 0.8286
vn 0.3945 0.5905 0.7041
vn 0.4630 0.6929 0.5528
vn 0.5138 0.7689 0.3805
vn 0.5450 0.8157 0.1939
vn 0.5556 0.8315 -0.0000
vn 0.5450 0.8157 -0.1939
vn 0.5138 0.7689 -0.3805
vn 0.4630 0.6929 -0.5528
vn 0.3945 0.5905 -0.7041
vn 0.3110 0.4654 -0.8286
vn 0.2155 0.3225 -0.9217
vn 0.1117 0.1671 -0.9796
vn 0.1421 0.1421 0.9796
vn 0.2743 0.2743 0.9217
vn 0.3958 0.3958 0.8286
vn 0.5021 0.5021 0.7041
vn 0.5893 0.5893 0.5528
vn 0.6539 0.6539 0.3805
vn 0.6937 0.6937 0.1939
vn 0.7071 0.7071 -0.0000
vn 0.6937 0.6937 -0.1939
vn 0.6539 0.6539 -0.3805
vn 0.5893 0.5893 -0.5528
vn 0.5021 0.5021 -0.7041
vn 0.3958 0.3958 -0.8286
vn 0.2743 0.2743 -0.9217
vn 0.1421 0.1421 -0.9796
vn 0.1671 0.1117 0.9796
vn 0.3225 0.2155 0.9217
vn 0.4654 0.3110 0.8286
vn 0.5905 0.3945 0.7041
vn 0.6929 0.4630 0.5528
vn 0.7689 0.5138 0.3805
vn 0.8157 0.5450 0.1939
vn 0.8315 0.5556 -0.0000
vn 0.8157 0.5450 -0.1939
vn 0.7689 0.5138 -0.3805
vn 0.6929 0.4630 -0.5528
vn 0.5905 0.3945 -0.7041
vn 0.4654 0.3110 -0.8286
vn 0.3225 0.2155 -0.9217
vn 0.1671 0.1117 -0.9796
vn 0.1857 0.0769 0.9796
vn 0.3584 0.1484 0.9217
vn 0.5172 0.2142 0.8286
vn 0.6561 0.2718 0.7041
vn 0.7699 0.3189 0.5528
vn 0.8544 0.3539 0.3805
vn 0.9063 0.3754 0.1939
vn 0.9239 0.3827 -0.0000
vn 0.9063 0.3754 -0.1939
vn 0.8544 0.3539 -0.3805
vn 0.7699 0.3189 -0.5528
vn 0.6561 0.2718 -0.7041
vn 0.5172 0.2142 -0.8286
vn 0.3584 0.1484 -0.9217
vn 0.1857 0.0769 -0.9796
vn 0.1971 0.0392 0.9796
vn 0.3804 0.0757 0.9217
vn 0.5490 0.1092 0.8286
vn 0.6965 0.1385 0.7041
vn 0.8173 0.1626 0.5528
vn 0.9070 0.1804 0.3805
vn 0.9622 0.1914 0.1939
vn 0.9808 0.1951 -0.0000
vn 0.9622 0.1914 -0.1939
vn 0.9070 0.1804 -0.3805
vn 0.8173 0.1626 -0.5528
vn 0.6965 0.1385 -0.7041
vn 0.5490 0.1092 -0.8286
vn 0.3804 0.0757 -0.9217
vn 0.1971 0.0392 -0.9796
vn 0.2010 -0.0000 0.9796
vn 0.3879 -0.0000 0.9217
vn 0.5598 -0.0000 0.8286
vn 0.7101 -0.0000 0.7041
vn 0.8333 -0.0000 0.5528
vn 0.9248 -0.0000 0.3805
vn 0.9810 -0.0000 0.1939
vn 1.0000 -0.0000 -0.0000
vn 0.9810 -0.0000 -0.1939
vn 0.9248 -0.0000 -0.3805
vn 0.8333 -0.0000 -0.5528
vn 0.7101 -0.0000 -0.7041
vn 0.5598 -0.0000 -0.8286
vn 0.3879 -0.0000 -0.9217
vn 0.2010 -0.0000 -0.9796
vn 0.1971 -0.0392 0.9796
vn 0.3804 -0.0757 0.9217
vn 0.5490 -0.1092 0.8286
vn 0.6965 -0.1385 0.7041
vn 0.8173 -0.1626 0.5528
vn 0.9070 -0.1804 0.3805
vn 0.9622 -0.1914 0.1939
vn 0.9808 -0.1951 -0.0000
vn 0.9622 -0.1914 -0.1939
vn 0.9070 -0.1804 -0.3805
vn 0.8173 -0.1626 -0.5528
vn 0.6965 -0.1385 -0.7041
vn 0.5490 -0.1092 -0.8286
vn 0.3804 -0.0757 -0.9217
vn 0.1971 -0.0392 -0.9796
vn 0.1857 -0.0769 0.9796
vn 0.3584 -0.1484 0.9217
vn 0.5172 -0.2142 0.8286
vn 0.6561 -0.2718 0.7041
vn 0.7699 -0.3189 0.5528
vn 0.8544 -0.3539 0.3805
vn 0.9063 -0.3754 0.1939
vn 0.9239 -0.3827 -0.0000
vn 0.9063 -0.3754 -0.1939
vn 0.8544 -0.3539 -0.3805
vn 0.7699 -0.3189 -0.5528
vn 0.6561 -0.2718 -0.7041
vn 0.5172 -0.2142 -0.8286
vn 0.3584 -0.1484 -0.9217
vn 0.1857 -0.0769 -0.9796
vn 0.1671 -0.1117 0.9796
vn 0.3225 -0.2155 0.9217
vn 0.4654 -0.3110 0.8286
vn 0.5905 -0.3945 0.7041
vn 0.6929 -0.4630 0.5528
vn 0.7689 -0.5138 0.3805
vn 0.8157 -0.5450 0.1939
vn 0.8315 -0.5556 -0.0000
vn 0.8157 -0.5450 -0.1939
vn 0.7689 -0.5138 -0.3805
vn 0.6929 -0.4630 -0.5528
vn 0.5905 -0.3945 -0.7041
vn 0.4654 -0.3110 -0.8286
vn 0.3225 -0.2155 -0.9217
vn 0.1671 -0.1117 -0.9796
vn 0.1421 -0.1421 0.9796
vn 0.2743 -0.2743 0.9217
vn 0.3958 -0.3958 0.8286
vn 0.5021 -0.5021 0.7041
vn 0.5893 -0.5893 0.5528
vn 0.6539 -0.6539 0.3805
vn 0.6937 -0.6937 0.1939
vn 0.7071 -0.7071 -0.0000
vn 0.6937 -0.6937 -0.1939
vn 0.6539 -0.6539 -0.3805
vn 0.5893 -0.5893 -0.5528
vn 0.5021 -0.5021 -0.7041
vn 0.3958 -0.3958 -0.8286
vn 0.2743 -0.2743 -0.9217
vn 0.1421 -0.1421 -0.9796
vn 0.1117 -0.1671 0.9796
vn 0.2155 -0.3225 0.9217
vn 0.3110 -0.4654 0.8286
vn 0.3945 -0.5905 0.7041
vn 0.4630 -0.6929 0.5528
vn 0.5138 -0.7689 0.3805
vn 0.5450 -0.8157 0.1939
vn 0.5556 -0.8315 -0.0000
vn 0.5450 -0.8157 -0.1939
vn 0.5138 -0.7689 -0.3805
vn 0.4630 -0.6929 -0.5528
vn 0.3945 -0.5905 -0.7041
vn 0.3110 -0.4654 -0.8286
vn 0.2155 -0.3225 -0.9217
vn 0.1117 -0.1671 -0.9796
vn 0.0769 -0.1857 0.9796
vn 0.1484 -0.3584 0.9217
vn 0.2142 -0.5172 0.8286
vn 0.2718 -0.6561 0.7041
vn 0.3189 -0.7699 0.5528
vn 0.3539 -0.8544 0.3805
vn 0.3754 -0.9063 0.1939
vn 0.3827 -0.9239 -0.0000
vn 0.3754 -0.9063 -0.1939
vn 0.3539 -0.8544 -0.3805
vn 0.3189 -0.7699 -0.5528
vn 0.2718 -0.6561 -0.7041
vn 0.2142 -0.5172 -0.8286
vn 0.1484 -0.3584 -0.9217
vn 0.0769 -0.1857 -0.9796
vn 0.0392 -0.1971 0.9796
vn 0.0757 -0.3804 0.9217
vn 0.1092 -0.5490 0.8286
vn 0.1385 -0.6965 0.7041
vn 0.1626 -0.8173 0.5528
vn 0.1804 -0.9070 0.3805
vn 0.1914 -0.9622 0.1939
vn 0.1951 -0.9808 -0.0000
vn 0.1914 -0.9622 -0.1939
vn 0.1804 -0.9070 -0.3805
vn 0.1626 -0.8173 -0.5528
vn 0.1385 -0.6965 -0.7041
vn 0.1092 -0.5490 -0.8286
vn 0.0757 -0.3804 -0.9217
vn 0.0392 -0.1971 -0.9796
vn -0.0000 -0.3879 0.9217
vn -0.0000 -0.7101 0.7041
vn -0.0000 -0.8333 0.5528
vn -0.0000 -0.9810 0.1939
vn -0.0000 -0.7101 -0.7041
vn -0.0000 -0.3879 -0.9217
vn -0.0000 -0.2010 -0.9796
vt 0.750000 0.187500
vt 0.718750 0.125000
vt 0.750000 0.125000
vt 0.750000 0.562500
vt 0.718750 0.625000
vt 0.718750 0.562500
vt 0.718750 0.062500
vt 0.750000 0.062500
vt 0.718750 0.500000
vt 0.750000 0.500000
vt 0.750000 0.937500
vt 0.734375 1.000000
vt 0.718750 0.937500
vt 0.734375 0.000000
vt 0.750000 0.437500
vt 0.718750 0.437500
vt 0.750000 0.875000
vt 0.718750 0.875000
vt 0.750000 0.375000
vt 0.718750 0.375000
vt 0.750000 0.812500
vt 0.718750 0.812500
vt 0.718750 0.312500
vt 0.750000 0.312500
vt 0.718750 0.750000
vt 0.750000 0.750000
vt 0.750000 0.250000
vt 0.718750 0.250000
vt 0.750000 0.687500
vt 0.718750 0.687500
vt 0.718750 0.187500
vt 0.750000 0.625000
vt 0.687500 0.187500
vt 0.687500 0.625000
vt 0.687500 0.125000
vt 0.687500 0.562500
vt 0.687500 0.062500
vt 0.687500 0.500000
vt 0.703125 1.000000
vt 0.687500 0.937500
vt 0.703125 0.000000
vt 0.687500 0.437500
vt 0.687500 0.875000
vt 0.687500 0.375000
vt 0.687500 0.812500
vt 0.687500 0.312500
vt 0.687500 0.750000
vt 0.687500 0.250000
vt 0.687500 0.687500
vt 0.656250 0.875000
vt 0.656250 0.437500
vt 0.656250 0.375000
vt 0.656250 0.812500
vt 0.656250 0.312500
vt 0.656250 0.750000
vt 0.656250 0.250000
vt 0.656250 0.687500
vt 0.656250 0.187500
vt 0.656250 0.625000
vt 0.656250 0.125000
vt 0.656250 0.562500
vt 0.656250 0.062500
vt 0.656250 0.500000
vt 0.671875 1.000000
vt 0.656250 0.937500
vt 0.671875 0.000000
vt 0.625000 0.687500
vt 0.625000 0.625000
vt 0.625000 0.125000
vt 0.625000 0.562500
vt 0.625000 0.062500
vt 0.625000 0.500000
vt 0.640625 1.000000
vt 0.625000 0.937500
vt 0.640625 0.000000
vt 0.625000 0.437500
vt 0.625000 0.875000
vt 0.625000 0.375000
vt 0.625000 0.812500
vt 0.625000 0.312500
vt 0.625000 0.750000
vt 0.625000 0.250000
vt 0.625000 0.187500
vt 0.593750 0.437500
vt 0.593750 0.375000
vt 0.593750 0.812500
vt 0.593750 0.312500
vt 0.593750 0.750000
vt 0.593750 0.250000
vt 0.593750 0.687500
vt 0.593750 0.187500
vt 0.593750 0.625000
vt 0.593750 0.125000
vt 0.593750 0.562500
vt 0.593750 0.062500
vt 0.593750 0.500000
vt 0.609375 1.000000
vt 0.593750 0.937500
vt 0.609375 0.000000
vt 0.593750 0.875000
vt 0.562500 0.187500
vt 0.562500 0.125000
vt 0.562500 0.562500
vt 0.562500 0.062500
vt 0.562500 0.500000
vt 0.578125 1.000000
vt 0.562500 0.937500
vt 0.578125 0.000000
vt 0.562500 0.437500
vt 0.562500 0.875000
vt 0.562500 0.375000
vt 0.562500 0.812500
vt 0.562500 0.312500
vt 0.562500 0.750000
vt 0.562500 0.250000
vt 0.562500 0.687500
vt 0.562500 0.625000
vt 0.531250 0.812500
vt 0.531250 0.312500
vt 0.531250 0.750000
vt 0.531250 0.250000
vt 0.531250 0.687500
vt 0.531250 0.187500
vt 0.531250 0.625000
vt 0.531250 0.125000
vt 0.531250 0.562500
vt 0.531250 0.062500
vt 0.531250 0.500000
vt 0.546875 1.000000
vt 0.531250 0.937500
vt 0.546875 0.000000
vt 0.531250 0.437500
vt 0.531250 0.875000
vt 0.531250 0.375000
vt 0.500000 0.562500
vt 0.500000 0.062500
vt 0.500000 0.500000
vt 0.515625 1.000000
vt 0.500000 0.937500
vt 0.515625 0.000000
vt 0.500000 0.437500
vt 0.500000 0.875000
vt 0.500000 0.375000
vt 0.500000 0.812500
vt 0.500000 0.312500
vt 0.500000 0.750000
vt 0.500000 0.250000
vt 0.500000 0.687500
vt 0.500000 0.187500
vt 0.500000 0.625000
vt 0.500000 0.125000
vt 0.468750 0.312500
vt 0.468750 0.750000
vt 0.468750 0.250000
vt 0.468750 0.687500
vt 0.468750 0.187500
vt 0.468750 0.625000
vt 0.468750 0.125000
vt 0.468750 0.562500
vt 0.468750 0.062500
vt 0.468750 0.500000
vt 0.484375 1.000000
vt 0.468750 0.937500
vt 0.484375 0.000000
vt 0.468750 0.437500
vt 0.468750 0.875000
vt 0.468750 0.375000
vt 0.468750 0.812500
vt 0.437500 0.062500
vt 0.437500 0.562500
vt 0.437500 0.500000
vt 0.453125 1.000000
vt 0.437500 0.937500
vt 0.453125 0.000000
vt 0.437500 0.437500
vt 0.437500 0.875000
vt 0.437500 0.375000
vt 0.437500 0.812500
vt 0.437500 0.312500
vt 0.437500 0.750000
vt 0.437500 0.250000
vt 0.437500 0.687500
vt 0.437500 0.187500
vt 0.437500 0.625000
vt 0.437500 0.125000
vt 0.406250 0.250000
vt 0.406250 0.750000
vt 0.406250 0.687500
vt 0.406250 0.187500
vt 0.406250 0.625000
vt 0.406250 0.125000
vt 0.406250 0.562500
vt 0.406250 0.062500
vt 0.406250 0.500000
vt 0.421875 1.000000
vt 0.406250 0.937500
vt 0.421875 0.000000
vt 0.406250 0.437500
vt 0.406250 0.875000
vt 0.406250 0.375000
vt 0.406250 0.812500
vt 0.406250 0.312500
vt 0.390625 1.000000
vt 0.375000 0.937500
vt 0.390625 0.000000
vt 0.375000 0.062500
vt 0.375000 0.437500
vt 0.375000 0.875000
vt 0.375000 0.375000
vt 0.375000 0.812500
vt 0.375000 0.312500
vt 0.375000 0.750000
vt 0.375000 0.250000
vt 0.375000 0.687500
vt 0.375000 0.187500
vt 0.375000 0.625000
vt 0.375000 0.125000
vt 0.375000 0.562500
vt 0.375000 0.500000
vt 0.343750 0.750000
vt 0.343750 0.687500
vt 0.343750 0.250000
vt 0.343750 0.187500
vt 0.343750 0.625000
vt 0.343750 0.125000
vt 0.343750 0.562500
vt 0.343750 0.062500
vt 0.343750 0.500000
vt 0.359375 1.000000
vt 0.343750 0.937500
vt 0.359375 0.000000
vt 0.343750 0.437500
vt 0.343750 0.875000
vt 0.343750 0.375000
vt 0.343750 0.812500
vt 0.343750 0.312500
vt 0.312500 0.437500
vt 0.312500 0.875000
vt 0.312500 0.375000
vt 0.312500 0.812500
vt 0.312500 0.312500
vt 0.312500 0.750000
vt 0.312500 0.250000
vt 0.312500 0.687500
vt 0.312500 0.187500
vt 0.312500 0.625000
vt 0.312500 0.125000
vt 0.312500 0.562500
vt 0.312500 0.062500
vt 0.312500 0.500000
vt 0.328125 1.000000
vt 0.312500 0.937500
vt 0.328125 0.000000
vt 0.281250 0.250000
vt 0.281250 0.187500
vt 0.281250 0.687500
vt 0.281250 0.625000
vt 0.281250 0.125000
vt 0.281250 0.562500
vt 0.281250 0.062500
vt 0.281250 0.500000
vt 0.296875 1.000000
vt 0.281250 0.937500
vt 0.296875 0.000000
vt 0.281250 0.437500
vt 0.281250 0.875000
vt 0.281250 0.375000
vt 0.281250 0.812500
vt 0.281250 0.312500
vt 0.281250 0.750000
vt 0.250000 0.937500
vt 0.250000 0.875000
vt 0.250000 0.437500
vt 0.250000 0.375000
vt 0.250000 0.812500
vt 0.250000 0.312500
vt 0.250000 0.750000
vt 0.250000 0.250000
vt 0.250000 0.687500
vt 0.250000 0.187500
vt 0.250000 0.625000
vt 0.250000 0.125000
vt 0.250000 0.562500
vt 0.250000 0.062500
vt 0.250000 0.500000
vt 0.265625 1.000000
vt 0.265625 0.000000
vt 0.218750 0.687500
vt 0.218750 0.625000
vt 0.218750 0.125000
vt 0.218750 0.562500
vt 0.218750 0.062500
vt 0.218750 0.500000
vt 0.234375 1.000000
vt 0.218750 0.937500
vt 0.234375 0.000000
vt 0.218750 0.437500
vt 0.218750 0.875000
vt 0.218750 0.375000
vt 0.218750 0.812500
vt 0.218750 0.312500
vt 0.218750 0.750000
vt 0.218750 0.250000
vt 0.218750 0.187500
vt 0.187500 0.437500
vt 0.187500 0.375000
vt 0.187500 0.875000
vt 0.187500 0.812500
vt 0.187500 0.312500
vt 0.187500 0.750000
vt 0.187500 0.250000
vt 0.187500 0.687500
vt 0.187500 0.187500
vt 0.187500 0.625000
vt 0.187500 0.125000
vt 0.187500 0.562500
vt 0.187500 0.062500
vt 0.187500 0.500000
vt 0.203125 1.000000
vt 0.187500 0.937500
vt 0.203125 0.000000
vt 0.156250 0.125000
vt 0.156250 0.562500
vt 0.156250 0.062500
vt 0.156250 0.500000
vt 0.171875 1.000000
vt 0.156250 0.937500
vt 0.171875 0.000000
vt 0.156250 0.437500
vt 0.156250 0.875000
vt 0.156250 0.375000
vt 0.156250 0.812500
vt 0.156250 0.312500
vt 0.156250 0.750000
vt 0.156250 0.250000
vt 0.156250 0.687500
vt 0.156250 0.187500
vt 0.156250 0.625000
vt 0.125000 0.312500
vt 0.125000 0.750000
vt 0.125000 0.250000
vt 0.125000 0.687500
vt 0.125000 0.187500
vt 0.125000 0.625000
vt 0.125000 0.125000
vt 0.125000 0.562500
vt 0.125000 0.062500
vt 0.125000 0.500000
vt 0.140625 1.000000
vt 0.125000 0.937500
vt 0.140625 0.000000
vt 0.125000 0.437500
vt 0.125000 0.875000
vt 0.125000 0.375000
vt 0.125000 0.812500
vt 0.093750 0.125000
vt 0.093750 0.062500
vt 0.093750 0.562500
vt 0.093750 0.500000
vt 0.109375 1.000000
vt 0.093750 0.937500
vt 0.109375 0.000000
vt 0.093750 0.437500
vt 0.093750 0.875000
vt 0.093750 0.375000
vt 0.093750 0.812500
vt 0.093750 0.312500
vt 0.093750 0.750000
vt 0.093750 0.250000
vt 0.093750 0.687500
vt 0.093750 0.187500
vt 0.093750 0.625000
vt 0.062500 0.750000
vt 0.062500 0.250000
vt 0.062500 0.687500
vt 0.062500 0.187500
vt 0.062500 0.625000
vt 0.062500 0.125000
vt 0.062500 0.562500
vt 0.062500 0.062500
vt 0.062500 0.500000
vt 0.078125 1.000000
vt 0.062500 0.937500
vt 0.078125 0.000000
vt 0.062500 0.437500
vt 0.062500 0.875000
vt 0.062500 0.375000
vt 0.062500 0.812500
vt 0.062500 0.312500
vt 0.031250 0.562500
vt 0.031250 0.500000
vt 0.046875 1.000000
vt 0.031250 0.937500
vt 0.046875 0.000000
vt 0.031250 0.062500
vt 0.031250 0.437500
vt 0.031250 0.875000
vt 0.031250 0.375000
vt 0.031250 0.812500
vt 0.031250 0.312500
vt 0.031250 0.750000
vt 0.031250 0.250000
vt 0.031250 0.687500
vt 0.031250 0.187500
vt 0.031250 0.625000
vt 0.031250 0.125000
vt 0.000000 0.250000
vt 0.000000 0.750000
vt 0.000000 0.687500
vt 0.000000 0.187500
vt 0.000000 0.625000
vt 0.000000 0.125000
vt 0.000000 0.562500
vt 0.000000 0.062500
vt 0.000000 0.500000
vt 0.015625 1.000000
vt 0.000000 0.937500
vt 0.015625 0.000000
vt 0.000000 0.437500
vt 0.000000 0.875000
vt 0.000000 0.375000
vt 0.000000 0.812500
vt 0.000000 0.312500
vt 1.000000 0.937500
vt 0.984375 1.000000
vt 0.968750 0.937500
vt 0.984375 0.000000
vt 1.000000 0.062500
vt 0.968750 0.062500
vt 1.000000 0.500000
vt 0.968750 0.437500
vt 1.000000 0.437500
vt 0.968750 0.875000
vt 1.000000 0.875000
vt 1.000000 0.375000
vt 0.968750 0.375000
vt 0.968750 0.812500
vt 1.000000 0.812500
vt 0.968750 0.312500
vt 1.000000 0.312500
vt 0.968750 0.750000
vt 1.000000 0.750000
vt 0.968750 0.250000
vt 1.000000 0.250000
vt 1.000000 0.687500
vt 0.968750 0.687500
vt 1.000000 0.187500
vt 0.968750 0.187500
vt 1.000000 0.625000
vt 0.968750 0.625000
vt 0.968750 0.125000
vt 1.000000 0.125000
vt 0.968750 0.562500
vt 1.000000 0.562500
vt 0.968750 0.500000
vt 0.937500 0.750000
vt 0.937500 0.687500
vt 0.937500 0.250000
vt 0.937500 0.187500
vt 0.937500 0.625000
vt 0.937500 0.125000
vt 0.937500 0.562500
vt 0.937500 0.062500
vt 0.937500 0.500000
vt 0.953125 1.000000
vt 0.937500 0.937500
vt 0.953125 0.000000
vt 0.937500 0.437500
vt 0.937500 0.875000
vt 0.937500 0.375000
vt 0.937500 0.812500
vt 0.937500 0.312500
vt 0.906250 0.437500
vt 0.906250 0.937500
vt 0.906250 0.875000
vt 0.906250 0.375000
vt 0.906250 0.812500
vt 0.906250 0.312500
vt 0.906250 0.750000
vt 0.906250 0.250000
vt 0.906250 0.687500
vt 0.906250 0.187500
vt 0.906250 0.625000
vt 0.906250 0.125000
vt 0.906250 0.562500
vt 0.906250 0.062500
vt 0.906250 0.500000
vt 0.921875 1.000000
vt 0.921875 0.000000
vt 0.875000 0.250000
vt 0.875000 0.187500
vt 0.875000 0.687500
vt 0.875000 0.625000
vt 0.875000 0.125000
vt 0.875000 0.562500
vt 0.875000 0.062500
vt 0.875000 0.500000
vt 0.890625 1.000000
vt 0.875000 0.937500
vt 0.890625 0.000000
vt 0.875000 0.437500
vt 0.875000 0.875000
vt 0.875000 0.375000
vt 0.875000 0.812500
vt 0.875000 0.312500
vt 0.875000 0.750000
vt 0.843750 0.437500
vt 0.843750 0.375000
vt 0.843750 0.812500
vt 0.843750 0.312500
vt 0.843750 0.750000
vt 0.843750 0.250000
vt 0.843750 0.687500
vt 0.843750 0.187500
vt 0.843750 0.625000
vt 0.843750 0.125000
vt 0.843750 0.562500
vt 0.843750 0.062500
vt 0.843750 0.500000
vt 0.859375 1.000000
vt 0.843750 0.937500
vt 0.859375 0.000000
vt 0.843750 0.875000
vt 0.812500 0.125000
vt 0.812500 0.562500
vt 0.812500 0.062500
vt 0.812500 0.500000
vt 0.828125 1.000000
vt 0.812500 0.937500
vt 0.828125 0.000000
vt 0.812500 0.437500
vt 0.812500 0.875000
vt 0.812500 0.375000
vt 0.812500 0.812500
vt 0.812500 0.312500
vt 0.812500 0.750000
vt 0.812500 0.250000
vt 0.812500 0.687500
vt 0.812500 0.187500
vt 0.812500 0.625000
vt 0.781250 0.812500
vt 0.781250 0.312500
vt 0.781250 0.750000
vt 0.781250 0.250000
vt 0.781250 0.687500
vt 0.781250 0.187500
vt 0.781250 0.625000
vt 0.781250 0.125000
vt 0.781250 0.562500
vt 0.781250 0.062500
vt 0.781250 0.500000
vt 0.796875 1.000000
vt 0.781250 0.937500
vt 0.796875 0.000000
vt 0.781250 0.437500
vt 0.781250 0.875000
vt 0.781250 0.375000
vt 0.765625 1.000000
vt 0.765625 0.000000
s 1
g Sphere.001_M_OracMagma.002
usemtl M_OracMagma.002
f 2302/2643/2164 2316/2644/2178 2775/2645/2637
f 2773/2646/2635 2308/2647/2170 2309/2648/2171
f 2775/2645/2637 2317/2649/2179 2776/2650/2638
f 2773/2646/2635 2310/2651/2172 2298/2652/2160
f 2295/2653/2157 2378/2654/2240 2303/2655/2165
f 2544/2656/2406 2776/2650/2638 2317/2649/2179
f 2299/2657/2161 2310/2651/2172 2311/2658/2173
f 2770/2659/2632 2303/2655/2165 2304/2660/2166
f 2300/2661/2162 2311/2658/2173 2312/2662/2174
f 2296/2663/2158 2304/2660/2166 2305/2664/2167
f 2300/2661/2162 2313/2665/2175 2301/2666/2163
f 2296/2663/2158 2306/2667/2168 2771/2668/2633
f 2774/2669/2636 2313/2665/2175 2314/2670/2176
f 2772/2671/2634 2306/2667/2168 2307/2672/2169
f 2302/2643/2164 2314/2670/2176 2315/2673/2177
f 2297/2674/2159 2307/2672/2169 2308/2647/2170
f 2314/2670/2176 2330/2675/2192 2315/2673/2177
f 2307/2672/2169 2323/2676/2185 2308/2647/2170
f 2316/2644/2178 2330/2675/2192 2331/2677/2193
f 2308/2647/2170 2324/2678/2186 2309/2648/2171
f 2317/2649/2179 2331/2677/2193 2332/2679/2194
f 2309/2648/2171 2325/2680/2187 2310/2651/2172
f 2303/2655/2165 2378/2681/2240 2318/2682/2180
f 2544/2683/2406 2317/2649/2179 2332/2679/2194
f 2310/2651/2172 2326/2684/2188 2311/2658/2173
f 2303/2655/2165 2319/2685/2181 2304/2660/2166
f 2311/2658/2173 2327/2686/2189 2312/2662/2174
f 2305/2664/2167 2319/2685/2181 2320/2687/2182
f 2313/2665/2175 2327/2686/2189 2328/2688/2190
f 2306/2667/2168 2320/2687/2182 2321/2689/2183
f 2313/2665/2175 2329/2690/2191 2314/2670/2176
f 2307/2672/2169 2321/2689/2183 2322/2691/2184
f 2318/2682/2180 2334/2692/2196 2319/2685/2181
f 2327/2686/2189 2341/2693/2203 2342/2694/2204
f 2319/2685/2181 2335/2695/2197 2320/2687/2182
f 2328/2688/2190 2342/2694/2204 2343/2696/2205
f 2320/2687/2182 2336/2697/2198 2321/2689/2183
f 2328/2688/2190 2344/2698/2206 2329/2690/2191
f 2322/2691/2184 2336/2697/2198 2337/2699/2199
f 2330/2675/2192 2344/2698/2206 2345/2700/2207
f 2322/2691/2184 2338/2701/2200 2323/2676/2185
f 2330/2675/2192 2346/2702/2208 2331/2677/2193
f 2323/2676/2185 2339/2703/2201 2324/2678/2186
f 2332/2679/2194 2346/2702/2208 2347/2704/2209
f 2324/2678/2186 2340/2705/2202 2325/2680/2187
f 2318/2682/2180 2378/2706/2240 2333/2707/2195
f 2544/2708/2406 2332/2679/2194 2347/2704/2209
f 2325/2680/2187 2341/2693/2203 2326/2684/2188
f 2338/2701/2200 2352/2709/2214 2353/2710/2215
f 2345/2700/2207 2361/2711/2223 2346/2702/2208
f 2338/2701/2200 2354/2712/2216 2339/2703/2201
f 2346/2702/2208 2362/2713/2224 2347/2704/2209
f 2339/2703/2201 2355/2714/2217 2340/2705/2202
f 2333/2707/2195 2378/2715/2240 2348/2716/2210
f 2544/2717/2406 2347/2704/2209 2362/2713/2224
f 2340/2705/2202 2356/2718/2218 2341/2693/2203
f 2333/2707/2195 2349/2719/2211 2334/2692/2196
f 2342/2694/2204 2356/2718/2218 2357/2720/2219
f 2335/2695/2197 2349/2719/2211 2350/2721/2212
f 2342/2694/2204 2358/2722/2220 2343/2696/2205
f 2335/2695/2197 2351/2723/2213 2336/2697/2198
f 2343/2696/2205 2359/2724/2221 2344/2698/2206
f 2336/2697/2198 2352/2709/2214 2337/2699/2199
f 2345/2700/2207 2359/2724/2221 2360/2725/2222
f 2357/2720/2219 2371/2726/2233 2372/2727/2234
f 2349/2719/2211 2365/2728/2227 2350/2721/2212
f 2357/2720/2219 2373/2729/2235 2358/2722/2220
f 2350/2721/2212 2366/2730/2228 2351/2723/2213
f 2358/2722/2220 2374/2731/2236 2359/2724/2221
f 2352/2709/2214 2366/2730/2228 2367/2732/2229
f 2359/2724/2221 2375/2733/2237 2360/2725/2222
f 2353/2710/2215 2367/2732/2229 2368/2734/2230
f 2360/2725/2222 2376/2735/2238 2361/2711/2223
f 2353/2710/2215 2369/2736/2231 2354/2712/2216
f 2362/2713/2224 2376/2735/2238 2377/2737/2239
f 2355/2714/2217 2369/2736/2231 2370/2738/2232
f 2348/2716/2210 2378/2739/2240 2363/2740/2225
f 2544/2741/2406 2362/2713/2224 2377/2737/2239
f 2355/2714/2217 2371/2726/2233 2356/2718/2218
f 2348/2716/2210 2364/2742/2226 2349/2719/2211
f 2376/2735/2238 2391/2743/2253 2392/2744/2254
f 2368/2734/2230 2385/2745/2247 2369/2736/2231
f 2376/2735/2238 2393/2746/2255 2377/2737/2239
f 2370/2738/2232 2385/2745/2247 2386/2747/2248
f 2363/2740/2225 2378/2748/2240 2379/2749/2241
f 2544/2750/2406 2377/2737/2239 2393/2746/2255
f 2370/2738/2232 2387/2751/2249 2371/2726/2233
f 2363/2740/2225 2380/2752/2242 2364/2742/2226
f 2372/2727/2234 2387/2751/2249 2388/2753/2250
f 2364/2742/2226 2381/2754/2243 2365/2728/2227
f 2372/2727/2234 2389/2755/2251 2373/2729/2235
f 2365/2728/2227 2382/2756/2244 2366/2730/2228
f 2373/2729/2235 2390/2757/2252 2374/2731/2236
f 2367/2732/2229 2382/2756/2244 2383/2758/2245
f 2375/2733/2237 2390/2757/2252 2391/2743/2253
f 2368/2734/2230 2383/2758/2245 2384/2759/2246
f 2380/2752/2242 2396/2760/2258 2381/2754/2243
f 2388/2753/2250 2404/2761/2266 2389/2755/2251
f 2381/2754/2243 2397/2762/2259 2382/2756/2244
f 2389/2755/2251 2405/2763/2267 2390/2757/2252
f 2383/2758/2245 2397/2762/2259 2398/2764/2260
f 2391/2743/2253 2405/2763/2267 2406/2765/2268
f 2383/2758/2245 2399/2766/2261 2384/2759/2246
f 2391/2743/2253 2407/2767/2269 2392/2744/2254
f 2384/2759/2246 2400/2768/2262 2385/2745/2247
f 2392/2744/2254 2408/2769/2270 2393/2746/2255
f 2386/2747/2248 2400/2768/2262 2401/2770/2263
f 2379/2749/2241 2378/2771/2240 2394/2772/2256
f 2544/2773/2406 2393/2746/2255 2408/2769/2270
f 2386/2747/2248 2402/2774/2264 2387/2751/2249
f 2379/2749/2241 2395/2775/2257 2380/2752/2242
f 2388/2753/2250 2402/2774/2264 2403/2776/2265
f 2399/2766/2261 2415/2777/2277 2400/2768/2262
f 2407/2767/2269 2423/2778/2285 2408/2769/2270
f 2401/2770/2263 2415/2777/2277 2416/2779/2278
f 2394/2772/2256 2378/2780/2240 2409/2781/2271
f 2544/2782/2406 2408/2769/2270 2423/2778/2285
f 2401/2770/2263 2417/2783/2279 2402/2774/2264
f 2394/2772/2256 2410/2784/2272 2395/2775/2257
f 2403/2776/2265 2417/2783/2279 2418/2785/2280
f 2395/2775/2257 2411/2786/2273 2396/2760/2258
f 2403/2776/2265 2419/2787/2281 2404/2761/2266
f 2396/2760/2258 2412/2788/2274 2397/2762/2259
f 2404/2761/2266 2420/2789/2282 2405/2763/2267
f 2398/2764/2260 2412/2788/2274 2413/2790/2275
f 2406/2765/2268 2420/2789/2282 2421/2791/2283
f 2399/2766/2261 2413/2790/2275 2414/2792/2276
f 2406/2765/2268 2422/2793/2284 2407/2767/2269
f 2418/2785/2280 2434/2794/2296 2419/2787/2281
f 2411/2786/2273 2427/2795/2289 2412/2788/2274
f 2419/2787/2281 2435/2796/2297 2420/2789/2282
f 2412/2788/2274 2428/2797/2290 2413/2790/2275
f 2421/2791/2283 2435/2796/2297 2436/2798/2298
f 2414/2792/2276 2428/2797/2290 2429/2799/2291
f 2421/2791/2283 2437/2800/2299 2422/2793/2284
f 2414/2792/2276 2430/2801/2292 2415/2777/2277
f 2422/2793/2284 2438/2802/2300 2423/2778/2285
f 2416/2779/2278 2430/2801/2292 2431/2803/2293
f 2409/2781/2271 2378/2804/2240 2424/2805/2286
f 2544/2806/2406 2423/2778/2285 2438/2802/2300
f 2416/2779/2278 2432/2807/2294 2417/2783/2279
f 2409/2781/2271 2425/2808/2287 2410/2784/2272
f 2418/2785/2280 2432/2807/2294 2433/2809/2295
f 2410/2784/2272 2426/2810/2288 2411/2786/2273
f 2437/2800/2299 2453/2811/2315 2438/2802/2300
f 2431/2803/2293 2445/2812/2307 2446/2813/2308
f 2424/2805/2286 2378/2814/2240 2439/2815/2301
f 2544/2816/2406 2438/2802/2300 2453/2811/2315
f 2431/2803/2293 2447/2817/2309 2432/2807/2294
f 2424/2805/2286 2440/2818/2302 2425/2808/2287
f 2433/2809/2295 2447/2817/2309 2448/2819/2310
f 2426/2810/2288 2440/2818/2302 2441/2820/2303
f 2433/2809/2295 2449/2821/2311 2434/2794/2296
f 2426/2810/2288 2442/2822/2304 2427/2795/2289
f 2434/2794/2296 2450/2823/2312 2435/2796/2297
f 2428/2797/2290 2442/2822/2304 2443/2824/2305
f 2436/2798/2298 2450/2823/2312 2451/2825/2313
f 2429/2799/2291 2443/2824/2305 2444/2826/2306
f 2437/2800/2299 2451/2825/2313 2452/2827/2314
f 2429/2799/2291 2445/2812/2307 2430/2801/2292
f 2449/2821/2311 2465/2828/2327 2450/2823/2312
f 2443/2824/2305 2457/2829/2319 2458/2830/2320
f 2451/2825/2313 2465/2828/2327 2466/2831/2328
f 2444/2826/2306 2458/2830/2320 2459/2832/2321
f 2451/2825/2313 2467/2833/2329 2452/2827/2314
f 2444/2826/2306 2460/2834/2322 2445/2812/2307
f 2453/2811/2315 2467/2833/2329 2468/2835/2330
f 2446/2813/2308 2460/2834/2322 2461/2836/2323
f 2439/2815/2301 2378/2837/2240 2454/2838/2316
f 2544/2839/2406 2453/2811/2315 2468/2835/2330
f 2446/2813/2308 2462/2840/2324 2447/2817/2309
f 2439/2815/2301 2455/2841/2317 2440/2818/2302
f 2448/2819/2310 2462/2840/2324 2463/2842/2325
f 2440/2818/2302 2456/2843/2318 2441/2820/2303
f 2448/2819/2310 2464/2844/2326 2449/2821/2311
f 2441/2820/2303 2457/2829/2319 2442/2822/2304
f 2454/2838/2316 2378/2845/2240 2469/2846/2331
f 2544/2847/2406 2468/2835/2330 2483/2848/2345
f 2461/2836/2323 2477/2849/2339 2462/2840/2324
f 2454/2838/2316 2470/2850/2332 2455/2841/2317
f 2463/2842/2325 2477/2849/2339 2478/2851/2340
f 2455/2841/2317 2471/2852/2333 2456/2843/2318
f 2463/2842/2325 2479/2853/2341 2464/2844/2326
f 2456/2843/2318 2472/2854/2334 2457/2829/2319
f 2464/2844/2326 2480/2855/2342 2465/2828/2327
f 2457/2829/2319 2473/2856/2335 2458/2830/2320
f 2466/2831/2328 2480/2855/2342 2481/2857/2343
f 2459/2832/2321 2473/2856/2335 2474/2858/2336
f 2467/2833/2329 2481/2857/2343 2482/2859/2344
f 2459/2832/2321 2475/2860/2337 2460/2834/2322
f 2468/2835/2330 2482/2859/2344 2483/2848/2345
f 2461/2836/2323 2475/2860/2337 2476/2861/2338
f 2473/2856/2335 2487/2862/2349 2488/2863/2350
f 2481/2857/2343 2495/2864/2357 2496/2865/2358
f 2474/2858/2336 2488/2863/2350 2489/2866/2351
f 2482/2859/2344 2496/2865/2358 2497/2867/2359
f 2474/2858/2336 2490/2868/2352 2475/2860/2337
f 2482/2859/2344 2498/2869/2360 2483/2848/2345
f 2475/2860/2337 2491/2870/2353 2476/2861/2338
f 2469/2846/2331 2378/2871/2240 2484/2872/2346
f 2544/2873/2406 2483/2848/2345 2498/2869/2360
f 2476/2861/2338 2492/2874/2354 2477/2849/2339
f 2469/2846/2331 2485/2875/2347 2470/2850/2332
f 2478/2851/2340 2492/2874/2354 2493/2876/2355
f 2470/2850/2332 2486/2877/2348 2471/2852/2333
f 2478/2851/2340 2494/2878/2356 2479/2853/2341
f 2471/2852/2333 2487/2862/2349 2472/2854/2334
f 2479/2853/2341 2495/2864/2357 2480/2855/2342
f 2491/2870/2353 2507/2879/2369 2492/2874/2354
f 2484/2872/2346 2500/2880/2362 2485/2875/2347
f 2493/2876/2355 2507/2879/2369 2508/2881/2370
f 2485/2875/2347 2501/2882/2363 2486/2877/2348
f 2493/2876/2355 2509/2883/2371 2494/2878/2356
f 2486/2877/2348 2502/2884/2364 2487/2862/2349
f 2494/2878/2356 2510/2885/2372 2495/2864/2357
f 2487/2862/2349 2503/2886/2365 2488/2863/2350
f 2496/2865/2358 2510/2885/2372 2511/2887/2373
f 2489/2866/2351 2503/2886/2365 2504/2888/2366
f 2497/2867/2359 2511/2887/2373 2512/2889/2374
f 2489/2866/2351 2505/2890/2367 2490/2868/2352
f 2498/2869/2360 2512/2889/2374 2513/2891/2375
f 2491/2870/2353 2505/2890/2367 2506/2892/2368
f 2484/2872/2346 2378/2893/2240 2499/2894/2361
f 2544/2895/2406 2498/2869/2360 2513/2891/2375
f 2511/2887/2373 2525/2896/2387 2526/2897/2388
f 2504/2888/2366 2518/2898/2380 2519/2899/2381
f 2511/2887/2373 2527/2900/2389 2512/2889/2374
f 2504/2888/2366 2520/2901/2382 2505/2890/2367
f 2512/2889/2374 2528/2902/2390 2513/2891/2375
f 2505/2890/2367 2521/2903/2383 2506/2892/2368
f 2499/2894/2361 2378/2904/2240 2514/2905/2376
f 2544/2906/2406 2513/2891/2375 2528/2902/2390
f 2506/2892/2368 2522/2907/2384 2507/2879/2369
f 2499/2894/2361 2515/2908/2377 2500/2880/2362
f 2508/2881/2370 2522/2907/2384 2523/2909/2385
f 2500/2880/2362 2516/2910/2378 2501/2882/2363
f 2508/2881/2370 2524/2911/2386 2509/2883/2371
f 2501/2882/2363 2517/2912/2379 2502/2884/2364
f 2509/2883/2371 2525/2896/2387 2510/2885/2372
f 2503/2886/2365 2517/2912/2379 2518/2898/2380
f 2515/2908/2377 2529/2913/2391 2530/2914/2392
f 2523/2909/2385 2537/2915/2399 2538/2916/2400
f 2515/2908/2377 2531/2917/2393 2516/2910/2378
f 2523/2909/2385 2539/2918/2401 2524/2911/2386
f 2516/2910/2378 2532/2919/2394 2517/2912/2379
f 2524/2911/2386 2540/2920/2402 2525/2896/2387
f 2517/2912/2379 2533/2921/2395 2518/2898/2380
f 2525/2896/2387 2541/2922/2403 2526/2897/2388
f 2519/2899/2381 2533/2921/2395 2534/2923/2396
f 2527/2900/2389 2541/2922/2403 2542/2924/2404
f 2519/2899/2381 2535/2925/2397 2520/2901/2382
f 2528/2902/2390 2542/2924/2404 2543/2926/2405
f 2521/2903/2383 2535/2925/2397 2536/2927/2398
f 2514/2905/2376 2378/2928/2240 2529/2913/2391
f 2544/2929/2406 2528/2902/2390 2543/2926/2405
f 2521/2903/2383 2537/2915/2399 2522/2907/2384
f 2534/2923/2396 2549/2930/2411 2550/2931/2412
f 2541/2922/2403 2558/2932/2420 2542/2924/2404
f 2534/2923/2396 2551/2933/2413 2535/2925/2397
f 2542/2924/2404 2559/2934/2421 2543/2926/2405
f 2536/2927/2398 2551/2933/2413 2552/2935/2414
f 2529/2913/2391 2378/2936/2240 2545/2937/2407
f 2544/2938/2406 2543/2926/2405 2559/2934/2421
f 2536/2927/2398 2553/2939/2415 2537/2915/2399
f 2529/2913/2391 2546/2940/2408 2530/2914/2392
f 2538/2916/2400 2553/2939/2415 2554/2941/2416
f 2530/2914/2392 2547/2942/2409 2531/2917/2393
f 2538/2916/2400 2555/2943/2417 2539/2918/2401
f 2531/2917/2393 2548/2944/2410 2532/2919/2394
f 2539/2918/2401 2556/2945/2418 2540/2920/2402
f 2533/2921/2395 2548/2944/2410 2549/2930/2411
f 2541/2922/2403 2556/2945/2418 2557/2946/2419
f 2554/2941/2416 2568/2947/2430 2569/2948/2431
f 2547/2942/2409 2561/2949/2423 2562/2950/2424
f 2554/2941/2416 2570/2951/2432 2555/2943/2417
f 2547/2942/2409 2563/2952/2425 2548/2944/2410
f 2555/2943/2417 2571/2953/2433 2556/2945/2418
f 2549/2930/2411 2563/2952/2425 2564/2954/2426
f 2557/2946/2419 2571/2953/2433 2572/2955/2434
f 2550/2931/2412 2564/2954/2426 2565/2956/2427
f 2558/2932/2420 2572/2955/2434 2573/2957/2435
f 2550/2931/2412 2566/2958/2428 2551/2933/2413
f 2558/2932/2420 2574/2959/2436 2559/2934/2421
f 2552/2935/2414 2566/2958/2428 2567/2960/2429
f 2545/2937/2407 2378/2961/2240 2560/2962/2422
f 2544/2963/2406 2559/2934/2421 2574/2959/2436
f 2552/2935/2414 2568/2947/2430 2553/2939/2415
f 2545/2937/2407 2561/2949/2423 2546/2940/2408
f 2572/2955/2434 2588/2964/2450 2573/2957/2435
f 2565/2956/2427 2581/2965/2443 2566/2958/2428
f 2574/2959/2436 2588/2964/2450 2589/2966/2451
f 2567/2960/2429 2581/2965/2443 2582/2967/2444
f 2560/2962/2422 2378/2968/2240 2575/2969/2437
f 2544/2970/2406 2574/2959/2436 2589/2966/2451
f 2567/2960/2429 2583/2971/2445 2568/2947/2430
f 2560/2962/2422 2576/2972/2438 2561/2949/2423
f 2569/2948/2431 2583/2971/2445 2584/2973/2446
f 2561/2949/2423 2577/2974/2439 2562/2950/2424
f 2569/2948/2431 2585/2975/2447 2570/2951/2432
f 2562/2950/2424 2578/2976/2440 2563/2952/2425
f 2570/2951/2432 2586/2977/2448 2571/2953/2433
f 2564/2954/2426 2578/2976/2440 2579/2978/2441
f 2572/2955/2434 2586/2977/2448 2587/2979/2449
f 2565/2956/2427 2579/2978/2441 2580/2980/2442
f 2584/2973/2446 2600/2981/2462 2585/2975/2447
f 2577/2974/2439 2593/2982/2455 2578/2976/2440
f 2585/2975/2447 2601/2983/2463 2586/2977/2448
f 2579/2978/2441 2593/2982/2455 2594/2984/2456
f 2587/2979/2449 2601/2983/2463 2602/2985/2464
f 2580/2980/2442 2594/2984/2456 2595/2986/2457
f 2588/2964/2450 2602/2985/2464 2603/2987/2465
f 2580/2980/2442 2596/2988/2458 2581/2965/2443
f 2588/2964/2450 2604/2989/2466 2589/2966/2451
f 2582/2967/2444 2596/2988/2458 2597/2990/2459
f 2575/2969/2437 2378/2991/2240 2590/2992/2452
f 2544/2993/2406 2589/2966/2451 2604/2989/2466
f 2582/2967/2444 2598/2994/2460 2583/2971/2445
f 2575/2969/2437 2591/2995/2453 2576/2972/2438
f 2584/2973/2446 2598/2994/2460 2599/2996/2461
f 2576/2972/2438 2592/2997/2454 2577/2974/2439
f 2604/2989/2466 2618/2998/2480 2619/2999/2481
f 2597/2990/2459 2611/3000/2473 2612/3001/2474
f 2590/2992/2452 2378/3002/2240 2605/3003/2467
f 2544/3004/2406 2604/2989/2466 2619/2999/2481
f 2597/2990/2459 2613/3005/2475 2598/2994/2460
f 2590/2992/2452 2606/3006/2468 2591/2995/2453
f 2599/2996/2461 2613/3005/2475 2614/3007/2476
f 2591/2995/2453 2607/3008/2469 2592/2997/2454
f 2599/2996/2461 2615/3009/2477 2600/2981/2462
f 2592/2997/2454 2608/3010/2470 2593/2982/2455
f 2600/2981/2462 2616/3011/2478 2601/2983/2463
f 2594/2984/2456 2608/3010/2470 2609/3012/2471
f 2602/2985/2464 2616/3011/2478 2617/3013/2479
f 2595/2986/2457 2609/3012/2471 2610/3014/2472
f 2603/2987/2465 2617/3013/2479 2618/2998/2480
f 2595/2986/2457 2611/3000/2473 2596/2988/2458
f 2607/3008/2469 2623/3015/2485 2608/3010/2470
f 2615/3009/2477 2631/3016/2493 2616/3011/2478
f 2609/3012/2471 2623/3015/2485 2624/3017/2486
f 2617/3013/2479 2631/3016/2493 2632/3018/2494
f 2610/3014/2472 2624/3017/2486 2625/3019/2487
f 2618/2998/2480 2632/3018/2494 2633/3020/2495
f 2610/3014/2472 2626/3021/2488 2611/3000/2473
f 2618/2998/2480 2634/3022/2496 2619/2999/2481
f 2612/3001/2474 2626/3021/2488 2627/3023/2489
f 2605/3003/2467 2378/3024/2240 2620/3025/2482
f 2544/3026/2406 2619/2999/2481 2634/3022/2496
f 2612/3001/2474 2628/3027/2490 2613/3005/2475
f 2605/3003/2467 2621/3028/2483 2606/3006/2468
f 2614/3007/2476 2628/3027/2490 2629/3029/2491
f 2606/3006/2468 2622/3030/2484 2607/3008/2469
f 2614/3007/2476 2630/3031/2492 2615/3009/2477
f 2627/3023/2489 2641/3032/2503 2642/3033/2504
f 2620/3025/2482 2378/3034/2240 2635/3035/2497
f 2544/3036/2406 2634/3022/2496 2649/3037/2511
f 2627/3023/2489 2643/3038/2505 2628/3027/2490
f 2621/3028/2483 2635/3035/2497 2636/3039/2498
f 2629/3029/2491 2643/3038/2505 2644/3040/2506
f 2621/3028/2483 2637/3041/2499 2622/3030/2484
f 2629/3029/2491 2645/3042/2507 2630/3031/2492
f 2622/3030/2484 2638/3043/2500 2623/3015/2485
f 2630/3031/2492 2646/3044/2508 2631/3016/2493
f 2624/3017/2486 2638/3043/2500 2639/3045/2501
f 2632/3018/2494 2646/3044/2508 2647/3046/2509
f 2625/3019/2487 2639/3045/2501 2640/3047/2502
f 2633/3020/2495 2647/3046/2509 2648/3048/2510
f 2625/3019/2487 2641/3032/2503 2626/3021/2488
f 2633/3020/2495 2649/3037/2511 2634/3022/2496
f 2645/3042/2507 2661/3049/2523 2646/3044/2508
f 2639/3045/2501 2653/3050/2515 2654/3051/2516
f 2647/3046/2509 2661/3049/2523 2662/3052/2524
f 2640/3047/2502 2654/3051/2516 2655/3053/2517
f 2647/3046/2509 2663/3054/2525 2648/3048/2510
f 2640/3047/2502 2656/3055/2518 2641/3032/2503
f 2648/3048/2510 2664/3056/2526 2649/3037/2511
f 2642/3033/2504 2656/3055/2518 2657/3057/2519
f 2635/3035/2497 2378/3058/2240 2650/3059/2512
f 2544/3060/2406 2649/3037/2511 2664/3056/2526
f 2642/3033/2504 2658/3061/2520 2643/3038/2505
f 2635/3035/2497 2651/3062/2513 2636/3039/2498
f 2644/3040/2506 2658/3061/2520 2659/3063/2521
f 2636/3039/2498 2652/3064/2514 2637/3041/2499
f 2644/3040/2506 2660/3065/2522 2645/3042/2507
f 2637/3041/2499 2653/3050/2515 2638/3043/2500
f 2650/3066/2512 2378/3067/2240 2665/3068/2527
f 2544/3069/2406 2664/3070/2526 2679/3071/2541
f 2657/3072/2519 2673/3073/2535 2658/3074/2520
f 2650/3066/2512 2666/3075/2528 2651/3076/2513
f 2659/3077/2521 2673/3073/2535 2674/3078/2536
f 2651/3076/2513 2667/3079/2529 2652/3080/2514
f 2659/3077/2521 2675/3081/2537 2660/3082/2522
f 2652/3080/2514 2668/3083/2530 2653/3084/2515
f 2660/3082/2522 2676/3085/2538 2661/3086/2523
f 2654/3087/2516 2668/3083/2530 2669/3088/2531
f 2662/3089/2524 2676/3085/2538 2677/3090/2539
f 2655/3091/2517 2669/3088/2531 2670/3092/2532
f 2662/3089/2524 2678/3093/2540 2663/3094/2525
f 2655/3091/2517 2671/3095/2533 2656/3096/2518
f 2663/3094/2525 2679/3071/2541 2664/3070/2526
f 2657/3072/2519 2671/3095/2533 2672/3097/2534
f 2669/3088/2531 2683/3098/2545 2684/3099/2546
f 2677/3090/2539 2691/3100/2553 2692/3101/2554
f 2670/3092/2532 2684/3099/2546 2685/3102/2547
f 2677/3090/2539 2693/3103/2555 2678/3093/2540
f 2670/3092/2532 2686/3104/2548 2671/3095/2533
f 2678/3093/2540 2694/3105/2556 2679/3071/2541
f 2672/3097/2534 2686/3104/2548 2687/3106/2549
f 2665/3068/2527 2378/3107/2240 2680/3108/2542
f 2544/3109/2406 2679/3071/2541 2694/3105/2556
f 2672/3097/2534 2688/3110/2550 2673/3073/2535
f 2665/3068/2527 2681/3111/2543 2666/3075/2528
f 2674/3078/2536 2688/3110/2550 2689/3112/2551
f 2666/3075/2528 2682/3113/2544 2667/3079/2529
f 2674/3078/2536 2690/3114/2552 2675/3081/2537
f 2667/3079/2529 2683/3098/2545 2668/3083/2530
f 2675/3081/2537 2691/3100/2553 2676/3085/2538
f 2687/3106/2549 2703/3115/2565 2688/3110/2550
f 2681/3111/2543 2695/3116/2557 2696/3117/2558
f 2689/3112/2551 2703/3115/2565 2704/3118/2566
f 2681/3111/2543 2697/3119/2559 2682/3113/2544
f 2689/3112/2551 2705/3120/2567 2690/3114/2552
f 2682/3113/2544 2698/3121/2560 2683/3098/2545
f 2690/3114/2552 2706/3122/2568 2691/3100/2553
f 2684/3099/2546 2698/3121/2560 2699/3123/2561
f 2692/3101/2554 2706/3122/2568 2707/3124/2569
f 2685/3102/2547 2699/3123/2561 2700/3125/2562
f 2693/3103/2555 2707/3124/2569 2708/3126/2570
f 2685/3102/2547 2701/3127/2563 2686/3104/2548
f 2693/3103/2555 2709/3128/2571 2694/3105/2556
f 2687/3106/2549 2701/3127/2563 2702/3129/2564
f 2680/3108/2542 2378/3130/2240 2695/3116/2557
f 2544/3131/2406 2694/3105/2556 2709/3128/2571
f 2707/3124/2569 2721/3132/2583 2722/3133/2584
f 2700/3125/2562 2714/3134/2576 2715/3135/2577
f 2708/3126/2570 2722/3133/2584 2723/3136/2585
f 2700/3125/2562 2716/3137/2578 2701/3127/2563
f 2708/3126/2570 2724/3138/2586 2709/3128/2571
f 2702/3129/2564 2716/3137/2578 2717/3139/2579
f 2695/3116/2557 2378/3140/2240 2710/3141/2572
f 2544/3142/2406 2709/3128/2571 2724/3138/2586
f 2702/3129/2564 2718/3143/2580 2703/3115/2565
f 2695/3116/2557 2711/3144/2573 2696/3117/2558
f 2704/3118/2566 2718/3143/2580 2719/3145/2581
f 2696/3117/2558 2712/3146/2574 2697/3119/2559
f 2704/3118/2566 2720/3147/2582 2705/3120/2567
f 2697/3119/2559 2713/3148/2575 2698/3121/2560
f 2705/3120/2567 2721/3132/2583 2706/3122/2568
f 2699/3123/2561 2713/3148/2575 2714/3134/2576
f 2719/3145/2581 2733/3149/2595 2734/3150/2596
f 2711/3144/2573 2727/3151/2589 2712/3146/2574
f 2719/3145/2581 2735/3152/2597 2720/3147/2582
f 2712/3146/2574 2728/3153/2590 2713/3148/2575
f 2720/3147/2582 2736/3154/2598 2721/3132/2583
f 2714/3134/2576 2728/3153/2590 2729/3155/2591
f 2722/3133/2584 2736/3154/2598 2737/3156/2599
f 2715/3135/2577 2729/3155/2591 2730/3157/2592
f 2722/3133/2584 2738/3158/2600 2723/3136/2585
f 2715/3135/2577 2731/3159/2593 2716/3137/2578
f 2723/3136/2585 2739/3160/2601 2724/3138/2586
f 2717/3139/2579 2731/3159/2593 2732/3161/2594
f 2710/3141/2572 2378/3162/2240 2725/3163/2587
f 2544/3164/2406 2724/3138/2586 2739/3160/2601
f 2717/3139/2579 2733/3149/2595 2718/3143/2580
f 2710/3141/2572 2726/3165/2588 2711/3144/2573
f 2737/3156/2599 2753/3166/2615 2738/3158/2600
f 2730/3157/2592 2746/3167/2608 2731/3159/2593
f 2738/3158/2600 2754/3168/2616 2739/3160/2601
f 2732/3161/2594 2746/3167/2608 2747/3169/2609
f 2725/3163/2587 2378/3170/2240 2740/3171/2602
f 2544/3172/2406 2739/3160/2601 2754/3168/2616
f 2732/3161/2594 2748/3173/2610 2733/3149/2595
f 2726/3165/2588 2740/3171/2602 2741/3174/2603
f 2734/3150/2596 2748/3173/2610 2749/3175/2611
f 2726/3165/2588 2742/3176/2604 2727/3151/2589
f 2734/3150/2596 2750/3177/2612 2735/3152/2597
f 2727/3151/2589 2743/3178/2605 2728/3153/2590
f 2735/3152/2597 2751/3179/2613 2736/3154/2598
f 2729/3155/2591 2743/3178/2605 2744/3180/2606
f 2737/3156/2599 2751/3179/2613 2752/3181/2614
f 2730/3157/2592 2744/3180/2606 2745/3182/2607
f 2741/3174/2603 2757/3183/2619 2742/3176/2604
f 2749/3175/2611 2765/3184/2627 2750/3177/2612
f 2742/3176/2604 2758/3185/2620 2743/3178/2605
f 2750/3177/2612 2766/3186/2628 2751/3179/2613
f 2744/3180/2606 2758/3185/2620 2759/3187/2621
f 2752/3181/2614 2766/3186/2628 2767/3188/2629
f 2745/3182/2607 2759/3187/2621 2760/3189/2622
f 2753/3166/2615 2767/3188/2629 2768/3190/2630
f 2745/3182/2607 2761/3191/2623 2746/3167/2608
f 2753/3166/2615 2769/3192/2631 2754/3168/2616
f 2747/3169/2609 2761/3191/2623 2762/3193/2624
f 2740/3171/2602 2378/3194/2240 2755/3195/2617
f 2544/3196/2406 2754/3168/2616 2769/3192/2631
f 2747/3169/2609 2763/3197/2625 2748/3173/2610
f 2740/3171/2602 2756/3198/2618 2741/3174/2603
f 2749/3175/2611 2763/3197/2625 2764/3199/2626
f 2761/3191/2623 2297/2674/2159 2773/2646/2635
f 2768/3190/2630 2776/2650/2638 2769/3192/2631
f 2762/3193/2624 2773/2646/2635 2298/2652/2160
f 2755/3195/2617 2378/3200/2240 2295/2653/2157
f 2544/3201/2406 2769/3192/2631 2776/2650/2638
f 2762/3193/2624 2299/2657/2161 2763/3197/2625
f 2756/3198/2618 2295/2653/2157 2770/2659/2632
f 2763/3197/2625 2300/2661/2162 2764/3199/2626
f 2757/3183/2619 2770/2659/2632 2296/2663/2158
f 2764/3199/2626 2301/2666/2163 2765/3184/2627
f 2758/3185/2620 2296/2663/2158 2771/2668/2633
f 2765/3184/2627 2774/2669/2636 2766/3186/2628
f 2759/3187/2621 2771/2668/2633 2772/2671/2634
f 2766/3186/2628 2302/2643/2164 2767/3188/2629
f 2760/3189/2622 2772/2671/2634 2297/2674/2159
f 2767/3188/2629 2775/2645/2637 2768/3190/2630
f 2302/2643/2164 2315/2673/2177 2316/2644/2178
f 2773/2646/2635 2297/2674/2159 2308/2647/2170
f 2775/2645/2637 2316/2644/2178 2317/2649/2179
f 2773/2646/2635 2309/2648/2171 2310/2651/2172
f 2299/2657/2161 2298/2652/2160 2310/2651/2172
f 2770/2659/2632 2295/2653/2157 2303/2655/2165
f 2300/2661/2162 2299/2657/2161 2311/2658/2173
f 2296/2663/2158 2770/2659/2632 2304/2660/2166
f 2300/2661/2162 2312/2662/2174 2313/2665/2175
f 2296/2663/2158 2305/2664/2167 2306/2667/2168
f 2774/2669/2636 2301/2666/2163 2313/2665/2175
f 2772/2671/2634 2771/2668/2633 2306/2667/2168
f 2302/2643/2164 2774/2669/2636 2314/2670/2176
f 2297/2674/2159 2772/2671/2634 2307/2672/2169
f 2314/2670/2176 2329/2690/2191 2330/2675/2192
f 2307/2672/2169 2322/2691/2184 2323/2676/2185
f 2316/2644/2178 2315/2673/2177 2330/2675/2192
f 2308/2647/2170 2323/2676/2185 2324/2678/2186
f 2317/2649/2179 2316/2644/2178 2331/2677/2193
f 2309/2648/2171 2324/2678/2186 2325/2680/2187
f 2310/2651/2172 2325/2680/2187 2326/2684/2188
f 2303/2655/2165 2318/2682/2180 2319/2685/2181
f 2311/2658/2173 2326/2684/2188 2327/2686/2189
f 2305/2664/2167 2304/2660/2166 2319/2685/2181
f 2313/2665/2175 2312/2662/2174 2327/2686/2189
f 2306/2667/2168 2305/2664/2167 2320/2687/2182
f 2313/2665/2175 2328/2688/2190 2329/2690/2191
f 2307/2672/2169 2306/2667/2168 2321/2689/2183
f 2318/2682/2180 2333/2707/2195 2334/2692/2196
f 2327/2686/2189 2326/2684/2188 2341/2693/2203
f 2319/2685/2181 2334/2692/2196 2335/2695/2197
f 2328/2688/2190 2327/2686/2189 2342/2694/2204
f 2320/2687/2182 2335/2695/2197 2336/2697/2198
f 2328/2688/2190 2343/2696/2205 2344/2698/2206
f 2322/2691/2184 2321/2689/2183 2336/2697/2198
f 2330/2675/2192 2329/2690/2191 2344/2698/2206
f 2322/2691/2184 2337/2699/2199 2338/2701/2200
f 2330/2675/2192 2345/2700/2207 2346/2702/2208
f 2323/2676/2185 2338/2701/2200 2339/2703/2201
f 2332/2679/2194 2331/2677/2193 2346/2702/2208
f 2324/2678/2186 2339/2703/2201 2340/2705/2202
f 2325/2680/2187 2340/2705/2202 2341/2693/2203
f 2338/2701/2200 2337/2699/2199 2352/2709/2214
f 2345/2700/2207 2360/2725/2222 2361/2711/2223
f 2338/2701/2200 2353/2710/2215 2354/2712/2216
f 2346/2702/2208 2361/2711/2223 2362/2713/2224
f 2339/2703/2201 2354/2712/2216 2355/2714/2217
f 2340/2705/2202 2355/2714/2217 2356/2718/2218
f 2333/2707/2195 2348/2716/2210 2349/2719/2211
f 2342/2694/2204 2341/2693/2203 2356/2718/2218
f 2335/2695/2197 2334/2692/2196 2349/2719/2211
f 2342/2694/2204 2357/2720/2219 2358/2722/2220
f 2335/2695/2197 2350/2721/2212 2351/2723/2213
f 2343/2696/2205 2358/2722/2220 2359/2724/2221
f 2336/2697/2198 2351/2723/2213 2352/2709/2214
f 2345/2700/2207 2344/2698/2206 2359/2724/2221
f 2357/2720/2219 2356/2718/2218 2371/2726/2233
f 2349/2719/2211 2364/2742/2226 2365/2728/2227
f 2357/2720/2219 2372/2727/2234 2373/2729/2235
f 2350/2721/2212 2365/2728/2227 2366/2730/2228
f 2358/2722/2220 2373/2729/2235 2374/2731/2236
f 2352/2709/2214 2351/2723/2213 2366/2730/2228
f 2359/2724/2221 2374/2731/2236 2375/2733/2237
f 2353/2710/2215 2352/2709/2214 2367/2732/2229
f 2360/2725/2222 2375/2733/2237 2376/2735/2238
f 2353/2710/2215 2368/2734/2230 2369/2736/2231
f 2362/2713/2224 2361/2711/2223 2376/2735/2238
f 2355/2714/2217 2354/2712/2216 2369/2736/2231
f 2355/2714/2217 2370/2738/2232 2371/2726/2233
f 2348/2716/2210 2363/2740/2225 2364/2742/2226
f 2376/2735/2238 2375/2733/2237 2391/2743/2253
f 2368/2734/2230 2384/2759/2246 2385/2745/2247
f 2376/2735/2238 2392/2744/2254 2393/2746/2255
f 2370/2738/2232 2369/2736/2231 2385/2745/2247
f 2370/2738/2232 2386/2747/2248 2387/2751/2249
f 2363/2740/2225 2379/2749/2241 2380/2752/2242
f 2372/2727/2234 2371/2726/2233 2387/2751/2249
f 2364/2742/2226 2380/2752/2242 2381/2754/2243
f 2372/2727/2234 2388/2753/2250 2389/2755/2251
f 2365/2728/2227 2381/2754/2243 2382/2756/2244
f 2373/2729/2235 2389/2755/2251 2390/2757/2252
f 2367/2732/2229 2366/2730/2228 2382/2756/2244
f 2375/2733/2237 2374/2731/2236 2390/2757/2252
f 2368/2734/2230 2367/2732/2229 2383/2758/2245
f 2380/2752/2242 2395/2775/2257 2396/2760/2258
f 2388/2753/2250 2403/2776/2265 2404/2761/2266
f 2381/2754/2243 2396/2760/2258 2397/2762/2259
f 2389/2755/2251 2404/2761/2266 2405/2763/2267
f 2383/2758/2245 2382/2756/2244 2397/2762/2259
f 2391/2743/2253 2390/2757/2252 2405/2763/2267
f 2383/2758/2245 2398/2764/2260 2399/2766/2261
f 2391/2743/2253 2406/2765/2268 2407/2767/2269
f 2384/2759/2246 2399/2766/2261 2400/2768/2262
f 2392/2744/2254 2407/2767/2269 2408/2769/2270
f 2386/2747/2248 2385/2745/2247 2400/2768/2262
f 2386/2747/2248 2401/2770/2263 2402/2774/2264
f 2379/2749/2241 2394/2772/2256 2395/2775/2257
f 2388/2753/2250 2387/2751/2249 2402/2774/2264
f 2399/2766/2261 2414/2792/2276 2415/2777/2277
f 2407/2767/2269 2422/2793/2284 2423/2778/2285
f 2401/2770/2263 2400/2768/2262 2415/2777/2277
f 2401/2770/2263 2416/2779/2278 2417/2783/2279
f 2394/2772/2256 2409/2781/2271 2410/2784/2272
f 2403/2776/2265 2402/2774/2264 2417/2783/2279
f 2395/2775/2257 2410/2784/2272 2411/2786/2273
f 2403/2776/2265 2418/2785/2280 2419/2787/2281
f 2396/2760/2258 2411/2786/2273 2412/2788/2274
f 2404/2761/2266 2419/2787/2281 2420/2789/2282
f 2398/2764/2260 2397/2762/2259 2412/2788/2274
f 2406/2765/2268 2405/2763/2267 2420/2789/2282
f 2399/2766/2261 2398/2764/2260 2413/2790/2275
f 2406/2765/2268 2421/2791/2283 2422/2793/2284
f 2418/2785/2280 2433/2809/2295 2434/2794/2296
f 2411/2786/2273 2426/2810/2288 2427/2795/2289
f 2419/2787/2281 2434/2794/2296 2435/2796/2297
f 2412/2788/2274 2427/2795/2289 2428/2797/2290
f 2421/2791/2283 2420/2789/2282 2435/2796/2297
f 2414/2792/2276 2413/2790/2275 2428/2797/2290
f 2421/2791/2283 2436/2798/2298 2437/2800/2299
f 2414/2792/2276 2429/2799/2291 2430/2801/2292
f 2422/2793/2284 2437/2800/2299 2438/2802/2300
f 2416/2779/2278 2415/2777/2277 2430/2801/2292
f 2416/2779/2278 2431/2803/2293 2432/2807/2294
f 2409/2781/2271 2424/2805/2286 2425/2808/2287
f 2418/2785/2280 2417/2783/2279 2432/2807/2294
f 2410/2784/2272 2425/2808/2287 2426/2810/2288
f 2437/2800/2299 2452/2827/2314 2453/2811/2315
f 2431/2803/2293 2430/2801/2292 2445/2812/2307
f 2431/2803/2293 2446/2813/2308 2447/2817/2309
f 2424/2805/2286 2439/2815/2301 2440/2818/2302
f 2433/2809/2295 2432/2807/2294 2447/2817/2309
f 2426/2810/2288 2425/2808/2287 2440/2818/2302
f 2433/2809/2295 2448/2819/2310 2449/2821/2311
f 2426/2810/2288 2441/2820/2303 2442/2822/2304
f 2434/2794/2296 2449/2821/2311 2450/2823/2312
f 2428/2797/2290 2427/2795/2289 2442/2822/2304
f 2436/2798/2298 2435/2796/2297 2450/2823/2312
f 2429/2799/2291 2428/2797/2290 2443/2824/2305
f 2437/2800/2299 2436/2798/2298 2451/2825/2313
f 2429/2799/2291 2444/2826/2306 2445/2812/2307
f 2449/2821/2311 2464/2844/2326 2465/2828/2327
f 2443/2824/2305 2442/2822/2304 2457/2829/2319
f 2451/2825/2313 2450/2823/2312 2465/2828/2327
f 2444/2826/2306 2443/2824/2305 2458/2830/2320
f 2451/2825/2313 2466/2831/2328 2467/2833/2329
f 2444/2826/2306 2459/2832/2321 2460/2834/2322
f 2453/2811/2315 2452/2827/2314 2467/2833/2329
f 2446/2813/2308 2445/2812/2307 2460/2834/2322
f 2446/2813/2308 2461/2836/2323 2462/2840/2324
f 2439/2815/2301 2454/2838/2316 2455/2841/2317
f 2448/2819/2310 2447/2817/2309 2462/2840/2324
f 2440/2818/2302 2455/2841/2317 2456/2843/2318
f 2448/2819/2310 2463/2842/2325 2464/2844/2326
f 2441/2820/2303 2456/2843/2318 2457/2829/2319
f 2461/2836/2323 2476/2861/2338 2477/2849/2339
f 2454/2838/2316 2469/2846/2331 2470/2850/2332
f 2463/2842/2325 2462/2840/2324 2477/2849/2339
f 2455/2841/2317 2470/2850/2332 2471/2852/2333
f 2463/2842/2325 2478/2851/2340 2479/2853/2341
f 2456/2843/2318 2471/2852/2333 2472/2854/2334
f 2464/2844/2326 2479/2853/2341 2480/2855/2342
f 2457/2829/2319 2472/2854/2334 2473/2856/2335
f 2466/2831/2328 2465/2828/2327 2480/2855/2342
f 2459/2832/2321 2458/2830/2320 2473/2856/2335
f 2467/2833/2329 2466/2831/2328 2481/2857/2343
f 2459/2832/2321 2474/2858/2336 2475/2860/2337
f 2468/2835/2330 2467/2833/2329 2482/2859/2344
f 2461/2836/2323 2460/2834/2322 2475/2860/2337
f 2473/2856/2335 2472/2854/2334 2487/2862/2349
f 2481/2857/2343 2480/2855/2342 2495/2864/2357
f 2474/2858/2336 2473/2856/2335 2488/2863/2350
f 2482/2859/2344 2481/2857/2343 2496/2865/2358
f 2474/2858/2336 2489/2866/2351 2490/2868/2352
f 2482/2859/2344 2497/2867/2359 2498/2869/2360
f 2475/2860/2337 2490/2868/2352 2491/2870/2353
f 2476/2861/2338 2491/2870/2353 2492/2874/2354
f 2469/2846/2331 2484/2872/2346 2485/2875/2347
f 2478/2851/2340 2477/2849/2339 2492/2874/2354
f 2470/2850/2332 2485/2875/2347 2486/2877/2348
f 2478/2851/2340 2493/2876/2355 2494/2878/2356
f 2471/2852/2333 2486/2877/2348 2487/2862/2349
f 2479/2853/2341 2494/2878/2356 2495/2864/2357
f 2491/2870/2353 2506/2892/2368 2507/2879/2369
f 2484/2872/2346 2499/2894/2361 2500/2880/2362
f 2493/2876/2355 2492/2874/2354 2507/2879/2369
f 2485/2875/2347 2500/2880/2362 2501/2882/2363
f 2493/2876/2355 2508/2881/2370 2509/2883/2371
f 2486/2877/2348 2501/2882/2363 2502/2884/2364
f 2494/2878/2356 2509/2883/2371 2510/2885/2372
f 2487/2862/2349 2502/2884/2364 2503/2886/2365
f 2496/2865/2358 2495/2864/2357 2510/2885/2372
f 2489/2866/2351 2488/2863/2350 2503/2886/2365
f 2497/2867/2359 2496/2865/2358 2511/2887/2373
f 2489/2866/2351 2504/2888/2366 2505/2890/2367
f 2498/2869/2360 2497/2867/2359 2512/2889/2374
f 2491/2870/2353 2490/2868/2352 2505/2890/2367
f 2511/2887/2373 2510/2885/2372 2525/2896/2387
f 2504/2888/2366 2503/2886/2365 2518/2898/2380
f 2511/2887/2373 2526/2897/2388 2527/2900/2389
f 2504/2888/2366 2519/2899/2381 2520/2901/2382
f 2512/2889/2374 2527/2900/2389 2528/2902/2390
f 2505/2890/2367 2520/2901/2382 2521/2903/2383
f 2506/2892/2368 2521/2903/2383 2522/2907/2384
f 2499/2894/2361 2514/2905/2376 2515/2908/2377
f 2508/2881/2370 2507/2879/2369 2522/2907/2384
f 2500/2880/2362 2515/2908/2377 2516/2910/2378
f 2508/2881/2370 2523/2909/2385 2524/2911/2386
f 2501/2882/2363 2516/2910/2378 2517/2912/2379
f 2509/2883/2371 2524/2911/2386 2525/2896/2387
f 2503/2886/2365 2502/2884/2364 2517/2912/2379
f 2515/2908/2377 2514/2905/2376 2529/2913/2391
f 2523/2909/2385 2522/2907/2384 2537/2915/2399
f 2515/2908/2377 2530/2914/2392 2531/2917/2393
f 2523/2909/2385 2538/2916/2400 2539/2918/2401
f 2516/2910/2378 2531/2917/2393 2532/2919/2394
f 2524/2911/2386 2539/2918/2401 2540/2920/2402
f 2517/2912/2379 2532/2919/2394 2533/2921/2395
f 2525/2896/2387 2540/2920/2402 2541/2922/2403
f 2519/2899/2381 2518/2898/2380 2533/2921/2395
f 2527/2900/2389 2526/2897/2388 2541/2922/2403
f 2519/2899/2381 2534/2923/2396 2535/2925/2397
f 2528/2902/2390 2527/2900/2389 2542/2924/2404
f 2521/2903/2383 2520/2901/2382 2535/2925/2397
f 2521/2903/2383 2536/2927/2398 2537/2915/2399
f 2534/2923/2396 2533/2921/2395 2549/2930/2411
f 2541/2922/2403 2557/2946/2419 2558/2932/2420
f 2534/2923/2396 2550/2931/2412 2551/2933/2413
f 2542/2924/2404 2558/2932/2420 2559/2934/2421
f 2536/2927/2398 2535/2925/2397 2551/2933/2413
f 2536/2927/2398 2552/2935/2414 2553/2939/2415
f 2529/2913/2391 2545/2937/2407 2546/2940/2408
f 2538/2916/2400 2537/2915/2399 2553/2939/2415
f 2530/2914/2392 2546/2940/2408 2547/2942/2409
f 2538/2916/2400 2554/2941/2416 2555/2943/2417
f 2531/2917/2393 2547/2942/2409 2548/2944/2410
f 2539/2918/2401 2555/2943/2417 2556/2945/2418
f 2533/2921/2395 2532/2919/2394 2548/2944/2410
f 2541/2922/2403 2540/2920/2402 2556/2945/2418
f 2554/2941/2416 2553/2939/2415 2568/2947/2430
f 2547/2942/2409 2546/2940/2408 2561/2949/2423
f 2554/2941/2416 2569/2948/2431 2570/2951/2432
f 2547/2942/2409 2562/2950/2424 2563/2952/2425
f 2555/2943/2417 2570/2951/2432 2571/2953/2433
f 2549/2930/2411 2548/2944/2410 2563/2952/2425
f 2557/2946/2419 2556/2945/2418 2571/2953/2433
f 2550/2931/2412 2549/2930/2411 2564/2954/2426
f 2558/2932/2420 2557/2946/2419 2572/2955/2434
f 2550/2931/2412 2565/2956/2427 2566/2958/2428
f 2558/2932/2420 2573/2957/2435 2574/2959/2436
f 2552/2935/2414 2551/2933/2413 2566/2958/2428
f 2552/2935/2414 2567/2960/2429 2568/2947/2430
f 2545/2937/2407 2560/2962/2422 2561/2949/2423
f 2572/2955/2434 2587/2979/2449 2588/2964/2450
f 2565/2956/2427 2580/2980/2442 2581/2965/2443
f 2574/2959/2436 2573/2957/2435 2588/2964/2450
f 2567/2960/2429 2566/2958/2428 2581/2965/2443
f 2567/2960/2429 2582/2967/2444 2583/2971/2445
f 2560/2962/2422 2575/2969/2437 2576/2972/2438
f 2569/2948/2431 2568/2947/2430 2583/2971/2445
f 2561/2949/2423 2576/2972/2438 2577/2974/2439
f 2569/2948/2431 2584/2973/2446 2585/2975/2447
f 2562/2950/2424 2577/2974/2439 2578/2976/2440
f 2570/2951/2432 2585/2975/2447 2586/2977/2448
f 2564/2954/2426 2563/2952/2425 2578/2976/2440
f 2572/2955/2434 2571/2953/2433 2586/2977/2448
f 2565/2956/2427 2564/2954/2426 2579/2978/2441
f 2584/2973/2446 2599/2996/2461 2600/2981/2462
f 2577/2974/2439 2592/2997/2454 2593/2982/2455
f 2585/2975/2447 2600/2981/2462 2601/2983/2463
f 2579/2978/2441 2578/2976/2440 2593/2982/2455
f 2587/2979/2449 2586/2977/2448 2601/2983/2463
f 2580/2980/2442 2579/2978/2441 2594/2984/2456
f 2588/2964/2450 2587/2979/2449 2602/2985/2464
f 2580/2980/2442 2595/2986/2457 2596/2988/2458
f 2588/2964/2450 2603/2987/2465 2604/2989/2466
f 2582/2967/2444 2581/2965/2443 2596/2988/2458
f 2582/2967/2444 2597/2990/2459 2598/2994/2460
f 2575/2969/2437 2590/2992/2452 2591/2995/2453
f 2584/2973/2446 2583/2971/2445 2598/2994/2460
f 2576/2972/2438 2591/2995/2453 2592/2997/2454
f 2604/2989/2466 2603/2987/2465 2618/2998/2480
f 2597/2990/2459 2596/2988/2458 2611/3000/2473
f 2597/2990/2459 2612/3001/2474 2613/3005/2475
f 2590/2992/2452 2605/3003/2467 2606/3006/2468
f 2599/2996/2461 2598/2994/2460 2613/3005/2475
f 2591/2995/2453 2606/3006/2468 2607/3008/2469
f 2599/2996/2461 2614/3007/2476 2615/3009/2477
f 2592/2997/2454 2607/3008/2469 2608/3010/2470
f 2600/2981/2462 2615/3009/2477 2616/3011/2478
f 2594/2984/2456 2593/2982/2455 2608/3010/2470
f 2602/2985/2464 2601/2983/2463 2616/3011/2478
f 2595/2986/2457 2594/2984/2456 2609/3012/2471
f 2603/2987/2465 2602/2985/2464 2617/3013/2479
f 2595/2986/2457 2610/3014/2472 2611/3000/2473
f 2607/3008/2469 2622/3030/2484 2623/3015/2485
f 2615/3009/2477 2630/3031/2492 2631/3016/2493
f 2609/3012/2471 2608/3010/2470 2623/3015/2485
f 2617/3013/2479 2616/3011/2478 2631/3016/2493
f 2610/3014/2472 2609/3012/2471 2624/3017/2486
f 2618/2998/2480 2617/3013/2479 2632/3018/2494
f 2610/3014/2472 2625/3019/2487 2626/3021/2488
f 2618/2998/2480 2633/3020/2495 2634/3022/2496
f 2612/3001/2474 2611/3000/2473 2626/3021/2488
f 2612/3001/2474 2627/3023/2489 2628/3027/2490
f 2605/3003/2467 2620/3025/2482 2621/3028/2483
f 2614/3007/2476 2613/3005/2475 2628/3027/2490
f 2606/3006/2468 2621/3028/2483 2622/3030/2484
f 2614/3007/2476 2629/3029/2491 2630/3031/2492
f 2627/3023/2489 2626/3021/2488 2641/3032/2503
f 2627/3023/2489 2642/3033/2504 2643/3038/2505
f 2621/3028/2483 2620/3025/2482 2635/3035/2497
f 2629/3029/2491 2628/3027/2490 2643/3038/2505
f 2621/3028/2483 2636/3039/2498 2637/3041/2499
f 2629/3029/2491 2644/3040/2506 2645/3042/2507
f 2622/3030/2484 2637/3041/2499 2638/3043/2500
f 2630/3031/2492 2645/3042/2507 2646/3044/2508
f 2624/3017/2486 2623/3015/2485 2638/3043/2500
f 2632/3018/2494 2631/3016/2493 2646/3044/2508
f 2625/3019/2487 2624/3017/2486 2639/3045/2501
f 2633/3020/2495 2632/3018/2494 2647/3046/2509
f 2625/3019/2487 2640/3047/2502 2641/3032/2503
f 2633/3020/2495 2648/3048/2510 2649/3037/2511
f 2645/3042/2507 2660/3065/2522 2661/3049/2523
f 2639/3045/2501 2638/3043/2500 2653/3050/2515
f 2647/3046/2509 2646/3044/2508 2661/3049/2523
f 2640/3047/2502 2639/3045/2501 2654/3051/2516
f 2647/3046/2509 2662/3052/2524 2663/3054/2525
f 2640/3047/2502 2655/3053/2517 2656/3055/2518
f 2648/3048/2510 2663/3054/2525 2664/3056/2526
f 2642/3033/2504 2641/3032/2503 2656/3055/2518
f 2642/3033/2504 2657/3057/2519 2658/3061/2520
f 2635/3035/2497 2650/3059/2512 2651/3062/2513
f 2644/3040/2506 2643/3038/2505 2658/3061/2520
f 2636/3039/2498 2651/3062/2513 2652/3064/2514
f 2644/3040/2506 2659/3063/2521 2660/3065/2522
f 2637/3041/2499 2652/3064/2514 2653/3050/2515
f 2657/3072/2519 2672/3097/2534 2673/3073/2535
f 2650/3066/2512 2665/3068/2527 2666/3075/2528
f 2659/3077/2521 2658/3074/2520 2673/3073/2535
f 2651/3076/2513 2666/3075/2528 2667/3079/2529
f 2659/3077/2521 2674/3078/2536 2675/3081/2537
f 2652/3080/2514 2667/3079/2529 2668/3083/2530
f 2660/3082/2522 2675/3081/2537 2676/3085/2538
f 2654/3087/2516 2653/3084/2515 2668/3083/2530
f 2662/3089/2524 2661/3086/2523 2676/3085/2538
f 2655/3091/2517 2654/3087/2516 2669/3088/2531
f 2662/3089/2524 2677/3090/2539 2678/3093/2540
f 2655/3091/2517 2670/3092/2532 2671/3095/2533
f 2663/3094/2525 2678/3093/2540 2679/3071/2541
f 2657/3072/2519 2656/3096/2518 2671/3095/2533
f 2669/3088/2531 2668/3083/2530 2683/3098/2545
f 2677/3090/2539 2676/3085/2538 2691/3100/2553
f 2670/3092/2532 2669/3088/2531 2684/3099/2546
f 2677/3090/2539 2692/3101/2554 2693/3103/2555
f 2670/3092/2532 2685/3102/2547 2686/3104/2548
f 2678/3093/2540 2693/3103/2555 2694/3105/2556
f 2672/3097/2534 2671/3095/2533 2686/3104/2548
f 2672/3097/2534 2687/3106/2549 2688/3110/2550
f 2665/3068/2527 2680/3108/2542 2681/3111/2543
f 2674/3078/2536 2673/3073/2535 2688/3110/2550
f 2666/3075/2528 2681/3111/2543 2682/3113/2544
f 2674/3078/2536 2689/3112/2551 2690/3114/2552
f 2667/3079/2529 2682/3113/2544 2683/3098/2545
f 2675/3081/2537 2690/3114/2552 2691/3100/2553
f 2687/3106/2549 2702/3129/2564 2703/3115/2565
f 2681/3111/2543 2680/3108/2542 2695/3116/2557
f 2689/3112/2551 2688/3110/2550 2703/3115/2565
f 2681/3111/2543 2696/3117/2558 2697/3119/2559
f 2689/3112/2551 2704/3118/2566 2705/3120/2567
f 2682/3113/2544 2697/3119/2559 2698/3121/2560
f 2690/3114/2552 2705/3120/2567 2706/3122/2568
f 2684/3099/2546 2683/3098/2545 2698/3121/2560
f 2692/3101/2554 2691/3100/2553 2706/3122/2568
f 2685/3102/2547 2684/3099/2546 2699/3123/2561
f 2693/3103/2555 2692/3101/2554 2707/3124/2569
f 2685/3102/2547 2700/3125/2562 2701/3127/2563
f 2693/3103/2555 2708/3126/2570 2709/3128/2571
f 2687/3106/2549 2686/3104/2548 2701/3127/2563
f 2707/3124/2569 2706/3122/2568 2721/3132/2583
f 2700/3125/2562 2699/3123/2561 2714/3134/2576
f 2708/3126/2570 2707/3124/2569 2722/3133/2584
f 2700/3125/2562 2715/3135/2577 2716/3137/2578
f 2708/3126/2570 2723/3136/2585 2724/3138/2586
f 2702/3129/2564 2701/3127/2563 2716/3137/2578
f 2702/3129/2564 2717/3139/2579 2718/3143/2580
f 2695/3116/2557 2710/3141/2572 2711/3144/2573
f 2704/3118/2566 2703/3115/2565 2718/3143/2580
f 2696/3117/2558 2711/3144/2573 2712/3146/2574
f 2704/3118/2566 2719/3145/2581 2720/3147/2582
f 2697/3119/2559 2712/3146/2574 2713/3148/2575
f 2705/3120/2567 2720/3147/2582 2721/3132/2583
f 2699/3123/2561 2698/3121/2560 2713/3148/2575
f 2719/3145/2581 2718/3143/2580 2733/3149/2595
f 2711/3144/2573 2726/3165/2588 2727/3151/2589
f 2719/3145/2581 2734/3150/2596 2735/3152/2597
f 2712/3146/2574 2727/3151/2589 2728/3153/2590
f 2720/3147/2582 2735/3152/2597 2736/3154/2598
f 2714/3134/2576 2713/3148/2575 2728/3153/2590
f 2722/3133/2584 2721/3132/2583 2736/3154/2598
f 2715/3135/2577 2714/3134/2576 2729/3155/2591
f 2722/3133/2584 2737/3156/2599 2738/3158/2600
f 2715/3135/2577 2730/3157/2592 2731/3159/2593
f 2723/3136/2585 2738/3158/2600 2739/3160/2601
f 2717/3139/2579 2716/3137/2578 2731/3159/2593
f 2717/3139/2579 2732/3161/2594 2733/3149/2595
f 2710/3141/2572 2725/3163/2587 2726/3165/2588
f 2737/3156/2599 2752/3181/2614 2753/3166/2615
f 2730/3157/2592 2745/3182/2607 2746/3167/2608
f 2738/3158/2600 2753/3166/2615 2754/3168/2616
f 2732/3161/2594 2731/3159/2593 2746/3167/2608
f 2732/3161/2594 2747/3169/2609 2748/3173/2610
f 2726/3165/2588 2725/3163/2587 2740/3171/2602
f 2734/3150/2596 2733/3149/2595 2748/3173/2610
f 2726/3165/2588 2741/3174/2603 2742/3176/2604
f 2734/3150/2596 2749/3175/2611 2750/3177/2612
f 2727/3151/2589 2742/3176/2604 2743/3178/2605
f 2735/3152/2597 2750/3177/2612 2751/3179/2613
f 2729/3155/2591 2728/3153/2590 2743/3178/2605
f 2737/3156/2599 2736/3154/2598 2751/3179/2613
f 2730/3157/2592 2729/3155/2591 2744/3180/2606
f 2741/3174/2603 2756/3198/2618 2757/3183/2619
f 2749/3175/2611 2764/3199/2626 2765/3184/2627
f 2742/3176/2604 2757/3183/2619 2758/3185/2620
f 2750/3177/2612 2765/3184/2627 2766/3186/2628
f 2744/3180/2606 2743/3178/2605 2758/3185/2620
f 2752/3181/2614 2751/3179/2613 2766/3186/2628
f 2745/3182/2607 2744/3180/2606 2759/3187/2621
f 2753/3166/2615 2752/3181/2614 2767/3188/2629
f 2745/3182/2607 2760/3189/2622 2761/3191/2623
f 2753/3166/2615 2768/3190/2630 2769/3192/2631
f 2747/3169/2609 2746/3167/2608 2761/3191/2623
f 2747/3169/2609 2762/3193/2624 2763/3197/2625
f 2740/3171/2602 2755/3195/2617 2756/3198/2618
f 2749/3175/2611 2748/3173/2610 2763/3197/2625
f 2761/3191/2623 2760/3189/2622 2297/2674/2159
f 2768/3190/2630 2775/2645/2637 2776/2650/2638
f 2762/3193/2624 2761/3191/2623 2773/2646/2635
f 2762/3193/2624 2298/2652/2160 2299/2657/2161
f 2756/3198/2618 2755/3195/2617 2295/2653/2157
f 2763/3197/2625 2299/2657/2161 2300/2661/2162
f 2757/3183/2619 2756/3198/2618 2770/2659/2632
f 2764/3199/2626 2300/2661/2162 2301/2666/2163
f 2758/3185/2620 2757/3183/2619 2296/2663/2158
f 2765/3184/2627 2301/2666/2163 2774/2669/2636
f 2759/3187/2621 2758/3185/2620 2771/2668/2633
f 2766/3186/2628 2774/2669/2636 2302/2643/2164
f 2760/3189/2622 2759/3187/2621 2772/2671/2634
f 2767/3188/2629 2302/2643/2164 2775/2645/2637
o Icosphere
v 0.000000 0.500000 3.860000
v -0.115777 0.584116 3.948445
v 0.044222 0.636104 3.948445
v 0.143108 0.500000 3.948446
v 0.044222 0.363896 3.948445
v -0.115777 0.415884 3.948445
v -0.044222 0.636104 4.091555
v 0.115777 0.584116 4.091555
v 0.115777 0.415884 4.091555
v -0.044222 0.363896 4.091555
v -0.143108 0.500000 4.091555
v 0.000000 0.500000 4.180000
v 0.037251 0.614650 3.914797
v 0.025993 0.579999 3.883895
v 0.012417 0.538216 3.865128
v -0.032509 0.523619 3.865128
v -0.068052 0.549442 3.883895
v -0.097527 0.570857 3.914797
v -0.085111 0.609074 3.939632
v -0.042059 0.629442 3.935882
v 0.004742 0.638269 3.939632
v -0.130037 0.452762 3.939632
v -0.136104 0.500000 3.935882
v -0.130037 0.547238 3.939632
v -0.032509 0.476381 3.865128
v -0.068052 0.450558 3.883895
v -0.097527 0.429143 3.914797
v 0.120551 0.500000 3.914798
v 0.084117 0.500000 3.883896
v 0.040184 0.500000 3.865128
v 0.077435 0.614650 3.939632
v 0.110110 0.580000 3.935882
v 0.132968 0.538217 3.939632
v 0.037251 0.385350 3.914797
v 0.025993 0.420001 3.883895
v 0.012417 0.461784 3.865128
v 0.132968 0.461783 3.939632
v 0.110110 0.420000 3.935882
v 0.077435 0.385350 3.939632
v 0.004742 0.361731 3.939632
v -0.042059 0.370558 3.935882
v -0.085111 0.390926 3.939632
v -0.153060 0.523619 4.060184
v -0.152169 0.549442 4.020000
v -0.137712 0.570857 3.979816
v -0.137712 0.429143 3.979816
v -0.152169 0.450558 4.020000
v -0.153060 0.476381 4.060184
v -0.024834 0.652868 4.060184
v 0.000000 0.660000 4.020000
v 0.024834 0.652868 3.979816
v -0.109945 0.609074 3.979816
v -0.094046 0.629443 4.020000
v -0.069761 0.638270 4.060184
v 0.137712 0.570857 4.060184
v 0.152169 0.549442 4.020000
v 0.153060 0.523619 3.979816
v 0.069761 0.638270 3.979816
v 0.094046 0.629443 4.020000
v 0.109945 0.609074 4.060184
v 0.109945 0.390926 4.060184
v 0.094046 0.370557 4.020000
v 0.069761 0.361730 3.979816
v 0.153060 0.476381 3.979816
v 0.152169 0.450558 4.020000
v 0.137712 0.429143 4.060184
v -0.069761 0.361730 4.060184
v -0.094046 0.370557 4.020000
v -0.109945 0.390926 3.979816
v 0.024834 0.347132 3.979816
v -0.000000 0.340000 4.020000
v -0.024834 0.347132 4.060184
v -0.132968 0.538217 4.100368
v -0.110110 0.580000 4.104118
v -0.077435 0.614650 4.100368
v -0.004742 0.638269 4.100368
v 0.042059 0.629442 4.104118
v 0.085111 0.609074 4.100368
v 0.130037 0.547238 4.100368
v 0.136104 0.500000 4.104118
v 0.130037 0.452762 4.100368
v 0.085111 0.390926 4.100368
v 0.042059 0.370558 4.104118
v -0.004742 0.361731 4.100368
v -0.077435 0.385350 4.100368
v -0.110110 0.420000 4.104118
v -0.132968 0.461783 4.100368
v -0.012417 0.538216 4.174872
v -0.025993 0.579999 4.156105
v -0.037251 0.614650 4.125203
v -0.120551 0.500000 4.125202
v -0.084117 0.500000 4.156104
v -0.040184 0.500000 4.174872
v 0.032509 0.523619 4.174872
v 0.068052 0.549442 4.156105
v 0.097527 0.570857 4.125203
v 0.032509 0.476381 4.174872
v 0.068052 0.450558 4.156105
v 0.097527 0.429143 4.125203
v -0.012417 0.461784 4.174872
v -0.025993 0.420001 4.156105
v -0.037251 0.385350 4.125203
v -0.057888 0.457942 4.163109
v -0.102111 0.457942 4.135777
v -0.071553 0.415883 4.135778
v 0.022112 0.431949 4.163109
v 0.008446 0.389890 4.135778
v 0.057889 0.405955 4.135778
v 0.071554 0.500000 4.163109
v 0.107331 0.474007 4.135777
v 0.107331 0.525993 4.135777
v 0.022112 0.568051 4.163109
v 0.057889 0.594045 4.135778
v 0.008446 0.610110 4.135778
v -0.057888 0.542058 4.163109
v -0.071553 0.584117 4.135778
v -0.102111 0.542058 4.135777
v -0.137889 0.431948 4.064223
v -0.129443 0.405955 4.020000
v -0.107331 0.389890 4.064224
v 0.022112 0.347831 4.064223
v 0.049443 0.347831 4.020000
v 0.071554 0.363896 4.064224
v 0.151554 0.474007 4.064223
v 0.160000 0.500000 4.020000
v 0.151554 0.525993 4.064223
v 0.071555 0.636104 4.064223
v 0.049443 0.652169 4.020000
v 0.022112 0.652169 4.064223
v -0.107331 0.610110 4.064223
v -0.129443 0.594045 4.020000
v -0.137889 0.568052 4.064223
v -0.049443 0.347831 4.020000
v -0.071554 0.363896 3.975776
v -0.022112 0.347831 3.975776
v 0.129443 0.405955 4.020000
v 0.107331 0.389889 3.975776
v 0.137889 0.431948 3.975777
v 0.129443 0.594045 4.020000
v 0.137889 0.568052 3.975777
v 0.107331 0.610111 3.975776
v -0.049443 0.652169 4.020000
v -0.022112 0.652169 3.975776
v -0.071554 0.636104 3.975776
v -0.160000 0.500000 4.020000
v -0.151554 0.525993 3.975777
v -0.151554 0.474007 3.975777
v -0.057889 0.405955 3.904222
v -0.022111 0.431949 3.876891
v -0.008446 0.389890 3.904222
v 0.071554 0.415884 3.904222
v 0.057888 0.457942 3.876891
v 0.102111 0.457942 3.904222
v 0.102111 0.542058 3.904222
v 0.057888 0.542058 3.876891
v 0.071554 0.584117 3.904222
v -0.107331 0.474007 3.904222
v -0.107331 0.525993 3.904222
v -0.071554 0.500000 3.876891
v -0.008446 0.610110 3.904222
v -0.022112 0.568051 3.876891
v -0.057889 0.594045 3.904222
vn -0.0000 -0.0000 -1.0000
vn -0.7236 0.5257 -0.4472
vn 0.2764 0.8506 -0.4472
vn 0.8944 -0.0000 -0.4472
vn 0.2764 -0.8506 -0.4472
vn -0.7236 -0.5257 -0.4472
vn -0.2764 0.8506 0.4472
vn 0.7236 0.5257 0.4472
vn 0.7236 -0.5257 0.4472
vn -0.2764 -0.8506 0.4472
vn -0.8944 -0.0000 0.4472
vn -0.0000 -0.0000 1.0000
vn 0.2308 0.7103 -0.6650
vn 0.1625 0.5000 -0.8507
vn 0.0806 0.2480 -0.9654
vn -0.2110 0.1533 -0.9654
vn -0.4253 0.3090 -0.8507
vn -0.6042 0.4390 -0.6650
vn -0.5237 0.6870 -0.5038
vn -0.2629 0.8090 -0.5257
vn 0.0198 0.8636 -0.5038
vn -0.8152 -0.2857 -0.5038
vn -0.8506 -0.0000 -0.5257
vn -0.8152 0.2857 -0.5038
vn -0.2110 -0.1533 -0.9654
vn -0.4253 -0.3090 -0.8507
vn -0.6042 -0.4390 -0.6650
vn 0.7469 -0.0000 -0.6650
vn 0.5257 -0.0000 -0.8507
vn 0.2608 -0.0000 -0.9654
vn 0.4915 0.7103 -0.5038
vn 0.6882 0.5000 -0.5257
vn 0.8274 0.2480 -0.5038
vn 0.2308 -0.7103 -0.6650
vn 0.1625 -0.5000 -0.8507
vn 0.0806 -0.2480 -0.9654
vn 0.8274 -0.2480 -0.5038
vn 0.6882 -0.5000 -0.5257
vn 0.4915 -0.7103 -0.5038
vn 0.0198 -0.8636 -0.5038
vn -0.2629 -0.8090 -0.5257
vn -0.5237 -0.6870 -0.5038
vn -0.9578 0.1533 0.2431
vn -0.9511 0.3090 -0.0000
vn -0.8650 0.4390 -0.2431
vn -0.8650 -0.4390 -0.2431
vn -0.9511 -0.3090 -0.0000
vn -0.9578 -0.1533 0.2431
vn -0.1502 0.9583 0.2431
vn -0.0000 1.0000 -0.0000
vn 0.1502 0.9583 -0.2431
vn -0.6848 0.6870 -0.2431
vn -0.5878 0.8090 -0.0000
vn -0.4417 0.8636 0.2431
vn 0.8650 0.4390 0.2431
vn 0.9511 0.3090 -0.0000
vn 0.9578 0.1533 -0.2431
vn 0.4417 0.8636 -0.2431
vn 0.5878 0.8090 -0.0000
vn 0.6848 0.6870 0.2431
vn 0.6848 -0.6870 0.2431
vn 0.5878 -0.8090 -0.0000
vn 0.4417 -0.8636 -0.2431
vn 0.9578 -0.1533 -0.2431
vn 0.9511 -0.3090 -0.0000
vn 0.8650 -0.4390 0.2431
vn -0.4417 -0.8636 0.2431
vn -0.5878 -0.8090 -0.0000
vn -0.6848 -0.6870 -0.2431
vn 0.1502 -0.9583 -0.2431
vn -0.0000 -1.0000 -0.0000
vn -0.1502 -0.9583 0.2431
vn -0.8274 0.2480 0.5038
vn -0.6882 0.5000 0.5257
vn -0.4915 0.7103 0.5038
vn -0.0198 0.8636 0.5038
vn 0.2629 0.8090 0.5257
vn 0.5237 0.6870 0.5038
vn 0.8152 0.2857 0.5038
vn 0.8506 -0.0000 0.5257
vn 0.8152 -0.2857 0.5038
vn 0.5237 -0.6870 0.5038
vn 0.2629 -0.8090 0.5257
vn -0.0198 -0.8636 0.5038
vn -0.4915 -0.7103 0.5038
vn -0.6882 -0.5000 0.5257
vn -0.8274 -0.2480 0.5038
vn -0.0806 0.2480 0.9654
vn -0.1625 0.5000 0.8507
vn -0.2308 0.7103 0.6650
vn -0.7469 -0.0000 0.6650
vn -0.5257 -0.0000 0.8507
vn -0.2608 -0.0000 0.9654
vn 0.2110 0.1533 0.9654
vn 0.4253 0.3090 0.8507
vn 0.6042 0.4390 0.6650
vn 0.2110 -0.1533 0.9654
vn 0.4253 -0.3090 0.8507
vn 0.6042 -0.4390 0.6650
vn -0.0806 -0.2480 0.9654
vn -0.1625 -0.5000 0.8507
vn -0.2308 -0.7103 0.6650
vn -0.3682 -0.2675 0.8904
vn -0.6317 -0.2675 0.7275
vn -0.4496 -0.5182 0.7276
vn 0.1406 -0.4329 0.8904
vn 0.0592 -0.6835 0.7276
vn 0.3539 -0.5878 0.7276
vn 0.4551 -0.0000 0.8904
vn 0.6683 -0.1549 0.7275
vn 0.6683 0.1549 0.7275
vn 0.1406 0.4329 0.8904
vn 0.3539 0.5878 0.7276
vn 0.0592 0.6835 0.7276
vn -0.3682 0.2675 0.8904
vn -0.4496 0.5182 0.7276
vn -0.6317 0.2675 0.7275
vn -0.8593 -0.4329 0.2724
vn -0.8090 -0.5878 0.0089
vn -0.6772 -0.6835 0.2724
vn 0.1461 -0.9510 0.2724
vn 0.3090 -0.9510 0.0089
vn 0.4408 -0.8553 0.2724
vn 0.9496 -0.1549 0.2724
vn 1.0000 -0.0000 0.0089
vn 0.9496 0.1549 0.2724
vn 0.4408 0.8553 0.2724
vn 0.3090 0.9510 0.0089
vn 0.1461 0.9510 0.2724
vn -0.6772 0.6835 0.2724
vn -0.8090 0.5878 0.0089
vn -0.8593 0.4329 0.2724
vn -0.3090 -0.9510 -0.0089
vn -0.4408 -0.8553 -0.2724
vn -0.1461 -0.9510 -0.2724
vn 0.8090 -0.5878 -0.0089
vn 0.6772 -0.6835 -0.2724
vn 0.8593 -0.4329 -0.2724
vn 0.8090 0.5878 -0.0089
vn 0.8593 0.4329 -0.2724
vn 0.6772 0.6835 -0.2724
vn -0.3090 0.9510 -0.0089
vn -0.1461 0.9510 -0.2724
vn -0.4408 0.8553 -0.2724
vn -1.0000 -0.0000 -0.0089
vn -0.9496 0.1549 -0.2724
vn -0.9496 -0.1549 -0.2724
vn -0.3539 -0.5878 -0.7276
vn -0.1406 -0.4329 -0.8904
vn -0.0592 -0.6835 -0.7276
vn 0.4496 -0.5182 -0.7276
vn 0.3682 -0.2675 -0.8904
vn 0.6317 -0.2675 -0.7275
vn 0.6317 0.2675 -0.7275
vn 0.3682 0.2675 -0.8904
vn 0.4496 0.5182 -0.7275
vn -0.6683 -0.1549 -0.7275
vn -0.6683 0.1549 -0.7275
vn -0.4551 -0.0000 -0.8904
vn -0.0592 0.6835 -0.7276
vn -0.1406 0.4329 -0.8904
vn -0.3539 0.5878 -0.7276
vt 0.181819 0.000000
vt 0.204546 0.039365
vt 0.159092 0.039365
vt 0.272728 0.157461
vt 0.295455 0.118096
vt 0.318182 0.157461
vt 0.909091 0.000000
vt 0.931818 0.039365
vt 0.886364 0.039365
vt 0.727273 0.000000
vt 0.750000 0.039365
vt 0.704546 0.039365
vt 0.545455 0.000000
vt 0.568182 0.039365
vt 0.522728 0.039365
vt 0.295455 0.196826
vt 0.090910 0.157461
vt 0.136364 0.157461
vt 0.113637 0.196826
vt 0.818182 0.157461
vt 0.863636 0.157461
vt 0.840909 0.196826
vt 0.636364 0.157461
vt 0.681818 0.157461
vt 0.659091 0.196826
vt 0.454546 0.157461
vt 0.500000 0.157461
vt 0.477273 0.196826
vt 0.250001 0.196826
vt 0.068182 0.196826
vt 0.795455 0.196826
vt 0.613637 0.196826
vt 0.431819 0.196826
vt 0.181819 0.314921
vt 0.227273 0.314921
vt 0.204546 0.354286
vt 0.000000 0.314921
vt 0.045455 0.314921
vt 0.022727 0.354286
vt 0.727273 0.314921
vt 0.772727 0.314921
vt 0.750000 0.354286
vt 0.545455 0.314921
vt 0.590909 0.314921
vt 0.568182 0.354286
vt 0.363637 0.314921
vt 0.409091 0.314921
vt 0.386364 0.354286
vt 0.431819 0.433017
vt 0.477273 0.433017
vt 0.454546 0.472382
vt 0.409091 0.393651
vt 0.454546 0.393651
vt 0.431819 0.354286
vt 0.500000 0.393651
vt 0.477273 0.354286
vt 0.522728 0.354286
vt 0.454546 0.314921
vt 0.500000 0.314921
vt 0.613637 0.433017
vt 0.659091 0.433017
vt 0.636364 0.472382
vt 0.590909 0.393651
vt 0.636364 0.393651
vt 0.613637 0.354286
vt 0.681818 0.393651
vt 0.659091 0.354286
vt 0.704546 0.354286
vt 0.636364 0.314921
vt 0.681818 0.314921
vt 0.795455 0.433017
vt 0.840909 0.433017
vt 0.818182 0.472382
vt 0.772727 0.393651
vt 0.818182 0.393651
vt 0.795455 0.354286
vt 0.863636 0.393651
vt 0.840909 0.354286
vt 0.886364 0.354286
vt 0.818182 0.314921
vt 0.863636 0.314921
vt 0.909091 0.314921
vt 0.068182 0.433017
vt 0.113637 0.433017
vt 0.090910 0.472382
vt 0.045455 0.393651
vt 0.090910 0.393651
vt 0.068182 0.354286
vt 0.136365 0.393651
vt 0.113637 0.354286
vt 0.159092 0.354286
vt 0.090909 0.314921
vt 0.136364 0.314921
vt 0.250001 0.433017
vt 0.295455 0.433017
vt 0.272728 0.472382
vt 0.227273 0.393651
vt 0.272728 0.393651
vt 0.250001 0.354286
vt 0.318182 0.393651
vt 0.295455 0.354286
vt 0.340910 0.354286
vt 0.272728 0.314921
vt 0.318182 0.314921
vt 0.386364 0.275556
vt 0.409091 0.236191
vt 0.431819 0.275556
vt 0.454546 0.236191
vt 0.477273 0.275556
vt 0.500000 0.236191
vt 0.522728 0.275556
vt 0.568182 0.275556
vt 0.590909 0.236191
vt 0.613637 0.275556
vt 0.636364 0.236191
vt 0.659091 0.275556
vt 0.681818 0.236191
vt 0.704546 0.275556
vt 0.750000 0.275556
vt 0.772727 0.236191
vt 0.795455 0.275556
vt 0.818182 0.236191
vt 0.840909 0.275556
vt 0.863636 0.236191
vt 0.886364 0.275556
vt 0.022727 0.275556
vt 0.045455 0.236191
vt 0.068182 0.275556
vt 0.090910 0.236191
vt 0.113637 0.275556
vt 0.136364 0.236191
vt 0.159092 0.275556
vt 0.204546 0.275556
vt 0.227273 0.236191
vt 0.250001 0.275556
vt 0.272728 0.236191
vt 0.295455 0.275556
vt 0.318182 0.236191
vt 0.340910 0.275556
vt 0.545455 0.236191
vt 0.522728 0.196826
vt 0.568182 0.196826
vt 0.545455 0.157461
vt 0.590909 0.157461
vt 0.727273 0.236191
vt 0.704546 0.196826
vt 0.750000 0.196826
vt 0.727273 0.157461
vt 0.772727 0.157461
vt 0.931818 0.275556
vt 0.909091 0.236191
vt 0.886364 0.196826
vt 0.954545 0.236191
vt 0.931818 0.196826
vt 0.977273 0.196826
vt 0.909091 0.157461
vt 0.954545 0.157461
vt 1.000000 0.157461
vt 0.181819 0.236191
vt 0.159092 0.196826
vt 0.204546 0.196826
vt 0.181819 0.157461
vt 0.227274 0.157461
vt 0.363637 0.236191
vt 0.340910 0.196826
vt 0.386364 0.196826
vt 0.363637 0.157461
vt 0.409092 0.157461
vt 0.477273 0.118096
vt 0.500000 0.078731
vt 0.522728 0.118096
vt 0.545455 0.078731
vt 0.568182 0.118096
vt 0.590909 0.078731
vt 0.613637 0.118096
vt 0.659091 0.118096
vt 0.681818 0.078731
vt 0.704546 0.118096
vt 0.727273 0.078731
vt 0.750000 0.118096
vt 0.772727 0.078731
vt 0.795455 0.118096
vt 0.840909 0.118096
vt 0.863636 0.078731
vt 0.886364 0.118096
vt 0.909091 0.078731
vt 0.931818 0.118096
vt 0.954545 0.078731
vt 0.977273 0.118096
vt 0.431819 0.118096
vt 0.386364 0.118096
vt 0.340910 0.118096
vt 0.409091 0.078731
vt 0.363637 0.078730
vt 0.386364 0.039365
vt 0.318182 0.078731
vt 0.340910 0.039365
vt 0.363637 0.000000
vt 0.113637 0.118096
vt 0.136365 0.078731
vt 0.159092 0.118096
vt 0.181819 0.078731
vt 0.204546 0.118096
vt 0.227273 0.078731
vt 0.250001 0.118096
s 1
g Icosphere_M_OracMagma.003
usemtl M_OracMagma.003
f 2777/3202/2639 2792/3203/2654 2791/3204/2653
f 2778/3205/2640 2794/3206/2656 2800/3207/2662
f 2777/3208/2639 2791/3209/2653 2806/3210/2668
f 2777/3211/2639 2806/3212/2668 2812/3213/2674
f 2777/3214/2639 2812/3215/2674 2801/3216/2663
f 2778/3205/2640 2800/3207/2662 2821/3217/2683
f 2779/3218/2641 2797/3219/2659 2827/3220/2689
f 2780/3221/2642 2809/3222/2671 2833/3223/2695
f 2781/3224/2643 2815/3225/2677 2839/3226/2701
f 2782/3227/2644 2818/3228/2680 2845/3229/2707
f 2778/3205/2640 2821/3217/2683 2828/3230/2690
f 2779/3218/2641 2827/3220/2689 2834/3231/2696
f 2780/3221/2642 2833/3223/2695 2840/3232/2702
f 2781/3224/2643 2839/3226/2701 2846/3233/2708
f 2782/3227/2644 2845/3229/2707 2822/3234/2684
f 2783/3235/2645 2851/3236/2713 2866/3237/2728
f 2784/3238/2646 2854/3239/2716 2872/3240/2734
f 2785/3241/2647 2857/3242/2719 2875/3243/2737
f 2786/3244/2648 2860/3245/2722 2878/3246/2740
f 2787/3247/2649 2863/3248/2725 2867/3249/2729
f 2869/3250/2731 2876/3251/2738 2788/3252/2650
f 2868/3253/2730 2879/3254/2741 2869/3250/2731
f 2867/3249/2729 2880/3255/2742 2868/3253/2730
f 2869/3250/2731 2879/3254/2741 2876/3251/2738
f 2879/3254/2741 2877/3256/2739 2876/3251/2738
f 2868/3253/2730 2880/3255/2742 2879/3254/2741
f 2880/3255/2742 2881/3257/2743 2879/3254/2741
f 2879/3254/2741 2881/3257/2743 2877/3256/2739
f 2881/3257/2743 2878/3258/2740 2877/3256/2739
f 2867/3249/2729 2863/3248/2725 2880/3255/2742
f 2863/3248/2725 2862/3259/2724 2880/3255/2742
f 2880/3255/2742 2862/3259/2724 2881/3257/2743
f 2862/3259/2724 2861/3260/2723 2881/3257/2743
f 2881/3257/2743 2861/3260/2723 2878/3258/2740
f 2861/3260/2723 2786/3244/2648 2878/3258/2740
f 2876/3261/2738 2873/3262/2735 2788/3263/2650
f 2877/3264/2739 2882/3265/2744 2876/3261/2738
f 2878/3246/2740 2883/3266/2745 2877/3264/2739
f 2876/3261/2738 2882/3265/2744 2873/3262/2735
f 2882/3265/2744 2874/3267/2736 2873/3262/2735
f 2877/3264/2739 2883/3266/2745 2882/3265/2744
f 2883/3266/2745 2884/3268/2746 2882/3265/2744
f 2882/3265/2744 2884/3268/2746 2874/3267/2736
f 2884/3268/2746 2875/3269/2737 2874/3267/2736
f 2878/3246/2740 2860/3245/2722 2883/3266/2745
f 2860/3245/2722 2859/3270/2721 2883/3266/2745
f 2883/3266/2745 2859/3270/2721 2884/3268/2746
f 2859/3270/2721 2858/3271/2720 2884/3268/2746
f 2884/3268/2746 2858/3271/2720 2875/3269/2737
f 2858/3271/2720 2785/3241/2647 2875/3269/2737
f 2873/3272/2735 2870/3273/2732 2788/3274/2650
f 2874/3275/2736 2885/3276/2747 2873/3272/2735
f 2875/3243/2737 2886/3277/2748 2874/3275/2736
f 2873/3272/2735 2885/3276/2747 2870/3273/2732
f 2885/3276/2747 2871/3278/2733 2870/3273/2732
f 2874/3275/2736 2886/3277/2748 2885/3276/2747
f 2886/3277/2748 2887/3279/2749 2885/3276/2747
f 2885/3276/2747 2887/3279/2749 2871/3278/2733
f 2887/3279/2749 2872/3280/2734 2871/3278/2733
f 2875/3243/2737 2857/3242/2719 2886/3277/2748
f 2857/3242/2719 2856/3281/2718 2886/3277/2748
f 2886/3277/2748 2856/3281/2718 2887/3279/2749
f 2856/3281/2718 2855/3282/2717 2887/3279/2749
f 2887/3279/2749 2855/3282/2717 2872/3280/2734
f 2855/3282/2717 2784/3283/2646 2872/3280/2734
f 2870/3284/2732 2864/3285/2726 2788/3286/2650
f 2871/3287/2733 2888/3288/2750 2870/3284/2732
f 2872/3240/2734 2889/3289/2751 2871/3287/2733
f 2870/3284/2732 2888/3288/2750 2864/3285/2726
f 2888/3288/2750 2865/3290/2727 2864/3285/2726
f 2871/3287/2733 2889/3289/2751 2888/3288/2750
f 2889/3289/2751 2890/3291/2752 2888/3288/2750
f 2888/3288/2750 2890/3291/2752 2865/3290/2727
f 2890/3291/2752 2866/3292/2728 2865/3290/2727
f 2872/3240/2734 2854/3239/2716 2889/3289/2751
f 2854/3239/2716 2853/3293/2715 2889/3289/2751
f 2889/3289/2751 2853/3293/2715 2890/3291/2752
f 2853/3293/2715 2852/3294/2714 2890/3291/2752
f 2890/3291/2752 2852/3294/2714 2866/3292/2728
f 2852/3294/2714 2783/3235/2645 2866/3292/2728
f 2864/3295/2726 2869/3296/2731 2788/3297/2650
f 2865/3298/2727 2891/3299/2753 2864/3295/2726
f 2866/3237/2728 2892/3300/2754 2865/3298/2727
f 2864/3295/2726 2891/3299/2753 2869/3296/2731
f 2891/3299/2753 2868/3301/2730 2869/3296/2731
f 2865/3298/2727 2892/3300/2754 2891/3299/2753
f 2892/3300/2754 2893/3302/2755 2891/3299/2753
f 2891/3299/2753 2893/3302/2755 2868/3301/2730
f 2893/3302/2755 2867/3303/2729 2868/3301/2730
f 2866/3237/2728 2851/3236/2713 2892/3300/2754
f 2851/3236/2713 2850/3304/2712 2892/3300/2754
f 2892/3300/2754 2850/3304/2712 2893/3302/2755
f 2850/3304/2712 2849/3305/2711 2893/3302/2755
f 2893/3302/2755 2849/3305/2711 2867/3303/2729
f 2849/3305/2711 2787/3247/2649 2867/3303/2729
f 2824/3306/2686 2863/3248/2725 2787/3247/2649
f 2823/3307/2685 2894/3308/2756 2824/3306/2686
f 2822/3234/2684 2895/3309/2757 2823/3307/2685
f 2824/3306/2686 2894/3308/2756 2863/3248/2725
f 2894/3308/2756 2862/3259/2724 2863/3248/2725
f 2823/3307/2685 2895/3309/2757 2894/3308/2756
f 2895/3309/2757 2896/3310/2758 2894/3308/2756
f 2894/3308/2756 2896/3310/2758 2862/3259/2724
f 2896/3310/2758 2861/3260/2723 2862/3259/2724
f 2822/3234/2684 2845/3229/2707 2895/3309/2757
f 2845/3229/2707 2844/3311/2706 2895/3309/2757
f 2895/3309/2757 2844/3311/2706 2896/3310/2758
f 2844/3311/2706 2843/3312/2705 2896/3310/2758
f 2896/3310/2758 2843/3312/2705 2861/3260/2723
f 2843/3312/2705 2786/3244/2648 2861/3260/2723
f 2848/3313/2710 2860/3245/2722 2786/3244/2648
f 2847/3314/2709 2897/3315/2759 2848/3313/2710
f 2846/3233/2708 2898/3316/2760 2847/3314/2709
f 2848/3313/2710 2897/3315/2759 2860/3245/2722
f 2897/3315/2759 2859/3270/2721 2860/3245/2722
f 2847/3314/2709 2898/3316/2760 2897/3315/2759
f 2898/3316/2760 2899/3317/2761 2897/3315/2759
f 2897/3315/2759 2899/3317/2761 2859/3270/2721
f 2899/3317/2761 2858/3271/2720 2859/3270/2721
f 2846/3233/2708 2839/3226/2701 2898/3316/2760
f 2839/3226/2701 2838/3318/2700 2898/3316/2760
f 2898/3316/2760 2838/3318/2700 2899/3317/2761
f 2838/3318/2700 2837/3319/2699 2899/3317/2761
f 2899/3317/2761 2837/3319/2699 2858/3271/2720
f 2837/3319/2699 2785/3241/2647 2858/3271/2720
f 2842/3320/2704 2857/3242/2719 2785/3241/2647
f 2841/3321/2703 2900/3322/2762 2842/3320/2704
f 2840/3232/2702 2901/3323/2763 2841/3321/2703
f 2842/3320/2704 2900/3322/2762 2857/3242/2719
f 2900/3322/2762 2856/3281/2718 2857/3242/2719
f 2841/3321/2703 2901/3323/2763 2900/3322/2762
f 2901/3323/2763 2902/3324/2764 2900/3322/2762
f 2900/3322/2762 2902/3324/2764 2856/3281/2718
f 2902/3324/2764 2855/3282/2717 2856/3281/2718
f 2840/3232/2702 2833/3223/2695 2901/3323/2763
f 2833/3223/2695 2832/3325/2694 2901/3323/2763
f 2901/3323/2763 2832/3325/2694 2902/3324/2764
f 2832/3325/2694 2831/3326/2693 2902/3324/2764
f 2902/3324/2764 2831/3326/2693 2855/3282/2717
f 2831/3326/2693 2784/3283/2646 2855/3282/2717
f 2836/3327/2698 2854/3239/2716 2784/3238/2646
f 2835/3328/2697 2903/3329/2765 2836/3327/2698
f 2834/3231/2696 2904/3330/2766 2835/3328/2697
f 2836/3327/2698 2903/3329/2765 2854/3239/2716
f 2903/3329/2765 2853/3293/2715 2854/3239/2716
f 2835/3328/2697 2904/3330/2766 2903/3329/2765
f 2904/3330/2766 2905/3331/2767 2903/3329/2765
f 2903/3329/2765 2905/3331/2767 2853/3293/2715
f 2905/3331/2767 2852/3294/2714 2853/3293/2715
f 2834/3231/2696 2827/3220/2689 2904/3330/2766
f 2827/3220/2689 2826/3332/2688 2904/3330/2766
f 2904/3330/2766 2826/3332/2688 2905/3331/2767
f 2826/3332/2688 2825/3333/2687 2905/3331/2767
f 2905/3331/2767 2825/3333/2687 2852/3294/2714
f 2825/3333/2687 2783/3235/2645 2852/3294/2714
f 2830/3334/2692 2851/3236/2713 2783/3235/2645
f 2829/3335/2691 2906/3336/2768 2830/3334/2692
f 2828/3230/2690 2907/3337/2769 2829/3335/2691
f 2830/3334/2692 2906/3336/2768 2851/3236/2713
f 2906/3336/2768 2850/3304/2712 2851/3236/2713
f 2829/3335/2691 2907/3337/2769 2906/3336/2768
f 2907/3337/2769 2908/3338/2770 2906/3336/2768
f 2906/3336/2768 2908/3338/2770 2850/3304/2712
f 2908/3338/2770 2849/3305/2711 2850/3304/2712
f 2828/3230/2690 2821/3217/2683 2907/3337/2769
f 2821/3217/2683 2820/3339/2682 2907/3337/2769
f 2907/3337/2769 2820/3339/2682 2908/3338/2770
f 2820/3339/2682 2819/3340/2681 2908/3338/2770
f 2908/3338/2770 2819/3340/2681 2849/3305/2711
f 2819/3340/2681 2787/3247/2649 2849/3305/2711
f 2843/3312/2705 2848/3313/2710 2786/3244/2648
f 2844/3311/2706 2909/3341/2771 2843/3312/2705
f 2845/3229/2707 2910/3342/2772 2844/3311/2706
f 2843/3312/2705 2909/3341/2771 2848/3313/2710
f 2909/3341/2771 2847/3314/2709 2848/3313/2710
f 2844/3311/2706 2910/3342/2772 2909/3341/2771
f 2910/3342/2772 2911/3343/2773 2909/3341/2771
f 2909/3341/2771 2911/3343/2773 2847/3314/2709
f 2911/3343/2773 2846/3233/2708 2847/3314/2709
f 2845/3229/2707 2818/3228/2680 2910/3342/2772
f 2818/3228/2680 2817/3344/2679 2910/3342/2772
f 2910/3342/2772 2817/3344/2679 2911/3343/2773
f 2817/3344/2679 2816/3345/2678 2911/3343/2773
f 2911/3343/2773 2816/3345/2678 2846/3233/2708
f 2816/3345/2678 2781/3224/2643 2846/3233/2708
f 2837/3319/2699 2842/3320/2704 2785/3241/2647
f 2838/3318/2700 2912/3346/2774 2837/3319/2699
f 2839/3226/2701 2913/3347/2775 2838/3318/2700
f 2837/3319/2699 2912/3346/2774 2842/3320/2704
f 2912/3346/2774 2841/3321/2703 2842/3320/2704
f 2838/3318/2700 2913/3347/2775 2912/3346/2774
f 2913/3347/2775 2914/3348/2776 2912/3346/2774
f 2912/3346/2774 2914/3348/2776 2841/3321/2703
f 2914/3348/2776 2840/3232/2702 2841/3321/2703
f 2839/3226/2701 2815/3225/2677 2913/3347/2775
f 2815/3225/2677 2814/3349/2676 2913/3347/2775
f 2913/3347/2775 2814/3349/2676 2914/3348/2776
f 2814/3349/2676 2813/3350/2675 2914/3348/2776
f 2914/3348/2776 2813/3350/2675 2840/3232/2702
f 2813/3350/2675 2780/3221/2642 2840/3232/2702
f 2831/3326/2693 2836/3351/2698 2784/3283/2646
f 2832/3325/2694 2915/3352/2777 2831/3326/2693
f 2833/3223/2695 2916/3353/2778 2832/3325/2694
f 2831/3326/2693 2915/3352/2777 2836/3351/2698
f 2915/3352/2777 2835/3354/2697 2836/3351/2698
f 2832/3325/2694 2916/3353/2778 2915/3352/2777
f 2916/3353/2778 2917/3355/2779 2915/3352/2777
f 2915/3352/2777 2917/3355/2779 2835/3354/2697
f 2917/3355/2779 2834/3356/2696 2835/3354/2697
f 2833/3223/2695 2809/3222/2671 2916/3353/2778
f 2809/3222/2671 2808/3357/2670 2916/3353/2778
f 2916/3353/2778 2808/3357/2670 2917/3355/2779
f 2808/3357/2670 2807/3358/2669 2917/3355/2779
f 2917/3355/2779 2807/3358/2669 2834/3356/2696
f 2807/3358/2669 2779/3359/2641 2834/3356/2696
f 2825/3333/2687 2830/3334/2692 2783/3235/2645
f 2826/3332/2688 2918/3360/2780 2825/3333/2687
f 2827/3220/2689 2919/3361/2781 2826/3332/2688
f 2825/3333/2687 2918/3360/2780 2830/3334/2692
f 2918/3360/2780 2829/3335/2691 2830/3334/2692
f 2826/3332/2688 2919/3361/2781 2918/3360/2780
f 2919/3361/2781 2920/3362/2782 2918/3360/2780
f 2918/3360/2780 2920/3362/2782 2829/3335/2691
f 2920/3362/2782 2828/3230/2690 2829/3335/2691
f 2827/3220/2689 2797/3219/2659 2919/3361/2781
f 2797/3219/2659 2796/3363/2658 2919/3361/2781
f 2919/3361/2781 2796/3363/2658 2920/3362/2782
f 2796/3363/2658 2795/3364/2657 2920/3362/2782
f 2920/3362/2782 2795/3364/2657 2828/3230/2690
f 2795/3364/2657 2778/3205/2640 2828/3230/2690
f 2819/3340/2681 2824/3306/2686 2787/3247/2649
f 2820/3339/2682 2921/3365/2783 2819/3340/2681
f 2821/3217/2683 2922/3366/2784 2820/3339/2682
f 2819/3340/2681 2921/3365/2783 2824/3306/2686
f 2921/3365/2783 2823/3307/2685 2824/3306/2686
f 2820/3339/2682 2922/3366/2784 2921/3365/2783
f 2922/3366/2784 2923/3367/2785 2921/3365/2783
f 2921/3365/2783 2923/3367/2785 2823/3307/2685
f 2923/3367/2785 2822/3234/2684 2823/3307/2685
f 2821/3217/2683 2800/3207/2662 2922/3366/2784
f 2800/3207/2662 2799/3368/2661 2922/3366/2784
f 2922/3366/2784 2799/3368/2661 2923/3367/2785
f 2799/3368/2661 2798/3369/2660 2923/3367/2785
f 2923/3367/2785 2798/3369/2660 2822/3234/2684
f 2798/3369/2660 2782/3227/2644 2822/3234/2684
f 2803/3370/2665 2818/3228/2680 2782/3227/2644
f 2802/3371/2664 2924/3372/2786 2803/3370/2665
f 2801/3216/2663 2925/3373/2787 2802/3371/2664
f 2803/3370/2665 2924/3372/2786 2818/3228/2680
f 2924/3372/2786 2817/3344/2679 2818/3228/2680
f 2802/3371/2664 2925/3373/2787 2924/3372/2786
f 2925/3373/2787 2926/3374/2788 2924/3372/2786
f 2924/3372/2786 2926/3374/2788 2817/3344/2679
f 2926/3374/2788 2816/3345/2678 2817/3344/2679
f 2801/3216/2663 2812/3215/2674 2925/3373/2787
f 2812/3215/2674 2811/3375/2673 2925/3373/2787
f 2925/3373/2787 2811/3375/2673 2926/3374/2788
f 2811/3375/2673 2810/3376/2672 2926/3374/2788
f 2926/3374/2788 2810/3376/2672 2816/3345/2678
f 2810/3376/2672 2781/3224/2643 2816/3345/2678
f 2810/3377/2672 2815/3225/2677 2781/3224/2643
f 2811/3378/2673 2927/3379/2789 2810/3377/2672
f 2812/3213/2674 2928/3380/2790 2811/3378/2673
f 2810/3377/2672 2927/3379/2789 2815/3225/2677
f 2927/3379/2789 2814/3349/2676 2815/3225/2677
f 2811/3378/2673 2928/3380/2790 2927/3379/2789
f 2928/3380/2790 2929/3381/2791 2927/3379/2789
f 2927/3379/2789 2929/3381/2791 2814/3349/2676
f 2929/3381/2791 2813/3350/2675 2814/3349/2676
f 2812/3213/2674 2806/3212/2668 2928/3380/2790
f 2806/3212/2668 2805/3382/2667 2928/3380/2790
f 2928/3380/2790 2805/3382/2667 2929/3381/2791
f 2805/3382/2667 2804/3383/2666 2929/3381/2791
f 2929/3381/2791 2804/3383/2666 2813/3350/2675
f 2804/3383/2666 2780/3221/2642 2813/3350/2675
f 2804/3384/2666 2809/3222/2671 2780/3221/2642
f 2805/3385/2667 2930/3386/2792 2804/3384/2666
f 2806/3210/2668 2931/3387/2793 2805/3385/2667
f 2804/3384/2666 2930/3386/2792 2809/3222/2671
f 2930/3386/2792 2808/3357/2670 2809/3222/2671
f 2805/3385/2667 2931/3387/2793 2930/3386/2792
f 2931/3387/2793 2932/3388/2794 2930/3386/2792
f 2930/3386/2792 2932/3388/2794 2808/3357/2670
f 2932/3388/2794 2807/3358/2669 2808/3357/2670
f 2806/3210/2668 2791/3209/2653 2931/3387/2793
f 2791/3209/2653 2790/3389/2652 2931/3387/2793
f 2931/3387/2793 2790/3389/2652 2932/3388/2794
f 2790/3389/2652 2789/3390/2651 2932/3388/2794
f 2932/3388/2794 2789/3390/2651 2807/3358/2669
f 2789/3390/2651 2779/3359/2641 2807/3358/2669
f 2798/3369/2660 2803/3391/2665 2782/3227/2644
f 2799/3368/2661 2933/3392/2795 2798/3369/2660
f 2800/3207/2662 2934/3393/2796 2799/3368/2661
f 2798/3369/2660 2933/3392/2795 2803/3391/2665
f 2933/3392/2795 2802/3394/2664 2803/3391/2665
f 2799/3368/2661 2934/3393/2796 2933/3392/2795
f 2934/3393/2796 2935/3395/2797 2933/3392/2795
f 2933/3392/2795 2935/3395/2797 2802/3394/2664
f 2935/3395/2797 2801/3396/2663 2802/3394/2664
f 2800/3207/2662 2794/3206/2656 2934/3393/2796
f 2794/3206/2656 2793/3397/2655 2934/3393/2796
f 2934/3393/2796 2793/3397/2655 2935/3395/2797
f 2793/3397/2655 2792/3398/2654 2935/3395/2797
f 2935/3395/2797 2792/3398/2654 2801/3396/2663
f 2792/3398/2654 2777/3399/2639 2801/3396/2663
f 2789/3400/2651 2797/3219/2659 2779/3218/2641
f 2790/3401/2652 2936/3402/2798 2789/3400/2651
f 2791/3204/2653 2937/3403/2799 2790/3401/2652
f 2789/3400/2651 2936/3402/2798 2797/3219/2659
f 2936/3402/2798 2796/3363/2658 2797/3219/2659
f 2790/3401/2652 2937/3403/2799 2936/3402/2798
f 2937/3403/2799 2938/3404/2800 2936/3402/2798
f 2936/3402/2798 2938/3404/2800 2796/3363/2658
f 2938/3404/2800 2795/3364/2657 2796/3363/2658
f 2791/3204/2653 2792/3203/2654 2937/3403/2799
f 2792/3203/2654 2793/3405/2655 2937/3403/2799
f 2937/3403/2799 2793/3405/2655 2938/3404/2800
f 2793/3405/2655 2794/3406/2656 2938/3404/2800
f 2938/3404/2800 2794/3406/2656 2795/3364/2657
f 2794/3406/2656 2778/3205/2640 2795/3364/2657
o Cylinder.003
v 0.000000 -0.530000 3.960000
v 0.000000 -0.530000 4.320000
v -0.265000 -0.458993 3.960000
v -0.265000 -0.458993 4.320000
v -0.458993 -0.265000 3.960000
v -0.458993 -0.265000 4.320000
v -0.530000 0.000000 3.960000
v -0.530000 0.000000 4.320000
v -0.458993 0.265000 3.960000
v -0.458993 0.265000 4.320000
v -0.265000 0.458993 3.960000
v -0.265000 0.458993 4.320000
v 0.000000 0.530000 3.960000
v 0.000000 0.530000 4.320000
v 0.265000 0.458993 3.960000
v 0.265000 0.458993 4.320000
v 0.458993 0.265000 3.960000
v 0.458993 0.265000 4.320000
v 0.530000 0.000000 3.960000
v 0.530000 0.000000 4.320000
v 0.458993 -0.265000 3.960000
v 0.458993 -0.265000 4.320000
v 0.265000 -0.458993 3.960000
v 0.265000 -0.458993 4.320000
vn -0.0000 -0.7572 -0.6532
vn -0.0000 -0.7572 0.6532
vn -0.3786 -0.6557 -0.6532
vn -0.3786 -0.6557 0.6532
vn -0.6557 -0.3786 -0.6532
vn -0.6557 -0.3786 0.6532
vn -0.7572 -0.0000 -0.6532
vn -0.7572 -0.0000 0.6532
vn -0.6557 0.3786 -0.6532
vn -0.6557 0.3786 0.6532
vn -0.3786 0.6557 -0.6532
vn -0.3786 0.6557 0.6532
vn -0.0000 0.7572 -0.6532
vn -0.0000 0.7572 0.6532
vn 0.3786 0.6557 -0.6532
vn 0.3786 0.6557 0.6532
vn 0.6557 0.3786 -0.6532
vn 0.6557 0.3786 0.6532
vn 0.7572 -0.0000 -0.6532
vn 0.7572 -0.0000 0.6532
vn 0.6557 -0.3786 -0.6532
vn 0.6557 -0.3786 0.6532
vn 0.3786 -0.6557 -0.6532
vn 0.3786 -0.6557 0.6532
vt 1.000000 1.000000
vt 0.916667 0.500000
vt 1.000000 0.500000
vt 0.916667 1.000000
vt 0.833333 0.500000
vt 0.833333 1.000000
vt 0.750000 0.500000
vt 0.750000 1.000000
vt 0.666667 0.500000
vt 0.666667 1.000000
vt 0.583333 0.500000
vt 0.583333 1.000000
vt 0.500000 0.500000
vt 0.500000 1.000000
vt 0.416667 0.500000
vt 0.416667 1.000000
vt 0.333333 0.500000
vt 0.333333 1.000000
vt 0.250000 0.500000
vt 0.250000 1.000000
vt 0.166667 0.500000
vt 0.042154 0.370000
vt 0.250000 0.010000
vt 0.457846 0.370000
vt 0.166667 1.000000
vt 0.083333 0.500000
vt 0.083333 1.000000
vt 0.000000 0.500000
vt 0.990000 0.250000
vt 0.630000 0.042154
vt 0.630000 0.457846
vt 0.370000 0.457846
vt 0.250000 0.490000
vt 0.130000 0.457846
vt 0.010000 0.250000
vt 0.042154 0.130000
vt 0.130000 0.042154
vt 0.370000 0.042154
vt 0.457846 0.130000
vt 0.490000 0.250000
vt 0.000000 1.000000
vt 0.750000 0.490000
vt 0.870000 0.457846
vt 0.957846 0.370000
vt 0.957846 0.130000
vt 0.870000 0.042154
vt 0.750000 0.010000
vt 0.542154 0.130000
vt 0.510000 0.250000
vt 0.542154 0.370000
s 1
g Cylinder.003_M_OracBronze.004
usemtl M_OracBronze.004
f 2940/3407/2802 2941/3408/2803 2939/3409/2801
f 2942/3410/2804 2943/3411/2805 2941/3408/2803
f 2944/3412/2806 2945/3413/2807 2943/3411/2805
f 2946/3414/2808 2947/3415/2809 2945/3413/2807
f 2948/3416/2810 2949/3417/2811 2947/3415/2809
f 2950/3418/2812 2951/3419/2813 2949/3417/2811
f 2952/3420/2814 2953/3421/2815 2951/3419/2813
f 2954/3422/2816 2955/3423/2817 2953/3421/2815
f 2956/3424/2818 2957/3425/2819 2955/3423/2817
f 2958/3426/2820 2959/3427/2821 2957/3425/2819
f 2960/3428/2822 2952/3429/2814 2944/3430/2806
f 2960/3431/2822 2961/3432/2823 2959/3427/2821
f 2962/3433/2824 2939/3434/2801 2961/3432/2823
f 2945/3435/2807 2953/3436/2815 2961/3437/2823
f 2940/3407/2802 2942/3410/2804 2941/3408/2803
f 2942/3410/2804 2944/3412/2806 2943/3411/2805
f 2944/3412/2806 2946/3414/2808 2945/3413/2807
f 2946/3414/2808 2948/3416/2810 2947/3415/2809
f 2948/3416/2810 2950/3418/2812 2949/3417/2811
f 2950/3418/2812 2952/3420/2814 2951/3419/2813
f 2952/3420/2814 2954/3422/2816 2953/3421/2815
f 2954/3422/2816 2956/3424/2818 2955/3423/2817
f 2956/3424/2818 2958/3426/2820 2957/3425/2819
f 2958/3426/2820 2960/3431/2822 2959/3427/2821
f 2944/3430/2806 2942/3438/2804 2940/3439/2802
f 2940/3439/2802 2962/3440/2824 2960/3428/2822
f 2960/3428/2822 2958/3441/2820 2956/3442/2818
f 2956/3442/2818 2954/3443/2816 2952/3429/2814
f 2952/3429/2814 2950/3444/2812 2948/3445/2810
f 2948/3445/2810 2946/3446/2808 2944/3430/2806
f 2944/3430/2806 2940/3439/2802 2960/3428/2822
f 2960/3428/2822 2956/3442/2818 2952/3429/2814
f 2952/3429/2814 2948/3445/2810 2944/3430/2806
f 2960/3431/2822 2962/3433/2824 2961/3432/2823
f 2962/3433/2824 2940/3447/2802 2939/3434/2801
f 2961/3437/2823 2939/3448/2801 2941/3449/2803
f 2941/3449/2803 2943/3450/2805 2945/3435/2807
f 2945/3435/2807 2947/3451/2809 2949/3452/2811
f 2949/3452/2811 2951/3453/2813 2953/3436/2815
f 2953/3436/2815 2955/3454/2817 2957/3455/2819
f 2957/3455/2819 2959/3456/2821 2961/3437/2823
f 2961/3437/2823 2941/3449/2803 2945/3435/2807
f 2945/3435/2807 2949/3452/2811 2953/3436/2815
f 2953/3436/2815 2957/3455/2819 2961/3437/2823
o Icosphere.001
v -0.460000 0.150000 4.475000
v -0.514271 0.189429 4.516459
v -0.439271 0.213799 4.516459
v -0.392918 0.150000 4.516459
v -0.439271 0.086201 4.516459
v -0.514271 0.110571 4.516459
v -0.480729 0.213799 4.583542
v -0.405729 0.189429 4.583542
v -0.405729 0.110571 4.583542
v -0.480729 0.086201 4.583542
v -0.527082 0.150000 4.583541
v -0.460000 0.150000 4.625000
v -0.447816 0.187500 4.486201
v -0.491899 0.173176 4.486201
v -0.479715 0.210676 4.510570
v -0.523799 0.150000 4.510570
v -0.491899 0.126824 4.486201
v -0.420570 0.150000 4.486201
v -0.408386 0.187500 4.510570
v -0.447816 0.112500 4.486201
v -0.408386 0.112500 4.510570
v -0.479715 0.089324 4.510570
v -0.531329 0.173176 4.550000
v -0.531329 0.126824 4.550000
v -0.460000 0.225000 4.550000
v -0.504084 0.210676 4.550000
v -0.388671 0.173176 4.550000
v -0.415916 0.210676 4.550000
v -0.415916 0.089324 4.550000
v -0.388671 0.126824 4.550000
v -0.504084 0.089324 4.550000
v -0.460000 0.075000 4.550000
v -0.511614 0.187500 4.589430
v -0.440285 0.210676 4.589430
v -0.396201 0.150000 4.589430
v -0.440285 0.089324 4.589430
v -0.511614 0.112500 4.589430
v -0.472184 0.187500 4.613799
v -0.499430 0.150000 4.613799
v -0.428101 0.173176 4.613799
v -0.428101 0.126824 4.613799
v -0.472184 0.112500 4.613799
vn -0.0000 -0.0000 -1.0000
vn -0.7236 0.5257 -0.4472
vn 0.2764 0.8506 -0.4472
vn 0.8944 -0.0000 -0.4472
vn 0.2764 -0.8506 -0.4472
vn -0.7236 -0.5257 -0.4472
vn -0.2764 0.8506 0.4472
vn 0.7236 0.5257 0.4472
vn 0.7236 -0.5257 0.4472
vn -0.2764 -0.8506 0.4472
vn -0.8944 -0.0000 0.4472
vn -0.0000 -0.0000 1.0000
vn 0.1625 0.5000 -0.8507
vn -0.4253 0.3090 -0.8507
vn -0.2629 0.8090 -0.5257
vn -0.8506 -0.0000 -0.5257
vn -0.4253 -0.3090 -0.8507
vn 0.5257 -0.0000 -0.8507
vn 0.6882 0.5000 -0.5257
vn 0.1625 -0.5000 -0.8507
vn 0.6882 -0.5000 -0.5257
vn -0.2629 -0.8090 -0.5257
vn -0.9511 0.3090 -0.0000
vn -0.9511 -0.3090 -0.0000
vn -0.0000 1.0000 -0.0000
vn -0.5878 0.8090 -0.0000
vn 0.9511 0.3090 -0.0000
vn 0.5878 0.8090 -0.0000
vn 0.5878 -0.8090 -0.0000
vn 0.9511 -0.3090 -0.0000
vn -0.5878 -0.8090 -0.0000
vn -0.0000 -1.0000 -0.0000
vn -0.6882 0.5000 0.5257
vn 0.2629 0.8090 0.5257
vn 0.8506 -0.0000 0.5257
vn 0.2629 -0.8090 0.5257
vn -0.6882 -0.5000 0.5257
vn -0.1625 0.5000 0.8507
vn -0.5257 -0.0000 0.8507
vn 0.4253 0.3090 0.8507
vn 0.4253 -0.3090 0.8507
vn -0.1625 -0.5000 0.8507
vt 0.181819 0.000000
vt 0.227273 0.078731
vt 0.136365 0.078731
vt 0.272728 0.157461
vt 0.318182 0.078731
vt 0.363637 0.157461
vt 0.909091 0.000000
vt 0.954545 0.078731
vt 0.863636 0.078731
vt 0.727273 0.000000
vt 0.772727 0.078731
vt 0.681818 0.078731
vt 0.545455 0.000000
vt 0.590909 0.078731
vt 0.500000 0.078731
vt 0.318182 0.236191
vt 0.090910 0.157461
vt 0.181819 0.157461
vt 0.136365 0.236191
vt 0.818182 0.157461
vt 0.909091 0.157461
vt 0.863636 0.236191
vt 0.636364 0.157461
vt 0.727273 0.157461
vt 0.681818 0.236191
vt 0.454546 0.157461
vt 0.545455 0.157461
vt 0.500000 0.236191
vt 0.227273 0.236191
vt 0.045455 0.236191
vt 0.772727 0.236191
vt 0.590909 0.236191
vt 0.409092 0.236191
vt 0.181819 0.314921
vt 0.272728 0.314921
vt 0.227273 0.393651
vt 0.000000 0.314921
vt 0.090910 0.314921
vt 0.045455 0.393651
vt 0.727273 0.314921
vt 0.818182 0.314921
vt 0.772727 0.393651
vt 0.545455 0.314921
vt 0.636364 0.314921
vt 0.590909 0.393651
vt 0.363637 0.314921
vt 0.454546 0.314921
vt 0.409092 0.393651
vt 0.500000 0.393651
vt 0.454546 0.472382
vt 0.681818 0.393651
vt 0.636364 0.472382
vt 0.863636 0.393651
vt 0.818182 0.472382
vt 0.909091 0.314921
vt 0.136365 0.393651
vt 0.090910 0.472382
vt 0.318182 0.393651
vt 0.272728 0.472382
vt 0.954545 0.236191
vt 1.000000 0.157461
vt 0.409092 0.078731
vt 0.363637 0.000000
s 1
g Icosphere.001_M_OracMagma.004
usemtl M_OracMagma.004
f 2963/3457/2825 2976/3458/2838 2975/3459/2837
f 2964/3460/2826 2976/3461/2838 2978/3462/2840
f 2963/3463/2825 2975/3464/2837 2980/3465/2842
f 2963/3466/2825 2980/3467/2842 2982/3468/2844
f 2963/3469/2825 2982/3470/2844 2979/3471/2841
f 2964/3460/2826 2978/3462/2840 2985/3472/2847
f 2965/3473/2827 2977/3474/2839 2987/3475/2849
f 2966/3476/2828 2981/3477/2843 2989/3478/2851
f 2967/3479/2829 2983/3480/2845 2991/3481/2853
f 2968/3482/2830 2984/3483/2846 2993/3484/2855
f 2964/3460/2826 2985/3472/2847 2988/3485/2850
f 2965/3473/2827 2987/3475/2849 2990/3486/2852
f 2966/3476/2828 2989/3478/2851 2992/3487/2854
f 2967/3479/2829 2991/3481/2853 2994/3488/2856
f 2968/3482/2830 2993/3484/2855 2986/3489/2848
f 2969/3490/2831 2995/3491/2857 3000/3492/2862
f 2970/3493/2832 2996/3494/2858 3002/3495/2864
f 2971/3496/2833 2997/3497/2859 3003/3498/2865
f 2972/3499/2834 2998/3500/2860 3004/3501/2866
f 2973/3502/2835 2999/3503/2861 3001/3504/2863
f 3001/3504/2863 3004/3505/2866 2974/3506/2836
f 3001/3504/2863 2999/3503/2861 3004/3505/2866
f 2999/3503/2861 2972/3499/2834 3004/3505/2866
f 3004/3501/2866 3003/3507/2865 2974/3508/2836
f 3004/3501/2866 2998/3500/2860 3003/3507/2865
f 2998/3500/2860 2971/3496/2833 3003/3507/2865
f 3003/3498/2865 3002/3509/2864 2974/3510/2836
f 3003/3498/2865 2997/3497/2859 3002/3509/2864
f 2997/3497/2859 2970/3511/2832 3002/3509/2864
f 3002/3495/2864 3000/3512/2862 2974/3513/2836
f 3002/3495/2864 2996/3494/2858 3000/3512/2862
f 2996/3494/2858 2969/3490/2831 3000/3512/2862
f 3000/3492/2862 3001/3514/2863 2974/3515/2836
f 3000/3492/2862 2995/3491/2857 3001/3514/2863
f 2995/3491/2857 2973/3502/2835 3001/3514/2863
f 2986/3489/2848 2999/3503/2861 2973/3502/2835
f 2986/3489/2848 2993/3484/2855 2999/3503/2861
f 2993/3484/2855 2972/3499/2834 2999/3503/2861
f 2994/3488/2856 2998/3500/2860 2972/3499/2834
f 2994/3488/2856 2991/3481/2853 2998/3500/2860
f 2991/3481/2853 2971/3496/2833 2998/3500/2860
f 2992/3487/2854 2997/3497/2859 2971/3496/2833
f 2992/3487/2854 2989/3478/2851 2997/3497/2859
f 2989/3478/2851 2970/3511/2832 2997/3497/2859
f 2990/3486/2852 2996/3494/2858 2970/3493/2832
f 2990/3486/2852 2987/3475/2849 2996/3494/2858
f 2987/3475/2849 2969/3490/2831 2996/3494/2858
f 2988/3485/2850 2995/3491/2857 2969/3490/2831
f 2988/3485/2850 2985/3472/2847 2995/3491/2857
f 2985/3472/2847 2973/3502/2835 2995/3491/2857
f 2993/3484/2855 2994/3488/2856 2972/3499/2834
f 2993/3484/2855 2984/3483/2846 2994/3488/2856
f 2984/3483/2846 2967/3479/2829 2994/3488/2856
f 2991/3481/2853 2992/3487/2854 2971/3496/2833
f 2991/3481/2853 2983/3480/2845 2992/3487/2854
f 2983/3480/2845 2966/3476/2828 2992/3487/2854
f 2989/3478/2851 2990/3516/2852 2970/3511/2832
f 2989/3478/2851 2981/3477/2843 2990/3516/2852
f 2981/3477/2843 2965/3517/2827 2990/3516/2852
f 2987/3475/2849 2988/3485/2850 2969/3490/2831
f 2987/3475/2849 2977/3474/2839 2988/3485/2850
f 2977/3474/2839 2964/3460/2826 2988/3485/2850
f 2985/3472/2847 2986/3489/2848 2973/3502/2835
f 2985/3472/2847 2978/3462/2840 2986/3489/2848
f 2978/3462/2840 2968/3482/2830 2986/3489/2848
f 2979/3471/2841 2984/3483/2846 2968/3482/2830
f 2979/3471/2841 2982/3470/2844 2984/3483/2846
f 2982/3470/2844 2967/3479/2829 2984/3483/2846
f 2982/3468/2844 2983/3480/2845 2967/3479/2829
f 2982/3468/2844 2980/3467/2842 2983/3480/2845
f 2980/3467/2842 2966/3476/2828 2983/3480/2845
f 2980/3465/2842 2981/3477/2843 2966/3476/2828
f 2980/3465/2842 2975/3464/2837 2981/3477/2843
f 2975/3464/2837 2965/3517/2827 2981/3477/2843
f 2978/3462/2840 2979/3518/2841 2968/3482/2830
f 2978/3462/2840 2976/3461/2838 2979/3518/2841
f 2976/3461/2838 2963/3519/2825 2979/3518/2841
f 2975/3459/2837 2977/3474/2839 2965/3473/2827
f 2975/3459/2837 2976/3458/2838 2977/3474/2839
f 2976/3458/2838 2964/3460/2826 2977/3474/2839
o Icosphere.002
v -0.230000 -0.089023 4.541603
v -0.298743 -0.039079 4.594117
v -0.203743 -0.008211 4.594117
v -0.145030 -0.089023 4.594117
v -0.203743 -0.169835 4.594117
v -0.298743 -0.138967 4.594117
v -0.256257 -0.008211 4.679088
v -0.161257 -0.039079 4.679088
v -0.161257 -0.138967 4.679088
v -0.256257 -0.169835 4.679088
v -0.314970 -0.089023 4.679088
v -0.230000 -0.089023 4.731602
v -0.214567 -0.041523 4.555790
v -0.270406 -0.059667 4.555790
v -0.254973 -0.012167 4.586658
v -0.310812 -0.089023 4.586658
v -0.270406 -0.118379 4.555790
v -0.180056 -0.089023 4.555790
v -0.164622 -0.041523 4.586658
v -0.214567 -0.136523 4.555790
v -0.164622 -0.136523 4.586658
v -0.254973 -0.165879 4.586658
v -0.320350 -0.059667 4.636602
v -0.320350 -0.118379 4.636602
v -0.230000 0.005977 4.636602
v -0.285840 -0.012166 4.636602
v -0.139650 -0.059667 4.636602
v -0.174160 -0.012166 4.636602
v -0.174160 -0.165880 4.636602
v -0.139650 -0.118379 4.636602
v -0.285840 -0.165880 4.636602
v -0.230000 -0.184023 4.636602
v -0.295378 -0.041523 4.686547
v -0.205027 -0.012167 4.686547
v -0.149188 -0.089023 4.686547
v -0.205027 -0.165879 4.686547
v -0.295378 -0.136523 4.686547
v -0.245433 -0.041523 4.717414
v -0.279944 -0.089023 4.717414
v -0.189594 -0.059667 4.717414
v -0.189594 -0.118379 4.717414
v -0.245433 -0.136523 4.717414
vn -0.0000 -0.0000 -1.0000
vn -0.7236 0.5257 -0.4472
vn 0.2764 0.8506 -0.4472
vn 0.8944 -0.0000 -0.4472
vn 0.2764 -0.8506 -0.4472
vn -0.7236 -0.5257 -0.4472
vn -0.2764 0.8506 0.4472
vn 0.7236 0.5257 0.4472
vn 0.7236 -0.5257 0.4472
vn -0.2764 -0.8506 0.4472
vn -0.8944 -0.0000 0.4472
vn -0.0000 -0.0000 1.0000
vn 0.1625 0.5000 -0.8507
vn -0.4253 0.3090 -0.8507
vn -0.2629 0.8090 -0.5257
vn -0.8506 -0.0000 -0.5257
vn -0.4253 -0.3090 -0.8507
vn 0.5257 -0.0000 -0.8507
vn 0.6882 0.5000 -0.5257
vn 0.1625 -0.5000 -0.8507
vn 0.6882 -0.5000 -0.5257
vn -0.2629 -0.8090 -0.5257
vn -0.9511 0.3090 -0.0000
vn -0.9511 -0.3090 -0.0000
vn -0.0000 1.0000 -0.0000
vn -0.5878 0.8090 -0.0000
vn 0.9511 0.3090 -0.0000
vn 0.5878 0.8090 -0.0000
vn 0.5878 -0.8090 -0.0000
vn 0.9511 -0.3090 -0.0000
vn -0.5878 -0.8090 -0.0000
vn -0.0000 -1.0000 -0.0000
vn -0.6882 0.5000 0.5257
vn 0.2629 0.8090 0.5257
vn 0.8506 -0.0000 0.5257
vn 0.2629 -0.8090 0.5257
vn -0.6882 -0.5000 0.5257
vn -0.1625 0.5000 0.8507
vn -0.5257 -0.0000 0.8507
vn 0.4253 0.3090 0.8507
vn 0.4253 -0.3090 0.8507
vn -0.1625 -0.5000 0.8507
vt 0.181819 0.000000
vt 0.227273 0.078731
vt 0.136365 0.078731
vt 0.272728 0.157461
vt 0.318182 0.078731
vt 0.363637 0.157461
vt 0.909091 0.000000
vt 0.954545 0.078731
vt 0.863636 0.078731
vt 0.727273 0.000000
vt 0.772727 0.078731
vt 0.681818 0.078731
vt 0.545455 0.000000
vt 0.590909 0.078731
vt 0.500000 0.078731
vt 0.318182 0.236191
vt 0.090910 0.157461
vt 0.181819 0.157461
vt 0.136365 0.236191
vt 0.818182 0.157461
vt 0.909091 0.157461
vt 0.863636 0.236191
vt 0.636364 0.157461
vt 0.727273 0.157461
vt 0.681818 0.236191
vt 0.454546 0.157461
vt 0.545455 0.157461
vt 0.500000 0.236191
vt 0.227273 0.236191
vt 0.045455 0.236191
vt 0.772727 0.236191
vt 0.590909 0.236191
vt 0.409092 0.236191
vt 0.181819 0.314921
vt 0.272728 0.314921
vt 0.227273 0.393651
vt 0.000000 0.314921
vt 0.090910 0.314921
vt 0.045455 0.393651
vt 0.727273 0.314921
vt 0.818182 0.314921
vt 0.772727 0.393651
vt 0.545455 0.314921
vt 0.636364 0.314921
vt 0.590909 0.393651
vt 0.363637 0.314921
vt 0.454546 0.314921
vt 0.409092 0.393651
vt 0.500000 0.393651
vt 0.454546 0.472382
vt 0.681818 0.393651
vt 0.636364 0.472382
vt 0.863636 0.393651
vt 0.818182 0.472382
vt 0.909091 0.314921
vt 0.136365 0.393651
vt 0.090910 0.472382
vt 0.318182 0.393651
vt 0.272728 0.472382
vt 0.954545 0.236191
vt 1.000000 0.157461
vt 0.409092 0.078731
vt 0.363637 0.000000
s 1
g Icosphere.002_M_OracMagma.005
usemtl M_OracMagma.005
f 3005/3520/2867 3018/3521/2880 3017/3522/2879
f 3006/3523/2868 3018/3524/2880 3020/3525/2882
f 3005/3526/2867 3017/3527/2879 3022/3528/2884
f 3005/3529/2867 3022/3530/2884 3024/3531/2886
f 3005/3532/2867 3024/3533/2886 3021/3534/2883
f 3006/3523/2868 3020/3525/2882 3027/3535/2889
f 3007/3536/2869 3019/3537/2881 3029/3538/2891
f 3008/3539/2870 3023/3540/2885 3031/3541/2893
f 3009/3542/2871 3025/3543/2887 3033/3544/2895
f 3010/3545/2872 3026/3546/2888 3035/3547/2897
f 3006/3523/2868 3027/3535/2889 3030/3548/2892
f 3007/3536/2869 3029/3538/2891 3032/3549/2894
f 3008/3539/2870 3031/3541/2893 3034/3550/2896
f 3009/3542/2871 3033/3544/2895 3036/3551/2898
f 3010/3545/2872 3035/3547/2897 3028/3552/2890
f 3011/3553/2873 3037/3554/2899 3042/3555/2904
f 3012/3556/2874 3038/3557/2900 3044/3558/2906
f 3013/3559/2875 3039/3560/2901 3045/3561/2907
f 3014/3562/2876 3040/3563/2902 3046/3564/2908
f 3015/3565/2877 3041/3566/2903 3043/3567/2905
f 3043/3567/2905 3046/3568/2908 3016/3569/2878
f 3043/3567/2905 3041/3566/2903 3046/3568/2908
f 3041/3566/2903 3014/3562/2876 3046/3568/2908
f 3046/3564/2908 3045/3570/2907 3016/3571/2878
f 3046/3564/2908 3040/3563/2902 3045/3570/2907
f 3040/3563/2902 3013/3559/2875 3045/3570/2907
f 3045/3561/2907 3044/3572/2906 3016/3573/2878
f 3045/3561/2907 3039/3560/2901 3044/3572/2906
f 3039/3560/2901 3012/3574/2874 3044/3572/2906
f 3044/3558/2906 3042/3575/2904 3016/3576/2878
f 3044/3558/2906 3038/3557/2900 3042/3575/2904
f 3038/3557/2900 3011/3553/2873 3042/3575/2904
f 3042/3555/2904 3043/3577/2905 3016/3578/2878
f 3042/3555/2904 3037/3554/2899 3043/3577/2905
f 3037/3554/2899 3015/3565/2877 3043/3577/2905
f 3028/3552/2890 3041/3566/2903 3015/3565/2877
f 3028/3552/2890 3035/3547/2897 3041/3566/2903
f 3035/3547/2897 3014/3562/2876 3041/3566/2903
f 3036/3551/2898 3040/3563/2902 3014/3562/2876
f 3036/3551/2898 3033/3544/2895 3040/3563/2902
f 3033/3544/2895 3013/3559/2875 3040/3563/2902
f 3034/3550/2896 3039/3560/2901 3013/3559/2875
f 3034/3550/2896 3031/3541/2893 3039/3560/2901
f 3031/3541/2893 3012/3574/2874 3039/3560/2901
f 3032/3549/2894 3038/3557/2900 3012/3556/2874
f 3032/3549/2894 3029/3538/2891 3038/3557/2900
f 3029/3538/2891 3011/3553/2873 3038/3557/2900
f 3030/3548/2892 3037/3554/2899 3011/3553/2873
f 3030/3548/2892 3027/3535/2889 3037/3554/2899
f 3027/3535/2889 3015/3565/2877 3037/3554/2899
f 3035/3547/2897 3036/3551/2898 3014/3562/2876
f 3035/3547/2897 3026/3546/2888 3036/3551/2898
f 3026/3546/2888 3009/3542/2871 3036/3551/2898
f 3033/3544/2895 3034/3550/2896 3013/3559/2875
f 3033/3544/2895 3025/3543/2887 3034/3550/2896
f 3025/3543/2887 3008/3539/2870 3034/3550/2896
f 3031/3541/2893 3032/3579/2894 3012/3574/2874
f 3031/3541/2893 3023/3540/2885 3032/3579/2894
f 3023/3540/2885 3007/3580/2869 3032/3579/2894
f 3029/3538/2891 3030/3548/2892 3011/3553/2873
f 3029/3538/2891 3019/3537/2881 3030/3548/2892
f 3019/3537/2881 3006/3523/2868 3030/3548/2892
f 3027/3535/2889 3028/3552/2890 3015/3565/2877
f 3027/3535/2889 3020/3525/2882 3028/3552/2890
f 3020/3525/2882 3010/3545/2872 3028/3552/2890
f 3021/3534/2883 3026/3546/2888 3010/3545/2872
f 3021/3534/2883 3024/3533/2886 3026/3546/2888
f 3024/3533/2886 3009/3542/2871 3026/3546/2888
f 3024/3531/2886 3025/3543/2887 3009/3542/2871
f 3024/3531/2886 3022/3530/2884 3025/3543/2887
f 3022/3530/2884 3008/3539/2870 3025/3543/2887
f 3022/3528/2884 3023/3540/2885 3008/3539/2870
f 3022/3528/2884 3017/3527/2879 3023/3540/2885
f 3017/3527/2879 3007/3580/2869 3023/3540/2885
f 3020/3525/2882 3021/3581/2883 3010/3545/2872
f 3020/3525/2882 3018/3524/2880 3021/3581/2883
f 3018/3524/2880 3005/3582/2867 3021/3581/2883
f 3017/3522/2879 3019/3537/2881 3007/3536/2869
f 3017/3522/2879 3018/3521/2880 3019/3537/2881
f 3018/3521/2880 3006/3523/2868 3019/3537/2881
o Icosphere.003
v 0.230000 -0.089023 4.388398
v 0.175729 -0.049594 4.429856
v 0.250729 -0.025224 4.429856
v 0.297082 -0.089023 4.429856
v 0.250729 -0.152822 4.429856
v 0.175729 -0.128452 4.429856
v 0.209271 -0.025224 4.496939
v 0.284271 -0.049594 4.496939
v 0.284271 -0.128452 4.496939
v 0.209271 -0.152822 4.496939
v 0.162918 -0.089023 4.496939
v 0.230000 -0.089023 4.538397
v 0.242184 -0.051523 4.399599
v 0.198101 -0.065847 4.399599
v 0.210285 -0.028347 4.423967
v 0.166201 -0.089023 4.423967
v 0.198101 -0.112199 4.399599
v 0.269430 -0.089023 4.399599
v 0.281614 -0.051523 4.423967
v 0.242184 -0.126523 4.399599
v 0.281614 -0.126523 4.423967
v 0.210285 -0.149699 4.423967
v 0.158671 -0.065847 4.463398
v 0.158671 -0.112199 4.463398
v 0.230000 -0.014023 4.463398
v 0.185916 -0.028347 4.463398
v 0.301329 -0.065847 4.463398
v 0.274084 -0.028347 4.463398
v 0.274084 -0.149699 4.463398
v 0.301329 -0.112199 4.463398
v 0.185916 -0.149699 4.463398
v 0.230000 -0.164023 4.463398
v 0.178386 -0.051523 4.502828
v 0.249715 -0.028347 4.502828
v 0.293799 -0.089023 4.502828
v 0.249715 -0.149699 4.502828
v 0.178386 -0.126523 4.502828
v 0.217816 -0.051523 4.527196
v 0.190570 -0.089023 4.527196
v 0.261899 -0.065847 4.527196
v 0.261899 -0.112199 4.527196
v 0.217816 -0.126523 4.527196
vn -0.0000 -0.0000 -1.0000
vn -0.7236 0.5257 -0.4472
vn 0.2764 0.8506 -0.4472
vn 0.8944 -0.0000 -0.4472
vn 0.2764 -0.8506 -0.4472
vn -0.7236 -0.5257 -0.4472
vn -0.2764 0.8506 0.4472
vn 0.7236 0.5257 0.4472
vn 0.7236 -0.5257 0.4472
vn -0.2764 -0.8506 0.4472
vn -0.8944 -0.0000 0.4472
vn -0.0000 -0.0000 1.0000
vn 0.1625 0.5000 -0.8507
vn -0.4253 0.3090 -0.8507
vn -0.2629 0.8090 -0.5257
vn -0.8506 -0.0000 -0.5257
vn -0.4253 -0.3090 -0.8507
vn 0.5257 -0.0000 -0.8507
vn 0.6882 0.5000 -0.5257
vn 0.1625 -0.5000 -0.8507
vn 0.6882 -0.5000 -0.5257
vn -0.2629 -0.8090 -0.5257
vn -0.9511 0.3090 -0.0000
vn -0.9511 -0.3090 -0.0000
vn -0.0000 1.0000 -0.0000
vn -0.5878 0.8090 -0.0000
vn 0.9511 0.3090 -0.0000
vn 0.5878 0.8090 -0.0000
vn 0.5878 -0.8090 -0.0000
vn 0.9511 -0.3090 -0.0000
vn -0.5878 -0.8090 -0.0000
vn -0.0000 -1.0000 -0.0000
vn -0.6882 0.5000 0.5257
vn 0.2629 0.8090 0.5257
vn 0.8506 -0.0000 0.5257
vn 0.2629 -0.8090 0.5257
vn -0.6882 -0.5000 0.5257
vn -0.1625 0.5000 0.8507
vn -0.5257 -0.0000 0.8507
vn 0.4253 0.3090 0.8507
vn 0.4253 -0.3090 0.8507
vn -0.1625 -0.5000 0.8507
vt 0.181819 0.000000
vt 0.227273 0.078731
vt 0.136365 0.078731
vt 0.272728 0.157461
vt 0.318182 0.078731
vt 0.363637 0.157461
vt 0.909091 0.000000
vt 0.954545 0.078731
vt 0.863636 0.078731
vt 0.727273 0.000000
vt 0.772727 0.078731
vt 0.681818 0.078731
vt 0.545455 0.000000
vt 0.590909 0.078731
vt 0.500000 0.078731
vt 0.318182 0.236191
vt 0.090910 0.157461
vt 0.181819 0.157461
vt 0.136365 0.236191
vt 0.818182 0.157461
vt 0.909091 0.157461
vt 0.863636 0.236191
vt 0.636364 0.157461
vt 0.727273 0.157461
vt 0.681818 0.236191
vt 0.454546 0.157461
vt 0.545455 0.157461
vt 0.500000 0.236191
vt 0.227273 0.236191
vt 0.045455 0.236191
vt 0.772727 0.236191
vt 0.590909 0.236191
vt 0.409092 0.236191
vt 0.181819 0.314921
vt 0.272728 0.314921
vt 0.227273 0.393651
vt 0.000000 0.314921
vt 0.090910 0.314921
vt 0.045455 0.393651
vt 0.727273 0.314921
vt 0.818182 0.314921
vt 0.772727 0.393651
vt 0.545455 0.314921
vt 0.636364 0.314921
vt 0.590909 0.393651
vt 0.363637 0.314921
vt 0.454546 0.314921
vt 0.409092 0.393651
vt 0.500000 0.393651
vt 0.454546 0.472382
vt 0.681818 0.393651
vt 0.636364 0.472382
vt 0.863636 0.393651
vt 0.818182 0.472382
vt 0.909091 0.314921
vt 0.136365 0.393651
vt 0.090910 0.472382
vt 0.318182 0.393651
vt 0.272728 0.472382
vt 0.954545 0.236191
vt 1.000000 0.157461
vt 0.409092 0.078731
vt 0.363637 0.000000
s 1
g Icosphere.003_M_OracMagma.006
usemtl M_OracMagma.006
f 3047/3583/2909 3060/3584/2922 3059/3585/2921
f 3048/3586/2910 3060/3587/2922 3062/3588/2924
f 3047/3589/2909 3059/3590/2921 3064/3591/2926
f 3047/3592/2909 3064/3593/2926 3066/3594/2928
f 3047/3595/2909 3066/3596/2928 3063/3597/2925
f 3048/3586/2910 3062/3588/2924 3069/3598/2931
f 3049/3599/2911 3061/3600/2923 3071/3601/2933
f 3050/3602/2912 3065/3603/2927 3073/3604/2935
f 3051/3605/2913 3067/3606/2929 3075/3607/2937
f 3052/3608/2914 3068/3609/2930 3077/3610/2939
f 3048/3586/2910 3069/3598/2931 3072/3611/2934
f 3049/3599/2911 3071/3601/2933 3074/3612/2936
f 3050/3602/2912 3073/3604/2935 3076/3613/2938
f 3051/3605/2913 3075/3607/2937 3078/3614/2940
f 3052/3608/2914 3077/3610/2939 3070/3615/2932
f 3053/3616/2915 3079/3617/2941 3084/3618/2946
f 3054/3619/2916 3080/3620/2942 3086/3621/2948
f 3055/3622/2917 3081/3623/2943 3087/3624/2949
f 3056/3625/2918 3082/3626/2944 3088/3627/2950
f 3057/3628/2919 3083/3629/2945 3085/3630/2947
f 3085/3630/2947 3088/3631/2950 3058/3632/2920
f 3085/3630/2947 3083/3629/2945 3088/3631/2950
f 3083/3629/2945 3056/3625/2918 3088/3631/2950
f 3088/3627/2950 3087/3633/2949 3058/3634/2920
f 3088/3627/2950 3082/3626/2944 3087/3633/2949
f 3082/3626/2944 3055/3622/2917 3087/3633/2949
f 3087/3624/2949 3086/3635/2948 3058/3636/2920
f 3087/3624/2949 3081/3623/2943 3086/3635/2948
f 3081/3623/2943 3054/3637/2916 3086/3635/2948
f 3086/3621/2948 3084/3638/2946 3058/3639/2920
f 3086/3621/2948 3080/3620/2942 3084/3638/2946
f 3080/3620/2942 3053/3616/2915 3084/3638/2946
f 3084/3618/2946 3085/3640/2947 3058/3641/2920
f 3084/3618/2946 3079/3617/2941 3085/3640/2947
f 3079/3617/2941 3057/3628/2919 3085/3640/2947
f 3070/3615/2932 3083/3629/2945 3057/3628/2919
f 3070/3615/2932 3077/3610/2939 3083/3629/2945
f 3077/3610/2939 3056/3625/2918 3083/3629/2945
f 3078/3614/2940 3082/3626/2944 3056/3625/2918
f 3078/3614/2940 3075/3607/2937 3082/3626/2944
f 3075/3607/2937 3055/3622/2917 3082/3626/2944
f 3076/3613/2938 3081/3623/2943 3055/3622/2917
f 3076/3613/2938 3073/3604/2935 3081/3623/2943
f 3073/3604/2935 3054/3637/2916 3081/3623/2943
f 3074/3612/2936 3080/3620/2942 3054/3619/2916
f 3074/3612/2936 3071/3601/2933 3080/3620/2942
f 3071/3601/2933 3053/3616/2915 3080/3620/2942
f 3072/3611/2934 3079/3617/2941 3053/3616/2915
f 3072/3611/2934 3069/3598/2931 3079/3617/2941
f 3069/3598/2931 3057/3628/2919 3079/3617/2941
f 3077/3610/2939 3078/3614/2940 3056/3625/2918
f 3077/3610/2939 3068/3609/2930 3078/3614/2940
f 3068/3609/2930 3051/3605/2913 3078/3614/2940
f 3075/3607/2937 3076/3613/2938 3055/3622/2917
f 3075/3607/2937 3067/3606/2929 3076/3613/2938
f 3067/3606/2929 3050/3602/2912 3076/3613/2938
f 3073/3604/2935 3074/3642/2936 3054/3637/2916
f 3073/3604/2935 3065/3603/2927 3074/3642/2936
f 3065/3603/2927 3049/3643/2911 3074/3642/2936
f 3071/3601/2933 3072/3611/2934 3053/3616/2915
f 3071/3601/2933 3061/3600/2923 3072/3611/2934
f 3061/3600/2923 3048/3586/2910 3072/3611/2934
f 3069/3598/2931 3070/3615/2932 3057/3628/2919
f 3069/3598/2931 3062/3588/2924 3070/3615/2932
f 3062/3588/2924 3052/3608/2914 3070/3615/2932
f 3063/3597/2925 3068/3609/2930 3052/3608/2914
f 3063/3597/2925 3066/3596/2928 3068/3609/2930
f 3066/3596/2928 3051/3605/2913 3068/3609/2930
f 3066/3594/2928 3067/3606/2929 3051/3605/2913
f 3066/3594/2928 3064/3593/2926 3067/3606/2929
f 3064/3593/2926 3050/3602/2912 3067/3606/2929
f 3064/3591/2926 3065/3603/2927 3050/3602/2912
f 3064/3591/2926 3059/3590/2921 3065/3603/2927
f 3059/3590/2921 3049/3643/2911 3065/3603/2927
f 3062/3588/2924 3063/3644/2925 3052/3608/2914
f 3062/3588/2924 3060/3587/2922 3063/3644/2925
f 3060/3587/2922 3047/3645/2909 3063/3644/2925
f 3059/3585/2921 3061/3600/2923 3049/3599/2911
f 3059/3585/2921 3060/3584/2922 3061/3600/2923
f 3060/3584/2922 3048/3586/2910 3061/3600/2923
o Icosphere.004
v 0.460000 0.150000 4.455000
v 0.391257 0.199944 4.507514
v 0.486257 0.230812 4.507514
v 0.544971 0.150000 4.507514
v 0.486257 0.069188 4.507514
v 0.391257 0.100056 4.507514
v 0.433743 0.230812 4.592486
v 0.528743 0.199944 4.592486
v 0.528743 0.100056 4.592486
v 0.433743 0.069188 4.592486
v 0.375030 0.150000 4.592486
v 0.460000 0.150000 4.645000
v 0.475433 0.197500 4.469188
v 0.419594 0.179356 4.469188
v 0.435027 0.226856 4.500055
v 0.379188 0.150000 4.500055
v 0.419594 0.120644 4.469188
v 0.509944 0.150000 4.469188
v 0.525378 0.197500 4.500055
v 0.475433 0.102500 4.469188
v 0.525378 0.102500 4.500055
v 0.435027 0.073144 4.500055
v 0.369649 0.179356 4.550000
v 0.369649 0.120644 4.550000
v 0.460000 0.245000 4.550000
v 0.404160 0.226857 4.550000
v 0.550350 0.179356 4.550000
v 0.515840 0.226857 4.550000
v 0.515840 0.073143 4.550000
v 0.550350 0.120644 4.550000
v 0.404160 0.073143 4.550000
v 0.460000 0.055000 4.550000
v 0.394622 0.197500 4.599945
v 0.484973 0.226856 4.599945
v 0.540812 0.150000 4.599945
v 0.484973 0.073144 4.599945
v 0.394622 0.102500 4.599945
v 0.444567 0.197500 4.630812
v 0.410056 0.150000 4.630812
v 0.500406 0.179356 4.630812
v 0.500406 0.120644 4.630812
v 0.444567 0.102500 4.630812
vn -0.0000 -0.0000 -1.0000
vn -0.7236 0.5257 -0.4472
vn 0.2764 0.8506 -0.4472
vn 0.8944 -0.0000 -0.4472
vn 0.2764 -0.8506 -0.4472
vn -0.7236 -0.5257 -0.4472
vn -0.2764 0.8506 0.4472
vn 0.7236 0.5257 0.4472
vn 0.7236 -0.5257 0.4472
vn -0.2764 -0.8506 0.4472
vn -0.8944 -0.0000 0.4472
vn -0.0000 -0.0000 1.0000
vn 0.1625 0.5000 -0.8507
vn -0.4253 0.3090 -0.8507
vn -0.2629 0.8090 -0.5257
vn -0.8506 -0.0000 -0.5257
vn -0.4253 -0.3090 -0.8507
vn 0.5257 -0.0000 -0.8507
vn 0.6882 0.5000 -0.5257
vn 0.1625 -0.5000 -0.8507
vn 0.6882 -0.5000 -0.5257
vn -0.2629 -0.8090 -0.5257
vn -0.9511 0.3090 -0.0000
vn -0.9511 -0.3090 -0.0000
vn -0.0000 1.0000 -0.0000
vn -0.5878 0.8090 -0.0000
vn 0.9511 0.3090 -0.0000
vn 0.5878 0.8090 -0.0000
vn 0.5878 -0.8090 -0.0000
vn 0.9511 -0.3090 -0.0000
vn -0.5878 -0.8090 -0.0000
vn -0.0000 -1.0000 -0.0000
vn -0.6882 0.5000 0.5257
vn 0.2629 0.8090 0.5257
vn 0.8506 -0.0000 0.5257
vn 0.2629 -0.8090 0.5257
vn -0.6882 -0.5000 0.5257
vn -0.1625 0.5000 0.8507
vn -0.5257 -0.0000 0.8507
vn 0.4253 0.3090 0.8507
vn 0.4253 -0.3090 0.8507
vn -0.1625 -0.5000 0.8507
vt 0.181819 0.000000
vt 0.227273 0.078731
vt 0.136365 0.078731
vt 0.272728 0.157461
vt 0.318182 0.078731
vt 0.363637 0.157461
vt 0.909091 0.000000
vt 0.954545 0.078731
vt 0.863636 0.078731
vt 0.727273 0.000000
vt 0.772727 0.078731
vt 0.681818 0.078731
vt 0.545455 0.000000
vt 0.590909 0.078731
vt 0.500000 0.078731
vt 0.318182 0.236191
vt 0.090910 0.157461
vt 0.181819 0.157461
vt 0.136365 0.236191
vt 0.818182 0.157461
vt 0.909091 0.157461
vt 0.863636 0.236191
vt 0.636364 0.157461
vt 0.727273 0.157461
vt 0.681818 0.236191
vt 0.454546 0.157461
vt 0.545455 0.157461
vt 0.500000 0.236191
vt 0.227273 0.236191
vt 0.045455 0.236191
vt 0.772727 0.236191
vt 0.590909 0.236191
vt 0.409092 0.236191
vt 0.181819 0.314921
vt 0.272728 0.314921
vt 0.227273 0.393651
vt 0.000000 0.314921
vt 0.090910 0.314921
vt 0.045455 0.393651
vt 0.727273 0.314921
vt 0.818182 0.314921
vt 0.772727 0.393651
vt 0.545455 0.314921
vt 0.636364 0.314921
vt 0.590909 0.393651
vt 0.363637 0.314921
vt 0.454546 0.314921
vt 0.409092 0.393651
vt 0.500000 0.393651
vt 0.454546 0.472382
vt 0.681818 0.393651
vt 0.636364 0.472382
vt 0.863636 0.393651
vt 0.818182 0.472382
vt 0.909091 0.314921
vt 0.136365 0.393651
vt 0.090910 0.472382
vt 0.318182 0.393651
vt 0.272728 0.472382
vt 0.954545 0.236191
vt 1.000000 0.157461
vt 0.409092 0.078731
vt 0.363637 0.000000
s 1
g Icosphere.004_M_OracMagma.007
usemtl M_OracMagma.007
f 3089/3646/2951 3102/3647/2964 3101/3648/2963
f 3090/3649/2952 3102/3650/2964 3104/3651/2966
f 3089/3652/2951 3101/3653/2963 3106/3654/2968
f 3089/3655/2951 3106/3656/2968 3108/3657/2970
f 3089/3658/2951 3108/3659/2970 3105/3660/2967
f 3090/3649/2952 3104/3651/2966 3111/3661/2973
f 3091/3662/2953 3103/3663/2965 3113/3664/2975
f 3092/3665/2954 3107/3666/2969 3115/3667/2977
f 3093/3668/2955 3109/3669/2971 3117/3670/2979
f 3094/3671/2956 3110/3672/2972 3119/3673/2981
f 3090/3649/2952 3111/3661/2973 3114/3674/2976
f 3091/3662/2953 3113/3664/2975 3116/3675/2978
f 3092/3665/2954 3115/3667/2977 3118/3676/2980
f 3093/3668/2955 3117/3670/2979 3120/3677/2982
f 3094/3671/2956 3119/3673/2981 3112/3678/2974
f 3095/3679/2957 3121/3680/2983 3126/3681/2988
f 3096/3682/2958 3122/3683/2984 3128/3684/2990
f 3097/3685/2959 3123/3686/2985 3129/3687/2991
f 3098/3688/2960 3124/3689/2986 3130/3690/2992
f 3099/3691/2961 3125/3692/2987 3127/3693/2989
f 3127/3693/2989 3130/3694/2992 3100/3695/2962
f 3127/3693/2989 3125/3692/2987 3130/3694/2992
f 3125/3692/2987 3098/3688/2960 3130/3694/2992
f 3130/3690/2992 3129/3696/2991 3100/3697/2962
f 3130/3690/2992 3124/3689/2986 3129/3696/2991
f 3124/3689/2986 3097/3685/2959 3129/3696/2991
f 3129/3687/2991 3128/3698/2990 3100/3699/2962
f 3129/3687/2991 3123/3686/2985 3128/3698/2990
f 3123/3686/2985 3096/3700/2958 3128/3698/2990
f 3128/3684/2990 3126/3701/2988 3100/3702/2962
f 3128/3684/2990 3122/3683/2984 3126/3701/2988
f 3122/3683/2984 3095/3679/2957 3126/3701/2988
f 3126/3681/2988 3127/3703/2989 3100/3704/2962
f 3126/3681/2988 3121/3680/2983 3127/3703/2989
f 3121/3680/2983 3099/3691/2961 3127/3703/2989
f 3112/3678/2974 3125/3692/2987 3099/3691/2961
f 3112/3678/2974 3119/3673/2981 3125/3692/2987
f 3119/3673/2981 3098/3688/2960 3125/3692/2987
f 3120/3677/2982 3124/3689/2986 3098/3688/2960
f 3120/3677/2982 3117/3670/2979 3124/3689/2986
f 3117/3670/2979 3097/3685/2959 3124/3689/2986
f 3118/3676/2980 3123/3686/2985 3097/3685/2959
f 3118/3676/2980 3115/3667/2977 3123/3686/2985
f 3115/3667/2977 3096/3700/2958 3123/3686/2985
f 3116/3675/2978 3122/3683/2984 3096/3682/2958
f 3116/3675/2978 3113/3664/2975 3122/3683/2984
f 3113/3664/2975 3095/3679/2957 3122/3683/2984
f 3114/3674/2976 3121/3680/2983 3095/3679/2957
f 3114/3674/2976 3111/3661/2973 3121/3680/2983
f 3111/3661/2973 3099/3691/2961 3121/3680/2983
f 3119/3673/2981 3120/3677/2982 3098/3688/2960
f 3119/3673/2981 3110/3672/2972 3120/3677/2982
f 3110/3672/2972 3093/3668/2955 3120/3677/2982
f 3117/3670/2979 3118/3676/2980 3097/3685/2959
f 3117/3670/2979 3109/3669/2971 3118/3676/2980
f 3109/3669/2971 3092/3665/2954 3118/3676/2980
f 3115/3667/2977 3116/3705/2978 3096/3700/2958
f 3115/3667/2977 3107/3666/2969 3116/3705/2978
f 3107/3666/2969 3091/3706/2953 3116/3705/2978
f 3113/3664/2975 3114/3674/2976 3095/3679/2957
f 3113/3664/2975 3103/3663/2965 3114/3674/2976
f 3103/3663/2965 3090/3649/2952 3114/3674/2976
f 3111/3661/2973 3112/3678/2974 3099/3691/2961
f 3111/3661/2973 3104/3651/2966 3112/3678/2974
f 3104/3651/2966 3094/3671/2956 3112/3678/2974
f 3105/3660/2967 3110/3672/2972 3094/3671/2956
f 3105/3660/2967 3108/3659/2970 3110/3672/2972
f 3108/3659/2970 3093/3668/2955 3110/3672/2972
f 3108/3657/2970 3109/3669/2971 3093/3668/2955
f 3108/3657/2970 3106/3656/2968 3109/3669/2971
f 3106/3656/2968 3092/3665/2954 3109/3669/2971
f 3106/3654/2968 3107/3666/2969 3092/3665/2954
f 3106/3654/2968 3101/3653/2963 3107/3666/2969
f 3101/3653/2963 3091/3706/2953 3107/3666/2969
f 3104/3651/2966 3105/3707/2967 3094/3671/2956
f 3104/3651/2966 3102/3650/2964 3105/3707/2967
f 3102/3650/2964 3089/3708/2951 3105/3707/2967
f 3101/3648/2963 3103/3663/2965 3091/3662/2953
f 3101/3648/2963 3102/3647/2964 3103/3663/2965
f 3102/3647/2964 3090/3649/2952 3103/3663/2965
o Icosphere.005
v 0.230000 0.389023 4.561603
v 0.175729 0.428452 4.603061
v 0.250729 0.452822 4.603061
v 0.297082 0.389023 4.603061
v 0.250729 0.325224 4.603061
v 0.175729 0.349594 4.603061
v 0.209271 0.452822 4.670144
v 0.284271 0.428452 4.670144
v 0.284271 0.349594 4.670144
v 0.209271 0.325224 4.670144
v 0.162918 0.389023 4.670144
v 0.230000 0.389023 4.711602
v 0.242184 0.426523 4.572803
v 0.198101 0.412199 4.572803
v 0.210285 0.449699 4.597172
v 0.166201 0.389023 4.597172
v 0.198101 0.365847 4.572803
v 0.269430 0.389023 4.572803
v 0.281614 0.426523 4.597172
v 0.242184 0.351523 4.572803
v 0.281614 0.351523 4.597172
v 0.210285 0.328347 4.597172
v 0.158671 0.412199 4.636602
v 0.158671 0.365847 4.636602
v 0.230000 0.464023 4.636602
v 0.185916 0.449699 4.636602
v 0.301329 0.412199 4.636602
v 0.274084 0.449699 4.636602
v 0.274084 0.328347 4.636602
v 0.301329 0.365847 4.636602
v 0.185916 0.328347 4.636602
v 0.230000 0.314023 4.636602
v 0.178386 0.426523 4.676033
v 0.249715 0.449699 4.676033
v 0.293799 0.389023 4.676033
v 0.249715 0.328347 4.676033
v 0.178386 0.351523 4.676033
v 0.217816 0.426523 4.700401
v 0.190570 0.389023 4.700401
v 0.261899 0.412199 4.700401
v 0.261899 0.365847 4.700401
v 0.217816 0.351523 4.700401
vn -0.0000 -0.0000 -1.0000
vn -0.7236 0.5257 -0.4472
vn 0.2764 0.8506 -0.4472
vn 0.8944 -0.0000 -0.4472
vn 0.2764 -0.8506 -0.4472
vn -0.7236 -0.5257 -0.4472
vn -0.2764 0.8506 0.4472
vn 0.7236 0.5257 0.4472
vn 0.7236 -0.5257 0.4472
vn -0.2764 -0.8506 0.4472
vn -0.8944 -0.0000 0.4472
vn -0.0000 -0.0000 1.0000
vn 0.1625 0.5000 -0.8507
vn -0.4253 0.3090 -0.8507
vn -0.2629 0.8090 -0.5257
vn -0.8506 -0.0000 -0.5257
vn -0.4253 -0.3090 -0.8507
vn 0.5257 -0.0000 -0.8507
vn 0.6882 0.5000 -0.5257
vn 0.1625 -0.5000 -0.8507
vn 0.6882 -0.5000 -0.5257
vn -0.2629 -0.8090 -0.5257
vn -0.9511 0.3090 -0.0000
vn -0.9511 -0.3090 -0.0000
vn -0.0000 1.0000 -0.0000
vn -0.5878 0.8090 -0.0000
vn 0.9511 0.3090 -0.0000
vn 0.5878 0.8090 -0.0000
vn 0.5878 -0.8090 -0.0000
vn 0.9511 -0.3090 -0.0000
vn -0.5878 -0.8090 -0.0000
vn -0.0000 -1.0000 -0.0000
vn -0.6882 0.5000 0.5257
vn 0.2629 0.8090 0.5257
vn 0.8506 -0.0000 0.5257
vn 0.2629 -0.8090 0.5257
vn -0.6882 -0.5000 0.5257
vn -0.1625 0.5000 0.8507
vn -0.5257 -0.0000 0.8507
vn 0.4253 0.3090 0.8507
vn 0.4253 -0.3090 0.8507
vn -0.1625 -0.5000 0.8507
vt 0.181819 0.000000
vt 0.227273 0.078731
vt 0.136365 0.078731
vt 0.272728 0.157461
vt 0.318182 0.078731
vt 0.363637 0.157461
vt 0.909091 0.000000
vt 0.954545 0.078731
vt 0.863636 0.078731
vt 0.727273 0.000000
vt 0.772727 0.078731
vt 0.681818 0.078731
vt 0.545455 0.000000
vt 0.590909 0.078731
vt 0.500000 0.078731
vt 0.318182 0.236191
vt 0.090910 0.157461
vt 0.181819 0.157461
vt 0.136365 0.236191
vt 0.818182 0.157461
vt 0.909091 0.157461
vt 0.863636 0.236191
vt 0.636364 0.157461
vt 0.727273 0.157461
vt 0.681818 0.236191
vt 0.454546 0.157461
vt 0.545455 0.157461
vt 0.500000 0.236191
vt 0.227273 0.236191
vt 0.045455 0.236191
vt 0.772727 0.236191
vt 0.590909 0.236191
vt 0.409092 0.236191
vt 0.181819 0.314921
vt 0.272728 0.314921
vt 0.227273 0.393651
vt 0.000000 0.314921
vt 0.090910 0.314921
vt 0.045455 0.393651
vt 0.727273 0.314921
vt 0.818182 0.314921
vt 0.772727 0.393651
vt 0.545455 0.314921
vt 0.636364 0.314921
vt 0.590909 0.393651
vt 0.363637 0.314921
vt 0.454546 0.314921
vt 0.409092 0.393651
vt 0.500000 0.393651
vt 0.454546 0.472382
vt 0.681818 0.393651
vt 0.636364 0.472382
vt 0.863636 0.393651
vt 0.818182 0.472382
vt 0.909091 0.314921
vt 0.136365 0.393651
vt 0.090910 0.472382
vt 0.318182 0.393651
vt 0.272728 0.472382
vt 0.954545 0.236191
vt 1.000000 0.157461
vt 0.409092 0.078731
vt 0.363637 0.000000
s 1
g Icosphere.005_M_OracMagma.008
usemtl M_OracMagma.008
f 3131/3709/2993 3144/3710/3006 3143/3711/3005
f 3132/3712/2994 3144/3713/3006 3146/3714/3008
f 3131/3715/2993 3143/3716/3005 3148/3717/3010
f 3131/3718/2993 3148/3719/3010 3150/3720/3012
f 3131/3721/2993 3150/3722/3012 3147/3723/3009
f 3132/3712/2994 3146/3714/3008 3153/3724/3015
f 3133/3725/2995 3145/3726/3007 3155/3727/3017
f 3134/3728/2996 3149/3729/3011 3157/3730/3019
f 3135/3731/2997 3151/3732/3013 3159/3733/3021
f 3136/3734/2998 3152/3735/3014 3161/3736/3023
f 3132/3712/2994 3153/3724/3015 3156/3737/3018
f 3133/3725/2995 3155/3727/3017 3158/3738/3020
f 3134/3728/2996 3157/3730/3019 3160/3739/3022
f 3135/3731/2997 3159/3733/3021 3162/3740/3024
f 3136/3734/2998 3161/3736/3023 3154/3741/3016
f 3137/3742/2999 3163/3743/3025 3168/3744/3030
f 3138/3745/3000 3164/3746/3026 3170/3747/3032
f 3139/3748/3001 3165/3749/3027 3171/3750/3033
f 3140/3751/3002 3166/3752/3028 3172/3753/3034
f 3141/3754/3003 3167/3755/3029 3169/3756/3031
f 3169/3756/3031 3172/3757/3034 3142/3758/3004
f 3169/3756/3031 3167/3755/3029 3172/3757/3034
f 3167/3755/3029 3140/3751/3002 3172/3757/3034
f 3172/3753/3034 3171/3759/3033 3142/3760/3004
f 3172/3753/3034 3166/3752/3028 3171/3759/3033
f 3166/3752/3028 3139/3748/3001 3171/3759/3033
f 3171/3750/3033 3170/3761/3032 3142/3762/3004
f 3171/3750/3033 3165/3749/3027 3170/3761/3032
f 3165/3749/3027 3138/3763/3000 3170/3761/3032
f 3170/3747/3032 3168/3764/3030 3142/3765/3004
f 3170/3747/3032 3164/3746/3026 3168/3764/3030
f 3164/3746/3026 3137/3742/2999 3168/3764/3030
f 3168/3744/3030 3169/3766/3031 3142/3767/3004
f 3168/3744/3030 3163/3743/3025 3169/3766/3031
f 3163/3743/3025 3141/3754/3003 3169/3766/3031
f 3154/3741/3016 3167/3755/3029 3141/3754/3003
f 3154/3741/3016 3161/3736/3023 3167/3755/3029
f 3161/3736/3023 3140/3751/3002 3167/3755/3029
f 3162/3740/3024 3166/3752/3028 3140/3751/3002
f 3162/3740/3024 3159/3733/3021 3166/3752/3028
f 3159/3733/3021 3139/3748/3001 3166/3752/3028
f 3160/3739/3022 3165/3749/3027 3139/3748/3001
f 3160/3739/3022 3157/3730/3019 3165/3749/3027
f 3157/3730/3019 3138/3763/3000 3165/3749/3027
f 3158/3738/3020 3164/3746/3026 3138/3745/3000
f 3158/3738/3020 3155/3727/3017 3164/3746/3026
f 3155/3727/3017 3137/3742/2999 3164/3746/3026
f 3156/3737/3018 3163/3743/3025 3137/3742/2999
f 3156/3737/3018 3153/3724/3015 3163/3743/3025
f 3153/3724/3015 3141/3754/3003 3163/3743/3025
f 3161/3736/3023 3162/3740/3024 3140/3751/3002
f 3161/3736/3023 3152/3735/3014 3162/3740/3024
f 3152/3735/3014 3135/3731/2997 3162/3740/3024
f 3159/3733/3021 3160/3739/3022 3139/3748/3001
f 3159/3733/3021 3151/3732/3013 3160/3739/3022
f 3151/3732/3013 3134/3728/2996 3160/3739/3022
f 3157/3730/3019 3158/3768/3020 3138/3763/3000
f 3157/3730/3019 3149/3729/3011 3158/3768/3020
f 3149/3729/3011 3133/3769/2995 3158/3768/3020
f 3155/3727/3017 3156/3737/3018 3137/3742/2999
f 3155/3727/3017 3145/3726/3007 3156/3737/3018
f 3145/3726/3007 3132/3712/2994 3156/3737/3018
f 3153/3724/3015 3154/3741/3016 3141/3754/3003
f 3153/3724/3015 3146/3714/3008 3154/3741/3016
f 3146/3714/3008 3136/3734/2998 3154/3741/3016
f 3147/3723/3009 3152/3735/3014 3136/3734/2998
f 3147/3723/3009 3150/3722/3012 3152/3735/3014
f 3150/3722/3012 3135/3731/2997 3152/3735/3014
f 3150/3720/3012 3151/3732/3013 3135/3731/2997
f 3150/3720/3012 3148/3719/3010 3151/3732/3013
f 3148/3719/3010 3134/3728/2996 3151/3732/3013
f 3148/3717/3010 3149/3729/3011 3134/3728/2996
f 3148/3717/3010 3143/3716/3005 3149/3729/3011
f 3143/3716/3005 3133/3769/2995 3149/3729/3011
f 3146/3714/3008 3147/3770/3009 3136/3734/2998
f 3146/3714/3008 3144/3713/3006 3147/3770/3009
f 3144/3713/3006 3131/3771/2993 3147/3770/3009
f 3143/3711/3005 3145/3726/3007 3133/3725/2995
f 3143/3711/3005 3144/3710/3006 3145/3726/3007
f 3144/3710/3006 3132/3712/2994 3145/3726/3007
o Icosphere.006
v -0.230000 0.389023 4.368398
v -0.298743 0.438967 4.420912
v -0.203743 0.469835 4.420912
v -0.145030 0.389023 4.420912
v -0.203743 0.308211 4.420912
v -0.298743 0.339079 4.420912
v -0.256257 0.469835 4.505883
v -0.161257 0.438967 4.505883
v -0.161257 0.339079 4.505883
v -0.256257 0.308211 4.505883
v -0.314970 0.389023 4.505883
v -0.230000 0.389023 4.558397
v -0.214567 0.436523 4.382586
v -0.270406 0.418379 4.382586
v -0.254973 0.465879 4.413453
v -0.310812 0.389023 4.413453
v -0.270406 0.359667 4.382586
v -0.180056 0.389023 4.382586
v -0.164622 0.436523 4.413453
v -0.214567 0.341523 4.382586
v -0.164622 0.341523 4.413453
v -0.254973 0.312167 4.413453
v -0.320350 0.418379 4.463398
v -0.320350 0.359667 4.463398
v -0.230000 0.484023 4.463398
v -0.285840 0.465880 4.463398
v -0.139650 0.418379 4.463398
v -0.174160 0.465880 4.463398
v -0.174160 0.312166 4.463398
v -0.139650 0.359667 4.463398
v -0.285840 0.312166 4.463398
v -0.230000 0.294023 4.463398
v -0.295378 0.436523 4.513342
v -0.205027 0.465879 4.513342
v -0.149188 0.389023 4.513342
v -0.205027 0.312167 4.513342
v -0.295378 0.341523 4.513342
v -0.245433 0.436523 4.544209
v -0.279944 0.389023 4.544209
v -0.189594 0.418379 4.544209
v -0.189594 0.359667 4.544209
v -0.245433 0.341523 4.544209
vn -0.0000 -0.0000 -1.0000
vn -0.7236 0.5257 -0.4472
vn 0.2764 0.8506 -0.4472
vn 0.8944 -0.0000 -0.4472
vn 0.2764 -0.8506 -0.4472
vn -0.7236 -0.5257 -0.4472
vn -0.2764 0.8506 0.4472
vn 0.7236 0.5257 0.4472
vn 0.7236 -0.5257 0.4472
vn -0.2764 -0.8506 0.4472
vn -0.8944 -0.0000 0.4472
vn -0.0000 -0.0000 1.0000
vn 0.1625 0.5000 -0.8507
vn -0.4253 0.3090 -0.8507
vn -0.2629 0.8090 -0.5257
vn -0.8506 -0.0000 -0.5257
vn -0.4253 -0.3090 -0.8507
vn 0.5257 -0.0000 -0.8507
vn 0.6882 0.5000 -0.5257
vn 0.1625 -0.5000 -0.8507
vn 0.6882 -0.5000 -0.5257
vn -0.2629 -0.8090 -0.5257
vn -0.9511 0.3090 -0.0000
vn -0.9511 -0.3090 -0.0000
vn -0.0000 1.0000 -0.0000
vn -0.5878 0.8090 -0.0000
vn 0.9511 0.3090 -0.0000
vn 0.5878 0.8090 -0.0000
vn 0.5878 -0.8090 -0.0000
vn 0.9511 -0.3090 -0.0000
vn -0.5878 -0.8090 -0.0000
vn -0.0000 -1.0000 -0.0000
vn -0.6882 0.5000 0.5257
vn 0.2629 0.8090 0.5257
vn 0.8506 -0.0000 0.5257
vn 0.2629 -0.8090 0.5257
vn -0.6882 -0.5000 0.5257
vn -0.1625 0.5000 0.8507
vn -0.5257 -0.0000 0.8507
vn 0.4253 0.3090 0.8507
vn 0.4253 -0.3090 0.8507
vn -0.1625 -0.5000 0.8507
vt 0.181819 0.000000
vt 0.227273 0.078731
vt 0.136365 0.078731
vt 0.272728 0.157461
vt 0.318182 0.078731
vt 0.363637 0.157461
vt 0.909091 0.000000
vt 0.954545 0.078731
vt 0.863636 0.078731
vt 0.727273 0.000000
vt 0.772727 0.078731
vt 0.681818 0.078731
vt 0.545455 0.000000
vt 0.590909 0.078731
vt 0.500000 0.078731
vt 0.318182 0.236191
vt 0.090910 0.157461
vt 0.181819 0.157461
vt 0.136365 0.236191
vt 0.818182 0.157461
vt 0.909091 0.157461
vt 0.863636 0.236191
vt 0.636364 0.157461
vt 0.727273 0.157461
vt 0.681818 0.236191
vt 0.454546 0.157461
vt 0.545455 0.157461
vt 0.500000 0.236191
vt 0.227273 0.236191
vt 0.045455 0.236191
vt 0.772727 0.236191
vt 0.590909 0.236191
vt 0.409092 0.236191
vt 0.181819 0.314921
vt 0.272728 0.314921
vt 0.227273 0.393651
vt 0.000000 0.314921
vt 0.090910 0.314921
vt 0.045455 0.393651
vt 0.727273 0.314921
vt 0.818182 0.314921
vt 0.772727 0.393651
vt 0.545455 0.314921
vt 0.636364 0.314921
vt 0.590909 0.393651
vt 0.363637 0.314921
vt 0.454546 0.314921
vt 0.409092 0.393651
vt 0.500000 0.393651
vt 0.454546 0.472382
vt 0.681818 0.393651
vt 0.636364 0.472382
vt 0.863636 0.393651
vt 0.818182 0.472382
vt 0.909091 0.314921
vt 0.136365 0.393651
vt 0.090910 0.472382
vt 0.318182 0.393651
vt 0.272728 0.472382
vt 0.954545 0.236191
vt 1.000000 0.157461
vt 0.409092 0.078731
vt 0.363637 0.000000
s 1
g Icosphere.006_M_OracMagma.009
usemtl M_OracMagma.009
f 3173/3772/3035 3186/3773/3048 3185/3774/3047
f 3174/3775/3036 3186/3776/3048 3188/3777/3050
f 3173/3778/3035 3185/3779/3047 3190/3780/3052
f 3173/3781/3035 3190/3782/3052 3192/3783/3054
f 3173/3784/3035 3192/3785/3054 3189/3786/3051
f 3174/3775/3036 3188/3777/3050 3195/3787/3057
f 3175/3788/3037 3187/3789/3049 3197/3790/3059
f 3176/3791/3038 3191/3792/3053 3199/3793/3061
f 3177/3794/3039 3193/3795/3055 3201/3796/3063
f 3178/3797/3040 3194/3798/3056 3203/3799/3065
f 3174/3775/3036 3195/3787/3057 3198/3800/3060
f 3175/3788/3037 3197/3790/3059 3200/3801/3062
f 3176/3791/3038 3199/3793/3061 3202/3802/3064
f 3177/3794/3039 3201/3796/3063 3204/3803/3066
f 3178/3797/3040 3203/3799/3065 3196/3804/3058
f 3179/3805/3041 3205/3806/3067 3210/3807/3072
f 3180/3808/3042 3206/3809/3068 3212/3810/3074
f 3181/3811/3043 3207/3812/3069 3213/3813/3075
f 3182/3814/3044 3208/3815/3070 3214/3816/3076
f 3183/3817/3045 3209/3818/3071 3211/3819/3073
f 3211/3819/3073 3214/3820/3076 3184/3821/3046
f 3211/3819/3073 3209/3818/3071 3214/3820/3076
f 3209/3818/3071 3182/3814/3044 3214/3820/3076
f 3214/3816/3076 3213/3822/3075 3184/3823/3046
f 3214/3816/3076 3208/3815/3070 3213/3822/3075
f 3208/3815/3070 3181/3811/3043 3213/3822/3075
f 3213/3813/3075 3212/3824/3074 3184/3825/3046
f 3213/3813/3075 3207/3812/3069 3212/3824/3074
f 3207/3812/3069 3180/3826/3042 3212/3824/3074
f 3212/3810/3074 3210/3827/3072 3184/3828/3046
f 3212/3810/3074 3206/3809/3068 3210/3827/3072
f 3206/3809/3068 3179/3805/3041 3210/3827/3072
f 3210/3807/3072 3211/3829/3073 3184/3830/3046
f 3210/3807/3072 3205/3806/3067 3211/3829/3073
f 3205/3806/3067 3183/3817/3045 3211/3829/3073
f 3196/3804/3058 3209/3818/3071 3183/3817/3045
f 3196/3804/3058 3203/3799/3065 3209/3818/3071
f 3203/3799/3065 3182/3814/3044 3209/3818/3071
f 3204/3803/3066 3208/3815/3070 3182/3814/3044
f 3204/3803/3066 3201/3796/3063 3208/3815/3070
f 3201/3796/3063 3181/3811/3043 3208/3815/3070
f 3202/3802/3064 3207/3812/3069 3181/3811/3043
f 3202/3802/3064 3199/3793/3061 3207/3812/3069
f 3199/3793/3061 3180/3826/3042 3207/3812/3069
f 3200/3801/3062 3206/3809/3068 3180/3808/3042
f 3200/3801/3062 3197/3790/3059 3206/3809/3068
f 3197/3790/3059 3179/3805/3041 3206/3809/3068
f 3198/3800/3060 3205/3806/3067 3179/3805/3041
f 3198/3800/3060 3195/3787/3057 3205/3806/3067
f 3195/3787/3057 3183/3817/3045 3205/3806/3067
f 3203/3799/3065 3204/3803/3066 3182/3814/3044
f 3203/3799/3065 3194/3798/3056 3204/3803/3066
f 3194/3798/3056 3177/3794/3039 3204/3803/3066
f 3201/3796/3063 3202/3802/3064 3181/3811/3043
f 3201/3796/3063 3193/3795/3055 3202/3802/3064
f 3193/3795/3055 3176/3791/3038 3202/3802/3064
f 3199/3793/3061 3200/3831/3062 3180/3826/3042
f 3199/3793/3061 3191/3792/3053 3200/3831/3062
f 3191/3792/3053 3175/3832/3037 3200/3831/3062
f 3197/3790/3059 3198/3800/3060 3179/3805/3041
f 3197/3790/3059 3187/3789/3049 3198/3800/3060
f 3187/3789/3049 3174/3775/3036 3198/3800/3060
f 3195/3787/3057 3196/3804/3058 3183/3817/3045
f 3195/3787/3057 3188/3777/3050 3196/3804/3058
f 3188/3777/3050 3178/3797/3040 3196/3804/3058
f 3189/3786/3051 3194/3798/3056 3178/3797/3040
f 3189/3786/3051 3192/3785/3054 3194/3798/3056
f 3192/3785/3054 3177/3794/3039 3194/3798/3056
f 3192/3783/3054 3193/3795/3055 3177/3794/3039
f 3192/3783/3054 3190/3782/3052 3193/3795/3055
f 3190/3782/3052 3176/3791/3038 3193/3795/3055
f 3190/3780/3052 3191/3792/3053 3176/3791/3038
f 3190/3780/3052 3185/3779/3047 3191/3792/3053
f 3185/3779/3047 3175/3832/3037 3191/3792/3053
f 3188/3777/3050 3189/3833/3051 3178/3797/3040
f 3188/3777/3050 3186/3776/3048 3189/3833/3051
f 3186/3776/3048 3173/3834/3035 3189/3833/3051
f 3185/3774/3047 3187/3789/3049 3175/3788/3037
f 3185/3774/3047 3186/3773/3048 3187/3789/3049
f 3186/3773/3048 3174/3775/3036 3187/3789/3049
o Cylinder.004
v 0.395559 0.315849 1.588051
v 0.927466 -0.515294 2.509341
v 0.364581 0.318726 1.608531
v 0.896489 -0.512417 2.529821
v 0.337042 0.327246 1.632117
v 0.868949 -0.503897 2.553408
v 0.313999 0.341082 1.657903
v 0.845907 -0.490061 2.579193
v 0.296338 0.359702 1.684897
v 0.828246 -0.471441 2.606188
v 0.284738 0.382390 1.712063
v 0.816646 -0.448753 2.633353
v 0.279644 0.408275 1.738356
v 0.811552 -0.422868 2.659647
v 0.281253 0.436362 1.762766
v 0.813160 -0.394781 2.684057
v 0.289502 0.465572 1.784355
v 0.821409 -0.365571 2.705645
v 0.304074 0.494781 1.802293
v 0.835981 -0.336362 2.723583
v 0.324409 0.522868 1.815891
v 0.856316 -0.308275 2.737181
v 0.349726 0.548753 1.824626
v 0.881634 -0.282390 2.745916
v 0.379053 0.571441 1.828163
v 0.910960 -0.259702 2.749453
v 0.411261 0.590061 1.826365
v 0.943168 -0.241082 2.747656
v 0.445114 0.603897 1.819302
v 0.977021 -0.227246 2.740593
v 0.479309 0.612417 1.807246
v 1.011217 -0.218726 2.728536
v 0.512534 0.615294 1.790659
v 1.044441 -0.215849 2.711949
v 0.543512 0.612417 1.770179
v 1.075419 -0.218726 2.691469
v 0.571051 0.603897 1.746593
v 1.102958 -0.227246 2.667883
v 0.594093 0.590061 1.720807
v 1.126001 -0.241082 2.642097
v 0.611754 0.571441 1.693812
v 1.143661 -0.259702 2.615103
v 0.623355 0.548753 1.666647
v 1.155262 -0.282390 2.587937
v 0.628448 0.522868 1.640354
v 1.160356 -0.308275 2.561644
v 0.626840 0.494781 1.615944
v 1.158747 -0.336362 2.537234
v 0.618591 0.465572 1.594355
v 1.150499 -0.365571 2.515645
v 0.604019 0.436362 1.576417
v 1.135926 -0.394781 2.497707
v 0.583684 0.408275 1.562819
v 1.115591 -0.422868 2.484109
v 0.558366 0.382390 1.554084
v 1.090274 -0.448753 2.475374
v 0.529040 0.359702 1.550547
v 1.060947 -0.471441 2.471838
v 0.496832 0.341082 1.552345
v 1.028739 -0.490061 2.473635
v 0.462979 0.327246 1.559407
v 0.994887 -0.503897 2.480698
v 0.428783 0.318726 1.571464
v 0.960691 -0.512417 2.492754
vn -0.4942 -0.1514 -0.8560
vn 0.0461 -0.9957 0.0798
vn -0.6129 -0.1404 -0.7776
vn -0.0726 -0.9847 0.1583
vn -0.7184 -0.1078 -0.6872
vn -0.1781 -0.9521 0.2487
vn -0.8067 -0.0548 -0.5884
vn -0.2663 -0.8991 0.3475
vn -0.8743 0.0166 -0.4850
vn -0.3340 -0.8277 0.4509
vn -0.9188 0.1035 -0.3809
vn -0.3784 -0.7408 0.5549
vn -0.9383 0.2027 -0.2802
vn -0.3980 -0.6416 0.6557
vn -0.9322 0.3102 -0.1867
vn -0.3918 -0.5341 0.7492
vn -0.9005 0.4222 -0.1040
vn -0.3602 -0.4222 0.8319
vn -0.8447 0.5341 -0.0353
vn -0.3044 -0.3103 0.9006
vn -0.7668 0.6417 0.0168
vn -0.2265 -0.2026 0.9527
vn -0.6698 0.7408 0.0503
vn -0.1295 -0.1035 0.9862
vn -0.5575 0.8277 0.0638
vn -0.0171 -0.0166 0.9997
vn -0.4341 0.8991 0.0569
vn 0.1063 0.0548 0.9928
vn -0.3044 0.9521 0.0299
vn 0.2359 0.1078 0.9658
vn -0.1734 0.9847 -0.0163
vn 0.3669 0.1404 0.9196
vn -0.0461 0.9957 -0.0799
vn 0.4942 0.1514 0.8560
vn 0.0726 0.9847 -0.1583
vn 0.6129 0.1404 0.7776
vn 0.1781 0.9521 -0.2487
vn 0.7184 0.1078 0.6872
vn 0.2664 0.8991 -0.3474
vn 0.8067 0.0548 0.5884
vn 0.3340 0.8277 -0.4509
vn 0.8743 -0.0166 0.4850
vn 0.3785 0.7408 -0.5549
vn 0.9188 -0.1035 0.3810
vn 0.3980 0.6417 -0.6557
vn 0.9383 -0.2026 0.2802
vn 0.3918 0.5340 -0.7492
vn 0.9321 -0.3103 0.1867
vn 0.3602 0.4222 -0.8319
vn 0.9005 -0.4222 0.1040
vn 0.3044 0.3103 -0.9006
vn 0.8447 -0.5341 0.0353
vn 0.2265 0.2027 -0.9527
vn 0.7668 -0.6416 -0.0168
vn 0.1295 0.1035 -0.9862
vn 0.6698 -0.7408 -0.0503
vn 0.0171 0.0166 -0.9997
vn 0.5575 -0.8277 -0.0638
vn -0.1063 -0.0548 -0.9928
vn 0.4341 -0.8991 -0.0569
vn -0.2359 -0.1078 -0.9658
vn 0.3044 -0.9521 -0.0299
vn -0.3669 -0.1404 -0.9196
vn 0.1734 -0.9847 0.0163
vt 1.000000 1.000000
vt 0.968750 0.500000
vt 1.000000 0.500000
vt 0.968750 1.000000
vt 0.937500 0.500000
vt 0.937500 1.000000
vt 0.906250 0.500000
vt 0.906250 1.000000
vt 0.875000 0.500000
vt 0.875000 1.000000
vt 0.843750 0.500000
vt 0.843750 1.000000
vt 0.812500 0.500000
vt 0.812500 1.000000
vt 0.781250 0.500000
vt 0.781250 1.000000
vt 0.750000 0.500000
vt 0.750000 1.000000
vt 0.718750 0.500000
vt 0.718750 1.000000
vt 0.687500 0.500000
vt 0.687500 1.000000
vt 0.656250 0.500000
vt 0.656250 1.000000
vt 0.625000 0.500000
vt 0.625000 1.000000
vt 0.593750 0.500000
vt 0.593750 1.000000
vt 0.562500 0.500000
vt 0.562500 1.000000
vt 0.531250 0.500000
vt 0.531250 1.000000
vt 0.500000 0.500000
vt 0.500000 1.000000
vt 0.468750 0.500000
vt 0.468750 1.000000
vt 0.437500 0.500000
vt 0.437500 1.000000
vt 0.406250 0.500000
vt 0.406250 1.000000
vt 0.375000 0.500000
vt 0.375000 1.000000
vt 0.343750 0.500000
vt 0.343750 1.000000
vt 0.312500 0.500000
vt 0.312500 1.000000
vt 0.281250 0.500000
vt 0.281250 1.000000
vt 0.250000 0.500000
vt 0.250000 1.000000
vt 0.218750 0.500000
vt 0.218750 1.000000
vt 0.187500 0.500000
vt 0.187500 1.000000
vt 0.156250 0.500000
vt 0.156250 1.000000
vt 0.125000 0.500000
vt 0.125000 1.000000
vt 0.093750 0.500000
vt 0.093750 1.000000
vt 0.062500 0.500000
vt 0.158156 0.028269
vt 0.471731 0.158156
vt 0.341844 0.471731
vt 0.062500 1.000000
vt 0.031250 0.500000
vt 0.031250 1.000000
vt 0.000000 0.500000
vt 0.796822 0.014612
vt 0.514612 0.203178
vt 0.703178 0.485388
vt 0.296822 0.485388
vt 0.250000 0.490000
vt 0.203178 0.485388
vt 0.158156 0.471731
vt 0.116663 0.449553
vt 0.080294 0.419706
vt 0.050447 0.383337
vt 0.028269 0.341844
vt 0.014612 0.296822
vt 0.010000 0.250000
vt 0.014612 0.203178
vt 0.028269 0.158156
vt 0.050447 0.116663
vt 0.080294 0.080294
vt 0.116663 0.050447
vt 0.203178 0.014612
vt 0.250000 0.010000
vt 0.296822 0.014612
vt 0.341844 0.028269
vt 0.383337 0.050447
vt 0.419706 0.080294
vt 0.449553 0.116663
vt 0.485388 0.203178
vt 0.490000 0.250000
vt 0.485388 0.296822
vt 0.471731 0.341844
vt 0.449553 0.383337
vt 0.419706 0.419706
vt 0.383337 0.449553
vt 0.000000 1.000000
vt 0.750000 0.490000
vt 0.796822 0.485388
vt 0.841844 0.471731
vt 0.883337 0.449553
vt 0.919706 0.419706
vt 0.949553 0.383337
vt 0.971731 0.341844
vt 0.985388 0.296822
vt 0.990000 0.250000
vt 0.985388 0.203178
vt 0.971731 0.158156
vt 0.949553 0.116663
vt 0.919706 0.080294
vt 0.883337 0.050447
vt 0.841844 0.028269
vt 0.750000 0.010000
vt 0.703178 0.014612
vt 0.658156 0.028269
vt 0.616663 0.050447
vt 0.580294 0.080294
vt 0.550447 0.116663
vt 0.528269 0.158156
vt 0.510000 0.250000
vt 0.514612 0.296822
vt 0.528269 0.341844
vt 0.550447 0.383337
vt 0.580294 0.419706
vt 0.616663 0.449553
vt 0.658156 0.471731
s 1
g Cylinder.004_M_OracPed.005
usemtl M_OracPed.005
f 3216/3835/3078 3217/3836/3079 3215/3837/3077
f 3218/3838/3080 3219/3839/3081 3217/3836/3079
f 3220/3840/3082 3221/3841/3083 3219/3839/3081
f 3222/3842/3084 3223/3843/3085 3221/3841/3083
f 3224/3844/3086 3225/3845/3087 3223/3843/3085
f 3226/3846/3088 3227/3847/3089 3225/3845/3087
f 3228/3848/3090 3229/3849/3091 3227/3847/3089
f 3230/3850/3092 3231/3851/3093 3229/3849/3091
f 3232/3852/3094 3233/3853/3095 3231/3851/3093
f 3234/3854/3096 3235/3855/3097 3233/3853/3095
f 3236/3856/3098 3237/3857/3099 3235/3855/3097
f 3238/3858/3100 3239/3859/3101 3237/3857/3099
f 3240/3860/3102 3241/3861/3103 3239/3859/3101
f 3242/3862/3104 3243/3863/3105 3241/3861/3103
f 3244/3864/3106 3245/3865/3107 3243/3863/3105
f 3246/3866/3108 3247/3867/3109 3245/3865/3107
f 3248/3868/3110 3249/3869/3111 3247/3867/3109
f 3250/3870/3112 3251/3871/3113 3249/3869/3111
f 3252/3872/3114 3253/3873/3115 3251/3871/3113
f 3254/3874/3116 3255/3875/3117 3253/3873/3115
f 3256/3876/3118 3257/3877/3119 3255/3875/3117
f 3258/3878/3120 3259/3879/3121 3257/3877/3119
f 3260/3880/3122 3261/3881/3123 3259/3879/3121
f 3262/3882/3124 3263/3883/3125 3261/3881/3123
f 3264/3884/3126 3265/3885/3127 3263/3883/3125
f 3266/3886/3128 3267/3887/3129 3265/3885/3127
f 3268/3888/3130 3269/3889/3131 3267/3887/3129
f 3270/3890/3132 3271/3891/3133 3269/3889/3131
f 3272/3892/3134 3273/3893/3135 3271/3891/3133
f 3274/3894/3136 3275/3895/3137 3273/3893/3135
f 3252/3896/3114 3236/3897/3098 3220/3898/3082
f 3276/3899/3138 3277/3900/3139 3275/3895/3137
f 3278/3901/3140 3215/3902/3077 3277/3900/3139
f 3245/3903/3107 3261/3904/3123 3277/3905/3139
f 3216/3835/3078 3218/3838/3080 3217/3836/3079
f 3218/3838/3080 3220/3840/3082 3219/3839/3081
f 3220/3840/3082 3222/3842/3084 3221/3841/3083
f 3222/3842/3084 3224/3844/3086 3223/3843/3085
f 3224/3844/3086 3226/3846/3088 3225/3845/3087
f 3226/3846/3088 3228/3848/3090 3227/3847/3089
f 3228/3848/3090 3230/3850/3092 3229/3849/3091
f 3230/3850/3092 3232/3852/3094 3231/3851/3093
f 3232/3852/3094 3234/3854/3096 3233/3853/3095
f 3234/3854/3096 3236/3856/3098 3235/3855/3097
f 3236/3856/3098 3238/3858/3100 3237/3857/3099
f 3238/3858/3100 3240/3860/3102 3239/3859/3101
f 3240/3860/3102 3242/3862/3104 3241/3861/3103
f 3242/3862/3104 3244/3864/3106 3243/3863/3105
f 3244/3864/3106 3246/3866/3108 3245/3865/3107
f 3246/3866/3108 3248/3868/3110 3247/3867/3109
f 3248/3868/3110 3250/3870/3112 3249/3869/3111
f 3250/3870/3112 3252/3872/3114 3251/3871/3113
f 3252/3872/3114 3254/3874/3116 3253/3873/3115
f 3254/3874/3116 3256/3876/3118 3255/3875/3117
f 3256/3876/3118 3258/3878/3120 3257/3877/3119
f 3258/3878/3120 3260/3880/3122 3259/3879/3121
f 3260/3880/3122 3262/3882/3124 3261/3881/3123
f 3262/3882/3124 3264/3884/3126 3263/3883/3125
f 3264/3884/3126 3266/3886/3128 3265/3885/3127
f 3266/3886/3128 3268/3888/3130 3267/3887/3129
f 3268/3888/3130 3270/3890/3132 3269/3889/3131
f 3270/3890/3132 3272/3892/3134 3271/3891/3133
f 3272/3892/3134 3274/3894/3136 3273/3893/3135
f 3274/3894/3136 3276/3899/3138 3275/3895/3137
f 3220/3898/3082 3218/3906/3080 3216/3907/3078
f 3216/3907/3078 3278/3908/3140 3276/3909/3138
f 3276/3909/3138 3274/3910/3136 3272/3911/3134
f 3272/3911/3134 3270/3912/3132 3268/3913/3130
f 3268/3913/3130 3266/3914/3128 3264/3915/3126
f 3264/3915/3126 3262/3916/3124 3260/3917/3122
f 3260/3917/3122 3258/3918/3120 3256/3919/3118
f 3256/3919/3118 3254/3920/3116 3252/3896/3114
f 3252/3896/3114 3250/3921/3112 3248/3922/3110
f 3248/3922/3110 3246/3923/3108 3244/3924/3106
f 3244/3924/3106 3242/3925/3104 3240/3926/3102
f 3240/3926/3102 3238/3927/3100 3236/3897/3098
f 3236/3897/3098 3234/3928/3096 3232/3929/3094
f 3232/3929/3094 3230/3930/3092 3228/3931/3090
f 3228/3931/3090 3226/3932/3088 3224/3933/3086
f 3224/3933/3086 3222/3934/3084 3220/3898/3082
f 3220/3898/3082 3216/3907/3078 3276/3909/3138
f 3276/3909/3138 3272/3911/3134 3268/3913/3130
f 3268/3913/3130 3264/3915/3126 3260/3917/3122
f 3260/3917/3122 3256/3919/3118 3252/3896/3114
f 3252/3896/3114 3248/3922/3110 3244/3924/3106
f 3244/3924/3106 3240/3926/3102 3236/3897/3098
f 3236/3897/3098 3232/3929/3094 3228/3931/3090
f 3228/3931/3090 3224/3933/3086 3220/3898/3082
f 3220/3898/3082 3276/3909/3138 3268/3913/3130
f 3268/3913/3130 3260/3917/3122 3252/3896/3114
f 3252/3896/3114 3244/3924/3106 3236/3897/3098
f 3236/3897/3098 3228/3931/3090 3220/3898/3082
f 3220/3898/3082 3268/3913/3130 3252/3896/3114
f 3276/3899/3138 3278/3901/3140 3277/3900/3139
f 3278/3901/3140 3216/3935/3078 3215/3902/3077
f 3277/3905/3139 3215/3936/3077 3217/3937/3079
f 3217/3937/3079 3219/3938/3081 3221/3939/3083
f 3221/3939/3083 3223/3940/3085 3225/3941/3087
f 3225/3941/3087 3227/3942/3089 3229/3943/3091
f 3229/3943/3091 3231/3944/3093 3233/3945/3095
f 3233/3945/3095 3235/3946/3097 3237/3947/3099
f 3237/3947/3099 3239/3948/3101 3241/3949/3103
f 3241/3949/3103 3243/3950/3105 3245/3903/3107
f 3245/3903/3107 3247/3951/3109 3249/3952/3111
f 3249/3952/3111 3251/3953/3113 3253/3954/3115
f 3253/3954/3115 3255/3955/3117 3257/3956/3119
f 3257/3956/3119 3259/3957/3121 3261/3904/3123
f 3261/3904/3123 3263/3958/3125 3265/3959/3127
f 3265/3959/3127 3267/3960/3129 3269/3961/3131
f 3269/3961/3131 3271/3962/3133 3273/3963/3135
f 3273/3963/3135 3275/3964/3137 3277/3905/3139
f 3277/3905/3139 3217/3937/3079 3221/3939/3083
f 3221/3939/3083 3225/3941/3087 3229/3943/3091
f 3229/3943/3091 3233/3945/3095 3237/3947/3099
f 3237/3947/3099 3241/3949/3103 3245/3903/3107
f 3245/3903/3107 3249/3952/3111 3253/3954/3115
f 3253/3954/3115 3257/3956/3119 3261/3904/3123
f 3261/3904/3123 3265/3959/3127 3269/3961/3131
f 3269/3961/3131 3273/3963/3135 3277/3905/3139
f 3277/3905/3139 3221/3939/3083 3229/3943/3091
f 3229/3943/3091 3237/3947/3099 3245/3903/3107
f 3245/3903/3107 3253/3954/3115 3261/3904/3123
f 3261/3904/3123 3269/3961/3131 3277/3905/3139
f 3277/3905/3139 3229/3943/3091 3245/3903/3107
o Cylinder.005
v -0.395559 0.315849 1.588051
v -0.927466 -0.515294 2.509341
v -0.428783 0.318726 1.571464
v -0.960691 -0.512417 2.492754
v -0.462979 0.327246 1.559407
v -0.994887 -0.503897 2.480698
v -0.496832 0.341082 1.552345
v -1.028739 -0.490061 2.473635
v -0.529040 0.359702 1.550547
v -1.060947 -0.471441 2.471838
v -0.558366 0.382390 1.554084
v -1.090274 -0.448753 2.475374
v -0.583684 0.408275 1.562819
v -1.115591 -0.422868 2.484109
v -0.604019 0.436362 1.576417
v -1.135926 -0.394781 2.497707
v -0.618591 0.465572 1.594355
v -1.150499 -0.365571 2.515645
v -0.626840 0.494781 1.615944
v -1.158747 -0.336362 2.537234
v -0.628448 0.522868 1.640354
v -1.160356 -0.308275 2.561644
v -0.623355 0.548753 1.666647
v -1.155262 -0.282390 2.587937
v -0.611754 0.571441 1.693812
v -1.143661 -0.259702 2.615103
v -0.594093 0.590061 1.720807
v -1.126001 -0.241082 2.642097
v -0.571051 0.603897 1.746593
v -1.102958 -0.227246 2.667883
v -0.543512 0.612417 1.770179
v -1.075419 -0.218726 2.691469
v -0.512534 0.615294 1.790659
v -1.044441 -0.215849 2.711949
v -0.479309 0.612417 1.807246
v -1.011217 -0.218726 2.728536
v -0.445114 0.603897 1.819302
v -0.977021 -0.227246 2.740593
v -0.411261 0.590061 1.826365
v -0.943168 -0.241082 2.747656
v -0.379053 0.571441 1.828163
v -0.910960 -0.259702 2.749453
v -0.349726 0.548753 1.824626
v -0.881634 -0.282390 2.745916
v -0.324409 0.522868 1.815891
v -0.856316 -0.308275 2.737181
v -0.304074 0.494781 1.802293
v -0.835981 -0.336362 2.723583
v -0.289502 0.465572 1.784355
v -0.821409 -0.365571 2.705645
v -0.281253 0.436362 1.762766
v -0.813160 -0.394781 2.684057
v -0.279644 0.408275 1.738356
v -0.811552 -0.422868 2.659647
v -0.284738 0.382390 1.712063
v -0.816646 -0.448753 2.633353
v -0.296338 0.359702 1.684897
v -0.828246 -0.471441 2.606188
v -0.313999 0.341082 1.657903
v -0.845907 -0.490061 2.579193
v -0.337042 0.327246 1.632117
v -0.868949 -0.503897 2.553408
v -0.364581 0.318726 1.608531
v -0.896489 -0.512417 2.529821
vn 0.4942 -0.1514 -0.8560
vn -0.0461 -0.9957 0.0798
vn 0.3669 -0.1404 -0.9196
vn -0.1734 -0.9847 0.0163
vn 0.2359 -0.1078 -0.9658
vn -0.3044 -0.9521 -0.0299
vn 0.1062 -0.0548 -0.9928
vn -0.4341 -0.8991 -0.0569
vn -0.0171 0.0166 -0.9997
vn -0.5575 -0.8277 -0.0638
vn -0.1295 0.1035 -0.9862
vn -0.6698 -0.7408 -0.0503
vn -0.2265 0.2027 -0.9527
vn -0.7668 -0.6416 -0.0168
vn -0.3044 0.3102 -0.9006
vn -0.8447 -0.5341 0.0353
vn -0.3602 0.4222 -0.8319
vn -0.9005 -0.4222 0.1040
vn -0.3918 0.5341 -0.7492
vn -0.9321 -0.3103 0.1867
vn -0.3980 0.6417 -0.6557
vn -0.9383 -0.2026 0.2802
vn -0.3785 0.7408 -0.5549
vn -0.9188 -0.1035 0.3810
vn -0.3340 0.8277 -0.4509
vn -0.8743 -0.0166 0.4850
vn -0.2664 0.8991 -0.3474
vn -0.8067 0.0548 0.5884
vn -0.1781 0.9521 -0.2487
vn -0.7184 0.1078 0.6872
vn -0.0726 0.9847 -0.1583
vn -0.6129 0.1404 0.7776
vn 0.0461 0.9957 -0.0799
vn -0.4942 0.1514 0.8560
vn 0.1734 0.9847 -0.0163
vn -0.3669 0.1404 0.9196
vn 0.3044 0.9521 0.0299
vn -0.2359 0.1078 0.9658
vn 0.4341 0.8991 0.0570
vn -0.1063 0.0548 0.9928
vn 0.5575 0.8277 0.0638
vn 0.0171 -0.0166 0.9997
vn 0.6698 0.7408 0.0503
vn 0.1295 -0.1035 0.9862
vn 0.7668 0.6417 0.0168
vn 0.2265 -0.2026 0.9527
vn 0.8447 0.5340 -0.0352
vn 0.3044 -0.3103 0.9006
vn 0.9005 0.4222 -0.1040
vn 0.3602 -0.4222 0.8319
vn 0.9321 0.3103 -0.1867
vn 0.3918 -0.5341 0.7492
vn 0.9383 0.2027 -0.2802
vn 0.3980 -0.6416 0.6557
vn 0.9188 0.1035 -0.3809
vn 0.3784 -0.7408 0.5549
vn 0.8743 0.0166 -0.4850
vn 0.3340 -0.8277 0.4509
vn 0.8067 -0.0548 -0.5884
vn 0.2663 -0.8991 0.3475
vn 0.7184 -0.1078 -0.6872
vn 0.1781 -0.9521 0.2486
vn 0.6129 -0.1404 -0.7776
vn 0.0726 -0.9847 0.1583
vt 1.000000 1.000000
vt 0.968750 0.500000
vt 1.000000 0.500000
vt 0.968750 1.000000
vt 0.937500 0.500000
vt 0.937500 1.000000
vt 0.906250 0.500000
vt 0.906250 1.000000
vt 0.875000 0.500000
vt 0.875000 1.000000
vt 0.843750 0.500000
vt 0.843750 1.000000
vt 0.812500 0.500000
vt 0.812500 1.000000
vt 0.781250 0.500000
vt 0.781250 1.000000
vt 0.750000 0.500000
vt 0.750000 1.000000
vt 0.718750 0.500000
vt 0.718750 1.000000
vt 0.687500 0.500000
vt 0.687500 1.000000
vt 0.656250 0.500000
vt 0.656250 1.000000
vt 0.625000 0.500000
vt 0.625000 1.000000
vt 0.593750 0.500000
vt 0.593750 1.000000
vt 0.562500 0.500000
vt 0.562500 1.000000
vt 0.531250 0.500000
vt 0.531250 1.000000
vt 0.500000 0.500000
vt 0.500000 1.000000
vt 0.468750 0.500000
vt 0.468750 1.000000
vt 0.437500 0.500000
vt 0.437500 1.000000
vt 0.406250 0.500000
vt 0.406250 1.000000
vt 0.375000 0.500000
vt 0.375000 1.000000
vt 0.343750 0.500000
vt 0.343750 1.000000
vt 0.312500 0.500000
vt 0.312500 1.000000
vt 0.281250 0.500000
vt 0.281250 1.000000
vt 0.250000 0.500000
vt 0.250000 1.000000
vt 0.218750 0.500000
vt 0.218750 1.000000
vt 0.187500 0.500000
vt 0.187500 1.000000
vt 0.156250 0.500000
vt 0.156250 1.000000
vt 0.125000 0.500000
vt 0.125000 1.000000
vt 0.093750 0.500000
vt 0.093750 1.000000
vt 0.062500 0.500000
vt 0.158156 0.028269
vt 0.471731 0.158156
vt 0.341844 0.471731
vt 0.062500 1.000000
vt 0.031250 0.500000
vt 0.031250 1.000000
vt 0.000000 0.500000
vt 0.796822 0.014612
vt 0.514612 0.203178
vt 0.703178 0.485388
vt 0.296822 0.485388
vt 0.250000 0.490000
vt 0.203178 0.485388
vt 0.158156 0.471731
vt 0.116663 0.449553
vt 0.080294 0.419706
vt 0.050447 0.383337
vt 0.028269 0.341844
vt 0.014612 0.296822
vt 0.010000 0.250000
vt 0.014612 0.203178
vt 0.028269 0.158156
vt 0.050447 0.116663
vt 0.080294 0.080294
vt 0.116663 0.050447
vt 0.203178 0.014612
vt 0.250000 0.010000
vt 0.296822 0.014612
vt 0.341844 0.028269
vt 0.383337 0.050447
vt 0.419706 0.080294
vt 0.449553 0.116663
vt 0.485388 0.203178
vt 0.490000 0.250000
vt 0.485388 0.296822
vt 0.471731 0.341844
vt 0.449553 0.383337
vt 0.419706 0.419706
vt 0.383337 0.449553
vt 0.000000 1.000000
vt 0.750000 0.490000
vt 0.796822 0.485388
vt 0.841844 0.471731
vt 0.883337 0.449553
vt 0.919706 0.419706
vt 0.949553 0.383337
vt 0.971731 0.341844
vt 0.985388 0.296822
vt 0.990000 0.250000
vt 0.985388 0.203178
vt 0.971731 0.158156
vt 0.949553 0.116663
vt 0.919706 0.080294
vt 0.883337 0.050447
vt 0.841844 0.028269
vt 0.750000 0.010000
vt 0.703178 0.014612
vt 0.658156 0.028269
vt 0.616663 0.050447
vt 0.580294 0.080294
vt 0.550447 0.116663
vt 0.528269 0.158156
vt 0.510000 0.250000
vt 0.514612 0.296822
vt 0.528269 0.341844
vt 0.550447 0.383337
vt 0.580294 0.419706
vt 0.616663 0.449553
vt 0.658156 0.471731
s 1
g Cylinder.005_M_OracPed.006
usemtl M_OracPed.006
f 3280/3965/3142 3281/3966/3143 3279/3967/3141
f 3282/3968/3144 3283/3969/3145 3281/3966/3143
f 3284/3970/3146 3285/3971/3147 3283/3969/3145
f 3286/3972/3148 3287/3973/3149 3285/3971/3147
f 3288/3974/3150 3289/3975/3151 3287/3973/3149
f 3290/3976/3152 3291/3977/3153 3289/3975/3151
f 3292/3978/3154 3293/3979/3155 3291/3977/3153
f 3294/3980/3156 3295/3981/3157 3293/3979/3155
f 3296/3982/3158 3297/3983/3159 3295/3981/3157
f 3298/3984/3160 3299/3985/3161 3297/3983/3159
f 3300/3986/3162 3301/3987/3163 3299/3985/3161
f 3302/3988/3164 3303/3989/3165 3301/3987/3163
f 3304/3990/3166 3305/3991/3167 3303/3989/3165
f 3306/3992/3168 3307/3993/3169 3305/3991/3167
f 3308/3994/3170 3309/3995/3171 3307/3993/3169
f 3310/3996/3172 3311/3997/3173 3309/3995/3171
f 3312/3998/3174 3313/3999/3175 3311/3997/3173
f 3314/4000/3176 3315/4001/3177 3313/3999/3175
f 3316/4002/3178 3317/4003/3179 3315/4001/3177
f 3318/4004/3180 3319/4005/3181 3317/4003/3179
f 3320/4006/3182 3321/4007/3183 3319/4005/3181
f 3322/4008/3184 3323/4009/3185 3321/4007/3183
f 3324/4010/3186 3325/4011/3187 3323/4009/3185
f 3326/4012/3188 3327/4013/3189 3325/4011/3187
f 3328/4014/3190 3329/4015/3191 3327/4013/3189
f 3330/4016/3192 3331/4017/3193 3329/4015/3191
f 3332/4018/3194 3333/4019/3195 3331/4017/3193
f 3334/4020/3196 3335/4021/3197 3333/4019/3195
f 3336/4022/3198 3337/4023/3199 3335/4021/3197
f 3338/4024/3200 3339/4025/3201 3337/4023/3199
f 3316/4026/3178 3300/4027/3162 3284/4028/3146
f 3340/4029/3202 3341/4030/3203 3339/4025/3201
f 3342/4031/3204 3279/4032/3141 3341/4030/3203
f 3309/4033/3171 3325/4034/3187 3341/4035/3203
f 3280/3965/3142 3282/3968/3144 3281/3966/3143
f 3282/3968/3144 3284/3970/3146 3283/3969/3145
f 3284/3970/3146 3286/3972/3148 3285/3971/3147
f 3286/3972/3148 3288/3974/3150 3287/3973/3149
f 3288/3974/3150 3290/3976/3152 3289/3975/3151
f 3290/3976/3152 3292/3978/3154 3291/3977/3153
f 3292/3978/3154 3294/3980/3156 3293/3979/3155
f 3294/3980/3156 3296/3982/3158 3295/3981/3157
f 3296/3982/3158 3298/3984/3160 3297/3983/3159
f 3298/3984/3160 3300/3986/3162 3299/3985/3161
f 3300/3986/3162 3302/3988/3164 3301/3987/3163
f 3302/3988/3164 3304/3990/3166 3303/3989/3165
f 3304/3990/3166 3306/3992/3168 3305/3991/3167
f 3306/3992/3168 3308/3994/3170 3307/3993/3169
f 3308/3994/3170 3310/3996/3172 3309/3995/3171
f 3310/3996/3172 3312/3998/3174 3311/3997/3173
f 3312/3998/3174 3314/4000/3176 3313/3999/3175
f 3314/4000/3176 3316/4002/3178 3315/4001/3177
f 3316/4002/3178 3318/4004/3180 3317/4003/3179
f 3318/4004/3180 3320/4006/3182 3319/4005/3181
f 3320/4006/3182 3322/4008/3184 3321/4007/3183
f 3322/4008/3184 3324/4010/3186 3323/4009/3185
f 3324/4010/3186 3326/4012/3188 3325/4011/3187
f 3326/4012/3188 3328/4014/3190 3327/4013/3189
f 3328/4014/3190 3330/4016/3192 3329/4015/3191
f 3330/4016/3192 3332/4018/3194 3331/4017/3193
f 3332/4018/3194 3334/4020/3196 3333/4019/3195
f 3334/4020/3196 3336/4022/3198 3335/4021/3197
f 3336/4022/3198 3338/4024/3200 3337/4023/3199
f 3338/4024/3200 3340/4029/3202 3339/4025/3201
f 3284/4028/3146 3282/4036/3144 3280/4037/3142
f 3280/4037/3142 3342/4038/3204 3340/4039/3202
f 3340/4039/3202 3338/4040/3200 3336/4041/3198
f 3336/4041/3198 3334/4042/3196 3332/4043/3194
f 3332/4043/3194 3330/4044/3192 3328/4045/3190
f 3328/4045/3190 3326/4046/3188 3324/4047/3186
f 3324/4047/3186 3322/4048/3184 3320/4049/3182
f 3320/4049/3182 3318/4050/3180 3316/4026/3178
f 3316/4026/3178 3314/4051/3176 3312/4052/3174
f 3312/4052/3174 3310/4053/3172 3308/4054/3170
f 3308/4054/3170 3306/4055/3168 3304/4056/3166
f 3304/4056/3166 3302/4057/3164 3300/4027/3162
f 3300/4027/3162 3298/4058/3160 3296/4059/3158
f 3296/4059/3158 3294/4060/3156 3292/4061/3154
f 3292/4061/3154 3290/4062/3152 3288/4063/3150
f 3288/4063/3150 3286/4064/3148 3284/4028/3146
f 3284/4028/3146 3280/4037/3142 3340/4039/3202
f 3340/4039/3202 3336/4041/3198 3332/4043/3194
f 3332/4043/3194 3328/4045/3190 3324/4047/3186
f 3324/4047/3186 3320/4049/3182 3316/4026/3178
f 3316/4026/3178 3312/4052/3174 3308/4054/3170
f 3308/4054/3170 3304/4056/3166 3300/4027/3162
f 3300/4027/3162 3296/4059/3158 3292/4061/3154
f 3292/4061/3154 3288/4063/3150 3284/4028/3146
f 3284/4028/3146 3340/4039/3202 3332/4043/3194
f 3332/4043/3194 3324/4047/3186 3316/4026/3178
f 3316/4026/3178 3308/4054/3170 3300/4027/3162
f 3300/4027/3162 3292/4061/3154 3284/4028/3146
f 3284/4028/3146 3332/4043/3194 3316/4026/3178
f 3340/4029/3202 3342/4031/3204 3341/4030/3203
f 3342/4031/3204 3280/4065/3142 3279/4032/3141
f 3341/4035/3203 3279/4066/3141 3281/4067/3143
f 3281/4067/3143 3283/4068/3145 3285/4069/3147
f 3285/4069/3147 3287/4070/3149 3289/4071/3151
f 3289/4071/3151 3291/4072/3153 3293/4073/3155
f 3293/4073/3155 3295/4074/3157 3297/4075/3159
f 3297/4075/3159 3299/4076/3161 3301/4077/3163
f 3301/4077/3163 3303/4078/3165 3305/4079/3167
f 3305/4079/3167 3307/4080/3169 3309/4033/3171
f 3309/4033/3171 3311/4081/3173 3313/4082/3175
f 3313/4082/3175 3315/4083/3177 3317/4084/3179
f 3317/4084/3179 3319/4085/3181 3321/4086/3183
f 3321/4086/3183 3323/4087/3185 3325/4034/3187
f 3325/4034/3187 3327/4088/3189 3329/4089/3191
f 3329/4089/3191 3331/4090/3193 3333/4091/3195
f 3333/4091/3195 3335/4092/3197 3337/4093/3199
f 3337/4093/3199 3339/4094/3201 3341/4035/3203
f 3341/4035/3203 3281/4067/3143 3285/4069/3147
f 3285/4069/3147 3289/4071/3151 3293/4073/3155
f 3293/4073/3155 3297/4075/3159 3301/4077/3163
f 3301/4077/3163 3305/4079/3167 3309/4033/3171
f 3309/4033/3171 3313/4082/3175 3317/4084/3179
f 3317/4084/3179 3321/4086/3183 3325/4034/3187
f 3325/4034/3187 3329/4089/3191 3333/4091/3195
f 3333/4091/3195 3337/4093/3199 3341/4035/3203
f 3341/4035/3203 3285/4069/3147 3293/4073/3155
f 3293/4073/3155 3301/4077/3163 3309/4033/3171
f 3309/4033/3171 3317/4084/3179 3325/4034/3187
f 3325/4034/3187 3333/4091/3195 3341/4035/3203
f 3341/4035/3203 3293/4073/3155 3309/4033/3171
o Torus.003
v -0.390000 0.650000 3.350000
v -0.377942 0.695000 3.350000
v -0.345000 0.727942 3.350000
v -0.300000 0.740000 3.350000
v -0.255000 0.727942 3.350000
v -0.222058 0.695000 3.350000
v -0.210000 0.650000 3.350000
v -0.222058 0.605000 3.350000
v -0.255000 0.572058 3.350000
v -0.300000 0.560000 3.350000
v -0.345000 0.572058 3.350000
v -0.377942 0.605000 3.350000
v -0.386664 0.650000 3.400905
v -0.374709 0.695000 3.399331
v -0.342049 0.727942 3.395031
v -0.297433 0.740000 3.389158
v -0.252818 0.727942 3.383284
v -0.220158 0.695000 3.378984
v -0.208203 0.650000 3.377410
v -0.220158 0.605000 3.378984
v -0.252818 0.572058 3.383284
v -0.297433 0.560000 3.389158
v -0.342049 0.572058 3.395031
v -0.374709 0.605000 3.399331
v -0.376711 0.650000 3.450939
v -0.365064 0.695000 3.447819
v -0.333244 0.727942 3.439292
v -0.289778 0.740000 3.427646
v -0.246311 0.727942 3.415999
v -0.214491 0.695000 3.407473
v -0.202844 0.650000 3.404352
v -0.214491 0.605000 3.407473
v -0.246311 0.572058 3.415999
v -0.289778 0.560000 3.427646
v -0.333244 0.572058 3.439292
v -0.365064 0.605000 3.447819
v -0.360313 0.650000 3.499246
v -0.349173 0.695000 3.494632
v -0.318738 0.727942 3.482026
v -0.277164 0.740000 3.464805
v -0.235589 0.727942 3.447584
v -0.205155 0.695000 3.434978
v -0.194015 0.650000 3.430363
v -0.205155 0.605000 3.434978
v -0.235589 0.572058 3.447584
v -0.277164 0.560000 3.464805
v -0.318738 0.572058 3.482026
v -0.349173 0.605000 3.494632
v -0.337750 0.650000 3.545000
v -0.327308 0.695000 3.538971
v -0.298779 0.727942 3.522500
v -0.259808 0.740000 3.500000
v -0.220836 0.727942 3.477500
v -0.192308 0.695000 3.461029
v -0.181865 0.650000 3.455000
v -0.192308 0.605000 3.461029
v -0.220836 0.572058 3.477500
v -0.259808 0.560000 3.500000
v -0.298779 0.572058 3.522500
v -0.327308 0.605000 3.538971
v -0.309408 0.650000 3.587417
v -0.299842 0.695000 3.580076
v -0.273707 0.727942 3.560023
v -0.238006 0.740000 3.532628
v -0.202305 0.727942 3.505234
v -0.176170 0.695000 3.485180
v -0.166604 0.650000 3.477840
v -0.176170 0.605000 3.485180
v -0.202305 0.572058 3.505234
v -0.238006 0.560000 3.532628
v -0.273707 0.572058 3.560023
v -0.299842 0.605000 3.580076
v -0.275772 0.650000 3.625772
v -0.267246 0.695000 3.617245
v -0.243952 0.727942 3.593952
v -0.212132 0.740000 3.562132
v -0.180312 0.727942 3.530312
v -0.157018 0.695000 3.507018
v -0.148492 0.650000 3.498492
v -0.157018 0.605000 3.507018
v -0.180312 0.572058 3.530312
v -0.212132 0.560000 3.562132
v -0.243952 0.572058 3.593952
v -0.267246 0.605000 3.617245
v -0.237417 0.650000 3.659408
v -0.230077 0.695000 3.649842
v -0.210023 0.727942 3.623707
v -0.182628 0.740000 3.588006
v -0.155234 0.727942 3.552305
v -0.135180 0.695000 3.526170
v -0.127840 0.650000 3.516604
v -0.135180 0.605000 3.526170
v -0.155234 0.572058 3.552305
v -0.182628 0.560000 3.588006
v -0.210023 0.572058 3.623707
v -0.230077 0.605000 3.649842
v -0.195000 0.650000 3.687750
v -0.188971 0.695000 3.677308
v -0.172500 0.727942 3.648779
v -0.150000 0.740000 3.609807
v -0.127500 0.727942 3.570836
v -0.111029 0.695000 3.542308
v -0.105000 0.650000 3.531865
v -0.111029 0.605000 3.542308
v -0.127500 0.572058 3.570836
v -0.150000 0.560000 3.609807
v -0.172500 0.572058 3.648779
v -0.188971 0.605000 3.677308
v -0.149247 0.650000 3.710313
v -0.144632 0.695000 3.699173
v -0.132026 0.727942 3.668738
v -0.114805 0.740000 3.627164
v -0.097584 0.727942 3.585589
v -0.084978 0.695000 3.555155
v -0.080364 0.650000 3.544015
v -0.084978 0.605000 3.555155
v -0.097584 0.572058 3.585589
v -0.114805 0.560000 3.627164
v -0.132026 0.572058 3.668738
v -0.144632 0.605000 3.699173
v -0.100939 0.650000 3.726711
v -0.097819 0.695000 3.715064
v -0.089293 0.727942 3.683244
v -0.077646 0.740000 3.639778
v -0.065999 0.727942 3.596311
v -0.057473 0.695000 3.564491
v -0.054352 0.650000 3.552844
v -0.057473 0.605000 3.564491
v -0.065999 0.572058 3.596311
v -0.077646 0.560000 3.639778
v -0.089293 0.572058 3.683244
v -0.097819 0.605000 3.715064
v -0.050905 0.650000 3.736663
v -0.049331 0.695000 3.724709
v -0.045031 0.727942 3.692049
v -0.039158 0.740000 3.647433
v -0.033284 0.727942 3.602818
v -0.028984 0.695000 3.570158
v -0.027410 0.650000 3.558203
v -0.028984 0.605000 3.570158
v -0.033284 0.572058 3.602818
v -0.039158 0.560000 3.647433
v -0.045031 0.572058 3.692049
v -0.049331 0.605000 3.724709
v -0.000000 0.650000 3.740000
v -0.000000 0.695000 3.727942
v -0.000000 0.727942 3.695000
v -0.000000 0.740000 3.650000
v -0.000000 0.727942 3.605000
v -0.000000 0.695000 3.572058
v -0.000000 0.650000 3.560000
v -0.000000 0.605000 3.572058
v -0.000000 0.572058 3.605000
v -0.000000 0.560000 3.650000
v -0.000000 0.572058 3.695000
v -0.000000 0.605000 3.727942
v 0.050905 0.650000 3.736663
v 0.049331 0.695000 3.724709
v 0.045032 0.727942 3.692048
v 0.039158 0.740000 3.647433
v 0.033284 0.727942 3.602818
v 0.028984 0.695000 3.570158
v 0.027411 0.650000 3.558203
v 0.028984 0.605000 3.570158
v 0.033284 0.572058 3.602818
v 0.039158 0.560000 3.647433
v 0.045032 0.572058 3.692048
v 0.049331 0.605000 3.724709
v 0.100939 0.650000 3.726711
v 0.097819 0.695000 3.715064
v 0.089293 0.727942 3.683244
v 0.077646 0.740000 3.639778
v 0.065999 0.727942 3.596311
v 0.057473 0.695000 3.564491
v 0.054352 0.650000 3.552844
v 0.057473 0.605000 3.564491
v 0.065999 0.572058 3.596311
v 0.077646 0.560000 3.639778
v 0.089293 0.572058 3.683244
v 0.097819 0.605000 3.715064
v 0.149247 0.650000 3.710313
v 0.144632 0.695000 3.699173
v 0.132026 0.727942 3.668738
v 0.114805 0.740000 3.627164
v 0.097584 0.727942 3.585589
v 0.084978 0.695000 3.555155
v 0.080364 0.650000 3.544015
v 0.084978 0.605000 3.555155
v 0.097584 0.572058 3.585589
v 0.114805 0.560000 3.627164
v 0.132026 0.572058 3.668738
v 0.144632 0.605000 3.699173
v 0.195000 0.650000 3.687750
v 0.188971 0.695000 3.677308
v 0.172500 0.727942 3.648779
v 0.150000 0.740000 3.609807
v 0.127500 0.727942 3.570836
v 0.111029 0.695000 3.542308
v 0.105000 0.650000 3.531865
v 0.111029 0.605000 3.542308
v 0.127500 0.572058 3.570836
v 0.150000 0.560000 3.609807
v 0.172500 0.572058 3.648779
v 0.188971 0.605000 3.677308
v 0.237417 0.650000 3.659408
v 0.230077 0.695000 3.649842
v 0.210023 0.727942 3.623707
v 0.182628 0.740000 3.588006
v 0.155234 0.727942 3.552305
v 0.135180 0.695000 3.526170
v 0.127840 0.650000 3.516604
v 0.135180 0.605000 3.526170
v 0.155234 0.572058 3.552305
v 0.182628 0.560000 3.588006
v 0.210023 0.572058 3.623707
v 0.230077 0.605000 3.649842
v 0.275772 0.650000 3.625772
v 0.267246 0.695000 3.617245
v 0.243952 0.727942 3.593952
v 0.212132 0.740000 3.562132
v 0.180312 0.727942 3.530312
v 0.157019 0.695000 3.507018
v 0.148492 0.650000 3.498492
v 0.157019 0.605000 3.507018
v 0.180312 0.572058 3.530312
v 0.212132 0.560000 3.562132
v 0.243952 0.572058 3.593952
v 0.267246 0.605000 3.617245
v 0.309408 0.650000 3.587417
v 0.299842 0.695000 3.580077
v 0.273707 0.727942 3.560023
v 0.238006 0.740000 3.532628
v 0.202305 0.727942 3.505234
v 0.176170 0.695000 3.485180
v 0.166604 0.650000 3.477840
v 0.176170 0.605000 3.485180
v 0.202305 0.572058 3.505234
v 0.238006 0.560000 3.532628
v 0.273707 0.572058 3.560023
v 0.299842 0.605000 3.580077
v 0.337750 0.650000 3.545000
v 0.327308 0.695000 3.538971
v 0.298779 0.727942 3.522500
v 0.259808 0.740000 3.500000
v 0.220836 0.727942 3.477500
v 0.192308 0.695000 3.461029
v 0.181865 0.650000 3.455000
v 0.192308 0.605000 3.461029
v 0.220836 0.572058 3.477500
v 0.259808 0.560000 3.500000
v 0.298779 0.572058 3.522500
v 0.327308 0.605000 3.538971
v 0.360313 0.650000 3.499246
v 0.349173 0.695000 3.494632
v 0.318738 0.727942 3.482026
v 0.277164 0.740000 3.464805
v 0.235589 0.727942 3.447584
v 0.205155 0.695000 3.434978
v 0.194015 0.650000 3.430363
v 0.205155 0.605000 3.434978
v 0.235589 0.572058 3.447584
v 0.277164 0.560000 3.464805
v 0.318738 0.572058 3.482026
v 0.349173 0.605000 3.494632
v 0.376711 0.650000 3.450939
v 0.365064 0.695000 3.447819
v 0.333244 0.727942 3.439292
v 0.289778 0.740000 3.427646
v 0.246311 0.727942 3.415999
v 0.214491 0.695000 3.407473
v 0.202844 0.650000 3.404352
v 0.214491 0.605000 3.407473
v 0.246311 0.572058 3.415999
v 0.289778 0.560000 3.427646
v 0.333244 0.572058 3.439292
v 0.365064 0.605000 3.447819
v 0.386663 0.650000 3.400905
v 0.374709 0.695000 3.399331
v 0.342048 0.727942 3.395031
v 0.297433 0.740000 3.389158
v 0.252818 0.727942 3.383284
v 0.220158 0.695000 3.378984
v 0.208203 0.650000 3.377410
v 0.220158 0.605000 3.378984
v 0.252818 0.572058 3.383284
v 0.297433 0.560000 3.389158
v 0.342048 0.572058 3.395031
v 0.374709 0.605000 3.399331
v 0.390000 0.650000 3.350000
v 0.377942 0.695000 3.350000
v 0.345000 0.727942 3.350000
v 0.300000 0.740000 3.350000
v 0.255000 0.727942 3.350000
v 0.222058 0.695000 3.350000
v 0.210000 0.650000 3.350000
v 0.222058 0.605000 3.350000
v 0.255000 0.572058 3.350000
v 0.300000 0.560000 3.350000
v 0.345000 0.572058 3.350000
v 0.377942 0.605000 3.350000
v 0.386663 0.650000 3.299095
v 0.374709 0.695000 3.300668
v 0.342048 0.727942 3.304968
v 0.297433 0.740000 3.310842
v 0.252818 0.727942 3.316716
v 0.220158 0.695000 3.321016
v 0.208203 0.650000 3.322589
v 0.220158 0.605000 3.321016
v 0.252818 0.572058 3.316716
v 0.297433 0.560000 3.310842
v 0.342048 0.572058 3.304968
v 0.374709 0.605000 3.300668
v 0.376711 0.650000 3.249061
v 0.365064 0.695000 3.252181
v 0.333244 0.727942 3.260707
v 0.289778 0.740000 3.272354
v 0.246311 0.727942 3.284001
v 0.214491 0.695000 3.292527
v 0.202844 0.650000 3.295648
v 0.214491 0.605000 3.292527
v 0.246311 0.572058 3.284001
v 0.289778 0.560000 3.272354
v 0.333244 0.572058 3.260707
v 0.365064 0.605000 3.252181
v 0.360313 0.650000 3.200753
v 0.349173 0.695000 3.205368
v 0.318739 0.727942 3.217974
v 0.277164 0.740000 3.235195
v 0.235589 0.727942 3.252416
v 0.205155 0.695000 3.265022
v 0.194015 0.650000 3.269636
v 0.205155 0.605000 3.265022
v 0.235589 0.572058 3.252416
v 0.277164 0.560000 3.235195
v 0.318739 0.572058 3.217974
v 0.349173 0.605000 3.205368
v 0.337750 0.650000 3.155000
v 0.327308 0.695000 3.161029
v 0.298779 0.727942 3.177500
v 0.259808 0.740000 3.200000
v 0.220837 0.727942 3.222500
v 0.192308 0.695000 3.238971
v 0.181865 0.650000 3.245000
v 0.192308 0.605000 3.238971
v 0.220837 0.572058 3.222500
v 0.259808 0.560000 3.200000
v 0.298779 0.572058 3.177500
v 0.327308 0.605000 3.161029
v 0.309408 0.650000 3.112583
v 0.299842 0.695000 3.119923
v 0.273707 0.727942 3.139977
v 0.238006 0.740000 3.167372
v 0.202305 0.727942 3.194766
v 0.176170 0.695000 3.214820
v 0.166604 0.650000 3.222160
v 0.176170 0.605000 3.214820
v 0.202305 0.572058 3.194766
v 0.238006 0.560000 3.167372
v 0.273707 0.572058 3.139977
v 0.299842 0.605000 3.119923
v 0.275772 0.650000 3.074228
v 0.267246 0.695000 3.082754
v 0.243952 0.727942 3.106048
v 0.212132 0.740000 3.137868
v 0.180312 0.727942 3.169688
v 0.157019 0.695000 3.192981
v 0.148492 0.650000 3.201508
v 0.157019 0.605000 3.192981
v 0.180312 0.572058 3.169688
v 0.212132 0.560000 3.137868
v 0.243952 0.572058 3.106048
v 0.267246 0.605000 3.082754
v 0.237417 0.650000 3.040592
v 0.230077 0.695000 3.050158
v 0.210023 0.727942 3.076293
v 0.182629 0.740000 3.111994
v 0.155234 0.727942 3.147695
v 0.135180 0.695000 3.173830
v 0.127840 0.650000 3.183396
v 0.135180 0.605000 3.173830
v 0.155234 0.572058 3.147695
v 0.182629 0.560000 3.111994
v 0.210023 0.572058 3.076293
v 0.230077 0.605000 3.050158
v 0.195000 0.650000 3.012250
v 0.188971 0.695000 3.022692
v 0.172500 0.727942 3.051221
v 0.150000 0.740000 3.090192
v 0.127500 0.727942 3.129164
v 0.111029 0.695000 3.157692
v 0.105000 0.650000 3.168134
v 0.111029 0.605000 3.157692
v 0.127500 0.572058 3.129164
v 0.150000 0.560000 3.090192
v 0.172500 0.572058 3.051221
v 0.188971 0.605000 3.022692
v 0.149247 0.650000 2.989687
v 0.144632 0.695000 3.000827
v 0.132026 0.727942 3.031261
v 0.114805 0.740000 3.072836
v 0.097584 0.727942 3.114411
v 0.084978 0.695000 3.144845
v 0.080364 0.650000 3.155985
v 0.084978 0.605000 3.144845
v 0.097584 0.572058 3.114411
v 0.114805 0.560000 3.072836
v 0.132026 0.572058 3.031261
v 0.144632 0.605000 3.000827
v 0.100940 0.650000 2.973289
v 0.097819 0.695000 2.984936
v 0.089293 0.727942 3.016756
v 0.077646 0.740000 3.060222
v 0.065999 0.727942 3.103689
v 0.057473 0.695000 3.135509
v 0.054352 0.650000 3.147156
v 0.057473 0.605000 3.135509
v 0.065999 0.572058 3.103689
v 0.077646 0.560000 3.060222
v 0.089293 0.572058 3.016756
v 0.097819 0.605000 2.984936
v 0.050905 0.650000 2.963336
v 0.049332 0.695000 2.975291
v 0.045032 0.727942 3.007951
v 0.039158 0.740000 3.052567
v 0.033284 0.727942 3.097182
v 0.028984 0.695000 3.129842
v 0.027411 0.650000 3.141797
v 0.028984 0.605000 3.129842
v 0.033284 0.572058 3.097182
v 0.039158 0.560000 3.052567
v 0.045032 0.572058 3.007951
v 0.049332 0.605000 2.975291
v -0.000000 0.650000 2.960000
v -0.000000 0.695000 2.972058
v -0.000000 0.727942 3.005000
v -0.000000 0.740000 3.050000
v -0.000000 0.727942 3.095000
v -0.000000 0.695000 3.127942
v -0.000000 0.650000 3.140000
v -0.000000 0.605000 3.127942
v -0.000000 0.572058 3.095000
v -0.000000 0.560000 3.050000
v -0.000000 0.572058 3.005000
v -0.000000 0.605000 2.972058
v -0.050905 0.650000 2.963336
v -0.049331 0.695000 2.975291
v -0.045031 0.727942 3.007951
v -0.039158 0.740000 3.052567
v -0.033284 0.727942 3.097182
v -0.028984 0.695000 3.129842
v -0.027410 0.650000 3.141797
v -0.028984 0.605000 3.129842
v -0.033284 0.572058 3.097182
v -0.039158 0.560000 3.052567
v -0.045031 0.572058 3.007951
v -0.049331 0.605000 2.975291
v -0.100939 0.650000 2.973289
v -0.097818 0.695000 2.984936
v -0.089292 0.727942 3.016755
v -0.077646 0.740000 3.060222
v -0.065999 0.727942 3.103689
v -0.057473 0.695000 3.135509
v -0.054352 0.650000 3.147156
v -0.057473 0.605000 3.135509
v -0.065999 0.572058 3.103689
v -0.077646 0.560000 3.060222
v -0.089292 0.572058 3.016755
v -0.097818 0.605000 2.984936
v -0.149247 0.650000 2.989687
v -0.144632 0.695000 3.000827
v -0.132026 0.727942 3.031261
v -0.114805 0.740000 3.072836
v -0.097584 0.727942 3.114411
v -0.084978 0.695000 3.144845
v -0.080364 0.650000 3.155985
v -0.084978 0.605000 3.144845
v -0.097584 0.572058 3.114411
v -0.114805 0.560000 3.072836
v -0.132026 0.572058 3.031261
v -0.144632 0.605000 3.000827
v -0.195000 0.650000 3.012250
v -0.188971 0.695000 3.022692
v -0.172500 0.727942 3.051221
v -0.150000 0.740000 3.090192
v -0.127500 0.727942 3.129164
v -0.111029 0.695000 3.157692
v -0.105000 0.650000 3.168134
v -0.111029 0.605000 3.157692
v -0.127500 0.572058 3.129164
v -0.150000 0.560000 3.090192
v -0.172500 0.572058 3.051221
v -0.188971 0.605000 3.022692
v -0.237417 0.650000 3.040592
v -0.230077 0.695000 3.050158
v -0.210023 0.727942 3.076293
v -0.182628 0.740000 3.111994
v -0.155234 0.727942 3.147695
v -0.135180 0.695000 3.173830
v -0.127840 0.650000 3.183396
v -0.135180 0.605000 3.173830
v -0.155234 0.572058 3.147695
v -0.182628 0.560000 3.111994
v -0.210023 0.572058 3.076293
v -0.230077 0.605000 3.050158
v -0.275771 0.650000 3.074228
v -0.267245 0.695000 3.082754
v -0.243952 0.727942 3.106048
v -0.212132 0.740000 3.137868
v -0.180312 0.727942 3.169688
v -0.157018 0.695000 3.192981
v -0.148492 0.650000 3.201507
v -0.157018 0.605000 3.192981
v -0.180312 0.572058 3.169688
v -0.212132 0.560000 3.137868
v -0.243952 0.572058 3.106048
v -0.267245 0.605000 3.082754
v -0.309408 0.650000 3.112583
v -0.299842 0.695000 3.119923
v -0.273707 0.727942 3.139977
v -0.238006 0.740000 3.167372
v -0.202305 0.727942 3.194766
v -0.176170 0.695000 3.214820
v -0.166604 0.650000 3.222160
v -0.176170 0.605000 3.214820
v -0.202305 0.572058 3.194766
v -0.238006 0.560000 3.167372
v -0.273707 0.572058 3.139977
v -0.299842 0.605000 3.119923
v -0.337750 0.650000 3.155000
v -0.327308 0.695000 3.161029
v -0.298779 0.727942 3.177500
v -0.259808 0.740000 3.200000
v -0.220836 0.727942 3.222500
v -0.192308 0.695000 3.238971
v -0.181865 0.650000 3.245000
v -0.192308 0.605000 3.238971
v -0.220836 0.572058 3.222500
v -0.259808 0.560000 3.200000
v -0.298779 0.572058 3.177500
v -0.327308 0.605000 3.161029
v -0.360313 0.650000 3.200753
v -0.349173 0.695000 3.205368
v -0.318738 0.727942 3.217974
v -0.277164 0.740000 3.235195
v -0.235589 0.727942 3.252415
v -0.205155 0.695000 3.265022
v -0.194015 0.650000 3.269636
v -0.205155 0.605000 3.265022
v -0.235589 0.572058 3.252415
v -0.277164 0.560000 3.235195
v -0.318738 0.572058 3.217974
v -0.349173 0.605000 3.205368
v -0.376711 0.650000 3.249061
v -0.365064 0.695000 3.252181
v -0.333244 0.727942 3.260707
v -0.289778 0.740000 3.272354
v -0.246311 0.727942 3.284001
v -0.214491 0.695000 3.292527
v -0.202844 0.650000 3.295648
v -0.214491 0.605000 3.292527
v -0.246311 0.572058 3.284001
v -0.289778 0.560000 3.272354
v -0.333244 0.572058 3.260707
v -0.365064 0.605000 3.252181
v -0.386664 0.650000 3.299095
v -0.374709 0.695000 3.300668
v -0.342049 0.727942 3.304968
v -0.297433 0.740000 3.310842
v -0.252818 0.727942 3.316716
v -0.220158 0.695000 3.321016
v -0.208203 0.650000 3.322589
v -0.220158 0.605000 3.321016
v -0.252818 0.572058 3.316716
v -0.297433 0.560000 3.310842
v -0.342049 0.572058 3.304968
v -0.374709 0.605000 3.300668
vn -1.0000 -0.0000 -0.0000
vn -0.8687 0.4954 -0.0000
vn -0.5080 0.8614 -0.0000
vn -0.0108 0.9999 -0.0000
vn 0.4918 0.8707 -0.0000
vn 0.8633 0.5047 -0.0000
vn 1.0000 -0.0000 -0.0000
vn 0.8633 -0.5047 -0.0000
vn 0.4918 -0.8707 -0.0000
vn -0.0108 -0.9999 -0.0000
vn -0.5080 -0.8614 -0.0000
vn -0.8687 -0.4954 -0.0000
vn -0.9914 -0.0000 0.1305
vn -0.8612 0.4954 0.1134
vn -0.5037 0.8614 0.0663
vn -0.0107 0.9999 0.0014
vn 0.4876 0.8707 -0.0642
vn 0.8559 0.5047 -0.1127
vn 0.9914 -0.0000 -0.1305
vn 0.8559 -0.5047 -0.1127
vn 0.4876 -0.8707 -0.0642
vn -0.0107 -0.9999 0.0014
vn -0.5037 -0.8614 0.0663
vn -0.8612 -0.4954 0.1134
vn -0.9659 -0.0000 0.2588
vn -0.8391 0.4954 0.2248
vn -0.4907 0.8614 0.1315
vn -0.0104 0.9999 0.0028
vn 0.4751 0.8707 -0.1273
vn 0.8339 0.5047 -0.2234
vn 0.9659 -0.0000 -0.2588
vn 0.8339 -0.5047 -0.2234
vn 0.4751 -0.8707 -0.1273
vn -0.0104 -0.9999 0.0028
vn -0.4907 -0.8614 0.1315
vn -0.8391 -0.4954 0.2248
vn -0.9239 -0.0000 0.3827
vn -0.8025 0.4954 0.3324
vn -0.4693 0.8614 0.1944
vn -0.0100 0.9999 0.0041
vn 0.4544 0.8707 -0.1882
vn 0.7976 0.5047 -0.3304
vn 0.9239 -0.0000 -0.3827
vn 0.7976 -0.5047 -0.3304
vn 0.4544 -0.8707 -0.1882
vn -0.0100 -0.9999 0.0041
vn -0.4693 -0.8614 0.1944
vn -0.8025 -0.4954 0.3324
vn -0.8660 -0.0000 0.5000
vn -0.7523 0.4954 0.4343
vn -0.4399 0.8614 0.2540
vn -0.0093 0.9999 0.0054
vn 0.4259 0.8707 -0.2459
vn 0.7476 0.5047 -0.4316
vn 0.8660 -0.0000 -0.5000
vn 0.7476 -0.5047 -0.4316
vn 0.4259 -0.8707 -0.2459
vn -0.0093 -0.9999 0.0054
vn -0.4399 -0.8614 0.2540
vn -0.7523 -0.4954 0.4343
vn -0.7934 -0.0000 0.6088
vn -0.6892 0.4954 0.5288
vn -0.4030 0.8614 0.3093
vn -0.0086 0.9999 0.0066
vn 0.3902 0.8707 -0.2994
vn 0.6849 0.5047 -0.5255
vn 0.7934 -0.0000 -0.6088
vn 0.6849 -0.5047 -0.5255
vn 0.3902 -0.8707 -0.2994
vn -0.0086 -0.9999 0.0066
vn -0.4030 -0.8614 0.3092
vn -0.6892 -0.4954 0.5288
vn -0.7071 -0.0000 0.7071
vn -0.6142 0.4954 0.6142
vn -0.3592 0.8614 0.3592
vn -0.0076 0.9999 0.0076
vn 0.3478 0.8707 -0.3478
vn 0.6104 0.5047 -0.6104
vn 0.7071 -0.0000 -0.7071
vn 0.6104 -0.5047 -0.6104
vn 0.3478 -0.8707 -0.3478
vn -0.0076 -0.9999 0.0076
vn -0.3592 -0.8614 0.3592
vn -0.6142 -0.4954 0.6142
vn -0.6088 -0.0000 0.7934
vn -0.5288 0.4954 0.6892
vn -0.3092 0.8614 0.4030
vn -0.0066 0.9999 0.0085
vn 0.2994 0.8707 -0.3902
vn 0.5255 0.5047 -0.6849
vn 0.6088 -0.0000 -0.7934
vn 0.5255 -0.5047 -0.6849
vn 0.2994 -0.8707 -0.3902
vn -0.0066 -0.9999 0.0086
vn -0.3093 -0.8614 0.4030
vn -0.5288 -0.4954 0.6892
vn -0.5000 -0.0000 0.8660
vn -0.4343 0.4954 0.7523
vn -0.2540 0.8614 0.4399
vn -0.0054 0.9999 0.0093
vn 0.2459 0.8707 -0.4259
vn 0.4316 0.5047 -0.7476
vn 0.5000 -0.0000 -0.8660
vn 0.4316 -0.5047 -0.7476
vn 0.2459 -0.8707 -0.4259
vn -0.0054 -0.9999 0.0093
vn -0.2540 -0.8614 0.4399
vn -0.4343 -0.4954 0.7523
vn -0.3827 -0.0000 0.9239
vn -0.3324 0.4954 0.8025
vn -0.1944 0.8614 0.4693
vn -0.0041 0.9999 0.0100
vn 0.1882 0.8707 -0.4544
vn 0.3304 0.5047 -0.7976
vn 0.3827 -0.0000 -0.9239
vn 0.3304 -0.5047 -0.7976
vn 0.1882 -0.8707 -0.4544
vn -0.0041 -0.9999 0.0100
vn -0.1944 -0.8614 0.4693
vn -0.3324 -0.4954 0.8025
vn -0.2588 -0.0000 0.9659
vn -0.2248 0.4954 0.8391
vn -0.1315 0.8614 0.4907
vn -0.0028 0.9999 0.0104
vn 0.1273 0.8707 -0.4751
vn 0.2234 0.5047 -0.8339
vn 0.2588 -0.0000 -0.9659
vn 0.2234 -0.5047 -0.8339
vn 0.1273 -0.8707 -0.4751
vn -0.0028 -0.9999 0.0104
vn -0.1315 -0.8614 0.4907
vn -0.2248 -0.4954 0.8391
vn -0.1305 -0.0000 0.9914
vn -0.1134 0.4954 0.8612
vn -0.0663 0.8614 0.5037
vn -0.0014 0.9999 0.0107
vn 0.0642 0.8707 -0.4876
vn 0.1127 0.5047 -0.8559
vn 0.1305 -0.0000 -0.9914
vn 0.1127 -0.5047 -0.8559
vn 0.0642 -0.8707 -0.4876
vn -0.0014 -0.9999 0.0107
vn -0.0663 -0.8614 0.5036
vn -0.1134 -0.4954 0.8612
vn -0.0000 -0.0000 1.0000
vn -0.0000 0.4954 0.8687
vn -0.0000 0.8614 0.5080
vn -0.0000 0.9999 0.0108
vn -0.0000 0.8707 -0.4918
vn -0.0000 0.5047 -0.8633
vn -0.0000 -0.0000 -1.0000
vn -0.0000 -0.5047 -0.8633
vn -0.0000 -0.8707 -0.4918
vn -0.0000 -0.9999 0.0108
vn -0.0000 -0.8614 0.5080
vn -0.0000 -0.4954 0.8687
vn 0.1305 -0.0000 0.9914
vn 0.1134 0.4954 0.8612
vn 0.0663 0.8614 0.5037
vn 0.0014 0.9999 0.0107
vn -0.0642 0.8707 -0.4876
vn -0.1127 0.5047 -0.8559
vn -0.1305 -0.0000 -0.9914
vn -0.1127 -0.5047 -0.8559
vn -0.0642 -0.8707 -0.4876
vn 0.0014 -0.9999 0.0107
vn 0.0663 -0.8614 0.5036
vn 0.1134 -0.4954 0.8612
vn 0.2588 -0.0000 0.9659
vn 0.2248 0.4954 0.8391
vn 0.1315 0.8614 0.4907
vn 0.0028 0.9999 0.0104
vn -0.1273 0.8707 -0.4751
vn -0.2234 0.5047 -0.8339
vn -0.2588 -0.0000 -0.9659
vn -0.2234 -0.5047 -0.8339
vn -0.1273 -0.8707 -0.4751
vn 0.0028 -0.9999 0.0104
vn 0.1315 -0.8614 0.4907
vn 0.2248 -0.4954 0.8391
vn 0.3827 -0.0000 0.9239
vn 0.3324 0.4954 0.8025
vn 0.1944 0.8614 0.4693
vn 0.0041 0.9999 0.0100
vn -0.1882 0.8707 -0.4544
vn -0.3304 0.5047 -0.7976
vn -0.3827 -0.0000 -0.9239
vn -0.3304 -0.5047 -0.7976
vn -0.1882 -0.8707 -0.4544
vn 0.0041 -0.9999 0.0100
vn 0.1944 -0.8614 0.4693
vn 0.3324 -0.4954 0.8025
vn 0.5000 -0.0000 0.8660
vn 0.4343 0.4954 0.7523
vn 0.2540 0.8614 0.4399
vn 0.0054 0.9999 0.0093
vn -0.2459 0.8707 -0.4259
vn -0.4316 0.5047 -0.7476
vn -0.5000 -0.0000 -0.8660
vn -0.4316 -0.5047 -0.7476
vn -0.2459 -0.8707 -0.4259
vn 0.0054 -0.9999 0.0093
vn 0.2540 -0.8614 0.4399
vn 0.4343 -0.4954 0.7523
vn 0.6088 -0.0000 0.7934
vn 0.5288 0.4954 0.6892
vn 0.3092 0.8614 0.4030
vn 0.0066 0.9999 0.0085
vn -0.2994 0.8707 -0.3902
vn -0.5255 0.5047 -0.6849
vn -0.6088 -0.0000 -0.7934
vn -0.5255 -0.5047 -0.6849
vn -0.2994 -0.8707 -0.3902
vn 0.0066 -0.9999 0.0086
vn 0.3092 -0.8614 0.4030
vn 0.5288 -0.4954 0.6892
vn 0.7071 -0.0000 0.7071
vn 0.6142 0.4954 0.6142
vn 0.3592 0.8614 0.3592
vn 0.0076 0.9999 0.0076
vn -0.3478 0.8707 -0.3478
vn -0.6104 0.5047 -0.6104
vn -0.7071 -0.0000 -0.7071
vn -0.6104 -0.5047 -0.6104
vn -0.3478 -0.8707 -0.3478
vn 0.0076 -0.9999 0.0076
vn 0.3592 -0.8614 0.3592
vn 0.6142 -0.4954 0.6142
vn 0.7934 -0.0000 0.6088
vn 0.6892 0.4954 0.5288
vn 0.4030 0.8614 0.3092
vn 0.0086 0.9999 0.0066
vn -0.3902 0.8707 -0.2994
vn -0.6849 0.5047 -0.5255
vn -0.7934 -0.0000 -0.6088
vn -0.6849 -0.5047 -0.5255
vn -0.3902 -0.8707 -0.2994
vn 0.0086 -0.9999 0.0066
vn 0.4030 -0.8614 0.3092
vn 0.6892 -0.4954 0.5288
vn 0.8660 -0.0000 0.5000
vn 0.7523 0.4954 0.4343
vn 0.4399 0.8614 0.2540
vn 0.0093 0.9999 0.0054
vn -0.4259 0.8707 -0.2459
vn -0.7476 0.5047 -0.4316
vn -0.8660 -0.0000 -0.5000
vn -0.7476 -0.5047 -0.4316
vn -0.4259 -0.8707 -0.2459
vn 0.0093 -0.9999 0.0054
vn 0.4399 -0.8614 0.2540
vn 0.7523 -0.4954 0.4343
vn 0.9239 -0.0000 0.3827
vn 0.8025 0.4954 0.3324
vn 0.4693 0.8614 0.1944
vn 0.0100 0.9999 0.0041
vn -0.4544 0.8707 -0.1882
vn -0.7976 0.5047 -0.3304
vn -0.9239 -0.0000 -0.3827
vn -0.7976 -0.5047 -0.3304
vn -0.4544 -0.8707 -0.1882
vn 0.0100 -0.9999 0.0041
vn 0.4693 -0.8614 0.1944
vn 0.8025 -0.4954 0.3324
vn 0.9659 -0.0000 0.2588
vn 0.8391 0.4954 0.2248
vn 0.4907 0.8614 0.1315
vn 0.0104 0.9999 0.0028
vn -0.4751 0.8707 -0.1273
vn -0.8339 0.5047 -0.2234
vn -0.9659 -0.0000 -0.2588
vn -0.8339 -0.5047 -0.2234
vn -0.4751 -0.8707 -0.1273
vn 0.0104 -0.9999 0.0028
vn 0.4907 -0.8614 0.1315
vn 0.8391 -0.4954 0.2248
vn 0.9914 -0.0000 0.1305
vn 0.8612 0.4954 0.1134
vn 0.5036 0.8614 0.0663
vn 0.0107 0.9999 0.0014
vn -0.4876 0.8707 -0.0642
vn -0.8559 0.5047 -0.1127
vn -0.9914 -0.0000 -0.1305
vn -0.8559 -0.5047 -0.1127
vn -0.4876 -0.8707 -0.0642
vn 0.0107 -0.9999 0.0014
vn 0.5036 -0.8614 0.0663
vn 0.8612 -0.4954 0.1134
vn 0.8687 0.4954 -0.0000
vn 0.5080 0.8614 -0.0000
vn 0.0108 0.9999 -0.0000
vn -0.4918 0.8707 -0.0000
vn -0.8633 0.5047 -0.0000
vn -0.8633 -0.5047 -0.0000
vn -0.4918 -0.8707 -0.0000
vn 0.0108 -0.9999 -0.0000
vn 0.5080 -0.8614 -0.0000
vn 0.8687 -0.4954 -0.0000
vn 0.8612 0.4954 -0.1134
vn 0.5036 0.8614 -0.0663
vn 0.0107 0.9999 -0.0014
vn -0.4876 0.8707 0.0642
vn -0.8559 0.5047 0.1127
vn -0.8559 -0.5047 0.1127
vn -0.4876 -0.8707 0.0642
vn 0.0107 -0.9999 -0.0014
vn 0.5037 -0.8614 -0.0663
vn 0.8612 -0.4954 -0.1134
vn 0.8391 0.4954 -0.2248
vn 0.4907 0.8614 -0.1315
vn 0.0104 0.9999 -0.0028
vn -0.4751 0.8707 0.1273
vn -0.8339 0.5047 0.2234
vn -0.8339 -0.5047 0.2234
vn -0.4751 -0.8707 0.1273
vn 0.0104 -0.9999 -0.0028
vn 0.4907 -0.8614 -0.1315
vn 0.8391 -0.4954 -0.2248
vn 0.8025 0.4954 -0.3324
vn 0.4693 0.8614 -0.1944
vn 0.0100 0.9999 -0.0041
vn -0.4544 0.8707 0.1882
vn -0.7976 0.5047 0.3304
vn -0.7976 -0.5047 0.3304
vn -0.4544 -0.8707 0.1882
vn 0.0100 -0.9999 -0.0041
vn 0.4693 -0.8614 -0.1944
vn 0.8025 -0.4954 -0.3324
vn 0.7523 0.4954 -0.4343
vn 0.4399 0.8614 -0.2540
vn 0.0093 0.9999 -0.0054
vn -0.4259 0.8707 0.2459
vn -0.7476 0.5047 0.4316
vn -0.7476 -0.5047 0.4316
vn -0.4259 -0.8707 0.2459
vn 0.0093 -0.9999 -0.0054
vn 0.4399 -0.8614 -0.2540
vn 0.7523 -0.4954 -0.4343
vn 0.6892 0.4954 -0.5288
vn 0.4030 0.8614 -0.3092
vn 0.0086 0.9999 -0.0066
vn -0.3902 0.8707 0.2994
vn -0.6849 0.5047 0.5255
vn -0.6849 -0.5047 0.5255
vn -0.3902 -0.8707 0.2994
vn 0.0086 -0.9999 -0.0066
vn 0.4030 -0.8614 -0.3092
vn 0.6892 -0.4954 -0.5288
vn 0.6142 0.4954 -0.6142
vn 0.3592 0.8614 -0.3592
vn 0.0076 0.9999 -0.0076
vn -0.3478 0.8707 0.3478
vn -0.6104 0.5047 0.6104
vn -0.6104 -0.5047 0.6104
vn -0.3478 -0.8707 0.3478
vn 0.0076 -0.9999 -0.0076
vn 0.3592 -0.8614 -0.3592
vn 0.6142 -0.4954 -0.6142
vn 0.5288 0.4954 -0.6892
vn 0.3092 0.8614 -0.4030
vn 0.0066 0.9999 -0.0086
vn -0.2994 0.8707 0.3902
vn -0.5255 0.5047 0.6849
vn -0.5255 -0.5047 0.6849
vn -0.2994 -0.8707 0.3902
vn 0.0066 -0.9999 -0.0086
vn 0.3093 -0.8614 -0.4030
vn 0.5288 -0.4954 -0.6892
vn 0.4343 0.4954 -0.7523
vn 0.2540 0.8614 -0.4399
vn 0.0054 0.9999 -0.0093
vn -0.2459 0.8707 0.4259
vn -0.4316 0.5047 0.7476
vn -0.4316 -0.5047 0.7476
vn -0.2459 -0.8707 0.4259
vn 0.0054 -0.9999 -0.0093
vn 0.2540 -0.8614 -0.4399
vn 0.4343 -0.4954 -0.7523
vn 0.3324 0.4954 -0.8025
vn 0.1944 0.8614 -0.4693
vn 0.0041 0.9999 -0.0100
vn -0.1882 0.8707 0.4544
vn -0.3304 0.5047 0.7976
vn -0.3304 -0.5047 0.7976
vn -0.1882 -0.8707 0.4544
vn 0.0041 -0.9999 -0.0100
vn 0.1944 -0.8614 -0.4693
vn 0.3324 -0.4954 -0.8025
vn 0.2248 0.4954 -0.8391
vn 0.1315 0.8614 -0.4907
vn 0.0028 0.9999 -0.0104
vn -0.1273 0.8707 0.4751
vn -0.2234 0.5047 0.8339
vn -0.2234 -0.5047 0.8339
vn -0.1273 -0.8707 0.4751
vn 0.0028 -0.9999 -0.0104
vn 0.1315 -0.8614 -0.4907
vn 0.2248 -0.4954 -0.8391
vn 0.1134 0.4954 -0.8612
vn 0.0663 0.8614 -0.5036
vn 0.0014 0.9999 -0.0107
vn -0.0642 0.8707 0.4876
vn -0.1127 0.5047 0.8559
vn -0.1127 -0.5047 0.8559
vn -0.0642 -0.8707 0.4876
vn 0.0014 -0.9999 -0.0107
vn 0.0663 -0.8614 -0.5037
vn 0.1134 -0.4954 -0.8612
vn -0.0000 0.4954 -0.8687
vn -0.0000 0.8614 -0.5080
vn -0.0000 0.9999 -0.0108
vn -0.0000 0.8707 0.4918
vn -0.0000 0.5047 0.8633
vn -0.0000 -0.5047 0.8633
vn -0.0000 -0.8707 0.4918
vn -0.0000 -0.9999 -0.0108
vn -0.0000 -0.8614 -0.5080
vn -0.0000 -0.4954 -0.8687
vn -0.1134 0.4954 -0.8612
vn -0.0663 0.8614 -0.5036
vn -0.0014 0.9999 -0.0107
vn 0.0642 0.8707 0.4876
vn 0.1127 0.5047 0.8559
vn 0.1127 -0.5047 0.8559
vn 0.0642 -0.8707 0.4876
vn -0.0014 -0.9999 -0.0107
vn -0.0663 -0.8614 -0.5037
vn -0.1134 -0.4954 -0.8612
vn -0.2248 0.4954 -0.8391
vn -0.1315 0.8614 -0.4907
vn -0.0028 0.9999 -0.0104
vn 0.1273 0.8707 0.4751
vn 0.2234 0.5047 0.8339
vn 0.2234 -0.5047 0.8339
vn 0.1273 -0.8707 0.4751
vn -0.0028 -0.9999 -0.0104
vn -0.1315 -0.8614 -0.4907
vn -0.2248 -0.4954 -0.8391
vn -0.3324 0.4954 -0.8025
vn -0.1944 0.8614 -0.4693
vn -0.0041 0.9999 -0.0100
vn 0.1882 0.8707 0.4544
vn 0.3304 0.5047 0.7976
vn 0.3304 -0.5047 0.7976
vn 0.1882 -0.8707 0.4544
vn -0.0041 -0.9999 -0.0100
vn -0.1944 -0.8614 -0.4693
vn -0.3324 -0.4954 -0.8025
vn -0.4343 0.4954 -0.7523
vn -0.2540 0.8614 -0.4399
vn -0.0054 0.9999 -0.0093
vn 0.2459 0.8707 0.4259
vn 0.4316 0.5047 0.7476
vn 0.4316 -0.5047 0.7476
vn 0.2459 -0.8707 0.4259
vn -0.0054 -0.9999 -0.0093
vn -0.2540 -0.8614 -0.4399
vn -0.4343 -0.4954 -0.7523
vn -0.5288 0.4954 -0.6892
vn -0.3092 0.8614 -0.4030
vn -0.0066 0.9999 -0.0085
vn 0.2994 0.8707 0.3902
vn 0.5255 0.5047 0.6849
vn 0.5255 -0.5047 0.6849
vn 0.2994 -0.8707 0.3902
vn -0.0066 -0.9999 -0.0086
vn -0.3093 -0.8614 -0.4030
vn -0.5288 -0.4954 -0.6892
vn -0.6142 0.4954 -0.6142
vn -0.3592 0.8614 -0.3592
vn -0.0076 0.9999 -0.0076
vn 0.3478 0.8707 0.3478
vn 0.6104 0.5047 0.6104
vn 0.6104 -0.5047 0.6104
vn 0.3478 -0.8707 0.3478
vn -0.0076 -0.9999 -0.0076
vn -0.3592 -0.8614 -0.3592
vn -0.6142 -0.4954 -0.6142
vn -0.6892 0.4954 -0.5288
vn -0.4030 0.8614 -0.3092
vn -0.0086 0.9999 -0.0066
vn 0.3902 0.8707 0.2994
vn 0.6849 0.5047 0.5255
vn 0.6849 -0.5047 0.5255
vn 0.3902 -0.8707 0.2994
vn -0.0086 -0.9999 -0.0066
vn -0.4030 -0.8614 -0.3093
vn -0.6892 -0.4954 -0.5288
vn -0.7523 0.4954 -0.4343
vn -0.4399 0.8614 -0.2540
vn -0.0093 0.9999 -0.0054
vn 0.4259 0.8707 0.2459
vn 0.7476 0.5047 0.4316
vn 0.7476 -0.5047 0.4316
vn 0.4259 -0.8707 0.2459
vn -0.0093 -0.9999 -0.0054
vn -0.4399 -0.8614 -0.2540
vn -0.7523 -0.4954 -0.4343
vn -0.8025 0.4954 -0.3324
vn -0.4693 0.8614 -0.1944
vn -0.0100 0.9999 -0.0041
vn 0.4544 0.8707 0.1882
vn 0.7976 0.5047 0.3304
vn 0.7976 -0.5047 0.3304
vn 0.4544 -0.8707 0.1882
vn -0.0100 -0.9999 -0.0041
vn -0.4693 -0.8614 -0.1944
vn -0.8025 -0.4954 -0.3324
vn -0.8391 0.4954 -0.2248
vn -0.4907 0.8614 -0.1315
vn -0.0104 0.9999 -0.0028
vn 0.4751 0.8707 0.1273
vn 0.8339 0.5047 0.2234
vn 0.8339 -0.5047 0.2234
vn 0.4751 -0.8707 0.1273
vn -0.0104 -0.9999 -0.0028
vn -0.4907 -0.8614 -0.1315
vn -0.8391 -0.4954 -0.2248
vn -0.8612 0.4954 -0.1134
vn -0.5037 0.8614 -0.0663
vn -0.0107 0.9999 -0.0014
vn 0.4876 0.8707 0.0642
vn 0.8559 0.5047 0.1127
vn 0.8559 -0.5047 0.1127
vn 0.4876 -0.8707 0.0642
vn -0.0107 -0.9999 -0.0014
vn -0.5037 -0.8614 -0.0663
vn -0.8612 -0.4954 -0.1134
vt 0.520833 0.500000
vt 0.500000 0.583333
vt 0.500000 0.500000
vt 0.520833 0.583333
vt 0.500000 0.666667
vt 0.520833 0.666667
vt 0.500000 0.750000
vt 0.520833 0.833333
vt 0.500000 0.833333
vt 0.500000 0.916667
vt 0.520833 0.916667
vt 0.500000 1.000000
vt 0.520833 0.000000
vt 0.500000 0.083333
vt 0.500000 0.000000
vt 0.520833 0.083333
vt 0.500000 0.166667
vt 0.520833 0.166667
vt 0.500000 0.250000
vt 0.520833 0.333333
vt 0.500000 0.333333
vt 0.500000 0.416667
vt 0.541667 0.500000
vt 0.541667 0.583333
vt 0.541667 0.666667
vt 0.520833 0.750000
vt 0.541667 0.750000
vt 0.541667 0.833333
vt 0.541667 0.916667
vt 0.520833 1.000000
vt 0.541667 0.083333
vt 0.541667 0.166667
vt 0.541667 0.250000
vt 0.520833 0.250000
vt 0.541667 0.333333
vt 0.520833 0.416667
vt 0.562500 0.583333
vt 0.562500 0.666667
vt 0.562500 0.750000
vt 0.562500 0.833333
vt 0.562500 0.916667
vt 0.541667 1.000000
vt 0.562500 0.000000
vt 0.541667 0.000000
vt 0.562500 0.083333
vt 0.562500 0.166667
vt 0.562500 0.250000
vt 0.562500 0.333333
vt 0.541667 0.416667
vt 0.562500 0.416667
vt 0.583333 0.500000
vt 0.562500 0.500000
vt 0.583333 0.583333
vt 0.583333 0.750000
vt 0.583333 0.833333
vt 0.583333 0.916667
vt 0.562500 1.000000
vt 0.583333 0.083333
vt 0.583333 0.166667
vt 0.583333 0.250000
vt 0.583333 0.333333
vt 0.604167 0.500000
vt 0.604167 0.583333
vt 0.583333 0.666667
vt 0.604167 0.750000
vt 0.604167 0.833333
vt 0.604167 0.916667
vt 0.583333 1.000000
vt 0.604167 0.000000
vt 0.583333 0.000000
vt 0.604167 0.083333
vt 0.604167 0.250000
vt 0.604167 0.416667
vt 0.583333 0.416667
vt 0.625000 0.500000
vt 0.625000 0.583333
vt 0.604167 0.666667
vt 0.625000 0.666667
vt 0.625000 0.833333
vt 0.625000 1.000000
vt 0.604167 1.000000
vt 0.625000 0.000000
vt 0.625000 0.083333
vt 0.604167 0.166667
vt 0.625000 0.166667
vt 0.625000 0.333333
vt 0.604167 0.333333
vt 0.645833 0.500000
vt 0.645833 0.583333
vt 0.645833 0.666667
vt 0.625000 0.750000
vt 0.645833 0.750000
vt 0.645833 0.833333
vt 0.625000 0.916667
vt 0.645833 0.916667
vt 0.645833 0.000000
vt 0.645833 0.083333
vt 0.645833 0.250000
vt 0.625000 0.250000
vt 0.645833 0.333333
vt 0.625000 0.416667
vt 0.645833 0.416667
vt 0.666667 0.583333
vt 0.666667 0.666667
vt 0.666667 0.750000
vt 0.666667 0.833333
vt 0.666667 0.916667
vt 0.666667 1.000000
vt 0.645833 1.000000
vt 0.666667 0.000000
vt 0.666667 0.083333
vt 0.645833 0.166667
vt 0.666667 0.166667
vt 0.666667 0.250000
vt 0.666667 0.333333
vt 0.666667 0.416667
vt 0.687500 0.500000
vt 0.666667 0.500000
vt 0.687500 0.583333
vt 0.687500 0.666667
vt 0.687500 0.750000
vt 0.687500 0.833333
vt 0.687500 0.916667
vt 0.687500 0.000000
vt 0.687500 0.166667
vt 0.687500 0.333333
vt 0.687500 0.416667
vt 0.708333 0.500000
vt 0.708333 0.583333
vt 0.708333 0.666667
vt 0.708333 0.833333
vt 0.708333 0.916667
vt 0.708333 1.000000
vt 0.687500 1.000000
vt 0.708333 0.000000
vt 0.687500 0.083333
vt 0.708333 0.083333
vt 0.708333 0.166667
vt 0.687500 0.250000
vt 0.708333 0.250000
vt 0.708333 0.416667
vt 0.729167 0.500000
vt 0.729167 0.666667
vt 0.729167 0.750000
vt 0.708333 0.750000
vt 0.729167 0.833333
vt 0.729167 0.916667
vt 0.729167 0.000000
vt 0.729167 0.083333
vt 0.729167 0.166667
vt 0.729167 0.250000
vt 0.708333 0.333333
vt 0.729167 0.416667
vt 0.750000 0.500000
vt 0.729167 0.583333
vt 0.750000 0.583333
vt 0.750000 0.750000
vt 0.750000 0.916667
vt 0.729167 1.000000
vt 0.750000 0.000000
vt 0.750000 0.083333
vt 0.750000 0.166667
vt 0.750000 0.250000
vt 0.729167 0.333333
vt 0.750000 0.333333
vt 0.750000 0.416667
vt 0.770833 0.500000
vt 0.770833 0.583333
vt 0.750000 0.666667
vt 0.770833 0.750000
vt 0.750000 0.833333
vt 0.770833 0.833333
vt 0.770833 0.916667
vt 0.750000 1.000000
vt 0.770833 0.000000
vt 0.770833 0.166667
vt 0.770833 0.250000
vt 0.770833 0.416667
vt 0.791667 0.500000
vt 0.791667 0.583333
vt 0.770833 0.666667
vt 0.791667 0.750000
vt 0.791667 0.833333
vt 0.791667 0.916667
vt 0.791667 1.000000
vt 0.770833 1.000000
vt 0.791667 0.083333
vt 0.770833 0.083333
vt 0.791667 0.166667
vt 0.791667 0.250000
vt 0.770833 0.333333
vt 0.791667 0.333333
vt 0.812500 0.500000
vt 0.812500 0.583333
vt 0.791667 0.666667
vt 0.812500 0.666667
vt 0.812500 0.750000
vt 0.812500 0.833333
vt 0.812500 0.916667
vt 0.791667 0.000000
vt 0.812500 0.083333
vt 0.812500 0.166667
vt 0.812500 0.250000
vt 0.812500 0.333333
vt 0.791667 0.416667
vt 0.833333 0.583333
vt 0.833333 0.666667
vt 0.833333 0.750000
vt 0.833333 0.833333
vt 0.833333 0.916667
vt 0.833333 1.000000
vt 0.812500 1.000000
vt 0.833333 0.000000
vt 0.812500 0.000000
vt 0.833333 0.083333
vt 0.833333 0.166667
vt 0.833333 0.250000
vt 0.833333 0.333333
vt 0.812500 0.416667
vt 0.833333 0.416667
vt 0.854167 0.500000
vt 0.833333 0.500000
vt 0.854167 0.583333
vt 0.854167 0.666667
vt 0.854167 0.750000
vt 0.854167 0.833333
vt 0.854167 0.916667
vt 0.854167 0.083333
vt 0.854167 0.250000
vt 0.854167 0.416667
vt 0.875000 0.500000
vt 0.875000 0.666667
vt 0.875000 0.750000
vt 0.875000 0.833333
vt 0.875000 1.000000
vt 0.854167 1.000000
vt 0.875000 0.000000
vt 0.854167 0.000000
vt 0.875000 0.083333
vt 0.854167 0.166667
vt 0.875000 0.166667
vt 0.875000 0.250000
vt 0.854167 0.333333
vt 0.875000 0.333333
vt 0.875000 0.416667
vt 0.895833 0.583333
vt 0.875000 0.583333
vt 0.895833 0.666667
vt 0.895833 0.833333
vt 0.895833 0.916667
vt 0.875000 0.916667
vt 0.895833 1.000000
vt 0.895833 0.000000
vt 0.895833 0.083333
vt 0.895833 0.166667
vt 0.895833 0.333333
vt 0.895833 0.416667
vt 0.895833 0.500000
vt 0.916667 0.583333
vt 0.916667 0.666667
vt 0.895833 0.750000
vt 0.916667 0.750000
vt 0.916667 0.916667
vt 0.916667 0.000000
vt 0.916667 0.083333
vt 0.916667 0.250000
vt 0.895833 0.250000
vt 0.916667 0.333333
vt 0.916667 0.416667
vt 0.916667 0.500000
vt 0.937500 0.583333
vt 0.937500 0.666667
vt 0.937500 0.750000
vt 0.916667 0.833333
vt 0.937500 0.833333
vt 0.937500 0.916667
vt 0.916667 1.000000
vt 0.937500 0.000000
vt 0.937500 0.083333
vt 0.916667 0.166667
vt 0.937500 0.250000
vt 0.937500 0.416667
vt 0.958333 0.500000
vt 0.937500 0.500000
vt 0.958333 0.666667
vt 0.958333 0.750000
vt 0.958333 0.833333
vt 0.958333 0.916667
vt 0.937500 1.000000
vt 0.958333 0.000000
vt 0.958333 0.166667
vt 0.937500 0.166667
vt 0.958333 0.333333
vt 0.937500 0.333333
vt 0.958333 0.416667
vt 0.979167 0.500000
vt 0.958333 0.583333
vt 0.979167 0.583333
vt 0.979167 0.666667
vt 0.979167 0.750000
vt 0.979167 0.833333
vt 0.979167 0.916667
vt 0.958333 1.000000
vt 0.979167 0.083333
vt 0.958333 0.083333
vt 0.979167 0.166667
vt 0.979167 0.250000
vt 0.958333 0.250000
vt 0.979167 0.416667
vt 1.000000 0.500000
vt 1.000000 0.666667
vt 1.000000 0.750000
vt 1.000000 0.916667
vt 1.000000 1.000000
vt 0.979167 1.000000
vt 1.000000 0.000000
vt 0.979167 0.000000
vt 1.000000 0.083333
vt 1.000000 0.250000
vt 1.000000 0.333333
vt 0.979167 0.333333
vt 0.020833 0.500000
vt 0.000000 0.583333
vt 0.000000 0.500000
vt 0.020833 0.583333
vt 0.000000 0.666667
vt 0.020833 0.750000
vt 0.000000 0.750000
vt 0.000000 0.833333
vt 0.020833 0.833333
vt 0.000000 0.916667
vt 0.020833 0.916667
vt 0.000000 1.000000
vt 0.020833 0.000000
vt 0.000000 0.083333
vt 0.000000 0.000000
vt 0.020833 0.166667
vt 0.000000 0.166667
vt 0.000000 0.250000
vt 0.020833 0.250000
vt 0.000000 0.333333
vt 0.020833 0.333333
vt 0.000000 0.416667
vt 0.041667 0.500000
vt 0.041667 0.666667
vt 0.020833 0.666667
vt 0.041667 0.750000
vt 0.041667 0.833333
vt 0.041667 0.916667
vt 0.041667 1.000000
vt 0.020833 1.000000
vt 0.041667 0.000000
vt 0.020833 0.083333
vt 0.041667 0.083333
vt 0.041667 0.166667
vt 0.041667 0.250000
vt 0.041667 0.333333
vt 0.020833 0.416667
vt 0.041667 0.416667
vt 0.062500 0.500000
vt 0.041667 0.583333
vt 0.062500 0.583333
vt 0.062500 0.666667
vt 0.062500 0.750000
vt 0.062500 0.833333
vt 0.062500 1.000000
vt 0.062500 0.000000
vt 0.062500 0.166667
vt 0.062500 0.250000
vt 0.062500 0.333333
vt 0.062500 0.416667
vt 0.083333 0.583333
vt 0.083333 0.666667
vt 0.083333 0.750000
vt 0.083333 0.833333
vt 0.062500 0.916667
vt 0.083333 0.916667
vt 0.083333 0.000000
vt 0.062500 0.083333
vt 0.083333 0.083333
vt 0.083333 0.250000
vt 0.083333 0.333333
vt 0.083333 0.416667
vt 0.083333 0.500000
vt 0.104167 0.583333
vt 0.104167 0.750000
vt 0.104167 0.833333
vt 0.104167 0.916667
vt 0.083333 1.000000
vt 0.104167 0.083333
vt 0.083333 0.166667
vt 0.104167 0.250000
vt 0.104167 0.333333
vt 0.104167 0.416667
vt 0.125000 0.500000
vt 0.104167 0.500000
vt 0.125000 0.666667
vt 0.104167 0.666667
vt 0.125000 0.750000
vt 0.125000 0.833333
vt 0.125000 0.916667
vt 0.104167 1.000000
vt 0.104167 0.000000
vt 0.125000 0.083333
vt 0.125000 0.166667
vt 0.104167 0.166667
vt 0.125000 0.250000
vt 0.125000 0.333333
vt 0.145833 0.500000
vt 0.125000 0.583333
vt 0.145833 0.583333
vt 0.145833 0.750000
vt 0.145833 0.833333
vt 0.145833 0.916667
vt 0.125000 1.000000
vt 0.145833 0.000000
vt 0.125000 0.000000
vt 0.145833 0.083333
vt 0.145833 0.250000
vt 0.145833 0.333333
vt 0.125000 0.416667
vt 0.166667 0.500000
vt 0.166667 0.583333
vt 0.145833 0.666667
vt 0.166667 0.750000
vt 0.166667 0.833333
vt 0.166667 0.916667
vt 0.145833 1.000000
vt 0.166667 0.000000
vt 0.166667 0.083333
vt 0.145833 0.166667
vt 0.166667 0.166667
vt 0.166667 0.250000
vt 0.166667 0.333333
vt 0.145833 0.416667
vt 0.187500 0.500000
vt 0.187500 0.583333
vt 0.166667 0.666667
vt 0.187500 0.666667
vt 0.187500 0.750000
vt 0.187500 0.833333
vt 0.187500 0.916667
vt 0.166667 1.000000
vt 0.187500 0.083333
vt 0.187500 0.166667
vt 0.187500 0.250000
vt 0.187500 0.333333
vt 0.166667 0.416667
vt 0.187500 0.416667
vt 0.208333 0.583333
vt 0.208333 0.666667
vt 0.208333 0.833333
vt 0.208333 0.916667
vt 0.187500 1.000000
vt 0.187500 0.000000
vt 0.208333 0.083333
vt 0.208333 0.166667
vt 0.208333 0.333333
vt 0.208333 0.416667
vt 0.229167 0.500000
vt 0.208333 0.500000
vt 0.229167 0.583333
vt 0.229167 0.666667
vt 0.208333 0.750000
vt 0.229167 0.750000
vt 0.229167 0.916667
vt 0.229167 1.000000
vt 0.208333 1.000000
vt 0.229167 0.000000
vt 0.208333 0.000000
vt 0.229167 0.083333
vt 0.229167 0.250000
vt 0.208333 0.250000
vt 0.229167 0.333333
vt 0.229167 0.416667
vt 0.250000 0.500000
vt 0.250000 0.666667
vt 0.250000 0.750000
vt 0.250000 0.833333
vt 0.229167 0.833333
vt 0.250000 0.916667
vt 0.250000 0.000000
vt 0.250000 0.083333
vt 0.229167 0.166667
vt 0.250000 0.166667
vt 0.250000 0.250000
vt 0.250000 0.333333
vt 0.250000 0.416667
vt 0.270833 0.500000
vt 0.250000 0.583333
vt 0.270833 0.583333
vt 0.270833 0.666667
vt 0.270833 0.833333
vt 0.270833 0.916667
vt 0.250000 1.000000
vt 0.270833 0.000000
vt 0.270833 0.166667
vt 0.270833 0.250000
vt 0.270833 0.333333
vt 0.270833 0.416667
vt 0.291667 0.500000
vt 0.291667 0.666667
vt 0.270833 0.750000
vt 0.291667 0.750000
vt 0.291667 0.833333
vt 0.291667 0.916667
vt 0.270833 1.000000
vt 0.291667 0.000000
vt 0.270833 0.083333
vt 0.291667 0.166667
vt 0.291667 0.250000
vt 0.291667 0.333333
vt 0.312500 0.500000
vt 0.291667 0.583333
vt 0.312500 0.666667
vt 0.312500 0.750000
vt 0.312500 0.833333
vt 0.312500 0.916667
vt 0.291667 1.000000
vt 0.312500 0.000000
vt 0.291667 0.083333
vt 0.312500 0.166667
vt 0.312500 0.250000
vt 0.312500 0.333333
vt 0.291667 0.416667
vt 0.312500 0.416667
vt 0.333333 0.500000
vt 0.312500 0.583333
vt 0.333333 0.583333
vt 0.333333 0.750000
vt 0.333333 0.916667
vt 0.312500 1.000000
vt 0.333333 0.000000
vt 0.312500 0.083333
vt 0.333333 0.083333
vt 0.333333 0.166667
vt 0.333333 0.250000
vt 0.333333 0.416667
vt 0.354167 0.500000
vt 0.354167 0.583333
vt 0.333333 0.666667
vt 0.354167 0.666667
vt 0.354167 0.750000
vt 0.333333 0.833333
vt 0.354167 0.833333
vt 0.354167 0.916667
vt 0.333333 1.000000
vt 0.354167 0.000000
vt 0.354167 0.166667
vt 0.354167 0.333333
vt 0.333333 0.333333
vt 0.354167 0.416667
vt 0.375000 0.500000
vt 0.375000 0.583333
vt 0.375000 0.750000
vt 0.375000 0.833333
vt 0.375000 1.000000
vt 0.354167 1.000000
vt 0.375000 0.000000
vt 0.354167 0.083333
vt 0.375000 0.083333
vt 0.375000 0.166667
vt 0.354167 0.250000
vt 0.375000 0.333333
vt 0.375000 0.416667
vt 0.395833 0.500000
vt 0.395833 0.583333
vt 0.375000 0.666667
vt 0.395833 0.666667
vt 0.395833 0.750000
vt 0.395833 0.833333
vt 0.375000 0.916667
vt 0.395833 0.916667
vt 0.395833 0.083333
vt 0.395833 0.166667
vt 0.395833 0.250000
vt 0.375000 0.250000
vt 0.395833 0.333333
vt 0.395833 0.416667
vt 0.416667 0.500000
vt 0.416667 0.666667
vt 0.416667 0.833333
vt 0.416667 0.916667
vt 0.395833 1.000000
vt 0.416667 0.000000
vt 0.395833 0.000000
vt 0.416667 0.083333
vt 0.416667 0.166667
vt 0.416667 0.333333
vt 0.416667 0.416667
vt 0.437500 0.500000
vt 0.416667 0.583333
vt 0.437500 0.666667
vt 0.416667 0.750000
vt 0.437500 0.833333
vt 0.437500 0.916667
vt 0.416667 1.000000
vt 0.437500 0.083333
vt 0.437500 0.166667
vt 0.416667 0.250000
vt 0.437500 0.333333
vt 0.437500 0.416667
vt 0.458333 0.500000
vt 0.437500 0.583333
vt 0.458333 0.583333
vt 0.458333 0.666667
vt 0.437500 0.750000
vt 0.458333 0.833333
vt 0.458333 0.916667
vt 0.437500 1.000000
vt 0.458333 0.000000
vt 0.437500 0.000000
vt 0.458333 0.166667
vt 0.437500 0.250000
vt 0.458333 0.333333
vt 0.458333 0.416667
vt 0.479167 0.500000
vt 0.479167 0.666667
vt 0.458333 0.750000
vt 0.479167 0.750000
vt 0.479167 0.833333
vt 0.479167 0.916667
vt 0.458333 1.000000
vt 0.479167 0.000000
vt 0.458333 0.083333
vt 0.479167 0.083333
vt 0.479167 0.250000
vt 0.458333 0.250000
vt 0.479167 0.333333
vt 0.479167 0.416667
vt 0.479167 0.583333
vt 0.479167 1.000000
vt 0.479167 0.166667
vt 1.000000 0.583333
vt 1.000000 0.833333
vt 1.000000 0.166667
vt 1.000000 0.416667
s 1
g Torus.003_M_OracBronze.005
usemtl M_OracBronze.005
f 3355/4095/3217 3344/4096/3206 3343/4097/3205
f 3356/4098/3218 3345/4099/3207 3344/4096/3206
f 3357/4100/3219 3346/4101/3208 3345/4099/3207
f 3346/4101/3208 3359/4102/3221 3347/4103/3209
f 3359/4102/3221 3348/4104/3210 3347/4103/3209
f 3360/4105/3222 3349/4106/3211 3348/4104/3210
f 3361/4107/3223 3350/4108/3212 3349/4109/3211
f 3362/4110/3224 3351/4111/3213 3350/4108/3212
f 3363/4112/3225 3352/4113/3214 3351/4111/3213
f 3352/4113/3214 3365/4114/3227 3353/4115/3215
f 3365/4114/3227 3354/4116/3216 3353/4115/3215
f 3354/4116/3216 3355/4095/3217 3343/4097/3205
f 3367/4117/3229 3356/4098/3218 3355/4095/3217
f 3368/4118/3230 3357/4100/3219 3356/4098/3218
f 3369/4119/3231 3358/4120/3220 3357/4100/3219
f 3370/4121/3232 3359/4102/3221 3358/4120/3220
f 3371/4122/3233 3360/4105/3222 3359/4102/3221
f 3372/4123/3234 3361/4124/3223 3360/4105/3222
f 3361/4107/3223 3374/4125/3236 3362/4110/3224
f 3362/4110/3224 3375/4126/3237 3363/4112/3225
f 3363/4112/3225 3376/4127/3238 3364/4128/3226
f 3364/4128/3226 3377/4129/3239 3365/4114/3227
f 3377/4129/3239 3366/4130/3228 3365/4114/3227
f 3366/4130/3228 3367/4117/3229 3355/4095/3217
f 3367/4117/3229 3380/4131/3242 3368/4118/3230
f 3368/4118/3230 3381/4132/3243 3369/4119/3231
f 3369/4119/3231 3382/4133/3244 3370/4121/3232
f 3370/4121/3232 3383/4134/3245 3371/4122/3233
f 3383/4134/3245 3372/4123/3234 3371/4122/3233
f 3384/4135/3246 3373/4136/3235 3372/4123/3234
f 3385/4137/3247 3374/4125/3236 3373/4138/3235
f 3386/4139/3248 3375/4126/3237 3374/4125/3236
f 3387/4140/3249 3376/4127/3238 3375/4126/3237
f 3388/4141/3250 3377/4129/3239 3376/4127/3238
f 3389/4142/3251 3378/4143/3240 3377/4129/3239
f 3390/4144/3252 3367/4117/3229 3378/4143/3240
f 3391/4145/3253 3380/4131/3242 3379/4146/3241
f 3392/4147/3254 3381/4132/3243 3380/4131/3242
f 3381/4132/3243 3394/4148/3256 3382/4133/3244
f 3382/4133/3244 3395/4149/3257 3383/4134/3245
f 3395/4149/3257 3384/4135/3246 3383/4134/3245
f 3396/4150/3258 3385/4151/3247 3384/4135/3246
f 3385/4137/3247 3398/4152/3260 3386/4139/3248
f 3386/4139/3248 3399/4153/3261 3387/4140/3249
f 3399/4153/3261 3388/4141/3250 3387/4140/3249
f 3400/4154/3262 3389/4142/3251 3388/4141/3250
f 3401/4155/3263 3390/4144/3252 3389/4142/3251
f 3390/4144/3252 3391/4145/3253 3379/4146/3241
f 3403/4156/3265 3392/4147/3254 3391/4145/3253
f 3404/4157/3266 3393/4158/3255 3392/4147/3254
f 3393/4158/3255 3406/4159/3268 3394/4148/3256
f 3406/4159/3268 3395/4149/3257 3394/4148/3256
f 3407/4160/3269 3396/4150/3258 3395/4149/3257
f 3408/4161/3270 3397/4162/3259 3396/4150/3258
f 3409/4163/3271 3398/4152/3260 3397/4164/3259
f 3410/4165/3272 3399/4153/3261 3398/4152/3260
f 3399/4153/3261 3412/4166/3274 3400/4154/3262
f 3412/4166/3274 3401/4155/3263 3400/4154/3262
f 3401/4155/3263 3414/4167/3276 3402/4168/3264
f 3414/4167/3276 3391/4145/3253 3402/4168/3264
f 3415/4169/3277 3404/4157/3266 3403/4156/3265
f 3416/4170/3278 3405/4171/3267 3404/4157/3266
f 3417/4172/3279 3406/4159/3268 3405/4171/3267
f 3406/4159/3268 3419/4173/3281 3407/4160/3269
f 3419/4173/3281 3408/4161/3270 3407/4160/3269
f 3408/4161/3270 3421/4174/3283 3409/4175/3271
f 3421/4176/3283 3410/4165/3272 3409/4163/3271
f 3422/4177/3284 3411/4178/3273 3410/4165/3272
f 3423/4179/3285 3412/4166/3274 3411/4178/3273
f 3412/4166/3274 3425/4180/3287 3413/4181/3275
f 3425/4180/3287 3414/4167/3276 3413/4181/3275
f 3414/4167/3276 3415/4169/3277 3403/4156/3265
f 3427/4182/3289 3416/4170/3278 3415/4169/3277
f 3428/4183/3290 3417/4172/3279 3416/4170/3278
f 3429/4184/3291 3418/4185/3280 3417/4172/3279
f 3430/4186/3292 3419/4173/3281 3418/4185/3280
f 3431/4187/3293 3420/4188/3282 3419/4173/3281
f 3432/4189/3294 3421/4174/3283 3420/4188/3282
f 3433/4190/3295 3422/4177/3284 3421/4176/3283
f 3434/4191/3296 3423/4179/3285 3422/4177/3284
f 3423/4179/3285 3436/4192/3298 3424/4193/3286
f 3436/4192/3298 3425/4180/3287 3424/4193/3286
f 3437/4194/3299 3426/4195/3288 3425/4180/3287
f 3438/4196/3300 3415/4169/3277 3426/4195/3288
f 3427/4182/3289 3440/4197/3302 3428/4183/3290
f 3428/4183/3290 3441/4198/3303 3429/4184/3291
f 3429/4184/3291 3442/4199/3304 3430/4186/3292
f 3430/4186/3292 3443/4200/3305 3431/4187/3293
f 3431/4187/3293 3444/4201/3306 3432/4189/3294
f 3432/4189/3294 3445/4202/3307 3433/4203/3295
f 3445/4204/3307 3434/4191/3296 3433/4190/3295
f 3446/4205/3308 3435/4206/3297 3434/4191/3296
f 3447/4207/3309 3436/4192/3298 3435/4206/3297
f 3448/4208/3310 3437/4194/3299 3436/4192/3298
f 3449/4209/3311 3438/4196/3300 3437/4194/3299
f 3450/4210/3312 3427/4182/3289 3438/4196/3300
f 3451/4211/3313 3440/4197/3302 3439/4212/3301
f 3452/4213/3314 3441/4198/3303 3440/4197/3302
f 3453/4214/3315 3442/4199/3304 3441/4198/3303
f 3454/4215/3316 3443/4200/3305 3442/4199/3304
f 3455/4216/3317 3444/4201/3306 3443/4200/3305
f 3456/4217/3318 3445/4202/3307 3444/4201/3306
f 3457/4218/3319 3446/4205/3308 3445/4204/3307
f 3446/4205/3308 3459/4219/3321 3447/4207/3309
f 3459/4219/3321 3448/4208/3310 3447/4207/3309
f 3448/4208/3310 3461/4220/3323 3449/4209/3311
f 3461/4220/3323 3450/4210/3312 3449/4209/3311
f 3462/4221/3324 3439/4212/3301 3450/4210/3312
f 3463/4222/3325 3452/4213/3314 3451/4211/3313
f 3464/4223/3326 3453/4214/3315 3452/4213/3314
f 3465/4224/3327 3454/4215/3316 3453/4214/3315
f 3454/4215/3316 3467/4225/3329 3455/4216/3317
f 3455/4216/3317 3468/4226/3330 3456/4217/3318
f 3456/4217/3318 3469/4227/3331 3457/4228/3319
f 3469/4229/3331 3458/4230/3320 3457/4218/3319
f 3470/4231/3332 3459/4219/3321 3458/4230/3320
f 3471/4232/3333 3460/4233/3322 3459/4219/3321
f 3472/4234/3334 3461/4220/3323 3460/4233/3322
f 3461/4220/3323 3474/4235/3336 3462/4221/3324
f 3462/4221/3324 3463/4222/3325 3451/4211/3313
f 3475/4236/3337 3464/4223/3326 3463/4222/3325
f 3464/4223/3326 3477/4237/3339 3465/4224/3327
f 3465/4224/3327 3478/4238/3340 3466/4239/3328
f 3478/4238/3340 3467/4225/3329 3466/4239/3328
f 3479/4240/3341 3468/4226/3330 3467/4225/3329
f 3480/4241/3342 3469/4227/3331 3468/4226/3330
f 3481/4242/3343 3470/4231/3332 3469/4229/3331
f 3482/4243/3344 3471/4232/3333 3470/4231/3332
f 3483/4244/3345 3472/4234/3334 3471/4232/3333
f 3484/4245/3346 3473/4246/3335 3472/4234/3334
f 3473/4246/3335 3486/4247/3348 3474/4235/3336
f 3474/4235/3336 3475/4236/3337 3463/4222/3325
f 3487/4248/3349 3476/4249/3338 3475/4236/3337
f 3488/4250/3350 3477/4237/3339 3476/4249/3338
f 3477/4237/3339 3490/4251/3352 3478/4238/3340
f 3490/4251/3352 3479/4240/3341 3478/4238/3340
f 3479/4240/3341 3492/4252/3354 3480/4241/3342
f 3492/4252/3354 3481/4253/3343 3480/4241/3342
f 3493/4254/3355 3482/4243/3344 3481/4242/3343
f 3494/4255/3356 3483/4244/3345 3482/4243/3344
f 3495/4256/3357 3484/4245/3346 3483/4244/3345
f 3496/4257/3358 3485/4258/3347 3484/4245/3346
f 3497/4259/3359 3486/4247/3348 3485/4258/3347
f 3498/4260/3360 3475/4236/3337 3486/4247/3348
f 3499/4261/3361 3488/4250/3350 3487/4248/3349
f 3500/4262/3362 3489/4263/3351 3488/4250/3350
f 3489/4263/3351 3502/4264/3364 3490/4251/3352
f 3502/4264/3364 3491/4265/3353 3490/4251/3352
f 3503/4266/3365 3492/4252/3354 3491/4265/3353
f 3504/4267/3366 3493/4268/3355 3492/4252/3354
f 3505/4269/3367 3494/4255/3356 3493/4254/3355
f 3494/4255/3356 3507/4270/3369 3495/4256/3357
f 3507/4270/3369 3496/4257/3358 3495/4256/3357
f 3508/4271/3370 3497/4259/3359 3496/4257/3358
f 3497/4259/3359 3510/4272/3372 3498/4260/3360
f 3498/4260/3360 3499/4261/3361 3487/4248/3349
f 3511/4273/3373 3500/4262/3362 3499/4261/3361
f 3512/4274/3374 3501/4275/3363 3500/4262/3362
f 3501/4275/3363 3514/4276/3376 3502/4264/3364
f 3502/4264/3364 3515/4277/3377 3503/4266/3365
f 3503/4266/3365 3516/4278/3378 3504/4267/3366
f 3504/4267/3366 3517/4279/3379 3505/4280/3367
f 3505/4269/3367 3518/4281/3380 3506/4282/3368
f 3518/4281/3380 3507/4270/3369 3506/4282/3368
f 3519/4283/3381 3508/4271/3370 3507/4270/3369
f 3520/4284/3382 3509/4285/3371 3508/4271/3370
f 3521/4286/3383 3510/4272/3372 3509/4285/3371
f 3510/4272/3372 3511/4273/3373 3499/4261/3361
f 3523/4287/3385 3512/4274/3374 3511/4273/3373
f 3524/4288/3386 3513/4289/3375 3512/4274/3374
f 3525/4290/3387 3514/4276/3376 3513/4289/3375
f 3526/4291/3388 3515/4277/3377 3514/4276/3376
f 3527/4292/3389 3516/4278/3378 3515/4277/3377
f 3528/4293/3390 3517/4279/3379 3516/4278/3378
f 3517/4294/3379 3530/4295/3392 3518/4281/3380
f 3518/4281/3380 3531/4296/3393 3519/4283/3381
f 3519/4283/3381 3532/4297/3394 3520/4284/3382
f 3520/4284/3382 3533/4298/3395 3521/4286/3383
f 3533/4298/3395 3522/4299/3384 3521/4286/3383
f 3522/4299/3384 3523/4287/3385 3511/4273/3373
f 3523/4287/3385 3536/4300/3398 3524/4288/3386
f 3524/4288/3386 3537/4301/3399 3525/4290/3387
f 3525/4290/3387 3538/4302/3400 3526/4291/3388
f 3526/4291/3388 3539/4303/3401 3527/4292/3389
f 3527/4292/3389 3540/4304/3402 3528/4293/3390
f 3528/4293/3390 3541/4305/3403 3529/4306/3391
f 3541/4307/3403 3530/4295/3392 3529/4308/3391
f 3542/4309/3404 3531/4296/3393 3530/4295/3392
f 3543/4310/3405 3532/4297/3394 3531/4296/3393
f 3544/4311/3406 3533/4298/3395 3532/4297/3394
f 3545/4312/3407 3534/4313/3396 3533/4298/3395
f 3546/4314/3408 3523/4287/3385 3534/4313/3396
f 3547/4315/3409 3536/4300/3398 3535/4316/3397
f 3548/4317/3410 3537/4301/3399 3536/4300/3398
f 3549/4318/3411 3538/4302/3400 3537/4301/3399
f 3550/4319/3412 3539/4303/3401 3538/4302/3400
f 3551/4320/3413 3540/4304/3402 3539/4303/3401
f 3552/4321/3414 3541/4305/3403 3540/4304/3402
f 3541/4307/3403 3554/4322/3416 3542/4309/3404
f 3554/4322/3416 3543/4310/3405 3542/4309/3404
f 3543/4310/3405 3556/4323/3418 3544/4311/3406
f 3556/4323/3418 3545/4312/3407 3544/4311/3406
f 3545/4312/3407 3558/4324/3420 3546/4314/3408
f 3558/4324/3420 3535/4316/3397 3546/4314/3408
f 3559/4325/3421 3548/4317/3410 3547/4315/3409
f 3548/4317/3410 3561/4326/3423 3549/4318/3411
f 3549/4318/3411 3562/4327/3424 3550/4319/3412
f 3562/4327/3424 3551/4320/3413 3550/4319/3412
f 3563/4328/3425 3552/4321/3414 3551/4320/3413
f 3552/4321/3414 3565/4329/3427 3553/4330/3415
f 3565/4331/3427 3554/4322/3416 3553/4332/3415
f 3566/4333/3428 3555/4334/3417 3554/4322/3416
f 3567/4335/3429 3556/4323/3418 3555/4334/3417
f 3568/4336/3430 3557/4337/3419 3556/4323/3418
f 3569/4338/3431 3558/4324/3420 3557/4337/3419
f 3570/4339/3432 3547/4315/3409 3558/4324/3420
f 3559/4325/3421 3572/4340/3434 3560/4341/3422
f 3572/4340/3434 3561/4326/3423 3560/4341/3422
f 3573/4342/3435 3562/4327/3424 3561/4326/3423
f 3562/4327/3424 3575/4343/3437 3563/4328/3425
f 3563/4328/3425 3576/4344/3438 3564/4345/3426
f 3564/4345/3426 3577/4346/3439 3565/4329/3427
f 3577/4347/3439 3566/4333/3428 3565/4331/3427
f 3578/4348/3440 3567/4335/3429 3566/4333/3428
f 3579/4349/3441 3568/4336/3430 3567/4335/3429
f 3568/4336/3430 3581/4350/3443 3569/4338/3431
f 3569/4338/3431 3582/4351/3444 3570/4339/3432
f 3582/4351/3444 3559/4325/3421 3570/4339/3432
f 3571/4352/3433 3584/4353/3446 3572/4340/3434
f 3572/4340/3434 3585/4354/3447 3573/4342/3435
f 3585/4354/3447 3574/4355/3436 3573/4342/3435
f 3586/4356/3448 3575/4343/3437 3574/4355/3436
f 3575/4343/3437 3588/4357/3450 3576/4344/3438
f 3588/4357/3450 3577/4346/3439 3576/4344/3438
f 3589/4358/3451 3578/4348/3440 3577/4347/3439
f 3590/4359/3452 3579/4349/3441 3578/4348/3440
f 3579/4349/3441 3592/4360/3454 3580/4361/3442
f 3580/4361/3442 3593/4362/3455 3581/4350/3443
f 3581/4350/3443 3594/4363/3456 3582/4351/3444
f 3594/4363/3456 3571/4352/3433 3582/4351/3444
f 3583/4364/3445 3596/4365/3458 3584/4353/3446
f 3596/4365/3458 3585/4354/3447 3584/4353/3446
f 3597/4366/3459 3586/4356/3448 3585/4354/3447
f 3598/4367/3460 3587/4368/3449 3586/4356/3448
f 3599/4369/3461 3588/4357/3450 3587/4368/3449
f 3600/4370/3462 3589/4371/3451 3588/4357/3450
f 3601/4372/3463 3590/4359/3452 3589/4358/3451
f 3602/4373/3464 3591/4374/3453 3590/4359/3452
f 3591/4374/3453 3604/4375/3466 3592/4360/3454
f 3604/4375/3466 3593/4362/3455 3592/4360/3454
f 3593/4362/3455 3606/4376/3468 3594/4363/3456
f 3606/4376/3468 3583/4364/3445 3594/4363/3456
f 3607/4377/3469 3596/4365/3458 3595/4378/3457
f 3596/4365/3458 3609/4379/3471 3597/4366/3459
f 3609/4379/3471 3598/4367/3460 3597/4366/3459
f 3610/4380/3472 3599/4369/3461 3598/4367/3460
f 3611/4381/3473 3600/4370/3462 3599/4369/3461
f 3612/4382/3474 3601/4383/3463 3600/4370/3462
f 3613/4384/3475 3602/4373/3464 3601/4372/3463
f 3602/4373/3464 3615/4385/3477 3603/4386/3465
f 3615/4385/3477 3604/4375/3466 3603/4386/3465
f 3604/4375/3466 3617/4387/3479 3605/4388/3467
f 3605/4388/3467 3618/4389/3480 3606/4376/3468
f 3606/4376/3468 3607/4377/3469 3595/4378/3457
f 3619/4390/3481 3608/4391/3470 3607/4377/3469
f 3620/4392/3482 3609/4379/3471 3608/4391/3470
f 3621/4393/3483 3610/4380/3472 3609/4379/3471
f 3622/4394/3484 3611/4381/3473 3610/4380/3472
f 3623/4395/3485 3612/4382/3474 3611/4381/3473
f 3624/4396/3486 3613/4397/3475 3612/4382/3474
f 3613/4384/3475 3626/4398/3488 3614/4399/3476
f 3614/4399/3476 3627/4400/3489 3615/4385/3477
f 3615/4385/3477 3628/4401/3490 3616/4402/3478
f 3628/4401/3490 3617/4387/3479 3616/4402/3478
f 3617/4387/3479 3630/4403/3492 3618/4389/3480
f 3630/4403/3492 3607/4377/3469 3618/4389/3480
f 3631/4404/3211 3620/4392/3482 3619/4390/3481
f 3620/4392/3482 3633/4405/3494 3621/4393/3483
f 3633/4405/3494 3622/4394/3484 3621/4393/3483
f 3634/4406/3495 3623/4395/3485 3622/4394/3484
f 3623/4395/3485 3636/4407/3497 3624/4396/3486
f 3624/4396/3486 3637/4408/3205 3625/4409/3487
f 3637/4410/3205 3626/4398/3488 3625/4411/3487
f 3638/4412/3498 3627/4400/3489 3626/4398/3488
f 3627/4400/3489 3640/4413/3500 3628/4401/3490
f 3628/4401/3490 3641/4414/3501 3629/4415/3491
f 3641/4414/3501 3630/4403/3492 3629/4415/3491
f 3630/4403/3492 3631/4404/3211 3619/4390/3481
f 3643/4416/3223 3632/4417/3493 3631/4418/3211
f 3644/4419/3503 3633/4420/3494 3632/4417/3493
f 3633/4420/3494 3646/4421/3505 3634/4422/3495
f 3646/4421/3505 3635/4423/3496 3634/4422/3495
f 3647/4424/3506 3636/4425/3497 3635/4423/3496
f 3648/4426/3507 3637/4427/3205 3636/4425/3497
f 3649/4428/3217 3638/4429/3498 3637/4430/3205
f 3638/4429/3498 3651/4431/3509 3639/4432/3499
f 3651/4431/3509 3640/4433/3500 3639/4432/3499
f 3652/4434/3510 3641/4435/3501 3640/4433/3500
f 3653/4436/3511 3642/4437/3502 3641/4435/3501
f 3642/4437/3502 3643/4416/3223 3631/4418/3211
f 3655/4438/3235 3644/4419/3503 3643/4416/3223
f 3644/4419/3503 3657/4439/3514 3645/4440/3504
f 3645/4440/3504 3658/4441/3515 3646/4421/3505
f 3646/4421/3505 3659/4442/3516 3647/4424/3506
f 3647/4424/3506 3660/4443/3517 3648/4426/3507
f 3648/4426/3507 3661/4444/3229 3649/4445/3217
f 3661/4446/3229 3650/4447/3508 3649/4428/3217
f 3662/4448/3518 3651/4431/3509 3650/4447/3508
f 3663/4449/3519 3652/4434/3510 3651/4431/3509
f 3664/4450/3520 3653/4436/3511 3652/4434/3510
f 3665/4451/3521 3654/4452/3512 3653/4436/3511
f 3666/4453/3522 3643/4416/3223 3654/4452/3512
f 3667/4454/3247 3656/4455/3513 3655/4438/3235
f 3668/4456/3523 3657/4439/3514 3656/4455/3513
f 3669/4457/3524 3658/4441/3515 3657/4439/3514
f 3670/4458/3525 3659/4442/3516 3658/4441/3515
f 3671/4459/3526 3660/4443/3517 3659/4442/3516
f 3660/4443/3517 3673/4460/3241 3661/4444/3229
f 3673/4461/3241 3662/4448/3518 3661/4446/3229
f 3662/4448/3518 3675/4462/3529 3663/4449/3519
f 3663/4449/3519 3676/4463/3530 3664/4450/3520
f 3664/4450/3520 3677/4464/3531 3665/4451/3521
f 3677/4464/3531 3666/4453/3522 3665/4451/3521
f 3678/4465/3532 3655/4438/3235 3666/4453/3522
f 3667/4454/3247 3680/4466/3533 3668/4456/3523
f 3668/4456/3523 3681/4467/3534 3669/4457/3524
f 3669/4457/3524 3682/4468/3535 3670/4458/3525
f 3682/4468/3535 3671/4459/3526 3670/4458/3525
f 3683/4469/3536 3672/4470/3527 3671/4459/3526
f 3684/4471/3537 3673/4460/3241 3672/4470/3527
f 3685/4472/3253 3674/4473/3528 3673/4461/3241
f 3686/4474/3538 3675/4462/3529 3674/4473/3528
f 3675/4462/3529 3688/4475/3540 3676/4463/3530
f 3688/4475/3540 3677/4464/3531 3676/4463/3530
f 3689/4476/3541 3678/4465/3532 3677/4464/3531
f 3690/4477/3542 3667/4454/3247 3678/4465/3532
f 3679/4478/3259 3692/4479/3543 3680/4466/3533
f 3692/4479/3543 3681/4467/3534 3680/4466/3533
f 3681/4467/3534 3694/4480/3545 3682/4468/3535
f 3694/4480/3545 3683/4469/3536 3682/4468/3535
f 3695/4481/3546 3684/4471/3537 3683/4469/3536
f 3696/4482/3547 3685/4483/3253 3684/4471/3537
f 3685/4472/3253 3698/4484/3548 3686/4474/3538
f 3698/4484/3548 3687/4485/3539 3686/4474/3538
f 3687/4485/3539 3700/4486/3550 3688/4475/3540
f 3700/4486/3550 3689/4476/3541 3688/4475/3540
f 3701/4487/3551 3690/4477/3542 3689/4476/3541
f 3702/4488/3552 3679/4478/3259 3690/4477/3542
f 3703/4489/3283 3692/4479/3543 3691/4490/3271
f 3692/4479/3543 3705/4491/3554 3693/4492/3544
f 3693/4492/3544 3706/4493/3555 3694/4480/3545
f 3706/4493/3555 3695/4481/3546 3694/4480/3545
f 3707/4494/3556 3696/4482/3547 3695/4481/3546
f 3708/4495/3557 3697/4496/3265 3696/4482/3547
f 3697/4497/3265 3710/4498/3558 3698/4484/3548
f 3698/4484/3548 3711/4499/3559 3699/4500/3549
f 3699/4500/3549 3712/4501/3560 3700/4486/3550
f 3712/4501/3560 3701/4487/3551 3700/4486/3550
f 3713/4502/3561 3702/4488/3552 3701/4487/3551
f 3702/4488/3552 3703/4489/3283 3691/4490/3271
f 3715/4503/3295 3704/4504/3553 3703/4489/3283
f 3716/4505/3563 3705/4491/3554 3704/4504/3553
f 3705/4491/3554 3718/4506/3565 3706/4493/3555
f 3706/4493/3555 3719/4507/3566 3707/4494/3556
f 3707/4494/3556 3720/4508/3567 3708/4495/3557
f 3720/4508/3567 3709/4509/3277 3708/4495/3557
f 3721/4510/3289 3710/4498/3558 3709/4511/3277
f 3722/4512/3568 3711/4499/3559 3710/4498/3558
f 3711/4499/3559 3724/4513/3570 3712/4501/3560
f 3724/4513/3570 3713/4502/3561 3712/4501/3560
f 3725/4514/3571 3714/4515/3562 3713/4502/3561
f 3714/4515/3562 3715/4503/3295 3703/4489/3283
f 3727/4516/3307 3716/4505/3563 3715/4503/3295
f 3728/4517/3573 3717/4518/3564 3716/4505/3563
f 3717/4518/3564 3730/4519/3575 3718/4506/3565
f 3718/4506/3565 3731/4520/3576 3719/4507/3566
f 3731/4520/3576 3720/4508/3567 3719/4507/3566
f 3732/4521/3577 3721/4522/3289 3720/4508/3567
f 3733/4523/3301 3722/4512/3568 3721/4510/3289
f 3734/4524/3578 3723/4525/3569 3722/4512/3568
f 3735/4526/3579 3724/4513/3570 3723/4525/3569
f 3736/4527/3580 3725/4514/3571 3724/4513/3570
f 3737/4528/3581 3726/4529/3572 3725/4514/3571
f 3726/4529/3572 3727/4516/3307 3715/4503/3295
f 3739/4530/3319 3728/4517/3573 3727/4516/3307
f 3740/4531/3583 3729/4532/3574 3728/4517/3573
f 3741/4533/3584 3730/4519/3575 3729/4532/3574
f 3742/4534/3585 3731/4520/3576 3730/4519/3575
f 3743/4535/3586 3732/4521/3577 3731/4520/3576
f 3744/4536/3587 3733/4537/3301 3732/4521/3577
f 3733/4523/3301 3746/4538/3588 3734/4524/3578
f 3734/4524/3578 3747/4539/3589 3735/4526/3579
f 3735/4526/3579 3748/4540/3590 3736/4527/3580
f 3736/4527/3580 3749/4541/3591 3737/4528/3581
f 3749/4541/3591 3738/4542/3582 3737/4528/3581
f 3750/4543/3592 3727/4516/3307 3738/4542/3582
f 3739/4530/3319 3752/4544/3593 3740/4531/3583
f 3752/4544/3593 3741/4533/3584 3740/4531/3583
f 3753/4545/3594 3742/4534/3585 3741/4533/3584
f 3742/4534/3585 3755/4546/3596 3743/4535/3586
f 3743/4535/3586 3756/4547/3597 3744/4536/3587
f 3756/4547/3597 3745/4548/3313 3744/4536/3587
f 3745/4549/3313 3758/4550/3598 3746/4538/3588
f 3758/4550/3598 3747/4539/3589 3746/4538/3588
f 3759/4551/3599 3748/4540/3590 3747/4539/3589
f 3748/4540/3590 3761/4552/3601 3749/4541/3591
f 3749/4541/3591 3762/4553/3602 3750/4543/3592
f 3762/4553/3602 3739/4530/3319 3750/4543/3592
f 3763/4554/3343 3752/4544/3593 3751/4555/3331
f 3764/4556/3603 3753/4545/3594 3752/4544/3593
f 3765/4557/3604 3754/4558/3595 3753/4545/3594
f 3766/4559/3605 3755/4546/3596 3754/4558/3595
f 3755/4546/3596 3768/4560/3607 3756/4547/3597
f 3756/4547/3597 3769/4561/3337 3757/4562/3325
f 3769/4563/3337 3758/4550/3598 3757/4564/3325
f 3770/4565/3608 3759/4551/3599 3758/4550/3598
f 3759/4551/3599 3772/4566/3610 3760/4567/3600
f 3760/4567/3600 3773/4568/3611 3761/4552/3601
f 3773/4568/3611 3762/4553/3602 3761/4552/3601
f 3774/4569/3612 3751/4555/3331 3762/4553/3602
f 3775/4570/3355 3764/4556/3603 3763/4554/3343
f 3764/4556/3603 3777/4571/3614 3765/4557/3604
f 3765/4557/3604 3778/4572/3615 3766/4559/3605
f 3766/4559/3605 3779/4573/3616 3767/4574/3606
f 3767/4574/3606 3780/4575/3617 3768/4560/3607
f 3780/4575/3617 3769/4561/3337 3768/4560/3607
f 3781/4576/3349 3770/4565/3608 3769/4563/3337
f 3782/4577/3618 3771/4578/3609 3770/4565/3608
f 3783/4579/3619 3772/4566/3610 3771/4578/3609
f 3784/4580/3620 3773/4568/3611 3772/4566/3610
f 3785/4581/3621 3774/4569/3612 3773/4568/3611
f 3786/4582/3622 3763/4554/3343 3774/4569/3612
f 3787/4583/3367 3776/4584/3613 3775/4570/3355
f 3788/4585/3623 3777/4571/3614 3776/4584/3613
f 3789/4586/3624 3778/4572/3615 3777/4571/3614
f 3778/4572/3615 3791/4587/3626 3779/4573/3616
f 3791/4587/3626 3780/4575/3617 3779/4573/3616
f 3792/4588/3627 3781/4589/3349 3780/4575/3617
f 3793/4590/3361 3782/4577/3618 3781/4576/3349
f 3782/4577/3618 3795/4591/3629 3783/4579/3619
f 3783/4579/3619 3796/4592/3630 3784/4580/3620
f 3784/4580/3620 3797/4593/3631 3785/4581/3621
f 3797/4593/3631 3786/4582/3622 3785/4581/3621
f 3798/4594/3632 3775/4570/3355 3786/4582/3622
f 3799/4595/3379 3788/4585/3623 3787/4583/3367
f 3788/4585/3623 3801/4596/3634 3789/4586/3624
f 3801/4596/3634 3790/4597/3625 3789/4586/3624
f 3802/4598/3635 3791/4587/3626 3790/4597/3625
f 3803/4599/3636 3792/4588/3627 3791/4587/3626
f 3804/4600/3637 3793/4601/3361 3792/4588/3627
f 3805/4602/3373 3794/4603/3628 3793/4590/3361
f 3794/4603/3628 3807/4604/3639 3795/4591/3629
f 3795/4591/3629 3808/4605/3640 3796/4592/3630
f 3796/4592/3630 3809/4606/3641 3797/4593/3631
f 3809/4606/3641 3798/4594/3632 3797/4593/3631
f 3798/4594/3632 3799/4595/3379 3787/4583/3367
f 3811/4607/3391 3800/4608/3633 3799/4595/3379
f 3800/4608/3633 3813/4609/3644 3801/4596/3634
f 3813/4609/3644 3802/4598/3635 3801/4596/3634
f 3814/4610/3645 3803/4599/3636 3802/4598/3635
f 3815/4611/3646 3804/4600/3637 3803/4599/3636
f 3816/4612/3647 3805/4613/3373 3804/4600/3637
f 3817/4614/3385 3806/4615/3638 3805/4602/3373
f 3806/4615/3638 3819/4616/3649 3807/4604/3639
f 3807/4604/3639 3820/4617/3650 3808/4605/3640
f 3808/4605/3640 3821/4618/3651 3809/4606/3641
f 3821/4618/3651 3810/4619/3642 3809/4606/3641
f 3822/4620/3652 3799/4595/3379 3810/4619/3642
f 3823/4621/3403 3812/4622/3643 3811/4607/3391
f 3824/4623/3653 3813/4609/3644 3812/4622/3643
f 3813/4609/3644 3826/4624/3655 3814/4610/3645
f 3826/4624/3655 3815/4611/3646 3814/4610/3645
f 3815/4611/3646 3828/4625/3657 3816/4612/3647
f 3828/4625/3657 3817/4626/3385 3816/4612/3647
f 3829/4627/3397 3818/4628/3648 3817/4614/3385
f 3830/4629/3658 3819/4616/3649 3818/4628/3648
f 3831/4630/3659 3820/4617/3650 3819/4616/3649
f 3832/4631/3660 3821/4618/3651 3820/4617/3650
f 3821/4618/3651 3834/4632/3662 3822/4620/3652
f 3834/4632/3662 3811/4607/3391 3822/4620/3652
f 3835/4633/3415 3824/4623/3653 3823/4621/3403
f 3836/4634/3663 3825/4635/3654 3824/4623/3653
f 3837/4636/3664 3826/4624/3655 3825/4635/3654
f 3838/4637/3665 3827/4638/3656 3826/4624/3655
f 3839/4639/3666 3828/4625/3657 3827/4638/3656
f 3840/4640/3667 3829/4641/3397 3828/4625/3657
f 3841/4642/3409 3830/4629/3658 3829/4627/3397
f 3830/4629/3658 3843/4643/3669 3831/4630/3659
f 3843/4643/3669 3832/4631/3660 3831/4630/3659
f 3832/4631/3660 3845/4644/3671 3833/4645/3661
f 3833/4645/3661 3846/4646/3672 3834/4632/3662
f 3834/4632/3662 3835/4633/3415 3823/4621/3403
f 3847/4647/3427 3836/4634/3663 3835/4633/3415
f 3848/4648/3673 3837/4636/3664 3836/4634/3663
f 3837/4636/3664 3850/4649/3675 3838/4637/3665
f 3838/4637/3665 3851/4650/3676 3839/4639/3666
f 3851/4650/3676 3840/4640/3667 3839/4639/3666
f 3840/4640/3667 3853/4651/3421 3841/4652/3409
f 3853/4653/3421 3842/4654/3668 3841/4642/3409
f 3854/4655/3678 3843/4643/3669 3842/4654/3668
f 3855/4656/3679 3844/4657/3670 3843/4643/3669
f 3844/4657/3670 3857/4658/3681 3845/4644/3671
f 3845/4644/3671 3858/4659/3682 3846/4646/3672
f 3846/4646/3672 3847/4647/3427 3835/4633/3415
f 3859/4660/3439 3848/4648/3673 3847/4647/3427
f 3860/4661/3683 3849/4662/3674 3848/4648/3673
f 3861/4663/3684 3850/4649/3675 3849/4662/3674
f 3862/4664/3685 3851/4650/3676 3850/4649/3675
f 3863/4665/3686 3852/4666/3677 3851/4650/3676
f 3864/4667/3687 3853/4651/3421 3852/4666/3677
f 3853/4653/3421 3866/4668/3688 3854/4655/3678
f 3854/4655/3678 3867/4669/3689 3855/4656/3679
f 3855/4656/3679 3868/4670/3690 3856/4671/3680
f 3868/4670/3690 3857/4658/3681 3856/4671/3680
f 3869/4672/3691 3858/4659/3682 3857/4658/3681
f 3870/4673/3692 3847/4647/3427 3858/4659/3682
f 3871/4674/3451 3860/4661/3683 3859/4660/3439
f 3860/4661/3683 3873/4675/3694 3861/4663/3684
f 3873/4675/3694 3862/4664/3685 3861/4663/3684
f 3862/4664/3685 3875/4676/3696 3863/4665/3686
f 3875/4676/3696 3864/4667/3687 3863/4665/3686
f 3876/4677/3697 3865/4678/3433 3864/4667/3687
f 3877/4679/3445 3866/4668/3688 3865/4680/3433
f 3878/4681/3698 3867/4669/3689 3866/4668/3688
f 3879/4682/3699 3868/4670/3690 3867/4669/3689
f 3868/4670/3690 3881/4683/3701 3869/4672/3691
f 3881/4683/3701 3870/4673/3692 3869/4672/3691
f 3882/4684/3702 3859/4660/3439 3870/4673/3692
f 3883/4685/3463 3872/4686/3693 3871/4674/3451
f 3872/4686/3693 3885/4687/3704 3873/4675/3694
f 3885/4687/3704 3874/4688/3695 3873/4675/3694
f 3874/4688/3695 3887/4689/3706 3875/4676/3696
f 3887/4689/3706 3876/4677/3697 3875/4676/3696
f 3888/4690/3707 3877/4691/3445 3876/4677/3697
f 3877/4679/3445 3890/4692/3708 3878/4681/3698
f 3890/4692/3708 3879/4682/3699 3878/4681/3698
f 3891/4693/3709 3880/4694/3700 3879/4682/3699
f 3880/4694/3700 3893/4695/3711 3881/4683/3701
f 3893/4695/3711 3882/4684/3702 3881/4683/3701
f 3894/4696/3712 3871/4674/3451 3882/4684/3702
f 3895/4697/3475 3884/4698/3703 3883/4685/3463
f 3896/4699/3713 3885/4687/3704 3884/4698/3703
f 3897/4700/3714 3886/4701/3705 3885/4687/3704
f 3886/4701/3705 3899/4702/3716 3887/4689/3706
f 3899/4702/3716 3888/4690/3707 3887/4689/3706
f 3900/4703/3717 3889/4704/3457 3888/4690/3707
f 3901/4705/3469 3890/4692/3708 3889/4706/3457
f 3890/4692/3708 3903/4707/3719 3891/4693/3709
f 3903/4707/3719 3892/4708/3710 3891/4693/3709
f 3892/4708/3710 3905/4709/3721 3893/4695/3711
f 3893/4695/3711 3906/4710/3722 3894/4696/3712
f 3894/4696/3712 3895/4697/3475 3883/4685/3463
f 3907/4711/3487 3896/4699/3713 3895/4697/3475
f 3896/4699/3713 3909/4712/3724 3897/4700/3714
f 3909/4712/3724 3898/4713/3715 3897/4700/3714
f 3910/4714/3725 3899/4702/3716 3898/4713/3715
f 3911/4715/3726 3900/4703/3717 3899/4702/3716
f 3912/4716/3727 3901/4717/3469 3900/4703/3717
f 3913/4718/3481 3902/4719/3718 3901/4705/3469
f 3914/4720/3728 3903/4707/3719 3902/4719/3718
f 3903/4707/3719 3916/4721/3730 3904/4722/3720
f 3916/4721/3730 3905/4709/3721 3904/4722/3720
f 3917/4723/3731 3906/4710/3722 3905/4709/3721
f 3918/4724/3732 3895/4697/3475 3906/4710/3722
f 3907/4711/3487 3344/4096/3206 3908/4725/3723
f 3344/4096/3206 3909/4712/3724 3908/4725/3723
f 3909/4712/3724 3346/4101/3208 3910/4714/3725
f 3346/4101/3208 3911/4715/3726 3910/4714/3725
f 3347/4103/3209 3912/4716/3727 3911/4715/3726
f 3348/4104/3210 3913/4726/3481 3912/4716/3727
f 3349/4109/3211 3914/4720/3728 3913/4718/3481
f 3350/4108/3212 3915/4727/3729 3914/4720/3728
f 3915/4727/3729 3352/4113/3214 3916/4721/3730
f 3916/4721/3730 3353/4115/3215 3917/4723/3731
f 3353/4115/3215 3918/4724/3732 3917/4723/3731
f 3354/4116/3216 3907/4711/3487 3918/4724/3732
f 3355/4095/3217 3356/4098/3218 3344/4096/3206
f 3356/4098/3218 3357/4100/3219 3345/4099/3207
f 3357/4100/3219 3358/4120/3220 3346/4101/3208
f 3346/4101/3208 3358/4120/3220 3359/4102/3221
f 3359/4102/3221 3360/4105/3222 3348/4104/3210
f 3360/4105/3222 3361/4124/3223 3349/4106/3211
f 3361/4107/3223 3362/4110/3224 3350/4108/3212
f 3362/4110/3224 3363/4112/3225 3351/4111/3213
f 3363/4112/3225 3364/4128/3226 3352/4113/3214
f 3352/4113/3214 3364/4128/3226 3365/4114/3227
f 3365/4114/3227 3366/4130/3228 3354/4116/3216
f 3354/4116/3216 3366/4130/3228 3355/4095/3217
f 3367/4117/3229 3368/4118/3230 3356/4098/3218
f 3368/4118/3230 3369/4119/3231 3357/4100/3219
f 3369/4119/3231 3370/4121/3232 3358/4120/3220
f 3370/4121/3232 3371/4122/3233 3359/4102/3221
f 3371/4122/3233 3372/4123/3234 3360/4105/3222
f 3372/4123/3234 3373/4136/3235 3361/4124/3223
f 3361/4107/3223 3373/4138/3235 3374/4125/3236
f 3362/4110/3224 3374/4125/3236 3375/4126/3237
f 3363/4112/3225 3375/4126/3237 3376/4127/3238
f 3364/4128/3226 3376/4127/3238 3377/4129/3239
f 3377/4129/3239 3378/4143/3240 3366/4130/3228
f 3366/4130/3228 3378/4143/3240 3367/4117/3229
f 3367/4117/3229 3379/4146/3241 3380/4131/3242
f 3368/4118/3230 3380/4131/3242 3381/4132/3243
f 3369/4119/3231 3381/4132/3243 3382/4133/3244
f 3370/4121/3232 3382/4133/3244 3383/4134/3245
f 3383/4134/3245 3384/4135/3246 3372/4123/3234
f 3384/4135/3246 3385/4151/3247 3373/4136/3235
f 3385/4137/3247 3386/4139/3248 3374/4125/3236
f 3386/4139/3248 3387/4140/3249 3375/4126/3237
f 3387/4140/3249 3388/4141/3250 3376/4127/3238
f 3388/4141/3250 3389/4142/3251 3377/4129/3239
f 3389/4142/3251 3390/4144/3252 3378/4143/3240
f 3390/4144/3252 3379/4146/3241 3367/4117/3229
f 3391/4145/3253 3392/4147/3254 3380/4131/3242
f 3392/4147/3254 3393/4158/3255 3381/4132/3243
f 3381/4132/3243 3393/4158/3255 3394/4148/3256
f 3382/4133/3244 3394/4148/3256 3395/4149/3257
f 3395/4149/3257 3396/4150/3258 3384/4135/3246
f 3396/4150/3258 3397/4162/3259 3385/4151/3247
f 3385/4137/3247 3397/4164/3259 3398/4152/3260
f 3386/4139/3248 3398/4152/3260 3399/4153/3261
f 3399/4153/3261 3400/4154/3262 3388/4141/3250
f 3400/4154/3262 3401/4155/3263 3389/4142/3251
f 3401/4155/3263 3402/4168/3264 3390/4144/3252
f 3390/4144/3252 3402/4168/3264 3391/4145/3253
f 3403/4156/3265 3404/4157/3266 3392/4147/3254
f 3404/4157/3266 3405/4171/3267 3393/4158/3255
f 3393/4158/3255 3405/4171/3267 3406/4159/3268
f 3406/4159/3268 3407/4160/3269 3395/4149/3257
f 3407/4160/3269 3408/4161/3270 3396/4150/3258
f 3408/4161/3270 3409/4175/3271 3397/4162/3259
f 3409/4163/3271 3410/4165/3272 3398/4152/3260
f 3410/4165/3272 3411/4178/3273 3399/4153/3261
f 3399/4153/3261 3411/4178/3273 3412/4166/3274
f 3412/4166/3274 3413/4181/3275 3401/4155/3263
f 3401/4155/3263 3413/4181/3275 3414/4167/3276
f 3414/4167/3276 3403/4156/3265 3391/4145/3253
f 3415/4169/3277 3416/4170/3278 3404/4157/3266
f 3416/4170/3278 3417/4172/3279 3405/4171/3267
f 3417/4172/3279 3418/4185/3280 3406/4159/3268
f 3406/4159/3268 3418/4185/3280 3419/4173/3281
f 3419/4173/3281 3420/4188/3282 3408/4161/3270
f 3408/4161/3270 3420/4188/3282 3421/4174/3283
f 3421/4176/3283 3422/4177/3284 3410/4165/3272
f 3422/4177/3284 3423/4179/3285 3411/4178/3273
f 3423/4179/3285 3424/4193/3286 3412/4166/3274
f 3412/4166/3274 3424/4193/3286 3425/4180/3287
f 3425/4180/3287 3426/4195/3288 3414/4167/3276
f 3414/4167/3276 3426/4195/3288 3415/4169/3277
f 3427/4182/3289 3428/4183/3290 3416/4170/3278
f 3428/4183/3290 3429/4184/3291 3417/4172/3279
f 3429/4184/3291 3430/4186/3292 3418/4185/3280
f 3430/4186/3292 3431/4187/3293 3419/4173/3281
f 3431/4187/3293 3432/4189/3294 3420/4188/3282
f 3432/4189/3294 3433/4203/3295 3421/4174/3283
f 3433/4190/3295 3434/4191/3296 3422/4177/3284
f 3434/4191/3296 3435/4206/3297 3423/4179/3285
f 3423/4179/3285 3435/4206/3297 3436/4192/3298
f 3436/4192/3298 3437/4194/3299 3425/4180/3287
f 3437/4194/3299 3438/4196/3300 3426/4195/3288
f 3438/4196/3300 3427/4182/3289 3415/4169/3277
f 3427/4182/3289 3439/4212/3301 3440/4197/3302
f 3428/4183/3290 3440/4197/3302 3441/4198/3303
f 3429/4184/3291 3441/4198/3303 3442/4199/3304
f 3430/4186/3292 3442/4199/3304 3443/4200/3305
f 3431/4187/3293 3443/4200/3305 3444/4201/3306
f 3432/4189/3294 3444/4201/3306 3445/4202/3307
f 3445/4204/3307 3446/4205/3308 3434/4191/3296
f 3446/4205/3308 3447/4207/3309 3435/4206/3297
f 3447/4207/3309 3448/4208/3310 3436/4192/3298
f 3448/4208/3310 3449/4209/3311 3437/4194/3299
f 3449/4209/3311 3450/4210/3312 3438/4196/3300
f 3450/4210/3312 3439/4212/3301 3427/4182/3289
f 3451/4211/3313 3452/4213/3314 3440/4197/3302
f 3452/4213/3314 3453/4214/3315 3441/4198/3303
f 3453/4214/3315 3454/4215/3316 3442/4199/3304
f 3454/4215/3316 3455/4216/3317 3443/4200/3305
f 3455/4216/3317 3456/4217/3318 3444/4201/3306
f 3456/4217/3318 3457/4228/3319 3445/4202/3307
f 3457/4218/3319 3458/4230/3320 3446/4205/3308
f 3446/4205/3308 3458/4230/3320 3459/4219/3321
f 3459/4219/3321 3460/4233/3322 3448/4208/3310
f 3448/4208/3310 3460/4233/3322 3461/4220/3323
f 3461/4220/3323 3462/4221/3324 3450/4210/3312
f 3462/4221/3324 3451/4211/3313 3439/4212/3301
f 3463/4222/3325 3464/4223/3326 3452/4213/3314
f 3464/4223/3326 3465/4224/3327 3453/4214/3315
f 3465/4224/3327 3466/4239/3328 3454/4215/3316
f 3454/4215/3316 3466/4239/3328 3467/4225/3329
f 3455/4216/3317 3467/4225/3329 3468/4226/3330
f 3456/4217/3318 3468/4226/3330 3469/4227/3331
f 3469/4229/3331 3470/4231/3332 3458/4230/3320
f 3470/4231/3332 3471/4232/3333 3459/4219/3321
f 3471/4232/3333 3472/4234/3334 3460/4233/3322
f 3472/4234/3334 3473/4246/3335 3461/4220/3323
f 3461/4220/3323 3473/4246/3335 3474/4235/3336
f 3462/4221/3324 3474/4235/3336 3463/4222/3325
f 3475/4236/3337 3476/4249/3338 3464/4223/3326
f 3464/4223/3326 3476/4249/3338 3477/4237/3339
f 3465/4224/3327 3477/4237/3339 3478/4238/3340
f 3478/4238/3340 3479/4240/3341 3467/4225/3329
f 3479/4240/3341 3480/4241/3342 3468/4226/3330
f 3480/4241/3342 3481/4253/3343 3469/4227/3331
f 3481/4242/3343 3482/4243/3344 3470/4231/3332
f 3482/4243/3344 3483/4244/3345 3471/4232/3333
f 3483/4244/3345 3484/4245/3346 3472/4234/3334
f 3484/4245/3346 3485/4258/3347 3473/4246/3335
f 3473/4246/3335 3485/4258/3347 3486/4247/3348
f 3474/4235/3336 3486/4247/3348 3475/4236/3337
f 3487/4248/3349 3488/4250/3350 3476/4249/3338
f 3488/4250/3350 3489/4263/3351 3477/4237/3339
f 3477/4237/3339 3489/4263/3351 3490/4251/3352
f 3490/4251/3352 3491/4265/3353 3479/4240/3341
f 3479/4240/3341 3491/4265/3353 3492/4252/3354
f 3492/4252/3354 3493/4268/3355 3481/4253/3343
f 3493/4254/3355 3494/4255/3356 3482/4243/3344
f 3494/4255/3356 3495/4256/3357 3483/4244/3345
f 3495/4256/3357 3496/4257/3358 3484/4245/3346
f 3496/4257/3358 3497/4259/3359 3485/4258/3347
f 3497/4259/3359 3498/4260/3360 3486/4247/3348
f 3498/4260/3360 3487/4248/3349 3475/4236/3337
f 3499/4261/3361 3500/4262/3362 3488/4250/3350
f 3500/4262/3362 3501/4275/3363 3489/4263/3351
f 3489/4263/3351 3501/4275/3363 3502/4264/3364
f 3502/4264/3364 3503/4266/3365 3491/4265/3353
f 3503/4266/3365 3504/4267/3366 3492/4252/3354
f 3504/4267/3366 3505/4280/3367 3493/4268/3355
f 3505/4269/3367 3506/4282/3368 3494/4255/3356
f 3494/4255/3356 3506/4282/3368 3507/4270/3369
f 3507/4270/3369 3508/4271/3370 3496/4257/3358
f 3508/4271/3370 3509/4285/3371 3497/4259/3359
f 3497/4259/3359 3509/4285/3371 3510/4272/3372
f 3498/4260/3360 3510/4272/3372 3499/4261/3361
f 3511/4273/3373 3512/4274/3374 3500/4262/3362
f 3512/4274/3374 3513/4289/3375 3501/4275/3363
f 3501/4275/3363 3513/4289/3375 3514/4276/3376
f 3502/4264/3364 3514/4276/3376 3515/4277/3377
f 3503/4266/3365 3515/4277/3377 3516/4278/3378
f 3504/4267/3366 3516/4278/3378 3517/4279/3379
f 3505/4269/3367 3517/4294/3379 3518/4281/3380
f 3518/4281/3380 3519/4283/3381 3507/4270/3369
f 3519/4283/3381 3520/4284/3382 3508/4271/3370
f 3520/4284/3382 3521/4286/3383 3509/4285/3371
f 3521/4286/3383 3522/4299/3384 3510/4272/3372
f 3510/4272/3372 3522/4299/3384 3511/4273/3373
f 3523/4287/3385 3524/4288/3386 3512/4274/3374
f 3524/4288/3386 3525/4290/3387 3513/4289/3375
f 3525/4290/3387 3526/4291/3388 3514/4276/3376
f 3526/4291/3388 3527/4292/3389 3515/4277/3377
f 3527/4292/3389 3528/4293/3390 3516/4278/3378
f 3528/4293/3390 3529/4306/3391 3517/4279/3379
f 3517/4294/3379 3529/4308/3391 3530/4295/3392
f 3518/4281/3380 3530/4295/3392 3531/4296/3393
f 3519/4283/3381 3531/4296/3393 3532/4297/3394
f 3520/4284/3382 3532/4297/3394 3533/4298/3395
f 3533/4298/3395 3534/4313/3396 3522/4299/3384
f 3522/4299/3384 3534/4313/3396 3523/4287/3385
f 3523/4287/3385 3535/4316/3397 3536/4300/3398
f 3524/4288/3386 3536/4300/3398 3537/4301/3399
f 3525/4290/3387 3537/4301/3399 3538/4302/3400
f 3526/4291/3388 3538/4302/3400 3539/4303/3401
f 3527/4292/3389 3539/4303/3401 3540/4304/3402
f 3528/4293/3390 3540/4304/3402 3541/4305/3403
f 3541/4307/3403 3542/4309/3404 3530/4295/3392
f 3542/4309/3404 3543/4310/3405 3531/4296/3393
f 3543/4310/3405 3544/4311/3406 3532/4297/3394
f 3544/4311/3406 3545/4312/3407 3533/4298/3395
f 3545/4312/3407 3546/4314/3408 3534/4313/3396
f 3546/4314/3408 3535/4316/3397 3523/4287/3385
f 3547/4315/3409 3548/4317/3410 3536/4300/3398
f 3548/4317/3410 3549/4318/3411 3537/4301/3399
f 3549/4318/3411 3550/4319/3412 3538/4302/3400
f 3550/4319/3412 3551/4320/3413 3539/4303/3401
f 3551/4320/3413 3552/4321/3414 3540/4304/3402
f 3552/4321/3414 3553/4330/3415 3541/4305/3403
f 3541/4307/3403 3553/4332/3415 3554/4322/3416
f 3554/4322/3416 3555/4334/3417 3543/4310/3405
f 3543/4310/3405 3555/4334/3417 3556/4323/3418
f 3556/4323/3418 3557/4337/3419 3545/4312/3407
f 3545/4312/3407 3557/4337/3419 3558/4324/3420
f 3558/4324/3420 3547/4315/3409 3535/4316/3397
f 3559/4325/3421 3560/4341/3422 3548/4317/3410
f 3548/4317/3410 3560/4341/3422 3561/4326/3423
f 3549/4318/3411 3561/4326/3423 3562/4327/3424
f 3562/4327/3424 3563/4328/3425 3551/4320/3413
f 3563/4328/3425 3564/4345/3426 3552/4321/3414
f 3552/4321/3414 3564/4345/3426 3565/4329/3427
f 3565/4331/3427 3566/4333/3428 3554/4322/3416
f 3566/4333/3428 3567/4335/3429 3555/4334/3417
f 3567/4335/3429 3568/4336/3430 3556/4323/3418
f 3568/4336/3430 3569/4338/3431 3557/4337/3419
f 3569/4338/3431 3570/4339/3432 3558/4324/3420
f 3570/4339/3432 3559/4325/3421 3547/4315/3409
f 3559/4325/3421 3571/4352/3433 3572/4340/3434
f 3572/4340/3434 3573/4342/3435 3561/4326/3423
f 3573/4342/3435 3574/4355/3436 3562/4327/3424
f 3562/4327/3424 3574/4355/3436 3575/4343/3437
f 3563/4328/3425 3575/4343/3437 3576/4344/3438
f 3564/4345/3426 3576/4344/3438 3577/4346/3439
f 3577/4347/3439 3578/4348/3440 3566/4333/3428
f 3578/4348/3440 3579/4349/3441 3567/4335/3429
f 3579/4349/3441 3580/4361/3442 3568/4336/3430
f 3568/4336/3430 3580/4361/3442 3581/4350/3443
f 3569/4338/3431 3581/4350/3443 3582/4351/3444
f 3582/4351/3444 3571/4352/3433 3559/4325/3421
f 3571/4352/3433 3583/4364/3445 3584/4353/3446
f 3572/4340/3434 3584/4353/3446 3585/4354/3447
f 3585/4354/3447 3586/4356/3448 3574/4355/3436
f 3586/4356/3448 3587/4368/3449 3575/4343/3437
f 3575/4343/3437 3587/4368/3449 3588/4357/3450
f 3588/4357/3450 3589/4371/3451 3577/4346/3439
f 3589/4358/3451 3590/4359/3452 3578/4348/3440
f 3590/4359/3452 3591/4374/3453 3579/4349/3441
f 3579/4349/3441 3591/4374/3453 3592/4360/3454
f 3580/4361/3442 3592/4360/3454 3593/4362/3455
f 3581/4350/3443 3593/4362/3455 3594/4363/3456
f 3594/4363/3456 3583/4364/3445 3571/4352/3433
f 3583/4364/3445 3595/4378/3457 3596/4365/3458
f 3596/4365/3458 3597/4366/3459 3585/4354/3447
f 3597/4366/3459 3598/4367/3460 3586/4356/3448
f 3598/4367/3460 3599/4369/3461 3587/4368/3449
f 3599/4369/3461 3600/4370/3462 3588/4357/3450
f 3600/4370/3462 3601/4383/3463 3589/4371/3451
f 3601/4372/3463 3602/4373/3464 3590/4359/3452
f 3602/4373/3464 3603/4386/3465 3591/4374/3453
f 3591/4374/3453 3603/4386/3465 3604/4375/3466
f 3604/4375/3466 3605/4388/3467 3593/4362/3455
f 3593/4362/3455 3605/4388/3467 3606/4376/3468
f 3606/4376/3468 3595/4378/3457 3583/4364/3445
f 3607/4377/3469 3608/4391/3470 3596/4365/3458
f 3596/4365/3458 3608/4391/3470 3609/4379/3471
f 3609/4379/3471 3610/4380/3472 3598/4367/3460
f 3610/4380/3472 3611/4381/3473 3599/4369/3461
f 3611/4381/3473 3612/4382/3474 3600/4370/3462
f 3612/4382/3474 3613/4397/3475 3601/4383/3463
f 3613/4384/3475 3614/4399/3476 3602/4373/3464
f 3602/4373/3464 3614/4399/3476 3615/4385/3477
f 3615/4385/3477 3616/4402/3478 3604/4375/3466
f 3604/4375/3466 3616/4402/3478 3617/4387/3479
f 3605/4388/3467 3617/4387/3479 3618/4389/3480
f 3606/4376/3468 3618/4389/3480 3607/4377/3469
f 3619/4390/3481 3620/4392/3482 3608/4391/3470
f 3620/4392/3482 3621/4393/3483 3609/4379/3471
f 3621/4393/3483 3622/4394/3484 3610/4380/3472
f 3622/4394/3484 3623/4395/3485 3611/4381/3473
f 3623/4395/3485 3624/4396/3486 3612/4382/3474
f 3624/4396/3486 3625/4409/3487 3613/4397/3475
f 3613/4384/3475 3625/4411/3487 3626/4398/3488
f 3614/4399/3476 3626/4398/3488 3627/4400/3489
f 3615/4385/3477 3627/4400/3489 3628/4401/3490
f 3628/4401/3490 3629/4415/3491 3617/4387/3479
f 3617/4387/3479 3629/4415/3491 3630/4403/3492
f 3630/4403/3492 3619/4390/3481 3607/4377/3469
f 3631/4404/3211 3632/4728/3493 3620/4392/3482
f 3620/4392/3482 3632/4728/3493 3633/4405/3494
f 3633/4405/3494 3634/4406/3495 3622/4394/3484
f 3634/4406/3495 3635/4729/3496 3623/4395/3485
f 3623/4395/3485 3635/4729/3496 3636/4407/3497
f 3624/4396/3486 3636/4407/3497 3637/4408/3205
f 3637/4410/3205 3638/4412/3498 3626/4398/3488
f 3638/4412/3498 3639/4730/3499 3627/4400/3489
f 3627/4400/3489 3639/4730/3499 3640/4413/3500
f 3628/4401/3490 3640/4413/3500 3641/4414/3501
f 3641/4414/3501 3642/4731/3502 3630/4403/3492
f 3630/4403/3492 3642/4731/3502 3631/4404/3211
f 3643/4416/3223 3644/4419/3503 3632/4417/3493
f 3644/4419/3503 3645/4440/3504 3633/4420/3494
f 3633/4420/3494 3645/4440/3504 3646/4421/3505
f 3646/4421/3505 3647/4424/3506 3635/4423/3496
f 3647/4424/3506 3648/4426/3507 3636/4425/3497
f 3648/4426/3507 3649/4445/3217 3637/4427/3205
f 3649/4428/3217 3650/4447/3508 3638/4429/3498
f 3638/4429/3498 3650/4447/3508 3651/4431/3509
f 3651/4431/3509 3652/4434/3510 3640/4433/3500
f 3652/4434/3510 3653/4436/3511 3641/4435/3501
f 3653/4436/3511 3654/4452/3512 3642/4437/3502
f 3642/4437/3502 3654/4452/3512 3643/4416/3223
f 3655/4438/3235 3656/4455/3513 3644/4419/3503
f 3644/4419/3503 3656/4455/3513 3657/4439/3514
f 3645/4440/3504 3657/4439/3514 3658/4441/3515
f 3646/4421/3505 3658/4441/3515 3659/4442/3516
f 3647/4424/3506 3659/4442/3516 3660/4443/3517
f 3648/4426/3507 3660/4443/3517 3661/4444/3229
f 3661/4446/3229 3662/4448/3518 3650/4447/3508
f 3662/4448/3518 3663/4449/3519 3651/4431/3509
f 3663/4449/3519 3664/4450/3520 3652/4434/3510
f 3664/4450/3520 3665/4451/3521 3653/4436/3511
f 3665/4451/3521 3666/4453/3522 3654/4452/3512
f 3666/4453/3522 3655/4438/3235 3643/4416/3223
f 3667/4454/3247 3668/4456/3523 3656/4455/3513
f 3668/4456/3523 3669/4457/3524 3657/4439/3514
f 3669/4457/3524 3670/4458/3525 3658/4441/3515
f 3670/4458/3525 3671/4459/3526 3659/4442/3516
f 3671/4459/3526 3672/4470/3527 3660/4443/3517
f 3660/4443/3517 3672/4470/3527 3673/4460/3241
f 3673/4461/3241 3674/4473/3528 3662/4448/3518
f 3662/4448/3518 3674/4473/3528 3675/4462/3529
f 3663/4449/3519 3675/4462/3529 3676/4463/3530
f 3664/4450/3520 3676/4463/3530 3677/4464/3531
f 3677/4464/3531 3678/4465/3532 3666/4453/3522
f 3678/4465/3532 3667/4454/3247 3655/4438/3235
f 3667/4454/3247 3679/4478/3259 3680/4466/3533
f 3668/4456/3523 3680/4466/3533 3681/4467/3534
f 3669/4457/3524 3681/4467/3534 3682/4468/3535
f 3682/4468/3535 3683/4469/3536 3671/4459/3526
f 3683/4469/3536 3684/4471/3537 3672/4470/3527
f 3684/4471/3537 3685/4483/3253 3673/4460/3241
f 3685/4472/3253 3686/4474/3538 3674/4473/3528
f 3686/4474/3538 3687/4485/3539 3675/4462/3529
f 3675/4462/3529 3687/4485/3539 3688/4475/3540
f 3688/4475/3540 3689/4476/3541 3677/4464/3531
f 3689/4476/3541 3690/4477/3542 3678/4465/3532
f 3690/4477/3542 3679/4478/3259 3667/4454/3247
f 3679/4478/3259 3691/4490/3271 3692/4479/3543
f 3692/4479/3543 3693/4492/3544 3681/4467/3534
f 3681/4467/3534 3693/4492/3544 3694/4480/3545
f 3694/4480/3545 3695/4481/3546 3683/4469/3536
f 3695/4481/3546 3696/4482/3547 3684/4471/3537
f 3696/4482/3547 3697/4496/3265 3685/4483/3253
f 3685/4472/3253 3697/4497/3265 3698/4484/3548
f 3698/4484/3548 3699/4500/3549 3687/4485/3539
f 3687/4485/3539 3699/4500/3549 3700/4486/3550
f 3700/4486/3550 3701/4487/3551 3689/4476/3541
f 3701/4487/3551 3702/4488/3552 3690/4477/3542
f 3702/4488/3552 3691/4490/3271 3679/4478/3259
f 3703/4489/3283 3704/4504/3553 3692/4479/3543
f 3692/4479/3543 3704/4504/3553 3705/4491/3554
f 3693/4492/3544 3705/4491/3554 3706/4493/3555
f 3706/4493/3555 3707/4494/3556 3695/4481/3546
f 3707/4494/3556 3708/4495/3557 3696/4482/3547
f 3708/4495/3557 3709/4509/3277 3697/4496/3265
f 3697/4497/3265 3709/4511/3277 3710/4498/3558
f 3698/4484/3548 3710/4498/3558 3711/4499/3559
f 3699/4500/3549 3711/4499/3559 3712/4501/3560
f 3712/4501/3560 3713/4502/3561 3701/4487/3551
f 3713/4502/3561 3714/4515/3562 3702/4488/3552
f 3702/4488/3552 3714/4515/3562 3703/4489/3283
f 3715/4503/3295 3716/4505/3563 3704/4504/3553
f 3716/4505/3563 3717/4518/3564 3705/4491/3554
f 3705/4491/3554 3717/4518/3564 3718/4506/3565
f 3706/4493/3555 3718/4506/3565 3719/4507/3566
f 3707/4494/3556 3719/4507/3566 3720/4508/3567
f 3720/4508/3567 3721/4522/3289 3709/4509/3277
f 3721/4510/3289 3722/4512/3568 3710/4498/3558
f 3722/4512/3568 3723/4525/3569 3711/4499/3559
f 3711/4499/3559 3723/4525/3569 3724/4513/3570
f 3724/4513/3570 3725/4514/3571 3713/4502/3561
f 3725/4514/3571 3726/4529/3572 3714/4515/3562
f 3714/4515/3562 3726/4529/3572 3715/4503/3295
f 3727/4516/3307 3728/4517/3573 3716/4505/3563
f 3728/4517/3573 3729/4532/3574 3717/4518/3564
f 3717/4518/3564 3729/4532/3574 3730/4519/3575
f 3718/4506/3565 3730/4519/3575 3731/4520/3576
f 3731/4520/3576 3732/4521/3577 3720/4508/3567
f 3732/4521/3577 3733/4537/3301 3721/4522/3289
f 3733/4523/3301 3734/4524/3578 3722/4512/3568
f 3734/4524/3578 3735/4526/3579 3723/4525/3569
f 3735/4526/3579 3736/4527/3580 3724/4513/3570
f 3736/4527/3580 3737/4528/3581 3725/4514/3571
f 3737/4528/3581 3738/4542/3582 3726/4529/3572
f 3726/4529/3572 3738/4542/3582 3727/4516/3307
f 3739/4530/3319 3740/4531/3583 3728/4517/3573
f 3740/4531/3583 3741/4533/3584 3729/4532/3574
f 3741/4533/3584 3742/4534/3585 3730/4519/3575
f 3742/4534/3585 3743/4535/3586 3731/4520/3576
f 3743/4535/3586 3744/4536/3587 3732/4521/3577
f 3744/4536/3587 3745/4548/3313 3733/4537/3301
f 3733/4523/3301 3745/4549/3313 3746/4538/3588
f 3734/4524/3578 3746/4538/3588 3747/4539/3589
f 3735/4526/3579 3747/4539/3589 3748/4540/3590
f 3736/4527/3580 3748/4540/3590 3749/4541/3591
f 3749/4541/3591 3750/4543/3592 3738/4542/3582
f 3750/4543/3592 3739/4530/3319 3727/4516/3307
f 3739/4530/3319 3751/4555/3331 3752/4544/3593
f 3752/4544/3593 3753/4545/3594 3741/4533/3584
f 3753/4545/3594 3754/4558/3595 3742/4534/3585
f 3742/4534/3585 3754/4558/3595 3755/4546/3596
f 3743/4535/3586 3755/4546/3596 3756/4547/3597
f 3756/4547/3597 3757/4562/3325 3745/4548/3313
f 3745/4549/3313 3757/4564/3325 3758/4550/3598
f 3758/4550/3598 3759/4551/3599 3747/4539/3589
f 3759/4551/3599 3760/4567/3600 3748/4540/3590
f 3748/4540/3590 3760/4567/3600 3761/4552/3601
f 3749/4541/3591 3761/4552/3601 3762/4553/3602
f 3762/4553/3602 3751/4555/3331 3739/4530/3319
f 3763/4554/3343 3764/4556/3603 3752/4544/3593
f 3764/4556/3603 3765/4557/3604 3753/4545/3594
f 3765/4557/3604 3766/4559/3605 3754/4558/3595
f 3766/4559/3605 3767/4574/3606 3755/4546/3596
f 3755/4546/3596 3767/4574/3606 3768/4560/3607
f 3756/4547/3597 3768/4560/3607 3769/4561/3337
f 3769/4563/3337 3770/4565/3608 3758/4550/3598
f 3770/4565/3608 3771/4578/3609 3759/4551/3599
f 3759/4551/3599 3771/4578/3609 3772/4566/3610
f 3760/4567/3600 3772/4566/3610 3773/4568/3611
f 3773/4568/3611 3774/4569/3612 3762/4553/3602
f 3774/4569/3612 3763/4554/3343 3751/4555/3331
f 3775/4570/3355 3776/4584/3613 3764/4556/3603
f 3764/4556/3603 3776/4584/3613 3777/4571/3614
f 3765/4557/3604 3777/4571/3614 3778/4572/3615
f 3766/4559/3605 3778/4572/3615 3779/4573/3616
f 3767/4574/3606 3779/4573/3616 3780/4575/3617
f 3780/4575/3617 3781/4589/3349 3769/4561/3337
f 3781/4576/3349 3782/4577/3618 3770/4565/3608
f 3782/4577/3618 3783/4579/3619 3771/4578/3609
f 3783/4579/3619 3784/4580/3620 3772/4566/3610
f 3784/4580/3620 3785/4581/3621 3773/4568/3611
f 3785/4581/3621 3786/4582/3622 3774/4569/3612
f 3786/4582/3622 3775/4570/3355 3763/4554/3343
f 3787/4583/3367 3788/4585/3623 3776/4584/3613
f 3788/4585/3623 3789/4586/3624 3777/4571/3614
f 3789/4586/3624 3790/4597/3625 3778/4572/3615
f 3778/4572/3615 3790/4597/3625 3791/4587/3626
f 3791/4587/3626 3792/4588/3627 3780/4575/3617
f 3792/4588/3627 3793/4601/3361 3781/4589/3349
f 3793/4590/3361 3794/4603/3628 3782/4577/3618
f 3782/4577/3618 3794/4603/3628 3795/4591/3629
f 3783/4579/3619 3795/4591/3629 3796/4592/3630
f 3784/4580/3620 3796/4592/3630 3797/4593/3631
f 3797/4593/3631 3798/4594/3632 3786/4582/3622
f 3798/4594/3632 3787/4583/3367 3775/4570/3355
f 3799/4595/3379 3800/4608/3633 3788/4585/3623
f 3788/4585/3623 3800/4608/3633 3801/4596/3634
f 3801/4596/3634 3802/4598/3635 3790/4597/3625
f 3802/4598/3635 3803/4599/3636 3791/4587/3626
f 3803/4599/3636 3804/4600/3637 3792/4588/3627
f 3804/4600/3637 3805/4613/3373 3793/4601/3361
f 3805/4602/3373 3806/4615/3638 3794/4603/3628
f 3794/4603/3628 3806/4615/3638 3807/4604/3639
f 3795/4591/3629 3807/4604/3639 3808/4605/3640
f 3796/4592/3630 3808/4605/3640 3809/4606/3641
f 3809/4606/3641 3810/4619/3642 3798/4594/3632
f 3798/4594/3632 3810/4619/3642 3799/4595/3379
f 3811/4607/3391 3812/4622/3643 3800/4608/3633
f 3800/4608/3633 3812/4622/3643 3813/4609/3644
f 3813/4609/3644 3814/4610/3645 3802/4598/3635
f 3814/4610/3645 3815/4611/3646 3803/4599/3636
f 3815/4611/3646 3816/4612/3647 3804/4600/3637
f 3816/4612/3647 3817/4626/3385 3805/4613/3373
f 3817/4614/3385 3818/4628/3648 3806/4615/3638
f 3806/4615/3638 3818/4628/3648 3819/4616/3649
f 3807/4604/3639 3819/4616/3649 3820/4617/3650
f 3808/4605/3640 3820/4617/3650 3821/4618/3651
f 3821/4618/3651 3822/4620/3652 3810/4619/3642
f 3822/4620/3652 3811/4607/3391 3799/4595/3379
f 3823/4621/3403 3824/4623/3653 3812/4622/3643
f 3824/4623/3653 3825/4635/3654 3813/4609/3644
f 3813/4609/3644 3825/4635/3654 3826/4624/3655
f 3826/4624/3655 3827/4638/3656 3815/4611/3646
f 3815/4611/3646 3827/4638/3656 3828/4625/3657
f 3828/4625/3657 3829/4641/3397 3817/4626/3385
f 3829/4627/3397 3830/4629/3658 3818/4628/3648
f 3830/4629/3658 3831/4630/3659 3819/4616/3649
f 3831/4630/3659 3832/4631/3660 3820/4617/3650
f 3832/4631/3660 3833/4645/3661 3821/4618/3651
f 3821/4618/3651 3833/4645/3661 3834/4632/3662
f 3834/4632/3662 3823/4621/3403 3811/4607/3391
f 3835/4633/3415 3836/4634/3663 3824/4623/3653
f 3836/4634/3663 3837/4636/3664 3825/4635/3654
f 3837/4636/3664 3838/4637/3665 3826/4624/3655
f 3838/4637/3665 3839/4639/3666 3827/4638/3656
f 3839/4639/3666 3840/4640/3667 3828/4625/3657
f 3840/4640/3667 3841/4652/3409 3829/4641/3397
f 3841/4642/3409 3842/4654/3668 3830/4629/3658
f 3830/4629/3658 3842/4654/3668 3843/4643/3669
f 3843/4643/3669 3844/4657/3670 3832/4631/3660
f 3832/4631/3660 3844/4657/3670 3845/4644/3671
f 3833/4645/3661 3845/4644/3671 3846/4646/3672
f 3834/4632/3662 3846/4646/3672 3835/4633/3415
f 3847/4647/3427 3848/4648/3673 3836/4634/3663
f 3848/4648/3673 3849/4662/3674 3837/4636/3664
f 3837/4636/3664 3849/4662/3674 3850/4649/3675
f 3838/4637/3665 3850/4649/3675 3851/4650/3676
f 3851/4650/3676 3852/4666/3677 3840/4640/3667
f 3840/4640/3667 3852/4666/3677 3853/4651/3421
f 3853/4653/3421 3854/4655/3678 3842/4654/3668
f 3854/4655/3678 3855/4656/3679 3843/4643/3669
f 3855/4656/3679 3856/4671/3680 3844/4657/3670
f 3844/4657/3670 3856/4671/3680 3857/4658/3681
f 3845/4644/3671 3857/4658/3681 3858/4659/3682
f 3846/4646/3672 3858/4659/3682 3847/4647/3427
f 3859/4660/3439 3860/4661/3683 3848/4648/3673
f 3860/4661/3683 3861/4663/3684 3849/4662/3674
f 3861/4663/3684 3862/4664/3685 3850/4649/3675
f 3862/4664/3685 3863/4665/3686 3851/4650/3676
f 3863/4665/3686 3864/4667/3687 3852/4666/3677
f 3864/4667/3687 3865/4678/3433 3853/4651/3421
f 3853/4653/3421 3865/4680/3433 3866/4668/3688
f 3854/4655/3678 3866/4668/3688 3867/4669/3689
f 3855/4656/3679 3867/4669/3689 3868/4670/3690
f 3868/4670/3690 3869/4672/3691 3857/4658/3681
f 3869/4672/3691 3870/4673/3692 3858/4659/3682
f 3870/4673/3692 3859/4660/3439 3847/4647/3427
f 3871/4674/3451 3872/4686/3693 3860/4661/3683
f 3860/4661/3683 3872/4686/3693 3873/4675/3694
f 3873/4675/3694 3874/4688/3695 3862/4664/3685
f 3862/4664/3685 3874/4688/3695 3875/4676/3696
f 3875/4676/3696 3876/4677/3697 3864/4667/3687
f 3876/4677/3697 3877/4691/3445 3865/4678/3433
f 3877/4679/3445 3878/4681/3698 3866/4668/3688
f 3878/4681/3698 3879/4682/3699 3867/4669/3689
f 3879/4682/3699 3880/4694/3700 3868/4670/3690
f 3868/4670/3690 3880/4694/3700 3881/4683/3701
f 3881/4683/3701 3882/4684/3702 3870/4673/3692
f 3882/4684/3702 3871/4674/3451 3859/4660/3439
f 3883/4685/3463 3884/4698/3703 3872/4686/3693
f 3872/4686/3693 3884/4698/3703 3885/4687/3704
f 3885/4687/3704 3886/4701/3705 3874/4688/3695
f 3874/4688/3695 3886/4701/3705 3887/4689/3706
f 3887/4689/3706 3888/4690/3707 3876/4677/3697
f 3888/4690/3707 3889/4704/3457 3877/4691/3445
f 3877/4679/3445 3889/4706/3457 3890/4692/3708
f 3890/4692/3708 3891/4693/3709 3879/4682/3699
f 3891/4693/3709 3892/4708/3710 3880/4694/3700
f 3880/4694/3700 3892/4708/3710 3893/4695/3711
f 3893/4695/3711 3894/4696/3712 3882/4684/3702
f 3894/4696/3712 3883/4685/3463 3871/4674/3451
f 3895/4697/3475 3896/4699/3713 3884/4698/3703
f 3896/4699/3713 3897/4700/3714 3885/4687/3704
f 3897/4700/3714 3898/4713/3715 3886/4701/3705
f 3886/4701/3705 3898/4713/3715 3899/4702/3716
f 3899/4702/3716 3900/4703/3717 3888/4690/3707
f 3900/4703/3717 3901/4717/3469 3889/4704/3457
f 3901/4705/3469 3902/4719/3718 3890/4692/3708
f 3890/4692/3708 3902/4719/3718 3903/4707/3719
f 3903/4707/3719 3904/4722/3720 3892/4708/3710
f 3892/4708/3710 3904/4722/3720 3905/4709/3721
f 3893/4695/3711 3905/4709/3721 3906/4710/3722
f 3894/4696/3712 3906/4710/3722 3895/4697/3475
f 3907/4711/3487 3908/4725/3723 3896/4699/3713
f 3896/4699/3713 3908/4725/3723 3909/4712/3724
f 3909/4712/3724 3910/4714/3725 3898/4713/3715
f 3910/4714/3725 3911/4715/3726 3899/4702/3716
f 3911/4715/3726 3912/4716/3727 3900/4703/3717
f 3912/4716/3727 3913/4726/3481 3901/4717/3469
f 3913/4718/3481 3914/4720/3728 3902/4719/3718
f 3914/4720/3728 3915/4727/3729 3903/4707/3719
f 3903/4707/3719 3915/4727/3729 3916/4721/3730
f 3916/4721/3730 3917/4723/3731 3905/4709/3721
f 3917/4723/3731 3918/4724/3732 3906/4710/3722
f 3918/4724/3732 3907/4711/3487 3895/4697/3475
f 3907/4711/3487 3343/4097/3205 3344/4096/3206
f 3344/4096/3206 3345/4099/3207 3909/4712/3724
f 3909/4712/3724 3345/4099/3207 3346/4101/3208
f 3346/4101/3208 3347/4103/3209 3911/4715/3726
f 3347/4103/3209 3348/4104/3210 3912/4716/3727
f 3348/4104/3210 3349/4106/3211 3913/4726/3481
f 3349/4109/3211 3350/4108/3212 3914/4720/3728
f 3350/4108/3212 3351/4111/3213 3915/4727/3729
f 3915/4727/3729 3351/4111/3213 3352/4113/3214
f 3916/4721/3730 3352/4113/3214 3353/4115/3215
f 3353/4115/3215 3354/4116/3216 3918/4724/3732
f 3354/4116/3216 3343/4097/3205 3907/4711/3487
o Cone
v 0.000000 0.430000 3.340000
v -0.155563 0.494437 3.340000
v -0.220000 0.650000 3.340000
v -0.155563 0.805563 3.340000
v 0.000000 0.870000 3.340000
v 0.155563 0.805563 3.340000
v 0.220000 0.650000 3.340000
v 0.155563 0.494437 3.340000
v 0.000000 0.650000 3.760000
vn -0.0000 -0.8967 -0.4427
vn -0.6341 -0.6341 -0.4426
vn -0.8967 -0.0000 -0.4427
vn -0.6340 0.6340 -0.4427
vn -0.0000 0.8967 -0.4427
vn 0.6341 0.6341 -0.4426
vn 0.8967 -0.0000 -0.4427
vn 0.6340 -0.6340 -0.4427
vn -0.0000 -0.0000 1.0000
vt 0.250000 0.490000
vt 0.250000 0.250000
vt 0.419706 0.419706
vt 0.490000 0.250000
vt 0.419706 0.080294
vt 0.250000 0.010000
vt 0.080294 0.080294
vt 0.010000 0.250000
vt 0.919706 0.080294
vt 0.580294 0.080294
vt 0.580294 0.419706
vt 0.080294 0.419706
vt 0.750000 0.490000
vt 0.919706 0.419706
vt 0.990000 0.250000
vt 0.750000 0.010000
vt 0.510000 0.250000
s 1
g Cone_M_OracMagma.010
usemtl M_OracMagma.010
f 3919/4732/3733 3927/4733/3741 3920/4734/3734
f 3920/4734/3734 3927/4733/3741 3921/4735/3735
f 3921/4735/3735 3927/4733/3741 3922/4736/3736
f 3922/4736/3736 3927/4733/3741 3923/4737/3737
f 3923/4737/3737 3927/4733/3741 3924/4738/3738
f 3924/4738/3738 3927/4733/3741 3925/4739/3739
f 3922/4740/3736 3924/4741/3738 3926/4742/3740
f 3925/4739/3739 3927/4733/3741 3926/4743/3740
f 3926/4743/3740 3927/4733/3741 3919/4732/3733
f 3926/4742/3740 3919/4744/3733 3920/4745/3734
f 3920/4745/3734 3921/4746/3735 3922/4740/3736
f 3922/4740/3736 3923/4747/3737 3924/4741/3738
f 3924/4741/3738 3925/4748/3739 3926/4742/3740
f 3926/4742/3740 3920/4745/3734 3922/4740/3736
o Cube.001
v 0.327500 0.493300 2.517700
v 0.327500 0.493300 2.582300
v 0.327500 0.466700 2.517700
v 0.327500 0.466700 2.582300
v 0.232500 0.493300 2.517700
v 0.232500 0.493300 2.582300
v 0.232500 0.466700 2.517700
v 0.232500 0.466700 2.582300
vn 1.0000 -0.0000 -0.0000
vn -0.0000 -1.0000 -0.0000
vn -1.0000 -0.0000 -0.0000
vn -0.0000 1.0000 -0.0000
vn -0.0000 -0.0000 -1.0000
vn -0.0000 -0.0000 1.0000
vt 0.625000 0.000000
vt 0.375000 0.250000
vt 0.375000 0.000000
vt 0.625000 0.250000
vt 0.375000 0.500000
vt 0.625000 0.500000
vt 0.375000 0.750000
vt 0.625000 0.750000
vt 0.375000 1.000000
vt 0.125000 0.750000
vt 0.125000 0.500000
vt 0.875000 0.500000
vt 0.625000 1.000000
vt 0.875000 0.750000
s 0
g Cube.001_M_OracMagma.011
usemtl M_OracMagma.011
f 3929/4749/3742 3930/4750/3742 3928/4751/3742
f 3931/4752/3743 3934/4753/3743 3930/4750/3743
f 3935/4754/3744 3932/4755/3744 3934/4753/3744
f 3933/4756/3745 3928/4757/3745 3932/4755/3745
f 3934/4753/3746 3928/4758/3746 3930/4759/3746
f 3931/4760/3747 3933/4756/3747 3935/4754/3747
f 3929/4749/3742 3931/4752/3742 3930/4750/3742
f 3931/4752/3743 3935/4754/3743 3934/4753/3743
f 3935/4754/3744 3933/4756/3744 3932/4755/3744
f 3933/4756/3745 3929/4761/3745 3928/4757/3745
f 3934/4753/3746 3932/4755/3746 3928/4758/3746
f 3931/4760/3747 3929/4762/3747 3933/4756/3747
o Cube.002
v 0.047500 0.493300 2.517700
v 0.047500 0.493300 2.582300
v 0.047500 0.466700 2.517700
v 0.047500 0.466700 2.582300
v -0.047500 0.493300 2.517700
v -0.047500 0.493300 2.582300
v -0.047500 0.466700 2.517700
v -0.047500 0.466700 2.582300
vn 1.0000 -0.0000 -0.0000
vn -0.0000 -1.0000 -0.0000
vn -1.0000 -0.0000 -0.0000
vn -0.0000 1.0000 -0.0000
vn -0.0000 -0.0000 -1.0000
vn -0.0000 -0.0000 1.0000
vt 0.625000 0.000000
vt 0.375000 0.250000
vt 0.375000 0.000000
vt 0.625000 0.250000
vt 0.375000 0.500000
vt 0.625000 0.500000
vt 0.375000 0.750000
vt 0.625000 0.750000
vt 0.375000 1.000000
vt 0.125000 0.750000
vt 0.125000 0.500000
vt 0.875000 0.500000
vt 0.625000 1.000000
vt 0.875000 0.750000
s 0
g Cube.002_M_OracMagma.012
usemtl M_OracMagma.012
f 3937/4763/3748 3938/4764/3748 3936/4765/3748
f 3939/4766/3749 3942/4767/3749 3938/4764/3749
f 3943/4768/3750 3940/4769/3750 3942/4767/3750
f 3941/4770/3751 3936/4771/3751 3940/4769/3751
f 3942/4767/3752 3936/4772/3752 3938/4773/3752
f 3939/4774/3753 3941/4770/3753 3943/4768/3753
f 3937/4763/3748 3939/4766/3748 3938/4764/3748
f 3939/4766/3749 3943/4768/3749 3942/4767/3749
f 3943/4768/3750 3941/4770/3750 3940/4769/3750
f 3941/4770/3751 3937/4775/3751 3936/4771/3751
f 3942/4767/3752 3940/4769/3752 3936/4772/3752
f 3939/4774/3753 3937/4776/3753 3941/4770/3753
o Cube.003
v -0.232500 0.493300 2.517700
v -0.232500 0.493300 2.582300
v -0.232500 0.466700 2.517700
v -0.232500 0.466700 2.582300
v -0.327500 0.493300 2.517700
v -0.327500 0.493300 2.582300
v -0.327500 0.466700 2.517700
v -0.327500 0.466700 2.582300
vn 1.0000 -0.0000 -0.0000
vn -0.0000 -1.0000 -0.0000
vn -1.0000 -0.0000 -0.0000
vn -0.0000 1.0000 -0.0000
vn -0.0000 -0.0000 -1.0000
vn -0.0000 -0.0000 1.0000
vt 0.625000 0.000000
vt 0.375000 0.250000
vt 0.375000 0.000000
vt 0.625000 0.250000
vt 0.375000 0.500000
vt 0.625000 0.500000
vt 0.375000 0.750000
vt 0.625000 0.750000
vt 0.375000 1.000000
vt 0.125000 0.750000
vt 0.125000 0.500000
vt 0.875000 0.500000
vt 0.625000 1.000000
vt 0.875000 0.750000
s 0
g Cube.003_M_OracMagma.013
usemtl M_OracMagma.013
f 3945/4777/3754 3946/4778/3754 3944/4779/3754
f 3947/4780/3755 3950/4781/3755 3946/4778/3755
f 3951/4782/3756 3948/4783/3756 3950/4781/3756
f 3949/4784/3757 3944/4785/3757 3948/4783/3757
f 3950/4781/3758 3944/4786/3758 3946/4787/3758
f 3947/4788/3759 3949/4784/3759 3951/4782/3759
f 3945/4777/3754 3947/4780/3754 3946/4778/3754
f 3947/4780/3755 3951/4782/3755 3950/4781/3755
f 3951/4782/3756 3949/4784/3756 3948/4783/3756
f 3949/4784/3757 3945/4789/3757 3944/4785/3757
f 3950/4781/3758 3948/4783/3758 3944/4786/3758
f 3947/4788/3759 3945/4790/3759 3949/4784/3759
o Cube.004
v 0.187500 0.493300 2.267700
v 0.187500 0.493300 2.332300
v 0.187500 0.466700 2.267700
v 0.187500 0.466700 2.332300
v 0.092500 0.493300 2.267700
v 0.092500 0.493300 2.332300
v 0.092500 0.466700 2.267700
v 0.092500 0.466700 2.332300
vn 1.0000 -0.0000 -0.0000
vn -0.0000 -1.0000 -0.0000
vn -1.0000 -0.0000 -0.0000
vn -0.0000 1.0000 -0.0000
vn -0.0000 -0.0000 -1.0000
vn -0.0000 -0.0000 1.0000
vt 0.625000 0.000000
vt 0.375000 0.250000
vt 0.375000 0.000000
vt 0.625000 0.250000
vt 0.375000 0.500000
vt 0.625000 0.500000
vt 0.375000 0.750000
vt 0.625000 0.750000
vt 0.375000 1.000000
vt 0.125000 0.750000
vt 0.125000 0.500000
vt 0.875000 0.500000
vt 0.625000 1.000000
vt 0.875000 0.750000
s 0
g Cube.004_M_OracMagma.014
usemtl M_OracMagma.014
f 3953/4791/3760 3954/4792/3760 3952/4793/3760
f 3955/4794/3761 3958/4795/3761 3954/4792/3761
f 3959/4796/3762 3956/4797/3762 3958/4795/3762
f 3957/4798/3763 3952/4799/3763 3956/4797/3763
f 3958/4795/3764 3952/4800/3764 3954/4801/3764
f 3955/4802/3765 3957/4798/3765 3959/4796/3765
f 3953/4791/3760 3955/4794/3760 3954/4792/3760
f 3955/4794/3761 3959/4796/3761 3958/4795/3761
f 3959/4796/3762 3957/4798/3762 3956/4797/3762
f 3957/4798/3763 3953/4803/3763 3952/4799/3763
f 3958/4795/3764 3956/4797/3764 3952/4800/3764
f 3955/4802/3765 3953/4804/3765 3957/4798/3765
o Cube.005
v -0.092500 0.493300 2.267700
v -0.092500 0.493300 2.332300
v -0.092500 0.466700 2.267700
v -0.092500 0.466700 2.332300
v -0.187500 0.493300 2.267700
v -0.187500 0.493300 2.332300
v -0.187500 0.466700 2.267700
v -0.187500 0.466700 2.332300
vn 1.0000 -0.0000 -0.0000
vn -0.0000 -1.0000 -0.0000
vn -1.0000 -0.0000 -0.0000
vn -0.0000 1.0000 -0.0000
vn -0.0000 -0.0000 -1.0000
vn -0.0000 -0.0000 1.0000
vt 0.625000 0.000000
vt 0.375000 0.250000
vt 0.375000 0.000000
vt 0.625000 0.250000
vt 0.375000 0.500000
vt 0.625000 0.500000
vt 0.375000 0.750000
vt 0.625000 0.750000
vt 0.375000 1.000000
vt 0.125000 0.750000
vt 0.125000 0.500000
vt 0.875000 0.500000
vt 0.625000 1.000000
vt 0.875000 0.750000
s 0
g Cube.005_M_OracMagma.015
usemtl M_OracMagma.015
f 3961/4805/3766 3962/4806/3766 3960/4807/3766
f 3963/4808/3767 3966/4809/3767 3962/4806/3767
f 3967/4810/3768 3964/4811/3768 3966/4809/3768
f 3965/4812/3769 3960/4813/3769 3964/4811/3769
f 3966/4809/3770 3960/4814/3770 3962/4815/3770
f 3963/4816/3771 3965/4812/3771 3967/4810/3771
f 3961/4805/3766 3963/4808/3766 3962/4806/3766
f 3963/4808/3767 3967/4810/3767 3966/4809/3767
f 3967/4810/3768 3965/4812/3768 3964/4811/3768
f 3965/4812/3769 3961/4817/3769 3960/4813/3769
f 3966/4809/3770 3964/4811/3770 3960/4814/3770
f 3963/4816/3771 3961/4818/3771 3965/4812/3771
o Cube.006
v 0.047500 0.493300 2.017700
v 0.047500 0.493300 2.082300
v 0.047500 0.466700 2.017700
v 0.047500 0.466700 2.082300
v -0.047500 0.493300 2.017700
v -0.047500 0.493300 2.082300
v -0.047500 0.466700 2.017700
v -0.047500 0.466700 2.082300
vn 1.0000 -0.0000 -0.0000
vn -0.0000 -1.0000 -0.0000
vn -1.0000 -0.0000 -0.0000
vn -0.0000 1.0000 -0.0000
vn -0.0000 -0.0000 -1.0000
vn -0.0000 -0.0000 1.0000
vt 0.625000 0.000000
vt 0.375000 0.250000
vt 0.375000 0.000000
vt 0.625000 0.250000
vt 0.375000 0.500000
vt 0.625000 0.500000
vt 0.375000 0.750000
vt 0.625000 0.750000
vt 0.375000 1.000000
vt 0.125000 0.750000
vt 0.125000 0.500000
vt 0.875000 0.500000
vt 0.625000 1.000000
vt 0.875000 0.750000
s 0
g Cube.006_M_OracMagma.016
usemtl M_OracMagma.016
f 3969/4819/3772 3970/4820/3772 3968/4821/3772
f 3971/4822/3773 3974/4823/3773 3970/4820/3773
f 3975/4824/3774 3972/4825/3774 3974/4823/3774
f 3973/4826/3775 3968/4827/3775 3972/4825/3775
f 3974/4823/3776 3968/4828/3776 3970/4829/3776
f 3971/4830/3777 3973/4826/3777 3975/4824/3777
f 3969/4819/3772 3971/4822/3772 3970/4820/3772
f 3971/4822/3773 3975/4824/3773 3974/4823/3773
f 3975/4824/3774 3973/4826/3774 3972/4825/3774
f 3973/4826/3775 3969/4831/3775 3968/4827/3775
f 3974/4823/3776 3972/4825/3776 3968/4828/3776
f 3971/4830/3777 3969/4832/3777 3973/4826/3777
