# Blender 4.5.5 LTS
# www.blender.org
mtllib 06_bau_tesouro_elemento-cenario.mtl
o Cube
v 0.753980 0.263846 0.060000
v 0.753980 0.263846 0.840000
v 0.521042 -0.605487 0.060000
v 0.521042 -0.605487 0.840000
v -0.521042 0.605487 0.060000
v -0.521042 0.605487 0.840000
v -0.753980 -0.263846 0.060000
v -0.753980 -0.263846 0.840000
vn 0.5486 0.4721 -0.6900
vn 0.5486 0.4721 0.6900
vn 0.2391 -0.6832 -0.6900
vn 0.2390 -0.6832 0.6900
vn -0.2391 0.6832 -0.6900
vn -0.2390 0.6832 0.6900
vn -0.5486 -0.4721 -0.6900
vn -0.5486 -0.4721 0.6900
vt 0.625000 0.000000
vt 0.375000 0.250000
vt 0.375000 0.000000
vt 0.625000 0.250000
vt 0.375000 0.500000
vt 0.625000 0.500000
vt 0.375000 0.750000
vt 0.625000 0.750000
vt 0.375000 1.000000
vt 0.125000 0.750000
vt 0.125000 0.500000
vt 0.875000 0.500000
vt 0.625000 1.000000
vt 0.875000 0.750000
s 1
g Cube_Mat_Bau_Madeira_60.001
usemtl Mat_Bau_Madeira_60.001
f 2/1/2 3/2/3 1/3/1
f 4/4/4 7/5/7 3/2/3
f 8/6/8 5/7/5 7/5/7
f 6/8/6 1/9/1 5/7/5
f 7/5/7 1/10/1 3/11/3
f 4/12/4 6/8/6 8/6/8
f 2/1/2 4/4/4 3/2/3
f 4/4/4 8/6/8 7/5/7
f 8/6/8 6/8/6 5/7/5
f 6/8/6 2/13/2 1/9/1
f 7/5/7 5/7/5 1/10/1
f 4/12/4 2/14/2 6/8/6
o Cylinder
v 0.464476 -0.874554 0.855326
v -0.839524 -0.525148 0.855326
v 0.487632 -0.788134 0.774951
v -0.816368 -0.438728 0.774951
v 0.523131 -0.655648 0.737718
v -0.780869 -0.306242 0.737718
v 0.567499 -0.490065 0.747270
v -0.736501 -0.140659 0.747270
v 0.616392 -0.307593 0.802672
v -0.687608 0.041813 0.802672
v 0.665025 -0.126094 0.898501
v -0.638975 0.223312 0.898501
v 0.708636 0.036666 1.025377
v -0.595364 0.386072 1.025377
v 0.742957 0.164755 1.170881
v -0.561043 0.514161 1.170881
v 0.764629 0.245634 1.320768
v -0.539371 0.595040 1.320768
v 0.771529 0.271387 1.460369
v -0.532471 0.620793 1.460369
v 0.762983 0.239492 1.576016
v -0.541017 0.588898 1.576016
v 0.739827 0.153073 1.656390
v -0.564173 0.502478 1.656390
v 0.704328 0.020587 1.693624
v -0.599672 0.369993 1.693624
v 0.659960 -0.144996 1.684072
v -0.644040 0.204409 1.684072
v 0.611067 -0.327468 1.628670
v -0.692933 0.021938 1.628670
v 0.562434 -0.508967 1.532841
v -0.741566 -0.159562 1.532841
v 0.518823 -0.671727 1.405965
v -0.785177 -0.322322 1.405965
v 0.484501 -0.799816 1.260461
v -0.819499 -0.450410 1.260461
v 0.462830 -0.880695 1.110574
v -0.841170 -0.531290 1.110573
v 0.455929 -0.906448 0.970973
v -0.848071 -0.557043 0.970973
vn 0.4884 -0.7798 -0.3917
vn -0.8128 -0.4312 -0.3917
vn 0.5227 -0.5079 -0.6847
vn -0.7066 -0.1785 -0.6847
vn 0.5239 -0.2169 -0.8237
vn -0.5622 0.0741 -0.8237
vn 0.5214 0.0195 -0.8531
vn -0.4419 0.2776 -0.8531
vn 0.5304 0.2002 -0.8238
vn -0.3592 0.4385 -0.8238
vn 0.5554 0.3417 -0.7582
vn -0.3102 0.5736 -0.7582
vn 0.5989 0.4560 -0.6583
vn -0.2906 0.6944 -0.6583
vn 0.6626 0.5464 -0.5122
vn -0.3007 0.8045 -0.5122
vn 0.7431 0.6009 -0.2947
vn -0.3430 0.8919 -0.2947
vn 0.8142 0.5802 0.0192
vn -0.4151 0.9096 0.0192
vn 0.8128 0.4312 0.3917
vn -0.4883 0.7798 0.3917
vn 0.7066 0.1785 0.6847
vn -0.5227 0.5079 0.6847
vn 0.5622 -0.0741 0.8237
vn -0.5239 0.2169 0.8237
vn 0.4418 -0.2776 0.8531
vn -0.5215 -0.0195 0.8531
vn 0.3592 -0.4385 0.8238
vn -0.5304 -0.2002 0.8238
vn 0.3101 -0.5736 0.7582
vn -0.5554 -0.3416 0.7582
vn 0.2907 -0.6944 0.6583
vn -0.5989 -0.4560 0.6583
vn 0.3006 -0.8045 0.5122
vn -0.6626 -0.5464 0.5122
vn 0.3431 -0.8919 0.2947
vn -0.7430 -0.6009 0.2947
vn 0.4150 -0.9096 -0.0192
vn -0.8143 -0.5802 -0.0192
vt 1.000000 1.000000
vt 0.950000 0.500000
vt 1.000000 0.500000
vt 0.950000 1.000000
vt 0.900000 0.500000
vt 0.900000 1.000000
vt 0.850000 0.500000
vt 0.850000 1.000000
vt 0.800000 0.500000
vt 0.800000 1.000000
vt 0.750000 0.500000
vt 0.750000 1.000000
vt 0.700000 0.500000
vt 0.700000 1.000000
vt 0.650000 0.500000
vt 0.650000 1.000000
vt 0.600000 0.500000
vt 0.600000 1.000000
vt 0.550000 0.500000
vt 0.550000 1.000000
vt 0.500000 0.500000
vt 0.500000 1.000000
vt 0.450000 0.500000
vt 0.450000 1.000000
vt 0.400000 0.500000
vt 0.400000 1.000000
vt 0.350000 0.500000
vt 0.350000 1.000000
vt 0.300000 0.500000
vt 0.300000 1.000000
vt 0.250000 0.500000
vt 0.250000 1.000000
vt 0.200000 0.500000
vt 0.200000 1.000000
vt 0.150000 0.500000
vt 0.150000 1.000000
vt 0.100000 0.500000
vt 0.021746 0.175836
vt 0.478254 0.175836
vt 0.391068 0.444164
vt 0.100000 1.000000
vt 0.050000 0.500000
vt 0.050000 1.000000
vt -0.000000 0.500000
vt 0.944164 0.108932
vt 0.510000 0.250000
vt 0.675836 0.478254
vt 0.324164 0.478254
vt 0.250000 0.490000
vt 0.175836 0.478254
vt 0.108932 0.444164
vt 0.055836 0.391068
vt 0.021746 0.324164
vt 0.010000 0.250000
vt 0.055836 0.108932
vt 0.108932 0.055836
vt 0.175836 0.021746
vt 0.250000 0.010000
vt 0.324164 0.021746
vt 0.391068 0.055836
vt 0.444164 0.108932
vt 0.490000 0.250000
vt 0.478254 0.324164
vt 0.444164 0.391068
vt -0.000000 1.000000
vt 0.750000 0.490000
vt 0.824164 0.478254
vt 0.891068 0.444164
vt 0.944164 0.391068
vt 0.978254 0.324164
vt 0.990000 0.250000
vt 0.978254 0.175836
vt 0.891068 0.055836
vt 0.824164 0.021746
vt 0.750000 0.010000
vt 0.675836 0.021746
vt 0.608932 0.055836
vt 0.555836 0.108932
vt 0.521746 0.175836
vt 0.521746 0.324164
vt 0.555836 0.391068
vt 0.608932 0.444164
s 1
g Cylinder_Mat_Bau_Madeira_60.002
usemtl Mat_Bau_Madeira_60.002
f 10/15/10 11/16/11 9/17/9
f 12/18/12 13/19/13 11/16/11
f 14/20/14 15/21/15 13/19/13
f 16/22/16 17/23/17 15/21/15
f 18/24/18 19/25/19 17/23/17
f 20/26/20 21/27/21 19/25/19
f 22/28/22 23/29/23 21/27/21
f 24/30/24 25/31/25 23/29/23
f 26/32/26 27/33/27 25/31/25
f 28/34/28 29/35/29 27/33/27
f 30/36/30 31/37/31 29/35/29
f 32/38/32 33/39/33 31/37/31
f 34/40/34 35/41/35 33/39/33
f 36/42/36 37/43/37 35/41/35
f 38/44/38 39/45/39 37/43/37
f 40/46/40 41/47/41 39/45/39
f 42/48/42 43/49/43 41/47/41
f 44/50/44 45/51/45 43/49/43
f 38/52/38 22/53/22 14/54/14
f 46/55/46 47/56/47 45/51/45
f 48/57/48 9/58/9 47/56/47
f 23/59/23 39/60/39 47/61/47
f 10/15/10 12/18/12 11/16/11
f 12/18/12 14/20/14 13/19/13
f 14/20/14 16/22/16 15/21/15
f 16/22/16 18/24/18 17/23/17
f 18/24/18 20/26/20 19/25/19
f 20/26/20 22/28/22 21/27/21
f 22/28/22 24/30/24 23/29/23
f 24/30/24 26/32/26 25/31/25
f 26/32/26 28/34/28 27/33/27
f 28/34/28 30/36/30 29/35/29
f 30/36/30 32/38/32 31/37/31
f 32/38/32 34/40/34 33/39/33
f 34/40/34 36/42/36 35/41/35
f 36/42/36 38/44/38 37/43/37
f 38/44/38 40/46/40 39/45/39
f 40/46/40 42/48/42 41/47/41
f 42/48/42 44/50/44 43/49/43
f 44/50/44 46/55/46 45/51/45
f 14/54/14 12/62/12 10/63/10
f 10/63/10 48/64/48 46/65/46
f 46/65/46 44/66/44 42/67/42
f 42/67/42 40/68/40 38/52/38
f 38/52/38 36/69/36 34/70/34
f 34/70/34 32/71/32 30/72/30
f 30/72/30 28/73/28 26/74/26
f 26/74/26 24/75/24 22/53/22
f 22/53/22 20/76/20 18/77/18
f 18/77/18 16/78/16 14/54/14
f 14/54/14 10/63/10 46/65/46
f 46/65/46 42/67/42 38/52/38
f 38/52/38 34/70/34 30/72/30
f 30/72/30 26/74/26 22/53/22
f 22/53/22 18/77/18 14/54/14
f 14/54/14 46/65/46 38/52/38
f 38/52/38 30/72/30 22/53/22
f 46/55/46 48/57/48 47/56/47
f 48/57/48 10/79/10 9/58/9
f 47/61/47 9/80/9 11/81/11
f 11/81/11 13/82/13 15/83/15
f 15/83/15 17/84/17 19/85/19
f 19/85/19 21/86/21 23/59/23
f 23/59/23 25/87/25 27/88/27
f 27/88/27 29/89/29 31/90/31
f 31/90/31 33/91/33 35/92/35
f 35/92/35 37/93/37 39/60/39
f 39/60/39 41/94/41 43/95/43
f 43/95/43 45/96/45 47/61/47
f 47/61/47 11/81/11 15/83/15
f 15/83/15 19/85/19 23/59/23
f 23/59/23 27/88/27 31/90/31
f 31/90/31 35/92/35 39/60/39
f 39/60/39 43/95/43 47/61/47
f 47/61/47 15/83/15 23/59/23
f 23/59/23 31/90/31 39/60/39
o Cylinder.001
v 0.375787 -0.877129 0.839428
v 0.298513 -0.856423 0.839428
v 0.400567 -0.784650 0.751787
v 0.323293 -0.763945 0.751787
v 0.438175 -0.644293 0.709553
v 0.360901 -0.623588 0.709553
v 0.484931 -0.469797 0.716862
v 0.407657 -0.449091 0.716862
v 0.536258 -0.278242 0.772998
v 0.458984 -0.257537 0.772998
v 0.587132 -0.088380 0.872466
v 0.509857 -0.067675 0.872466
v 0.632572 0.081205 1.005529
v 0.555298 0.101910 1.005529
v 0.668131 0.213912 1.159162
v 0.590856 0.234618 1.159162
v 0.690327 0.296751 1.318327
v 0.613053 0.317457 1.318327
v 0.696989 0.321614 1.467443
v 0.619715 0.342320 1.467443
v 0.687464 0.286066 1.591914
v 0.610190 0.306772 1.591914
v 0.662685 0.193588 1.679555
v 0.585411 0.214294 1.679555
v 0.625076 0.053231 1.721789
v 0.547802 0.073937 1.721789
v 0.578320 -0.121265 1.714480
v 0.501046 -0.100560 1.714480
v 0.526993 -0.312820 1.658344
v 0.449719 -0.292114 1.658344
v 0.476120 -0.502682 1.558876
v 0.398846 -0.481976 1.558876
v 0.430680 -0.672267 1.425813
v 0.353406 -0.651561 1.425813
v 0.395121 -0.804974 1.272180
v 0.317847 -0.784269 1.272180
v 0.372924 -0.887814 1.113015
v 0.295650 -0.867108 1.113015
v 0.366262 -0.912676 0.963899
v 0.288988 -0.891971 0.963899
vn 0.4884 -0.7798 -0.3917
vn -0.8128 -0.4312 -0.3917
vn 0.5236 -0.5177 -0.6766
vn -0.7123 -0.1866 -0.6766
vn 0.5288 -0.2322 -0.8164
vn -0.5740 0.0632 -0.8164
vn 0.5295 0.0051 -0.8483
vn -0.4560 0.2692 -0.8483
vn 0.5406 0.1895 -0.8197
vn -0.3734 0.4344 -0.8197
vn 0.5669 0.3350 -0.7526
vn -0.3235 0.5735 -0.7526
vn 0.6110 0.4524 -0.6496
vn -0.3029 0.6973 -0.6496
vn 0.6740 0.5443 -0.4995
vn -0.3116 0.8083 -0.4995
vn 0.7512 0.5981 -0.2793
vn -0.3515 0.8936 -0.2793
vn 0.8167 0.5762 0.0311
vn -0.4192 0.9074 0.0310
vn 0.8128 0.4311 0.3917
vn -0.4883 0.7798 0.3917
vn 0.7123 0.1866 0.6766
vn -0.5236 0.5177 0.6766
vn 0.5740 -0.0633 0.8164
vn -0.5287 0.2322 0.8164
vn 0.4560 -0.2692 0.8483
vn -0.5295 -0.0051 0.8483
vn 0.3734 -0.4344 0.8197
vn -0.5406 -0.1895 0.8197
vn 0.3235 -0.5735 0.7526
vn -0.5670 -0.3349 0.7526
vn 0.3030 -0.6973 0.6496
vn -0.6110 -0.4524 0.6496
vn 0.3116 -0.8084 0.4995
vn -0.6740 -0.5443 0.4995
vn 0.3516 -0.8935 0.2793
vn -0.7512 -0.5981 0.2793
vn 0.4192 -0.9074 -0.0311
vn -0.8167 -0.5762 -0.0310
vt 1.000000 1.000000
vt 0.950000 0.500000
vt 1.000000 0.500000
vt 0.950000 1.000000
vt 0.900000 0.500000
vt 0.900000 1.000000
vt 0.850000 0.500000
vt 0.850000 1.000000
vt 0.800000 0.500000
vt 0.800000 1.000000
vt 0.750000 0.500000
vt 0.750000 1.000000
vt 0.700000 0.500000
vt 0.700000 1.000000
vt 0.650000 0.500000
vt 0.650000 1.000000
vt 0.600000 0.500000
vt 0.600000 1.000000
vt 0.550000 0.500000
vt 0.550000 1.000000
vt 0.500000 0.500000
vt 0.500000 1.000000
vt 0.450000 0.500000
vt 0.450000 1.000000
vt 0.400000 0.500000
vt 0.400000 1.000000
vt 0.350000 0.500000
vt 0.350000 1.000000
vt 0.300000 0.500000
vt 0.300000 1.000000
vt 0.250000 0.500000
vt 0.250000 1.000000
vt 0.200000 0.500000
vt 0.200000 1.000000
vt 0.150000 0.500000
vt 0.150000 1.000000
vt 0.100000 0.500000
vt 0.021746 0.175836
vt 0.478254 0.175836
vt 0.391068 0.444164
vt 0.100000 1.000000
vt 0.050000 0.500000
vt 0.050000 1.000000
vt -0.000000 0.500000
vt 0.944164 0.108932
vt 0.510000 0.250000
vt 0.675836 0.478254
vt 0.324164 0.478254
vt 0.250000 0.490000
vt 0.175836 0.478254
vt 0.108932 0.444164
vt 0.055836 0.391068
vt 0.021746 0.324164
vt 0.010000 0.250000
vt 0.055836 0.108932
vt 0.108932 0.055836
vt 0.175836 0.021746
vt 0.250000 0.010000
vt 0.324164 0.021746
vt 0.391068 0.055836
vt 0.444164 0.108932
vt 0.490000 0.250000
vt 0.478254 0.324164
vt 0.444164 0.391068
vt -0.000000 1.000000
vt 0.750000 0.490000
vt 0.824164 0.478254
vt 0.891068 0.444164
vt 0.944164 0.391068
vt 0.978254 0.324164
vt 0.990000 0.250000
vt 0.978254 0.175836
vt 0.891068 0.055836
vt 0.824164 0.021746
vt 0.750000 0.010000
vt 0.675836 0.021746
vt 0.608932 0.055836
vt 0.555836 0.108932
vt 0.521746 0.175836
vt 0.521746 0.324164
vt 0.555836 0.391068
vt 0.608932 0.444164
s 1
g Cylinder.001_Mat_Bau_Metal_30.001
usemtl Mat_Bau_Metal_30.001
f 50/97/50 51/98/51 49/99/49
f 52/100/52 53/101/53 51/98/51
f 54/102/54 55/103/55 53/101/53
f 56/104/56 57/105/57 55/103/55
f 58/106/58 59/107/59 57/105/57
f 60/108/60 61/109/61 59/107/59
f 62/110/62 63/111/63 61/109/61
f 64/112/64 65/113/65 63/111/63
f 66/114/66 67/115/67 65/113/65
f 68/116/68 69/117/69 67/115/67
f 70/118/70 71/119/71 69/117/69
f 72/120/72 73/121/73 71/119/71
f 74/122/74 75/123/75 73/121/73
f 76/124/76 77/125/77 75/123/75
f 78/126/78 79/127/79 77/125/77
f 80/128/80 81/129/81 79/127/79
f 82/130/82 83/131/83 81/129/81
f 84/132/84 85/133/85 83/131/83
f 78/134/78 62/135/62 54/136/54
f 86/137/86 87/138/87 85/133/85
f 88/139/88 49/140/49 87/138/87
f 63/141/63 79/142/79 87/143/87
f 50/97/50 52/100/52 51/98/51
f 52/100/52 54/102/54 53/101/53
f 54/102/54 56/104/56 55/103/55
f 56/104/56 58/106/58 57/105/57
f 58/106/58 60/108/60 59/107/59
f 60/108/60 62/110/62 61/109/61
f 62/110/62 64/112/64 63/111/63
f 64/112/64 66/114/66 65/113/65
f 66/114/66 68/116/68 67/115/67
f 68/116/68 70/118/70 69/117/69
f 70/118/70 72/120/72 71/119/71
f 72/120/72 74/122/74 73/121/73
f 74/122/74 76/124/76 75/123/75
f 76/124/76 78/126/78 77/125/77
f 78/126/78 80/128/80 79/127/79
f 80/128/80 82/130/82 81/129/81
f 82/130/82 84/132/84 83/131/83
f 84/132/84 86/137/86 85/133/85
f 54/136/54 52/144/52 50/145/50
f 50/145/50 88/146/88 86/147/86
f 86/147/86 84/148/84 82/149/82
f 82/149/82 80/150/80 78/134/78
f 78/134/78 76/151/76 74/152/74
f 74/152/74 72/153/72 70/154/70
f 70/154/70 68/155/68 66/156/66
f 66/156/66 64/157/64 62/135/62
f 62/135/62 60/158/60 58/159/58
f 58/159/58 56/160/56 54/136/54
f 54/136/54 50/145/50 86/147/86
f 86/147/86 82/149/82 78/134/78
f 78/134/78 74/152/74 70/154/70
f 70/154/70 66/156/66 62/135/62
f 62/135/62 58/159/58 54/136/54
f 54/136/54 86/147/86 78/134/78
f 78/134/78 70/154/70 62/135/62
f 86/137/86 88/139/88 87/138/87
f 88/139/88 50/161/50 49/140/49
f 87/143/87 49/162/49 51/163/51
f 51/163/51 53/164/53 55/165/55
f 55/165/55 57/166/57 59/167/59
f 59/167/59 61/168/61 63/141/63
f 63/141/63 65/169/65 67/170/67
f 67/170/67 69/171/69 71/172/71
f 71/172/71 73/173/73 75/174/75
f 75/174/75 77/175/77 79/142/79
f 79/142/79 81/176/81 83/177/83
f 83/177/83 85/178/85 87/143/87
f 87/143/87 51/163/51 55/165/55
f 55/165/55 59/167/59 63/141/63
f 63/141/63 67/170/67 71/172/71
f 71/172/71 75/174/75 79/142/79
f 79/142/79 83/177/83 87/143/87
f 87/143/87 55/165/55 63/141/63
f 63/141/63 71/172/71 79/142/79
o Cylinder.002
v -0.155472 -0.734778 0.839428
v -0.232746 -0.714073 0.839428
v -0.130693 -0.642300 0.751787
v -0.207967 -0.621594 0.751787
v -0.093084 -0.501943 0.709553
v -0.170358 -0.481237 0.709553
v -0.046328 -0.327447 0.716862
v -0.123602 -0.306741 0.716862
v 0.004999 -0.135892 0.772998
v -0.072275 -0.115186 0.772998
v 0.055872 0.053970 0.872466
v -0.021402 0.074676 0.872466
v 0.101312 0.223555 1.005529
v 0.024038 0.244261 1.005529
v 0.136871 0.356262 1.159162
v 0.059597 0.376968 1.159162
v 0.159068 0.439102 1.318327
v 0.081794 0.459807 1.318327
v 0.165730 0.463965 1.467443
v 0.088456 0.484670 1.467443
v 0.156205 0.428417 1.591914
v 0.078931 0.449123 1.591914
v 0.131425 0.335938 1.679555
v 0.054151 0.356644 1.679555
v 0.093817 0.195582 1.721789
v 0.016543 0.216287 1.721789
v 0.047061 0.021085 1.714480
v -0.030213 0.041791 1.714480
v -0.004266 -0.170469 1.658344
v -0.081540 -0.149764 1.658344
v -0.055139 -0.360331 1.558876
v -0.132414 -0.339626 1.558876
v -0.100580 -0.529916 1.425813
v -0.177854 -0.509211 1.425813
v -0.136138 -0.662624 1.272180
v -0.213412 -0.641918 1.272180
v -0.158335 -0.745463 1.113015
v -0.235609 -0.724758 1.113015
v -0.164997 -0.770326 0.963899
v -0.242271 -0.749620 0.963899
vn 0.4884 -0.7798 -0.3917
vn -0.8128 -0.4312 -0.3917
vn 0.5236 -0.5177 -0.6766
vn -0.7123 -0.1866 -0.6766
vn 0.5288 -0.2322 -0.8164
vn -0.5740 0.0632 -0.8164
vn 0.5295 0.0051 -0.8483
vn -0.4560 0.2692 -0.8483
vn 0.5406 0.1895 -0.8197
vn -0.3734 0.4344 -0.8197
vn 0.5669 0.3350 -0.7526
vn -0.3235 0.5735 -0.7526
vn 0.6110 0.4524 -0.6496
vn -0.3029 0.6973 -0.6496
vn 0.6740 0.5443 -0.4995
vn -0.3116 0.8083 -0.4995
vn 0.7512 0.5981 -0.2793
vn -0.3515 0.8936 -0.2793
vn 0.8167 0.5762 0.0311
vn -0.4192 0.9074 0.0310
vn 0.8128 0.4311 0.3917
vn -0.4883 0.7798 0.3917
vn 0.7123 0.1866 0.6766
vn -0.5236 0.5177 0.6766
vn 0.5740 -0.0633 0.8164
vn -0.5287 0.2322 0.8164
vn 0.4560 -0.2692 0.8483
vn -0.5295 -0.0051 0.8483
vn 0.3734 -0.4344 0.8197
vn -0.5406 -0.1895 0.8197
vn 0.3235 -0.5735 0.7526
vn -0.5670 -0.3349 0.7526
vn 0.3030 -0.6973 0.6496
vn -0.6110 -0.4524 0.6496
vn 0.3116 -0.8084 0.4995
vn -0.6740 -0.5443 0.4995
vn 0.3516 -0.8935 0.2793
vn -0.7512 -0.5981 0.2793
vn 0.4192 -0.9074 -0.0311
vn -0.8167 -0.5762 -0.0310
vt 1.000000 1.000000
vt 0.950000 0.500000
vt 1.000000 0.500000
vt 0.950000 1.000000
vt 0.900000 0.500000
vt 0.900000 1.000000
vt 0.850000 0.500000
vt 0.850000 1.000000
vt 0.800000 0.500000
vt 0.800000 1.000000
vt 0.750000 0.500000
vt 0.750000 1.000000
vt 0.700000 0.500000
vt 0.700000 1.000000
vt 0.650000 0.500000
vt 0.650000 1.000000
vt 0.600000 0.500000
vt 0.600000 1.000000
vt 0.550000 0.500000
vt 0.550000 1.000000
vt 0.500000 0.500000
vt 0.500000 1.000000
vt 0.450000 0.500000
vt 0.450000 1.000000
vt 0.400000 0.500000
vt 0.400000 1.000000
vt 0.350000 0.500000
vt 0.350000 1.000000
vt 0.300000 0.500000
vt 0.300000 1.000000
vt 0.250000 0.500000
vt 0.250000 1.000000
vt 0.200000 0.500000
vt 0.200000 1.000000
vt 0.150000 0.500000
vt 0.150000 1.000000
vt 0.100000 0.500000
vt 0.021746 0.175836
vt 0.478254 0.175836
vt 0.391068 0.444164
vt 0.100000 1.000000
vt 0.050000 0.500000
vt 0.050000 1.000000
vt -0.000000 0.500000
vt 0.944164 0.108932
vt 0.510000 0.250000
vt 0.675836 0.478254
vt 0.324164 0.478254
vt 0.250000 0.490000
vt 0.175836 0.478254
vt 0.108932 0.444164
vt 0.055836 0.391068
vt 0.021746 0.324164
vt 0.010000 0.250000
vt 0.055836 0.108932
vt 0.108932 0.055836
vt 0.175836 0.021746
vt 0.250000 0.010000
vt 0.324164 0.021746
vt 0.391068 0.055836
vt 0.444164 0.108932
vt 0.490000 0.250000
vt 0.478254 0.324164
vt 0.444164 0.391068
vt -0.000000 1.000000
vt 0.750000 0.490000
vt 0.824164 0.478254
vt 0.891068 0.444164
vt 0.944164 0.391068
vt 0.978254 0.324164
vt 0.990000 0.250000
vt 0.978254 0.175836
vt 0.891068 0.055836
vt 0.824164 0.021746
vt 0.750000 0.010000
vt 0.675836 0.021746
vt 0.608932 0.055836
vt 0.555836 0.108932
vt 0.521746 0.175836
vt 0.521746 0.324164
vt 0.555836 0.391068
vt 0.608932 0.444164
s 1
g Cylinder.002_Mat_Bau_Metal_30.002
usemtl Mat_Bau_Metal_30.002
f 90/179/90 91/180/91 89/181/89
f 92/182/92 93/183/93 91/180/91
f 94/184/94 95/185/95 93/183/93
f 96/186/96 97/187/97 95/185/95
f 98/188/98 99/189/99 97/187/97
f 100/190/100 101/191/101 99/189/99
f 102/192/102 103/193/103 101/191/101
f 104/194/104 105/195/105 103/193/103
f 106/196/106 107/197/107 105/195/105
f 108/198/108 109/199/109 107/197/107
f 110/200/110 111/201/111 109/199/109
f 112/202/112 113/203/113 111/201/111
f 114/204/114 115/205/115 113/203/113
f 116/206/116 117/207/117 115/205/115
f 118/208/118 119/209/119 117/207/117
f 120/210/120 121/211/121 119/209/119
f 122/212/122 123/213/123 121/211/121
f 124/214/124 125/215/125 123/213/123
f 118/216/118 102/217/102 94/218/94
f 126/219/126 127/220/127 125/215/125
f 128/221/128 89/222/89 127/220/127
f 103/223/103 119/224/119 127/225/127
f 90/179/90 92/182/92 91/180/91
f 92/182/92 94/184/94 93/183/93
f 94/184/94 96/186/96 95/185/95
f 96/186/96 98/188/98 97/187/97
f 98/188/98 100/190/100 99/189/99
f 100/190/100 102/192/102 101/191/101
f 102/192/102 104/194/104 103/193/103
f 104/194/104 106/196/106 105/195/105
f 106/196/106 108/198/108 107/197/107
f 108/198/108 110/200/110 109/199/109
f 110/200/110 112/202/112 111/201/111
f 112/202/112 114/204/114 113/203/113
f 114/204/114 116/206/116 115/205/115
f 116/206/116 118/208/118 117/207/117
f 118/208/118 120/210/120 119/209/119
f 120/210/120 122/212/122 121/211/121
f 122/212/122 124/214/124 123/213/123
f 124/214/124 126/219/126 125/215/125
f 94/218/94 92/226/92 90/227/90
f 90/227/90 128/228/128 126/229/126
f 126/229/126 124/230/124 122/231/122
f 122/231/122 120/232/120 118/216/118
f 118/216/118 116/233/116 114/234/114
f 114/234/114 112/235/112 110/236/110
f 110/236/110 108/237/108 106/238/106
f 106/238/106 104/239/104 102/217/102
f 102/217/102 100/240/100 98/241/98
f 98/241/98 96/242/96 94/218/94
f 94/218/94 90/227/90 126/229/126
f 126/229/126 122/231/122 118/216/118
f 118/216/118 114/234/114 110/236/110
f 110/236/110 106/238/106 102/217/102
f 102/217/102 98/241/98 94/218/94
f 94/218/94 126/229/126 118/216/118
f 118/216/118 110/236/110 102/217/102
f 126/219/126 128/221/128 127/220/127
f 128/221/128 90/243/90 89/222/89
f 127/225/127 89/244/89 91/245/91
f 91/245/91 93/246/93 95/247/95
f 95/247/95 97/248/97 99/249/99
f 99/249/99 101/250/101 103/223/103
f 103/223/103 105/251/105 107/252/107
f 107/252/107 109/253/109 111/254/111
f 111/254/111 113/255/113 115/256/115
f 115/256/115 117/257/117 119/224/119
f 119/224/119 121/258/121 123/259/123
f 123/259/123 125/260/125 127/225/127
f 127/225/127 91/245/91 95/247/95
f 95/247/95 99/249/99 103/223/103
f 103/223/103 107/252/107 111/254/111
f 111/254/111 115/256/115 119/224/119
f 119/224/119 123/259/123 127/225/127
f 127/225/127 95/247/95 103/223/103
f 103/223/103 111/254/111 119/224/119
o Cylinder.003
v -0.686731 -0.592428 0.839428
v -0.764005 -0.571722 0.839428
v -0.661952 -0.499949 0.751787
v -0.739226 -0.479244 0.751787
v -0.624343 -0.359592 0.709553
v -0.701617 -0.338887 0.709553
v -0.577587 -0.185096 0.716862
v -0.654861 -0.164391 0.716862
v -0.526260 0.006458 0.772998
v -0.603534 0.027164 0.772998
v -0.475387 0.196321 0.872466
v -0.552661 0.217026 0.872466
v -0.429947 0.365906 1.005529
v -0.507221 0.386611 1.005529
v -0.394388 0.498613 1.159162
v -0.471662 0.519318 1.159162
v -0.372191 0.581452 1.318327
v -0.449465 0.602158 1.318327
v -0.365529 0.606315 1.467443
v -0.442803 0.627021 1.467443
v -0.375054 0.570767 1.591914
v -0.452328 0.591473 1.591914
v -0.399834 0.478289 1.679555
v -0.477108 0.498994 1.679555
v -0.437442 0.337932 1.721789
v -0.514716 0.358638 1.721789
v -0.484198 0.163436 1.714480
v -0.561472 0.184141 1.714480
v -0.535525 -0.028119 1.658344
v -0.612799 -0.007413 1.658344
v -0.586399 -0.217981 1.558876
v -0.663673 -0.197275 1.558876
v -0.631839 -0.387566 1.425813
v -0.709113 -0.366860 1.425813
v -0.667398 -0.520273 1.272180
v -0.744672 -0.499568 1.272180
v -0.689594 -0.603113 1.113015
v -0.766868 -0.582407 1.113015
v -0.696256 -0.627975 0.963899
v -0.773530 -0.607270 0.963899
vn 0.4884 -0.7798 -0.3917
vn -0.8128 -0.4312 -0.3917
vn 0.5236 -0.5177 -0.6766
vn -0.7123 -0.1866 -0.6766
vn 0.5288 -0.2322 -0.8164
vn -0.5740 0.0632 -0.8164
vn 0.5295 0.0051 -0.8483
vn -0.4560 0.2692 -0.8483
vn 0.5406 0.1895 -0.8197
vn -0.3734 0.4344 -0.8197
vn 0.5669 0.3350 -0.7526
vn -0.3235 0.5735 -0.7526
vn 0.6110 0.4524 -0.6496
vn -0.3029 0.6973 -0.6496
vn 0.6740 0.5443 -0.4995
vn -0.3116 0.8083 -0.4995
vn 0.7512 0.5981 -0.2793
vn -0.3515 0.8936 -0.2793
vn 0.8167 0.5762 0.0311
vn -0.4192 0.9074 0.0310
vn 0.8128 0.4311 0.3917
vn -0.4883 0.7798 0.3917
vn 0.7123 0.1866 0.6766
vn -0.5236 0.5177 0.6766
vn 0.5740 -0.0633 0.8164
vn -0.5287 0.2322 0.8164
vn 0.4560 -0.2692 0.8483
vn -0.5295 -0.0051 0.8483
vn 0.3734 -0.4344 0.8197
vn -0.5406 -0.1895 0.8197
vn 0.3235 -0.5735 0.7526
vn -0.5670 -0.3349 0.7526
vn 0.3030 -0.6973 0.6496
vn -0.6110 -0.4524 0.6496
vn 0.3116 -0.8084 0.4995
vn -0.6740 -0.5443 0.4995
vn 0.3516 -0.8935 0.2793
vn -0.7512 -0.5981 0.2793
vn 0.4192 -0.9074 -0.0311
vn -0.8167 -0.5762 -0.0310
vt 1.000000 1.000000
vt 0.950000 0.500000
vt 1.000000 0.500000
vt 0.950000 1.000000
vt 0.900000 0.500000
vt 0.900000 1.000000
vt 0.850000 0.500000
vt 0.850000 1.000000
vt 0.800000 0.500000
vt 0.800000 1.000000
vt 0.750000 0.500000
vt 0.750000 1.000000
vt 0.700000 0.500000
vt 0.700000 1.000000
vt 0.650000 0.500000
vt 0.650000 1.000000
vt 0.600000 0.500000
vt 0.600000 1.000000
vt 0.550000 0.500000
vt 0.550000 1.000000
vt 0.500000 0.500000
vt 0.500000 1.000000
vt 0.450000 0.500000
vt 0.450000 1.000000
vt 0.400000 0.500000
vt 0.400000 1.000000
vt 0.350000 0.500000
vt 0.350000 1.000000
vt 0.300000 0.500000
vt 0.300000 1.000000
vt 0.250000 0.500000
vt 0.250000 1.000000
vt 0.200000 0.500000
vt 0.200000 1.000000
vt 0.150000 0.500000
vt 0.150000 1.000000
vt 0.100000 0.500000
vt 0.021746 0.175836
vt 0.478254 0.175836
vt 0.391068 0.444164
vt 0.100000 1.000000
vt 0.050000 0.500000
vt 0.050000 1.000000
vt -0.000000 0.500000
vt 0.944164 0.108932
vt 0.510000 0.250000
vt 0.675836 0.478254
vt 0.324164 0.478254
vt 0.250000 0.490000
vt 0.175836 0.478254
vt 0.108932 0.444164
vt 0.055836 0.391068
vt 0.021746 0.324164
vt 0.010000 0.250000
vt 0.055836 0.108932
vt 0.108932 0.055836
vt 0.175836 0.021746
vt 0.250000 0.010000
vt 0.324164 0.021746
vt 0.391068 0.055836
vt 0.444164 0.108932
vt 0.490000 0.250000
vt 0.478254 0.324164
vt 0.444164 0.391068
vt -0.000000 1.000000
vt 0.750000 0.490000
vt 0.824164 0.478254
vt 0.891068 0.444164
vt 0.944164 0.391068
vt 0.978254 0.324164
vt 0.990000 0.250000
vt 0.978254 0.175836
vt 0.891068 0.055836
vt 0.824164 0.021746
vt 0.750000 0.010000
vt 0.675836 0.021746
vt 0.608932 0.055836
vt 0.555836 0.108932
vt 0.521746 0.175836
vt 0.521746 0.324164
vt 0.555836 0.391068
vt 0.608932 0.444164
s 1
g Cylinder.003_Mat_Bau_Metal_30.003
usemtl Mat_Bau_Metal_30.003
f 130/261/130 131/262/131 129/263/129
f 132/264/132 133/265/133 131/262/131
f 134/266/134 135/267/135 133/265/133
f 136/268/136 137/269/137 135/267/135
f 138/270/138 139/271/139 137/269/137
f 140/272/140 141/273/141 139/271/139
f 142/274/142 143/275/143 141/273/141
f 144/276/144 145/277/145 143/275/143
f 146/278/146 147/279/147 145/277/145
f 148/280/148 149/281/149 147/279/147
f 150/282/150 151/283/151 149/281/149
f 152/284/152 153/285/153 151/283/151
f 154/286/154 155/287/155 153/285/153
f 156/288/156 157/289/157 155/287/155
f 158/290/158 159/291/159 157/289/157
f 160/292/160 161/293/161 159/291/159
f 162/294/162 163/295/163 161/293/161
f 164/296/164 165/297/165 163/295/163
f 158/298/158 142/299/142 134/300/134
f 166/301/166 167/302/167 165/297/165
f 168/303/168 129/304/129 167/302/167
f 143/305/143 159/306/159 167/307/167
f 130/261/130 132/264/132 131/262/131
f 132/264/132 134/266/134 133/265/133
f 134/266/134 136/268/136 135/267/135
f 136/268/136 138/270/138 137/269/137
f 138/270/138 140/272/140 139/271/139
f 140/272/140 142/274/142 141/273/141
f 142/274/142 144/276/144 143/275/143
f 144/276/144 146/278/146 145/277/145
f 146/278/146 148/280/148 147/279/147
f 148/280/148 150/282/150 149/281/149
f 150/282/150 152/284/152 151/283/151
f 152/284/152 154/286/154 153/285/153
f 154/286/154 156/288/156 155/287/155
f 156/288/156 158/290/158 157/289/157
f 158/290/158 160/292/160 159/291/159
f 160/292/160 162/294/162 161/293/161
f 162/294/162 164/296/164 163/295/163
f 164/296/164 166/301/166 165/297/165
f 134/300/134 132/308/132 130/309/130
f 130/309/130 168/310/168 166/311/166
f 166/311/166 164/312/164 162/313/162
f 162/313/162 160/314/160 158/298/158
f 158/298/158 156/315/156 154/316/154
f 154/316/154 152/317/152 150/318/150
f 150/318/150 148/319/148 146/320/146
f 146/320/146 144/321/144 142/299/142
f 142/299/142 140/322/140 138/323/138
f 138/323/138 136/324/136 134/300/134
f 134/300/134 130/309/130 166/311/166
f 166/311/166 162/313/162 158/298/158
f 158/298/158 154/316/154 150/318/150
f 150/318/150 146/320/146 142/299/142
f 142/299/142 138/323/138 134/300/134
f 134/300/134 166/311/166 158/298/158
f 158/298/158 150/318/150 142/299/142
f 166/301/166 168/303/168 167/302/167
f 168/303/168 130/325/130 129/304/129
f 167/307/167 129/326/129 131/327/131
f 131/327/131 133/328/133 135/329/135
f 135/329/135 137/330/137 139/331/139
f 139/331/139 141/332/141 143/305/143
f 143/305/143 145/333/145 147/334/147
f 147/334/147 149/335/149 151/336/151
f 151/336/151 153/337/153 155/338/155
f 155/338/155 157/339/157 159/306/159
f 159/306/159 161/340/161 163/341/163
f 163/341/163 165/342/165 167/307/167
f 167/307/167 131/327/131 135/329/135
f 135/329/135 139/331/139 143/305/143
f 143/305/143 147/334/147 151/336/151
f 151/336/151 155/338/155 159/306/159
f 159/306/159 163/341/163 167/307/167
f 167/307/167 135/329/135 143/305/143
f 143/305/143 151/336/151 159/306/159
o Cube.001
v 0.742368 0.287352 0.041300
v 0.742368 0.287352 0.858700
v 0.499233 -0.620038 0.041300
v 0.499233 -0.620038 0.858700
v 0.659878 0.309455 0.041300
v 0.659878 0.309455 0.858700
v 0.416743 -0.597935 0.041300
v 0.416743 -0.597935 0.858700
vn 0.9801 -0.1694 -0.1035
vn 0.9801 -0.1694 0.1035
vn 0.9335 -0.3433 -0.1035
vn 0.9335 -0.3434 0.1035
vn -0.9335 0.3433 -0.1035
vn -0.9335 0.3434 0.1035
vn -0.9801 0.1694 -0.1035
vn -0.9801 0.1694 0.1035
vt 0.625000 0.000000
vt 0.375000 0.250000
vt 0.375000 0.000000
vt 0.625000 0.250000
vt 0.375000 0.500000
vt 0.625000 0.500000
vt 0.375000 0.750000
vt 0.625000 0.750000
vt 0.375000 1.000000
vt 0.125000 0.750000
vt 0.125000 0.500000
vt 0.875000 0.500000
vt 0.625000 1.000000
vt 0.875000 0.750000
s 1
g Cube.001_Mat_Bau_Metal_30.004
usemtl Mat_Bau_Metal_30.004
f 170/343/170 171/344/171 169/345/169
f 172/346/172 175/347/175 171/344/171
f 176/348/176 173/349/173 175/347/175
f 174/350/174 169/351/169 173/349/173
f 175/347/175 169/352/169 171/353/171
f 172/354/172 174/350/174 176/348/176
f 170/343/170 172/346/172 171/344/171
f 172/346/172 176/348/176 175/347/175
f 176/348/176 174/350/174 173/349/173
f 174/350/174 170/355/170 169/351/169
f 175/347/175 173/349/173 169/352/169
f 172/354/172 170/356/170 174/350/174
o Cube.002
v 0.162812 0.442644 0.041300
v 0.162812 0.442644 0.858700
v -0.080322 -0.464747 0.041300
v -0.080322 -0.464747 0.858700
v 0.080322 0.464747 0.041300
v 0.080322 0.464747 0.858700
v -0.162812 -0.442644 0.041300
v -0.162812 -0.442644 0.858700
vn 0.9801 -0.1694 -0.1035
vn 0.9801 -0.1694 0.1035
vn 0.9335 -0.3433 -0.1035
vn 0.9335 -0.3434 0.1035
vn -0.9335 0.3433 -0.1035
vn -0.9335 0.3434 0.1035
vn -0.9801 0.1694 -0.1035
vn -0.9801 0.1694 0.1035
vt 0.625000 0.000000
vt 0.375000 0.250000
vt 0.375000 0.000000
vt 0.625000 0.250000
vt 0.375000 0.500000
vt 0.625000 0.500000
vt 0.375000 0.750000
vt 0.625000 0.750000
vt 0.375000 1.000000
vt 0.125000 0.750000
vt 0.125000 0.500000
vt 0.875000 0.500000
vt 0.625000 1.000000
vt 0.875000 0.750000
s 1
g Cube.002_Mat_Bau_Metal_30.005
usemtl Mat_Bau_Metal_30.005
f 178/357/178 179/358/179 177/359/177
f 180/360/180 183/361/183 179/358/179
f 184/362/184 181/363/181 183/361/183
f 182/364/182 177/365/177 181/363/181
f 183/361/183 177/366/177 179/367/179
f 180/368/180 182/364/182 184/362/184
f 178/357/178 180/360/180 179/358/179
f 180/360/180 184/362/184 183/361/183
f 184/362/184 182/364/182 181/363/181
f 182/364/182 178/369/178 177/365/177
f 183/361/183 181/363/181 177/366/177
f 180/368/180 178/370/178 182/364/182
o Cube.003
v -0.416743 0.597935 0.041300
v -0.416743 0.597935 0.858700
v -0.659878 -0.309455 0.041300
v -0.659878 -0.309455 0.858700
v -0.499233 0.620038 0.041300
v -0.499233 0.620038 0.858700
v -0.742368 -0.287352 0.041300
v -0.742368 -0.287352 0.858700
vn 0.9801 -0.1694 -0.1035
vn 0.9801 -0.1694 0.1035
vn 0.9335 -0.3433 -0.1035
vn 0.9335 -0.3434 0.1035
vn -0.9335 0.3433 -0.1035
vn -0.9335 0.3434 0.1035
vn -0.9801 0.1694 -0.1035
vn -0.9801 0.1694 0.1035
vt 0.625000 0.000000
vt 0.375000 0.250000
vt 0.375000 0.000000
vt 0.625000 0.250000
vt 0.375000 0.500000
vt 0.625000 0.500000
vt 0.375000 0.750000
vt 0.625000 0.750000
vt 0.375000 1.000000
vt 0.125000 0.750000
vt 0.125000 0.500000
vt 0.875000 0.500000
vt 0.625000 1.000000
vt 0.875000 0.750000
s 1
g Cube.003_Mat_Bau_Metal_30.006
usemtl Mat_Bau_Metal_30.006
f 186/371/186 187/372/187 185/373/185
f 188/374/188 191/375/191 187/372/187
f 192/376/192 189/377/189 191/375/191
f 190/378/190 185/379/185 189/377/189
f 191/375/191 185/380/185 187/381/187
f 188/382/188 190/378/190 192/376/192
f 186/371/186 188/374/188 187/372/187
f 188/374/188 192/376/192 191/375/191
f 192/376/192 190/378/190 189/377/189
f 190/378/190 186/383/186 185/379/185
f 191/375/191 189/377/189 185/380/185
f 188/382/188 186/384/186 190/378/190
o Cube.004
v 0.301003 0.474255 0.582000
v 0.301003 0.474255 0.918000
v 0.272015 0.366071 0.582000
v 0.272015 0.366071 0.918000
v -0.023549 0.561218 0.582000
v -0.023549 0.561218 0.918000
v -0.052536 0.453034 0.582000
v -0.052536 0.453034 0.918000
vn 0.5253 0.7957 -0.3015
vn 0.5254 0.7957 0.3015
vn 0.0571 -0.9517 -0.3015
vn 0.0571 -0.9518 0.3015
vn -0.0571 0.9517 -0.3015
vn -0.0571 0.9518 0.3015
vn -0.5253 -0.7957 -0.3015
vn -0.5254 -0.7957 0.3015
vt 0.625000 0.000000
vt 0.375000 0.250000
vt 0.375000 0.000000
vt 0.625000 0.250000
vt 0.375000 0.500000
vt 0.625000 0.500000
vt 0.375000 0.750000
vt 0.625000 0.750000
vt 0.375000 1.000000
vt 0.125000 0.750000
vt 0.125000 0.500000
vt 0.875000 0.500000
vt 0.625000 1.000000
vt 0.875000 0.750000
s 1
g Cube.004_Mat_Bau_Ouro_10.001
usemtl Mat_Bau_Ouro_10.001
f 194/385/194 195/386/195 193/387/193
f 196/388/196 199/389/199 195/386/195
f 200/390/200 197/391/197 199/389/199
f 198/392/198 193/393/193 197/391/197
f 199/389/199 193/394/193 195/395/195
f 196/396/196 198/392/198 200/390/200
f 194/385/194 196/388/196 195/386/195
f 196/388/196 200/390/200 199/389/199
f 200/390/200 198/392/198 197/391/197
f 198/392/198 194/397/194 193/393/193
f 199/389/199 197/391/197 193/394/193
f 196/396/196 194/398/194 198/392/198
o Sphere
v -0.016738 -0.201530 1.354123
v -0.065090 -0.341571 1.273346
v -0.079926 -0.344863 1.218364
v -0.083284 -0.329942 1.178068
v -0.022694 -0.070967 0.985937
v 0.004422 -0.060228 1.362347
v -0.027228 -0.122437 1.366265
v -0.086929 -0.168325 1.363809
v -0.130662 -0.239153 1.342685
v -0.164773 -0.295869 1.287419
v -0.181109 -0.293574 1.212051
v -0.165480 -0.261440 1.148084
v -0.149110 -0.224420 1.105517
v -0.117878 -0.037564 1.368361
v -0.169317 -0.131893 1.359978
v -0.230432 -0.194864 1.320325
v -0.253401 -0.216889 1.271710
v -0.255441 -0.217722 1.213597
v -0.232942 -0.194234 1.149729
v -0.206482 -0.167265 1.106916
v -0.148415 -0.153373 1.062461
v 0.003572 0.034932 1.353250
v -0.183237 -0.035661 1.358183
v -0.248044 -0.073888 1.336757
v -0.302597 -0.105122 1.282692
v -0.310867 -0.114796 1.223996
v -0.300826 -0.113224 1.183373
v -0.263274 -0.097035 1.117865
v -0.129715 -0.087633 1.026196
v -0.097261 -0.013855 0.991791
v -0.070836 0.022479 1.362943
v -0.199927 0.050813 1.343421
v -0.249496 0.040312 1.327049
v -0.288980 0.030118 1.303873
v -0.328876 0.015363 1.255780
v -0.330711 0.003785 1.181557
v -0.298351 -0.003761 1.124110
v -0.262108 -0.005282 1.085129
v -0.210018 -0.041833 1.054199
v -0.011090 0.102048 1.342186
v -0.140345 0.096458 1.345249
v -0.192736 0.139785 1.322367
v -0.241041 0.144933 1.302292
v -0.296755 0.148085 1.259736
v -0.326219 0.134014 1.193136
v -0.305467 0.104285 1.118835
v -0.232974 0.080952 1.045273
v -0.159797 0.019662 1.010979
v -0.182126 0.234793 1.286651
v -0.239909 0.254501 1.243329
v -0.275973 0.256720 1.192084
v -0.278407 0.239252 1.119758
v -0.254189 0.198178 1.069622
v -0.224551 0.166453 1.038791
v -0.057471 0.161927 1.329940
v -0.094922 0.220705 1.308070
v -0.111799 0.290999 1.270043
v -0.161093 0.336367 1.225022
v -0.205841 0.352854 1.156419
v -0.208776 0.331406 1.082981
v -0.186774 0.258032 1.023769
v -0.168757 0.156040 1.001293
v -0.128427 0.108774 0.984074
v -0.045974 0.338438 1.243894
v -0.068467 0.378523 1.210017
v -0.095504 0.417413 1.152796
v -0.114346 0.418954 1.100145
v -0.118699 0.394713 1.047547
v -0.114639 0.310350 0.995041
v -0.069967 0.232148 0.961818
v 0.020961 0.233920 1.294484
v 0.005928 0.297106 1.266702
v 0.026500 0.382791 1.204285
v 0.009685 0.434380 1.144177
v -0.006702 0.452982 1.084637
v -0.016991 0.422978 1.016924
v -0.032762 0.334540 0.970077
v -0.056250 0.163257 0.955140
v -0.068171 0.075927 0.965289
v 0.040834 0.166481 1.315858
v 0.107235 0.327810 1.223433
v 0.110353 0.415106 1.142574
v 0.099638 0.445982 1.062653
v 0.086390 0.413433 0.994109
v 0.050844 0.328233 0.951319
v 0.024128 0.233640 0.939231
v 0.056910 0.087961 1.332640
v 0.102813 0.230211 1.275585
v 0.174992 0.321012 1.194483
v 0.191362 0.358033 1.151916
v 0.206991 0.390167 1.087949
v 0.192717 0.391808 1.014323
v 0.167223 0.352792 0.969489
v 0.127994 0.292047 0.940605
v -0.031028 0.008631 0.967360
v 0.173945 0.257206 1.234083
v 0.232364 0.263858 1.193084
v 0.270016 0.301625 1.128782
v 0.281184 0.320506 1.046198
v 0.265587 0.300648 0.994997
v 0.224983 0.264113 0.954691
v 0.170182 0.207763 0.934792
v 0.100658 0.191093 0.929659
v 0.047729 0.140991 0.934129
v 0.004360 0.079692 0.947173
v 0.110686 0.137590 1.305151
v 0.228063 0.169278 1.239761
v 0.271300 0.188348 1.200109
v 0.304608 0.202036 1.158532
v 0.336089 0.208041 1.096424
v 0.329741 0.205082 1.021888
v 0.293056 0.179458 0.976840
v 0.234090 0.146785 0.946611
v 0.175071 0.151666 1.275885
v 0.287990 0.101874 1.214871
v 0.339447 0.098563 1.156167
v 0.361926 0.092548 1.076267
v 0.331948 0.067009 1.010228
v 0.275378 0.056281 0.972951
v 0.225809 0.045780 0.956579
v 0.160793 0.072876 0.939522
v 0.102743 0.023330 0.946136
v 0.240337 0.069019 1.259805
v 0.280799 0.012902 1.235925
v 0.315778 -0.004267 1.200647
v 0.346657 -0.030680 1.145724
v 0.344234 -0.041140 1.069777
v 0.288610 -0.050499 1.009405
v 0.218618 -0.043193 0.977633
v 0.121957 0.066398 1.317899
v 0.176765 0.027558 1.301615
v 0.250432 -0.069861 1.261209
v 0.292125 -0.116516 1.214269
v 0.311022 -0.150819 1.141375
v 0.290649 -0.162233 1.089489
v 0.249575 -0.151017 1.038927
v 0.188251 -0.125955 1.002917
v 0.152468 -0.065605 0.972098
v 0.039089 0.007434 0.954342
v 0.197124 -0.058996 1.297174
v 0.199862 -0.138312 1.288249
v 0.220606 -0.182075 1.262174
v 0.234658 -0.234813 1.217019
v 0.230773 -0.257329 1.146138
v 0.199717 -0.247344 1.092001
v 0.156558 -0.212047 1.043205
v 0.074379 -0.085155 0.977643
v 0.068291 0.007969 1.343670
v 0.134037 -0.185751 1.314399
v 0.146127 -0.261460 1.280895
v 0.147916 -0.316638 1.216652
v 0.118915 -0.321275 1.145839
v 0.094349 -0.281931 1.089983
v 0.071856 -0.241846 1.056106
v 0.075326 -0.172376 1.013857
v 0.103405 -0.054429 1.338199
v 0.091721 -0.136130 1.339931
v 0.057473 -0.243029 1.328417
v 0.044345 -0.327471 1.280899
v 0.034678 -0.353168 1.231955
v 0.019576 -0.349816 1.178011
v 0.006587 -0.307546 1.116674
v -0.002779 -0.263629 1.078805
v -0.042782 -0.280904 1.330596
v -0.081644 -0.281501 1.115947
v -0.041913 -0.211922 1.052237
v -0.019534 -0.143198 1.011892
vn 0.1243 -0.2135 0.9690
vn -0.1477 -0.8731 0.4646
vn -0.2827 -0.9546 -0.0943
vn -0.3081 -0.8291 -0.4665
vn -0.2100 -0.2984 -0.9311
vn 0.1568 0.0316 0.9871
vn 0.1052 -0.0550 0.9929
vn -0.0281 -0.1519 0.9880
vn -0.1925 -0.3846 0.9028
vn -0.4631 -0.7408 0.4866
vn -0.5848 -0.7757 -0.2373
vn -0.5040 -0.6353 -0.5852
vn -0.4271 -0.5226 -0.7379
vn -0.0609 0.0565 0.9965
vn -0.2193 -0.1168 0.9686
vn -0.5353 -0.3575 0.7652
vn -0.7779 -0.5597 0.2856
vn -0.7814 -0.5794 -0.2316
vn -0.6563 -0.5028 -0.5626
vn -0.5479 -0.4226 -0.7219
vn -0.4112 -0.4010 -0.8186
vn 0.1515 0.1459 0.9776
vn -0.2280 0.0607 0.9718
vn -0.4822 -0.0533 0.8744
vn -0.8438 -0.2206 0.4892
vn -0.9455 -0.3240 -0.0322
vn -0.8506 -0.3462 -0.3959
vn -0.6840 -0.3225 -0.6543
vn -0.3743 -0.3139 -0.8726
vn -0.3299 -0.2239 -0.9171
vn 0.0268 0.1425 0.9894
vn -0.2573 0.1749 0.9504
vn -0.4316 0.1595 0.8878
vn -0.6532 0.1145 0.7485
vn -0.9328 0.0233 0.3596
vn -0.9627 -0.0991 -0.2518
vn -0.7952 -0.1612 -0.5846
vn -0.6688 -0.1716 -0.7233
vn -0.5307 -0.2503 -0.8098
vn 0.1160 0.2320 0.9658
vn -0.1073 0.2372 0.9655
vn -0.2480 0.3065 0.9190
vn -0.4464 0.3229 0.8345
vn -0.7386 0.3234 0.5915
vn -0.9768 0.2143 0.0002
vn -0.8423 0.0356 -0.5379
vn -0.6041 -0.0761 -0.7932
vn -0.4418 -0.1700 -0.8809
vn -0.2791 0.4457 0.8505
vn -0.5490 0.5240 0.6512
vn -0.8226 0.5193 0.2316
vn -0.8639 0.3486 -0.3634
vn -0.7300 0.1594 -0.6646
vn -0.6236 0.0527 -0.7800
vn 0.0354 0.3046 0.9518
vn -0.0497 0.3940 0.9178
vn -0.1157 0.5172 0.8480
vn -0.3395 0.6525 0.6774
vn -0.6599 0.7288 0.1825
vn -0.7164 0.5186 -0.4667
vn -0.5716 0.2211 -0.7902
vn -0.4737 0.0110 -0.8806
vn -0.3994 -0.0726 -0.9139
vn -0.0044 0.5699 0.8217
vn -0.0988 0.7021 0.7052
vn -0.2812 0.8640 0.4177
vn -0.4710 0.8756 -0.1068
vn -0.5030 0.6368 -0.5844
vn -0.4464 0.2933 -0.8454
vn -0.3301 0.0983 -0.9388
vn 0.1520 0.3896 0.9084
vn 0.1189 0.4818 0.8682
vn 0.1361 0.6629 0.7362
vn 0.0423 0.8723 0.4871
vn -0.1121 0.9932 -0.0312
vn -0.2351 0.7082 -0.6657
vn -0.2717 0.3275 -0.9049
vn -0.2835 -0.0146 -0.9589
vn -0.2954 -0.1248 -0.9472
vn 0.1957 0.2999 0.9337
vn 0.2909 0.5330 0.7945
vn 0.3088 0.7802 0.5439
vn 0.2361 0.9701 -0.0567
vn 0.0484 0.6771 -0.7343
vn -0.0973 0.3025 -0.9482
vn -0.1601 0.0912 -0.9829
vn 0.2291 0.2068 0.9512
vn 0.2897 0.3779 0.8794
vn 0.4353 0.5388 0.7213
vn 0.4915 0.6277 0.6037
vn 0.5791 0.7790 0.2406
vn 0.4798 0.7501 -0.4552
vn 0.2491 0.4609 -0.8518
vn 0.0656 0.2221 -0.9728
vn -0.2292 -0.2066 -0.9512
vn 0.4171 0.4038 0.8142
vn 0.5584 0.4312 0.7087
vn 0.7030 0.5271 0.4774
vn 0.8040 0.5867 -0.0967
vn 0.6277 0.4289 -0.6497
vn 0.3587 0.2257 -0.9057
vn 0.1402 0.0510 -0.9888
vn -0.0106 0.0158 -0.9998
vn -0.1125 -0.0604 -0.9918
vn -0.1773 -0.1258 -0.9761
vn 0.3068 0.2617 0.9151
vn 0.5221 0.2887 0.8026
vn 0.6298 0.3120 0.7113
vn 0.7480 0.3342 0.5734
vn 0.9155 0.3389 0.2168
vn 0.8711 0.2428 -0.4269
vn 0.5831 0.0918 -0.8072
vn 0.2999 -0.0214 -0.9537
vn 0.4140 0.2669 0.8703
vn 0.6738 0.1857 0.7152
vn 0.8598 0.1440 0.4900
vn 0.9969 0.0460 -0.0642
vn 0.7486 -0.0999 -0.6555
vn 0.4478 -0.1552 -0.8806
vn 0.2531 -0.1879 -0.9490
vn 0.0952 -0.1386 -0.9858
vn -0.0136 -0.1988 -0.9799
vn 0.5417 0.1511 0.8269
vn 0.6556 0.0541 0.7532
vn 0.7834 -0.0034 0.6215
vn 0.9476 -0.1332 0.2905
vn 0.8971 -0.2796 -0.3420
vn 0.5332 -0.3310 -0.7786
vn 0.2673 -0.3016 -0.9152
vn 0.3367 0.1696 0.9262
vn 0.4283 0.1171 0.8960
vn 0.6205 -0.0548 0.7823
vn 0.7794 -0.2167 0.5879
vn 0.8931 -0.4416 0.0859
vn 0.7231 -0.5333 -0.4390
vn 0.4541 -0.4940 -0.7415
vn 0.2100 -0.4211 -0.8824
vn 0.0949 -0.3185 -0.9432
vn -0.1186 -0.2154 -0.9693
vn 0.4816 -0.0033 0.8764
vn 0.5211 -0.1464 0.8408
vn 0.6144 -0.2779 0.7385
vn 0.7219 -0.5244 0.4515
vn 0.6584 -0.7347 -0.1634
vn 0.4127 -0.6882 -0.5967
vn 0.1878 -0.5550 -0.8104
vn -0.0512 -0.3303 -0.9425
vn 0.2550 0.1113 0.9605
vn 0.4180 -0.2071 0.8845
vn 0.4802 -0.4632 0.7449
vn 0.5039 -0.8261 0.2523
vn 0.2744 -0.8697 -0.4103
vn 0.0999 -0.7062 -0.7010
vn -0.0127 -0.5735 -0.8191
vn -0.0232 -0.4510 -0.8922
vn 0.3228 0.0277 0.9461
vn 0.3100 -0.0940 0.9461
vn 0.2711 -0.3298 0.9043
vn 0.2469 -0.7083 0.6613
vn 0.1534 -0.9763 0.1527
vn 0.0045 -0.9370 -0.3493
vn -0.0923 -0.7469 -0.6585
vn -0.1360 -0.5983 -0.7896
vn 0.0265 -0.4812 0.8762
vn -0.3033 -0.6484 -0.6983
vn -0.2336 -0.4907 -0.8394
vn -0.2007 -0.3926 -0.8976
vt 0.750000 0.437500
vt 0.700000 0.406156
vt 0.750000 0.375000
vt 0.723279 0.812500
vt 0.700000 0.750000
vt 0.750000 0.750000
vt 0.750000 0.281163
vt 0.700000 0.312500
vt 0.700000 0.250000
vt 0.817869 0.937500
vt 0.725000 1.000000
vt 0.649786 0.937500
vt 0.648275 0.125000
vt 0.582131 0.062500
vt 0.807112 0.062500
vt 0.675000 0.000000
vt 0.600893 0.875000
vt 0.729585 0.875000
vt 0.650000 0.715610
vt 0.700000 0.656410
vt 0.650000 0.593847
vt 0.700000 0.531281
vt 0.623912 0.812500
vt 0.600000 0.750000
vt 0.650000 0.312500
vt 0.600000 0.277808
vt 0.650000 0.250000
vt 0.600000 0.659656
vt 0.600000 0.536877
vt 0.650000 0.500000
vt 0.575000 1.000000
vt 0.505942 0.937500
vt 0.600000 0.437500
vt 0.550000 0.402886
vt 0.600000 0.375000
vt 0.525000 0.812500
vt 0.550000 0.687500
vt 0.550000 0.625000
vt 0.576799 0.187500
vt 0.527408 0.125000
vt 0.550000 0.250000
vt 0.500000 0.218467
vt 0.500000 0.590530
vt 0.550000 0.525651
vt 0.500000 0.468718
vt 0.451832 0.875000
vt 0.500000 0.343595
vt 0.550000 0.312500
vt 0.550000 0.750000
vt 0.500000 0.750000
vt 0.475000 0.000000
vt 0.382131 0.062500
vt 0.450000 0.527982
vt 0.450000 0.406156
vt 0.427763 0.812500
vt 0.450000 0.722192
vt 0.500000 0.687500
vt 0.450000 0.625000
vt 0.425000 1.000000
vt 0.325031 0.937500
vt 0.400000 0.750000
vt 0.329585 0.875000
vt 0.400000 0.656410
vt 0.350000 0.687500
vt 0.350000 0.590530
vt 0.400000 0.531281
vt 0.300000 0.625000
vt 0.300000 0.527982
vt 0.350000 0.500000
vt 0.350000 0.750000
vt 0.326799 0.812500
vt 0.300000 0.722192
vt 0.750000 0.531281
vt 0.275000 0.000000
vt 0.205941 0.062500
vt 0.229585 0.875000
vt 0.250000 0.656410
vt 0.200000 0.593845
vt 0.250000 0.531280
vt 0.225000 1.000000
vt 0.143511 0.937500
vt 0.250000 0.781533
vt 0.178551 0.812500
vt 0.200000 0.750000
vt 0.200000 0.687500
vt 0.200000 0.375000
vt 0.150000 0.340344
vt 0.200000 0.281029
vt 0.150000 0.750000
vt 0.150000 0.250000
vt 0.150000 0.531281
vt 0.200000 0.472018
vt 0.150000 0.437500
vt 0.106301 0.875000
vt 0.150000 0.656410
vt 0.100000 0.593845
vt 0.125000 0.000000
vt 0.048530 0.062500
vt 0.100000 0.812500
vt 0.100000 0.687500
vt 0.100000 0.281029
vt 0.050000 0.312500
vt 0.050000 0.250000
vt 0.050000 0.531280
vt 0.100000 0.472019
vt 0.075000 1.000000
vt 0.014392 0.937500
vt 0.050000 0.406155
vt 0.026799 0.812500
vt 0.000000 0.875000
vt 0.000000 0.468720
vt 0.000000 0.343590
vt 0.050000 0.750000
vt 0.000000 0.750000
vt 0.050000 0.656410
vt 0.000000 0.687500
vt 0.000000 0.593845
vt 0.976799 0.187500
vt 0.928808 0.125000
vt 1.000000 0.125000
vt 1.000000 0.593845
vt 0.950000 0.531281
vt 1.000000 0.468720
vt 0.950000 0.437500
vt 1.000000 0.812500
vt 0.975833 0.875000
vt 0.928551 0.812500
vt 0.970680 0.937500
vt 0.925000 1.000000
vt 0.925000 0.000000
vt 0.983476 0.062500
vt 0.950000 0.750000
vt 0.900000 0.750000
vt 0.950000 0.656410
vt 0.900000 0.687500
vt 0.900000 0.593845
vt 0.876799 0.187500
vt 0.800153 0.125000
vt 0.850000 0.531280
vt 0.900000 0.472019
vt 0.850000 0.406155
vt 0.851725 0.875000
vt 0.825000 0.812500
vt 0.900000 0.281029
vt 0.850000 0.312500
vt 0.850000 0.250000
vt 0.850000 0.750000
vt 0.800000 0.713208
vt 0.850000 0.656410
vt 0.800000 0.590531
vt 0.750000 0.656410
vt 0.800000 0.500000
vt 0.800000 0.409469
vt 0.775000 0.187500
vt 0.675000 0.187500
vt 0.650000 0.406200
vt 0.450000 0.312500
vt 0.450000 0.250000
vt 0.426799 0.187500
vt 0.427408 0.125000
vt 0.400000 0.281028
vt 0.400000 0.406156
vt 0.350000 0.281028
vt 0.350000 0.406156
vt 0.328551 0.187500
vt 0.324167 0.125000
vt 0.300000 0.406155
vt 0.300000 0.281028
vt 0.250000 0.281028
vt 0.250000 0.406155
vt 0.250000 0.187500
vt 0.193699 0.125000
vt 0.178551 0.187500
vt 0.048168 0.125000
vt 0.100000 0.375000
vt 0.100000 0.750000
vt 0.077762 0.187500
vt 0.000000 0.250000
vt 0.000000 0.187500
vt 0.950000 0.340344
vt 1.000000 0.250000
vt 1.000000 0.343590
vt 1.000000 0.687500
vt 0.950000 0.250000
vt 1.000000 0.750000
vt 0.900000 0.375000
vt 0.800000 0.312500
vt 0.800000 0.250000
s 1
g Sphere_Mat_Bau_Reliquia_10.001
usemtl Mat_Bau_Reliquia_10.001
f 203/399/203 211/400/211 204/401/204
f 207/402/207 208/403/208 201/404/201
f 365/405/365 212/406/212 213/407/213
f 348/408/348 287/409/287 222/410/222
f 229/411/229 230/412/230 205/413/205
f 295/414/295 205/413/205 230/412/230
f 222/410/222 231/415/231 206/416/206
f 208/403/208 215/417/215 209/418/209
f 209/418/209 216/419/216 210/420/210
f 214/421/214 223/422/223 215/417/215
f 219/423/219 228/424/228 220/425/220
f 215/417/215 224/426/224 216/419/216
f 216/419/216 225/427/225 217/428/217
f 222/410/222 287/429/287 240/430/240
f 226/431/226 236/432/236 227/433/227
f 214/421/214 231/415/231 241/434/241
f 224/426/224 233/435/233 234/436/234
f 239/437/239 248/438/248 229/411/229
f 238/439/238 247/440/247 239/437/239
f 234/436/234 244/441/244 235/442/235
f 235/442/235 245/443/245 236/432/236
f 240/430/240 255/444/255 231/415/231
f 236/432/236 246/445/246 237/446/237
f 232/447/232 241/434/241 242/448/242
f 295/449/295 230/412/230 279/450/279
f 245/443/245 251/451/251 252/452/252
f 245/443/245 252/452/252 246/445/246
f 255/444/255 256/453/256 241/434/241
f 242/448/242 249/454/249 243/455/243
f 244/441/244 250/456/250 251/451/251
f 244/441/244 251/451/251 245/443/245
f 240/430/240 287/457/287 280/458/280
f 249/454/249 256/453/256 257/459/257
f 280/458/280 271/460/271 255/444/255
f 258/461/258 265/462/265 266/463/266
f 258/461/258 266/463/266 259/464/259
f 266/463/266 274/465/274 275/466/275
f 266/463/266 275/466/275 267/467/267
f 264/468/264 272/469/272 273/470/273
f 264/468/264 273/470/273 265/462/265
f 210/420/210 203/399/203 202/471/202
f 295/472/295 279/450/279 305/473/305
f 280/458/280 288/474/288 271/460/271
f 282/475/282 291/476/291 283/477/283
f 280/458/280 287/478/287 306/479/306
f 281/480/281 288/474/288 296/481/296
f 281/480/281 296/481/296 289/482/289
f 282/475/282 290/483/290 291/476/291
f 293/484/293 301/485/301 294/486/294
f 289/482/289 296/481/296 297/487/297
f 294/486/294 301/485/301 302/488/302
f 291/476/291 299/489/299 292/490/292
f 292/490/292 299/489/299 300/491/300
f 306/479/306 314/492/314 288/474/288
f 298/493/298 310/494/310 299/489/299
f 295/495/295 305/473/305 339/496/339
f 314/492/314 307/497/307 296/481/296
f 298/493/298 309/498/309 310/494/310
f 313/499/313 319/500/319 320/501/320
f 310/494/310 317/502/317 311/503/311
f 306/479/306 287/504/287 330/505/330
f 311/503/311 317/502/317 318/506/318
f 307/497/307 314/492/314 323/507/323
f 330/505/330 331/508/331 314/492/314
f 318/506/318 327/509/327 328/510/328
f 318/506/318 328/510/328 319/500/319
f 315/511/315 323/507/323 324/512/324
f 316/513/316 325/514/325 326/515/326
f 316/513/316 326/515/326 317/502/317
f 338/516/338 347/517/347 322/518/322
f 326/519/326 334/520/334 327/521/327
f 327/521/327 334/520/334 335/522/335
f 323/523/323 331/524/331 340/525/340
f 330/526/330 287/527/287 348/408/348
f 295/528/295 339/529/339 205/413/205
f 332/530/332 340/525/340 341/531/341
f 333/532/333 342/533/342 343/534/343
f 333/532/333 343/534/343 334/520/334
f 347/517/347 205/413/205 339/529/339
f 355/535/355 367/536/367 347/517/347
f 343/534/343 351/537/351 344/538/344
f 344/538/344 351/537/351 352/539/352
f 356/540/356 357/541/357 340/525/340
f 346/542/346 353/543/353 354/544/354
f 349/545/349 357/541/357 358/546/358
f 349/545/349 358/546/358 350/547/350
f 350/547/350 358/546/358 359/548/359
f 350/547/350 359/548/359 351/537/351
f 358/546/358 364/549/364 359/548/359
f 359/548/359 202/471/202 360/550/360
f 348/408/348 206/416/206 356/540/356
f 361/551/361 203/399/203 204/401/204
f 212/406/212 204/401/204 211/400/211
f 348/408/348 222/410/222 206/416/206
f 364/549/364 208/403/208 209/418/209
f 213/407/213 366/552/366 365/405/365
f 221/553/221 367/536/367 366/552/366
f 210/420/210 364/549/364 209/418/209
f 217/428/217 211/400/211 210/420/210
f 367/536/367 229/411/229 205/413/205
f 210/420/210 216/419/216 217/428/217
f 214/421/214 206/416/206 231/415/231
f 219/423/219 211/400/211 218/554/218
f 214/421/214 208/403/208 207/402/207
f 213/407/213 219/423/219 220/425/220
f 239/437/239 220/425/220 228/424/228
f 213/407/213 220/425/220 221/553/221
f 209/418/209 215/417/215 216/419/216
f 215/417/215 223/422/223 224/426/224
f 226/431/226 217/428/217 225/427/225
f 221/553/221 239/437/239 229/411/229
f 216/419/216 224/426/224 225/427/225
f 227/433/227 219/423/219 218/554/218
f 218/554/218 226/431/226 227/433/227
f 235/442/235 226/431/226 225/427/225
f 237/446/237 227/433/227 236/432/236
f 231/415/231 222/410/222 240/430/240
f 232/447/232 214/421/214 241/434/241
f 233/435/233 223/422/223 232/447/232
f 228/424/228 237/446/237 238/439/238
f 234/436/234 225/427/225 224/426/224
f 228/424/228 238/439/238 239/437/239
f 246/445/246 238/439/238 237/446/237
f 229/411/229 248/438/248 230/412/230
f 233/435/233 242/448/242 243/455/243
f 243/455/243 234/436/234 233/435/233
f 256/453/256 242/448/242 241/434/241
f 239/437/239 247/440/247 248/438/248
f 235/442/235 244/441/244 245/443/245
f 236/432/236 245/443/245 246/445/246
f 231/415/231 255/444/255 241/434/241
f 246/445/246 252/452/252 253/555/253
f 254/556/254 246/445/246 253/555/253
f 250/456/250 243/455/243 249/454/249
f 247/440/247 254/556/254 262/557/262
f 248/438/248 262/557/262 263/558/263
f 279/450/279 248/438/248 263/558/263
f 259/464/259 250/456/250 258/461/258
f 254/556/254 261/559/261 262/557/262
f 250/456/250 249/454/249 258/461/258
f 259/464/259 252/452/252 251/451/251
f 253/555/253 260/560/260 261/559/261
f 255/444/255 240/430/240 280/458/280
f 271/460/271 256/453/256 255/444/255
f 254/556/254 253/555/253 261/559/261
f 249/454/249 257/459/257 258/461/258
f 269/561/269 260/560/260 268/562/268
f 272/469/272 257/459/257 256/453/256
f 265/462/265 257/459/257 264/468/264
f 270/563/270 261/559/261 269/561/269
f 263/558/263 270/563/270 278/564/278
f 267/467/267 260/560/260 259/464/259
f 263/558/263 278/564/278 279/450/279
f 259/464/259 266/463/266 267/467/267
f 274/465/274 265/462/265 273/470/273
f 276/565/276 267/467/267 275/466/275
f 277/566/277 268/562/268 276/565/276
f 288/474/288 272/469/272 271/460/271
f 269/561/269 277/566/277 270/563/270
f 285/567/285 276/565/276 284/568/284
f 286/569/286 277/566/277 285/567/285
f 273/470/273 272/469/272 281/480/281
f 273/470/273 281/480/281 282/475/282
f 286/569/286 278/564/278 270/563/270
f 274/465/274 273/470/273 282/475/282
f 283/477/283 274/465/274 282/475/282
f 305/473/305 278/564/278 304/570/304
f 283/477/283 276/565/276 275/466/275
f 285/567/285 293/484/293 294/486/294
f 286/569/286 303/571/303 304/570/304
f 283/477/283 291/476/291 292/490/292
f 284/568/284 283/477/283 292/490/292
f 280/458/280 306/479/306 288/474/288
f 284/568/284 292/490/292 293/484/293
f 282/475/282 289/482/289 290/483/290
f 286/569/286 294/486/294 303/571/303
f 290/483/290 297/487/297 298/493/298
f 296/481/296 288/474/288 314/492/314
f 300/491/300 293/484/293 292/490/292
f 294/486/294 302/488/302 303/571/303
f 291/476/291 290/483/290 298/493/298
f 291/476/291 298/493/298 299/489/299
f 305/473/305 322/572/322 339/496/339
f 312/573/312 300/491/300 311/503/311
f 299/489/299 310/494/310 311/503/311
f 300/491/300 299/489/299 311/503/311
f 307/497/307 297/487/297 296/481/296
f 301/485/301 312/573/312 313/499/313
f 309/498/309 297/487/297 308/574/308
f 302/488/302 301/485/301 313/499/313
f 321/575/321 302/488/302 313/499/313
f 321/575/321 304/570/304 303/571/303
f 319/500/319 312/573/312 318/506/318
f 315/511/315 307/497/307 323/507/323
f 309/498/309 315/511/315 316/513/316
f 329/576/329 319/500/319 328/510/328
f 313/499/313 320/501/320 321/575/321
f 310/494/310 309/498/309 316/513/316
f 310/494/310 316/513/316 317/502/317
f 306/479/306 330/505/330 314/492/314
f 312/573/312 311/503/311 318/506/318
f 317/502/317 326/515/326 327/509/327
f 318/506/318 317/502/317 327/509/327
f 323/507/323 314/492/314 331/508/331
f 325/514/325 315/511/315 324/512/324
f 338/577/338 320/501/320 329/576/329
f 336/578/336 329/579/329 328/580/328
f 321/575/321 338/577/338 322/572/322
f 325/581/325 332/530/332 333/532/333
f 335/522/335 328/580/328 327/521/327
f 329/579/329 337/582/337 338/516/338
f 326/519/326 325/581/325 333/532/333
f 326/519/326 333/532/333 334/520/334
f 322/518/322 347/517/347 339/529/339
f 340/525/340 324/583/324 323/523/323
f 356/540/356 330/526/330 348/408/348
f 335/522/335 334/520/334 344/538/344
f 345/584/345 335/522/335 344/538/344
f 342/533/342 332/530/332 341/531/341
f 331/524/331 356/540/356 340/525/340
f 336/578/336 345/584/345 346/542/346
f 337/582/337 336/578/336 346/542/346
f 355/535/355 337/582/337 346/542/346
f 342/533/342 349/545/349 350/547/350
f 338/516/338 355/535/355 347/517/347
f 334/520/334 343/534/343 344/538/344
f 353/543/353 345/584/345 352/539/352
f 346/542/346 354/544/354 355/535/355
f 343/534/343 342/533/342 350/547/350
f 343/534/343 350/547/350 351/537/351
f 205/413/205 347/517/347 367/536/367
f 345/584/345 344/538/344 352/539/352
f 357/541/357 341/531/341 340/525/340
f 360/550/360 352/539/352 351/537/351
f 362/585/362 352/539/352 361/551/361
f 362/585/362 354/544/354 353/543/353
f 366/552/366 354/544/354 363/586/363
f 203/399/203 360/550/360 202/471/202
f 355/535/355 366/552/366 367/536/367
f 351/537/351 359/548/359 360/550/360
f 363/586/363 365/405/365 366/552/366
f 359/548/359 364/549/364 202/471/202
f 206/416/206 357/541/357 356/540/356
f 204/401/204 362/585/362 361/551/361
f 201/404/201 357/541/357 207/402/207
f 363/586/363 362/585/362 365/405/365
f 358/546/358 201/404/201 364/549/364
f 210/420/210 211/400/211 203/399/203
f 212/406/212 365/405/365 204/401/204
f 364/549/364 201/404/201 208/403/208
f 213/407/213 221/553/221 366/552/366
f 221/553/221 229/411/229 367/536/367
f 210/420/210 202/471/202 364/549/364
f 217/428/217 218/554/218 211/400/211
f 214/421/214 207/402/207 206/416/206
f 219/423/219 212/406/212 211/400/211
f 214/421/214 215/417/215 208/403/208
f 213/407/213 212/406/212 219/423/219
f 239/437/239 221/553/221 220/425/220
f 226/431/226 218/554/218 217/428/217
f 227/433/227 228/424/228 219/423/219
f 235/442/235 236/432/236 226/431/226
f 237/446/237 228/424/228 227/433/227
f 232/447/232 223/422/223 214/421/214
f 233/435/233 224/426/224 223/422/223
f 234/436/234 235/442/235 225/427/225
f 246/445/246 247/440/247 238/439/238
f 233/435/233 232/447/232 242/448/242
f 243/455/243 244/441/244 234/436/234
f 256/453/256 249/454/249 242/448/242
f 254/556/254 247/440/247 246/445/246
f 250/456/250 244/441/244 243/455/243
f 248/438/248 247/440/247 262/557/262
f 279/450/279 230/412/230 248/438/248
f 259/464/259 251/451/251 250/456/250
f 259/464/259 260/560/260 252/452/252
f 253/555/253 252/452/252 260/560/260
f 271/460/271 272/469/272 256/453/256
f 269/561/269 261/559/261 260/560/260
f 272/469/272 264/468/264 257/459/257
f 265/462/265 258/461/258 257/459/257
f 270/563/270 262/557/262 261/559/261
f 263/558/263 262/557/262 270/563/270
f 267/467/267 268/562/268 260/560/260
f 274/465/274 266/463/266 265/462/265
f 276/565/276 268/562/268 267/467/267
f 277/566/277 269/561/269 268/562/268
f 288/474/288 281/480/281 272/469/272
f 285/567/285 277/566/277 276/565/276
f 286/569/286 270/563/270 277/566/277
f 286/569/286 304/570/304 278/564/278
f 283/477/283 275/466/275 274/465/274
f 305/473/305 279/450/279 278/564/278
f 283/477/283 284/568/284 276/565/276
f 285/567/285 284/568/284 293/484/293
f 282/475/282 281/480/281 289/482/289
f 286/569/286 285/567/285 294/486/294
f 290/483/290 289/482/289 297/487/297
f 300/491/300 301/485/301 293/484/293
f 305/473/305 304/570/304 322/572/322
f 312/573/312 301/485/301 300/491/300
f 307/497/307 308/574/308 297/487/297
f 309/498/309 298/493/298 297/487/297
f 321/575/321 303/571/303 302/488/302
f 321/575/321 322/572/322 304/570/304
f 319/500/319 313/499/313 312/573/312
f 315/511/315 308/574/308 307/497/307
f 309/498/309 308/574/308 315/511/315
f 329/576/329 320/501/320 319/500/319
f 325/514/325 316/513/316 315/511/315
f 338/577/338 321/575/321 320/501/320
f 336/578/336 337/582/337 329/579/329
f 325/581/325 324/583/324 332/530/332
f 335/522/335 336/578/336 328/580/328
f 340/525/340 332/530/332 324/583/324
f 356/540/356 331/524/331 330/526/330
f 345/584/345 336/578/336 335/522/335
f 342/533/342 333/532/333 332/530/332
f 355/535/355 338/516/338 337/582/337
f 342/533/342 341/531/341 349/545/349
f 353/543/353 346/542/346 345/584/345
f 357/541/357 349/545/349 341/531/341
f 360/550/360 361/551/361 352/539/352
f 362/585/362 353/543/353 352/539/352
f 362/585/362 363/586/363 354/544/354
f 366/552/366 355/535/355 354/544/354
f 203/399/203 361/551/361 360/550/360
f 206/416/206 207/402/207 357/541/357
f 204/401/204 365/405/365 362/585/362
f 201/404/201 358/546/358 357/541/357
o Icosphere
v 0.487264 0.060568 0.891919
v 0.379970 -0.003047 0.891919
v 0.286314 0.079337 0.891919
v 0.399706 0.208244 1.008081
v 0.493362 0.125860 1.008081
v 0.381029 0.089033 1.069876
v 0.432314 0.168006 0.857097
v 0.398647 0.116164 0.830124
v 0.359494 0.140069 0.838696
v 0.367017 0.203645 0.886896
v 0.434115 0.199024 0.891919
v 0.291238 0.129018 0.886912
v 0.311814 0.174506 0.891919
v 0.344824 0.085320 0.838696
v 0.304749 0.087546 0.864818
v 0.436411 0.090119 0.838696
v 0.491431 0.122851 0.886896
v 0.392361 0.054449 0.838696
v 0.440493 0.012237 0.886896
v 0.319551 0.026500 0.886896
v 0.284162 0.160255 0.964887
v 0.291887 0.166697 0.918066
v 0.269491 0.105505 0.964887
v 0.412017 0.220919 0.964887
v 0.338233 0.211358 0.935113
v 0.348270 0.212029 0.981934
v 0.510184 0.099692 0.935113
v 0.453538 0.200689 0.917730
v 0.488908 0.170985 0.964887
v 0.463443 0.011705 0.982270
v 0.424263 -0.012756 0.935113
v 0.495514 0.044942 0.935113
v 0.316726 0.006876 0.964648
v 0.290767 0.034212 0.935113
v 0.349885 -0.010960 0.964887
v 0.311982 0.170934 1.013104
v 0.460124 0.178697 1.013104
v 0.467862 0.030691 1.008081
v 0.412658 0.001552 1.013104
v 0.345561 0.006173 1.008081
v 0.300788 0.049670 1.013104
v 0.284449 0.114912 1.008081
v 0.387315 0.150748 1.061304
v 0.370949 0.199736 1.020202
v 0.314506 0.122784 1.042903
v 0.357146 0.128378 1.063971
v 0.434851 0.119877 1.061304
v 0.420181 0.065128 1.061304
v 0.456001 0.047018 1.035182
v 0.347362 0.037191 1.042903
v 0.329024 0.068778 1.049488
v 0.307700 0.091951 1.036833
v 0.392647 0.049007 1.057332
v 0.394148 0.020355 1.039204
v 0.441674 0.088709 1.057331
v 0.474927 0.117651 1.035182
v 0.419066 0.147606 1.057332
v 0.434693 0.171668 1.039204
v 0.338009 0.166602 1.039204
v 0.280966 0.060807 0.983770
v 0.277808 0.059595 0.950000
v 0.395941 -0.013859 0.983770
v 0.396118 -0.017237 0.950000
v 0.493761 0.063931 0.999543
v 0.505749 0.071540 0.950000
v 0.506715 0.109134 0.981934
v 0.453352 0.200402 0.983770
v 0.455195 0.203239 0.950000
v 0.314319 0.195856 0.950000
v 0.303155 0.178664 0.983167
v 0.311581 0.017889 0.916832
v 0.359936 -0.010578 0.918065
v 0.465356 0.009341 0.950000
v 0.463228 0.011970 0.916230
v 0.501868 0.145602 0.950000
v 0.498709 0.144390 0.916230
v 0.383557 0.222434 0.950000
v 0.383734 0.219056 0.916230
v 0.273927 0.133657 0.950000
v 0.272961 0.096063 0.918066
v 0.344112 0.050145 0.850512
v 0.377860 0.017022 0.864818
v 0.425594 0.042902 0.850512
v 0.467525 0.064763 0.864818
v 0.457662 0.118158 0.850513
v 0.464919 0.160748 0.874473
v 0.323675 0.158179 0.864818
v 0.338001 0.116488 0.842669
v 0.395999 0.171911 0.850512
v 0.366156 0.181966 0.863167
vn 0.8153 -0.3393 -0.4691
vn -0.0612 -0.8776 -0.4755
vn -0.8512 -0.2309 -0.4712
vn 0.1073 0.8681 0.4847
vn 0.8521 0.2184 0.4756
vn -0.0810 -0.1040 0.9913
vn 0.3371 0.5225 -0.7831
vn 0.0765 0.1096 -0.9910
vn -0.2382 0.3064 -0.9216
vn -0.1938 0.8270 -0.5277
vn 0.3262 0.8119 -0.4842
vn -0.8217 0.2202 -0.5257
vn -0.6217 0.6256 -0.4712
vn -0.3425 -0.1307 -0.9304
vn -0.6952 -0.1171 -0.7093
vn 0.3629 -0.1039 -0.9260
vn 0.8389 0.1264 -0.5295
vn 0.0088 -0.3657 -0.9307
vn 0.3999 -0.7439 -0.5353
vn -0.5788 -0.6206 -0.5290
vn -0.8728 0.4664 0.1439
vn -0.8157 0.5184 -0.2568
vn -0.9905 0.0229 0.1354
vn 0.1858 0.9765 0.1091
vn -0.4311 0.8900 -0.1486
vn -0.3431 0.8984 0.2741
vn 0.9886 -0.0278 -0.1481
vn 0.5380 0.8035 -0.2546
vn 0.8178 0.5626 0.1211
vn 0.5981 -0.7600 0.2543
vn 0.2823 -0.9516 -0.1211
vn 0.8706 -0.4805 -0.1051
vn -0.6202 -0.7740 0.1280
vn -0.8248 -0.5500 -0.1315
vn -0.3214 -0.9401 0.1134
vn -0.6512 0.5617 0.5103
vn 0.5930 0.6083 0.5276
vn 0.6370 -0.6067 0.4756
vn 0.2091 -0.8301 0.5170
vn -0.3676 -0.7925 0.4866
vn -0.7287 -0.4517 0.5147
vn -0.8741 0.1110 0.4729
vn -0.0120 0.4149 0.9098
vn -0.1605 0.7807 0.6040
vn -0.6167 0.1721 0.7681
vn -0.2763 0.1849 0.9431
vn 0.3564 0.1463 0.9228
vn 0.2529 -0.3119 0.9158
vn 0.5395 -0.4457 0.7144
vn -0.3435 -0.5427 0.7665
vn -0.4800 -0.2597 0.8379
vn -0.7068 -0.1049 0.6996
vn -0.0117 -0.4373 0.8992
vn 0.0429 -0.6846 0.7276
vn 0.4661 -0.1249 0.8759
vn 0.6978 0.1116 0.7075
vn 0.2416 0.3720 0.8963
vn 0.3562 0.5798 0.7328
vn -0.4074 0.5406 0.7361
vn -0.8914 -0.3497 0.2881
vn -0.9400 -0.3401 -0.0275
vn 0.0650 -0.9559 0.2863
vn 0.0329 -0.9991 -0.0275
vn 0.8559 -0.3155 0.4098
vn 0.9618 -0.2725 0.0280
vn 0.9641 0.0577 0.2592
vn 0.5076 0.8112 0.2903
vn 0.5446 0.8386 -0.0158
vn -0.6429 0.7660 -0.0028
vn -0.7032 0.6550 0.2766
vn -0.6248 -0.7334 -0.2679
vn -0.2619 -0.9289 -0.2618
vn 0.6292 -0.7770 0.0158
vn 0.6147 -0.7335 -0.2903
vn 0.9400 0.3401 0.0275
vn 0.8819 0.3835 -0.2740
vn -0.0717 0.9970 0.0275
vn -0.0100 0.9591 -0.2828
vn -0.9652 0.2586 -0.0399
vn -0.9656 -0.0411 -0.2568
vn -0.3898 -0.4467 -0.8053
vn -0.0979 -0.7108 -0.6965
vn 0.3044 -0.5088 -0.8053
vn 0.6458 -0.3128 -0.6965
vn 0.5542 0.1376 -0.8209
vn 0.6362 0.4905 -0.5956
vn -0.5452 0.4459 -0.7099
vn -0.4661 0.1249 -0.8759
vn 0.0604 0.5732 -0.8172
vn -0.2299 0.6535 -0.7211
vt 0.727273 0.000000
vt 0.761754 0.059724
vt 0.692792 0.059724
vt 0.545455 0.000000
vt 0.579936 0.059724
vt 0.510974 0.059724
vt 0.794154 0.157461
vt 0.887144 0.157461
vt 0.852663 0.217185
vt 0.612337 0.157461
vt 0.705326 0.157461
vt 0.670845 0.217185
vt 0.430519 0.157461
vt 0.523508 0.157461
vt 0.489027 0.217185
vt 0.296755 0.157461
vt 0.318946 0.196826
vt 0.238247 0.217185
vt 0.783701 0.217185
vt 0.590146 0.196826
vt 0.408328 0.196826
vt 0.000000 0.314921
vt 0.068963 0.314921
vt 0.022727 0.354286
vt 0.398118 0.374645
vt 0.465910 0.373969
vt 0.431819 0.433017
vt 0.466560 0.451573
vt 0.510974 0.374645
vt 0.431819 0.354286
vt 0.387665 0.314921
vt 0.476493 0.314921
vt 0.569482 0.314921
vt 0.579936 0.374645
vt 0.636364 0.393651
vt 0.624350 0.451573
vt 0.670845 0.412658
vt 0.636364 0.354286
vt 0.704546 0.354286
vt 0.658311 0.314921
vt 0.751300 0.314921
vt 0.783701 0.412658
vt 0.852663 0.412658
vt 0.818182 0.472382
vt 0.818182 0.393651
vt 0.773491 0.354286
vt 0.862873 0.354286
vt 0.806809 0.295223
vt 0.885064 0.314921
vt 0.056428 0.412658
vt 0.125391 0.412658
vt 0.090910 0.472382
vt 0.090910 0.354286
vt 0.090910 0.393651
vt 0.159092 0.354286
vt 0.157791 0.314921
vt 0.238247 0.412658
vt 0.283710 0.412673
vt 0.272728 0.472382
vt 0.215910 0.334603
vt 0.272728 0.354286
vt 0.329156 0.374645
vt 0.294674 0.314921
vt 0.454546 0.236191
vt 0.398118 0.255197
vt 0.454546 0.275556
vt 0.534473 0.255212
vt 0.636364 0.236191
vt 0.579936 0.255197
vt 0.636364 0.275556
vt 0.727273 0.275556
vt 0.818182 0.236191
vt 0.862873 0.275556
vt 0.034482 0.255197
vt 0.090910 0.196826
vt 0.090910 0.236191
vt 0.090910 0.275556
vt 0.147338 0.255197
vt 0.228037 0.275556
vt 0.272728 0.236191
vt 0.295455 0.275556
vt 0.329156 0.255197
vt 0.522728 0.196826
vt 0.727273 0.236191
vt 0.727273 0.196826
vt 0.943572 0.255197
vt 0.909091 0.236191
vt 0.909091 0.196826
vt 0.977273 0.196826
vt 0.942800 0.137117
vt 1.000000 0.157461
vt 0.181819 0.196826
vt 0.181819 0.236191
vt 0.114937 0.157461
vt 0.203766 0.157461
vt 0.363637 0.236191
vt 0.363637 0.157461
vt 0.477273 0.118096
vt 0.534091 0.098413
vt 0.590146 0.118096
vt 0.659091 0.118096
vt 0.715909 0.098413
vt 0.771964 0.118096
vt 0.840909 0.118096
vt 0.874610 0.059724
vt 0.897727 0.098413
vt 0.921105 0.020809
vt 0.965519 0.097737
vt 0.408328 0.118096
vt 0.318946 0.118096
vt 0.363637 0.078730
vt 0.398118 0.059724
vt 0.329156 0.059724
vt 0.363637 0.000000
vt 0.169805 0.020809
vt 0.170455 0.098413
vt 0.125391 0.097737
vt 0.204546 0.118096
vt 0.216300 0.059724
vt 0.250001 0.118096
s 1
g Icosphere_Mat_Bau_Ouro_10.002
usemtl Mat_Bau_Ouro_10.002
f 375/587/375 383/588/383 385/589/385
f 375/590/375 385/591/385 381/592/381
f 368/593/368 384/594/384 394/595/394
f 369/596/369 386/597/386 398/598/398
f 370/599/370 387/600/387 401/601/401
f 380/602/380 389/603/389 392/604/392
f 368/593/368 394/595/394 399/605/399
f 369/596/369 398/598/398 439/606/439
f 370/599/370 401/601/401 447/607/447
f 372/608/372 404/609/404 423/610/423
f 412/611/412 418/612/418 413/613/413
f 413/613/413 418/612/418 373/614/373
f 418/612/418 417/615/417 373/614/373
f 412/611/412 419/616/419 418/612/418
f 412/611/412 409/617/409 419/616/419
f 409/617/409 408/618/408 419/616/419
f 419/616/419 408/618/408 418/612/418
f 418/612/418 408/618/408 417/615/417
f 408/618/408 407/619/407 417/615/417
f 417/620/417 420/621/420 373/622/373
f 373/622/373 420/621/420 415/623/415
f 417/620/417 421/624/421 420/621/420
f 420/621/420 421/624/421 415/623/415
f 421/624/421 416/625/416 415/623/415
f 417/620/417 407/619/407 421/624/421
f 407/619/407 406/626/406 421/624/421
f 421/624/421 406/626/406 416/625/416
f 406/626/406 405/627/405 416/625/416
f 415/628/415 414/629/414 373/630/373
f 415/628/415 422/631/422 414/629/414
f 415/628/415 416/632/416 422/631/422
f 416/632/416 423/633/423 422/631/422
f 422/631/422 423/633/423 414/629/414
f 405/627/405 431/634/431 416/632/416
f 416/632/416 431/634/431 423/633/423
f 431/634/431 372/635/372 423/633/423
f 414/636/414 410/637/410 373/638/373
f 423/610/423 425/639/425 414/636/414
f 414/636/414 424/640/424 410/637/410
f 414/636/414 425/639/425 424/640/424
f 424/640/424 425/639/425 410/637/410
f 425/639/425 411/641/411 410/637/410
f 423/610/423 404/609/404 425/639/425
f 404/609/404 371/642/371 425/639/425
f 425/639/425 371/642/371 411/641/411
f 410/643/410 413/644/413 373/645/373
f 411/646/411 426/647/426 410/643/410
f 410/643/410 426/647/426 413/644/413
f 413/644/413 426/647/426 412/648/412
f 411/646/411 403/649/403 426/647/426
f 426/647/426 403/649/403 412/648/412
f 403/649/403 409/617/409 412/648/412
f 447/607/447 428/650/428 390/651/390
f 390/651/390 427/652/427 409/617/409
f 427/652/427 408/618/408 409/617/409
f 390/651/390 428/650/428 427/652/427
f 447/607/447 401/601/401 428/650/428
f 428/650/428 401/601/401 427/652/427
f 401/601/401 400/653/400 427/652/427
f 427/652/427 400/653/400 408/618/408
f 400/653/400 407/619/407 408/618/408
f 439/606/439 430/654/430 402/655/402
f 402/655/402 429/656/429 407/619/407
f 429/656/429 406/626/406 407/619/407
f 402/655/402 430/654/430 429/656/429
f 439/606/439 398/598/398 430/654/430
f 430/654/430 398/598/398 429/656/429
f 398/598/398 397/657/397 429/656/429
f 429/656/429 397/657/397 406/626/406
f 397/657/397 405/627/405 406/626/406
f 399/605/399 431/634/431 397/657/397
f 397/657/397 431/634/431 405/627/405
f 399/605/399 432/658/432 431/634/431
f 432/658/432 433/659/433 431/634/431
f 433/659/433 372/635/372 431/634/431
f 399/605/399 394/595/394 432/658/432
f 432/658/432 394/595/394 433/659/433
f 396/660/396 404/609/404 372/608/372
f 395/661/395 435/662/435 396/660/396
f 396/660/396 434/663/434 404/609/404
f 396/660/396 435/662/435 434/663/434
f 434/663/434 371/642/371 404/609/404
f 395/661/395 391/664/391 435/662/435
f 435/662/435 391/664/391 434/663/434
f 434/663/434 391/664/391 371/642/371
f 393/665/393 411/646/411 371/642/371
f 393/665/393 403/649/403 411/646/411
f 392/604/392 436/666/436 393/665/393
f 436/666/436 437/667/437 393/665/393
f 393/665/393 437/667/437 403/649/403
f 392/604/392 389/603/389 436/666/436
f 389/603/389 388/668/388 436/666/436
f 436/666/436 388/668/388 437/667/437
f 437/667/437 388/668/388 403/649/403
f 388/668/388 409/617/409 403/649/403
f 400/653/400 402/655/402 407/619/407
f 401/601/401 438/669/438 400/653/400
f 438/669/438 439/606/439 400/653/400
f 400/653/400 439/606/439 402/655/402
f 401/601/401 387/600/387 438/669/438
f 438/669/438 387/600/387 439/606/439
f 387/600/387 369/596/369 439/606/439
f 398/598/398 440/670/440 397/657/397
f 440/670/440 399/605/399 397/657/397
f 398/598/398 441/671/441 440/670/440
f 440/670/440 441/671/441 399/605/399
f 398/598/398 386/597/386 441/671/441
f 386/597/386 368/593/368 441/671/441
f 441/671/441 368/593/368 399/605/399
f 433/659/433 396/672/396 372/635/372
f 394/595/394 442/673/442 433/659/433
f 433/659/433 442/673/442 396/672/396
f 394/595/394 443/674/443 442/673/442
f 442/673/442 443/674/443 396/672/396
f 443/674/443 395/675/395 396/672/396
f 394/595/394 384/594/384 443/674/443
f 384/594/384 453/676/453 443/674/443
f 443/674/443 453/676/453 395/675/395
f 453/676/453 378/677/378 395/675/395
f 391/664/391 393/665/393 371/642/371
f 395/661/395 445/678/445 391/664/391
f 391/664/391 444/679/444 393/665/393
f 444/679/444 392/604/392 393/665/393
f 391/664/391 445/678/445 444/679/444
f 444/679/444 445/678/445 392/604/392
f 395/661/395 378/680/378 445/678/445
f 378/680/378 377/681/377 445/678/445
f 445/678/445 377/681/377 392/604/392
f 377/681/377 380/602/380 392/604/392
f 388/668/388 390/651/390 409/617/409
f 388/668/388 446/682/446 390/651/390
f 388/668/388 389/603/389 446/682/446
f 389/603/389 447/607/447 446/682/446
f 446/682/446 447/607/447 390/651/390
f 380/602/380 379/683/379 389/603/389
f 389/603/389 379/683/379 447/607/447
f 379/683/379 370/599/370 447/607/447
f 382/684/382 387/600/387 370/599/370
f 381/592/381 448/685/448 382/684/382
f 382/684/382 448/685/448 387/600/387
f 448/685/448 449/686/449 387/600/387
f 449/686/449 369/596/369 387/600/387
f 381/592/381 385/591/385 448/685/448
f 448/685/448 385/591/385 449/686/449
f 449/687/449 386/597/386 369/596/369
f 385/589/385 450/688/450 449/687/449
f 449/687/449 450/688/450 386/597/386
f 450/688/450 451/689/451 386/597/386
f 451/689/451 368/593/368 386/597/386
f 385/589/385 383/588/383 450/688/450
f 450/688/450 383/588/383 451/689/451
f 451/690/451 384/594/384 368/593/368
f 383/691/383 452/692/452 451/690/451
f 451/690/451 452/692/452 384/594/384
f 452/692/452 453/676/453 384/594/384
f 383/691/383 375/693/375 452/692/452
f 375/693/375 374/694/374 452/692/452
f 452/692/452 374/694/374 453/676/453
f 374/694/374 378/677/378 453/676/453
f 379/683/379 382/695/382 370/599/370
f 380/602/380 454/696/454 379/683/379
f 379/683/379 454/696/454 382/695/382
f 454/696/454 455/697/455 382/695/382
f 382/695/382 455/697/455 381/698/381
f 454/696/454 376/699/376 455/697/455
f 455/697/455 376/699/376 381/698/381
f 376/699/376 375/700/375 381/698/381
f 375/701/375 456/702/456 374/703/374
f 374/703/374 456/702/456 378/680/378
f 456/702/456 377/681/377 378/680/378
f 456/702/456 457/704/457 377/681/377
f 375/701/375 376/705/376 456/702/456
f 456/702/456 376/705/376 457/704/457
f 376/705/376 454/706/454 457/704/457
f 457/704/457 454/706/454 377/681/377
f 454/706/454 380/602/380 377/681/377
o Icosphere.001
v -0.218063 0.200450 0.871599
v -0.307474 0.147438 0.871599
v -0.385521 0.216091 0.871599
v -0.291028 0.323513 0.968401
v -0.212981 0.254860 0.968401
v -0.380439 0.270501 0.968401
v -0.286668 0.240306 1.019896
v -0.277368 0.269173 0.827247
v -0.324537 0.266701 0.827247
v -0.318268 0.319681 0.867413
v -0.262354 0.315830 0.871599
v -0.364271 0.295398 0.871599
v -0.336762 0.221077 0.827247
v -0.370159 0.222932 0.849015
v -0.236474 0.218655 0.842581
v -0.245145 0.297708 0.861498
v -0.214591 0.252352 0.867414
v -0.295850 0.170573 0.842581
v -0.298546 0.222015 0.820104
v -0.257039 0.160174 0.867413
v -0.357823 0.172060 0.867413
v -0.387315 0.283522 0.932406
v -0.390244 0.200547 0.893109
v -0.399540 0.237898 0.932406
v -0.265957 0.330107 0.907594
v -0.360589 0.311221 0.893109
v -0.327939 0.331604 0.932406
v -0.208259 0.270404 0.946891
v -0.198963 0.233053 0.907594
v -0.226343 0.304381 0.907594
v -0.256248 0.144842 0.932406
v -0.211188 0.187429 0.907594
v -0.217625 0.182060 0.946612
v -0.372160 0.166570 0.932406
v -0.294150 0.138143 0.893108
v -0.332545 0.140844 0.932406
v -0.341464 0.310777 0.972587
v -0.240679 0.298891 0.972587
v -0.234231 0.175553 0.968401
v -0.280234 0.151270 0.972587
v -0.336149 0.155121 0.968401
v -0.383912 0.218599 0.972586
v -0.301354 0.275600 1.012753
v -0.338062 0.245875 1.012753
v -0.238577 0.258766 0.997419
v -0.273965 0.204250 1.012753
v -0.244115 0.189158 0.990985
v -0.321135 0.201778 1.012753
v -0.353357 0.173243 0.978502
v -0.349930 0.207292 1.002906
v -0.367699 0.226602 0.992361
v -0.296910 0.190816 1.009443
v -0.295659 0.166939 0.994337
v -0.256054 0.223901 1.009443
v -0.221590 0.223684 0.983817
v -0.261146 0.279187 1.002906
v -0.289269 0.306789 0.990985
v -0.329048 0.285223 1.002906
v -0.363990 0.267006 0.990985
v -0.393503 0.216698 0.947640
v -0.392609 0.199639 0.920000
v -0.381859 0.186364 0.947640
v -0.294165 0.138428 0.948142
v -0.294018 0.135613 0.920000
v -0.200714 0.217510 0.934275
v -0.234037 0.306067 0.947640
v -0.244787 0.319343 0.920000
v -0.274333 0.329789 0.946612
v -0.360409 0.310999 0.948141
v -0.362183 0.313190 0.920000
v -0.353715 0.151608 0.920000
v -0.352180 0.153973 0.891858
v -0.236319 0.157761 0.920000
v -0.238093 0.159952 0.891859
v -0.205893 0.271312 0.920000
v -0.208525 0.270302 0.891859
v -0.304485 0.335339 0.920000
v -0.304338 0.332523 0.891858
v -0.393569 0.269186 0.905725
v -0.390363 0.250871 0.878714
v -0.337356 0.191764 0.837094
v -0.322162 0.170368 0.847639
v -0.256060 0.182140 0.845663
v -0.272008 0.213993 0.825024
v -0.230803 0.244349 0.847639
v -0.248573 0.263659 0.837094
v -0.354387 0.281793 0.849015
v -0.342448 0.247050 0.830557
v -0.294117 0.293236 0.837094
v -0.318986 0.301615 0.847639
vn 0.8088 -0.3416 -0.4787
vn -0.1030 -0.8720 -0.4786
vn -0.8550 -0.2070 -0.4756
vn 0.0612 0.8776 0.4755
vn 0.8588 0.1870 0.4770
vn -0.8153 0.3393 0.4691
vn 0.1130 0.0497 0.9924
vn 0.2131 0.3094 -0.9268
vn -0.2284 0.2983 -0.9268
vn -0.1935 0.8338 -0.5171
vn 0.3394 0.8073 -0.4828
vn -0.6548 0.5839 -0.4799
vn -0.3533 -0.1355 -0.9257
vn -0.6959 -0.1096 -0.7097
vn 0.6222 -0.1648 -0.7653
vn 0.5510 0.5977 -0.5824
vn 0.8374 0.1583 -0.5232
vn 0.0453 -0.6238 -0.7803
vn -0.0072 -0.1270 -0.9919
vn 0.4083 -0.7593 -0.5068
vn -0.5913 -0.6159 -0.5206
vn -0.8679 0.4803 0.1269
vn -0.8980 -0.3591 -0.2543
vn -0.9931 0.0335 0.1126
vn 0.3278 0.9350 -0.1354
vn -0.5927 0.7637 -0.2559
vn -0.2823 0.9516 0.1211
vn 0.8999 0.3530 0.2561
vn 0.9899 -0.0229 -0.1396
vn 0.7257 0.6747 -0.1347
vn 0.4270 -0.8961 0.1211
vn 0.8724 -0.4705 -0.1329
vn 0.8077 -0.5237 0.2708
vn -0.7220 -0.6831 0.1096
vn 0.0605 -0.9648 -0.2559
vn -0.3229 -0.9403 0.1079
vn -0.3999 0.7439 0.5353
vn 0.5718 0.6304 0.5251
vn 0.6304 -0.6156 0.4730
vn 0.2094 -0.8233 0.5276
vn -0.3436 -0.8036 0.4860
vn -0.8362 -0.1612 0.5242
vn -0.0120 0.3781 0.9257
vn -0.3629 0.0932 0.9272
vn 0.5969 0.2230 0.7707
vn 0.2413 -0.3213 0.9157
vn 0.5305 -0.4668 0.7076
vn -0.2089 -0.3362 0.9183
vn -0.5386 -0.6002 0.5913
vn -0.5094 -0.2964 0.8079
vn -0.6906 -0.0558 0.7211
vn 0.0232 -0.4429 0.8963
vn 0.0185 -0.6802 0.7328
vn 0.4546 -0.0828 0.8868
vn 0.7755 -0.1371 0.6163
vn 0.3680 0.4276 0.8257
vn 0.0979 0.7108 0.6965
vn -0.3044 0.5088 0.8053
vn -0.6437 0.3156 0.6972
vn -0.9420 -0.1968 0.2719
vn -0.9336 -0.3584 -0.0011
vn -0.8207 -0.4809 0.3085
vn 0.0340 -0.9563 0.2903
vn 0.0523 -0.9985 -0.0158
vn 0.9706 -0.1637 0.1764
vn 0.6590 0.7065 0.2581
vn 0.5426 0.8398 0.0203
vn 0.2528 0.9296 0.2682
vn -0.6147 0.7335 0.2902
vn -0.6292 0.7770 -0.0158
vn -0.5446 -0.8387 0.0041
vn -0.5153 -0.8103 -0.2790
vn 0.6440 -0.7645 0.0275
vn 0.5913 -0.7539 -0.2863
vn 0.9335 0.3583 0.0158
vn 0.8851 0.3628 -0.2915
vn -0.0329 0.9991 0.0275
vn -0.0650 0.9559 -0.2863
vn -0.9270 0.3412 -0.1559
vn -0.8948 0.1552 -0.4186
vn -0.3705 -0.4331 -0.8217
vn -0.2496 -0.6696 -0.6996
vn 0.4363 -0.5205 -0.7340
vn 0.2699 -0.2035 -0.9411
vn 0.6868 0.0859 -0.7218
vn 0.5005 0.2785 -0.8197
vn -0.5586 0.4396 -0.7034
vn -0.4661 0.1249 -0.8759
vn 0.0732 0.5944 -0.8008
vn -0.2299 0.6535 -0.7211
vt 0.181819 0.000000
vt 0.216300 0.059724
vt 0.147338 0.059724
vt 0.909091 0.000000
vt 0.943572 0.059724
vt 0.886364 0.039365
vt 0.794155 0.157461
vt 0.887145 0.157461
vt 0.852663 0.217185
vt 0.612337 0.157461
vt 0.705326 0.157461
vt 0.636364 0.196826
vt 0.430519 0.157461
vt 0.523508 0.157461
vt 0.454546 0.196826
vt 0.114937 0.157461
vt 0.125391 0.217185
vt 0.056428 0.217185
vt 0.783701 0.217185
vt 0.157791 0.314921
vt 0.250781 0.314921
vt 0.204546 0.354286
vt 0.000000 0.314921
vt 0.068963 0.314921
vt 0.034482 0.374645
vt 0.339610 0.314921
vt 0.432600 0.314921
vt 0.386364 0.354286
vt 0.420065 0.412658
vt 0.489027 0.412658
vt 0.454546 0.472382
vt 0.431819 0.354286
vt 0.465910 0.373969
vt 0.511364 0.334603
vt 0.601883 0.412658
vt 0.670845 0.412658
vt 0.636364 0.472382
vt 0.568182 0.354286
vt 0.636364 0.354286
vt 0.636364 0.393651
vt 0.704546 0.354286
vt 0.569482 0.314921
vt 0.658311 0.314921
vt 0.751300 0.314921
vt 0.783701 0.412658
vt 0.818182 0.393651
vt 0.830196 0.451573
vt 0.874610 0.374645
vt 0.773491 0.354286
vt 0.829555 0.334619
vt 0.885064 0.314921
vt 0.079546 0.373969
vt 0.078896 0.451573
vt 0.125391 0.412658
vt 0.135601 0.354286
vt 0.238247 0.412658
vt 0.307209 0.412658
vt 0.272728 0.472382
vt 0.261364 0.373969
vt 0.317419 0.354286
vt 0.398118 0.255197
vt 0.454546 0.236191
vt 0.431819 0.275556
vt 0.477273 0.275556
vt 0.510974 0.255197
vt 0.636364 0.236191
vt 0.579936 0.255197
vt 0.636364 0.275556
vt 0.692792 0.255197
vt 0.773491 0.275556
vt 0.829546 0.255873
vt 0.909091 0.275556
vt 0.022727 0.275556
vt 0.068182 0.275556
vt 0.090910 0.236191
vt 0.135601 0.275556
vt 0.216300 0.255197
vt 0.272728 0.196826
vt 0.272728 0.236191
vt 0.272728 0.275556
vt 0.329156 0.255197
vt 0.545455 0.196826
vt 0.545455 0.236191
vt 0.727273 0.196826
vt 0.727273 0.236191
vt 0.909091 0.236191
vt 0.965519 0.217185
vt 0.909091 0.196826
vt 0.965909 0.137778
vt 1.000000 0.157461
vt 0.181819 0.236191
vt 0.181819 0.196826
vt 0.203766 0.157461
vt 0.296755 0.157461
vt 0.352273 0.216508
vt 0.375010 0.177159
vt 0.477273 0.118096
vt 0.510974 0.059724
vt 0.534091 0.098413
vt 0.568182 0.118096
vt 0.557469 0.020809
vt 0.601883 0.097737
vt 0.670845 0.097737
vt 0.715259 0.020809
vt 0.738255 0.059709
vt 0.727273 0.118096
vt 0.783701 0.097737
vt 0.852663 0.097737
vt 0.920455 0.098413
vt 0.886364 0.118096
vt 0.408328 0.118096
vt 0.318946 0.118096
vt 0.363637 0.078730
vt 0.398118 0.059724
vt 0.329156 0.059724
vt 0.363637 0.000000
vt 0.170455 0.098413
vt 0.113637 0.118096
vt 0.204546 0.118096
vt 0.250001 0.118096
s 1
g Icosphere.001_Mat_Bau_Ouro_10.003
usemtl Mat_Bau_Ouro_10.003
f 476/707/476 466/708/466 465/709/465
f 476/710/476 465/711/465 541/712/541
f 458/713/458 474/714/474 486/715/486
f 459/716/459 477/717/477 492/718/492
f 460/719/460 478/720/478 480/721/480
f 468/722/468 482/723/482 487/724/487
f 458/713/458 486/715/486 489/725/489
f 461/726/461 494/727/494 514/728/514
f 462/729/462 495/730/495 502/731/502
f 463/732/463 499/733/499 516/734/516
f 501/735/501 505/736/505 464/737/464
f 516/734/516 508/738/508 501/735/501
f 501/735/501 507/739/507 505/736/505
f 501/735/501 508/738/508 507/739/507
f 507/739/507 506/740/506 505/736/505
f 516/734/516 499/733/499 508/738/508
f 508/738/508 499/733/499 507/739/507
f 499/733/499 506/740/506 507/739/507
f 505/741/505 503/742/503 464/743/464
f 506/744/506 510/745/510 505/741/505
f 505/741/505 509/746/509 503/742/503
f 505/741/505 510/745/510 509/746/509
f 509/746/509 510/745/510 503/742/503
f 510/745/510 504/747/504 503/742/503
f 506/744/506 498/748/498 510/745/510
f 498/748/498 497/749/497 510/745/510
f 510/745/510 497/749/497 504/747/504
f 497/749/497 496/750/496 504/747/504
f 503/751/503 511/752/511 464/753/464
f 511/752/511 502/754/502 464/753/464
f 503/751/503 504/755/504 511/752/511
f 504/755/504 512/756/512 511/752/511
f 511/752/511 512/756/512 502/754/502
f 496/750/496 512/756/512 504/755/504
f 512/756/512 462/757/462 502/754/502
f 502/731/502 513/758/513 464/759/464
f 464/759/464 513/758/513 500/760/500
f 513/758/513 514/761/514 500/760/500
f 502/731/502 495/730/495 513/758/513
f 513/758/513 495/730/495 514/761/514
f 495/730/495 461/726/461 514/761/514
f 500/762/500 501/763/501 464/764/464
f 514/728/514 515/765/515 500/762/500
f 500/762/500 515/765/515 501/763/501
f 515/765/515 516/766/516 501/763/501
f 514/728/514 494/727/494 515/765/515
f 515/765/515 494/727/494 516/766/516
f 494/727/494 463/732/463 516/766/516
f 481/767/481 499/733/499 463/732/463
f 480/721/480 518/768/518 481/767/481
f 481/767/481 517/769/517 499/733/499
f 481/767/481 518/768/518 517/769/517
f 518/768/518 519/770/519 517/769/517
f 517/769/517 519/770/519 499/733/499
f 519/770/519 506/740/506 499/733/499
f 480/721/480 491/771/491 518/768/518
f 518/768/518 491/771/491 519/770/519
f 519/770/519 491/771/491 506/740/506
f 491/771/491 498/748/498 506/740/506
f 492/718/492 521/772/521 493/773/493
f 493/773/493 520/774/520 498/748/498
f 520/774/520 497/749/497 498/748/498
f 493/773/493 521/772/521 520/774/520
f 492/718/492 488/775/488 521/772/521
f 521/772/521 488/775/488 520/774/520
f 520/774/520 488/775/488 497/749/497
f 488/775/488 496/750/496 497/749/497
f 490/776/490 512/756/512 496/750/496
f 489/725/489 522/777/522 490/776/490
f 490/776/490 522/777/522 512/756/512
f 522/777/522 462/757/462 512/756/512
f 489/725/489 486/715/486 522/777/522
f 486/715/486 485/778/485 522/777/522
f 522/777/522 485/778/485 462/757/462
f 485/779/485 495/730/495 462/729/462
f 487/724/487 523/780/523 485/779/485
f 485/779/485 523/780/523 495/730/495
f 487/724/487 524/781/524 523/780/523
f 524/781/524 525/782/525 523/780/523
f 523/780/523 525/782/525 495/730/495
f 525/782/525 461/726/461 495/730/495
f 487/724/487 482/723/482 524/781/524
f 524/781/524 482/723/482 525/782/525
f 484/783/484 494/727/494 461/726/461
f 483/784/483 527/785/527 484/783/484
f 484/783/484 526/786/526 494/727/494
f 484/783/484 527/785/527 526/786/526
f 526/786/526 463/732/463 494/727/494
f 483/784/483 479/787/479 527/785/527
f 527/785/527 479/787/479 526/786/526
f 526/786/526 479/787/479 463/732/463
f 491/771/491 493/773/493 498/748/498
f 480/721/480 529/788/529 491/771/491
f 491/771/491 528/789/528 493/773/493
f 491/771/491 529/788/529 528/789/528
f 528/789/528 529/788/529 493/773/493
f 529/788/529 492/718/492 493/773/493
f 480/721/480 478/720/478 529/788/529
f 478/720/478 459/716/459 529/788/529
f 529/788/529 459/716/459 492/718/492
f 488/775/488 490/776/490 496/750/496
f 492/718/492 531/790/531 488/775/488
f 488/775/488 530/791/530 490/776/490
f 530/791/530 489/725/489 490/776/490
f 488/775/488 531/790/531 530/791/530
f 530/791/530 531/790/531 489/725/489
f 492/718/492 477/717/477 531/790/531
f 477/717/477 458/713/458 531/790/531
f 531/790/531 458/713/458 489/725/489
f 486/715/486 532/792/532 485/778/485
f 532/792/532 487/793/487 485/778/485
f 486/715/486 533/794/533 532/792/532
f 532/792/532 533/794/533 487/793/487
f 486/715/486 474/714/474 533/794/533
f 474/714/474 473/795/473 533/794/533
f 533/794/533 473/795/473 487/793/487
f 473/795/473 468/796/468 487/793/487
f 525/782/525 484/783/484 461/726/461
f 482/723/482 534/797/534 525/782/525
f 525/782/525 534/797/534 484/783/484
f 482/723/482 535/798/535 534/797/534
f 534/797/534 535/798/535 484/783/484
f 535/798/535 483/784/483 484/783/484
f 482/723/482 468/722/468 535/798/535
f 468/722/468 467/799/467 535/798/535
f 535/798/535 467/799/467 483/784/483
f 467/799/467 469/800/469 483/784/483
f 479/787/479 481/767/481 463/732/463
f 483/784/483 536/801/536 479/787/479
f 479/787/479 536/801/536 481/767/481
f 536/801/536 537/802/537 481/767/481
f 537/802/537 480/721/480 481/767/481
f 483/784/483 469/800/469 536/801/536
f 469/800/469 537/802/537 536/801/536
f 537/802/537 460/719/460 480/721/480
f 471/803/471 478/720/478 460/719/460
f 470/804/470 538/805/538 471/803/471
f 471/803/471 538/805/538 478/720/478
f 538/805/538 539/806/539 478/720/478
f 539/806/539 459/716/459 478/720/478
f 470/804/470 476/807/476 538/805/538
f 476/807/476 475/808/475 538/805/538
f 538/805/538 475/808/475 539/806/539
f 539/806/539 475/808/475 459/716/459
f 475/809/475 477/717/477 459/716/459
f 476/810/476 541/811/541 475/809/475
f 475/809/475 540/812/540 477/717/477
f 475/809/475 541/811/541 540/812/540
f 540/812/540 458/713/458 477/717/477
f 541/811/541 472/813/472 540/812/540
f 540/812/540 472/813/472 458/713/458
f 472/814/472 474/714/474 458/713/458
f 541/712/541 543/815/543 472/814/472
f 472/814/472 542/816/542 474/714/474
f 472/814/472 543/815/543 542/816/542
f 542/816/542 543/815/543 474/714/474
f 543/815/543 473/795/473 474/714/474
f 541/712/541 465/711/465 543/815/543
f 465/711/465 473/795/473 543/815/543
f 537/802/537 471/817/471 460/719/460
f 469/800/469 544/818/544 537/802/537
f 537/802/537 544/818/544 471/817/471
f 544/818/544 545/819/545 471/817/471
f 471/817/471 545/819/545 470/820/470
f 544/818/544 466/821/466 545/819/545
f 545/819/545 466/821/466 470/820/470
f 466/821/466 476/822/476 470/820/470
f 465/709/465 546/823/546 473/824/473
f 473/824/473 546/823/546 468/722/468
f 546/823/546 467/799/467 468/722/468
f 546/823/546 547/825/547 467/799/467
f 465/709/465 466/708/466 546/823/546
f 546/823/546 466/708/466 547/825/547
f 466/708/466 544/826/544 547/825/547
f 547/825/547 544/826/544 467/799/467
f 544/826/544 469/800/469 467/799/467
o Icosphere.002
v 0.203015 0.132228 0.981279
v 0.140578 0.187151 0.981279
v 0.216172 0.273089 1.058721
v 0.278610 0.218166 1.058721
v 0.144643 0.230679 1.058721
v 0.209029 0.213427 1.099917
v 0.231204 0.256059 0.963212
v 0.227100 0.229617 0.945797
v 0.189365 0.227639 0.945798
v 0.194380 0.270023 0.977931
v 0.239112 0.266942 0.981279
v 0.143861 0.220272 0.977941
v 0.157578 0.250597 0.981279
v 0.179585 0.191139 0.945798
v 0.152867 0.192623 0.963212
v 0.240642 0.194339 0.945798
v 0.268960 0.237944 0.977931
v 0.279853 0.194450 0.981279
v 0.212314 0.150737 0.958065
v 0.210158 0.191890 0.940083
v 0.261497 0.157102 0.977931
v 0.233559 0.144059 0.969649
v 0.162736 0.151926 0.977931
v 0.139143 0.241096 1.029925
v 0.144293 0.245391 0.998710
v 0.129363 0.204596 1.029925
v 0.224380 0.281539 1.029925
v 0.175191 0.275165 1.010075
v 0.181882 0.275613 1.041290
v 0.289825 0.200721 1.010075
v 0.252060 0.268052 0.998487
v 0.275641 0.248250 1.029925
v 0.258664 0.142063 1.041513
v 0.232544 0.125756 1.010075
v 0.280044 0.164221 1.010075
v 0.160852 0.138843 1.029765
v 0.143547 0.157068 1.010075
v 0.182958 0.126953 1.029925
v 0.175824 0.262900 1.062069
v 0.256451 0.253391 1.062069
v 0.261610 0.154721 1.058721
v 0.224807 0.135294 1.062069
v 0.180076 0.138375 1.058721
v 0.141865 0.189157 1.062069
v 0.206873 0.254580 1.081935
v 0.152129 0.206710 1.076788
v 0.178545 0.210978 1.094202
v 0.239603 0.214178 1.094203
v 0.229823 0.177678 1.094203
v 0.253702 0.165605 1.076788
v 0.192087 0.175700 1.094203
v 0.166309 0.152873 1.066801
v 0.169051 0.180112 1.086325
v 0.211466 0.166931 1.091554
v 0.212467 0.147830 1.079469
v 0.244151 0.193399 1.091554
v 0.266320 0.212694 1.076788
v 0.229079 0.232663 1.091554
v 0.239497 0.248705 1.079469
v 0.185756 0.242456 1.086325
v 0.165721 0.236185 1.077889
v 0.137013 0.174797 1.042513
v 0.134907 0.173989 1.020000
v 0.213663 0.125020 1.042513
v 0.213780 0.122768 1.020000
v 0.278876 0.176881 1.053029
v 0.286868 0.181953 1.020000
v 0.287512 0.207016 1.041290
v 0.251937 0.267861 1.042513
v 0.253165 0.269752 1.020000
v 0.154267 0.260621 1.031420
v 0.157422 0.146185 0.997888
v 0.189659 0.127208 0.998710
v 0.259939 0.140487 1.020000
v 0.258520 0.142240 0.997487
v 0.284280 0.231328 1.020000
v 0.282175 0.230520 0.997487
v 0.205407 0.282549 1.020000
v 0.205525 0.280297 0.997487
v 0.132320 0.223364 1.020000
v 0.131675 0.198302 0.998710
v 0.179110 0.167690 0.953675
v 0.191265 0.150573 0.962111
v 0.232109 0.174855 0.948446
v 0.261385 0.177435 0.963212
v 0.264352 0.209757 0.962111
v 0.250137 0.225206 0.953675
v 0.165485 0.239712 0.963212
v 0.175036 0.211918 0.948446
v 0.200678 0.248184 0.953675
vn -0.0712 -0.8778 -0.4737
vn -0.8512 -0.2309 -0.4712
vn 0.0809 0.8743 0.4786
vn 0.8521 0.2184 0.4756
vn -0.8083 0.3545 0.4700
vn -0.0123 0.1228 0.9924
vn 0.2706 0.6645 -0.6965
vn 0.1904 0.3123 -0.9307
vn -0.2313 0.2844 -0.9304
vn -0.2006 0.8205 -0.5353
vn 0.3501 0.8074 -0.4749
vn -0.8217 0.2202 -0.5257
vn -0.6217 0.6256 -0.4712
vn -0.3533 -0.1355 -0.9257
vn -0.6952 -0.1171 -0.7093
vn 0.3828 -0.0860 -0.9198
vn 0.7254 0.4503 -0.5206
vn 0.8752 -0.1046 -0.4723
vn 0.0323 -0.6115 -0.7906
vn -0.0035 -0.1303 -0.9915
vn 0.6518 -0.5466 -0.5257
vn 0.3101 -0.7297 -0.6095
vn -0.5830 -0.6202 -0.5249
vn -0.8744 0.4645 0.1401
vn -0.8139 0.5214 -0.2563
vn -0.9886 0.0278 0.1481
vn 0.1858 0.9765 0.1091
vn -0.4410 0.8857 -0.1453
vn -0.3164 0.9117 0.2620
vn 0.9905 -0.0229 -0.1354
vn 0.5348 0.8053 -0.2559
vn 0.8178 0.5626 0.1211
vn 0.5981 -0.7600 0.2543
vn 0.2861 -0.9497 -0.1277
vn 0.8718 -0.4755 -0.1179
vn -0.6225 -0.7727 0.1243
vn -0.8248 -0.5500 -0.1315
vn -0.3214 -0.9401 0.1134
vn -0.4289 0.7343 0.5261
vn 0.5930 0.6083 0.5276
vn 0.6370 -0.6067 0.4756
vn 0.2091 -0.8301 0.5170
vn -0.3330 -0.8021 0.4958
vn -0.8375 -0.1691 0.5197
vn -0.0261 0.6418 0.7665
vn -0.7111 0.0629 0.7003
vn -0.3736 0.1015 0.9220
vn 0.3750 0.1437 0.9158
vn 0.2355 -0.3049 0.9228
vn 0.5395 -0.4457 0.7144
vn -0.2062 -0.3380 0.9183
vn -0.5478 -0.5980 0.5851
vn -0.5133 -0.2938 0.8063
vn 0.0232 -0.4429 0.8963
vn 0.0185 -0.6802 0.7328
vn 0.4661 -0.1249 0.8759
vn 0.6978 0.1116 0.7075
vn 0.2085 0.3846 0.8992
vn 0.3795 0.5714 0.7276
vn -0.2817 0.4803 0.8306
vn -0.5712 0.4210 0.7046
vn -0.8795 -0.3796 0.2869
vn -0.9400 -0.3401 -0.0275
vn 0.0650 -0.9559 0.2863
vn 0.0329 -0.9991 -0.0275
vn 0.8559 -0.3155 0.4098
vn 0.9618 -0.2725 0.0280
vn 0.9641 0.0577 0.2592
vn 0.5076 0.8112 0.2903
vn 0.5446 0.8386 -0.0158
vn -0.6798 0.7177 0.1508
vn -0.6248 -0.7334 -0.2679
vn -0.2619 -0.9289 -0.2618
vn 0.6292 -0.7770 0.0158
vn 0.5903 -0.7570 -0.2803
vn 0.9400 0.3401 0.0275
vn 0.8890 0.3572 -0.2863
vn -0.0717 0.9970 0.0275
vn -0.0100 0.9591 -0.2828
vn -0.9652 0.2586 -0.0399
vn -0.9656 -0.0411 -0.2568
vn -0.3705 -0.4331 -0.8217
vn -0.2496 -0.6696 -0.6996
vn 0.2679 -0.3903 -0.8808
vn 0.6348 -0.3159 -0.7052
vn 0.7052 0.0790 -0.7046
vn 0.5074 0.2926 -0.8105
vn -0.5435 0.4490 -0.7093
vn -0.4661 0.1249 -0.8759
vn -0.1142 0.5818 -0.8053
vt 0.181819 0.000000
vt 0.216300 0.059724
vt 0.147338 0.059724
vt 0.909091 0.000000
vt 0.943572 0.059724
vt 0.874610 0.059724
vt 0.612337 0.157461
vt 0.693564 0.137117
vt 0.670845 0.217185
vt 0.430519 0.157461
vt 0.523508 0.157461
vt 0.489027 0.217185
vt 0.296755 0.157461
vt 0.318946 0.196826
vt 0.238247 0.217185
vt 0.842209 0.157461
vt 0.852663 0.217185
vt 0.783701 0.217185
vt 0.590146 0.196826
vt 0.408328 0.196826
vt 0.157792 0.314921
vt 0.250781 0.314921
vt 0.216300 0.374645
vt 0.000000 0.314921
vt 0.068963 0.314921
vt 0.022727 0.354286
vt 0.339609 0.314921
vt 0.432600 0.314921
vt 0.409855 0.354286
vt 0.420065 0.412658
vt 0.489027 0.412658
vt 0.454546 0.472382
vt 0.465910 0.373969
vt 0.511364 0.334604
vt 0.601883 0.412658
vt 0.670845 0.412658
vt 0.636364 0.472382
vt 0.568182 0.354286
vt 0.636364 0.354286
vt 0.636364 0.393651
vt 0.704546 0.354286
vt 0.569482 0.314921
vt 0.658310 0.314921
vt 0.751300 0.314921
vt 0.783701 0.412658
vt 0.852663 0.412658
vt 0.818182 0.472382
vt 0.818182 0.393651
vt 0.773491 0.354286
vt 0.862873 0.354286
vt 0.806809 0.295223
vt 0.885064 0.314921
vt 0.090910 0.354286
vt 0.056428 0.412658
vt 0.090910 0.393651
vt 0.102924 0.451573
vt 0.147338 0.374645
vt 0.261364 0.373969
vt 0.260714 0.451573
vt 0.307209 0.412658
vt 0.295455 0.354286
vt 0.340910 0.354286
vt 0.398118 0.255197
vt 0.454546 0.236191
vt 0.454546 0.275556
vt 0.534473 0.255212
vt 0.636364 0.236191
vt 0.579936 0.255197
vt 0.636364 0.275556
vt 0.727273 0.275556
vt 0.818182 0.236191
vt 0.862873 0.275556
vt 0.034482 0.255197
vt 0.090910 0.196826
vt 0.090910 0.236191
vt 0.090910 0.275556
vt 0.147338 0.255197
vt 0.228037 0.275556
vt 0.284092 0.255874
vt 0.329156 0.255197
vt 0.522728 0.196826
vt 0.727273 0.236191
vt 0.727273 0.196826
vt 0.749220 0.157461
vt 0.943572 0.255197
vt 0.909091 0.236191
vt 0.909091 0.196826
vt 0.977273 0.196826
vt 0.931038 0.157461
vt 1.000000 0.157461
vt 0.181819 0.196826
vt 0.181819 0.236191
vt 0.114937 0.157461
vt 0.203766 0.157461
vt 0.363637 0.236191
vt 0.363637 0.157461
vt 0.477273 0.118096
vt 0.510974 0.059724
vt 0.534091 0.098413
vt 0.568182 0.118096
vt 0.557469 0.020809
vt 0.601883 0.097737
vt 0.670845 0.097737
vt 0.715259 0.020809
vt 0.727273 0.078731
vt 0.771964 0.118096
vt 0.761754 0.059724
vt 0.886364 0.118096
vt 0.840909 0.118096
vt 0.920455 0.098413
vt 0.977273 0.118096
vt 0.408328 0.118096
vt 0.318946 0.118096
vt 0.363637 0.078730
vt 0.398118 0.059724
vt 0.329156 0.059724
vt 0.363637 0.000000
vt 0.137128 0.118096
vt 0.193183 0.098413
vt 0.250001 0.118096
s 1
g Icosphere.002_Mat_Bau_Rubi.001
usemtl Mat_Bau_Rubi.001
f 567/827/567 556/828/556 555/829/555
f 567/830/567 555/831/555 563/832/563
f 548/833/548 569/834/569 581/835/581
f 549/836/549 570/837/570 584/838/584
f 560/839/560 572/840/572 575/841/575
f 565/842/565 577/843/577 582/844/582
f 548/833/548 581/835/581 620/845/620
f 549/836/549 584/838/584 628/846/628
f 550/847/550 586/848/586 592/849/592
f 551/850/551 587/851/587 604/852/604
f 552/853/552 591/854/591 593/855/593
f 594/856/594 598/857/598 553/858/553
f 594/856/594 600/859/600 598/857/598
f 594/856/594 593/855/593 600/859/600
f 600/859/600 599/860/599 598/857/598
f 593/855/593 591/854/591 600/859/600
f 591/854/591 599/860/599 600/859/600
f 598/861/598 596/862/596 553/863/553
f 599/864/599 602/865/602 598/861/598
f 598/861/598 601/866/601 596/862/596
f 598/861/598 602/865/602 601/866/601
f 601/866/601 602/865/602 596/862/596
f 602/865/602 597/867/597 596/862/596
f 599/864/599 590/868/590 602/865/602
f 590/868/590 589/869/589 602/865/602
f 602/865/602 589/869/589 597/867/597
f 589/869/589 588/870/588 597/867/597
f 596/871/596 595/872/595 553/873/553
f 596/871/596 603/874/603 595/872/595
f 596/871/596 597/875/597 603/874/603
f 597/875/597 604/876/604 603/874/603
f 603/874/603 604/876/604 595/872/595
f 588/870/588 613/877/613 597/875/597
f 597/875/597 613/877/613 604/876/604
f 613/877/613 551/878/551 604/876/604
f 604/852/604 606/879/606 595/880/595
f 595/880/595 605/881/605 553/882/553
f 605/881/605 592/883/592 553/882/553
f 595/880/595 606/879/606 605/881/605
f 605/881/605 606/879/606 592/883/592
f 604/852/604 587/851/587 606/879/606
f 587/851/587 550/847/550 606/879/606
f 606/879/606 550/847/550 592/883/592
f 592/849/592 607/884/607 553/885/553
f 553/885/553 607/884/607 594/886/594
f 607/884/607 608/887/608 594/886/594
f 608/887/608 593/888/593 594/886/594
f 592/849/592 586/848/586 607/884/607
f 607/884/607 586/848/586 608/887/608
f 586/848/586 552/853/552 608/887/608
f 608/887/608 552/853/552 593/888/593
f 573/889/573 591/854/591 552/853/552
f 628/846/628 610/890/610 573/889/573
f 573/889/573 609/891/609 591/854/591
f 573/889/573 610/890/610 609/891/609
f 609/891/609 599/860/599 591/854/591
f 628/846/628 584/838/584 610/890/610
f 610/890/610 584/838/584 609/891/609
f 584/838/584 583/892/583 609/891/609
f 609/891/609 583/892/583 599/860/599
f 583/892/583 590/868/590 599/860/599
f 620/845/620 612/893/612 585/894/585
f 585/894/585 611/895/611 590/868/590
f 611/895/611 589/869/589 590/868/590
f 585/894/585 612/893/612 611/895/611
f 620/845/620 581/835/581 612/893/612
f 612/893/612 581/835/581 611/895/611
f 581/835/581 580/896/580 611/895/611
f 611/895/611 580/896/580 589/869/589
f 580/896/580 588/870/588 589/869/589
f 582/844/582 613/877/613 580/896/580
f 580/896/580 613/877/613 588/870/588
f 582/844/582 614/897/614 613/877/613
f 614/897/614 615/898/615 613/877/613
f 615/898/615 551/878/551 613/877/613
f 582/844/582 577/843/577 614/897/614
f 614/897/614 577/843/577 615/898/615
f 579/899/579 587/851/587 551/850/551
f 578/900/578 617/901/617 579/899/579
f 579/899/579 616/902/616 587/851/587
f 579/899/579 617/901/617 616/902/616
f 616/902/616 550/847/550 587/851/587
f 578/900/578 574/903/574 617/901/617
f 617/901/617 574/903/574 616/902/616
f 616/902/616 574/903/574 550/847/550
f 576/904/576 586/848/586 550/847/550
f 575/841/575 618/905/618 576/904/576
f 576/904/576 618/905/618 586/848/586
f 618/905/618 552/853/552 586/848/586
f 575/841/575 572/840/572 618/905/618
f 572/840/572 571/906/571 618/905/618
f 618/905/618 571/906/571 552/853/552
f 583/892/583 585/894/585 590/868/590
f 584/838/584 619/907/619 583/892/583
f 619/907/619 620/845/620 583/892/583
f 583/892/583 620/845/620 585/894/585
f 584/838/584 570/837/570 619/907/619
f 619/907/619 570/837/570 620/845/620
f 570/837/570 548/833/548 620/845/620
f 581/835/581 621/908/621 580/896/580
f 621/908/621 582/844/582 580/896/580
f 581/835/581 622/909/622 621/908/621
f 621/908/621 622/909/622 582/844/582
f 581/835/581 569/834/569 622/909/622
f 569/834/569 568/910/568 622/909/622
f 622/909/622 568/910/568 582/844/582
f 568/910/568 565/842/565 582/844/582
f 615/898/615 579/911/579 551/878/551
f 577/843/577 623/912/623 615/898/615
f 615/898/615 623/912/623 579/911/579
f 577/843/577 624/913/624 623/912/623
f 623/912/623 624/913/624 579/911/579
f 624/913/624 578/914/578 579/911/579
f 577/843/577 565/842/565 624/913/624
f 565/842/565 564/915/564 624/913/624
f 624/913/624 564/915/564 578/914/578
f 564/915/564 558/916/558 578/914/578
f 574/903/574 576/904/576 550/847/550
f 578/900/578 626/917/626 574/903/574
f 574/903/574 625/918/625 576/904/576
f 625/918/625 575/841/575 576/904/576
f 574/903/574 626/917/626 625/918/625
f 625/918/625 626/917/626 575/841/575
f 578/900/578 558/919/558 626/917/626
f 558/919/558 557/920/557 626/917/626
f 626/917/626 557/920/557 575/841/575
f 557/920/557 560/839/560 575/841/575
f 571/906/571 573/889/573 552/853/552
f 571/906/571 627/921/627 573/889/573
f 571/906/571 572/840/572 627/921/627
f 572/840/572 628/846/628 627/921/627
f 627/921/627 628/846/628 573/889/573
f 560/839/560 559/922/559 572/840/572
f 572/840/572 559/922/559 628/846/628
f 559/922/559 549/836/549 628/846/628
f 562/923/562 570/837/570 549/836/549
f 561/924/561 629/925/629 562/923/562
f 562/923/562 629/925/629 570/837/570
f 629/925/629 630/926/630 570/837/570
f 630/926/630 548/833/548 570/837/570
f 561/924/561 567/927/567 629/925/629
f 567/927/567 566/928/566 629/925/629
f 629/925/629 566/928/566 630/926/630
f 630/926/630 566/928/566 548/833/548
f 566/929/566 569/834/569 548/833/548
f 567/930/567 631/931/631 566/929/566
f 566/929/566 631/931/631 569/834/569
f 631/931/631 632/932/632 569/834/569
f 569/834/569 632/932/632 568/910/568
f 567/930/567 563/933/563 631/931/631
f 631/931/631 563/933/563 632/932/632
f 632/932/632 565/842/565 568/910/568
f 563/832/563 633/934/633 632/935/632
f 632/935/632 633/934/633 565/842/565
f 633/934/633 564/915/564 565/842/565
f 563/832/563 634/936/634 633/934/633
f 633/934/633 634/936/634 564/915/564
f 563/832/563 555/831/555 634/936/634
f 555/831/555 554/937/554 634/936/634
f 634/936/634 554/937/554 564/915/564
f 554/937/554 558/916/558 564/915/564
f 559/922/559 562/938/562 549/836/549
f 560/839/560 635/939/635 559/922/559
f 559/922/559 635/939/635 562/938/562
f 635/939/635 636/940/636 562/938/562
f 562/938/562 636/940/636 561/941/561
f 635/939/635 556/942/556 636/940/636
f 636/940/636 556/942/556 561/941/561
f 556/942/556 567/943/567 561/941/561
f 554/944/554 557/920/557 558/919/558
f 555/829/555 637/945/637 554/944/554
f 554/944/554 637/945/637 557/920/557
f 555/829/555 556/828/556 637/945/637
f 556/828/556 635/946/635 637/945/637
f 637/945/637 635/946/635 557/920/557
f 635/946/635 560/839/560 557/920/557
o Icosphere.003
v -0.063176 0.232745 1.006439
v -0.143646 0.185033 1.006439
v -0.213888 0.246821 1.006439
v -0.128844 0.343502 1.093561
v -0.058602 0.281714 1.093561
v -0.209314 0.295790 1.093561
v -0.136880 0.276382 1.139907
v -0.116550 0.294596 0.966522
v -0.159003 0.292370 0.966522
v -0.153360 0.340052 1.002672
v -0.103037 0.336587 1.006439
v -0.194763 0.318198 1.006439
v -0.170005 0.251308 0.966522
v -0.200062 0.252978 0.986113
v -0.101315 0.254908 0.966522
v -0.087550 0.320277 0.997349
v -0.060050 0.279457 1.002672
v -0.133184 0.205856 0.980323
v -0.135610 0.252153 0.960093
v -0.098254 0.196496 1.002672
v -0.188960 0.207193 1.002672
v -0.215502 0.307510 1.061165
v -0.209708 0.312341 1.026049
v -0.218138 0.232832 1.025798
v -0.226505 0.266447 1.061165
v -0.140836 0.351867 1.074202
v -0.106280 0.349436 1.038835
v -0.174948 0.345837 1.038835
v -0.054352 0.295703 1.074202
v -0.045985 0.262088 1.038835
v -0.070627 0.326283 1.038835
v -0.097542 0.182698 1.061165
v -0.056988 0.221025 1.038835
v -0.062782 0.216194 1.073951
v -0.201863 0.202252 1.061165
v -0.131654 0.176668 1.025798
v -0.166210 0.179099 1.061165
v -0.174236 0.332039 1.097328
v -0.083530 0.321341 1.097328
v -0.054245 0.250411 1.087157
v -0.077727 0.210337 1.093561
v -0.119130 0.188482 1.097328
v -0.169453 0.191948 1.093561
v -0.212440 0.249078 1.097328
v -0.139306 0.322679 1.119677
v -0.192744 0.279406 1.119677
v -0.160764 0.283602 1.135478
v -0.102485 0.277227 1.133478
v -0.113487 0.236164 1.133478
v -0.086623 0.222582 1.113887
v -0.155940 0.233939 1.133478
v -0.184940 0.208258 1.102651
v -0.181856 0.238902 1.124616
v -0.197848 0.256282 1.115125
v -0.134138 0.224074 1.130499
v -0.133012 0.202585 1.116903
v -0.097368 0.253850 1.130499
v -0.072428 0.275557 1.113887
v -0.114324 0.298023 1.130499
v -0.102604 0.316070 1.116903
v -0.175117 0.312270 1.116903
v -0.217899 0.232924 1.075327
v -0.220267 0.232015 1.050000
v -0.131667 0.176924 1.075327
v -0.131535 0.174391 1.050000
v -0.049312 0.240974 1.050000
v -0.088609 0.337620 1.075327
v -0.087227 0.339748 1.050000
v -0.191287 0.332239 1.075327
v -0.192884 0.334210 1.050000
v -0.185263 0.188787 1.050000
v -0.183881 0.190915 1.024673
v -0.079606 0.194324 1.050000
v -0.081203 0.196296 1.024673
v -0.052223 0.296520 1.050000
v -0.054591 0.295611 1.024673
v -0.140955 0.354144 1.050000
v -0.140823 0.351611 1.024673
v -0.223178 0.287561 1.050000
v -0.218245 0.278124 1.012842
v -0.170539 0.224927 0.975384
v -0.156865 0.205671 0.984875
v -0.109428 0.219495 0.975384
v -0.077980 0.235891 0.986113
v -0.074642 0.272253 0.984875
v -0.090634 0.289633 0.975384
v -0.185867 0.305953 0.986113
v -0.175123 0.274685 0.969501
v -0.131624 0.316252 0.975384
v -0.154006 0.323793 0.984875
vn 0.8153 -0.3393 -0.4691
vn -0.1030 -0.8720 -0.4786
vn -0.8550 -0.2070 -0.4756
vn 0.1048 0.8686 0.4843
vn 0.8550 0.2070 0.4756
vn -0.8088 0.3416 0.4787
vn -0.0026 0.1162 0.9932
vn 0.2052 0.3200 -0.9249
vn -0.2284 0.2983 -0.9268
vn -0.1938 0.8270 -0.5277
vn 0.3394 0.8073 -0.4828
vn -0.6288 0.6152 -0.4756
vn -0.3533 -0.1355 -0.9257
vn -0.6959 -0.1096 -0.7097
vn 0.3748 -0.0971 -0.9220
vn 0.5510 0.5977 -0.5824
vn 0.8364 0.1552 -0.5257
vn 0.0328 -0.6311 -0.7750
vn 0.0026 -0.1337 -0.9910
vn 0.4112 -0.7497 -0.5185
vn -0.5913 -0.6159 -0.5206
vn -0.8692 0.4755 0.1354
vn -0.8061 0.5320 -0.2592
vn -0.8980 -0.3591 -0.2543
vn -0.9927 0.0241 0.1179
vn -0.0605 0.9648 0.2559
vn 0.3229 0.9403 -0.1079
vn -0.4270 0.8961 -0.1211
vn 0.8980 0.3591 0.2543
vn 0.9927 -0.0241 -0.1179
vn 0.7272 0.6756 -0.1218
vn 0.4270 -0.8961 0.1211
vn 0.8692 -0.4755 -0.1354
vn 0.8061 -0.5320 0.2592
vn -0.7272 -0.6756 0.1218
vn 0.0605 -0.9648 -0.2559
vn -0.3229 -0.9403 0.1079
vn -0.4083 0.7593 0.5068
vn 0.5961 0.6143 0.5170
vn 0.8990 -0.1547 0.4098
vn 0.6288 -0.6152 0.4756
vn 0.2094 -0.8233 0.5276
vn -0.3436 -0.8036 0.4860
vn -0.8374 -0.1583 0.5232
vn -0.0387 0.6347 0.7718
vn -0.6222 0.1648 0.7653
vn -0.2699 0.2035 0.9411
vn 0.3750 0.1437 0.9158
vn 0.2355 -0.3049 0.9228
vn 0.5485 -0.4456 0.7075
vn -0.2142 -0.3274 0.9203
vn -0.5428 -0.5999 0.5878
vn -0.5005 -0.2785 0.8197
vn -0.6868 -0.0859 0.7218
vn 0.0232 -0.4429 0.8963
vn 0.0185 -0.6802 0.7328
vn 0.4661 -0.1249 0.8759
vn 0.6901 0.1162 0.7144
vn 0.2085 0.3846 0.8992
vn 0.3795 0.5714 0.7276
vn -0.4363 0.5205 0.7340
vn -0.8851 -0.3628 0.2915
vn -0.9335 -0.3583 -0.0158
vn 0.0340 -0.9563 0.2903
vn 0.0523 -0.9985 -0.0158
vn 0.9691 -0.2449 0.0280
vn 0.5153 0.8103 0.2790
vn 0.5446 0.8387 -0.0041
vn -0.5913 0.7539 0.2863
vn -0.6440 0.7645 -0.0275
vn -0.5446 -0.8387 0.0041
vn -0.5153 -0.8103 -0.2790
vn 0.6440 -0.7645 0.0275
vn 0.5913 -0.7539 -0.2863
vn 0.9335 0.3583 0.0158
vn 0.8851 0.3628 -0.2915
vn -0.0523 0.9985 0.0158
vn -0.0340 0.9563 -0.2903
vn -0.9691 0.2449 -0.0280
vn -0.8990 0.1547 -0.4098
vn -0.3705 -0.4331 -0.8217
vn -0.2496 -0.6696 -0.6996
vn 0.2930 -0.4821 -0.8257
vn 0.6437 -0.3156 -0.6972
vn 0.6906 0.0558 -0.7211
vn 0.5094 0.2964 -0.8079
vn -0.5586 0.4396 -0.7034
vn -0.4661 0.1249 -0.8759
vn 0.0732 0.5944 -0.8008
vn -0.2299 0.6535 -0.7211
vt 0.181819 0.000000
vt 0.216300 0.059724
vt 0.147338 0.059724
vt 0.909091 0.000000
vt 0.943572 0.059724
vt 0.874610 0.059724
vt 0.794155 0.157461
vt 0.887145 0.157461
vt 0.852663 0.217185
vt 0.612337 0.157461
vt 0.705326 0.157461
vt 0.636364 0.196826
vt 0.430519 0.157461
vt 0.523508 0.157461
vt 0.454546 0.196826
vt 0.296755 0.157461
vt 0.318946 0.196826
vt 0.238247 0.217185
vt 0.114937 0.157461
vt 0.125391 0.217185
vt 0.056428 0.217185
vt 0.783701 0.217185
vt 0.157792 0.314921
vt 0.250781 0.314921
vt 0.216300 0.374645
vt 0.000000 0.314921
vt 0.068963 0.314921
vt 0.022727 0.354286
vt 0.339610 0.314921
vt 0.432599 0.314921
vt 0.398118 0.374645
vt 0.431819 0.433017
vt 0.489027 0.412658
vt 0.454546 0.472382
vt 0.465910 0.373969
vt 0.431819 0.354286
vt 0.511364 0.334603
vt 0.601883 0.412658
vt 0.670845 0.412658
vt 0.636364 0.472382
vt 0.568182 0.354286
vt 0.636364 0.354286
vt 0.636364 0.393651
vt 0.704546 0.354286
vt 0.569482 0.314921
vt 0.658311 0.314921
vt 0.751300 0.314921
vt 0.783701 0.412658
vt 0.852663 0.412658
vt 0.818182 0.472382
vt 0.818182 0.393651
vt 0.773491 0.354286
vt 0.862873 0.354286
vt 0.829555 0.295223
vt 0.885064 0.314921
vt 0.090910 0.354286
vt 0.056428 0.412658
vt 0.090910 0.393651
vt 0.102924 0.451573
vt 0.147338 0.374645
vt 0.283710 0.412673
vt 0.260714 0.451573
vt 0.272728 0.354286
vt 0.329156 0.374645
vt 0.398118 0.255197
vt 0.454546 0.236191
vt 0.454546 0.275556
vt 0.510974 0.255197
vt 0.636364 0.236191
vt 0.579936 0.255197
vt 0.636364 0.275556
vt 0.692792 0.255197
vt 0.773491 0.275556
vt 0.818182 0.236191
vt 0.909091 0.275556
vt 0.022727 0.275556
vt 0.090910 0.275556
vt 0.090910 0.236191
vt 0.181819 0.275556
vt 0.272728 0.275556
vt 0.272728 0.236191
vt 0.329156 0.255197
vt 0.545455 0.196826
vt 0.545455 0.236191
vt 0.727273 0.196826
vt 0.727273 0.236191
vt 0.909091 0.236191
vt 0.965519 0.217185
vt 0.909091 0.196826
vt 0.965909 0.137778
vt 1.000000 0.157461
vt 0.181819 0.236191
vt 0.181819 0.196826
vt 0.203766 0.157461
vt 0.363637 0.236191
vt 0.375010 0.177159
vt 0.477273 0.118096
vt 0.510974 0.059724
vt 0.534091 0.098413
vt 0.568182 0.118096
vt 0.557469 0.020809
vt 0.601883 0.097737
vt 0.670845 0.097737
vt 0.715259 0.020809
vt 0.715909 0.098413
vt 0.771964 0.118096
vt 0.761754 0.059724
vt 0.840909 0.118096
vt 0.886364 0.118096
vt 0.920455 0.098413
vt 0.408328 0.118096
vt 0.318946 0.118096
vt 0.363637 0.078730
vt 0.398118 0.059724
vt 0.329156 0.059724
vt 0.363637 0.000000
vt 0.170455 0.098413
vt 0.113637 0.118096
vt 0.204546 0.118096
vt 0.250001 0.118096
s 1
g Icosphere.003_Mat_Bau_Ouro_10.004
usemtl Mat_Bau_Ouro_10.004
f 656/947/656 646/948/646 645/949/645
f 656/950/656 645/951/645 652/952/652
f 638/953/638 654/954/654 667/955/667
f 639/956/639 657/957/657 673/958/673
f 640/959/640 658/960/658 661/961/661
f 649/962/649 660/963/660 665/964/665
f 648/965/648 664/966/664 668/967/668
f 638/953/638 667/955/667 670/968/670
f 641/969/641 675/970/675 682/971/682
f 642/972/642 676/973/676 695/974/695
f 643/975/643 681/976/681 683/977/683
f 684/978/684 688/979/688 644/980/644
f 683/977/683 690/981/690 684/978/684
f 684/978/684 690/981/690 688/979/688
f 683/977/683 691/982/691 690/981/690
f 690/981/690 689/983/689 688/979/688
f 683/977/683 681/976/681 691/982/691
f 691/982/691 681/976/681 690/981/690
f 681/976/681 689/983/689 690/981/690
f 688/984/688 686/985/686 644/986/644
f 689/987/689 693/988/693 688/984/688
f 688/984/688 692/989/692 686/985/686
f 688/984/688 693/988/693 692/989/692
f 692/989/692 693/988/693 686/985/686
f 693/988/693 687/990/687 686/985/686
f 689/987/689 680/991/680 693/988/693
f 680/991/680 679/992/679 693/988/693
f 693/988/693 679/992/679 687/990/687
f 679/992/679 678/993/678 687/990/687
f 686/994/686 685/995/685 644/996/644
f 686/994/686 694/997/694 685/995/685
f 686/994/686 687/998/687 694/997/694
f 687/998/687 695/999/695 694/997/694
f 694/997/694 695/999/695 685/995/685
f 678/993/678 677/1000/677 687/998/687
f 687/998/687 677/1000/677 695/999/695
f 677/1000/677 642/1001/642 695/999/695
f 695/974/695 697/1002/697 685/1003/685
f 685/1003/685 696/1004/696 644/1005/644
f 696/1004/696 682/1006/682 644/1005/644
f 685/1003/685 697/1002/697 696/1004/696
f 696/1004/696 697/1002/697 682/1006/682
f 695/974/695 676/973/676 697/1002/697
f 676/973/676 641/969/641 697/1002/697
f 697/1002/697 641/969/641 682/1006/682
f 682/971/682 684/1007/684 644/1008/644
f 682/971/682 698/1009/698 684/1007/684
f 684/1007/684 698/1009/698 683/1010/683
f 682/971/682 675/970/675 698/1009/698
f 675/970/675 643/975/643 698/1009/698
f 698/1009/698 643/975/643 683/1010/683
f 662/1011/662 681/976/681 643/975/643
f 661/961/661 700/1012/700 662/1011/662
f 662/1011/662 699/1013/699 681/976/681
f 662/1011/662 700/1012/700 699/1013/699
f 699/1013/699 689/983/689 681/976/681
f 661/961/661 672/1014/672 700/1012/700
f 700/1012/700 672/1014/672 699/1013/699
f 699/1013/699 672/1014/672 689/983/689
f 672/1014/672 680/991/680 689/983/689
f 673/958/673 702/1015/702 674/1016/674
f 674/1016/674 701/1017/701 680/991/680
f 701/1017/701 679/992/679 680/991/680
f 674/1016/674 702/1015/702 701/1017/701
f 673/958/673 669/1018/669 702/1015/702
f 702/1015/702 669/1018/669 701/1017/701
f 701/1017/701 669/1018/669 679/992/679
f 669/1018/669 678/993/678 679/992/679
f 671/1019/671 677/1000/677 678/993/678
f 670/968/670 703/1020/703 671/1019/671
f 703/1020/703 677/1000/677 671/1019/671
f 670/968/670 667/955/667 703/1020/703
f 703/1020/703 667/955/667 677/1000/677
f 667/955/667 666/1021/666 677/1000/677
f 677/1000/677 666/1021/666 642/1001/642
f 666/1022/666 676/973/676 642/972/642
f 668/967/668 704/1023/704 666/1022/666
f 666/1022/666 704/1023/704 676/973/676
f 668/967/668 705/1024/705 704/1023/704
f 704/1023/704 641/969/641 676/973/676
f 668/967/668 664/966/664 705/1024/705
f 705/1024/705 664/966/664 704/1023/704
f 664/966/664 663/1025/663 704/1023/704
f 704/1023/704 663/1025/663 641/969/641
f 663/1025/663 675/970/675 641/969/641
f 665/964/665 706/1026/706 663/1025/663
f 663/1025/663 706/1026/706 675/970/675
f 665/964/665 707/1027/707 706/1026/706
f 706/1026/706 643/975/643 675/970/675
f 665/964/665 660/963/660 707/1027/707
f 660/963/660 659/1028/659 707/1027/707
f 707/1027/707 659/1028/659 706/1026/706
f 706/1026/706 659/1028/659 643/975/643
f 672/1014/672 674/1016/674 680/991/680
f 661/961/661 709/1029/709 672/1014/672
f 672/1014/672 708/1030/708 674/1016/674
f 672/1014/672 709/1029/709 708/1030/708
f 708/1030/708 709/1029/709 674/1016/674
f 709/1029/709 673/958/673 674/1016/674
f 661/961/661 658/960/658 709/1029/709
f 658/960/658 639/956/639 709/1029/709
f 709/1029/709 639/956/639 673/958/673
f 669/1018/669 671/1019/671 678/993/678
f 673/958/673 711/1031/711 669/1018/669
f 669/1018/669 710/1032/710 671/1019/671
f 710/1032/710 670/968/670 671/1019/671
f 669/1018/669 711/1031/711 710/1032/710
f 710/1032/710 711/1031/711 670/968/670
f 673/958/673 657/957/657 711/1031/711
f 657/957/657 638/953/638 711/1031/711
f 711/1031/711 638/953/638 670/968/670
f 667/955/667 712/1033/712 666/1021/666
f 712/1033/712 668/1034/668 666/1021/666
f 667/955/667 713/1035/713 712/1033/712
f 712/1033/712 713/1035/713 668/1034/668
f 667/955/667 654/954/654 713/1035/713
f 654/954/654 653/1036/653 713/1035/713
f 713/1035/713 653/1036/653 668/1034/668
f 653/1036/653 648/1037/648 668/1034/668
f 664/966/664 714/1038/714 663/1025/663
f 714/1038/714 665/964/665 663/1025/663
f 664/966/664 715/1039/715 714/1038/714
f 714/1038/714 715/1039/715 665/964/665
f 664/966/664 648/965/648 715/1039/715
f 648/965/648 647/1040/647 715/1039/715
f 715/1039/715 647/1040/647 665/964/665
f 647/1040/647 649/962/649 665/964/665
f 659/1028/659 662/1011/662 643/975/643
f 659/1028/659 716/1041/716 662/1011/662
f 659/1028/659 660/963/660 716/1041/716
f 660/963/660 717/1042/717 716/1041/716
f 716/1041/716 717/1042/717 662/1011/662
f 717/1042/717 661/961/661 662/1011/662
f 649/962/649 717/1042/717 660/963/660
f 717/1042/717 640/959/640 661/961/661
f 651/1043/651 658/960/658 640/959/640
f 650/1044/650 718/1045/718 651/1043/651
f 651/1043/651 718/1045/718 658/960/658
f 718/1045/718 719/1046/719 658/960/658
f 719/1046/719 639/956/639 658/960/658
f 650/1044/650 656/1047/656 718/1045/718
f 656/1047/656 655/1048/655 718/1045/718
f 718/1045/718 655/1048/655 719/1046/719
f 719/1046/719 655/1048/655 639/956/639
f 655/1049/655 657/957/657 639/956/639
f 656/1050/656 720/1051/720 655/1049/655
f 655/1049/655 720/1051/720 657/957/657
f 720/1051/720 721/1052/721 657/957/657
f 721/1052/721 638/953/638 657/957/657
f 656/1050/656 652/1053/652 720/1051/720
f 720/1051/720 652/1053/652 721/1052/721
f 721/1054/721 654/954/654 638/953/638
f 652/952/652 722/1055/722 721/1054/721
f 721/1054/721 722/1055/722 654/954/654
f 652/952/652 723/1056/723 722/1055/722
f 722/1055/722 723/1056/723 654/954/654
f 723/1056/723 653/1036/653 654/954/654
f 652/952/652 645/951/645 723/1056/723
f 645/951/645 653/1036/653 723/1056/723
f 717/1042/717 651/1057/651 640/959/640
f 649/962/649 724/1058/724 717/1042/717
f 717/1042/717 724/1058/724 651/1057/651
f 724/1058/724 725/1059/725 651/1057/651
f 651/1057/651 725/1059/725 650/1060/650
f 724/1058/724 646/1061/646 725/1059/725
f 725/1059/725 646/1061/646 650/1060/650
f 646/1061/646 656/1062/656 650/1060/650
f 645/949/645 726/1063/726 653/1064/653
f 653/1064/653 726/1063/726 648/965/648
f 726/1063/726 647/1040/647 648/965/648
f 726/1063/726 727/1065/727 647/1040/647
f 645/949/645 646/948/646 726/1063/726
f 726/1063/726 646/948/646 727/1065/727
f 646/948/646 724/1066/724 727/1065/727
f 727/1065/727 724/1066/724 647/1040/647
f 724/1066/724 649/962/649 647/1040/647
o Icosphere.004
v 0.518675 0.151175 0.311279
v 0.456237 0.206098 0.311279
v 0.531832 0.292036 0.388721
v 0.594269 0.237113 0.388721
v 0.460303 0.249626 0.388721
v 0.524689 0.232374 0.429917
v 0.546863 0.275005 0.293212
v 0.542760 0.248564 0.275797
v 0.505024 0.246586 0.275798
v 0.510040 0.288970 0.307931
v 0.554771 0.285889 0.311279
v 0.459520 0.239219 0.307941
v 0.473237 0.269544 0.311279
v 0.495244 0.210086 0.275797
v 0.468527 0.211570 0.293212
v 0.556302 0.213286 0.275798
v 0.584620 0.256891 0.307931
v 0.595512 0.213397 0.311279
v 0.527974 0.169684 0.288065
v 0.525818 0.210837 0.270083
v 0.577157 0.176049 0.307931
v 0.549218 0.163006 0.299649
v 0.478396 0.170873 0.307931
v 0.454803 0.260043 0.359924
v 0.459953 0.264338 0.328710
v 0.445022 0.223543 0.359925
v 0.540039 0.300486 0.359925
v 0.490850 0.294112 0.340075
v 0.497542 0.294559 0.371290
v 0.605484 0.219668 0.340075
v 0.567720 0.286999 0.328487
v 0.591300 0.267197 0.359925
v 0.574323 0.161009 0.371513
v 0.548203 0.144703 0.340075
v 0.595704 0.183168 0.340075
v 0.476512 0.157790 0.359765
v 0.459206 0.176014 0.340075
v 0.498618 0.145900 0.359925
v 0.491483 0.281847 0.392069
v 0.572111 0.272338 0.392069
v 0.577269 0.173667 0.388721
v 0.540467 0.154241 0.392069
v 0.495735 0.157322 0.388721
v 0.457525 0.208104 0.392069
v 0.522532 0.273527 0.411935
v 0.467789 0.225656 0.406788
v 0.494204 0.229925 0.424202
v 0.555262 0.233125 0.424203
v 0.545482 0.196625 0.424203
v 0.569362 0.184552 0.406788
v 0.507747 0.194647 0.424203
v 0.481969 0.171820 0.396801
v 0.484710 0.199058 0.416325
v 0.527126 0.185878 0.421554
v 0.528127 0.166776 0.409469
v 0.559811 0.212346 0.421554
v 0.581979 0.231641 0.406788
v 0.544739 0.251610 0.421554
v 0.555157 0.267652 0.409469
v 0.501416 0.261403 0.416325
v 0.481380 0.255132 0.407889
v 0.452672 0.193744 0.372513
v 0.450567 0.192936 0.350000
v 0.529322 0.143967 0.372513
v 0.529440 0.141715 0.350000
v 0.594535 0.195827 0.383029
v 0.602527 0.200900 0.350000
v 0.603171 0.225962 0.371290
v 0.567596 0.286808 0.372513
v 0.568824 0.288699 0.350000
v 0.469926 0.279568 0.361420
v 0.473082 0.165132 0.327888
v 0.505319 0.146155 0.328710
v 0.575599 0.159434 0.350000
v 0.574180 0.161186 0.327487
v 0.599940 0.250275 0.350000
v 0.597834 0.249467 0.327487
v 0.521066 0.301496 0.350000
v 0.521184 0.299244 0.327487
v 0.447979 0.242311 0.350000
v 0.447335 0.217249 0.328710
v 0.494770 0.186637 0.283675
v 0.506925 0.169520 0.292111
v 0.547768 0.193802 0.278446
v 0.577044 0.196381 0.293212
v 0.580012 0.228704 0.292111
v 0.565796 0.244153 0.283675
v 0.481145 0.258659 0.293212
v 0.490696 0.230865 0.278446
v 0.516338 0.267131 0.283675
vn -0.0712 -0.8778 -0.4737
vn -0.8512 -0.2309 -0.4712
vn 0.0809 0.8743 0.4786
vn 0.8521 0.2184 0.4756
vn -0.8083 0.3545 0.4700
vn -0.0123 0.1228 0.9924
vn 0.2706 0.6645 -0.6965
vn 0.1904 0.3123 -0.9307
vn -0.2313 0.2844 -0.9304
vn -0.2006 0.8205 -0.5353
vn 0.3501 0.8074 -0.4749
vn -0.8217 0.2202 -0.5257
vn -0.6217 0.6256 -0.4712
vn -0.3533 -0.1355 -0.9257
vn -0.6952 -0.1171 -0.7093
vn 0.3828 -0.0860 -0.9198
vn 0.7254 0.4503 -0.5206
vn 0.8752 -0.1046 -0.4723
vn 0.0323 -0.6115 -0.7906
vn -0.0035 -0.1303 -0.9915
vn 0.6518 -0.5466 -0.5257
vn 0.3101 -0.7297 -0.6095
vn -0.5830 -0.6202 -0.5249
vn -0.8744 0.4645 0.1401
vn -0.8139 0.5214 -0.2563
vn -0.9886 0.0278 0.1481
vn 0.1858 0.9765 0.1091
vn -0.4410 0.8857 -0.1453
vn -0.3164 0.9117 0.2620
vn 0.9905 -0.0229 -0.1354
vn 0.5348 0.8053 -0.2559
vn 0.8178 0.5626 0.1211
vn 0.5981 -0.7600 0.2543
vn 0.2861 -0.9497 -0.1277
vn 0.8718 -0.4755 -0.1179
vn -0.6225 -0.7727 0.1243
vn -0.8248 -0.5500 -0.1315
vn -0.3214 -0.9401 0.1134
vn -0.4289 0.7343 0.5261
vn 0.5930 0.6083 0.5276
vn 0.6370 -0.6067 0.4756
vn 0.2091 -0.8301 0.5170
vn -0.3330 -0.8021 0.4958
vn -0.8375 -0.1691 0.5197
vn -0.0261 0.6418 0.7665
vn -0.7111 0.0629 0.7003
vn -0.3736 0.1015 0.9220
vn 0.3750 0.1437 0.9158
vn 0.2355 -0.3049 0.9228
vn 0.5395 -0.4457 0.7144
vn -0.2062 -0.3380 0.9183
vn -0.5478 -0.5980 0.5851
vn -0.5133 -0.2938 0.8063
vn 0.0232 -0.4429 0.8963
vn 0.0185 -0.6802 0.7328
vn 0.4661 -0.1249 0.8759
vn 0.6978 0.1116 0.7075
vn 0.2085 0.3846 0.8992
vn 0.3795 0.5714 0.7276
vn -0.2817 0.4803 0.8306
vn -0.5712 0.4210 0.7046
vn -0.8795 -0.3796 0.2869
vn -0.9400 -0.3401 -0.0275
vn 0.0650 -0.9559 0.2863
vn 0.0329 -0.9991 -0.0275
vn 0.8559 -0.3155 0.4098
vn 0.9618 -0.2725 0.0280
vn 0.9641 0.0577 0.2592
vn 0.5076 0.8112 0.2903
vn 0.5446 0.8386 -0.0158
vn -0.6798 0.7177 0.1508
vn -0.6248 -0.7334 -0.2679
vn -0.2619 -0.9289 -0.2618
vn 0.6292 -0.7770 0.0158
vn 0.5903 -0.7570 -0.2803
vn 0.9400 0.3401 0.0275
vn 0.8890 0.3572 -0.2863
vn -0.0717 0.9970 0.0275
vn -0.0100 0.9591 -0.2828
vn -0.9652 0.2586 -0.0399
vn -0.9656 -0.0411 -0.2568
vn -0.3705 -0.4331 -0.8217
vn -0.2496 -0.6696 -0.6996
vn 0.2679 -0.3903 -0.8808
vn 0.6348 -0.3159 -0.7052
vn 0.7052 0.0790 -0.7046
vn 0.5074 0.2926 -0.8105
vn -0.5435 0.4490 -0.7093
vn -0.4661 0.1249 -0.8759
vn -0.1142 0.5818 -0.8053
vt 0.181819 0.000000
vt 0.216300 0.059724
vt 0.147338 0.059724
vt 0.909091 0.000000
vt 0.943572 0.059724
vt 0.874610 0.059724
vt 0.612337 0.157461
vt 0.693564 0.137117
vt 0.670845 0.217185
vt 0.430519 0.157461
vt 0.523508 0.157461
vt 0.489027 0.217185
vt 0.296755 0.157461
vt 0.318946 0.196826
vt 0.238247 0.217185
vt 0.842209 0.157461
vt 0.852663 0.217185
vt 0.783701 0.217185
vt 0.590146 0.196826
vt 0.408328 0.196826
vt 0.157792 0.314921
vt 0.250781 0.314921
vt 0.216300 0.374645
vt 0.000000 0.314921
vt 0.068963 0.314921
vt 0.022727 0.354286
vt 0.339609 0.314921
vt 0.432600 0.314921
vt 0.409855 0.354286
vt 0.420065 0.412658
vt 0.489027 0.412658
vt 0.454546 0.472382
vt 0.465910 0.373969
vt 0.511364 0.334604
vt 0.601883 0.412658
vt 0.670845 0.412658
vt 0.636364 0.472382
vt 0.568182 0.354286
vt 0.636364 0.354286
vt 0.636364 0.393651
vt 0.704546 0.354286
vt 0.569482 0.314921
vt 0.658310 0.314921
vt 0.751300 0.314921
vt 0.783701 0.412658
vt 0.852663 0.412658
vt 0.818182 0.472382
vt 0.818182 0.393651
vt 0.773491 0.354286
vt 0.862873 0.354286
vt 0.806809 0.295223
vt 0.885064 0.314921
vt 0.090910 0.354286
vt 0.056428 0.412658
vt 0.090910 0.393651
vt 0.102924 0.451573
vt 0.147338 0.374645
vt 0.261364 0.373969
vt 0.260714 0.451573
vt 0.307209 0.412658
vt 0.295455 0.354286
vt 0.340910 0.354286
vt 0.398118 0.255197
vt 0.454546 0.236191
vt 0.454546 0.275556
vt 0.534473 0.255212
vt 0.636364 0.236191
vt 0.579936 0.255197
vt 0.636364 0.275556
vt 0.727273 0.275556
vt 0.818182 0.236191
vt 0.862873 0.275556
vt 0.034482 0.255197
vt 0.090910 0.196826
vt 0.090910 0.236191
vt 0.090910 0.275556
vt 0.147338 0.255197
vt 0.228037 0.275556
vt 0.284092 0.255874
vt 0.329156 0.255197
vt 0.522728 0.196826
vt 0.727273 0.236191
vt 0.727273 0.196826
vt 0.749220 0.157461
vt 0.943572 0.255197
vt 0.909091 0.236191
vt 0.909091 0.196826
vt 0.977273 0.196826
vt 0.931038 0.157461
vt 1.000000 0.157461
vt 0.181819 0.196826
vt 0.181819 0.236191
vt 0.114937 0.157461
vt 0.203766 0.157461
vt 0.363637 0.236191
vt 0.363637 0.157461
vt 0.477273 0.118096
vt 0.510974 0.059724
vt 0.534091 0.098413
vt 0.568182 0.118096
vt 0.557469 0.020809
vt 0.601883 0.097737
vt 0.670845 0.097737
vt 0.715259 0.020809
vt 0.727273 0.078731
vt 0.771964 0.118096
vt 0.761754 0.059724
vt 0.886364 0.118096
vt 0.840909 0.118096
vt 0.920455 0.098413
vt 0.977273 0.118096
vt 0.408328 0.118096
vt 0.318946 0.118096
vt 0.363637 0.078730
vt 0.398118 0.059724
vt 0.329156 0.059724
vt 0.363637 0.000000
vt 0.137128 0.118096
vt 0.193183 0.098413
vt 0.250001 0.118096
s 1
g Icosphere.004_Mat_Bau_Ouro_10.005
usemtl Mat_Bau_Ouro_10.005
f 747/1067/747 736/1068/736 735/1069/735
f 747/1070/747 735/1071/735 743/1072/743
f 728/1073/728 749/1074/749 761/1075/761
f 729/1076/729 750/1077/750 764/1078/764
f 740/1079/740 752/1080/752 755/1081/755
f 745/1082/745 757/1083/757 762/1084/762
f 728/1073/728 761/1075/761 800/1085/800
f 729/1076/729 764/1078/764 808/1086/808
f 730/1087/730 766/1088/766 772/1089/772
f 731/1090/731 767/1091/767 784/1092/784
f 732/1093/732 771/1094/771 773/1095/773
f 774/1096/774 778/1097/778 733/1098/733
f 774/1096/774 780/1099/780 778/1097/778
f 774/1096/774 773/1095/773 780/1099/780
f 780/1099/780 779/1100/779 778/1097/778
f 773/1095/773 771/1094/771 780/1099/780
f 771/1094/771 779/1100/779 780/1099/780
f 778/1101/778 776/1102/776 733/1103/733
f 779/1104/779 782/1105/782 778/1101/778
f 778/1101/778 781/1106/781 776/1102/776
f 778/1101/778 782/1105/782 781/1106/781
f 781/1106/781 782/1105/782 776/1102/776
f 782/1105/782 777/1107/777 776/1102/776
f 779/1104/779 770/1108/770 782/1105/782
f 770/1108/770 769/1109/769 782/1105/782
f 782/1105/782 769/1109/769 777/1107/777
f 769/1109/769 768/1110/768 777/1107/777
f 776/1111/776 775/1112/775 733/1113/733
f 776/1111/776 783/1114/783 775/1112/775
f 776/1111/776 777/1115/777 783/1114/783
f 777/1115/777 784/1116/784 783/1114/783
f 783/1114/783 784/1116/784 775/1112/775
f 768/1110/768 793/1117/793 777/1115/777
f 777/1115/777 793/1117/793 784/1116/784
f 793/1117/793 731/1118/731 784/1116/784
f 784/1092/784 786/1119/786 775/1120/775
f 775/1120/775 785/1121/785 733/1122/733
f 785/1121/785 772/1123/772 733/1122/733
f 775/1120/775 786/1119/786 785/1121/785
f 785/1121/785 786/1119/786 772/1123/772
f 784/1092/784 767/1091/767 786/1119/786
f 767/1091/767 730/1087/730 786/1119/786
f 786/1119/786 730/1087/730 772/1123/772
f 772/1089/772 787/1124/787 733/1125/733
f 733/1125/733 787/1124/787 774/1126/774
f 787/1124/787 788/1127/788 774/1126/774
f 788/1127/788 773/1128/773 774/1126/774
f 772/1089/772 766/1088/766 787/1124/787
f 787/1124/787 766/1088/766 788/1127/788
f 766/1088/766 732/1093/732 788/1127/788
f 788/1127/788 732/1093/732 773/1128/773
f 753/1129/753 771/1094/771 732/1093/732
f 808/1086/808 790/1130/790 753/1129/753
f 753/1129/753 789/1131/789 771/1094/771
f 753/1129/753 790/1130/790 789/1131/789
f 789/1131/789 779/1100/779 771/1094/771
f 808/1086/808 764/1078/764 790/1130/790
f 790/1130/790 764/1078/764 789/1131/789
f 764/1078/764 763/1132/763 789/1131/789
f 789/1131/789 763/1132/763 779/1100/779
f 763/1132/763 770/1108/770 779/1100/779
f 800/1085/800 792/1133/792 765/1134/765
f 765/1134/765 791/1135/791 770/1108/770
f 791/1135/791 769/1109/769 770/1108/770
f 765/1134/765 792/1133/792 791/1135/791
f 800/1085/800 761/1075/761 792/1133/792
f 792/1133/792 761/1075/761 791/1135/791
f 761/1075/761 760/1136/760 791/1135/791
f 791/1135/791 760/1136/760 769/1109/769
f 760/1136/760 768/1110/768 769/1109/769
f 762/1084/762 793/1117/793 760/1136/760
f 760/1136/760 793/1117/793 768/1110/768
f 762/1084/762 794/1137/794 793/1117/793
f 794/1137/794 795/1138/795 793/1117/793
f 795/1138/795 731/1118/731 793/1117/793
f 762/1084/762 757/1083/757 794/1137/794
f 794/1137/794 757/1083/757 795/1138/795
f 759/1139/759 767/1091/767 731/1090/731
f 758/1140/758 797/1141/797 759/1139/759
f 759/1139/759 796/1142/796 767/1091/767
f 759/1139/759 797/1141/797 796/1142/796
f 796/1142/796 730/1087/730 767/1091/767
f 758/1140/758 754/1143/754 797/1141/797
f 797/1141/797 754/1143/754 796/1142/796
f 796/1142/796 754/1143/754 730/1087/730
f 756/1144/756 766/1088/766 730/1087/730
f 755/1081/755 798/1145/798 756/1144/756
f 756/1144/756 798/1145/798 766/1088/766
f 798/1145/798 732/1093/732 766/1088/766
f 755/1081/755 752/1080/752 798/1145/798
f 752/1080/752 751/1146/751 798/1145/798
f 798/1145/798 751/1146/751 732/1093/732
f 763/1132/763 765/1134/765 770/1108/770
f 764/1078/764 799/1147/799 763/1132/763
f 799/1147/799 800/1085/800 763/1132/763
f 763/1132/763 800/1085/800 765/1134/765
f 764/1078/764 750/1077/750 799/1147/799
f 799/1147/799 750/1077/750 800/1085/800
f 750/1077/750 728/1073/728 800/1085/800
f 761/1075/761 801/1148/801 760/1136/760
f 801/1148/801 762/1084/762 760/1136/760
f 761/1075/761 802/1149/802 801/1148/801
f 801/1148/801 802/1149/802 762/1084/762
f 761/1075/761 749/1074/749 802/1149/802
f 749/1074/749 748/1150/748 802/1149/802
f 802/1149/802 748/1150/748 762/1084/762
f 748/1150/748 745/1082/745 762/1084/762
f 795/1138/795 759/1151/759 731/1118/731
f 757/1083/757 803/1152/803 795/1138/795
f 795/1138/795 803/1152/803 759/1151/759
f 757/1083/757 804/1153/804 803/1152/803
f 803/1152/803 804/1153/804 759/1151/759
f 804/1153/804 758/1154/758 759/1151/759
f 757/1083/757 745/1082/745 804/1153/804
f 745/1082/745 744/1155/744 804/1153/804
f 804/1153/804 744/1155/744 758/1154/758
f 744/1155/744 738/1156/738 758/1154/758
f 754/1143/754 756/1144/756 730/1087/730
f 758/1140/758 806/1157/806 754/1143/754
f 754/1143/754 805/1158/805 756/1144/756
f 805/1158/805 755/1081/755 756/1144/756
f 754/1143/754 806/1157/806 805/1158/805
f 805/1158/805 806/1157/806 755/1081/755
f 758/1140/758 738/1159/738 806/1157/806
f 738/1159/738 737/1160/737 806/1157/806
f 806/1157/806 737/1160/737 755/1081/755
f 737/1160/737 740/1079/740 755/1081/755
f 751/1146/751 753/1129/753 732/1093/732
f 751/1146/751 807/1161/807 753/1129/753
f 751/1146/751 752/1080/752 807/1161/807
f 752/1080/752 808/1086/808 807/1161/807
f 807/1161/807 808/1086/808 753/1129/753
f 740/1079/740 739/1162/739 752/1080/752
f 752/1080/752 739/1162/739 808/1086/808
f 739/1162/739 729/1076/729 808/1086/808
f 742/1163/742 750/1077/750 729/1076/729
f 741/1164/741 809/1165/809 742/1163/742
f 742/1163/742 809/1165/809 750/1077/750
f 809/1165/809 810/1166/810 750/1077/750
f 810/1166/810 728/1073/728 750/1077/750
f 741/1164/741 747/1167/747 809/1165/809
f 747/1167/747 746/1168/746 809/1165/809
f 809/1165/809 746/1168/746 810/1166/810
f 810/1166/810 746/1168/746 728/1073/728
f 746/1169/746 749/1074/749 728/1073/728
f 747/1170/747 811/1171/811 746/1169/746
f 746/1169/746 811/1171/811 749/1074/749
f 811/1171/811 812/1172/812 749/1074/749
f 749/1074/749 812/1172/812 748/1150/748
f 747/1170/747 743/1173/743 811/1171/811
f 811/1171/811 743/1173/743 812/1172/812
f 812/1172/812 745/1082/745 748/1150/748
f 743/1072/743 813/1174/813 812/1175/812
f 812/1175/812 813/1174/813 745/1082/745
f 813/1174/813 744/1155/744 745/1082/745
f 743/1072/743 814/1176/814 813/1174/813
f 813/1174/813 814/1176/814 744/1155/744
f 743/1072/743 735/1071/735 814/1176/814
f 735/1071/735 734/1177/734 814/1176/814
f 814/1176/814 734/1177/734 744/1155/744
f 734/1177/734 738/1156/738 744/1155/744
f 739/1162/739 742/1178/742 729/1076/729
f 740/1079/740 815/1179/815 739/1162/739
f 739/1162/739 815/1179/815 742/1178/742
f 815/1179/815 816/1180/816 742/1178/742
f 742/1178/742 816/1180/816 741/1181/741
f 815/1179/815 736/1182/736 816/1180/816
f 816/1180/816 736/1182/736 741/1181/741
f 736/1182/736 747/1183/747 741/1181/741
f 734/1184/734 737/1160/737 738/1159/738
f 735/1069/735 817/1185/817 734/1184/734
f 734/1184/734 817/1185/817 737/1160/737
f 735/1069/735 736/1068/736 817/1185/817
f 736/1068/736 815/1186/815 817/1185/817
f 817/1185/817 815/1186/815 737/1160/737
f 815/1186/815 740/1079/740 737/1160/737
o Icosphere.005
v -0.390368 0.434835 0.246119
v -0.445001 0.482892 0.246119
v -0.378855 0.558088 0.313881
v -0.324223 0.510031 0.313881
v -0.441443 0.520979 0.313881
v -0.389750 0.488548 0.349927
v -0.359834 0.534616 0.225807
v -0.379473 0.504374 0.210073
v -0.402312 0.518319 0.215073
v -0.397924 0.555405 0.243189
v -0.358783 0.552710 0.246119
v -0.430126 0.538407 0.246119
v -0.410870 0.486382 0.215073
v -0.434247 0.487681 0.230310
v -0.340668 0.484687 0.225807
v -0.332666 0.527336 0.243189
v -0.323135 0.489279 0.246119
v -0.373593 0.439798 0.239049
v -0.383140 0.468374 0.215073
v -0.339196 0.456599 0.243190
v -0.425612 0.452070 0.243189
v -0.446256 0.530094 0.288684
v -0.454814 0.498157 0.288684
v -0.371674 0.565482 0.288684
v -0.427548 0.549483 0.261176
v -0.404693 0.563751 0.288684
v -0.314410 0.494766 0.271316
v -0.347453 0.553681 0.261176
v -0.326821 0.536354 0.288684
v -0.354509 0.433018 0.288684
v -0.322967 0.462829 0.271316
v -0.327474 0.459071 0.298628
v -0.442403 0.456569 0.271316
v -0.381041 0.428329 0.261176
v -0.407917 0.430219 0.288684
v -0.414160 0.549173 0.316811
v -0.343611 0.540852 0.316811
v -0.327095 0.481050 0.316802
v -0.339098 0.454515 0.313881
v -0.371300 0.437517 0.316811
v -0.410440 0.440213 0.313881
v -0.430376 0.449870 0.307276
v -0.443874 0.484648 0.316810
v -0.386084 0.524549 0.344927
v -0.428555 0.508236 0.334193
v -0.403682 0.511499 0.346483
v -0.358354 0.506541 0.344927
v -0.366911 0.474603 0.344927
v -0.346017 0.464039 0.329690
v -0.409389 0.458307 0.334193
v -0.420087 0.476733 0.338034
v -0.432525 0.490250 0.330653
v -0.382973 0.465200 0.342610
v -0.382097 0.448486 0.332036
v -0.354374 0.488359 0.342610
v -0.334976 0.505242 0.329690
v -0.357938 0.527059 0.338034
v -0.377624 0.546381 0.329690
v -0.414845 0.533796 0.332036
v -0.448120 0.472083 0.299699
v -0.449962 0.471376 0.280000
v -0.381051 0.428528 0.299699
v -0.380948 0.426557 0.280000
v -0.316997 0.478344 0.280000
v -0.316433 0.500274 0.298628
v -0.347561 0.553513 0.299699
v -0.346487 0.555168 0.280000
v -0.427422 0.549328 0.299699
v -0.428664 0.550861 0.280000
v -0.422736 0.437754 0.280000
v -0.421662 0.439409 0.260301
v -0.340559 0.442061 0.280000
v -0.341801 0.443595 0.260301
v -0.319261 0.521547 0.280000
v -0.321103 0.520840 0.260301
v -0.388275 0.566365 0.280000
v -0.388172 0.564395 0.260301
v -0.452226 0.514579 0.280000
v -0.445234 0.519017 0.251100
v -0.452790 0.492649 0.261372
v -0.411285 0.465863 0.221966
v -0.400649 0.450886 0.229347
v -0.354378 0.459126 0.227964
v -0.365541 0.481423 0.213517
v -0.336698 0.502672 0.229347
v -0.349137 0.516190 0.221966
v -0.423207 0.528883 0.230310
v -0.414850 0.504564 0.217390
v -0.387126 0.544437 0.227964
v -0.386250 0.527723 0.217390
vn -0.1466 -0.8679 -0.4746
vn -0.8521 -0.2184 -0.4756
vn 0.0708 0.8803 0.4691
vn 0.8512 0.2309 0.4712
vn -0.8088 0.3416 0.4787
vn -0.0810 -0.1040 0.9913
vn 0.3435 0.5427 -0.7665
vn 0.0810 0.1040 -0.9913
vn -0.2529 0.3119 -0.9158
vn -0.2091 0.8301 -0.5170
vn 0.3436 0.8046 -0.4843
vn -0.6370 0.6067 -0.4756
vn -0.3425 -0.1307 -0.9304
vn -0.7036 -0.1050 -0.7028
vn 0.6167 -0.1721 -0.7681
vn 0.7313 0.4479 -0.5143
vn 0.8741 -0.1110 -0.4729
vn 0.1902 -0.7849 -0.5897
vn 0.0118 -0.4037 -0.9148
vn 0.6555 -0.5506 -0.5168
vn -0.5881 -0.6098 -0.5312
vn -0.8706 0.4805 0.1051
vn -0.9886 0.0278 0.1481
vn 0.1905 0.9757 0.1079
vn -0.5981 0.7600 -0.2543
vn -0.2862 0.9505 0.1206
vn 0.9905 -0.0229 -0.1354
vn 0.5348 0.8053 -0.2559
vn 0.8178 0.5626 0.1211
vn 0.4270 -0.8961 0.1211
vn 0.8700 -0.4702 -0.1481
vn 0.8157 -0.5184 0.2568
vn -0.8174 -0.5615 -0.1284
vn 0.0617 -0.9682 -0.2425
vn -0.3203 -0.9415 0.1047
vn -0.3952 0.7519 0.5276
vn 0.5839 0.6103 0.5353
vn 0.8217 -0.2202 0.5257
vn 0.6217 -0.6256 0.4712
vn 0.2094 -0.8233 0.5276
vn -0.3411 -0.8048 0.4857
vn -0.6626 -0.6414 0.3866
vn -0.8341 -0.1636 0.5268
vn -0.0148 0.3935 0.9192
vn -0.6222 0.1648 0.7653
vn -0.2763 0.1849 0.9431
vn 0.3425 0.1307 0.9304
vn 0.2529 -0.3119 0.9158
vn 0.5350 -0.4518 0.7139
vn -0.3561 -0.5362 0.7653
vn -0.4977 -0.2793 0.8212
vn -0.6868 -0.0859 0.7218
vn -0.0117 -0.4373 0.8992
vn 0.0429 -0.6846 0.7276
vn 0.4661 -0.1249 0.8759
vn 0.6952 0.1171 0.7093
vn 0.3898 0.4467 0.8053
vn 0.0898 0.7073 0.7012
vn -0.4233 0.5352 0.7310
vn -0.8877 -0.3651 0.2806
vn -0.9400 -0.3401 -0.0275
vn 0.0340 -0.9563 0.2903
vn 0.0523 -0.9985 -0.0158
vn 0.9652 -0.2586 0.0399
vn 0.9656 0.0411 0.2568
vn 0.5076 0.8112 0.2903
vn 0.5446 0.8386 -0.0158
vn -0.6147 0.7335 0.2902
vn -0.6292 0.7770 -0.0158
vn -0.5710 -0.8206 0.0247
vn -0.4882 -0.8256 -0.2828
vn 0.6440 -0.7645 0.0275
vn 0.5684 -0.7721 -0.2843
vn 0.9400 0.3401 0.0275
vn 0.8890 0.3572 -0.2863
vn -0.0523 0.9986 0.0041
vn -0.0411 0.9594 -0.2790
vn -0.9618 0.2725 -0.0280
vn -0.8559 0.3155 -0.4098
vn -0.9641 -0.0577 -0.2592
vn -0.3917 -0.4354 -0.8105
vn -0.2096 -0.6744 -0.7080
vn 0.4074 -0.5406 -0.7361
vn 0.2763 -0.1849 -0.9431
vn 0.7068 0.1049 -0.6996
vn 0.4800 0.2597 -0.8379
vn -0.5395 0.4457 -0.7144
vn -0.4661 0.1249 -0.8759
vn -0.0429 0.6846 -0.7276
vn 0.0117 0.4373 -0.8992
vt 0.727273 0.000000
vt 0.738255 0.059709
vt 0.692792 0.059724
vt 0.545455 0.000000
vt 0.579936 0.059724
vt 0.510974 0.059724
vt 0.612337 0.157461
vt 0.670455 0.137778
vt 0.636364 0.196826
vt 0.430519 0.157461
vt 0.523508 0.157461
vt 0.489027 0.217185
vt 0.842210 0.157461
vt 0.852663 0.217185
vt 0.783701 0.217185
vt 0.408328 0.196826
vt 0.157791 0.314921
vt 0.250781 0.314921
vt 0.204546 0.354286
vt 0.000000 0.314921
vt 0.068963 0.314921
vt 0.022727 0.354286
vt 0.339609 0.314921
vt 0.432599 0.314921
vt 0.398118 0.374645
vt 0.465910 0.373969
vt 0.431819 0.433017
vt 0.466560 0.451573
vt 0.510974 0.374645
vt 0.431819 0.354286
vt 0.511364 0.295238
vt 0.569482 0.314921
vt 0.579936 0.374645
vt 0.636364 0.393651
vt 0.624350 0.451573
vt 0.670845 0.412658
vt 0.636364 0.354286
vt 0.704546 0.354286
vt 0.658311 0.314921
vt 0.751300 0.314921
vt 0.783701 0.412658
vt 0.852663 0.412658
vt 0.818182 0.472382
vt 0.818182 0.393651
vt 0.773491 0.354286
vt 0.862873 0.354286
vt 0.818182 0.314921
vt 0.885064 0.314921
vt 0.056428 0.412658
vt 0.125391 0.412658
vt 0.090910 0.472382
vt 0.079546 0.373969
vt 0.135601 0.354286
vt 0.238247 0.412658
vt 0.283710 0.412673
vt 0.272728 0.472382
vt 0.272728 0.354286
vt 0.329156 0.374645
vt 0.398118 0.255197
vt 0.454546 0.236191
vt 0.454546 0.275556
vt 0.636364 0.236191
vt 0.579936 0.255197
vt 0.636364 0.275556
vt 0.692792 0.255197
vt 0.773491 0.275556
vt 0.818182 0.236191
vt 0.862873 0.275556
vt 0.034482 0.255197
vt 0.090910 0.196826
vt 0.090910 0.236191
vt 0.090910 0.275556
vt 0.147338 0.255197
vt 0.216300 0.255197
vt 0.272728 0.196826
vt 0.272728 0.236191
vt 0.272728 0.275556
vt 0.329156 0.255197
vt 0.545455 0.236191
vt 0.545455 0.196826
vt 0.727273 0.196826
vt 0.727273 0.236191
vt 0.749220 0.157461
vt 0.943572 0.255197
vt 0.909091 0.236191
vt 0.909091 0.196826
vt 0.977273 0.196826
vt 0.931038 0.157461
vt 1.000000 0.157461
vt 0.181819 0.196826
vt 0.181819 0.236191
vt 0.114937 0.157461
vt 0.203766 0.157461
vt 0.296755 0.157461
vt 0.352264 0.177159
vt 0.363637 0.236191
vt 0.477273 0.118096
vt 0.534091 0.098413
vt 0.568182 0.118096
vt 0.613637 0.118096
vt 0.727273 0.118096
vt 0.783701 0.097737
vt 0.886364 0.039365
vt 0.920455 0.098413
vt 0.852663 0.097737
vt 0.886364 0.118096
vt 0.921105 0.020809
vt 0.965519 0.097737
vt 0.408328 0.118096
vt 0.318946 0.118096
vt 0.363637 0.078730
vt 0.398118 0.059724
vt 0.329156 0.059724
vt 0.363637 0.000000
vt 0.169805 0.020809
vt 0.181819 0.078731
vt 0.125391 0.097737
vt 0.181819 0.118096
vt 0.216300 0.059724
vt 0.250001 0.118096
s 1
g Icosphere.005_Mat_Bau_Rubi.002
usemtl Mat_Bau_Rubi.002
f 825/1187/825 901/1188/901 836/1189/836
f 825/1190/825 836/1191/836 830/1192/830
f 818/1193/818 835/1194/835 851/1195/851
f 819/1196/819 838/1197/838 850/1198/850
f 834/1199/834 844/1200/844 848/1201/848
f 819/1196/819 850/1198/850 897/1202/897
f 820/1203/820 853/1204/853 875/1205/875
f 821/1206/821 854/1207/854 873/1208/873
f 822/1209/822 860/1210/860 862/1211/862
f 862/1211/862 868/1212/868 863/1213/863
f 863/1213/863 868/1212/868 823/1214/823
f 868/1212/868 867/1215/867 823/1214/823
f 862/1211/862 869/1216/869 868/1212/868
f 862/1211/862 860/1210/860 869/1216/869
f 869/1216/869 860/1210/860 868/1212/868
f 860/1210/860 859/1217/859 868/1212/868
f 868/1212/868 859/1217/859 867/1215/867
f 859/1217/859 858/1218/858 867/1215/867
f 867/1219/867 870/1220/870 823/1221/823
f 823/1221/823 870/1220/870 865/1222/865
f 867/1219/867 871/1223/871 870/1220/870
f 870/1220/870 871/1223/871 865/1222/865
f 871/1223/871 866/1224/866 865/1222/865
f 867/1219/867 858/1218/858 871/1223/871
f 858/1218/858 857/1225/857 871/1223/871
f 871/1223/871 857/1225/857 866/1224/866
f 857/1225/857 856/1226/856 866/1224/866
f 865/1227/865 864/1228/864 823/1229/823
f 865/1227/865 872/1230/872 864/1228/864
f 865/1227/865 866/1231/866 872/1230/872
f 866/1231/866 873/1232/873 872/1230/872
f 872/1230/872 873/1232/873 864/1228/864
f 856/1226/856 855/1233/855 866/1231/866
f 866/1231/866 855/1233/855 873/1232/873
f 855/1233/855 821/1234/821 873/1232/873
f 864/1235/864 861/1236/861 823/1237/823
f 873/1208/873 874/1238/874 864/1235/864
f 864/1235/864 874/1238/874 861/1236/861
f 874/1238/874 875/1239/875 861/1236/861
f 873/1208/873 854/1207/854 874/1238/874
f 874/1238/874 854/1207/854 875/1239/875
f 854/1207/854 820/1203/820 875/1239/875
f 861/1240/861 863/1241/863 823/1242/823
f 875/1205/875 876/1243/876 861/1240/861
f 861/1240/861 876/1243/876 863/1241/863
f 863/1241/863 876/1243/876 862/1244/862
f 875/1205/875 853/1204/853 876/1243/876
f 853/1204/853 822/1209/822 876/1243/876
f 876/1243/876 822/1209/822 862/1244/862
f 840/1245/840 860/1210/860 822/1209/822
f 897/1202/897 878/1246/878 840/1245/840
f 840/1245/840 877/1247/877 860/1210/860
f 840/1245/840 878/1246/878 877/1247/877
f 877/1247/877 859/1217/859 860/1210/860
f 897/1202/897 850/1198/850 878/1246/878
f 878/1246/878 850/1198/850 877/1247/877
f 850/1198/850 859/1217/859 877/1247/877
f 851/1195/851 880/1248/880 852/1249/852
f 852/1249/852 879/1250/879 858/1218/858
f 879/1250/879 857/1225/857 858/1218/858
f 852/1249/852 880/1248/880 879/1250/879
f 851/1195/851 847/1251/847 880/1248/880
f 880/1248/880 847/1251/847 879/1250/879
f 879/1250/879 847/1251/847 857/1225/857
f 847/1251/847 856/1226/856 857/1225/857
f 849/1252/849 855/1233/855 856/1226/856
f 848/1201/848 881/1253/881 849/1252/849
f 881/1253/881 882/1254/882 849/1252/849
f 849/1252/849 882/1254/882 855/1233/855
f 882/1254/882 821/1234/821 855/1233/855
f 848/1201/848 844/1200/844 881/1253/881
f 881/1253/881 844/1200/844 882/1254/882
f 846/1255/846 854/1207/854 821/1206/821
f 845/1256/845 884/1257/884 846/1255/846
f 846/1255/846 883/1258/883 854/1207/854
f 846/1255/846 884/1257/884 883/1258/883
f 883/1258/883 820/1203/820 854/1207/854
f 845/1256/845 841/1259/841 884/1257/884
f 884/1257/884 841/1259/841 883/1258/883
f 883/1258/883 841/1259/841 820/1203/820
f 843/1260/843 853/1204/853 820/1203/820
f 842/1261/842 886/1262/886 843/1260/843
f 843/1260/843 885/1263/885 853/1204/853
f 843/1260/843 886/1262/886 885/1263/885
f 885/1263/885 822/1209/822 853/1204/853
f 842/1261/842 839/1264/839 886/1262/886
f 886/1262/886 839/1264/839 885/1263/885
f 885/1263/885 839/1264/839 822/1209/822
f 859/1217/859 852/1249/852 858/1218/858
f 850/1198/850 887/1265/887 859/1217/859
f 859/1217/859 887/1265/887 852/1249/852
f 850/1198/850 888/1266/888 887/1265/887
f 887/1265/887 888/1266/888 852/1249/852
f 888/1266/888 851/1195/851 852/1249/852
f 850/1198/850 838/1197/838 888/1266/888
f 838/1197/838 818/1193/818 888/1266/888
f 888/1266/888 818/1193/818 851/1195/851
f 847/1251/847 849/1252/849 856/1226/856
f 851/1195/851 890/1267/890 847/1251/847
f 847/1251/847 889/1268/889 849/1252/849
f 889/1268/889 848/1201/848 849/1252/849
f 847/1251/847 890/1267/890 889/1268/889
f 889/1268/889 890/1267/890 848/1201/848
f 851/1195/851 835/1194/835 890/1267/890
f 835/1194/835 837/1269/837 890/1267/890
f 890/1267/890 837/1269/837 848/1201/848
f 837/1269/837 834/1199/834 848/1201/848
f 882/1254/882 846/1270/846 821/1234/821
f 844/1200/844 891/1271/891 882/1254/882
f 882/1254/882 891/1271/891 846/1270/846
f 844/1200/844 892/1272/892 891/1271/891
f 891/1271/891 892/1272/892 846/1270/846
f 892/1272/892 845/1273/845 846/1270/846
f 844/1200/844 834/1199/834 892/1272/892
f 834/1199/834 833/1274/833 892/1272/892
f 892/1272/892 833/1274/833 845/1273/845
f 833/1274/833 828/1275/828 845/1273/845
f 841/1259/841 843/1260/843 820/1203/820
f 845/1256/845 894/1276/894 841/1259/841
f 841/1259/841 893/1277/893 843/1260/843
f 841/1259/841 894/1276/894 893/1277/893
f 893/1277/893 894/1276/894 843/1260/843
f 894/1276/894 842/1261/842 843/1260/843
f 845/1256/845 828/1278/828 894/1276/894
f 828/1278/828 827/1279/827 894/1276/894
f 894/1276/894 827/1279/827 842/1261/842
f 827/1279/827 829/1280/829 842/1261/842
f 839/1264/839 840/1245/840 822/1209/822
f 842/1261/842 896/1281/896 839/1264/839
f 839/1264/839 895/1282/895 840/1245/840
f 839/1264/839 896/1281/896 895/1282/895
f 896/1281/896 897/1202/897 895/1282/895
f 895/1282/895 897/1202/897 840/1245/840
f 842/1261/842 829/1280/829 896/1281/896
f 896/1281/896 819/1196/819 897/1202/897
f 831/1283/831 838/1197/838 819/1196/819
f 830/1192/830 898/1284/898 831/1283/831
f 831/1283/831 898/1284/898 838/1197/838
f 898/1284/898 899/1285/899 838/1197/838
f 899/1285/899 818/1193/818 838/1197/838
f 830/1192/830 836/1191/836 898/1284/898
f 898/1284/898 836/1191/836 899/1285/899
f 836/1191/836 835/1286/835 899/1285/899
f 899/1285/899 835/1286/835 818/1193/818
f 836/1189/836 900/1287/900 835/1194/835
f 900/1287/900 837/1269/837 835/1194/835
f 836/1189/836 901/1188/901 900/1287/900
f 901/1188/901 832/1288/832 900/1287/900
f 900/1287/900 832/1288/832 837/1269/837
f 832/1288/832 834/1199/834 837/1269/837
f 901/1289/901 903/1290/903 832/1291/832
f 832/1291/832 902/1292/902 834/1199/834
f 902/1292/902 833/1274/833 834/1199/834
f 832/1291/832 903/1290/903 902/1292/902
f 902/1292/902 903/1290/903 833/1274/833
f 901/1289/901 825/1293/825 903/1290/903
f 825/1293/825 824/1294/824 903/1290/903
f 903/1290/903 824/1294/824 833/1274/833
f 824/1294/824 828/1275/828 833/1274/833
f 896/1281/896 831/1295/831 819/1196/819
f 829/1280/829 904/1296/904 896/1281/896
f 896/1281/896 904/1296/904 831/1295/831
f 904/1296/904 905/1297/905 831/1295/831
f 831/1295/831 905/1297/905 830/1298/830
f 904/1296/904 826/1299/826 905/1297/905
f 905/1297/905 826/1299/826 830/1298/830
f 826/1299/826 825/1300/825 830/1298/830
f 825/1301/825 907/1302/907 824/1303/824
f 824/1303/824 906/1304/906 828/1278/828
f 906/1304/906 827/1279/827 828/1278/828
f 824/1303/824 907/1302/907 906/1304/906
f 825/1301/825 826/1305/826 907/1302/907
f 907/1302/907 826/1305/826 906/1304/906
f 826/1305/826 904/1306/904 906/1304/906
f 906/1304/906 904/1306/904 827/1279/827
f 904/1306/904 829/1280/829 827/1279/827
